t_unix,status,q0_deg,cur0_a,temp0_c,q1_deg,cur1_a,temp1_c,q2_deg,cur2_a,temp2_c,q3_deg,cur3_a,temp3_c,q4_deg,cur4_a,temp4_c,q5_deg,cur5_a,temp5_c,q6_deg,cur6_a,temp6_c,q7_deg,cur7_a,temp7_c,q8_deg,cur8_a,temp8_c,q9_deg,cur9_a,temp9_c,q10_deg,cur10_a,temp10_c,q11_deg,cur11_a,temp11_c,q12_deg,cur12_a,temp12_c,q13_deg,cur13_a,temp13_c,q14_deg,cur14_a,temp14_c,q15_deg,cur15_a,temp15_c,q16_deg,cur16_a,temp16_c,q17_deg,cur17_a,temp17_c
1786331238.029,walk vx=0.000 vy=0.000 w=0.00,-0.35,0.019,33,2.9,0.0,33,96.77,0.006,34,0.18,0.006,33,18.28,0.006,36,79.19,0.006,41,-0.18,0.0,33,2.99,0.0,33,96.59,0.006,34,-0.18,0.0,30,18.19,0.006,36,79.37,0.026,33,0.53,0.0,30,3.16,0.0,32,96.77,0.0,31,-0.09,0.006,32,17.84,0.026,66,79.37,0.0,34
1786331238.510,walk vx=0.000 vy=0.000 w=0.00,0.18,0.013,33,2.9,0.0,34,96.77,0.006,34,0.18,0.006,33,18.28,0.006,36,79.19,0.006,41,-0.18,0.0,33,2.99,0.0,33,96.59,0.006,34,-0.18,0.0,30,18.19,0.006,36,79.37,0.026,33,0.53,0.0,30,3.16,0.0,32,96.77,0.0,32,-0.09,0.006,32,17.84,0.026,34,79.37,0.0,34
1786331238.917,walk vx=0.000 vy=0.000 w=0.00,-0.44,0.006,33,2.9,0.0,33,96.77,0.0,34,0.18,0.0,33,18.28,0.0,36,79.19,0.006,41,-0.18,0.0,33,2.99,0.0,33,96.59,0.006,34,-0.18,0.0,30,18.19,0.006,36,79.37,0.019,33,0.53,0.0,30,3.16,0.0,32,96.77,0.0,31,-0.09,0.006,32,17.84,0.019,34,79.37,0.0,35
1786331239.296,walk vx=0.000 vy=0.000 w=0.00,-0.09,0.019,33,2.9,0.0,33,96.77,0.0,34,0.18,0.0,33,18.28,0.006,36,79.19,0.013,41,-0.18,0.0,33,2.99,0.0,33,96.59,0.0,34,-0.18,0.0,30,18.19,0.006,36,79.37,0.026,33,0.53,0.0,30,3.16,0.0,32,96.77,0.0,32,-0.09,0.006,32,17.84,0.019,34,79.37,0.0,34
1786331239.740,walk vx=0.000 vy=0.000 w=0.00,-0.18,0.013,33,2.9,0.0,33,96.77,0.0,34,0.18,0.006,33,18.28,0.006,36,79.19,0.006,41,-0.18,0.0,33,2.99,0.0,33,96.59,0.006,34,-0.18,0.0,30,18.19,0.006,36,79.37,0.019,33,0.53,0.0,30,3.16,0.0,32,96.77,0.0,32,-0.09,0.006,32,17.84,0.019,34,79.37,0.0,35
1786331240.118,walk vx=0.000 vy=0.000 w=0.00,-0.26,0.006,33,2.9,0.0,33,96.77,0.006,34,0.18,0.006,33,18.28,0.0,36,79.19,0.006,41,-0.18,0.0,33,2.99,0.0,33,96.59,0.006,34,-0.18,0.0,30,18.19,0.006,36,79.37,0.019,33,0.53,0.0,30,3.16,0.0,33,96.77,0.0,31,-0.09,0.006,32,17.84,0.019,34,79.37,0.0,34
1786331240.552,walk vx=0.000 vy=0.000 w=0.00,0.18,0.019,33,2.9,0.006,33,96.77,0.0,34,0.18,0.0,33,18.28,0.006,36,79.19,0.006,41,-0.18,0.0,33,2.99,0.0,33,96.59,0.006,34,-0.18,0.0,30,18.19,0.0,36,79.37,0.019,33,0.53,0.0,30,3.16,0.0,32,96.77,0.0,31,-0.09,0.006,32,17.84,0.026,34,79.37,0.0,35
1786331240.959,walk vx=0.000 vy=0.000 w=0.00,-0.7,0.026,33,2.9,0.0,33,96.77,0.0,34,0.18,0.0,32,18.28,0.006,36,79.19,0.006,41,-0.18,0.0,33,2.99,0.0,33,96.59,0.0,34,-0.18,0.0,30,18.19,0.006,36,79.37,0.026,33,0.53,0.0,30,3.16,0.0,32,96.77,0.0,31,-0.09,0.006,32,17.84,0.019,34,79.37,0.0,35
1786331241.403,walk vx=0.000 vy=0.000 w=0.00,-0.53,0.026,33,2.9,0.0,34,96.77,0.0,34,0.18,0.006,33,18.28,0.0,36,79.19,0.006,41,-0.18,0.0,33,2.99,0.0,33,96.59,0.0,34,-0.18,0.0,30,18.19,0.006,36,79.37,0.019,33,0.53,0.0,30,3.16,0.0,32,96.77,0.0,31,-0.09,0.006,32,17.84,0.019,34,79.37,0.0,35
1786331241.776,walk vx=0.000 vy=0.000 w=0.00,-0.7,0.013,33,2.9,0.0,33,96.77,0.006,34,0.18,0.006,33,18.28,0.0,36,79.19,0.006,41,-0.18,0.0,33,2.99,0.0,33,96.59,0.0,34,-0.18,0.0,30,18.19,0.006,36,79.37,0.019,33,0.53,0.0,30,3.16,0.0,33,96.77,0.0,31,-0.09,0.006,32,17.84,0.019,34,79.37,0.0,34
1786331242.165,walk vx=0.000 vy=0.000 w=0.00,0.18,0.013,33,2.9,0.0,33,96.77,0.006,34,0.18,0.006,33,18.28,0.0,36,79.19,0.006,41,-0.18,0.0,33,2.99,0.0,33,96.59,0.006,34,-0.18,0.0,30,18.19,0.006,36,79.37,0.019,33,0.53,0.006,30,3.16,0.0,32,96.77,0.0,31,-0.09,0.006,32,17.84,0.019,34,79.37,0.0,34
1786331242.602,walk vx=0.000 vy=0.000 w=0.00,-0.09,0.013,33,2.9,0.0,33,96.77,0.006,34,0.18,0.0,33,18.28,0.006,36,79.19,0.006,41,-0.18,0.0,33,2.99,0.0,33,96.59,0.006,34,-0.18,0.0,30,18.19,0.006,36,79.37,0.026,33,0.53,0.0,30,3.16,0.0,32,96.77,0.0,31,-0.09,0.0,32,17.84,0.026,34,79.37,0.0,34
1786331243.012,walk vx=0.000 vy=0.000 w=0.00,-0.18,0.013,33,2.9,0.0,33,96.77,0.006,34,0.18,0.006,33,18.28,0.006,36,79.19,0.006,41,-0.18,0.0,33,2.99,0.0,33,96.59,0.0,34,-0.18,0.0,30,18.19,0.006,36,79.37,0.019,33,0.53,0.0,30,3.16,0.0,32,96.77,0.0,31,-0.09,0.006,32,17.84,0.026,34,79.37,0.0,34
1786331243.519,walk vx=0.000 vy=0.000 w=0.00,-0.09,0.006,33,2.9,0.0,34,96.77,0.0,34,0.18,0.0,33,18.28,0.006,36,79.19,0.006,41,-0.18,0.0,33,2.99,0.0,33,96.59,0.006,34,-0.18,0.0,30,18.19,0.0,36,79.37,0.019,33,0.53,0.0,30,3.16,0.0,32,96.77,0.006,31,-0.09,0.006,32,17.84,0.019,34,79.37,0.0,34
1786331243.919,walk vx=0.000 vy=0.000 w=0.00,0.0,0.0,33,2.9,0.0,34,96.77,0.0,34,0.18,0.006,33,18.28,0.006,36,79.19,0.006,41,-0.18,0.0,33,2.99,0.0,33,96.59,0.006,34,-0.18,0.0,30,18.19,0.006,36,79.37,0.026,33,0.53,0.0,30,3.16,0.0,32,96.77,0.0,32,-0.09,0.006,32,17.84,0.019,34,79.37,0.0,35
1786331244.306,walk vx=0.000 vy=0.000 w=0.00,-0.18,0.019,33,2.9,0.0,33,96.77,0.0,34,0.18,0.0,33,18.28,0.0,36,79.19,0.006,41,-0.18,0.0,33,2.99,0.0,33,96.59,0.0,34,-0.18,0.0,30,18.19,0.006,36,79.37,0.026,33,0.53,0.0,30,3.16,0.0,32,96.77,0.0,31,-0.09,0.013,32,17.84,0.019,34,79.37,0.0,35
1786331244.727,walk vx=0.000 vy=0.000 w=0.00,-0.7,0.026,33,2.9,0.0,33,96.77,0.006,34,0.18,0.006,33,18.28,0.006,36,79.19,0.006,41,-0.18,0.0,33,2.99,0.0,32,96.59,0.0,34,-0.18,0.0,30,18.19,0.006,36,79.37,0.019,33,0.53,0.0,30,3.16,0.0,32,96.77,0.0,32,-0.09,0.006,32,17.84,0.026,34,79.37,0.0,35
1786331245.223,walk vx=0.000 vy=0.000 w=0.00,0.18,0.019,33,2.9,0.0,33,96.77,0.006,34,0.18,0.006,33,18.28,0.006,36,79.19,0.006,41,-0.18,0.0,33,2.99,0.0,33,96.59,0.006,34,-0.18,0.0,30,18.19,0.006,36,79.37,0.026,33,0.53,0.0,30,3.16,0.0,32,96.77,0.0,31,-0.09,0.006,32,17.84,0.019,34,79.37,0.0,34
1786331245.627,walk vx=0.000 vy=0.000 w=0.00,-0.7,0.006,33,2.9,0.0,33,96.77,0.0,34,0.18,0.006,33,18.28,0.0,36,79.19,0.006,41,-0.18,0.0,33,2.99,0.0,33,96.59,0.006,34,-0.18,0.0,30,18.19,0.006,36,79.37,0.026,33,0.53,0.0,30,3.16,0.0,32,96.77,0.0,31,-0.09,0.013,32,17.84,0.026,34,79.37,0.0,34
1786331246.055,walk vx=0.000 vy=0.000 w=0.00,-0.53,0.026,33,2.9,0.0,33,96.77,0.006,34,0.18,0.0,33,18.28,0.0,36,79.19,0.006,41,-0.18,0.0,33,2.99,0.0,33,96.59,0.006,34,-0.18,0.0,30,18.19,0.006,36,79.37,0.019,33,0.53,0.0,30,3.16,0.0,32,96.77,0.0,32,-0.09,0.006,32,17.84,0.019,34,79.37,0.0,34
1786331246.479,walk vx=0.000 vy=0.000 w=0.00,-0.62,0.019,33,2.9,0.0,33,96.77,0.006,34,0.18,0.006,33,18.28,0.0,36,79.19,0.006,41,-0.18,0.0,33,2.99,0.0,33,96.59,0.006,34,-0.18,0.0,30,18.19,0.006,36,79.37,0.026,33,0.53,0.0,30,3.16,0.0,32,96.77,0.0,32,-0.09,0.006,32,17.84,0.026,34,79.37,0.0,34
1786331246.973,walk vx=0.000 vy=0.000 w=0.00,-0.7,0.013,33,2.9,0.0,33,96.77,0.006,34,0.18,0.006,33,18.28,0.006,36,79.19,0.006,41,-0.18,0.0,33,2.99,0.0,33,96.59,0.006,34,-0.18,0.0,30,18.19,0.006,36,79.37,0.026,33,0.53,0.0,30,3.16,0.0,32,96.77,0.0,32,-0.09,0.013,32,17.84,0.019,34,79.37,0.0,34
1786331247.359,walk vx=0.000 vy=0.000 w=0.00,0.09,0.006,33,2.9,0.0,34,96.77,0.006,34,0.18,0.006,33,18.28,0.0,36,79.19,0.006,41,-0.18,0.0,33,2.99,0.0,33,96.59,0.006,34,-0.18,0.0,30,18.19,0.006,36,79.37,0.026,33,0.53,0.0,30,3.16,0.0,32,96.77,0.0,31,-0.09,0.006,32,17.84,0.026,34,79.37,0.0,35
1786331247.732,walk vx=0.000 vy=0.000 w=0.00,0.0,0.0,33,2.9,0.0,33,96.77,0.006,34,0.18,0.006,33,18.28,0.006,36,79.19,0.006,41,-0.18,0.0,33,2.99,0.0,33,96.59,0.006,34,-0.18,0.0,30,18.19,0.006,36,79.37,0.019,33,0.53,0.0,30,3.16,0.0,32,96.77,0.0,32,-0.09,0.013,32,17.84,0.019,34,79.37,0.0,35
1786331248.165,walk vx=0.000 vy=0.000 w=0.00,0.09,0.013,33,2.9,0.0,33,96.77,0.006,34,0.18,0.006,33,18.28,0.006,36,79.19,0.006,41,-0.18,0.0,33,2.99,0.0,33,96.59,0.006,34,-0.18,0.0,30,18.19,0.006,36,79.37,0.019,33,0.53,0.0,30,3.16,0.0,32,96.77,0.0,32,-0.09,0.013,32,17.84,0.019,34,79.37,0.0,35
1786331248.638,walk vx=0.000 vy=0.000 w=0.00,-0.62,0.013,33,2.9,0.0,33,96.77,0.0,34,0.18,0.006,33,18.28,0.006,36,79.19,0.006,41,-0.18,0.0,33,2.99,0.0,33,96.59,0.0,34,-0.18,0.0,30,18.19,0.006,36,79.37,0.026,33,0.53,0.0,30,3.16,0.0,32,96.77,0.0,32,-0.09,0.006,32,17.84,0.019,34,79.37,0.0,35
1786331249.076,walk vx=0.000 vy=0.000 w=0.00,-0.18,0.006,33,2.9,0.0,34,96.77,0.0,34,0.18,0.006,33,18.28,0.006,36,79.19,0.006,41,-0.18,0.0,33,2.99,0.0,33,96.59,0.006,34,-0.18,0.0,30,18.19,0.006,36,79.37,0.026,33,0.53,0.0,30,3.16,0.0,32,96.77,0.0,32,-0.09,0.006,32,17.84,0.026,34,79.37,0.0,35
1786331249.516,walk vx=0.000 vy=0.000 w=0.00,0.0,0.0,33,2.9,0.0,33,96.77,0.0,34,0.18,0.0,33,18.28,0.0,36,79.19,0.006,41,-0.18,0.0,33,2.99,0.0,33,96.59,0.006,34,-0.18,0.0,30,18.19,0.0,36,79.37,0.026,33,0.53,0.0,30,3.16,0.0,32,96.77,0.0,31,-0.09,0.013,32,17.84,0.019,34,79.37,0.0,34
1786331249.917,walk vx=0.000 vy=0.000 w=0.00,-0.62,0.013,33,2.9,0.0,33,96.77,0.006,34,0.18,0.006,33,18.28,0.0,36,79.19,0.0,41,-0.18,0.0,33,2.99,0.0,33,96.59,0.006,34,-0.18,0.0,30,18.19,0.006,36,79.37,0.019,33,0.53,0.0,30,3.16,0.0,32,96.77,0.0,32,-0.09,0.006,32,17.84,0.026,34,79.37,0.0,34
1786331250.376,walk vx=0.000 vy=0.000 w=0.00,-0.62,0.019,33,2.9,0.0,34,96.77,0.006,34,0.18,0.006,33,18.28,0.006,36,79.19,0.006,41,-0.18,0.0,33,2.99,0.0,33,96.59,0.006,34,-0.18,0.0,30,18.19,0.006,36,79.37,0.026,33,0.53,0.0,30,3.16,0.0,32,96.77,0.0,31,-0.09,0.006,32,17.84,0.026,34,79.37,0.0,34
1786331250.827,walk vx=0.000 vy=0.000 w=0.00,-0.44,0.006,33,2.9,0.0,34,96.77,0.0,34,0.18,0.006,33,18.28,0.006,36,79.19,0.006,41,-0.18,0.0,33,2.99,0.0,33,96.59,0.006,34,-0.18,0.0,30,18.19,0.006,36,79.37,0.019,33,0.53,0.0,30,3.16,0.0,32,96.77,0.0,32,-0.09,0.013,32,17.84,0.026,34,79.37,0.0,35
1786331251.274,walk vx=0.000 vy=0.000 w=0.00,-0.62,0.006,33,2.9,0.0,33,96.77,0.006,34,0.18,0.0,33,18.28,0.006,36,79.19,0.006,41,-0.18,0.0,33,2.99,0.0,33,96.59,0.006,34,-0.18,0.0,30,18.19,0.006,36,79.37,0.019,33,0.53,0.0,30,3.16,0.0,32,96.77,0.0,32,-0.09,0.006,32,17.84,0.019,34,79.37,0.0,34
1786331251.646,walk vx=0.000 vy=0.000 w=0.00,-0.35,0.0,33,2.9,0.0,33,96.77,0.006,34,0.18,0.006,33,18.28,0.006,36,79.19,0.006,41,-0.18,0.0,33,2.99,0.006,33,96.59,0.006,34,-0.18,0.0,30,18.19,0.006,36,79.37,0.019,34,0.53,0.0,30,3.16,0.0,32,96.77,0.0,32,-0.09,0.006,32,17.84,0.019,34,79.37,0.0,34
1786331252.035,walk vx=0.000 vy=0.000 w=0.00,0.09,0.019,33,2.9,0.0,33,96.77,0.0,34,0.18,0.006,33,18.28,0.006,36,79.19,0.006,41,-0.18,0.0,33,2.99,0.0,33,96.59,0.006,34,-0.18,0.0,30,18.19,0.0,36,79.37,0.026,34,0.53,0.0,30,3.16,0.0,32,96.77,0.0,31,-0.09,0.006,32,17.84,0.019,34,79.37,0.0,34
1786331252.507,walk vx=0.000 vy=0.000 w=0.00,0.0,0.0,33,2.9,0.0,33,96.77,0.006,34,0.18,0.0,33,18.28,0.006,36,79.19,0.006,41,-0.18,0.0,33,2.99,0.0,33,96.59,0.0,34,-0.18,0.0,30,18.19,0.006,36,79.37,0.019,33,0.53,0.0,30,3.16,0.0,32,96.77,0.0,32,-0.09,0.006,32,17.84,0.019,34,79.37,0.0,34
1786331252.915,walk vx=0.000 vy=0.000 w=0.00,-0.7,0.019,33,2.9,0.0,33,96.77,0.006,34,0.18,0.006,33,18.28,0.0,36,79.19,0.006,41,-0.18,0.0,33,2.99,0.0,33,96.59,0.006,34,-0.18,0.0,30,18.19,0.006,36,79.37,0.026,33,0.53,0.0,30,3.16,0.0,32,96.77,0.0,31,-0.09,0.006,32,17.84,0.019,34,79.37,0.0,34
1786331253.372,walk vx=0.000 vy=0.000 w=0.00,-0.09,0.019,33,2.9,0.0,33,96.77,0.0,34,0.18,0.006,33,18.28,0.0,36,79.19,0.006,41,-0.18,0.0,33,2.99,0.0,33,96.59,0.006,34,-0.18,0.0,30,18.19,0.006,36,79.37,0.019,33,0.53,0.0,30,3.16,0.0,32,96.77,0.006,32,-0.09,0.013,32,17.84,0.026,34,79.37,0.0,34
1786331253.776,walk vx=0.000 vy=0.000 w=0.00,0.09,0.013,33,2.9,0.0,33,96.77,0.0,34,0.18,0.0,33,18.28,0.006,36,79.19,0.006,41,-0.18,0.0,33,2.99,0.0,33,96.59,0.0,34,-0.18,0.0,30,18.19,0.006,36,79.37,0.019,33,0.53,0.0,30,3.16,0.0,32,96.77,0.0,31,-0.09,0.006,32,17.84,0.026,34,79.37,0.0,34
1786331254.234,walk vx=0.000 vy=0.000 w=0.00,-0.62,0.019,33,2.9,0.0,33,96.77,0.006,34,0.18,0.006,33,18.28,0.006,36,79.19,0.006,41,-0.18,0.0,33,2.99,0.0,33,96.59,0.0,34,-0.18,0.0,30,18.19,0.006,36,79.37,0.019,33,0.53,0.0,30,3.16,0.0,32,96.77,0.0,31,-0.09,0.006,32,17.84,0.019,34,79.37,0.0,35
1786331254.601,walk vx=0.000 vy=0.000 w=0.00,-0.7,0.026,33,2.9,0.0,33,96.77,0.006,34,0.18,0.006,33,18.28,0.006,36,79.19,0.006,41,-0.18,0.0,33,2.99,0.0,33,96.59,0.006,34,-0.18,0.0,30,18.19,0.006,36,79.37,0.019,33,0.53,0.0,30,3.16,0.0,32,96.77,0.0,31,-0.09,0.006,32,17.84,0.019,34,79.37,0.0,34
1786331255.013,walk vx=0.000 vy=0.000 w=0.00,-0.18,0.0,33,2.9,0.0,34,96.77,0.0,34,0.18,0.006,33,18.28,0.006,36,79.19,0.006,41,-0.18,0.0,33,2.99,0.0,33,96.59,0.006,34,-0.18,0.0,30,18.19,0.0,36,79.37,0.019,33,0.53,0.0,30,3.16,0.0,32,96.77,0.0,31,-0.09,0.006,32,17.84,0.019,34,79.37,0.0,34
1786331255.453,walk vx=0.000 vy=0.000 w=0.00,0.18,0.026,33,2.9,0.0,34,96.77,0.0,34,0.18,0.006,33,18.28,0.006,36,79.19,0.006,41,-0.18,0.0,33,2.99,0.0,33,96.59,0.006,34,-0.18,0.0,30,18.19,0.006,36,79.37,0.019,34,0.53,0.0,30,3.16,0.0,32,96.77,0.0,31,-0.09,0.006,32,17.84,0.019,34,79.37,0.0,35
1786331255.936,walk vx=0.000 vy=0.000 w=0.00,-0.62,0.013,33,2.9,0.0,33,96.77,0.0,34,0.18,0.006,33,18.28,0.006,36,79.19,0.006,41,-0.18,0.0,33,2.99,0.0,33,96.59,0.006,34,-0.18,0.0,30,18.19,0.006,36,79.37,0.019,33,0.53,0.0,30,3.16,0.0,32,96.77,0.0,31,-0.09,0.006,32,17.84,0.019,34,79.37,0.0,34
1786331256.326,walk vx=0.000 vy=0.000 w=0.00,0.09,0.006,33,2.9,0.0,33,96.77,0.0,34,0.18,0.0,33,18.28,0.0,36,79.19,0.006,41,-0.18,0.0,33,2.99,0.0,33,96.59,0.006,34,-0.18,0.0,30,18.19,0.006,36,79.37,0.026,33,0.53,0.0,30,3.16,0.0,32,96.77,0.0,31,-0.09,0.013,32,17.84,0.019,34,79.37,0.0,35
1786331256.710,walk vx=0.000 vy=0.000 w=0.00,-0.62,0.019,33,2.9,0.0,33,96.77,0.006,34,0.18,0.006,33,18.28,0.0,36,79.19,0.006,41,-0.18,0.0,33,2.99,0.0,33,96.59,0.006,34,-0.18,0.0,30,18.19,0.006,36,79.37,0.026,33,0.53,0.0,30,3.16,0.0,32,96.77,0.0,32,-0.09,0.013,32,17.84,0.019,34,79.37,0.0,35
1786331257.109,walk vx=0.000 vy=0.000 w=0.00,0.0,0.013,33,2.9,0.0,33,96.77,0.0,34,0.18,0.006,33,18.28,0.0,36,79.19,0.006,41,-0.18,0.0,33,2.99,0.0,33,96.59,0.0,34,-0.18,0.0,30,18.19,0.006,36,79.37,0.026,34,0.53,0.0,30,3.16,0.0,32,96.77,0.0,31,-0.09,0.006,32,17.84,0.019,34,79.37,0.0,34
1786331257.642,walk vx=0.000 vy=0.000 w=0.00,0.09,0.0,33,2.9,0.0,33,96.77,0.006,34,0.18,0.0,33,18.28,0.006,36,79.19,0.006,41,-0.18,0.0,33,2.99,0.0,33,96.59,0.006,34,-0.18,0.0,30,18.19,0.006,36,79.37,0.019,34,0.53,0.0,30,3.16,0.0,32,96.77,0.0,32,-0.09,0.006,32,17.84,0.019,34,79.37,0.0,35
1786331257.979,walk vx=0.000 vy=0.000 w=0.00,-0.44,0.013,33,2.9,0.0,33,96.77,0.006,34,0.18,0.006,33,18.28,0.006,36,79.19,0.006,41,-0.18,0.0,33,2.99,0.0,33,96.59,0.0,34,-0.18,0.0,30,18.19,0.006,36,79.37,0.019,34,0.53,0.0,30,3.16,0.0,32,96.77,0.0,31,-0.09,0.006,32,17.84,0.026,34,79.37,0.0,35
1786331258.356,walk vx=0.000 vy=0.000 w=0.00,0.0,0.013,33,2.9,0.0,34,96.77,0.0,34,0.18,0.0,33,18.28,0.006,36,79.19,0.006,41,-0.18,0.0,33,2.99,0.0,33,96.59,0.006,34,-0.18,0.0,30,18.19,0.006,36,79.37,0.026,34,0.53,0.0,30,3.16,0.0,32,96.77,0.0,32,-0.09,0.006,32,17.84,0.019,34,79.37,0.0,34
1786331258.893,walk vx=0.000 vy=0.000 w=0.00,0.0,0.019,33,2.9,0.0,34,96.77,0.0,34,0.18,0.006,33,18.28,0.0,36,79.19,0.006,41,-0.18,0.0,33,2.99,0.0,33,96.59,0.0,34,-0.18,0.0,30,18.19,0.006,36,79.37,0.026,33,0.53,0.0,30,3.16,0.0,32,96.77,0.0,31,-0.09,0.006,32,17.84,0.019,34,79.37,0.0,34
1786331259.271,walk vx=0.000 vy=0.000 w=0.00,-0.35,0.006,33,2.9,0.0,33,96.77,0.006,34,0.18,0.006,33,18.28,0.006,36,79.19,0.006,41,-0.18,0.0,33,2.99,0.0,33,96.59,0.006,34,-0.18,0.0,30,18.19,0.0,36,79.37,0.026,33,0.53,0.0,30,3.16,0.0,32,96.77,0.0,31,-0.09,0.006,32,17.84,0.019,34,79.37,0.0,34
1786331259.717,walk vx=0.000 vy=0.000 w=0.00,0.18,0.013,33,2.9,0.0,33,96.77,0.0,34,0.18,0.006,33,18.28,0.0,36,79.19,0.006,41,-0.18,0.0,33,2.99,0.0,33,96.59,0.006,34,-0.18,0.0,30,18.19,0.006,36,79.37,0.019,33,0.53,0.0,30,3.16,0.0,32,96.77,0.0,31,-0.09,0.013,32,17.84,0.019,34,79.37,0.0,34
1786331260.117,walk vx=0.000 vy=0.000 w=0.00,-0.62,0.013,33,2.9,0.0,33,96.77,0.006,34,0.18,0.0,33,18.28,0.006,36,79.19,0.006,41,-0.18,0.0,33,2.99,0.0,33,96.59,0.0,34,-0.18,0.0,30,18.19,0.006,36,79.37,0.019,33,0.53,0.0,30,3.16,0.0,32,96.77,0.0,31,-0.09,0.006,32,17.84,0.019,34,79.37,0.0,35
1786331260.529,walk vx=0.000 vy=0.000 w=0.00,-0.26,0.013,33,2.9,0.0,33,96.77,0.006,34,0.18,0.006,33,18.28,0.006,36,79.19,0.006,41,-0.18,0.0,33,2.99,0.0,33,96.59,0.0,34,-0.18,0.0,30,18.19,0.006,36,79.37,0.019,34,0.53,0.0,30,3.16,0.0,32,96.77,0.0,32,-0.09,0.006,32,17.84,0.019,34,79.37,0.0,34
1786331260.944,walk vx=0.000 vy=0.000 w=0.00,-0.09,0.019,33,2.9,0.0,33,96.77,0.0,34,0.18,0.006,33,18.28,0.0,36,79.19,0.006,41,-0.18,0.0,33,2.99,0.0,33,96.59,0.0,34,-0.18,0.0,30,18.19,0.006,36,79.37,0.026,33,0.53,0.0,30,3.16,0.0,32,96.77,0.0,31,-0.09,0.006,32,17.84,0.019,34,79.37,0.0,35
1786331261.421,walk vx=0.000 vy=0.000 w=0.00,-0.7,0.006,33,2.9,0.0,34,96.77,0.0,34,0.18,0.006,33,18.28,0.0,36,79.19,0.006,41,-0.18,0.0,33,2.99,0.0,33,96.59,0.006,34,-0.18,0.0,30,18.19,0.006,36,79.37,0.026,34,0.53,0.0,30,3.16,0.0,32,96.77,0.0,31,-0.09,0.006,32,17.84,0.026,34,79.37,0.0,35
1786331261.878,walk vx=0.000 vy=0.000 w=0.00,-0.7,0.019,33,2.9,0.0,33,96.77,0.006,34,0.18,0.0,33,18.28,0.0,36,79.19,0.006,41,-0.18,0.0,33,2.99,0.0,33,96.59,0.0,34,-0.18,0.0,30,18.19,0.0,36,79.37,0.026,34,0.53,0.0,30,3.16,0.0,32,96.77,0.0,31,-0.09,0.006,32,17.84,0.026,34,79.37,0.0,35
1786331262.260,walk vx=0.000 vy=0.000 w=0.00,0.09,0.026,33,2.9,0.0,33,96.77,0.006,34,0.18,0.006,33,18.28,0.0,36,79.19,0.0,41,-0.18,0.0,33,2.99,0.0,33,96.59,0.006,34,-0.18,0.0,30,18.19,0.006,36,79.37,0.026,34,0.53,0.0,30,3.16,0.0,32,96.77,0.0,31,-0.09,0.013,32,17.84,0.019,34,79.37,0.0,34
1786331262.667,walk vx=0.000 vy=0.000 w=0.00,-0.62,0.006,33,2.9,0.0,33,96.77,0.0,34,0.18,0.006,33,18.28,0.006,36,79.19,0.006,41,-0.18,0.0,33,2.99,0.0,33,96.59,0.006,34,-0.18,0.0,30,18.19,0.006,36,79.37,0.019,34,0.53,0.0,30,3.16,0.0,32,96.77,0.0,31,-0.09,0.006,32,17.84,0.019,34,79.37,0.0,34
1786331263.119,walk vx=0.000 vy=0.000 w=0.00,-0.18,0.019,33,2.9,0.0,33,96.77,0.006,34,0.18,0.0,33,18.28,0.0,36,79.19,0.006,41,-0.18,0.0,33,2.99,0.0,33,96.59,0.0,34,-0.18,0.0,30,18.19,0.006,36,79.37,0.019,33,0.53,0.0,30,3.16,0.0,32,96.77,0.0,31,-0.09,0.006,32,17.84,0.019,34,79.37,0.0,35
1786331263.553,walk vx=0.000 vy=0.000 w=0.00,0.0,0.019,33,2.9,0.0,34,96.77,0.0,34,0.18,0.006,33,18.28,0.006,36,79.19,0.006,41,-0.18,0.0,33,2.99,0.0,33,96.59,0.006,34,-0.18,0.0,30,18.19,0.006,36,79.37,0.026,34,0.53,0.0,30,3.16,0.0,32,96.77,0.0,32,-0.09,0.013,32,17.84,0.026,34,79.37,0.0,34
1786331263.999,walk vx=0.000 vy=0.000 w=0.00,-0.18,0.013,33,2.9,0.0,33,96.77,0.006,34,0.18,0.006,33,18.28,0.006,36,79.19,0.006,41,-0.18,0.0,33,2.99,0.0,33,96.59,0.006,34,-0.18,0.0,30,18.19,0.006,36,79.37,0.026,33,0.53,0.0,30,3.16,0.0,32,96.77,0.0,31,-0.09,0.006,32,17.84,0.019,34,79.37,0.0,35
1786331264.415,walk vx=0.000 vy=0.000 w=0.00,-0.62,0.006,33,2.9,0.0,33,96.77,0.0,34,0.18,0.0,33,18.28,0.0,36,79.19,0.006,41,-0.18,0.0,33,2.99,0.0,33,96.59,0.006,34,-0.18,0.0,30,18.19,0.0,36,79.37,0.019,34,0.53,0.0,30,3.16,0.0,32,96.77,0.0,31,-0.09,0.006,32,17.84,0.019,34,79.37,0.0,34
1786331264.926,walk vx=0.000 vy=0.000 w=0.00,-0.26,0.013,33,2.9,0.0,33,96.77,0.0,34,0.18,0.0,33,18.28,0.0,36,79.19,0.006,41,-0.18,0.0,33,2.99,0.0,33,96.59,0.0,34,-0.18,0.0,30,18.19,0.006,36,79.37,0.026,34,0.53,0.0,30,3.16,0.0,32,96.77,0.0,31,-0.09,0.013,32,17.84,0.019,34,79.37,0.0,34
1786331265.338,walk vx=0.000 vy=0.000 w=0.00,-0.09,0.019,33,2.9,0.0,34,96.77,0.006,34,0.18,0.006,33,18.28,0.006,36,79.19,0.006,41,-0.18,0.0,33,2.99,0.0,33,96.59,0.006,34,-0.18,0.0,30,18.19,0.006,36,79.37,0.026,34,0.53,0.0,30,3.16,0.0,32,96.77,0.0,31,-0.09,0.006,32,17.84,0.026,34,79.37,0.0,34
1786331265.780,walk vx=0.000 vy=0.000 w=0.00,0.18,0.019,33,2.9,0.0,33,96.77,0.006,34,0.18,0.006,33,18.28,0.006,36,79.19,0.006,41,-0.18,0.0,33,2.99,0.0,33,96.59,0.006,34,-0.18,0.0,30,18.19,0.006,36,79.37,0.026,34,0.53,0.0,30,3.16,0.0,32,96.77,0.0,31,-0.09,0.006,32,17.84,0.019,34,79.37,0.0,34
1786331266.277,walk vx=0.000 vy=0.000 w=0.00,0.09,0.006,33,2.9,0.0,33,96.77,0.006,34,0.18,0.0,33,18.28,0.006,36,79.19,0.006,41,-0.18,0.0,33,2.99,0.0,33,96.59,0.0,34,-0.18,0.0,30,18.19,0.006,36,79.37,0.026,33,0.53,0.0,30,3.16,0.0,32,96.77,0.0,32,-0.09,0.006,32,17.84,0.019,34,79.37,0.0,34
1786331266.690,walk vx=0.000 vy=0.000 w=0.00,0.09,0.019,33,2.9,0.0,34,96.77,0.0,34,0.18,0.006,33,18.28,0.0,36,79.19,0.006,41,-0.18,0.0,33,2.99,0.0,33,96.59,0.006,34,-0.18,0.0,30,18.19,0.006,36,79.37,0.019,33,0.53,0.0,30,3.16,0.0,32,96.77,0.0,31,-0.09,0.013,32,17.84,0.019,34,79.37,0.0,35
1786331267.037,walk vx=0.000 vy=0.000 w=0.00,0.09,0.019,33,2.9,0.0,34,96.77,0.006,34,0.18,0.006,33,18.28,0.006,36,79.19,0.006,41,-0.18,0.0,33,2.99,0.0,33,96.59,0.006,34,-0.18,0.0,30,18.19,0.006,36,79.37,0.026,33,0.53,0.0,30,3.16,0.0,32,96.77,0.0,31,-0.09,0.006,32,17.84,0.026,34,79.37,0.0,34
1786331267.454,walk vx=0.000 vy=0.000 w=0.00,-0.62,0.0,33,2.9,0.0,33,96.77,0.0,34,0.18,0.006,33,18.28,0.0,36,79.19,0.006,41,-0.18,0.0,33,2.99,0.0,33,96.59,0.006,34,-0.18,0.0,30,18.19,0.0,36,79.37,0.019,33,0.53,0.0,30,3.16,0.0,32,96.77,0.0,32,-0.09,0.006,32,17.84,0.026,34,79.37,0.0,34
1786331267.860,walk vx=0.000 vy=0.000 w=0.00,-0.44,0.006,33,2.9,0.0,34,96.77,0.006,34,0.18,0.006,33,18.28,0.006,36,79.19,0.0,41,-0.18,0.0,33,2.99,0.0,33,96.59,0.006,34,-0.18,0.0,30,18.19,0.006,36,79.37,0.019,33,0.53,0.0,30,3.16,0.0,32,96.77,0.0,31,-0.09,0.006,32,17.84,0.026,34,79.37,0.0,35
1786331268.376,walk vx=0.000 vy=0.000 w=0.00,0.09,0.019,33,2.9,0.0,33,96.77,0.0,34,0.18,0.006,33,18.28,0.0,36,79.19,0.006,41,-0.18,0.0,33,2.99,0.0,33,96.59,0.0,34,-0.18,0.0,30,18.19,0.006,36,79.37,0.026,34,0.53,0.0,30,3.16,0.0,32,96.77,0.0,31,-0.09,0.006,32,17.84,0.019,34,79.37,0.0,34
1786331268.752,walk vx=0.000 vy=0.000 w=0.00,0.18,0.019,33,2.9,0.0,33,96.77,0.006,34,0.18,0.006,33,18.28,0.006,36,79.19,0.006,41,-0.18,0.0,33,2.99,0.0,33,96.59,0.006,34,-0.18,0.0,30,18.19,0.006,36,79.37,0.026,33,0.53,0.0,30,3.16,0.0,32,96.77,0.0,32,-0.09,0.006,32,17.84,0.026,35,79.37,0.0,34
1786331269.134,walk vx=0.000 vy=0.000 w=0.00,0.0,0.006,33,2.9,0.0,34,96.77,0.0,34,0.18,0.006,33,18.28,0.0,36,79.19,0.006,41,-0.18,0.0,33,2.99,0.0,33,96.59,0.0,34,-0.18,0.0,30,18.19,0.006,36,79.37,0.026,34,0.53,0.0,30,3.16,0.0,32,96.77,0.0,31,-0.09,0.006,32,17.84,0.026,34,79.37,0.0,34
1786331269.511,walk vx=0.000 vy=0.000 w=0.00,0.09,0.006,33,2.9,0.0,33,96.77,0.006,34,0.18,0.006,33,18.28,0.006,36,79.19,0.006,41,-0.18,0.0,33,2.99,0.0,33,96.59,0.0,34,-0.18,0.0,30,18.19,0.006,36,79.37,0.019,34,0.53,0.0,30,3.16,0.0,32,96.77,0.0,31,-0.09,0.006,32,17.84,0.019,34,79.37,0.0,34
1786331269.959,walk vx=0.000 vy=0.000 w=0.00,0.09,0.006,33,2.9,0.0,34,96.77,0.006,34,0.18,0.0,33,18.28,0.0,36,79.19,0.006,41,-0.18,0.0,33,2.99,0.0,33,96.59,0.006,34,-0.18,0.0,30,18.19,0.006,36,79.37,0.026,34,0.53,0.0,30,3.16,0.0,32,96.77,0.0,31,-0.09,0.006,32,17.84,0.019,34,79.37,0.0,35
1786331270.467,walk vx=0.000 vy=0.000 w=0.00,-0.44,0.006,33,2.9,0.0,33,96.77,0.006,34,0.18,0.006,33,18.28,0.0,36,79.19,0.0,41,-0.18,0.0,33,2.99,0.0,33,96.59,0.0,34,-0.18,0.0,30,18.19,0.006,36,79.37,0.019,34,0.53,0.0,30,3.16,0.0,32,96.77,0.0,32,-0.09,0.006,32,17.84,0.019,34,79.37,0.0,34
1786331270.962,walk vx=0.000 vy=0.000 w=0.00,-0.26,0.0,33,2.9,0.0,34,96.77,0.006,34,0.18,0.006,33,18.28,0.006,36,79.19,0.006,41,-0.18,0.0,33,2.99,0.0,33,96.59,0.006,34,-0.18,0.0,30,18.19,0.006,36,79.37,0.019,34,0.53,0.0,30,3.16,0.0,32,96.77,0.0,31,-0.09,0.006,32,17.84,0.019,34,79.37,0.0,35
1786331271.319,walk vx=0.000 vy=0.000 w=0.00,-0.35,0.013,33,2.9,0.0,33,96.77,0.006,34,0.18,0.006,33,18.28,0.0,36,79.19,0.0,41,-0.18,0.0,33,2.99,0.0,33,96.59,0.006,34,-0.18,0.0,30,18.19,0.006,36,79.37,0.026,34,0.53,0.0,30,3.16,0.0,32,96.77,0.0,31,-0.09,0.006,32,17.84,0.019,34,79.37,0.0,34
1786331271.694,walk vx=0.000 vy=0.000 w=0.00,-0.7,0.013,33,2.9,0.0,33,96.77,0.006,34,0.18,0.006,33,18.28,0.006,36,79.19,0.006,41,-0.18,0.0,33,2.99,0.0,33,96.59,0.006,34,-0.18,0.0,30,18.19,0.006,36,79.37,0.026,34,0.53,0.0,30,3.16,0.0,32,96.77,0.0,31,-0.09,0.013,32,17.84,0.026,34,79.37,0.0,34
1786331272.184,walk vx=0.000 vy=0.000 w=0.00,-0.62,0.019,33,2.9,0.0,33,96.77,0.006,34,0.18,0.006,33,18.28,0.006,36,79.19,0.006,41,-0.18,0.0,33,2.99,0.0,33,96.59,0.0,34,-0.18,0.0,30,18.19,0.006,36,79.37,0.026,34,0.53,0.0,30,3.16,0.0,32,96.77,0.0,31,-0.09,0.013,32,17.84,0.019,34,79.37,0.0,34
1786331272.618,walk vx=0.000 vy=0.000 w=0.00,-0.09,0.013,33,2.9,0.0,33,96.77,0.006,34,0.18,0.006,33,18.28,0.006,36,79.19,0.006,41,-0.18,0.0,33,2.99,0.0,33,96.59,0.0,34,-0.18,0.0,30,18.19,0.006,36,79.37,0.019,34,0.53,0.0,30,3.16,0.0,32,96.77,0.0,31,-0.09,0.006,32,17.84,0.026,34,79.37,0.0,34
1786331273.062,walk vx=0.000 vy=0.000 w=0.00,0.18,0.026,33,2.9,0.0,33,96.77,0.006,34,0.18,0.006,33,18.28,0.006,36,79.19,0.006,41,-0.18,0.0,33,2.99,0.0,33,96.59,0.0,34,-0.18,0.0,30,18.19,0.006,36,79.37,0.026,34,0.53,0.0,30,3.16,0.0,32,96.77,0.0,31,-0.09,0.006,32,17.84,0.019,34,79.37,0.0,35
1786331273.555,walk vx=0.000 vy=0.000 w=0.00,-0.53,0.0,33,2.9,0.0,34,96.77,0.006,34,0.18,0.006,33,18.28,0.0,36,79.19,0.006,41,-0.18,0.0,33,2.99,0.0,33,96.59,0.0,34,-0.18,0.0,30,18.19,0.006,36,79.37,0.026,34,0.53,0.0,30,3.16,0.0,32,96.77,0.0,32,-0.09,0.006,32,17.84,0.019,35,79.37,0.0,34
1786331274.038,walk vx=0.000 vy=0.000 w=0.00,0.09,0.019,33,2.9,0.0,34,96.77,0.006,34,0.18,0.006,33,18.28,0.006,36,79.19,0.0,41,-0.18,0.0,33,2.99,0.0,33,96.59,0.006,34,-0.18,0.0,30,18.19,0.006,36,79.37,0.026,34,0.53,0.0,30,3.16,0.0,32,96.77,0.0,31,-0.09,0.006,32,17.84,0.019,61,79.37,0.0,34
1786331274.460,walk vx=0.000 vy=0.000 w=0.00,-0.18,0.013,33,2.9,0.0,34,96.77,0.006,34,0.18,0.006,33,18.28,0.006,36,79.19,0.006,41,-0.18,0.0,33,2.99,0.0,33,96.59,0.006,34,-0.18,0.0,30,18.19,0.006,36,79.37,0.019,33,0.53,0.0,30,3.16,0.0,32,96.77,0.0,31,-0.09,0.006,32,17.84,0.026,34,79.37,0.0,34
1786331274.897,walk vx=0.000 vy=0.000 w=0.00,-0.7,0.013,33,2.9,0.0,33,96.77,0.006,34,0.18,0.006,33,18.28,0.0,36,79.19,0.006,41,-0.18,0.0,33,2.99,0.0,33,96.59,0.006,34,-0.18,0.0,30,18.19,0.006,36,79.37,0.019,34,0.53,0.0,30,3.16,0.0,32,96.77,0.0,31,-0.09,0.006,32,17.84,0.026,35,79.37,0.0,35
1786331275.309,walk vx=0.000 vy=0.000 w=0.00,0.09,0.006,33,2.9,0.0,33,96.77,0.006,34,0.18,0.006,33,18.28,0.006,36,79.19,0.006,41,-0.18,0.0,33,2.99,0.0,33,96.59,0.006,34,-0.18,0.0,30,18.19,0.006,36,79.37,0.026,34,0.53,0.0,30,3.16,0.0,32,96.77,0.0,31,-0.09,0.006,32,17.84,0.019,34,79.37,0.0,34
1786331275.806,walk vx=0.000 vy=0.000 w=0.00,-0.7,0.019,33,2.9,0.0,33,96.77,0.006,34,0.18,0.006,33,18.28,0.006,36,79.19,0.006,41,-0.18,0.0,33,2.99,0.0,33,96.59,0.006,34,-0.18,0.0,30,18.19,0.006,36,79.37,0.019,34,0.53,0.0,30,3.16,0.0,32,96.77,0.0,31,-0.09,0.006,32,17.84,0.019,34,79.37,0.0,35
1786331276.240,walk vx=0.000 vy=0.000 w=0.00,-0.53,0.026,33,2.9,0.0,33,96.77,0.0,34,0.18,0.0,33,18.28,0.0,36,79.19,0.006,41,-0.18,0.0,33,2.99,0.0,33,96.59,0.006,34,-0.18,0.0,30,18.19,0.006,36,79.37,0.026,34,0.53,0.0,30,3.16,0.0,32,96.77,0.0,31,-0.09,0.006,32,17.84,0.019,34,79.37,0.0,34
1786331276.643,walk vx=0.000 vy=0.000 w=0.00,-0.18,0.013,33,2.9,0.0,33,96.77,0.006,34,0.18,0.006,33,18.28,0.0,36,79.19,0.006,41,-0.18,0.0,33,2.99,0.0,33,96.59,0.0,34,-0.18,0.0,30,18.19,0.006,36,79.37,0.026,34,0.53,0.0,30,3.16,0.0,32,96.77,0.0,31,-0.09,0.006,32,17.84,0.019,34,79.37,0.0,35
1786331277.046,walk vx=0.000 vy=0.000 w=0.00,-0.62,0.013,33,2.9,0.0,34,96.77,0.006,34,0.18,0.006,33,18.28,0.006,36,79.19,0.006,41,-0.18,0.0,33,2.99,0.0,33,96.59,0.0,34,-0.18,0.0,30,18.19,0.006,36,79.37,0.019,34,0.53,0.0,30,3.16,0.0,32,96.77,0.0,31,-0.09,0.006,32,17.84,0.019,34,79.37,0.0,34
1786331277.516,walk vx=0.000 vy=0.000 w=0.00,0.09,0.013,33,2.9,0.0,34,96.77,0.006,34,0.18,0.006,33,18.28,0.006,36,79.19,0.006,41,-0.18,0.0,33,2.99,0.0,33,96.59,0.0,34,-0.18,0.0,30,18.19,0.006,36,79.37,0.026,34,0.53,0.0,30,3.16,0.0,32,96.77,0.0,31,-0.09,0.006,32,17.84,0.019,34,79.37,0.0,35
1786331277.918,walk vx=0.000 vy=0.000 w=0.00,-0.62,0.019,33,2.9,0.0,33,96.77,0.0,34,0.18,0.006,33,18.28,0.006,36,79.19,0.006,41,-0.18,0.0,33,2.99,0.0,33,96.59,0.0,34,-0.18,0.0,30,18.19,0.0,36,79.37,0.026,34,0.53,0.0,30,3.16,0.0,32,96.77,0.0,31,-0.09,0.006,32,17.84,0.019,34,79.37,0.0,34
1786331278.370,walk vx=0.000 vy=0.000 w=0.00,-0.7,0.019,33,2.9,0.0,33,96.77,0.0,34,0.18,0.006,33,18.28,0.006,36,79.19,0.006,41,-0.18,0.0,33,2.99,0.0,33,96.59,0.006,34,-0.18,0.0,30,18.19,0.006,36,79.37,0.019,34,0.53,0.0,30,3.16,0.0,32,96.77,0.0,31,-0.09,0.006,32,17.84,0.019,34,79.37,0.0,35
1786331278.777,walk vx=0.000 vy=0.000 w=0.00,-0.26,0.013,33,2.9,0.0,34,96.77,0.006,34,0.18,0.006,33,18.28,0.0,36,79.19,0.006,41,-0.18,0.0,33,2.99,0.0,33,96.59,0.0,34,-0.18,0.0,30,18.19,0.0,36,79.37,0.026,34,0.53,0.0,30,3.16,0.0,32,96.77,0.0,31,-0.09,0.006,32,17.84,0.019,34,79.37,0.0,34
1786331279.247,walk vx=0.000 vy=0.000 w=0.00,-0.09,0.006,33,2.9,0.0,34,96.77,0.0,34,0.18,0.006,33,18.28,0.006,36,79.19,0.006,41,-0.18,0.0,33,2.99,0.0,33,96.59,0.0,34,-0.18,0.0,30,18.19,0.0,36,79.37,0.019,34,0.53,0.0,30,3.16,0.0,32,96.77,0.0,31,-0.09,0.006,32,17.84,0.019,34,79.37,0.0,35
1786331279.634,walk vx=0.000 vy=0.000 w=0.00,-0.53,0.013,33,2.9,0.0,33,96.77,0.006,34,0.18,0.006,33,18.28,0.0,36,79.19,0.006,41,-0.18,0.0,33,2.99,0.0,33,96.59,0.006,34,-0.18,0.0,30,18.19,0.006,36,79.37,0.019,34,0.53,0.0,30,3.16,0.0,32,96.77,0.0,31,-0.09,0.006,32,17.84,0.019,34,79.37,0.0,35
1786331280.015,walk vx=0.000 vy=0.000 w=0.00,0.09,0.013,33,2.9,0.0,33,96.77,0.006,34,0.18,0.0,33,18.28,0.006,36,79.19,0.006,41,-0.18,0.0,33,2.99,0.0,33,96.59,0.006,34,-0.18,0.0,30,18.19,0.006,36,79.37,0.019,34,0.53,0.0,30,3.16,0.0,32,96.77,0.0,31,-0.09,0.006,32,17.84,0.019,34,79.37,0.0,34
1786331280.418,walk vx=0.000 vy=0.000 w=0.00,-0.62,0.013,33,2.9,0.0,34,96.77,0.0,34,0.18,0.006,33,18.28,0.006,36,79.19,0.006,41,-0.18,0.0,33,2.99,0.0,33,96.59,0.006,34,-0.18,0.0,30,18.19,0.006,36,79.37,0.026,34,0.53,0.0,30,3.16,0.0,32,96.77,0.0,31,-0.09,0.006,32,17.84,0.019,34,79.37,0.0,34
1786331280.828,walk vx=0.000 vy=0.000 w=0.00,-0.7,0.019,33,2.9,0.0,33,96.77,0.0,34,0.18,0.0,33,18.28,0.006,36,79.19,0.006,41,-0.18,0.0,33,2.99,0.0,33,96.59,0.006,34,-0.18,0.0,30,18.19,0.006,36,79.37,0.026,34,0.53,0.0,30,3.16,0.0,32,96.77,0.0,32,-0.09,0.006,32,17.84,0.019,34,79.37,0.0,34
1786331281.326,walk vx=0.000 vy=0.000 w=0.00,0.0,0.013,33,2.9,0.0,33,96.77,0.0,34,0.18,0.006,33,18.28,0.006,36,79.19,0.0,41,-0.18,0.0,33,2.99,0.0,33,96.59,0.006,34,-0.18,0.0,30,18.19,0.006,36,79.37,0.026,34,0.53,0.0,30,3.16,0.0,32,96.77,0.0,32,-0.09,0.006,32,17.84,0.026,34,79.37,0.0,34
1786331281.698,walk vx=0.000 vy=0.000 w=0.00,0.18,0.019,33,2.9,0.0,33,96.77,0.006,34,0.18,0.006,33,18.28,0.0,36,79.19,0.006,41,-0.18,0.0,33,2.99,0.0,33,96.59,0.0,34,-0.18,0.0,30,18.19,0.006,36,79.37,0.026,34,0.53,0.0,30,3.16,0.0,32,96.77,0.0,31,-0.09,0.006,32,17.84,0.019,34,79.37,0.0,35
1786331282.100,walk vx=0.000 vy=0.000 w=0.00,-0.62,0.006,33,2.9,0.0,34,96.77,0.0,34,0.18,0.006,33,18.28,0.006,36,79.19,0.006,41,-0.18,0.0,33,2.99,0.0,33,96.59,0.0,34,-0.18,0.0,30,18.19,0.006,36,79.37,0.026,34,0.53,0.0,30,3.16,0.0,32,96.77,0.0,31,-0.09,0.006,32,17.84,0.019,34,79.37,0.0,35
1786331282.517,walk vx=0.000 vy=0.000 w=0.00,-0.09,0.0,33,2.9,0.0,33,96.77,0.006,34,0.18,0.0,33,18.28,0.006,36,79.19,0.006,41,-0.18,0.0,33,2.99,0.0,33,96.59,0.006,34,-0.18,0.0,30,18.19,0.006,36,79.37,0.026,34,0.53,0.0,30,3.16,0.006,32,96.77,0.0,31,-0.09,0.006,32,17.84,0.026,34,79.37,0.0,34
1786331283.040,walk vx=0.000 vy=0.000 w=0.00,-0.26,0.006,33,2.9,0.0,33,96.77,0.0,34,0.18,0.006,33,18.28,0.0,36,79.19,0.006,41,-0.18,0.0,33,2.99,0.0,33,96.59,0.0,34,-0.18,0.0,30,18.19,0.006,36,79.37,0.019,34,0.53,0.0,30,3.16,0.0,32,96.77,0.0,31,-0.09,0.006,32,17.84,0.019,34,79.37,0.0,34
1786331283.487,walk vx=0.000 vy=0.000 w=0.00,-0.09,0.019,33,2.9,0.0,34,96.77,0.006,34,0.18,0.0,33,18.28,0.006,36,79.19,0.006,41,-0.18,0.0,33,2.99,0.0,33,96.59,0.006,34,-0.18,0.0,30,18.19,0.0,36,79.37,0.026,34,0.53,0.006,30,3.16,0.0,32,96.77,0.0,31,-0.09,0.006,32,17.84,0.019,34,79.37,0.0,34
1786331283.884,walk vx=0.000 vy=0.000 w=0.00,0.0,0.0,33,2.9,0.0,34,96.77,0.006,34,0.18,0.006,33,18.28,0.0,36,79.19,0.006,41,-0.18,0.0,33,2.99,0.0,33,96.59,0.006,34,-0.18,0.0,30,18.19,0.006,36,79.37,0.026,34,0.53,0.0,30,3.16,0.0,32,96.77,0.0,31,-0.09,0.006,32,17.84,0.019,34,79.37,0.0,34
1786331284.295,walk vx=0.000 vy=0.000 w=0.00,-0.53,0.0,33,2.9,0.0,33,96.77,0.0,34,0.18,0.006,33,18.28,0.006,36,79.19,0.006,41,-0.18,0.0,33,2.99,0.0,33,96.59,0.006,34,-0.18,0.0,30,18.19,0.006,36,79.37,0.019,34,0.53,0.0,30,3.16,0.0,32,96.77,0.0,31,-0.09,0.0,32,17.84,0.019,34,79.37,0.0,34
1786331284.708,walk vx=0.000 vy=0.000 w=0.00,-0.35,0.013,33,2.9,0.0,33,96.77,0.006,34,0.18,0.006,33,18.28,0.0,36,79.19,0.006,41,-0.18,0.0,33,2.99,0.0,33,96.59,0.006,34,-0.18,0.0,30,18.19,0.0,36,79.37,0.026,34,0.53,0.0,30,3.16,0.0,32,96.77,0.0,31,-0.09,0.006,32,17.84,0.019,34,79.37,0.0,34
1786331285.071,walk vx=0.000 vy=0.000 w=0.00,-0.7,0.019,33,2.9,0.0,33,96.77,0.0,34,0.18,0.006,33,18.28,0.0,36,79.19,0.006,41,-0.18,0.0,33,2.99,0.0,33,96.59,0.006,34,-0.18,0.0,30,18.19,0.006,36,79.37,0.026,34,0.53,0.0,30,3.16,0.0,32,96.77,0.0,31,-0.09,0.006,32,17.84,0.026,34,79.37,0.0,34
1786331285.518,walk vx=0.000 vy=0.000 w=0.00,-0.7,0.026,33,2.9,0.0,33,96.77,0.0,34,0.18,0.006,33,18.28,0.006,36,79.19,0.006,41,-0.18,0.0,33,2.99,0.0,33,96.59,0.006,34,-0.18,0.0,30,18.19,0.006,36,79.37,0.019,34,0.53,0.0,30,3.16,0.0,32,96.77,0.0,31,-0.09,0.006,32,17.84,0.019,34,79.37,0.0,35
1786331286.018,walk vx=0.000 vy=0.000 w=0.00,0.18,0.019,33,2.9,0.0,34,96.77,0.0,34,0.18,0.006,33,18.28,0.0,36,79.19,0.0,41,-0.18,0.0,33,2.99,0.0,33,96.59,0.006,34,-0.18,0.0,30,18.19,0.0,36,79.37,0.026,34,0.53,0.0,30,3.16,0.0,32,96.77,0.0,31,-0.09,0.006,32,17.84,0.019,34,79.37,0.0,34
1786331286.459,walk vx=0.000 vy=0.000 w=0.00,-0.44,0.013,33,2.9,0.0,33,96.77,0.0,34,0.18,0.0,33,18.28,0.0,36,79.19,0.006,41,-0.18,0.0,33,2.99,0.0,33,96.59,0.006,34,-0.18,0.0,30,18.19,0.006,36,79.37,0.019,34,0.53,0.0,30,3.16,0.0,32,96.77,0.0,31,-0.09,0.006,32,17.84,0.026,34,79.37,0.0,34
1786331286.862,walk vx=0.000 vy=0.000 w=0.00,-0.26,0.006,33,2.9,0.0,33,96.77,0.006,34,0.18,0.006,34,18.28,0.0,36,79.19,0.006,41,-0.18,0.0,33,2.99,0.0,33,96.59,0.0,34,-0.18,0.0,30,18.19,0.006,36,79.37,0.019,34,0.53,0.0,30,3.16,0.0,32,96.77,0.0,31,-0.09,0.013,32,17.84,0.019,34,79.37,0.0,34
1786331287.269,walk vx=0.000 vy=0.000 w=0.00,0.09,0.019,33,2.9,0.0,33,96.77,0.0,34,0.18,0.006,33,18.28,0.0,36,79.19,0.0,41,-0.18,0.0,33,2.99,0.0,33,96.59,0.006,34,-0.18,0.0,30,18.19,0.006,36,79.37,0.026,34,0.53,0.0,30,3.16,0.0,32,96.77,0.0,31,-0.09,0.006,32,17.84,0.026,34,79.37,0.0,35
1786331287.779,walk vx=0.000 vy=0.000 w=0.00,-0.44,0.019,33,2.9,0.0,34,96.77,0.006,34,0.18,0.006,33,18.28,0.0,36,79.19,0.006,41,-0.18,0.0,33,2.99,0.0,33,96.59,0.006,34,-0.18,0.0,30,18.19,0.006,36,79.37,0.026,34,0.53,0.0,30,3.16,0.0,32,96.77,0.0,31,-0.09,0.013,32,17.84,0.026,34,79.37,0.0,34
1786331288.263,walk vx=0.000 vy=0.000 w=0.00,-0.09,0.013,33,2.9,0.0,33,96.77,0.0,34,0.18,0.006,33,18.28,0.006,36,79.19,0.006,41,-0.18,0.0,33,2.99,0.0,33,96.59,0.006,34,-0.18,0.0,30,18.19,0.0,36,79.37,0.019,34,0.53,0.0,30,3.16,0.0,32,96.77,0.0,31,-0.09,0.006,32,17.84,0.026,34,79.37,0.0,34
1786331288.711,walk vx=0.000 vy=0.000 w=0.00,0.18,0.019,33,2.9,0.0,33,96.77,0.0,34,0.18,0.006,33,18.28,0.006,36,79.19,0.006,41,-0.18,0.0,33,2.99,0.0,33,96.59,0.0,34,-0.18,0.0,30,18.19,0.006,36,79.37,0.026,34,0.53,0.0,30,3.16,0.0,32,96.77,0.0,31,-0.09,0.013,32,17.84,0.019,34,79.37,0.0,34
1786331289.122,walk vx=0.000 vy=0.000 w=0.00,-0.7,0.026,33,2.9,0.0,33,96.77,0.006,34,0.18,0.0,33,18.28,0.006,36,79.19,0.006,41,-0.18,0.0,33,2.99,0.0,33,96.59,0.006,34,-0.18,0.0,30,18.19,0.006,36,79.37,0.019,34,0.53,0.0,30,3.16,0.0,32,96.77,0.0,31,-0.09,0.006,32,17.84,0.019,34,79.37,0.0,34
1786331289.567,walk vx=0.000 vy=0.000 w=0.00,-0.26,0.013,33,2.9,0.0,33,96.77,0.0,34,0.18,0.006,33,18.28,0.006,36,79.19,0.006,41,-0.18,0.0,33,2.99,0.0,33,96.59,0.006,34,-0.18,0.0,30,18.19,0.0,36,79.37,0.019,34,0.53,0.0,30,3.16,0.0,32,96.77,0.0,31,-0.09,0.006,32,17.84,0.026,34,79.37,0.0,34
1786331290.051,walk vx=0.000 vy=0.000 w=0.00,0.18,0.019,34,2.9,0.0,34,96.77,0.0,34,0.18,0.006,33,18.28,0.006,36,79.19,0.006,41,-0.18,0.0,33,2.99,0.0,33,96.59,0.006,34,-0.18,0.0,30,18.19,0.006,36,79.37,0.019,34,0.53,0.0,30,3.16,0.0,32,96.77,0.0,31,-0.09,0.006,32,17.84,0.019,34,79.37,0.0,34
1786331290.490,walk vx=0.000 vy=0.000 w=0.00,0.0,0.019,33,2.9,0.0,33,96.77,0.0,34,0.18,0.006,33,18.28,0.006,36,79.19,0.006,41,-0.18,0.0,33,2.99,0.0,33,96.59,0.0,34,-0.18,0.0,30,18.19,0.006,36,79.37,0.019,34,0.53,0.006,30,3.16,0.0,32,96.77,0.0,31,-0.09,0.006,32,17.84,0.019,34,79.37,0.0,34
1786331290.924,walk vx=0.000 vy=0.000 w=0.00,-0.35,0.006,33,2.9,0.0,34,96.77,0.0,34,0.18,0.006,33,18.28,0.006,36,79.19,0.006,41,-0.18,0.0,33,2.99,0.0,33,96.59,0.0,34,-0.18,0.0,30,18.19,0.0,36,79.37,0.019,34,0.53,0.0,30,3.16,0.0,32,96.77,0.0,31,-0.09,0.006,32,17.84,0.019,34,79.37,0.0,34
1786331291.301,walk vx=0.000 vy=0.000 w=0.00,0.09,0.019,33,2.9,0.0,34,96.77,0.006,34,0.18,0.0,33,18.28,0.0,36,79.19,0.006,41,-0.18,0.0,33,2.99,0.0,33,96.59,0.006,34,-0.18,0.0,30,18.19,0.006,36,79.37,0.026,34,0.53,0.0,30,3.16,0.0,32,96.77,0.0,31,-0.09,0.006,32,17.84,0.019,34,79.37,0.0,34
1786331291.724,walk vx=0.000 vy=0.000 w=0.00,0.0,0.0,33,2.9,0.0,33,96.77,0.0,34,0.18,0.006,33,18.28,0.006,36,79.19,0.006,41,-0.18,0.0,33,2.99,0.0,33,96.59,0.0,34,-0.18,0.0,30,18.19,0.0,36,79.37,0.019,34,0.53,0.0,30,3.16,0.0,32,96.77,0.0,31,-0.09,0.006,32,17.84,0.026,34,79.37,0.0,35
1786331292.212,walk vx=0.000 vy=0.000 w=0.00,-0.62,0.019,33,2.9,0.0,33,96.77,0.006,34,0.18,0.006,33,18.28,0.006,36,79.19,0.006,41,-0.18,0.0,33,2.99,0.0,33,96.59,0.0,34,-0.18,0.0,30,18.19,0.006,36,79.37,0.026,34,0.53,0.0,30,3.16,0.0,32,96.77,0.0,31,-0.09,0.006,32,17.84,0.019,34,79.37,0.0,34
1786331292.618,walk vx=0.000 vy=0.000 w=0.00,0.18,0.019,33,2.9,0.0,33,96.77,0.006,34,0.18,0.006,33,18.28,0.0,36,79.19,0.006,41,-0.18,0.0,33,2.99,0.0,33,96.59,0.006,34,-0.18,0.0,31,18.19,0.006,36,79.37,0.026,34,0.53,0.0,30,3.16,0.0,32,96.77,0.0,31,-0.09,0.006,32,17.84,0.019,34,79.37,0.0,34
1786331293.029,walk vx=0.000 vy=0.000 w=0.00,-0.44,0.006,33,2.9,0.0,34,96.77,0.006,34,0.18,0.006,33,18.28,0.0,36,79.19,0.006,41,-0.18,0.0,33,2.99,0.0,33,96.59,0.0,34,-0.18,0.0,30,18.19,0.006,36,79.37,0.026,34,0.53,0.0,30,3.16,0.0,32,96.77,0.0,31,-0.09,0.006,32,17.84,0.019,34,79.37,0.0,34
1786331293.421,walk vx=0.000 vy=0.000 w=0.00,0.09,0.006,33,2.9,0.0,34,96.77,0.006,34,0.18,0.0,33,18.28,0.006,36,79.19,0.006,41,-0.18,0.0,33,2.99,0.0,33,96.59,0.006,34,-0.18,0.0,30,18.19,0.0,36,79.37,0.019,34,0.53,0.0,30,3.16,0.0,32,96.77,0.0,31,-0.09,0.006,32,17.84,0.019,34,79.37,0.0,34
1786331293.798,walk vx=0.000 vy=0.000 w=0.00,-0.62,0.026,33,2.9,0.0,33,96.77,0.006,34,0.18,0.006,33,18.28,0.0,36,79.19,0.006,41,-0.18,0.0,33,2.99,0.0,33,96.59,0.006,34,-0.18,0.0,30,18.19,0.0,36,79.37,0.026,34,0.53,0.0,30,3.16,0.0,32,96.77,0.0,31,-0.09,0.006,32,17.84,0.019,34,79.37,0.0,34
1786331294.317,walk vx=0.000 vy=0.000 w=0.00,0.18,0.019,33,2.9,0.0,34,96.77,0.0,34,0.18,0.0,33,18.28,0.0,36,79.19,0.0,41,-0.18,0.0,33,2.99,0.0,33,96.59,0.006,34,-0.18,0.0,30,18.19,0.006,36,79.37,0.026,34,0.53,0.0,30,3.16,0.0,32,96.77,0.0,31,-0.09,0.006,32,17.84,0.019,34,79.37,0.0,34
1786331294.739,walk vx=0.000 vy=0.000 w=0.00,-0.44,0.0,33,2.9,0.0,34,96.77,0.006,34,0.18,0.006,33,18.28,0.0,36,79.19,0.006,41,-0.18,0.0,33,2.99,0.0,33,96.59,0.0,34,-0.18,0.0,30,18.19,0.006,36,79.37,0.026,34,0.53,0.0,30,3.16,0.0,32,96.77,0.0,31,-0.09,0.013,32,17.84,0.019,34,79.37,0.0,34
1786331295.129,walk vx=0.000 vy=0.000 w=0.00,-0.35,0.006,33,2.9,0.0,33,96.77,0.0,34,0.18,0.0,33,18.28,0.0,36,79.19,0.006,41,-0.18,0.0,33,2.99,0.0,33,96.59,0.0,34,-0.18,0.0,30,18.19,0.006,36,79.37,0.026,34,0.53,0.0,30,3.16,0.0,32,96.77,0.0,31,-0.09,0.006,32,17.84,0.019,34,79.37,0.0,34
1786331295.581,walk vx=0.000 vy=0.000 w=0.00,-0.35,0.013,33,2.9,0.0,33,96.77,0.0,34,0.18,0.0,33,18.28,0.006,36,79.19,0.006,41,-0.18,0.0,33,2.99,0.0,33,96.59,0.006,34,-0.18,0.0,30,18.19,0.006,36,79.37,0.019,34,0.53,0.0,30,3.16,0.0,32,96.77,0.0,31,-0.09,0.006,32,17.84,0.019,34,79.37,0.0,34
1786331296.027,walk vx=0.000 vy=0.000 w=0.00,-0.35,0.006,33,2.9,0.0,33,96.77,0.0,34,0.18,0.006,33,18.28,0.0,36,79.19,0.006,41,-0.18,0.0,33,2.99,0.0,33,96.59,0.0,34,-0.18,0.0,30,18.19,0.0,36,79.37,0.019,34,0.53,0.0,30,3.16,0.0,32,96.77,0.0,31,-0.09,0.006,32,17.84,0.019,34,79.37,0.0,35
1786331296.452,walk vx=0.000 vy=0.000 w=0.00,0.18,0.019,33,2.9,0.0,33,96.77,0.006,34,0.18,0.0,33,18.28,0.006,36,79.19,0.006,41,-0.18,0.0,33,2.99,0.0,33,96.59,0.0,34,-0.18,0.0,30,18.19,0.006,36,79.37,0.019,34,0.53,0.0,30,3.16,0.0,32,96.77,0.0,31,-0.09,0.006,32,17.84,0.019,34,79.37,0.0,34
1786331296.867,walk vx=0.000 vy=0.000 w=0.00,-0.35,0.006,33,2.9,0.0,33,96.77,0.006,34,0.18,0.006,33,18.28,0.0,36,79.19,0.006,41,-0.18,0.0,33,2.99,0.0,33,96.59,0.0,34,-0.18,0.0,30,18.19,0.006,36,79.37,0.019,34,0.53,0.0,30,3.16,0.0,32,96.77,0.0,31,-0.09,0.006,32,17.84,0.019,34,79.37,0.0,34
1786331297.324,walk vx=0.000 vy=0.000 w=0.00,0.09,0.019,33,2.9,0.0,33,96.77,0.006,34,0.18,0.006,33,18.28,0.0,36,79.19,0.006,41,-0.18,0.0,33,2.99,0.0,33,96.59,0.0,34,-0.18,0.0,30,18.19,0.006,36,79.37,0.026,34,0.53,0.0,30,3.16,0.0,32,96.77,0.0,31,-0.09,0.006,32,17.84,0.019,34,79.37,0.0,34
1786331297.752,walk vx=0.000 vy=0.000 w=0.00,-0.62,0.013,33,2.9,0.0,33,96.77,0.0,34,0.18,0.0,33,18.28,0.006,36,79.19,0.006,41,-0.18,0.0,33,2.99,0.0,33,96.59,0.006,34,-0.18,0.0,30,18.19,0.0,36,79.37,0.026,34,0.53,0.0,30,3.16,0.0,32,96.77,0.0,32,-0.09,0.006,32,17.84,0.026,34,79.37,0.0,35
1786331298.181,walk vx=0.000 vy=0.000 w=0.00,-0.35,0.006,33,2.9,0.0,33,96.77,0.0,34,0.18,0.006,33,18.28,0.006,36,79.19,0.006,41,-0.18,0.0,33,2.99,0.0,33,96.59,0.0,34,-0.18,0.0,30,18.19,0.006,36,79.37,0.026,34,0.53,0.0,30,3.16,0.0,32,96.77,0.0,31,-0.09,0.006,32,17.84,0.019,34,79.37,0.0,34
1786331298.645,walk vx=0.000 vy=0.000 w=0.00,0.0,0.019,33,2.9,0.0,33,96.77,0.006,34,0.18,0.0,33,18.28,0.006,36,79.19,0.0,41,-0.18,0.0,33,2.99,0.0,33,96.59,0.006,34,-0.18,0.0,30,18.19,0.006,36,79.37,0.019,34,0.53,0.0,30,3.16,0.0,32,96.77,0.0,31,-0.09,0.006,32,17.84,0.026,34,79.37,0.0,34
1786331299.068,walk vx=0.000 vy=0.000 w=0.00,-0.62,0.0,34,2.9,0.0,33,96.77,0.006,34,0.18,0.006,33,18.28,0.0,36,79.19,0.006,41,-0.18,0.0,33,2.99,0.0,33,96.59,0.006,34,-0.18,0.0,30,18.19,0.006,36,79.37,0.026,34,0.53,0.0,30,3.16,0.0,32,96.77,0.0,31,-0.09,0.006,32,17.84,0.019,34,79.37,0.0,34
1786331299.452,walk vx=0.000 vy=0.000 w=0.00,0.09,0.026,34,2.9,0.0,33,96.77,0.006,34,0.18,0.006,33,18.28,0.0,36,79.19,0.006,41,-0.18,0.0,33,2.99,0.0,33,96.59,0.006,34,-0.18,0.0,30,18.19,0.006,36,79.37,0.019,34,0.53,0.0,30,3.16,0.0,32,96.77,0.0,31,-0.09,0.006,32,17.84,0.019,34,79.37,0.0,34
1786331299.857,walk vx=0.000 vy=0.000 w=0.00,-0.7,0.019,34,2.9,0.0,34,96.77,0.006,34,0.18,0.006,33,18.28,0.006,36,79.19,0.006,41,-0.18,0.0,33,2.99,0.0,33,96.59,0.006,34,-0.18,0.0,30,18.19,0.0,36,79.37,0.026,34,0.53,0.0,30,3.16,0.0,32,96.77,0.0,31,-0.09,0.006,32,17.84,0.019,34,79.37,0.0,34
1786331300.266,walk vx=0.000 vy=0.000 w=0.00,-0.62,0.019,34,2.9,0.0,33,96.77,0.006,34,0.18,0.006,33,18.28,0.006,36,79.19,0.006,41,-0.18,0.0,33,2.99,0.0,33,96.59,0.0,34,-0.18,0.0,30,18.19,0.006,36,79.37,0.026,34,0.53,0.0,30,3.16,0.0,32,96.77,0.0,31,-0.09,0.006,32,17.84,0.019,34,79.37,0.0,34
1786331300.837,walk vx=0.000 vy=0.000 w=0.00,-0.62,0.006,33,2.9,0.0,33,96.77,0.006,34,0.18,0.0,33,18.28,0.006,36,79.19,0.006,41,-0.18,0.0,33,2.99,0.0,33,96.59,0.006,34,-0.18,0.0,30,18.19,0.006,36,79.37,0.026,34,0.53,0.0,30,3.16,0.0,32,96.77,0.0,31,-0.09,0.006,32,17.84,0.026,34,79.37,0.0,35
1786331301.249,walk vx=0.000 vy=0.000 w=0.00,0.0,0.006,33,2.9,0.0,33,96.77,0.0,34,0.18,0.006,33,18.28,0.006,36,79.19,0.006,41,-0.18,0.0,33,2.99,0.0,33,96.59,0.006,34,-0.18,0.0,30,18.19,0.006,36,79.37,0.026,34,0.53,0.0,30,3.16,0.0,32,96.77,0.0,31,-0.09,0.006,32,17.84,0.019,34,79.37,0.0,34
1786331301.623,walk vx=0.000 vy=0.000 w=0.00,-0.7,0.019,33,2.9,0.0,33,96.77,0.006,34,0.18,0.0,33,18.28,0.006,36,79.19,0.006,41,-0.18,0.0,33,2.99,0.0,33,96.59,0.006,34,-0.18,0.0,30,18.19,0.006,36,79.37,0.026,34,0.53,0.0,30,3.16,0.0,32,96.77,0.0,31,-0.09,0.006,32,17.84,0.019,34,79.37,0.0,34
1786331302.005,walk vx=0.000 vy=0.000 w=0.00,0.09,0.026,34,2.9,0.0,33,96.77,0.0,34,0.18,0.006,33,18.28,0.006,36,79.19,0.006,41,-0.18,0.0,33,2.99,0.0,33,96.59,0.0,34,-0.18,0.0,30,18.19,0.006,36,79.37,0.026,34,0.53,0.0,30,3.16,0.0,32,96.77,0.0,31,-0.09,0.006,32,17.84,0.019,34,79.37,0.0,34
1786331302.380,walk vx=0.000 vy=0.000 w=0.00,-0.18,0.006,34,2.9,0.0,33,96.77,0.006,34,0.18,0.006,33,18.28,0.0,36,79.19,0.006,41,-0.18,0.0,33,2.99,0.0,33,96.59,0.006,34,-0.18,0.0,30,18.19,0.006,36,79.37,0.026,34,0.53,0.0,30,3.16,0.0,32,96.77,0.0,31,-0.09,0.013,32,17.84,0.019,34,79.37,0.0,34
1786331302.817,walk vx=0.000 vy=0.000 w=0.00,0.18,0.013,34,2.9,0.0,33,96.77,0.006,34,0.18,0.006,33,18.28,0.006,36,79.19,0.006,41,-0.18,0.0,33,2.99,0.0,33,96.59,0.006,34,-0.18,0.0,30,18.19,0.0,36,79.37,0.026,34,0.53,0.0,30,3.16,0.0,32,96.77,0.0,31,-0.09,0.006,32,17.84,0.019,34,79.37,0.0,34
1786331303.228,walk vx=0.000 vy=0.000 w=0.00,-0.44,0.006,33,2.9,0.0,33,96.77,0.0,34,0.18,0.006,33,18.28,0.0,36,79.19,0.006,41,-0.18,0.0,33,2.99,0.0,33,96.59,0.0,34,-0.18,0.0,30,18.19,0.0,36,79.37,0.026,34,0.53,0.0,30,3.16,0.0,32,96.77,0.0,31,-0.09,0.006,32,17.84,0.026,34,79.37,0.0,34
1786331303.666,walk vx=0.000 vy=0.000 w=0.00,-0.18,0.013,34,2.9,0.0,34,96.77,0.006,34,0.18,0.006,33,18.28,0.006,36,79.19,0.006,41,-0.18,0.0,33,2.99,0.0,33,96.59,0.006,34,-0.18,0.0,30,18.19,0.0,36,79.37,0.026,34,0.53,0.0,30,3.16,0.0,32,96.77,0.0,31,-0.09,0.006,32,17.84,0.019,34,79.37,0.0,34
1786331304.065,walk vx=0.000 vy=0.000 w=0.00,-0.09,0.013,33,2.9,0.0,34,96.77,0.006,34,0.18,0.006,33,18.28,0.0,36,79.19,0.006,41,-0.18,0.0,33,2.99,0.0,33,96.59,0.006,34,-0.18,0.0,30,18.19,0.006,36,79.37,0.026,34,0.53,0.0,30,3.16,0.0,32,96.77,0.0,31,-0.09,0.013,32,17.84,0.019,34,79.37,0.0,34
1786331304.490,walk vx=0.000 vy=0.000 w=0.00,0.18,0.006,33,2.9,0.0,33,96.77,0.0,34,0.18,0.006,33,18.28,0.0,36,79.19,0.013,41,-0.18,0.0,33,2.99,0.0,33,96.59,0.0,34,-0.18,0.0,30,18.19,0.0,36,79.37,0.019,34,0.53,0.0,30,3.16,0.0,32,96.77,0.0,31,-0.09,0.006,32,17.84,0.019,34,79.37,0.0,34
1786331304.924,walk vx=0.000 vy=0.000 w=0.00,-0.09,0.019,34,2.9,0.0,33,96.77,0.006,34,0.18,0.0,33,18.28,0.006,36,79.19,0.006,41,-0.18,0.0,33,2.99,0.0,33,96.59,0.006,34,-0.18,0.0,30,18.19,0.006,36,79.37,0.026,34,0.53,0.0,30,3.16,0.0,32,96.77,0.0,31,-0.09,0.006,32,17.84,0.019,34,79.37,0.0,34
1786331305.336,walk vx=0.000 vy=0.000 w=0.00,-0.44,0.026,34,2.9,0.0,33,96.77,0.0,34,0.18,0.006,33,18.28,0.006,36,79.19,0.006,41,-0.18,0.0,33,2.99,0.0,33,96.59,0.006,34,-0.18,0.0,30,18.19,0.006,36,79.37,0.026,34,0.53,0.0,30,3.16,0.0,32,96.77,0.0,31,-0.09,0.006,32,17.84,0.026,34,79.37,0.0,34
1786331305.804,walk vx=0.000 vy=0.000 w=0.00,-0.18,0.006,34,2.9,0.0,33,96.77,0.0,34,0.18,0.006,33,18.28,0.0,36,79.19,0.006,41,-0.18,0.0,33,2.99,0.0,33,96.59,0.006,34,-0.18,0.0,30,18.19,0.006,36,79.37,0.019,34,0.53,0.0,30,3.16,0.0,32,96.77,0.0,31,-0.09,0.006,32,17.84,0.019,34,79.37,0.0,34
1786331306.256,walk vx=0.000 vy=0.000 w=0.00,-0.09,0.019,33,2.9,0.0,33,96.77,0.0,34,0.18,0.0,33,18.28,0.0,36,79.19,0.006,41,-0.18,0.0,33,2.99,0.0,33,96.59,0.006,34,-0.18,0.0,30,18.19,0.006,36,79.37,0.026,34,0.53,0.0,30,3.16,0.0,32,96.77,0.0,31,-0.09,0.006,32,17.84,0.019,34,79.37,0.0,34
1786331306.641,walk vx=0.000 vy=0.000 w=0.00,-0.26,0.013,33,2.9,0.0,34,96.77,0.0,34,0.18,0.006,33,18.28,0.0,36,79.19,0.006,41,-0.18,0.0,33,2.99,0.0,33,96.59,0.006,34,-0.18,0.0,30,18.19,0.006,36,79.37,0.026,34,0.53,0.0,30,3.16,0.0,32,96.77,0.0,31,-0.09,0.006,32,17.84,0.019,34,79.37,0.0,34
1786331307.105,walk vx=0.000 vy=0.000 w=0.00,0.09,0.006,34,2.9,0.0,33,96.77,0.006,34,0.18,0.006,33,18.28,0.0,36,79.19,0.006,41,-0.18,0.0,33,2.99,0.0,33,96.59,0.0,34,-0.18,0.0,30,18.19,0.006,36,79.37,0.026,34,0.53,0.0,30,3.16,0.0,32,96.77,0.0,31,-0.09,0.006,32,17.84,0.026,34,79.37,0.0,34
1786331307.500,walk vx=0.000 vy=0.000 w=0.00,-0.62,0.0,34,2.9,0.0,33,96.77,0.0,34,0.18,0.006,33,18.28,0.0,36,79.19,0.006,41,-0.18,0.0,33,2.99,0.0,33,96.59,0.006,34,-0.18,0.0,30,18.19,0.006,36,79.37,0.026,34,0.53,0.0,30,3.16,0.0,32,96.77,0.0,31,-0.09,0.006,32,17.84,0.013,34,79.37,0.013,34
1786331307.936,walk vx=0.030 vy=0.000 w=0.00,-0.18,0.045,34,5.36,0.019,33,93.08,0.026,34,-2.46,0.0,33,12.92,0.0,36,85.34,0.0,41,1.58,0.013,33,13.8,0.013,33,87.28,0.071,34,0.44,0.006,30,13.18,0.013,36,82.97,0.026,34,0.35,0.019,30,14.5,0.013,32,85.61,0.0,31,-1.49,0.013,32,17.58,0.033,34,80.51,0.006,34
1786331308.503,walk vx=0.030 vy=0.000 w=0.00,-1.14,0.013,34,13.36,0.013,34,86.13,0.039,34,3.08,0.026,33,15.82,0.006,36,82.88,0.013,41,-0.09,0.006,33,17.58,0.006,33,82.97,0.13,34,0.7,0.006,30,9.76,0.013,36,86.92,0.0,34,-2.81,0.006,30,18.02,0.019,32,80.07,0.006,31,1.58,0.0,32,7.29,0.006,34,92.64,0.019,35
1786331308.935,walk vx=0.030 vy=0.000 w=0.00,0.53,0.006,33,13.62,0.078,33,86.84,0.026,34,-0.79,0.013,33,10.46,0.033,36,87.36,0.078,41,-0.7,0.006,33,4.75,0.013,33,90.26,0.019,34,-2.11,0.045,30,16.79,0.0,36,83.06,0.364,34,3.25,0.013,30,3.43,0.0,32,94.39,0.006,31,-0.62,0.0,32,17.58,0.0,34,81.47,0.013,34
1786331309.403,walk vx=0.030 vy=0.000 w=0.00,0.09,0.0,34,9.49,0.026,33,89.91,0.026,34,-0.79,0.019,33,10.99,0.006,36,86.31,0.013,41,1.14,0.006,33,16.26,0.006,33,84.55,0.084,34,1.85,0.013,30,7.73,0.0,36,83.85,0.006,34,-2.72,0.019,30,17.84,0.006,32,80.16,0.0,31,-0.35,0.013,32,15.91,0.026,34,81.91,0.084,34
1786331309.958,walk vx=0.030 vy=0.000 w=0.00,-0.97,0.019,33,9.14,0.006,33,89.65,0.0,34,2.37,0.0,33,17.23,0.019,36,81.65,0.019,41,-1.05,0.006,33,7.73,0.013,33,84.11,0.013,34,0.44,0.006,30,13.45,0.0,36,89.65,0.013,34,-2.11,0.013,30,14.5,0.045,32,85.17,0.078,31,1.58,0.006,32,7.38,0.0,34,92.29,0.0,34
1786331310.429,walk vx=0.030 vy=0.000 w=0.00,0.53,0.006,34,18.02,0.0,33,81.39,0.0,34,-1.58,0.013,33,11.78,0.052,36,89.56,0.169,41,-0.18,0.013,33,14.33,0.013,33,85.43,0.026,34,-1.32,0.006,30,16.52,0.013,36,83.06,0.267,34,3.25,0.0,30,9.23,0.0,32,84.9,0.019,31,-0.79,0.006,32,17.58,0.013,34,81.04,0.006,34
1786331310.897,walk vx=0.030 vy=0.000 w=0.00,-0.09,0.019,34,14.68,0.006,33,85.78,0.019,34,-0.7,0.019,33,9.67,0.033,36,85.87,0.0,41,1.32,0.006,33,18.02,0.0,33,83.85,0.24,34,1.93,0.013,30,6.24,0.0,36,83.94,0.013,34,-2.64,0.026,30,16.35,0.013,32,84.99,0.006,31,0.0,0.019,32,14.94,0.026,34,82.0,0.149,35
1786331311.368,walk vx=0.030 vy=0.000 w=0.00,-1.23,0.019,34,7.82,0.0,33,90.09,0.006,34,2.9,0.0,33,17.05,0.026,36,79.98,0.013,41,-1.58,0.019,33,10.81,0.039,33,84.55,0.045,34,0.09,0.013,30,14.33,0.013,36,90.7,0.0,34,-2.64,0.006,30,17.58,0.013,32,83.41,0.078,32,1.49,0.006,32,5.98,0.006,35,96.24,0.019,34
1786331311.947,walk vx=0.030 vy=0.000 w=0.00,0.44,0.006,33,17.75,0.006,33,82.35,0.013,34,-1.14,0.019,33,10.2,0.039,36,90.44,0.279,41,-0.35,0.006,33,10.37,0.006,33,86.04,0.019,34,-1.49,0.019,30,18.19,0.013,36,83.76,0.325,34,3.25,0.006,30,7.91,0.006,32,84.64,0.013,31,-0.88,0.006,32,17.75,0.0,34,80.42,0.0,34
1786331312.385,walk vx=0.030 vy=0.000 w=0.00,0.18,0.0,34,11.6,0.019,34,86.04,0.006,34,-0.7,0.013,33,13.01,0.019,36,84.2,0.0,41,0.88,0.006,33,17.31,0.006,33,84.02,0.227,34,1.93,0.006,30,6.86,0.006,36,83.06,0.013,34,-3.52,0.019,30,17.14,0.006,32,82.71,0.033,31,0.53,0.019,32,11.51,0.045,34,83.14,0.117,34
1786331312.808,walk vx=0.030 vy=0.000 w=0.00,-0.7,0.013,34,13.36,0.026,34,86.92,0.006,34,1.76,0.006,33,14.85,0.026,36,79.54,0.006,41,-1.58,0.006,33,7.82,0.006,33,84.2,0.0,36,-1.67,0.006,30,16.96,0.033,36,80.16,0.0,34,2.11,0.0,30,9.76,0.019,32,94.39,0.013,31,0.0,0.006,32,14.5,0.006,34,90.18,0.019,34
1786331313.187,walk vx=0.030 vy=0.000 w=0.00,0.7,0.006,34,13.62,0.006,33,82.35,0.0,34,-1.85,0.006,33,10.9,0.0,36,92.37,0.019,41,2.02,0.013,33,18.02,0.013,33,78.4,0.006,34,1.05,0.006,30,9.93,0.058,36,94.39,0.006,34,-1.14,0.0,30,12.74,0.006,32,80.6,0.006,31,-0.79,0.019,32,11.07,0.065,34,86.31,0.013,34
1786331313.676,walk vx=0.030 vy=0.000 w=0.00,-2.11,0.013,34,9.93,0.006,33,91.41,0.0,34,3.16,0.013,33,18.11,0.045,36,80.68,0.019,41,-1.05,0.006,33,6.59,0.013,33,91.49,0.039,34,0.18,0.013,30,13.18,0.26,36,80.51,0.091,34,-1.49,0.019,30,12.66,0.039,32,78.93,0.026,31,1.58,0.006,32,12.13,0.006,34,85.52,0.013,35
1786331314.140,walk vx=0.030 vy=0.000 w=0.00,1.23,0.0,34,18.19,0.039,34,80.07,0.006,34,-2.81,0.006,33,7.29,0.045,36,84.81,0.006,41,0.09,0.006,33,16.0,0.039,33,79.54,0.006,34,-1.14,0.019,30,13.27,0.065,36,78.4,0.026,34,3.08,0.0,30,11.16,0.006,32,95.45,0.006,31,-1.41,0.0,32,16.44,0.006,34,84.11,0.026,34
1786331314.593,walk vx=0.030 vy=0.000 w=0.00,-0.44,0.006,34,6.59,0.019,33,87.71,0.026,34,0.09,0.013,33,14.24,0.0,36,87.19,0.045,41,0.53,0.006,39,16.08,0.0,33,79.01,0.026,34,1.58,0.013,30,10.02,0.0,36,94.39,0.006,34,-3.78,0.026,30,16.88,0.0,32,79.37,0.006,31,0.35,0.006,32,5.36,0.045,34,92.64,0.019,34
1786331315.050,walk vx=0.030 vy=0.000 w=0.00,-0.62,0.006,34,17.23,0.052,33,85.87,0.019,34,0.88,0.026,33,16.0,0.019,36,85.96,0.234,41,-1.58,0.013,33,8.09,0.006,33,92.37,0.0,34,-0.7,0.006,30,16.52,0.13,36,80.51,0.357,34,-0.09,0.006,30,10.99,0.045,32,79.63,0.013,31,1.14,0.006,32,13.1,0.0,34,85.43,0.0,34
1786331315.578,walk vx=0.030 vy=0.000 w=0.00,2.02,0.013,33,18.46,0.006,34,80.68,0.013,34,-4.04,0.006,33,6.06,0.0,36,86.84,0.006,41,0.7,0.006,33,16.26,0.033,32,79.89,0.111,34,-0.44,0.006,30,9.49,0.065,36,79.63,0.039,34,1.58,0.013,30,10.55,0.013,32,93.52,0.0,31,-1.67,0.0,32,18.28,0.0,34,81.56,0.013,34
1786331316.053,walk vx=0.030 vy=0.000 w=0.00,-1.23,0.019,34,4.48,0.013,33,90.7,0.0,35,1.14,0.006,33,16.88,0.0,36,84.73,0.026,41,0.09,0.006,33,14.94,0.006,33,83.06,0.065,34,1.41,0.013,30,10.55,0.019,36,92.81,0.006,34,-3.69,0.0,30,17.84,0.019,32,80.6,0.033,31,0.88,0.0,32,6.68,0.013,74,95.62,0.019,34
1786331316.481,walk vx=0.030 vy=0.000 w=0.00,0.26,0.019,34,18.28,0.019,34,82.62,0.013,34,-0.26,0.013,33,15.03,0.045,36,88.77,0.189,41,-0.88,0.006,33,9.4,0.006,33,86.66,0.026,34,-1.58,0.0,30,17.75,0.0,36,82.09,0.279,34,3.08,0.013,30,8.7,0.006,32,85.69,0.019,31,-0.44,0.0,32,17.58,0.0,34,81.12,0.0,34
1786331316.903,walk vx=0.030 vy=0.000 w=0.00,0.09,0.013,34,16.35,0.0,33,84.99,0.033,34,-1.32,0.006,33,5.19,0.026,36,86.22,0.026,41,1.76,0.0,33,18.46,0.006,33,82.62,0.267,34,1.05,0.019,30,7.82,0.019,36,82.97,0.0,34,-1.05,0.013,30,13.97,0.033,32,87.54,0.013,31,-0.44,0.013,32,16.17,0.013,37,82.71,0.123,34
1786331317.399,walk vx=0.030 vy=0.000 w=0.00,-1.49,0.006,34,5.98,0.019,33,89.74,0.0,34,2.55,0.0,33,16.88,0.019,36,79.28,0.006,41,-1.49,0.013,33,8.0,0.013,33,84.38,0.0,34,-0.18,0.0,30,15.91,0.0,36,84.29,0.019,34,-0.62,0.006,30,13.97,0.026,32,90.18,0.247,31,1.05,0.013,32,7.65,0.006,34,92.37,0.006,34
1786331317.823,walk vx=0.030 vy=0.000 w=0.00,2.11,0.019,34,15.82,0.026,33,80.16,0.0,34,-3.34,0.006,33,10.46,0.026,36,90.09,0.104,41,1.05,0.019,33,16.35,0.019,33,79.1,0.026,34,-0.35,0.0,30,12.74,0.0,39,90.18,0.143,34,1.67,0.026,30,8.79,0.026,32,83.5,0.006,31,-1.76,0.0,32,16.52,0.045,34,80.6,0.006,34
1786331318.288,walk vx=0.030 vy=0.000 w=0.00,-1.32,0.033,34,12.48,0.019,33,91.32,0.013,34,1.58,0.0,33,12.3,0.026,36,82.53,0.026,41,0.62,0.006,33,13.8,0.013,33,90.88,0.123,34,1.32,0.013,30,9.23,0.019,36,80.68,0.006,34,-3.69,0.006,30,17.67,0.019,32,79.98,0.026,31,0.97,0.013,32,11.07,0.052,34,85.25,0.123,35
1786331318.749,walk vx=0.030 vy=0.000 w=0.00,-0.18,0.013,34,13.01,0.045,33,86.92,0.026,34,2.37,0.0,33,15.82,0.019,36,79.89,0.033,41,-1.14,0.006,33,8.26,0.013,33,85.08,0.013,34,-0.44,0.013,30,16.26,0.0,36,82.62,0.013,34,-0.35,0.006,30,13.01,0.013,32,87.98,0.234,31,1.23,0.006,32,7.73,0.006,34,92.55,0.006,35
1786331319.349,walk vx=0.030 vy=0.000 w=0.00,1.67,0.0,34,17.14,0.013,34,80.86,0.006,34,-3.16,0.013,33,11.78,0.033,36,86.66,0.214,41,0.18,0.006,33,13.62,0.052,33,78.75,0.033,34,-1.05,0.006,30,17.23,0.006,36,85.52,0.26,34,3.08,0.006,30,8.0,0.006,32,84.99,0.006,32,-1.32,0.006,32,17.31,0.045,34,80.33,0.0,34
1786331319.842,walk vx=0.030 vy=0.000 w=0.00,0.0,0.006,34,15.73,0.013,33,89.91,0.019,35,0.97,0.033,33,10.37,0.019,36,88.33,0.013,41,0.7,0.006,33,16.44,0.006,33,81.21,0.189,34,1.85,0.006,30,4.75,0.006,36,83.32,0.019,34,-2.81,0.019,30,17.93,0.006,32,83.32,0.0,31,0.18,0.019,32,10.55,0.104,34,85.52,0.058,34
1786331320.337,walk vx=0.030 vy=0.000 w=0.00,-0.53,0.019,34,8.17,0.026,33,86.57,0.013,35,2.02,0.013,33,15.38,0.026,36,84.38,0.091,41,-1.67,0.006,33,7.91,0.006,33,91.32,0.006,34,-1.14,0.013,30,16.79,0.0,36,89.65,0.0,34,-1.23,0.019,30,15.38,0.019,32,85.25,0.254,31,1.05,0.006,32,7.12,0.019,34,94.04,0.006,34
1786331320.902,walk vx=0.030 vy=0.000 w=0.00,1.05,0.0,34,17.67,0.026,33,80.33,0.0,34,-1.85,0.0,33,5.98,0.006,36,88.95,0.019,41,0.26,0.013,33,11.16,0.0,33,79.54,0.026,34,-1.32,0.006,30,10.37,0.039,36,85.61,0.227,34,3.52,0.006,30,9.49,0.0,32,87.36,0.006,31,-1.05,0.006,32,16.08,0.084,34,80.86,0.0,34
1786331321.356,walk vx=0.030 vy=0.000 w=0.00,-0.53,0.026,34,12.04,0.013,55,83.58,0.006,34,0.53,0.006,33,16.7,0.0,36,82.0,0.013,41,0.7,0.0,38,15.29,0.006,33,78.4,0.013,34,1.76,0.006,30,14.41,0.0,36,82.44,0.006,34,-3.16,0.019,30,16.44,0.006,32,80.68,0.019,32,0.35,0.013,32,14.59,0.078,34,81.04,0.019,34
1786331321.824,walk vx=0.030 vy=0.000 w=0.00,-1.32,0.006,34,11.43,0.019,33,91.05,0.006,34,1.76,0.019,33,17.67,0.013,36,79.37,0.013,41,-1.58,0.0,33,10.2,0.006,33,95.01,0.0,34,-0.62,0.0,30,12.83,0.019,36,84.46,0.0,34,0.0,0.006,30,9.49,0.052,32,82.35,0.019,31,0.88,0.013,32,5.71,0.026,34,95.36,0.0,34
1786331322.333,walk vx=0.030 vy=0.000 w=0.00,1.76,0.006,34,17.14,0.033,33,81.47,0.026,34,-3.16,0.019,33,5.71,0.019,36,93.69,0.019,41,0.53,0.006,33,8.17,0.019,33,78.66,0.013,34,-1.05,0.006,30,14.15,0.026,36,83.67,0.254,34,3.6,0.006,30,11.16,0.0,32,92.37,0.0,31,-0.79,0.006,32,17.93,0.013,34,80.86,0.006,34
1786331322.902,walk vx=0.030 vy=0.000 w=0.00,0.35,0.019,34,14.85,0.0,34,81.12,0.006,34,-0.26,0.019,33,14.5,0.0,36,82.35,0.0,41,1.23,0.006,33,14.5,0.006,33,78.22,0.006,34,1.67,0.006,30,10.9,0.006,36,84.2,0.006,34,-1.76,0.006,30,12.48,0.006,32,79.8,0.013,31,-0.18,0.013,32,16.79,0.039,34,82.62,0.039,34
1786331323.377,walk vx=0.030 vy=0.000 w=0.00,-1.14,0.0,34,7.21,0.019,34,93.43,0.0,34,2.81,0.006,33,17.84,0.0,36,79.63,0.026,41,-1.58,0.013,33,12.22,0.006,33,95.01,0.006,34,-0.53,0.013,30,13.62,0.013,36,83.41,0.0,34,-0.53,0.013,30,12.57,0.026,32,82.09,0.006,31,1.23,0.013,32,5.36,0.026,34,91.76,0.006,34
1786331323.847,walk vx=0.030 vy=0.000 w=0.00,2.02,0.006,34,16.61,0.045,33,80.68,0.013,34,-3.69,0.019,33,3.69,0.013,36,93.78,0.013,41,0.62,0.006,33,12.39,0.013,33,78.75,0.006,34,-0.44,0.0,30,10.2,0.045,36,90.09,0.195,34,1.85,0.006,30,10.02,0.033,32,90.18,0.0,31,-1.49,0.0,32,17.49,0.026,34,80.95,0.013,35
1786331324.398,walk vx=0.030 vy=0.000 w=0.00,0.0,0.0,34,11.95,0.019,33,87.19,0.019,34,0.09,0.013,33,14.41,0.0,36,84.2,0.0,41,1.32,0.006,33,16.61,0.013,33,79.37,0.045,34,1.58,0.0,30,9.4,0.0,36,80.33,0.0,34,-3.16,0.019,30,17.05,0.006,32,80.51,0.006,31,-0.35,0.006,32,13.71,0.071,34,84.2,0.045,34
1786331324.858,walk vx=0.030 vy=0.000 w=0.00,-1.14,0.006,34,11.69,0.026,34,87.89,0.013,34,2.29,0.019,33,17.4,0.006,36,79.19,0.013,41,-1.49,0.006,33,8.26,0.006,33,89.21,0.0,34,-0.53,0.013,30,14.68,0.0,36,87.63,0.026,34,-0.79,0.013,30,12.74,0.065,56,82.71,0.078,31,1.23,0.006,32,6.94,0.019,34,92.29,0.0,34
1786331325.341,walk vx=0.030 vy=0.000 w=0.00,1.93,0.013,34,16.96,0.052,34,81.65,0.045,34,-3.43,0.0,33,5.45,0.019,36,92.02,0.026,41,0.88,0.006,33,16.61,0.019,33,78.75,0.0,34,-0.44,0.006,30,9.76,0.013,36,88.77,0.111,34,1.85,0.006,30,9.93,0.026,32,90.44,0.0,32,-1.76,0.006,32,15.73,0.065,34,82.0,0.026,34
1786331325.793,walk vx=0.030 vy=0.000 w=0.00,-0.79,0.0,34,12.04,0.019,34,89.3,0.006,34,1.85,0.019,33,16.7,0.013,36,80.68,0.006,41,0.09,0.006,33,12.22,0.019,33,84.29,0.058,34,1.32,0.006,30,10.02,0.006,36,84.29,0.006,34,-2.72,0.006,30,18.28,0.026,32,79.89,0.019,31,0.53,0.006,32,12.39,0.058,34,84.81,0.091,34
1786331326.312,walk vx=0.030 vy=0.000 w=0.00,-0.18,0.006,34,8.88,0.006,33,86.75,0.039,34,1.49,0.006,33,16.08,0.026,36,80.6,0.045,41,-1.58,0.006,33,8.79,0.006,33,87.1,0.006,34,-1.14,0.006,30,17.58,0.0,36,80.42,0.0,34,1.05,0.019,30,10.63,0.013,30,82.62,0.026,31,0.53,0.0,32,10.37,0.0,34,90.0,0.013,35
1786331326.762,walk vx=0.030 vy=0.000 w=0.00,1.58,0.0,34,13.45,0.052,33,80.68,0.013,34,-2.9,0.013,33,7.21,0.013,36,91.23,0.0,41,1.49,0.006,33,17.84,0.013,33,78.93,0.006,34,0.35,0.0,30,9.58,0.019,36,90.0,0.013,34,0.09,0.019,107,11.25,0.0,32,91.41,0.006,31,-1.23,0.013,32,13.71,0.065,34,83.5,0.039,35
1786331327.225,walk vx=0.030 vy=0.000 w=0.00,-1.23,0.0,34,12.48,0.0,33,91.93,0.006,34,3.08,0.013,34,17.49,0.006,36,79.45,0.013,41,-0.97,0.006,33,8.96,0.019,33,85.52,0.026,34,0.62,0.006,30,13.18,0.019,36,81.39,0.0,34,-2.37,0.013,30,15.73,0.006,32,82.27,0.026,31,1.41,0.0,32,11.16,0.006,34,89.56,0.006,35
1786331327.676,walk vx=0.030 vy=0.000 w=0.00,1.14,0.026,34,16.0,0.052,33,80.95,0.006,34,-1.32,0.006,33,9.49,0.033,36,88.51,0.084,41,-0.18,0.006,33,9.67,0.006,33,87.45,0.013,34,-1.85,0.006,30,17.75,0.006,36,78.57,0.0,34,3.34,0.006,30,13.8,0.026,32,85.43,0.065,31,0.35,0.006,32,12.83,0.019,34,87.89,0.006,35
1786331328.271,walk vx=0.030 vy=0.000 w=0.00,1.49,0.006,34,14.5,0.039,33,79.98,0.006,34,-2.64,0.019,33,9.05,0.013,36,90.44,0.0,41,1.67,0.019,33,17.58,0.006,33,79.28,0.013,34,0.53,0.013,30,8.09,0.013,36,90.53,0.013,34,0.26,0.0,30,7.38,0.019,32,88.15,0.0,32,-1.32,0.019,32,16.35,0.019,34,82.88,0.104,34
1786331328.725,walk vx=0.030 vy=0.000 w=0.00,-1.41,0.0,34,11.78,0.0,33,91.76,0.0,34,3.08,0.013,34,17.67,0.013,36,79.19,0.006,41,-0.62,0.0,33,9.76,0.019,33,85.34,0.026,34,0.62,0.006,30,14.33,0.058,36,83.23,0.033,34,-2.72,0.006,30,15.03,0.019,32,81.91,0.033,31,1.41,0.0,32,9.23,0.006,34,89.38,0.071,35
1786331329.193,walk vx=0.030 vy=0.000 w=0.00,0.7,0.006,34,15.64,0.033,33,81.65,0.013,34,-1.49,0.019,33,12.3,0.045,36,82.18,0.084,41,-0.53,0.006,33,10.72,0.019,33,85.34,0.006,34,-1.49,0.006,30,17.05,0.026,35,78.66,0.0,34,3.52,0.006,30,12.83,0.013,32,86.04,0.033,31,-0.62,0.006,32,16.26,0.013,34,90.09,0.0,35
1786331329.771,walk vx=0.030 vy=0.000 w=0.00,0.79,0.019,34,14.41,0.033,33,83.06,0.052,34,-1.93,0.006,33,5.1,0.006,36,95.27,0.013,41,1.23,0.013,33,18.02,0.013,33,79.19,0.0,34,0.18,0.013,30,7.56,0.019,36,92.29,0.019,34,0.97,0.0,30,6.59,0.033,32,92.46,0.0,31,-1.58,0.006,32,13.1,0.078,34,83.76,0.039,35
1786331330.263,walk vx=0.030 vy=0.000 w=0.00,-1.14,0.0,34,11.69,0.006,33,87.28,0.019,34,2.2,0.006,33,17.67,0.0,36,79.54,0.006,41,-0.18,0.0,33,11.69,0.006,33,81.91,0.026,34,0.97,0.006,30,13.36,0.019,36,82.53,0.0,34,-3.43,0.0,30,16.44,0.013,32,80.95,0.026,31,1.14,0.013,32,12.3,0.013,34,85.17,0.084,34
1786331330.736,walk vx=0.030 vy=0.000 w=0.00,0.09,0.013,34,13.27,0.045,34,86.04,0.026,34,-0.18,0.013,33,16.17,0.033,36,82.18,0.084,41,-1.05,0.006,33,10.11,0.006,33,89.38,0.013,34,-1.49,0.0,30,17.14,0.026,36,79.98,0.013,34,2.11,0.006,30,11.6,0.033,32,82.71,0.045,31,0.0,0.006,32,12.3,0.0,34,91.58,0.0,34
1786331331.220,walk vx=0.030 vy=0.000 w=0.00,1.14,0.006,34,11.34,0.078,33,87.01,0.019,34,-2.29,0.019,33,4.57,0.0,36,92.72,0.0,41,1.49,0.006,33,18.28,0.019,33,80.16,0.078,34,0.7,0.013,30,7.38,0.026,36,90.79,0.019,34,-0.35,0.013,30,7.47,0.026,32,92.46,0.013,31,-0.88,0.013,32,15.82,0.026,34,84.73,0.156,35
1786331331.728,walk vx=0.030 vy=0.000 w=0.00,-1.23,0.006,34,10.81,0.006,34,87.01,0.0,34,2.81,0.006,33,17.49,0.013,36,79.19,0.0,41,-0.79,0.006,33,5.45,0.019,33,82.62,0.019,34,0.44,0.006,30,15.91,0.033,36,79.89,0.0,34,-2.11,0.006,30,13.1,0.006,32,85.34,0.033,31,1.76,0.0,32,11.34,0.0,34,86.66,0.006,35
1786331332.178,walk vx=0.030 vy=0.000 w=0.00,0.79,0.006,34,17.58,0.052,34,83.94,0.019,34,-1.23,0.019,33,13.97,0.045,36,84.81,0.149,41,-0.79,0.006,33,14.33,0.0,33,88.95,0.013,34,-1.58,0.0,30,18.02,0.026,36,79.37,0.0,34,3.08,0.019,30,14.24,0.033,32,84.02,0.045,32,-0.35,0.006,32,13.71,0.039,34,87.1,0.006,35
1786331332.695,walk vx=0.030 vy=0.000 w=0.00,0.7,0.013,34,14.15,0.019,33,88.07,0.033,34,-2.02,0.006,33,6.77,0.013,36,89.3,0.013,41,1.49,0.0,33,18.19,0.039,33,82.44,0.195,34,1.14,0.0,30,3.43,0.019,36,94.48,0.013,34,-1.58,0.026,30,11.51,0.0,32,87.54,0.0,31,-0.44,0.006,32,11.25,0.039,34,86.75,0.078,35
1786331333.151,walk vx=0.030 vy=0.000 w=0.00,-2.02,0.019,34,9.58,0.019,33,85.17,0.0,34,2.99,0.006,33,17.05,0.026,36,80.42,0.013,41,-0.88,0.013,33,7.56,0.013,33,84.46,0.039,34,0.26,0.006,30,14.06,0.026,36,81.83,0.0,34,-2.55,0.006,30,15.47,0.019,32,81.47,0.026,31,1.23,0.0,32,8.7,0.019,34,89.91,0.019,35
1786331333.708,walk vx=0.030 vy=0.000 w=0.00,0.62,0.013,34,17.75,0.0,34,86.92,0.045,34,-0.79,0.013,33,10.99,0.045,36,87.89,0.13,41,-0.44,0.013,33,13.89,0.006,33,84.55,0.0,34,-1.32,0.006,30,16.35,0.026,35,78.75,0.091,34,3.6,0.0,30,10.72,0.006,32,87.71,0.013,31,-0.44,0.006,32,17.75,0.0,34,83.14,0.0,34
1786331334.174,walk vx=0.030 vy=0.000 w=0.00,0.53,0.0,34,15.03,0.013,33,89.65,0.026,34,-1.32,0.013,33,9.67,0.006,36,86.75,0.0,41,1.41,0.0,33,17.75,0.013,33,79.89,0.078,34,1.23,0.0,30,8.26,0.019,36,92.64,0.013,34,-0.79,0.019,30,12.39,0.019,32,84.81,0.0,31,-0.97,0.006,32,16.0,0.0,34,84.29,0.078,35
1786331334.672,walk vx=0.030 vy=0.000 w=0.00,-2.2,0.006,34,7.21,0.0,34,84.99,0.006,34,3.16,0.0,33,17.31,0.019,36,80.07,0.026,41,-1.32,0.006,33,5.98,0.013,54,87.36,0.026,34,0.09,0.013,30,14.68,0.169,36,81.21,0.045,34,-1.85,0.013,30,16.08,0.026,32,82.79,0.033,31,1.41,0.0,32,7.56,0.006,34,90.18,0.065,35
1786331335.223,walk vx=0.030 vy=0.000 w=0.00,0.88,0.006,34,17.67,0.006,34,87.19,0.033,34,-0.97,0.006,33,12.48,0.045,36,87.45,0.149,41,-0.62,0.006,33,12.3,0.006,33,84.46,0.013,34,-1.76,0.006,30,17.58,0.006,36,78.84,0.117,34,3.43,0.019,30,9.32,0.006,32,87.71,0.013,32,-0.44,0.0,32,16.96,0.006,34,83.5,0.006,34
1786331335.676,walk vx=0.030 vy=0.000 w=0.00,0.18,0.026,34,13.89,0.006,33,90.0,0.019,34,-1.32,0.013,33,9.84,0.013,36,85.78,0.0,41,1.32,0.006,33,18.19,0.006,33,82.53,0.149,34,1.41,0.0,30,6.94,0.013,36,92.99,0.006,34,-1.67,0.013,30,14.33,0.019,32,83.58,0.013,31,-0.53,0.006,32,10.63,0.071,34,86.84,0.058,35
1786331336.148,walk vx=0.030 vy=0.000 w=0.00,-1.58,0.006,34,10.2,0.019,33,85.96,0.0,34,2.81,0.006,33,16.61,0.065,36,80.16,0.033,41,-1.41,0.006,33,5.27,0.019,33,84.29,0.026,34,-0.35,0.0,30,16.08,0.065,36,80.16,0.26,34,-0.62,0.006,30,11.07,0.026,34,82.27,0.0,31,1.05,0.006,32,12.22,0.013,34,88.24,0.0,55
1786331336.587,walk vx=0.030 vy=0.000 w=0.00,1.85,0.013,34,18.19,0.0,33,80.95,0.0,34,-3.78,0.026,33,7.82,0.0,36,95.89,0.026,41,1.05,0.019,33,17.05,0.0,33,82.35,0.026,34,-0.44,0.0,30,12.48,0.006,36,80.33,0.123,34,2.81,0.006,30,10.81,0.013,32,89.47,0.013,31,-1.49,0.0,32,17.84,0.0,34,80.95,0.0,34
1786331337.077,walk vx=0.030 vy=0.000 w=0.00,-0.44,0.019,34,7.21,0.019,34,92.55,0.013,34,0.53,0.006,33,15.64,0.006,36,80.42,0.0,41,0.35,0.013,35,17.23,0.0,33,89.21,0.156,34,1.67,0.006,30,8.79,0.006,36,91.49,0.006,34,-3.16,0.006,30,18.02,0.006,32,79.8,0.006,31,0.53,0.006,32,7.82,0.006,34,88.77,0.182,35
1786331337.512,walk vx=0.030 vy=0.000 w=0.00,0.0,0.019,34,17.84,0.033,34,82.0,0.019,34,0.53,0.013,33,12.66,0.078,36,79.1,0.0,41,-1.58,0.0,33,6.59,0.0,33,80.16,0.006,34,-1.58,0.0,30,18.19,0.0,36,80.86,0.435,34,3.34,0.013,30,5.8,0.006,32,91.32,0.013,31,-0.26,0.006,32,17.14,0.006,34,84.46,0.026,34
1786331337.929,walk vx=0.030 vy=0.000 w=0.00,0.7,0.006,34,16.44,0.006,34,80.68,0.006,34,-0.88,0.019,33,9.84,0.0,36,93.08,0.019,41,1.49,0.006,33,17.05,0.058,33,78.05,0.026,34,1.58,0.0,30,8.17,0.006,36,86.13,0.026,34,-1.49,0.006,30,17.31,0.0,32,80.68,0.0,31,-0.62,0.006,32,11.6,0.039,34,83.85,0.033,34
1786331338.397,walk vx=0.030 vy=0.000 w=0.00,-1.41,0.0,34,6.33,0.013,34,93.69,0.006,34,2.81,0.006,33,17.23,0.019,36,81.04,0.019,41,-1.85,0.013,33,7.65,0.006,33,95.01,0.013,34,-0.26,0.013,30,15.56,0.033,36,82.97,0.006,34,-1.85,0.006,30,17.14,0.019,32,80.86,0.026,31,1.49,0.006,32,9.23,0.019,34,90.7,0.006,35
1786331338.927,walk vx=0.030 vy=0.000 w=0.00,0.97,0.006,34,18.11,0.0,34,80.86,0.0,34,-1.76,0.013,33,9.93,0.013,36,88.07,0.013,41,-0.18,0.006,33,13.8,0.071,33,80.16,0.0,34,-1.05,0.006,30,16.17,0.0,36,83.5,0.227,34,3.43,0.006,30,6.24,0.006,32,89.56,0.0,31,-0.97,0.006,32,17.67,0.019,34,81.39,0.013,35
1786331339.372,walk vx=0.030 vy=0.000 w=0.00,-0.26,0.006,34,10.72,0.013,34,84.99,0.019,34,0.09,0.0,33,13.36,0.033,36,83.32,0.013,41,0.79,0.006,33,18.19,0.0,33,79.72,0.078,34,1.93,0.0,30,8.09,0.0,36,84.29,0.019,55,-3.96,0.033,30,18.02,0.006,32,79.98,0.006,31,0.26,0.0,32,13.71,0.091,34,89.56,0.058,35
1786331339.814,walk vx=0.030 vy=0.000 w=0.00,-0.53,0.026,34,13.54,0.026,34,89.38,0.013,34,1.49,0.019,33,13.97,0.052,36,79.19,0.013,41,-1.49,0.006,33,4.31,0.006,33,95.1,0.006,34,-1.41,0.006,30,17.31,0.0,36,80.16,0.0,34,0.88,0.006,30,10.99,0.013,32,87.54,0.026,31,0.53,0.019,32,7.21,0.026,34,86.57,0.0,35
1786331340.313,walk vx=0.030 vy=0.000 w=0.00,2.11,0.006,34,17.31,0.026,34,82.18,0.019,34,-2.99,0.013,33,10.99,0.0,36,94.48,0.013,41,1.23,0.006,33,18.19,0.039,33,81.04,0.065,34,0.0,0.013,30,15.12,0.006,36,86.66,0.091,34,1.14,0.013,30,6.86,0.019,32,90.88,0.006,31,-1.76,0.006,32,16.88,0.052,34,80.77,0.006,35
1786331340.831,walk vx=0.030 vy=0.000 w=0.00,-0.53,0.013,34,5.01,0.006,34,92.99,0.013,34,2.2,0.006,33,11.6,0.039,36,81.3,0.019,41,0.44,0.0,33,8.17,0.019,33,78.75,0.026,34,1.76,0.0,30,9.32,0.026,36,85.08,0.0,34,-3.34,0.013,30,17.23,0.033,32,83.85,0.045,31,0.44,0.006,32,12.57,0.065,34,88.68,0.019,35
1786331341.295,walk vx=0.030 vy=0.000 w=0.00,-0.35,0.013,34,17.49,0.026,34,83.85,0.019,34,1.14,0.013,33,11.87,0.052,36,79.89,0.013,41,-1.58,0.0,33,10.9,0.0,33,94.04,0.006,34,-1.32,0.0,30,17.75,0.019,36,79.28,0.019,34,2.37,0.013,30,13.1,0.026,32,86.4,0.143,31,0.09,0.006,32,12.04,0.019,34,84.38,0.019,34
1786331341.719,walk vx=0.030 vy=0.000 w=0.00,0.7,0.013,34,17.67,0.0,34,80.24,0.019,34,-2.29,0.013,33,11.6,0.006,36,94.04,0.006,41,1.58,0.006,33,16.52,0.013,33,81.74,0.143,34,0.79,0.013,30,8.61,0.006,36,92.29,0.019,34,-0.88,0.033,30,9.58,0.0,32,87.28,0.0,32,-0.62,0.006,32,11.43,0.065,34,86.48,0.052,34
1786331342.159,walk vx=0.030 vy=0.000 w=0.00,-1.41,0.006,34,5.45,0.019,34,94.13,0.006,35,2.99,0.0,33,17.93,0.019,36,80.51,0.052,41,-0.53,0.0,33,10.11,0.065,33,81.12,0.045,34,0.0,0.013,30,11.16,0.195,36,80.24,0.078,34,-1.76,0.006,30,16.96,0.0,32,81.65,0.0,32,1.32,0.0,32,10.99,0.0,34,87.98,0.026,35
1786331342.690,walk vx=0.030 vy=0.000 w=0.00,0.7,0.019,34,18.02,0.0,33,81.04,0.006,34,-2.11,0.013,33,5.1,0.039,36,81.39,0.033,41,-0.18,0.013,33,12.57,0.006,33,88.51,0.013,34,-1.41,0.013,30,11.07,0.058,36,78.66,0.019,34,3.25,0.0,30,9.05,0.006,32,85.78,0.013,32,-0.97,0.006,32,15.47,0.013,34,85.17,0.0,35
1786331343.163,walk vx=0.030 vy=0.000 w=0.00,0.62,0.006,34,12.13,0.019,34,84.64,0.013,34,-0.7,0.019,33,13.71,0.0,36,92.55,0.033,41,1.23,0.006,33,18.37,0.006,33,84.29,0.182,34,1.76,0.019,30,12.92,0.0,36,94.13,0.0,34,-2.99,0.013,30,16.17,0.006,33,83.94,0.006,31,0.97,0.006,32,8.7,0.026,34,89.3,0.221,35
1786331343.583,walk vx=0.000 vy=0.000 w=0.00,0.88,0.0,34,12.92,0.026,34,87.89,0.026,34,-1.41,0.006,33,17.75,0.006,36,82.79,0.033,41,0.53,0.0,33,5.71,0.006,33,84.99,0.026,34,0.88,0.0,30,19.25,0.013,36,83.14,0.598,34,-1.67,0.0,30,5.8,0.0,32,94.13,0.013,31,0.97,0.006,32,17.75,0.013,34,78.49,0.006,35
1786331343.996,walk vx=0.000 vy=0.000 w=0.00,0.62,0.0,34,6.33,0.006,34,94.57,0.0,34,-1.93,0.006,33,18.28,0.006,36,79.19,0.006,41,0.62,0.006,33,5.62,0.0,33,92.9,0.0,34,0.79,0.0,30,19.51,0.019,36,82.97,0.676,34,-1.41,0.006,30,5.8,0.0,32,94.04,0.006,32,0.97,0.006,32,17.75,0.019,34,78.75,0.0,35
1786331344.432,walk vx=0.000 vy=0.000 w=0.00,0.62,0.013,34,6.33,0.006,33,94.57,0.0,34,-1.93,0.006,33,18.28,0.006,36,79.19,0.006,41,0.62,0.006,33,5.62,0.0,33,92.9,0.0,34,0.79,0.0,30,19.51,0.019,36,82.97,0.572,34,-1.41,0.006,30,5.89,0.006,32,94.04,0.006,31,0.97,0.013,32,17.75,0.019,36,78.75,0.006,35
1786331344.834,walk vx=0.000 vy=0.000 w=0.00,0.35,0.019,34,6.33,0.006,34,94.57,0.0,34,-1.93,0.006,33,18.28,0.0,36,79.19,0.006,41,0.62,0.006,33,5.62,0.0,33,92.9,0.006,34,0.79,0.0,30,19.51,0.019,36,82.97,0.566,34,-1.41,0.006,30,5.89,0.006,32,94.04,0.006,32,0.97,0.006,32,17.75,0.013,34,78.75,0.006,35
1786331345.249,walk vx=0.000 vy=0.000 w=0.00,1.14,0.006,34,6.33,0.006,33,94.57,0.0,34,-1.93,0.006,33,18.28,0.006,36,79.19,0.006,41,0.62,0.0,33,5.62,0.0,33,92.9,0.0,34,0.79,0.0,30,19.51,0.019,36,82.97,0.617,34,-1.41,0.013,30,5.89,0.006,32,94.04,0.006,32,0.97,0.006,32,17.75,0.019,34,78.75,0.006,35
1786331345.695,walk vx=0.000 vy=0.000 w=0.00,0.79,0.006,34,6.33,0.006,34,94.57,0.0,34,-1.93,0.006,33,18.28,0.006,36,79.19,0.006,41,0.62,0.006,33,5.62,0.0,33,92.9,0.0,34,0.79,0.0,30,19.51,0.019,36,82.97,0.663,34,-1.41,0.013,30,5.89,0.006,32,94.04,0.006,31,0.97,0.006,32,17.75,0.019,34,78.75,0.006,35
1786331346.151,walk vx=0.000 vy=0.000 w=0.00,0.79,0.006,34,6.33,0.006,33,94.57,0.0,34,-1.93,0.006,33,18.28,0.006,36,79.19,0.006,41,0.62,0.006,33,5.62,0.0,33,92.9,0.0,34,0.79,0.0,30,19.51,0.019,37,82.97,0.663,34,-1.41,0.006,30,5.89,0.006,32,94.04,0.006,31,0.97,0.006,32,17.75,0.019,34,78.75,0.006,35
1786331346.527,walk vx=0.000 vy=0.000 w=0.00,0.88,0.0,34,6.33,0.006,33,94.57,0.0,34,-1.93,0.013,33,18.28,0.0,36,79.19,0.006,41,0.62,0.0,33,5.62,0.0,33,92.9,0.006,34,0.79,0.0,30,19.51,0.019,36,82.97,0.566,34,-1.41,0.006,30,5.89,0.006,32,94.04,0.006,32,0.97,0.006,32,17.75,0.019,34,78.75,0.006,35
1786331346.949,walk vx=0.000 vy=0.000 w=0.00,0.88,0.0,34,6.33,0.006,33,94.57,0.0,34,-1.93,0.006,33,18.28,0.0,36,79.19,0.006,41,0.62,0.0,33,5.62,0.0,33,92.9,0.006,34,0.79,0.0,30,19.51,0.019,36,82.97,0.579,34,-1.41,0.006,30,5.89,0.006,32,94.04,0.006,31,0.97,0.006,32,17.75,0.019,34,78.75,0.006,35
1786331347.320,walk vx=0.000 vy=0.000 w=0.00,0.88,0.0,34,6.33,0.006,33,94.57,0.0,34,-1.93,0.006,33,18.28,0.006,36,79.19,0.006,41,0.62,0.0,33,5.62,0.0,33,92.9,0.006,34,0.79,0.0,30,19.51,0.019,36,82.97,0.572,34,-1.41,0.006,30,5.89,0.006,32,94.04,0.006,31,0.97,0.006,32,17.75,0.019,34,78.75,0.006,35
1786331347.694,walk vx=0.000 vy=0.000 w=0.00,0.88,0.0,34,6.33,0.0,34,94.57,0.0,34,-1.93,0.006,33,18.28,0.006,36,79.19,0.006,41,0.62,0.006,33,5.62,0.0,33,92.9,0.0,34,0.79,0.0,30,19.51,0.019,36,82.97,0.637,34,-1.41,0.006,30,5.89,0.006,32,94.04,0.006,31,0.97,0.006,32,17.75,0.019,34,78.75,0.006,35
1786331348.132,walk vx=0.000 vy=0.000 w=0.00,0.88,0.0,34,6.33,0.0,33,94.57,0.0,34,-1.93,0.006,33,18.28,0.0,36,79.19,0.006,40,0.62,0.0,33,5.62,0.0,33,92.9,0.006,34,0.79,0.0,30,19.51,0.019,36,82.97,0.637,34,-1.41,0.006,30,5.89,0.006,32,94.04,0.006,31,0.97,0.006,32,17.75,0.013,34,78.75,0.006,35
1786331348.543,walk vx=0.000 vy=0.000 w=0.00,0.88,0.0,34,6.33,0.006,34,94.57,0.0,34,-1.93,0.006,33,18.28,0.006,36,79.19,0.006,41,0.62,0.006,33,5.62,0.0,33,92.9,0.0,34,0.79,0.0,30,19.51,0.019,36,82.97,0.572,34,-1.41,0.006,30,5.89,0.0,32,94.04,0.0,31,0.97,0.013,32,17.75,0.019,34,78.75,0.006,35
1786331348.896,walk vx=0.000 vy=0.000 w=0.00,0.88,0.0,34,6.33,0.006,34,94.57,0.0,34,-1.93,0.006,33,18.28,0.006,36,79.19,0.006,41,0.62,0.0,33,5.62,0.0,33,92.9,0.006,34,0.79,0.0,30,19.51,0.019,36,82.97,0.617,34,-1.41,0.006,30,5.89,0.006,32,94.04,0.013,31,0.97,0.006,32,17.75,0.013,34,78.75,0.006,35
1786331349.336,walk vx=0.000 vy=0.000 w=0.00,0.88,0.0,34,6.33,0.006,33,94.57,0.0,34,-1.93,0.006,33,18.28,0.006,36,79.19,0.006,41,0.62,0.0,33,5.62,0.0,33,92.9,0.0,34,0.79,0.0,30,19.51,0.019,36,82.97,0.546,34,-1.41,0.006,30,5.89,0.006,32,94.04,0.006,32,0.97,0.0,32,17.75,0.019,34,78.75,0.006,35
1786331349.746,walk vx=0.000 vy=0.000 w=0.00,0.88,0.0,34,6.33,0.006,34,94.57,0.0,34,-1.93,0.006,33,18.28,0.0,36,79.19,0.006,41,0.62,0.006,33,5.62,0.0,33,92.9,0.006,34,0.79,0.0,30,19.51,0.019,36,82.97,0.572,34,-1.41,0.006,30,5.89,0.006,32,94.04,0.006,31,0.97,0.006,32,17.75,0.019,34,78.75,0.006,35
1786331350.116,walk vx=0.000 vy=0.000 w=0.00,0.88,0.0,34,6.33,0.006,34,94.57,0.0,34,-1.93,0.006,33,18.28,0.0,36,79.19,0.006,41,0.62,0.006,33,5.62,0.0,33,92.9,0.006,34,0.79,0.0,30,19.51,0.019,36,82.97,0.552,34,-1.41,0.006,30,5.89,0.006,32,94.04,0.006,31,0.97,0.006,32,17.75,0.019,56,78.75,0.006,35
1786331350.507,walk vx=0.000 vy=0.000 w=0.00,0.88,0.0,34,6.33,0.0,34,94.57,0.0,34,-1.93,0.006,33,18.28,0.006,36,79.19,0.006,41,0.62,0.0,33,5.62,0.0,33,92.9,0.006,34,0.79,0.0,30,19.51,0.019,36,82.97,0.624,34,-1.41,0.006,30,5.89,0.006,32,94.04,0.006,32,0.97,0.006,32,17.75,0.013,34,78.75,0.006,35
1786331350.940,walk vx=0.000 vy=0.000 w=0.00,0.88,0.0,34,6.33,0.006,34,94.57,0.0,34,-1.93,0.006,33,18.28,0.006,36,79.19,0.006,41,0.62,0.0,33,5.62,0.0,33,92.9,0.006,34,0.79,0.0,30,19.51,0.019,36,82.97,0.585,35,-1.41,0.006,30,5.89,0.006,32,94.04,0.006,31,0.97,0.006,32,17.75,0.019,34,78.75,0.006,35
1786331351.422,walk vx=0.000 vy=0.000 w=0.00,0.88,0.0,34,6.33,0.006,34,94.57,0.0,34,-1.93,0.006,33,18.28,0.0,36,79.19,0.006,41,0.62,0.0,33,5.62,0.0,33,92.9,0.006,34,0.79,0.0,30,19.51,0.019,36,82.97,0.624,35,-1.41,0.013,30,5.89,0.006,32,94.04,0.013,31,0.97,0.006,32,17.75,0.013,34,78.75,0.006,35
1786331351.813,walk vx=0.000 vy=0.000 w=0.00,0.88,0.0,34,6.33,0.006,34,94.57,0.0,34,-1.93,0.006,33,18.28,0.006,36,79.19,0.006,41,0.62,0.006,33,5.62,0.0,33,92.9,0.006,34,0.79,0.0,30,19.51,0.019,36,82.97,0.624,35,-1.41,0.006,30,5.89,0.006,32,94.04,0.006,31,0.97,0.013,32,17.75,0.019,34,78.75,0.006,35
1786331352.248,walk vx=0.000 vy=0.000 w=0.00,0.88,0.0,34,6.33,0.006,34,94.57,0.0,34,-1.93,0.006,33,18.28,0.0,36,79.19,0.006,41,0.62,0.0,33,5.62,0.0,33,92.9,0.0,34,0.79,0.0,30,19.51,0.019,36,82.97,0.598,35,-1.41,0.006,30,5.89,0.006,32,94.04,0.006,31,0.97,0.006,32,17.75,0.019,34,78.75,0.006,35
1786331352.632,walk vx=0.000 vy=0.000 w=0.00,0.88,0.0,34,6.33,0.006,33,94.57,0.0,34,-1.93,0.006,33,18.28,0.0,36,79.19,0.006,41,0.62,0.006,33,5.62,0.0,33,92.9,0.0,34,0.79,0.0,30,19.51,0.019,36,82.97,0.572,35,-1.41,0.006,30,5.89,0.006,32,94.04,0.006,31,0.97,0.006,32,17.75,0.013,34,78.75,0.006,35
1786331353.056,walk vx=0.000 vy=0.000 w=0.00,0.88,0.0,34,6.33,0.006,34,94.57,0.0,34,-1.93,0.006,33,18.28,0.0,36,79.19,0.006,41,0.62,0.0,33,5.62,0.0,33,92.9,0.006,34,0.79,0.0,30,19.51,0.013,36,82.97,0.604,35,-1.41,0.006,30,5.89,0.006,32,94.04,0.006,32,0.97,0.006,32,17.75,0.019,34,78.75,0.006,35
1786331353.596,walk vx=0.000 vy=0.000 w=0.00,0.88,0.0,34,6.33,0.006,34,94.57,0.0,34,-1.93,0.006,33,18.28,0.006,36,79.19,0.006,41,0.62,0.0,33,5.62,0.0,33,92.9,0.0,34,0.79,0.0,30,19.51,0.019,36,82.97,0.592,35,-1.41,0.006,30,5.89,0.006,32,94.04,0.006,32,0.97,0.006,32,17.75,0.019,34,78.75,0.006,35
1786331354.005,walk vx=0.000 vy=0.000 w=0.00,0.88,0.0,34,6.33,0.006,34,94.57,0.0,34,-1.93,0.006,33,18.28,0.0,36,79.19,0.006,41,0.62,0.0,33,5.62,0.0,33,92.9,0.0,34,0.79,0.0,30,19.51,0.019,36,82.97,0.552,35,-1.41,0.006,30,5.89,0.006,32,94.04,0.006,32,0.97,0.006,32,17.75,0.019,52,78.75,0.013,35
1786331354.398,walk vx=0.000 vy=0.000 w=0.00,0.88,0.0,34,6.33,0.006,33,94.57,0.0,34,-1.93,0.006,33,18.28,0.006,36,79.19,0.013,41,0.62,0.0,33,5.62,0.0,33,92.9,0.006,34,0.79,0.0,30,19.51,0.019,36,82.97,0.539,35,-1.41,0.006,30,5.89,0.0,32,94.04,0.006,31,0.97,0.006,32,17.75,0.019,34,78.75,0.006,35
1786331354.826,walk vx=0.000 vy=0.000 w=0.00,0.88,0.0,34,6.33,0.006,34,94.57,0.0,34,-1.93,0.006,33,18.28,0.006,36,79.19,0.006,41,0.62,0.0,33,5.62,0.0,33,92.9,0.006,34,0.79,0.0,30,19.51,0.019,36,82.97,0.624,35,-1.41,0.006,30,5.89,0.006,32,94.04,0.013,31,0.97,0.006,32,17.75,0.019,34,78.75,0.006,35
1786331355.291,walk vx=0.000 vy=0.000 w=0.00,0.88,0.0,34,6.33,0.006,33,94.57,0.0,34,-1.93,0.006,33,18.28,0.006,36,79.19,0.006,41,0.62,0.0,33,5.62,0.0,33,92.9,0.0,34,0.79,0.0,30,19.51,0.019,36,82.97,0.566,35,-1.41,0.006,30,5.89,0.006,32,94.04,0.006,31,0.97,0.006,32,17.75,0.019,34,78.75,0.006,35
1786331355.769,walk vx=0.000 vy=0.000 w=0.00,0.88,0.0,34,6.33,0.006,34,94.57,0.0,34,-1.93,0.006,33,18.28,0.006,36,79.19,0.006,41,0.62,0.0,33,5.62,0.0,33,92.9,0.0,34,0.79,0.0,30,19.51,0.019,36,82.97,0.552,35,-1.41,0.006,30,5.89,0.006,32,94.04,0.006,31,0.97,0.006,32,17.75,0.019,34,78.75,0.006,35
1786331356.167,walk vx=0.000 vy=0.000 w=0.00,0.88,0.0,34,6.33,0.006,33,94.57,0.0,34,-1.93,0.0,33,18.28,0.006,36,79.19,0.006,41,0.62,0.0,33,5.62,0.0,33,92.9,0.0,34,0.79,0.0,30,19.51,0.019,36,82.97,0.572,35,-1.41,0.006,30,5.89,0.006,32,94.04,0.006,32,0.97,0.006,32,17.75,0.013,34,78.75,0.006,35
1786331356.597,walk vx=0.000 vy=0.000 w=0.00,0.88,0.0,34,6.33,0.006,34,94.57,0.0,34,-1.93,0.006,33,18.28,0.006,36,79.19,0.006,41,0.62,0.006,33,5.62,0.0,33,92.9,0.0,34,0.79,0.0,30,19.51,0.019,36,82.97,0.585,35,-1.41,0.013,30,5.89,0.006,32,94.04,0.006,31,0.97,0.0,32,17.75,0.019,34,78.75,0.006,35
1786331357.016,walk vx=0.000 vy=0.000 w=0.00,0.88,0.0,34,6.33,0.0,34,94.57,0.0,34,-1.93,0.006,33,18.28,0.0,36,79.19,0.006,41,0.62,0.006,33,5.62,0.0,33,92.9,0.006,34,0.79,0.0,30,19.51,0.019,36,82.97,0.598,35,-1.41,0.006,30,5.89,0.013,32,94.04,0.013,31,0.97,0.006,32,17.75,0.019,34,78.75,0.006,35
1786331357.445,walk vx=0.000 vy=0.000 w=0.00,0.88,0.0,34,6.33,0.006,33,94.57,0.0,34,-1.93,0.006,33,18.28,0.006,36,79.19,0.006,41,0.62,0.0,33,5.62,0.0,33,92.9,0.0,34,0.79,0.0,30,19.51,0.019,36,82.97,0.507,35,-1.41,0.006,30,5.89,0.006,32,94.04,0.006,32,0.97,0.006,32,17.75,0.019,34,78.75,0.0,35
1786331357.894,walk vx=0.000 vy=0.000 w=0.00,0.88,0.0,34,6.33,0.0,34,94.57,0.0,34,-1.93,0.006,33,18.28,0.0,36,79.19,0.0,41,0.62,0.006,33,5.62,0.0,33,92.9,0.006,34,0.79,0.0,30,19.51,0.019,36,82.97,0.533,35,-1.41,0.006,30,5.89,0.006,32,94.04,0.006,32,0.97,0.006,32,17.75,0.019,34,78.75,0.006,35
1786331358.373,walk vx=0.000 vy=0.000 w=0.00,0.88,0.0,34,6.33,0.0,34,94.57,0.0,34,-1.93,0.0,33,18.28,0.006,36,79.19,0.006,41,0.62,0.006,33,5.62,0.0,33,92.9,0.0,34,0.79,0.0,30,19.51,0.019,36,82.97,0.598,35,-1.41,0.006,30,5.89,0.006,32,94.04,0.006,32,0.97,0.006,32,17.75,0.019,34,78.75,0.013,35
1786331358.811,walk vx=0.000 vy=0.000 w=0.00,0.88,0.0,34,6.33,0.0,34,94.57,0.0,34,-1.93,0.006,33,18.28,0.006,36,79.19,0.006,41,0.62,0.0,33,5.62,0.0,33,92.9,0.006,34,0.79,0.0,30,19.51,0.019,36,82.97,0.513,35,-1.41,0.006,30,5.89,0.006,32,94.04,0.006,32,0.97,0.006,32,17.75,0.019,34,78.75,0.006,35
1786331359.207,walk vx=0.000 vy=0.000 w=0.00,0.88,0.0,34,6.33,0.006,34,94.57,0.0,34,-1.93,0.006,33,18.28,0.006,36,79.19,0.013,40,0.62,0.0,33,5.62,0.0,33,92.9,0.0,34,0.79,0.0,30,19.51,0.019,36,82.97,0.592,35,-1.41,0.006,30,5.89,0.006,32,94.04,0.006,31,0.97,0.006,32,17.75,0.019,34,78.75,0.006,35
1786331359.625,walk vx=0.000 vy=0.000 w=0.00,0.88,0.0,34,6.33,0.006,34,94.57,0.0,34,-1.93,0.006,33,18.28,0.0,36,79.19,0.006,40,0.62,0.0,33,5.62,0.0,33,92.9,0.0,34,0.79,0.0,30,19.51,0.019,36,82.97,0.5,35,-1.41,0.006,30,5.89,0.006,32,94.04,0.006,31,0.97,0.006,32,17.75,0.019,34,78.75,0.006,35
1786331360.023,walk vx=0.000 vy=0.000 w=0.00,0.88,0.0,34,6.33,0.006,34,94.57,0.0,34,-1.93,0.006,33,18.28,0.0,36,79.19,0.006,41,0.62,0.006,33,5.62,0.0,33,92.9,0.006,34,0.79,0.0,30,19.51,0.019,36,82.97,0.604,35,-1.41,0.013,30,5.89,0.006,32,94.04,0.006,31,0.97,0.006,32,17.75,0.019,34,78.75,0.006,35
1786331360.438,walk vx=0.000 vy=0.000 w=0.00,0.88,0.0,34,6.33,0.006,34,94.57,0.0,34,-1.93,0.013,33,18.28,0.006,36,79.19,0.006,41,0.62,0.006,33,5.62,0.0,33,92.9,0.0,34,0.79,0.0,30,19.51,0.019,36,82.97,0.579,35,-1.41,0.006,30,5.89,0.006,32,94.04,0.006,31,0.97,0.006,32,17.75,0.013,34,78.75,0.006,35
1786331360.843,walk vx=0.000 vy=0.000 w=0.00,0.88,0.0,34,6.33,0.006,34,94.57,0.0,34,-1.93,0.006,33,18.28,0.006,36,79.19,0.006,41,0.62,0.0,33,5.62,0.0,33,92.9,0.006,34,0.79,0.0,30,19.51,0.019,36,82.97,0.513,35,-1.41,0.006,30,5.89,0.006,32,94.04,0.006,31,0.97,0.006,32,17.75,0.019,34,78.75,0.006,35
1786331361.263,walk vx=0.000 vy=0.000 w=0.00,0.88,0.0,34,6.33,0.006,34,94.57,0.0,34,-1.93,0.006,33,18.28,0.006,36,79.19,0.006,41,0.62,0.0,33,5.62,0.0,33,92.9,0.006,34,0.79,0.0,30,19.51,0.019,36,82.97,0.572,35,-1.41,0.013,30,5.89,0.0,32,94.04,0.006,32,0.97,0.0,32,17.75,0.019,34,78.75,0.006,35
1786331361.677,walk vx=0.000 vy=0.000 w=0.00,0.88,0.0,34,6.33,0.006,34,94.57,0.0,34,-1.93,0.006,33,18.28,0.006,36,79.19,0.006,41,0.62,0.006,33,5.62,0.0,33,92.9,0.006,34,0.79,0.0,30,19.51,0.019,36,82.97,0.604,35,-1.41,0.006,30,5.89,0.006,32,94.04,0.006,31,0.97,0.006,32,17.75,0.019,34,78.75,0.006,35
1786331362.080,walk vx=0.000 vy=0.000 w=0.00,0.88,0.0,34,6.33,0.006,34,94.57,0.0,34,-1.93,0.006,33,18.28,0.0,36,79.19,0.006,40,0.62,0.0,33,5.62,0.0,33,92.9,0.006,34,0.79,0.0,30,19.51,0.019,36,82.97,0.526,35,-1.41,0.006,30,5.89,0.0,32,94.04,0.006,31,0.97,0.006,32,17.75,0.013,34,78.75,0.006,35
1786331362.561,walk vx=0.000 vy=0.000 w=0.00,0.88,0.0,34,6.33,0.006,34,94.57,0.0,34,-1.93,0.006,33,18.28,0.0,36,79.19,0.006,41,0.62,0.006,33,5.62,0.0,33,92.9,0.0,34,0.79,0.0,30,19.51,0.019,36,82.97,0.546,35,-1.41,0.006,30,5.89,0.006,32,94.04,0.006,31,0.97,0.006,32,17.75,0.013,34,78.75,0.006,35
1786331362.980,walk vx=0.000 vy=0.000 w=0.00,0.88,0.0,34,6.33,0.006,34,94.57,0.0,34,-1.93,0.006,33,18.28,0.0,36,79.19,0.006,41,0.62,0.0,33,5.62,0.0,33,92.9,0.006,34,0.79,0.0,30,19.51,0.019,36,82.97,0.552,35,-1.41,0.006,30,5.89,0.006,32,94.04,0.006,31,0.97,0.006,32,17.75,0.019,34,78.75,0.006,35
1786331363.440,walk vx=0.000 vy=0.000 w=0.00,0.88,0.0,34,6.33,0.006,34,94.57,0.0,34,-1.93,0.006,33,18.28,0.006,36,79.19,0.006,41,0.62,0.0,33,5.62,0.0,33,92.9,0.006,34,0.79,0.0,30,19.51,0.019,36,82.97,0.566,35,-1.41,0.006,30,5.89,0.0,32,94.04,0.006,31,0.97,0.006,32,17.75,0.019,34,78.75,0.0,35
1786331363.849,walk vx=0.000 vy=0.000 w=0.00,0.88,0.0,34,6.33,0.006,34,94.57,0.0,34,-1.93,0.0,33,18.28,0.006,36,79.19,0.006,40,0.62,0.0,33,5.62,0.0,33,92.9,0.006,34,0.79,0.0,30,19.51,0.019,36,82.97,0.598,35,-1.41,0.006,30,5.89,0.006,32,94.04,0.006,31,0.97,0.006,32,17.75,0.019,34,78.75,0.006,35
1786331364.370,walk vx=0.000 vy=0.000 w=0.00,0.88,0.0,34,6.33,0.0,34,94.57,0.0,34,-1.93,0.006,33,18.28,0.006,36,79.19,0.006,41,0.62,0.0,33,5.62,0.0,33,92.9,0.0,34,0.79,0.0,30,19.51,0.019,36,82.97,0.539,35,-1.41,0.006,30,5.89,0.0,32,94.04,0.006,31,0.97,0.006,32,17.75,0.013,34,78.75,0.006,35
1786331364.774,walk vx=0.000 vy=0.000 w=0.00,0.88,0.0,34,6.33,0.006,34,94.57,0.0,34,-1.93,0.006,33,18.28,0.0,36,79.19,0.006,41,0.62,0.0,33,5.62,0.0,33,92.9,0.006,34,0.79,0.0,30,19.51,0.019,36,82.97,0.579,35,-1.41,0.006,30,5.89,0.006,32,94.04,0.006,31,0.97,0.013,32,17.75,0.013,34,78.75,0.0,35
1786331365.187,walk vx=0.000 vy=0.000 w=0.00,0.88,0.0,34,6.33,0.006,34,94.57,0.0,34,-1.93,0.006,33,18.28,0.0,36,79.19,0.006,40,0.62,0.006,33,5.62,0.0,33,92.9,0.006,34,0.79,0.0,30,19.51,0.019,36,82.97,0.572,35,-1.41,0.006,30,5.89,0.0,32,94.04,0.006,31,0.97,0.006,32,17.75,0.013,34,78.75,0.006,35
1786331365.622,walk vx=0.000 vy=0.000 w=0.00,0.88,0.0,34,6.33,0.006,34,94.57,0.0,34,-1.93,0.006,33,18.28,0.0,36,79.19,0.006,41,0.62,0.0,33,5.62,0.0,33,92.9,0.006,34,0.79,0.0,30,19.51,0.019,36,82.97,0.566,36,-1.41,0.006,30,5.89,0.006,32,94.04,0.013,31,0.97,0.006,32,17.75,0.019,34,78.75,0.006,35
1786331366.088,walk vx=0.000 vy=0.000 w=0.00,0.88,0.0,34,6.33,0.006,34,94.57,0.0,34,-1.93,0.006,33,18.28,0.006,36,79.19,0.006,40,0.62,0.0,33,5.62,0.0,33,92.9,0.0,34,0.79,0.0,30,19.51,0.019,36,82.97,0.507,36,-1.41,0.006,30,5.89,0.006,32,94.04,0.006,32,0.97,0.006,32,17.75,0.019,34,78.75,0.006,35
1786331366.531,walk vx=0.000 vy=0.000 w=0.00,0.88,0.0,34,6.33,0.0,34,94.57,0.0,34,-1.93,0.006,33,18.28,0.0,36,79.19,0.006,40,0.62,0.0,33,5.62,0.0,33,92.9,0.0,34,0.79,0.0,30,19.51,0.019,36,82.97,0.526,36,-1.41,0.006,30,5.89,0.006,32,94.04,0.006,31,0.97,0.0,32,17.75,0.019,34,78.75,0.006,35
1786331366.993,walk vx=0.000 vy=0.000 w=0.00,0.88,0.0,34,6.33,0.006,34,94.57,0.0,34,-1.93,0.006,33,18.28,0.0,36,79.19,0.006,40,0.62,0.006,33,5.62,0.0,33,92.9,0.006,34,0.79,0.0,30,19.51,0.019,36,82.97,0.539,36,-1.41,0.006,30,5.89,0.006,32,94.04,0.013,31,0.97,0.006,32,17.75,0.019,34,78.75,0.006,35
1786331367.414,walk vx=0.000 vy=0.000 w=0.00,0.88,0.0,34,6.33,0.006,34,94.57,0.0,34,-1.93,0.006,33,18.28,0.006,36,79.19,0.006,40,0.62,0.006,33,5.62,0.0,33,92.9,0.006,34,0.79,0.0,30,19.51,0.019,36,82.97,0.585,36,-1.41,0.006,30,5.89,0.006,32,94.04,0.006,32,0.97,0.006,32,17.75,0.013,34,78.75,0.006,35
1786331367.864,walk vx=0.000 vy=0.000 w=0.00,0.88,0.0,34,6.33,0.006,34,94.57,0.0,34,-1.93,0.006,33,18.28,0.0,36,79.19,0.006,41,0.62,0.0,33,5.62,0.0,33,92.9,0.006,34,0.79,0.0,30,19.51,0.019,36,82.97,0.585,36,-1.41,0.006,30,5.89,0.006,32,94.04,0.013,32,0.97,0.006,32,17.75,0.019,34,78.75,0.006,35
1786331368.332,walk vx=0.000 vy=0.000 w=0.00,0.88,0.0,34,6.33,0.006,34,94.57,0.0,34,-1.93,0.0,33,18.28,0.006,36,79.19,0.006,40,0.62,0.006,33,5.62,0.0,33,92.9,0.006,34,0.79,0.0,30,19.51,0.019,36,82.97,0.487,36,-1.41,0.0,30,5.89,0.0,32,94.04,0.006,31,0.97,0.013,32,17.75,0.019,34,78.75,0.006,34
1786331368.801,walk vx=0.000 vy=0.000 w=0.00,0.88,0.0,34,6.33,0.006,34,94.57,0.0,34,-1.93,0.006,33,18.28,0.0,36,79.19,0.006,40,0.62,0.006,33,5.62,0.0,33,92.9,0.006,34,0.79,0.0,30,19.51,0.019,35,82.97,0.5,36,-1.41,0.006,30,5.89,0.006,32,94.04,0.0,31,0.97,0.006,32,17.75,0.019,34,78.75,0.006,35
1786331369.203,walk vx=0.000 vy=0.000 w=0.00,0.88,0.0,34,6.33,0.006,34,94.57,0.0,34,-1.93,0.006,33,18.28,0.006,36,79.19,0.006,40,0.62,0.006,33,5.62,0.0,33,92.9,0.006,34,0.79,0.0,30,19.51,0.019,36,82.97,0.533,36,-1.41,0.006,30,5.89,0.006,32,94.04,0.006,31,0.97,0.006,32,17.75,0.019,35,78.75,0.006,35
1786331369.639,walk vx=0.000 vy=0.000 w=0.00,0.88,0.0,34,6.33,0.0,34,94.57,0.0,34,-1.93,0.006,33,18.28,0.0,36,79.19,0.006,41,0.62,0.0,33,5.62,0.0,33,92.9,0.006,34,0.79,0.0,30,19.51,0.019,36,82.97,0.552,36,-1.41,0.006,30,5.89,0.006,32,94.04,0.006,32,0.97,0.006,32,17.75,0.019,34,78.75,0.006,35
1786331370.054,walk vx=0.000 vy=0.000 w=0.00,0.88,0.0,34,6.33,0.006,34,94.57,0.0,34,-1.93,0.006,33,18.28,0.006,36,79.19,0.006,40,0.62,0.006,33,5.62,0.0,33,92.9,0.006,34,0.79,0.0,30,19.51,0.019,36,82.97,0.579,36,-1.41,0.006,30,5.89,0.0,32,94.04,0.006,32,0.97,0.006,32,17.75,0.019,34,78.75,0.006,35
1786331370.491,walk vx=0.000 vy=0.000 w=0.00,0.88,0.0,34,6.33,0.0,34,94.57,0.0,34,-1.93,0.006,33,18.28,0.006,36,79.19,0.006,41,0.62,0.0,33,5.62,0.0,33,92.9,0.006,34,0.79,0.0,30,19.51,0.019,36,82.97,0.507,36,-1.41,0.006,30,5.89,0.006,32,94.04,0.006,31,0.97,0.006,32,17.75,0.019,34,78.75,0.006,35
1786331370.884,walk vx=0.000 vy=0.000 w=0.00,0.88,0.0,34,6.33,0.006,34,94.57,0.0,34,-1.93,0.006,33,18.28,0.006,36,79.19,0.013,41,0.62,0.006,33,5.62,0.0,33,92.9,0.006,34,0.79,0.0,30,19.51,0.019,36,82.97,0.579,36,-1.41,0.006,30,5.89,0.006,32,94.04,0.006,31,0.97,0.006,32,17.75,0.019,34,78.75,0.006,35
1786331371.235,walk vx=0.000 vy=0.000 w=0.00,0.88,0.0,34,6.33,0.006,34,94.57,0.0,34,-1.93,0.006,33,18.28,0.0,36,79.19,0.006,40,0.62,0.0,33,5.62,0.0,33,92.9,0.0,34,0.79,0.0,30,19.51,0.019,36,82.97,0.533,36,-1.41,0.006,30,5.89,0.006,32,94.04,0.006,32,0.97,0.006,32,17.75,0.013,34,78.75,0.006,35
1786331371.631,walk vx=0.000 vy=0.000 w=0.00,0.88,0.0,34,6.33,0.006,34,94.57,0.0,34,-1.93,0.006,33,18.28,0.0,36,79.19,0.006,40,0.62,0.006,33,5.62,0.0,33,92.9,0.006,34,0.79,0.0,30,19.51,0.019,36,82.97,0.487,36,-1.41,0.006,30,5.89,0.006,32,94.04,0.006,32,0.97,0.006,32,17.75,0.019,34,78.75,0.006,35
1786331372.012,walk vx=0.000 vy=0.000 w=0.00,0.88,0.0,34,6.33,0.006,34,94.57,0.0,34,-1.93,0.006,33,18.28,0.006,36,79.19,0.006,40,0.62,0.006,33,5.62,0.0,33,92.9,0.006,34,0.79,0.0,30,19.51,0.019,36,82.97,0.487,36,-1.41,0.006,30,5.89,0.006,32,94.04,0.006,31,0.97,0.006,32,17.75,0.019,34,78.75,0.006,35
1786331372.438,walk vx=0.000 vy=0.000 w=0.00,0.88,0.0,34,6.33,0.006,34,94.57,0.0,34,-1.93,0.006,33,18.28,0.0,36,79.19,0.006,40,0.62,0.006,33,5.62,0.0,33,92.9,0.006,34,0.79,0.0,30,19.51,0.019,36,82.97,0.526,36,-1.41,0.006,30,5.89,0.006,32,94.04,0.006,32,0.97,0.006,32,17.75,0.019,34,78.75,0.006,35
1786331372.874,walk vx=0.000 vy=0.000 w=0.00,0.88,0.0,34,6.33,0.006,34,94.57,0.0,34,-1.93,0.006,33,18.28,0.006,36,79.19,0.006,40,0.62,0.0,33,5.62,0.0,33,92.9,0.0,34,0.79,0.0,30,19.51,0.019,36,82.97,0.559,36,-1.41,0.006,30,5.89,0.006,32,94.04,0.006,32,0.97,0.006,32,17.75,0.019,34,78.75,0.006,35
1786331373.377,walk vx=0.000 vy=0.000 w=0.00,0.88,0.0,34,6.33,0.0,34,94.57,0.0,34,-1.93,0.006,33,18.28,0.006,36,79.19,0.006,41,0.62,0.0,33,5.62,0.0,33,92.9,0.006,34,0.79,0.0,30,19.51,0.019,36,82.97,0.566,36,-1.41,0.006,30,5.89,0.006,32,94.04,0.006,32,0.97,0.006,32,17.75,0.019,34,78.75,0.006,35
1786331373.752,walk vx=0.000 vy=0.000 w=0.00,0.88,0.0,34,6.33,0.006,34,94.57,0.0,34,-1.93,0.006,33,18.28,0.0,36,79.19,0.006,40,0.62,0.006,33,5.62,0.0,33,92.9,0.0,34,0.79,0.0,30,19.51,0.019,36,82.97,0.5,36,-1.41,0.006,30,5.89,0.006,32,94.04,0.006,31,0.97,0.006,32,17.75,0.019,34,78.75,0.006,35
1786331374.133,walk vx=0.000 vy=0.000 w=0.00,0.88,0.0,34,6.33,0.006,34,94.57,0.0,34,-1.93,0.006,33,18.28,0.006,36,79.19,0.006,40,0.62,0.0,33,5.62,0.0,33,92.9,0.0,34,0.79,0.0,30,19.51,0.019,36,82.97,0.539,36,-1.41,0.006,30,5.89,0.006,32,94.04,0.006,32,0.97,0.006,32,17.75,0.019,34,78.75,0.013,35
1786331374.539,walk vx=0.000 vy=0.000 w=0.00,0.88,0.0,34,6.33,0.006,34,94.57,0.0,34,-1.93,0.006,33,18.28,0.006,36,79.19,0.006,41,0.62,0.006,33,5.62,0.0,33,92.9,0.0,34,0.79,0.0,30,19.51,0.019,36,82.97,0.52,36,-1.41,0.006,30,5.89,0.006,32,94.04,0.006,32,0.97,0.006,32,17.75,0.019,34,78.75,0.006,35
1786331375.024,walk vx=0.000 vy=0.000 w=0.00,0.88,0.0,34,6.33,0.006,34,94.57,0.0,34,-1.93,0.006,33,18.28,0.0,36,79.19,0.006,40,0.62,0.006,33,5.62,0.0,33,92.9,0.006,34,0.79,0.0,30,19.51,0.019,36,82.97,0.533,36,-1.41,0.006,30,5.89,0.006,32,94.04,0.006,31,0.97,0.006,32,17.75,0.019,34,78.75,0.006,35
1786331375.443,walk vx=0.000 vy=0.000 w=0.00,0.88,0.0,34,6.33,0.0,34,94.57,0.0,34,-1.93,0.006,33,18.28,0.006,36,79.19,0.006,41,0.62,0.0,33,5.62,0.0,33,92.9,0.006,34,0.79,0.0,30,19.51,0.013,36,82.97,0.572,36,-1.41,0.006,30,5.8,0.0,32,94.04,0.006,32,0.97,0.006,32,17.75,0.013,34,78.75,0.006,35
1786331375.912,walk vx=0.000 vy=0.000 w=0.00,0.88,0.0,34,6.33,0.006,34,94.57,0.0,34,-1.93,0.006,33,18.28,0.0,36,79.19,0.006,40,0.62,0.006,33,5.62,0.0,33,92.9,0.006,34,0.79,0.0,30,19.51,0.019,36,82.97,0.566,36,-1.41,0.0,30,5.8,0.0,32,94.13,0.0,32,1.05,0.0,32,17.58,0.006,34,78.75,0.0,35
1786331376.340,walk vx=0.000 vy=0.000 w=0.00,0.88,0.0,34,2.2,0.013,34,94.57,0.0,34,-1.93,0.0,33,18.19,0.0,36,79.28,0.0,40,0.62,0.0,33,5.62,0.0,33,92.99,0.0,34,0.79,0.0,30,19.69,0.0,36,83.94,0.065,36,-1.41,0.0,30,5.8,0.0,32,94.13,0.0,32,1.05,0.0,32,17.58,0.006,34,78.75,0.0,35
1786331376.793,walk vx=0.000 vy=0.000 w=0.00,0.88,0.0,34,0.53,0.006,34,94.57,0.0,34,-1.93,0.0,33,18.19,0.0,36,79.28,0.0,40,0.62,0.0,33,5.62,0.0,32,92.99,0.0,34,0.79,0.0,30,19.69,0.0,36,83.94,0.065,36,-1.41,0.0,30,5.8,0.0,32,94.13,0.0,32,1.05,0.0,32,17.58,0.0,34,78.75,0.0,35
1786331377.203,walk vx=0.000 vy=0.000 w=0.00,0.88,0.0,34,0.53,0.013,34,94.57,0.0,34,-1.93,0.0,33,18.19,0.0,36,79.28,0.0,40,0.62,0.0,33,5.62,0.0,33,92.99,0.0,34,0.79,0.0,30,19.69,0.0,36,83.94,0.071,36,-1.41,0.0,30,5.8,0.0,32,94.13,0.0,32,1.05,0.0,32,17.58,0.0,34,78.75,0.0,35
1786331377.575,walk vx=0.000 vy=0.000 w=0.00,0.88,0.0,34,0.53,0.006,34,94.57,0.0,34,-1.93,0.0,33,18.19,0.0,36,79.28,0.0,40,0.62,0.0,33,5.62,0.0,33,92.99,0.0,34,0.79,0.0,30,19.69,0.0,36,83.94,0.071,36,-1.41,0.0,30,5.8,0.0,32,94.13,0.0,32,1.05,0.0,32,17.58,0.006,34,78.75,0.0,35
1786331377.978,walk vx=0.000 vy=0.000 w=0.00,0.88,0.0,34,0.53,0.013,34,94.57,0.0,34,-1.93,0.0,33,18.19,0.0,36,79.28,0.0,40,0.62,0.0,33,5.62,0.0,33,92.99,0.0,34,0.79,0.0,30,19.69,0.0,36,83.94,0.052,36,-1.41,0.0,30,5.8,0.0,32,94.13,0.0,32,1.05,0.0,32,17.58,0.006,34,78.75,0.0,35
1786331378.406,walk vx=0.000 vy=0.000 w=0.00,0.88,0.0,34,0.53,0.013,34,94.57,0.0,34,-1.93,0.0,33,18.19,0.0,36,79.28,0.0,41,0.62,0.0,33,5.62,0.0,33,92.99,0.0,34,0.79,0.0,30,19.69,0.006,36,83.94,0.045,36,-1.41,0.0,30,5.8,0.0,32,94.13,0.0,31,1.05,0.0,32,17.58,0.0,34,78.75,0.0,35
1786331378.792,walk vx=0.000 vy=0.000 w=0.00,0.88,0.0,34,0.53,0.006,34,94.57,0.0,34,-1.93,0.0,33,18.19,0.0,36,79.28,0.0,41,0.62,0.0,33,5.62,0.0,33,92.99,0.0,34,0.79,0.0,30,19.69,0.0,36,83.94,0.058,36,-1.41,0.0,30,5.8,0.0,32,94.13,0.0,32,1.05,0.0,32,17.58,0.0,34,78.75,0.0,35
1786331379.169,walk vx=0.000 vy=0.000 w=0.00,0.88,0.0,34,0.53,0.013,34,94.57,0.0,34,-1.93,0.0,33,18.19,0.0,36,79.28,0.0,40,0.62,0.0,33,5.62,0.0,33,92.99,0.0,34,0.79,0.0,30,19.69,0.006,36,83.94,0.045,36,-1.41,0.0,30,5.8,0.0,32,94.13,0.0,32,1.05,0.0,32,17.58,0.006,34,78.75,0.0,35
1786331379.587,walk vx=0.000 vy=0.000 w=0.00,0.88,0.0,34,0.53,0.013,34,94.57,0.0,34,-1.93,0.0,33,18.19,0.0,36,79.28,0.0,40,0.62,0.0,33,5.62,0.0,33,92.99,0.0,34,0.79,0.0,30,19.69,0.0,36,83.94,0.058,36,-1.41,0.0,30,5.8,0.0,32,94.13,0.0,32,1.05,0.0,32,17.58,0.0,34,78.75,0.0,35
1786331379.981,walk vx=0.000 vy=0.000 w=0.00,0.88,0.0,34,0.53,0.006,34,94.57,0.0,34,-1.93,0.0,33,18.19,0.0,36,79.28,0.0,40,0.62,0.0,33,5.62,0.0,33,92.99,0.0,34,0.79,0.0,30,19.69,0.0,36,83.94,0.071,37,-1.41,0.0,30,5.8,0.0,32,94.13,0.0,32,1.05,0.0,32,17.58,0.0,34,78.75,0.0,35
1786331380.417,walk vx=0.000 vy=0.000 w=0.00,0.88,0.0,34,0.53,0.013,34,94.57,0.0,34,-1.93,0.0,33,18.19,0.0,36,79.28,0.0,40,0.62,0.0,33,5.62,0.0,33,92.99,0.0,34,0.79,0.0,30,19.69,0.0,36,83.94,0.065,37,-1.41,0.0,30,5.8,0.0,32,94.13,0.006,31,1.05,0.0,32,17.58,0.006,34,78.75,0.0,35
1786331380.827,walk vx=0.000 vy=0.000 w=0.00,0.88,0.0,34,0.53,0.013,34,94.57,0.0,34,-1.93,0.0,33,18.19,0.0,36,79.28,0.0,40,0.62,0.0,33,5.62,0.0,33,92.99,0.0,34,0.79,0.0,30,19.69,0.0,36,83.94,0.065,37,-1.41,0.0,30,5.8,0.0,32,94.13,0.0,32,1.05,0.0,32,17.58,0.0,34,78.75,0.0,35
1786331381.298,walk vx=0.000 vy=0.000 w=0.00,0.88,0.0,34,0.53,0.013,34,94.57,0.0,34,-1.93,0.0,33,18.19,0.0,36,79.28,0.0,40,0.62,0.0,33,5.62,0.0,33,92.99,0.0,34,0.79,0.0,30,19.69,0.0,36,83.94,0.058,37,-1.41,0.0,30,5.8,0.0,32,94.13,0.0,32,1.05,0.0,32,17.58,0.0,34,78.75,0.0,35
1786331381.736,walk vx=0.000 vy=0.000 w=0.00,0.88,0.0,34,0.53,0.013,34,94.57,0.0,34,-1.93,0.0,33,18.19,0.0,36,79.28,0.0,40,0.62,0.0,33,5.62,0.0,33,92.99,0.0,34,0.79,0.0,30,19.69,0.0,36,83.94,0.065,36,-1.41,0.0,30,5.8,0.0,32,94.13,0.0,32,1.05,0.0,32,17.58,0.0,34,78.75,0.0,35
1786331382.214,walk vx=0.000 vy=0.000 w=0.00,0.88,0.0,34,0.53,0.013,34,94.57,0.0,34,-1.93,0.0,33,18.19,0.0,36,79.28,0.0,40,0.62,0.0,33,5.62,0.0,33,92.99,0.0,34,0.79,0.0,30,19.69,0.0,36,83.94,0.045,37,-1.41,0.0,30,5.8,0.0,32,94.13,0.0,31,1.05,0.0,32,17.58,0.006,34,78.75,0.0,35
1786331382.642,walk vx=0.000 vy=0.000 w=0.00,0.88,0.0,34,0.53,0.013,34,94.57,0.0,34,-1.93,0.0,33,18.19,0.0,36,79.28,0.0,40,0.62,0.0,33,5.62,0.0,33,92.99,0.0,34,0.79,0.0,30,19.69,0.0,36,83.94,0.065,37,-1.41,0.0,30,5.8,0.0,32,94.13,0.0,31,1.05,0.0,32,17.58,0.006,34,78.75,0.0,35
1786331383.060,walk vx=0.000 vy=0.000 w=0.00,0.88,0.0,34,0.53,0.013,34,94.57,0.0,34,-1.93,0.0,33,18.19,0.0,36,79.28,0.0,40,0.62,0.0,33,5.62,0.0,33,92.99,0.0,34,0.79,0.0,30,19.69,0.0,36,83.94,0.052,37,-1.41,0.0,30,5.8,0.0,32,94.13,0.0,32,1.05,0.0,32,17.58,0.006,34,78.75,0.0,35
1786331383.441,walk vx=0.000 vy=0.000 w=0.00,0.88,0.0,34,0.53,0.013,34,94.57,0.0,34,-1.93,0.0,33,18.19,0.0,36,79.28,0.0,40,0.62,0.0,33,5.62,0.0,33,92.99,0.0,34,0.79,0.0,30,19.69,0.0,36,83.94,0.052,37,-1.41,0.0,30,5.8,0.0,32,94.13,0.0,32,1.05,0.0,32,17.58,0.006,34,78.75,0.0,35
1786331383.859,walk vx=0.000 vy=0.000 w=0.00,0.88,0.0,34,0.53,0.013,34,94.57,0.0,34,-1.93,0.0,33,18.19,0.0,36,79.28,0.0,40,0.62,0.0,33,5.62,0.0,33,92.99,0.0,34,0.79,0.0,30,19.69,0.0,36,83.94,0.065,37,-1.41,0.0,30,5.8,0.0,32,94.13,0.0,32,1.05,0.0,32,17.58,0.0,34,78.75,0.0,35
1786331384.240,walk vx=0.000 vy=0.000 w=0.00,0.88,0.0,34,0.53,0.006,34,94.57,0.0,34,-1.93,0.0,33,18.19,0.0,36,79.28,0.0,40,0.62,0.0,33,5.62,0.0,33,92.99,0.0,34,0.79,0.0,30,19.69,0.0,36,83.94,0.065,37,-1.41,0.0,30,5.8,0.0,32,94.13,0.0,32,1.05,0.0,32,17.58,0.0,34,78.75,0.0,35
1786331384.639,walk vx=0.000 vy=0.000 w=0.00,0.88,0.0,34,0.53,0.013,34,94.57,0.0,34,-1.93,0.0,33,18.19,0.0,36,79.28,0.0,40,0.62,0.0,33,5.62,0.0,33,92.99,0.0,34,0.79,0.0,30,19.69,0.0,36,83.94,0.065,37,-1.41,0.0,30,5.8,0.0,32,94.13,0.0,31,1.05,0.0,32,17.58,0.0,34,78.75,0.0,35
1786331385.028,walk vx=0.000 vy=0.000 w=0.00,0.88,0.0,34,0.53,0.013,34,94.57,0.0,34,-1.93,0.0,33,18.19,0.0,36,79.28,0.0,40,0.62,0.0,33,5.62,0.0,33,92.99,0.0,34,0.79,0.0,30,19.69,0.0,36,83.94,0.052,37,-1.41,0.0,30,5.8,0.0,32,94.13,0.0,32,1.05,0.0,32,17.58,0.006,34,78.75,0.0,35
1786331385.449,walk vx=0.000 vy=0.000 w=0.00,0.88,0.0,34,0.53,0.006,34,94.57,0.0,34,-1.93,0.0,33,18.19,0.0,36,79.28,0.0,40,0.62,0.0,33,5.62,0.0,33,92.99,0.0,34,0.79,0.0,30,19.69,0.006,36,83.94,0.071,37,-1.41,0.0,30,5.8,0.0,32,94.13,0.0,32,1.05,0.0,32,17.58,0.0,34,78.75,0.0,35
1786331385.910,walk vx=0.000 vy=0.000 w=0.00,0.88,0.0,34,0.53,0.013,34,94.57,0.0,34,-1.93,0.0,33,18.19,0.0,36,79.28,0.0,40,0.62,0.0,33,5.62,0.0,33,92.99,0.0,34,0.79,0.0,30,19.69,0.0,36,83.94,0.058,37,-1.41,0.0,30,5.8,0.0,32,94.13,0.0,32,1.05,0.0,32,17.58,0.006,34,78.75,0.0,35
1786331386.305,walk vx=0.000 vy=0.000 w=0.00,0.88,0.0,34,0.53,0.006,34,94.57,0.0,34,-1.93,0.0,33,18.19,0.0,36,79.28,0.0,40,0.62,0.0,33,5.62,0.0,33,92.99,0.0,34,0.79,0.0,30,19.69,0.006,36,83.94,0.071,37,-1.41,0.0,30,5.8,0.0,32,94.13,0.0,31,1.05,0.0,32,17.58,0.006,34,78.75,0.0,35
1786331386.677,walk vx=0.000 vy=0.000 w=0.00,0.88,0.0,34,0.53,0.013,34,94.57,0.0,34,-1.93,0.0,33,18.19,0.0,36,79.28,0.0,40,0.62,0.0,33,5.62,0.0,33,92.99,0.0,34,0.79,0.0,30,19.69,0.0,36,83.94,0.058,37,-1.41,0.0,30,5.8,0.0,32,94.13,0.0,31,1.05,0.0,32,17.58,0.006,34,78.75,0.0,35
1786331387.081,walk vx=0.000 vy=0.000 w=0.00,0.88,0.0,34,0.53,0.013,34,94.57,0.0,34,-1.93,0.0,33,18.19,0.0,36,79.28,0.0,40,0.62,0.0,33,5.62,0.0,33,92.99,0.0,34,0.79,0.0,30,19.69,0.0,36,83.94,0.071,37,-1.41,0.0,30,5.8,0.0,32,94.13,0.0,31,1.05,0.0,32,17.58,0.006,34,78.75,0.0,35
1786331387.503,walk vx=0.000 vy=0.000 w=0.00,0.88,0.0,34,0.53,0.013,34,94.57,0.0,34,-1.93,0.0,33,18.19,0.0,36,79.28,0.0,40,0.62,0.0,33,5.62,0.0,33,92.99,0.0,34,0.79,0.0,30,19.69,0.0,36,83.94,0.065,37,-1.41,0.0,30,5.8,0.0,32,94.13,0.0,32,1.05,0.0,32,17.58,0.006,34,78.75,0.0,35
1786331387.935,walk vx=0.000 vy=0.000 w=0.00,0.88,0.0,34,0.53,0.013,34,94.57,0.0,34,-1.93,0.0,33,18.19,0.0,36,79.28,0.0,40,0.62,0.0,33,5.62,0.0,33,92.99,0.006,34,0.79,0.0,30,19.69,0.0,36,83.94,0.058,37,-1.41,0.0,30,5.8,0.0,32,94.13,0.0,32,1.05,0.0,32,17.58,0.006,34,78.75,0.0,35
1786331388.332,walk vx=0.000 vy=0.000 w=0.00,0.88,0.0,34,0.53,0.013,34,94.57,0.0,34,-1.93,0.0,33,18.19,0.0,36,79.28,0.0,40,0.62,0.0,33,5.62,0.0,33,92.99,0.0,34,0.79,0.0,30,19.69,0.0,36,83.94,0.052,37,-1.41,0.0,30,5.8,0.0,32,94.13,0.0,31,1.05,0.0,32,17.58,0.006,34,78.75,0.0,35
1786331388.768,walk vx=0.000 vy=0.000 w=0.00,0.88,0.0,34,0.53,0.013,34,94.57,0.0,34,-1.93,0.0,33,18.19,0.0,36,79.28,0.0,40,0.62,0.0,33,5.62,0.0,33,92.99,0.0,34,0.79,0.0,30,19.69,0.0,36,83.94,0.058,37,-1.41,0.0,30,5.8,0.0,32,94.13,0.0,32,1.05,0.0,32,17.58,0.0,34,78.75,0.0,35
1786331389.176,walk vx=0.000 vy=0.000 w=0.00,0.88,0.0,34,0.53,0.013,34,94.57,0.0,34,-1.93,0.0,33,18.19,0.0,36,79.28,0.0,40,0.62,0.0,33,5.62,0.0,33,92.99,0.0,34,0.79,0.0,30,19.69,0.0,36,83.94,0.058,37,-1.41,0.0,30,5.8,0.0,32,94.13,0.0,32,1.05,0.0,32,17.58,0.0,34,78.75,0.0,35
1786331389.588,walk vx=0.000 vy=0.000 w=0.00,0.88,0.0,34,0.53,0.006,34,94.57,0.0,34,-1.93,0.0,33,18.19,0.0,36,79.28,0.0,40,0.62,0.0,33,5.62,0.0,33,92.99,0.0,34,0.79,0.0,30,19.69,0.0,36,83.94,0.052,37,-1.41,0.0,30,5.8,0.0,32,94.13,0.0,31,1.05,0.0,32,17.58,0.0,34,78.75,0.0,35
1786331390.006,walk vx=0.000 vy=0.000 w=0.00,0.88,0.0,34,0.53,0.013,34,94.57,0.0,34,-1.93,0.0,33,18.19,0.0,36,79.28,0.0,40,0.62,0.0,33,5.62,0.0,33,92.99,0.0,34,0.79,0.0,30,19.69,0.0,36,83.94,0.052,37,-1.41,0.0,30,5.8,0.0,32,94.13,0.0,32,1.05,0.006,32,17.58,0.006,34,78.75,0.0,35
1786331390.414,walk vx=0.000 vy=0.000 w=0.00,0.88,0.0,34,0.53,0.013,34,94.57,0.0,34,-1.93,0.0,33,18.19,0.0,36,79.28,0.0,40,0.62,0.0,33,5.62,0.0,33,92.99,0.0,34,0.79,0.0,30,19.69,0.006,36,83.94,0.071,37,-1.41,0.0,30,5.8,0.0,32,94.13,0.0,31,1.05,0.0,32,17.58,0.006,34,78.75,0.0,35
1786331390.829,walk vx=0.000 vy=0.000 w=0.00,0.88,0.0,34,0.53,0.013,34,94.57,0.0,34,-1.93,0.0,33,18.19,0.0,36,79.28,0.0,40,0.62,0.0,34,5.62,0.0,33,92.99,0.0,34,0.79,0.0,30,19.69,0.006,36,83.94,0.065,37,-1.41,0.0,30,5.8,0.0,32,94.13,0.0,32,1.05,0.0,32,17.58,0.006,34,78.75,0.0,35
1786331391.235,walk vx=0.000 vy=0.000 w=0.00,0.88,0.0,34,0.53,0.013,34,94.57,0.0,34,-1.93,0.0,33,18.19,0.0,36,79.28,0.0,40,0.62,0.0,33,5.62,0.0,33,92.99,0.0,34,0.79,0.0,30,19.69,0.0,36,83.94,0.065,37,-1.41,0.0,30,5.8,0.0,32,94.13,0.0,31,1.05,0.0,32,17.58,0.0,34,78.75,0.0,35
1786331391.631,walk vx=0.000 vy=0.000 w=0.00,0.88,0.0,34,0.53,0.006,33,94.57,0.0,34,-1.93,0.0,33,18.19,0.0,36,79.28,0.0,40,0.62,0.0,33,5.62,0.0,33,92.99,0.0,34,0.79,0.0,30,19.69,0.0,36,83.94,0.052,38,-1.41,0.0,30,5.8,0.0,32,94.13,0.0,31,1.05,0.0,32,17.58,0.006,34,78.75,0.0,35
1786331392.039,walk vx=0.000 vy=0.000 w=0.00,0.88,0.0,34,0.53,0.013,34,94.57,0.0,34,-1.93,0.0,33,18.19,0.0,36,79.28,0.0,40,0.62,0.006,33,5.62,0.0,33,92.99,0.0,34,0.79,0.0,30,19.69,0.0,36,83.94,0.071,37,-1.41,0.0,30,5.8,0.0,32,94.13,0.0,32,1.05,0.0,32,17.58,0.0,34,78.75,0.0,35
1786331392.416,walk vx=0.000 vy=0.000 w=0.00,0.88,0.0,34,0.53,0.006,34,94.57,0.0,34,-1.93,0.0,33,18.19,0.0,36,79.28,0.0,40,0.62,0.0,33,5.62,0.0,33,92.99,0.0,34,0.79,0.0,30,19.69,0.0,36,83.94,0.052,37,-1.41,0.0,30,5.8,0.0,32,94.13,0.0,31,1.05,0.0,32,17.58,0.006,34,78.75,0.0,35
1786331392.822,walk vx=0.000 vy=0.000 w=0.00,0.88,0.0,34,0.53,0.013,34,94.57,0.0,34,-1.93,0.0,33,18.19,0.0,36,79.28,0.0,40,0.62,0.0,33,5.62,0.0,33,92.99,0.0,34,0.79,0.0,30,19.69,0.0,36,83.94,0.058,37,-1.41,0.0,30,5.8,0.0,32,94.13,0.0,32,1.05,0.0,32,17.58,0.0,34,78.75,0.0,35
1786331393.238,walk vx=0.000 vy=0.000 w=0.00,0.88,0.0,33,0.53,0.013,34,94.57,0.0,34,-1.93,0.0,33,18.19,0.0,36,79.28,0.0,40,0.62,0.0,33,5.62,0.0,33,92.99,0.0,34,0.79,0.0,30,19.69,0.0,36,83.94,0.071,37,-1.41,0.0,30,5.8,0.0,32,94.13,0.0,31,1.05,0.0,32,17.58,0.006,34,78.75,0.0,35
1786331393.611,walk vx=0.000 vy=0.000 w=0.00,0.88,0.0,34,0.53,0.013,34,94.57,0.0,34,-1.93,0.0,33,18.19,0.0,36,79.28,0.0,40,0.62,0.0,33,5.62,0.0,33,92.99,0.0,34,0.79,0.0,30,19.69,0.006,36,83.94,0.065,37,-1.41,0.0,30,5.8,0.0,32,94.13,0.0,32,1.05,0.0,32,17.58,0.006,34,78.75,0.0,35
1786331393.992,walk vx=0.000 vy=0.000 w=0.00,0.88,0.0,34,0.53,0.013,34,94.57,0.0,34,-1.93,0.0,33,18.19,0.0,36,79.28,0.0,40,0.62,0.0,33,5.62,0.0,33,92.99,0.0,34,0.79,0.0,30,19.69,0.0,36,83.94,0.071,37,-1.41,0.0,30,5.8,0.0,32,94.13,0.0,31,1.05,0.0,32,17.58,0.0,34,78.75,0.0,35
1786331394.395,walk vx=0.000 vy=0.000 w=0.00,0.88,0.0,34,0.53,0.013,34,94.57,0.0,34,-1.93,0.0,33,18.19,0.0,36,79.28,0.0,40,0.62,0.0,33,5.62,0.0,33,92.99,0.0,34,0.79,0.0,30,19.69,0.006,36,83.94,0.058,37,-1.41,0.0,30,5.8,0.0,32,94.13,0.0,32,1.05,0.0,32,17.58,0.006,34,78.75,0.0,35
1786331394.866,walk vx=0.000 vy=0.000 w=0.00,0.88,0.0,34,0.53,0.013,34,94.57,0.0,34,-1.93,0.0,33,18.19,0.0,36,79.28,0.0,40,0.62,0.0,33,5.62,0.0,33,92.99,0.0,34,0.79,0.0,30,19.69,0.006,36,83.94,0.052,37,-1.41,0.0,30,5.8,0.0,32,94.13,0.0,31,1.05,0.0,32,17.58,0.0,34,78.75,0.0,35
1786331395.246,walk vx=0.000 vy=0.000 w=0.00,0.88,0.0,34,0.53,0.013,34,94.57,0.0,34,-1.93,0.0,33,18.19,0.0,36,79.28,0.0,40,0.62,0.0,33,5.62,0.0,33,92.99,0.0,34,0.79,0.0,30,19.69,0.006,36,83.94,0.045,38,-1.41,0.0,30,5.8,0.0,32,94.13,0.0,31,1.05,0.0,32,17.58,0.0,34,78.75,0.0,35
1786331395.643,walk vx=0.000 vy=0.000 w=0.00,0.88,0.0,34,0.53,0.013,34,94.57,0.0,34,-1.93,0.0,33,18.19,0.0,36,79.28,0.0,40,0.62,0.0,33,5.62,0.0,33,92.99,0.0,34,0.79,0.0,30,19.69,0.006,36,83.94,0.052,37,-1.41,0.0,30,5.8,0.0,32,94.13,0.0,32,1.05,0.0,32,17.58,0.006,34,78.75,0.0,35
1786331396.019,walk vx=0.000 vy=0.000 w=0.00,0.88,0.0,34,0.53,0.013,34,94.57,0.0,34,-1.93,0.0,33,18.19,0.0,36,79.28,0.0,40,0.62,0.0,33,5.62,0.0,33,92.99,0.0,34,0.79,0.0,30,19.69,0.006,36,83.94,0.052,37,-1.41,0.0,30,5.8,0.0,32,94.13,0.0,31,1.05,0.0,32,17.58,0.0,34,78.75,0.0,35
1786331396.497,walk vx=0.000 vy=0.000 w=0.00,0.88,0.0,34,0.53,0.013,34,94.57,0.0,34,-1.93,0.0,33,18.19,0.0,36,79.28,0.0,40,0.62,0.0,33,5.62,0.0,33,92.99,0.0,34,0.79,0.0,30,19.69,0.0,36,83.94,0.058,37,-1.41,0.0,30,5.8,0.0,32,94.13,0.0,32,1.05,0.0,32,17.58,0.0,34,78.75,0.0,35
1786331396.870,walk vx=0.000 vy=0.000 w=0.00,0.88,0.0,34,0.53,0.006,34,94.57,0.0,34,-1.93,0.0,33,18.19,0.0,36,79.28,0.0,40,0.62,0.0,33,5.62,0.0,33,92.99,0.0,34,0.79,0.0,30,19.69,0.0,36,83.94,0.052,37,-1.41,0.0,30,5.8,0.0,32,94.13,0.0,31,1.05,0.0,32,17.58,0.0,34,78.75,0.0,35
1786331397.282,walk vx=0.000 vy=0.000 w=0.00,0.88,0.0,34,0.53,0.013,34,94.57,0.0,34,-1.93,0.0,33,18.19,0.0,36,79.28,0.0,40,0.62,0.0,33,5.62,0.0,33,92.99,0.0,34,0.79,0.0,30,19.69,0.0,36,83.94,0.065,37,-1.41,0.0,30,5.8,0.0,32,94.13,0.0,31,1.05,0.0,32,17.58,0.006,34,78.75,0.0,35
1786331397.698,walk vx=0.000 vy=0.000 w=0.00,0.88,0.0,34,0.53,0.013,34,94.57,0.0,34,-1.93,0.0,33,18.19,0.0,36,79.28,0.0,40,0.62,0.0,33,5.62,0.0,33,92.99,0.0,34,0.79,0.0,30,19.69,0.006,36,83.94,0.071,37,-1.41,0.0,30,5.8,0.0,32,94.13,0.0,31,1.05,0.0,32,17.58,0.006,34,78.75,0.0,35
1786331398.081,walk vx=0.000 vy=0.000 w=0.00,0.88,0.0,34,0.53,0.013,34,94.57,0.0,34,-1.93,0.0,33,18.19,0.0,36,79.28,0.0,40,0.62,0.0,33,5.62,0.0,33,92.99,0.0,34,0.79,0.0,30,19.69,0.0,36,83.94,0.071,37,-1.41,0.0,30,5.8,0.0,32,94.13,0.0,31,1.05,0.0,32,17.58,0.0,34,78.75,0.0,35
1786331398.561,walk vx=0.000 vy=0.000 w=0.00,0.88,0.0,34,0.53,0.013,34,94.57,0.0,34,-1.93,0.0,33,18.19,0.0,36,79.28,0.0,40,0.62,0.0,33,5.62,0.0,33,92.99,0.0,34,0.79,0.0,30,19.69,0.006,36,83.94,0.071,37,-1.41,0.0,30,5.8,0.0,32,94.13,0.0,32,1.05,0.0,32,17.58,0.0,34,78.75,0.0,35
1786331398.949,walk vx=0.000 vy=0.000 w=0.00,0.88,0.0,34,0.53,0.013,34,94.57,0.0,34,-1.93,0.0,33,18.19,0.0,36,79.28,0.0,40,0.62,0.0,33,5.62,0.0,33,92.99,0.0,34,0.79,0.0,30,19.69,0.0,36,83.94,0.052,37,-1.41,0.0,30,5.8,0.0,32,94.13,0.0,32,1.05,0.0,32,17.58,0.0,34,78.75,0.0,35
1786331399.361,walk vx=0.000 vy=0.000 w=0.00,0.88,0.0,34,0.53,0.013,34,94.57,0.0,34,-1.93,0.0,33,18.19,0.0,36,79.28,0.0,40,0.62,0.0,33,5.62,0.0,33,92.99,0.0,34,0.79,0.0,30,19.69,0.0,36,83.94,0.071,37,-1.41,0.0,30,5.8,0.0,32,94.13,0.0,31,1.05,0.0,32,17.58,0.006,34,78.75,0.0,35
1786331399.729,walk vx=0.000 vy=0.000 w=0.00,0.88,0.0,34,0.53,0.006,34,94.57,0.0,34,-1.93,0.0,33,18.19,0.0,36,79.28,0.0,40,0.62,0.0,33,5.62,0.0,33,92.99,0.0,34,0.79,0.0,30,19.69,0.0,36,83.94,0.058,37,-1.41,0.0,30,5.8,0.0,32,94.13,0.0,32,1.05,0.0,32,17.58,0.0,34,78.75,0.0,35
1786331400.162,walk vx=0.000 vy=0.000 w=0.00,0.88,0.0,34,0.53,0.013,34,94.57,0.0,34,-1.93,0.0,33,18.19,0.0,36,79.28,0.0,40,0.62,0.0,33,5.62,0.0,33,92.99,0.0,34,0.79,0.0,30,19.69,0.0,36,83.94,0.065,37,-1.41,0.0,30,5.8,0.0,32,94.13,0.0,32,1.05,0.0,32,17.58,0.006,34,78.75,0.0,35
1786331400.615,walk vx=0.000 vy=0.000 w=0.00,0.88,0.0,34,0.53,0.013,34,94.57,0.0,34,-1.93,0.0,33,18.19,0.0,36,79.28,0.0,40,0.62,0.0,33,5.62,0.0,33,92.99,0.0,34,0.79,0.0,30,19.69,0.0,36,83.94,0.071,37,-1.41,0.0,30,5.8,0.0,32,94.13,0.0,32,1.05,0.0,32,17.58,0.0,34,78.75,0.0,35
1786331401.001,walk vx=0.000 vy=0.000 w=0.00,0.88,0.0,34,0.53,0.013,34,94.57,0.0,34,-1.93,0.0,33,18.19,0.0,36,79.28,0.0,40,0.62,0.0,33,5.62,0.0,33,92.99,0.0,34,0.79,0.0,30,19.69,0.006,36,83.94,0.071,37,-1.41,0.0,30,5.8,0.0,32,94.13,0.0,32,1.05,0.0,32,17.58,0.0,34,78.75,0.0,35
1786331401.419,walk vx=0.000 vy=0.000 w=0.00,0.88,0.0,34,0.53,0.013,34,94.57,0.0,34,-1.93,0.0,33,18.19,0.0,36,79.28,0.0,40,0.62,0.0,33,5.62,0.0,33,92.99,0.0,34,0.79,0.0,30,19.69,0.006,36,83.94,0.071,37,-1.41,0.0,30,5.8,0.0,32,94.13,0.0,32,1.05,0.0,32,17.58,0.006,34,78.75,0.0,35
1786331401.816,walk vx=0.000 vy=0.000 w=0.00,0.79,0.0,34,0.53,0.006,34,94.57,0.0,34,-1.93,0.0,33,18.19,0.0,36,79.28,0.0,40,0.62,0.0,33,5.62,0.0,33,92.99,0.0,34,0.79,0.0,30,19.69,0.0,36,83.94,0.071,37,-1.41,0.0,30,5.8,0.0,32,94.13,0.0,32,1.05,0.0,32,17.58,0.0,34,78.75,0.0,35
1786331402.219,walk vx=0.000 vy=0.000 w=0.00,0.79,0.0,33,0.53,0.013,34,94.57,0.0,34,-1.93,0.0,33,18.19,0.0,36,79.28,0.0,40,0.62,0.0,33,5.62,0.0,33,92.99,0.0,34,0.79,0.0,30,19.69,0.0,36,83.94,0.065,37,-1.41,0.0,30,5.8,0.0,32,94.13,0.0,31,1.05,0.0,32,17.58,0.0,34,78.75,0.0,35
1786331402.655,walk vx=0.000 vy=0.000 w=0.00,0.79,0.0,34,0.53,0.013,34,94.57,0.0,34,-1.93,0.0,33,18.19,0.0,36,79.28,0.0,40,0.62,0.0,33,5.62,0.0,33,92.99,0.0,34,0.79,0.0,30,19.69,0.0,36,83.94,0.052,37,-1.41,0.0,30,5.8,0.0,32,94.13,0.0,32,1.05,0.0,32,17.58,0.006,35,78.75,0.0,35
1786331403.045,walk vx=0.000 vy=0.000 w=0.00,0.79,0.0,34,0.53,0.006,34,94.57,0.0,34,-1.93,0.0,33,18.19,0.0,36,79.28,0.0,40,0.62,0.0,33,5.62,0.0,33,92.99,0.0,34,0.79,0.0,30,19.69,0.0,36,83.94,0.065,37,-1.41,0.0,30,5.8,0.0,32,94.13,0.0,31,1.05,0.0,32,17.58,0.006,34,78.75,0.0,35
1786331403.448,walk vx=0.000 vy=0.000 w=0.00,0.79,0.0,34,0.53,0.013,34,94.57,0.0,34,-1.93,0.0,33,18.19,0.0,36,79.28,0.0,40,0.62,0.0,33,5.62,0.0,33,92.99,0.0,34,0.79,0.0,30,19.69,0.0,36,83.94,0.065,37,-1.41,0.0,30,5.8,0.0,32,94.13,0.0,31,1.05,0.0,32,17.58,0.006,34,78.75,0.0,34
1786331403.918,walk vx=0.000 vy=0.000 w=0.00,0.79,0.0,34,0.53,0.006,34,94.57,0.0,34,-1.93,0.0,33,18.19,0.0,36,79.28,0.0,40,0.62,0.0,33,5.62,0.0,33,92.99,0.0,34,0.79,0.0,30,19.69,0.0,36,83.94,0.071,37,-1.41,0.0,30,5.8,0.0,32,94.13,0.0,31,1.05,0.0,32,17.58,0.0,34,78.75,0.0,35
1786331404.335,walk vx=0.000 vy=0.000 w=0.00,0.79,0.0,33,0.53,0.013,34,94.57,0.0,34,-1.93,0.0,33,18.19,0.0,36,79.28,0.0,40,0.62,0.0,33,5.62,0.0,33,92.99,0.0,34,0.79,0.0,30,19.69,0.0,36,83.94,0.065,37,-1.41,0.0,30,5.8,0.0,32,94.13,0.0,31,1.05,0.0,32,17.58,0.0,34,78.75,0.0,34
1786331404.769,walk vx=0.000 vy=0.000 w=0.00,0.79,0.0,34,0.53,0.013,34,94.57,0.0,34,-1.93,0.0,33,18.19,0.0,36,79.28,0.0,40,0.62,0.0,33,5.62,0.0,33,92.99,0.0,34,0.79,0.0,30,19.69,0.0,36,83.94,0.045,37,-1.41,0.0,30,5.8,0.0,32,94.13,0.0,32,1.05,0.0,32,17.58,0.0,34,78.75,0.0,35
1786331405.215,walk vx=0.000 vy=0.000 w=0.00,0.79,0.0,34,0.53,0.013,34,94.57,0.0,34,-1.93,0.0,33,18.19,0.0,36,79.28,0.0,40,0.62,0.0,33,5.62,0.0,33,92.99,0.0,34,0.79,0.0,30,19.69,0.0,36,83.94,0.052,37,-1.41,0.0,30,5.8,0.0,32,94.13,0.0,32,1.05,0.0,32,17.58,0.0,34,78.75,0.0,35
1786331405.640,walk vx=0.000 vy=0.000 w=0.00,0.79,0.0,34,0.53,0.013,34,94.57,0.0,34,-1.93,0.0,33,18.19,0.0,36,79.28,0.0,40,0.62,0.0,33,5.62,0.0,33,92.99,0.0,34,0.79,0.0,30,19.69,0.0,36,83.94,0.071,37,-1.41,0.0,30,5.8,0.0,32,94.13,0.0,31,1.05,0.0,32,17.58,0.0,34,78.75,0.0,35
1786331406.039,walk vx=0.000 vy=0.000 w=0.00,0.79,0.0,33,0.53,0.013,34,94.57,0.0,34,-1.93,0.0,33,18.19,0.0,36,79.28,0.0,40,0.62,0.0,33,5.62,0.0,33,92.99,0.0,34,0.79,0.0,30,19.69,0.0,36,83.94,0.052,37,-1.41,0.0,30,5.8,0.0,32,94.13,0.0,32,1.05,0.0,32,17.58,0.0,34,78.75,0.0,35
1786331406.422,walk vx=0.000 vy=0.000 w=0.00,0.79,0.0,34,0.53,0.013,34,94.57,0.0,34,-1.93,0.0,33,18.19,0.0,36,79.28,0.0,40,0.62,0.0,33,5.62,0.0,33,92.99,0.0,34,0.79,0.0,30,19.69,0.0,36,83.94,0.058,38,-1.41,0.0,30,5.8,0.0,32,94.13,0.0,32,1.05,0.0,32,17.58,0.0,34,78.75,0.0,35
1786331406.893,walk vx=0.000 vy=0.000 w=0.00,0.79,0.0,33,0.53,0.006,34,94.57,0.0,34,-1.93,0.0,33,18.19,0.0,36,79.28,0.0,40,0.62,0.0,33,5.62,0.0,33,92.99,0.0,34,0.79,0.0,30,19.69,0.0,36,83.94,0.071,37,-1.41,0.0,30,5.8,0.0,32,94.13,0.0,32,1.05,0.0,32,17.58,0.0,34,78.75,0.0,35
1786331407.315,walk vx=0.000 vy=0.000 w=0.00,0.79,0.0,34,0.53,0.006,34,94.57,0.0,34,-1.93,0.0,33,18.19,0.0,36,79.28,0.0,40,0.62,0.0,33,5.62,0.0,33,92.99,0.0,34,0.79,0.0,30,19.69,0.0,36,83.94,0.052,37,-1.41,0.0,30,5.8,0.0,32,94.13,0.0,32,1.05,0.0,32,17.58,0.0,34,78.75,0.0,35
1786331407.706,walk vx=0.000 vy=0.000 w=0.00,0.79,0.0,34,0.53,0.013,34,94.57,0.0,34,-1.93,0.0,33,18.19,0.0,36,79.28,0.0,40,0.62,0.0,33,5.62,0.0,33,92.99,0.0,34,0.79,0.0,30,19.69,0.0,36,83.94,0.071,37,-1.41,0.0,30,5.8,0.0,32,94.13,0.0,31,1.05,0.0,32,17.58,0.0,34,78.75,0.0,35
1786331408.108,walk vx=0.000 vy=0.000 w=0.00,0.79,0.0,34,0.53,0.013,34,94.57,0.0,34,-1.93,0.0,33,18.19,0.0,36,79.28,0.0,40,0.62,0.0,33,5.62,0.0,33,92.99,0.0,34,0.79,0.0,30,19.69,0.0,36,83.94,0.058,38,-1.41,0.0,30,5.8,0.0,32,94.13,0.0,31,1.05,0.0,32,17.58,0.0,34,78.75,0.0,35
1786331408.537,walk vx=0.000 vy=0.000 w=0.00,0.79,0.0,34,0.53,0.006,34,94.57,0.0,34,-1.93,0.0,33,18.19,0.0,36,79.28,0.0,40,0.62,0.0,33,5.62,0.0,33,92.99,0.0,34,0.79,0.0,30,19.69,0.0,36,83.94,0.065,37,-1.41,0.0,30,5.8,0.0,32,94.13,0.0,31,1.05,0.0,32,17.58,0.006,34,78.75,0.0,35
1786331408.997,walk vx=0.000 vy=0.000 w=0.00,0.79,0.0,34,0.53,0.013,34,94.57,0.0,34,-1.93,0.0,33,18.19,0.0,36,79.28,0.0,40,0.62,0.0,33,5.62,0.0,33,92.99,0.0,34,0.79,0.0,30,19.69,0.006,36,83.94,0.071,38,-1.41,0.0,30,5.8,0.0,32,94.13,0.0,32,1.05,0.0,32,17.58,0.0,34,78.75,0.0,35
1786331409.401,walk vx=0.000 vy=0.000 w=0.00,0.79,0.0,34,0.53,0.013,34,94.57,0.0,35,-1.93,0.0,33,18.19,0.0,36,79.28,0.0,40,0.62,0.0,33,5.62,0.0,33,92.99,0.0,34,0.79,0.0,30,19.69,0.0,36,83.94,0.058,38,-1.41,0.0,30,5.8,0.0,32,94.13,0.0,31,1.05,0.0,32,17.58,0.0,34,78.75,0.0,35
1786331409.805,walk vx=0.000 vy=0.000 w=0.00,0.79,0.0,33,0.53,0.013,34,94.57,0.0,34,-1.93,0.0,33,18.19,0.0,36,79.28,0.0,40,0.62,0.0,33,5.62,0.0,33,92.99,0.0,34,0.79,0.0,30,19.69,0.0,36,83.94,0.052,38,-1.41,0.0,30,5.8,0.0,32,94.13,0.0,31,1.05,0.0,32,17.58,0.0,34,78.75,0.0,35
1786331410.209,walk vx=0.000 vy=0.000 w=0.00,0.79,0.0,34,0.53,0.013,34,94.57,0.0,34,-1.93,0.0,33,18.19,0.0,36,79.28,0.0,40,0.62,0.0,33,5.62,0.0,33,92.99,0.0,34,0.79,0.0,30,19.69,0.006,36,83.94,0.071,38,-1.41,0.0,30,5.8,0.0,32,94.13,0.0,31,1.05,0.0,32,17.58,0.006,34,78.75,0.0,34
1786331410.692,walk vx=0.000 vy=0.000 w=0.00,0.79,0.0,34,0.53,0.013,34,94.57,0.0,34,-1.93,0.0,33,18.19,0.0,36,79.28,0.0,40,0.62,0.0,33,5.62,0.0,33,92.99,0.0,34,0.79,0.0,30,19.69,0.0,36,83.94,0.071,38,-1.41,0.0,30,5.8,0.0,32,94.13,0.0,31,1.05,0.0,32,17.58,0.006,34,78.75,0.0,35
1786331411.170,walk vx=0.000 vy=0.000 w=0.00,0.79,0.0,33,0.53,0.013,34,94.57,0.0,34,-1.93,0.0,33,18.19,0.0,36,79.28,0.0,40,0.62,0.0,33,5.62,0.0,33,93.08,0.0,34,0.79,0.0,30,19.86,0.0,36,84.81,0.052,38,-1.41,0.0,30,5.8,0.0,32,94.13,0.0,32,1.05,0.0,32,17.58,0.0,34,78.75,0.0,35
1786331411.565,walk vx=0.000 vy=0.000 w=0.00,0.79,0.0,34,9.93,0.006,34,94.57,0.0,34,-1.93,0.0,33,18.19,0.0,36,79.28,0.0,40,0.62,0.0,33,5.62,0.0,33,93.16,0.0,34,0.79,0.0,30,19.86,0.006,36,84.81,0.045,38,-1.41,0.0,30,5.8,0.0,32,94.13,0.0,31,1.05,0.0,32,17.58,0.0,34,78.75,0.0,34
1786331411.969,walk vx=0.000 vy=0.000 w=0.00,0.79,0.0,33,18.9,0.0,34,94.57,0.0,34,-1.93,0.0,33,18.19,0.0,36,79.28,0.0,40,0.62,0.0,33,5.62,0.0,33,93.16,0.006,34,0.79,0.0,30,19.86,0.0,36,84.81,0.058,38,-1.41,0.0,30,5.71,0.0,32,94.13,0.0,32,1.05,0.0,32,17.58,0.0,34,78.75,0.0,35
1786331412.386,walk vx=0.000 vy=0.000 w=0.00,0.79,0.0,34,18.9,0.0,34,94.48,0.0,34,-1.93,0.0,33,18.19,0.0,36,79.28,0.0,40,0.62,0.0,33,5.62,0.0,33,93.16,0.0,34,0.79,0.0,30,19.86,0.006,36,84.81,0.045,38,-1.41,0.0,30,5.71,0.0,32,94.13,0.0,32,1.05,0.0,32,17.58,0.0,34,78.75,0.0,35
1786331412.828,walk vx=0.000 vy=0.000 w=0.00,0.79,0.0,34,18.9,0.0,34,94.48,0.0,34,-1.93,0.0,33,18.19,0.0,36,79.28,0.0,40,0.62,0.0,33,5.62,0.0,33,93.16,0.0,34,0.79,0.0,30,19.86,0.006,36,84.81,0.058,38,-1.41,0.0,30,5.71,0.0,32,94.13,0.0,32,1.05,0.0,32,17.58,0.0,34,78.75,0.0,35
1786331413.306,walk vx=0.000 vy=0.000 w=0.00,0.79,0.0,34,18.9,0.0,34,94.39,0.0,34,-1.93,0.0,33,18.19,0.0,36,79.28,0.0,40,0.62,0.0,33,5.62,0.0,33,93.16,0.006,34,0.79,0.0,30,19.86,0.0,36,84.81,0.058,38,-1.41,0.0,30,5.71,0.0,32,94.13,0.0,31,1.05,0.0,32,17.58,0.0,34,78.75,0.0,35
1786331413.751,walk vx=0.000 vy=0.000 w=0.00,0.79,0.0,34,18.9,0.0,34,94.39,0.0,34,-1.93,0.0,33,18.19,0.0,36,79.28,0.0,40,0.62,0.0,33,5.62,0.0,33,93.16,0.0,34,0.79,0.0,30,19.86,0.006,36,84.81,0.058,38,-1.41,0.0,30,5.71,0.0,32,94.13,0.0,31,1.05,0.0,32,17.58,0.0,34,78.75,0.0,34
1786331414.170,walk vx=0.000 vy=0.000 w=0.00,0.79,0.0,34,18.9,0.0,34,94.31,0.0,34,-1.93,0.0,33,18.19,0.0,36,79.28,0.0,40,0.62,0.0,33,5.62,0.0,33,93.16,0.0,34,0.79,0.0,30,19.86,0.0,36,84.81,0.039,38,-1.41,0.0,30,5.71,0.0,32,94.13,0.0,31,1.05,0.0,32,17.58,0.0,34,78.75,0.0,35
1786331414.602,walk vx=0.000 vy=0.000 w=0.00,0.79,0.0,34,18.9,0.0,34,94.31,0.0,34,-1.93,0.0,33,18.19,0.0,36,79.28,0.0,40,0.62,0.0,33,5.62,0.0,33,93.16,0.0,34,0.79,0.0,30,19.86,0.006,36,84.81,0.058,38,-1.41,0.0,30,5.71,0.0,32,94.13,0.0,31,1.05,0.0,32,17.58,0.0,34,78.75,0.0,35
1786331414.980,walk vx=0.000 vy=0.000 w=0.00,0.79,0.0,34,18.9,0.0,34,94.31,0.006,34,-1.93,0.0,33,18.19,0.0,36,79.28,0.0,40,0.62,0.0,33,5.62,0.0,33,93.16,0.006,34,0.79,0.0,30,19.86,0.0,36,84.81,0.058,38,-1.41,0.0,30,5.71,0.0,32,94.13,0.0,32,1.05,0.0,32,17.58,0.0,34,78.75,0.0,35
1786331415.377,walk vx=0.000 vy=0.000 w=0.00,0.79,0.0,34,18.9,0.0,34,94.31,0.006,34,-1.93,0.0,33,18.19,0.0,36,79.28,0.0,40,0.62,0.0,33,5.62,0.0,33,93.16,0.006,34,0.79,0.0,30,19.86,0.006,36,84.81,0.045,38,-1.41,0.0,30,5.71,0.0,32,94.13,0.0,32,1.05,0.0,32,17.58,0.0,34,78.75,0.0,35
1786331415.821,walk vx=0.000 vy=0.000 w=0.00,0.79,0.0,34,18.9,0.0,34,94.31,0.0,35,-1.93,0.0,33,18.19,0.0,36,79.28,0.0,40,0.62,0.0,33,5.62,0.0,33,93.16,0.0,34,0.79,0.0,30,19.86,0.0,36,84.81,0.045,38,-1.41,0.0,30,5.71,0.0,32,94.13,0.0,32,1.05,0.0,32,17.58,0.0,34,78.75,0.0,35
1786331416.224,walk vx=0.000 vy=0.000 w=0.00,0.79,0.0,34,18.9,0.0,34,94.31,0.006,34,-1.93,0.0,33,18.19,0.0,36,79.28,0.0,40,0.62,0.0,33,5.62,0.0,33,93.16,0.0,34,0.79,0.0,30,19.86,0.006,36,84.81,0.058,38,-1.41,0.0,30,5.71,0.0,32,94.13,0.0,31,1.05,0.0,32,17.58,0.0,34,78.75,0.0,35
1786331416.568,walk vx=0.000 vy=0.000 w=0.00,0.79,0.0,33,18.9,0.0,34,94.31,0.0,34,-1.93,0.0,33,18.19,0.0,36,79.28,0.0,40,0.62,0.0,33,5.62,0.0,33,93.16,0.0,34,0.79,0.0,30,19.86,0.0,36,84.9,0.071,38,-1.41,0.0,30,5.71,0.0,32,94.13,0.0,31,1.05,0.0,32,17.58,0.0,34,78.75,0.0,35
1786331416.896,walk vx=0.000 vy=0.000 w=0.00,0.79,0.0,33,18.9,0.0,34,94.31,0.006,34,-1.93,0.0,33,18.19,0.0,36,79.28,0.0,40,0.62,0.0,33,5.62,0.0,33,93.16,0.0,34,0.79,0.0,30,19.86,0.0,36,84.9,0.065,38,-1.41,0.0,30,5.71,0.0,32,94.13,0.0,32,1.05,0.0,32,17.58,0.0,34,78.75,0.0,34
1786331417.311,walk vx=0.000 vy=0.000 w=0.00,0.79,0.0,34,18.9,0.0,34,94.31,0.006,34,-1.93,0.0,33,18.19,0.0,36,79.28,0.0,40,0.62,0.0,33,5.62,0.0,33,93.16,0.0,34,0.79,0.0,30,19.86,0.006,36,84.9,0.058,38,-1.41,0.0,30,5.71,0.0,32,94.13,0.0,31,1.05,0.0,32,17.58,0.0,34,78.75,0.0,34
1786331417.742,walk vx=0.000 vy=0.000 w=0.00,0.79,0.0,33,18.9,0.0,34,94.31,0.006,34,-1.93,0.0,33,18.19,0.0,36,79.28,0.0,40,0.62,0.0,33,5.62,0.0,33,93.16,0.0,34,0.79,0.0,30,19.86,0.006,36,84.9,0.058,38,-1.41,0.0,30,5.71,0.0,32,94.13,0.0,31,1.05,0.0,32,17.58,0.0,34,78.75,0.0,34
1786331418.132,walk vx=0.000 vy=0.000 w=0.00,0.79,0.0,33,18.9,0.0,34,94.31,0.0,34,-1.93,0.0,33,18.19,0.0,36,79.28,0.0,40,0.62,0.0,33,5.62,0.0,33,93.16,0.006,34,0.79,0.0,30,19.86,0.0,36,84.9,0.058,38,-1.41,0.0,30,5.71,0.0,32,94.13,0.0,31,1.05,0.0,32,17.58,0.0,34,78.75,0.0,34
1786331418.510,walk vx=0.000 vy=0.000 w=0.00,0.79,0.0,33,18.9,0.0,34,94.31,0.0,34,-1.93,0.0,33,18.19,0.0,36,79.28,0.0,40,0.62,0.0,33,5.62,0.0,33,93.16,0.0,34,0.79,0.0,30,19.86,0.0,36,84.9,0.078,38,-1.41,0.0,30,5.71,0.0,32,94.13,0.0,32,1.05,0.0,32,17.58,0.0,34,78.75,0.0,34
1786331418.909,walk vx=0.000 vy=0.000 w=0.00,0.79,0.0,33,18.9,0.0,34,94.31,0.006,34,-1.93,0.0,33,18.19,0.0,36,79.28,0.0,40,0.62,0.0,33,5.62,0.0,33,93.16,0.0,34,0.79,0.0,30,19.86,0.006,36,84.9,0.065,39,-1.41,0.0,30,5.71,0.0,32,94.13,0.0,31,1.05,0.0,32,17.58,0.0,34,78.75,0.0,35
1786331419.292,walk vx=0.000 vy=0.000 w=0.00,0.79,0.0,34,18.9,0.0,34,94.31,0.0,34,-1.93,0.0,33,18.19,0.0,36,79.28,0.0,40,0.62,0.0,33,5.62,0.0,32,93.16,0.0,34,0.79,0.0,30,19.86,0.0,36,84.9,0.058,38,-1.41,0.0,30,5.71,0.0,32,94.13,0.0,31,1.05,0.0,32,17.58,0.0,34,78.75,0.0,35
1786331419.696,walk vx=0.000 vy=0.000 w=0.00,0.79,0.0,33,18.9,0.0,34,94.31,0.006,34,-1.93,0.0,33,18.19,0.0,36,79.28,0.0,40,0.62,0.0,33,5.62,0.0,33,93.16,0.0,34,0.79,0.0,30,19.86,0.0,36,84.9,0.065,38,-1.41,0.0,30,5.71,0.0,32,94.13,0.0,31,1.05,0.0,32,17.58,0.0,34,78.75,0.0,34
1786331420.207,walk vx=0.000 vy=0.000 w=0.00,0.79,0.0,34,18.9,0.0,34,94.31,0.006,34,-1.93,0.0,33,18.19,0.0,36,79.28,0.0,40,0.62,0.0,33,5.62,0.0,33,93.16,0.0,34,0.79,0.0,30,19.86,0.006,36,84.9,0.071,38,-1.41,0.0,30,5.71,0.0,32,94.13,0.0,31,1.05,0.0,32,17.58,0.0,34,78.75,0.0,35
1786331420.604,walk vx=0.000 vy=0.000 w=0.00,0.79,0.0,33,18.9,0.0,34,94.31,0.0,34,-1.93,0.0,33,18.19,0.0,36,79.28,0.0,40,0.62,0.0,33,5.62,0.0,33,93.16,0.0,34,0.79,0.0,30,19.86,0.006,36,84.9,0.052,38,-1.41,0.0,30,5.71,0.0,32,94.13,0.0,32,1.05,0.0,32,17.58,0.0,34,78.75,0.0,35
1786331420.994,walk vx=0.000 vy=0.000 w=0.00,0.79,0.0,34,18.9,0.0,34,94.22,0.006,34,-1.93,0.0,33,18.19,0.0,36,79.28,0.0,40,0.62,0.0,33,5.62,0.0,32,93.16,0.0,34,0.79,0.0,30,19.86,0.0,36,84.9,0.065,38,-1.41,0.0,30,5.71,0.0,32,94.13,0.0,31,1.05,0.0,32,17.58,0.0,34,78.75,0.0,35
1786331421.376,walk vx=0.000 vy=0.000 w=0.00,0.79,0.0,34,18.9,0.0,34,94.22,0.006,34,-1.93,0.0,33,18.19,0.0,36,79.28,0.0,40,0.62,0.0,33,5.62,0.0,33,93.16,0.006,34,0.79,0.0,30,19.86,0.0,36,84.9,0.058,37,-1.41,0.0,30,5.71,0.0,32,94.13,0.0,32,1.05,0.0,32,17.58,0.0,34,78.75,0.0,35
1786331421.808,walk vx=0.000 vy=0.000 w=0.00,0.79,0.0,34,18.9,0.0,34,94.22,0.006,34,-1.93,0.0,33,18.19,0.0,36,79.28,0.0,40,0.62,0.0,33,5.62,0.0,33,93.16,0.006,34,0.79,0.0,30,19.86,0.006,36,84.9,0.071,38,-1.41,0.0,30,5.71,0.0,32,94.13,0.0,32,1.05,0.0,32,17.58,0.0,34,78.75,0.0,34
1786331422.239,walk vx=0.000 vy=0.000 w=0.00,0.79,0.0,34,18.9,0.0,34,94.39,0.0,34,-1.93,0.0,33,18.19,0.0,36,79.28,0.0,40,0.62,0.0,33,5.62,0.0,33,93.16,0.006,34,0.79,0.0,30,19.86,0.0,36,84.9,0.058,38,-1.41,0.0,30,5.71,0.0,32,94.13,0.0,32,1.05,0.0,32,17.58,0.0,34,78.75,0.0,35
1786331422.691,walk vx=0.000 vy=0.000 w=0.00,0.79,0.0,33,18.9,0.0,34,94.39,0.0,34,-1.93,0.0,33,18.19,0.0,36,79.28,0.0,40,0.62,0.0,33,5.62,0.0,32,93.16,0.0,34,0.79,0.0,30,19.86,0.0,36,84.9,0.071,38,-1.41,0.0,30,5.71,0.0,32,94.13,0.0,32,1.05,0.0,32,17.58,0.0,34,78.75,0.0,35
1786331423.089,walk vx=0.000 vy=0.000 w=0.00,0.79,0.0,33,18.9,0.0,34,94.39,0.0,34,-1.93,0.0,33,18.19,0.0,36,79.28,0.0,40,0.62,0.0,33,5.62,0.0,33,93.16,0.0,34,0.79,0.0,30,19.86,0.006,36,84.9,0.071,38,-1.41,0.0,30,5.71,0.0,32,94.13,0.0,31,1.05,0.0,32,17.58,0.0,34,78.75,0.0,35
1786331423.526,walk vx=0.000 vy=0.000 w=0.00,0.79,0.0,33,18.9,0.0,34,94.39,0.0,34,-1.93,0.0,33,18.19,0.0,36,79.28,0.0,40,0.62,0.0,33,5.62,0.0,33,93.16,0.0,34,0.79,0.0,30,19.86,0.0,36,84.9,0.071,38,-1.41,0.0,30,5.71,0.0,32,94.13,0.0,31,1.05,0.0,32,17.58,0.0,34,78.75,0.0,35
1786331423.946,walk vx=0.000 vy=0.000 w=0.00,0.79,0.0,33,18.9,0.0,34,94.39,0.0,34,-1.93,0.0,33,18.19,0.0,36,79.28,0.0,40,0.62,0.0,33,5.62,0.0,33,93.16,0.0,34,0.79,0.0,30,19.86,0.006,36,84.9,0.058,38,-1.41,0.0,30,5.71,0.0,32,94.13,0.0,31,1.05,0.0,32,17.58,0.0,34,78.75,0.0,35
1786331424.421,walk vx=0.000 vy=0.000 w=0.00,0.79,0.0,33,18.9,0.0,34,94.39,0.0,34,-1.93,0.0,33,18.19,0.0,36,79.28,0.0,40,0.62,0.0,33,5.62,0.0,33,93.16,0.0,34,0.79,0.0,30,19.86,0.006,36,84.9,0.071,38,-1.41,0.0,30,5.71,0.0,32,94.13,0.0,31,1.05,0.0,32,17.58,0.0,34,78.75,0.0,35
1786331424.822,walk vx=0.000 vy=0.000 w=0.00,0.79,0.0,33,18.9,0.0,34,94.39,0.0,34,-1.93,0.0,33,18.19,0.0,36,79.28,0.0,40,0.62,0.0,33,5.62,0.0,33,93.16,0.0,34,0.79,0.0,30,19.86,0.006,36,84.9,0.071,38,-1.41,0.0,30,5.71,0.0,32,94.13,0.0,31,1.05,0.0,32,17.58,0.0,34,78.75,0.0,35
1786331425.224,walk vx=0.000 vy=0.000 w=0.00,0.79,0.0,33,18.9,0.0,34,94.39,0.006,34,-1.93,0.0,33,18.19,0.0,36,79.28,0.0,40,0.62,0.0,33,5.62,0.0,33,93.16,0.006,34,0.79,0.0,30,19.86,0.006,36,84.9,0.065,38,-1.41,0.0,30,5.71,0.0,32,94.13,0.0,31,1.05,0.0,32,17.58,0.0,34,78.75,0.0,35
1786331425.597,walk vx=0.000 vy=0.000 w=0.00,0.79,0.0,34,18.9,0.0,34,94.39,0.0,34,-1.93,0.0,33,18.19,0.0,36,79.28,0.0,40,0.62,0.0,33,5.62,0.0,33,93.16,0.0,34,0.79,0.0,30,19.86,0.006,36,84.9,0.065,38,-1.41,0.0,30,5.71,0.0,32,94.13,0.0,31,1.05,0.0,32,17.58,0.0,34,78.75,0.0,35
1786331426.004,walk vx=0.000 vy=0.000 w=0.00,0.79,0.0,34,18.9,0.0,34,94.39,0.006,34,-1.93,0.0,33,18.19,0.0,36,79.28,0.0,40,0.62,0.0,33,5.62,0.0,33,93.16,0.0,34,0.79,0.0,30,19.86,0.006,36,84.9,0.071,38,-1.41,0.0,30,5.71,0.0,32,94.13,0.0,32,1.05,0.0,32,17.58,0.0,34,78.75,0.0,35
1786331426.451,walk vx=0.000 vy=0.000 w=0.00,0.79,0.0,33,18.9,0.0,34,94.39,0.0,34,-1.93,0.0,33,18.19,0.0,36,79.28,0.0,40,0.62,0.0,33,5.62,0.0,33,93.16,0.006,34,0.79,0.0,30,19.86,0.0,36,84.9,0.071,38,-1.41,0.0,30,5.71,0.0,32,94.13,0.0,31,1.05,0.0,32,17.58,0.0,35,78.75,0.0,35
1786331426.858,walk vx=0.000 vy=0.000 w=0.00,0.79,0.0,34,18.9,0.0,34,94.39,0.0,34,-1.93,0.0,33,18.19,0.0,36,79.28,0.0,40,0.62,0.0,33,5.62,0.0,33,93.16,0.0,34,0.79,0.0,30,19.86,0.006,36,84.9,0.078,38,-1.41,0.0,30,5.71,0.0,32,94.13,0.0,31,1.05,0.0,32,17.58,0.0,34,78.75,0.0,34
1786331427.312,walk vx=0.000 vy=0.000 w=0.00,0.79,0.0,33,18.9,0.0,34,94.39,0.0,34,-1.93,0.0,33,18.19,0.0,36,79.28,0.0,40,0.62,0.0,33,5.62,0.0,32,93.16,0.0,34,0.79,0.0,30,19.86,0.0,36,84.9,0.058,38,-1.41,0.0,30,5.71,0.0,32,94.13,0.0,31,1.05,0.0,32,17.58,0.0,34,78.75,0.0,34
1786331427.734,walk vx=0.000 vy=0.000 w=0.00,0.79,0.0,34,18.9,0.0,34,94.39,0.0,34,-1.93,0.0,33,18.19,0.0,36,79.28,0.0,40,0.62,0.0,33,5.62,0.0,33,93.16,0.006,34,0.79,0.0,30,19.86,0.006,36,84.9,0.071,38,-1.41,0.0,30,5.71,0.0,32,94.13,0.0,31,1.05,0.0,32,17.58,0.0,34,78.75,0.0,35
1786331428.137,walk vx=0.000 vy=0.000 w=0.00,0.79,0.0,34,18.9,0.0,34,94.39,0.0,34,-1.93,0.0,33,18.19,0.0,36,79.28,0.0,40,0.62,0.0,33,5.62,0.0,33,93.16,0.0,34,0.79,0.0,30,19.86,0.006,36,84.9,0.052,38,-1.41,0.0,30,5.71,0.0,32,94.13,0.0,32,1.05,0.0,32,17.58,0.0,34,78.75,0.0,34
1786331428.546,walk vx=0.000 vy=0.000 w=0.00,0.79,0.0,33,18.9,0.0,34,94.39,0.0,34,-1.93,0.0,33,18.19,0.0,36,79.28,0.0,40,0.62,0.0,33,5.62,0.0,33,93.16,0.006,34,0.79,0.0,30,19.86,0.0,36,84.9,0.078,38,-1.41,0.0,30,5.71,0.0,32,94.13,0.0,31,1.05,0.0,32,17.58,0.0,34,78.75,0.0,35
1786331428.955,walk vx=0.000 vy=0.000 w=0.00,0.79,0.0,33,18.9,0.0,34,94.39,0.0,34,-1.93,0.0,33,18.19,0.0,36,79.28,0.0,40,0.62,0.0,33,5.62,0.0,33,93.16,0.006,34,0.79,0.0,30,19.86,0.006,36,84.9,0.071,38,-1.41,0.0,30,5.71,0.0,32,94.13,0.0,31,1.05,0.0,32,17.58,0.0,34,78.75,0.0,34
1786331429.361,walk vx=0.000 vy=0.000 w=0.00,0.79,0.0,33,18.9,0.0,34,94.39,0.0,34,-1.93,0.0,33,18.19,0.0,36,79.28,0.0,40,0.62,0.0,33,5.62,0.0,33,93.16,0.0,34,0.79,0.0,30,19.86,0.0,36,84.9,0.058,38,-1.41,0.0,30,5.71,0.0,32,94.13,0.006,31,1.05,0.0,32,17.58,0.0,34,78.75,0.0,35
1786331429.733,walk vx=0.000 vy=0.000 w=0.00,0.79,0.0,34,18.9,0.0,34,94.39,0.0,34,-1.93,0.0,33,18.19,0.0,36,79.28,0.0,40,0.62,0.0,33,5.62,0.0,32,93.16,0.006,34,0.79,0.0,30,19.86,0.006,36,84.9,0.065,38,-1.41,0.0,30,5.71,0.0,32,94.13,0.0,31,1.05,0.0,32,17.58,0.0,34,78.75,0.0,34
1786331430.116,walk vx=0.000 vy=0.000 w=0.00,0.79,0.0,33,18.9,0.0,34,94.39,0.006,34,-1.93,0.0,33,18.19,0.0,36,79.28,0.0,40,0.62,0.0,33,5.62,0.0,33,93.16,0.0,34,0.79,0.0,30,19.86,0.006,36,84.9,0.052,38,-1.41,0.0,30,5.71,0.0,32,94.13,0.0,31,1.05,0.0,32,17.58,0.0,34,78.75,0.0,34
1786331430.499,walk vx=0.000 vy=0.000 w=0.00,0.79,0.0,33,18.9,0.0,34,94.39,0.0,34,-1.93,0.0,33,18.19,0.0,36,79.28,0.0,40,0.62,0.0,33,5.62,0.0,33,93.16,0.0,34,0.79,0.0,30,19.86,0.006,36,84.9,0.071,38,-1.41,0.0,30,5.71,0.0,32,94.13,0.0,31,1.05,0.0,32,17.58,0.0,34,78.75,0.0,35
1786331430.959,walk vx=0.000 vy=0.000 w=0.00,0.79,0.0,34,18.9,0.0,34,94.39,0.0,34,-1.93,0.0,33,18.19,0.0,36,79.28,0.0,40,0.62,0.0,33,5.62,0.0,33,93.16,0.0,34,0.79,0.0,30,19.86,0.0,36,84.9,0.058,38,-1.41,0.0,30,5.71,0.0,32,94.13,0.0,31,1.05,0.0,32,17.58,0.0,34,78.75,0.0,34
1786331431.352,walk vx=0.000 vy=0.000 w=0.00,0.79,0.0,33,18.9,0.0,34,94.39,0.0,34,-1.93,0.0,33,18.19,0.0,36,79.28,0.0,40,0.62,0.0,33,5.62,0.0,33,93.16,0.0,34,0.79,0.0,30,19.86,0.006,36,84.9,0.065,38,-1.41,0.0,30,5.71,0.0,32,94.13,0.0,31,1.05,0.0,32,17.58,0.0,34,78.75,0.0,34
1786331431.728,walk vx=0.000 vy=0.000 w=0.00,0.79,0.0,33,18.9,0.0,34,94.39,0.0,34,-1.93,0.0,33,18.19,0.0,36,79.28,0.0,40,0.62,0.0,33,5.62,0.0,33,93.16,0.006,34,0.79,0.0,30,19.86,0.0,36,84.9,0.071,38,-1.41,0.0,30,5.71,0.0,32,94.13,0.0,31,1.05,0.0,32,17.58,0.0,34,78.75,0.0,35
1786331432.120,walk vx=0.000 vy=0.000 w=0.00,0.79,0.0,33,18.9,0.0,34,94.39,0.0,34,-1.93,0.0,33,18.19,0.0,36,79.28,0.0,40,0.62,0.0,33,5.62,0.0,33,93.16,0.006,34,0.79,0.0,30,19.86,0.0,36,84.9,0.071,38,-1.41,0.0,30,5.71,0.0,32,94.13,0.0,32,1.05,0.0,32,17.58,0.0,34,78.75,0.0,34
1786331432.551,walk vx=0.000 vy=0.000 w=0.00,0.79,0.0,34,18.9,0.0,34,94.39,0.0,34,-1.93,0.0,33,18.19,0.0,36,79.28,0.006,40,0.62,0.0,33,5.62,0.0,33,93.16,0.0,34,0.79,0.0,30,19.86,0.006,36,84.9,0.052,38,-1.41,0.0,30,5.71,0.0,32,94.13,0.0,31,1.05,0.0,32,17.58,0.0,34,78.75,0.0,35
1786331432.995,walk vx=0.000 vy=0.000 w=0.00,0.79,0.0,34,18.9,0.0,34,94.39,0.006,34,-1.93,0.0,34,18.19,0.0,36,79.28,0.0,40,0.62,0.0,33,5.62,0.0,32,93.16,0.0,34,0.79,0.0,30,19.86,0.0,36,84.9,0.071,38,-1.41,0.0,30,5.71,0.0,32,94.13,0.0,31,1.05,0.0,32,17.58,0.0,34,78.75,0.0,34
1786331433.446,walk vx=0.000 vy=0.000 w=0.00,0.79,0.0,33,18.9,0.0,34,94.39,0.0,34,-1.93,0.0,33,18.19,0.0,36,79.28,0.0,40,0.62,0.0,33,5.62,0.0,33,93.16,0.0,34,0.79,0.0,30,19.86,0.0,36,84.9,0.071,38,-1.41,0.0,30,5.71,0.0,32,94.13,0.0,31,1.05,0.0,32,17.58,0.0,34,78.75,0.0,34
1786331433.886,walk vx=0.000 vy=0.000 w=0.00,0.79,0.0,33,18.9,0.0,34,94.39,0.0,34,-1.93,0.0,33,18.19,0.0,36,79.28,0.0,40,0.62,0.0,33,5.62,0.0,33,93.16,0.0,34,0.79,0.0,30,19.86,0.006,36,84.9,0.058,38,-1.41,0.0,30,5.71,0.0,32,94.13,0.0,31,1.05,0.0,32,17.58,0.0,34,78.75,0.0,35
1786331434.283,walk vx=0.000 vy=0.000 w=0.00,0.79,0.0,33,18.9,0.0,34,94.39,0.0,34,-1.93,0.0,33,18.19,0.0,36,79.28,0.0,40,0.62,0.0,33,5.62,0.0,33,93.16,0.006,34,0.79,0.0,30,19.86,0.006,36,84.9,0.065,39,-1.41,0.0,30,5.71,0.0,32,94.13,0.0,31,1.05,0.0,32,17.58,0.0,34,78.75,0.0,35
1786331434.659,walk vx=0.000 vy=0.000 w=0.00,0.79,0.0,33,18.9,0.0,34,94.39,0.0,34,-1.93,0.0,33,18.19,0.0,36,79.28,0.0,40,0.62,0.0,33,5.62,0.0,33,93.16,0.0,34,0.79,0.0,30,19.86,0.0,36,84.9,0.071,38,-1.41,0.0,30,5.71,0.0,32,94.13,0.0,31,1.05,0.0,32,17.58,0.0,34,78.75,0.0,34
1786331435.023,walk vx=0.000 vy=0.000 w=0.00,0.79,0.0,33,18.9,0.0,34,94.39,0.0,34,-1.93,0.0,33,18.19,0.0,36,79.28,0.0,40,0.62,0.0,33,5.62,0.0,32,93.16,0.0,34,0.79,0.0,30,19.86,0.0,36,84.9,0.052,38,-1.41,0.0,30,5.71,0.0,32,94.13,0.0,31,1.05,0.0,32,17.58,0.0,34,78.75,0.0,35
1786331435.362,walk vx=0.000 vy=0.000 w=0.00,0.79,0.0,34,18.9,0.0,34,94.39,0.0,34,-1.93,0.0,33,18.19,0.0,36,79.28,0.0,40,0.62,0.0,33,5.62,0.0,33,93.16,0.0,34,0.79,0.0,30,19.86,0.0,36,84.9,0.071,38,-1.41,0.0,30,5.71,0.0,32,94.13,0.0,31,1.05,0.0,32,17.58,0.0,34,78.75,0.0,35
1786331435.689,walk vx=0.000 vy=0.000 w=0.00,0.79,0.0,33,18.9,0.0,34,94.39,0.0,34,-1.93,0.0,33,18.19,0.0,36,79.28,0.0,40,0.62,0.0,33,5.62,0.0,33,93.16,0.0,34,0.79,0.0,30,19.86,0.006,36,84.9,0.071,38,-1.41,0.0,30,5.71,0.0,32,94.13,0.0,31,1.05,0.0,32,17.58,0.0,34,78.75,0.0,34
1786331436.351,walk vx=0.000 vy=0.000 w=0.00,0.79,0.0,34,18.9,0.0,34,94.39,0.0,34,-1.93,0.0,33,18.19,0.0,36,79.28,0.0,40,0.62,0.0,33,5.62,0.0,32,93.16,0.0,34,0.79,0.0,30,19.86,0.006,36,84.9,0.052,38,-1.41,0.0,30,5.71,0.0,32,94.13,0.0,31,1.05,0.0,32,17.58,0.0,34,78.75,0.0,34
1786331437.047,walk vx=0.000 vy=0.000 w=0.00,0.79,0.0,33,18.9,0.0,34,94.39,0.0,34,-1.93,0.0,33,18.19,0.0,36,79.28,0.0,40,0.62,0.0,33,5.62,0.0,32,93.16,0.0,34,0.79,0.0,30,19.86,0.0,36,84.9,0.045,38,-1.41,0.0,30,5.71,0.0,32,94.13,0.0,31,1.05,0.0,32,17.58,0.0,34,78.75,0.0,34
1786331437.778,walk vx=0.000 vy=0.000 w=0.00,0.79,0.0,34,18.9,0.0,34,94.39,0.0,34,-1.93,0.0,33,18.19,0.0,36,79.28,0.0,40,0.62,0.0,33,5.62,0.0,32,93.16,0.006,34,0.79,0.0,30,19.86,0.0,36,84.9,0.065,38,-1.41,0.0,30,5.71,0.0,32,94.13,0.0,32,1.05,0.0,32,17.58,0.0,34,78.75,0.0,34
1786331438.416,walk vx=0.000 vy=0.000 w=0.00,0.79,0.0,33,18.9,0.0,34,94.39,0.0,34,-1.93,0.0,33,18.19,0.0,36,79.28,0.0,40,0.62,0.0,33,5.62,0.0,33,93.16,0.006,34,0.79,0.0,30,19.86,0.0,36,84.9,0.052,38,-1.41,0.0,30,5.71,0.0,32,94.13,0.0,31,1.05,0.0,32,17.58,0.0,34,78.75,0.0,34
1786331439.082,walk vx=0.000 vy=0.000 w=0.00,0.79,0.0,33,18.9,0.0,34,94.39,0.0,34,-1.93,0.0,33,18.19,0.0,36,79.28,0.0,40,0.62,0.0,33,5.62,0.0,33,93.16,0.006,34,0.79,0.0,30,19.86,0.0,36,84.9,0.071,38,-1.41,0.0,30,5.71,0.0,32,94.13,0.0,31,1.05,0.0,32,17.58,0.0,34,78.75,0.0,35
1786331439.677,walk vx=0.000 vy=0.000 w=0.00,0.79,0.0,33,18.9,0.0,34,94.39,0.0,34,-1.93,0.0,33,18.19,0.0,36,79.28,0.0,40,0.62,0.0,33,5.62,0.0,33,93.16,0.0,34,0.79,0.0,30,19.86,0.006,36,84.9,0.052,38,-1.41,0.0,30,5.71,0.0,32,94.13,0.0,31,1.05,0.0,32,17.58,0.0,34,78.75,0.0,34
1786331440.053,walk vx=0.000 vy=0.000 w=0.00,0.79,0.0,33,18.9,0.0,34,94.39,0.0,34,-1.93,0.0,33,18.19,0.0,36,79.28,0.0,40,0.62,0.0,33,5.62,0.0,33,93.16,0.006,34,0.79,0.0,30,19.86,0.0,36,84.9,0.052,38,-1.41,0.0,30,5.71,0.0,32,94.13,0.0,31,1.05,0.006,32,17.58,0.0,34,78.75,0.0,34
1786331440.439,walk vx=0.000 vy=0.000 w=0.00,0.79,0.0,33,18.9,0.0,34,94.39,0.0,34,-1.93,0.0,33,18.19,0.0,36,79.28,0.0,40,0.62,0.0,33,5.62,0.0,33,93.16,0.0,34,0.79,0.0,30,19.86,0.0,36,84.9,0.071,38,-1.41,0.0,30,5.71,0.0,32,94.13,0.0,31,1.05,0.0,32,17.58,0.0,34,78.75,0.0,35
1786331440.820,walk vx=0.000 vy=0.000 w=0.00,0.79,0.0,33,18.9,0.0,34,94.39,0.0,34,-1.93,0.0,33,18.19,0.0,36,79.28,0.0,40,0.62,0.0,33,5.62,0.0,33,93.16,0.006,34,0.79,0.0,30,19.86,0.006,36,84.9,0.071,38,-1.41,0.0,30,5.71,0.0,32,94.13,0.0,32,1.05,0.0,32,17.58,0.0,34,78.75,0.0,34
1786331441.252,walk vx=0.000 vy=0.000 w=0.00,0.79,0.0,34,18.9,0.0,34,94.39,0.0,34,-1.93,0.0,33,18.19,0.0,36,79.28,0.0,40,0.62,0.0,33,5.62,0.0,33,93.16,0.006,34,0.79,0.0,30,19.86,0.006,36,84.9,0.058,38,-1.41,0.0,30,5.71,0.0,32,94.13,0.0,32,1.05,0.0,32,17.58,0.0,34,78.75,0.0,34
1786331441.759,walk vx=0.000 vy=0.000 w=0.00,0.79,0.0,33,18.9,0.0,34,94.39,0.006,34,-1.93,0.0,33,18.19,0.0,36,79.28,0.0,40,0.62,0.0,33,5.62,0.0,33,93.16,0.0,34,0.79,0.0,30,19.86,0.006,36,84.9,0.052,39,-1.41,0.0,30,5.71,0.0,32,94.13,0.0,31,1.05,0.0,32,17.58,0.0,34,78.75,0.0,34
1786331442.167,walk vx=0.000 vy=0.000 w=0.00,0.79,0.0,33,18.9,0.0,34,94.39,0.0,34,-1.93,0.0,33,18.19,0.0,36,79.28,0.0,40,0.62,0.0,33,5.62,0.0,33,93.16,0.0,34,0.79,0.0,30,19.86,0.006,36,84.9,0.065,38,-1.41,0.0,30,5.71,0.0,32,94.13,0.0,31,1.05,0.0,32,17.58,0.0,34,78.75,0.0,34
1786331442.576,walk vx=0.000 vy=0.000 w=0.00,0.79,0.0,33,18.9,0.0,34,94.39,0.0,34,-1.93,0.0,33,18.19,0.0,36,79.28,0.0,40,0.62,0.0,33,5.62,0.0,32,93.16,0.0,34,0.79,0.0,30,19.86,0.0,36,84.9,0.052,38,-1.41,0.0,30,5.71,0.0,32,94.13,0.0,31,1.05,0.0,32,17.58,0.0,34,78.75,0.0,35
1786331442.976,walk vx=0.000 vy=0.000 w=0.00,0.79,0.0,34,18.9,0.0,34,94.39,0.0,34,-1.93,0.0,33,18.19,0.0,36,79.28,0.0,40,0.62,0.0,33,5.62,0.0,33,93.16,0.0,34,0.79,0.0,30,19.86,0.006,36,84.9,0.052,39,-1.41,0.0,30,5.71,0.0,32,94.13,0.0,31,1.05,0.0,32,17.58,0.0,34,78.75,0.0,35
1786331443.370,walk vx=0.000 vy=0.000 w=0.00,0.79,0.0,33,18.9,0.0,34,94.39,0.0,34,-1.93,0.0,33,18.19,0.0,36,79.28,0.0,40,0.62,0.0,33,5.62,0.0,33,93.16,0.0,34,0.79,0.0,30,19.86,0.0,36,84.9,0.071,38,-1.41,0.0,30,5.71,0.0,32,94.13,0.0,31,1.05,0.0,32,17.58,0.0,34,78.75,0.0,34
1786331443.772,walk vx=0.000 vy=0.000 w=0.00,0.79,0.0,33,18.9,0.0,34,94.39,0.0,34,-1.93,0.0,33,18.19,0.0,36,79.28,0.0,40,0.62,0.0,33,5.62,0.0,33,93.16,0.0,34,0.79,0.0,30,19.86,0.006,36,84.9,0.071,38,-1.41,0.0,30,5.71,0.0,32,94.13,0.0,31,1.05,0.0,32,17.58,0.0,34,78.75,0.0,35
1786331444.153,walk vx=0.000 vy=0.000 w=0.00,0.79,0.0,33,18.9,0.0,34,94.39,0.0,34,-1.93,0.0,33,18.19,0.0,36,79.28,0.0,40,0.62,0.0,33,5.62,0.0,33,93.16,0.006,34,0.79,0.0,30,19.86,0.006,36,84.9,0.058,39,-1.41,0.0,30,5.71,0.0,32,94.13,0.0,32,1.05,0.0,32,17.58,0.0,34,78.75,0.0,35
1786331444.563,walk vx=0.000 vy=0.000 w=0.00,0.79,0.0,33,18.9,0.0,34,94.39,0.0,34,-1.93,0.0,33,18.19,0.0,36,79.28,0.0,40,0.62,0.0,33,5.62,0.0,32,93.16,0.0,34,0.79,0.0,30,19.86,0.006,36,84.9,0.071,39,-1.41,0.0,30,5.71,0.0,32,94.13,0.0,31,1.05,0.0,32,17.58,0.0,34,78.75,0.0,34
1786331444.978,walk vx=0.000 vy=0.000 w=0.00,0.79,0.0,33,18.9,0.0,34,94.39,0.0,34,-1.93,0.0,33,18.19,0.0,36,79.28,0.0,40,0.62,0.0,33,5.62,0.0,33,93.16,0.0,34,0.79,0.0,30,19.86,0.006,36,84.9,0.071,39,-1.41,0.0,30,5.71,0.0,32,94.13,0.0,31,1.05,0.0,32,17.58,0.0,34,78.75,0.0,34
1786331445.373,walk vx=0.000 vy=0.000 w=0.00,0.79,0.0,33,18.9,0.0,34,94.39,0.0,34,-1.93,0.0,33,18.19,0.0,36,79.28,0.0,40,0.62,0.0,33,5.62,0.0,33,93.16,0.0,34,0.79,0.0,30,19.86,0.0,36,84.9,0.078,39,-1.41,0.0,30,5.71,0.0,32,94.13,0.0,31,1.05,0.0,32,17.58,0.0,34,78.75,0.0,34
1786331445.817,walk vx=0.000 vy=0.000 w=0.00,0.79,0.0,33,18.9,0.0,34,94.39,0.0,34,-1.93,0.0,33,18.19,0.0,36,79.28,0.0,40,0.62,0.0,33,5.62,0.0,32,93.16,0.0,34,0.79,0.0,30,19.86,0.006,36,84.9,0.052,39,-1.41,0.0,30,5.71,0.0,32,94.13,0.006,31,1.05,0.0,32,17.58,0.0,34,78.75,0.0,34
1786331446.218,walk vx=0.000 vy=0.000 w=0.00,0.79,0.0,33,18.9,0.0,34,94.39,0.0,34,-1.93,0.0,33,18.19,0.0,36,79.28,0.0,40,0.62,0.0,33,5.62,0.0,32,93.16,0.0,34,0.79,0.0,30,19.86,0.006,36,84.9,0.052,39,-1.41,0.0,30,5.71,0.0,32,94.13,0.0,32,1.05,0.0,32,17.58,0.0,34,78.75,0.0,34
1786331446.619,walk vx=0.000 vy=0.000 w=0.00,0.79,0.0,33,18.9,0.0,34,94.39,0.006,34,-1.93,0.0,33,18.19,0.0,36,79.28,0.0,40,0.62,0.0,33,5.62,0.0,33,93.16,0.006,34,0.79,0.0,30,19.86,0.0,36,84.9,0.071,39,-1.41,0.0,30,5.71,0.0,32,94.13,0.0,31,1.05,0.0,32,17.58,0.0,34,78.75,0.0,34
1786331447.049,walk vx=0.000 vy=0.000 w=0.00,0.79,0.0,33,18.9,0.0,34,94.39,0.0,34,-1.93,0.0,33,18.19,0.0,36,79.28,0.0,40,0.62,0.0,33,5.62,0.0,32,93.16,0.006,34,0.79,0.0,30,19.86,0.0,36,84.9,0.065,39,-1.41,0.0,30,5.71,0.0,32,94.13,0.0,31,1.05,0.0,32,17.58,0.0,34,78.75,0.0,34
1786331447.430,walk vx=0.000 vy=0.000 w=0.00,0.79,0.0,33,18.9,0.0,34,94.39,0.006,34,-1.93,0.0,33,18.19,0.0,36,79.28,0.0,40,0.62,0.0,33,5.62,0.0,33,93.16,0.006,34,0.79,0.0,30,19.86,0.006,36,84.9,0.071,39,-1.41,0.0,30,5.71,0.0,32,94.13,0.0,31,1.05,0.0,32,17.58,0.0,34,78.75,0.0,35
1786331447.866,walk vx=0.000 vy=0.000 w=0.00,0.79,0.0,33,18.9,0.0,34,94.39,0.0,34,-1.93,0.0,33,18.19,0.0,36,79.28,0.0,40,0.62,0.0,33,5.62,0.0,32,93.16,0.006,34,0.79,0.0,30,19.86,0.0,36,84.9,0.058,39,-1.41,0.0,30,5.71,0.0,32,94.13,0.0,31,1.05,0.0,32,17.58,0.0,34,78.75,0.0,34
1786331448.272,walk vx=0.000 vy=0.000 w=0.00,0.79,0.0,33,18.9,0.0,34,94.39,0.0,34,-1.93,0.0,33,18.19,0.0,36,79.28,0.0,40,0.62,0.0,33,5.62,0.0,32,93.16,0.006,34,0.79,0.0,30,19.86,0.0,36,84.9,0.065,39,-1.41,0.0,30,5.71,0.0,32,94.13,0.0,31,1.05,0.0,32,17.58,0.0,34,78.75,0.0,35
1786331448.681,walk vx=0.000 vy=0.000 w=0.00,0.79,0.0,33,18.9,0.0,34,94.39,0.0,34,-1.93,0.0,33,18.19,0.0,36,79.28,0.0,40,0.62,0.0,33,5.62,0.0,33,93.16,0.0,34,0.79,0.0,30,19.86,0.0,36,84.9,0.071,39,-1.41,0.0,30,5.71,0.0,32,94.13,0.0,31,1.05,0.0,32,17.58,0.0,34,78.75,0.0,35
1786331449.093,walk vx=0.000 vy=0.000 w=0.00,0.79,0.0,34,18.9,0.0,34,94.39,0.0,34,-1.93,0.0,33,18.19,0.0,36,79.28,0.0,40,0.62,0.0,33,5.62,0.0,33,93.16,0.006,34,0.79,0.0,30,19.86,0.006,36,84.9,0.071,39,-1.41,0.0,30,5.71,0.0,32,94.13,0.0,31,1.05,0.0,32,17.58,0.0,34,78.75,0.0,34
1786331449.487,walk vx=0.000 vy=0.000 w=0.00,0.79,0.0,33,18.9,0.0,34,94.39,0.0,34,-1.93,0.0,33,18.19,0.0,36,79.28,0.0,40,0.62,0.0,33,5.62,0.0,33,93.16,0.0,34,0.79,0.0,30,19.86,0.0,36,84.9,0.071,39,-1.41,0.0,30,5.71,0.0,32,94.13,0.0,31,1.05,0.0,32,17.58,0.0,34,78.75,0.0,34
1786331449.898,walk vx=0.000 vy=0.000 w=0.00,0.79,0.0,33,18.9,0.0,34,94.39,0.0,34,-1.93,0.0,33,18.19,0.0,36,79.28,0.0,40,0.62,0.0,33,5.62,0.0,33,93.16,0.0,34,0.79,0.0,30,19.86,0.006,36,84.9,0.071,39,-1.41,0.0,30,5.71,0.0,32,94.13,0.0,31,1.05,0.0,32,17.58,0.0,34,78.75,0.0,34
1786331450.280,walk vx=0.000 vy=0.000 w=0.00,0.79,0.0,33,18.9,0.0,34,94.39,0.0,34,-1.93,0.0,33,18.19,0.0,36,79.28,0.0,40,0.62,0.0,33,5.62,0.0,33,93.16,0.006,34,0.79,0.0,30,19.86,0.006,36,84.9,0.052,39,-1.41,0.0,30,5.71,0.0,32,94.13,0.0,31,1.05,0.0,32,17.58,0.0,34,78.75,0.0,35
1786331450.736,walk vx=0.000 vy=0.000 w=0.00,0.79,0.0,34,18.9,0.0,34,94.39,0.0,34,-1.93,0.0,33,18.19,0.0,36,79.28,0.0,40,0.62,0.0,33,5.62,0.0,32,93.16,0.0,34,0.79,0.0,30,19.86,0.006,36,84.9,0.071,39,-1.41,0.0,30,5.71,0.0,32,94.13,0.0,31,1.05,0.006,32,17.58,0.0,34,78.75,0.0,34
1786331451.142,walk vx=0.000 vy=0.000 w=0.00,0.79,0.0,33,18.9,0.0,34,94.39,0.0,34,-1.93,0.0,33,18.19,0.0,36,79.28,0.0,40,0.62,0.0,33,5.62,0.0,32,93.16,0.0,34,0.79,0.0,30,19.86,0.006,36,84.9,0.071,39,-1.41,0.0,30,5.71,0.0,32,94.13,0.0,31,1.05,0.0,32,17.58,0.0,34,78.75,0.0,34
1786331451.513,walk vx=0.000 vy=0.000 w=0.00,0.79,0.0,33,18.9,0.0,34,94.39,0.0,34,-1.93,0.0,33,18.19,0.0,36,79.28,0.0,40,0.62,0.0,33,5.62,0.0,32,93.16,0.0,34,0.79,0.0,30,19.86,0.006,36,84.9,0.052,40,-1.41,0.0,30,5.71,0.0,32,94.13,0.0,31,1.05,0.0,32,17.58,0.0,34,78.75,0.0,34
1786331451.949,walk vx=0.000 vy=0.000 w=0.00,0.79,0.0,33,18.9,0.0,34,94.39,0.0,34,-1.93,0.0,33,18.19,0.0,36,79.28,0.0,40,0.62,0.0,33,5.62,0.0,33,93.16,0.0,34,0.79,0.0,30,19.86,0.006,36,84.9,0.071,39,-1.41,0.0,30,5.71,0.0,32,94.13,0.0,31,1.05,0.0,32,17.58,0.0,34,78.75,0.0,34
1786331452.388,walk vx=0.000 vy=0.000 w=0.00,0.79,0.0,33,18.9,0.0,34,94.39,0.0,34,-1.93,0.0,33,18.19,0.0,36,79.28,0.0,40,0.62,0.0,33,5.62,0.0,33,93.16,0.0,34,0.79,0.0,30,19.86,0.006,36,84.9,0.071,39,-1.41,0.0,30,5.71,0.0,32,94.13,0.0,31,1.05,0.0,32,17.58,0.0,34,78.75,0.0,34
1786331452.765,walk vx=0.000 vy=0.000 w=0.00,0.79,0.0,33,18.9,0.0,34,94.39,0.0,34,-1.93,0.0,33,18.19,0.0,36,79.28,0.0,40,0.62,0.0,33,5.62,0.0,32,93.16,0.0,34,0.79,0.0,30,19.86,0.0,36,84.9,0.071,39,-1.41,0.0,30,5.71,0.0,32,94.13,0.0,31,1.05,0.0,32,17.58,0.0,34,78.75,0.0,34
1786331453.131,walk vx=0.000 vy=0.000 w=0.00,0.79,0.0,33,18.9,0.0,34,94.39,0.0,34,-1.93,0.0,33,18.19,0.0,36,79.28,0.0,40,0.62,0.0,33,5.62,0.0,32,93.16,0.006,34,0.79,0.0,30,19.86,0.006,36,84.9,0.052,39,-1.41,0.0,30,5.71,0.0,32,94.13,0.0,31,1.05,0.0,32,17.58,0.0,34,78.75,0.0,34
1786331453.532,walk vx=0.000 vy=0.000 w=0.00,0.79,0.0,33,18.9,0.0,34,94.39,0.0,34,-1.93,0.0,33,18.19,0.0,36,79.28,0.0,40,0.62,0.0,33,5.62,0.0,32,93.16,0.0,34,0.79,0.0,30,19.86,0.0,36,84.9,0.052,39,-1.41,0.0,30,5.71,0.0,32,94.13,0.0,31,1.05,0.0,32,17.58,0.0,34,78.75,0.0,34
1786331453.990,walk vx=0.000 vy=0.000 w=0.00,0.79,0.0,33,18.9,0.0,34,94.39,0.0,34,-1.93,0.0,33,18.19,0.0,36,79.28,0.0,40,0.62,0.0,33,5.62,0.0,32,93.16,0.006,34,0.79,0.0,30,19.86,0.0,36,84.9,0.071,39,-1.41,0.0,30,5.71,0.0,32,94.13,0.0,31,1.05,0.0,32,17.58,0.0,34,78.75,0.0,34
1786331454.467,walk vx=0.000 vy=0.000 w=0.00,0.79,0.0,33,18.9,0.0,34,94.39,0.0,34,-1.93,0.0,33,18.19,0.0,36,79.28,0.0,40,0.62,0.0,33,5.62,0.0,33,93.16,0.0,34,0.79,0.0,30,19.86,0.0,36,84.9,0.065,39,-1.41,0.0,30,5.71,0.0,32,94.13,0.0,31,1.05,0.0,32,17.58,0.0,34,78.75,0.0,34
1786331454.838,walk vx=0.000 vy=0.000 w=0.00,0.79,0.0,33,18.9,0.0,34,94.39,0.006,34,-1.93,0.0,33,18.19,0.0,36,79.28,0.0,40,0.62,0.0,33,5.62,0.006,32,93.16,0.0,34,0.79,0.0,30,19.86,0.0,36,84.9,0.058,39,-1.41,0.0,30,5.71,0.0,32,94.13,0.0,31,1.05,0.0,32,17.58,0.0,34,78.75,0.0,34
1786331455.228,walk vx=0.000 vy=0.000 w=0.00,0.79,0.0,33,18.9,0.0,34,94.39,0.0,34,-1.93,0.0,33,18.19,0.0,36,79.28,0.0,40,0.62,0.0,33,5.62,0.0,33,93.16,0.0,34,0.79,0.0,30,19.86,0.006,36,84.9,0.078,39,-1.41,0.0,30,5.71,0.0,32,94.13,0.0,31,1.05,0.0,32,17.58,0.0,34,78.75,0.0,34
1786331455.611,walk vx=0.000 vy=0.000 w=0.00,0.79,0.0,33,18.9,0.0,34,94.39,0.0,34,-1.93,0.0,33,18.19,0.0,36,79.28,0.0,40,0.62,0.0,33,5.62,0.0,32,93.16,0.0,34,0.79,0.0,30,19.86,0.006,36,84.9,0.071,39,-1.41,0.0,30,5.71,0.0,32,94.13,0.0,31,1.05,0.0,32,17.58,0.0,34,78.75,0.0,34
1786331456.071,walk vx=0.000 vy=0.000 w=0.00,0.79,0.0,33,18.9,0.0,34,94.39,0.0,34,-1.93,0.0,33,18.19,0.0,36,79.28,0.0,40,0.62,0.0,33,5.62,0.0,32,93.16,0.0,34,0.79,0.0,30,19.86,0.006,36,84.9,0.052,37,-1.41,0.0,30,5.71,0.0,32,94.13,0.0,31,1.05,0.0,32,17.58,0.0,34,78.75,0.0,34
1786331456.455,walk vx=0.000 vy=0.000 w=0.00,0.79,0.0,33,18.9,0.0,34,94.39,0.0,34,-1.93,0.0,33,18.19,0.0,36,79.28,0.0,40,0.62,0.0,33,5.62,0.0,33,93.16,0.0,34,0.79,0.0,30,19.86,0.006,36,84.9,0.071,39,-1.41,0.0,30,5.71,0.0,32,94.13,0.0,31,1.05,0.0,32,17.58,0.0,34,78.75,0.0,34
1786331456.855,walk vx=0.000 vy=0.000 w=0.00,0.79,0.0,33,18.9,0.0,34,94.39,0.0,34,-1.93,0.0,33,18.19,0.0,36,79.28,0.0,40,0.62,0.0,33,5.62,0.0,32,93.16,0.0,34,0.79,0.0,30,19.86,0.006,36,84.9,0.071,39,-1.41,0.0,30,5.71,0.0,32,94.13,0.0,31,1.05,0.0,32,17.58,0.0,34,78.75,0.0,34
1786331457.263,walk vx=0.000 vy=0.000 w=0.00,0.79,0.0,33,18.9,0.0,34,94.39,0.0,34,-1.93,0.0,33,18.19,0.0,36,79.28,0.0,40,0.62,0.0,33,5.62,0.0,33,93.16,0.006,34,0.79,0.0,30,19.86,0.006,36,84.9,0.071,39,-1.41,0.0,30,5.71,0.0,32,94.13,0.0,31,1.05,0.0,32,17.58,0.0,34,78.75,0.0,34
1786331457.681,walk vx=0.000 vy=0.000 w=0.00,0.79,0.0,34,18.9,0.0,34,94.39,0.0,34,-1.93,0.0,33,18.19,0.0,36,79.28,0.0,40,0.62,0.0,33,5.62,0.0,32,93.16,0.0,34,0.79,0.0,30,19.86,0.006,36,84.9,0.071,39,-1.41,0.0,30,5.71,0.0,32,94.13,0.0,31,1.05,0.0,32,17.58,0.0,34,78.75,0.0,34
1786331458.099,walk vx=0.000 vy=0.000 w=0.00,0.79,0.0,33,18.9,0.0,34,94.39,0.0,34,-1.93,0.0,33,18.19,0.0,36,79.28,0.0,40,0.62,0.0,33,5.62,0.0,33,93.16,0.006,34,0.79,0.0,30,19.86,0.0,36,84.9,0.058,39,-1.41,0.0,30,5.71,0.0,32,94.13,0.0,31,1.05,0.0,32,17.58,0.0,34,78.75,0.0,34
1786331458.479,walk vx=0.000 vy=0.000 w=0.00,0.79,0.0,33,18.9,0.0,34,94.39,0.0,34,-1.93,0.0,33,18.19,0.0,36,79.28,0.0,40,0.62,0.0,33,5.62,0.0,33,93.16,0.0,34,0.79,0.0,30,19.86,0.0,36,84.9,0.065,39,-1.41,0.0,30,5.71,0.0,32,94.13,0.0,31,1.05,0.0,32,17.58,0.0,34,78.75,0.0,35
1786331458.855,walk vx=0.000 vy=0.000 w=0.00,0.79,0.0,33,18.9,0.0,34,94.39,0.0,34,-1.93,0.0,33,18.19,0.0,36,79.28,0.0,40,0.62,0.0,33,5.62,0.0,32,93.16,0.0,34,0.79,0.0,30,19.86,0.0,36,84.9,0.071,39,-1.41,0.0,30,5.71,0.0,32,94.13,0.0,31,1.05,0.0,32,17.58,0.0,34,78.75,0.0,34
1786331459.252,walk vx=0.000 vy=0.000 w=0.00,0.79,0.0,33,18.9,0.0,34,94.39,0.0,34,-1.93,0.0,33,18.19,0.0,36,79.28,0.0,40,0.62,0.0,33,5.62,0.0,33,93.16,0.0,34,0.79,0.0,30,19.86,0.006,36,84.9,0.052,39,-1.41,0.0,30,5.71,0.0,32,94.13,0.0,31,1.05,0.0,32,17.58,0.0,34,78.75,0.0,34
1786331459.692,walk vx=0.000 vy=0.000 w=0.00,0.79,0.0,33,18.9,0.0,34,94.39,0.0,34,-1.93,0.0,33,18.19,0.0,36,79.28,0.0,40,0.62,0.0,33,5.62,0.0,32,93.16,0.006,34,0.79,0.0,30,19.86,0.0,36,84.9,0.052,39,-1.41,0.0,30,5.71,0.0,32,94.13,0.0,31,1.05,0.0,32,17.58,0.0,34,78.75,0.0,34
1786331460.131,walk vx=0.000 vy=0.000 w=0.00,0.79,0.0,33,18.9,0.0,34,94.39,0.0,34,-1.93,0.0,33,18.19,0.0,36,79.28,0.0,40,0.62,0.0,33,5.62,0.0,33,93.16,0.0,34,0.79,0.0,30,19.86,0.006,36,84.9,0.078,39,-1.41,0.0,30,5.71,0.0,32,94.13,0.0,31,1.05,0.0,32,17.58,0.0,34,78.75,0.0,34
1786331460.520,walk vx=0.000 vy=0.000 w=0.00,0.79,0.0,33,18.9,0.0,34,94.39,0.006,34,-1.93,0.0,33,18.19,0.0,36,79.28,0.0,40,0.62,0.0,33,5.62,0.0,32,93.16,0.0,34,0.79,0.0,30,19.86,0.006,36,84.9,0.071,39,-1.41,0.0,30,5.71,0.0,32,94.13,0.0,31,1.05,0.0,32,17.58,0.0,34,78.75,0.0,34
1786331460.846,walk vx=0.000 vy=0.000 w=0.00,0.79,0.0,33,18.9,0.0,34,94.39,0.0,34,-1.93,0.0,33,18.19,0.0,36,79.28,0.0,40,0.62,0.0,33,5.62,0.0,32,93.16,0.006,34,0.79,0.0,30,19.86,0.0,36,84.9,0.071,39,-1.41,0.0,30,5.71,0.0,32,94.13,0.0,31,1.05,0.0,32,17.58,0.0,34,78.75,0.0,34
1786331461.214,walk vx=0.000 vy=0.000 w=0.00,0.79,0.0,33,18.9,0.0,34,94.39,0.0,34,-1.93,0.0,33,18.19,0.0,36,79.28,0.0,40,0.62,0.0,33,5.62,0.0,32,93.16,0.006,34,0.79,0.0,30,19.86,0.0,36,84.9,0.052,39,-1.41,0.0,30,5.71,0.0,32,94.13,0.0,31,1.05,0.0,32,17.58,0.0,34,78.75,0.0,34
1786331461.537,walk vx=0.000 vy=0.000 w=0.00,0.79,0.0,33,18.9,0.0,34,94.39,0.019,34,-1.93,0.0,33,18.19,0.0,36,79.28,0.0,40,0.62,0.0,33,5.62,0.0,32,93.34,0.0,34,0.79,0.0,30,19.95,0.0,36,85.69,0.052,39,-1.41,0.0,30,5.62,0.0,32,94.22,0.0,31,1.05,0.0,32,17.58,0.0,34,78.75,0.0,34
1786331462.029,walk vx=0.000 vy=0.000 w=0.00,0.79,0.0,33,18.9,0.0,34,81.3,0.0,34,-1.93,0.0,33,18.19,0.0,36,79.28,0.0,40,0.62,0.0,33,5.62,0.0,32,93.43,0.0,34,0.79,0.0,30,19.95,0.0,36,85.69,0.045,39,-1.41,0.0,30,5.62,0.0,32,94.22,0.0,31,1.05,0.0,32,17.58,0.0,34,78.75,0.0,34
1786331462.530,walk vx=0.000 vy=0.000 w=0.00,0.79,0.0,33,18.9,0.0,34,81.3,0.0,34,-1.93,0.0,33,18.19,0.0,36,79.28,0.0,40,0.62,0.0,33,5.62,0.0,32,93.43,0.006,34,0.79,0.0,30,19.95,0.0,36,85.69,0.039,39,-1.41,0.0,30,5.62,0.0,32,94.22,0.0,31,1.05,0.0,32,17.58,0.0,34,78.75,0.0,34
1786331463.020,walk vx=0.000 vy=0.000 w=0.00,0.79,0.0,33,18.9,0.0,34,81.3,0.0,34,-1.93,0.0,33,18.19,0.0,36,79.28,0.0,40,0.62,0.0,33,5.62,0.0,32,93.43,0.006,34,0.79,0.0,30,19.95,0.0,36,85.69,0.052,39,-1.41,0.0,30,5.62,0.0,32,94.22,0.0,31,1.05,0.0,32,17.58,0.0,34,78.75,0.0,34
1786331463.500,walk vx=0.000 vy=0.000 w=0.00,0.79,0.0,33,18.9,0.0,34,81.3,0.006,34,-1.93,0.0,33,18.19,0.0,36,79.28,0.0,40,0.62,0.0,33,5.62,0.0,32,93.43,0.006,34,0.79,0.0,30,19.95,0.0,36,85.69,0.052,39,-1.41,0.0,30,5.62,0.0,32,94.22,0.0,31,1.05,0.0,32,17.58,0.0,34,78.75,0.0,34
1786331464.007,walk vx=0.000 vy=0.000 w=0.00,0.79,0.0,33,18.9,0.0,34,81.3,0.0,34,-1.93,0.0,33,18.19,0.0,36,79.28,0.0,40,0.62,0.0,33,5.62,0.0,32,93.43,0.0,34,0.79,0.0,30,19.95,0.0,36,85.69,0.039,39,-1.41,0.0,30,5.62,0.0,32,94.22,0.0,31,1.05,0.0,32,17.58,0.0,34,78.75,0.0,34
1786331464.502,walk vx=0.000 vy=0.000 w=0.00,0.79,0.0,33,18.9,0.0,34,81.21,0.006,34,-1.93,0.0,33,18.19,0.0,36,79.28,0.0,40,0.62,0.0,33,5.62,0.0,32,93.52,0.0,34,0.79,0.0,30,19.95,0.0,36,86.4,0.033,39,-1.41,0.0,30,5.54,0.0,32,94.22,0.0,31,1.05,0.0,32,17.58,0.0,34,78.75,0.0,34
1786331465.048,walk vx=0.000 vy=0.000 w=0.00,0.79,0.0,33,18.9,0.0,34,79.19,0.006,34,-1.93,0.0,33,18.19,0.0,36,79.28,0.0,40,0.62,0.0,33,5.62,0.0,32,93.6,0.006,34,0.79,0.0,30,19.95,0.0,36,86.4,0.039,39,-1.41,0.0,30,5.54,0.0,32,94.22,0.0,31,1.05,0.0,32,17.58,0.0,34,78.75,0.0,34
1786331465.532,walk vx=0.000 vy=0.000 w=0.00,0.79,0.0,33,18.9,0.0,34,79.19,0.0,34,-1.93,0.0,33,18.19,0.0,36,79.28,0.0,40,0.62,0.0,33,5.62,0.0,32,93.6,0.006,34,0.79,0.0,30,19.95,0.0,36,86.4,0.033,40,-1.41,0.0,30,5.54,0.0,32,94.22,0.0,31,1.05,0.0,32,17.58,0.0,34,78.75,0.0,34
1786331465.999,walk vx=0.000 vy=0.000 w=0.00,0.79,0.0,33,18.9,0.0,34,79.19,0.0,34,-1.93,0.0,33,18.19,0.0,36,79.28,0.0,40,0.62,0.0,33,5.62,0.0,32,93.6,0.0,34,0.79,0.0,30,19.95,0.0,36,86.4,0.033,39,-1.41,0.0,30,5.54,0.0,32,94.22,0.0,31,1.05,0.0,32,17.58,0.0,34,78.75,0.0,34
1786331466.458,walk vx=0.000 vy=0.000 w=0.00,0.79,0.0,33,18.9,0.0,34,79.19,0.0,34,-1.93,0.0,33,18.19,0.0,36,79.28,0.0,40,0.62,0.0,33,5.62,0.0,32,93.6,0.006,34,0.79,0.0,30,19.95,0.0,36,86.4,0.033,39,-1.41,0.0,30,5.54,0.0,32,94.22,0.0,31,1.05,0.0,32,17.58,0.0,34,78.75,0.0,34
1786331466.988,walk vx=0.000 vy=0.000 w=0.00,0.79,0.0,33,18.9,0.0,34,79.19,0.0,34,-1.93,0.0,33,18.19,0.0,35,79.28,0.0,40,0.62,0.0,33,5.62,0.0,32,93.6,0.0,34,0.79,0.0,30,19.95,0.0,36,86.4,0.039,39,-1.41,0.0,30,5.54,0.0,32,94.22,0.0,31,1.05,0.0,32,17.58,0.0,34,78.75,0.0,34
1786331467.491,walk vx=0.000 vy=0.000 w=0.00,0.79,0.0,33,18.9,0.0,34,79.19,0.0,34,-1.93,0.0,33,18.19,0.0,36,79.28,0.0,40,0.62,0.0,33,5.62,0.0,32,93.6,0.0,34,0.79,0.0,30,19.95,0.0,36,87.1,0.033,39,-1.41,0.0,30,5.54,0.0,32,94.22,0.0,31,1.05,0.0,32,17.58,0.0,34,78.75,0.0,34
1786331467.987,walk vx=0.000 vy=0.000 w=0.00,0.79,0.0,33,18.9,0.0,34,84.11,0.0,34,-1.93,0.0,33,18.19,0.0,35,79.28,0.0,40,0.62,0.0,33,5.62,0.0,32,93.6,0.0,34,0.79,0.0,30,19.95,0.0,36,87.1,0.033,39,-1.41,0.0,30,5.54,0.0,32,94.22,0.0,31,1.05,0.0,32,17.58,0.0,34,78.75,0.0,34
1786331468.482,walk vx=0.000 vy=0.000 w=0.00,0.79,0.0,33,18.9,0.0,34,84.11,0.0,34,-1.93,0.0,33,18.19,0.0,36,79.28,0.0,40,0.62,0.0,33,5.62,0.0,32,93.6,0.0,34,0.79,0.0,30,19.95,0.0,36,87.1,0.039,39,-1.41,0.0,30,5.54,0.0,32,94.22,0.0,31,1.05,0.0,32,17.58,0.0,34,78.75,0.0,34
1786331468.953,walk vx=0.000 vy=0.000 w=0.00,0.79,0.0,33,18.9,0.0,34,84.11,0.0,34,-1.93,0.0,33,18.19,0.0,36,79.28,0.0,40,0.62,0.0,33,5.62,0.0,32,93.6,0.0,34,0.79,0.0,30,19.95,0.0,36,87.1,0.039,39,-1.41,0.0,30,5.54,0.0,32,94.31,0.0,31,1.05,0.0,32,17.58,0.0,34,78.75,0.0,34
1786331469.430,walk vx=0.000 vy=0.000 w=0.00,0.79,0.0,33,18.9,0.0,34,84.11,0.0,34,-1.93,0.0,33,18.19,0.0,36,79.28,0.0,40,0.62,0.0,33,5.62,0.0,32,93.6,0.0,34,0.79,0.0,30,19.95,0.0,36,87.1,0.033,39,-1.41,0.0,30,5.54,0.0,32,94.31,0.0,31,1.05,0.0,32,17.58,0.0,34,78.75,0.0,34
1786331469.969,walk vx=0.000 vy=0.000 w=0.00,0.79,0.0,33,18.9,0.0,34,84.11,0.0,34,-1.93,0.0,33,18.19,0.0,36,79.28,0.0,40,0.62,0.0,33,5.62,0.0,32,93.6,0.0,34,0.79,0.0,30,19.95,0.0,36,87.1,0.033,39,-1.41,0.0,30,5.54,0.0,32,94.31,0.0,31,1.05,0.0,32,17.58,0.0,34,78.75,0.0,34
1786331470.472,walk vx=0.000 vy=0.000 w=0.00,0.79,0.0,33,18.9,0.0,34,84.11,0.0,34,-1.93,0.0,33,18.19,0.0,36,79.28,0.0,40,0.62,0.0,33,5.62,0.0,32,93.6,0.0,34,0.79,0.0,30,19.95,0.0,36,87.71,0.026,39,-1.41,0.0,30,5.54,0.0,32,94.31,0.0,31,1.05,0.0,32,17.58,0.0,34,78.75,0.0,34
1786331470.965,walk vx=0.000 vy=0.000 w=0.00,0.79,0.0,33,18.9,0.0,34,79.19,0.006,34,-1.93,0.0,33,18.19,0.0,36,79.37,0.0,40,0.62,0.0,33,5.62,0.0,32,93.69,0.0,34,0.79,0.0,30,19.95,0.0,36,87.71,0.026,39,-1.41,0.0,30,5.54,0.0,32,94.31,0.0,31,1.05,0.0,32,17.58,0.0,34,78.75,0.0,34
1786331471.464,walk vx=0.000 vy=0.000 w=0.00,0.79,0.0,33,18.9,0.0,34,79.19,0.006,34,-1.93,0.0,33,18.19,0.0,36,79.37,0.0,40,0.62,0.0,33,5.62,0.0,33,93.69,0.0,34,0.79,0.0,30,19.95,0.0,36,87.71,0.033,39,-1.41,0.0,30,5.54,0.0,32,94.31,0.0,31,1.05,0.0,32,17.58,0.0,34,78.75,0.0,34
1786331471.997,walk vx=0.000 vy=0.000 w=0.00,0.79,0.0,33,18.9,0.0,34,79.19,0.0,34,-1.93,0.0,33,18.11,0.0,36,79.37,0.0,40,0.62,0.0,33,5.62,0.0,32,93.69,0.0,34,0.79,0.0,30,19.95,0.0,36,87.71,0.026,39,-1.41,0.0,30,5.54,0.0,32,94.31,0.0,31,1.05,0.0,32,17.58,0.0,34,78.75,0.0,34
1786331472.470,walk vx=0.000 vy=0.000 w=0.00,0.79,0.0,33,18.9,0.0,34,79.19,0.0,34,-1.93,0.0,33,18.11,0.0,36,79.37,0.0,40,0.62,0.0,33,5.62,0.0,32,93.69,0.0,34,0.79,0.0,30,19.95,0.0,36,87.71,0.026,40,-1.41,0.0,30,5.54,0.0,32,94.31,0.0,31,1.05,0.0,32,17.58,0.0,34,78.75,0.0,34
1786331472.962,walk vx=0.000 vy=0.000 w=0.00,0.79,0.0,33,18.9,0.0,34,79.19,0.0,34,-1.93,0.0,33,18.11,0.0,36,79.37,0.0,40,0.62,0.0,33,5.62,0.0,32,93.69,0.0,34,0.79,0.0,30,19.95,0.0,36,87.71,0.033,39,-1.41,0.0,30,5.54,0.0,32,94.31,0.0,31,1.05,0.0,32,17.58,0.0,34,78.75,0.0,34
1786331473.441,walk vx=0.000 vy=0.000 w=0.00,0.79,0.0,33,18.9,0.0,34,79.19,0.0,34,-1.93,0.0,33,18.11,0.0,36,79.37,0.0,40,0.62,0.0,33,5.62,0.0,32,93.69,0.0,34,0.79,0.0,30,19.95,0.0,36,88.15,0.019,39,-1.41,0.0,30,5.54,0.0,32,94.31,0.0,31,1.05,0.0,32,17.58,0.0,34,78.75,0.0,34
1786331473.976,walk vx=0.000 vy=0.000 w=0.00,0.79,0.0,33,18.9,0.0,34,88.07,0.0,34,-1.93,0.0,33,18.11,0.0,36,79.37,0.0,40,0.62,0.0,33,5.62,0.0,32,93.69,0.0,34,0.79,0.0,30,19.95,0.0,36,88.24,0.019,39,-1.41,0.0,30,5.54,0.0,32,94.31,0.0,31,1.05,0.0,32,17.58,0.0,34,78.75,0.0,34
1786331474.487,walk vx=0.000 vy=0.000 w=0.00,0.79,0.0,33,18.9,0.0,34,88.86,0.0,34,-1.93,0.0,33,18.11,0.0,35,79.37,0.0,40,0.62,0.0,33,5.62,0.0,32,93.69,0.0,34,0.79,0.0,30,19.95,0.0,36,88.24,0.019,39,-1.41,0.0,30,5.54,0.0,32,94.31,0.0,31,1.05,0.006,32,17.58,0.0,34,78.75,0.0,34
1786331474.979,walk vx=0.000 vy=0.000 w=0.00,0.79,0.0,33,18.9,0.0,34,88.86,0.0,34,-1.93,0.0,33,18.11,0.0,36,79.37,0.0,40,0.62,0.0,33,5.62,0.0,32,93.69,0.0,34,0.79,0.0,30,19.95,0.0,36,88.24,0.026,39,-1.41,0.0,30,5.54,0.0,32,94.31,0.0,31,1.05,0.0,32,17.58,0.0,34,78.75,0.0,34
1786331475.456,walk vx=0.000 vy=0.000 w=0.00,0.79,0.0,33,18.9,0.0,33,88.86,0.0,34,-1.93,0.0,33,18.11,0.0,36,79.37,0.0,40,0.62,0.0,33,5.62,0.0,32,93.69,0.0,34,0.79,0.0,30,19.95,0.0,36,88.24,0.019,39,-1.41,0.0,30,5.54,0.0,32,94.31,0.0,31,1.05,0.0,32,17.58,0.0,34,78.75,0.0,34
1786331475.967,walk vx=0.000 vy=0.000 w=0.00,0.79,0.0,33,18.9,0.0,34,88.86,0.0,34,-1.93,0.0,33,18.11,0.0,35,79.37,0.0,40,0.62,0.0,33,5.62,0.0,32,93.69,0.0,34,0.79,0.0,30,19.95,0.0,36,88.24,0.019,39,-1.41,0.0,30,5.54,0.0,32,94.31,0.0,31,1.05,0.0,32,17.58,0.0,34,78.75,0.0,34
1786331476.508,walk vx=0.000 vy=0.000 w=0.00,0.79,0.0,33,18.9,0.0,34,88.86,0.006,34,-1.93,0.0,33,18.11,0.0,35,79.37,0.0,40,0.62,0.0,33,5.62,0.0,32,93.69,0.0,34,0.79,0.0,30,19.95,0.0,36,88.68,0.019,39,-1.41,0.0,30,5.54,0.0,32,94.31,0.0,31,1.05,0.0,32,17.58,0.0,34,78.75,0.0,34
1786331476.994,walk vx=0.000 vy=0.000 w=0.00,0.79,0.0,33,18.9,0.0,34,80.6,0.006,34,-1.93,0.0,33,18.11,0.0,35,79.37,0.0,40,0.62,0.0,33,5.62,0.0,32,93.69,0.0,34,0.79,0.0,30,19.95,0.0,36,88.77,0.019,39,-1.41,0.0,30,5.45,0.0,32,94.31,0.0,31,1.05,0.0,32,17.58,0.0,34,78.75,0.0,34
1786331477.501,walk vx=0.000 vy=0.000 w=0.00,0.79,0.0,33,18.9,0.0,34,79.19,0.0,34,-1.93,0.0,33,18.11,0.0,36,79.37,0.0,40,0.62,0.0,33,5.62,0.0,32,93.69,0.0,34,0.79,0.0,30,19.95,0.0,36,88.77,0.026,39,-1.41,0.006,30,5.45,0.0,32,94.31,0.0,31,1.05,0.0,32,17.58,0.0,34,78.75,0.0,34
1786331477.980,walk vx=0.000 vy=0.000 w=0.00,0.79,0.0,33,18.9,0.0,34,79.19,0.0,34,-1.93,0.0,33,18.11,0.0,35,79.37,0.0,40,0.62,0.0,33,5.62,0.0,32,93.69,0.0,34,0.79,0.0,30,19.95,0.0,36,88.77,0.019,39,-1.41,0.006,30,5.45,0.0,32,94.31,0.0,31,1.05,0.0,32,17.58,0.0,34,78.75,0.0,34
1786331478.492,walk vx=0.000 vy=0.000 w=0.00,0.79,0.0,33,18.9,0.0,34,79.19,0.0,34,-1.93,0.0,33,18.11,0.0,35,79.37,0.0,40,0.62,0.0,33,5.62,0.0,32,93.69,0.0,34,0.79,0.0,30,19.95,0.0,36,88.77,0.026,39,-1.41,0.0,30,5.45,0.0,32,94.31,0.0,31,1.05,0.0,32,17.58,0.0,34,78.75,0.0,34
1786331478.977,walk vx=0.000 vy=0.000 w=0.00,0.79,0.0,33,18.9,0.0,34,79.19,0.0,34,-1.93,0.0,33,18.11,0.0,36,79.37,0.0,40,0.62,0.0,33,5.62,0.0,32,93.69,0.0,34,0.79,0.0,30,19.95,0.0,36,88.77,0.019,39,-1.41,0.0,30,5.45,0.0,32,94.31,0.0,31,1.05,0.0,32,17.58,0.0,34,78.75,0.0,34
1786331479.505,walk vx=0.000 vy=0.000 w=0.00,0.79,0.0,33,18.9,0.0,34,79.19,0.0,34,-1.93,0.0,33,18.11,0.0,35,79.37,0.0,39,0.62,0.0,33,5.62,0.0,32,93.69,0.0,34,0.79,0.0,30,19.95,0.0,36,88.77,0.019,39,-1.41,0.0,30,5.45,0.0,32,94.31,0.0,31,1.05,0.0,32,17.58,0.0,34,78.75,0.0,34
1786331479.919,walk vx=0.000 vy=0.000 w=0.00,0.79,0.0,33,18.9,0.0,33,79.19,0.0,34,-1.93,0.0,33,18.11,0.0,36,79.37,0.0,40,0.62,0.0,33,5.62,0.0,32,93.69,0.0,34,0.79,0.0,30,19.95,0.0,36,88.77,0.019,39,-1.41,0.0,30,5.45,0.0,32,94.31,0.0,31,1.05,0.0,32,17.58,0.0,34,78.75,0.0,34
1786331480.322,walk vx=0.000 vy=0.000 w=0.00,0.79,0.0,33,18.9,0.0,34,79.19,0.0,34,-1.93,0.0,33,18.11,0.0,35,79.37,0.0,40,0.62,0.0,33,5.62,0.0,32,93.69,0.0,34,0.79,0.0,30,19.95,0.0,36,88.77,0.026,39,-1.41,0.0,30,5.45,0.0,32,94.31,0.0,31,1.05,0.0,32,17.58,0.0,34,78.75,0.0,34
1786331480.754,walk vx=0.000 vy=0.000 w=0.00,0.79,0.0,33,18.9,0.0,34,79.19,0.0,34,-1.93,0.0,33,18.11,0.0,35,79.37,0.0,39,0.62,0.0,33,5.62,0.0,32,93.69,0.0,34,0.79,0.0,30,19.95,0.0,36,88.77,0.019,39,-1.41,0.0,30,5.45,0.0,32,94.31,0.0,31,1.05,0.0,32,17.58,0.0,34,78.75,0.0,34
1786331481.179,walk vx=0.000 vy=0.000 w=0.00,0.79,0.0,33,18.9,0.0,34,79.19,0.006,34,-1.93,0.0,33,18.11,0.0,35,79.37,0.0,39,0.62,0.0,33,5.62,0.0,32,93.69,0.0,34,0.79,0.0,30,19.95,0.0,36,88.77,0.019,39,-1.41,0.0,30,5.45,0.0,32,94.31,0.0,31,1.05,0.0,32,17.58,0.0,34,78.75,0.0,34
1786331481.587,walk vx=0.000 vy=0.000 w=0.00,0.79,0.0,33,18.9,0.0,34,79.19,0.006,34,-1.93,0.0,33,18.11,0.0,35,79.37,0.0,40,0.62,0.0,33,5.62,0.0,32,93.69,0.0,34,0.79,0.0,30,19.95,0.0,36,88.77,0.019,39,-1.41,0.0,30,5.45,0.0,32,94.31,0.0,31,1.05,0.0,32,17.58,0.0,34,78.75,0.0,34
1786331481.960,walk vx=0.000 vy=0.000 w=0.00,0.79,0.0,33,18.9,0.0,34,79.19,0.0,34,-1.93,0.0,33,18.11,0.0,35,79.37,0.0,40,0.62,0.0,33,5.62,0.0,33,93.69,0.0,34,0.79,0.0,30,19.95,0.0,36,88.77,0.019,39,-1.41,0.0,30,5.45,0.0,32,94.31,0.0,31,1.05,0.0,32,17.58,0.0,34,78.75,0.0,34
1786331482.382,walk vx=0.000 vy=0.000 w=0.00,0.79,0.0,33,18.9,0.0,34,79.19,0.0,34,-1.93,0.0,33,18.11,0.0,36,79.37,0.0,39,0.62,0.0,33,5.62,0.0,32,93.69,0.0,34,0.79,0.0,30,19.95,0.0,36,88.77,0.026,39,-1.41,0.0,30,5.45,0.0,32,94.31,0.0,31,1.05,0.0,32,17.58,0.0,34,78.75,0.0,34
1786331482.815,walk vx=0.000 vy=0.000 w=0.00,0.79,0.0,33,18.9,0.0,34,79.19,0.0,34,-1.93,0.0,33,18.11,0.0,36,79.37,0.0,40,0.62,0.0,33,5.62,0.0,32,93.69,0.0,34,0.79,0.0,30,19.95,0.0,36,88.77,0.019,39,-1.41,0.0,30,5.45,0.0,32,94.31,0.0,31,1.05,0.0,32,17.58,0.0,34,78.75,0.0,34
1786331483.221,walk vx=0.000 vy=0.000 w=0.00,0.79,0.0,33,18.9,0.0,34,79.19,0.0,34,-1.93,0.0,33,18.11,0.0,36,79.37,0.0,40,0.62,0.0,33,5.62,0.0,32,93.69,0.0,34,0.79,0.0,30,19.95,0.0,36,88.77,0.026,39,-1.41,0.0,30,5.45,0.0,32,94.31,0.0,31,1.05,0.0,32,17.58,0.0,34,78.75,0.0,34
1786331483.582,walk vx=0.000 vy=0.000 w=0.00,0.79,0.0,33,18.9,0.0,34,79.19,0.0,34,-1.93,0.0,33,18.11,0.0,36,79.37,0.0,39,0.62,0.0,33,5.62,0.0,32,93.69,0.0,34,0.79,0.0,30,19.95,0.0,36,88.77,0.019,39,-1.41,0.0,30,5.45,0.0,32,94.31,0.0,31,1.05,0.0,32,17.58,0.0,34,78.75,0.0,34
1786331483.989,walk vx=0.000 vy=0.000 w=0.00,0.79,0.0,33,18.9,0.0,34,79.19,0.0,34,-1.93,0.0,33,18.11,0.0,35,79.37,0.0,40,0.62,0.0,33,5.62,0.0,32,93.69,0.0,34,0.79,0.0,30,19.95,0.0,36,88.77,0.026,39,-1.41,0.0,30,5.45,0.0,32,94.31,0.0,31,1.05,0.0,32,17.58,0.0,34,78.75,0.0,34
1786331484.371,walk vx=0.000 vy=0.000 w=0.00,0.79,0.0,33,18.9,0.0,34,79.19,0.0,34,-1.93,0.0,33,18.11,0.0,35,79.37,0.0,39,0.62,0.0,33,5.62,0.0,32,93.69,0.0,34,0.79,0.0,30,19.95,0.0,36,88.77,0.026,39,-1.41,0.0,30,5.45,0.0,32,94.31,0.0,31,1.05,0.0,32,17.58,0.0,34,78.75,0.0,34
1786331484.760,walk vx=0.000 vy=0.000 w=0.00,0.79,0.0,33,18.9,0.0,34,79.19,0.0,34,-1.93,0.0,33,18.11,0.0,36,79.37,0.0,39,0.62,0.0,33,5.62,0.0,32,93.69,0.0,34,0.79,0.0,30,19.95,0.0,36,88.77,0.019,39,-1.41,0.0,30,5.45,0.0,32,94.31,0.0,31,1.05,0.0,32,17.58,0.0,34,78.75,0.0,34
1786331485.176,walk vx=0.000 vy=0.000 w=0.00,0.79,0.0,33,18.9,0.0,34,79.19,0.0,34,-1.93,0.0,33,18.11,0.0,35,79.37,0.0,39,0.62,0.0,33,5.62,0.0,32,93.69,0.0,34,0.79,0.0,30,19.95,0.0,36,88.77,0.026,39,-1.41,0.0,30,5.45,0.0,32,94.31,0.0,31,1.05,0.0,32,17.58,0.0,34,78.75,0.0,34
1786331485.541,walk vx=0.000 vy=0.000 w=0.00,0.79,0.0,33,18.9,0.0,34,79.19,0.0,34,-1.93,0.0,33,18.11,0.0,35,79.37,0.0,39,0.62,0.0,33,5.62,0.0,32,93.69,0.0,34,0.79,0.0,30,19.95,0.0,36,88.77,0.026,39,-1.41,0.0,30,5.45,0.0,32,94.31,0.0,31,1.05,0.0,32,17.58,0.0,34,78.75,0.0,34
1786331485.942,walk vx=0.000 vy=0.000 w=0.00,0.79,0.0,33,18.9,0.0,33,79.19,0.0,34,-1.93,0.0,33,18.11,0.0,35,79.37,0.0,39,0.62,0.0,33,5.62,0.0,32,93.69,0.0,34,0.79,0.0,30,19.95,0.0,36,88.77,0.019,39,-1.41,0.0,30,5.45,0.0,32,94.31,0.0,31,1.05,0.0,32,17.58,0.0,34,78.75,0.0,34
1786331486.351,walk vx=0.000 vy=0.000 w=0.00,0.79,0.0,33,18.9,0.0,34,79.19,0.006,34,-1.93,0.0,33,18.11,0.0,35,79.37,0.0,40,0.62,0.0,33,5.62,0.0,32,93.69,0.0,34,0.79,0.0,30,19.95,0.0,36,88.77,0.019,39,-1.41,0.0,30,5.45,0.0,32,94.31,0.0,31,1.05,0.0,32,17.58,0.0,34,78.75,0.0,34
1786331486.789,walk vx=0.000 vy=0.000 w=0.00,0.79,0.0,33,18.9,0.0,34,79.19,0.0,34,-1.93,0.0,33,18.11,0.0,36,79.37,0.0,39,0.62,0.0,33,5.62,0.0,32,93.69,0.0,34,0.79,0.0,30,19.95,0.0,36,88.77,0.019,39,-1.41,0.0,30,5.45,0.0,32,94.31,0.0,31,1.05,0.0,32,17.58,0.0,34,78.75,0.0,34
1786331487.235,walk vx=0.000 vy=0.000 w=0.00,0.79,0.0,33,18.9,0.0,34,79.19,0.0,34,-1.93,0.0,33,18.11,0.0,35,79.37,0.0,39,0.62,0.0,33,5.62,0.0,32,93.69,0.0,34,0.79,0.0,30,19.95,0.0,36,88.77,0.026,39,-1.41,0.0,30,5.45,0.0,32,94.31,0.0,31,1.05,0.0,32,17.58,0.0,34,78.75,0.0,34
1786331487.638,walk vx=0.000 vy=0.000 w=0.00,0.79,0.0,33,18.9,0.0,34,79.19,0.0,34,-1.93,0.0,33,18.11,0.0,35,79.37,0.0,39,0.62,0.0,33,5.62,0.0,32,93.69,0.0,34,0.79,0.0,30,19.95,0.0,36,88.77,0.026,39,-1.41,0.0,30,5.45,0.0,32,94.31,0.0,31,1.05,0.0,32,17.58,0.0,34,78.75,0.0,34
1786331488.051,walk vx=0.000 vy=0.000 w=0.00,0.79,0.0,33,18.9,0.0,34,79.19,0.0,34,-1.93,0.0,33,18.11,0.0,35,79.37,0.0,39,0.62,0.0,33,5.62,0.0,33,93.69,0.0,34,0.79,0.0,30,19.95,0.0,36,88.77,0.019,39,-1.41,0.0,30,5.45,0.0,32,94.31,0.0,31,1.05,0.0,32,17.58,0.0,34,78.75,0.0,34
1786331488.510,walk vx=0.000 vy=0.000 w=0.00,0.79,0.0,33,18.9,0.0,34,79.19,0.0,34,-1.93,0.0,33,18.11,0.0,35,79.37,0.0,39,0.62,0.0,33,5.62,0.0,32,93.69,0.0,34,0.79,0.0,30,19.95,0.0,36,88.77,0.019,39,-1.41,0.0,30,5.45,0.0,32,94.31,0.0,31,1.05,0.0,32,17.58,0.0,34,78.75,0.0,34
1786331488.886,walk vx=0.000 vy=0.000 w=0.00,0.79,0.0,33,18.9,0.0,34,79.19,0.0,34,-1.93,0.0,33,18.11,0.0,35,79.37,0.0,39,0.62,0.0,33,5.62,0.0,32,93.69,0.0,34,0.79,0.0,30,19.95,0.0,36,88.77,0.026,39,-1.41,0.0,30,5.45,0.0,32,94.31,0.0,31,1.05,0.0,32,17.58,0.0,34,78.75,0.0,34
1786331489.347,walk vx=0.000 vy=0.000 w=0.00,0.79,0.0,33,18.9,0.0,34,79.19,0.0,34,-1.93,0.0,33,18.11,0.0,36,79.37,0.0,39,0.62,0.0,33,5.62,0.0,32,93.69,0.0,34,0.79,0.0,30,19.95,0.0,36,88.77,0.026,39,-1.41,0.0,30,5.45,0.0,32,94.31,0.0,31,1.05,0.0,32,17.58,0.0,34,78.75,0.0,34
1786331489.736,walk vx=0.000 vy=0.000 w=0.00,0.79,0.0,33,18.9,0.0,34,79.19,0.0,34,-1.93,0.0,33,18.11,0.0,35,79.37,0.0,39,0.62,0.0,33,5.62,0.0,32,93.69,0.0,34,0.79,0.0,30,19.95,0.0,36,88.77,0.019,39,-1.41,0.0,30,5.45,0.0,32,94.31,0.0,31,1.05,0.0,32,17.58,0.0,34,78.75,0.0,34
1786331490.141,walk vx=0.000 vy=0.000 w=0.00,0.79,0.0,33,18.9,0.0,34,79.19,0.0,34,-1.93,0.0,33,18.11,0.0,35,79.37,0.0,39,0.62,0.0,33,5.62,0.0,32,93.69,0.0,34,0.79,0.0,30,19.95,0.0,36,88.77,0.019,39,-1.41,0.0,30,5.45,0.0,32,94.31,0.0,31,1.05,0.0,32,17.58,0.0,34,78.75,0.0,34
1786331490.548,walk vx=0.000 vy=0.000 w=0.00,0.79,0.0,33,18.9,0.0,34,79.19,0.0,34,-1.93,0.0,33,18.11,0.0,35,79.37,0.0,39,0.62,0.0,33,5.62,0.0,32,93.69,0.0,34,0.79,0.0,30,19.95,0.0,36,88.77,0.026,39,-1.41,0.0,30,5.45,0.0,32,94.31,0.0,31,1.05,0.0,32,17.58,0.0,34,78.75,0.0,34
1786331490.944,walk vx=0.000 vy=0.000 w=0.00,0.79,0.0,33,18.9,0.0,34,79.19,0.0,34,-1.93,0.0,33,18.11,0.0,35,79.37,0.0,39,0.62,0.0,33,5.62,0.0,32,93.69,0.0,34,0.79,0.0,30,19.95,0.0,36,88.77,0.019,39,-1.41,0.0,30,5.45,0.0,32,94.31,0.0,31,1.05,0.0,32,17.58,0.0,34,78.75,0.0,34
1786331491.429,walk vx=0.000 vy=0.000 w=0.00,0.79,0.0,33,18.9,0.0,34,79.19,0.0,34,-1.93,0.0,33,18.11,0.0,36,79.37,0.0,39,0.62,0.0,33,5.62,0.0,32,93.69,0.0,34,0.79,0.0,30,19.95,0.0,36,88.77,0.019,39,-1.41,0.0,30,5.45,0.0,32,94.31,0.0,31,1.05,0.0,32,17.58,0.0,34,78.75,0.0,34
1786331491.824,walk vx=0.000 vy=0.000 w=0.00,0.79,0.0,33,18.9,0.0,34,79.19,0.0,34,-1.93,0.0,33,18.11,0.0,35,79.37,0.0,39,0.62,0.0,33,5.62,0.0,32,93.69,0.0,34,0.79,0.0,30,19.95,0.0,36,88.77,0.019,39,-1.41,0.0,30,5.45,0.0,32,94.31,0.0,31,1.05,0.0,32,17.58,0.0,34,78.75,0.0,34
1786331492.201,walk vx=0.000 vy=0.000 w=0.00,0.79,0.0,33,18.9,0.0,34,79.19,0.0,34,-1.93,0.0,33,18.11,0.0,35,79.37,0.0,39,0.62,0.0,33,5.62,0.0,32,93.69,0.0,34,0.79,0.0,30,19.95,0.0,36,88.77,0.019,39,-1.41,0.0,30,5.45,0.0,32,94.31,0.0,31,1.05,0.0,32,17.58,0.0,34,78.75,0.0,34
1786331492.602,walk vx=0.000 vy=0.000 w=0.00,0.79,0.0,33,18.9,0.0,34,79.19,0.0,34,-1.93,0.0,33,18.11,0.0,36,79.37,0.0,39,0.62,0.0,33,5.62,0.0,32,93.69,0.0,34,0.79,0.0,30,19.95,0.0,36,88.77,0.019,39,-1.41,0.0,30,5.45,0.0,32,94.31,0.0,31,1.05,0.0,32,17.58,0.0,34,78.75,0.0,34
1786331492.965,walk vx=0.000 vy=0.000 w=0.00,0.79,0.0,33,18.9,0.0,34,79.19,0.0,34,-1.93,0.0,33,18.11,0.0,35,79.37,0.0,39,0.62,0.0,33,5.62,0.0,32,93.69,0.0,34,0.79,0.0,30,19.95,0.0,36,88.77,0.019,39,-1.41,0.0,30,5.45,0.0,32,94.31,0.0,31,1.05,0.0,32,17.58,0.0,34,78.75,0.0,34
1786331493.427,walk vx=0.000 vy=0.000 w=0.00,0.79,0.0,33,18.9,0.0,34,79.19,0.0,34,-1.93,0.0,33,18.11,0.0,35,79.37,0.0,39,0.62,0.0,33,5.62,0.0,32,93.69,0.0,34,0.79,0.0,30,19.95,0.0,36,88.77,0.019,39,-1.41,0.0,30,5.45,0.0,32,94.31,0.0,31,1.05,0.0,32,17.58,0.0,34,78.75,0.0,34
1786331493.855,walk vx=0.000 vy=0.000 w=0.00,0.79,0.0,33,18.9,0.0,34,79.19,0.0,34,-1.93,0.0,33,18.11,0.0,35,79.37,0.0,39,0.62,0.0,33,5.62,0.0,32,93.69,0.0,34,0.79,0.0,30,19.95,0.0,36,88.77,0.026,39,-1.41,0.0,30,5.45,0.0,32,94.31,0.0,31,1.05,0.0,32,17.58,0.0,34,78.75,0.0,34
1786331494.253,walk vx=0.000 vy=0.000 w=0.00,0.79,0.0,33,18.9,0.0,34,79.19,0.0,34,-1.93,0.0,33,18.11,0.0,35,79.37,0.0,39,0.62,0.0,33,5.62,0.0,32,93.69,0.0,34,0.79,0.0,30,19.95,0.0,36,88.77,0.019,39,-1.41,0.0,30,5.45,0.0,32,94.31,0.0,31,1.05,0.0,32,17.58,0.0,34,78.75,0.0,34
1786331494.628,walk vx=0.000 vy=0.000 w=0.00,0.79,0.0,33,18.9,0.0,34,79.19,0.0,34,-1.93,0.0,33,18.11,0.0,35,79.37,0.0,39,0.62,0.0,33,5.62,0.0,32,93.69,0.0,34,0.79,0.0,30,19.95,0.0,36,88.77,0.019,39,-1.41,0.0,30,5.45,0.0,32,94.31,0.0,31,1.05,0.0,32,17.58,0.0,34,78.75,0.0,34
1786331495.006,walk vx=0.000 vy=0.000 w=0.00,0.79,0.0,33,18.9,0.0,34,79.19,0.0,34,-1.93,0.0,33,18.11,0.0,35,79.37,0.0,39,0.62,0.0,33,5.62,0.0,32,93.69,0.0,34,0.79,0.0,30,19.95,0.0,36,88.77,0.019,39,-1.41,0.0,30,5.45,0.0,32,94.31,0.0,31,1.05,0.0,32,17.58,0.0,34,78.75,0.0,34
1786331495.451,walk vx=0.000 vy=0.000 w=0.00,0.79,0.0,33,18.9,0.0,34,79.19,0.0,34,-1.93,0.0,33,18.11,0.0,36,79.37,0.0,39,0.62,0.0,33,5.62,0.0,32,93.69,0.0,34,0.79,0.0,30,19.95,0.0,36,88.77,0.026,39,-1.41,0.0,30,5.45,0.0,32,94.31,0.0,31,1.05,0.0,32,17.58,0.0,34,78.75,0.0,34
1786331495.884,walk vx=0.000 vy=0.000 w=0.00,0.79,0.0,33,18.9,0.0,34,79.19,0.0,34,-1.93,0.0,33,18.11,0.0,35,79.37,0.0,39,0.62,0.0,33,5.62,0.0,32,93.69,0.0,34,0.79,0.0,30,19.95,0.0,36,88.77,0.026,39,-1.41,0.0,30,5.45,0.0,32,94.31,0.0,31,1.05,0.006,32,17.58,0.0,34,78.75,0.0,34
1786331496.296,walk vx=0.000 vy=0.000 w=0.00,0.79,0.0,33,18.9,0.0,34,79.19,0.0,34,-1.93,0.0,33,18.11,0.0,35,79.37,0.0,39,0.62,0.0,33,5.62,0.0,32,93.69,0.0,34,0.79,0.0,30,19.95,0.0,36,88.77,0.026,39,-1.41,0.0,30,5.45,0.0,32,94.31,0.0,31,1.05,0.0,32,17.58,0.0,34,78.75,0.0,34
1786331496.720,walk vx=0.000 vy=0.000 w=0.00,0.79,0.0,33,18.9,0.0,34,79.19,0.006,34,-1.93,0.0,33,18.11,0.0,35,79.37,0.0,39,0.62,0.0,33,5.62,0.0,32,93.69,0.0,34,0.79,0.0,30,19.95,0.0,36,88.77,0.019,39,-1.41,0.0,30,5.45,0.0,32,94.31,0.0,31,1.05,0.0,32,17.58,0.0,34,78.75,0.0,34
1786331497.119,walk vx=0.000 vy=0.000 w=0.00,0.79,0.0,33,18.9,0.0,34,79.19,0.0,34,-1.93,0.0,33,18.11,0.0,35,79.37,0.0,39,0.62,0.0,33,5.62,0.0,32,93.69,0.0,34,0.79,0.0,30,19.95,0.0,36,88.77,0.026,39,-1.41,0.0,30,5.45,0.0,32,94.31,0.0,31,1.05,0.0,32,17.58,0.0,34,78.75,0.0,34
1786331497.625,walk vx=0.000 vy=0.000 w=0.00,0.79,0.0,33,18.9,0.0,34,79.19,0.0,34,-1.93,0.0,33,18.11,0.0,36,79.37,0.0,39,0.62,0.0,33,5.62,0.0,32,93.69,0.0,34,0.79,0.0,30,19.95,0.0,36,88.77,0.026,39,-1.41,0.0,30,5.45,0.0,32,94.31,0.0,31,1.05,0.0,32,17.58,0.0,34,78.75,0.0,34
1786331497.967,walk vx=0.000 vy=0.000 w=0.00,0.79,0.0,33,18.9,0.0,34,79.19,0.0,34,-1.93,0.0,33,18.11,0.0,35,79.37,0.0,39,0.62,0.0,33,5.62,0.0,32,93.69,0.0,34,0.79,0.0,30,19.95,0.0,36,88.77,0.019,39,-1.41,0.0,30,5.45,0.0,32,94.31,0.0,31,1.05,0.0,32,17.58,0.0,34,78.75,0.0,34
1786331498.292,walk vx=0.000 vy=0.000 w=0.00,0.79,0.0,33,18.9,0.0,34,79.19,0.0,34,-1.93,0.0,33,18.11,0.0,35,79.37,0.0,39,0.62,0.0,33,5.62,0.0,32,93.69,0.0,34,0.79,0.0,30,19.95,0.0,36,89.12,0.019,39,-1.41,0.0,30,5.45,0.0,32,94.31,0.0,31,1.05,0.0,32,17.58,0.0,34,78.75,0.0,34
1786331498.706,walk vx=0.000 vy=0.000 w=0.00,0.79,0.0,33,18.9,0.0,34,81.21,0.0,34,-1.93,0.0,33,18.11,0.0,35,79.37,0.0,39,0.62,0.0,33,5.62,0.0,32,93.69,0.0,34,0.79,0.0,30,19.86,0.0,36,89.21,0.013,39,-1.41,0.0,30,5.45,0.0,32,94.31,0.0,31,1.05,0.0,32,17.58,0.0,34,78.75,0.0,34
1786331499.230,walk vx=0.000 vy=0.000 w=0.00,0.79,0.0,33,18.9,0.0,34,81.21,0.0,34,-1.93,0.0,33,18.11,0.0,36,79.37,0.0,39,0.62,0.0,33,5.62,0.0,32,93.69,0.0,34,0.79,0.0,30,19.86,0.0,36,89.21,0.013,39,-1.41,0.0,30,5.45,0.0,32,94.31,0.0,31,1.05,0.0,32,17.58,0.0,34,78.75,0.0,34
1786331499.722,walk vx=0.000 vy=0.000 w=0.00,0.79,0.0,33,18.9,0.0,34,81.21,0.0,34,-1.93,0.0,33,18.11,0.0,35,79.37,0.0,39,0.62,0.0,33,5.62,0.0,32,93.69,0.0,34,0.79,0.0,30,19.86,0.0,36,89.21,0.019,39,-1.41,0.0,30,5.45,0.0,32,94.31,0.0,31,1.05,0.0,32,17.58,0.0,34,78.75,0.0,34
1786331500.231,walk vx=0.000 vy=0.000 w=0.00,0.79,0.0,33,18.9,0.0,33,81.21,0.0,34,-1.93,0.0,33,18.11,0.0,35,79.37,0.0,39,0.62,0.0,33,5.62,0.0,32,93.69,0.0,34,0.79,0.0,30,19.86,0.0,36,89.21,0.019,39,-1.41,0.0,30,5.45,0.0,32,94.31,0.0,31,1.05,0.0,32,17.58,0.0,34,78.75,0.0,34
1786331500.702,walk vx=0.000 vy=0.000 w=0.00,0.79,0.0,33,18.9,0.0,34,81.21,0.0,34,-1.93,0.0,33,18.11,0.0,35,79.37,0.0,39,0.62,0.0,33,5.62,0.0,32,93.69,0.0,34,0.79,0.0,30,19.86,0.0,36,89.21,0.013,39,-1.41,0.0,30,5.45,0.0,32,94.31,0.0,31,1.05,0.0,32,17.58,0.0,34,78.75,0.0,34
1786331501.213,walk vx=0.000 vy=0.000 w=0.00,0.79,0.0,33,18.9,0.0,34,81.21,0.0,34,-1.93,0.0,33,18.11,0.0,35,79.37,0.0,39,0.62,0.0,33,5.62,0.0,32,93.69,0.0,34,0.79,0.0,30,19.86,0.0,36,89.21,0.0,39,-1.41,0.0,30,5.45,0.0,32,94.31,0.0,31,1.05,0.0,32,17.58,0.0,34,78.75,0.0,34
1786331501.706,walk vx=0.000 vy=0.000 w=0.00,0.79,0.0,33,18.9,0.0,34,79.19,0.0,34,-1.93,0.0,33,18.11,0.0,35,79.37,0.0,39,0.62,0.0,33,5.62,0.0,32,93.69,0.0,34,0.79,0.0,30,19.86,0.0,36,89.56,0.013,39,-1.41,0.0,30,5.45,0.0,32,94.31,0.0,31,1.05,0.0,32,17.58,0.0,34,78.75,0.0,34
1786331502.207,walk vx=0.000 vy=0.000 w=0.00,0.79,0.0,33,18.9,0.0,34,79.19,0.0,34,-1.93,0.0,33,18.11,0.0,35,79.37,0.0,39,0.62,0.006,33,5.62,0.0,32,93.69,0.0,34,0.79,0.0,30,19.86,0.0,36,89.56,0.013,39,-1.41,0.0,30,5.45,0.0,32,94.31,0.0,31,1.05,0.0,32,17.58,0.0,34,78.75,0.0,34
1786331502.733,walk vx=0.000 vy=0.000 w=0.00,0.79,0.0,33,18.9,0.0,34,79.19,0.0,34,-1.93,0.0,33,18.11,0.0,35,79.37,0.0,39,0.62,0.0,33,5.62,0.0,32,93.69,0.0,34,0.79,0.0,30,19.86,0.0,36,89.56,0.013,39,-1.41,0.0,30,5.45,0.0,32,94.31,0.0,31,1.05,0.0,32,17.58,0.0,34,78.75,0.0,34
1786331503.229,walk vx=0.000 vy=0.000 w=0.00,0.79,0.0,33,18.9,0.0,34,79.19,0.0,34,-1.93,0.0,33,18.11,0.0,35,79.37,0.0,39,0.62,0.0,33,5.62,0.0,32,93.69,0.0,34,0.79,0.0,30,19.86,0.0,36,89.56,0.019,39,-1.41,0.0,30,5.45,0.0,32,94.31,0.0,31,1.05,0.0,32,17.58,0.0,34,78.75,0.0,34
1786331503.710,walk vx=0.000 vy=0.000 w=0.00,0.79,0.0,33,18.9,0.0,34,79.19,0.0,34,-1.93,0.0,33,18.11,0.0,35,79.37,0.0,40,0.62,0.0,33,5.62,0.0,32,93.69,0.0,34,0.79,0.0,30,19.86,0.0,36,89.56,0.013,39,-1.41,0.0,30,5.45,0.0,32,94.31,0.0,31,1.05,0.0,32,17.58,0.0,34,78.75,0.0,34
1786331504.213,walk vx=0.000 vy=0.000 w=0.00,0.79,0.0,33,18.9,0.0,34,79.19,0.0,34,-1.93,0.0,33,18.11,0.0,35,79.37,0.0,39,0.62,0.0,33,5.62,0.0,32,93.69,0.0,34,0.79,0.0,30,19.86,0.0,36,89.56,0.0,39,-1.41,0.0,30,5.45,0.0,32,94.31,0.0,31,1.05,0.0,32,17.58,0.0,34,78.75,0.0,34
1786331504.727,walk vx=0.000 vy=0.000 w=0.00,0.79,0.0,33,18.9,0.0,34,84.02,0.0,34,-1.93,0.0,33,18.11,0.0,35,79.37,0.0,39,0.62,0.0,33,5.62,0.0,32,93.69,0.0,34,0.79,0.0,30,19.86,0.0,36,90.0,0.013,39,-1.41,0.0,30,5.45,0.0,32,94.31,0.0,31,1.05,0.0,32,17.58,0.0,34,78.75,0.0,34
1786331505.214,walk vx=0.000 vy=0.000 w=0.00,0.79,0.0,33,18.9,0.0,33,84.02,0.0,34,-1.93,0.0,33,18.11,0.0,35,79.37,0.0,39,0.62,0.0,33,5.62,0.0,32,93.69,0.0,34,0.79,0.0,30,19.86,0.0,36,90.0,0.019,39,-1.41,0.0,30,5.45,0.0,32,94.31,0.0,31,1.05,0.0,32,17.58,0.0,34,78.75,0.0,34
1786331505.687,walk vx=0.000 vy=0.000 w=0.00,0.79,0.0,33,18.9,0.0,34,84.02,0.0,34,-1.93,0.0,33,18.11,0.0,35,79.37,0.0,39,0.62,0.0,33,5.62,0.0,32,93.69,0.0,34,0.79,0.0,30,19.86,0.0,35,90.0,0.019,39,-1.41,0.0,30,5.45,0.0,32,94.31,0.0,31,1.05,0.0,32,17.58,0.0,34,78.75,0.0,34
1786331506.166,walk vx=0.000 vy=0.000 w=0.00,0.79,0.0,33,18.9,0.0,34,84.02,0.0,34,-1.93,0.0,33,18.11,0.0,35,79.37,0.0,39,0.62,0.0,33,5.62,0.0,32,93.69,0.0,34,0.79,0.0,30,19.86,0.0,35,90.0,0.019,39,-1.41,0.0,30,5.45,0.0,32,94.31,0.0,31,1.05,0.0,32,17.58,0.0,34,78.75,0.0,34
1786331506.740,walk vx=0.000 vy=0.000 w=0.00,0.79,0.0,33,18.9,0.0,34,84.02,0.0,34,-1.93,0.0,33,18.11,0.0,35,79.37,0.0,39,0.62,0.0,33,5.62,0.0,32,93.69,0.0,34,0.79,0.0,30,19.86,0.0,36,90.0,0.019,39,-1.41,0.0,30,5.45,0.0,32,94.31,0.0,31,1.05,0.0,32,17.58,0.0,34,78.75,0.0,34
1786331507.223,walk vx=0.000 vy=0.000 w=0.00,0.79,0.0,33,18.9,0.0,34,84.02,0.0,34,-1.93,0.0,33,18.11,0.0,35,79.37,0.0,39,0.62,0.0,33,5.62,0.0,32,93.69,0.0,34,0.79,0.0,30,19.86,0.0,35,90.0,0.019,39,-1.41,0.0,30,5.45,0.0,32,94.31,0.0,31,1.05,0.0,32,17.58,0.0,34,78.75,0.0,34
1786331507.716,walk vx=0.000 vy=0.000 w=0.00,0.79,0.0,33,18.9,0.0,34,79.98,0.006,34,-1.93,0.0,33,18.11,0.0,35,79.37,0.0,39,0.62,0.0,33,5.62,0.0,32,93.78,0.0,34,0.79,0.0,30,19.86,0.0,36,90.35,0.013,39,-1.41,0.0,30,5.45,0.0,32,94.31,0.0,31,1.05,0.0,32,17.58,0.0,34,78.75,0.0,34
1786331508.203,walk vx=0.000 vy=0.000 w=0.00,0.79,0.0,33,18.9,0.0,34,79.19,0.0,34,-1.93,0.0,33,18.11,0.0,35,79.37,0.0,39,0.62,0.0,33,5.62,0.0,32,93.78,0.0,34,0.79,0.0,30,19.86,0.0,36,90.35,0.019,39,-1.41,0.0,30,5.45,0.0,32,94.31,0.0,31,1.05,0.0,32,17.58,0.0,34,78.75,0.0,34
1786331508.697,walk vx=0.000 vy=0.000 w=0.00,0.79,0.0,33,18.9,0.0,34,79.19,0.0,34,-1.93,0.0,33,18.11,0.0,35,79.37,0.0,39,0.62,0.0,33,5.62,0.0,32,93.78,0.0,34,0.79,0.0,30,19.86,0.0,36,90.35,0.013,39,-1.41,0.0,30,5.45,0.0,32,94.31,0.0,31,1.05,0.0,32,17.58,0.0,34,78.75,0.0,34
1786331509.160,walk vx=0.000 vy=0.000 w=0.00,0.79,0.0,33,18.9,0.0,34,79.19,0.0,34,-1.93,0.0,33,18.11,0.0,35,79.37,0.0,39,0.62,0.0,33,5.62,0.0,32,93.78,0.0,34,0.79,0.0,30,19.86,0.0,35,90.35,0.013,39,-1.41,0.0,30,5.45,0.0,32,94.31,0.0,31,1.05,0.0,32,17.58,0.0,34,78.75,0.0,34
1786331509.663,walk vx=0.000 vy=0.000 w=0.00,0.79,0.0,33,18.9,0.0,34,79.19,0.0,34,-1.93,0.0,33,18.11,0.0,35,79.37,0.0,39,0.62,0.0,33,5.62,0.0,32,93.78,0.0,34,0.79,0.0,30,19.86,0.0,35,90.35,0.013,39,-1.41,0.0,30,5.45,0.0,32,94.31,0.0,31,1.05,0.0,32,17.58,0.0,34,78.75,0.0,34
1786331510.172,walk vx=0.000 vy=0.000 w=0.00,0.79,0.0,33,18.9,0.0,33,79.19,0.0,34,-1.93,0.0,33,18.11,0.0,35,79.37,0.0,39,0.62,0.0,33,5.62,0.0,32,93.78,0.0,34,0.79,0.0,30,19.86,0.0,36,90.35,0.013,39,-1.41,0.0,30,5.45,0.0,32,94.31,0.0,31,1.05,0.0,32,17.58,0.0,34,78.75,0.0,34
1786331510.679,walk vx=0.000 vy=0.000 w=0.00,0.79,0.0,33,18.9,0.0,34,80.16,0.026,34,-1.93,0.0,33,18.11,0.0,35,79.37,0.0,39,0.62,0.0,33,5.62,0.0,32,93.78,0.0,34,0.79,0.0,30,19.86,0.0,35,90.79,0.013,39,-1.41,0.0,30,5.45,0.0,32,94.31,0.0,31,1.05,0.0,32,17.58,0.0,34,78.75,0.0,34
1786331511.157,walk vx=0.000 vy=0.000 w=0.00,0.79,0.0,34,18.9,0.0,34,88.86,0.0,34,-1.93,0.0,33,18.11,0.0,35,79.37,0.0,39,0.62,0.0,33,5.62,0.0,32,93.78,0.0,34,0.79,0.0,30,19.86,0.0,35,90.79,0.019,39,-1.41,0.0,30,5.45,0.0,32,94.31,0.0,31,1.05,0.0,32,17.58,0.0,34,78.75,0.0,34
1786331511.646,walk vx=0.000 vy=0.000 w=0.00,0.79,0.0,33,18.9,0.0,33,88.86,0.006,34,-1.93,0.0,33,18.11,0.0,35,79.37,0.0,39,0.62,0.0,33,5.62,0.0,32,93.78,0.0,34,0.79,0.0,30,19.86,0.0,36,90.79,0.019,39,-1.41,0.0,30,5.45,0.0,32,94.31,0.0,31,1.05,0.0,32,17.58,0.0,34,78.75,0.0,34
1786331512.128,walk vx=0.000 vy=0.000 w=0.00,0.79,0.0,33,18.9,0.0,34,88.86,0.0,34,-1.93,0.0,33,18.11,0.0,35,79.37,0.0,39,0.62,0.0,33,5.62,0.0,32,93.78,0.0,34,0.79,0.0,30,19.86,0.0,36,90.79,0.013,39,-1.41,0.0,30,5.45,0.0,32,94.31,0.0,31,1.05,0.0,32,17.58,0.0,34,78.75,0.0,34
1786331512.621,walk vx=0.000 vy=0.000 w=0.00,0.79,0.0,33,18.9,0.0,34,88.86,0.0,34,-1.93,0.0,33,18.11,0.0,35,79.37,0.0,39,0.62,0.0,33,5.62,0.0,32,93.78,0.0,34,0.79,0.0,30,19.86,0.0,36,90.79,0.013,39,-1.41,0.0,30,5.45,0.0,32,94.31,0.0,31,1.05,0.0,32,17.58,0.0,34,78.75,0.0,34
1786331513.124,walk vx=0.000 vy=0.000 w=0.00,0.79,0.0,34,18.9,0.0,34,88.86,0.0,34,-1.93,0.0,33,18.11,0.0,35,79.37,0.0,39,0.62,0.0,33,5.62,0.0,32,93.78,0.0,34,0.79,0.0,30,19.86,0.0,36,90.79,0.019,39,-1.41,0.0,30,5.45,0.0,32,94.31,0.0,31,1.05,0.0,32,17.58,0.0,34,78.75,0.0,34
1786331513.637,walk vx=0.000 vy=0.000 w=0.00,0.79,0.0,33,18.9,0.0,34,88.86,0.013,34,-1.93,0.0,33,18.11,0.0,35,79.37,0.006,39,0.62,0.0,33,5.62,0.0,32,93.78,0.0,34,0.79,0.0,30,19.86,0.0,36,91.14,0.013,39,-1.41,0.0,30,5.45,0.0,32,94.39,0.0,31,1.05,0.0,32,17.58,0.0,34,78.75,0.0,34
1786331514.102,walk vx=0.000 vy=0.000 w=0.00,0.79,0.0,33,18.9,0.0,34,79.19,0.0,34,-1.93,0.0,33,18.11,0.0,35,79.37,0.0,39,0.62,0.0,33,5.62,0.0,32,93.78,0.0,34,0.79,0.0,30,19.86,0.0,35,91.14,0.013,39,-1.41,0.0,30,5.45,0.0,32,94.39,0.0,31,1.05,0.0,32,17.58,0.0,34,78.75,0.0,34
1786331514.576,walk vx=0.000 vy=0.000 w=0.00,0.79,0.0,33,18.9,0.0,33,79.19,0.006,34,-1.93,0.0,33,18.11,0.0,35,79.37,0.0,39,0.62,0.0,33,5.62,0.0,32,93.78,0.0,34,0.79,0.0,30,19.86,0.0,35,91.14,0.013,39,-1.41,0.0,31,5.45,0.0,32,94.39,0.0,31,1.05,0.0,32,17.58,0.0,34,78.75,0.0,34
1786331515.061,walk vx=0.000 vy=0.000 w=0.00,0.79,0.0,33,18.9,0.0,34,79.19,0.0,34,-1.93,0.0,33,18.11,0.0,35,79.37,0.0,39,0.62,0.0,33,5.62,0.0,32,93.78,0.0,34,0.79,0.0,30,19.86,0.0,35,91.14,0.006,39,-1.41,0.0,30,5.45,0.0,32,94.39,0.0,31,1.05,0.0,32,17.58,0.0,34,78.75,0.0,34
1786331515.624,walk vx=0.000 vy=0.000 w=0.00,0.79,0.0,33,18.9,0.0,34,79.19,0.0,34,-1.93,0.0,33,18.11,0.0,35,79.37,0.0,39,0.62,0.0,33,5.62,0.0,32,93.78,0.0,34,0.79,0.0,30,19.86,0.0,35,91.14,0.006,39,-1.41,0.0,30,5.45,0.0,32,94.39,0.0,31,1.05,0.0,32,17.58,0.0,34,78.75,0.0,34
1786331516.107,walk vx=0.000 vy=0.000 w=0.00,0.79,0.0,33,18.9,0.0,33,79.19,0.0,34,-1.93,0.0,33,18.11,0.0,35,79.37,0.0,39,0.62,0.0,33,5.62,0.0,32,93.78,0.0,34,0.79,0.0,30,19.86,0.0,35,91.14,0.013,39,-1.41,0.0,30,5.45,0.0,32,94.39,0.0,31,1.05,0.0,32,17.58,0.0,34,78.75,0.0,34
1786331516.597,walk vx=0.000 vy=0.000 w=0.00,0.79,0.0,33,18.9,0.0,34,79.19,0.0,34,-1.93,0.0,33,18.11,0.0,35,79.37,0.0,39,0.62,0.0,33,5.62,0.0,32,93.78,0.0,34,0.79,0.0,30,19.86,0.0,36,91.14,0.019,39,-1.41,0.0,30,5.45,0.0,32,94.39,0.0,31,1.05,0.0,32,17.58,0.0,34,78.75,0.0,34
1786331516.930,walk vx=0.000 vy=0.000 w=0.00,0.79,0.0,33,18.9,0.0,34,79.19,0.0,34,-1.93,0.0,33,18.11,0.0,35,79.37,0.0,39,0.62,0.0,33,5.62,0.0,32,93.78,0.0,34,0.79,0.0,30,19.86,0.0,36,91.14,0.013,39,-1.41,0.0,30,5.45,0.0,32,94.39,0.0,31,1.05,0.0,32,17.58,0.0,34,78.75,0.0,34
1786331517.376,walk vx=0.000 vy=0.000 w=0.00,0.79,0.0,33,18.9,0.0,34,79.19,0.0,34,-1.93,0.0,33,18.11,0.0,35,79.37,0.0,39,0.62,0.0,33,5.62,0.0,32,93.78,0.0,34,0.79,0.0,30,19.86,0.0,35,91.14,0.013,39,-1.41,0.0,30,5.45,0.0,32,94.39,0.0,31,1.05,0.0,32,17.58,0.0,34,78.75,0.0,34
1786331517.759,walk vx=0.000 vy=0.000 w=0.00,0.79,0.0,33,18.9,0.0,34,79.19,0.0,34,-1.93,0.0,33,18.11,0.0,35,79.37,0.0,39,0.62,0.0,33,5.62,0.0,32,93.78,0.0,34,0.79,0.0,30,19.86,0.0,36,91.14,0.013,39,-1.41,0.0,30,5.45,0.0,32,94.39,0.0,31,1.05,0.0,32,17.58,0.0,34,78.75,0.0,34
1786331518.165,walk vx=0.000 vy=0.000 w=0.00,0.79,0.0,33,18.9,0.0,34,79.19,0.0,34,-1.93,0.0,33,18.11,0.0,35,79.37,0.0,39,0.62,0.0,33,5.62,0.0,32,93.78,0.0,34,0.79,0.0,30,19.86,0.0,35,91.14,0.013,39,-1.41,0.0,30,5.45,0.0,32,94.39,0.0,31,1.05,0.0,32,17.58,0.0,34,78.75,0.0,34
1786331518.599,walk vx=0.000 vy=0.000 w=0.00,0.79,0.0,33,18.9,0.0,34,79.19,0.0,34,-1.93,0.0,33,18.11,0.0,35,79.37,0.0,39,0.62,0.0,33,5.62,0.0,32,93.78,0.0,34,0.79,0.0,30,19.86,0.0,35,91.14,0.013,39,-1.41,0.0,30,5.45,0.0,32,94.39,0.0,31,1.05,0.0,32,17.58,0.0,34,78.75,0.0,34
1786331519.029,walk vx=0.000 vy=0.000 w=0.00,0.79,0.0,33,18.9,0.0,34,79.19,0.0,34,-1.93,0.0,33,18.11,0.0,35,79.37,0.0,39,0.62,0.0,33,5.62,0.0,32,93.78,0.0,34,0.79,0.0,30,19.86,0.0,35,91.14,0.019,39,-1.41,0.0,30,5.45,0.0,32,94.39,0.0,31,1.05,0.0,32,17.58,0.0,34,78.75,0.0,34
1786331519.480,walk vx=0.000 vy=0.000 w=0.00,0.79,0.0,33,18.9,0.0,34,79.19,0.0,34,-1.93,0.0,33,18.11,0.0,35,79.37,0.0,39,0.62,0.0,33,5.62,0.0,32,93.78,0.0,34,0.79,0.0,30,19.86,0.0,35,91.14,0.013,39,-1.41,0.0,30,5.45,0.0,32,94.39,0.0,31,1.05,0.0,32,17.58,0.0,34,78.75,0.0,34
1786331519.917,walk vx=0.000 vy=0.000 w=0.00,0.79,0.0,33,18.9,0.0,34,79.19,0.0,34,-1.93,0.0,33,18.11,0.0,35,79.37,0.0,39,0.62,0.0,33,5.62,0.0,32,93.78,0.0,34,0.79,0.0,30,19.86,0.0,35,91.14,0.013,39,-1.41,0.0,30,5.45,0.0,32,94.39,0.0,31,1.05,0.0,32,17.58,0.0,34,78.75,0.0,34
1786331520.311,walk vx=0.000 vy=0.000 w=0.00,0.79,0.0,33,18.9,0.0,34,79.19,0.0,34,-1.93,0.0,33,18.11,0.0,35,79.37,0.0,39,0.62,0.0,33,5.62,0.0,32,93.78,0.0,34,0.79,0.0,30,19.86,0.0,35,91.14,0.013,39,-1.41,0.0,30,5.45,0.0,32,94.39,0.0,31,1.05,0.0,32,17.58,0.0,34,78.75,0.0,34
1786331520.711,walk vx=0.000 vy=0.000 w=0.00,0.79,0.0,33,18.9,0.0,33,79.19,0.006,34,-1.93,0.0,33,18.11,0.0,35,79.37,0.0,39,0.62,0.0,33,5.62,0.0,32,93.78,0.0,34,0.79,0.0,30,19.86,0.0,35,91.14,0.013,39,-1.41,0.0,30,5.45,0.0,32,94.39,0.0,31,1.05,0.0,32,17.58,0.0,34,78.75,0.0,34
1786331521.111,walk vx=0.000 vy=0.000 w=0.00,0.79,0.0,33,18.9,0.0,33,79.19,0.0,34,-1.93,0.0,33,18.11,0.0,35,79.37,0.0,39,0.62,0.0,33,5.62,0.0,32,93.78,0.0,34,0.79,0.0,30,19.86,0.0,35,91.14,0.013,39,-1.41,0.0,30,5.45,0.0,32,94.39,0.0,31,1.05,0.0,32,17.58,0.0,34,78.75,0.0,34
1786331521.540,walk vx=0.000 vy=0.000 w=0.00,0.79,0.0,33,18.9,0.0,33,79.19,0.0,34,-1.93,0.0,33,18.11,0.0,35,79.37,0.0,39,0.62,0.0,33,5.62,0.0,32,93.78,0.0,34,0.79,0.0,30,19.86,0.0,35,91.14,0.019,39,-1.41,0.0,30,5.45,0.0,32,94.39,0.0,31,1.05,0.0,32,17.58,0.0,34,78.75,0.0,34
1786331521.942,walk vx=0.000 vy=0.000 w=0.00,0.79,0.0,33,18.9,0.0,34,79.19,0.0,34,-1.93,0.0,33,18.11,0.0,35,79.37,0.0,39,0.62,0.0,33,5.62,0.0,32,93.78,0.0,34,0.79,0.0,30,19.86,0.0,35,91.14,0.013,39,-1.41,0.0,30,5.45,0.0,32,94.39,0.0,31,1.05,0.0,32,17.58,0.0,34,78.75,0.0,34
1786331522.325,walk vx=0.000 vy=0.000 w=0.00,0.79,0.0,33,18.9,0.0,34,79.19,0.0,34,-1.93,0.0,33,18.11,0.0,35,79.37,0.0,39,0.62,0.0,33,5.62,0.0,32,93.78,0.0,34,0.79,0.0,30,19.86,0.0,35,91.14,0.013,39,-1.41,0.0,30,5.45,0.0,32,94.39,0.0,31,1.05,0.0,32,17.58,0.0,34,78.75,0.0,34
1786331522.731,walk vx=0.000 vy=0.000 w=0.00,0.79,0.0,33,18.9,0.0,34,79.19,0.0,34,-1.93,0.0,33,18.11,0.0,35,79.37,0.0,39,0.62,0.0,33,5.62,0.0,32,93.78,0.0,34,0.79,0.0,30,19.86,0.0,35,91.14,0.013,39,-1.41,0.0,30,5.45,0.0,32,94.39,0.0,31,1.05,0.0,32,17.58,0.0,34,78.75,0.0,34
1786331523.123,walk vx=0.000 vy=0.000 w=0.00,0.79,0.0,33,18.9,0.0,33,79.19,0.0,34,-1.93,0.0,33,18.11,0.0,35,79.37,0.0,39,0.62,0.0,33,5.62,0.0,32,93.78,0.0,34,0.79,0.0,30,19.86,0.0,35,91.14,0.013,39,-1.41,0.0,30,5.45,0.0,32,94.39,0.0,31,1.05,0.0,32,17.58,0.0,34,78.75,0.0,34
1786331523.532,walk vx=0.000 vy=0.000 w=0.00,0.79,0.0,33,18.9,0.0,33,79.19,0.0,34,-1.93,0.0,33,18.11,0.0,35,79.37,0.0,39,0.62,0.0,33,5.62,0.0,32,93.78,0.0,34,0.79,0.0,30,19.86,0.0,35,91.14,0.013,39,-1.41,0.0,30,5.45,0.0,32,94.39,0.0,31,1.05,0.0,32,17.58,0.0,34,78.75,0.0,34
1786331523.934,walk vx=0.000 vy=0.000 w=0.00,0.79,0.0,33,18.9,0.0,34,79.19,0.0,34,-1.93,0.0,33,18.11,0.0,35,79.37,0.0,39,0.62,0.0,33,5.62,0.0,32,93.78,0.0,34,0.79,0.0,30,19.86,0.0,36,91.14,0.013,39,-1.41,0.0,30,5.45,0.0,32,94.39,0.0,31,1.05,0.0,32,17.58,0.0,34,78.75,0.0,34
1786331524.430,walk vx=0.000 vy=0.000 w=0.00,0.79,0.0,33,18.9,0.0,34,79.19,0.0,34,-1.93,0.0,33,18.11,0.0,35,79.37,0.0,39,0.62,0.0,33,5.62,0.0,32,93.78,0.0,34,0.79,0.0,30,19.86,0.0,35,91.14,0.013,39,-1.41,0.0,30,5.45,0.0,32,94.39,0.0,31,1.05,0.0,32,17.58,0.0,34,78.75,0.0,34
1786331524.824,walk vx=0.000 vy=0.000 w=0.00,0.79,0.0,33,18.9,0.0,34,79.19,0.0,34,-1.93,0.0,33,18.11,0.0,35,79.37,0.0,39,0.62,0.0,33,5.62,0.0,32,93.78,0.0,34,0.79,0.0,30,19.86,0.0,36,91.14,0.013,39,-1.41,0.0,30,5.45,0.0,32,94.39,0.0,31,1.05,0.0,32,17.58,0.0,34,78.75,0.0,34
1786331525.246,walk vx=0.000 vy=0.000 w=0.00,0.79,0.0,33,18.9,0.0,34,79.19,0.0,34,-1.93,0.0,33,18.11,0.0,35,79.37,0.0,39,0.62,0.0,33,5.62,0.0,32,93.78,0.0,34,0.79,0.0,30,19.86,0.0,35,91.14,0.013,39,-1.41,0.0,30,5.45,0.0,32,94.39,0.0,31,1.05,0.0,32,17.58,0.0,34,78.75,0.0,34
1786331525.649,walk vx=0.000 vy=0.000 w=0.00,0.79,0.0,33,18.9,0.0,33,79.19,0.0,34,-1.93,0.0,33,18.11,0.0,35,79.37,0.0,39,0.62,0.0,33,5.62,0.0,32,93.78,0.0,34,0.79,0.0,30,19.86,0.0,35,91.14,0.013,39,-1.41,0.0,30,5.45,0.0,32,94.39,0.0,31,1.05,0.0,32,17.58,0.0,34,78.75,0.0,34
1786331526.070,walk vx=0.000 vy=0.000 w=0.00,0.79,0.0,33,18.9,0.0,34,79.19,0.0,34,-1.93,0.0,33,18.11,0.0,35,79.37,0.0,39,0.62,0.0,33,5.62,0.0,32,93.78,0.0,34,0.79,0.0,30,19.86,0.0,35,91.14,0.013,39,-1.41,0.0,30,5.45,0.0,32,94.39,0.0,31,1.05,0.0,32,17.58,0.0,34,78.75,0.0,34
1786331526.516,walk vx=0.000 vy=0.000 w=0.00,0.79,0.0,33,18.9,0.0,34,79.19,0.0,34,-1.93,0.0,33,18.11,0.0,35,79.37,0.0,39,0.62,0.0,33,5.62,0.0,32,93.78,0.0,34,0.79,0.0,30,19.86,0.0,35,91.14,0.019,39,-1.41,0.0,30,5.45,0.0,32,94.39,0.0,31,1.05,0.0,32,17.58,0.0,34,78.75,0.0,34
1786331526.917,walk vx=0.000 vy=0.000 w=0.00,0.79,0.0,33,18.9,0.006,33,79.19,0.0,34,-1.93,0.0,33,18.11,0.0,35,79.37,0.0,39,0.62,0.0,33,5.62,0.0,32,93.78,0.0,34,0.79,0.0,30,19.86,0.0,35,91.14,0.013,39,-1.41,0.0,30,5.45,0.0,32,94.39,0.0,31,1.05,0.0,32,17.58,0.0,34,78.75,0.0,34
1786331527.315,walk vx=0.000 vy=0.000 w=0.00,0.79,0.0,33,18.9,0.0,33,79.19,0.0,34,-1.93,0.0,33,18.11,0.0,35,79.37,0.0,39,0.62,0.0,33,5.62,0.0,32,93.78,0.0,34,0.79,0.0,30,19.86,0.0,35,91.14,0.013,39,-1.41,0.0,30,5.45,0.0,32,94.39,0.0,31,1.05,0.0,32,17.58,0.0,34,78.75,0.0,34
1786331527.752,walk vx=0.000 vy=0.000 w=0.00,0.79,0.0,33,18.9,0.0,34,79.19,0.0,34,-1.93,0.0,33,18.11,0.0,35,79.37,0.0,39,0.62,0.0,33,5.62,0.0,32,93.78,0.0,34,0.79,0.0,30,19.86,0.0,35,91.14,0.019,39,-1.41,0.0,30,5.45,0.0,32,94.39,0.0,31,1.05,0.0,32,17.58,0.0,34,78.75,0.0,34
1786331528.214,walk vx=0.000 vy=0.000 w=0.00,0.79,0.0,33,18.9,0.0,33,79.19,0.0,34,-1.93,0.0,33,18.11,0.0,35,79.37,0.0,39,0.62,0.0,33,5.62,0.0,32,93.78,0.0,34,0.79,0.0,30,19.86,0.0,35,91.14,0.013,39,-1.41,0.0,30,5.45,0.0,32,94.39,0.0,31,1.05,0.0,32,17.58,0.0,34,78.75,0.0,34
1786331528.618,walk vx=0.000 vy=0.000 w=0.00,0.79,0.0,33,18.9,0.0,34,79.19,0.0,34,-1.93,0.0,33,18.11,0.0,35,79.37,0.0,39,0.62,0.0,33,5.62,0.0,32,93.78,0.0,34,0.79,0.0,30,19.86,0.0,35,91.14,0.013,39,-1.41,0.0,30,5.45,0.0,32,94.39,0.0,31,1.05,0.0,32,17.58,0.0,34,78.75,0.0,34
1786331529.066,walk vx=0.000 vy=0.000 w=0.00,0.79,0.0,33,18.9,0.0,34,79.19,0.0,34,-1.93,0.0,33,18.11,0.0,35,79.37,0.0,39,0.62,0.0,33,5.62,0.0,32,93.78,0.0,34,0.79,0.0,30,19.86,0.0,36,91.14,0.013,39,-1.41,0.0,30,5.45,0.0,32,94.39,0.0,31,1.05,0.0,32,17.58,0.0,34,78.75,0.0,34
1786331529.488,walk vx=0.000 vy=0.000 w=0.00,0.79,0.0,33,18.9,0.0,33,79.19,0.0,34,-1.93,0.0,33,18.11,0.0,35,79.37,0.0,39,0.62,0.0,33,5.62,0.0,32,93.78,0.0,34,0.79,0.0,30,19.86,0.0,35,91.14,0.013,39,-1.41,0.0,30,5.45,0.0,32,94.39,0.0,31,1.05,0.0,32,17.58,0.0,34,78.75,0.0,34
1786331529.944,walk vx=0.000 vy=0.000 w=0.00,0.79,0.0,33,18.9,0.0,34,79.19,0.0,34,-1.93,0.0,33,18.11,0.0,35,79.37,0.0,39,0.62,0.0,33,5.62,0.0,32,93.78,0.0,34,0.79,0.0,30,19.86,0.0,35,91.14,0.013,39,-1.41,0.0,30,5.45,0.0,32,94.39,0.0,31,1.05,0.0,32,17.58,0.0,34,78.75,0.0,34
1786331530.368,walk vx=0.000 vy=0.000 w=0.00,0.79,0.0,33,18.9,0.0,34,79.19,0.0,34,-1.93,0.0,33,18.11,0.0,35,79.37,0.0,39,0.62,0.0,33,5.62,0.0,32,93.78,0.0,34,0.79,0.0,30,19.86,0.0,35,91.14,0.013,39,-1.41,0.0,30,5.45,0.0,32,94.39,0.0,31,1.05,0.0,32,17.58,0.0,34,78.75,0.0,34
1786331530.858,walk vx=0.000 vy=0.000 w=0.00,0.79,0.0,33,18.9,0.0,34,79.19,0.0,34,-1.93,0.0,33,18.11,0.0,35,79.37,0.0,39,0.62,0.0,33,5.62,0.0,32,93.78,0.0,34,0.79,0.0,30,19.86,0.0,35,91.14,0.013,39,-1.41,0.0,30,5.45,0.0,32,94.39,0.0,31,1.05,0.0,32,17.58,0.0,34,78.75,0.0,34
1786331531.261,walk vx=0.000 vy=0.000 w=0.00,0.79,0.0,33,18.9,0.0,33,79.19,0.006,34,-1.93,0.0,33,18.11,0.0,35,79.37,0.0,39,0.62,0.0,33,5.62,0.0,32,93.78,0.0,34,0.79,0.0,30,19.86,0.0,35,91.14,0.013,39,-1.41,0.0,30,5.45,0.0,32,94.39,0.0,31,1.05,0.0,32,17.58,0.0,34,78.75,0.0,34
1786331531.687,walk vx=0.000 vy=0.000 w=0.00,0.79,0.0,33,18.9,0.0,33,79.19,0.0,34,-1.93,0.0,33,18.11,0.0,35,79.37,0.0,39,0.62,0.0,33,5.62,0.0,32,93.78,0.0,34,0.79,0.0,30,19.86,0.0,35,91.14,0.013,39,-1.41,0.0,30,5.45,0.0,32,94.39,0.0,31,1.05,0.0,32,17.58,0.0,34,78.75,0.0,34
1786331532.095,walk vx=0.000 vy=0.000 w=0.00,0.79,0.0,33,18.9,0.0,34,79.19,0.0,34,-1.93,0.0,33,18.11,0.0,35,79.37,0.0,39,0.62,0.0,33,5.62,0.0,32,93.78,0.0,34,0.79,0.0,30,19.86,0.0,35,91.14,0.013,39,-1.41,0.0,30,5.45,0.0,32,94.39,0.0,31,1.05,0.0,32,17.58,0.0,34,78.75,0.0,34
1786331532.453,walk vx=0.000 vy=0.000 w=0.00,0.79,0.0,33,18.9,0.0,33,79.19,0.006,34,-1.93,0.0,33,18.11,0.0,35,79.37,0.0,39,0.62,0.0,33,5.62,0.0,32,93.78,0.0,34,0.79,0.0,30,19.86,0.0,35,91.14,0.013,39,-1.41,0.0,30,5.45,0.0,32,94.39,0.0,31,1.05,0.0,32,17.58,0.0,34,78.75,0.0,34
1786331532.857,walk vx=0.000 vy=0.000 w=0.00,0.79,0.0,33,18.9,0.0,34,79.19,0.0,34,-1.93,0.0,33,18.11,0.0,35,79.37,0.0,39,0.62,0.0,33,5.62,0.0,32,93.78,0.0,34,0.79,0.0,30,19.86,0.0,35,91.14,0.013,39,-1.41,0.0,30,5.45,0.0,32,94.39,0.0,31,1.05,0.0,32,17.58,0.0,34,78.75,0.0,34
1786331533.271,walk vx=0.000 vy=0.000 w=0.00,0.79,0.0,33,18.9,0.0,34,79.19,0.0,34,-1.93,0.0,33,18.11,0.0,35,79.37,0.0,39,0.62,0.0,33,5.62,0.0,32,93.78,0.0,34,0.79,0.0,30,19.86,0.0,35,91.14,0.013,39,-1.41,0.0,30,5.45,0.0,32,94.39,0.0,31,1.05,0.0,32,17.58,0.0,34,78.75,0.0,34
1786331533.730,walk vx=0.000 vy=0.000 w=0.00,0.79,0.0,33,18.9,0.0,34,79.19,0.0,34,-1.93,0.0,33,18.11,0.0,35,79.37,0.0,39,0.62,0.0,33,5.62,0.0,32,93.78,0.0,34,0.79,0.0,30,19.86,0.0,35,91.14,0.013,39,-1.41,0.0,30,5.45,0.0,32,94.39,0.0,31,1.05,0.0,32,17.58,0.0,34,78.75,0.0,34
1786331534.127,walk vx=0.000 vy=0.000 w=0.00,0.79,0.0,33,18.9,0.0,34,79.19,0.0,34,-1.93,0.0,33,18.11,0.0,35,79.37,0.0,39,0.62,0.0,33,5.62,0.0,32,93.78,0.0,34,0.79,0.0,30,19.86,0.0,35,91.14,0.013,39,-1.41,0.0,30,5.45,0.0,32,94.39,0.0,31,1.05,0.0,32,17.58,0.0,34,78.75,0.0,34
1786331534.520,walk vx=0.000 vy=0.000 w=0.00,0.79,0.0,33,18.9,0.0,34,79.19,0.0,34,-1.93,0.0,33,18.11,0.0,35,79.37,0.0,39,0.62,0.0,33,5.62,0.0,32,93.78,0.0,34,0.79,0.0,30,19.86,0.0,35,91.14,0.013,39,-1.41,0.0,30,5.45,0.0,32,94.39,0.0,31,1.05,0.0,32,17.58,0.0,34,78.75,0.0,34
1786331534.960,walk vx=0.000 vy=0.000 w=0.00,0.79,0.0,33,18.9,0.0,34,79.19,0.0,34,-1.93,0.0,33,18.11,0.0,35,79.37,0.0,39,0.62,0.0,33,5.62,0.0,32,93.78,0.0,34,0.79,0.0,30,19.86,0.0,35,91.14,0.013,39,-1.41,0.0,30,5.45,0.0,32,94.39,0.0,31,1.05,0.0,32,17.58,0.0,34,78.75,0.0,34
1786331535.403,walk vx=0.000 vy=0.000 w=0.00,0.79,0.0,33,18.9,0.0,33,79.19,0.006,34,-1.93,0.0,33,18.11,0.0,35,79.37,0.0,39,0.62,0.0,33,5.62,0.0,32,93.78,0.0,34,0.79,0.0,30,19.86,0.0,35,91.14,0.013,39,-1.41,0.0,30,5.45,0.0,32,94.39,0.0,31,1.05,0.0,32,17.58,0.0,34,78.75,0.0,34
1786331535.812,walk vx=0.000 vy=0.000 w=0.00,0.79,0.0,33,18.9,0.0,34,79.19,0.0,34,-1.93,0.0,33,18.11,0.0,35,79.37,0.0,39,0.62,0.0,33,5.62,0.0,32,93.78,0.0,34,0.79,0.0,30,19.86,0.0,35,91.14,0.013,39,-1.41,0.0,30,5.45,0.0,32,94.39,0.0,31,1.05,0.0,32,17.58,0.0,34,78.75,0.0,34
1786331536.228,walk vx=0.000 vy=0.000 w=0.00,0.79,0.0,33,18.9,0.0,34,79.19,0.0,34,-1.93,0.0,33,18.11,0.0,35,79.37,0.0,39,0.62,0.0,33,5.62,0.0,32,93.78,0.0,34,0.79,0.0,30,19.86,0.0,35,91.14,0.013,39,-1.41,0.0,30,5.45,0.0,32,94.39,0.0,31,1.05,0.0,32,17.58,0.0,34,78.75,0.0,34
1786331536.646,walk vx=0.000 vy=0.000 w=0.00,0.79,0.0,33,18.9,0.0,34,79.19,0.006,34,-1.93,0.0,33,18.11,0.0,35,79.37,0.0,39,0.62,0.0,33,5.62,0.0,32,93.78,0.0,34,0.79,0.0,30,19.86,0.0,35,91.14,0.013,39,-1.41,0.0,30,5.45,0.0,32,94.39,0.0,31,1.05,0.0,32,17.58,0.0,34,78.75,0.0,34
1786331537.078,walk vx=0.000 vy=0.000 w=0.00,0.79,0.0,33,18.9,0.0,34,79.19,0.0,34,-1.93,0.0,33,18.11,0.0,35,79.37,0.0,39,0.62,0.0,33,5.62,0.0,32,93.78,0.0,34,0.79,0.0,30,19.86,0.0,35,91.14,0.013,39,-1.41,0.0,30,5.45,0.0,32,94.39,0.0,31,1.05,0.0,32,17.58,0.0,34,78.75,0.0,34
1786331537.499,walk vx=0.000 vy=0.000 w=0.00,0.79,0.0,33,18.9,0.0,33,79.19,0.0,34,-1.93,0.0,33,18.11,0.0,35,79.37,0.0,39,0.62,0.0,33,5.62,0.0,32,93.78,0.0,34,0.79,0.0,30,19.86,0.0,36,91.14,0.013,39,-1.41,0.0,30,5.45,0.0,32,94.39,0.0,31,1.05,0.0,32,17.58,0.0,34,78.75,0.0,34
1786331537.904,walk vx=0.000 vy=0.000 w=0.00,0.79,0.0,33,18.9,0.0,33,79.19,0.0,34,-1.93,0.0,33,18.11,0.0,35,79.37,0.0,39,0.62,0.0,33,5.62,0.0,32,93.78,0.0,34,0.79,0.0,30,19.86,0.0,35,91.14,0.013,39,-1.41,0.0,30,5.45,0.0,32,94.39,0.0,31,1.05,0.0,32,17.58,0.0,34,78.75,0.0,34
1786331538.321,walk vx=0.000 vy=0.000 w=0.00,0.79,0.0,33,18.9,0.0,34,79.19,0.0,34,-1.93,0.0,33,18.11,0.0,35,79.37,0.0,39,0.62,0.0,33,5.62,0.0,32,93.78,0.0,34,0.79,0.0,30,19.86,0.0,35,91.14,0.013,39,-1.41,0.0,30,5.45,0.0,32,94.39,0.0,31,1.05,0.0,32,17.58,0.0,34,78.75,0.0,34
1786331538.738,walk vx=0.000 vy=0.000 w=0.00,0.79,0.0,33,18.9,0.0,34,79.19,0.0,34,-1.93,0.0,33,18.11,0.0,35,79.37,0.0,39,0.62,0.0,33,5.62,0.0,32,93.78,0.0,34,0.79,0.0,30,19.86,0.0,35,91.14,0.013,39,-1.41,0.0,30,5.45,0.0,32,94.39,0.0,31,1.05,0.0,32,17.58,0.0,34,78.75,0.0,34
1786331539.183,walk vx=0.000 vy=0.000 w=0.00,0.79,0.0,33,18.9,0.0,34,79.19,0.0,34,-1.93,0.0,33,18.11,0.0,35,79.37,0.0,39,0.62,0.0,33,5.62,0.0,32,93.78,0.0,34,0.79,0.0,30,19.86,0.0,35,91.14,0.013,39,-1.41,0.0,30,5.45,0.0,32,94.39,0.0,31,1.05,0.0,32,17.58,0.0,34,78.75,0.0,34
1786331539.605,walk vx=0.000 vy=0.000 w=0.00,0.79,0.0,33,18.9,0.0,34,79.19,0.0,34,-1.93,0.0,33,18.11,0.0,35,79.37,0.0,39,0.62,0.0,33,5.62,0.0,32,93.78,0.0,34,0.79,0.0,30,19.86,0.0,35,91.14,0.013,39,-1.41,0.0,30,5.45,0.0,32,94.39,0.0,31,1.05,0.0,32,17.58,0.0,34,78.75,0.0,34
1786331540.010,walk vx=0.000 vy=0.000 w=0.00,0.79,0.0,33,18.9,0.0,34,79.19,0.0,34,-1.93,0.0,33,18.11,0.0,35,79.37,0.0,39,0.62,0.0,33,5.62,0.006,32,93.78,0.0,34,0.79,0.0,30,19.86,0.0,35,91.14,0.013,39,-1.41,0.006,30,5.45,0.0,32,94.39,0.0,31,1.05,0.0,32,17.58,0.0,34,78.75,0.0,34
1786331540.433,walk vx=0.000 vy=0.000 w=0.00,0.79,0.0,33,18.9,0.0,33,79.19,0.0,34,-1.93,0.0,33,18.11,0.0,35,79.37,0.0,39,0.62,0.0,33,5.62,0.0,32,93.78,0.0,34,0.79,0.0,30,19.86,0.0,35,91.14,0.013,39,-1.41,0.0,30,5.45,0.0,32,94.39,0.0,31,1.05,0.0,32,17.58,0.0,34,78.75,0.0,34
1786331540.837,walk vx=0.000 vy=0.000 w=0.00,0.79,0.0,33,18.9,0.0,34,79.19,0.0,34,-1.93,0.0,33,18.11,0.0,35,79.37,0.0,39,0.62,0.0,33,5.62,0.0,32,93.78,0.0,34,0.79,0.0,30,19.86,0.0,35,91.14,0.013,39,-1.41,0.0,30,5.45,0.0,32,94.39,0.0,31,1.05,0.0,32,17.58,0.0,34,78.75,0.0,34
1786331541.294,walk vx=0.000 vy=0.000 w=0.00,0.79,0.0,33,18.9,0.0,34,79.19,0.0,34,-1.93,0.0,33,18.11,0.0,35,79.37,0.0,39,0.62,0.0,33,5.62,0.0,32,93.78,0.0,34,0.79,0.0,30,19.86,0.0,35,91.14,0.013,39,-1.41,0.0,30,5.45,0.0,32,94.39,0.0,31,1.05,0.0,32,17.58,0.0,34,78.75,0.0,34
1786331541.695,walk vx=0.000 vy=0.000 w=0.00,0.79,0.0,34,18.9,0.0,34,79.19,0.0,34,-1.93,0.0,33,18.11,0.0,35,79.37,0.0,39,0.62,0.0,33,5.62,0.0,32,93.78,0.0,34,0.79,0.0,30,19.86,0.0,35,91.14,0.013,39,-1.41,0.0,30,5.45,0.0,32,94.39,0.0,31,1.05,0.0,32,17.58,0.0,34,78.75,0.0,34
1786331542.223,walk vx=0.000 vy=0.000 w=0.00,0.79,0.0,33,18.9,0.0,34,79.19,0.0,34,-1.93,0.0,33,18.11,0.0,35,79.37,0.0,39,0.62,0.0,33,5.62,0.0,32,93.78,0.0,34,0.79,0.0,30,19.86,0.0,35,91.14,0.019,39,-1.41,0.0,30,5.45,0.0,32,94.39,0.0,31,1.05,0.0,32,17.58,0.0,34,78.75,0.0,34
1786331542.689,walk vx=0.000 vy=0.000 w=0.00,0.79,0.0,33,18.9,0.0,34,79.19,0.0,34,-1.93,0.0,33,18.11,0.0,35,79.37,0.0,39,0.62,0.0,33,5.62,0.0,32,93.78,0.0,34,0.79,0.0,30,19.86,0.0,35,91.14,0.013,39,-1.41,0.0,30,5.45,0.0,32,94.39,0.0,31,1.05,0.0,32,17.58,0.0,34,78.75,0.0,34
1786331543.095,walk vx=0.000 vy=0.000 w=0.00,0.79,0.0,33,18.9,0.0,34,79.19,0.0,34,-1.93,0.0,33,18.11,0.0,35,79.37,0.0,39,0.62,0.0,33,5.62,0.0,32,93.78,0.0,34,0.79,0.0,30,19.86,0.0,35,91.14,0.013,39,-1.41,0.0,30,5.45,0.0,32,94.39,0.0,31,1.05,0.0,32,17.58,0.0,34,78.75,0.0,34
1786331543.519,walk vx=0.000 vy=0.000 w=0.00,0.79,0.0,33,18.9,0.0,34,79.19,0.0,34,-1.93,0.0,33,18.11,0.0,35,79.37,0.0,39,0.62,0.0,33,5.62,0.0,32,93.78,0.0,34,0.79,0.0,30,19.86,0.0,35,91.14,0.013,39,-1.41,0.0,30,5.45,0.0,32,94.39,0.0,31,1.05,0.0,32,17.58,0.0,34,78.75,0.0,34
1786331543.913,settling,0.79,0.0,33,18.9,0.0,33,79.19,0.0,34,-1.93,0.0,33,18.11,0.0,35,79.37,0.0,39,0.62,0.0,33,5.62,0.0,32,93.78,0.0,34,0.79,0.0,30,19.86,0.0,35,91.14,0.033,39,-1.41,0.0,30,5.45,0.019,32,94.39,0.058,31,1.05,0.0,32,17.58,0.0,34,78.75,0.0,34
1786331544.378,settling,0.79,0.0,33,18.9,0.0,33,79.19,0.0,34,-1.93,0.006,33,17.93,0.0,35,79.37,0.013,39,0.62,0.006,33,7.82,0.006,32,92.11,0.039,34,0.62,0.0,30,19.86,0.019,35,88.77,0.136,39,-1.05,0.006,30,9.05,0.026,32,90.09,0.039,31,0.88,0.013,32,17.58,0.006,34,78.75,0.006,34
1786331544.818,settling,0.35,0.0,33,19.07,0.0,34,79.19,0.0,34,-0.88,0.0,33,17.67,0.0,35,79.37,0.019,39,0.35,0.0,33,13.89,0.0,32,85.87,0.045,34,0.26,0.0,30,18.54,0.0,35,82.35,0.013,39,-0.53,0.006,30,15.56,0.019,32,82.79,0.039,31,0.26,0.006,32,17.58,0.013,34,78.75,0.013,34
1786331545.293,settling,0.0,0.0,33,19.42,0.0,33,79.45,0.0,34,-0.26,0.006,33,17.31,0.0,35,79.1,0.019,39,0.18,0.006,33,18.81,0.013,32,80.77,0.078,34,0.18,0.0,30,18.11,0.006,35,79.28,0.0,39,-0.35,0.013,30,18.28,0.019,32,80.07,0.033,31,0.09,0.006,32,17.75,0.013,34,78.75,0.013,34
1786331545.774,settling,0.0,0.0,33,19.42,0.0,34,79.45,0.0,34,0.0,0.006,33,17.31,0.0,35,79.1,0.026,39,0.18,0.006,33,19.25,0.0,32,80.51,0.052,34,0.18,0.0,30,18.11,0.013,35,79.1,0.0,39,-0.35,0.013,30,18.54,0.019,32,80.07,0.039,31,0.09,0.006,32,17.75,0.013,34,78.75,0.013,34
1786331546.313,settling,0.0,0.0,33,19.42,0.0,34,79.45,0.0,34,0.0,0.006,33,17.31,0.0,35,79.1,0.026,39,0.18,0.006,33,19.25,0.006,32,80.51,0.065,34,0.18,0.0,30,18.11,0.013,35,79.1,0.0,39,-0.35,0.013,30,18.54,0.013,32,80.07,0.039,31,0.09,0.006,32,17.75,0.013,34,78.75,0.013,34
1786331546.782,settling,0.0,0.0,33,19.42,0.0,33,79.45,0.0,34,0.0,0.006,33,17.31,0.0,35,79.1,0.026,39,0.18,0.006,33,19.25,0.006,32,80.51,0.045,34,0.18,0.0,30,18.11,0.013,35,79.1,0.0,39,-0.35,0.013,30,18.54,0.013,32,80.07,0.039,31,0.09,0.0,32,17.75,0.013,34,78.75,0.006,34
1786331547.237,settling,0.0,0.0,33,19.42,0.0,33,79.45,0.0,34,0.0,0.006,33,17.31,0.0,35,79.1,0.026,39,0.18,0.006,33,19.25,0.006,32,80.51,0.052,35,0.18,0.0,30,18.11,0.013,35,79.1,0.0,39,-0.35,0.006,30,18.54,0.013,32,80.07,0.039,31,0.09,0.006,32,17.75,0.013,34,78.75,0.006,34
1786331547.719,settling,0.0,0.0,33,19.42,0.0,33,79.45,0.0,34,0.0,0.006,33,17.31,0.0,35,79.1,0.026,39,0.18,0.006,33,19.25,0.0,32,80.51,0.0,34,0.18,0.0,30,18.11,0.0,35,79.1,0.0,39,-0.35,0.0,30,16.17,0.0,32,83.94,0.0,31,0.26,0.0,32,17.49,0.0,34,78.84,0.0,34
1786331548.204,settled + limp,0.0,0.0,33,19.42,0.0,34,79.45,0.0,34,0.0,0.0,33,17.31,0.0,35,80.86,0.0,39,0.18,0.0,33,19.07,0.0,32,85.69,0.0,34,0.18,0.0,30,17.14,0.0,35,86.84,0.0,39,-0.35,0.0,30,6.42,0.0,32,95.45,0.0,31,0.26,0.0,32,15.38,0.0,34,78.93,0.0,34
1786331548.645,settled + limp,-0.09,0.0,33,19.42,0.0,34,79.45,0.0,34,0.0,0.0,33,17.31,0.0,35,80.86,0.0,39,-0.18,0.0,33,18.46,0.0,32,91.41,0.0,34,0.18,0.0,30,17.93,0.0,35,94.13,0.0,39,-0.35,0.0,30,-7.03,0.0,32,110.65,0.0,31,0.26,0.0,32,12.74,0.0,34,78.93,0.0,34
1786331549.036,settled + limp,-0.09,0.0,33,19.42,0.0,34,79.45,0.0,34,0.0,0.0,33,17.4,0.0,35,81.12,0.0,39,-0.53,0.0,33,-0.18,0.0,32,114.08,0.0,34,0.18,0.0,30,18.11,0.0,35,111.71,0.0,39,0.18,0.0,30,-52.47,0.0,32,138.96,0.0,31,0.18,0.0,32,12.74,0.0,34,78.49,0.0,34
1786331549.534,settled + limp,0.26,0.0,33,19.42,0.0,34,79.54,0.0,34,0.09,0.0,33,17.31,0.0,35,80.86,0.0,39,-0.62,0.0,33,-20.21,0.0,32,134.38,0.0,34,0.26,0.0,30,17.31,0.0,35,117.95,0.0,39,6.5,0.0,30,-68.55,0.0,32,139.57,0.0,31,0.35,0.0,32,8.44,0.0,34,78.66,0.0,34
1786331549.934,settled + limp,-0.09,0.0,33,19.42,0.0,33,79.54,0.0,34,0.7,0.0,33,17.31,0.0,35,80.95,0.0,39,-0.62,0.0,33,-20.21,0.0,32,134.38,0.0,34,0.18,0.0,30,17.49,0.0,35,117.86,0.0,39,6.5,0.0,30,-68.55,0.0,32,139.57,0.0,32,0.35,0.0,32,8.44,0.0,34,78.66,0.0,34
1786331550.335,settled + limp,-0.09,0.0,33,19.42,0.0,34,79.54,0.0,34,0.7,0.0,33,17.31,0.0,35,80.86,0.0,39,-0.62,0.0,33,-20.21,0.0,32,134.38,0.0,34,0.18,0.0,30,17.49,0.0,35,117.86,0.0,39,6.5,0.0,30,-68.55,0.0,32,139.57,0.0,31,0.35,0.0,32,8.44,0.0,34,78.66,0.0,34
1786331550.688,settled + limp,-0.09,0.0,33,19.42,0.0,34,79.54,0.0,34,0.7,0.0,33,17.31,0.0,35,80.86,0.0,39,-0.62,0.0,33,-20.21,0.0,32,134.38,0.0,34,0.18,0.0,30,17.49,0.0,35,117.86,0.0,39,6.5,0.0,30,-68.55,0.0,32,139.57,0.0,31,0.35,0.0,32,8.44,0.0,34,78.66,0.0,34
1786331551.085,settled + limp,-0.09,0.0,33,19.42,0.0,33,79.54,0.0,34,0.7,0.0,33,17.31,0.0,35,80.86,0.0,39,-0.62,0.0,33,-20.21,0.0,32,134.38,0.0,34,0.18,0.0,30,17.49,0.0,35,117.86,0.0,39,6.5,0.0,30,-68.55,0.0,32,139.57,0.0,31,0.35,0.0,32,8.44,0.0,34,78.66,0.0,34
1786331551.486,settled + limp,-0.09,0.0,33,19.42,0.0,33,79.54,0.0,34,0.7,0.0,33,17.31,0.0,35,80.86,0.0,39,-0.62,0.0,33,-20.21,0.0,32,134.38,0.0,34,0.18,0.0,30,17.49,0.0,35,117.86,0.0,39,6.5,0.0,30,-68.55,0.0,32,139.57,0.0,31,0.35,0.0,32,8.44,0.0,34,78.66,0.0,34
1786331551.888,settled + limp,-0.09,0.0,33,19.42,0.0,34,79.54,0.0,34,0.7,0.0,33,17.31,0.0,35,80.86,0.0,39,-0.62,0.0,33,-20.21,0.0,32,134.38,0.0,34,0.18,0.0,30,17.49,0.0,35,117.86,0.0,39,6.5,0.0,30,-68.55,0.0,32,139.57,0.0,31,0.35,0.0,32,8.44,0.0,34,78.66,0.0,34
1786331552.261,settled + limp,-0.09,0.0,33,19.42,0.0,33,79.54,0.0,34,0.7,0.0,33,17.31,0.0,35,80.86,0.0,39,-0.62,0.0,33,-20.21,0.0,32,134.38,0.0,34,0.18,0.0,30,17.49,0.0,35,117.86,0.0,39,6.5,0.0,30,-68.55,0.0,32,139.57,0.0,31,0.35,0.0,32,8.44,0.0,34,78.66,0.0,34
1786331552.680,settled + limp,-0.09,0.0,33,19.42,0.0,33,79.54,0.0,34,0.7,0.0,33,17.31,0.0,35,80.86,0.0,39,-0.62,0.0,33,-20.21,0.0,32,134.38,0.0,34,0.18,0.0,30,17.49,0.0,35,117.86,0.0,39,6.5,0.0,30,-68.55,0.0,32,139.57,0.0,31,0.35,0.0,32,8.44,0.0,34,78.66,0.0,34
1786331553.115,settled + limp,-0.09,0.0,33,19.42,0.0,34,79.54,0.0,34,0.7,0.0,33,17.31,0.0,35,80.86,0.0,39,-0.62,0.0,33,-20.21,0.0,32,134.38,0.0,34,0.18,0.0,30,17.49,0.0,35,117.86,0.0,39,6.5,0.0,30,-68.55,0.0,32,139.57,0.0,31,0.35,0.0,32,8.44,0.0,34,78.66,0.0,34
1786331553.506,settled + limp,-0.09,0.0,33,19.42,0.0,33,79.54,0.0,34,0.7,0.0,33,17.31,0.0,35,80.86,0.0,39,-0.62,0.0,33,-20.21,0.0,32,134.38,0.0,34,0.18,0.0,30,17.49,0.0,35,117.86,0.0,39,6.5,0.0,30,-68.55,0.0,32,139.57,0.0,31,0.35,0.0,32,8.44,0.0,34,78.66,0.0,34
1786331553.874,settled + limp,-0.09,0.0,33,19.42,0.0,34,79.54,0.0,34,0.7,0.0,33,17.31,0.0,35,80.86,0.0,39,-0.62,0.0,33,-20.21,0.0,32,134.38,0.0,34,0.18,0.0,30,17.49,0.0,35,117.86,0.0,39,6.5,0.0,30,-68.55,0.0,32,139.57,0.0,31,0.35,0.0,32,8.44,0.0,34,78.66,0.0,34
1786331554.276,settled + limp,-0.09,0.0,33,19.42,0.0,34,79.54,0.0,34,0.7,0.0,33,17.31,0.0,35,80.86,0.0,39,-0.62,0.0,33,-20.21,0.0,32,134.38,0.0,34,0.18,0.0,30,17.49,0.0,35,117.86,0.0,39,6.5,0.0,30,-68.55,0.0,32,139.57,0.0,31,0.35,0.0,32,8.44,0.0,34,78.66,0.0,34
1786331554.776,settled + limp,-0.09,0.0,33,19.42,0.0,33,79.54,0.0,34,0.7,0.0,33,17.31,0.0,35,80.86,0.0,39,-0.62,0.0,33,-20.21,0.0,32,134.38,0.0,34,0.18,0.0,30,17.49,0.0,35,117.86,0.0,39,6.5,0.0,30,-68.55,0.0,32,139.57,0.0,31,0.35,0.0,32,8.44,0.0,34,78.66,0.0,34
1786331555.216,settled + limp,-0.09,0.0,33,19.42,0.0,34,79.54,0.0,34,0.7,0.0,33,17.31,0.0,35,80.86,0.0,39,-0.62,0.0,33,-20.21,0.0,32,134.38,0.0,34,0.18,0.0,30,17.49,0.0,35,117.86,0.0,39,6.5,0.0,30,-68.55,0.0,32,139.57,0.0,31,0.35,0.0,32,8.44,0.0,34,78.66,0.0,34
1786331555.588,settled + limp,-0.09,0.0,33,19.42,0.0,34,79.54,0.0,34,0.7,0.0,33,17.31,0.0,35,80.86,0.0,39,-0.62,0.0,33,-20.21,0.0,32,134.38,0.0,34,0.18,0.0,30,17.49,0.0,35,117.86,0.0,39,6.5,0.0,30,-68.55,0.0,32,139.57,0.0,31,0.35,0.0,32,8.44,0.0,34,78.66,0.0,34
1786331555.963,settled + limp,-0.09,0.0,33,19.42,0.0,34,79.54,0.0,34,0.7,0.0,33,17.31,0.0,35,80.86,0.0,39,-0.62,0.0,33,-20.21,0.0,32,134.38,0.0,34,0.18,0.0,30,17.49,0.0,35,117.86,0.0,39,6.5,0.0,30,-68.55,0.0,32,139.57,0.0,31,0.35,0.0,32,8.44,0.0,34,78.66,0.0,34
1786331556.370,settled + limp,-0.09,0.0,33,19.42,0.0,33,79.54,0.0,34,0.7,0.0,33,17.31,0.0,35,80.86,0.0,39,-0.62,0.0,33,-20.21,0.0,32,134.38,0.0,34,0.18,0.0,30,17.49,0.0,35,117.86,0.0,39,6.5,0.0,30,-68.55,0.0,32,139.57,0.0,31,0.35,0.0,32,8.44,0.0,34,78.66,0.0,34
1786331556.834,settled + limp,-0.09,0.0,33,19.42,0.0,33,79.54,0.0,34,0.7,0.0,33,17.31,0.0,35,80.86,0.0,39,-0.62,0.0,33,-20.21,0.0,32,134.38,0.0,34,0.18,0.0,30,17.49,0.0,35,117.86,0.0,39,6.5,0.0,30,-68.55,0.0,32,139.57,0.0,31,0.35,0.0,32,8.44,0.0,34,78.66,0.0,34
1786331557.236,settled + limp,-0.09,0.0,33,19.42,0.0,33,79.54,0.0,34,0.7,0.0,33,17.31,0.0,35,80.86,0.0,39,-0.62,0.0,33,-20.21,0.0,32,134.38,0.0,34,0.18,0.0,30,17.49,0.0,35,117.86,0.0,39,6.5,0.0,30,-68.55,0.0,32,139.57,0.0,31,0.35,0.0,32,8.44,0.0,34,78.66,0.0,34
1786331557.724,settled + limp,-0.09,0.0,33,19.42,0.0,33,79.54,0.0,34,0.7,0.0,33,17.31,0.0,35,80.86,0.0,39,-0.62,0.0,33,-20.21,0.0,32,134.38,0.0,34,0.18,0.0,30,17.49,0.0,35,117.86,0.0,39,6.5,0.0,30,-68.55,0.0,32,139.57,0.0,31,0.35,0.0,32,8.44,0.0,34,78.66,0.0,34
1786331558.139,settled + limp,-0.09,0.0,33,19.42,0.0,34,79.54,0.0,34,0.7,0.0,33,17.31,0.0,35,80.86,0.0,39,-0.62,0.0,33,-20.21,0.0,32,134.38,0.0,34,0.18,0.0,30,17.49,0.0,35,117.86,0.0,39,6.5,0.006,30,-68.55,0.0,32,139.57,0.0,31,0.35,0.0,32,8.44,0.0,34,78.66,0.0,34
1786331558.555,settled + limp,-0.09,0.0,33,19.42,0.0,34,79.54,0.0,34,0.7,0.0,33,17.31,0.0,35,80.86,0.0,39,-0.62,0.0,33,-20.21,0.0,32,134.38,0.0,34,0.18,0.0,30,17.49,0.0,35,117.86,0.0,39,6.5,0.0,30,-68.55,0.0,32,139.57,0.0,31,0.35,0.0,32,8.44,0.0,34,78.66,0.0,34
1786331558.945,settled + limp,-0.09,0.0,33,19.42,0.0,34,79.54,0.0,34,0.7,0.0,33,17.31,0.0,35,80.86,0.0,39,-0.62,0.0,33,-20.21,0.0,32,134.38,0.0,34,0.18,0.0,30,17.49,0.0,35,117.86,0.0,39,6.5,0.0,30,-68.55,0.0,32,139.57,0.0,31,0.35,0.0,32,8.44,0.0,34,78.66,0.0,34
