t_unix,status,q0_deg,cur0_a,temp0_c,q1_deg,cur1_a,temp1_c,q2_deg,cur2_a,temp2_c,q3_deg,cur3_a,temp3_c,q4_deg,cur4_a,temp4_c,q5_deg,cur5_a,temp5_c,q6_deg,cur6_a,temp6_c,q7_deg,cur7_a,temp7_c,q8_deg,cur8_a,temp8_c,q9_deg,cur9_a,temp9_c,q10_deg,cur10_a,temp10_c,q11_deg,cur11_a,temp11_c,q12_deg,cur12_a,temp12_c,q13_deg,cur13_a,temp13_c,q14_deg,cur14_a,temp14_c,q15_deg,cur15_a,temp15_c,q16_deg,cur16_a,temp16_c,q17_deg,cur17_a,temp17_c
1786331860.939,zero-here 18/18 (limp),0.0,0.0,33,0.0,0.0,33,-0.09,0.0,34,0.0,0.0,33,0.0,0.0,34,0.0,0.0,37,0.0,0.0,33,-0.09,0.0,32,-0.09,0.0,33,0.0,0.0,30,0.0,0.0,34,0.0,0.0,36,0.0,0.0,30,-0.09,0.0,31,0.0,0.0,31,0.0,0.0,32,0.0,0.0,33,0.0,0.0,34
1786331861.378,zero-here 18/18 (limp),0.0,0.0,33,0.0,0.0,33,-0.09,0.0,34,0.0,0.0,33,0.0,0.0,34,0.0,0.0,37,0.0,0.0,33,-0.09,0.0,32,-0.09,0.0,33,0.0,0.0,30,0.0,0.0,34,0.0,0.0,36,0.0,0.0,30,-0.09,0.0,31,0.0,0.0,31,0.0,0.0,32,0.0,0.0,33,0.0,0.0,34
1786331861.750,zero-here 18/18 (limp),0.0,0.0,33,0.0,0.0,33,-0.09,0.0,34,0.0,0.0,33,0.0,0.0,34,0.0,0.0,37,0.0,0.0,33,-0.09,0.0,32,-0.09,0.0,33,0.0,0.0,30,0.0,0.0,34,0.0,0.0,36,0.0,0.0,30,-0.09,0.0,31,0.0,0.0,31,0.0,0.0,32,0.0,0.0,33,0.0,0.0,34
1786331862.153,zero-here 18/18 (limp),0.0,0.0,33,0.0,0.0,33,-0.09,0.0,34,0.0,0.0,33,0.0,0.0,34,0.0,0.0,37,0.0,0.0,33,-0.09,0.0,32,-0.09,0.0,33,0.0,0.0,30,0.0,0.0,34,0.0,0.0,36,0.0,0.0,30,-0.09,0.0,31,0.0,0.0,31,0.0,0.0,32,0.0,0.0,33,0.0,0.0,34
1786331862.559,zero-here 18/18 (limp),0.0,0.0,33,0.0,0.0,33,-0.09,0.0,34,0.0,0.0,33,0.0,0.0,34,0.0,0.0,37,0.0,0.0,33,-0.09,0.0,32,-0.09,0.0,34,0.0,0.0,30,0.0,0.0,34,0.0,0.0,36,0.0,0.0,30,-0.09,0.0,31,0.0,0.0,31,0.0,0.0,32,0.0,0.0,33,0.0,0.0,34
1786331862.957,zero-here 18/18 (limp),0.0,0.0,33,0.0,0.0,33,-0.09,0.0,34,0.0,0.0,33,0.0,0.0,34,0.0,0.0,37,0.0,0.0,33,-0.09,0.0,32,-0.09,0.0,34,0.0,0.0,30,0.0,0.0,34,0.0,0.0,36,0.0,0.0,30,-0.09,0.0,31,0.0,0.0,31,0.0,0.0,32,0.0,0.0,33,0.0,0.0,34
1786331863.343,zero-here 18/18 (limp),0.0,0.0,33,0.0,0.0,33,-0.09,0.0,34,0.0,0.0,33,0.0,0.0,34,0.0,0.0,37,0.0,0.0,33,-0.09,0.0,32,-0.09,0.0,33,0.0,0.0,30,0.0,0.0,34,0.0,0.0,36,0.0,0.0,30,-0.09,0.0,31,0.0,0.006,31,0.0,0.0,32,0.0,0.0,33,0.0,0.0,34
1786331863.765,zero-here 18/18 (limp),0.0,0.0,33,0.0,0.0,33,-0.09,0.0,34,0.0,0.0,33,0.0,0.0,34,0.0,0.0,37,0.0,0.0,33,-0.09,0.0,32,-0.09,0.0,34,0.0,0.0,30,0.0,0.0,34,0.0,0.0,36,0.0,0.0,30,-0.09,0.0,31,0.0,0.0,31,0.0,0.0,32,0.0,0.0,33,0.0,0.0,34
1786331864.138,zero-here 18/18 (limp),0.0,0.0,33,0.0,0.0,33,-0.09,0.0,34,0.0,0.0,33,0.0,0.0,34,0.0,0.0,37,0.0,0.0,33,-0.09,0.0,32,-0.09,0.0,33,0.0,0.0,30,0.0,0.0,34,0.0,0.0,36,0.0,0.0,30,-0.09,0.0,31,0.0,0.0,31,0.0,0.0,32,0.0,0.0,33,0.0,0.0,34
1786331864.513,zero-here 18/18 (limp),0.0,0.0,33,0.0,0.0,33,-0.09,0.0,34,0.0,0.0,33,0.0,0.0,34,0.0,0.0,37,0.0,0.0,33,-0.09,0.0,32,-0.09,0.0,34,0.0,0.0,30,0.0,0.0,34,0.0,0.0,36,0.0,0.0,30,-0.09,0.0,31,0.0,0.0,31,0.0,0.0,32,0.0,0.0,33,0.0,0.0,34
1786331864.883,zero-here 18/18 (limp),0.0,0.0,33,0.0,0.0,33,-0.09,0.0,34,0.0,0.0,33,0.0,0.0,34,0.0,0.0,37,0.0,0.0,33,-0.09,0.0,32,-0.09,0.0,33,0.0,0.0,30,0.0,0.0,34,0.0,0.0,36,0.0,0.0,30,-0.09,0.0,31,0.0,0.0,31,0.0,0.0,32,0.0,0.0,33,0.0,0.0,34
1786331865.323,zero-here 18/18 (limp),0.0,0.0,33,0.0,0.0,33,-0.09,0.0,34,0.0,0.0,33,0.0,0.0,34,0.0,0.0,37,0.0,0.0,33,-0.09,0.0,32,-0.09,0.0,33,0.0,0.0,30,0.0,0.0,34,0.0,0.0,36,0.0,0.0,30,-0.09,0.0,31,0.0,0.0,31,0.0,0.0,32,0.0,0.0,33,0.0,0.0,34
1786331865.754,zero-here 18/18 (limp),0.0,0.0,33,0.0,0.0,33,-0.09,0.0,34,0.0,0.0,33,0.0,0.0,34,0.0,0.0,37,0.0,0.0,33,-0.09,0.0,32,-0.09,0.0,34,0.0,0.0,30,0.0,0.0,34,0.0,0.0,36,0.0,0.0,30,-0.09,0.0,31,0.0,0.0,31,0.0,0.0,32,0.0,0.0,33,0.0,0.0,34
1786331866.176,zero-here 18/18 (limp),0.0,0.0,33,0.0,0.0,33,-0.09,0.0,34,0.0,0.0,33,0.0,0.0,34,0.0,0.0,37,0.0,0.0,33,-0.09,0.0,32,-0.09,0.0,33,0.0,0.0,30,0.0,0.0,34,0.0,0.0,36,0.0,0.0,30,-0.09,0.006,31,0.0,0.0,31,0.0,0.0,32,0.0,0.0,33,0.0,0.0,34
1786331866.556,zero-here 18/18 (limp),0.0,0.0,33,0.0,0.0,33,-0.09,0.0,34,0.0,0.0,33,0.0,0.0,34,0.0,0.006,37,0.0,0.0,33,-0.09,0.0,32,-0.09,0.0,33,0.0,0.0,30,0.0,0.0,34,0.0,0.0,36,0.0,0.0,30,-0.09,0.0,31,0.0,0.0,31,0.0,0.0,32,0.0,0.0,33,0.0,0.0,34
1786331866.995,zero-here 18/18 (limp),0.0,0.0,33,0.0,0.0,33,-0.09,0.0,34,0.0,0.0,33,0.0,0.0,34,0.0,0.0,37,0.0,0.0,33,-0.09,0.0,32,-0.09,0.0,33,0.0,0.0,30,0.0,0.0,34,0.0,0.0,36,0.0,0.0,30,-0.09,0.0,31,0.0,0.0,31,0.0,0.0,32,0.0,0.0,33,0.0,0.0,34
1786331867.366,zero-here 18/18 (limp),0.0,0.0,33,0.0,0.0,33,-0.09,0.0,34,0.0,0.0,33,0.0,0.0,34,0.0,0.0,37,0.0,0.0,33,-0.09,0.0,32,-0.09,0.0,33,0.0,0.0,30,0.0,0.0,34,0.0,0.0,36,0.0,0.0,30,-0.09,0.0,31,0.0,0.0,31,0.0,0.0,32,0.0,0.0,33,0.0,0.0,34
1786331867.766,zero-here 18/18 (limp),0.0,0.0,33,0.0,0.0,33,-0.09,0.0,34,0.0,0.0,33,0.0,0.0,34,0.0,0.0,37,0.0,0.0,33,-0.09,0.0,32,-0.09,0.0,33,0.0,0.0,30,0.0,0.0,34,0.0,0.0,36,0.0,0.0,30,-0.09,0.0,31,0.0,0.0,31,0.0,0.0,32,0.0,0.0,33,0.0,0.0,34
1786331868.179,zero-here 18/18 (limp),0.0,0.0,33,0.0,0.0,33,-0.09,0.0,34,0.0,0.0,33,0.0,0.0,34,0.0,0.0,37,0.0,0.0,33,-0.09,0.0,32,-0.09,0.0,33,0.0,0.0,30,0.0,0.0,34,0.0,0.0,36,0.0,0.0,30,-0.09,0.0,31,0.0,0.0,31,0.0,0.0,32,0.0,0.0,33,0.0,0.0,34
1786331868.595,zero-here 18/18 (limp),0.0,0.0,33,0.0,0.0,33,-0.09,0.0,34,0.0,0.0,33,0.0,0.0,34,0.0,0.0,37,0.0,0.0,33,-0.09,0.0,32,-0.09,0.0,34,0.0,0.0,30,0.0,0.0,34,0.0,0.0,36,0.0,0.0,30,-0.09,0.0,31,0.0,0.0,31,0.0,0.0,32,0.0,0.0,33,0.0,0.0,34
1786331868.972,zero-here 18/18 (limp),0.0,0.0,33,0.0,0.0,33,-0.09,0.0,34,0.0,0.0,33,0.0,0.0,34,0.0,0.0,37,0.0,0.0,33,-0.09,0.0,32,-0.09,0.0,34,0.0,0.0,30,0.0,0.0,34,0.0,0.0,36,0.0,0.0,30,-0.09,0.0,31,0.0,0.0,31,0.0,0.0,32,0.0,0.0,33,0.0,0.0,34
1786331869.392,zero-here 18/18 (limp),0.0,0.0,33,0.0,0.0,33,-0.09,0.0,34,0.0,0.0,33,0.0,0.0,34,0.0,0.0,37,0.0,0.0,33,-0.09,0.0,32,-0.09,0.0,33,0.0,0.0,30,0.0,0.0,34,0.0,0.0,36,0.0,0.0,30,-0.09,0.0,31,0.0,0.0,31,0.0,0.0,32,0.0,0.0,33,0.0,0.0,34
1786331869.798,zero-here 18/18 (limp),0.0,0.0,33,0.0,0.0,33,-0.09,0.0,34,0.0,0.0,33,0.0,0.0,34,0.0,0.0,37,0.0,0.0,33,-0.09,0.0,32,-0.09,0.0,34,0.0,0.0,30,0.0,0.0,34,0.0,0.0,36,0.0,0.0,30,-0.09,0.0,31,0.0,0.0,31,0.0,0.0,32,0.0,0.0,33,0.0,0.0,34
1786331870.242,zero-here 18/18 (limp),0.0,0.0,33,0.0,0.0,33,-0.09,0.0,34,0.0,0.0,33,0.0,0.0,34,0.0,0.0,37,0.0,0.0,33,-0.09,0.0,32,-0.09,0.0,33,0.0,0.0,30,0.0,0.0,34,0.0,0.0,36,0.0,0.0,30,-0.09,0.0,31,0.0,0.0,31,0.0,0.0,32,0.0,0.0,33,0.0,0.0,34
1786331870.687,zero-here 18/18 (limp),0.0,0.0,33,0.0,0.0,33,-0.09,0.0,34,0.0,0.0,33,0.0,0.0,34,0.0,0.0,37,0.0,0.0,33,-0.09,0.0,32,-0.09,0.0,33,0.0,0.0,30,0.0,0.0,34,0.0,0.0,36,0.0,0.0,30,-0.09,0.0,31,0.0,0.0,31,0.0,0.0,32,0.0,0.0,33,0.0,0.0,34
1786331871.060,zero-here 18/18 (limp),0.0,0.0,33,0.0,0.0,33,-0.09,0.0,34,0.0,0.0,33,0.0,0.0,34,0.0,0.0,37,0.0,0.0,33,-0.09,0.0,32,-0.09,0.0,34,0.0,0.0,30,0.0,0.0,34,0.0,0.0,36,0.0,0.0,30,-0.09,0.0,31,0.0,0.0,31,0.0,0.0,32,0.0,0.0,33,0.0,0.0,34
1786331871.453,zero-here 18/18 (limp),0.0,0.0,33,0.0,0.0,33,-0.09,0.0,34,0.0,0.0,33,0.0,0.0,34,0.0,0.0,37,0.0,0.0,33,-0.09,0.0,32,-0.09,0.0,33,0.0,0.0,30,0.0,0.0,34,0.0,0.0,36,0.0,0.0,30,-0.09,0.0,31,0.0,0.0,31,0.0,0.0,32,0.0,0.0,33,0.0,0.0,34
1786331871.856,zero-here 18/18 (limp),0.0,0.0,33,0.0,0.0,33,-0.09,0.0,34,0.0,0.0,33,0.0,0.0,34,0.0,0.0,37,0.0,0.0,33,-0.09,0.0,32,-0.09,0.0,33,0.0,0.0,30,0.0,0.0,34,0.0,0.0,36,0.0,0.0,30,-0.09,0.0,31,0.0,0.0,31,0.0,0.0,32,0.0,0.0,33,0.0,0.0,34
1786331872.277,zero-here 18/18 (limp),0.0,0.0,33,0.0,0.0,33,-0.09,0.0,34,0.0,0.0,33,0.0,0.0,34,0.0,0.0,37,0.0,0.0,33,-0.09,0.0,32,-0.09,0.0,33,0.0,0.0,30,0.0,0.0,34,0.0,0.0,36,0.0,0.0,30,-0.09,0.0,31,0.0,0.0,31,0.0,0.0,32,0.0,0.0,33,0.0,0.0,34
1786331872.699,zero-here 18/18 (limp),0.0,0.0,33,0.0,0.0,33,-0.09,0.0,34,0.0,0.0,33,0.0,0.0,34,0.0,0.0,37,0.0,0.0,33,-0.09,0.0,32,-0.09,0.0,33,0.0,0.0,30,0.0,0.0,34,0.0,0.0,36,0.0,0.0,30,-0.09,0.0,31,0.0,0.0,31,0.0,0.0,32,0.0,0.0,33,0.0,0.0,34
1786331873.070,zero-here 18/18 (limp),0.0,0.0,33,0.0,0.0,33,-0.09,0.0,34,0.0,0.0,33,0.0,0.0,34,0.0,0.0,37,0.0,0.0,33,-0.09,0.0,32,-0.09,0.0,33,0.0,0.0,30,0.0,0.0,34,0.0,0.0,36,0.0,0.0,30,-0.09,0.0,31,0.0,0.0,31,0.0,0.0,32,0.0,0.0,33,0.0,0.0,34
1786331873.476,zero-here 18/18 (limp),0.0,0.0,33,0.0,0.0,33,-0.09,0.0,34,0.0,0.0,33,0.0,0.0,34,0.0,0.0,37,0.0,0.0,33,-0.09,0.0,32,-0.09,0.0,33,0.0,0.0,30,0.0,0.0,34,0.0,0.0,36,0.0,0.0,30,-0.09,0.0,31,0.0,0.0,31,0.0,0.0,32,0.0,0.0,33,0.0,0.0,34
1786331873.850,zero-here 18/18 (limp),0.0,0.0,33,0.0,0.0,33,-0.09,0.0,34,0.0,0.0,34,0.0,0.0,34,0.0,0.0,37,0.0,0.0,33,-0.09,0.0,32,-0.09,0.0,33,0.0,0.0,30,0.0,0.0,34,0.0,0.0,36,0.0,0.0,30,-0.09,0.0,31,0.0,0.0,31,0.0,0.0,32,0.0,0.0,33,0.0,0.0,34
1786331874.298,zero-here 18/18 (limp),0.0,0.0,33,0.0,0.0,33,-0.09,0.0,34,0.0,0.0,33,0.0,0.0,34,0.0,0.0,37,0.0,0.0,33,-0.09,0.0,32,-0.09,0.0,33,0.0,0.0,30,0.0,0.0,34,0.0,0.0,36,0.0,0.0,30,-0.09,0.0,31,0.0,0.0,31,0.0,0.0,32,0.0,0.0,33,0.0,0.0,34
1786331874.763,zero-here 18/18 (limp),0.0,0.0,33,0.0,0.0,33,-0.09,0.0,34,0.0,0.0,33,0.0,0.0,34,0.0,0.0,37,0.0,0.0,33,-0.09,0.0,32,-0.09,0.0,33,0.0,0.0,30,0.0,0.0,34,0.0,0.0,36,0.0,0.0,30,-0.09,0.0,31,0.0,0.0,31,0.0,0.0,32,0.0,0.0,33,0.0,0.0,34
1786331875.159,zero-here 18/18 (limp),0.0,0.0,33,0.0,0.0,33,-0.09,0.0,34,0.0,0.0,33,0.0,0.0,34,0.0,0.0,37,0.0,0.0,33,-0.09,0.0,32,-0.09,0.0,33,0.0,0.0,30,0.0,0.0,34,0.0,0.0,36,0.0,0.0,30,-0.09,0.0,31,0.0,0.006,31,0.0,0.0,32,0.0,0.0,33,0.0,0.0,34
1786331875.532,zero-here 18/18 (limp),0.0,0.0,33,0.0,0.0,33,-0.09,0.0,34,0.0,0.0,33,0.0,0.0,34,0.0,0.0,37,0.0,0.0,33,-0.09,0.0,32,-0.09,0.0,33,0.0,0.0,30,0.0,0.0,34,0.0,0.0,36,0.0,0.0,30,-0.09,0.0,31,0.0,0.0,31,0.0,0.0,32,0.0,0.0,33,0.0,0.0,34
1786331875.937,zero-here 18/18 (limp),0.0,0.0,33,0.0,0.0,33,-0.09,0.0,34,0.0,0.0,33,0.0,0.0,34,0.0,0.0,37,0.0,0.0,33,-0.09,0.0,32,-0.09,0.0,34,0.0,0.0,30,0.0,0.0,34,0.0,0.0,36,0.0,0.0,30,-0.09,0.0,31,0.0,0.0,31,0.0,0.0,32,0.0,0.0,33,0.0,0.0,34
1786331876.316,zero-here 18/18 (limp),0.0,0.0,33,0.0,0.0,33,-0.09,0.0,34,0.0,0.0,33,0.0,0.0,34,0.0,0.0,37,0.0,0.0,33,-0.09,0.0,32,-0.09,0.0,34,0.0,0.0,30,0.0,0.0,34,0.0,0.0,36,0.0,0.006,30,-0.09,0.0,31,0.0,0.0,31,0.0,0.0,32,0.0,0.0,33,0.0,0.0,34
1786331876.751,zero-here 18/18 (limp),0.0,0.0,33,0.0,0.0,33,-0.09,0.0,34,0.0,0.0,33,0.0,0.0,34,0.0,0.0,37,0.0,0.0,33,-0.09,0.0,32,-0.09,0.0,33,0.0,0.0,30,0.0,0.0,34,0.0,0.0,36,0.0,0.0,30,-0.09,0.0,31,0.0,0.0,31,0.0,0.0,32,0.0,0.0,33,-0.09,0.0,34
1786331877.152,zero-here 18/18 (limp),0.0,0.0,33,0.0,0.0,33,-0.09,0.0,34,0.0,0.0,33,0.0,0.0,34,0.0,0.0,37,0.0,0.0,33,-0.09,0.0,32,-0.09,0.0,33,0.0,0.0,30,0.0,0.0,34,0.0,0.0,36,0.0,0.0,30,-0.09,0.0,31,0.0,0.0,31,0.0,0.0,32,0.0,0.0,33,-0.09,0.0,34
1786331877.542,zero-here 18/18 (limp),0.0,0.0,33,0.0,0.0,33,-0.09,0.0,34,0.0,0.0,33,0.0,0.0,34,0.0,0.0,37,0.0,0.0,33,-0.09,0.0,32,-0.09,0.0,33,0.0,0.0,30,0.0,0.0,34,0.0,0.0,36,0.0,0.006,30,-0.09,0.0,31,0.0,0.0,31,0.0,0.0,32,0.0,0.0,33,-0.09,0.0,34
1786331877.976,zero-here 18/18 (limp),0.0,0.0,33,0.0,0.0,33,-0.09,0.0,34,0.0,0.0,33,0.0,0.0,34,0.0,0.0,37,0.0,0.0,33,-0.09,0.0,32,-0.09,0.0,34,0.0,0.0,30,0.0,0.0,34,0.0,0.0,36,0.0,0.0,30,-0.09,0.0,31,0.0,0.0,31,0.0,0.0,32,0.0,0.0,33,-0.09,0.0,34
1786331878.409,zero-here 18/18 (limp),0.0,0.0,33,0.0,0.0,33,-0.09,0.0,34,0.0,0.0,33,0.0,0.0,34,0.0,0.0,37,0.0,0.0,33,-0.09,0.0,32,-0.09,0.0,33,0.0,0.0,30,0.0,0.0,34,0.0,0.0,36,0.0,0.0,30,-0.09,0.0,31,0.0,0.0,31,0.0,0.0,32,0.0,0.0,33,-0.09,0.0,34
1786331878.850,zero-here 18/18 (limp),0.0,0.0,33,0.0,0.0,33,-0.09,0.0,34,0.0,0.0,33,0.0,0.0,34,0.0,0.0,37,0.0,0.0,33,-0.09,0.0,32,-0.09,0.0,33,0.0,0.0,30,0.0,0.0,34,0.0,0.0,36,0.0,0.0,30,-0.09,0.0,31,0.0,0.0,31,0.0,0.0,32,0.0,0.0,33,-0.09,0.0,34
1786331879.254,zero-here 18/18 (limp),0.0,0.0,33,0.0,0.0,33,-0.09,0.0,34,0.0,0.0,33,0.0,0.0,34,0.0,0.0,37,0.0,0.0,33,-0.09,0.0,32,-0.09,0.0,34,0.0,0.0,30,0.0,0.0,34,0.0,0.0,36,0.0,0.0,30,-0.09,0.0,31,0.0,0.0,31,0.0,0.0,32,0.0,0.0,33,-0.09,0.0,34
1786331879.697,zero-here 18/18 (limp),0.0,0.0,33,0.0,0.0,33,-0.09,0.0,34,0.0,0.0,33,0.0,0.0,34,0.0,0.0,37,0.0,0.0,33,-0.09,0.0,32,-0.09,0.0,33,0.0,0.0,30,0.0,0.0,34,0.0,0.0,36,0.0,0.0,30,-0.09,0.0,31,0.0,0.0,31,0.0,0.0,32,0.0,0.0,33,-0.09,0.0,34
1786331880.083,zero-here 18/18 (limp),0.0,0.0,33,0.0,0.0,33,-0.09,0.0,34,0.0,0.0,33,0.0,0.0,34,0.0,0.0,37,0.0,0.0,33,-0.09,0.0,32,-0.09,0.0,33,0.0,0.0,30,0.0,0.0,34,0.0,0.0,36,0.0,0.0,30,-0.09,0.0,31,0.0,0.0,31,0.0,0.0,32,0.0,0.0,33,-0.09,0.0,34
1786331880.514,zero-here 18/18 (limp),0.0,0.0,33,0.0,0.0,33,-0.09,0.0,34,0.0,0.0,33,0.0,0.0,34,0.0,0.0,37,0.0,0.0,33,-0.09,0.0,32,-0.09,0.0,33,0.0,0.0,30,0.0,0.0,34,0.0,0.0,36,0.0,0.0,30,-0.09,0.0,31,0.0,0.0,31,0.0,0.0,32,0.0,0.0,33,-0.09,0.0,34
1786331880.934,zero-here 18/18 (limp),0.0,0.0,33,0.0,0.0,33,-0.09,0.0,34,0.0,0.0,33,0.0,0.0,34,0.0,0.0,37,0.0,0.0,33,-0.09,0.0,32,-0.09,0.0,33,0.0,0.0,30,0.0,0.0,34,0.0,0.0,36,0.0,0.0,30,-0.09,0.0,31,0.0,0.0,31,0.0,0.0,32,0.0,0.0,33,-0.09,0.0,34
1786331881.351,zero-here 18/18 (limp),0.0,0.0,33,0.0,0.0,33,-0.09,0.0,34,0.0,0.0,33,0.0,0.0,34,0.0,0.0,37,0.0,0.0,33,-0.09,0.0,32,-0.09,0.0,33,0.0,0.0,30,0.0,0.0,34,0.0,0.0,36,0.0,0.0,30,-0.09,0.0,31,0.0,0.0,31,0.0,0.0,32,0.0,0.0,33,-0.09,0.0,34
1786331881.732,zero-here 18/18 (limp),0.0,0.0,33,0.0,0.0,33,-0.09,0.0,34,0.0,0.0,33,0.0,0.0,34,0.0,0.0,37,0.0,0.0,33,-0.09,0.0,32,-0.09,0.0,33,0.0,0.0,30,0.0,0.0,34,0.0,0.0,36,0.0,0.0,30,-0.09,0.0,31,0.0,0.0,31,0.0,0.0,32,0.0,0.0,33,-0.09,0.0,34
1786331882.134,zero-here 18/18 (limp),0.0,0.0,33,0.0,0.0,33,-0.09,0.0,34,0.0,0.0,33,0.0,0.0,34,0.0,0.0,37,0.0,0.0,33,-0.09,0.0,32,-0.09,0.0,33,0.0,0.0,30,0.0,0.0,34,0.0,0.0,36,0.0,0.0,30,-0.09,0.0,31,0.0,0.0,31,0.0,0.0,32,0.0,0.0,33,-0.09,0.0,34
1786331882.514,zero-here 18/18 (limp),0.0,0.0,33,0.0,0.0,33,-0.09,0.0,34,0.0,0.0,33,0.0,0.0,34,0.0,0.0,37,0.0,0.0,33,-0.09,0.0,32,-0.09,0.0,34,0.0,0.0,30,0.0,0.0,34,0.0,0.0,36,0.0,0.0,30,-0.09,0.0,31,0.0,0.0,31,0.0,0.0,32,0.0,0.0,33,-0.09,0.0,34
1786331882.881,zero-here 18/18 (limp),0.0,0.0,33,0.0,0.0,33,-0.09,0.0,34,0.0,0.0,33,0.0,0.0,34,0.0,0.0,37,0.0,0.0,33,-0.09,0.0,32,-0.09,0.0,33,0.0,0.0,30,0.0,0.0,34,0.0,0.0,36,0.0,0.0,30,-0.09,0.0,31,0.0,0.0,31,0.0,0.0,32,0.0,0.0,33,-0.09,0.0,34
1786331883.262,zero-here 18/18 (limp),0.0,0.0,33,0.0,0.0,33,-0.09,0.0,34,0.0,0.0,33,0.0,0.0,34,0.0,0.0,37,0.0,0.0,33,-0.09,0.0,32,-0.09,0.0,34,0.0,0.0,30,0.0,0.0,34,0.0,0.0,36,0.0,0.0,30,-0.09,0.0,31,0.0,0.0,31,0.0,0.0,32,0.0,0.0,33,-0.09,0.0,34
1786331883.589,zero-here 18/18 (limp),0.0,0.0,33,0.0,0.0,33,-0.09,0.0,34,0.0,0.0,33,0.0,0.0,34,0.0,0.0,37,0.0,0.0,33,-0.09,0.0,32,-0.09,0.0,33,0.0,0.0,30,0.0,0.0,34,0.0,0.0,36,0.0,0.0,30,-0.09,0.0,31,0.0,0.0,31,0.0,0.0,32,0.0,0.0,33,-0.09,0.0,34
1786331883.948,zero-here 18/18 (limp),0.0,0.0,33,0.0,0.0,33,-0.09,0.0,34,0.0,0.0,33,0.0,0.0,34,0.0,0.0,37,0.0,0.0,33,-0.09,0.0,32,-0.09,0.0,33,0.0,0.0,30,0.0,0.0,34,0.0,0.0,36,0.0,0.0,30,-0.09,0.0,31,0.0,0.0,31,0.0,0.0,32,0.0,0.0,33,-0.09,0.0,34
1786331884.361,zero-here 18/18 (limp),0.0,0.0,33,0.0,0.0,33,-0.09,0.0,34,0.0,0.0,33,0.0,0.0,34,0.0,0.0,37,0.0,0.0,33,-0.09,0.0,32,-0.09,0.0,33,0.0,0.0,30,0.0,0.0,34,0.0,0.0,36,0.0,0.0,30,-0.09,0.0,31,0.0,0.0,31,0.0,0.0,32,0.0,0.0,33,-0.09,0.0,34
1786331884.823,zero-here 18/18 (limp),0.0,0.0,33,0.0,0.0,33,-0.09,0.0,34,0.0,0.0,33,0.0,0.0,34,0.0,0.0,37,0.0,0.0,33,-0.09,0.0,32,-0.09,0.0,33,0.0,0.0,30,0.0,0.0,34,0.0,0.0,36,0.0,0.0,30,-0.09,0.0,31,0.0,0.0,31,0.0,0.0,32,0.0,0.0,33,-0.09,0.0,34
1786331885.243,zero-here 18/18 (limp),0.0,0.0,33,0.0,0.0,33,-0.09,0.0,34,0.0,0.0,33,0.0,0.0,34,0.0,0.0,37,0.0,0.0,33,-0.09,0.0,32,-0.09,0.0,33,0.0,0.0,30,0.0,0.0,34,0.0,0.0,36,0.0,0.0,30,-0.09,0.0,31,0.0,0.0,31,0.0,0.0,32,0.0,0.0,33,-0.09,0.0,34
1786331885.687,zero-here 18/18 (limp),0.0,0.0,33,0.0,0.0,33,-0.09,0.0,34,0.0,0.0,33,0.0,0.0,34,0.0,0.0,37,0.0,0.0,33,-0.09,0.0,32,-0.09,0.0,33,0.0,0.0,30,0.0,0.0,34,0.0,0.0,36,0.0,0.0,30,-0.09,0.0,31,0.0,0.0,31,0.0,0.0,32,0.0,0.0,33,-0.09,0.0,34
1786331886.118,zero-here 18/18 (limp),0.0,0.0,33,0.0,0.0,33,-0.09,0.0,34,0.0,0.0,33,0.0,0.0,34,0.0,0.0,37,0.0,0.0,33,-0.09,0.0,32,-0.09,0.0,33,0.0,0.0,30,0.0,0.0,34,0.0,0.006,36,0.0,0.0,30,-0.09,0.0,31,0.0,0.0,31,0.0,0.0,32,0.0,0.0,33,-0.09,0.0,34
1786331886.579,zero-here 18/18 (limp),0.0,0.0,33,0.0,0.0,33,-0.09,0.0,34,0.0,0.0,33,0.0,0.0,34,0.0,0.0,37,0.0,0.0,33,-0.09,0.0,32,-0.09,0.0,33,0.0,0.0,30,0.0,0.0,34,0.0,0.0,36,0.0,0.0,30,-0.09,0.0,31,0.0,0.0,31,0.0,0.0,32,0.0,0.0,33,-0.09,0.0,34
1786331887.018,zero-here 18/18 (limp),0.0,0.0,33,0.0,0.0,33,-0.09,0.0,34,0.0,0.0,33,0.0,0.0,34,0.0,0.0,37,0.0,0.0,33,-0.09,0.0,32,-0.09,0.0,34,0.0,0.0,30,0.0,0.0,34,0.0,0.0,36,0.0,0.0,30,-0.09,0.0,31,0.0,0.0,31,0.0,0.0,32,0.0,0.0,33,-0.09,0.0,34
1786331887.416,zero-here 18/18 (limp),0.0,0.0,33,0.0,0.0,33,-0.09,0.0,34,0.0,0.0,33,0.0,0.0,34,0.0,0.0,37,0.0,0.0,33,-0.09,0.0,32,-0.09,0.0,33,0.0,0.0,30,0.0,0.0,34,0.0,0.0,36,0.0,0.0,30,-0.09,0.0,31,0.0,0.0,31,0.0,0.0,32,0.0,0.0,33,-0.09,0.0,34
1786331887.944,zero-here 18/18 (limp),0.0,0.0,33,0.0,0.0,33,-0.09,0.0,34,0.0,0.0,33,0.0,0.0,34,0.0,0.0,37,0.0,0.0,33,-0.09,0.0,32,-0.09,0.0,33,0.0,0.0,30,0.0,0.0,34,0.0,0.0,36,0.0,0.0,30,-0.09,0.0,31,0.0,0.006,31,0.0,0.0,32,0.0,0.0,33,-0.09,0.0,34
1786331888.381,zero-here 18/18 (limp),0.0,0.0,33,0.0,0.0,33,-0.09,0.0,34,0.0,0.0,33,0.0,0.0,34,0.0,0.0,37,0.0,0.0,33,-0.09,0.0,32,-0.09,0.0,33,0.0,0.0,30,0.0,0.0,34,0.0,0.0,36,0.0,0.0,30,-0.09,0.0,31,0.0,0.0,31,0.0,0.0,32,0.0,0.0,33,-0.09,0.0,34
1786331888.771,zero-here 18/18 (limp),0.0,0.0,33,0.0,0.0,33,-0.09,0.0,34,0.0,0.0,33,0.0,0.0,34,0.0,0.0,37,0.0,0.0,33,-0.09,0.0,32,-0.09,0.0,33,0.0,0.0,30,0.0,0.0,34,0.0,0.0,36,0.0,0.0,30,-0.09,0.0,31,0.0,0.0,31,0.0,0.0,32,0.0,0.0,33,-0.09,0.0,34
1786331889.162,zero-here 18/18 (limp),0.0,0.0,33,0.0,0.0,33,-0.09,0.0,34,0.0,0.0,33,0.0,0.0,34,0.0,0.0,37,0.0,0.0,33,-0.09,0.0,32,-0.09,0.0,33,0.0,0.0,30,0.0,0.0,34,0.0,0.0,36,0.0,0.0,30,-0.09,0.0,31,0.0,0.0,31,0.0,0.0,32,0.0,0.0,33,-0.09,0.0,34
1786331889.602,zero-here 18/18 (limp),0.0,0.0,33,0.0,0.0,33,-0.09,0.0,34,0.0,0.0,33,0.0,0.0,34,0.0,0.0,37,0.0,0.0,33,-0.09,0.0,32,-0.09,0.0,33,0.0,0.0,30,0.0,0.0,34,0.0,0.0,36,0.0,0.0,30,-0.09,0.0,31,0.0,0.0,31,0.0,0.0,32,0.0,0.0,33,-0.09,0.0,34
1786331890.067,zero-here 18/18 (limp),0.0,0.0,33,0.0,0.0,33,-0.09,0.0,34,0.0,0.0,33,0.0,0.0,34,0.0,0.0,37,0.0,0.0,33,-0.09,0.0,32,-0.09,0.0,33,0.0,0.0,30,0.0,0.0,34,0.0,0.0,36,0.0,0.0,30,-0.09,0.0,31,0.0,0.0,31,0.0,0.0,32,0.0,0.0,33,-0.09,0.0,34
1786331890.542,zero-here 18/18 (limp),0.0,0.0,33,0.0,0.0,33,-0.09,0.0,34,0.0,0.0,33,0.0,0.0,34,0.0,0.0,37,0.0,0.0,33,-0.09,0.0,32,-0.09,0.0,33,0.0,0.0,30,0.0,0.0,34,0.0,0.0,36,0.0,0.0,30,-0.09,0.0,31,0.0,0.0,31,0.0,0.0,32,0.0,0.0,33,-0.09,0.0,34
1786331890.936,zero-here 18/18 (limp),0.0,0.0,33,0.0,0.0,33,-0.09,0.0,34,0.0,0.0,33,0.0,0.0,34,0.0,0.0,37,0.0,0.0,33,-0.09,0.0,32,-0.09,0.0,33,0.0,0.0,30,0.0,0.0,34,0.0,0.0,36,0.0,0.0,30,-0.09,0.0,31,0.0,0.0,31,0.0,0.0,32,0.0,0.0,33,-0.09,0.0,34
1786331891.357,zero-here 18/18 (limp),0.0,0.0,33,0.0,0.0,33,-0.09,0.0,34,0.0,0.0,33,0.0,0.0,34,0.0,0.0,37,0.0,0.0,33,-0.09,0.0,32,-0.09,0.0,33,0.0,0.0,30,0.0,0.0,34,0.0,0.0,36,0.0,0.0,30,-0.09,0.0,31,0.0,0.0,31,0.0,0.0,32,0.0,0.0,33,-0.09,0.0,34
1786331891.793,zero-here 18/18 (limp),0.0,0.0,33,0.0,0.0,33,-0.09,0.0,34,0.0,0.0,33,0.0,0.0,34,0.0,0.0,37,0.0,0.0,33,-0.09,0.0,32,-0.09,0.0,33,0.0,0.0,30,0.0,0.0,34,0.0,0.0,36,0.0,0.0,30,-0.09,0.0,31,0.0,0.0,31,0.0,0.0,32,0.0,0.0,33,-0.09,0.0,34
1786331892.256,zero-here 18/18 (limp),0.0,0.0,33,0.0,0.0,33,-0.09,0.0,34,0.0,0.0,33,0.0,0.0,34,0.0,0.0,37,0.0,0.0,33,-0.09,0.0,32,-0.09,0.0,33,0.0,0.0,30,0.0,0.0,34,0.0,0.0,36,0.0,0.0,30,-0.09,0.0,31,0.0,0.0,31,0.0,0.0,32,0.0,0.0,33,-0.09,0.0,34
1786331892.680,zero-here 18/18 (limp),0.0,0.0,33,0.0,0.0,33,-0.09,0.0,34,0.0,0.0,33,0.0,0.0,34,0.0,0.0,37,0.0,0.0,33,-0.09,0.0,32,-0.09,0.0,33,0.0,0.0,30,0.0,0.0,34,0.0,0.0,36,0.0,0.0,30,-0.09,0.0,31,0.0,0.0,31,0.0,0.0,32,0.0,0.0,33,-0.09,0.0,34
1786331893.087,zero-here 18/18 (limp),0.0,0.0,33,0.0,0.0,33,-0.09,0.0,34,0.0,0.0,33,0.0,0.0,34,0.0,0.0,37,0.0,0.0,33,-0.09,0.0,32,-0.09,0.0,33,0.0,0.0,30,0.0,0.0,34,0.0,0.0,36,0.0,0.0,30,-0.09,0.0,31,0.0,0.0,31,0.0,0.0,32,0.0,0.0,33,-0.09,0.0,34
1786331893.512,zero-here 18/18 (limp),0.0,0.0,33,0.0,0.0,33,-0.09,0.0,34,0.0,0.0,33,0.0,0.0,34,0.0,0.0,37,0.0,0.0,33,-0.09,0.0,32,-0.09,0.0,33,0.0,0.0,30,0.0,0.0,34,0.0,0.0,36,0.0,0.0,30,-0.09,0.0,31,0.0,0.0,31,0.0,0.0,32,0.0,0.0,33,-0.09,0.0,34
1786331893.930,zero-here 18/18 (limp),0.0,0.0,33,0.0,0.0,33,-0.09,0.0,34,0.0,0.0,33,0.0,0.0,34,0.0,0.0,37,0.0,0.0,33,-0.09,0.0,32,-0.09,0.0,34,0.0,0.0,30,0.0,0.0,34,0.0,0.0,36,0.0,0.0,30,-0.09,0.0,31,0.0,0.0,31,0.0,0.0,32,0.0,0.0,33,-0.09,0.0,34
1786331894.421,zero-here 18/18 (limp),0.0,0.0,33,0.0,0.0,33,-0.09,0.0,34,0.0,0.0,33,0.0,0.0,34,0.0,0.0,37,0.0,0.0,33,-0.09,0.0,32,-0.09,0.0,33,0.0,0.0,30,0.0,0.0,34,0.0,0.0,36,0.0,0.0,30,-0.09,0.0,31,0.0,0.0,31,0.0,0.0,32,0.0,0.0,33,-0.09,0.0,34
1786331894.831,zero-here 18/18 (limp),0.0,0.0,33,0.0,0.0,33,-0.09,0.0,34,0.0,0.0,33,0.0,0.0,34,0.0,0.0,37,0.0,0.0,33,-0.09,0.0,32,-0.09,0.0,33,0.0,0.0,30,0.0,0.0,34,0.0,0.0,36,0.0,0.0,30,-0.09,0.0,31,0.0,0.0,31,0.0,0.0,32,0.0,0.0,33,-0.09,0.0,34
1786331895.246,zero-here 18/18 (limp),0.0,0.0,33,0.0,0.0,33,-0.09,0.0,34,0.0,0.0,33,0.0,0.0,34,0.0,0.0,37,0.0,0.0,33,-0.09,0.0,32,-0.09,0.0,33,0.0,0.0,30,0.0,0.0,34,0.0,0.0,36,0.0,0.0,30,-0.09,0.0,31,0.0,0.0,31,0.0,0.0,32,0.0,0.0,33,-0.09,0.0,34
1786331895.703,zero-here 18/18 (limp),0.0,0.0,33,0.0,0.0,33,-0.09,0.0,34,0.0,0.0,33,0.0,0.0,34,0.0,0.0,37,0.0,0.0,33,-0.09,0.0,32,-0.09,0.0,33,0.0,0.0,30,0.0,0.0,34,0.0,0.0,36,0.0,0.0,30,-0.09,0.0,31,0.0,0.0,31,0.0,0.0,32,0.0,0.0,33,-0.09,0.0,34
1786331896.107,zero-here 18/18 (limp),0.0,0.0,33,0.0,0.0,33,-0.09,0.0,34,0.0,0.0,33,0.0,0.0,34,0.0,0.0,37,0.0,0.0,33,-0.09,0.0,32,-0.09,0.0,33,0.0,0.0,30,0.0,0.0,34,0.0,0.0,36,0.0,0.0,30,-0.09,0.0,31,0.0,0.0,31,0.0,0.0,32,0.0,0.0,33,-0.09,0.0,34
1786331896.554,zero-here 18/18 (limp),0.0,0.0,33,0.0,0.0,33,-0.09,0.0,34,0.0,0.0,33,0.0,0.0,34,0.0,0.0,37,0.0,0.0,33,-0.09,0.0,32,-0.09,0.0,33,0.0,0.0,30,0.0,0.0,34,0.0,0.0,36,0.0,0.0,30,-0.09,0.0,31,0.0,0.0,31,0.0,0.0,32,0.0,0.0,33,-0.09,0.0,34
1786331896.993,zero-here 18/18 (limp),0.0,0.0,33,0.0,0.0,33,-0.09,0.0,34,0.0,0.0,33,0.0,0.0,34,0.0,0.0,37,0.0,0.0,33,-0.09,0.0,32,-0.09,0.0,33,0.0,0.0,30,0.0,0.0,34,0.0,0.0,36,0.0,0.0,30,-0.09,0.0,31,0.0,0.0,31,0.0,0.0,32,0.0,0.0,33,-0.09,0.0,34
1786331897.458,zero-here 18/18 (limp),0.0,0.0,33,0.0,0.0,33,-0.09,0.0,34,0.0,0.0,33,0.0,0.0,34,0.0,0.0,37,0.0,0.0,33,-0.09,0.0,32,-0.09,0.0,33,0.0,0.0,30,0.0,0.0,34,0.0,0.0,36,0.0,0.0,30,-0.09,0.0,31,0.0,0.0,31,0.0,0.0,32,0.0,0.0,33,-0.09,0.0,34
1786331897.852,zero-here 18/18 (limp),0.0,0.0,33,0.0,0.0,33,-0.09,0.0,34,0.0,0.0,33,0.0,0.0,34,0.0,0.0,37,0.0,0.0,33,-0.09,0.0,32,-0.09,0.0,33,0.0,0.0,30,0.0,0.0,34,0.0,0.0,36,0.0,0.0,30,-0.09,0.0,31,0.0,0.0,31,0.0,0.0,32,0.0,0.0,33,-0.09,0.0,34
1786331898.253,zero-here 18/18 (limp),0.0,0.0,33,0.0,0.0,33,-0.09,0.0,34,0.0,0.006,33,0.0,0.0,34,0.0,0.0,37,0.0,0.0,33,-0.09,0.0,32,-0.09,0.0,33,0.0,0.0,30,0.0,0.0,34,0.0,0.0,36,0.0,0.0,30,-0.09,0.0,31,0.0,0.0,31,0.0,0.0,32,0.0,0.0,33,-0.09,0.0,34
1786331898.748,zero-here 18/18 (limp),0.0,0.0,33,0.0,0.0,33,-0.09,0.0,34,0.0,0.0,33,0.0,0.0,34,0.0,0.0,37,0.0,0.0,33,-0.09,0.0,32,-0.09,0.0,33,0.0,0.0,30,0.0,0.0,34,0.0,0.0,36,0.0,0.0,30,-0.09,0.0,31,0.0,0.0,31,0.0,0.0,32,0.0,0.0,33,-0.09,0.0,34
1786331899.194,zero-here 18/18 (limp),0.0,0.0,33,0.0,0.0,33,-0.09,0.0,34,0.0,0.0,33,0.0,0.0,34,0.0,0.0,37,0.0,0.0,33,-0.09,0.0,32,-0.09,0.0,33,0.0,0.0,30,0.0,0.0,34,0.0,0.0,36,0.0,0.0,30,-0.09,0.0,31,0.0,0.0,31,0.0,0.0,32,0.0,0.0,33,-0.09,0.0,34
1786331899.619,zero-here 18/18 (limp),0.0,0.0,33,0.0,0.0,33,-0.09,0.0,34,0.0,0.0,33,0.0,0.0,34,0.0,0.0,37,0.0,0.0,33,-0.09,0.0,32,-0.09,0.0,34,0.0,0.0,30,0.0,0.0,34,0.0,0.0,36,0.0,0.0,30,-0.09,0.0,31,0.0,0.0,31,0.0,0.0,32,0.0,0.0,33,-0.09,0.0,34
1786331900.025,zero-here 18/18 (limp),0.0,0.0,33,0.0,0.0,33,-0.09,0.0,34,0.0,0.0,33,0.0,0.0,34,0.0,0.0,37,0.0,0.0,33,-0.09,0.0,32,-0.09,0.0,33,0.0,0.0,30,0.0,0.0,34,0.0,0.0,36,0.0,0.0,30,-0.09,0.0,31,0.0,0.0,31,0.0,0.0,32,0.0,0.0,33,-0.09,0.0,34
1786331900.447,zero-here 18/18 (limp),0.0,0.0,33,0.0,0.0,33,-0.09,0.0,34,0.0,0.0,33,0.0,0.0,34,0.0,0.0,37,0.0,0.0,33,-0.09,0.0,32,-0.09,0.0,33,0.0,0.0,30,0.0,0.0,34,0.0,0.0,36,0.0,0.0,30,-0.09,0.0,31,0.0,0.0,31,0.0,0.0,32,0.0,0.0,33,-0.09,0.0,34
1786331900.911,zero-here 18/18 (limp),0.0,0.0,33,0.0,0.0,33,-0.09,0.0,34,0.0,0.0,33,0.0,0.0,34,0.0,0.0,37,0.0,0.0,33,-0.09,0.0,32,-0.09,0.0,33,0.0,0.0,30,0.0,0.0,34,0.0,0.0,36,0.0,0.0,30,-0.09,0.0,31,0.0,0.0,31,0.0,0.0,32,0.0,0.0,33,-0.09,0.0,34
1786331901.375,zero-here 18/18 (limp),0.0,0.0,33,0.0,0.0,33,-0.09,0.0,34,0.0,0.0,33,0.0,0.0,34,0.0,0.0,37,0.0,0.0,33,-0.09,0.0,32,-0.09,0.0,33,0.0,0.0,30,0.0,0.0,34,0.0,0.0,36,0.0,0.0,30,-0.09,0.0,31,0.0,0.0,31,0.0,0.0,32,0.0,0.0,33,-0.09,0.0,34
1786331901.798,zero-here 18/18 (limp),0.0,0.0,33,0.0,0.0,33,-0.09,0.0,34,0.0,0.0,33,0.0,0.0,34,0.0,0.0,37,0.0,0.0,33,-0.09,0.0,32,-0.09,0.0,33,0.0,0.0,30,0.0,0.0,34,0.0,0.0,36,0.0,0.0,30,-0.09,0.0,31,0.0,0.0,31,0.0,0.0,32,0.0,0.0,33,-0.09,0.0,34
1786331902.235,armed,0.0,0.0,33,0.0,0.0,33,-0.09,0.0,34,0.0,0.0,33,0.0,0.0,34,0.0,0.0,37,0.0,0.0,33,-0.09,0.0,32,-0.09,0.0,33,0.0,0.0,30,0.0,0.0,34,0.0,0.0,36,0.0,0.0,30,-0.09,0.0,31,0.0,0.0,31,0.0,0.0,32,0.0,0.0,33,-0.09,0.0,34
1786331902.688,armed,0.0,0.0,33,0.0,0.0,33,-0.09,0.0,34,0.0,0.0,33,0.0,0.0,34,0.0,0.0,37,0.0,0.0,33,-0.09,0.0,32,-0.09,0.0,33,0.0,0.0,30,0.0,0.0,34,0.0,0.0,36,0.0,0.0,30,-0.09,0.0,31,0.0,0.0,31,0.0,0.0,32,0.0,0.0,33,-0.09,0.0,34
1786331903.204,armed,0.0,0.0,33,0.0,0.0,33,-0.09,0.0,34,0.0,0.0,33,0.0,0.0,34,0.0,0.0,37,0.0,0.0,33,-0.09,0.0,32,-0.09,0.0,33,0.0,0.0,30,0.0,0.0,34,0.0,0.0,36,0.0,0.0,30,-0.09,0.0,31,0.0,0.0,31,0.0,0.0,32,0.0,0.0,33,-0.09,0.0,34
1786331903.611,armed,0.0,0.0,33,0.0,0.0,33,-0.09,0.0,34,0.0,0.0,33,0.0,0.0,34,0.0,0.0,37,0.0,0.0,33,-0.09,0.0,32,-0.09,0.0,33,0.0,0.0,30,0.0,0.0,34,0.0,0.0,36,0.0,0.0,30,-0.09,0.0,31,0.0,0.0,31,0.0,0.0,32,0.0,0.0,33,-0.09,0.0,34
1786331903.996,armed,0.0,0.0,33,0.0,0.0,33,-0.09,0.0,34,0.0,0.0,33,0.0,0.0,34,0.0,0.0,37,0.0,0.0,33,-0.09,0.0,32,-0.09,0.0,34,0.0,0.0,30,0.0,0.0,34,0.0,0.0,36,0.0,0.0,30,-0.09,0.0,31,0.0,0.0,31,0.0,0.0,32,0.0,0.0,33,-0.09,0.0,34
1786331904.403,armed,0.0,0.0,33,0.0,0.0,33,-0.09,0.0,34,0.0,0.0,33,0.0,0.0,34,0.0,0.0,37,0.0,0.0,33,-0.09,0.0,32,-0.09,0.0,33,0.0,0.0,30,0.0,0.0,34,0.0,0.0,36,0.0,0.0,30,-0.09,0.0,31,0.0,0.0,31,0.0,0.0,32,0.0,0.0,33,-0.09,0.0,34
1786331904.850,armed,0.0,0.0,33,0.0,0.0,33,-0.09,0.0,34,0.0,0.0,33,0.0,0.0,34,0.0,0.0,37,0.0,0.0,33,-0.09,0.0,32,-0.09,0.0,33,0.0,0.0,30,0.0,0.0,34,0.0,0.0,36,0.0,0.0,30,-0.09,0.0,31,0.0,0.0,31,0.0,0.0,32,0.0,0.0,33,-0.09,0.0,34
1786331905.287,armed,0.0,0.0,33,0.0,0.0,33,-0.09,0.0,34,0.0,0.0,33,0.0,0.0,34,0.0,0.0,37,0.0,0.0,33,-0.09,0.0,32,-0.09,0.0,33,0.0,0.0,30,0.0,0.0,34,0.0,0.0,36,0.0,0.006,30,-0.09,0.0,31,0.0,0.0,31,0.0,0.0,32,0.0,0.0,33,-0.09,0.0,34
1786331905.711,armed,0.0,0.0,33,0.0,0.0,33,-0.09,0.0,34,0.0,0.0,33,0.0,0.0,34,0.0,0.0,37,0.0,0.0,33,-0.09,0.0,32,-0.09,0.0,33,0.0,0.0,30,0.0,0.0,34,0.0,0.0,36,0.0,0.0,30,-0.09,0.0,31,0.0,0.0,31,0.0,0.0,32,0.0,0.0,33,-0.09,0.0,34
1786331906.122,armed,0.0,0.0,33,0.0,0.0,33,-0.09,0.0,34,0.0,0.0,33,0.0,0.0,34,0.0,0.0,37,0.0,0.0,33,-0.09,0.0,32,-0.09,0.0,33,0.0,0.0,30,0.0,0.0,34,0.0,0.0,36,0.0,0.0,30,-0.09,0.0,31,0.0,0.0,31,0.0,0.0,32,0.0,0.0,33,-0.09,0.0,34
1786331906.534,armed,0.0,0.0,33,0.0,0.0,33,-0.09,0.0,34,0.0,0.0,33,0.0,0.0,34,0.0,0.0,37,0.0,0.0,33,-0.09,0.0,32,-0.09,0.0,33,0.0,0.0,30,0.0,0.0,34,0.0,0.0,36,0.0,0.0,30,-0.09,0.0,31,0.0,0.0,31,0.0,0.0,32,0.0,0.0,33,-0.09,0.0,34
1786331906.919,armed,0.0,0.0,33,0.0,0.0,33,-0.09,0.0,34,0.0,0.0,33,0.0,0.0,34,0.0,0.0,37,0.0,0.0,33,-0.09,0.0,32,-0.09,0.0,33,0.0,0.0,30,0.0,0.0,34,0.0,0.0,36,0.0,0.0,30,-0.09,0.0,31,0.0,0.0,31,0.0,0.0,32,0.0,0.0,33,-0.09,0.0,34
1786331907.349,armed,0.0,0.0,33,0.0,0.0,33,-0.09,0.0,34,0.0,0.0,33,0.0,0.0,34,0.0,0.0,37,0.0,0.0,33,-0.09,0.0,32,-0.09,0.0,33,0.0,0.0,30,0.0,0.0,34,0.0,0.0,36,0.0,0.0,30,-0.09,0.0,31,0.0,0.0,31,0.0,0.0,32,0.0,0.0,33,-0.09,0.0,34
1786331907.768,armed,0.0,0.0,33,0.0,0.0,33,-0.09,0.0,34,0.0,0.0,33,0.0,0.0,34,0.0,0.0,37,0.0,0.0,33,-0.09,0.0,32,-0.09,0.0,33,0.0,0.0,30,0.0,0.0,34,0.0,0.0,36,0.0,0.0,30,-0.09,0.0,31,0.0,0.0,31,0.0,0.0,32,0.0,0.0,33,-0.09,0.0,34
1786331908.130,armed,0.0,0.0,33,0.0,0.0,33,-0.09,0.0,34,0.0,0.0,33,0.0,0.0,34,0.0,0.0,37,0.0,0.0,33,-0.09,0.0,32,-0.09,0.0,33,0.0,0.0,30,0.0,0.0,34,0.0,0.0,36,0.0,0.0,30,-0.09,0.0,31,0.0,0.0,31,0.0,0.0,32,0.0,0.0,33,-0.09,0.0,34
1786331908.492,armed,0.0,0.0,33,0.0,0.0,33,-0.09,0.0,34,0.0,0.0,33,0.0,0.0,34,0.0,0.0,37,0.0,0.0,33,-0.09,0.0,32,-0.09,0.0,33,0.0,0.0,30,0.0,0.0,34,0.0,0.0,36,0.0,0.0,30,-0.09,0.0,31,0.0,0.0,31,0.0,0.0,32,0.0,0.0,33,-0.09,0.0,34
1786331908.900,armed,0.0,0.0,33,0.0,0.0,33,-0.09,0.0,34,0.0,0.0,33,0.0,0.0,34,0.0,0.0,37,0.0,0.0,33,-0.09,0.0,32,-0.09,0.0,33,0.0,0.0,30,0.0,0.0,34,0.0,0.0,36,0.0,0.0,30,-0.09,0.0,31,0.0,0.0,31,0.0,0.0,32,0.0,0.0,33,-0.09,0.0,34
1786331909.315,armed,0.0,0.0,33,0.0,0.0,33,-0.09,0.0,34,0.0,0.0,33,0.0,0.0,34,0.0,0.0,37,0.0,0.0,33,-0.09,0.0,32,-0.09,0.0,33,0.0,0.0,30,0.0,0.0,34,0.0,0.0,36,0.0,0.0,30,-0.09,0.0,31,0.0,0.0,31,0.0,0.0,32,0.0,0.0,33,-0.09,0.0,34
1786331909.766,armed,0.0,0.0,33,0.0,0.0,33,-0.09,0.0,34,0.0,0.0,33,0.0,0.0,34,0.0,0.0,37,0.0,0.0,33,-0.09,0.0,32,-0.09,0.0,33,0.0,0.0,30,0.0,0.0,34,0.0,0.0,36,0.0,0.0,30,-0.09,0.0,31,0.0,0.0,31,0.0,0.0,32,0.0,0.0,33,-0.09,0.0,34
1786331910.204,armed,0.0,0.0,33,0.0,0.0,33,-0.09,0.0,34,0.0,0.0,33,0.0,0.0,34,0.0,0.0,37,0.0,0.0,33,-0.09,0.0,32,-0.09,0.0,33,0.0,0.0,30,0.0,0.0,34,0.0,0.0,36,0.0,0.0,30,-0.09,0.0,31,0.0,0.0,31,0.0,0.0,32,0.0,0.0,33,-0.09,0.0,34
1786331910.655,armed,0.0,0.0,33,0.0,0.0,33,-0.09,0.0,34,0.0,0.0,33,0.0,0.0,34,0.0,0.0,37,0.0,0.0,33,-0.09,0.0,32,-0.09,0.0,33,0.0,0.0,30,0.0,0.0,34,0.0,0.0,36,0.0,0.0,30,-0.09,0.0,31,0.0,0.0,31,0.0,0.0,32,0.0,0.0,33,-0.09,0.0,34
1786331911.036,armed,0.0,0.0,32,0.0,0.0,33,-0.09,0.0,34,0.0,0.0,33,0.0,0.0,34,0.0,0.0,37,0.0,0.0,33,-0.09,0.0,32,-0.09,0.0,33,0.0,0.0,30,0.0,0.0,34,0.0,0.0,36,0.0,0.0,30,-0.09,0.0,31,0.0,0.0,31,0.0,0.0,32,0.0,0.0,33,-0.09,0.0,34
1786331911.437,armed,0.0,0.0,33,0.0,0.0,33,-0.09,0.0,34,0.0,0.0,33,0.0,0.0,34,0.0,0.0,37,0.0,0.0,33,-0.09,0.0,32,-0.09,0.0,33,0.0,0.0,30,0.0,0.0,34,0.0,0.0,36,0.0,0.0,30,-0.09,0.0,31,0.0,0.0,31,0.0,0.0,32,0.0,0.0,33,-0.09,0.0,34
1786331911.869,armed,0.0,0.0,33,0.0,0.0,33,-0.09,0.0,34,0.0,0.0,33,0.0,0.0,34,0.0,0.0,37,0.0,0.0,33,-0.09,0.0,32,-0.09,0.0,33,0.0,0.0,30,0.0,0.0,34,0.0,0.0,36,0.0,0.0,30,-0.09,0.0,31,0.0,0.0,31,0.0,0.0,32,0.0,0.0,33,-0.09,0.0,34
1786331912.267,armed,0.0,0.0,33,0.0,0.0,33,-0.09,0.0,34,0.0,0.0,33,0.0,0.0,34,0.0,0.0,37,0.0,0.0,33,-0.09,0.0,32,-0.09,0.0,33,0.0,0.0,30,0.0,0.0,34,0.0,0.0,36,0.0,0.0,30,-0.09,0.0,31,0.0,0.0,31,0.0,0.0,32,0.0,0.0,33,-0.09,0.0,34
1786331912.705,armed,0.0,0.0,33,0.0,0.0,33,-0.09,0.0,34,0.0,0.0,33,0.0,0.0,34,0.0,0.0,37,0.0,0.0,33,-0.09,0.0,32,-0.09,0.0,33,0.0,0.0,30,0.0,0.0,34,0.0,0.0,36,0.0,0.0,30,-0.09,0.0,31,0.0,0.0,31,0.0,0.0,32,0.0,0.0,33,-0.09,0.0,34
1786331913.166,armed,0.0,0.0,33,0.0,0.0,33,-0.09,0.0,34,0.0,0.0,33,0.0,0.0,34,0.0,0.0,37,0.0,0.0,33,-0.09,0.0,32,-0.09,0.0,33,0.0,0.0,30,0.0,0.0,34,0.0,0.0,36,0.0,0.0,30,-0.09,0.006,31,0.0,0.019,31,0.0,0.0,32,0.53,0.006,33,0.88,0.006,34
1786331913.563,standing,0.0,0.0,33,4.04,0.013,33,5.45,0.013,34,0.0,0.006,33,7.47,0.006,34,8.96,0.006,37,0.0,0.0,33,10.72,0.006,32,10.63,0.019,33,0.0,0.0,30,12.92,0.006,34,14.59,0.006,36,0.0,0.0,30,16.17,0.006,31,17.14,0.019,31,0.0,0.0,32,16.88,0.013,33,18.81,0.0,34
1786331914.098,standing,0.0,0.006,33,18.54,0.019,34,20.92,0.033,34,0.0,0.006,33,16.79,0.006,34,24.17,0.045,37,0.0,0.0,33,18.9,0.026,32,25.66,0.078,33,0.0,0.0,30,17.49,0.0,35,29.97,0.033,38,-0.09,0.0,30,18.11,0.052,31,31.99,0.156,32,0.0,0.0,32,17.67,0.013,33,33.75,0.104,34
1786331914.550,standing,-0.09,0.0,33,18.46,0.026,33,36.12,0.111,34,0.0,0.0,33,16.44,0.019,34,39.2,0.169,37,0.09,0.006,33,18.46,0.058,32,39.2,0.26,33,0.0,0.0,30,16.96,0.019,34,43.68,0.111,36,-0.18,0.0,30,17.75,0.097,31,46.23,0.273,31,-0.09,0.0,32,17.49,0.026,33,48.08,0.13,34
1786331914.966,standing,-0.09,0.0,33,18.37,0.039,33,50.98,0.091,34,0.18,0.0,33,16.35,0.026,34,53.88,0.143,37,0.09,0.0,33,18.37,0.078,32,54.49,0.214,33,0.0,0.0,30,16.96,0.013,34,59.15,0.136,36,-0.18,0.0,30,17.75,0.117,31,61.88,0.189,31,-0.18,0.0,32,17.49,0.019,33,68.29,0.078,34
1786331915.548,standing,-0.09,0.0,33,18.37,0.033,33,71.54,0.065,34,0.44,0.006,33,16.26,0.026,34,73.83,0.175,37,0.09,0.0,33,18.46,0.078,32,74.97,0.104,33,0.0,0.0,30,16.96,0.019,34,77.7,0.071,36,-0.18,0.0,30,17.75,0.117,31,78.31,0.084,31,-0.18,0.006,32,17.49,0.019,33,77.17,0.033,34
1786331916.006,standing,-0.18,0.0,33,18.46,0.033,33,78.49,0.026,34,0.44,0.0,33,16.26,0.026,34,77.26,0.123,37,0.09,0.006,33,18.54,0.065,32,77.87,0.045,33,0.0,0.0,30,16.96,0.019,34,78.31,0.039,36,-0.18,0.0,30,17.75,0.071,31,78.4,0.078,31,-0.26,0.006,32,17.49,0.026,33,77.17,0.033,34
1786331916.469,standing,-0.18,0.0,33,18.46,0.033,33,78.49,0.026,34,0.44,0.0,33,16.26,0.026,34,77.26,0.111,37,0.09,0.0,33,18.54,0.045,32,77.87,0.039,33,0.0,0.0,30,16.96,0.019,34,78.31,0.033,48,-0.18,0.0,30,17.75,0.091,31,78.4,0.058,31,-0.26,0.0,32,17.49,0.019,33,77.17,0.033,34
1786331916.899,standing,-0.18,0.0,33,18.46,0.033,33,78.49,0.033,34,0.44,0.0,33,16.26,0.026,34,77.26,0.143,37,0.09,0.006,33,18.54,0.058,32,77.87,0.039,33,0.0,0.0,30,16.96,0.013,34,78.31,0.039,36,-0.18,0.0,30,17.75,0.111,31,78.4,0.058,31,-0.18,0.006,32,17.49,0.026,33,77.17,0.033,34
1786331917.443,standing,-0.18,0.0,33,18.46,0.033,33,78.49,0.033,34,0.44,0.0,33,16.26,0.026,34,77.26,0.149,37,0.09,0.0,33,18.54,0.065,32,77.87,0.039,33,0.0,0.0,30,16.96,0.019,34,78.31,0.045,36,-0.18,0.0,30,17.75,0.084,36,78.4,0.071,31,-0.18,0.0,32,17.49,0.019,33,77.17,0.039,34
1786331917.891,standing,-0.18,0.0,33,18.46,0.026,33,78.49,0.026,34,0.44,0.006,33,16.26,0.026,34,77.26,0.123,37,0.09,0.006,33,18.54,0.045,32,77.87,0.039,33,0.0,0.0,30,16.96,0.013,59,78.31,0.033,36,-0.18,0.0,30,17.75,0.078,31,78.4,0.058,47,-0.26,0.006,32,17.49,0.019,33,77.17,0.033,34
1786331918.353,standing,-0.18,0.0,33,18.46,0.033,33,78.49,0.026,34,0.44,0.0,33,16.26,0.026,34,77.26,0.143,37,0.09,0.0,33,18.54,0.052,32,77.87,0.045,109,0.0,0.0,30,16.96,0.013,34,78.31,0.039,36,-0.18,0.0,30,17.75,0.111,31,78.4,0.065,31,-0.26,0.006,32,17.49,0.026,33,77.17,0.033,34
1786331918.802,standing,-0.18,0.0,33,18.46,0.026,33,78.49,0.026,34,0.44,0.0,33,16.26,0.026,34,77.26,0.136,37,0.09,0.0,33,18.54,0.045,32,77.87,0.039,33,0.0,0.0,30,16.96,0.019,34,78.31,0.033,41,-0.18,0.0,30,17.75,0.111,31,78.4,0.058,31,-0.26,0.006,32,17.49,0.019,33,77.17,0.033,43
1786331919.236,standing,-0.18,0.0,33,18.46,0.033,33,78.49,0.026,34,0.44,0.0,33,16.26,0.026,34,77.26,0.143,37,0.09,0.006,33,18.54,0.058,32,77.87,0.039,33,0.0,0.0,30,16.96,0.019,34,78.31,0.033,36,-0.18,0.0,30,17.75,0.104,31,78.4,0.058,31,-0.18,0.0,32,17.49,0.019,33,77.17,0.033,34
1786331919.660,standing,-0.18,0.0,33,18.46,0.033,33,78.49,0.026,34,0.44,0.006,33,16.26,0.026,34,77.26,0.136,37,0.09,0.0,33,18.54,0.065,32,77.87,0.039,33,0.0,0.0,30,16.96,0.019,34,78.31,0.033,36,-0.18,0.0,30,17.75,0.111,31,78.4,0.058,31,-0.18,0.0,32,17.49,0.019,33,77.17,0.033,34
1786331920.128,standing,-0.18,0.0,33,18.46,0.026,33,78.49,0.026,34,0.44,0.006,33,16.26,0.026,34,77.26,0.143,37,0.09,0.0,33,18.54,0.052,32,77.87,0.039,33,0.0,0.0,30,16.96,0.013,34,78.31,0.039,36,-0.18,0.0,30,17.75,0.091,31,78.4,0.058,32,-0.18,0.0,32,17.49,0.019,33,77.17,0.033,34
1786331920.577,standing,-0.18,0.0,33,18.46,0.033,38,78.49,0.026,34,0.44,0.0,33,16.26,0.026,34,77.26,0.136,37,0.09,0.006,33,18.54,0.058,32,77.87,0.039,33,0.0,0.0,30,16.96,0.013,34,78.31,0.039,36,-0.18,0.0,30,17.75,0.104,31,78.4,0.058,31,-0.18,0.0,32,17.49,0.026,33,77.17,0.033,34
1786331921.039,standing,-0.18,0.0,33,18.46,0.026,33,78.49,0.026,34,0.44,0.006,33,16.26,0.026,34,77.26,0.123,37,0.09,0.0,33,18.54,0.058,32,77.87,0.045,34,0.0,0.0,30,16.96,0.019,34,78.31,0.039,36,-0.18,0.0,30,17.75,0.111,31,78.4,0.078,31,-0.18,0.0,32,17.49,0.019,33,77.17,0.033,34
1786331921.453,standing,-0.18,0.0,33,18.46,0.033,33,78.49,0.026,34,0.44,0.0,33,16.26,0.026,34,77.26,0.104,37,0.09,0.006,33,18.54,0.052,32,77.87,0.039,145,0.0,0.0,30,16.96,0.019,34,78.31,0.039,36,-0.18,0.0,30,17.75,0.104,31,78.4,0.071,31,-0.26,0.006,32,17.49,0.019,33,77.17,0.033,34
1786331921.881,standing,-0.18,0.0,33,18.46,0.033,33,78.49,0.019,34,0.44,0.0,33,16.26,0.026,34,77.26,0.111,37,0.09,0.006,33,18.54,0.052,32,77.87,0.045,34,0.0,0.0,30,16.96,0.019,34,78.31,0.033,36,-0.18,0.0,30,17.75,0.084,31,78.4,0.058,31,-0.18,0.0,32,17.49,0.019,33,77.17,0.033,35
1786331922.310,standing,-0.18,0.0,33,18.46,0.033,33,78.49,0.026,34,0.44,0.0,33,16.26,0.026,34,77.26,0.13,37,0.09,0.006,33,18.54,0.052,32,77.87,0.045,33,0.0,0.0,30,16.96,0.019,34,78.31,0.033,36,-0.18,0.0,30,17.75,0.091,31,78.4,0.058,31,-0.26,0.013,32,17.49,0.019,33,77.17,0.033,34
1786331922.853,standing,-0.18,0.0,33,18.46,0.033,33,78.49,0.026,34,0.44,0.0,33,16.26,0.026,34,77.26,0.111,37,0.09,0.0,33,18.54,0.058,32,77.87,0.045,34,0.0,0.0,30,16.96,0.019,34,78.31,0.039,36,-0.18,0.0,30,17.75,0.078,31,78.4,0.065,31,-0.26,0.013,32,17.49,0.019,33,77.17,0.033,34
1786331923.346,standing,-0.18,0.0,33,18.46,0.033,33,78.49,0.026,34,0.44,0.0,33,16.26,0.026,34,77.26,0.111,37,0.09,0.006,33,18.54,0.052,32,77.87,0.045,34,0.0,0.0,30,16.96,0.019,34,78.31,0.033,36,-0.18,0.0,30,17.75,0.078,31,78.4,0.078,31,-0.26,0.006,32,17.49,0.019,34,77.17,0.033,34
1786331923.775,standing,-0.18,0.0,33,18.46,0.026,33,78.49,0.026,34,0.44,0.006,33,16.26,0.026,34,77.26,0.123,37,0.09,0.0,33,18.54,0.065,32,77.87,0.039,33,0.0,0.0,30,16.96,0.013,34,78.31,0.033,36,-0.18,0.0,30,17.75,0.117,31,78.4,0.058,31,-0.18,0.013,32,17.49,0.019,33,77.17,0.033,34
1786331924.212,standing,-0.18,0.0,33,18.46,0.026,33,78.49,0.026,34,0.44,0.006,33,16.26,0.026,34,77.26,0.123,37,0.09,0.006,33,18.54,0.065,32,77.87,0.045,33,0.0,0.0,30,16.96,0.019,34,78.31,0.033,36,-0.18,0.0,30,17.75,0.111,31,78.4,0.071,31,-0.26,0.006,32,17.49,0.019,33,77.17,0.033,34
1786331924.656,standing,-0.18,0.0,33,18.46,0.033,33,78.49,0.019,34,0.44,0.006,33,16.26,0.026,34,77.26,0.143,37,0.09,0.0,33,18.54,0.065,32,77.87,0.045,33,0.0,0.0,30,16.96,0.019,34,78.31,0.033,36,-0.18,0.0,30,17.75,0.111,31,78.4,0.058,31,-0.18,0.006,32,17.49,0.026,33,77.17,0.033,34
1786331925.079,standing,-0.18,0.0,33,18.46,0.033,33,78.49,0.026,34,0.44,0.0,33,16.26,0.026,34,77.26,0.136,37,0.09,0.006,33,18.54,0.052,32,77.87,0.039,34,0.0,0.0,30,16.96,0.019,34,78.31,0.039,36,-0.18,0.0,30,17.75,0.078,31,78.4,0.078,31,-0.26,0.0,32,17.49,0.019,33,77.17,0.033,34
1786331925.559,standing,-0.18,0.0,33,18.46,0.026,33,78.49,0.019,34,0.44,0.006,33,16.26,0.026,34,77.26,0.143,37,0.09,0.006,33,18.54,0.052,32,77.87,0.039,34,0.0,0.0,30,16.96,0.019,34,78.31,0.039,36,-0.18,0.0,30,17.75,0.111,31,78.4,0.078,31,-0.26,0.006,32,17.49,0.019,33,77.17,0.033,34
1786331926.033,standing,-0.18,0.0,33,18.46,0.033,33,78.49,0.026,34,0.44,0.0,33,16.26,0.026,34,77.26,0.104,37,0.09,0.006,33,18.54,0.065,32,77.87,0.039,34,0.0,0.0,30,16.96,0.019,34,78.31,0.033,36,-0.18,0.0,30,17.75,0.111,31,78.4,0.078,31,-0.26,0.006,32,17.49,0.019,33,77.17,0.033,34
1786331926.504,standing,-0.18,0.0,33,18.46,0.033,33,78.49,0.026,34,0.44,0.006,33,16.26,0.026,34,77.26,0.091,37,0.09,0.0,33,18.54,0.065,32,77.87,0.039,34,0.0,0.0,30,16.96,0.019,34,78.31,0.039,36,-0.18,0.0,30,17.75,0.084,31,78.4,0.058,31,-0.26,0.006,32,17.49,0.026,33,77.17,0.033,34
1786331926.867,standing,-0.18,0.0,33,18.46,0.033,33,78.49,0.026,34,0.44,0.0,33,16.26,0.026,34,77.26,0.136,37,0.09,0.006,33,18.54,0.065,32,77.87,0.039,34,0.0,0.0,30,16.96,0.019,34,78.31,0.033,36,-0.18,0.0,30,17.75,0.111,31,78.4,0.058,31,-0.26,0.0,32,17.49,0.019,33,77.17,0.033,34
1786331927.224,standing,-0.18,0.0,33,18.46,0.033,33,78.49,0.026,34,0.44,0.006,33,16.26,0.026,34,77.26,0.136,37,0.09,0.0,33,18.54,0.052,32,77.87,0.039,33,0.0,0.0,30,16.96,0.013,34,78.31,0.033,36,-0.18,0.0,30,17.75,0.117,31,78.4,0.058,31,-0.18,0.006,32,17.49,0.019,33,77.17,0.033,34
1786331927.638,standing,-0.18,0.0,33,18.46,0.033,33,78.49,0.033,34,0.44,0.006,33,16.26,0.026,34,77.26,0.143,37,0.09,0.0,33,18.54,0.045,32,77.87,0.045,33,0.0,0.0,30,16.96,0.019,34,78.31,0.033,36,-0.18,0.0,30,17.75,0.084,31,78.4,0.058,31,-0.18,0.0,32,17.49,0.026,33,77.17,0.033,34
1786331928.091,standing,-0.18,0.0,33,18.46,0.033,33,78.49,0.026,34,0.44,0.006,33,16.26,0.026,34,77.26,0.143,37,0.09,0.0,33,18.54,0.052,32,77.87,0.039,34,0.0,0.0,30,16.96,0.013,34,78.31,0.045,36,-0.18,0.0,30,17.75,0.071,31,78.4,0.071,31,-0.18,0.0,32,17.49,0.019,33,77.17,0.033,34
1786331928.544,standing,-0.18,0.0,33,18.46,0.033,33,78.49,0.033,34,0.44,0.006,33,16.26,0.026,34,77.26,0.117,37,0.09,0.0,33,18.54,0.058,32,77.87,0.039,33,0.0,0.0,30,16.96,0.019,34,78.31,0.033,36,-0.18,0.0,30,17.75,0.078,31,78.4,0.071,31,-0.26,0.006,32,17.49,0.019,33,77.17,0.033,34
1786331928.971,standing,-0.18,0.0,33,18.46,0.033,33,78.49,0.026,34,0.44,0.006,33,16.26,0.026,34,77.26,0.13,37,0.09,0.0,33,18.54,0.058,32,77.87,0.045,33,0.0,0.0,30,16.96,0.013,68,78.31,0.033,36,-0.18,0.0,30,17.75,0.091,45,78.4,0.078,31,-0.26,0.006,32,17.49,0.019,33,77.17,0.033,34
1786331929.383,standing,-0.18,0.0,33,18.46,0.033,33,78.49,0.026,34,0.44,0.0,33,16.26,0.026,34,77.26,0.111,37,0.09,0.006,33,18.54,0.052,32,77.87,0.039,33,0.0,0.0,30,16.96,0.019,34,78.31,0.033,36,-0.18,0.0,30,17.75,0.084,31,78.4,0.078,31,-0.26,0.0,32,17.49,0.019,33,77.17,0.033,34
1786331929.794,standing,-0.18,0.0,33,18.46,0.033,33,78.49,0.026,92,0.44,0.0,33,16.26,0.033,34,77.26,0.117,37,0.09,0.006,33,18.54,0.052,32,77.87,0.039,33,0.0,0.0,30,16.96,0.019,34,78.31,0.045,36,-0.18,0.0,30,17.75,0.117,31,78.4,0.058,31,-0.26,0.006,32,17.49,0.026,33,77.17,0.039,34
1786331930.256,standing,-0.18,0.0,33,18.46,0.033,33,78.49,0.026,34,0.44,0.006,33,16.26,0.026,34,77.26,0.13,37,0.09,0.006,33,18.54,0.052,32,77.87,0.045,33,0.0,0.0,30,16.96,0.019,34,78.31,0.045,36,-0.18,0.0,30,17.75,0.084,31,78.4,0.058,31,-0.18,0.006,32,17.49,0.019,33,77.17,0.033,34
1786331930.695,standing,-0.18,0.0,33,18.46,0.033,33,78.49,0.026,34,0.44,0.0,33,16.26,0.026,34,77.26,0.123,37,0.09,0.006,33,18.54,0.058,32,77.87,0.039,33,0.0,0.0,30,16.96,0.013,34,78.31,0.033,36,-0.18,0.0,30,17.75,0.117,31,78.4,0.071,31,-0.26,0.006,32,17.49,0.019,33,77.17,0.033,34
1786331931.156,standing,-0.18,0.0,33,18.46,0.033,33,78.49,0.026,34,0.44,0.0,33,16.26,0.026,34,77.26,0.136,37,0.09,0.006,33,18.54,0.065,32,77.87,0.045,33,0.0,0.0,30,16.96,0.019,34,78.31,0.033,36,-0.18,0.0,30,17.75,0.111,31,78.4,0.052,31,-0.26,0.006,32,17.49,0.019,33,77.17,0.033,34
1786331931.557,standing,-0.18,0.0,33,18.46,0.033,33,78.49,0.026,34,0.44,0.0,33,16.26,0.026,34,77.26,0.143,37,0.09,0.006,33,18.54,0.052,32,77.87,0.045,34,0.0,0.0,30,16.96,0.013,34,78.31,0.033,36,-0.18,0.0,30,17.75,0.117,31,78.4,0.078,31,-0.26,0.013,32,17.49,0.026,33,77.17,0.039,34
1786331932.110,standing,-0.18,0.0,33,18.46,0.033,33,78.49,0.026,34,0.44,0.006,33,16.26,0.019,34,77.26,0.13,37,0.09,0.006,33,18.54,0.052,32,77.87,0.045,33,0.0,0.0,30,16.96,0.013,34,78.31,0.033,36,-0.18,0.0,30,17.75,0.084,31,78.4,0.078,31,-0.26,0.006,32,17.49,0.019,33,77.17,0.033,34
1786331932.563,standing,-0.18,0.0,33,18.46,0.033,33,78.49,0.026,34,0.44,0.0,33,16.26,0.026,34,77.26,0.123,37,0.09,0.0,33,18.54,0.052,32,77.87,0.039,34,0.0,0.0,30,16.96,0.019,34,78.31,0.039,36,-0.18,0.0,30,17.75,0.078,32,78.4,0.058,31,-0.26,0.006,32,17.49,0.019,33,77.17,0.033,34
1786331932.998,standing,-0.18,0.0,33,18.46,0.033,33,78.49,0.026,34,0.44,0.006,33,16.26,0.019,34,77.26,0.111,37,0.09,0.006,33,18.54,0.065,32,77.87,0.039,33,0.0,0.0,30,16.96,0.013,34,78.31,0.033,36,-0.18,0.0,30,17.75,0.111,31,78.4,0.078,31,-0.18,0.006,32,17.49,0.019,33,77.17,0.033,34
1786331933.496,standing,-0.18,0.0,33,18.46,0.026,33,78.49,0.026,34,0.44,0.0,33,16.26,0.026,34,77.26,0.143,37,0.09,0.0,33,18.54,0.071,32,77.87,0.039,34,0.0,0.0,30,16.96,0.013,34,78.31,0.033,36,-0.18,0.0,30,17.75,0.084,31,78.4,0.058,31,-0.26,0.006,32,17.49,0.026,33,77.17,0.033,34
1786331933.914,standing,-0.18,0.0,33,18.46,0.033,33,78.49,0.026,34,0.44,0.0,33,16.26,0.026,34,77.26,0.123,37,0.09,0.006,33,18.54,0.065,32,77.87,0.039,34,0.0,0.0,30,16.96,0.019,34,78.31,0.039,36,-0.18,0.0,30,17.75,0.084,31,78.4,0.065,31,-0.26,0.0,32,17.49,0.019,33,77.17,0.033,34
1786331934.386,standing,-0.18,0.0,33,18.46,0.033,33,78.49,0.026,34,0.44,0.006,33,16.26,0.026,34,77.26,0.13,37,0.09,0.0,33,18.54,0.065,32,77.87,0.045,34,0.0,0.0,30,16.96,0.013,35,78.31,0.039,36,-0.18,0.0,30,17.75,0.071,31,78.4,0.078,31,-0.26,0.006,32,17.49,0.019,33,77.17,0.033,34
1786331934.794,standing,-0.18,0.0,33,18.46,0.033,33,78.49,0.026,34,0.44,0.006,33,16.26,0.026,34,77.26,0.143,37,0.09,0.006,33,18.54,0.052,32,77.87,0.039,34,0.0,0.0,30,16.96,0.013,35,78.31,0.039,36,-0.18,0.0,30,17.75,0.084,31,78.4,0.078,31,-0.18,0.0,32,17.49,0.026,33,77.17,0.033,34
1786331935.274,standing,-0.18,0.0,33,18.46,0.033,33,78.49,0.026,34,0.44,0.0,33,16.26,0.026,34,77.26,0.097,37,0.09,0.006,33,18.54,0.065,32,77.87,0.039,34,0.0,0.0,30,16.96,0.019,34,78.31,0.033,36,-0.18,0.0,30,17.75,0.091,31,78.4,0.052,31,-0.26,0.006,32,17.49,0.019,33,77.17,0.033,34
1786331935.704,standing,-0.18,0.0,33,18.46,0.039,33,78.49,0.026,34,0.44,0.0,33,16.26,0.026,34,77.26,0.123,37,0.09,0.006,33,18.54,0.052,32,77.87,0.039,33,0.0,0.0,30,16.96,0.019,34,78.31,0.039,64,-0.18,0.0,30,17.75,0.078,31,78.4,0.078,31,-0.18,0.0,32,17.49,0.019,34,77.17,0.033,34
1786331936.115,standing,-0.18,0.0,33,18.46,0.033,33,78.49,0.026,34,0.44,0.0,33,16.26,0.026,34,77.26,0.136,37,0.09,0.006,33,18.54,0.058,32,77.87,0.033,34,0.0,0.0,30,16.96,0.019,34,78.31,0.033,36,-0.18,0.0,30,17.75,0.078,31,78.4,0.052,31,-0.26,0.006,32,17.49,0.026,33,77.17,0.033,34
1786331936.587,standing,-0.18,0.0,33,18.46,0.033,34,78.49,0.026,34,0.44,0.0,33,16.26,0.033,34,77.26,0.13,37,0.09,0.006,33,18.54,0.065,32,77.87,0.045,33,0.0,0.0,30,16.96,0.019,34,78.31,0.039,36,-0.18,0.0,30,17.75,0.104,31,78.4,0.071,31,-0.26,0.006,32,17.49,0.019,33,77.17,0.033,34
1786331937.079,standing,-0.18,0.0,33,18.46,0.033,33,78.49,0.026,34,0.44,0.0,33,16.26,0.026,34,77.26,0.136,37,0.09,0.006,33,18.54,0.065,32,77.87,0.039,33,0.0,0.0,30,16.96,0.013,34,78.31,0.039,33,-0.18,0.0,30,17.75,0.091,31,78.4,0.058,31,-0.26,0.0,32,17.49,0.019,33,77.17,0.033,34
1786331937.490,standing,-0.18,0.0,33,18.46,0.033,33,78.49,0.026,34,0.44,0.006,33,16.26,0.026,34,77.26,0.104,37,0.09,0.006,33,18.54,0.065,32,77.87,0.045,34,0.0,0.0,30,16.96,0.019,35,78.31,0.045,36,-0.18,0.006,30,17.75,0.111,31,78.4,0.065,31,-0.18,0.0,32,17.49,0.026,33,77.17,0.033,34
1786331937.914,standing,-0.18,0.0,33,18.46,0.033,33,78.49,0.026,34,0.44,0.006,33,16.26,0.026,34,77.26,0.13,37,0.09,0.006,33,18.54,0.052,32,77.87,0.039,34,0.0,0.0,30,16.96,0.019,34,78.31,0.033,36,-0.18,0.0,30,17.75,0.071,31,78.4,0.058,31,-0.18,0.006,32,17.49,0.019,33,77.17,0.033,34
1786331938.403,standing,-0.18,0.0,33,18.46,0.033,116,78.49,0.026,34,0.44,0.0,33,16.26,0.026,34,77.26,0.13,37,0.09,0.0,33,18.54,0.052,32,77.87,0.045,34,0.0,0.0,30,16.96,0.013,34,78.31,0.033,36,-0.18,0.0,30,17.75,0.111,31,78.4,0.058,31,-0.26,0.006,32,17.49,0.026,33,77.17,0.033,34
1786331938.885,standing,-0.18,0.0,33,18.46,0.033,33,78.49,0.026,40,0.44,0.006,33,16.26,0.026,34,77.26,0.136,37,0.09,0.006,33,18.54,0.052,32,77.87,0.039,34,0.0,0.0,30,16.96,0.013,34,78.31,0.033,36,-0.18,0.0,30,17.75,0.084,31,78.4,0.058,31,-0.18,0.0,32,17.49,0.019,33,77.17,0.033,34
1786331939.287,standing,-0.18,0.0,33,18.46,0.033,33,78.49,0.026,34,0.44,0.006,33,16.26,0.026,34,77.26,0.143,37,0.09,0.006,33,18.54,0.058,32,77.87,0.039,33,0.0,0.0,30,16.96,0.019,34,78.31,0.039,37,-0.18,0.0,30,17.75,0.084,31,78.4,0.065,31,-0.26,0.006,32,17.49,0.019,33,77.17,0.033,34
1786331939.701,standing,-0.18,0.0,33,18.46,0.033,33,78.49,0.026,34,0.44,0.0,33,16.26,0.026,34,77.26,0.104,37,0.09,0.006,33,18.54,0.052,32,77.87,0.039,33,0.0,0.0,30,16.96,0.019,34,78.31,0.033,36,-0.18,0.0,30,17.75,0.111,31,78.4,0.058,31,-0.26,0.006,32,17.49,0.026,33,77.17,0.033,34
1786331940.136,standing,-0.18,0.0,33,18.46,0.033,33,78.49,0.026,34,0.44,0.006,33,16.26,0.026,34,77.26,0.117,37,0.09,0.006,33,18.54,0.065,32,77.87,0.045,34,0.0,0.0,30,16.96,0.019,34,78.31,0.045,36,-0.18,0.0,30,17.75,0.111,31,78.4,0.071,31,-0.26,0.0,32,17.49,0.019,33,77.17,0.033,34
1786331940.547,standing,-0.18,0.0,33,18.46,0.033,33,78.49,0.026,34,0.44,0.0,33,16.26,0.026,34,77.26,0.117,37,0.09,0.006,33,18.54,0.052,32,77.87,0.039,34,0.0,0.0,30,16.96,0.019,34,78.31,0.033,36,-0.18,0.0,30,17.75,0.111,31,78.4,0.058,31,-0.26,0.006,32,17.49,0.019,33,77.17,0.026,34
1786331941.085,standing,-0.18,0.0,33,18.46,0.033,33,78.49,0.026,34,0.44,0.0,33,16.26,0.026,34,77.26,0.104,37,0.09,0.006,33,18.54,0.065,32,77.87,0.039,34,0.0,0.0,30,16.96,0.019,35,78.31,0.033,36,-0.18,0.0,30,17.75,0.084,31,78.4,0.071,31,-0.26,0.006,32,17.49,0.019,33,77.17,0.033,34
1786331941.504,standing,-0.18,0.0,33,18.46,0.033,33,78.49,0.026,34,0.44,0.006,33,16.26,0.026,34,77.26,0.13,37,0.09,0.006,33,18.54,0.065,32,77.87,0.039,33,0.0,0.0,30,16.96,0.013,35,78.31,0.033,36,-0.18,0.0,30,17.75,0.078,31,78.4,0.058,31,-0.18,0.006,32,17.49,0.026,33,77.17,0.033,34
1786331941.940,standing,-0.18,0.0,33,18.46,0.033,33,78.49,0.026,34,0.44,0.006,34,16.26,0.026,34,77.26,0.143,37,0.09,0.006,33,18.54,0.045,34,77.87,0.039,34,0.0,0.0,30,16.96,0.019,34,78.31,0.033,36,-0.18,0.0,30,17.75,0.078,31,78.4,0.052,31,-0.26,0.006,32,17.49,0.019,33,77.17,0.039,34
1786331942.357,standing,-0.18,0.0,33,18.46,0.033,33,78.49,0.026,34,0.44,0.006,33,16.26,0.026,34,77.26,0.117,37,0.09,0.0,33,18.54,0.052,45,77.87,0.039,33,0.0,0.0,30,16.96,0.019,34,78.31,0.033,36,-0.18,0.0,30,17.75,0.104,31,78.4,0.078,31,-0.18,0.0,32,17.49,0.019,33,77.17,0.026,34
1786331942.838,standing,-0.18,0.0,33,18.46,0.033,33,78.49,0.026,34,0.44,0.0,33,16.26,0.026,34,77.26,0.13,37,0.09,0.006,33,18.54,0.052,32,77.87,0.039,33,0.0,0.0,30,16.96,0.019,34,78.31,0.039,36,-0.18,0.0,30,17.75,0.078,31,78.4,0.071,31,-0.18,0.006,32,17.49,0.019,33,77.17,0.033,34
1786331943.319,standing,-0.18,0.0,33,18.46,0.019,33,78.49,0.026,34,0.44,0.0,33,16.26,0.026,34,77.26,0.117,33,0.09,0.006,33,18.54,0.052,32,77.87,0.039,34,0.0,0.0,30,16.96,0.019,34,78.31,0.033,36,-0.18,0.0,30,17.75,0.091,33,78.4,0.058,60,-0.26,0.013,32,17.49,0.019,33,77.17,0.033,34
1786331943.736,standing,-0.18,0.0,33,18.46,0.033,33,78.49,0.026,34,0.44,0.0,33,16.26,0.026,34,77.26,0.136,37,0.09,0.006,33,18.54,0.052,32,77.87,0.045,33,0.0,0.0,30,16.96,0.019,34,78.31,0.033,36,-0.18,0.0,30,17.75,0.091,31,78.4,0.078,31,-0.26,0.006,32,17.49,0.019,33,77.17,0.033,34
1786331944.167,standing,-0.18,0.0,33,18.46,0.033,57,78.49,0.026,34,0.44,0.0,33,16.26,0.026,85,77.26,0.13,37,0.09,0.0,33,18.54,0.052,32,77.87,0.052,33,0.0,0.0,30,16.96,0.019,34,78.31,0.033,36,-0.18,0.0,30,17.75,0.111,31,78.4,0.058,31,-0.26,0.006,32,17.49,0.026,33,77.17,0.033,34
1786331944.618,standing,-0.18,0.0,33,18.46,0.033,33,78.49,0.026,34,0.44,0.006,33,16.26,0.026,34,77.26,0.136,37,0.09,0.0,33,18.54,0.052,32,77.87,0.039,34,0.0,0.0,30,16.96,0.019,34,78.31,0.033,36,-0.18,0.0,30,17.75,0.104,31,78.4,0.058,31,-0.26,0.013,32,17.49,0.019,33,77.17,0.033,34
1786331945.024,standing,-0.18,0.0,33,18.46,0.033,33,78.49,0.026,34,0.44,0.006,33,16.26,0.033,34,77.26,0.091,38,0.09,0.006,33,18.54,0.058,32,77.87,0.039,33,0.0,0.0,30,16.96,0.019,34,78.31,0.039,36,-0.18,0.0,30,17.75,0.084,31,78.4,0.058,31,-0.18,0.006,32,17.49,0.019,33,77.17,0.033,34
1786331945.397,standing,-0.18,0.0,33,18.46,0.033,33,78.49,0.026,34,0.44,0.0,33,16.26,0.033,34,77.26,0.136,37,0.09,0.006,33,18.54,0.065,39,77.87,0.039,34,0.0,0.0,30,16.96,0.019,34,78.31,0.045,36,-0.18,0.0,30,17.75,0.078,31,78.4,0.071,31,-0.18,0.006,32,17.49,0.019,33,77.17,0.033,34
1786331945.792,standing,-0.18,0.0,33,18.46,0.033,33,78.49,0.026,34,0.44,0.006,33,16.26,0.026,34,77.26,0.111,37,0.09,0.006,33,18.54,0.065,32,77.87,0.039,34,0.0,0.0,30,16.96,0.019,34,78.31,0.039,36,-0.18,0.0,30,17.75,0.111,31,78.4,0.065,31,-0.26,0.0,32,17.49,0.019,33,77.17,0.033,34
1786331946.254,standing,-0.18,0.0,33,18.46,0.033,33,78.49,0.033,34,0.44,0.0,33,16.26,0.026,34,77.26,0.13,37,0.09,0.006,33,18.54,0.052,32,77.87,0.039,34,0.0,0.0,30,16.96,0.019,34,78.31,0.039,36,-0.18,0.0,30,17.75,0.111,31,78.4,0.071,31,-0.18,0.0,32,17.49,0.026,33,77.17,0.033,34
1786331946.667,standing,-0.18,0.0,33,18.46,0.033,33,78.49,0.026,34,0.44,0.0,33,16.26,0.033,34,77.26,0.136,37,0.09,0.006,33,18.54,0.045,32,77.87,0.039,34,0.0,0.0,30,16.96,0.019,34,78.31,0.039,36,-0.18,0.0,30,17.75,0.078,31,78.4,0.078,31,-0.26,0.006,32,17.49,0.026,33,77.17,0.033,34
1786331947.087,standing,-0.18,0.0,33,18.46,0.033,44,78.49,0.026,34,0.44,0.0,33,16.26,0.026,34,77.26,0.136,37,0.09,0.006,33,18.54,0.065,71,77.87,0.045,34,0.0,0.0,30,16.96,0.019,34,78.31,0.033,36,-0.18,0.0,30,17.75,0.071,31,78.4,0.058,31,-0.26,0.006,32,17.49,0.019,33,77.17,0.033,34
1786331947.552,standing,-0.18,0.0,33,18.46,0.026,33,78.49,0.026,34,0.44,0.006,33,16.26,0.026,34,77.26,0.13,37,0.09,0.006,33,18.54,0.058,32,77.87,0.039,34,0.0,0.0,30,16.96,0.019,34,78.31,0.033,36,-0.18,0.0,30,17.75,0.084,31,78.4,0.071,62,-0.26,0.006,32,17.49,0.019,33,77.17,0.033,34
1786331948.026,standing,-0.18,0.0,33,18.46,0.026,33,78.49,0.026,34,0.44,0.006,33,16.26,0.026,34,77.26,0.091,37,0.09,0.006,33,18.54,0.058,32,77.87,0.045,34,0.0,0.0,30,16.96,0.019,34,78.31,0.039,36,-0.18,0.0,30,17.75,0.091,31,78.4,0.058,31,-0.26,0.006,32,17.49,0.019,33,77.17,0.033,34
1786331948.503,standing,-0.18,0.0,33,18.46,0.033,33,78.49,0.026,34,0.44,0.0,33,16.26,0.026,34,77.26,0.13,37,0.09,0.0,33,18.54,0.045,32,77.87,0.045,34,0.0,0.0,30,16.96,0.019,34,78.31,0.033,36,-0.18,0.0,30,17.75,0.104,31,78.4,0.058,31,-0.26,0.0,32,17.49,0.019,33,77.17,0.033,34
1786331948.927,standing,-0.18,0.0,33,18.46,0.033,33,78.49,0.013,34,0.44,0.0,33,16.26,0.033,34,77.26,0.136,37,0.09,0.006,33,18.54,0.052,32,77.87,0.039,34,0.0,0.0,30,16.96,0.019,34,78.31,0.033,36,-0.18,0.0,30,17.75,0.117,31,78.4,0.071,31,-0.18,0.006,32,17.49,0.019,33,77.17,0.033,34
1786331949.366,standing,-0.18,0.0,33,18.46,0.033,33,78.49,0.026,34,0.44,0.0,33,16.26,0.026,34,77.26,0.13,37,0.09,0.0,33,18.54,0.052,33,77.87,0.039,34,0.0,0.0,30,16.96,0.019,34,78.31,0.033,36,-0.18,0.0,30,17.75,0.071,31,78.4,0.078,31,-0.18,0.0,32,17.49,0.019,33,77.17,0.033,34
1786331949.820,standing,-0.18,0.0,33,18.46,0.033,33,78.49,0.033,34,0.44,0.006,33,16.26,0.026,34,77.26,0.104,37,0.09,0.006,33,18.54,0.052,32,77.87,0.039,34,0.0,0.006,30,16.96,0.013,34,78.31,0.039,39,-0.18,0.0,30,17.75,0.111,31,78.4,0.052,63,-0.18,0.0,32,17.49,0.019,33,77.17,0.033,40
1786331950.238,standing,-0.18,0.0,33,18.46,0.033,33,78.49,0.026,34,0.44,0.006,33,16.26,0.026,34,77.26,0.13,37,0.09,0.0,33,18.54,0.071,32,77.87,0.045,34,0.0,0.0,30,16.96,0.019,34,78.31,0.033,36,-0.18,0.0,30,17.75,0.078,32,78.4,0.078,31,-0.26,0.006,32,17.49,0.039,33,77.34,0.052,34
1786331950.673,walk vx=0.030 vy=0.000 w=0.00,-0.09,0.0,33,17.67,0.0,33,78.75,0.052,34,0.53,0.006,33,16.26,0.13,34,77.87,0.084,37,-0.09,0.013,33,15.29,0.078,32,81.65,0.013,33,-0.62,0.0,30,15.91,0.0,34,81.04,0.117,36,0.88,0.006,30,16.7,0.221,31,78.75,0.006,31,0.26,0.0,32,8.7,0.039,33,91.14,0.013,38
1786331951.175,walk vx=0.030 vy=0.000 w=0.00,1.14,0.026,33,17.31,0.019,33,80.16,0.019,34,-2.99,0.006,33,3.08,0.0,34,94.75,0.006,37,1.05,0.006,33,14.41,0.0,32,80.51,0.052,34,0.44,0.013,30,10.02,0.136,34,84.29,0.0,36,1.23,0.013,30,4.04,0.006,31,95.27,0.0,31,-1.14,0.006,32,16.7,0.039,33,80.6,0.026,34
1786331951.739,walk vx=0.030 vy=0.000 w=0.00,-0.79,0.019,33,6.86,0.026,49,91.14,0.033,34,0.18,0.006,33,15.29,0.0,34,81.39,0.058,38,0.62,0.006,33,15.56,0.013,32,88.59,0.156,34,1.85,0.006,30,12.22,0.0,34,86.4,0.006,36,-3.43,0.013,30,17.31,0.019,31,79.01,0.0,31,0.35,0.006,32,14.77,0.019,34,81.47,0.058,34
1786331952.210,walk vx=0.030 vy=0.000 w=0.00,-0.7,0.006,33,16.08,0.039,33,83.76,0.0,34,1.14,0.013,33,17.14,0.039,34,79.1,0.0,37,-1.49,0.006,33,9.23,0.006,32,83.58,0.0,34,-1.58,0.013,30,15.82,0.013,34,77.52,0.019,36,1.41,0.013,30,9.93,0.104,31,84.46,0.058,31,0.18,0.006,32,9.58,0.045,33,92.81,0.006,34
1786331952.640,walk vx=0.030 vy=0.000 w=0.00,1.14,0.013,33,14.33,0.058,33,82.71,0.033,34,-2.55,0.006,33,3.69,0.0,34,93.43,0.006,37,1.76,0.013,33,17.49,0.013,32,79.19,0.013,34,0.7,0.013,30,4.48,0.013,44,87.98,0.013,36,-1.49,0.039,30,10.9,0.0,31,91.14,0.019,31,-1.14,0.026,32,13.18,0.071,33,82.97,0.019,34
1786331953.126,walk vx=0.030 vy=0.000 w=0.00,-1.32,0.0,33,8.35,0.006,33,90.44,0.0,34,2.55,0.006,33,16.44,0.0,34,80.68,0.052,37,-0.44,0.006,33,10.9,0.013,32,87.45,0.156,34,1.05,0.006,30,12.83,0.0,34,87.01,0.006,36,-3.6,0.0,30,17.58,0.013,31,79.37,0.013,31,0.53,0.006,32,11.51,0.026,33,84.02,0.058,34
1786331953.682,walk vx=0.030 vy=0.000 w=0.00,-0.35,0.006,33,16.52,0.033,33,83.58,0.045,34,0.09,0.019,33,16.52,0.039,34,79.89,0.013,37,-1.49,0.0,33,9.93,0.006,32,83.85,0.0,34,-1.49,0.019,30,15.64,0.0,34,77.34,0.019,36,1.49,0.006,30,9.93,0.058,31,81.83,0.052,31,0.18,0.006,32,12.13,0.019,33,91.85,0.013,34
1786331954.146,walk vx=0.030 vy=0.000 w=0.00,1.23,0.013,33,15.12,0.045,33,81.39,0.033,34,-3.43,0.0,33,3.52,0.019,34,93.78,0.006,37,1.14,0.013,33,15.56,0.019,32,80.95,0.006,34,-0.44,0.013,30,9.32,0.039,34,84.46,0.013,36,1.67,0.033,30,7.82,0.0,31,93.69,0.013,31,-1.41,0.006,32,16.35,0.071,33,81.65,0.026,34
1786331954.700,walk vx=0.030 vy=0.000 w=0.00,-0.7,0.0,33,9.76,0.0,33,89.74,0.013,34,1.32,0.006,33,16.61,0.0,34,79.89,0.019,37,0.26,0.006,33,15.21,0.013,32,88.15,0.104,34,1.32,0.006,30,12.48,0.0,34,85.25,0.0,36,-3.52,0.006,30,17.4,0.0,31,79.28,0.006,31,0.44,0.006,32,11.43,0.026,33,84.99,0.045,34
1786331955.229,walk vx=0.030 vy=0.000 w=0.00,-0.53,0.013,33,12.92,0.006,33,87.19,0.0,34,1.67,0.013,33,16.26,0.091,34,79.28,0.006,37,-1.67,0.0,33,5.36,0.0,32,82.27,0.0,34,-0.88,0.006,30,14.94,0.0,34,78.57,0.019,36,0.7,0.019,30,9.32,0.084,31,80.86,0.026,31,0.62,0.006,32,11.51,0.045,33,90.18,0.0,65
1786331955.703,walk vx=0.030 vy=0.000 w=0.00,1.58,0.0,33,17.49,0.026,33,81.12,0.026,34,-2.99,0.0,33,6.42,0.033,34,92.37,0.0,37,1.23,0.013,33,17.31,0.0,32,83.5,0.091,34,-0.18,0.006,30,8.79,0.045,34,81.3,0.006,36,2.02,0.019,32,9.93,0.0,31,94.22,0.019,31,-1.41,0.006,32,16.7,0.058,33,80.6,0.006,34
1786331956.196,walk vx=0.030 vy=0.000 w=0.00,-0.26,0.013,33,7.91,0.013,41,85.96,0.033,34,-0.26,0.0,33,12.04,0.0,34,83.14,0.019,37,0.79,0.006,33,17.58,0.0,32,85.61,0.175,34,1.85,0.013,30,11.43,0.006,34,88.33,0.013,36,-2.46,0.026,30,16.0,0.006,31,79.37,0.039,31,-0.26,0.006,32,14.24,0.065,33,87.71,0.175,34
1786331956.768,walk vx=0.030 vy=0.000 w=0.00,-1.32,0.006,33,12.04,0.019,33,91.49,0.0,34,2.99,0.0,33,16.26,0.078,34,80.77,0.084,37,-1.23,0.006,33,8.26,0.019,32,83.5,0.084,34,0.26,0.006,30,9.32,0.0,34,83.23,0.013,36,-1.23,0.039,30,15.12,0.279,31,79.19,0.0,31,1.58,0.0,32,5.45,0.006,33,90.53,0.006,34
1786331957.315,walk vx=0.030 vy=0.000 w=0.00,1.05,0.006,33,18.28,0.019,33,81.91,0.045,34,-1.85,0.026,33,9.05,0.123,34,93.52,0.013,37,0.09,0.006,33,12.92,0.0,32,87.45,0.039,34,-1.05,0.013,30,13.18,0.117,34,80.6,0.006,36,3.43,0.0,30,7.82,0.006,31,91.58,0.0,31,-0.97,0.006,32,17.84,0.006,33,81.21,0.0,34
1786331957.782,walk vx=0.030 vy=0.000 w=0.00,0.09,0.0,33,11.43,0.019,33,85.43,0.013,34,-0.97,0.0,33,11.78,0.0,34,81.21,0.006,37,0.7,0.013,33,17.84,0.006,32,88.24,0.201,34,1.93,0.006,30,9.93,0.013,34,86.66,0.006,36,-2.9,0.019,30,16.88,0.0,31,79.28,0.019,31,0.09,0.006,32,14.33,0.033,33,88.15,0.104,34
1786331958.226,walk vx=0.030 vy=0.000 w=0.00,-1.05,0.0,33,11.51,0.006,33,89.38,0.0,34,2.2,0.006,33,15.12,0.097,34,79.01,0.026,37,-1.67,0.006,33,4.66,0.006,32,83.5,0.033,34,-0.62,0.006,30,15.73,0.006,34,79.19,0.033,36,-0.18,0.019,30,12.04,0.189,31,80.16,0.006,31,1.41,0.006,32,3.87,0.0,33,91.93,0.006,34
1786331958.856,walk vx=0.030 vy=0.000 w=0.00,1.23,0.0,33,17.31,0.019,33,81.39,0.006,34,-3.08,0.026,33,8.61,0.136,34,86.92,0.078,37,-0.7,0.006,33,11.87,0.0,32,89.21,0.033,34,-1.58,0.006,30,16.79,0.039,34,77.61,0.019,36,3.52,0.006,30,7.03,0.013,32,86.48,0.052,31,0.0,0.006,32,17.75,0.006,33,82.35,0.052,34
1786331959.365,walk vx=0.030 vy=0.000 w=0.00,0.97,0.006,33,12.04,0.013,33,81.39,0.0,34,-2.29,0.0,33,10.55,0.0,34,87.98,0.013,37,1.32,0.0,33,17.49,0.013,32,83.06,0.156,34,0.88,0.006,30,8.96,0.006,34,90.09,0.013,36,-0.79,0.019,30,15.56,0.0,31,86.92,0.019,31,-0.88,0.0,32,16.79,0.006,33,82.62,0.065,34
1786331959.829,walk vx=0.030 vy=0.000 w=0.00,-1.85,0.0,33,12.39,0.006,33,92.29,0.0,34,3.08,0.0,33,16.79,0.0,34,79.28,0.006,37,-1.23,0.013,33,5.27,0.019,32,80.95,0.019,34,0.18,0.0,30,13.45,0.026,34,81.04,0.013,36,-1.93,0.006,30,17.14,0.065,31,82.27,0.026,31,1.67,0.013,32,4.92,0.013,33,92.55,0.0,34
1786331960.328,walk vx=0.030 vy=0.000 w=0.00,0.53,0.006,33,15.38,0.039,33,81.56,0.0,34,-1.41,0.019,33,7.47,0.136,34,83.67,0.006,38,-0.79,0.0,33,9.14,0.006,32,93.87,0.006,34,-1.14,0.006,30,16.44,0.019,34,79.1,0.104,36,1.23,0.006,30,7.38,0.065,32,88.86,0.013,31,0.44,0.006,32,16.08,0.013,33,84.38,0.019,34
1786331960.923,walk vx=0.030 vy=0.000 w=0.00,1.67,0.013,33,15.64,0.039,33,86.75,0.019,34,-2.64,0.013,33,8.7,0.0,34,86.92,0.006,37,1.32,0.019,33,18.19,0.006,32,79.19,0.039,34,0.0,0.0,30,11.95,0.026,34,87.54,0.033,36,0.79,0.026,30,12.83,0.0,31,84.38,0.019,31,-1.67,0.013,32,17.75,0.019,33,81.83,0.052,35
1786331961.406,walk vx=0.030 vy=0.000 w=0.00,-1.05,0.006,33,10.2,0.013,33,85.96,0.006,34,3.43,0.039,33,16.61,0.0,34,82.0,0.104,37,-0.44,0.006,33,15.21,0.006,32,79.98,0.026,34,0.97,0.006,30,9.05,0.006,34,83.58,0.013,36,-2.99,0.013,30,17.31,0.0,31,78.93,0.013,31,1.23,0.013,32,4.75,0.0,33,90.88,0.019,34
1786331961.878,walk vx=0.030 vy=0.000 w=0.00,0.09,0.0,33,14.94,0.019,33,85.52,0.019,34,-0.09,0.013,33,10.11,0.156,34,83.94,0.0,37,-0.97,0.006,33,5.89,0.0,32,92.99,0.013,34,-1.49,0.0,30,16.44,0.071,55,77.34,0.13,36,2.29,0.006,30,10.37,0.104,31,85.08,0.013,31,0.62,0.0,32,12.92,0.006,33,89.21,0.006,34
1786331962.494,walk vx=0.030 vy=0.000 w=0.00,1.93,0.006,33,17.31,0.013,33,81.12,0.033,34,-3.43,0.006,33,7.12,0.039,40,91.49,0.0,37,0.26,0.006,33,14.5,0.019,32,78.84,0.006,34,-0.97,0.0,30,11.34,0.013,34,86.4,0.006,36,2.55,0.006,31,8.7,0.006,31,89.47,0.006,31,-1.05,0.006,32,17.49,0.033,33,81.3,0.006,34
1786331963.011,walk vx=0.030 vy=0.000 w=0.00,-0.26,0.0,33,13.01,0.019,33,88.15,0.026,34,0.26,0.019,33,14.77,0.0,34,81.12,0.019,37,0.7,0.006,33,16.7,0.006,32,80.16,0.104,34,1.93,0.019,30,11.25,0.006,34,85.69,0.0,36,-3.25,0.019,30,17.58,0.0,31,79.8,0.006,31,0.35,0.026,32,11.51,0.045,33,82.97,0.078,34
1786331963.493,walk vx=0.030 vy=0.000 w=0.00,-1.14,0.0,33,9.67,0.013,33,88.07,0.006,34,1.93,0.013,33,16.7,0.052,34,78.93,0.026,37,-1.67,0.0,33,7.21,0.0,32,90.44,0.013,34,-0.97,0.0,30,14.85,0.0,34,81.56,0.052,36,0.35,0.013,30,10.02,0.104,31,85.69,0.104,31,0.7,0.013,32,10.46,0.019,33,93.08,0.006,34
1786331963.969,walk vx=0.030 vy=0.000 w=0.00,1.76,0.0,33,17.05,0.045,33,81.47,0.033,34,-3.08,0.0,33,5.71,0.058,34,92.72,0.006,37,0.53,0.006,33,13.27,0.006,32,78.93,0.013,34,-0.88,0.006,30,13.62,0.045,34,84.38,0.071,36,2.99,0.006,30,8.53,0.0,31,90.53,0.006,31,-1.05,0.006,32,17.67,0.006,33,80.77,0.0,34
1786331964.527,walk vx=0.030 vy=0.000 w=0.00,0.26,0.006,33,11.43,0.019,33,85.52,0.006,34,-0.62,0.013,33,13.18,0.0,34,83.67,0.013,37,1.23,0.0,33,18.37,0.006,32,78.57,0.026,34,1.85,0.019,30,10.02,0.006,34,83.32,0.019,36,-2.55,0.026,30,16.17,0.0,31,80.24,0.006,31,-0.26,0.013,32,15.82,0.026,33,80.68,0.019,34
1786331965.042,walk vx=0.030 vy=0.000 w=0.00,-1.58,0.0,33,10.02,0.019,33,90.18,0.0,34,2.81,0.0,33,16.96,0.0,34,79.1,0.019,37,-1.58,0.013,33,5.98,0.026,32,91.76,0.026,34,-0.09,0.006,30,12.04,0.033,34,88.15,0.0,36,-1.23,0.019,30,15.21,0.104,31,80.42,0.006,31,1.58,0.019,32,6.06,0.013,33,96.15,0.0,34
1786331965.541,walk vx=0.030 vy=0.000 w=0.00,1.14,0.006,33,17.75,0.013,33,81.04,0.006,34,-2.11,0.006,33,7.47,0.045,34,88.95,0.019,37,0.26,0.019,33,14.68,0.013,32,79.19,0.013,34,-1.32,0.006,30,14.68,0.026,34,85.34,0.13,36,2.64,0.0,30,7.91,0.019,31,90.79,0.013,31,-0.79,0.006,32,17.58,0.052,33,82.35,0.0,47
1786331966.117,walk vx=0.030 vy=0.000 w=0.00,0.79,0.006,33,13.36,0.039,33,82.79,0.013,34,-2.37,0.0,33,9.49,0.0,34,88.15,0.026,38,1.23,0.0,33,18.28,0.013,32,79.45,0.039,34,0.62,0.0,30,11.95,0.013,34,80.6,0.0,36,-0.53,0.013,30,13.54,0.006,31,83.14,0.013,31,-1.49,0.013,32,16.35,0.026,34,81.47,0.039,34
1786331966.604,walk vx=0.030 vy=0.000 w=0.00,-1.93,0.0,33,9.05,0.0,33,92.2,0.0,34,3.08,0.013,33,16.26,0.006,34,79.63,0.006,37,-0.53,0.006,33,9.58,0.019,32,87.8,0.065,34,0.53,0.006,30,8.17,0.0,34,91.76,0.019,43,-2.72,0.006,30,15.38,0.156,31,79.01,0.026,31,1.41,0.013,32,8.35,0.006,33,94.39,0.019,34
1786331967.115,walk vx=0.030 vy=0.000 w=0.00,0.44,0.006,33,17.05,0.006,33,81.39,0.0,34,-0.79,0.026,33,6.94,0.078,34,87.1,0.019,38,-0.53,0.006,33,11.16,0.0,32,82.62,0.019,34,-1.67,0.0,30,15.12,0.058,34,82.71,0.026,36,3.52,0.0,30,10.9,0.026,31,93.16,0.006,31,-0.79,0.0,32,17.84,0.039,33,81.91,0.006,34
1786331967.559,walk vx=0.030 vy=0.000 w=0.00,0.09,0.0,33,12.48,0.019,33,81.65,0.013,34,-0.79,0.006,33,13.97,0.0,34,86.92,0.006,37,1.49,0.0,33,17.84,0.019,32,79.54,0.033,34,1.85,0.0,30,9.76,0.006,34,80.6,0.0,36,-3.52,0.0,30,16.08,0.013,31,81.91,0.006,31,1.76,0.0,32,13.18,0.006,33,77.26,0.019,34
1786331968.133,walk vx=0.000 vy=0.000 w=0.00,1.85,0.0,33,17.23,0.006,33,82.97,0.0,34,-3.96,0.006,33,18.11,0.006,34,78.31,0.006,37,1.49,0.006,33,16.17,0.0,32,80.24,0.0,34,2.02,0.0,30,18.28,0.013,34,80.42,0.0,36,-3.52,0.0,30,16.08,0.013,31,81.47,0.0,31,1.85,0.0,32,17.4,0.026,33,77.34,0.0,34
1786331968.585,walk vx=0.000 vy=0.000 w=0.00,1.85,0.0,33,17.23,0.006,33,82.97,0.0,34,-3.34,0.0,33,18.02,0.013,34,78.84,0.006,37,1.49,0.0,33,16.17,0.0,32,80.24,0.0,34,2.02,0.0,30,18.28,0.019,34,80.42,0.0,36,-3.52,0.0,30,16.08,0.013,32,81.65,0.0,31,1.85,0.0,32,17.4,0.026,33,77.34,0.0,34
1786331969.000,walk vx=0.000 vy=0.000 w=0.00,1.85,0.0,33,17.23,0.006,33,82.97,0.0,34,-3.34,0.006,33,18.02,0.013,34,78.84,0.006,37,1.49,0.006,33,16.17,0.0,32,80.24,0.0,34,2.02,0.0,30,18.28,0.019,34,80.42,0.0,36,-3.52,0.0,30,16.08,0.013,31,81.65,0.0,31,1.85,0.0,32,17.4,0.026,33,77.34,0.0,34
1786331969.447,walk vx=0.000 vy=0.000 w=0.00,1.85,0.0,33,17.23,0.0,33,82.97,0.0,34,-3.34,0.006,33,18.02,0.006,34,78.84,0.006,37,1.49,0.006,33,16.17,0.0,32,80.24,0.0,34,2.02,0.0,30,18.28,0.013,34,80.42,0.0,36,-3.52,0.0,30,16.08,0.013,31,81.65,0.0,31,1.85,0.0,32,17.4,0.019,85,77.34,0.0,34
1786331969.983,walk vx=0.000 vy=0.000 w=0.00,1.85,0.0,33,17.23,0.006,33,82.97,0.0,34,-3.34,0.006,33,18.02,0.006,34,78.84,0.006,37,1.58,0.006,33,16.17,0.0,32,80.24,0.0,34,2.02,0.0,30,18.28,0.019,34,80.42,0.0,36,-3.52,0.0,30,16.08,0.013,31,81.65,0.0,31,1.85,0.0,32,17.4,0.026,33,77.34,0.0,34
1786331970.436,walk vx=0.000 vy=0.000 w=0.00,1.85,0.0,33,17.23,0.006,33,82.97,0.0,34,-3.34,0.006,33,18.02,0.013,35,78.84,0.006,38,1.58,0.0,33,16.17,0.0,32,80.24,0.006,34,2.02,0.0,30,18.28,0.019,34,80.42,0.0,36,-3.52,0.0,30,16.08,0.019,31,81.65,0.0,31,1.85,0.0,32,17.4,0.026,33,77.34,0.0,34
1786331970.902,walk vx=0.000 vy=0.000 w=0.00,1.85,0.0,33,17.23,0.006,33,82.97,0.0,34,-3.34,0.006,33,18.02,0.006,34,78.84,0.006,37,1.58,0.0,33,16.17,0.0,32,80.24,0.0,34,2.02,0.0,30,18.28,0.019,34,80.42,0.0,36,-3.52,0.0,30,16.08,0.006,31,81.65,0.0,31,1.85,0.0,32,17.4,0.019,33,77.34,0.0,34
1786331971.376,walk vx=0.000 vy=0.000 w=0.00,1.85,0.0,33,17.23,0.0,33,82.97,0.0,34,-3.34,0.006,33,18.02,0.013,34,78.84,0.006,37,1.58,0.0,33,16.17,0.0,32,80.24,0.006,34,2.02,0.0,30,18.28,0.013,34,80.42,0.0,36,-3.52,0.0,30,16.08,0.013,31,81.65,0.0,31,1.85,0.0,32,17.4,0.026,33,77.34,0.0,34
1786331971.815,walk vx=0.000 vy=0.000 w=0.00,1.85,0.0,33,17.23,0.006,33,82.97,0.0,34,-3.34,0.006,33,18.02,0.013,34,78.84,0.0,37,1.58,0.0,33,16.17,0.0,32,80.24,0.006,34,2.02,0.0,30,18.28,0.019,34,80.42,0.0,36,-3.52,0.0,30,16.08,0.006,31,81.65,0.0,31,1.85,0.0,32,17.4,0.019,33,77.34,0.0,34
1786331972.218,walk vx=0.000 vy=0.000 w=0.00,1.85,0.0,33,17.23,0.006,33,82.97,0.0,34,-3.34,0.006,33,18.02,0.013,34,78.84,0.006,38,1.58,0.006,33,16.17,0.0,32,80.24,0.0,34,2.02,0.0,30,18.28,0.019,34,80.42,0.0,36,-3.52,0.0,30,16.08,0.013,31,81.65,0.0,31,1.85,0.0,32,17.4,0.026,33,77.34,0.0,34
1786331972.620,walk vx=0.000 vy=0.000 w=0.00,1.85,0.0,33,17.23,0.006,33,82.97,0.0,34,-3.34,0.006,33,18.02,0.013,41,78.84,0.006,37,1.58,0.006,33,16.17,0.0,32,80.24,0.0,34,2.02,0.0,30,18.28,0.013,34,80.42,0.0,36,-3.52,0.0,30,16.08,0.019,31,81.65,0.0,31,1.85,0.0,32,17.4,0.026,33,77.34,0.0,34
1786331972.970,walk vx=0.000 vy=0.000 w=0.00,1.85,0.0,33,17.23,0.006,33,82.97,0.0,34,-3.34,0.006,33,18.02,0.013,34,78.84,0.006,38,1.58,0.006,33,16.17,0.0,32,80.24,0.0,34,2.02,0.0,30,18.28,0.019,34,80.42,0.0,36,-3.52,0.0,30,16.08,0.013,32,81.65,0.0,31,1.85,0.0,32,17.4,0.026,33,77.34,0.0,34
1786331973.386,walk vx=0.000 vy=0.000 w=0.00,1.85,0.0,33,17.23,0.006,33,82.97,0.0,34,-3.34,0.006,33,18.02,0.013,36,78.84,0.006,37,1.58,0.006,33,16.17,0.0,32,80.24,0.0,34,2.02,0.0,30,18.28,0.019,34,80.42,0.0,36,-3.52,0.0,30,16.08,0.013,31,81.65,0.0,31,1.85,0.0,32,17.4,0.026,33,77.34,0.0,34
1786331973.852,walk vx=0.000 vy=0.000 w=0.00,1.85,0.0,33,17.23,0.006,33,82.97,0.0,34,-3.34,0.006,33,18.02,0.013,34,78.84,0.0,37,1.58,0.0,33,16.17,0.0,32,80.24,0.0,34,2.02,0.0,30,18.28,0.019,34,80.42,0.0,36,-3.52,0.0,30,16.08,0.013,32,81.65,0.0,31,1.85,0.0,32,17.4,0.026,33,77.34,0.0,34
1786331974.299,walk vx=0.000 vy=0.000 w=0.00,1.85,0.0,33,17.23,0.006,33,82.97,0.0,34,-3.34,0.006,33,18.02,0.013,34,78.84,0.006,37,1.58,0.006,33,16.17,0.0,32,80.24,0.0,34,2.02,0.0,30,18.28,0.013,34,80.42,0.0,36,-3.52,0.0,30,16.08,0.013,32,81.65,0.0,31,1.85,0.0,32,17.4,0.026,33,77.34,0.0,34
1786331974.687,walk vx=0.000 vy=0.000 w=0.00,1.85,0.0,33,17.23,0.006,33,82.97,0.0,34,-3.34,0.006,33,18.02,0.013,34,78.84,0.0,37,1.58,0.006,33,16.17,0.0,32,80.24,0.0,34,2.02,0.0,30,18.28,0.019,34,80.42,0.0,36,-3.52,0.0,30,16.08,0.013,31,81.65,0.0,31,1.85,0.0,32,17.4,0.026,33,77.34,0.0,34
1786331975.134,walk vx=0.000 vy=0.000 w=0.00,1.85,0.0,33,17.23,0.006,33,82.97,0.0,34,-3.34,0.0,33,18.02,0.013,34,78.84,0.006,38,1.58,0.006,33,16.17,0.0,32,80.24,0.006,34,2.02,0.0,30,18.28,0.019,34,80.42,0.0,36,-3.52,0.0,30,16.08,0.013,32,81.65,0.0,31,1.85,0.0,32,17.4,0.026,33,77.34,0.0,34
1786331975.588,walk vx=0.000 vy=0.000 w=0.00,1.85,0.0,33,17.23,0.006,33,82.97,0.0,34,-3.34,0.006,33,18.02,0.013,34,78.84,0.006,37,1.58,0.006,33,16.17,0.0,32,80.24,0.0,34,2.02,0.0,30,18.28,0.019,34,80.42,0.0,36,-3.52,0.0,30,16.08,0.013,31,81.65,0.0,31,1.85,0.0,32,17.4,0.019,33,77.34,0.0,34
1786331976.054,walk vx=0.000 vy=0.000 w=0.00,1.85,0.0,33,17.23,0.0,33,82.97,0.0,34,-3.34,0.006,33,18.02,0.013,34,78.84,0.006,37,1.58,0.006,33,16.17,0.0,32,80.24,0.0,34,2.02,0.0,30,18.28,0.019,34,80.42,0.0,36,-3.52,0.0,30,16.08,0.013,32,81.65,0.0,31,1.85,0.0,32,17.4,0.019,33,77.34,0.0,34
1786331976.498,walk vx=0.000 vy=0.000 w=0.00,1.85,0.0,33,17.23,0.006,33,82.97,0.0,34,-3.34,0.006,33,18.02,0.013,34,78.84,0.006,38,1.58,0.006,33,16.17,0.0,32,80.24,0.0,34,2.02,0.0,30,18.28,0.013,34,80.42,0.0,36,-3.52,0.0,30,16.08,0.013,32,81.65,0.0,31,1.85,0.0,32,17.4,0.026,33,77.34,0.0,34
1786331976.950,walk vx=0.000 vy=0.000 w=0.00,1.85,0.0,33,17.23,0.006,33,82.97,0.0,34,-3.34,0.006,33,18.02,0.013,34,78.84,0.006,37,1.58,0.0,33,16.17,0.0,32,80.24,0.0,34,2.02,0.0,30,18.28,0.019,34,80.42,0.0,36,-3.52,0.0,30,16.08,0.013,32,81.65,0.0,31,1.85,0.0,32,17.4,0.019,33,77.34,0.0,34
1786331977.412,walk vx=0.000 vy=0.000 w=0.00,1.85,0.0,33,17.23,0.006,33,82.97,0.0,34,-3.34,0.0,33,18.02,0.013,34,78.84,0.006,37,1.58,0.006,33,16.17,0.0,32,80.24,0.006,34,2.02,0.0,30,18.28,0.019,34,80.42,0.0,36,-3.52,0.0,30,16.08,0.013,32,81.65,0.0,31,1.85,0.0,32,17.4,0.026,33,77.34,0.0,34
1786331977.828,walk vx=0.000 vy=0.000 w=0.00,1.85,0.0,33,17.23,0.006,33,82.97,0.0,34,-3.34,0.006,33,18.02,0.013,34,78.84,0.006,37,1.58,0.006,33,16.17,0.0,32,80.24,0.0,34,2.02,0.0,30,18.28,0.019,34,80.42,0.0,36,-3.52,0.0,30,16.08,0.013,31,81.65,0.0,31,1.85,0.0,32,17.4,0.026,33,77.34,0.0,34
1786331978.380,walk vx=0.000 vy=0.000 w=0.00,1.85,0.0,33,17.23,0.006,33,82.97,0.0,34,-3.34,0.006,33,18.02,0.013,34,78.84,0.006,38,1.58,0.0,33,16.17,0.0,32,80.24,0.006,34,2.02,0.0,30,18.28,0.013,34,80.42,0.0,36,-3.52,0.0,30,16.08,0.013,32,81.65,0.0,31,1.85,0.0,32,17.4,0.026,33,77.34,0.0,34
1786331978.847,walk vx=0.000 vy=0.000 w=0.00,1.85,0.0,33,17.23,0.006,33,82.97,0.006,34,-3.34,0.0,33,18.02,0.006,34,78.84,0.006,38,1.58,0.0,33,16.17,0.0,32,80.24,0.006,34,2.02,0.0,30,18.28,0.019,34,80.42,0.0,36,-3.52,0.0,30,16.08,0.013,32,81.65,0.0,31,1.85,0.0,32,17.4,0.019,34,77.34,0.0,34
1786331979.268,walk vx=0.000 vy=0.000 w=0.00,1.85,0.0,33,17.23,0.006,33,82.97,0.0,34,-3.34,0.0,33,18.02,0.013,38,78.84,0.006,38,1.58,0.006,33,16.17,0.0,32,80.24,0.0,34,2.02,0.0,30,18.28,0.019,34,80.42,0.0,36,-3.52,0.0,30,16.08,0.013,32,81.65,0.0,31,1.85,0.0,32,17.4,0.026,33,77.34,0.0,34
1786331979.700,walk vx=0.000 vy=0.000 w=0.00,1.85,0.0,33,17.23,0.006,33,82.97,0.0,34,-3.34,0.006,33,18.02,0.013,34,78.84,0.006,37,1.58,0.0,33,16.17,0.0,32,80.24,0.006,34,2.02,0.0,30,18.28,0.019,34,80.42,0.0,36,-3.52,0.0,30,16.08,0.013,32,81.65,0.0,31,1.85,0.0,32,17.4,0.026,33,77.34,0.0,34
1786331980.141,walk vx=0.000 vy=0.000 w=0.00,1.85,0.0,33,17.23,0.006,33,82.97,0.0,34,-3.34,0.006,33,18.02,0.006,34,78.84,0.006,38,1.58,0.0,33,16.17,0.0,32,80.24,0.006,34,2.02,0.0,30,18.28,0.013,34,80.42,0.0,36,-3.52,0.0,30,16.08,0.013,31,81.65,0.0,31,1.85,0.0,32,17.4,0.026,33,77.34,0.0,34
1786331980.673,walk vx=0.000 vy=0.000 w=0.00,1.85,0.0,33,17.23,0.006,33,82.97,0.0,34,-3.34,0.006,33,18.02,0.013,34,78.84,0.006,37,1.58,0.0,33,16.17,0.0,32,80.24,0.0,34,2.02,0.0,30,18.28,0.019,34,80.42,0.0,36,-3.52,0.0,30,16.08,0.013,31,81.65,0.0,31,1.85,0.0,32,17.4,0.026,33,77.34,0.0,34
1786331981.124,walk vx=0.000 vy=0.000 w=0.00,1.85,0.0,33,17.23,0.006,33,82.97,0.0,34,-3.34,0.006,33,18.02,0.013,34,78.84,0.006,38,1.58,0.006,33,16.17,0.0,32,80.24,0.0,34,2.02,0.0,30,18.28,0.019,64,80.42,0.0,36,-3.52,0.0,30,16.08,0.019,32,81.65,0.0,31,1.85,0.0,33,17.4,0.026,33,77.34,0.0,34
1786331981.531,walk vx=0.000 vy=0.000 w=0.00,1.85,0.0,33,17.23,0.006,33,82.97,0.0,34,-3.34,0.006,33,18.02,0.013,34,78.84,0.006,37,1.58,0.006,33,16.17,0.0,32,80.24,0.0,34,2.02,0.0,30,18.28,0.019,34,80.42,0.0,36,-3.52,0.0,30,16.08,0.013,32,81.65,0.0,31,1.85,0.0,32,17.4,0.026,33,77.34,0.0,34
1786331981.923,walk vx=0.000 vy=0.000 w=0.00,1.85,0.0,33,17.23,0.006,33,82.97,0.0,34,-3.34,0.006,33,18.02,0.013,35,78.84,0.006,38,1.58,0.0,33,16.17,0.0,32,80.24,0.006,34,2.02,0.0,30,18.28,0.013,34,80.42,0.0,36,-3.52,0.0,30,16.08,0.013,31,81.65,0.0,31,1.85,0.0,32,17.4,0.026,33,77.34,0.0,34
1786331982.343,walk vx=0.000 vy=0.000 w=0.00,1.85,0.0,33,17.23,0.006,33,82.97,0.0,34,-3.34,0.006,33,18.02,0.013,34,78.84,0.006,38,1.58,0.006,33,16.17,0.0,32,80.24,0.0,34,2.02,0.0,30,18.28,0.013,34,80.42,0.0,36,-3.52,0.0,30,16.08,0.013,32,81.65,0.0,31,1.85,0.0,32,17.4,0.019,33,77.34,0.0,34
1786331982.765,walk vx=0.000 vy=0.000 w=0.00,1.85,0.0,33,17.23,0.006,33,82.97,0.0,34,-3.34,0.006,33,18.02,0.006,34,78.84,0.013,38,1.58,0.006,33,16.17,0.0,32,80.24,0.0,34,2.02,0.0,30,18.28,0.019,34,80.42,0.0,36,-3.52,0.0,30,16.08,0.013,32,81.65,0.0,31,1.85,0.0,32,17.4,0.026,33,77.34,0.0,34
1786331983.207,walk vx=0.000 vy=0.000 w=0.00,1.85,0.0,33,17.23,0.006,34,82.97,0.0,34,-3.34,0.006,33,18.02,0.013,34,78.84,0.006,38,1.58,0.0,33,16.17,0.0,32,80.24,0.0,34,2.02,0.0,30,18.28,0.019,34,80.42,0.0,36,-3.52,0.0,30,16.08,0.013,32,81.65,0.0,31,1.85,0.0,32,17.4,0.026,33,77.34,0.0,34
1786331983.662,walk vx=0.000 vy=0.000 w=0.00,1.85,0.0,33,17.23,0.006,33,82.97,0.0,34,-3.34,0.006,33,18.02,0.013,35,78.84,0.006,37,1.58,0.006,33,16.17,0.0,32,80.24,0.0,34,2.02,0.0,30,18.28,0.019,34,80.42,0.0,36,-3.52,0.0,30,16.08,0.013,32,81.65,0.0,31,1.85,0.0,32,17.4,0.026,33,77.34,0.0,34
1786331984.094,walk vx=0.000 vy=0.000 w=0.00,1.85,0.0,33,17.23,0.006,33,82.97,0.0,34,-3.34,0.006,33,18.02,0.013,34,78.84,0.006,37,1.58,0.0,33,16.17,0.0,32,80.24,0.0,34,2.02,0.0,30,18.28,0.013,34,80.42,0.0,36,-3.52,0.0,30,16.08,0.013,32,81.65,0.0,31,1.85,0.0,32,17.4,0.026,33,77.34,0.0,34
1786331984.490,walk vx=0.000 vy=0.000 w=0.00,1.85,0.0,33,17.23,0.006,33,82.97,0.0,34,-3.34,0.006,33,18.02,0.013,34,78.84,0.006,38,1.58,0.006,33,16.17,0.0,32,80.24,0.0,34,2.02,0.0,30,18.28,0.019,34,80.42,0.0,36,-3.52,0.0,30,16.08,0.013,32,81.65,0.0,31,1.85,0.0,32,17.4,0.026,33,77.34,0.0,34
1786331984.912,walk vx=0.000 vy=0.000 w=0.00,1.85,0.0,33,17.23,0.006,33,82.97,0.0,34,-3.34,0.006,33,18.02,0.013,34,78.84,0.006,38,1.58,0.006,33,16.17,0.0,32,80.24,0.0,34,2.02,0.0,30,18.28,0.019,34,80.42,0.0,36,-3.52,0.0,30,16.08,0.013,32,81.65,0.0,31,1.85,0.0,32,17.4,0.026,33,77.34,0.0,34
1786331985.298,walk vx=0.000 vy=0.000 w=0.00,1.85,0.0,33,17.23,0.006,33,82.97,0.0,34,-3.34,0.0,33,18.02,0.006,35,78.84,0.006,38,1.58,0.0,33,16.17,0.0,32,80.24,0.006,34,2.02,0.0,30,18.28,0.019,35,80.42,0.0,36,-3.52,0.0,30,16.08,0.013,32,81.65,0.0,31,1.85,0.0,32,17.4,0.026,33,77.34,0.0,34
1786331985.793,walk vx=0.000 vy=0.000 w=0.00,1.85,0.0,33,17.23,0.0,33,82.97,0.0,34,-3.34,0.006,33,18.02,0.013,34,78.84,0.006,38,1.58,0.0,33,16.17,0.0,32,80.24,0.0,34,2.02,0.0,30,18.28,0.019,34,80.42,0.006,36,-3.52,0.0,30,16.08,0.013,32,81.65,0.0,31,1.85,0.0,32,17.4,0.019,33,77.34,0.0,34
1786331986.257,walk vx=0.000 vy=0.000 w=0.00,1.85,0.0,33,17.23,0.006,33,82.97,0.0,34,-3.34,0.0,33,18.02,0.013,34,78.84,0.006,38,1.58,0.0,33,16.17,0.0,32,80.24,0.0,34,2.02,0.0,30,18.28,0.019,34,80.42,0.0,36,-3.52,0.0,30,16.08,0.019,32,81.65,0.0,31,1.85,0.0,32,17.4,0.026,33,77.34,0.0,34
1786331986.660,walk vx=0.000 vy=0.000 w=0.00,1.85,0.0,33,17.23,0.006,33,82.97,0.0,34,-3.34,0.006,33,18.02,0.006,34,78.84,0.006,38,1.58,0.0,33,16.17,0.0,32,80.24,0.0,34,2.02,0.0,30,18.28,0.013,34,80.42,0.0,36,-3.52,0.0,30,16.08,0.013,32,81.65,0.0,31,1.85,0.0,32,17.4,0.026,33,77.34,0.0,34
1786331987.108,walk vx=0.000 vy=0.000 w=0.00,1.85,0.0,33,17.23,0.013,33,82.97,0.0,34,-3.34,0.006,33,18.02,0.013,34,78.84,0.0,38,1.58,0.0,33,16.17,0.0,32,80.24,0.006,34,2.02,0.0,30,18.28,0.019,35,80.42,0.0,36,-3.52,0.0,30,16.08,0.013,32,81.65,0.0,31,1.85,0.0,32,17.4,0.026,33,77.34,0.0,34
1786331987.540,walk vx=0.000 vy=0.000 w=0.00,1.85,0.0,33,17.23,0.006,33,82.97,0.006,34,-3.34,0.006,33,18.02,0.006,34,78.84,0.006,38,1.58,0.0,33,16.17,0.0,32,80.24,0.0,34,2.02,0.0,30,18.28,0.019,34,80.42,0.0,36,-3.52,0.0,30,16.08,0.013,32,81.65,0.0,31,1.85,0.0,32,17.4,0.026,33,77.34,0.0,34
1786331987.949,walk vx=0.000 vy=0.000 w=0.00,1.85,0.0,33,17.23,0.006,33,82.97,0.006,34,-3.34,0.006,33,18.02,0.013,34,78.84,0.006,38,1.58,0.006,33,16.17,0.0,32,80.24,0.0,34,2.02,0.0,30,18.28,0.013,34,80.42,0.0,36,-3.52,0.0,30,16.08,0.013,32,81.65,0.0,31,1.85,0.0,32,17.4,0.026,33,77.34,0.0,34
1786331988.414,walk vx=0.000 vy=0.000 w=0.00,1.85,0.0,33,17.23,0.006,33,82.97,0.0,34,-3.34,0.006,33,18.02,0.006,34,78.84,0.006,38,1.58,0.0,33,16.17,0.0,32,80.24,0.006,34,2.02,0.0,30,18.28,0.013,34,80.42,0.0,36,-3.52,0.0,30,16.08,0.013,32,81.65,0.0,31,1.85,0.0,32,17.4,0.026,33,77.34,0.0,34
1786331988.803,walk vx=0.000 vy=0.000 w=0.00,1.85,0.0,33,17.23,0.006,33,82.97,0.0,34,-3.34,0.0,33,18.02,0.013,34,78.84,0.013,38,1.58,0.0,33,16.17,0.0,32,80.24,0.0,34,2.02,0.0,30,18.28,0.019,34,80.42,0.0,36,-3.52,0.0,30,16.08,0.013,32,81.65,0.0,31,1.85,0.0,32,17.4,0.026,33,77.34,0.0,34
1786331989.253,walk vx=0.000 vy=0.000 w=0.00,1.85,0.0,33,17.23,0.006,33,82.97,0.0,34,-3.34,0.006,33,18.02,0.006,34,78.84,0.006,38,1.58,0.0,33,16.17,0.0,32,80.24,0.0,34,2.02,0.0,30,18.28,0.019,34,80.42,0.0,36,-3.52,0.0,30,16.08,0.013,32,81.65,0.0,31,1.85,0.0,32,17.4,0.026,33,77.34,0.0,34
1786331989.749,walk vx=0.000 vy=0.000 w=0.00,1.85,0.0,33,17.23,0.006,33,82.97,0.0,34,-3.34,0.006,33,18.02,0.013,34,78.84,0.006,38,1.58,0.006,33,16.17,0.0,32,80.24,0.006,34,2.02,0.0,30,18.28,0.013,34,80.42,0.0,36,-3.52,0.0,30,16.08,0.013,32,81.65,0.0,31,1.85,0.0,32,17.4,0.026,33,77.34,0.0,34
1786331990.193,walk vx=0.000 vy=0.000 w=0.00,1.85,0.0,33,17.23,0.006,33,82.97,0.0,34,-3.34,0.006,33,18.02,0.006,34,78.84,0.006,38,1.58,0.0,33,16.17,0.0,32,80.24,0.006,34,2.02,0.0,30,18.28,0.019,34,80.42,0.0,36,-3.52,0.0,30,16.08,0.013,32,81.65,0.0,31,1.85,0.0,32,17.4,0.026,33,77.34,0.0,34
1786331990.640,walk vx=0.000 vy=0.000 w=0.00,1.85,0.0,33,17.23,0.006,33,82.97,0.0,34,-3.34,0.006,33,18.02,0.013,34,78.84,0.006,38,1.58,0.006,33,16.17,0.0,32,80.24,0.0,34,2.02,0.0,30,18.28,0.019,34,80.42,0.0,36,-3.52,0.0,30,16.08,0.013,32,81.65,0.0,31,1.85,0.0,32,17.4,0.019,33,77.34,0.0,34
1786331991.114,walk vx=0.000 vy=0.000 w=0.00,1.85,0.0,33,17.23,0.006,33,82.97,0.0,34,-3.34,0.006,33,18.02,0.006,34,78.84,0.006,38,1.58,0.0,33,16.17,0.0,32,80.24,0.0,34,2.02,0.0,30,18.28,0.019,34,80.42,0.0,36,-3.52,0.0,30,16.08,0.013,32,81.65,0.0,31,1.85,0.0,32,17.4,0.026,33,77.34,0.0,34
1786331991.568,walk vx=0.000 vy=0.000 w=0.00,1.85,0.0,33,17.23,0.006,33,82.97,0.0,34,-3.34,0.006,33,18.02,0.013,34,78.84,0.006,38,1.58,0.0,33,16.17,0.0,32,80.24,0.0,34,2.02,0.0,30,18.28,0.013,34,80.42,0.0,36,-3.52,0.0,30,16.08,0.019,32,81.65,0.0,31,1.85,0.0,32,17.4,0.026,33,77.34,0.0,34
1786331992.005,walk vx=0.000 vy=0.000 w=0.00,1.85,0.0,33,17.23,0.006,33,82.97,0.0,34,-3.34,0.006,33,18.02,0.006,34,78.84,0.006,38,1.58,0.006,33,16.17,0.0,32,80.24,0.006,34,2.02,0.0,30,18.28,0.013,34,80.42,0.0,36,-3.52,0.0,30,16.08,0.013,32,81.65,0.0,31,1.85,0.0,32,17.4,0.026,33,77.34,0.0,34
1786331992.455,walk vx=0.000 vy=0.000 w=0.00,1.85,0.0,33,17.23,0.006,33,82.97,0.0,34,-3.34,0.006,33,18.02,0.006,34,78.84,0.006,38,1.58,0.0,33,16.17,0.0,32,80.24,0.006,34,2.02,0.0,30,18.28,0.019,34,80.42,0.0,36,-3.52,0.0,30,16.08,0.013,32,81.65,0.0,31,1.85,0.0,32,17.4,0.026,33,77.34,0.0,34
1786331992.843,walk vx=0.000 vy=0.000 w=0.00,1.85,0.0,33,17.23,0.006,33,82.97,0.006,34,-3.34,0.006,33,18.02,0.013,34,78.84,0.006,38,1.58,0.006,33,16.17,0.0,32,80.24,0.0,34,2.02,0.0,30,18.28,0.019,34,80.42,0.0,36,-3.52,0.0,30,16.08,0.013,32,81.65,0.0,31,1.85,0.0,32,17.4,0.019,34,77.34,0.0,34
1786331993.261,walk vx=0.000 vy=0.000 w=0.00,1.85,0.0,33,17.23,0.006,33,82.97,0.0,34,-3.34,0.006,33,18.02,0.013,34,78.84,0.006,38,1.58,0.006,33,16.17,0.0,32,80.24,0.0,34,2.02,0.0,30,18.28,0.019,34,80.42,0.0,36,-3.52,0.0,30,16.08,0.013,32,81.65,0.0,31,1.85,0.0,32,17.4,0.026,49,77.34,0.0,34
1786331993.681,walk vx=0.000 vy=0.000 w=0.00,1.85,0.0,33,17.23,0.006,33,82.97,0.0,34,-3.34,0.006,33,18.02,0.013,34,78.84,0.006,38,1.58,0.0,33,16.17,0.0,32,80.24,0.006,34,2.02,0.0,30,18.28,0.019,34,80.42,0.0,36,-3.52,0.0,30,16.08,0.019,32,81.65,0.0,31,1.85,0.0,32,17.4,0.019,33,77.34,0.0,34
1786331994.101,walk vx=0.000 vy=0.000 w=0.00,1.85,0.0,33,17.23,0.006,33,82.97,0.0,34,-3.34,0.0,33,18.02,0.006,34,78.84,0.006,38,1.58,0.006,33,16.17,0.0,32,80.24,0.0,34,2.02,0.0,30,18.28,0.013,34,80.42,0.0,36,-3.52,0.0,30,16.08,0.019,32,81.65,0.0,31,1.85,0.0,32,17.4,0.019,33,77.34,0.0,34
1786331994.482,walk vx=0.000 vy=0.000 w=0.00,1.85,0.0,33,17.23,0.006,33,82.97,0.0,34,-3.34,0.0,33,18.02,0.013,34,78.84,0.0,38,1.58,0.006,33,16.17,0.0,32,80.24,0.0,34,2.02,0.0,30,18.28,0.019,34,80.42,0.0,36,-3.52,0.006,30,16.08,0.019,32,81.65,0.0,31,1.85,0.0,32,17.4,0.019,33,77.34,0.0,34
1786331994.915,walk vx=0.000 vy=0.000 w=0.00,1.85,0.0,33,17.23,0.006,33,82.97,0.0,34,-3.34,0.006,33,18.02,0.013,34,78.84,0.006,38,1.58,0.006,33,16.17,0.0,32,80.24,0.0,34,2.02,0.0,30,18.28,0.019,35,80.42,0.0,36,-3.52,0.0,30,16.08,0.013,32,81.65,0.0,31,1.85,0.0,32,17.4,0.019,33,77.34,0.0,34
1786331995.334,walk vx=0.000 vy=0.000 w=0.00,1.85,0.0,33,17.23,0.006,33,82.97,0.006,34,-3.34,0.006,33,18.02,0.013,34,78.84,0.006,38,1.58,0.0,33,16.17,0.0,32,80.24,0.0,34,2.02,0.0,30,18.28,0.019,34,80.42,0.0,36,-3.52,0.0,30,16.08,0.013,32,81.65,0.0,31,1.85,0.0,32,17.4,0.026,33,77.34,0.0,34
1786331995.831,walk vx=0.000 vy=0.000 w=0.00,1.85,0.0,33,17.23,0.006,34,82.97,0.0,34,-3.34,0.0,33,18.02,0.013,34,78.84,0.006,38,1.58,0.0,33,16.17,0.0,32,80.24,0.0,34,2.02,0.0,30,18.28,0.019,34,80.42,0.0,36,-3.52,0.0,30,16.08,0.013,32,81.65,0.0,31,1.85,0.0,32,17.4,0.026,33,77.34,0.0,34
1786331996.248,walk vx=0.000 vy=0.000 w=0.00,1.85,0.0,33,17.23,0.006,33,82.97,0.0,34,-3.34,0.0,33,18.02,0.013,34,78.84,0.006,38,1.58,0.0,33,16.17,0.0,32,80.24,0.006,34,2.02,0.0,30,18.28,0.019,35,80.42,0.0,36,-3.52,0.0,30,16.08,0.013,32,81.65,0.0,31,1.85,0.0,32,17.4,0.026,33,77.34,0.0,34
1786331996.661,walk vx=0.000 vy=0.000 w=0.00,1.85,0.0,33,17.23,0.006,33,82.97,0.0,34,-3.34,0.0,33,18.02,0.013,34,78.84,0.006,38,1.58,0.006,33,16.17,0.0,32,80.24,0.006,34,2.02,0.0,30,18.28,0.019,34,80.42,0.0,36,-3.52,0.0,30,16.08,0.013,32,81.65,0.0,31,1.85,0.0,32,17.4,0.026,33,77.34,0.0,34
1786331997.065,walk vx=0.000 vy=0.000 w=0.00,1.85,0.0,33,17.23,0.006,33,82.97,0.0,34,-3.34,0.006,33,18.02,0.013,34,78.84,0.006,38,1.58,0.0,33,16.17,0.0,32,80.24,0.0,34,2.02,0.0,30,18.28,0.013,34,80.42,0.0,36,-3.52,0.0,30,16.08,0.019,32,81.65,0.0,31,1.85,0.0,32,17.4,0.026,33,77.34,0.0,34
1786331997.476,walk vx=0.000 vy=0.000 w=0.00,1.85,0.0,33,17.23,0.006,33,82.97,0.0,34,-3.34,0.006,33,18.02,0.013,34,78.84,0.006,38,1.58,0.0,33,16.17,0.0,32,80.24,0.0,34,2.02,0.0,30,18.28,0.013,34,80.42,0.0,36,-3.52,0.0,30,16.08,0.006,32,81.65,0.0,31,1.85,0.0,32,17.4,0.026,33,77.34,0.0,34
1786331997.893,walk vx=0.000 vy=0.000 w=0.00,1.85,0.0,33,17.23,0.006,33,82.97,0.006,34,-3.34,0.006,33,18.02,0.013,34,78.84,0.006,38,1.58,0.0,33,16.17,0.0,32,80.24,0.006,34,2.02,0.0,30,18.28,0.013,34,80.42,0.0,36,-3.52,0.0,30,16.08,0.013,32,81.65,0.0,31,1.85,0.0,32,17.4,0.026,33,77.34,0.0,34
1786331998.402,walk vx=0.000 vy=0.000 w=0.00,1.85,0.0,33,17.23,0.006,34,82.97,0.006,34,-3.34,0.006,33,18.02,0.013,34,78.84,0.006,38,1.58,0.006,33,16.17,0.0,32,80.24,0.0,34,2.02,0.0,30,18.28,0.019,34,80.42,0.0,36,-3.52,0.0,30,16.08,0.019,32,81.65,0.0,31,1.85,0.0,32,17.4,0.026,33,77.34,0.0,34
1786331998.815,walk vx=0.000 vy=0.000 w=0.00,1.85,0.0,33,17.23,0.006,33,82.97,0.006,34,-3.34,0.006,33,18.02,0.006,34,78.84,0.006,38,1.58,0.0,33,16.17,0.0,32,80.24,0.0,34,2.02,0.0,30,18.28,0.019,34,80.42,0.0,36,-3.52,0.0,30,16.08,0.013,32,81.65,0.0,32,1.85,0.0,32,17.4,0.026,33,77.34,0.0,34
1786331999.217,walk vx=0.000 vy=0.000 w=0.00,1.85,0.0,33,17.23,0.006,33,82.97,0.0,34,-3.34,0.006,33,18.02,0.013,34,78.84,0.006,38,1.58,0.0,33,16.17,0.0,32,80.24,0.0,34,2.02,0.0,30,18.28,0.019,34,80.42,0.0,36,-3.52,0.0,30,16.08,0.019,32,81.65,0.0,31,1.85,0.0,32,17.4,0.026,33,77.34,0.0,34
1786331999.617,walk vx=0.000 vy=0.000 w=0.00,1.85,0.0,33,17.23,0.006,34,82.97,0.0,34,-3.34,0.006,33,18.02,0.013,34,78.84,0.006,38,1.58,0.0,33,16.17,0.0,32,80.24,0.006,34,2.02,0.0,30,18.28,0.013,34,80.42,0.0,36,-3.52,0.0,30,16.08,0.013,32,81.65,0.0,31,1.85,0.0,32,17.4,0.026,33,77.34,0.0,34
1786332000.034,walk vx=0.000 vy=0.000 w=0.00,1.85,0.0,33,17.23,0.006,33,82.97,0.006,34,-3.34,0.006,33,18.02,0.013,34,78.84,0.006,38,1.58,0.006,33,16.17,0.0,32,80.24,0.0,34,2.02,0.0,30,18.28,0.019,34,80.42,0.0,36,-3.52,0.0,30,16.08,0.013,32,81.65,0.0,31,1.85,0.0,32,17.4,0.019,33,77.34,0.0,34
1786332000.504,walk vx=0.000 vy=0.000 w=0.00,1.85,0.0,33,17.23,0.006,33,82.97,0.0,34,-3.34,0.006,33,18.02,0.013,34,78.84,0.006,38,1.58,0.006,33,16.17,0.0,32,80.24,0.0,34,2.02,0.0,30,18.28,0.019,34,80.42,0.0,36,-3.52,0.0,30,16.08,0.013,32,81.65,0.0,31,1.85,0.0,32,17.4,0.026,33,77.34,0.0,34
1786332000.932,walk vx=0.000 vy=0.000 w=0.00,1.85,0.0,33,17.23,0.006,33,82.97,0.0,34,-3.34,0.006,33,18.02,0.013,36,78.84,0.006,38,1.58,0.006,33,16.17,0.0,32,80.24,0.0,34,2.02,0.0,30,18.28,0.019,34,80.42,0.0,36,-3.52,0.0,30,16.08,0.013,32,81.65,0.0,31,1.85,0.0,32,17.4,0.026,33,77.34,0.0,34
1786332001.355,walk vx=0.000 vy=0.000 w=0.00,1.85,0.0,33,17.23,0.006,33,82.97,0.0,34,-3.34,0.006,33,18.02,0.013,34,78.84,0.006,38,1.58,0.006,33,16.17,0.0,32,80.24,0.0,34,2.02,0.0,30,18.28,0.013,34,80.42,0.0,36,-3.52,0.0,30,16.08,0.019,32,81.65,0.0,31,1.85,0.0,32,17.4,0.026,33,77.34,0.0,34
1786332001.754,walk vx=0.000 vy=0.000 w=0.00,1.85,0.0,33,17.23,0.0,33,82.97,0.0,34,-3.34,0.0,33,18.02,0.013,34,78.84,0.006,38,1.58,0.0,33,16.17,0.0,32,80.24,0.0,34,2.02,0.0,30,18.28,0.019,34,80.42,0.0,36,-3.52,0.0,30,16.08,0.019,32,81.65,0.0,31,1.85,0.0,32,17.4,0.026,33,77.34,0.0,34
1786332002.232,walk vx=0.000 vy=0.000 w=0.00,1.85,0.0,33,17.23,0.0,33,82.97,0.0,34,-3.34,0.0,33,18.02,0.013,34,78.84,0.006,38,1.58,0.0,33,16.17,0.0,32,80.24,0.0,34,2.02,0.0,30,18.28,0.019,34,80.42,0.0,36,-3.52,0.0,30,16.08,0.013,32,81.65,0.0,31,1.85,0.0,32,17.4,0.026,33,77.34,0.0,34
1786332002.664,walk vx=0.000 vy=0.000 w=0.00,1.85,0.0,33,17.23,0.006,33,82.97,0.0,34,-3.34,0.006,33,18.02,0.013,34,78.84,0.006,38,1.58,0.0,33,16.17,0.0,32,80.24,0.0,34,2.02,0.0,30,18.28,0.019,34,80.42,0.0,36,-3.52,0.0,30,16.08,0.013,32,81.65,0.0,31,1.85,0.0,32,17.4,0.019,33,77.34,0.0,34
1786332003.113,walk vx=0.000 vy=0.000 w=0.00,1.85,0.0,33,17.23,0.006,34,82.97,0.0,34,-3.34,0.006,33,18.02,0.013,34,78.84,0.006,38,1.58,0.0,33,16.17,0.0,32,80.24,0.0,34,2.02,0.0,30,18.28,0.019,34,80.42,0.0,36,-3.52,0.0,30,16.08,0.013,32,81.65,0.0,31,1.85,0.0,32,17.4,0.026,33,77.34,0.0,34
1786332003.548,walk vx=0.000 vy=0.000 w=0.00,1.85,0.0,33,17.23,0.006,33,82.97,0.0,34,-3.34,0.006,33,18.02,0.006,34,78.84,0.006,38,1.58,0.0,33,16.17,0.0,32,80.24,0.0,34,2.02,0.0,30,18.28,0.019,34,80.42,0.0,36,-3.52,0.0,30,16.08,0.013,32,81.65,0.0,31,1.85,0.0,32,17.4,0.026,33,77.34,0.0,34
1786332004.004,walk vx=0.000 vy=0.000 w=0.00,1.85,0.0,33,17.23,0.006,33,82.97,0.0,34,-3.34,0.006,33,18.02,0.006,34,78.84,0.013,38,1.58,0.006,33,16.17,0.0,32,80.24,0.006,34,2.02,0.0,30,18.28,0.013,34,80.42,0.0,36,-3.52,0.0,30,16.08,0.013,32,81.65,0.0,31,1.85,0.0,32,17.4,0.026,33,77.34,0.0,34
1786332004.456,walk vx=0.000 vy=0.000 w=0.00,1.85,0.0,33,17.23,0.006,33,82.97,0.0,34,-3.34,0.006,33,18.02,0.013,34,78.84,0.006,38,1.58,0.006,33,16.17,0.0,32,80.24,0.0,34,2.02,0.0,30,18.28,0.019,34,80.42,0.0,36,-3.52,0.0,30,16.08,0.013,32,81.65,0.0,31,1.85,0.0,32,17.4,0.026,33,77.34,0.0,34
1786332004.869,walk vx=0.000 vy=0.000 w=0.00,1.85,0.0,33,17.23,0.006,33,82.97,0.0,34,-3.34,0.006,33,18.02,0.013,34,78.84,0.006,38,1.58,0.0,33,16.17,0.0,32,80.24,0.0,34,2.02,0.0,30,18.28,0.019,34,80.42,0.0,36,-3.52,0.0,30,16.08,0.013,32,81.65,0.0,31,1.85,0.0,32,17.4,0.026,33,77.34,0.0,34
1786332005.327,walk vx=0.000 vy=0.000 w=0.00,1.85,0.0,33,17.23,0.006,33,82.97,0.0,34,-3.34,0.006,33,18.02,0.013,34,78.84,0.006,38,1.58,0.006,33,16.17,0.0,32,80.24,0.0,34,2.02,0.0,30,18.28,0.019,34,80.42,0.0,36,-3.52,0.0,30,16.08,0.013,32,81.65,0.0,31,1.85,0.0,32,17.4,0.026,33,77.34,0.0,34
1786332005.819,walk vx=0.000 vy=0.000 w=0.00,1.85,0.0,33,17.23,0.006,33,82.97,0.0,34,-3.34,0.006,33,18.02,0.006,34,78.84,0.006,38,1.58,0.0,33,16.17,0.0,32,80.24,0.006,34,2.02,0.0,30,18.28,0.019,34,80.42,0.0,36,-3.52,0.0,30,16.08,0.013,32,81.65,0.0,31,1.85,0.0,32,17.4,0.019,33,77.34,0.0,34
1786332006.218,walk vx=0.000 vy=0.000 w=0.00,1.85,0.0,33,17.23,0.006,34,82.97,0.0,34,-3.34,0.006,33,18.02,0.013,34,78.84,0.006,38,1.58,0.0,33,16.17,0.0,32,80.24,0.0,34,2.02,0.0,30,18.28,0.013,34,80.42,0.0,36,-3.52,0.0,30,16.08,0.013,32,81.65,0.0,31,1.85,0.0,32,17.4,0.026,33,77.34,0.0,34
1786332006.677,walk vx=0.000 vy=0.000 w=0.00,1.85,0.0,33,17.23,0.006,33,82.97,0.0,34,-3.34,0.006,33,18.02,0.013,34,78.84,0.013,38,1.58,0.0,33,16.17,0.0,32,80.24,0.0,34,2.02,0.0,30,18.28,0.019,34,80.42,0.0,36,-3.52,0.0,30,16.08,0.013,32,81.65,0.0,32,1.85,0.0,32,17.4,0.026,33,77.34,0.0,34
1786332007.094,walk vx=0.000 vy=0.000 w=0.00,1.85,0.0,33,17.23,0.006,34,82.97,0.0,34,-3.34,0.006,33,18.02,0.013,38,78.84,0.006,38,1.58,0.0,33,16.17,0.0,32,80.24,0.0,34,2.02,0.0,30,18.28,0.013,34,80.42,0.0,36,-3.52,0.0,30,16.08,0.013,32,81.65,0.0,31,1.85,0.0,32,17.4,0.019,33,77.34,0.0,34
1786332007.530,walk vx=0.000 vy=0.000 w=0.00,1.85,0.0,33,17.23,0.006,33,82.97,0.0,34,-3.34,0.0,33,18.02,0.006,34,78.84,0.006,38,1.58,0.006,33,16.17,0.0,32,80.24,0.0,34,2.02,0.0,30,18.28,0.019,34,80.42,0.0,36,-3.52,0.0,30,16.08,0.019,32,81.65,0.0,31,1.85,0.0,32,17.4,0.026,33,77.34,0.0,34
1786332007.991,walk vx=0.000 vy=0.000 w=0.00,1.85,0.0,33,17.23,0.006,34,82.97,0.0,34,-3.34,0.006,33,18.02,0.006,34,78.84,0.006,38,1.58,0.0,33,16.17,0.0,32,80.24,0.0,34,2.02,0.0,30,18.28,0.019,34,80.42,0.0,36,-3.52,0.0,30,16.08,0.013,32,81.65,0.0,31,1.85,0.0,32,17.4,0.019,33,77.34,0.0,34
1786332008.417,walk vx=0.000 vy=0.000 w=0.00,1.85,0.0,33,17.23,0.0,34,82.97,0.0,34,-3.34,0.006,33,18.02,0.013,34,78.84,0.006,38,1.58,0.006,33,16.17,0.0,32,80.24,0.0,34,2.02,0.0,30,18.28,0.019,34,80.42,0.0,36,-3.52,0.0,30,16.08,0.013,32,81.65,0.0,31,1.85,0.0,32,17.4,0.026,33,77.34,0.0,34
1786332008.881,walk vx=0.000 vy=0.000 w=0.00,1.85,0.0,33,17.23,0.006,34,82.97,0.006,34,-3.34,0.006,33,18.02,0.006,34,78.84,0.0,38,1.58,0.0,33,16.17,0.0,32,80.24,0.006,34,2.02,0.0,30,18.28,0.019,34,80.42,0.0,36,-3.52,0.0,30,16.08,0.013,32,81.65,0.0,31,1.85,0.0,32,17.4,0.026,33,77.34,0.0,34
1786332009.283,walk vx=0.000 vy=0.000 w=0.00,1.85,0.0,33,17.23,0.0,33,82.97,0.0,34,-3.34,0.0,33,18.02,0.013,34,78.84,0.006,38,1.58,0.0,33,16.17,0.0,32,80.24,0.0,34,2.02,0.0,30,18.28,0.013,34,80.42,0.0,36,-3.52,0.0,30,16.08,0.019,32,81.65,0.0,31,1.85,0.0,32,17.4,0.019,33,77.34,0.0,34
1786332009.722,walk vx=0.000 vy=0.000 w=0.00,1.85,0.0,33,17.23,0.006,33,82.97,0.0,34,-3.34,0.006,33,18.02,0.013,34,78.84,0.006,38,1.58,0.006,33,16.17,0.0,32,80.24,0.0,34,2.02,0.0,30,18.28,0.019,34,80.42,0.0,36,-3.52,0.0,30,16.08,0.013,32,81.65,0.0,31,1.85,0.0,32,17.4,0.026,34,77.34,0.0,34
1786332010.155,walk vx=0.000 vy=0.000 w=0.00,1.85,0.0,33,17.23,0.006,33,82.97,0.0,34,-3.34,0.006,33,18.02,0.013,34,78.84,0.006,38,1.58,0.006,33,16.17,0.0,32,80.24,0.0,34,2.02,0.0,30,18.28,0.019,34,80.42,0.0,36,-3.52,0.0,30,16.08,0.013,32,81.65,0.0,31,1.85,0.0,32,17.4,0.026,33,77.34,0.0,34
1786332010.629,walk vx=0.000 vy=0.000 w=0.00,1.85,0.0,33,17.23,0.0,33,82.97,0.006,34,-3.34,0.006,33,18.02,0.006,34,78.84,0.006,38,1.58,0.0,33,16.17,0.0,32,80.24,0.0,34,2.02,0.0,30,18.28,0.019,34,80.42,0.0,36,-3.52,0.0,30,16.08,0.013,32,81.65,0.0,31,1.85,0.0,32,17.4,0.026,33,77.34,0.0,34
1786332011.098,walk vx=0.000 vy=0.000 w=0.00,1.85,0.0,33,17.23,0.006,34,82.97,0.0,34,-3.34,0.006,33,18.02,0.013,34,78.84,0.006,38,1.58,0.0,33,16.17,0.0,32,80.24,0.0,34,2.02,0.0,30,18.28,0.019,34,80.42,0.0,36,-3.52,0.0,30,16.08,0.013,32,81.65,0.0,31,1.85,0.0,32,17.4,0.026,34,77.34,0.0,34
1786332011.504,walk vx=0.000 vy=0.000 w=0.00,1.85,0.0,33,17.23,0.006,33,82.97,0.006,34,-3.34,0.006,33,18.02,0.006,34,78.84,0.006,38,1.58,0.006,33,16.17,0.0,32,80.24,0.0,34,2.02,0.0,30,18.28,0.013,34,80.42,0.0,36,-3.52,0.0,30,16.08,0.013,32,81.65,0.0,31,1.85,0.0,32,17.4,0.026,33,77.34,0.0,34
1786332011.878,walk vx=0.000 vy=0.000 w=0.00,1.85,0.0,33,17.23,0.006,33,82.97,0.0,34,-3.34,0.006,33,18.02,0.013,34,78.84,0.006,38,1.58,0.006,33,16.17,0.0,32,80.24,0.0,34,2.02,0.0,30,18.28,0.013,34,80.42,0.0,36,-3.52,0.0,30,16.08,0.013,32,81.65,0.0,31,1.85,0.0,32,17.4,0.019,33,77.34,0.0,34
1786332012.297,walk vx=0.000 vy=0.000 w=0.00,1.85,0.0,33,17.23,0.0,33,82.97,0.0,34,-3.34,0.006,33,18.02,0.006,34,78.84,0.006,38,1.58,0.006,33,16.17,0.0,32,80.24,0.0,34,2.02,0.0,30,18.28,0.019,41,80.42,0.0,36,-3.52,0.0,30,16.08,0.013,32,81.65,0.0,31,1.85,0.0,32,17.4,0.026,33,77.34,0.0,34
1786332012.742,walk vx=0.000 vy=0.000 w=0.00,1.85,0.0,33,17.23,0.0,34,82.97,0.006,34,-3.34,0.006,33,18.02,0.013,34,78.84,0.006,38,1.58,0.0,33,16.17,0.0,32,80.24,0.006,34,2.02,0.0,30,18.28,0.019,34,80.42,0.0,36,-3.52,0.0,30,16.08,0.013,32,81.65,0.0,31,1.85,0.0,32,17.4,0.026,33,77.34,0.0,34
1786332013.158,walk vx=0.000 vy=0.000 w=0.00,1.85,0.0,33,17.23,0.013,34,82.97,0.0,34,-3.34,0.0,33,18.02,0.013,34,78.84,0.006,38,1.58,0.0,33,16.17,0.0,32,80.24,0.0,34,2.02,0.0,30,18.28,0.019,34,80.42,0.0,36,-3.52,0.0,30,16.08,0.013,32,81.65,0.0,31,1.85,0.0,32,17.4,0.019,39,77.34,0.0,34
1786332013.547,walk vx=0.000 vy=0.000 w=0.00,1.85,0.0,33,17.23,0.006,33,82.97,0.0,34,-3.34,0.006,33,18.02,0.013,34,78.84,0.006,38,1.58,0.0,33,16.17,0.0,32,80.24,0.0,34,2.11,0.013,30,18.28,0.019,34,80.6,0.0,36,-3.43,0.0,30,16.08,0.013,32,81.65,0.0,31,1.85,0.0,32,17.4,0.026,33,77.43,0.0,34
1786332013.973,walk vx=0.000 vy=0.000 w=0.00,2.02,0.0,33,17.23,0.006,33,82.97,0.0,34,-3.87,0.0,33,18.02,0.013,34,78.84,0.006,38,1.58,0.006,33,16.17,0.0,32,80.24,0.006,34,1.93,0.0,30,18.28,0.019,34,80.51,0.0,36,-3.43,0.006,30,16.26,0.006,32,81.3,0.006,31,1.76,0.0,32,18.54,0.0,33,77.34,0.0,34
1786332014.382,walk vx=0.000 vy=0.000 w=0.00,1.93,0.0,33,17.23,0.006,33,82.97,0.0,34,-3.34,0.0,33,18.9,0.006,34,78.84,0.006,38,1.58,0.006,33,16.17,0.0,32,80.24,0.0,34,2.02,0.0,30,19.16,0.0,34,80.42,0.006,36,-3.43,0.006,30,16.52,0.0,32,81.47,0.0,31,1.76,0.0,32,18.46,0.0,33,77.26,0.006,34
1786332014.825,walk vx=0.000 vy=0.000 w=0.00,1.93,0.0,33,17.23,0.006,33,82.97,0.006,34,-3.34,0.006,33,18.9,0.006,34,78.93,0.0,38,1.58,0.006,33,16.17,0.0,32,80.24,0.0,34,2.02,0.0,30,19.16,0.0,34,80.42,0.0,36,-3.43,0.006,30,16.52,0.0,32,81.47,0.0,31,1.76,0.0,32,18.46,0.0,33,77.26,0.006,34
1786332015.240,walk vx=0.000 vy=0.000 w=0.00,1.93,0.0,33,17.23,0.006,33,82.97,0.0,34,-3.34,0.006,33,18.9,0.006,34,78.93,0.0,38,1.58,0.006,33,16.17,0.0,32,80.24,0.006,34,2.02,0.0,30,19.16,0.0,34,80.42,0.0,36,-3.43,0.006,30,16.52,0.0,32,81.47,0.0,31,1.76,0.0,32,18.46,0.006,33,77.26,0.0,34
1786332015.683,walk vx=0.000 vy=0.000 w=0.00,1.93,0.0,33,17.23,0.006,34,82.97,0.006,34,-3.87,0.006,33,18.81,0.0,34,78.93,0.0,38,1.58,0.0,33,16.17,0.0,32,80.24,0.0,34,2.02,0.0,30,18.9,0.0,34,80.42,0.0,36,-3.43,0.006,30,16.44,0.0,32,81.47,0.0,32,1.76,0.0,32,18.46,0.0,33,77.26,0.0,34
1786332016.147,walk vx=0.000 vy=0.000 w=0.00,1.93,0.0,33,17.23,0.006,34,82.97,0.0,34,-3.87,0.0,33,18.11,0.006,34,78.93,0.0,38,1.58,0.0,33,16.17,0.0,32,80.24,0.0,34,2.02,0.0,30,18.9,0.0,34,80.42,0.0,36,-3.43,0.006,30,16.26,0.006,32,81.83,0.013,31,1.76,0.0,32,18.02,0.006,33,77.87,0.013,34
1786332016.563,walk vx=0.000 vy=0.000 w=0.00,2.02,0.0,33,17.23,0.006,33,82.97,0.0,34,-3.25,0.006,33,17.84,0.019,34,78.93,0.0,38,1.67,0.006,33,16.17,0.0,32,80.24,0.006,34,2.02,0.0,30,18.81,0.006,34,80.42,0.0,36,-3.52,0.0,30,16.17,0.013,32,81.74,0.006,31,1.76,0.0,32,18.02,0.006,33,77.87,0.006,34
1786332016.994,walk vx=0.000 vy=0.000 w=0.00,1.85,0.0,33,17.23,0.006,34,82.97,0.0,34,-3.25,0.006,33,17.84,0.019,34,78.93,0.0,38,1.58,0.0,33,16.17,0.0,32,80.24,0.0,34,2.02,0.0,30,18.81,0.0,34,80.42,0.0,36,-3.52,0.0,30,16.17,0.013,32,81.74,0.006,32,1.76,0.0,32,17.93,0.006,33,77.87,0.006,34
1786332017.434,walk vx=0.000 vy=0.000 w=0.00,1.85,0.0,33,17.23,0.006,33,82.97,0.0,34,-3.25,0.006,33,17.84,0.019,34,78.93,0.0,38,1.58,0.006,33,16.17,0.0,32,80.24,0.0,34,2.02,0.0,30,18.81,0.0,34,80.42,0.0,36,-3.52,0.0,30,16.17,0.013,32,81.74,0.006,31,1.76,0.0,32,17.93,0.006,33,77.87,0.006,34
1786332017.846,walk vx=0.000 vy=0.000 w=0.00,1.85,0.0,33,17.23,0.006,33,82.97,0.0,34,-3.25,0.006,33,17.84,0.019,34,78.93,0.0,38,1.58,0.0,33,16.17,0.0,32,80.24,0.0,34,2.02,0.0,30,18.81,0.0,34,80.42,0.0,36,-3.52,0.0,30,16.17,0.013,32,81.74,0.006,31,1.76,0.0,32,17.93,0.006,33,77.87,0.013,34
1786332018.309,walk vx=0.000 vy=0.000 w=0.00,1.85,0.0,33,17.23,0.006,34,82.97,0.0,34,-3.25,0.006,33,17.84,0.019,34,78.93,0.0,38,1.58,0.0,33,16.17,0.0,32,80.24,0.006,34,2.02,0.0,30,18.81,0.0,34,80.42,0.019,36,-3.52,0.026,30,16.52,0.078,32,80.68,0.045,31,0.79,0.006,32,15.91,0.026,33,80.68,0.006,34
1786332018.750,walk vx=0.030 vy=0.000 w=0.00,1.85,0.0,33,18.37,0.006,34,80.86,0.013,34,-3.16,0.013,34,13.8,0.071,34,82.0,0.006,38,0.79,0.006,33,12.39,0.045,32,82.97,0.006,34,-0.35,0.019,30,17.49,0.033,34,78.75,0.0,36,1.85,0.019,30,5.1,0.0,32,93.6,0.006,31,-1.67,0.0,32,17.4,0.0,33,82.09,0.026,34
1786332019.181,walk vx=0.030 vy=0.000 w=0.00,-1.14,0.006,33,4.04,0.013,33,93.25,0.013,34,1.32,0.006,33,10.2,0.0,34,89.12,0.026,38,0.26,0.0,33,10.99,0.013,33,88.77,0.175,34,1.32,0.006,30,3.96,0.013,34,94.04,0.0,36,-3.78,0.006,30,16.44,0.104,32,79.37,0.013,31,0.88,0.006,32,4.31,0.019,33,94.31,0.013,34
1786332019.675,walk vx=0.030 vy=0.000 w=0.00,-0.18,0.006,33,16.0,0.019,33,82.88,0.006,34,0.7,0.006,33,10.02,0.117,34,84.81,0.0,38,-1.05,0.019,33,11.51,0.006,32,82.71,0.0,34,-1.76,0.019,30,16.7,0.0,34,78.31,0.0,36,1.32,0.033,30,15.47,0.117,32,80.24,0.006,31,0.35,0.013,32,14.77,0.0,33,84.29,0.006,40
1786332020.200,walk vx=0.030 vy=0.000 w=0.00,1.76,0.006,33,16.44,0.033,33,80.42,0.006,34,-2.99,0.006,33,10.11,0.0,34,84.73,0.0,38,1.58,0.013,33,15.38,0.0,32,79.72,0.006,34,-0.09,0.013,30,11.25,0.045,34,81.83,0.013,36,0.79,0.019,30,5.1,0.013,32,93.52,0.006,31,-1.58,0.006,32,17.4,0.026,33,80.42,0.013,34
1786332020.660,walk vx=0.030 vy=0.000 w=0.00,-0.97,0.0,33,3.52,0.019,33,93.96,0.013,34,2.37,0.013,33,14.94,0.0,34,83.41,0.169,38,-0.44,0.0,33,9.93,0.033,32,86.92,0.136,34,0.97,0.013,30,9.76,0.006,34,89.56,0.006,43,-3.6,0.013,30,15.56,0.214,32,79.89,0.0,31,1.23,0.006,32,4.13,0.0,33,95.27,0.013,34
1786332021.144,walk vx=0.030 vy=0.000 w=0.00,0.0,0.0,33,16.26,0.019,34,82.09,0.0,34,-0.18,0.013,33,11.34,0.195,34,86.75,0.013,38,-0.88,0.013,33,11.07,0.0,32,84.9,0.019,34,-1.58,0.006,30,16.44,0.065,34,81.47,0.0,36,2.81,0.013,30,8.88,0.026,32,87.28,0.006,31,-0.35,0.006,32,17.49,0.0,33,80.86,0.019,34
1786332021.597,walk vx=0.030 vy=0.000 w=0.00,0.7,0.006,33,14.85,0.071,34,82.97,0.019,34,-2.29,0.006,33,7.56,0.0,34,86.92,0.006,38,1.41,0.006,33,15.12,0.006,32,79.1,0.006,34,0.18,0.013,30,9.49,0.013,34,78.31,0.006,36,1.32,0.026,30,8.79,0.0,32,91.05,0.006,32,-1.49,0.0,32,17.49,0.006,33,81.39,0.0,34
1786332022.203,walk vx=0.030 vy=0.000 w=0.00,-0.79,0.0,33,7.03,0.013,33,91.23,0.013,34,1.32,0.006,33,16.26,0.006,34,84.2,0.234,38,0.26,0.006,33,14.59,0.013,32,82.09,0.058,34,1.58,0.0,30,10.63,0.006,34,95.36,0.006,36,-3.52,0.019,30,16.96,0.097,32,79.01,0.013,31,0.26,0.006,32,6.24,0.045,33,89.82,0.019,34
1786332022.725,walk vx=0.030 vy=0.000 w=0.00,-0.97,0.013,33,15.21,0.078,34,85.43,0.013,34,1.67,0.019,33,14.85,0.143,34,81.39,0.0,38,-1.67,0.006,33,6.68,0.006,32,89.21,0.0,34,-0.88,0.013,30,15.82,0.006,34,77.78,0.0,36,0.44,0.013,30,12.39,0.111,32,80.95,0.019,31,0.88,0.006,32,13.54,0.006,33,86.92,0.006,37
1786332023.232,walk vx=0.030 vy=0.000 w=0.00,1.49,0.0,33,18.02,0.006,33,80.42,0.0,34,-2.9,0.006,33,8.35,0.045,34,87.36,0.0,38,1.05,0.006,33,17.31,0.006,32,78.84,0.0,34,-0.35,0.0,30,8.0,0.013,34,80.07,0.006,36,1.41,0.013,30,5.89,0.0,32,93.78,0.006,31,-1.41,0.0,32,17.84,0.006,33,81.56,0.0,34
1786332023.761,walk vx=0.030 vy=0.000 w=0.00,0.09,0.006,33,8.53,0.026,33,89.91,0.033,34,-0.88,0.0,33,9.49,0.0,34,88.77,0.019,39,0.97,0.006,33,17.93,0.013,32,81.65,0.065,34,1.67,0.006,30,11.51,0.006,34,92.37,0.0,36,-2.99,0.026,30,17.31,0.006,32,79.89,0.013,31,-0.26,0.006,32,10.81,0.045,33,86.57,0.039,34
1786332024.270,walk vx=0.030 vy=0.000 w=0.00,-0.88,0.013,33,13.8,0.013,34,85.43,0.013,34,2.2,0.019,33,14.85,0.111,34,81.3,0.006,38,-1.67,0.006,33,5.27,0.006,32,86.13,0.0,34,-0.7,0.013,30,13.45,0.026,34,77.61,0.019,36,-0.18,0.006,30,14.33,0.143,34,81.12,0.013,31,0.97,0.006,32,12.22,0.013,33,87.45,0.0,34
1786332024.732,walk vx=0.030 vy=0.000 w=0.00,1.49,0.0,33,17.84,0.0,34,80.16,0.0,34,-2.9,0.006,33,9.05,0.013,34,85.25,0.006,38,1.23,0.019,33,17.31,0.006,32,79.37,0.006,34,-0.26,0.006,30,10.2,0.058,34,78.93,0.006,36,1.67,0.013,30,6.59,0.0,32,92.64,0.013,32,-1.67,0.0,32,17.67,0.026,33,80.68,0.006,34
1786332025.194,walk vx=0.030 vy=0.000 w=0.00,-1.32,0.033,33,6.15,0.013,34,92.2,0.019,34,1.67,0.0,33,14.77,0.0,34,85.78,0.169,38,1.41,0.006,33,17.93,0.006,32,79.45,0.045,34,1.58,0.013,30,8.61,0.013,34,91.67,0.013,36,-2.55,0.039,30,15.12,0.0,32,80.77,0.013,31,-0.35,0.026,32,13.18,0.084,33,82.79,0.026,34
1786332025.804,walk vx=0.030 vy=0.000 w=0.00,-1.76,0.0,33,10.55,0.019,34,88.51,0.013,34,2.55,0.006,33,16.88,0.0,34,79.54,0.0,38,-0.88,0.0,33,10.63,0.033,32,87.01,0.039,34,0.09,0.006,30,13.89,0.052,34,80.33,0.026,40,-1.93,0.006,30,15.64,0.104,32,78.84,0.026,31,1.41,0.0,32,8.79,0.006,33,93.52,0.006,34
1786332026.337,walk vx=0.030 vy=0.000 w=0.00,0.79,0.013,33,17.49,0.006,34,81.65,0.006,34,-1.93,0.026,33,6.77,0.033,34,82.88,0.0,38,-0.09,0.013,33,9.84,0.0,32,84.2,0.006,46,-1.49,0.006,30,15.29,0.071,34,77.7,0.0,36,3.43,0.0,30,6.68,0.006,32,94.13,0.006,32,-0.79,0.006,32,17.23,0.013,33,81.47,0.006,34
1786332026.798,walk vx=0.030 vy=0.000 w=0.00,0.0,0.006,33,11.25,0.019,34,88.15,0.033,34,-1.32,0.0,33,13.27,0.0,34,90.53,0.104,42,1.32,0.0,33,17.49,0.013,32,79.98,0.052,34,1.58,0.013,30,9.49,0.006,34,91.23,0.013,36,-1.67,0.019,30,14.41,0.0,32,81.83,0.045,32,-0.09,0.013,32,16.08,0.052,33,80.86,0.013,34
1786332027.349,walk vx=0.030 vy=0.000 w=0.00,-1.41,0.013,33,8.0,0.019,34,90.97,0.0,34,2.55,0.019,33,16.79,0.0,34,79.1,0.013,38,-1.23,0.0,34,3.6,0.006,32,94.83,0.033,35,0.26,0.006,30,10.02,0.006,34,83.06,0.019,36,-1.76,0.026,31,11.25,0.247,32,82.35,0.0,31,1.49,0.0,32,5.27,0.006,33,91.23,0.0,34
1786332027.838,walk vx=0.030 vy=0.000 w=0.00,0.44,0.006,33,16.0,0.221,34,81.83,0.019,35,-1.32,0.026,33,9.32,0.065,34,79.72,0.0,38,-0.35,0.019,34,15.56,0.0,32,86.92,0.0,34,-1.49,0.0,30,16.26,0.019,34,77.7,0.006,36,2.72,0.006,30,14.5,0.175,32,82.35,0.006,31,-0.35,0.013,32,17.4,0.0,33,82.97,0.026,34
1786332028.361,walk vx=0.030 vy=0.000 w=0.00,0.7,0.013,33,18.02,0.006,34,79.63,0.006,34,-1.76,0.026,33,10.63,0.006,34,93.96,0.039,38,1.41,0.0,33,16.96,0.006,32,78.84,0.006,34,0.88,0.013,30,12.04,0.026,34,89.47,0.026,36,-0.44,0.019,30,8.88,0.0,32,90.26,0.006,32,-0.97,0.019,32,15.82,0.052,33,80.68,0.026,34
1786332028.854,walk vx=0.030 vy=0.000 w=0.00,-2.02,0.026,33,4.31,0.006,34,95.36,0.0,34,2.81,0.013,33,11.87,0.0,34,80.42,0.039,38,-0.62,0.006,33,11.51,0.033,32,87.63,0.156,34,0.79,0.006,30,4.75,0.013,34,85.34,0.0,36,-3.6,0.006,30,17.14,0.065,32,79.98,0.006,31,0.62,0.006,32,3.69,0.0,33,96.42,0.026,34
1786332029.423,walk vx=0.030 vy=0.000 w=0.00,-0.09,0.013,33,17.58,0.006,34,81.74,0.0,34,0.0,0.013,33,9.93,0.026,34,78.84,0.006,38,-1.23,0.006,33,10.2,0.006,32,83.85,0.0,34,-1.23,0.006,30,16.7,0.033,34,77.52,0.039,36,1.41,0.0,30,10.28,0.033,32,79.98,0.0,31,0.35,0.013,32,17.31,0.0,33,81.21,0.039,34
1786332029.918,walk vx=0.030 vy=0.000 w=0.00,1.32,0.026,33,18.02,0.0,34,80.42,0.0,34,-3.25,0.0,33,11.78,0.026,34,94.39,0.013,38,1.41,0.013,33,16.7,0.006,32,82.27,0.045,34,0.09,0.006,30,16.08,0.039,34,83.32,0.019,36,0.97,0.019,30,10.2,0.0,32,93.87,0.026,32,-1.58,0.0,32,17.93,0.0,33,80.51,0.013,34
1786332030.391,walk vx=0.030 vy=0.000 w=0.00,-1.23,0.006,33,4.39,0.0,34,91.49,0.013,34,2.29,0.013,33,13.27,0.0,34,78.93,0.026,38,-0.35,0.006,34,11.34,0.026,32,93.96,0.169,34,0.88,0.0,30,5.62,0.019,34,87.45,0.006,36,-3.52,0.006,30,17.4,0.0,32,79.1,0.006,31,0.53,0.006,32,5.36,0.026,33,93.78,0.019,34
1786332030.942,walk vx=0.030 vy=0.000 w=0.00,-0.26,0.006,33,16.79,0.0,34,84.64,0.013,34,0.88,0.013,34,11.6,0.104,34,79.89,0.013,38,-1.32,0.006,33,8.79,0.006,32,81.12,0.006,34,-1.14,0.006,30,16.52,0.052,34,77.52,0.045,36,0.97,0.013,31,9.05,0.045,53,81.56,0.006,31,0.53,0.006,32,15.29,0.006,33,83.23,0.019,34
1786332031.426,walk vx=0.030 vy=0.000 w=0.00,1.41,0.026,47,18.54,0.0,34,81.12,0.026,34,-3.16,0.0,33,10.55,0.013,34,92.55,0.019,38,1.41,0.013,34,16.08,0.006,32,80.51,0.045,34,0.09,0.0,30,14.94,0.058,34,86.48,0.026,36,0.97,0.013,30,11.25,0.0,32,92.29,0.013,32,-1.58,0.0,32,17.93,0.013,33,80.24,0.006,34
1786332031.900,walk vx=0.030 vy=0.000 w=0.00,-1.49,0.013,33,3.87,0.0,33,91.05,0.013,34,2.2,0.019,33,14.24,0.0,34,79.1,0.026,38,-0.62,0.013,37,12.04,0.019,32,89.21,0.24,34,0.88,0.0,30,4.83,0.013,34,85.08,0.006,36,-3.78,0.013,30,17.31,0.039,32,80.68,0.013,31,0.88,0.013,32,5.1,0.006,33,93.69,0.013,34
1786332032.388,walk vx=0.030 vy=0.000 w=0.00,0.0,0.006,33,18.11,0.006,34,82.71,0.0,34,-0.26,0.006,33,9.67,0.149,34,84.2,0.0,38,-0.7,0.006,33,10.11,0.0,32,84.64,0.0,34,-1.49,0.0,30,16.7,0.058,34,77.52,0.006,36,1.76,0.013,30,9.76,0.026,32,80.16,0.006,31,0.44,0.013,32,15.82,0.006,33,84.02,0.006,34
1786332032.925,walk vx=0.030 vy=0.000 w=0.00,1.58,0.006,33,18.28,0.0,34,81.65,0.019,34,-2.9,0.006,33,8.26,0.0,34,90.62,0.026,38,1.32,0.013,33,16.88,0.006,32,79.63,0.026,34,0.18,0.006,30,10.11,0.013,34,81.91,0.006,36,0.53,0.026,43,11.16,0.0,32,92.11,0.033,32,-1.14,0.026,32,17.75,0.019,33,80.6,0.006,34
1786332033.387,walk vx=0.030 vy=0.000 w=0.00,-1.14,0.019,33,3.78,0.006,34,90.44,0.006,34,2.64,0.013,33,16.35,0.0,34,79.19,0.019,38,-0.26,0.006,33,9.23,0.013,32,92.11,0.045,34,1.05,0.019,30,10.28,0.019,34,90.18,0.006,36,-3.34,0.006,30,17.4,0.071,32,79.8,0.0,32,0.97,0.0,32,4.04,0.006,33,90.44,0.013,34
1786332033.895,walk vx=0.030 vy=0.000 w=0.00,0.09,0.0,33,17.84,0.013,34,83.41,0.0,34,0.09,0.006,33,10.55,0.071,34,79.54,0.0,38,-0.88,0.013,33,11.25,0.0,32,84.2,0.006,34,-1.32,0.006,30,17.4,0.013,34,78.75,0.0,36,2.29,0.006,30,8.26,0.071,32,88.24,0.013,31,-0.18,0.013,32,17.23,0.0,33,84.46,0.0,34
1786332034.476,walk vx=0.030 vy=0.000 w=0.00,1.76,0.0,33,17.84,0.013,34,80.6,0.0,34,-2.64,0.0,33,8.17,0.045,34,94.48,0.013,38,0.53,0.006,34,11.87,0.019,32,83.76,0.026,34,-0.53,0.026,30,15.73,0.052,34,79.37,0.045,36,2.64,0.0,30,8.88,0.0,32,89.82,0.006,32,-1.58,0.006,32,17.05,0.013,33,80.86,0.0,34
1786332034.989,walk vx=0.030 vy=0.000 w=0.00,-0.35,0.006,33,9.93,0.013,34,87.89,0.033,34,0.7,0.013,33,13.8,0.0,34,80.24,0.026,38,0.53,0.013,33,13.36,0.006,32,86.22,0.214,34,1.67,0.0,30,6.42,0.0,34,92.11,0.0,36,-4.04,0.019,30,17.23,0.006,32,79.1,0.019,32,0.53,0.0,32,5.71,0.039,33,91.41,0.026,34
1786332035.446,walk vx=0.030 vy=0.000 w=0.00,-0.44,0.006,33,14.59,0.071,33,86.66,0.0,34,0.53,0.026,33,13.18,0.123,34,79.19,0.0,38,-1.41,0.006,33,9.58,0.013,32,84.64,0.0,34,-1.05,0.006,30,17.14,0.0,34,77.87,0.006,36,0.88,0.013,30,10.72,0.111,32,84.2,0.019,31,0.53,0.013,32,14.33,0.0,33,85.17,0.006,34
1786332035.951,walk vx=0.030 vy=0.000 w=0.00,1.85,0.006,33,16.96,0.019,34,80.68,0.019,34,-3.16,0.0,33,9.58,0.019,34,94.13,0.019,38,1.32,0.013,33,15.82,0.033,32,79.45,0.019,45,-0.79,0.006,30,15.12,0.065,34,77.7,0.006,36,2.81,0.006,30,6.68,0.0,32,92.46,0.006,32,-0.88,0.0,32,17.49,0.0,33,82.09,0.013,34
1786332036.530,walk vx=0.030 vy=0.000 w=0.00,0.0,0.013,33,8.09,0.019,34,88.59,0.026,34,-0.88,0.006,33,7.82,0.0,34,82.62,0.006,38,1.14,0.006,33,17.14,0.013,32,86.04,0.078,34,1.58,0.006,30,8.26,0.006,34,92.64,0.013,36,-1.93,0.026,30,16.61,0.0,32,79.8,0.006,32,-0.18,0.019,32,10.72,0.039,33,87.01,0.039,34
1786332037.012,walk vx=0.030 vy=0.000 w=0.00,-1.32,0.006,33,14.59,0.019,34,86.22,0.013,34,2.46,0.006,33,14.59,0.084,34,78.84,0.084,38,-1.49,0.0,33,9.14,0.026,32,84.81,0.052,34,-0.79,0.006,30,16.61,0.013,34,77.43,0.006,36,0.44,0.019,30,14.33,0.163,32,83.23,0.026,32,0.7,0.013,32,12.04,0.006,33,87.71,0.006,34
1786332037.459,walk vx=0.030 vy=0.000 w=0.00,1.76,0.006,33,17.4,0.026,34,79.98,0.0,34,-3.16,0.0,33,10.63,0.045,34,94.13,0.013,38,1.05,0.019,33,13.89,0.026,32,83.85,0.052,34,-0.44,0.0,30,11.16,0.039,34,81.56,0.039,36,1.58,0.013,30,5.54,0.006,32,89.56,0.006,32,-1.58,0.006,32,17.23,0.039,33,81.21,0.039,34
1786332037.945,walk vx=0.030 vy=0.000 w=0.00,-0.88,0.0,33,9.05,0.013,34,92.2,0.026,34,-0.79,0.0,33,6.77,0.0,34,83.76,0.019,38,1.23,0.0,33,17.05,0.006,32,84.38,0.156,34,1.58,0.013,30,6.33,0.0,34,94.04,0.0,36,-1.41,0.013,30,17.05,0.0,32,82.97,0.039,31,-0.53,0.013,32,8.96,0.045,33,88.59,0.163,34
1786332038.567,walk vx=0.030 vy=0.000 w=0.00,-1.76,0.0,33,8.96,0.013,34,86.57,0.0,34,2.9,0.0,33,15.56,0.104,34,79.72,0.091,38,-1.49,0.013,36,10.63,0.013,32,82.35,0.058,34,-0.18,0.006,30,17.05,0.013,34,81.83,0.019,36,-0.97,0.033,30,15.64,0.104,32,84.64,0.013,32,1.14,0.019,32,13.71,0.006,33,86.57,0.013,34
1786332039.015,walk vx=0.030 vy=0.000 w=0.00,1.58,0.006,33,17.67,0.006,34,81.47,0.013,34,-2.72,0.006,33,9.14,0.039,34,93.78,0.039,38,0.53,0.006,34,12.66,0.026,32,84.73,0.026,34,-0.62,0.006,30,14.77,0.039,34,78.93,0.013,36,2.29,0.013,30,7.12,0.0,32,86.31,0.006,31,-1.67,0.0,32,17.58,0.0,33,80.6,0.006,34
1786332039.470,walk vx=0.030 vy=0.000 w=0.00,-0.26,0.0,33,7.47,0.013,34,94.57,0.019,34,0.97,0.006,33,14.5,0.0,34,79.98,0.045,38,0.35,0.0,34,15.64,0.006,32,87.98,0.227,34,1.58,0.0,30,6.15,0.006,34,93.16,0.006,36,-3.34,0.019,30,16.61,0.0,32,84.11,0.13,32,0.09,0.0,32,6.86,0.039,33,85.87,0.058,34
1786332039.996,walk vx=0.030 vy=0.000 w=0.00,-0.88,0.006,33,13.8,0.019,34,84.11,0.033,34,2.46,0.013,33,16.26,0.084,34,78.84,0.084,38,-1.85,0.019,33,5.71,0.026,32,84.46,0.013,34,-0.79,0.013,30,16.61,0.0,34,77.08,0.071,36,-0.53,0.013,30,11.43,0.149,32,85.52,0.039,32,1.23,0.006,32,13.1,0.026,33,90.09,0.006,34
1786332040.513,walk vx=0.030 vy=0.000 w=0.00,1.23,0.0,33,17.75,0.006,34,82.53,0.019,34,-1.67,0.006,33,5.19,0.117,34,92.11,0.026,38,0.0,0.013,33,13.8,0.006,32,86.31,0.033,34,-1.32,0.013,30,16.35,0.058,34,78.13,0.019,36,3.52,0.013,30,10.46,0.033,32,86.4,0.033,32,-0.7,0.006,32,17.23,0.006,33,81.39,0.033,34
1786332041.052,walk vx=0.030 vy=0.000 w=0.00,-0.09,0.013,33,10.46,0.019,34,91.76,0.019,34,-1.05,0.0,33,13.89,0.0,34,82.53,0.0,38,1.14,0.006,33,18.37,0.013,32,85.08,0.149,34,1.58,0.006,30,6.33,0.006,34,95.71,0.013,36,-1.58,0.013,30,12.83,0.0,32,85.52,0.052,32,-0.26,0.006,32,13.71,0.033,33,83.67,0.136,34
1786332041.543,walk vx=0.030 vy=0.000 w=0.00,-1.32,0.0,33,11.51,0.006,34,85.52,0.0,34,3.25,0.006,33,16.7,0.0,34,82.27,0.052,38,-1.14,0.006,33,9.93,0.019,150,80.24,0.019,34,0.53,0.006,30,14.24,0.013,34,79.54,0.013,36,-2.11,0.013,30,14.41,0.175,32,80.95,0.0,32,1.67,0.006,32,6.5,0.006,33,92.64,0.006,34
1786332042.083,walk vx=0.030 vy=0.000 w=0.00,0.53,0.006,33,17.4,0.006,34,85.61,0.033,34,-1.14,0.0,35,7.73,0.149,34,88.07,0.033,38,-0.7,0.006,33,9.93,0.006,32,90.7,0.026,34,-1.32,0.006,30,16.26,0.071,35,77.78,0.026,36,3.08,0.006,30,8.17,0.006,32,90.79,0.0,32,-0.62,0.0,32,17.58,0.006,33,81.39,0.006,34
1786332042.559,walk vx=0.030 vy=0.000 w=0.00,0.26,0.0,33,13.01,0.006,34,89.21,0.039,34,-1.23,0.006,33,12.22,0.0,34,84.29,0.045,38,1.05,0.013,33,17.84,0.0,32,84.11,0.136,34,1.76,0.013,30,7.47,0.0,34,93.16,0.013,36,-2.11,0.019,31,16.96,0.0,32,79.54,0.006,32,-0.18,0.0,32,15.29,0.045,33,86.31,0.104,34
1786332043.027,walk vx=0.030 vy=0.000 w=0.00,-1.41,0.006,33,10.28,0.052,34,86.57,0.006,35,2.55,0.006,33,16.26,0.084,34,79.19,0.052,38,-1.49,0.006,33,4.66,0.006,32,83.5,0.006,34,-0.44,0.006,30,16.08,0.006,34,77.78,0.019,36,-0.62,0.013,30,13.89,0.149,32,80.42,0.006,32,1.67,0.006,32,6.06,0.0,33,90.44,0.006,34
1786332043.597,walk vx=0.030 vy=0.000 w=0.00,1.14,0.006,33,16.79,0.006,34,82.79,0.006,34,-1.14,0.013,33,7.56,0.117,34,87.63,0.039,38,-0.44,0.026,33,12.3,0.0,32,87.1,0.033,34,-1.49,0.006,30,15.82,0.078,34,77.43,0.013,36,2.81,0.013,30,7.82,0.065,32,91.14,0.026,32,-0.09,0.006,32,16.35,0.013,33,83.32,0.033,34
1786332044.107,walk vx=0.030 vy=0.000 w=0.00,0.53,0.019,33,13.89,0.006,38,83.67,0.006,34,-2.11,0.013,33,11.34,0.0,34,86.75,0.006,38,1.41,0.0,33,17.05,0.006,32,80.86,0.104,34,0.7,0.006,30,12.3,0.039,34,88.33,0.019,36,-0.18,0.019,30,12.57,0.0,32,83.06,0.026,32,-1.32,0.006,32,17.14,0.026,33,81.74,0.091,34
1786332044.617,walk vx=0.030 vy=0.000 w=0.00,-1.67,0.019,33,8.7,0.013,34,89.91,0.0,34,2.72,0.013,33,16.79,0.0,34,79.8,0.013,38,-0.7,0.006,33,6.94,0.019,32,82.44,0.033,34,0.53,0.013,30,8.09,0.013,34,83.5,0.019,36,-2.37,0.013,30,16.44,0.156,32,79.1,0.006,32,1.32,0.006,32,5.62,0.006,33,93.78,0.006,34
1786332045.096,walk vx=0.030 vy=0.000 w=0.00,0.62,0.013,33,17.67,0.006,34,82.62,0.019,34,-0.97,0.006,33,7.38,0.071,34,79.98,0.019,38,-0.7,0.013,33,8.7,0.0,32,91.85,0.013,34,-1.23,0.0,30,16.61,0.039,34,77.52,0.006,36,2.11,0.019,30,8.96,0.052,32,90.97,0.026,32,0.26,0.006,32,16.44,0.013,34,82.44,0.006,34
1786332045.652,walk vx=0.030 vy=0.000 w=0.00,1.58,0.0,33,12.39,0.052,34,82.97,0.019,34,-2.72,0.006,34,10.99,0.006,34,91.49,0.033,38,1.76,0.019,33,18.02,0.0,32,81.3,0.065,34,0.62,0.019,30,8.7,0.013,34,85.69,0.006,36,-0.18,0.019,30,13.27,0.0,32,81.3,0.026,32,-0.79,0.006,32,17.58,0.033,34,80.24,0.006,34
1786332046.111,walk vx=0.030 vy=0.000 w=0.00,-1.67,0.006,33,12.74,0.006,34,89.74,0.0,34,2.99,0.019,33,15.91,0.0,35,79.28,0.0,38,-0.79,0.006,33,11.6,0.006,32,82.09,0.111,34,0.18,0.013,30,13.1,0.019,34,84.64,0.006,37,-2.46,0.0,30,17.05,0.084,32,79.1,0.026,39,1.67,0.013,32,3.6,0.0,33,96.42,0.026,34
1786332046.594,walk vx=0.030 vy=0.000 w=0.00,0.7,0.006,33,13.71,0.013,34,83.23,0.0,34,-0.62,0.019,33,7.12,0.104,34,79.72,0.0,38,-0.62,0.013,33,7.12,0.0,32,91.93,0.006,34,-1.49,0.006,30,14.68,0.117,34,77.7,0.006,36,2.9,0.019,30,4.75,0.026,32,93.16,0.013,32,0.09,0.013,32,15.73,0.006,34,84.29,0.033,34
1786332047.189,walk vx=0.030 vy=0.000 w=0.00,1.14,0.006,33,15.82,0.019,34,80.68,0.019,34,-2.64,0.0,33,7.47,0.0,34,95.98,0.006,38,1.49,0.019,33,18.02,0.0,32,80.42,0.033,34,0.18,0.013,30,7.03,0.019,34,92.72,0.019,36,-0.09,0.039,31,13.8,0.0,32,84.29,0.019,32,-1.58,0.013,32,12.92,0.091,33,85.43,0.039,34
1786332047.639,walk vx=0.030 vy=0.000 w=0.00,-1.23,0.0,33,9.49,0.0,34,88.77,0.006,34,2.9,0.019,33,16.0,0.078,35,79.19,0.0,38,-0.7,0.006,33,11.87,0.019,32,80.68,0.026,34,0.44,0.013,30,15.82,0.013,34,86.92,0.0,36,-2.46,0.019,30,16.7,0.123,32,79.63,0.013,32,1.41,0.0,32,12.04,0.019,33,86.22,0.006,34
1786332048.100,walk vx=0.030 vy=0.000 w=0.00,0.62,0.0,33,17.4,0.013,34,83.14,0.026,34,-0.7,0.013,33,13.62,0.13,34,79.72,0.006,38,-0.7,0.006,33,8.96,0.006,32,90.35,0.019,34,-1.41,0.013,30,16.88,0.0,34,77.61,0.026,36,2.72,0.013,30,8.53,0.071,32,90.26,0.026,32,-0.26,0.019,32,13.97,0.019,34,87.98,0.013,34
1786332048.622,walk vx=0.030 vy=0.000 w=0.00,1.05,0.006,33,13.36,0.058,34,82.71,0.019,34,-1.76,0.019,33,4.22,0.0,35,94.48,0.013,38,1.93,0.013,33,17.93,0.0,32,79.72,0.006,34,0.09,0.013,30,8.26,0.052,34,89.38,0.104,36,1.23,0.019,30,6.94,0.013,32,89.03,0.006,32,-1.58,0.0,32,17.49,0.033,34,81.65,0.065,34
1786332049.214,walk vx=0.030 vy=0.000 w=0.00,-1.05,0.0,33,7.47,0.006,34,94.48,0.013,34,1.58,0.006,33,16.88,0.0,34,79.8,0.019,150,0.35,0.006,33,10.81,0.019,32,79.63,0.039,34,1.58,0.006,30,12.3,0.019,34,83.06,0.0,36,-3.43,0.006,30,15.73,0.234,32,78.75,0.019,32,0.44,0.0,32,11.78,0.039,33,84.99,0.078,34
1786332049.718,walk vx=0.030 vy=0.000 w=0.00,-0.79,0.006,33,16.52,0.033,34,82.0,0.006,34,1.23,0.013,33,15.64,0.091,34,79.45,0.0,38,-1.58,0.0,33,12.22,0.0,32,91.05,0.013,34,-1.49,0.006,30,16.17,0.0,34,80.77,0.091,36,1.23,0.013,30,15.64,0.24,32,84.55,0.026,32,0.26,0.013,32,11.16,0.045,33,91.14,0.006,34
1786332050.189,walk vx=0.030 vy=0.000 w=0.00,1.58,0.006,33,17.75,0.019,34,80.77,0.006,34,-3.08,0.0,33,4.66,0.006,34,94.48,0.006,38,1.23,0.019,33,13.27,0.013,32,78.57,0.013,34,-0.26,0.006,30,9.84,0.026,34,90.18,0.045,36,1.49,0.013,30,5.36,0.0,32,90.88,0.0,32,-1.67,0.0,32,17.67,0.019,33,81.56,0.033,34
1786332050.764,walk vx=0.030 vy=0.000 w=0.00,-0.88,0.019,33,6.5,0.013,34,91.32,0.045,34,0.44,0.026,33,14.77,0.0,34,81.56,0.006,38,0.79,0.006,40,15.47,0.006,32,79.54,0.058,34,1.58,0.0,30,9.93,0.0,34,83.5,0.006,36,-2.81,0.026,30,17.23,0.026,32,79.72,0.026,32,-0.09,0.0,32,12.83,0.039,33,86.22,0.104,34
1786332051.245,walk vx=0.030 vy=0.000 w=0.00,-0.97,0.006,33,15.21,0.026,34,84.81,0.006,34,2.11,0.013,33,15.29,0.175,34,79.19,0.039,67,-1.76,0.006,33,9.49,0.013,32,93.43,0.006,34,-0.62,0.006,30,14.59,0.0,34,82.79,0.071,36,0.44,0.026,30,14.77,0.195,32,81.39,0.0,32,0.79,0.019,32,8.96,0.019,33,88.77,0.0,34
1786332051.715,walk vx=0.030 vy=0.000 w=0.00,1.49,0.006,33,18.02,0.0,34,80.86,0.0,34,-2.9,0.019,33,7.65,0.039,34,95.19,0.006,38,0.97,0.019,33,14.06,0.019,32,79.98,0.013,34,-0.44,0.013,30,8.26,0.052,34,87.71,0.039,36,2.2,0.006,30,5.19,0.0,32,93.25,0.006,32,-1.58,0.0,32,17.31,0.045,33,80.42,0.006,34
1786332052.214,walk vx=0.030 vy=0.000 w=0.00,-0.97,0.019,33,6.33,0.019,43,93.69,0.013,34,1.76,0.019,33,14.5,0.0,34,79.72,0.013,38,0.53,0.0,33,13.97,0.033,32,78.4,0.026,34,1.67,0.006,30,10.28,0.0,34,85.87,0.006,36,-1.85,0.006,30,15.03,0.0,32,80.33,0.006,32,-0.88,0.006,32,12.22,0.045,34,85.87,0.058,34
1786332052.807,walk vx=0.030 vy=0.000 w=0.00,-1.32,0.0,33,11.07,0.013,34,86.31,0.013,34,2.99,0.0,33,15.82,0.156,34,79.28,0.052,38,-1.41,0.006,33,10.63,0.019,32,95.19,0.026,34,-0.09,0.0,30,13.45,0.019,34,81.12,0.039,36,-0.53,0.13,30,15.56,0.26,32,78.84,0.019,32,1.23,0.013,32,11.43,0.013,34,88.07,0.006,34
1786332053.294,walk vx=0.030 vy=0.000 w=0.00,1.49,0.013,33,18.11,0.006,34,80.77,0.006,34,-2.72,0.013,33,8.61,0.065,34,91.41,0.013,38,0.26,0.013,33,11.25,0.019,32,78.84,0.0,34,-0.97,0.0,30,13.18,0.045,34,79.98,0.0,36,3.08,0.006,30,5.01,0.013,32,94.75,0.006,32,-1.67,0.006,32,17.93,0.013,33,81.56,0.0,34
1786332053.733,walk vx=0.000 vy=0.000 w=0.00,-1.76,0.013,33,8.96,0.013,34,88.51,0.026,35,3.08,0.006,33,15.56,0.0,34,81.12,0.006,38,-1.76,0.0,33,11.69,0.019,32,80.95,0.006,34,-1.67,0.0,30,15.21,0.0,34,80.95,0.013,36,3.6,0.0,30,16.44,0.097,32,80.51,0.019,32,-1.76,0.0,32,16.17,0.0,34,83.94,0.0,34
1786332054.170,walk vx=0.000 vy=0.000 w=0.00,-1.67,0.0,33,18.11,0.006,34,77.78,0.006,34,3.16,0.006,33,15.12,0.006,35,82.79,0.006,38,-1.67,0.0,33,18.46,0.019,32,80.16,0.006,34,-1.58,0.0,30,15.47,0.006,34,81.04,0.006,36,3.6,0.0,30,17.23,0.143,32,79.37,0.013,32,-1.85,0.0,32,16.17,0.0,34,83.94,0.0,34
1786332054.647,walk vx=0.000 vy=0.000 w=0.00,-1.67,0.0,33,18.11,0.006,34,77.78,0.006,34,3.16,0.006,33,15.12,0.006,34,82.71,0.0,38,-1.67,0.0,33,18.46,0.019,32,80.16,0.006,34,-1.58,0.0,30,15.47,0.0,34,81.04,0.006,36,3.6,0.0,30,17.23,0.117,32,79.37,0.013,32,-1.85,0.0,32,16.17,0.006,33,83.94,0.006,34
1786332055.091,walk vx=0.000 vy=0.000 w=0.00,-1.67,0.0,33,18.11,0.006,34,77.78,0.0,34,3.16,0.006,33,15.12,0.006,35,82.71,0.0,38,-1.67,0.0,33,18.46,0.019,32,80.16,0.006,34,-1.58,0.0,30,15.47,0.0,34,81.04,0.006,36,3.6,0.0,30,17.23,0.143,32,79.37,0.013,32,-1.85,0.0,32,16.17,0.0,34,83.94,0.0,34
1786332055.525,walk vx=0.000 vy=0.000 w=0.00,-1.67,0.0,33,18.11,0.0,34,77.78,0.0,34,3.16,0.006,33,15.12,0.006,34,82.71,0.0,38,-1.67,0.0,33,18.46,0.019,32,80.16,0.006,34,-1.58,0.0,30,15.47,0.0,34,81.04,0.006,36,3.6,0.0,30,17.23,0.091,32,79.37,0.019,32,-1.85,0.0,32,16.17,0.0,33,83.94,0.0,34
1786332055.996,walk vx=0.000 vy=0.000 w=0.00,-1.67,0.0,33,18.11,0.006,34,77.78,0.006,34,3.16,0.006,33,15.12,0.006,34,82.71,0.0,38,-1.67,0.0,33,18.46,0.026,32,80.16,0.006,34,-1.58,0.0,30,15.47,0.006,34,81.04,0.006,36,3.6,0.0,30,17.23,0.104,32,79.37,0.019,32,-1.85,0.0,32,16.17,0.0,34,83.94,0.006,34
1786332056.459,walk vx=0.000 vy=0.000 w=0.00,-1.67,0.0,33,18.11,0.006,34,77.78,0.006,34,3.16,0.006,33,15.12,0.006,34,82.71,0.0,38,-1.67,0.0,33,18.46,0.026,32,80.16,0.006,34,-1.58,0.0,30,15.47,0.006,34,81.04,0.0,36,3.6,0.0,30,17.23,0.104,32,79.37,0.013,32,-1.85,0.0,32,16.17,0.0,34,83.94,0.0,34
1786332056.861,walk vx=0.000 vy=0.000 w=0.00,-1.67,0.0,33,18.11,0.0,34,77.78,0.006,34,3.16,0.006,33,15.12,0.006,34,82.71,0.0,38,-1.67,0.0,34,18.46,0.026,32,80.16,0.006,34,-1.58,0.0,30,15.47,0.0,34,81.04,0.006,36,3.6,0.0,30,17.23,0.097,32,79.37,0.013,32,-1.85,0.0,32,16.17,0.006,34,83.94,0.006,34
1786332057.274,walk vx=0.000 vy=0.000 w=0.00,-1.67,0.0,33,18.11,0.0,34,77.78,0.0,34,3.16,0.006,33,15.12,0.013,35,82.71,0.0,38,-1.67,0.0,33,18.46,0.026,32,80.16,0.006,34,-1.58,0.0,30,15.47,0.0,34,81.04,0.006,36,3.6,0.0,30,17.23,0.143,32,79.37,0.013,32,-1.85,0.0,32,16.17,0.0,34,83.94,0.006,34
1786332057.659,walk vx=0.000 vy=0.000 w=0.00,-1.67,0.0,33,18.11,0.0,34,77.78,0.0,34,3.16,0.006,33,15.12,0.006,34,82.71,0.0,38,-1.67,0.0,33,18.46,0.019,32,80.16,0.006,34,-1.58,0.0,30,15.47,0.0,34,81.04,0.006,36,3.6,0.0,30,17.23,0.13,32,79.37,0.019,32,-1.85,0.0,32,16.17,0.0,33,83.94,0.0,34
1786332058.166,walk vx=0.000 vy=0.000 w=0.00,-1.67,0.0,33,18.11,0.0,34,77.78,0.0,34,3.16,0.006,33,15.12,0.006,34,82.71,0.0,38,-1.67,0.006,34,18.46,0.019,32,80.16,0.006,34,-1.58,0.0,30,15.47,0.006,34,81.04,0.013,36,3.6,0.0,30,17.23,0.143,32,79.37,0.013,32,-1.85,0.0,32,16.17,0.0,34,83.94,0.0,34
1786332058.603,walk vx=0.000 vy=0.000 w=0.00,-1.67,0.0,33,18.11,0.0,34,77.78,0.0,34,3.16,0.006,33,15.12,0.006,34,82.71,0.0,38,-1.67,0.0,33,18.46,0.026,32,80.16,0.006,34,-1.58,0.0,30,15.47,0.006,34,81.04,0.013,36,3.6,0.0,30,17.23,0.136,32,79.37,0.019,32,-1.85,0.0,32,16.17,0.0,34,83.94,0.0,34
1786332058.988,walk vx=0.000 vy=0.000 w=0.00,-1.67,0.0,33,18.11,0.0,34,77.78,0.0,34,3.16,0.006,33,15.12,0.006,34,82.71,0.0,38,-1.67,0.006,33,18.46,0.019,32,80.16,0.006,34,-1.58,0.0,30,15.47,0.006,34,81.04,0.006,36,3.6,0.0,30,17.23,0.104,32,79.37,0.013,32,-1.85,0.0,32,16.17,0.0,33,83.94,0.006,34
1786332059.390,walk vx=0.000 vy=0.000 w=0.00,-1.67,0.0,33,18.11,0.0,34,77.78,0.0,34,3.16,0.006,33,15.12,0.006,35,82.71,0.0,38,-1.67,0.0,33,18.46,0.019,32,80.16,0.006,34,-1.58,0.0,30,15.47,0.006,34,81.04,0.0,36,3.6,0.0,30,17.23,0.136,32,79.37,0.013,32,-1.85,0.0,32,16.17,0.006,33,83.94,0.006,34
1786332059.849,walk vx=0.000 vy=0.000 w=0.00,-1.67,0.0,33,18.11,0.0,34,77.78,0.0,34,3.16,0.006,33,15.12,0.006,34,82.71,0.0,38,-1.67,0.006,34,18.46,0.026,33,80.16,0.006,34,-1.58,0.0,30,15.47,0.006,34,81.04,0.006,36,3.6,0.0,30,17.23,0.123,32,79.37,0.013,32,-1.85,0.0,32,16.17,0.0,34,83.94,0.006,34
1786332060.229,walk vx=0.000 vy=0.000 w=0.00,-1.67,0.0,33,18.11,0.0,34,77.78,0.0,34,3.16,0.006,33,15.12,0.006,34,82.71,0.0,38,-1.67,0.0,34,18.46,0.026,32,80.16,0.006,34,-1.58,0.0,30,15.47,0.006,34,81.04,0.006,36,3.6,0.0,30,17.23,0.104,32,79.37,0.013,32,-1.85,0.0,32,16.17,0.006,33,83.94,0.006,34
1786332060.643,walk vx=0.000 vy=0.000 w=0.00,-1.67,0.0,33,18.11,0.0,34,77.78,0.0,34,3.16,0.006,33,15.12,0.006,34,82.71,0.0,38,-1.67,0.006,34,18.46,0.019,32,80.16,0.006,34,-1.58,0.0,30,15.47,0.0,34,81.04,0.006,36,3.6,0.0,30,17.23,0.117,32,79.37,0.013,32,-1.85,0.0,32,16.17,0.006,34,83.94,0.006,34
1786332061.064,walk vx=0.000 vy=0.000 w=0.00,-1.67,0.0,33,18.11,0.0,34,77.78,0.0,34,3.16,0.006,33,15.12,0.006,34,82.71,0.0,38,-1.67,0.006,33,18.46,0.026,32,80.16,0.006,34,-1.58,0.0,30,15.47,0.006,34,81.04,0.006,36,3.6,0.0,30,17.23,0.123,32,79.37,0.013,32,-1.85,0.0,32,16.17,0.006,34,83.94,0.006,34
1786332061.507,walk vx=0.000 vy=0.000 w=0.00,-1.67,0.0,33,18.11,0.006,34,77.78,0.0,34,3.16,0.006,33,15.12,0.013,34,82.71,0.0,38,-1.67,0.0,33,18.46,0.019,32,80.16,0.006,34,-1.58,0.0,30,15.47,0.0,34,81.04,0.006,36,3.6,0.0,30,17.23,0.111,32,79.37,0.019,32,-1.85,0.0,32,16.17,0.006,33,83.94,0.006,34
1786332061.961,walk vx=0.000 vy=0.000 w=0.00,-1.67,0.0,33,18.11,0.006,34,77.78,0.0,34,3.16,0.006,33,15.12,0.006,35,82.71,0.0,38,-1.67,0.006,33,18.46,0.026,32,80.16,0.006,34,-1.58,0.0,30,15.47,0.0,34,81.04,0.006,36,3.6,0.0,30,17.23,0.136,32,79.37,0.013,32,-1.85,0.0,32,16.17,0.0,34,83.94,0.0,34
1786332062.377,walk vx=0.000 vy=0.000 w=0.00,-1.67,0.0,33,18.11,0.006,34,77.78,0.006,34,3.16,0.006,33,15.12,0.006,34,82.71,0.0,38,-1.67,0.0,33,18.46,0.026,32,80.16,0.006,34,-1.58,0.0,30,15.47,0.006,34,81.04,0.006,36,3.6,0.0,30,17.23,0.136,32,79.37,0.013,32,-1.85,0.0,32,16.17,0.006,33,83.94,0.0,34
1786332062.787,walk vx=0.000 vy=0.000 w=0.00,-1.67,0.0,33,18.11,0.0,34,77.78,0.0,34,3.16,0.006,33,15.12,0.006,34,82.71,0.0,38,-1.67,0.006,34,18.46,0.019,32,80.16,0.006,34,-1.58,0.0,30,15.47,0.006,34,81.04,0.006,36,3.6,0.0,30,17.23,0.13,32,79.37,0.013,32,-1.85,0.0,32,16.17,0.006,34,83.94,0.006,34
1786332063.297,walk vx=0.000 vy=0.000 w=0.00,-1.67,0.0,33,18.11,0.006,34,77.78,0.0,34,3.16,0.006,33,15.12,0.006,34,82.71,0.0,38,-1.67,0.0,33,18.46,0.019,32,80.16,0.006,34,-1.58,0.0,30,15.47,0.0,34,81.04,0.006,36,3.6,0.0,30,17.23,0.136,32,79.37,0.013,32,-1.85,0.0,32,16.17,0.006,34,83.94,0.0,34
1786332063.762,walk vx=0.000 vy=0.000 w=0.00,-1.67,0.0,33,18.11,0.0,34,77.78,0.006,34,3.16,0.006,33,15.12,0.006,34,82.71,0.0,38,-1.67,0.006,33,18.46,0.026,32,80.16,0.006,34,-1.58,0.0,30,15.47,0.006,34,81.04,0.006,36,3.6,0.0,30,17.23,0.143,32,79.37,0.019,32,-1.85,0.0,32,16.17,0.0,33,83.94,0.006,34
1786332064.192,walk vx=0.000 vy=0.000 w=0.00,-1.67,0.0,33,18.11,0.0,34,77.78,0.0,34,3.16,0.006,33,15.12,0.006,34,82.71,0.0,38,-1.67,0.0,33,18.46,0.019,32,80.16,0.006,34,-1.58,0.0,30,15.47,0.006,34,81.04,0.006,36,3.6,0.0,31,17.23,0.13,32,79.37,0.013,32,-1.85,0.0,32,16.17,0.0,34,83.94,0.006,34
1786332064.604,walk vx=0.000 vy=0.000 w=0.00,-1.67,0.0,33,18.11,0.0,34,77.78,0.006,34,3.16,0.006,33,15.12,0.006,35,82.71,0.0,38,-1.67,0.0,33,18.46,0.019,32,80.16,0.0,34,-1.58,0.0,30,15.47,0.0,34,81.04,0.006,36,3.6,0.0,30,17.23,0.13,32,79.37,0.013,32,-1.85,0.0,32,16.17,0.0,34,83.94,0.006,34
1786332065.037,walk vx=0.000 vy=0.000 w=0.00,-1.67,0.0,33,18.11,0.006,34,77.78,0.006,34,3.16,0.006,33,15.12,0.006,35,82.71,0.0,38,-1.67,0.006,34,18.46,0.019,32,80.16,0.006,34,-1.58,0.0,30,15.47,0.0,34,81.04,0.006,36,3.6,0.0,30,17.23,0.136,32,79.37,0.013,32,-1.85,0.0,32,16.17,0.006,34,83.94,0.0,34
1786332065.519,walk vx=0.000 vy=0.000 w=0.00,-1.67,0.0,33,18.11,0.006,34,77.78,0.006,34,3.16,0.006,33,15.12,0.006,35,82.71,0.0,38,-1.67,0.0,33,18.46,0.019,32,80.16,0.006,34,-1.58,0.0,30,15.47,0.006,34,81.04,0.006,36,3.6,0.0,30,17.23,0.117,32,79.37,0.019,32,-1.85,0.0,32,16.17,0.006,34,83.94,0.0,34
1786332065.953,walk vx=0.000 vy=0.000 w=0.00,-1.67,0.0,33,18.11,0.0,34,77.78,0.0,34,3.16,0.006,33,15.12,0.006,35,82.71,0.0,38,-1.67,0.0,34,18.46,0.026,32,80.16,0.006,34,-1.58,0.0,30,15.47,0.006,34,81.04,0.006,36,3.6,0.0,30,17.23,0.13,32,79.37,0.013,32,-1.85,0.0,32,16.17,0.006,33,83.94,0.0,34
1786332066.375,walk vx=0.000 vy=0.000 w=0.00,-1.67,0.0,33,18.11,0.006,34,77.78,0.006,34,3.16,0.006,33,15.12,0.006,34,82.71,0.0,38,-1.67,0.006,34,18.46,0.026,32,80.16,0.006,34,-1.58,0.0,30,15.47,0.006,34,81.04,0.006,36,3.6,0.0,30,17.23,0.13,32,79.37,0.013,32,-1.85,0.0,32,16.17,0.006,34,83.94,0.006,34
1786332066.841,walk vx=0.000 vy=0.000 w=0.00,-1.67,0.0,33,18.11,0.0,34,77.78,0.0,34,3.16,0.006,33,15.12,0.013,34,82.71,0.0,38,-1.67,0.0,33,18.46,0.026,33,80.33,0.0,34,-1.58,0.0,30,15.47,0.0,34,81.04,0.006,36,3.6,0.0,30,17.23,0.123,32,79.37,0.013,32,-1.85,0.0,32,16.17,0.0,33,83.94,0.0,34
1786332067.373,walk vx=0.000 vy=0.000 w=0.00,-1.67,0.0,33,18.11,0.0,34,77.78,0.006,34,3.16,0.006,33,15.12,0.013,34,82.71,0.0,38,-1.67,0.006,34,18.46,0.026,32,80.33,0.0,34,-1.58,0.0,30,15.47,0.006,34,81.04,0.006,36,3.6,0.0,30,17.23,0.117,32,79.37,0.013,32,-1.85,0.0,32,16.17,0.0,33,83.94,0.006,34
1786332067.805,walk vx=0.000 vy=0.000 w=0.00,-1.67,0.0,33,18.11,0.0,34,77.78,0.006,34,3.16,0.006,33,15.12,0.006,34,82.71,0.0,38,-1.67,0.0,33,18.46,0.026,32,80.33,0.0,34,-1.58,0.0,30,15.47,0.0,34,81.04,0.006,36,3.6,0.0,30,17.23,0.13,32,79.37,0.013,32,-1.85,0.0,32,16.17,0.006,34,83.94,0.006,34
1786332068.278,walk vx=0.000 vy=0.000 w=0.00,-1.67,0.0,33,18.11,0.006,34,77.78,0.0,34,3.16,0.006,33,15.12,0.013,34,82.71,0.0,38,-1.67,0.006,34,18.46,0.019,32,80.33,0.0,34,-1.58,0.0,30,15.47,0.0,34,81.04,0.006,36,3.6,0.0,30,17.23,0.104,32,79.37,0.013,32,-1.85,0.0,32,16.17,0.0,34,83.94,0.0,34
1786332068.758,walk vx=0.000 vy=0.000 w=0.00,-1.67,0.0,33,18.11,0.0,34,77.78,0.0,34,3.16,0.006,33,15.12,0.013,34,82.71,0.0,38,-1.67,0.006,33,18.46,0.026,32,80.33,0.006,34,-1.58,0.0,30,15.47,0.006,34,81.04,0.006,36,3.6,0.0,30,17.23,0.104,32,79.37,0.013,32,-1.85,0.0,32,16.17,0.0,33,83.94,0.006,34
1786332069.141,walk vx=0.000 vy=0.000 w=0.00,-1.67,0.0,33,18.11,0.006,34,77.78,0.006,34,3.16,0.0,33,15.12,0.006,34,82.71,0.0,38,-1.67,0.0,34,18.46,0.026,32,80.33,0.006,34,-1.58,0.0,30,15.47,0.006,34,81.04,0.006,36,3.6,0.0,30,17.23,0.104,32,79.37,0.013,32,-1.85,0.0,32,16.17,0.006,33,83.94,0.0,34
1786332069.544,walk vx=0.000 vy=0.000 w=0.00,-1.67,0.0,33,18.11,0.0,34,77.78,0.006,34,3.16,0.006,33,15.12,0.006,35,82.71,0.0,38,-1.67,0.0,33,18.46,0.026,33,80.33,0.006,34,-1.58,0.0,30,15.47,0.006,34,81.04,0.013,36,3.6,0.0,30,17.23,0.13,32,79.37,0.019,32,-1.85,0.0,32,16.17,0.0,34,83.94,0.006,34
1786332069.942,walk vx=0.000 vy=0.000 w=0.00,-1.67,0.0,33,18.11,0.006,34,77.78,0.0,34,3.16,0.013,33,15.12,0.006,34,82.71,0.0,38,-1.67,0.0,33,18.46,0.026,32,80.33,0.0,34,-1.58,0.0,30,15.47,0.006,34,81.04,0.006,36,3.6,0.0,30,17.23,0.136,32,79.37,0.013,32,-1.85,0.0,32,16.17,0.006,34,83.94,0.006,34
1786332070.443,walk vx=0.000 vy=0.000 w=0.00,-1.67,0.0,33,18.11,0.006,34,77.78,0.006,34,3.16,0.006,33,15.12,0.013,34,82.71,0.0,38,-1.67,0.006,33,18.46,0.019,32,80.33,0.0,34,-1.58,0.0,30,15.47,0.0,34,81.04,0.013,36,3.6,0.0,30,17.23,0.091,32,79.37,0.013,32,-1.85,0.0,32,16.17,0.0,34,83.94,0.0,34
1786332070.996,walk vx=0.000 vy=0.000 w=0.00,-1.67,0.0,33,18.11,0.006,34,77.78,0.0,34,3.16,0.006,33,15.12,0.006,35,82.71,0.0,38,-1.67,0.0,33,18.46,0.026,32,80.33,0.0,34,-1.58,0.0,30,15.47,0.006,34,81.04,0.006,36,3.6,0.0,30,17.23,0.143,32,79.37,0.013,32,-1.85,0.0,32,16.17,0.006,34,83.94,0.006,34
1786332071.408,walk vx=0.000 vy=0.000 w=0.00,-1.67,0.0,33,18.11,0.006,34,77.78,0.006,34,3.16,0.006,33,15.12,0.006,34,82.71,0.0,38,-1.67,0.0,34,18.46,0.026,32,80.33,0.0,34,-1.58,0.0,30,15.47,0.006,34,81.04,0.006,36,3.6,0.0,30,17.23,0.13,32,79.37,0.013,32,-1.85,0.0,32,16.17,0.006,34,83.94,0.0,34
1786332071.811,walk vx=0.000 vy=0.000 w=0.00,-1.67,0.0,33,18.11,0.0,34,77.78,0.006,34,3.16,0.006,33,15.12,0.006,34,82.71,0.0,38,-1.67,0.0,33,18.46,0.026,32,80.33,0.0,34,-1.58,0.0,30,15.47,0.006,34,81.04,0.006,36,3.6,0.0,30,17.23,0.143,32,79.37,0.013,32,-1.85,0.0,32,16.17,0.006,33,83.94,0.006,34
1786332072.241,walk vx=0.000 vy=0.000 w=0.00,-1.67,0.0,33,18.11,0.006,34,77.78,0.006,34,3.16,0.006,33,15.12,0.013,35,82.71,0.0,38,-1.67,0.0,34,18.46,0.019,33,80.33,0.0,34,-1.58,0.0,30,15.47,0.006,34,81.04,0.006,36,3.6,0.0,30,17.23,0.097,32,79.37,0.013,32,-1.85,0.0,32,16.17,0.0,34,83.94,0.0,34
1786332072.721,walk vx=0.000 vy=0.000 w=0.00,-1.67,0.0,33,18.11,0.0,34,77.78,0.0,34,3.16,0.006,33,15.12,0.006,35,82.71,0.0,38,-1.67,0.006,34,18.46,0.026,33,80.33,0.0,34,-1.58,0.0,30,15.47,0.006,34,81.04,0.006,36,3.6,0.0,30,17.23,0.104,32,79.37,0.013,32,-1.85,0.0,32,16.17,0.006,34,83.94,0.0,34
1786332073.150,walk vx=0.000 vy=0.000 w=0.00,-1.67,0.0,33,18.11,0.006,34,77.78,0.0,34,3.16,0.006,33,15.12,0.006,34,82.71,0.0,38,-1.67,0.006,33,18.46,0.026,32,80.33,0.0,34,-1.58,0.0,30,15.47,0.0,34,81.04,0.0,36,3.6,0.0,30,17.23,0.091,32,79.37,0.013,32,-1.85,0.0,32,16.17,0.006,34,83.94,0.0,34
1786332073.600,walk vx=0.000 vy=0.000 w=0.00,-1.67,0.0,33,18.11,0.0,34,77.78,0.006,34,3.16,0.006,33,15.12,0.006,34,82.71,0.0,38,-1.67,0.006,33,18.46,0.026,32,80.33,0.0,34,-1.58,0.0,30,15.47,0.0,34,81.04,0.006,36,3.6,0.0,30,17.23,0.097,33,79.37,0.013,32,-1.85,0.0,32,16.17,0.0,34,83.94,0.006,34
1786332074.054,walk vx=0.000 vy=0.000 w=0.00,-1.67,0.0,33,18.11,0.006,34,77.78,0.006,34,3.16,0.006,33,15.12,0.006,34,82.71,0.0,38,-1.67,0.006,33,18.46,0.019,32,80.33,0.0,34,-1.58,0.0,30,15.47,0.0,34,81.04,0.006,36,3.6,0.0,30,17.23,0.13,32,79.37,0.013,32,-1.85,0.0,32,16.17,0.006,33,83.94,0.0,34
1786332074.511,walk vx=0.000 vy=0.000 w=0.00,-1.67,0.0,33,18.11,0.0,34,77.78,0.006,34,3.16,0.006,33,15.12,0.006,35,82.71,0.0,38,-1.67,0.006,33,18.46,0.019,32,80.33,0.006,34,-1.58,0.0,30,15.47,0.006,34,81.04,0.006,36,3.6,0.0,30,17.23,0.104,32,79.37,0.013,32,-1.85,0.0,32,16.17,0.0,34,83.94,0.006,34
1786332074.944,walk vx=0.000 vy=0.000 w=0.00,-1.67,0.0,33,18.11,0.006,34,77.78,0.006,34,3.16,0.006,33,15.12,0.006,35,82.71,0.0,38,-1.67,0.006,33,18.46,0.026,32,80.33,0.0,34,-1.58,0.0,30,15.47,0.006,34,81.04,0.006,36,3.6,0.0,30,17.23,0.143,32,79.37,0.013,32,-1.85,0.0,32,16.17,0.0,33,83.94,0.0,34
1786332075.344,walk vx=0.000 vy=0.000 w=0.00,-1.67,0.0,33,18.11,0.0,34,77.78,0.0,34,3.16,0.006,33,15.12,0.006,35,82.71,0.0,38,-1.67,0.006,33,18.46,0.019,32,80.33,0.006,34,-1.58,0.0,30,15.47,0.006,34,81.04,0.006,36,3.6,0.0,30,17.23,0.104,32,79.37,0.013,32,-1.85,0.0,32,16.17,0.0,34,83.94,0.006,34
1786332075.819,walk vx=0.000 vy=0.000 w=0.00,-1.67,0.0,33,18.11,0.0,34,77.78,0.006,34,3.16,0.006,33,15.12,0.006,35,82.71,0.0,38,-1.67,0.0,33,18.46,0.026,32,80.33,0.006,34,-1.58,0.0,30,15.47,0.0,34,81.04,0.006,36,3.6,0.0,30,17.23,0.097,32,79.37,0.013,32,-1.85,0.0,32,16.17,0.006,34,83.94,0.006,34
1786332076.288,walk vx=0.000 vy=0.000 w=0.00,-1.67,0.0,33,18.11,0.0,34,77.78,0.0,34,3.16,0.006,33,15.12,0.013,35,82.71,0.0,38,-1.67,0.0,33,18.46,0.019,32,80.33,0.006,34,-1.58,0.0,30,15.47,0.006,34,81.04,0.006,36,3.6,0.0,30,17.23,0.13,32,79.37,0.013,32,-1.85,0.0,32,16.17,0.0,33,83.94,0.0,34
1786332076.722,walk vx=0.000 vy=0.000 w=0.00,-1.67,0.0,33,18.11,0.0,34,77.78,0.0,34,3.16,0.006,33,15.12,0.006,34,82.71,0.0,38,-1.67,0.0,34,18.46,0.026,33,80.33,0.0,34,-1.58,0.0,30,15.47,0.006,34,81.04,0.006,36,3.6,0.0,30,17.23,0.104,67,79.37,0.013,32,-1.85,0.0,33,16.17,0.006,33,83.94,0.0,34
1786332077.190,walk vx=0.000 vy=0.000 w=0.00,-1.67,0.0,33,18.11,0.0,34,77.78,0.0,34,3.16,0.006,33,15.12,0.006,35,82.71,0.0,38,-1.67,0.006,33,18.46,0.026,32,80.33,0.0,34,-1.58,0.0,30,15.47,0.006,34,81.04,0.006,36,3.6,0.0,30,17.23,0.097,32,79.37,0.019,32,-1.85,0.0,32,16.17,0.0,34,83.94,0.006,34
1786332077.640,walk vx=0.000 vy=0.000 w=0.00,-1.67,0.0,33,18.11,0.0,34,77.78,0.006,34,3.16,0.006,33,15.12,0.006,35,82.71,0.0,38,-1.67,0.0,34,18.46,0.026,32,80.33,0.0,34,-1.58,0.0,30,15.47,0.0,34,81.04,0.006,36,3.6,0.0,30,17.23,0.123,32,79.37,0.013,32,-1.85,0.0,32,16.17,0.006,34,83.94,0.0,34
1786332078.139,walk vx=0.000 vy=0.000 w=0.00,-1.67,0.0,33,18.11,0.0,34,77.78,0.0,34,3.16,0.0,33,15.12,0.006,34,82.71,0.0,38,-1.67,0.006,33,18.46,0.026,33,80.33,0.0,34,-1.58,0.0,30,15.47,0.0,34,81.04,0.006,36,3.6,0.0,30,17.23,0.136,32,79.37,0.013,32,-1.85,0.0,32,16.17,0.006,34,83.94,0.0,34
1786332078.589,walk vx=0.000 vy=0.000 w=0.00,-1.67,0.0,33,18.11,0.006,34,77.78,0.006,34,3.16,0.0,33,15.12,0.006,35,82.71,0.0,38,-1.67,0.006,34,18.46,0.026,33,80.33,0.006,34,-1.58,0.0,30,15.47,0.006,34,81.04,0.006,36,3.6,0.0,30,17.23,0.097,32,79.37,0.013,32,-1.85,0.0,32,16.17,0.0,34,83.94,0.0,34
1786332079.018,walk vx=0.000 vy=0.000 w=0.00,-1.67,0.0,33,18.11,0.0,34,77.78,0.006,34,3.16,0.006,33,15.12,0.013,35,82.71,0.0,38,-1.67,0.006,34,18.46,0.026,32,80.33,0.0,34,-1.58,0.0,30,15.47,0.0,34,81.04,0.006,36,3.6,0.0,30,17.23,0.143,32,79.37,0.013,32,-1.85,0.0,32,16.17,0.0,34,83.94,0.0,34
1786332079.520,walk vx=0.000 vy=0.000 w=0.00,-1.67,0.0,33,18.11,0.0,34,77.78,0.0,34,3.16,0.006,33,15.12,0.006,34,82.71,0.0,38,-1.67,0.006,34,18.46,0.019,32,80.33,0.0,34,-1.58,0.0,30,15.47,0.006,34,81.04,0.006,36,3.6,0.0,30,17.23,0.104,32,79.37,0.013,32,-1.85,0.0,32,16.17,0.0,34,83.94,0.006,34
1786332079.967,walk vx=0.000 vy=0.000 w=0.00,-1.67,0.0,33,18.11,0.0,34,77.78,0.006,34,3.16,0.006,33,15.12,0.006,35,82.71,0.0,38,-1.67,0.006,34,18.46,0.026,33,80.33,0.006,34,-1.58,0.0,30,15.47,0.006,34,81.04,0.006,36,3.6,0.0,30,17.23,0.084,32,79.37,0.013,32,-1.85,0.0,32,16.17,0.0,34,83.94,0.0,34
1786332080.378,walk vx=0.000 vy=0.000 w=0.00,-1.67,0.0,33,18.11,0.0,34,77.78,0.006,34,3.16,0.006,33,15.12,0.006,35,82.71,0.0,38,-1.67,0.0,33,18.46,0.019,33,80.33,0.006,34,-1.58,0.0,30,15.47,0.006,34,81.04,0.006,36,3.6,0.0,30,17.23,0.123,32,79.37,0.013,32,-1.85,0.0,32,16.17,0.006,34,83.94,0.006,34
1786332080.837,walk vx=0.000 vy=0.000 w=0.00,-1.67,0.0,33,18.11,0.0,34,77.78,0.0,34,3.16,0.006,33,15.12,0.006,34,82.71,0.0,38,-1.67,0.0,33,18.46,0.026,33,80.33,0.006,34,-1.58,0.0,30,15.47,0.006,34,81.04,0.006,36,3.6,0.0,30,17.23,0.136,32,79.37,0.013,32,-1.85,0.0,32,16.17,0.006,34,83.94,0.006,34
1786332081.335,walk vx=0.000 vy=0.000 w=0.00,-1.67,0.0,33,18.11,0.0,34,77.78,0.0,34,3.16,0.006,33,15.12,0.006,34,82.71,0.0,38,-1.67,0.006,33,18.46,0.019,33,80.33,0.006,34,-1.58,0.0,30,15.47,0.0,34,81.04,0.006,36,3.6,0.0,30,17.23,0.136,33,79.37,0.013,32,-1.85,0.0,32,16.17,0.006,34,83.94,0.0,34
1786332081.807,walk vx=0.000 vy=0.000 w=0.00,-1.67,0.0,33,18.11,0.0,34,77.78,0.006,34,3.16,0.006,33,15.12,0.006,35,82.71,0.0,38,-1.67,0.006,33,18.46,0.019,33,80.33,0.006,34,-1.58,0.0,30,15.47,0.006,34,81.04,0.006,36,3.6,0.0,30,17.23,0.136,33,79.37,0.013,32,-1.85,0.0,32,16.17,0.0,33,83.94,0.0,34
1786332082.226,walk vx=0.000 vy=0.000 w=0.00,-1.67,0.0,33,18.11,0.0,34,77.78,0.0,34,3.16,0.006,33,15.12,0.006,35,82.71,0.0,38,-1.67,0.0,33,18.46,0.026,32,80.33,0.0,34,-1.58,0.0,30,15.47,0.006,34,81.04,0.006,36,3.6,0.0,31,17.23,0.143,33,79.37,0.013,32,-1.85,0.0,32,16.17,0.0,33,83.94,0.0,34
1786332082.647,walk vx=0.000 vy=0.000 w=0.00,-1.67,0.0,33,18.11,0.0,34,77.78,0.0,34,3.16,0.006,33,15.12,0.013,35,82.71,0.0,38,-1.67,0.0,33,18.46,0.019,33,80.33,0.0,34,-1.58,0.0,30,15.47,0.0,34,81.04,0.006,36,3.6,0.0,30,17.23,0.104,33,79.37,0.013,32,-1.85,0.0,32,16.17,0.0,34,83.94,0.006,34
1786332083.122,walk vx=0.000 vy=0.000 w=0.00,-1.67,0.0,33,18.11,0.006,34,77.78,0.0,34,3.16,0.006,33,15.12,0.006,35,82.71,0.0,38,-1.67,0.0,33,18.46,0.019,32,80.33,0.0,34,-1.58,0.0,30,15.47,0.006,34,81.04,0.006,36,3.6,0.0,30,17.23,0.136,33,79.37,0.019,32,-1.85,0.0,32,16.17,0.006,34,83.94,0.006,34
1786332083.573,walk vx=0.000 vy=0.000 w=0.00,-1.67,0.0,33,18.11,0.0,34,77.78,0.0,34,3.16,0.006,33,15.12,0.006,35,82.71,0.0,38,-1.67,0.0,33,18.46,0.026,32,80.33,0.006,34,-1.58,0.0,30,15.47,0.0,34,81.04,0.006,36,3.6,0.0,30,17.23,0.123,33,79.37,0.013,31,-1.85,0.0,32,16.17,0.0,34,83.94,0.0,34
1786332084.019,walk vx=0.000 vy=0.000 w=0.00,-1.67,0.0,33,18.11,0.0,34,77.78,0.0,34,3.16,0.006,33,15.12,0.006,35,82.71,0.0,38,-1.67,0.0,33,18.46,0.019,32,80.33,0.0,34,-1.58,0.0,30,15.47,0.006,34,81.04,0.006,36,3.6,0.0,30,17.23,0.104,33,79.37,0.013,32,-1.85,0.0,32,16.17,0.006,34,83.94,0.0,34
1786332084.427,walk vx=0.000 vy=0.000 w=0.00,-1.67,0.0,33,18.11,0.006,34,77.78,0.006,34,3.16,0.006,33,15.12,0.006,35,82.71,0.0,38,-1.67,0.006,33,18.46,0.026,33,80.33,0.0,34,-1.58,0.0,30,15.47,0.006,34,81.04,0.006,36,3.6,0.0,30,17.23,0.13,33,79.37,0.013,32,-1.85,0.0,32,16.17,0.0,33,83.94,0.0,34
1786332084.895,walk vx=0.000 vy=0.000 w=0.00,-1.67,0.0,33,18.11,0.0,34,77.78,0.006,34,3.16,0.006,33,15.12,0.006,35,82.71,0.0,38,-1.67,0.006,34,18.46,0.019,33,80.33,0.0,34,-1.58,0.0,30,15.47,0.0,34,81.04,0.006,36,3.6,0.0,30,17.23,0.123,33,79.37,0.013,32,-1.85,0.0,32,16.17,0.006,34,83.94,0.0,34
1786332085.301,walk vx=0.000 vy=0.000 w=0.00,-1.67,0.0,33,18.11,0.006,34,77.78,0.0,34,3.16,0.013,33,15.12,0.006,35,82.71,0.0,38,-1.67,0.0,33,18.46,0.019,33,80.33,0.0,34,-1.58,0.0,30,15.47,0.006,34,81.04,0.006,36,3.6,0.0,30,17.23,0.104,33,79.37,0.019,32,-1.85,0.0,32,16.17,0.006,34,83.94,0.006,34
1786332085.776,walk vx=0.000 vy=0.000 w=0.00,-1.67,0.0,33,18.11,0.006,34,77.78,0.0,34,3.16,0.013,33,15.12,0.006,35,82.71,0.0,38,-1.67,0.006,34,18.46,0.026,33,80.33,0.006,34,-1.58,0.0,30,15.47,0.006,34,81.04,0.006,36,3.6,0.0,30,17.23,0.13,33,79.37,0.013,32,-1.85,0.0,32,16.17,0.0,34,83.94,0.006,34
1786332086.286,walk vx=0.000 vy=0.000 w=0.00,-1.67,0.0,33,18.11,0.0,34,77.78,0.0,34,3.16,0.006,33,15.12,0.006,35,82.71,0.0,38,-1.67,0.006,33,18.46,0.019,33,80.33,0.0,34,-1.58,0.0,30,15.47,0.0,34,81.04,0.006,36,3.6,0.0,30,17.23,0.136,33,79.37,0.013,32,-1.85,0.0,32,16.17,0.006,34,83.94,0.0,34
1786332086.720,walk vx=0.000 vy=0.000 w=0.00,-1.67,0.0,33,18.11,0.006,34,77.78,0.006,34,3.16,0.006,33,15.12,0.006,35,82.71,0.0,38,-1.67,0.0,34,18.46,0.026,33,80.33,0.0,34,-1.58,0.0,30,15.47,0.0,34,81.04,0.006,36,3.6,0.0,30,17.23,0.143,33,79.37,0.013,32,-1.85,0.0,32,16.17,0.006,34,83.94,0.006,34
1786332087.132,walk vx=0.000 vy=0.000 w=0.00,-1.67,0.0,33,18.11,0.0,34,77.78,0.0,34,3.16,0.006,33,15.12,0.006,35,82.71,0.0,38,-1.67,0.006,33,18.46,0.019,33,80.33,0.006,34,-1.58,0.0,30,15.47,0.006,34,81.04,0.006,36,3.6,0.0,30,17.23,0.104,33,79.37,0.019,32,-1.85,0.0,32,16.17,0.0,34,83.94,0.006,34
1786332087.547,walk vx=0.000 vy=0.000 w=0.00,-1.67,0.0,33,18.11,0.0,34,77.78,0.0,34,3.16,0.006,33,15.12,0.006,35,82.71,0.0,38,-1.67,0.0,33,18.46,0.019,32,80.33,0.006,34,-1.58,0.0,30,15.47,0.0,34,81.04,0.006,36,3.6,0.0,30,17.23,0.13,33,79.37,0.013,32,-1.85,0.0,32,16.17,0.0,34,83.94,0.0,34
1786332087.902,walk vx=0.000 vy=0.000 w=0.00,-1.67,0.0,33,18.11,0.0,34,77.78,0.006,34,3.16,0.006,33,15.12,0.006,35,82.71,0.0,38,-1.67,0.0,34,18.46,0.026,33,80.33,0.0,34,-1.58,0.0,30,15.47,0.006,34,81.04,0.006,36,3.6,0.0,31,17.23,0.136,33,79.37,0.013,32,-1.85,0.0,32,16.17,0.0,34,83.94,0.006,34
1786332088.304,walk vx=0.000 vy=0.000 w=0.00,-1.67,0.0,33,18.11,0.0,34,77.78,0.0,34,3.16,0.006,33,15.12,0.013,35,82.71,0.0,38,-1.67,0.0,33,18.46,0.026,33,80.33,0.0,34,-1.58,0.0,30,15.47,0.006,34,81.04,0.006,36,3.6,0.0,30,17.23,0.117,33,79.37,0.019,32,-1.85,0.0,32,16.17,0.0,34,83.94,0.006,34
1786332088.776,walk vx=0.000 vy=0.000 w=0.00,-1.67,0.0,33,18.11,0.006,34,77.78,0.0,34,3.16,0.006,33,15.12,0.006,35,82.71,0.0,38,-1.67,0.0,33,18.46,0.026,32,80.33,0.006,34,-1.58,0.0,30,15.47,0.006,34,81.04,0.006,36,3.6,0.0,30,17.23,0.117,33,79.37,0.013,32,-1.85,0.0,32,16.17,0.006,34,83.94,0.006,34
1786332089.210,walk vx=0.000 vy=0.000 w=0.00,-1.67,0.0,33,18.11,0.0,34,77.78,0.0,34,3.16,0.006,33,15.12,0.013,35,82.71,0.0,38,-1.67,0.0,34,18.46,0.019,33,80.33,0.006,34,-1.58,0.0,30,15.47,0.006,34,81.04,0.006,36,3.6,0.0,30,17.23,0.091,33,79.37,0.019,32,-1.85,0.0,32,16.17,0.0,34,83.94,0.006,34
1786332089.635,walk vx=0.000 vy=0.000 w=0.00,-1.67,0.0,33,18.11,0.0,34,77.78,0.0,34,3.16,0.006,33,15.12,0.006,35,82.71,0.0,38,-1.67,0.006,33,18.46,0.019,33,80.33,0.0,34,-1.58,0.0,30,15.47,0.0,34,81.04,0.006,36,3.6,0.0,30,17.23,0.136,33,79.37,0.013,32,-1.85,0.0,32,16.17,0.0,34,83.94,0.0,34
1786332090.053,walk vx=0.000 vy=0.000 w=0.00,-1.67,0.0,33,18.11,0.006,34,77.78,0.0,34,3.16,0.006,33,15.12,0.006,35,82.71,0.0,38,-1.67,0.006,34,18.46,0.026,33,80.33,0.0,34,-1.58,0.0,30,15.47,0.006,34,81.04,0.006,36,3.6,0.0,30,17.23,0.111,33,79.37,0.013,32,-1.85,0.0,32,16.17,0.0,34,83.94,0.006,34
1786332090.577,walk vx=0.000 vy=0.000 w=0.00,-1.67,0.0,33,18.11,0.006,34,77.78,0.0,34,3.16,0.006,33,15.12,0.006,35,82.71,0.0,38,-1.67,0.006,34,18.46,0.026,33,80.33,0.0,34,-1.58,0.0,30,15.47,0.006,34,81.04,0.006,36,3.6,0.0,30,17.23,0.111,33,79.37,0.013,32,-1.85,0.0,32,16.17,0.006,34,83.94,0.0,34
1786332091.014,walk vx=0.000 vy=0.000 w=0.00,-1.67,0.0,33,18.11,0.006,34,77.78,0.0,34,3.16,0.006,33,15.12,0.006,35,82.71,0.0,38,-1.67,0.0,34,18.46,0.026,33,80.33,0.0,34,-1.58,0.0,30,15.47,0.006,34,81.04,0.013,36,3.6,0.0,30,17.23,0.136,33,79.37,0.019,32,-1.85,0.0,32,16.17,0.006,34,83.94,0.0,34
1786332091.460,walk vx=0.000 vy=0.000 w=0.00,-1.67,0.0,33,18.11,0.006,34,77.78,0.006,34,3.16,0.013,33,15.12,0.006,35,82.71,0.0,38,-1.67,0.0,33,18.46,0.026,33,80.33,0.0,34,-1.58,0.0,30,15.47,0.006,34,81.04,0.006,36,3.6,0.0,30,17.23,0.117,33,79.37,0.013,32,-1.85,0.0,32,16.17,0.0,34,83.94,0.0,34
1786332091.867,walk vx=0.000 vy=0.000 w=0.00,-1.67,0.0,33,18.11,0.0,34,77.78,0.0,34,3.16,0.006,33,15.12,0.013,35,82.71,0.0,38,-1.67,0.0,33,18.46,0.026,33,80.33,0.0,34,-1.58,0.0,30,15.47,0.0,34,81.04,0.006,36,3.6,0.0,30,17.23,0.13,33,79.37,0.013,32,-1.85,0.0,32,16.17,0.0,34,83.94,0.0,34
1786332092.331,walk vx=0.000 vy=0.000 w=0.00,-1.67,0.0,33,18.11,0.0,34,77.78,0.006,34,3.16,0.006,33,15.12,0.006,35,82.71,0.0,38,-1.67,0.0,34,18.46,0.019,33,80.33,0.006,34,-1.58,0.0,30,15.47,0.0,34,81.04,0.006,36,3.6,0.0,30,17.23,0.117,33,79.37,0.019,32,-1.85,0.0,32,16.17,0.006,34,83.94,0.0,34
1786332092.747,walk vx=0.000 vy=0.000 w=0.00,-1.67,0.0,33,18.11,0.0,34,77.78,0.006,34,3.16,0.006,33,15.12,0.006,35,82.71,0.0,38,-1.67,0.0,33,18.46,0.026,33,80.33,0.0,34,-1.58,0.0,30,15.47,0.006,34,81.04,0.006,36,3.6,0.0,30,17.23,0.091,33,79.37,0.013,32,-1.85,0.0,32,16.17,0.0,33,83.94,0.0,34
1786332093.187,walk vx=0.000 vy=0.000 w=0.00,-1.67,0.0,33,18.11,0.0,34,77.78,0.006,34,3.16,0.006,33,15.12,0.013,35,82.62,0.019,38,-1.67,0.013,34,17.93,0.0,33,80.68,0.0,34,-3.87,0.013,30,16.0,0.0,34,80.42,0.006,36,5.1,0.019,30,17.31,0.123,33,79.37,0.013,32,-4.75,0.006,32,12.92,0.052,34,88.86,0.013,34
1786332093.620,walk vx=0.000 vy=0.000 w=0.30,1.14,0.006,33,18.11,0.0,34,79.28,0.0,34,-1.85,0.033,33,6.77,0.0,35,92.64,0.006,38,-2.81,0.033,33,15.73,0.0,33,81.65,0.026,34,6.5,0.0,30,11.51,0.078,34,88.42,0.026,36,-2.64,0.033,31,4.48,0.006,33,95.54,0.006,32,-1.14,0.013,32,17.67,0.013,34,80.95,0.136,34
1786332094.188,walk vx=0.000 vy=0.000 w=0.30,4.66,0.006,33,3.69,0.013,34,96.06,0.019,35,-5.8,0.0,33,15.47,0.0,35,80.68,0.039,38,5.54,0.006,33,10.55,0.013,37,90.97,0.267,34,-3.34,0.039,30,7.47,0.0,34,86.66,0.006,36,-2.37,0.026,30,16.79,0.078,33,79.98,0.019,32,3.87,0.026,32,6.68,0.0,34,87.71,0.052,34
1786332094.684,walk vx=0.000 vy=0.000 w=0.30,-4.39,0.006,33,16.26,0.058,34,81.04,0.006,37,5.98,0.026,34,12.57,0.071,35,78.93,0.006,38,-0.7,0.013,34,9.76,0.013,33,83.23,0.006,34,-4.75,0.013,30,17.05,0.006,34,81.12,0.084,36,4.66,0.0,30,12.39,0.136,33,79.01,0.006,32,-4.39,0.026,32,13.27,0.0,34,89.03,0.006,34
1786332095.217,walk vx=0.000 vy=0.000 w=0.30,0.7,0.033,33,16.96,0.033,34,79.19,0.013,58,0.35,0.026,33,10.46,0.033,35,93.43,0.006,38,-2.9,0.033,33,15.91,0.0,33,83.41,0.058,34,4.92,0.0,30,14.68,0.052,34,86.48,0.033,36,-3.78,0.013,30,8.7,0.0,33,93.34,0.006,32,-1.23,0.006,32,17.75,0.019,34,81.3,0.065,34
1786332095.777,walk vx=0.000 vy=0.000 w=0.30,6.24,0.0,33,10.11,0.026,34,91.41,0.026,34,-4.13,0.013,33,7.82,0.0,35,82.44,0.013,38,3.6,0.045,33,17.31,0.0,33,84.9,0.189,34,0.97,0.013,38,3.25,0.0,34,86.84,0.013,36,-4.39,0.013,30,16.7,0.006,33,79.19,0.006,32,5.1,0.006,32,6.24,0.071,34,81.91,0.078,34
1786332096.270,walk vx=0.000 vy=0.000 w=0.30,-2.9,0.006,33,11.43,0.039,34,83.67,0.019,34,2.37,0.019,33,13.18,0.091,35,78.84,0.052,38,0.09,0.019,34,7.03,0.019,33,87.01,0.026,34,-4.13,0.026,30,16.79,0.019,40,84.11,0.13,36,4.83,0.006,30,12.3,0.143,33,80.68,0.0,32,-3.52,0.052,32,13.71,0.0,34,92.55,0.013,43
1786332096.752,walk vx=0.000 vy=0.000 w=0.30,-3.25,0.026,33,17.75,0.006,34,80.16,0.006,34,4.48,0.019,33,13.27,0.163,35,92.29,0.006,38,-3.96,0.0,33,14.15,0.013,33,85.25,0.039,34,3.08,0.013,30,17.67,0.026,34,81.56,0.019,36,0.79,0.019,30,8.88,0.0,33,93.78,0.006,32,-4.39,0.006,32,17.31,0.052,34,81.04,0.104,34
1786332097.256,walk vx=0.000 vy=0.000 w=0.30,4.57,0.0,33,5.98,0.045,34,92.55,0.006,34,-5.54,0.019,33,9.58,0.0,35,81.83,0.019,38,2.72,0.026,34,17.75,0.006,33,85.52,0.221,34,5.1,0.013,30,3.96,0.019,34,86.57,0.0,36,-6.42,0.006,30,11.78,0.0,33,80.16,0.026,32,4.48,0.039,32,10.63,0.058,34,79.54,0.006,34
1786332097.840,walk vx=0.000 vy=0.000 w=0.30,0.53,0.045,33,11.69,0.026,34,83.32,0.0,34,-2.46,0.033,34,15.56,0.149,35,82.53,0.175,38,4.57,0.019,33,9.4,0.026,33,83.67,0.065,34,-5.8,0.006,30,14.85,0.0,34,88.33,0.052,36,3.78,0.019,31,15.21,0.273,33,78.93,0.045,32,-0.53,0.026,32,11.43,0.0,34,95.62,0.013,34
1786332098.337,walk vx=0.000 vy=0.000 w=0.30,-3.87,0.013,33,16.61,0.019,34,83.5,0.033,34,4.83,0.006,33,11.95,0.247,35,91.32,0.006,38,-4.39,0.006,33,11.95,0.0,33,90.7,0.013,34,2.55,0.013,30,17.31,0.006,41,82.71,0.026,36,1.85,0.013,31,7.91,0.019,33,95.62,0.019,32,-5.36,0.006,32,14.33,0.026,34,80.51,0.019,34
1786332098.812,walk vx=0.000 vy=0.000 w=0.30,5.36,0.0,33,11.87,0.058,34,89.3,0.058,34,-5.01,0.026,33,5.62,0.0,35,84.81,0.006,38,1.05,0.019,33,18.54,0.013,33,83.32,0.175,34,3.69,0.019,30,5.36,0.013,34,83.76,0.006,36,-5.1,0.013,31,13.71,0.006,33,80.51,0.006,32,4.13,0.019,32,12.22,0.071,34,80.24,0.013,34
1786332099.495,walk vx=0.000 vy=0.000 w=0.30,5.98,0.006,33,8.17,0.019,34,82.97,0.013,34,-5.45,0.026,33,14.85,0.0,35,85.25,0.189,38,5.8,0.006,33,15.21,0.019,33,81.3,0.091,34,-3.43,0.019,30,10.2,0.0,34,91.23,0.0,36,0.79,0.039,30,16.61,0.136,33,81.91,0.117,32,2.72,0.039,32,9.49,0.019,34,89.56,0.058,34
1786332099.949,walk vx=0.000 vy=0.000 w=0.30,-4.04,0.006,33,15.38,0.052,34,89.82,0.013,34,3.6,0.013,33,12.22,0.163,35,81.47,0.0,38,-1.41,0.026,34,7.65,0.006,33,94.13,0.0,34,-3.6,0.026,30,16.96,0.013,34,78.84,0.033,36,5.1,0.006,31,11.51,0.117,33,90.26,0.065,32,-5.19,0.026,32,12.92,0.052,34,84.99,0.0,34
1786332100.436,walk vx=0.000 vy=0.000 w=0.30,1.49,0.033,33,17.84,0.006,34,82.62,0.026,34,-0.97,0.019,33,8.53,0.0,35,88.95,0.006,38,-2.02,0.026,33,17.75,0.006,33,80.51,0.026,34,5.8,0.006,30,9.05,0.006,34,83.23,0.013,36,-4.04,0.019,30,9.05,0.0,33,84.64,0.0,32,2.64,0.019,32,14.77,0.058,34,80.42,0.039,34
1786332100.895,walk vx=0.000 vy=0.000 w=0.30,2.81,0.006,33,4.48,0.0,34,85.78,0.013,34,-5.36,0.006,34,15.38,0.0,35,82.44,0.13,38,5.19,0.039,34,18.11,0.019,33,79.72,0.019,34,4.13,0.019,30,10.63,0.039,34,92.9,0.026,36,-6.24,0.026,31,15.47,0.0,33,82.27,0.033,32,6.59,0.026,32,16.88,0.033,34,84.64,0.13,34
1786332101.614,walk vx=0.000 vy=0.000 w=0.30,-3.96,0.058,33,11.34,0.013,34,87.28,0.006,34,1.14,0.026,33,16.88,0.033,35,79.01,0.019,38,1.49,0.006,40,10.37,0.013,33,87.28,0.039,34,-3.16,0.006,30,11.78,0.0,34,80.6,0.006,36,3.43,0.065,31,15.03,0.214,33,79.63,0.0,32,-1.05,0.065,32,6.59,0.019,34,87.01,0.0,34
1786332102.059,walk vx=0.000 vy=0.000 w=0.30,-2.72,0.026,33,17.05,0.013,34,80.33,0.0,34,4.66,0.0,33,10.99,0.104,35,82.62,0.006,38,-4.48,0.019,34,10.99,0.0,34,86.66,0.013,34,2.81,0.033,30,15.47,0.045,34,78.84,0.006,36,1.76,0.006,30,7.56,0.006,33,91.76,0.0,32,-4.57,0.006,32,17.14,0.0,34,81.21,0.013,34
1786332102.541,walk vx=0.000 vy=0.000 w=0.30,5.62,0.0,33,9.67,0.019,34,88.68,0.026,34,-5.62,0.019,33,8.79,0.0,35,90.26,0.058,38,4.57,0.033,34,17.05,0.006,33,83.94,0.111,34,1.49,0.019,30,9.84,0.006,34,94.57,0.006,36,-2.99,0.045,31,17.05,0.0,33,79.45,0.0,32,4.92,0.013,32,14.77,0.045,34,85.61,0.123,34
1786332103.051,walk vx=0.000 vy=0.000 w=0.30,-1.93,0.026,33,8.79,0.019,34,88.68,0.0,34,-0.62,0.013,33,16.61,0.045,35,79.37,0.0,38,3.34,0.0,34,4.13,0.006,33,91.85,0.006,34,-6.24,0.006,30,10.55,0.0,34,81.04,0.058,36,2.99,0.065,30,8.44,0.384,33,86.48,0.006,32,0.62,0.013,32,5.98,0.026,34,88.77,0.0,34
1786332103.564,walk vx=0.000 vy=0.000 w=0.30,-3.69,0.019,33,17.4,0.019,34,83.14,0.026,34,4.31,0.013,33,10.81,0.071,35,83.94,0.006,38,-4.57,0.006,33,17.31,0.006,33,82.0,0.019,34,3.34,0.019,30,14.41,0.006,34,78.93,0.006,36,1.41,0.019,30,12.83,0.006,33,84.9,0.0,32,-4.83,0.019,32,17.31,0.006,34,81.04,0.019,34
1786332104.058,walk vx=0.000 vy=0.000 w=0.30,6.5,0.0,33,15.73,0.013,34,80.07,0.013,34,-5.8,0.026,34,8.09,0.0,35,90.88,0.019,38,4.31,0.026,33,18.19,0.0,33,80.24,0.006,34,2.9,0.013,30,10.11,0.006,34,94.83,0.013,36,-3.78,0.026,31,13.27,0.0,33,84.38,0.045,32,5.27,0.006,32,12.22,0.078,34,85.34,0.136,34
1786332104.495,walk vx=0.000 vy=0.000 w=0.30,-5.1,0.006,33,6.86,0.013,34,91.49,0.0,34,4.04,0.019,33,13.71,0.111,35,83.23,0.006,39,-0.44,0.013,33,3.43,0.0,33,93.96,0.006,34,-6.86,0.013,30,13.54,0.013,34,80.16,0.0,36,4.66,0.019,30,10.55,0.175,33,85.78,0.052,32,-1.85,0.026,32,7.29,0.019,34,90.09,0.0,34
1786332105.022,walk vx=0.000 vy=0.000 w=0.30,-2.11,0.013,33,17.23,0.0,34,80.42,0.039,34,3.25,0.019,33,9.23,0.033,35,82.18,0.019,38,-5.27,0.0,34,16.44,0.006,33,80.77,0.026,34,5.54,0.026,30,11.34,0.006,35,79.1,0.0,36,-3.34,0.052,30,11.78,0.0,33,85.08,0.0,32,-1.14,0.026,32,16.79,0.058,34,78.93,0.019,34
1786332105.485,walk vx=0.000 vy=0.000 w=0.30,4.04,0.006,33,13.54,0.033,34,82.97,0.026,34,-4.04,0.006,33,13.54,0.0,35,89.74,0.104,38,3.78,0.026,34,18.19,0.0,33,80.77,0.071,34,-1.41,0.019,30,12.74,0.006,34,94.92,0.0,36,-3.69,0.0,30,15.29,0.0,33,82.18,0.065,32,5.45,0.006,32,10.46,0.065,34,87.71,0.111,34
1786332105.964,walk vx=0.000 vy=0.000 w=0.30,-4.66,0.013,33,8.17,0.013,34,90.09,0.006,34,3.96,0.039,33,15.29,0.071,35,82.79,0.006,35,-0.53,0.019,33,3.25,0.006,33,94.04,0.0,34,-3.25,0.006,30,16.52,0.0,34,78.93,0.013,36,4.92,0.006,30,6.5,0.091,33,90.88,0.123,32,-5.54,0.026,32,10.46,0.033,34,87.36,0.006,36
1786332106.444,walk vx=0.000 vy=0.000 w=0.30,2.72,0.026,33,14.77,0.013,34,82.35,0.019,34,0.18,0.019,33,7.03,0.039,35,86.48,0.019,38,-5.36,0.006,33,16.52,0.013,33,80.51,0.026,34,4.75,0.006,30,12.39,0.006,34,79.19,0.006,36,-1.67,0.045,31,10.81,0.0,33,86.92,0.0,32,-1.23,0.026,32,17.49,0.006,34,79.98,0.019,34
1786332106.999,walk vx=0.000 vy=0.000 w=0.30,4.83,0.013,33,12.39,0.019,34,85.43,0.019,34,-5.1,0.006,33,12.66,0.0,35,87.54,0.033,38,3.69,0.019,34,18.11,0.006,33,81.56,0.097,34,0.44,0.019,30,11.34,0.006,34,92.11,0.0,36,-4.31,0.019,30,15.56,0.0,33,80.77,0.026,32,4.83,0.006,32,9.14,0.033,34,84.46,0.13,34
1786332107.481,walk vx=0.000 vy=0.000 w=0.30,-3.87,0.019,33,9.67,0.026,34,87.98,0.0,34,4.92,0.026,33,14.33,0.078,35,80.86,0.006,38,-1.85,0.019,34,5.62,0.0,33,91.14,0.0,34,-2.9,0.006,30,14.68,0.0,34,79.89,0.013,36,4.57,0.006,30,9.4,0.156,33,87.8,0.156,32,-3.69,0.013,32,11.6,0.045,34,90.62,0.0,34
1786332107.977,walk vx=0.000 vy=0.000 w=0.30,-1.58,0.006,33,16.79,0.019,34,80.6,0.013,34,1.05,0.026,33,8.17,0.0,35,86.4,0.026,38,-2.37,0.013,34,17.31,0.013,33,80.07,0.013,34,4.31,0.013,30,8.35,0.019,34,81.83,0.0,36,-2.99,0.026,31,10.37,0.0,33,88.86,0.006,32,-3.96,0.019,32,17.4,0.0,34,80.24,0.0,34
1786332108.547,walk vx=0.000 vy=0.000 w=0.30,5.54,0.0,33,12.22,0.019,34,84.81,0.033,34,-4.31,0.013,44,11.43,0.0,35,90.62,0.052,38,3.78,0.033,34,18.02,0.006,33,81.47,0.071,34,1.32,0.013,30,11.43,0.006,34,93.08,0.0,36,-4.22,0.013,31,15.29,0.0,33,80.86,0.033,32,4.75,0.006,32,15.29,0.039,35,83.06,0.078,34
1786332109.023,walk vx=0.000 vy=0.000 w=0.30,-3.69,0.013,33,9.67,0.013,34,88.68,0.0,34,0.79,0.039,33,16.35,0.078,35,80.24,0.0,38,1.93,0.006,34,7.91,0.013,33,90.88,0.013,34,-5.62,0.0,30,13.1,0.039,34,79.98,0.0,36,5.19,0.026,31,14.68,0.097,33,83.58,0.026,32,-2.37,0.039,32,4.48,0.026,34,92.46,0.006,34
1786332109.533,walk vx=0.000 vy=0.000 w=0.30,-4.13,0.013,33,17.84,0.006,34,80.51,0.078,34,2.81,0.006,33,6.94,0.019,35,83.76,0.033,38,-4.04,0.0,33,12.74,0.019,33,81.56,0.013,35,2.64,0.006,30,13.01,0.033,34,79.28,0.006,36,0.09,0.026,31,8.35,0.0,33,87.71,0.0,32,-3.87,0.013,32,16.79,0.039,34,80.42,0.045,34
1786332110.003,walk vx=0.000 vy=0.000 w=0.30,5.62,0.006,33,10.55,0.045,34,83.41,0.019,34,-5.36,0.006,33,13.36,0.0,35,93.16,0.026,38,-0.7,0.045,34,18.37,0.0,33,80.24,0.026,34,5.36,0.013,47,12.66,0.026,34,92.11,0.104,36,-6.33,0.019,30,14.85,0.0,33,82.88,0.033,32,6.24,0.013,32,16.79,0.026,34,82.18,0.071,34
1786332110.599,walk vx=0.000 vy=0.000 w=0.30,-4.48,0.019,33,10.2,0.006,34,87.89,0.0,34,2.11,0.052,33,16.35,0.0,35,78.66,0.019,38,1.67,0.006,34,11.07,0.013,33,86.4,0.033,34,-4.48,0.0,30,9.23,0.019,34,81.56,0.013,36,4.22,0.013,30,17.58,0.0,33,79.19,0.0,32,-0.62,0.006,32,4.75,0.006,34,90.7,0.0,34
1786332111.071,walk vx=0.000 vy=0.000 w=0.30,-5.01,0.006,34,17.4,0.026,34,80.68,0.013,34,2.9,0.006,33,7.47,0.019,35,84.81,0.026,38,-3.6,0.026,34,9.4,0.019,33,89.47,0.019,34,-0.09,0.033,30,16.79,0.0,34,78.93,0.026,36,3.78,0.013,34,5.54,0.0,33,93.87,0.013,32,-6.86,0.0,32,17.84,0.019,34,80.77,0.019,34
1786332111.598,walk vx=0.000 vy=0.000 w=0.30,5.89,0.019,33,11.51,0.013,34,88.51,0.026,34,-4.75,0.013,33,11.69,0.013,35,89.38,0.006,38,1.14,0.019,34,18.19,0.006,33,80.68,0.013,34,3.25,0.045,30,10.99,0.013,34,93.87,0.006,36,-4.48,0.013,31,11.69,0.019,33,83.94,0.006,32,0.79,0.013,32,17.58,0.0,34,79.37,0.013,34
1786332112.201,walk vx=0.000 vy=0.000 w=0.30,3.25,0.0,33,6.94,0.0,34,86.04,0.019,34,-4.66,0.0,33,14.77,0.019,35,82.71,0.013,49,5.19,0.019,34,9.23,0.013,33,82.79,0.065,34,-3.43,0.026,30,7.47,0.006,34,83.67,0.006,36,-0.09,0.045,31,15.56,0.182,33,79.1,0.065,32,3.96,0.0,32,8.61,0.019,34,90.0,0.026,34
1786332112.666,walk vx=0.000 vy=0.000 w=0.30,-4.13,0.006,33,17.49,0.019,34,85.52,0.0,34,4.04,0.026,33,13.45,0.143,35,81.74,0.0,38,0.79,0.013,34,10.99,0.013,33,92.55,0.0,34,-4.66,0.013,30,17.14,0.0,34,83.41,0.13,36,5.19,0.0,30,13.97,0.149,33,90.0,0.104,32,-3.25,0.019,32,9.58,0.019,34,85.61,0.0,34
1786332113.233,walk vx=0.000 vy=0.000 w=0.30,-2.29,0.0,33,17.93,0.006,34,81.47,0.084,34,3.87,0.019,33,7.03,0.045,35,83.94,0.019,38,-5.89,0.0,34,12.3,0.006,33,80.6,0.0,34,5.1,0.0,30,12.92,0.026,34,85.52,0.0,36,-2.81,0.033,39,6.24,0.006,33,85.43,0.006,32,-2.02,0.006,32,17.14,0.006,34,80.51,0.006,34
1786332113.807,walk vx=0.000 vy=0.000 w=0.30,4.83,0.019,33,11.43,0.026,34,84.2,0.013,34,-4.22,0.013,33,11.43,0.0,35,91.93,0.078,38,2.11,0.039,34,17.58,0.006,33,80.95,0.071,34,3.16,0.013,30,7.73,0.0,34,83.06,0.006,36,-4.92,0.006,31,15.64,0.0,33,85.52,0.019,32,5.45,0.013,32,5.62,0.052,34,91.85,0.033,34
1786332114.298,walk vx=0.000 vy=0.000 w=0.30,-3.6,0.013,33,9.84,0.006,34,89.38,0.0,34,0.26,0.019,33,15.47,0.117,35,81.3,0.006,38,1.32,0.006,34,9.76,0.019,33,91.49,0.026,34,-4.66,0.013,30,16.52,0.0,34,86.92,0.091,36,4.83,0.026,30,14.94,0.104,33,86.4,0.039,32,-2.2,0.019,32,14.94,0.013,34,82.0,0.006,34
1786332114.773,walk vx=0.000 vy=0.000 w=0.30,-1.49,0.006,33,18.63,0.019,34,80.16,0.026,34,4.75,0.0,33,9.76,0.058,35,84.02,0.039,38,-4.22,0.0,34,9.84,0.026,33,82.35,0.033,34,2.37,0.026,30,16.61,0.084,44,82.71,0.045,36,1.93,0.013,31,5.89,0.0,33,85.34,0.013,32,-5.19,0.013,32,14.5,0.019,34,84.11,0.0,34
1786332115.313,walk vx=0.000 vy=0.000 w=0.30,5.54,0.026,33,12.3,0.039,34,87.01,0.045,34,-5.27,0.026,34,7.91,0.0,35,91.58,0.019,38,1.49,0.039,34,16.79,0.019,33,81.04,0.052,34,5.8,0.006,30,8.17,0.013,34,80.24,0.0,36,-6.5,0.026,31,12.57,0.0,33,92.2,0.123,32,4.31,0.065,32,13.1,0.065,34,85.78,0.039,34
1786332115.882,walk vx=0.000 vy=0.000 w=0.30,0.44,0.0,33,7.73,0.0,34,87.63,0.0,34,-3.87,0.0,33,16.61,0.026,35,78.93,0.013,38,4.04,0.006,33,15.03,0.019,33,88.77,0.117,34,-2.99,0.006,30,12.39,0.033,34,94.04,0.0,36,0.26,0.052,30,17.23,0.052,33,81.74,0.019,32,4.31,0.0,32,10.11,0.006,34,80.6,0.019,34
1786332116.399,walk vx=0.000 vy=0.000 w=0.30,-5.45,0.0,33,16.17,0.058,34,83.58,0.019,34,5.71,0.026,33,13.62,0.175,35,81.65,0.013,38,-3.69,0.026,34,5.01,0.013,33,84.38,0.013,34,-1.49,0.013,30,17.4,0.0,34,79.54,0.006,36,4.66,0.013,31,7.12,0.013,33,84.46,0.019,32,-6.68,0.0,32,14.06,0.006,34,89.38,0.019,34
1786332116.872,walk vx=0.000 vy=0.000 w=0.30,5.27,0.019,33,13.62,0.039,34,84.9,0.026,34,-1.76,0.039,33,5.45,0.0,35,89.74,0.006,38,1.23,0.065,34,16.7,0.117,33,80.16,0.058,34,3.87,0.006,30,5.54,0.006,34,85.61,0.013,36,-5.36,0.0,31,13.54,0.0,33,88.86,0.136,32,4.83,0.045,32,15.29,0.078,34,79.63,0.006,34
1786332117.556,walk vx=0.000 vy=0.000 w=0.30,4.92,0.013,33,14.15,0.013,34,83.58,0.019,34,-7.03,0.033,33,13.27,0.0,35,86.57,0.078,40,3.34,0.033,34,18.28,0.0,33,82.79,0.104,34,1.05,0.013,30,10.2,0.026,34,92.37,0.006,36,-4.39,0.006,31,13.01,0.0,33,79.72,0.033,32,5.54,0.033,32,9.67,0.065,34,84.29,0.091,34
1786332118.037,walk vx=0.000 vy=0.000 w=0.30,-3.08,0.006,33,8.09,0.013,34,89.65,0.0,34,2.11,0.039,33,17.05,0.006,35,79.01,0.0,38,1.93,0.006,34,4.31,0.013,33,84.38,0.033,34,-4.39,0.0,30,12.66,0.0,34,80.42,0.006,36,3.6,0.013,31,11.69,0.13,33,78.75,0.013,32,-1.14,0.058,32,11.43,0.019,34,89.47,0.0,34
1786332118.537,walk vx=0.000 vy=0.000 w=0.30,-4.04,0.013,33,17.75,0.006,34,80.51,0.065,34,3.87,0.013,33,4.92,0.039,35,87.8,0.019,38,-4.92,0.0,34,16.44,0.0,33,87.01,0.065,34,3.78,0.013,30,12.04,0.052,34,80.07,0.013,36,-0.7,0.039,31,11.51,0.013,33,94.22,0.0,32,-2.9,0.019,32,17.49,0.0,34,79.89,0.006,34
1786332119.007,walk vx=0.000 vy=0.000 w=0.30,6.77,0.0,33,8.0,0.019,34,84.9,0.026,34,-4.92,0.026,33,14.41,0.0,35,86.04,0.078,38,5.98,0.033,34,18.54,0.019,33,79.63,0.013,34,5.8,0.0,30,10.99,0.033,34,83.85,0.006,36,-5.89,0.013,31,13.54,0.0,33,84.29,0.019,32,2.02,0.058,32,17.23,0.019,34,80.6,0.045,34
1786332119.677,walk vx=0.000 vy=0.000 w=0.30,1.05,0.019,33,13.36,0.019,34,85.17,0.019,34,-3.34,0.006,33,16.0,0.0,35,80.95,0.013,38,3.78,0.013,34,18.11,0.013,33,82.0,0.091,34,-3.96,0.033,30,10.9,0.013,34,88.95,0.0,36,0.53,0.026,30,17.05,0.0,33,80.24,0.052,32,4.39,0.013,32,8.35,0.019,53,90.62,0.065,34
1786332120.154,walk vx=0.000 vy=0.000 w=0.30,-4.66,0.013,33,10.55,0.019,34,87.71,0.0,34,5.45,0.019,33,13.89,0.136,35,83.06,0.0,38,-2.29,0.019,34,3.96,0.006,33,92.81,0.006,34,-1.76,0.013,30,17.31,0.006,34,79.1,0.0,36,3.78,0.006,31,4.22,0.006,33,92.46,0.019,32,-5.36,0.013,32,14.33,0.019,34,81.56,0.013,34
1786332120.621,walk vx=0.000 vy=0.000 w=0.30,2.9,0.019,33,10.9,0.052,34,84.81,0.013,34,-2.64,0.052,33,7.03,0.0,35,88.07,0.019,38,-1.58,0.026,34,17.31,0.006,33,81.12,0.084,34,5.1,0.006,30,7.47,0.006,34,89.82,0.019,36,-6.24,0.0,31,17.31,0.0,33,80.16,0.013,32,2.11,0.071,32,17.05,0.045,34,79.54,0.013,34
1786332121.174,walk vx=0.000 vy=0.000 w=0.30,3.96,0.006,33,10.28,0.0,34,88.86,0.0,34,-4.75,0.006,33,16.7,0.0,35,80.33,0.013,38,6.33,0.0,34,13.27,0.019,33,87.28,0.033,34,-6.5,0.026,30,11.34,0.019,34,86.75,0.0,36,3.34,0.019,31,17.4,0.052,33,79.1,0.013,32,1.49,0.006,32,8.96,0.013,34,90.88,0.026,34
1786332121.642,walk vx=0.000 vy=0.000 w=0.30,-4.83,0.0,33,15.56,0.052,34,81.83,0.006,34,4.04,0.019,33,12.3,0.097,35,85.25,0.033,38,-5.19,0.033,34,8.17,0.013,33,86.31,0.019,34,2.02,0.052,30,17.05,0.026,34,78.93,0.0,36,3.52,0.006,31,7.82,0.013,33,85.96,0.033,32,-4.57,0.006,32,13.45,0.0,34,82.27,0.019,34
1786332122.154,walk vx=0.000 vy=0.000 w=0.30,2.99,0.006,33,15.21,0.045,34,80.33,0.0,34,-0.09,0.019,33,8.88,0.0,35,88.15,0.013,38,-0.44,0.026,34,17.93,0.0,33,80.16,0.019,42,4.66,0.006,30,8.0,0.019,34,88.07,0.013,36,-5.36,0.039,31,12.92,0.0,33,87.28,0.039,32,3.87,0.058,32,13.8,0.078,34,84.73,0.045,34
1786332122.601,walk vx=0.000 vy=0.000 w=0.30,-0.62,0.019,36,8.09,0.013,34,92.29,0.0,34,-3.78,0.013,33,16.61,0.0,35,78.84,0.026,38,3.52,0.006,34,7.21,0.013,33,90.0,0.227,34,-2.72,0.006,30,10.46,0.019,34,88.51,0.0,36,1.14,0.058,31,16.52,0.084,33,79.98,0.006,32,2.2,0.006,32,6.15,0.019,34,90.44,0.0,34
1786332123.133,walk vx=0.000 vy=0.000 w=0.30,-6.06,0.006,33,17.67,0.045,34,80.33,0.0,34,5.98,0.0,33,7.82,0.111,35,85.69,0.019,38,-4.66,0.019,34,11.51,0.0,33,85.34,0.006,34,-0.26,0.019,30,14.85,0.052,34,79.45,0.0,36,2.9,0.026,31,12.04,0.091,33,86.75,0.006,32,-5.01,0.006,32,17.14,0.006,34,79.8,0.019,34
1786332123.627,walk vx=0.000 vy=0.000 w=0.30,3.96,0.033,33,17.05,0.013,34,81.47,0.026,34,-3.78,0.033,34,11.69,0.0,35,86.48,0.026,38,0.18,0.039,34,17.23,0.0,33,80.24,0.013,34,4.31,0.006,30,13.45,0.052,34,85.52,0.013,36,-4.57,0.006,31,9.93,0.026,33,84.99,0.0,32,5.01,0.013,32,17.49,0.013,34,80.6,0.065,34
1786332124.086,walk vx=0.000 vy=0.000 w=0.30,-0.88,0.019,33,3.96,0.013,34,91.85,0.0,34,-1.49,0.0,33,16.44,0.019,35,79.1,0.026,150,2.99,0.0,33,4.48,0.013,33,92.2,0.019,34,-4.57,0.006,30,9.67,0.013,34,86.13,0.013,36,3.25,0.019,31,10.81,0.221,33,83.58,0.006,32,-0.79,0.033,33,4.83,0.013,34,95.19,0.0,34
1786332124.544,walk vx=0.000 vy=0.000 w=0.30,-4.13,0.006,33,17.05,0.039,34,80.51,0.006,34,5.45,0.026,33,11.69,0.13,35,84.02,0.006,38,-4.57,0.013,34,12.74,0.0,33,83.94,0.006,34,-0.7,0.026,30,17.23,0.033,34,79.1,0.0,36,4.48,0.013,31,13.8,0.058,33,82.71,0.013,32,-4.92,0.006,32,15.64,0.039,34,80.68,0.006,34
1786332125.148,walk vx=0.000 vy=0.000 w=0.30,3.69,0.019,33,17.93,0.006,34,79.45,0.0,34,-2.99,0.039,33,9.23,0.006,35,89.65,0.006,38,-2.99,0.019,34,15.03,0.013,33,82.44,0.019,34,5.1,0.006,30,12.04,0.065,34,86.31,0.058,36,-4.39,0.019,31,5.45,0.006,34,93.34,0.006,32,1.14,0.039,32,17.49,0.013,34,80.51,0.0,34
1786332125.676,walk vx=0.000 vy=0.000 w=0.30,2.9,0.0,33,3.52,0.013,35,92.9,0.019,34,-2.55,0.006,33,14.41,0.0,35,80.6,0.026,38,6.15,0.0,34,8.53,0.019,33,88.95,0.195,34,-2.37,0.019,30,8.0,0.013,34,87.01,0.006,36,-0.79,0.026,31,16.17,0.091,33,79.54,0.006,32,2.64,0.033,33,6.15,0.006,34,93.6,0.058,34
1786332126.167,walk vx=0.000 vy=0.000 w=0.30,-5.27,0.006,33,16.79,0.013,34,81.74,0.006,34,4.57,0.026,33,12.04,0.104,35,80.07,0.0,38,-3.69,0.026,34,11.95,0.0,33,85.43,0.033,34,-6.24,0.0,30,16.7,0.006,34,83.67,0.052,36,5.8,0.019,31,17.31,0.045,33,79.28,0.006,32,-1.05,0.045,32,11.16,0.033,34,86.48,0.0,34
1786332126.773,walk vx=0.000 vy=0.000 w=0.30,-3.34,0.013,33,16.88,0.026,34,81.04,0.006,34,3.52,0.026,33,8.79,0.091,35,89.03,0.033,38,-5.45,0.006,34,8.79,0.013,33,88.07,0.026,34,5.45,0.033,30,14.06,0.078,34,81.12,0.006,36,-2.81,0.013,31,3.78,0.013,33,94.39,0.013,32,-3.16,0.013,32,17.75,0.006,34,80.77,0.0,34
1786332127.242,walk vx=0.000 vy=0.000 w=0.30,4.66,0.006,33,5.54,0.019,34,91.67,0.019,34,-4.75,0.006,33,13.01,0.0,35,83.41,0.039,38,4.57,0.026,34,14.15,0.0,33,85.17,0.175,34,-0.35,0.045,30,8.17,0.0,34,91.58,0.0,36,-3.52,0.013,30,17.23,0.033,33,79.01,0.033,32,5.8,0.013,32,11.34,0.013,34,88.15,0.201,34
1786332127.753,walk vx=0.000 vy=0.000 w=0.30,-5.1,0.019,33,13.89,0.013,34,83.5,0.0,34,4.66,0.033,33,16.08,0.084,35,80.24,0.0,38,-0.7,0.013,34,10.81,0.0,33,85.43,0.006,34,-2.11,0.033,30,17.14,0.0,34,79.19,0.006,36,4.04,0.006,31,15.03,0.058,33,81.04,0.019,33,-3.6,0.039,32,10.37,0.039,34,89.91,0.0,34
1786332128.324,walk vx=0.000 vy=0.000 w=0.30,-4.57,0.006,33,15.64,0.039,34,83.06,0.013,39,4.31,0.013,33,9.05,0.104,35,87.1,0.026,38,-5.27,0.0,33,8.17,0.006,33,89.74,0.013,34,4.22,0.026,30,16.08,0.084,34,78.84,0.026,36,-0.97,0.052,30,5.19,0.006,33,94.57,0.019,32,-3.87,0.013,32,17.31,0.026,34,80.95,0.026,34
1786332128.776,walk vx=0.000 vy=0.000 w=0.30,5.19,0.0,33,9.14,0.019,34,90.79,0.026,34,-5.1,0.0,33,11.51,0.0,35,84.9,0.013,38,3.78,0.026,34,16.88,0.006,33,84.38,0.182,34,-0.35,0.026,30,7.47,0.006,34,94.13,0.006,36,-2.55,0.013,31,17.4,0.013,33,79.19,0.013,32,6.06,0.013,32,11.43,0.039,34,83.41,0.136,34
1786332129.257,walk vx=0.000 vy=0.000 w=0.30,-3.6,0.006,33,12.04,0.013,34,84.02,0.0,34,1.67,0.045,33,15.73,0.091,35,79.28,0.006,38,1.49,0.0,34,9.67,0.006,33,86.66,0.0,34,-5.27,0.006,30,15.73,0.019,34,79.63,0.0,36,5.1,0.006,31,15.12,0.104,33,82.53,0.045,32,-4.66,0.013,32,9.93,0.033,34,92.55,0.006,34
1786332129.744,walk vx=0.000 vy=0.000 w=0.30,-0.88,0.013,33,17.67,0.0,34,79.89,0.0,34,3.6,0.019,33,7.91,0.039,35,91.14,0.026,38,-5.45,0.006,34,12.13,0.006,33,84.73,0.019,34,5.71,0.019,30,17.05,0.058,34,78.93,0.0,36,2.81,0.026,39,5.8,0.006,33,90.09,0.052,32,-6.24,0.006,32,17.4,0.033,34,81.3,0.006,34
1786332130.361,walk vx=0.000 vy=0.000 w=0.30,6.59,0.006,33,11.95,0.0,34,84.38,0.013,34,-5.62,0.045,33,10.2,0.0,35,85.87,0.006,38,2.72,0.039,34,18.28,0.006,33,82.18,0.13,34,2.11,0.013,30,10.46,0.013,34,85.69,0.033,36,-4.04,0.006,31,14.68,0.013,33,84.9,0.019,32,3.25,0.019,32,16.61,0.013,34,81.65,0.149,34
1786332130.861,walk vx=0.000 vy=0.000 w=0.30,0.88,0.013,33,9.67,0.013,34,87.63,0.0,34,-0.88,0.013,33,16.88,0.0,35,81.21,0.058,38,2.72,0.006,34,10.37,0.013,33,82.0,0.104,34,-3.43,0.013,30,11.16,0.026,34,89.38,0.006,36,0.88,0.033,31,16.44,0.078,33,80.51,0.0,32,0.62,0.013,32,6.5,0.013,34,93.96,0.0,34
1786332131.349,walk vx=0.000 vy=0.000 w=0.30,-4.57,0.0,33,17.84,0.019,34,81.04,0.006,34,5.8,0.0,33,7.56,0.084,35,90.53,0.175,38,-5.45,0.033,34,10.72,0.0,33,90.35,0.013,39,0.97,0.039,30,15.91,0.039,34,81.83,0.026,36,2.46,0.026,31,8.17,0.0,33,89.74,0.019,32,-5.1,0.006,33,18.02,0.039,34,82.18,0.006,34
1786332131.931,walk vx=0.000 vy=0.000 w=0.30,1.32,0.006,33,16.17,0.026,34,81.91,0.013,34,-0.53,0.026,33,8.0,0.006,35,88.42,0.006,38,-2.99,0.006,34,18.11,0.026,33,81.56,0.156,34,5.1,0.006,30,7.47,0.006,34,83.32,0.033,36,-4.22,0.006,31,10.9,0.0,33,84.55,0.039,32,1.58,0.019,32,13.18,0.039,34,81.04,0.078,34
1786332132.370,walk vx=0.000 vy=0.000 w=0.30,2.11,0.0,33,8.17,0.0,34,87.45,0.0,34,-3.78,0.006,33,16.7,0.052,35,79.1,0.013,38,5.36,0.013,34,10.81,0.019,33,81.3,0.039,34,-6.15,0.019,31,15.38,0.019,34,90.62,0.006,36,3.52,0.019,31,16.35,0.117,33,79.72,0.006,32,1.23,0.013,33,10.63,0.013,34,94.66,0.006,34
1786332132.856,walk vx=0.000 vy=0.000 w=0.30,-4.66,0.006,33,17.23,0.013,34,81.56,0.019,34,4.83,0.006,33,10.63,0.136,35,86.48,0.091,38,-5.19,0.013,34,10.72,0.0,31,90.53,0.013,34,3.34,0.039,30,16.35,0.033,34,82.97,0.033,36,0.44,0.013,31,6.86,0.0,33,92.46,0.006,32,-4.31,0.0,32,18.02,0.058,34,81.91,0.24,34
1786332133.293,walk vx=0.000 vy=0.000 w=0.30,4.31,0.0,33,9.32,0.019,34,89.47,0.013,34,-4.48,0.026,33,10.99,0.0,35,86.75,0.006,41,2.02,0.026,34,17.14,0.006,33,84.38,0.201,34,2.2,0.006,31,8.35,0.0,34,82.62,0.019,36,-4.57,0.026,31,13.62,0.0,33,82.53,0.026,32,3.08,0.026,32,16.17,0.019,34,80.42,0.052,34
1786332133.858,walk vx=0.000 vy=0.000 w=0.30,0.44,0.006,33,8.7,0.013,34,87.36,0.0,34,-2.11,0.033,33,17.05,0.006,35,79.19,0.006,38,4.13,0.006,34,8.44,0.013,33,86.57,0.033,34,-4.75,0.033,30,12.3,0.052,34,90.35,0.006,36,2.72,0.013,31,14.33,0.091,33,79.89,0.0,32,2.46,0.013,36,8.09,0.006,34,93.96,0.013,34
1786332134.352,walk vx=0.000 vy=0.000 w=0.30,-5.62,0.013,33,17.31,0.0,34,80.24,0.006,34,5.98,0.0,33,10.37,0.156,35,85.34,0.052,38,-5.8,0.026,34,12.22,0.0,33,86.48,0.019,34,2.55,0.045,30,17.14,0.045,34,80.68,0.019,36,1.05,0.033,31,10.28,0.006,33,88.51,0.019,32,-4.83,0.006,33,16.96,0.045,34,80.86,0.013,34
1786332134.818,walk vx=0.000 vy=0.000 w=0.30,5.19,0.006,33,14.41,0.006,34,84.11,0.019,34,-5.01,0.019,33,9.32,0.0,35,88.15,0.019,38,2.81,0.019,34,18.19,0.0,33,81.04,0.078,34,1.41,0.006,30,7.38,0.0,34,85.17,0.013,36,-3.16,0.013,31,14.24,0.0,34,82.62,0.013,32,4.92,0.0,32,12.22,0.013,34,81.74,0.065,34
1786332135.277,walk vx=0.000 vy=0.000 w=0.30,-2.2,0.026,33,7.73,0.019,34,88.15,0.006,34,0.18,0.026,33,16.08,0.052,35,79.8,0.006,38,2.02,0.013,34,7.29,0.013,33,89.74,0.058,34,-5.01,0.033,30,12.74,0.0,34,92.55,0.013,36,2.64,0.033,31,14.24,0.123,33,79.8,0.006,32,0.7,0.006,32,8.0,0.026,34,96.59,0.006,34
1786332135.843,walk vx=0.000 vy=0.000 w=0.30,-5.27,0.006,33,17.23,0.006,34,81.12,0.0,34,6.68,0.006,33,9.67,0.078,35,86.92,0.045,38,-5.1,0.026,34,13.71,0.019,33,83.94,0.019,34,2.81,0.045,30,16.08,0.026,34,83.85,0.019,36,2.99,0.026,31,10.11,0.0,33,91.23,0.006,32,-5.8,0.0,32,18.19,0.033,34,81.21,0.104,34
1786332136.315,walk vx=0.000 vy=0.000 w=0.30,6.06,0.0,33,15.21,0.0,33,86.48,0.019,34,-5.01,0.019,34,10.55,0.0,35,86.57,0.019,38,2.81,0.026,34,18.19,0.006,33,80.95,0.071,34,1.58,0.006,30,8.88,0.0,34,81.47,0.026,36,-4.31,0.026,31,14.59,0.006,33,79.98,0.006,32,4.57,0.013,33,15.56,0.039,34,81.04,0.143,34
1786332136.789,walk vx=0.000 vy=0.000 w=0.30,-3.69,0.013,33,5.98,0.006,34,86.4,0.0,34,1.49,0.033,33,16.35,0.084,35,78.84,0.019,38,0.88,0.013,34,7.21,0.0,33,90.7,0.0,34,-3.25,0.026,31,15.56,0.006,34,87.89,0.026,36,5.19,0.006,31,13.18,0.13,33,79.89,0.006,32,-4.75,0.026,32,6.42,0.019,34,94.04,0.006,34
1786332137.368,walk vx=0.000 vy=0.000 w=0.30,-5.19,0.019,33,17.14,0.0,34,82.27,0.019,34,5.45,0.013,33,11.16,0.104,35,86.92,0.026,38,-4.48,0.026,49,10.99,0.026,33,84.73,0.006,34,0.97,0.052,30,17.84,0.006,83,80.33,0.058,36,3.34,0.013,31,7.56,0.019,33,93.43,0.045,32,-5.1,0.006,32,16.96,0.065,34,81.21,0.0,34
1786332137.874,walk vx=0.000 vy=0.000 w=0.30,4.04,0.006,33,16.61,0.006,34,83.85,0.026,34,-1.41,0.033,33,8.26,0.0,35,88.15,0.006,38,-1.67,0.019,34,17.93,0.019,33,80.68,0.033,34,5.27,0.0,30,11.43,0.006,34,83.85,0.026,36,-4.92,0.0,31,12.48,0.0,33,82.71,0.019,32,1.23,0.019,32,16.88,0.013,34,80.6,0.052,34
1786332138.386,walk vx=0.000 vy=0.000 w=0.30,1.05,0.0,33,6.15,0.0,34,87.1,0.0,34,-3.16,0.026,33,16.26,0.0,35,80.07,0.039,38,4.75,0.0,34,10.02,0.019,33,84.38,0.084,34,-4.13,0.006,36,9.58,0.019,34,90.62,0.0,36,1.58,0.045,31,17.31,0.078,33,78.66,0.026,32,4.13,0.026,34,8.17,0.0,34,91.76,0.045,34
1786332138.886,walk vx=0.000 vy=0.000 w=0.30,-4.83,0.006,33,17.14,0.019,34,83.14,0.033,34,5.98,0.013,34,11.25,0.136,35,87.71,0.039,38,-5.71,0.039,34,10.02,0.006,33,92.55,0.013,34,-5.1,0.019,30,16.96,0.006,34,81.47,0.006,36,6.15,0.006,31,10.11,0.033,33,83.58,0.039,32,-4.04,0.026,33,11.51,0.039,34,86.84,0.0,34
1786332139.511,walk vx=0.000 vy=0.000 w=0.30,-0.62,0.013,33,18.11,0.013,34,80.33,0.039,34,1.14,0.019,33,9.49,0.045,35,87.1,0.026,38,-2.64,0.006,34,12.13,0.026,33,80.51,0.045,34,4.57,0.019,30,16.35,0.026,34,79.54,0.013,36,-1.58,0.026,31,10.11,0.013,33,91.32,0.0,32,-3.08,0.013,32,17.4,0.013,34,81.47,0.0,34
1786332140.020,walk vx=0.000 vy=0.000 w=0.30,5.19,0.006,33,5.45,0.013,43,86.75,0.013,34,-4.22,0.006,33,9.93,0.0,35,87.01,0.026,38,4.39,0.026,34,12.83,0.006,33,81.39,0.123,34,0.88,0.019,30,6.68,0.006,34,93.43,0.006,36,-2.72,0.019,30,16.88,0.0,33,78.84,0.039,32,4.31,0.006,32,11.25,0.013,34,88.51,0.045,34
1786332140.527,walk vx=0.000 vy=0.000 w=0.30,-2.99,0.026,33,14.59,0.019,34,87.98,0.006,34,-0.62,0.026,33,18.19,0.006,35,79.89,0.006,38,3.6,0.006,33,12.92,0.013,33,90.62,0.026,34,-5.98,0.006,30,16.17,0.026,34,83.41,0.019,36,3.25,0.026,31,18.19,0.006,33,79.01,0.0,32,2.64,0.0,29,8.61,0.006,34,87.63,0.013,34
1786332141.114,walk vx=0.000 vy=0.000 w=0.30,-4.13,0.0,33,15.38,0.033,34,79.45,0.013,34,6.33,0.0,33,12.48,0.019,35,83.85,0.019,38,-5.36,0.033,34,7.29,0.019,33,86.4,0.019,34,2.99,0.033,30,17.93,0.0,34,78.93,0.0,36,3.96,0.006,31,7.21,0.013,33,94.39,0.026,32,-4.92,0.0,32,15.47,0.045,34,82.79,0.019,34
1786332141.614,walk vx=0.000 vy=0.000 w=0.30,4.04,0.019,33,11.87,0.006,34,83.41,0.0,34,-3.34,0.019,33,8.7,0.013,35,90.35,0.0,38,0.26,0.013,34,18.11,0.006,33,79.72,0.0,34,3.87,0.006,30,7.03,0.006,34,88.86,0.019,36,-6.86,0.019,31,13.45,0.0,33,80.77,0.019,32,3.16,0.019,33,13.89,0.052,34,82.88,0.033,34
1786332142.133,walk vx=0.000 vy=0.000 w=0.30,-0.09,0.0,33,11.07,0.0,34,88.24,0.0,34,-3.78,0.0,33,16.96,0.026,35,79.28,0.013,38,4.66,0.0,34,13.54,0.013,33,85.78,0.058,34,-4.83,0.039,30,15.82,0.065,34,83.94,0.0,36,3.52,0.019,31,17.05,0.071,33,79.1,0.013,32,1.76,0.006,32,9.76,0.006,34,86.13,0.013,34
1786332142.581,walk vx=0.000 vy=0.000 w=0.30,-2.9,0.019,33,16.35,0.039,34,81.04,0.0,34,6.06,0.026,33,13.36,0.117,35,79.98,0.0,38,-5.36,0.039,34,5.1,0.0,33,91.49,0.026,53,0.7,0.058,30,16.7,0.013,34,79.45,0.019,36,3.96,0.006,31,4.83,0.013,33,93.16,0.117,32,-4.75,0.0,32,13.1,0.013,34,88.33,0.019,34
1786332143.143,walk vx=0.000 vy=0.000 w=0.30,2.81,0.026,33,13.45,0.019,34,85.61,0.033,34,-2.11,0.033,33,7.47,0.0,35,92.72,0.006,38,-0.18,0.033,34,18.11,0.0,33,81.56,0.039,34,4.22,0.0,30,6.77,0.013,34,88.24,0.026,36,-6.24,0.019,31,15.38,0.0,33,82.27,0.013,32,2.11,0.033,32,16.52,0.026,34,84.64,0.071,34
1786332143.630,walk vx=0.000 vy=0.000 w=0.30,1.14,0.0,33,9.67,0.013,34,84.9,0.013,36,-3.08,0.019,33,16.96,0.0,35,79.45,0.0,38,5.1,0.0,34,13.71,0.019,33,80.86,0.058,34,-4.66,0.013,31,13.8,0.006,34,87.28,0.0,36,2.2,0.026,31,17.14,0.071,33,78.66,0.033,32,3.96,0.006,32,7.73,0.013,34,83.85,0.026,34
1786332144.122,walk vx=0.000 vy=0.000 w=0.30,-4.66,0.0,33,15.12,0.033,34,85.08,0.013,34,4.66,0.0,33,11.78,0.149,35,81.3,0.013,38,-4.66,0.019,34,6.86,0.006,33,92.9,0.019,34,1.14,0.039,30,16.35,0.078,34,79.1,0.006,36,4.57,0.006,31,10.46,0.143,33,88.59,0.111,32,-2.29,0.019,39,8.17,0.019,34,94.39,0.013,34
1786332144.755,walk vx=0.000 vy=0.000 w=0.30,-2.2,0.006,33,17.31,0.013,34,81.21,0.117,34,3.25,0.019,33,3.6,0.006,35,95.98,0.026,38,-4.57,0.013,34,16.0,0.013,33,79.98,0.033,34,5.01,0.019,30,6.24,0.019,34,82.79,0.006,36,-2.64,0.045,31,10.63,0.0,33,85.17,0.0,32,-2.9,0.039,33,13.8,0.084,34,82.27,0.0,34
1786332145.224,walk vx=0.000 vy=0.000 w=0.30,5.45,0.0,33,10.9,0.019,38,83.94,0.033,34,-5.36,0.006,33,15.73,0.006,35,80.68,0.026,38,6.15,0.006,34,15.38,0.013,33,80.24,0.026,34,-0.44,0.026,30,13.62,0.0,34,89.12,0.013,36,-2.11,0.019,31,16.61,0.0,33,80.24,0.091,32,4.31,0.019,33,13.01,0.058,34,81.3,0.039,34
1786332145.690,walk vx=0.000 vy=0.000 w=0.30,-5.98,0.013,33,11.25,0.019,34,89.74,0.026,34,4.31,0.019,33,16.35,0.117,35,78.66,0.006,38,-1.76,0.026,34,5.89,0.0,33,93.96,0.0,34,-4.39,0.013,30,16.52,0.006,34,79.19,0.006,36,4.22,0.013,31,9.67,0.123,33,89.47,0.084,32,-3.52,0.019,33,8.61,0.019,34,91.32,0.006,34
1786332146.224,walk vx=0.000 vy=0.000 w=0.30,-0.26,0.0,33,17.49,0.0,34,80.68,0.026,34,5.1,0.006,33,8.09,0.078,35,89.03,0.019,39,-4.04,0.006,34,12.13,0.0,33,84.46,0.0,35,0.0,0.019,30,16.17,0.052,34,79.1,0.006,36,4.48,0.006,31,5.8,0.006,33,83.14,0.019,32,-5.98,0.006,33,17.05,0.019,34,80.24,0.0,34
1786332146.852,walk vx=0.000 vy=0.000 w=0.30,4.31,0.013,33,13.8,0.0,34,80.33,0.006,34,-4.48,0.019,33,11.51,0.006,35,83.76,0.013,38,1.41,0.033,34,17.75,0.006,33,81.04,0.0,34,4.83,0.013,30,9.84,0.019,34,89.03,0.019,36,-5.45,0.006,31,16.96,0.0,33,87.71,0.052,32,5.45,0.019,32,14.41,0.026,34,80.77,0.058,34
1786332147.310,walk vx=0.000 vy=0.000 w=0.30,-2.11,0.026,33,9.32,0.019,34,92.46,0.006,34,1.49,0.013,34,15.73,0.13,35,79.8,0.071,38,1.32,0.006,34,6.68,0.006,33,93.6,0.019,34,-6.68,0.006,30,14.59,0.019,34,82.09,0.013,36,4.22,0.013,31,16.35,0.169,33,85.25,0.0,32,-2.37,0.033,33,9.4,0.026,34,94.22,0.006,34
1786332147.754,walk vx=0.000 vy=0.000 w=0.30,-4.13,0.0,33,17.67,0.006,34,80.68,0.045,34,4.92,0.013,33,10.11,0.156,35,92.46,0.013,38,-4.48,0.013,34,12.22,0.013,33,81.56,0.006,34,4.39,0.026,30,16.35,0.0,34,79.72,0.006,36,6.33,0.006,31,8.88,0.033,33,79.8,0.013,32,-5.98,0.0,33,13.1,0.065,34,83.32,0.0,34
1786332148.470,walk vx=0.000 vy=0.000 w=0.30,2.37,0.052,33,16.88,0.013,34,79.54,0.013,34,0.0,0.033,33,10.28,0.039,35,85.34,0.0,38,-2.64,0.033,34,16.79,0.0,33,86.4,0.071,34,4.39,0.006,30,16.0,0.033,34,79.19,0.0,36,-2.99,0.019,31,10.81,0.0,33,94.57,0.006,32,0.35,0.019,32,17.75,0.019,33,80.77,0.006,34
1786332148.939,walk vx=0.000 vy=0.000 w=0.30,4.04,0.006,33,9.58,0.019,34,94.66,0.019,34,-5.19,0.0,33,12.04,0.0,35,85.17,0.097,38,5.27,0.013,34,15.29,0.0,33,88.51,0.214,34,-0.79,0.026,30,5.27,0.013,34,93.96,0.0,36,0.09,0.026,31,17.23,0.065,86,79.19,0.0,32,3.52,0.026,32,6.33,0.006,34,92.81,0.045,34
1786332149.421,walk vx=0.000 vy=0.000 w=0.30,-4.83,0.006,33,13.54,0.078,34,81.12,0.006,34,4.22,0.026,34,11.25,0.111,35,83.94,0.019,38,-2.29,0.013,34,7.56,0.013,33,85.78,0.0,34,-1.58,0.033,31,16.7,0.052,34,79.19,0.006,36,4.92,0.019,31,10.37,0.019,33,84.64,0.039,32,-5.89,0.0,33,15.03,0.026,34,87.54,0.0,34
1786332150.057,walk vx=0.000 vy=0.000 w=0.30,-2.99,0.019,33,17.23,0.0,34,80.16,0.019,34,4.48,0.013,33,10.72,0.078,35,86.48,0.019,38,-6.15,0.006,34,11.6,0.0,33,87.01,0.033,34,5.8,0.013,30,16.88,0.039,34,80.16,0.006,36,-3.34,0.033,31,6.42,0.006,33,93.08,0.006,32,-1.23,0.013,33,17.58,0.013,34,80.95,0.013,34
1786332150.524,walk vx=0.000 vy=0.000 w=0.30,3.96,0.0,33,8.09,0.013,34,90.79,0.019,34,-4.31,0.0,33,8.7,0.0,35,87.01,0.013,38,3.96,0.039,34,16.08,0.006,33,84.9,0.156,34,0.09,0.013,30,4.57,0.006,34,90.44,0.006,36,-2.46,0.013,31,17.4,0.006,33,78.93,0.013,32,4.04,0.006,33,11.95,0.052,34,88.07,0.149,34
1786332151.006,walk vx=0.000 vy=0.000 w=0.30,-2.11,0.019,33,13.8,0.026,34,82.44,0.033,34,1.14,0.039,33,13.97,0.039,35,79.28,0.006,38,2.9,0.006,34,11.25,0.006,33,86.92,0.0,34,-6.15,0.006,30,17.58,0.0,34,79.63,0.026,36,4.66,0.006,31,13.27,0.065,33,83.94,0.026,32,-3.08,0.019,32,11.16,0.039,34,86.22,0.0,34
1786332151.464,walk vx=0.000 vy=0.000 w=0.30,-0.88,0.013,33,17.84,0.0,34,79.98,0.026,34,1.58,0.019,44,10.9,0.013,35,91.23,0.0,38,-4.22,0.019,34,13.45,0.033,33,81.74,0.019,34,5.1,0.006,30,15.64,0.071,34,80.51,0.006,36,-0.26,0.033,31,5.36,0.013,33,94.04,0.0,32,-3.96,0.019,33,17.23,0.019,34,81.21,0.0,34
1786332152.039,walk vx=0.000 vy=0.000 w=0.30,5.54,0.0,33,7.91,0.026,34,92.99,0.013,34,-6.15,0.013,33,7.73,0.0,35,83.5,0.006,38,4.57,0.013,34,15.82,0.006,32,88.77,0.208,34,-1.67,0.019,30,6.77,0.006,34,91.23,0.006,36,-4.48,0.019,31,17.49,0.019,33,81.04,0.006,32,5.62,0.019,33,12.48,0.026,34,88.33,0.189,34
1786332152.523,walk vx=0.000 vy=0.000 w=0.30,-3.69,0.033,33,12.92,0.013,34,84.73,0.006,34,0.97,0.026,33,14.94,0.078,35,78.84,0.045,46,2.64,0.013,34,10.72,0.0,33,86.4,0.026,34,-4.66,0.013,30,16.79,0.013,34,80.16,0.013,36,4.83,0.013,31,14.94,0.078,34,81.56,0.006,32,-2.99,0.033,33,9.67,0.045,34,86.66,0.0,34
1786332153.008,walk vx=0.000 vy=0.000 w=0.30,-2.55,0.006,33,17.58,0.0,33,79.8,0.006,34,4.31,0.013,33,10.28,0.065,35,93.34,0.006,38,-5.71,0.006,34,12.13,0.026,33,84.55,0.019,34,5.62,0.013,30,12.83,0.052,34,79.98,0.0,35,-1.41,0.019,31,6.15,0.006,33,90.97,0.013,32,-0.79,0.026,33,17.49,0.013,34,80.77,0.013,34
1786332153.444,walk vx=0.000 vy=0.000 w=0.30,3.6,0.0,33,5.1,0.013,34,84.81,0.013,34,-5.54,0.019,34,8.0,0.0,35,82.88,0.006,38,2.81,0.019,34,16.79,0.006,33,85.34,0.189,34,1.67,0.019,31,6.77,0.006,34,92.9,0.013,36,-5.54,0.013,31,16.79,0.0,33,81.39,0.033,32,5.27,0.006,32,11.69,0.045,34,88.24,0.24,34
1786332154.058,walk vx=0.000 vy=0.000 w=0.30,-2.29,0.033,33,11.6,0.013,34,91.67,0.019,34,0.35,0.019,33,15.56,0.091,35,80.77,0.117,38,2.11,0.013,34,8.17,0.019,33,83.94,0.091,34,-3.69,0.013,30,16.26,0.013,34,81.39,0.033,36,5.27,0.013,31,16.44,0.143,33,79.89,0.013,32,-0.09,0.026,33,10.63,0.013,34,86.92,0.0,34
1786332154.556,walk vx=0.000 vy=0.000 w=0.30,-3.87,0.013,33,18.19,0.026,34,80.6,0.033,34,4.48,0.006,33,10.72,0.117,35,91.23,0.019,38,-4.92,0.006,34,14.68,0.019,33,88.68,0.033,34,2.9,0.033,30,16.0,0.052,34,80.07,0.013,36,-1.85,0.033,31,6.68,0.0,33,90.79,0.006,32,-4.13,0.019,32,16.96,0.045,34,81.47,0.0,34
1786332155.035,walk vx=0.000 vy=0.000 w=0.30,6.24,0.006,33,10.2,0.013,34,83.23,0.026,34,-6.5,0.013,33,9.32,0.0,35,83.67,0.026,38,5.36,0.026,34,16.88,0.0,33,85.34,0.195,34,-1.14,0.019,30,5.89,0.006,34,89.65,0.006,36,-5.19,0.013,31,14.85,0.006,33,81.56,0.0,32,4.92,0.013,33,11.87,0.006,34,84.73,0.234,34
1786332155.584,walk vx=0.000 vy=0.000 w=0.30,-1.93,0.013,33,8.61,0.019,34,92.02,0.0,34,-0.09,0.026,34,16.35,0.091,35,79.01,0.058,38,2.2,0.013,34,8.79,0.006,33,84.38,0.117,34,-3.78,0.006,31,15.91,0.006,34,86.04,0.006,36,3.34,0.013,31,15.56,0.143,34,79.28,0.013,32,1.76,0.033,33,10.63,0.013,34,88.95,0.0,34
1786332156.076,walk vx=0.000 vy=0.000 w=0.30,-4.92,0.013,33,17.75,0.006,34,79.54,0.006,34,5.1,0.0,34,10.63,0.091,35,85.34,0.026,38,-5.01,0.013,34,12.48,0.006,33,89.03,0.019,34,2.29,0.039,30,16.52,0.052,34,80.16,0.006,35,0.79,0.033,31,8.53,0.0,33,90.7,0.0,32,-4.48,0.013,33,16.7,0.045,34,81.39,0.0,34
1786332156.551,walk vx=0.000 vy=0.000 w=0.30,5.98,0.006,33,12.48,0.013,34,85.96,0.013,34,-5.98,0.045,33,9.32,0.0,35,88.68,0.026,38,2.99,0.026,34,18.28,0.006,33,84.11,0.182,34,2.29,0.019,30,5.89,0.006,34,87.19,0.006,36,-4.31,0.006,31,14.85,0.006,33,81.65,0.013,32,4.83,0.006,33,10.72,0.039,34,85.08,0.175,34
1786332157.020,walk vx=0.000 vy=0.000 w=0.30,-3.34,0.006,33,9.76,0.013,34,87.54,0.0,34,2.02,0.045,33,16.96,0.013,35,79.01,0.045,38,4.75,0.006,34,12.3,0.026,33,80.86,0.013,34,-5.27,0.006,30,13.62,0.0,34,91.05,0.0,36,0.18,0.033,31,18.19,0.006,33,79.89,0.006,32,3.16,0.0,33,8.88,0.0,34,92.29,0.0,34
1786332157.606,walk vx=0.000 vy=0.000 w=0.30,-5.1,0.0,33,17.05,0.019,34,79.63,0.006,34,4.75,0.006,34,15.03,0.0,35,80.6,0.0,38,-4.75,0.026,34,9.93,0.019,33,93.34,0.013,34,0.53,0.039,31,18.19,0.006,34,79.98,0.0,36,2.99,0.006,31,8.09,0.006,33,88.68,0.019,32,-6.06,0.013,33,15.56,0.033,34,80.24,0.033,34
1786332158.122,walk vx=0.000 vy=0.000 w=0.30,4.48,0.0,33,16.35,0.006,34,84.02,0.013,34,-3.87,0.065,33,4.57,0.013,35,95.27,0.0,38,0.18,0.013,34,18.46,0.026,33,82.18,0.279,34,4.13,0.013,30,8.44,0.019,34,83.85,0.026,36,-4.39,0.019,31,13.01,0.026,34,84.02,0.013,32,2.46,0.019,32,14.94,0.052,34,80.07,0.019,34
1786332158.602,walk vx=0.000 vy=0.000 w=0.30,1.41,0.019,33,5.36,0.013,34,88.15,0.006,34,-2.72,0.0,33,16.52,0.071,35,78.84,0.019,38,4.75,0.006,34,8.44,0.019,33,85.43,0.039,34,-4.13,0.013,31,11.43,0.006,34,93.78,0.013,36,-5.8,0.013,31,16.88,0.0,33,80.86,0.039,32,6.33,0.019,33,9.93,0.052,34,89.74,0.052,34
1786332159.274,walk vx=0.000 vy=0.000 w=0.30,-4.39,0.026,33,13.45,0.0,34,85.78,0.0,34,3.69,0.039,33,16.7,0.0,35,79.19,0.026,38,0.26,0.013,34,11.78,0.013,33,91.76,0.006,34,-3.34,0.013,31,17.14,0.0,34,79.37,0.006,35,4.83,0.019,31,11.51,0.071,34,87.45,0.033,32,-4.13,0.006,33,12.22,0.019,34,83.14,0.0,34
1786332159.706,walk vx=0.000 vy=0.000 w=0.30,0.0,0.013,33,17.84,0.006,34,79.72,0.0,34,1.58,0.013,34,4.31,0.026,35,94.92,0.026,38,-4.92,0.006,34,11.51,0.026,33,79.98,0.006,35,5.8,0.013,31,13.97,0.019,34,79.37,0.0,36,-2.9,0.045,31,8.09,0.0,33,87.54,0.013,32,-1.67,0.026,33,16.88,0.006,34,80.24,0.026,34
1786332160.243,walk vx=0.000 vy=0.000 w=0.30,5.45,0.013,33,5.27,0.013,34,92.99,0.019,34,-3.87,0.006,33,14.85,0.0,35,80.16,0.033,38,4.57,0.026,34,12.13,0.0,33,82.71,0.071,34,-0.44,0.019,37,6.77,0.006,34,93.78,0.006,36,-1.32,0.006,31,17.23,0.026,34,79.54,0.033,32,5.36,0.0,33,9.14,0.033,34,92.81,0.019,34
1786332160.700,walk vx=0.000 vy=0.000 w=0.30,-5.71,0.013,33,12.92,0.006,34,84.73,0.0,36,-2.46,0.0,34,16.44,0.013,43,80.24,0.019,38,4.48,0.006,34,14.85,0.039,33,89.3,0.039,34,-6.59,0.0,31,15.64,0.019,34,81.04,0.013,36,6.33,0.013,31,14.59,0.136,33,83.32,0.0,32,-2.02,0.019,33,8.44,0.013,34,83.85,0.006,34
1786332161.327,walk vx=0.000 vy=0.000 w=0.30,-1.32,0.006,33,14.68,0.019,34,81.3,0.0,34,3.08,0.006,34,7.47,0.123,35,87.45,0.026,38,-3.69,0.0,34,6.68,0.006,33,83.41,0.039,34,1.76,0.045,30,16.61,0.058,34,79.37,0.019,35,-0.09,0.026,31,9.84,0.026,34,85.52,0.006,32,-4.92,0.006,33,16.17,0.0,34,84.46,0.039,34
1786332161.813,walk vx=0.000 vy=0.000 w=0.30,4.31,0.006,33,9.23,0.019,34,89.12,0.033,34,-5.27,0.058,33,11.07,0.0,35,86.84,0.058,38,2.46,0.052,34,16.35,0.039,33,80.42,0.033,34,2.99,0.019,31,7.03,0.006,34,93.08,0.013,35,-6.77,0.006,31,11.6,0.0,34,87.45,0.039,32,4.75,0.052,33,12.48,0.078,34,85.78,0.033,34
1786332162.328,walk vx=0.000 vy=0.000 w=0.30,0.79,0.019,33,11.95,0.006,34,85.52,0.006,34,-1.14,0.006,33,16.79,0.039,35,78.84,0.013,38,3.96,0.006,34,13.45,0.013,33,89.56,0.033,34,-2.99,0.006,34,10.81,0.019,34,85.52,0.006,36,0.09,0.026,31,17.23,0.078,34,79.63,0.006,32,3.69,0.006,33,5.19,0.019,34,90.7,0.006,34
1786332162.894,walk vx=0.000 vy=0.000 w=0.30,-5.27,0.0,33,12.74,0.065,34,84.9,0.0,34,5.54,0.019,33,5.19,0.078,35,91.67,0.019,38,-4.13,0.033,34,4.57,0.0,33,87.54,0.0,34,-0.97,0.039,30,13.1,0.084,34,81.39,0.0,36,4.57,0.006,31,6.94,0.013,33,85.08,0.006,32,-6.42,0.006,33,16.35,0.006,34,80.77,0.019,34
1786332163.371,walk vx=0.000 vy=0.000 w=0.30,3.69,0.006,33,10.99,0.006,34,84.02,0.013,34,-3.96,0.045,33,13.54,0.006,35,82.62,0.006,38,-1.49,0.045,34,17.4,0.039,33,79.72,0.006,34,4.04,0.019,30,16.88,0.013,34,80.33,0.006,36,-5.89,0.006,31,13.97,0.0,33,89.74,0.019,32,4.39,0.013,33,17.84,0.013,34,80.16,0.026,34
1786332163.866,walk vx=0.000 vy=0.000 w=0.30,0.09,0.006,33,11.6,0.006,34,87.54,0.006,34,-1.14,0.006,33,15.82,0.0,35,80.95,0.111,38,3.6,0.013,34,13.36,0.019,33,88.77,0.111,35,-4.83,0.006,31,8.09,0.026,34,91.41,0.006,42,2.55,0.019,31,17.31,0.026,33,80.86,0.0,32,1.41,0.006,33,4.22,0.0,34,93.16,0.052,34
1786332164.429,walk vx=0.000 vy=0.000 w=0.30,-5.71,0.006,33,11.34,0.033,34,84.73,0.006,35,5.19,0.019,33,9.49,0.104,35,83.94,0.0,38,-2.9,0.039,34,3.69,0.013,33,87.45,0.0,34,-1.93,0.033,31,16.52,0.071,34,78.66,0.013,36,4.39,0.0,31,6.33,0.019,33,84.38,0.045,32,-4.75,0.013,33,15.64,0.013,34,82.53,0.0,59
1786332164.939,walk vx=0.000 vy=0.000 w=0.30,1.67,0.026,33,13.27,0.033,34,82.27,0.045,34,-0.09,0.052,33,11.25,0.0,35,84.9,0.0,38,-2.55,0.039,34,17.67,0.039,33,80.6,0.039,34,5.54,0.006,30,13.45,0.026,34,80.16,0.006,36,-3.52,0.006,31,13.45,0.0,34,89.82,0.019,32,2.72,0.039,33,17.4,0.006,34,79.98,0.0,34
1786332165.408,walk vx=0.000 vy=0.000 w=0.30,1.85,0.0,33,11.16,0.0,34,88.51,0.0,34,-3.25,0.006,33,13.8,0.0,35,83.76,0.111,38,4.57,0.0,34,13.18,0.045,33,91.85,0.117,34,-4.57,0.019,31,6.59,0.019,34,92.55,0.0,36,0.44,0.045,31,16.96,0.156,34,80.51,0.0,32,1.58,0.013,33,4.39,0.006,34,94.13,0.039,34
1786332165.861,walk vx=0.000 vy=0.000 w=0.30,-3.96,0.006,33,15.47,0.013,34,81.12,0.0,34,4.13,0.0,34,6.42,0.065,35,89.21,0.045,38,-3.78,0.006,34,9.05,0.0,33,82.18,0.0,34,0.7,0.039,31,14.15,0.045,34,79.01,0.026,35,5.54,0.006,31,10.11,0.052,33,81.12,0.058,32,-3.08,0.019,33,13.27,0.0,34,85.34,0.006,34
1786332166.501,walk vx=0.000 vy=0.000 w=0.30,-1.41,0.006,33,16.7,0.019,34,79.8,0.013,34,1.85,0.039,33,11.43,0.058,35,86.66,0.013,38,-3.52,0.026,34,16.61,0.0,33,84.73,0.058,34,4.83,0.013,31,16.52,0.033,34,81.12,0.013,36,-3.16,0.019,31,10.46,0.0,34,93.69,0.006,32,-1.41,0.013,33,17.84,0.039,34,80.86,0.006,34
1786332166.976,walk vx=0.000 vy=0.000 w=0.30,5.71,0.013,33,11.6,0.013,33,88.95,0.013,34,-6.06,0.006,33,8.79,0.0,35,87.1,0.033,38,5.01,0.006,34,16.17,0.0,33,87.1,0.221,34,-1.14,0.026,31,3.69,0.006,34,93.25,0.006,36,-4.92,0.013,31,17.14,0.0,34,79.01,0.0,32,4.66,0.006,33,6.86,0.039,34,91.14,0.136,34
1786332167.496,walk vx=0.000 vy=0.000 w=0.30,-3.87,0.013,33,8.17,0.006,34,85.43,0.0,34,1.76,0.045,33,14.77,0.117,35,81.12,0.0,38,2.2,0.006,34,7.12,0.013,33,84.64,0.019,34,-4.39,0.006,31,17.14,0.0,34,79.28,0.019,36,6.06,0.026,31,12.57,0.058,34,79.8,0.019,32,-1.76,0.019,33,12.3,0.0,34,84.99,0.111,34
1786332168.168,walk vx=0.000 vy=0.000 w=0.30,-5.8,0.013,33,15.47,0.013,34,85.52,0.013,34,4.75,0.013,33,13.97,0.149,35,78.66,0.013,38,-2.81,0.019,34,8.61,0.006,33,90.7,0.006,35,-2.55,0.078,31,16.61,0.026,34,81.56,0.13,36,4.48,0.019,33,9.76,0.065,52,88.07,0.097,32,-5.45,0.033,33,12.92,0.013,34,89.82,0.013,34
1786332168.656,walk vx=0.000 vy=0.000 w=0.30,3.87,0.019,33,14.94,0.019,34,82.0,0.006,34,-2.46,0.026,33,6.5,0.0,35,94.31,0.006,38,0.18,0.052,34,18.11,0.006,33,79.89,0.006,35,4.48,0.0,30,6.77,0.006,42,91.14,0.026,35,-4.83,0.006,31,13.01,0.0,33,84.64,0.039,33,4.22,0.039,33,13.1,0.019,34,85.61,0.156,34
1786332169.088,walk vx=0.000 vy=0.000 w=0.30,-0.79,0.006,33,9.32,0.006,34,88.86,0.013,34,-2.46,0.0,33,16.26,0.071,35,78.84,0.013,38,3.87,0.006,34,9.23,0.013,34,90.62,0.033,34,-5.89,0.0,31,15.91,0.0,34,80.95,0.052,37,3.6,0.013,31,15.03,0.117,34,83.67,0.058,32,-2.37,0.026,33,11.78,0.026,34,87.36,0.0,34
1786332169.533,walk vx=0.000 vy=0.000 w=0.30,-3.08,0.006,33,18.11,0.0,34,79.63,0.0,34,3.25,0.013,34,10.55,0.123,35,88.07,0.026,38,-4.75,0.0,34,15.03,0.019,33,80.07,0.019,34,4.22,0.013,30,17.05,0.039,34,79.1,0.006,36,4.13,0.006,31,7.38,0.006,34,84.11,0.033,32,-5.8,0.013,33,15.12,0.033,34,82.62,0.013,34
1786332170.119,walk vx=0.000 vy=0.000 w=0.30,5.54,0.013,33,13.01,0.006,34,81.74,0.0,34,-4.66,0.026,34,8.35,0.0,35,90.26,0.0,38,1.23,0.039,34,17.84,0.019,33,81.3,0.052,35,3.25,0.006,31,8.7,0.045,34,88.42,0.013,35,-5.36,0.013,31,12.57,0.0,34,92.11,0.019,32,2.99,0.019,33,15.82,0.026,34,82.27,0.13,34
1786332170.659,walk vx=0.000 vy=0.000 w=0.30,1.67,0.0,33,10.81,0.006,34,89.65,0.006,34,-3.16,0.013,34,16.52,0.0,35,79.45,0.019,38,4.48,0.0,34,13.8,0.013,33,93.08,0.091,34,-4.04,0.019,31,12.22,0.019,34,84.99,0.0,35,3.08,0.078,31,17.49,0.026,34,82.71,0.039,32,2.64,0.033,33,8.88,0.006,34,87.89,0.019,34
1786332171.108,walk vx=0.000 vy=0.000 w=0.30,-4.48,0.006,33,15.03,0.058,34,80.95,0.0,34,6.15,0.006,33,10.72,0.136,35,82.62,0.0,38,-5.27,0.013,34,7.73,0.019,33,82.27,0.006,34,1.85,0.052,31,16.61,0.065,34,79.1,0.013,35,3.52,0.013,31,6.33,0.0,34,84.11,0.019,32,-4.83,0.006,33,15.29,0.006,34,82.97,0.0,34
1786332171.704,walk vx=0.000 vy=0.000 w=0.30,0.53,0.013,33,16.52,0.026,37,80.16,0.026,34,-0.35,0.039,33,6.77,0.006,35,92.29,0.0,38,-2.55,0.045,34,17.49,0.0,33,80.77,0.033,35,5.36,0.006,31,9.93,0.026,34,89.56,0.163,36,-3.78,0.026,31,12.3,0.0,34,89.3,0.019,32,2.2,0.026,33,16.35,0.033,34,83.23,0.13,34
1786332172.160,walk vx=0.000 vy=0.000 w=0.30,3.34,0.006,33,8.44,0.006,34,92.46,0.0,34,-3.69,0.0,33,16.61,0.0,35,79.98,0.013,38,4.39,0.006,34,15.73,0.013,33,89.82,0.143,35,-2.64,0.006,42,11.16,0.013,34,85.17,0.006,36,1.67,0.058,31,17.49,0.0,34,80.16,0.013,32,4.39,0.026,33,9.67,0.0,37,88.07,0.071,34
1786332172.653,walk vx=0.000 vy=0.000 w=0.30,-5.19,0.006,33,16.26,0.065,34,80.07,0.006,34,5.01,0.026,34,14.24,0.104,35,81.21,0.013,38,-2.72,0.013,34,5.62,0.006,33,83.85,0.0,34,-2.37,0.033,31,16.79,0.026,34,79.1,0.026,36,2.81,0.013,31,7.56,0.013,34,84.29,0.026,32,-6.59,0.006,33,14.24,0.033,34,83.32,0.013,48
1786332173.112,walk vx=0.000 vy=0.000 w=0.30,4.92,0.013,33,12.3,0.058,34,80.07,0.006,34,-4.57,0.033,33,6.42,0.0,35,89.12,0.0,38,2.29,0.058,34,17.14,0.039,33,80.16,0.013,35,3.52,0.006,31,5.36,0.019,34,87.19,0.045,36,-4.39,0.033,31,9.4,0.0,34,94.13,0.0,32,2.11,0.039,33,17.14,0.006,34,79.37,0.0,34
1786332173.698,walk vx=0.000 vy=0.000 w=0.30,2.99,0.0,33,6.24,0.0,34,96.42,0.013,34,-3.87,0.006,33,17.84,0.026,35,83.76,0.019,38,4.13,0.006,34,9.93,0.019,33,90.79,0.039,35,-0.62,0.013,31,10.9,0.013,34,88.42,0.0,36,-2.37,0.006,31,18.28,0.006,34,79.8,0.006,32,5.45,0.0,33,10.81,0.033,34,87.45,0.013,34
1786332174.217,walk vx=0.000 vy=0.000 w=0.30,-5.45,0.026,33,16.52,0.026,34,79.72,0.019,34,3.52,0.006,33,17.14,0.0,35,79.54,0.0,38,-0.88,0.019,34,12.3,0.006,33,83.23,0.006,35,-4.57,0.006,31,17.93,0.019,34,79.98,0.006,36,4.04,0.0,31,17.05,0.0,34,82.62,0.039,32,-6.42,0.006,33,10.2,0.019,34,85.96,0.0,35
1786332174.702,walk vx=0.000 vy=0.000 w=0.30,3.25,0.0,33,18.37,0.006,34,79.1,0.013,34,-0.26,0.019,33,6.42,0.0,35,89.65,0.019,38,-3.6,0.006,34,14.59,0.111,33,84.46,0.0,34,4.57,0.006,31,11.16,0.019,35,83.41,0.006,36,-3.78,0.026,31,6.33,0.0,34,89.74,0.019,32,3.43,0.033,33,14.15,0.039,34,80.51,0.039,35
1786332175.151,walk vx=0.000 vy=0.000 w=0.30,1.41,0.0,33,5.27,0.013,34,90.88,0.033,34,-4.31,0.019,34,13.89,0.0,35,86.22,0.078,38,2.37,0.026,34,14.94,0.006,33,83.76,0.111,34,1.14,0.019,34,5.89,0.006,34,95.45,0.0,36,-3.78,0.0,31,17.14,0.104,34,78.93,0.026,35,5.01,0.006,33,15.21,0.052,34,95.1,0.026,34
1786332175.730,walk vx=0.000 vy=0.000 w=0.30,-3.6,0.006,33,15.73,0.026,34,82.09,0.026,34,4.92,0.052,34,15.82,0.111,35,81.47,0.0,38,-0.35,0.019,34,10.2,0.006,33,86.31,0.0,34,-5.45,0.006,31,17.58,0.006,34,81.3,0.013,35,5.71,0.013,31,14.41,0.117,34,83.85,0.045,32,-2.99,0.039,33,5.27,0.013,34,85.34,0.0,34
1786332176.243,walk vx=0.000 vy=0.000 w=0.30,-2.2,0.0,33,17.84,0.006,34,79.98,0.0,34,1.23,0.013,33,6.24,0.033,35,85.61,0.026,38,-3.6,0.019,34,13.1,0.039,33,85.25,0.0,35,5.98,0.013,31,17.14,0.039,35,79.98,0.033,36,-1.05,0.033,31,5.98,0.0,34,88.51,0.0,32,-2.99,0.006,33,16.7,0.052,34,81.39,0.039,35
1786332176.764,walk vx=0.000 vy=0.000 w=0.30,4.57,0.006,33,7.82,0.019,34,92.37,0.013,34,-4.66,0.0,33,13.18,0.0,35,87.01,0.111,40,4.66,0.033,34,13.97,0.026,33,87.1,0.149,35,-1.41,0.026,31,5.01,0.013,34,89.12,0.026,36,-6.68,0.026,31,14.68,0.0,34,87.63,0.026,90,2.9,0.019,33,17.23,0.026,34,85.08,0.104,34
1786332177.365,walk vx=0.000 vy=0.000 w=0.30,1.41,0.013,33,9.32,0.013,34,83.32,0.019,34,-1.76,0.0,34,16.61,0.039,35,78.93,0.026,38,4.92,0.0,34,10.37,0.013,33,80.86,0.039,35,-5.62,0.013,31,15.91,0.052,34,85.61,0.0,36,4.39,0.026,31,15.82,0.111,34,80.42,0.006,32,1.32,0.0,33,4.48,0.0,34,86.48,0.0,34
1786332177.852,walk vx=0.000 vy=0.000 w=0.30,-4.48,0.013,33,17.23,0.006,34,83.5,0.026,34,4.75,0.0,34,12.83,0.156,35,84.29,0.026,38,-4.83,0.006,34,11.69,0.013,33,90.44,0.019,35,2.55,0.045,31,16.88,0.039,34,79.28,0.006,36,0.18,0.019,31,7.21,0.0,34,87.36,0.013,32,-4.75,0.0,33,17.05,0.0,34,81.91,0.039,34
1786332178.298,walk vx=0.000 vy=0.000 w=0.30,4.57,0.033,33,9.84,0.013,34,90.0,0.019,34,-3.69,0.019,33,6.24,0.0,35,88.77,0.026,38,0.7,0.026,34,17.31,0.019,33,82.53,0.111,35,3.43,0.006,31,4.83,0.006,34,88.95,0.013,36,-5.1,0.0,31,16.08,0.0,34,85.34,0.039,32,4.04,0.019,33,14.59,0.065,34,85.78,0.033,34
1786332178.933,walk vx=0.000 vy=0.000 w=0.30,4.66,0.006,33,8.26,0.0,34,83.67,0.0,34,-5.71,0.0,34,16.7,0.0,35,81.91,0.058,38,5.8,0.013,34,12.22,0.019,33,81.3,0.104,35,-3.96,0.026,31,14.06,0.0,35,89.21,0.006,36,1.76,0.033,31,16.44,0.13,34,79.19,0.006,32,2.55,0.0,33,6.42,0.006,34,86.75,0.019,35
1786332179.391,walk vx=0.000 vy=0.000 w=0.30,-4.83,0.006,33,16.7,0.006,34,86.13,0.019,34,5.01,0.013,34,12.74,0.149,35,85.25,0.013,38,-4.57,0.013,34,10.72,0.006,33,92.64,0.026,35,-0.35,0.026,31,17.49,0.006,34,78.93,0.019,36,3.87,0.026,31,8.88,0.019,34,89.56,0.019,32,-6.5,0.026,33,16.0,0.006,34,86.04,0.019,34
1786332179.874,walk vx=0.000 vy=0.000 w=0.30,5.1,0.052,33,14.33,0.033,34,88.59,0.052,34,-3.16,0.039,33,6.33,0.0,35,86.75,0.013,38,0.53,0.026,34,18.46,0.006,33,82.53,0.071,35,3.52,0.006,31,4.22,0.013,34,85.25,0.019,35,-5.1,0.006,31,14.41,0.033,34,82.35,0.0,32,3.52,0.019,33,16.35,0.033,34,87.01,0.195,34
1786332180.335,walk vx=0.000 vy=0.000 w=0.30,-0.62,0.013,33,8.96,0.026,34,83.5,0.0,34,-2.02,0.013,34,16.7,0.052,35,80.16,0.104,38,3.6,0.013,34,9.76,0.006,33,81.83,0.071,35,-5.8,0.006,31,12.39,0.006,34,92.55,0.006,35,-1.05,0.0,31,16.96,0.045,34,78.66,0.026,34,5.19,0.013,33,5.45,0.052,34,83.94,0.0,35
1786332180.932,walk vx=0.000 vy=0.000 w=0.30,-6.68,0.0,33,14.06,0.013,34,86.75,0.019,34,6.42,0.033,34,11.95,0.156,35,83.41,0.013,38,-5.45,0.019,34,8.26,0.006,33,92.64,0.019,34,1.32,0.013,31,16.52,0.0,34,78.93,0.0,35,1.41,0.019,31,8.7,0.052,34,87.36,0.026,33,-4.13,0.006,33,15.64,0.006,34,87.36,0.026,35
1786332181.387,walk vx=0.000 vy=0.000 w=0.30,2.2,0.006,33,15.47,0.039,34,86.48,0.026,34,-1.14,0.019,34,8.61,0.0,35,86.92,0.006,38,-1.14,0.013,34,18.19,0.0,33,81.65,0.084,34,4.39,0.0,31,4.83,0.013,34,83.32,0.026,36,-4.83,0.033,31,12.83,0.0,34,86.04,0.006,32,2.46,0.006,33,16.88,0.019,34,85.08,0.189,35
1786332181.844,walk vx=0.000 vy=0.000 w=0.30,2.37,0.0,33,8.0,0.006,34,83.41,0.0,34,-3.34,0.013,34,16.52,0.065,35,79.98,0.104,38,4.31,0.013,34,10.28,0.019,33,81.65,0.039,34,-5.54,0.013,31,16.17,0.0,34,89.91,0.013,36,3.52,0.045,31,15.82,0.189,35,80.68,0.0,32,0.09,0.006,33,5.98,0.019,34,88.07,0.0,35
1786332182.303,walk vx=0.000 vy=0.000 w=0.30,-4.83,0.0,33,17.49,0.006,34,82.27,0.006,34,5.98,0.0,34,9.67,0.163,35,85.52,0.0,38,-2.9,0.026,34,5.54,0.013,33,94.13,0.019,35,-1.14,0.013,31,17.23,0.0,34,79.45,0.006,36,4.48,0.0,31,4.48,0.006,34,94.57,0.006,32,-4.83,0.039,33,15.21,0.013,34,83.85,0.013,34
1786332182.890,walk vx=0.000 vy=0.000 w=0.30,3.25,0.019,33,8.26,0.065,34,87.98,0.019,34,-1.32,0.033,33,7.03,0.0,35,85.17,0.006,38,-2.72,0.019,34,17.4,0.006,33,82.18,0.071,35,4.75,0.006,31,6.86,0.019,34,83.58,0.026,36,-6.33,0.039,31,16.88,0.0,34,84.64,0.026,32,3.25,0.039,33,14.77,0.052,34,84.2,0.045,35
1786332183.358,walk vx=0.000 vy=0.000 w=0.30,-0.44,0.019,33,12.57,0.0,34,82.44,0.006,34,-1.49,0.006,33,16.88,0.013,35,81.04,0.052,38,3.87,0.006,34,13.62,0.013,33,81.12,0.078,35,-5.36,0.006,31,15.29,0.013,34,89.56,0.006,36,3.6,0.013,31,17.14,0.136,34,79.1,0.006,32,0.88,0.019,33,8.17,0.019,34,85.34,0.006,35
1786332183.813,walk vx=0.000 vy=0.000 w=0.30,-2.99,0.013,33,14.85,0.026,34,84.11,0.019,34,4.57,0.013,33,7.21,0.136,35,91.14,0.065,38,-5.27,0.006,34,7.56,0.0,33,91.14,0.019,35,2.29,0.045,31,15.21,0.104,34,81.65,0.0,36,0.44,0.019,32,4.57,0.006,34,91.85,0.006,32,-3.52,0.026,33,16.52,0.0,34,87.63,0.026,35
1786332184.358,walk vx=0.000 vy=0.000 w=0.30,4.75,0.033,33,12.74,0.039,34,86.48,0.045,34,-2.64,0.033,33,8.79,0.0,35,85.25,0.006,38,-0.35,0.033,34,18.37,0.006,33,80.51,0.033,35,5.19,0.006,31,6.94,0.013,34,84.46,0.019,36,-6.06,0.006,31,13.97,0.006,34,84.46,0.0,32,4.66,0.019,33,14.77,0.045,34,87.36,0.123,35
1786332184.866,walk vx=0.000 vy=0.000 w=0.30,0.44,0.013,33,8.17,0.013,34,85.69,0.0,34,-3.25,0.0,33,16.35,0.123,35,82.27,0.111,38,2.72,0.013,34,8.7,0.013,33,83.14,0.117,35,-5.8,0.006,31,14.15,0.006,34,90.26,0.019,36,2.2,0.058,31,15.03,0.195,34,79.19,0.013,32,1.41,0.026,33,10.2,0.006,34,82.27,0.097,34
1786332185.354,walk vx=0.000 vy=0.000 w=0.30,-4.57,0.0,33,17.75,0.019,34,83.67,0.039,34,4.75,0.006,33,10.72,0.163,35,89.82,0.019,38,-5.19,0.013,34,13.18,0.0,33,90.79,0.019,35,4.04,0.013,31,16.26,0.045,34,83.94,0.0,36,0.35,0.026,31,9.84,0.019,34,93.08,0.019,32,-4.04,0.013,33,15.56,0.013,34,84.99,0.045,35
1786332185.801,walk vx=0.000 vy=0.000 w=0.30,5.01,0.033,33,13.36,0.013,34,89.82,0.026,34,-4.48,0.019,34,10.02,0.0,35,83.06,0.019,38,2.29,0.019,34,18.37,0.006,33,83.85,0.149,35,1.05,0.006,31,8.0,0.006,34,81.74,0.006,35,-5.71,0.006,31,11.43,0.019,34,80.6,0.006,32,3.69,0.006,33,11.34,0.039,34,87.45,0.175,35
1786332186.337,walk vx=0.000 vy=0.000 w=0.30,-0.79,0.006,33,6.86,0.019,34,86.22,0.006,34,-0.97,0.006,33,16.44,0.084,35,80.68,0.111,38,4.22,0.006,34,8.17,0.013,33,86.57,0.052,35,-4.57,0.013,31,12.57,0.0,34,90.09,0.0,36,2.64,0.026,31,15.56,0.071,34,79.63,0.0,32,0.0,0.039,33,10.81,0.026,34,85.52,0.0,35
1786332186.820,walk vx=0.000 vy=0.000 w=0.30,-4.39,0.013,33,17.75,0.006,34,80.68,0.013,48,5.01,0.0,34,11.6,0.182,35,91.23,0.006,38,-4.92,0.013,34,12.39,0.006,33,86.57,0.033,35,2.99,0.058,31,16.17,0.026,34,83.58,0.006,36,1.41,0.019,31,7.21,0.006,34,92.64,0.006,32,-3.96,0.006,33,17.05,0.013,34,84.29,0.0,35
1786332187.290,walk vx=0.000 vy=0.000 w=0.30,4.75,0.006,33,12.48,0.019,34,90.79,0.039,34,-4.66,0.033,33,8.09,0.0,35,81.83,0.013,38,3.6,0.019,34,17.23,0.006,33,83.76,0.084,35,2.46,0.006,33,8.88,0.006,34,83.23,0.013,36,-3.87,0.013,31,17.58,0.0,34,79.01,0.006,32,5.54,0.006,33,12.3,0.039,34,92.02,0.149,35
1786332187.767,walk vx=0.000 vy=0.000 w=0.30,-3.78,0.019,33,8.26,0.0,34,82.79,0.0,34,2.37,0.039,33,16.35,0.058,35,81.83,0.175,38,4.22,0.006,34,9.67,0.019,33,86.13,0.169,35,-3.87,0.026,31,9.4,0.013,35,91.58,0.0,35,3.43,0.104,31,16.88,0.136,34,79.1,0.0,32,1.85,0.045,33,6.86,0.033,34,86.13,0.013,35
1786332188.356,walk vx=0.000 vy=0.000 w=0.30,-4.66,0.013,33,17.4,0.0,34,81.56,0.013,34,4.48,0.0,33,13.45,0.117,35,89.21,0.019,38,-3.96,0.013,34,12.04,0.006,33,87.89,0.0,39,1.32,0.033,31,15.12,0.078,34,80.86,0.0,35,1.76,0.006,31,4.48,0.006,34,91.67,0.013,32,-5.36,0.006,33,16.96,0.006,34,84.73,0.006,35
1786332188.832,walk vx=0.000 vy=0.000 w=0.30,4.48,0.006,33,11.16,0.019,34,85.25,0.019,34,-3.25,0.019,33,5.27,0.006,35,84.9,0.006,38,0.35,0.045,34,17.67,0.006,33,81.39,0.065,35,3.78,0.006,31,9.4,0.006,46,84.46,0.006,36,-4.39,0.006,31,16.88,0.0,34,80.95,0.019,32,5.89,0.013,33,15.38,0.013,34,85.96,0.234,35
1786332189.318,walk vx=0.000 vy=0.000 w=0.30,-2.72,0.006,33,10.72,0.006,34,88.51,0.0,34,0.53,0.026,34,15.56,0.123,35,80.16,0.156,38,2.29,0.019,34,9.32,0.013,33,88.24,0.065,35,-5.45,0.0,31,13.71,0.013,35,89.21,0.013,35,4.48,0.013,31,16.44,0.195,34,79.01,0.0,32,1.85,0.084,33,7.12,0.0,34,87.01,0.149,35
1786332189.892,walk vx=0.000 vy=0.000 w=0.30,-5.1,0.0,33,16.35,0.033,34,80.16,0.019,34,5.8,0.0,34,15.03,0.13,35,87.01,0.0,38,-4.92,0.026,46,8.96,0.013,33,88.24,0.013,35,3.96,0.039,31,16.0,0.091,34,79.45,0.0,36,1.23,0.019,31,7.38,0.006,34,89.56,0.039,32,-3.43,0.006,33,15.91,0.0,34,86.92,0.006,35
1786332190.361,walk vx=0.000 vy=0.000 w=0.30,4.13,0.013,33,12.74,0.026,34,79.72,0.013,34,-3.52,0.013,33,4.39,0.026,35,86.31,0.0,38,-1.05,0.033,34,18.28,0.0,33,81.39,0.111,35,3.6,0.006,31,11.43,0.013,34,86.4,0.006,35,-5.45,0.006,31,14.77,0.0,34,84.46,0.033,32,4.75,0.026,33,17.14,0.019,34,86.66,0.299,34
1786332190.865,walk vx=0.000 vy=0.000 w=0.30,0.0,0.006,33,8.96,0.006,34,95.27,0.0,34,-1.05,0.013,34,16.79,0.045,35,79.72,0.065,38,4.66,0.006,34,10.81,0.013,33,82.71,0.149,35,-3.69,0.0,31,9.76,0.019,34,87.45,0.0,35,2.2,0.091,31,15.82,0.143,34,80.95,0.006,32,2.55,0.039,33,6.68,0.026,34,85.87,0.013,35
1786332191.352,walk vx=0.000 vy=0.000 w=0.30,-4.57,0.0,33,17.75,0.039,34,80.33,0.039,34,5.1,0.006,33,12.3,0.169,35,88.42,0.0,38,-2.37,0.019,34,7.38,0.0,33,93.6,0.006,35,-3.6,0.019,31,17.05,0.026,34,79.28,0.013,35,5.36,0.0,31,9.67,0.071,60,91.58,0.026,32,-4.04,0.006,33,13.27,0.019,34,87.01,0.006,35
1786332191.957,walk vx=0.000 vy=0.000 w=0.30,0.97,0.026,33,16.88,0.019,36,86.84,0.026,34,1.93,0.006,34,8.35,0.019,35,88.15,0.006,38,-2.46,0.013,34,16.96,0.019,33,79.72,0.0,35,5.71,0.006,31,12.57,0.013,34,85.34,0.006,36,-3.96,0.019,31,10.9,0.013,34,86.75,0.013,32,-0.53,0.013,33,17.75,0.013,34,80.77,0.058,35
1786332192.437,walk vx=0.000 vy=0.000 w=0.30,3.25,0.006,33,8.53,0.013,34,88.33,0.019,34,-4.92,0.0,33,12.83,0.0,35,83.85,0.045,58,4.39,0.026,34,13.36,0.013,33,82.79,0.111,35,-0.79,0.026,33,7.47,0.006,34,89.03,0.0,36,-2.55,0.026,31,17.14,0.0,34,81.04,0.052,32,4.39,0.045,33,6.33,0.006,34,87.71,0.182,35
1786332192.962,walk vx=0.000 vy=0.000 w=0.30,-5.1,0.019,33,12.92,0.033,34,86.92,0.026,34,4.04,0.039,34,10.72,0.111,35,79.63,0.013,38,-1.93,0.026,34,10.28,0.006,33,90.88,0.013,35,-3.34,0.033,31,16.88,0.039,34,79.28,0.026,36,4.92,0.019,31,13.8,0.097,34,83.76,0.019,32,-1.14,0.045,33,12.13,0.045,34,92.37,0.0,35
1786332193.519,walk vx=0.000 vy=0.000 w=0.30,-3.43,0.019,33,17.58,0.013,34,80.42,0.045,34,2.81,0.006,34,8.53,0.019,35,94.75,0.0,38,-5.45,0.0,34,9.76,0.013,33,81.39,0.026,35,4.31,0.013,31,12.92,0.065,34,83.58,0.0,36,-0.35,0.019,31,7.29,0.006,34,87.54,0.019,32,-5.01,0.019,33,17.58,0.0,34,83.14,0.111,35
1786332194.036,walk vx=0.000 vy=0.000 w=0.30,5.8,0.006,33,14.94,0.006,34,84.02,0.0,34,-4.83,0.019,34,12.92,0.0,35,80.51,0.019,38,1.76,0.039,34,17.31,0.006,33,81.21,0.13,35,1.41,0.006,31,11.6,0.006,34,83.94,0.019,36,-4.66,0.039,31,16.44,0.0,34,84.64,0.039,32,5.19,0.0,33,11.87,0.019,34,81.56,0.169,35
1786332194.554,walk vx=0.000 vy=0.000 w=0.30,-3.78,0.019,33,5.98,0.019,34,91.05,0.0,34,-1.41,0.026,34,16.17,0.111,35,79.37,0.084,38,2.29,0.019,34,11.07,0.019,33,89.74,0.052,35,-6.33,0.0,31,11.69,0.065,34,89.12,0.006,35,3.43,0.013,31,16.35,0.175,34,83.76,0.0,32,0.44,0.033,33,9.32,0.033,34,94.04,0.006,35
1786332195.063,walk vx=0.000 vy=0.000 w=0.30,-5.19,0.013,33,16.44,0.045,34,81.39,0.033,34,5.62,0.019,34,14.15,0.078,35,84.64,0.0,38,-2.81,0.026,34,3.69,0.019,33,89.91,0.013,35,-1.14,0.013,30,16.17,0.097,34,78.93,0.0,35,4.31,0.006,31,4.75,0.006,34,79.72,0.006,32,-5.89,0.006,33,13.62,0.045,34,82.71,0.0,35
1786332195.676,walk vx=0.000 vy=0.000 w=0.30,3.25,0.033,33,14.59,0.019,34,79.98,0.0,34,0.26,0.019,33,7.03,0.0,35,86.13,0.006,38,-1.23,0.026,34,17.67,0.013,33,80.51,0.045,35,5.19,0.006,31,12.92,0.026,35,82.79,0.013,36,-4.48,0.006,31,15.47,0.0,34,92.2,0.006,32,2.81,0.019,33,17.31,0.019,34,80.68,0.058,35
1786332196.168,walk vx=0.000 vy=0.000 w=0.30,2.46,0.006,33,10.28,0.006,34,92.11,0.0,34,-5.27,0.013,34,16.17,0.006,35,82.53,0.175,38,3.69,0.006,34,16.96,0.019,33,82.35,0.058,35,-5.45,0.0,31,8.88,0.013,34,90.97,0.013,36,0.44,0.078,31,16.96,0.026,34,80.77,0.0,32,2.72,0.039,45,6.77,0.006,34,92.55,0.033,35
1786332196.633,walk vx=0.000 vy=0.000 w=0.30,-5.71,0.006,33,15.21,0.058,34,80.42,0.006,34,5.1,0.006,34,11.69,0.143,35,89.91,0.156,38,-4.39,0.013,34,5.19,0.019,33,93.25,0.013,35,1.85,0.033,31,14.59,0.117,34,78.93,0.0,36,5.36,0.013,31,6.94,0.013,34,80.33,0.006,32,-5.71,0.0,33,14.77,0.026,34,83.06,0.0,35
1786332197.156,walk vx=0.000 vy=0.000 w=0.30,3.96,0.019,33,14.77,0.013,34,79.28,0.0,34,-0.26,0.013,34,6.94,0.006,35,85.25,0.006,38,-0.35,0.026,34,18.37,0.006,33,82.0,0.136,35,5.36,0.006,31,10.99,0.013,34,83.41,0.026,36,-5.27,0.0,31,14.24,0.0,34,90.62,0.0,32,4.04,0.026,33,16.96,0.013,34,83.41,0.136,35
1786332197.601,walk vx=0.000 vy=0.000 w=0.30,-1.14,0.013,35,9.67,0.006,34,94.13,0.0,34,-3.69,0.019,33,16.61,0.058,35,81.91,0.117,38,2.99,0.013,34,12.83,0.019,33,84.2,0.058,35,-6.24,0.006,31,12.3,0.033,34,90.44,0.0,35,3.08,0.052,31,16.79,0.084,34,81.74,0.0,32,1.32,0.033,33,5.19,0.026,34,90.7,0.006,35
1786332198.079,walk vx=0.000 vy=0.000 w=0.30,-4.75,0.0,33,17.58,0.033,34,80.16,0.013,35,4.83,0.006,34,8.96,0.084,35,92.02,0.039,38,-5.71,0.013,34,7.56,0.006,33,90.09,0.019,36,3.78,0.071,31,15.91,0.058,34,82.27,0.019,36,0.97,0.013,31,5.98,0.006,34,88.24,0.006,32,-4.57,0.006,33,17.75,0.006,34,80.51,0.0,35
1786332198.591,walk vx=0.000 vy=0.000 w=0.30,4.66,0.013,33,10.11,0.026,34,83.85,0.039,34,-5.19,0.045,34,10.11,0.0,35,84.46,0.019,38,-3.87,0.019,34,17.05,0.033,33,81.12,0.033,35,5.62,0.006,31,11.78,0.013,34,79.01,0.006,36,-4.22,0.019,31,9.58,0.006,34,89.21,0.013,32,-0.62,0.026,33,17.93,0.006,34,80.86,0.026,35
1786332199.197,walk vx=0.000 vy=0.000 w=0.30,3.43,0.0,33,11.78,0.019,34,90.97,0.0,34,-3.34,0.006,33,16.44,0.0,35,87.28,0.117,38,3.87,0.006,34,12.22,0.019,33,80.86,0.045,35,-2.9,0.026,45,11.16,0.0,34,94.57,0.0,35,-2.11,0.045,31,16.79,0.195,34,78.93,0.0,32,3.25,0.026,33,7.47,0.006,34,90.18,0.039,35
1786332199.673,walk vx=0.000 vy=0.000 w=0.30,-5.54,0.019,33,10.63,0.039,34,80.42,0.013,34,5.01,0.019,34,15.21,0.065,35,83.06,0.019,38,-1.14,0.033,34,9.49,0.013,33,93.87,0.0,35,-2.55,0.019,31,16.52,0.0,34,79.19,0.0,35,6.15,0.013,31,11.16,0.052,34,82.18,0.013,32,-4.48,0.006,33,13.1,0.0,34,85.34,0.006,35
1786332200.186,walk vx=0.000 vy=0.000 w=0.30,1.67,0.033,33,13.97,0.045,34,79.45,0.0,34,1.85,0.013,34,5.89,0.0,35,87.98,0.0,38,-3.52,0.026,34,16.26,0.033,33,80.95,0.026,35,5.98,0.013,31,7.65,0.013,35,82.44,0.006,35,-0.88,0.019,31,5.89,0.013,34,94.48,0.013,32,-3.6,0.019,33,17.67,0.0,34,79.98,0.006,35
1786332200.775,walk vx=0.000 vy=0.000 w=0.30,6.33,0.013,33,13.18,0.013,34,90.53,0.026,34,-6.68,0.026,33,13.1,0.0,35,84.9,0.026,38,6.24,0.033,34,16.0,0.019,33,81.3,0.045,35,-0.53,0.006,31,12.66,0.006,35,87.1,0.019,35,-2.55,0.019,31,17.31,0.0,34,79.63,0.013,32,4.22,0.006,33,14.77,0.026,34,81.3,0.104,35
1786332201.301,walk vx=0.000 vy=0.000 w=0.30,-3.25,0.006,33,7.29,0.019,34,84.02,0.0,35,0.44,0.013,34,16.35,0.013,35,79.54,0.033,38,2.64,0.013,34,10.2,0.019,33,90.44,0.039,35,-3.69,0.006,31,10.55,0.013,34,87.71,0.0,48,2.81,0.019,31,15.38,0.254,34,78.66,0.006,32,0.62,0.039,33,6.5,0.026,34,94.04,0.006,35
1786332201.796,walk vx=0.000 vy=0.000 w=0.30,-3.78,0.006,33,17.05,0.033,34,81.74,0.019,34,4.75,0.0,34,7.03,0.058,35,91.49,0.006,38,-5.27,0.0,34,11.78,0.0,33,82.27,0.0,35,2.29,0.033,31,12.92,0.033,34,83.58,0.006,35,2.29,0.019,31,7.38,0.0,34,93.78,0.013,32,-5.89,0.006,33,17.67,0.013,34,80.33,0.0,35
1786332202.419,walk vx=0.000 vy=0.000 w=0.30,3.34,0.026,33,17.4,0.006,34,83.14,0.019,34,-0.35,0.026,34,6.24,0.0,35,88.77,0.019,38,-1.49,0.026,34,17.05,0.0,33,82.18,0.026,35,4.31,0.0,31,5.8,0.013,35,86.75,0.019,35,-2.11,0.006,31,8.09,0.0,34,87.28,0.0,32,-2.29,0.013,33,13.8,0.019,34,83.94,0.039,35
1786332202.936,walk vx=0.000 vy=0.000 w=0.30,4.75,0.006,33,4.92,0.0,34,88.15,0.013,34,-6.59,0.013,34,16.52,0.065,35,79.63,0.013,38,4.57,0.019,34,9.23,0.019,33,91.58,0.111,35,-3.96,0.026,31,15.38,0.0,34,84.99,0.006,35,0.0,0.149,31,16.26,0.104,34,79.37,0.0,32,3.43,0.033,33,15.64,0.006,34,84.29,0.123,35
1786332203.413,walk vx=0.000 vy=0.000 w=0.30,-6.24,0.006,33,17.75,0.026,34,82.35,0.039,34,6.33,0.013,34,16.79,0.065,35,79.72,0.006,38,-3.78,0.013,34,11.87,0.006,33,82.35,0.0,35,0.97,0.052,31,17.14,0.0,34,81.04,0.019,35,3.6,0.013,31,10.81,0.045,34,88.24,0.026,32,-5.19,0.006,33,9.49,0.045,34,89.65,0.013,35
1786332203.906,walk vx=0.000 vy=0.000 w=0.30,3.6,0.019,33,16.35,0.026,34,80.24,0.026,34,-2.29,0.039,33,3.52,0.0,35,92.99,0.006,38,-1.49,0.039,34,17.14,0.0,33,83.14,0.033,35,4.57,0.019,31,9.05,0.045,34,85.08,0.013,36,-2.29,0.013,31,5.27,0.019,34,91.05,0.0,32,-0.97,0.033,33,16.17,0.033,34,81.21,0.078,35
1786332204.450,walk vx=0.000 vy=0.000 w=0.30,4.39,0.0,33,4.57,0.006,34,95.1,0.0,34,-4.48,0.006,34,16.61,0.006,35,80.86,0.039,38,5.01,0.033,34,9.14,0.019,33,90.79,0.208,35,-2.99,0.045,31,14.06,0.033,34,85.34,0.013,35,-1.14,0.091,31,15.47,0.071,34,83.41,0.006,32,4.48,0.052,33,13.8,0.013,43,84.55,0.136,35
1786332204.922,walk vx=0.000 vy=0.000 w=0.30,-6.59,0.013,34,18.02,0.019,34,81.12,0.039,34,6.5,0.039,34,16.35,0.065,35,80.16,0.006,38,-4.39,0.013,34,13.01,0.006,33,83.32,0.0,35,1.58,0.039,31,17.84,0.006,34,80.68,0.0,35,2.72,0.006,31,12.22,0.026,39,84.55,0.13,32,-4.75,0.006,33,12.66,0.052,34,86.4,0.013,35
1786332205.351,walk vx=0.000 vy=0.000 w=0.30,4.57,0.013,33,16.26,0.013,34,81.04,0.013,34,-3.69,0.013,34,5.89,0.0,35,92.2,0.0,38,0.44,0.039,34,17.75,0.006,33,81.04,0.0,35,2.72,0.006,31,4.48,0.019,34,94.22,0.013,35,-4.22,0.006,31,10.2,0.0,34,89.65,0.006,32,5.1,0.019,33,11.16,0.052,34,87.8,0.117,35
1786332205.839,walk vx=0.000 vy=0.000 w=0.30,-1.76,0.026,33,5.98,0.006,34,94.04,0.0,34,-1.49,0.013,34,16.7,0.0,35,80.42,0.052,38,4.75,0.006,34,14.33,0.0,33,87.1,0.169,35,-1.14,0.019,31,12.13,0.013,34,84.11,0.0,36,-2.02,0.071,31,17.49,0.033,34,78.84,0.0,32,3.69,0.033,33,10.9,0.006,34,84.02,0.143,35
1786332206.432,walk vx=0.000 vy=0.000 w=0.30,-5.54,0.013,33,14.77,0.039,34,79.89,0.045,34,4.22,0.033,33,14.5,0.052,35,82.79,0.033,38,-3.08,0.013,34,8.09,0.013,33,84.73,0.0,35,-2.72,0.026,32,17.14,0.0,34,83.14,0.052,36,5.89,0.006,31,8.44,0.019,34,82.79,0.052,32,-4.83,0.033,33,11.43,0.033,34,93.25,0.0,35
1786332206.924,walk vx=0.000 vy=0.000 w=0.30,1.32,0.026,33,15.38,0.039,34,79.45,0.0,34,-0.97,0.026,34,5.36,0.006,35,87.89,0.0,38,-3.25,0.033,34,17.84,0.006,33,82.44,0.013,35,4.57,0.006,31,5.98,0.006,38,92.9,0.026,36,-4.48,0.0,31,12.39,0.0,34,91.49,0.033,32,0.26,0.019,33,13.62,0.033,34,85.34,0.123,35
1786332207.396,walk vx=0.000 vy=0.000 w=0.30,4.04,0.006,33,8.96,0.0,34,93.87,0.0,34,-3.52,0.0,34,15.91,0.156,35,81.12,0.071,38,5.98,0.006,34,10.46,0.026,33,91.14,0.078,35,-3.52,0.013,31,15.73,0.019,34,81.47,0.006,35,2.11,0.052,31,16.08,0.078,34,78.75,0.019,32,4.66,0.026,33,13.01,0.013,34,81.56,0.117,35
1786332207.963,walk vx=0.000 vy=0.000 w=0.30,-5.01,0.0,33,13.01,0.019,34,81.74,0.006,34,3.6,0.033,34,16.0,0.058,35,83.41,0.033,38,-2.02,0.019,34,7.82,0.013,33,86.22,0.013,35,-3.96,0.033,31,16.17,0.006,34,82.35,0.0,35,4.66,0.006,31,9.4,0.033,34,85.25,0.143,32,-4.48,0.019,33,8.79,0.013,34,90.53,0.0,35
1786332208.434,walk vx=0.000 vy=0.000 w=0.30,1.41,0.019,33,15.56,0.052,34,80.07,0.019,34,1.49,0.013,34,5.19,0.0,35,84.99,0.019,38,-3.52,0.026,34,17.58,0.013,33,81.65,0.0,35,6.06,0.0,31,7.47,0.006,34,89.74,0.033,36,-4.13,0.045,31,10.2,0.006,34,90.88,0.006,32,-0.09,0.013,33,15.82,0.039,34,81.83,0.071,35
1786332208.954,walk vx=0.000 vy=0.000 w=0.30,3.43,0.0,33,10.99,0.006,34,91.14,0.019,35,-3.78,0.013,34,16.08,0.0,35,85.08,0.163,38,4.22,0.013,34,17.4,0.0,33,85.25,0.117,35,-1.58,0.026,31,11.95,0.019,35,84.73,0.0,35,-2.81,0.033,31,16.44,0.0,34,78.93,0.013,32,4.92,0.026,33,11.69,0.026,34,82.88,0.091,35
1786332209.468,walk vx=0.000 vy=0.000 w=0.30,-5.01,0.013,33,9.58,0.019,34,83.23,0.026,34,-1.14,0.019,34,16.88,0.026,35,79.89,0.013,38,4.83,0.019,34,5.62,0.006,33,85.78,0.026,35,-6.42,0.006,31,12.57,0.013,35,88.77,0.006,36,5.8,0.026,31,15.38,0.117,34,78.93,0.019,32,-2.02,0.026,33,7.56,0.0,34,92.2,0.019,35
1786332210.090,walk vx=0.000 vy=0.000 w=0.30,-2.64,0.026,33,16.96,0.006,34,83.5,0.026,34,3.25,0.006,34,8.88,0.052,35,81.21,0.013,38,-3.78,0.006,34,13.18,0.0,33,90.09,0.033,35,2.37,0.039,31,16.52,0.052,34,79.8,0.0,35,1.14,0.013,31,9.4,0.0,34,94.75,0.013,32,-5.01,0.0,33,17.05,0.052,34,80.77,0.0,35
1786332210.584,walk vx=0.000 vy=0.000 w=0.30,5.1,0.013,33,14.77,0.026,55,88.95,0.033,34,-4.48,0.019,34,9.93,0.0,35,92.2,0.039,38,2.9,0.026,34,18.19,0.0,33,83.94,0.111,35,2.9,0.006,31,6.94,0.0,34,85.61,0.019,35,-4.57,0.006,31,13.01,0.019,34,80.33,0.0,32,3.96,0.013,33,12.13,0.019,34,81.74,0.065,35
1786332211.055,walk vx=0.000 vy=0.000 w=0.30,-1.14,0.013,33,6.94,0.013,34,84.73,0.006,34,-0.53,0.019,34,16.52,0.039,35,79.8,0.013,38,3.16,0.006,34,8.17,0.013,33,84.46,0.019,35,-5.1,0.006,31,15.91,0.0,34,91.85,0.0,35,-0.62,0.052,31,16.44,0.123,34,78.57,0.033,32,3.6,0.033,33,7.56,0.013,34,92.46,0.052,35
1786332211.647,walk vx=0.000 vy=0.000 w=0.30,-5.36,0.006,33,16.88,0.013,34,82.97,0.019,35,5.01,0.026,34,8.7,0.163,35,90.53,0.006,38,-3.25,0.019,34,9.23,0.0,33,88.95,0.019,35,-0.7,0.084,31,15.64,0.052,34,79.19,0.006,35,4.39,0.019,31,9.4,0.006,34,90.7,0.033,32,-6.24,0.006,33,17.31,0.026,34,81.83,0.013,35
1786332212.121,walk vx=0.000 vy=0.000 w=0.30,5.19,0.006,33,15.64,0.0,34,84.55,0.006,34,-4.13,0.026,34,11.43,0.0,35,86.84,0.006,38,1.76,0.039,34,18.46,0.0,33,81.12,0.071,35,3.08,0.013,31,10.55,0.006,34,88.15,0.006,36,-5.1,0.006,31,14.41,0.0,34,81.56,0.006,32,4.83,0.013,33,14.94,0.013,34,84.46,0.084,35
1786332212.551,walk vx=0.000 vy=0.000 w=0.30,-3.08,0.019,33,8.53,0.013,34,85.78,0.006,34,1.32,0.026,34,16.88,0.033,35,79.89,0.013,38,1.93,0.006,34,7.47,0.006,33,85.34,0.039,35,-3.96,0.026,31,13.89,0.058,35,84.11,0.013,35,3.34,0.019,31,15.12,0.136,34,78.93,0.013,32,1.85,0.045,33,5.62,0.033,34,90.26,0.0,35
1786332213.071,walk vx=0.000 vy=0.000 w=0.30,-4.75,0.013,33,17.23,0.0,34,81.3,0.019,34,5.98,0.039,34,11.25,0.071,35,84.29,0.0,38,-0.44,0.019,34,6.42,0.013,33,93.96,0.013,35,-2.37,0.013,31,18.11,0.0,34,79.54,0.013,35,4.48,0.0,31,5.89,0.013,34,91.49,0.013,32,-4.13,0.0,33,15.56,0.026,34,86.13,0.0,35
1786332213.704,walk vx=0.000 vy=0.000 w=0.30,0.62,0.019,33,13.62,0.006,34,83.67,0.013,34,0.7,0.006,34,12.22,0.0,35,82.79,0.026,38,-4.57,0.0,34,17.14,0.006,33,79.45,0.0,35,4.92,0.006,31,16.35,0.0,35,86.48,0.026,35,-3.6,0.013,31,15.12,0.013,34,82.62,0.0,32,1.85,0.026,33,18.37,0.006,34,79.89,0.006,35
1786332214.187,walk vx=0.000 vy=0.000 w=0.30,3.08,0.006,33,12.92,0.013,34,83.14,0.013,34,-4.22,0.006,34,14.24,0.033,35,85.34,0.019,38,4.92,0.0,34,15.73,0.0,33,79.72,0.006,35,-3.6,0.013,31,6.24,0.006,34,85.96,0.0,35,-1.14,0.013,31,17.49,0.033,34,81.3,0.013,32,2.99,0.006,33,4.04,0.019,34,87.89,0.019,35
1786332214.655,walk vx=0.000 vy=0.000 w=0.30,-4.13,0.0,33,10.9,0.026,34,88.68,0.013,34,3.96,0.019,34,8.96,0.019,35,85.96,0.013,38,-4.48,0.019,34,5.71,0.013,33,93.96,0.006,35,-1.32,0.006,31,17.31,0.0,35,82.79,0.033,36,5.45,0.006,31,11.43,0.013,34,87.71,0.026,32,-3.34,0.013,33,14.59,0.039,34,88.07,0.0,35
1786332215.216,walk vx=0.000 vy=0.000 w=0.30,-0.44,0.006,33,17.4,0.0,34,81.12,0.006,34,2.37,0.013,34,10.11,0.0,35,86.66,0.013,38,-2.72,0.026,34,17.84,0.013,33,79.89,0.0,35,5.27,0.006,31,13.01,0.013,34,90.62,0.033,36,-3.52,0.013,31,10.46,0.013,34,85.34,0.0,32,-0.35,0.045,33,17.4,0.013,34,80.51,0.026,35
1786332215.694,walk vx=0.000 vy=0.000 w=0.30,4.22,0.0,33,9.49,0.013,34,86.4,0.0,34,-5.27,0.006,34,14.94,0.0,35,83.85,0.078,38,4.48,0.006,34,16.79,0.0,33,84.2,0.149,35,-3.52,0.013,31,9.67,0.013,34,83.32,0.006,35,-2.37,0.0,31,17.14,0.078,52,79.45,0.039,32,3.87,0.0,33,9.05,0.026,34,90.62,0.065,35
1786332216.172,walk vx=0.000 vy=0.000 w=0.30,-6.06,0.006,34,13.89,0.045,34,84.73,0.091,34,6.24,0.013,34,12.74,0.123,35,82.97,0.0,38,-4.39,0.019,34,3.96,0.006,33,91.49,0.019,35,-0.26,0.019,31,17.05,0.006,34,81.12,0.026,36,4.13,0.006,31,7.47,0.026,34,91.58,0.045,32,-4.92,0.006,33,12.66,0.019,34,83.06,0.013,35
1786332216.647,walk vx=0.000 vy=0.000 w=0.30,2.81,0.019,34,14.5,0.013,34,84.99,0.013,34,-2.46,0.039,34,8.26,0.0,35,87.63,0.033,38,-3.87,0.006,34,16.79,0.019,33,79.89,0.019,35,4.66,0.013,31,13.18,0.019,35,86.92,0.052,36,-2.81,0.039,31,9.58,0.006,34,86.57,0.0,32,-2.99,0.0,33,17.67,0.0,34,80.16,0.026,35
1786332217.214,walk vx=0.000 vy=0.000 w=0.30,4.13,0.013,33,8.17,0.006,34,85.52,0.033,34,-5.1,0.013,34,13.89,0.0,35,82.88,0.058,38,5.27,0.019,34,13.97,0.019,33,81.47,0.111,35,-3.16,0.019,31,10.63,0.006,34,84.73,0.0,35,-0.35,0.0,31,16.96,0.097,34,79.1,0.026,33,5.71,0.006,33,6.59,0.006,34,87.45,0.052,35
1786332217.650,walk vx=0.000 vy=0.000 w=0.30,-4.92,0.006,34,16.44,0.006,34,85.96,0.026,34,4.92,0.033,34,10.11,0.189,35,85.78,0.0,38,-3.87,0.019,34,9.32,0.006,33,93.6,0.013,35,-1.49,0.013,31,17.31,0.019,35,79.8,0.019,35,4.22,0.019,32,8.26,0.026,35,89.3,0.045,32,-5.89,0.006,33,16.26,0.013,34,85.52,0.026,35
1786332218.123,walk vx=0.000 vy=0.000 w=0.30,5.1,0.019,34,14.85,0.006,34,88.07,0.033,34,-3.43,0.039,34,10.37,0.0,35,86.31,0.026,38,1.23,0.033,34,18.46,0.019,33,82.62,0.117,35,3.6,0.006,31,7.03,0.013,34,92.99,0.006,35,-5.36,0.0,31,14.85,0.013,34,84.55,0.013,32,4.66,0.006,33,16.79,0.019,34,88.68,0.214,35
1786332218.680,walk vx=0.000 vy=0.000 w=0.30,3.43,0.0,33,7.73,0.0,34,84.02,0.0,34,-5.36,0.006,34,14.06,0.0,35,81.39,0.033,38,5.71,0.0,34,12.83,0.006,33,82.62,0.189,35,-5.62,0.026,31,13.01,0.019,34,83.41,0.0,37,2.11,0.019,31,17.05,0.071,34,79.63,0.0,32,1.41,0.006,33,6.24,0.019,34,83.58,0.026,35
1786332219.161,walk vx=0.000 vy=0.000 w=0.30,-5.01,0.0,33,15.64,0.026,34,85.87,0.013,34,5.1,0.013,34,10.81,0.143,35,81.04,0.0,38,-5.01,0.033,42,8.09,0.0,33,92.2,0.019,35,0.53,0.065,31,17.23,0.0,35,80.07,0.026,35,1.41,0.026,31,10.2,0.052,34,85.96,0.019,32,-3.08,0.006,33,16.0,0.0,34,87.36,0.026,35
1786332219.614,walk vx=0.000 vy=0.000 w=0.30,2.46,0.006,34,16.0,0.026,34,88.59,0.033,34,-4.39,0.033,34,10.02,0.0,35,90.79,0.039,38,-1.32,0.026,34,18.46,0.0,33,81.91,0.065,35,3.78,0.0,31,7.12,0.013,35,90.09,0.026,35,-5.27,0.033,31,10.11,0.0,34,88.51,0.006,32,2.02,0.033,33,15.64,0.045,34,84.99,0.104,35
1786332220.109,walk vx=0.000 vy=0.000 w=0.30,2.81,0.0,33,4.48,0.033,34,82.88,0.0,35,-3.34,0.006,34,16.88,0.0,35,79.1,0.006,38,5.98,0.0,34,11.07,0.013,33,81.21,0.078,35,-5.54,0.013,31,11.16,0.006,34,87.71,0.0,35,-2.37,0.006,31,17.49,0.091,34,78.66,0.013,32,5.71,0.013,33,8.09,0.006,34,88.24,0.039,35
1786332220.687,walk vx=0.000 vy=0.000 w=0.30,-6.86,0.006,33,16.26,0.006,34,83.41,0.019,34,7.21,0.019,34,10.81,0.163,35,81.91,0.0,38,-4.48,0.013,41,9.49,0.0,33,88.15,0.006,35,1.23,0.033,31,16.88,0.0,34,79.1,0.013,35,2.64,0.026,31,11.6,0.084,34,87.1,0.091,32,-5.54,0.006,33,14.15,0.026,34,84.29,0.019,35
1786332221.171,walk vx=0.000 vy=0.000 w=0.30,3.34,0.026,33,16.7,0.019,34,80.16,0.013,34,-0.35,0.026,54,10.2,0.0,35,89.03,0.0,38,-0.09,0.026,34,17.05,0.026,33,80.24,0.006,35,5.71,0.006,31,5.01,0.013,35,88.51,0.019,35,-5.36,0.019,31,9.67,0.0,34,85.52,0.0,32,2.02,0.026,33,15.56,0.033,34,83.5,0.058,35
1786332221.604,walk vx=0.000 vy=0.000 w=0.30,2.37,0.0,33,6.33,0.013,34,91.76,0.0,34,-3.25,0.0,34,16.88,0.0,35,78.93,0.026,39,4.66,0.0,34,8.26,0.019,33,90.18,0.033,35,-4.83,0.0,31,16.17,0.006,34,83.06,0.026,35,3.25,0.033,31,14.5,0.078,34,79.89,0.013,32,2.9,0.019,33,8.17,0.019,34,86.84,0.019,35
1786332222.090,walk vx=0.000 vy=0.000 w=0.30,-5.71,0.006,33,17.49,0.006,34,80.16,0.0,34,5.71,0.006,34,15.56,0.097,35,79.8,0.0,38,0.18,0.006,34,5.54,0.013,33,92.11,0.013,37,-2.9,0.019,31,16.26,0.0,35,81.74,0.052,35,4.22,0.0,31,6.15,0.039,36,91.76,0.214,32,-2.37,0.019,33,10.81,0.006,34,89.38,0.006,35
1786332222.728,walk vx=0.000 vy=0.000 w=0.30,-1.67,0.026,33,11.6,0.026,34,88.51,0.006,34,2.72,0.039,34,6.68,0.019,35,90.26,0.0,38,-5.36,0.026,34,16.61,0.006,33,84.55,0.0,35,4.66,0.026,31,12.04,0.0,34,85.25,0.019,35,-1.93,0.033,31,10.28,0.0,34,85.69,0.0,32,-1.93,0.026,33,17.58,0.013,34,80.95,0.065,35
1786332223.245,walk vx=0.000 vy=0.000 w=0.30,4.57,0.0,33,12.3,0.019,34,86.75,0.026,34,-4.83,0.0,34,14.77,0.0,35,82.62,0.033,38,4.66,0.026,34,15.56,0.0,33,82.0,0.156,35,-0.79,0.033,31,8.88,0.013,34,85.43,0.013,35,-3.78,0.019,31,17.31,0.013,34,81.21,0.026,32,5.36,0.026,33,10.2,0.013,34,83.5,0.156,35
1786332223.714,walk vx=0.000 vy=0.000 w=0.30,-6.15,0.033,34,9.84,0.019,34,86.13,0.0,35,4.04,0.013,34,14.33,0.143,35,79.28,0.013,38,-1.76,0.019,34,8.79,0.006,33,92.64,0.013,35,-2.37,0.065,31,16.88,0.006,34,86.04,0.078,35,5.1,0.013,31,14.15,0.136,34,87.89,0.123,32,-3.34,0.026,33,9.14,0.033,34,95.1,0.0,35
1786332224.264,walk vx=0.000 vy=0.000 w=0.30,-0.79,0.0,34,17.49,0.013,34,80.16,0.026,34,1.85,0.019,34,6.33,0.013,35,92.46,0.013,38,-3.34,0.006,34,12.92,0.033,33,80.24,0.019,35,3.16,0.013,31,11.95,0.0,35,88.33,0.045,35,-0.97,0.045,31,6.94,0.006,34,85.43,0.006,32,-3.34,0.006,33,17.75,0.0,34,82.18,0.13,35
1786332224.746,walk vx=0.000 vy=0.000 w=0.30,5.19,0.0,34,11.87,0.013,42,87.19,0.019,34,-5.27,0.026,34,15.64,0.0,35,80.86,0.033,38,3.52,0.026,34,14.15,0.006,33,81.04,0.111,35,1.67,0.026,31,10.9,0.006,35,84.11,0.006,35,-5.1,0.052,31,17.14,0.0,34,85.08,0.084,32,6.33,0.013,33,14.68,0.0,48,81.74,0.117,35
1786332225.272,walk vx=0.000 vy=0.000 w=0.30,-4.57,0.019,33,8.17,0.019,34,88.33,0.0,34,2.55,0.019,34,16.0,0.104,35,78.66,0.039,38,-0.09,0.019,34,11.16,0.026,33,93.16,0.006,35,-2.99,0.033,31,15.21,0.0,35,83.14,0.045,36,4.75,0.006,31,14.68,0.214,34,87.63,0.045,32,-3.78,0.013,33,8.35,0.033,34,91.67,0.013,35
1786332225.699,walk vx=0.000 vy=0.000 w=0.30,1.32,0.026,33,16.52,0.026,34,81.39,0.058,34,0.88,0.026,34,7.12,0.078,35,88.07,0.052,38,-4.48,0.033,34,4.83,0.006,33,84.38,0.019,35,1.14,0.104,31,15.12,0.058,34,80.6,0.019,36,4.48,0.0,31,4.04,0.006,34,89.82,0.019,32,-5.54,0.0,33,17.58,0.013,34,80.6,0.0,35
1786332226.364,walk vx=0.000 vy=0.000 w=0.30,4.39,0.006,33,7.38,0.013,34,87.36,0.026,34,-4.31,0.033,34,12.48,0.006,35,84.64,0.013,38,-0.44,0.026,34,17.4,0.019,33,79.89,0.006,35,4.04,0.006,31,13.36,0.013,35,82.27,0.019,36,-6.24,0.006,31,16.0,0.0,34,82.71,0.019,32,2.46,0.039,33,17.67,0.006,34,80.77,0.078,35
1786332226.863,walk vx=0.000 vy=0.000 w=0.30,1.58,0.006,33,10.46,0.006,34,85.25,0.0,35,-3.16,0.006,34,15.73,0.0,35,81.56,0.045,38,4.04,0.013,34,11.69,0.019,33,90.0,0.156,35,-5.27,0.013,31,8.26,0.013,35,92.11,0.006,46,3.78,0.033,31,16.08,0.156,34,80.16,0.0,32,2.2,0.026,33,4.31,0.019,34,96.5,0.0,35
1786332227.338,walk vx=0.000 vy=0.000 w=0.30,-5.01,0.013,33,15.91,0.0,34,84.64,0.006,34,5.8,0.0,34,5.98,0.091,35,92.99,0.111,38,-5.8,0.013,34,8.26,0.006,33,85.34,0.013,35,2.37,0.039,31,17.31,0.019,34,79.37,0.0,35,4.75,0.0,31,9.05,0.026,34,84.55,0.136,32,-4.48,0.026,33,15.12,0.039,34,80.86,0.0,36
1786332227.952,walk vx=0.000 vy=0.000 w=0.30,1.76,0.045,33,16.35,0.006,34,81.3,0.0,34,2.11,0.033,34,9.76,0.026,35,80.16,0.006,38,-3.87,0.006,34,16.96,0.013,33,82.35,0.026,35,5.54,0.013,31,13.89,0.013,34,78.75,0.019,36,-2.29,0.026,31,10.72,0.0,34,91.76,0.0,32,-0.79,0.026,33,17.31,0.026,34,80.6,0.013,35
1786332228.445,walk vx=0.000 vy=0.000 w=0.30,3.16,0.006,34,11.25,0.013,34,85.69,0.0,34,-3.43,0.013,34,14.5,0.0,35,85.61,0.312,38,4.22,0.013,34,16.7,0.039,33,88.95,0.084,35,-2.55,0.013,31,9.58,0.013,35,94.92,0.0,35,0.79,0.058,31,16.96,0.013,34,79.8,0.0,32,3.96,0.013,33,9.58,0.006,34,94.92,0.033,35
1786332228.910,walk vx=0.000 vy=0.000 w=0.30,-6.15,0.006,34,12.39,0.045,34,85.78,0.033,34,6.5,0.052,34,12.48,0.182,35,87.28,0.006,38,-4.13,0.013,34,5.27,0.006,33,84.29,0.013,35,-1.05,0.013,31,17.49,0.006,34,79.37,0.006,35,4.48,0.0,31,7.91,0.019,34,84.99,0.189,32,-5.1,0.0,33,12.22,0.065,34,81.04,0.019,35
1786332229.542,walk vx=0.000 vy=0.000 w=0.30,-2.9,0.013,33,17.84,0.0,34,80.95,0.111,34,4.13,0.013,34,6.94,0.052,35,81.47,0.006,38,-5.89,0.0,34,13.18,0.006,33,85.25,0.0,35,4.48,0.0,31,13.97,0.006,35,78.84,0.013,35,-1.05,0.019,31,9.14,0.013,34,88.59,0.026,32,-2.46,0.006,33,17.4,0.019,34,82.09,0.045,35
1786332230.029,walk vx=0.000 vy=0.000 w=0.30,4.39,0.0,33,12.3,0.006,34,83.85,0.019,35,-4.31,0.006,34,10.72,0.0,35,91.85,0.033,38,2.2,0.045,34,18.28,0.0,33,80.33,0.006,35,2.02,0.006,31,11.78,0.013,35,92.81,0.013,36,-4.22,0.013,31,11.6,0.0,34,86.75,0.026,38,2.72,0.013,33,16.88,0.013,34,87.19,0.195,35
1786332230.581,walk vx=0.000 vy=0.000 w=0.30,0.44,0.026,34,6.77,0.013,34,92.2,0.013,34,-2.46,0.019,34,16.79,0.033,35,79.19,0.006,38,5.01,0.0,34,7.12,0.013,33,93.78,0.039,35,-4.75,0.019,31,11.6,0.039,35,80.86,0.019,35,4.13,0.136,31,13.36,0.071,34,86.48,0.091,32,-0.7,0.052,33,5.62,0.065,34,84.64,0.0,35
1786332231.102,walk vx=0.000 vy=0.000 w=0.30,-6.15,0.0,34,17.93,0.019,34,80.42,0.026,34,6.5,0.006,34,9.14,0.058,35,78.93,0.0,38,-2.46,0.006,34,8.79,0.033,33,84.9,0.033,35,-2.29,0.006,31,16.96,0.033,35,80.07,0.0,36,4.13,0.006,31,6.42,0.019,34,89.3,0.033,32,-5.27,0.0,33,16.61,0.006,34,86.13,0.026,35
1786332231.634,walk vx=0.000 vy=0.000 w=0.30,2.9,0.006,34,10.37,0.045,34,85.34,0.019,34,-2.29,0.026,34,9.67,0.0,35,92.11,0.071,38,0.09,0.039,34,17.14,0.006,33,80.16,0.019,35,4.39,0.0,31,11.43,0.006,35,93.16,0.013,36,-5.01,0.0,31,16.17,0.0,34,81.47,0.039,32,3.43,0.033,33,17.05,0.013,34,87.63,0.163,35
1786332232.100,walk vx=0.000 vy=0.000 w=0.30,1.67,0.006,34,13.8,0.006,34,84.99,0.0,34,-2.55,0.019,34,16.44,0.0,35,79.37,0.006,38,4.48,0.013,34,16.96,0.006,33,85.17,0.182,35,-6.42,0.019,38,9.67,0.019,35,81.47,0.013,36,4.75,0.078,31,17.23,0.104,34,78.75,0.026,32,-0.35,0.039,33,6.24,0.052,34,84.38,0.019,35
1786332232.576,walk vx=0.000 vy=0.000 w=0.30,-3.6,0.019,34,15.56,0.026,34,83.5,0.0,35,4.48,0.006,34,6.59,0.033,35,80.95,0.006,38,-5.01,0.013,34,7.47,0.013,33,89.3,0.0,35,3.16,0.026,31,14.85,0.045,35,79.63,0.013,36,0.0,0.006,31,3.43,0.0,34,94.31,0.019,32,-3.6,0.0,33,17.23,0.0,34,91.58,0.019,35
1786332233.158,walk vx=0.000 vy=0.000 w=0.30,1.14,0.019,33,13.97,0.006,34,82.88,0.039,34,-0.09,0.0,34,8.96,0.006,35,94.92,0.006,38,-3.87,0.026,34,18.37,0.0,33,79.89,0.006,35,5.8,0.006,31,9.76,0.013,35,88.33,0.026,36,-4.92,0.026,31,13.45,0.0,34,84.99,0.0,32,1.05,0.045,33,16.61,0.006,36,82.18,0.078,35
1786332233.668,walk vx=0.000 vy=0.000 w=0.30,3.34,0.006,34,13.27,0.013,49,85.61,0.013,35,-3.87,0.0,34,16.52,0.0,35,79.54,0.013,38,5.45,0.0,34,17.4,0.0,33,82.71,0.071,35,-3.6,0.0,31,13.45,0.013,35,84.46,0.006,36,0.97,0.078,31,17.4,0.0,34,79.89,0.006,32,2.2,0.045,33,10.02,0.019,34,86.75,0.136,35
1786332234.142,walk vx=0.000 vy=0.000 w=0.30,-5.98,0.006,34,11.78,0.033,34,86.31,0.019,34,5.54,0.006,34,12.66,0.117,35,80.77,0.006,38,-5.54,0.033,34,4.04,0.006,33,92.29,0.0,35,0.18,0.058,31,16.7,0.065,34,79.45,0.019,36,3.43,0.013,31,4.13,0.006,34,93.16,0.091,32,-4.75,0.0,33,15.03,0.026,34,86.31,0.0,35
1786332234.624,walk vx=0.000 vy=0.000 w=0.30,3.69,0.006,34,10.81,0.045,34,84.11,0.019,34,-2.2,0.033,34,7.21,0.0,35,91.93,0.006,38,1.23,0.033,34,17.4,0.006,33,80.51,0.019,35,4.57,0.026,31,13.62,0.019,34,85.34,0.013,36,-3.96,0.019,31,10.99,0.0,34,87.63,0.0,32,-1.32,0.019,33,18.11,0.0,34,81.12,0.117,34
1786332235.239,walk vx=0.000 vy=0.000 w=0.30,5.01,0.006,34,8.61,0.006,34,90.79,0.0,35,-5.1,0.006,34,14.24,0.0,35,82.18,0.0,38,3.87,0.019,34,12.74,0.026,33,87.54,0.149,35,-2.11,0.026,31,8.88,0.006,35,87.1,0.0,35,-1.23,0.045,31,17.49,0.045,36,79.28,0.013,32,4.83,0.033,71,9.67,0.0,34,86.22,0.104,35
1786332235.696,walk vx=0.000 vy=0.000 w=0.30,-5.19,0.006,34,16.08,0.033,34,80.51,0.026,35,5.01,0.026,34,15.47,0.104,35,81.56,0.006,38,-0.79,0.039,34,11.34,0.0,33,85.43,0.006,35,-2.02,0.013,31,17.75,0.006,35,79.98,0.006,35,4.13,0.013,31,13.1,0.078,34,83.85,0.111,32,-5.8,0.006,33,12.74,0.039,34,88.07,0.006,35
1786332236.177,walk vx=0.000 vy=0.000 w=0.30,1.14,0.033,33,17.58,0.019,34,80.07,0.013,34,-0.09,0.013,34,5.36,0.0,35,89.82,0.006,38,-1.14,0.026,34,14.77,0.019,33,81.04,0.006,35,5.89,0.006,31,11.51,0.019,34,87.01,0.0,36,-5.8,0.019,31,7.21,0.006,34,92.11,0.006,32,3.6,0.033,33,17.14,0.019,34,81.91,0.156,35
1786332236.746,walk vx=0.000 vy=0.000 w=0.30,5.36,0.006,34,7.91,0.019,34,91.41,0.019,34,-5.45,0.006,34,15.12,0.0,35,82.53,0.071,38,4.83,0.026,34,13.8,0.013,33,86.13,0.111,35,-1.41,0.026,31,6.24,0.013,35,88.59,0.006,35,-2.2,0.033,31,17.75,0.0,34,79.63,0.006,32,4.92,0.006,33,9.4,0.006,34,83.76,0.078,35
1786332237.275,walk vx=0.000 vy=0.000 w=0.30,-3.16,0.013,33,11.16,0.006,34,85.08,0.019,34,2.2,0.058,34,16.79,0.033,35,78.93,0.006,38,1.23,0.013,34,8.96,0.006,33,86.4,0.0,35,-4.66,0.006,31,17.58,0.006,35,81.83,0.026,37,4.92,0.013,31,13.89,0.065,34,82.97,0.071,32,-3.25,0.013,33,13.01,0.033,34,90.88,0.0,35
1786332237.756,walk vx=0.000 vy=0.000 w=0.30,-2.11,0.006,33,17.75,0.0,34,80.07,0.019,34,2.81,0.006,34,4.48,0.039,35,92.11,0.013,38,-4.13,0.019,34,15.64,0.019,33,82.97,0.039,35,5.19,0.013,31,16.08,0.026,35,85.61,0.104,36,-0.97,0.033,31,8.35,0.0,34,90.0,0.013,32,-3.08,0.019,33,17.84,0.045,34,81.3,0.117,35
1786332238.241,walk vx=0.000 vy=0.000 w=0.30,4.83,0.026,34,7.21,0.013,47,88.59,0.026,35,-5.71,0.013,34,15.38,0.0,37,81.65,0.045,38,4.75,0.039,34,17.75,0.006,33,79.45,0.006,35,6.5,0.006,31,10.28,0.019,35,84.46,0.019,35,-6.24,0.0,31,15.12,0.0,34,83.94,0.0,32,3.25,0.026,33,15.82,0.026,34,80.77,0.058,35
1786332238.910,walk vx=0.000 vy=0.000 w=0.30,-1.41,0.006,34,12.83,0.006,34,85.87,0.006,35,-1.76,0.0,34,13.62,0.0,35,81.56,0.019,38,3.16,0.013,34,16.7,0.0,33,83.76,0.13,35,-4.48,0.013,31,11.34,0.013,35,89.03,0.0,36,1.49,0.026,31,17.14,0.0,34,79.8,0.013,32,3.69,0.019,33,9.58,0.006,34,90.53,0.104,35
1786332239.407,walk vx=0.000 vy=0.000 w=0.30,-5.45,0.006,33,11.07,0.026,34,85.52,0.019,34,5.27,0.0,34,10.9,0.123,35,81.91,0.0,38,-5.01,0.033,34,4.22,0.006,33,91.32,0.006,35,-0.88,0.045,31,17.05,0.0,35,79.1,0.013,35,3.25,0.006,31,5.54,0.026,34,90.53,0.136,32,-4.83,0.006,33,15.21,0.052,34,83.41,0.013,36
1786332239.880,walk vx=0.000 vy=0.000 w=0.30,2.64,0.0,34,12.57,0.013,34,83.14,0.033,34,-2.29,0.033,34,9.93,0.0,35,89.21,0.006,38,-0.7,0.033,34,18.28,0.0,33,79.8,0.0,35,5.1,0.0,31,5.27,0.013,34,87.45,0.019,35,-5.36,0.006,31,15.12,0.006,34,87.63,0.0,32,-2.64,0.033,33,17.84,0.006,34,80.33,0.006,35
1786332240.488,walk vx=0.000 vy=0.000 w=0.30,6.06,0.0,34,13.01,0.013,34,86.57,0.019,34,-6.5,0.0,34,13.71,0.0,35,84.9,0.052,38,6.42,0.006,34,18.19,0.0,33,81.3,0.084,35,-2.64,0.026,31,12.39,0.0,35,90.53,0.006,35,-0.53,0.026,31,14.77,0.0,34,82.09,0.006,32,3.69,0.013,33,9.58,0.026,34,89.56,0.189,35
1786332240.969,walk vx=0.000 vy=0.000 w=0.30,-4.57,0.019,34,8.0,0.019,34,87.45,0.0,34,4.31,0.013,34,13.89,0.104,35,83.41,0.006,38,-2.72,0.013,34,4.48,0.013,33,92.11,0.006,47,-1.93,0.013,31,15.56,0.006,35,79.37,0.0,36,3.78,0.006,31,8.0,0.117,34,91.85,0.13,33,-5.27,0.013,33,13.27,0.045,34,84.46,0.006,35
1786332241.434,walk vx=0.000 vy=0.000 w=0.30,1.32,0.026,34,15.47,0.026,61,80.51,0.019,35,2.55,0.026,34,6.68,0.0,35,84.9,0.039,38,-5.36,0.013,34,17.67,0.013,33,79.72,0.0,35,4.83,0.006,31,8.17,0.026,35,81.47,0.006,35,-4.31,0.006,31,10.55,0.0,34,84.73,0.0,32,-1.85,0.0,33,16.17,0.065,34,80.42,0.006,35
1786332241.948,walk vx=0.000 vy=0.000 w=0.30,4.04,0.006,33,10.2,0.013,34,89.03,0.006,34,-4.39,0.019,34,16.26,0.006,35,91.14,0.104,38,3.6,0.019,34,18.28,0.006,33,81.12,0.071,35,2.46,0.006,31,8.7,0.013,35,92.9,0.006,36,-3.96,0.006,31,14.24,0.0,34,84.99,0.026,33,4.66,0.013,33,9.58,0.013,34,89.56,0.331,35
1786332242.531,walk vx=0.000 vy=0.000 w=0.30,-2.55,0.006,34,8.09,0.019,34,88.59,0.0,35,0.79,0.0,34,13.62,0.078,35,80.33,0.0,38,1.93,0.006,51,6.06,0.013,33,90.7,0.013,35,-5.45,0.013,31,16.96,0.0,35,79.45,0.019,35,5.98,0.006,31,10.37,0.091,34,90.18,0.182,32,-4.04,0.019,33,14.5,0.039,34,84.46,0.006,35
1786332242.966,walk vx=0.000 vy=0.000 w=0.30,1.23,0.019,34,17.49,0.0,34,80.68,0.026,35,0.97,0.019,34,11.16,0.019,35,88.33,0.039,38,-3.78,0.006,34,17.14,0.013,33,80.33,0.033,35,5.1,0.019,31,15.03,0.026,34,81.83,0.013,36,-2.46,0.019,31,9.32,0.006,34,84.11,0.006,32,-2.99,0.033,33,17.67,0.013,34,80.6,0.006,35
1786332243.495,walk vx=0.000 vy=0.000 w=0.30,5.54,0.0,33,8.35,0.013,34,85.08,0.019,34,-5.98,0.0,34,10.2,0.0,35,85.52,0.0,38,5.8,0.013,34,13.89,0.0,33,85.08,0.267,35,-2.55,0.039,31,6.59,0.006,35,91.67,0.0,35,-0.18,0.013,31,17.14,0.026,34,83.67,0.033,32,4.04,0.0,33,12.39,0.039,34,90.0,0.273,35
1786332244.018,walk vx=0.000 vy=0.000 w=0.30,-3.34,0.039,33,12.13,0.013,34,91.05,0.0,35,1.76,0.033,34,15.03,0.111,35,80.68,0.0,38,0.7,0.026,34,9.93,0.019,33,88.33,0.019,35,-4.66,0.026,31,16.35,0.0,35,79.45,0.013,35,4.22,0.019,31,10.55,0.104,34,89.65,0.163,32,-3.96,0.013,44,9.84,0.039,34,84.99,0.0,35
1786332244.506,walk vx=0.000 vy=0.000 w=0.30,-3.16,0.006,34,18.11,0.0,34,82.44,0.058,35,4.13,0.013,34,9.05,0.058,35,85.25,0.019,38,-5.36,0.0,34,12.92,0.033,33,83.41,0.039,35,4.66,0.0,31,16.08,0.0,35,79.19,0.0,35,-0.09,0.019,31,10.28,0.0,34,85.78,0.006,32,-2.11,0.0,33,17.4,0.006,34,81.04,0.019,35
1786332245.006,walk vx=0.000 vy=0.000 w=0.30,6.5,0.006,33,7.91,0.013,34,83.14,0.013,35,-6.33,0.006,34,10.46,0.0,35,89.38,0.078,38,5.71,0.033,34,16.79,0.006,33,86.04,0.182,35,1.05,0.013,31,4.92,0.0,35,95.36,0.019,35,-3.69,0.006,31,14.33,0.006,34,84.2,0.006,32,5.27,0.013,33,13.54,0.019,34,92.46,0.357,35
1786332245.525,walk vx=0.000 vy=0.000 w=0.30,-4.57,0.033,33,12.04,0.026,34,93.08,0.0,34,3.08,0.039,34,14.85,0.065,35,81.65,0.0,38,-0.26,0.006,34,9.32,0.006,33,82.35,0.091,35,-5.8,0.006,31,16.44,0.013,34,80.33,0.019,35,3.34,0.071,31,12.22,0.091,34,82.35,0.052,32,-1.58,0.033,33,7.29,0.045,34,85.34,0.0,35
1786332246.068,walk vx=0.000 vy=0.000 w=0.30,-4.13,0.013,34,18.37,0.019,34,80.42,0.039,35,4.92,0.0,34,12.83,0.156,35,83.32,0.033,38,-4.48,0.026,34,11.16,0.006,33,90.88,0.019,35,1.85,0.039,31,17.93,0.0,35,78.84,0.026,36,3.34,0.013,31,10.72,0.026,34,90.35,0.026,32,-5.45,0.006,33,17.31,0.006,34,83.67,0.045,35
1786332246.566,walk vx=0.000 vy=0.000 w=0.30,5.36,0.013,34,12.83,0.045,34,79.28,0.0,34,-5.01,0.033,34,4.83,0.0,35,91.76,0.013,38,1.67,0.033,34,18.37,0.0,33,84.38,0.175,35,1.76,0.013,31,3.34,0.019,35,93.25,0.013,35,-5.27,0.006,31,11.78,0.033,34,82.35,0.0,32,4.22,0.013,33,15.64,0.0,34,88.07,0.338,35
1786332247.069,walk vx=0.000 vy=0.000 w=0.30,-0.7,0.013,34,8.7,0.019,34,93.52,0.0,35,-0.35,0.019,34,16.0,0.052,35,79.37,0.019,38,4.48,0.006,34,9.76,0.013,33,83.41,0.045,35,-4.04,0.0,31,15.73,0.006,34,81.56,0.033,35,4.57,0.078,31,12.66,0.143,34,80.24,0.026,33,3.69,0.039,33,6.24,0.0,34,88.95,0.045,35
1786332247.696,walk vx=0.000 vy=0.000 w=0.30,-4.57,0.006,34,13.89,0.065,34,80.86,0.026,35,3.69,0.013,34,13.27,0.299,35,82.09,0.013,38,-1.76,0.026,34,6.15,0.006,33,93.16,0.0,35,-2.2,0.019,31,17.4,0.006,35,78.93,0.019,35,4.92,0.006,31,13.54,0.013,34,90.26,0.019,32,-4.66,0.006,33,16.17,0.039,34,83.5,0.019,35
1786332248.175,walk vx=0.000 vy=0.000 w=0.30,1.58,0.013,34,15.21,0.006,34,79.72,0.006,34,0.44,0.0,34,7.91,0.006,35,86.13,0.0,38,-3.52,0.013,34,18.37,0.013,33,79.28,0.006,35,5.54,0.0,31,10.02,0.019,35,87.45,0.026,36,-6.15,0.013,31,7.38,0.006,34,83.67,0.006,33,2.81,0.019,33,18.11,0.006,34,79.63,0.0,35
1786332248.628,walk vx=0.000 vy=0.000 w=0.30,0.44,0.006,34,9.76,0.006,35,90.35,0.0,35,-3.43,0.019,34,18.02,0.019,35,84.29,0.026,38,5.01,0.0,34,12.83,0.006,33,85.08,0.019,35,-5.1,0.019,31,11.25,0.019,35,85.43,0.0,35,2.81,0.019,31,17.58,0.0,34,79.1,0.013,32,2.55,0.006,33,3.87,0.013,34,93.43,0.026,35
1786332249.138,walk vx=0.000 vy=0.000 w=0.30,-4.48,0.006,34,15.73,0.033,34,81.47,0.019,36,4.66,0.006,34,12.3,0.0,35,85.17,0.091,38,1.76,0.006,34,8.88,0.019,33,90.79,0.006,35,-5.98,0.0,31,16.61,0.013,35,86.31,0.0,35,5.98,0.019,31,14.59,0.045,36,82.71,0.058,32,-2.99,0.019,33,12.39,0.019,34,85.52,0.006,35
1786332249.793,walk vx=0.000 vy=0.000 w=0.30,-1.14,0.0,33,17.84,0.019,34,80.07,0.033,35,2.37,0.013,34,8.17,0.045,35,83.06,0.013,38,-3.96,0.006,34,11.25,0.006,33,82.71,0.026,35,2.9,0.0,31,15.82,0.019,34,82.09,0.019,36,-1.14,0.033,31,8.79,0.006,34,90.09,0.006,32,-4.75,0.019,33,15.47,0.045,34,83.23,0.0,101
1786332250.287,walk vx=0.000 vy=0.000 w=0.30,4.83,0.0,34,9.4,0.019,44,84.02,0.013,34,-5.45,0.019,34,12.39,0.0,35,90.53,0.039,38,2.72,0.019,34,16.0,0.0,33,82.44,0.104,35,0.26,0.013,31,6.5,0.006,35,87.36,0.006,35,-4.57,0.0,31,15.47,0.0,34,80.33,0.013,32,4.83,0.006,33,6.42,0.039,34,89.47,0.058,35
1786332250.748,walk vx=0.000 vy=0.000 w=0.30,-3.52,0.013,34,12.57,0.013,34,88.95,0.006,35,2.46,0.045,34,16.44,0.058,35,79.72,0.0,38,3.34,0.013,34,7.91,0.0,33,90.79,0.0,35,-5.36,0.0,31,16.79,0.0,35,83.06,0.13,35,5.98,0.019,31,11.07,0.065,34,80.95,0.026,32,0.97,0.0,33,11.16,0.006,34,88.07,0.013,35
1786332251.347,walk vx=0.000 vy=0.000 w=0.30,-5.8,0.0,34,17.14,0.039,34,81.39,0.0,40,6.5,0.0,34,8.79,0.104,35,81.3,0.0,38,-5.98,0.019,34,10.28,0.0,33,84.81,0.013,35,3.16,0.033,31,17.49,0.006,35,79.98,0.019,35,1.76,0.013,31,10.63,0.045,34,88.77,0.039,32,-3.52,0.006,33,11.78,0.026,34,84.2,0.006,35
1786332251.891,walk vx=0.000 vy=0.000 w=0.30,2.29,0.0,34,17.14,0.0,34,82.27,0.019,34,-2.02,0.026,34,11.69,0.006,35,91.93,0.013,38,-1.05,0.019,34,17.31,0.006,33,80.42,0.013,35,4.22,0.0,31,6.77,0.013,34,84.46,0.006,35,-4.04,0.026,31,9.05,0.0,34,85.08,0.058,32,-0.18,0.033,33,16.0,0.052,34,80.95,0.026,35
1786332252.400,walk vx=0.000 vy=0.000 w=0.30,4.04,0.006,34,4.39,0.006,34,90.44,0.006,35,-4.66,0.0,34,14.41,0.0,35,78.93,0.006,38,5.01,0.0,34,7.12,0.019,33,89.12,0.117,35,-4.83,0.026,31,13.71,0.006,35,89.91,0.006,35,0.97,0.033,31,16.08,0.084,34,80.86,0.006,32,3.43,0.013,33,7.91,0.0,34,87.01,0.026,35
1786332252.840,walk vx=0.000 vy=0.000 w=0.30,-6.06,0.0,34,17.4,0.006,34,80.24,0.0,35,3.78,0.013,34,11.6,0.104,35,79.89,0.006,38,-0.53,0.006,34,9.23,0.006,33,89.47,0.013,35,-2.81,0.019,31,16.44,0.0,34,79.01,0.006,35,3.78,0.013,33,9.05,0.091,34,90.7,0.013,33,-4.48,0.019,33,13.71,0.006,34,88.86,0.026,35
1786332253.409,walk vx=0.000 vy=0.000 w=0.30,1.85,0.045,34,15.29,0.006,34,83.32,0.026,34,0.88,0.026,34,9.93,0.0,35,89.38,0.006,37,-3.78,0.026,34,18.02,0.006,33,79.63,0.006,35,5.71,0.006,31,7.82,0.013,35,80.42,0.0,35,-4.75,0.026,31,10.81,0.0,34,83.14,0.006,32,0.62,0.033,33,17.31,0.026,34,82.97,0.078,35
1786332253.935,walk vx=0.000 vy=0.000 w=0.30,3.43,0.006,34,9.32,0.006,34,82.0,0.019,35,-4.57,0.006,34,15.12,0.0,35,81.83,0.045,40,5.27,0.0,34,12.74,0.019,33,81.12,0.13,35,-4.66,0.013,31,12.92,0.0,35,93.43,0.006,35,1.85,0.058,31,16.96,0.149,34,79.28,0.052,33,2.81,0.013,33,6.33,0.013,34,85.08,0.052,35
1786332254.410,walk vx=0.000 vy=0.000 w=0.30,-4.92,0.0,34,15.12,0.013,34,86.31,0.026,34,5.45,0.026,33,9.67,0.175,35,83.58,0.006,38,-4.66,0.033,34,9.14,0.006,33,91.85,0.013,35,1.14,0.045,31,17.4,0.0,35,79.63,0.0,35,2.11,0.013,31,8.44,0.026,35,92.02,0.189,32,-5.27,0.006,33,14.24,0.052,34,91.58,0.006,35
1786332254.936,walk vx=0.000 vy=0.000 w=0.30,0.26,0.013,34,16.7,0.006,34,82.71,0.045,35,2.46,0.026,34,8.61,0.0,35,90.26,0.013,38,-4.75,0.026,34,16.88,0.033,33,79.8,0.0,35,6.06,0.019,31,7.29,0.019,35,80.51,0.006,35,-3.87,0.111,31,7.03,0.0,34,85.43,0.006,32,0.0,0.006,33,17.05,0.019,34,82.71,0.13,35
1786332255.476,walk vx=0.000 vy=0.000 w=0.30,4.66,0.0,34,9.32,0.019,34,85.96,0.013,35,-5.1,0.0,34,14.59,0.0,35,82.35,0.052,38,4.13,0.013,34,15.29,0.0,33,82.53,0.175,35,-0.7,0.026,31,12.92,0.013,35,93.08,0.0,36,-3.25,0.006,31,17.14,0.091,34,80.07,0.045,33,5.01,0.013,33,10.11,0.045,34,80.51,0.071,35
1786332255.972,walk vx=0.000 vy=0.000 w=0.30,-5.36,0.013,34,12.04,0.019,34,88.07,0.0,35,3.87,0.039,34,15.64,0.117,35,81.12,0.0,38,-1.14,0.019,34,7.56,0.013,33,92.72,0.013,35,-3.87,0.013,31,15.29,0.019,35,79.01,0.013,35,4.48,0.006,31,15.21,0.104,34,90.88,0.175,32,-3.78,0.006,33,11.25,0.033,34,92.99,0.026,35
1786332256.454,walk vx=0.000 vy=0.000 w=0.30,-0.09,0.033,34,15.91,0.026,34,81.91,0.039,35,5.01,0.006,34,6.06,0.019,35,86.84,0.0,38,-5.1,0.0,34,13.36,0.019,33,81.56,0.0,35,2.46,0.033,31,14.59,0.045,35,79.37,0.013,35,1.14,0.0,31,2.99,0.006,34,84.64,0.019,32,-4.04,0.006,33,17.58,0.084,34,82.35,0.279,35
1786332257.031,walk vx=0.000 vy=0.000 w=0.30,6.06,0.006,34,11.07,0.019,34,80.6,0.013,35,-6.24,0.033,34,13.62,0.0,35,85.25,0.052,38,4.92,0.033,34,16.61,0.039,33,79.72,0.006,35,-0.53,0.026,31,10.9,0.0,35,94.13,0.006,35,-2.29,0.033,31,16.26,0.227,34,81.91,0.182,32,4.66,0.013,33,8.61,0.013,34,82.09,0.026,35
1786332257.502,walk vx=0.000 vy=0.000 w=0.30,-4.57,0.019,34,11.16,0.019,34,91.76,0.0,34,3.43,0.026,34,16.17,0.117,35,78.84,0.013,38,-0.88,0.019,34,7.47,0.006,33,94.04,0.0,35,-4.13,0.006,31,14.5,0.013,35,79.37,0.026,36,5.19,0.006,31,12.04,0.13,34,90.0,0.13,33,-4.75,0.019,33,12.83,0.033,34,92.9,0.0,35
1786332257.971,walk vx=0.000 vy=0.000 w=0.30,1.23,0.019,34,17.4,0.019,49,82.0,0.065,35,1.41,0.006,34,4.39,0.026,35,92.99,0.013,38,-3.25,0.019,34,16.88,0.006,33,79.89,0.0,35,4.66,0.013,31,8.96,0.019,34,80.51,0.0,35,-2.29,0.052,31,8.61,0.006,34,83.41,0.026,32,-5.62,0.013,33,14.94,0.033,34,80.6,0.0,35
1786332258.596,walk vx=0.000 vy=0.000 w=0.30,5.36,0.013,34,14.24,0.006,34,79.45,0.0,35,-4.31,0.039,34,11.43,0.0,35,86.04,0.019,38,0.79,0.033,34,18.11,0.006,33,80.51,0.006,35,3.43,0.006,31,10.11,0.039,35,93.87,0.026,36,-4.92,0.019,31,11.78,0.0,34,89.47,0.033,32,4.48,0.019,33,12.48,0.026,34,82.27,0.091,35
1786332259.091,walk vx=0.000 vy=0.000 w=0.30,-1.14,0.019,34,7.91,0.013,34,94.22,0.006,35,-1.23,0.013,34,16.61,0.0,35,79.45,0.026,38,3.52,0.006,34,8.7,0.013,33,93.43,0.052,35,-4.48,0.019,31,11.87,0.013,35,80.95,0.019,36,2.46,0.026,31,16.26,0.045,34,83.67,0.045,33,2.46,0.019,33,10.37,0.033,34,90.18,0.026,35
1786332259.592,walk vx=0.000 vy=0.000 w=0.30,-5.1,0.006,34,17.58,0.019,34,80.68,0.065,35,5.8,0.006,34,6.86,0.052,35,85.78,0.033,38,-5.01,0.019,34,12.74,0.013,33,81.91,0.0,35,1.85,0.026,31,14.06,0.013,35,79.37,0.013,35,1.76,0.019,31,7.91,0.0,34,83.85,0.033,33,-5.1,0.013,33,17.05,0.006,34,81.21,0.006,35
1786332260.049,walk vx=0.000 vy=0.000 w=0.30,6.06,0.006,34,11.43,0.019,34,79.72,0.013,35,-5.36,0.013,34,10.63,0.006,35,89.47,0.0,38,-2.72,0.039,34,17.49,0.0,33,80.33,0.019,35,6.24,0.006,31,13.45,0.026,34,89.56,0.104,35,-6.42,0.006,31,10.02,0.006,34,88.95,0.0,32,4.13,0.019,33,16.52,0.026,34,81.47,0.123,35
1786332260.659,walk vx=0.000 vy=0.000 w=0.30,-0.09,0.0,34,8.0,0.0,34,91.32,0.006,35,-2.55,0.006,34,14.24,0.0,35,81.83,0.026,38,3.52,0.006,34,12.3,0.019,33,88.95,0.221,35,-3.25,0.006,31,7.21,0.006,35,86.04,0.0,37,1.32,0.026,31,17.4,0.052,34,78.93,0.006,32,3.08,0.026,33,10.72,0.006,34,89.47,0.123,35
1786332261.142,walk vx=0.000 vy=0.000 w=0.30,-4.75,0.006,34,16.52,0.045,34,80.51,0.006,35,4.48,0.006,34,10.72,0.058,35,83.85,0.0,38,-3.87,0.026,34,9.23,0.019,33,86.04,0.0,35,-1.14,0.026,31,16.88,0.033,35,79.01,0.006,35,3.16,0.019,31,8.88,0.026,34,86.48,0.039,32,-6.24,0.0,33,12.04,0.052,34,85.43,0.013,35
1786332261.638,walk vx=0.000 vy=0.000 w=0.30,5.27,0.013,34,15.38,0.019,34,79.98,0.006,34,-3.52,0.019,34,8.79,0.0,35,90.18,0.019,38,1.23,0.033,34,18.46,0.013,33,80.68,0.0,35,3.16,0.0,31,8.61,0.013,35,86.84,0.013,35,-4.48,0.006,31,7.21,0.006,34,92.81,0.006,33,-0.97,0.039,33,16.88,0.026,34,82.27,0.136,35
1786332262.234,walk vx=0.000 vy=0.000 w=0.30,5.89,0.006,34,9.58,0.013,40,93.78,0.019,35,-6.42,0.006,34,14.94,0.0,35,82.18,0.078,38,5.89,0.033,34,17.23,0.0,33,87.8,0.189,35,-1.85,0.019,31,8.7,0.0,35,91.14,0.006,35,-1.85,0.039,31,17.49,0.0,34,79.1,0.006,33,3.08,0.019,33,12.3,0.006,34,82.09,0.117,35
1786332262.732,walk vx=0.000 vy=0.000 w=0.30,-3.78,0.019,34,11.16,0.006,34,80.77,0.0,35,3.69,0.013,34,15.03,0.091,35,78.84,0.006,38,0.97,0.013,34,5.36,0.0,33,84.02,0.019,35,-4.66,0.013,31,16.61,0.006,35,79.72,0.019,35,5.1,0.006,31,15.73,0.13,34,81.3,0.026,32,-2.46,0.039,33,9.14,0.033,34,93.52,0.0,35
1786332263.252,walk vx=0.000 vy=0.000 w=0.30,-2.2,0.019,34,16.88,0.033,34,80.95,0.013,35,1.67,0.033,34,7.29,0.019,35,91.76,0.039,38,-4.39,0.026,34,16.7,0.006,33,87.8,0.065,35,5.36,0.019,31,12.3,0.045,35,79.01,0.0,35,-1.49,0.026,31,4.75,0.0,34,92.9,0.013,33,-1.49,0.013,33,17.67,0.006,34,81.04,0.084,35
1786332263.758,walk vx=0.000 vy=0.000 w=0.30,6.06,0.026,34,13.71,0.013,34,87.19,0.013,34,-3.52,0.033,34,10.46,0.0,35,87.71,0.026,38,1.67,0.039,34,18.46,0.006,33,81.04,0.026,35,3.34,0.006,31,8.26,0.006,35,95.62,0.019,35,-4.22,0.065,31,15.56,0.0,34,80.68,0.013,32,4.31,0.0,33,10.99,0.026,34,83.58,0.111,35
1786332264.333,walk vx=0.000 vy=0.000 w=0.30,-1.67,0.019,34,8.7,0.006,34,86.22,0.0,35,-1.05,0.019,34,16.35,0.084,35,80.16,0.0,38,3.52,0.006,38,9.58,0.013,33,85.25,0.039,35,-5.71,0.006,31,15.47,0.026,35,79.19,0.026,36,5.1,0.019,31,14.15,0.071,34,79.72,0.019,32,-0.7,0.019,33,11.69,0.033,34,90.44,0.0,35
1786332264.802,walk vx=0.000 vy=0.000 w=0.30,-4.39,0.006,33,17.49,0.006,34,81.04,0.006,35,3.43,0.026,34,11.25,0.136,35,82.62,0.019,38,-4.92,0.0,34,10.81,0.0,33,88.86,0.033,35,3.43,0.039,31,16.79,0.065,35,79.1,0.019,35,-0.35,0.026,31,7.65,0.006,34,94.92,0.013,33,-5.62,0.0,33,16.7,0.026,34,80.95,0.006,35
1786332265.293,walk vx=0.000 vy=0.000 w=0.30,6.5,0.019,34,11.16,0.019,34,87.71,0.0,35,-4.39,0.026,34,7.82,0.0,35,91.49,0.019,38,4.04,0.026,34,16.96,0.006,33,83.58,0.084,35,2.29,0.006,31,4.92,0.0,35,94.75,0.013,36,-5.1,0.006,31,13.45,0.0,34,82.53,0.0,33,4.22,0.019,33,13.27,0.019,34,82.35,0.111,35
1786332265.871,walk vx=0.000 vy=0.000 w=0.30,0.35,0.006,34,5.19,0.013,34,89.47,0.019,35,-2.55,0.013,34,16.61,0.065,35,79.01,0.006,38,4.57,0.0,34,3.52,0.006,33,88.68,0.019,35,-4.92,0.013,31,13.97,0.0,35,82.88,0.019,35,2.46,0.033,31,11.16,0.045,34,79.45,0.006,33,0.53,0.019,33,12.74,0.006,34,89.74,0.006,35
1786332266.348,walk vx=0.000 vy=0.000 w=0.30,-3.6,0.013,34,15.91,0.019,34,80.07,0.0,35,4.39,0.006,34,12.66,0.13,35,80.77,0.013,38,-3.43,0.026,34,14.41,0.013,33,85.17,0.019,35,2.64,0.052,31,17.31,0.026,35,79.8,0.033,36,2.99,0.013,31,12.39,0.111,34,91.58,0.006,32,-5.71,0.0,33,12.3,0.071,34,81.83,0.006,35
1786332266.848,walk vx=0.000 vy=0.000 w=0.30,4.83,0.013,34,17.75,0.019,70,80.42,0.019,35,-3.52,0.033,34,6.68,0.0,35,92.9,0.013,38,-0.26,0.033,34,17.31,0.013,33,80.42,0.026,35,3.25,0.0,31,7.21,0.013,35,90.97,0.026,35,-4.31,0.033,31,9.49,0.0,34,82.79,0.0,33,2.99,0.006,33,11.78,0.019,34,81.39,0.13,35
1786332267.373,walk vx=0.000 vy=0.000 w=0.30,2.37,0.006,34,5.01,0.006,34,93.08,0.013,35,-5.8,0.0,34,14.15,0.0,35,83.14,0.091,38,4.57,0.019,34,14.41,0.013,33,85.08,0.156,35,1.93,0.013,31,9.32,0.006,35,89.91,0.006,35,-2.9,0.019,31,17.05,0.123,34,81.83,0.033,33,4.31,0.013,33,10.63,0.0,34,89.12,0.149,35
1786332267.984,walk vx=0.000 vy=0.000 w=0.30,-4.22,0.013,34,15.47,0.026,34,81.56,0.006,35,2.9,0.026,34,15.29,0.123,35,81.12,0.013,38,-0.97,0.013,34,11.07,0.013,33,84.73,0.006,35,-4.04,0.019,31,16.96,0.0,35,78.93,0.019,35,4.83,0.006,31,13.54,0.117,34,88.68,0.065,33,-5.89,0.013,33,13.71,0.045,34,84.81,0.006,35
1786332268.433,walk vx=0.000 vy=0.000 w=0.30,3.08,0.019,34,17.4,0.019,34,79.19,0.0,35,-1.14,0.039,34,5.36,0.0,35,89.38,0.033,38,-2.9,0.033,34,14.94,0.033,33,83.67,0.006,35,5.27,0.006,31,7.47,0.013,35,84.29,0.019,35,-4.57,0.019,31,6.94,0.019,34,85.43,0.013,32,2.29,0.013,33,17.58,0.006,34,80.6,0.039,35
1786332268.921,walk vx=0.000 vy=0.000 w=0.30,2.02,0.019,34,4.75,0.006,34,93.96,0.019,35,-3.25,0.006,34,17.14,0.006,35,80.68,0.033,38,4.48,0.006,34,10.28,0.013,33,87.71,0.033,35,-2.72,0.039,31,13.18,0.013,35,90.79,0.0,35,-4.83,0.006,31,18.37,0.026,34,84.55,0.033,34,5.8,0.013,33,9.05,0.006,34,86.57,0.058,35
1786332269.519,walk vx=0.000 vy=0.000 w=0.30,-3.78,0.026,34,13.01,0.019,34,83.58,0.0,35,2.81,0.033,34,17.93,0.0,35,80.24,0.006,38,2.11,0.006,34,9.76,0.0,33,84.11,0.019,35,-5.36,0.006,31,15.38,0.033,35,81.21,0.019,37,5.62,0.019,31,16.52,0.0,34,87.19,0.052,33,-2.99,0.019,33,12.48,0.013,34,86.4,0.006,35
1786332270.026,walk vx=0.000 vy=0.000 w=0.30,-3.08,0.006,34,17.49,0.006,34,80.16,0.033,35,4.04,0.006,33,6.24,0.026,35,86.13,0.019,38,-4.04,0.019,34,13.62,0.019,33,86.31,0.0,35,4.39,0.013,31,11.87,0.039,35,80.07,0.045,36,-1.93,0.026,31,4.92,0.006,34,84.38,0.0,33,-3.78,0.006,33,15.73,0.019,34,81.04,0.0,35
1786332270.502,walk vx=0.000 vy=0.000 w=0.30,6.24,0.0,34,8.0,0.019,34,92.29,0.019,35,-6.33,0.026,34,14.85,0.0,35,87.1,0.084,38,4.04,0.039,34,16.96,0.006,33,86.13,0.195,35,-2.02,0.033,31,10.28,0.0,35,94.22,0.0,35,-2.9,0.0,31,16.44,0.201,34,81.04,0.117,33,4.66,0.006,33,5.19,0.039,34,93.25,0.091,35
1786332270.960,walk vx=0.000 vy=0.000 w=0.30,-5.19,0.013,34,14.5,0.052,34,81.47,0.013,35,1.32,0.026,34,16.96,0.019,35,80.07,0.0,38,3.52,0.013,34,7.12,0.019,33,85.52,0.019,35,-6.42,0.019,31,13.97,0.019,35,79.63,0.026,36,6.77,0.019,31,16.96,0.058,34,85.25,0.039,32,-4.39,0.006,33,11.51,0.019,34,84.99,0.013,35
1786332271.549,walk vx=0.000 vy=0.000 w=0.30,-1.14,0.0,34,17.49,0.0,34,80.95,0.006,35,1.58,0.019,34,5.71,0.039,35,84.73,0.006,38,-4.39,0.013,34,13.45,0.0,33,89.56,0.0,35,2.02,0.013,31,13.71,0.065,35,78.75,0.019,36,1.05,0.006,31,3.52,0.006,34,86.22,0.019,33,-4.48,0.0,33,15.21,0.0,34,83.06,0.013,35
1786332272.023,walk vx=0.000 vy=0.000 w=0.30,4.31,0.0,34,9.49,0.013,34,93.78,0.019,35,-5.36,0.013,34,13.8,0.0,35,88.15,0.227,38,1.93,0.026,34,15.91,0.019,33,87.54,0.149,35,1.14,0.0,31,11.6,0.019,36,94.13,0.0,36,-3.78,0.0,31,16.35,0.195,34,82.79,0.169,32,4.92,0.013,33,8.53,0.019,34,88.33,0.163,35
1786332272.512,walk vx=0.000 vy=0.000 w=0.30,-2.64,0.033,34,11.51,0.013,34,81.04,0.026,35,1.76,0.019,34,16.44,0.026,35,80.86,0.013,38,2.64,0.006,34,8.17,0.006,33,83.94,0.033,35,-5.8,0.006,31,13.27,0.045,35,79.63,0.006,35,1.32,0.0,31,17.84,0.033,34,81.12,0.006,33,2.99,0.0,33,6.06,0.013,34,93.96,0.006,35
1786332273.156,walk vx=0.000 vy=0.000 w=0.30,-4.83,0.006,34,16.0,0.033,34,82.71,0.006,35,4.92,0.039,34,8.26,0.195,35,92.55,0.006,38,-2.72,0.026,34,9.84,0.006,33,88.24,0.006,35,-3.08,0.006,31,17.31,0.019,35,86.57,0.026,36,4.83,0.006,31,12.13,0.039,34,80.6,0.0,33,-5.36,0.019,33,17.4,0.013,34,86.31,0.013,35
1786332273.661,walk vx=0.000 vy=0.000 w=0.30,1.67,0.019,34,17.75,0.0,34,79.98,0.0,35,0.0,0.026,34,11.69,0.013,35,88.95,0.039,38,-3.87,0.013,34,15.64,0.019,33,81.12,0.013,35,6.24,0.0,31,15.56,0.0,35,80.86,0.006,35,-3.25,0.026,31,6.68,0.006,34,94.66,0.006,32,2.55,0.033,33,18.11,0.013,34,81.04,0.0,35
1786332274.173,walk vx=0.000 vy=0.000 w=0.30,2.46,0.0,34,4.57,0.019,37,89.74,0.006,35,-5.27,0.0,34,11.95,0.0,35,84.9,0.058,38,5.45,0.0,34,9.67,0.026,33,86.04,0.136,35,-4.83,0.019,31,5.27,0.006,35,92.81,0.0,35,-0.35,0.0,31,16.52,0.084,34,79.1,0.006,33,2.72,0.006,33,3.78,0.013,34,88.86,0.071,35
1786332274.757,walk vx=0.000 vy=0.000 w=0.30,-4.22,0.013,34,13.89,0.033,34,87.71,0.019,35,1.67,0.033,34,13.97,0.111,35,80.6,0.006,38,0.35,0.006,39,7.91,0.0,33,90.97,0.0,35,-3.43,0.006,31,17.05,0.019,35,79.45,0.026,35,6.42,0.0,31,9.49,0.104,34,88.59,0.065,33,-2.29,0.026,33,12.57,0.0,34,85.17,0.006,35
1786332275.241,walk vx=0.000 vy=0.000 w=0.30,-2.37,0.0,34,16.7,0.013,35,80.86,0.026,35,2.55,0.033,34,9.23,0.0,35,88.51,0.006,38,-4.31,0.013,34,17.84,0.006,33,79.72,0.006,35,5.27,0.013,31,11.78,0.065,35,84.99,0.033,35,-4.22,0.033,31,11.87,0.0,34,84.11,0.006,33,-1.67,0.026,33,17.05,0.033,34,79.8,0.006,35
1786332275.705,walk vx=0.000 vy=0.000 w=0.30,5.8,0.019,34,12.74,0.019,37,84.11,0.026,35,-5.8,0.0,34,14.41,0.0,35,83.23,0.065,38,5.98,0.026,34,17.75,0.006,33,80.86,0.065,35,-3.25,0.039,31,9.49,0.006,35,89.21,0.006,35,-3.78,0.0,31,15.21,0.0,34,81.21,0.013,33,5.01,0.006,33,10.37,0.026,34,88.95,0.111,35
1786332276.209,walk vx=0.000 vy=0.000 w=0.30,-6.15,0.006,34,7.91,0.006,34,89.74,0.0,35,5.1,0.026,34,15.38,0.078,35,81.04,0.013,38,-2.29,0.033,34,5.27,0.006,33,93.43,0.0,35,-4.83,0.006,31,14.06,0.019,35,81.65,0.013,35,4.48,0.013,31,11.69,0.091,34,86.48,0.045,33,-2.64,0.013,33,6.5,0.026,34,87.54,0.006,35
1786332276.762,walk vx=0.000 vy=0.000 w=0.30,-0.62,0.033,34,16.79,0.033,34,80.33,0.045,35,3.08,0.006,50,4.13,0.0,35,87.45,0.019,38,-4.22,0.013,34,15.73,0.019,33,80.68,0.006,35,4.83,0.019,31,8.26,0.013,35,81.12,0.0,35,-2.2,0.052,31,10.81,0.0,34,84.81,0.0,33,-1.23,0.006,33,15.91,0.058,34,80.42,0.013,35
1786332277.239,walk vx=0.000 vy=0.000 w=0.30,4.04,0.006,34,12.74,0.013,34,83.67,0.013,35,-4.39,0.0,34,16.26,0.0,35,84.81,0.123,38,4.22,0.026,34,14.5,0.0,33,80.24,0.039,35,-0.09,0.019,31,12.3,0.0,35,90.88,0.0,35,-3.16,0.0,31,15.21,0.0,34,82.71,0.123,33,5.36,0.006,33,13.89,0.065,34,90.09,0.136,35
1786332277.733,walk vx=0.000 vy=0.000 w=0.30,-3.34,0.019,34,6.86,0.026,34,90.97,0.0,35,1.14,0.045,34,16.44,0.039,35,79.63,0.0,38,1.67,0.006,34,9.4,0.0,33,94.04,0.006,35,-5.01,0.0,31,13.71,0.019,35,80.68,0.013,35,4.48,0.0,31,10.11,0.208,34,89.3,0.136,33,-5.1,0.013,33,6.94,0.039,34,85.52,0.019,35
1786332278.217,walk vx=0.000 vy=0.000 w=0.30,1.41,0.039,34,17.67,0.006,34,80.68,0.045,35,4.57,0.0,34,6.77,0.039,35,87.89,0.019,38,-5.36,0.006,34,9.84,0.006,33,81.65,0.026,35,3.25,0.026,31,15.29,0.033,35,80.42,0.006,35,1.14,0.013,36,9.32,0.019,34,86.4,0.019,33,-4.04,0.006,33,17.31,0.006,34,80.77,0.006,40
1786332278.810,walk vx=0.000 vy=0.000 w=0.30,5.27,0.013,34,13.54,0.013,34,85.43,0.019,35,-4.57,0.026,34,12.22,0.0,35,84.55,0.026,38,3.52,0.039,34,16.0,0.026,33,80.24,0.006,35,1.85,0.006,31,8.79,0.0,35,87.63,0.026,35,-4.13,0.006,31,13.54,0.0,34,85.34,0.078,33,4.48,0.013,33,12.74,0.091,34,85.87,0.104,35
1786332279.292,walk vx=0.000 vy=0.000 w=0.30,-2.02,0.019,35,7.47,0.013,34,88.59,0.0,35,-1.23,0.0,34,16.17,0.084,35,79.98,0.045,38,3.6,0.013,34,9.67,0.013,33,94.39,0.019,35,-5.19,0.019,31,14.77,0.0,35,84.02,0.071,35,4.75,0.019,31,10.81,0.149,34,86.84,0.026,33,-1.76,0.033,33,8.61,0.033,34,87.19,0.006,35
1786332279.777,walk vx=0.000 vy=0.000 w=0.30,-2.99,0.006,34,17.49,0.019,34,79.89,0.0,35,5.19,0.013,34,7.82,0.104,35,90.35,0.033,38,-5.8,0.006,34,11.25,0.006,33,80.51,0.039,35,3.69,0.033,31,17.14,0.039,35,79.19,0.006,35,4.39,0.019,31,10.28,0.019,34,81.3,0.013,33,-6.06,0.013,33,14.85,0.006,34,83.58,0.006,35
1786332280.392,walk vx=0.000 vy=0.000 w=0.30,4.13,0.013,34,14.5,0.045,34,82.71,0.013,35,-4.31,0.019,52,9.67,0.0,35,87.19,0.013,38,1.05,0.039,34,17.75,0.0,33,81.12,0.026,35,3.87,0.006,31,12.22,0.026,35,86.4,0.013,35,-4.39,0.006,31,11.25,0.0,34,90.7,0.013,33,2.2,0.013,33,17.23,0.026,34,80.77,0.071,35
1786332280.883,walk vx=0.000 vy=0.000 w=0.30,1.32,0.0,34,7.65,0.006,34,88.24,0.0,35,-3.52,0.0,34,15.91,0.0,35,79.89,0.026,38,3.78,0.0,34,9.67,0.019,33,91.58,0.149,35,-4.04,0.006,31,7.91,0.013,35,87.36,0.006,35,0.7,0.045,31,16.61,0.052,34,80.95,0.013,33,3.43,0.026,33,5.54,0.006,34,93.25,0.019,35
1786332281.368,walk vx=0.000 vy=0.000 w=0.30,-5.54,0.006,34,16.96,0.0,34,82.35,0.0,35,5.8,0.033,34,8.44,0.065,35,83.23,0.006,38,-3.43,0.013,34,10.28,0.006,33,84.73,0.0,37,0.18,0.026,31,16.61,0.033,35,79.01,0.0,35,3.96,0.019,31,8.44,0.013,34,86.04,0.026,33,-6.86,0.006,33,16.96,0.013,34,80.51,0.019,35
1786332281.997,walk vx=0.000 vy=0.000 w=0.00,-0.97,0.0,34,18.37,0.0,34,80.24,0.0,35,2.02,0.013,34,8.7,0.0,35,90.62,0.026,38,-3.87,0.006,34,18.63,0.0,33,79.28,0.0,35,5.89,0.0,31,10.9,0.006,35,87.45,0.019,35,-5.89,0.006,31,18.46,0.0,34,79.1,0.006,33,5.98,0.0,33,14.15,0.0,34,85.25,0.019,35
1786332282.396,walk vx=0.000 vy=0.000 w=0.00,-6.24,0.006,34,18.37,0.0,34,79.1,0.0,35,5.71,0.006,34,14.68,0.0,35,83.41,0.0,38,-5.8,0.006,34,18.63,0.0,33,79.28,0.006,35,5.98,0.0,31,14.68,0.0,35,83.5,0.0,35,-5.89,0.006,31,18.46,0.0,34,78.93,0.0,33,5.98,0.0,33,14.77,0.0,34,83.23,0.006,35
1786332282.831,walk vx=0.000 vy=0.000 w=0.00,-6.42,0.006,34,18.37,0.0,34,78.75,0.0,35,6.24,0.0,34,14.24,0.013,35,83.67,0.013,38,-5.98,0.0,34,18.63,0.0,33,79.28,0.006,35,5.98,0.0,31,14.77,0.0,35,83.5,0.0,35,-5.89,0.013,31,17.93,0.026,34,79.19,0.006,33,5.98,0.0,33,14.77,0.0,34,83.85,0.006,35
1786332283.305,walk vx=0.000 vy=0.000 w=0.00,-5.98,0.0,34,18.37,0.0,34,78.75,0.0,35,6.24,0.0,34,14.15,0.013,35,83.67,0.006,38,-5.98,0.0,34,18.63,0.0,33,79.28,0.006,35,5.98,0.0,31,14.77,0.0,35,83.5,0.0,35,-5.89,0.006,31,17.93,0.026,34,79.19,0.013,33,5.98,0.0,33,14.77,0.0,34,83.85,0.013,35
1786332283.776,walk vx=0.000 vy=0.000 w=0.00,-5.98,0.0,34,18.37,0.006,34,78.75,0.0,35,6.24,0.0,34,14.15,0.013,35,83.67,0.013,38,-5.98,0.0,34,18.63,0.0,33,79.28,0.0,35,5.98,0.0,31,14.77,0.0,35,83.5,0.0,35,-5.89,0.006,31,17.93,0.026,34,79.19,0.006,33,5.98,0.0,33,14.77,0.0,34,83.85,0.013,35
1786332284.185,walk vx=0.000 vy=0.000 w=0.00,-5.98,0.0,34,18.37,0.0,34,78.75,0.0,35,6.24,0.006,34,14.15,0.013,35,83.67,0.013,38,-5.98,0.0,34,18.63,0.0,33,79.28,0.006,35,5.98,0.0,31,14.77,0.0,35,83.5,0.0,35,-5.89,0.006,31,17.93,0.026,34,79.19,0.006,33,5.98,0.0,33,14.77,0.0,34,83.85,0.006,35
1786332284.623,walk vx=0.000 vy=0.000 w=0.00,-5.98,0.0,34,18.37,0.0,34,78.75,0.0,35,6.24,0.0,34,14.15,0.013,35,83.67,0.013,38,-5.98,0.0,34,18.63,0.0,33,79.28,0.006,35,5.98,0.0,31,14.77,0.0,35,83.5,0.0,35,-5.89,0.006,31,17.93,0.026,34,79.19,0.013,33,5.98,0.0,33,14.77,0.0,34,83.85,0.006,35
1786332285.066,walk vx=0.000 vy=0.000 w=0.00,-5.98,0.0,34,18.37,0.0,34,78.75,0.0,35,6.24,0.0,34,14.15,0.013,35,83.67,0.013,38,-5.98,0.0,34,18.63,0.0,33,79.28,0.0,35,5.98,0.0,31,14.77,0.0,35,83.5,0.0,35,-5.89,0.006,31,17.93,0.026,34,79.19,0.013,33,5.98,0.0,33,14.77,0.0,34,83.85,0.013,35
1786332285.532,walk vx=0.000 vy=0.000 w=0.00,-5.98,0.0,34,18.37,0.006,34,78.75,0.0,35,6.24,0.006,34,14.15,0.013,35,83.67,0.013,38,-5.98,0.0,34,18.63,0.0,33,79.28,0.006,35,5.98,0.0,31,14.77,0.0,35,83.5,0.0,35,-5.89,0.006,31,17.93,0.026,34,79.19,0.006,33,5.98,0.0,33,14.77,0.0,34,83.85,0.006,35
1786332286.002,walk vx=0.000 vy=0.000 w=0.00,-5.98,0.0,34,18.37,0.0,34,78.75,0.0,35,6.24,0.006,34,14.15,0.013,35,83.67,0.013,38,-5.98,0.0,34,18.63,0.0,33,79.28,0.006,35,5.98,0.0,31,14.77,0.0,35,83.5,0.0,35,-5.89,0.006,31,17.93,0.026,34,79.19,0.006,33,5.98,0.0,33,14.77,0.0,34,83.85,0.006,35
1786332286.403,walk vx=0.000 vy=0.000 w=0.00,-5.98,0.0,34,18.37,0.0,34,78.75,0.0,35,6.24,0.0,34,14.15,0.013,35,83.67,0.006,38,-5.98,0.0,34,18.63,0.0,33,79.28,0.006,35,5.98,0.0,31,14.77,0.0,35,83.5,0.0,35,-5.89,0.006,31,17.93,0.026,34,79.19,0.006,33,5.98,0.0,33,14.77,0.0,34,83.85,0.013,35
1786332286.875,walk vx=0.000 vy=0.000 w=0.00,-5.98,0.0,34,18.37,0.0,34,78.75,0.0,35,6.24,0.006,34,14.15,0.013,35,83.67,0.013,38,-5.98,0.0,34,18.63,0.0,33,79.28,0.006,35,5.98,0.0,31,14.77,0.0,35,83.5,0.0,35,-5.89,0.006,31,17.93,0.026,34,79.19,0.013,33,5.98,0.0,33,14.77,0.0,34,83.85,0.006,35
1786332287.251,walk vx=0.000 vy=0.000 w=0.00,-5.89,0.0,34,18.37,0.006,34,78.75,0.0,35,6.24,0.0,34,14.15,0.013,60,83.67,0.013,38,-5.98,0.0,34,18.63,0.0,33,79.28,0.006,35,5.98,0.0,31,14.77,0.0,35,83.5,0.0,35,-5.89,0.006,31,17.93,0.019,34,79.19,0.013,33,5.98,0.0,33,14.77,0.0,34,83.85,0.006,35
1786332287.609,walk vx=0.000 vy=0.000 w=0.00,-5.89,0.006,34,18.37,0.0,34,78.75,0.006,35,6.24,0.0,34,14.15,0.013,35,83.67,0.013,38,-5.98,0.0,34,18.63,0.0,33,79.28,0.006,35,5.98,0.0,31,14.77,0.0,35,83.5,0.0,35,-5.89,0.006,31,17.93,0.033,34,79.19,0.006,33,5.98,0.0,33,14.77,0.0,34,83.85,0.006,35
1786332288.065,walk vx=0.000 vy=0.000 w=0.00,-6.06,0.0,34,18.37,0.0,34,78.75,0.0,35,6.24,0.006,34,14.15,0.013,35,83.67,0.013,38,-5.98,0.0,34,18.63,0.0,33,79.28,0.0,35,5.98,0.0,31,14.77,0.0,35,83.5,0.0,35,-5.89,0.013,31,17.93,0.026,34,79.19,0.013,33,5.98,0.0,33,14.77,0.0,34,83.85,0.006,35
1786332288.528,walk vx=0.000 vy=0.000 w=0.00,-6.06,0.0,34,18.37,0.006,34,78.75,0.0,35,6.24,0.006,34,14.15,0.019,35,83.67,0.013,38,-5.98,0.0,34,18.63,0.0,33,79.28,0.006,35,5.98,0.0,31,14.77,0.0,35,83.5,0.0,35,-5.89,0.006,31,17.93,0.026,34,79.19,0.013,33,5.98,0.0,33,14.77,0.0,34,83.85,0.006,35
1786332288.998,walk vx=0.000 vy=0.000 w=0.00,-6.06,0.0,34,18.37,0.0,34,78.75,0.0,35,6.24,0.006,34,14.15,0.013,35,83.67,0.006,38,-5.98,0.0,34,18.63,0.0,33,79.28,0.006,35,5.98,0.0,31,14.77,0.0,35,83.5,0.0,35,-5.89,0.006,31,17.93,0.026,34,79.19,0.006,33,5.98,0.0,33,14.77,0.0,34,83.85,0.013,35
1786332289.454,walk vx=0.000 vy=0.000 w=0.00,-6.06,0.0,34,18.37,0.006,34,78.75,0.0,35,6.24,0.0,34,14.15,0.013,35,83.67,0.013,38,-5.98,0.0,34,18.63,0.0,33,79.28,0.006,35,5.98,0.0,31,14.77,0.0,35,83.5,0.0,35,-5.89,0.006,31,17.93,0.019,34,79.19,0.006,33,5.98,0.0,33,14.77,0.0,34,83.85,0.006,35
1786332289.891,walk vx=0.000 vy=0.000 w=0.00,-6.06,0.0,34,18.37,0.0,34,78.75,0.006,35,6.24,0.0,34,14.15,0.013,35,83.67,0.013,38,-5.98,0.0,34,18.63,0.0,33,79.28,0.006,35,5.98,0.0,31,14.77,0.0,35,83.5,0.0,35,-5.89,0.006,31,17.93,0.026,34,79.19,0.013,33,5.98,0.0,33,14.77,0.0,34,83.85,0.006,35
1786332290.306,walk vx=0.000 vy=0.000 w=0.00,-6.06,0.0,34,18.37,0.0,34,78.75,0.0,35,6.24,0.0,34,14.15,0.006,35,83.67,0.013,38,-5.98,0.0,34,18.63,0.0,33,79.28,0.006,35,5.98,0.0,31,14.77,0.0,35,83.5,0.0,35,-5.89,0.006,31,17.93,0.026,34,79.19,0.013,33,5.98,0.0,33,14.77,0.0,34,83.85,0.013,35
1786332290.807,walk vx=0.000 vy=0.000 w=0.00,-6.06,0.0,34,18.37,0.0,34,78.75,0.0,35,6.24,0.0,34,14.15,0.013,35,83.67,0.019,38,-5.98,0.0,34,18.63,0.0,33,79.28,0.006,35,5.98,0.0,31,14.77,0.0,35,83.5,0.0,35,-5.89,0.006,31,17.93,0.026,35,79.19,0.006,33,5.98,0.0,33,14.77,0.0,34,83.85,0.013,35
1786332291.311,walk vx=0.000 vy=0.000 w=0.00,-6.06,0.0,34,18.37,0.006,34,78.75,0.0,35,6.24,0.006,34,14.15,0.013,35,83.67,0.013,38,-5.98,0.0,34,18.63,0.0,33,79.28,0.006,35,5.98,0.0,31,14.77,0.0,35,83.5,0.0,35,-5.89,0.006,31,17.93,0.026,34,79.19,0.013,33,5.98,0.0,33,14.77,0.0,34,83.85,0.006,35
1786332291.743,walk vx=0.000 vy=0.000 w=0.00,-6.06,0.0,34,18.37,0.0,34,78.75,0.0,35,6.24,0.0,34,14.15,0.019,35,83.67,0.013,38,-5.98,0.0,34,18.63,0.0,33,79.28,0.0,35,5.98,0.0,31,14.77,0.0,35,83.5,0.0,35,-5.89,0.013,31,17.93,0.026,34,79.19,0.013,33,5.98,0.0,33,14.77,0.0,34,83.85,0.006,35
1786332292.145,walk vx=0.000 vy=0.000 w=0.00,-6.06,0.0,34,18.37,0.006,34,78.75,0.006,35,6.24,0.006,34,14.15,0.013,35,83.67,0.013,38,-5.98,0.0,34,18.63,0.0,33,79.28,0.013,35,5.98,0.0,31,14.77,0.0,35,83.5,0.0,35,-5.89,0.006,31,17.93,0.026,34,79.19,0.013,33,5.98,0.0,33,14.77,0.0,34,83.85,0.006,35
1786332292.573,walk vx=0.000 vy=0.000 w=0.00,-6.06,0.0,34,18.37,0.0,34,78.75,0.0,35,6.24,0.0,34,14.15,0.013,35,83.67,0.013,38,-5.98,0.0,34,18.63,0.0,33,79.28,0.006,35,5.98,0.0,31,14.77,0.0,35,83.5,0.0,35,-5.89,0.006,31,17.93,0.026,34,79.19,0.013,33,5.98,0.0,33,14.77,0.0,34,83.85,0.013,35
1786332293.036,walk vx=0.000 vy=0.000 w=0.00,-6.06,0.0,34,18.37,0.0,34,78.75,0.0,35,6.24,0.0,34,14.15,0.013,35,83.67,0.013,38,-5.98,0.0,34,18.63,0.0,33,79.28,0.006,35,5.98,0.0,31,14.77,0.0,35,83.5,0.0,35,-5.89,0.006,31,17.93,0.026,34,79.19,0.013,33,5.98,0.0,33,14.77,0.0,34,83.85,0.013,35
1786332293.474,walk vx=0.000 vy=0.000 w=0.00,-6.06,0.0,34,18.37,0.006,34,78.75,0.0,35,6.24,0.0,34,14.15,0.013,35,83.67,0.006,38,-5.98,0.0,34,18.63,0.0,33,79.28,0.0,35,5.98,0.0,31,14.77,0.0,35,83.5,0.0,35,-5.89,0.006,31,17.93,0.026,34,79.19,0.013,33,5.98,0.0,33,14.77,0.0,34,83.85,0.013,35
1786332293.866,walk vx=0.000 vy=0.000 w=0.00,-6.06,0.0,34,18.37,0.0,34,78.75,0.0,35,6.24,0.0,34,14.15,0.013,35,83.67,0.006,38,-5.98,0.0,34,18.63,0.0,33,79.28,0.006,35,5.98,0.0,31,14.77,0.0,35,83.5,0.0,35,-5.89,0.006,31,17.93,0.019,34,79.19,0.006,33,5.98,0.0,33,14.77,0.0,34,83.85,0.013,35
1786332294.286,walk vx=0.000 vy=0.000 w=0.00,-6.06,0.0,34,18.37,0.0,34,78.75,0.0,35,6.24,0.0,34,14.15,0.013,35,83.67,0.013,38,-5.98,0.0,34,18.63,0.0,33,79.28,0.006,35,5.98,0.0,31,14.77,0.0,35,83.5,0.0,35,-5.89,0.006,31,17.93,0.026,34,79.19,0.006,33,5.98,0.0,33,14.77,0.0,34,83.85,0.013,35
1786332294.774,walk vx=0.000 vy=0.000 w=0.00,-6.06,0.0,34,18.37,0.006,34,78.75,0.006,35,6.24,0.0,34,14.15,0.013,35,83.67,0.013,38,-5.98,0.0,34,18.63,0.0,33,79.28,0.006,35,5.98,0.0,31,14.77,0.0,35,83.5,0.0,35,-5.89,0.013,31,17.93,0.026,34,79.19,0.013,33,5.98,0.0,33,14.77,0.0,34,83.85,0.006,35
1786332295.176,walk vx=0.000 vy=0.000 w=0.00,-6.06,0.0,34,18.37,0.0,34,78.75,0.0,35,6.24,0.006,34,14.15,0.013,35,83.67,0.013,38,-5.98,0.0,34,18.63,0.0,33,79.28,0.006,35,5.98,0.0,31,14.77,0.0,35,83.5,0.0,35,-5.89,0.006,31,17.93,0.026,38,79.19,0.013,33,5.98,0.0,33,14.77,0.0,34,83.85,0.006,35
1786332295.638,walk vx=0.000 vy=0.000 w=0.00,-6.06,0.0,34,18.37,0.0,34,78.75,0.0,35,6.24,0.006,34,14.15,0.013,35,83.67,0.013,38,-5.98,0.0,34,18.63,0.0,33,79.28,0.0,35,5.98,0.0,31,14.77,0.0,35,83.5,0.0,35,-5.89,0.006,31,17.93,0.026,34,79.19,0.006,33,5.98,0.0,33,14.77,0.0,34,83.85,0.013,35
1786332296.059,walk vx=0.000 vy=0.000 w=0.00,-6.06,0.0,34,18.37,0.0,34,78.75,0.0,35,6.24,0.006,34,14.15,0.013,35,83.67,0.006,38,-5.98,0.0,34,18.63,0.0,33,79.28,0.006,35,5.98,0.0,31,14.77,0.0,35,83.5,0.0,35,-5.89,0.013,31,17.93,0.026,34,79.19,0.006,33,5.98,0.0,33,14.77,0.0,34,83.85,0.013,35
1786332296.494,walk vx=0.000 vy=0.000 w=0.00,-6.06,0.0,34,18.37,0.006,34,78.75,0.0,35,6.24,0.0,34,14.15,0.013,35,83.67,0.013,38,-5.98,0.0,34,18.63,0.0,33,79.28,0.006,35,5.98,0.0,31,14.77,0.0,35,83.5,0.0,35,-5.89,0.006,31,17.93,0.026,34,79.19,0.006,33,5.98,0.0,33,14.77,0.0,34,83.85,0.013,35
1786332296.875,walk vx=0.000 vy=0.000 w=0.00,-6.06,0.0,34,18.37,0.006,34,78.75,0.0,35,6.24,0.0,34,14.15,0.013,35,83.67,0.013,38,-5.98,0.0,34,18.63,0.0,33,79.28,0.006,35,5.98,0.0,31,14.77,0.0,35,83.5,0.0,35,-5.89,0.006,31,17.93,0.026,34,79.19,0.013,33,5.98,0.0,33,14.77,0.0,34,83.85,0.006,35
1786332297.295,walk vx=0.000 vy=0.000 w=0.00,-6.06,0.0,34,18.37,0.0,34,78.75,0.0,35,6.24,0.0,34,14.15,0.013,35,83.67,0.013,38,-5.98,0.0,34,18.63,0.0,33,79.28,0.006,35,5.98,0.0,31,14.77,0.0,35,83.5,0.0,35,-5.89,0.006,31,17.93,0.026,34,79.19,0.013,33,5.98,0.0,33,14.77,0.0,34,83.85,0.006,35
1786332297.782,walk vx=0.000 vy=0.000 w=0.00,-6.06,0.0,34,18.37,0.006,34,78.75,0.006,35,6.24,0.006,34,14.15,0.013,35,83.67,0.006,38,-5.98,0.0,34,18.63,0.0,33,79.28,0.006,35,5.98,0.0,31,14.77,0.0,35,83.5,0.0,35,-5.89,0.006,31,17.93,0.026,34,79.19,0.013,33,5.98,0.0,33,14.77,0.0,34,83.85,0.006,35
1786332298.266,walk vx=0.000 vy=0.000 w=0.00,-6.06,0.0,34,18.37,0.006,34,78.75,0.0,35,6.24,0.006,34,14.15,0.013,35,83.67,0.013,38,-5.98,0.0,34,18.63,0.0,33,79.28,0.006,35,5.98,0.0,31,14.77,0.0,35,83.5,0.0,35,-5.89,0.006,31,17.93,0.019,34,79.19,0.006,33,5.98,0.0,33,14.77,0.0,34,83.85,0.013,35
1786332298.684,walk vx=0.000 vy=0.000 w=0.00,-6.06,0.0,34,18.37,0.0,34,78.75,0.0,35,6.24,0.0,34,14.15,0.013,35,83.67,0.013,38,-5.98,0.0,34,18.63,0.0,33,79.28,0.006,35,5.98,0.0,31,14.77,0.0,35,83.5,0.0,35,-5.89,0.006,31,17.93,0.026,34,79.19,0.013,33,5.98,0.0,33,14.77,0.0,34,83.85,0.006,35
1786332299.122,walk vx=0.000 vy=0.000 w=0.00,-6.06,0.0,34,18.37,0.006,34,78.75,0.0,35,6.24,0.0,34,14.15,0.013,35,83.67,0.006,38,-5.98,0.0,34,18.63,0.0,33,79.28,0.006,35,5.98,0.0,31,14.77,0.0,35,83.5,0.0,35,-5.89,0.006,31,17.93,0.026,34,79.19,0.013,33,5.98,0.0,33,14.77,0.0,34,83.85,0.006,35
1786332299.526,walk vx=0.000 vy=0.000 w=0.00,-6.06,0.0,34,18.37,0.006,34,78.75,0.0,35,6.24,0.0,34,14.15,0.013,35,83.67,0.013,38,-5.98,0.0,34,18.63,0.0,33,79.28,0.006,35,5.98,0.0,31,14.77,0.0,35,83.5,0.0,35,-5.89,0.0,31,17.93,0.026,34,79.19,0.013,33,5.98,0.0,33,14.77,0.0,34,83.85,0.006,35
1786332300.033,walk vx=0.000 vy=0.000 w=0.00,-6.06,0.0,34,18.37,0.0,34,78.75,0.0,35,6.24,0.0,34,14.15,0.013,35,83.67,0.013,38,-5.98,0.0,34,18.63,0.0,33,79.28,0.006,35,5.98,0.0,31,14.77,0.0,35,83.5,0.0,35,-5.89,0.006,31,17.93,0.026,34,79.19,0.013,33,5.98,0.0,33,14.77,0.0,34,83.85,0.006,35
1786332300.495,walk vx=0.000 vy=0.000 w=0.00,-6.06,0.0,34,18.37,0.006,34,78.75,0.0,35,6.24,0.0,34,14.15,0.013,35,83.67,0.013,38,-5.98,0.0,34,18.63,0.0,33,79.28,0.006,35,5.98,0.0,31,14.77,0.0,35,83.5,0.0,35,-5.89,0.006,31,17.93,0.026,34,79.19,0.006,33,5.98,0.0,33,14.77,0.0,34,83.85,0.013,35
1786332300.977,walk vx=0.000 vy=0.000 w=0.00,-6.06,0.0,34,18.37,0.0,34,78.75,0.006,35,6.24,0.0,34,14.15,0.013,35,83.67,0.006,38,-5.98,0.0,34,18.63,0.0,33,79.28,0.006,35,5.98,0.0,31,14.77,0.0,35,83.5,0.0,35,-5.89,0.006,31,17.93,0.019,34,79.19,0.013,33,5.98,0.0,33,14.77,0.0,34,83.85,0.006,35
1786332301.441,walk vx=0.000 vy=0.000 w=0.00,-6.06,0.0,34,18.37,0.0,34,78.75,0.0,35,6.24,0.0,34,14.15,0.013,36,83.67,0.013,38,-5.98,0.0,34,18.63,0.0,33,79.28,0.006,35,5.98,0.0,31,14.77,0.0,35,83.5,0.0,35,-5.89,0.006,31,17.93,0.026,34,79.19,0.013,33,5.98,0.0,33,14.77,0.0,34,83.85,0.006,35
1786332301.915,walk vx=0.000 vy=0.000 w=0.00,-6.06,0.0,34,18.37,0.0,34,78.75,0.0,35,6.24,0.0,34,14.15,0.013,35,83.67,0.013,38,-5.98,0.0,34,18.63,0.0,33,79.28,0.0,35,5.98,0.0,31,14.77,0.0,35,83.5,0.0,35,-5.89,0.006,31,17.93,0.026,34,79.19,0.006,33,5.98,0.0,33,14.77,0.0,34,83.85,0.006,35
1786332302.377,walk vx=0.000 vy=0.000 w=0.00,-6.06,0.0,34,18.37,0.0,34,78.75,0.006,35,6.24,0.0,34,14.15,0.013,35,83.67,0.013,38,-5.98,0.0,34,18.63,0.0,33,79.28,0.006,35,5.98,0.0,31,14.77,0.0,35,83.5,0.0,35,-5.89,0.013,31,17.93,0.026,34,79.19,0.013,33,5.98,0.0,33,14.77,0.0,34,83.85,0.006,35
1786332302.820,walk vx=0.000 vy=0.000 w=0.00,-6.06,0.0,34,18.37,0.0,34,78.75,0.0,34,6.24,0.006,34,14.15,0.013,35,83.67,0.006,38,-5.98,0.0,34,18.63,0.0,33,79.28,0.006,35,5.98,0.0,31,14.77,0.0,35,83.5,0.0,35,-5.89,0.006,31,17.93,0.026,34,79.19,0.013,33,5.98,0.0,33,14.77,0.0,34,83.85,0.013,35
1786332303.248,walk vx=0.000 vy=0.000 w=0.00,-6.06,0.0,34,18.37,0.006,34,78.75,0.0,35,6.24,0.006,34,14.15,0.013,35,83.67,0.013,38,-5.98,0.0,34,18.63,0.0,33,79.28,0.006,35,5.98,0.0,31,14.77,0.0,35,83.5,0.0,35,-5.89,0.006,31,17.93,0.026,34,79.19,0.013,33,5.98,0.0,33,14.77,0.0,34,83.85,0.006,35
1786332303.751,walk vx=0.000 vy=0.000 w=0.00,-6.06,0.0,34,18.37,0.006,34,78.75,0.006,35,6.24,0.0,34,14.15,0.013,35,83.67,0.013,38,-5.98,0.0,34,18.63,0.0,33,79.28,0.006,35,5.98,0.0,31,14.77,0.0,35,83.5,0.0,35,-5.89,0.006,31,17.93,0.033,34,79.19,0.013,33,5.98,0.0,33,14.77,0.0,34,83.85,0.013,35
1786332304.168,walk vx=0.000 vy=0.000 w=0.00,-6.06,0.0,34,18.37,0.006,34,78.75,0.0,35,6.24,0.006,34,14.15,0.013,35,83.67,0.013,38,-5.98,0.0,34,18.63,0.0,33,79.28,0.006,35,5.98,0.0,31,14.77,0.0,35,83.5,0.0,35,-5.89,0.006,31,17.93,0.026,34,79.19,0.013,33,5.98,0.0,33,14.77,0.0,34,83.85,0.013,35
1786332304.644,walk vx=0.000 vy=0.000 w=0.00,-6.06,0.0,34,18.37,0.0,34,78.75,0.0,35,6.24,0.006,34,14.15,0.013,36,83.67,0.013,38,-5.98,0.0,34,18.63,0.0,33,79.28,0.006,35,5.98,0.0,31,14.77,0.0,35,83.5,0.0,35,-5.89,0.006,31,17.93,0.026,34,79.19,0.006,33,5.98,0.0,33,14.77,0.0,34,83.85,0.006,35
1786332305.067,walk vx=0.000 vy=0.000 w=0.00,-6.06,0.0,34,18.37,0.006,34,78.75,0.0,35,6.24,0.0,34,14.15,0.013,35,83.67,0.006,38,-5.98,0.0,34,18.63,0.0,33,79.28,0.006,35,5.98,0.0,31,14.77,0.0,35,83.5,0.0,35,-5.89,0.006,31,17.93,0.019,34,79.19,0.006,33,5.98,0.0,33,14.77,0.0,34,83.85,0.006,35
1786332305.541,walk vx=0.000 vy=0.000 w=0.00,-6.06,0.0,34,18.37,0.006,34,78.75,0.0,35,6.24,0.0,34,14.15,0.013,35,83.67,0.006,38,-5.98,0.0,34,18.63,0.0,33,79.28,0.006,35,5.98,0.0,31,14.77,0.0,35,83.5,0.0,35,-5.89,0.006,31,17.93,0.026,34,79.19,0.013,33,5.98,0.0,33,14.77,0.0,34,83.85,0.006,35
1786332305.976,walk vx=0.000 vy=0.000 w=0.00,-6.06,0.0,34,18.37,0.0,33,78.75,0.0,35,6.24,0.0,34,14.15,0.013,35,83.67,0.006,38,-5.98,0.0,34,18.63,0.0,33,79.28,0.006,35,5.98,0.0,31,14.77,0.0,35,83.5,0.0,35,-5.89,0.006,31,17.93,0.026,34,79.19,0.013,33,5.98,0.0,33,14.77,0.0,34,83.85,0.006,35
1786332306.407,walk vx=0.000 vy=0.000 w=0.00,-6.06,0.0,34,18.37,0.0,34,78.75,0.0,35,6.24,0.006,34,14.15,0.006,35,83.67,0.013,38,-5.98,0.0,34,18.63,0.0,33,79.28,0.006,35,5.98,0.0,31,14.77,0.0,35,83.5,0.0,35,-5.89,0.006,31,17.93,0.026,34,79.19,0.013,33,5.98,0.0,33,14.77,0.0,34,83.85,0.006,35
1786332306.866,walk vx=0.000 vy=0.000 w=0.00,-6.06,0.0,34,18.37,0.006,34,78.75,0.0,35,6.24,0.0,34,14.15,0.013,36,83.67,0.006,38,-5.98,0.0,34,18.63,0.0,33,79.28,0.006,35,5.98,0.0,31,14.77,0.0,35,83.5,0.0,35,-5.89,0.006,31,17.93,0.026,34,79.19,0.013,33,5.98,0.0,33,14.77,0.0,34,83.85,0.006,35
1786332307.361,walk vx=0.000 vy=0.000 w=0.00,-6.06,0.0,34,18.37,0.0,34,78.75,0.0,35,6.24,0.006,34,14.15,0.013,35,83.67,0.013,38,-5.98,0.0,34,18.63,0.0,33,79.28,0.006,35,5.98,0.0,31,14.77,0.0,35,83.5,0.0,35,-5.89,0.013,31,17.93,0.026,34,79.19,0.013,33,5.98,0.0,33,14.77,0.0,34,83.85,0.006,35
1786332307.785,walk vx=0.000 vy=0.000 w=0.00,-6.06,0.0,34,18.37,0.0,34,78.75,0.0,35,6.24,0.006,34,14.15,0.013,36,83.67,0.013,38,-5.98,0.0,34,18.63,0.0,33,79.28,0.006,35,5.98,0.0,31,14.77,0.0,35,83.5,0.0,35,-5.89,0.006,31,17.93,0.026,34,79.19,0.006,33,5.98,0.0,33,14.77,0.0,34,83.85,0.013,35
1786332308.231,walk vx=0.000 vy=0.000 w=0.00,-6.06,0.0,34,18.37,0.0,34,78.75,0.0,35,6.24,0.0,34,14.15,0.013,35,83.67,0.013,38,-5.98,0.0,34,18.63,0.0,33,79.28,0.006,35,5.98,0.0,31,14.77,0.0,35,83.5,0.0,35,-5.89,0.006,31,17.93,0.026,34,79.19,0.006,33,5.98,0.0,33,14.77,0.0,34,83.85,0.006,35
1786332308.692,walk vx=0.000 vy=0.000 w=0.00,-6.06,0.0,34,18.37,0.0,34,78.75,0.0,35,6.24,0.0,34,14.15,0.013,57,83.67,0.013,38,-5.98,0.0,34,18.63,0.0,33,79.28,0.006,35,5.98,0.0,31,14.77,0.0,35,83.5,0.0,35,-5.89,0.006,31,17.93,0.026,34,79.19,0.013,33,5.98,0.0,33,14.77,0.0,34,83.85,0.006,35
1786332309.186,walk vx=0.000 vy=0.000 w=0.00,-6.06,0.0,34,18.37,0.006,34,78.75,0.0,35,6.24,0.0,34,14.15,0.013,35,83.67,0.013,38,-5.98,0.0,34,18.63,0.0,33,79.28,0.006,35,5.98,0.0,31,14.77,0.0,35,83.5,0.0,35,-5.89,0.006,31,17.93,0.026,34,79.19,0.013,33,5.98,0.0,33,14.77,0.0,34,83.85,0.006,35
1786332309.610,walk vx=0.000 vy=0.000 w=0.00,-6.06,0.0,34,18.37,0.006,34,78.75,0.0,35,6.24,0.006,34,14.15,0.013,35,83.67,0.006,38,-5.98,0.0,34,18.63,0.0,33,79.28,0.006,35,5.98,0.0,31,14.77,0.0,35,83.5,0.0,35,-5.89,0.0,31,17.93,0.026,34,79.19,0.013,33,5.98,0.0,33,14.77,0.0,34,83.85,0.006,35
1786332310.070,walk vx=0.000 vy=0.000 w=0.00,-6.06,0.0,34,18.37,0.0,34,78.75,0.006,35,6.24,0.0,34,14.15,0.013,35,83.67,0.006,38,-5.98,0.0,34,18.63,0.0,33,79.28,0.006,35,5.98,0.0,31,14.77,0.0,35,83.5,0.0,35,-5.89,0.006,31,17.93,0.033,34,79.19,0.013,33,5.98,0.0,33,14.77,0.0,34,83.85,0.006,35
1786332310.501,walk vx=0.000 vy=0.000 w=0.00,-6.06,0.0,34,18.37,0.006,34,78.75,0.0,35,6.24,0.0,34,14.15,0.013,35,83.67,0.006,38,-5.98,0.0,34,18.63,0.0,33,79.28,0.006,35,5.98,0.0,31,14.77,0.0,35,83.5,0.0,35,-5.89,0.006,31,17.93,0.026,34,79.19,0.013,33,5.98,0.0,33,14.77,0.0,34,83.85,0.006,35
1786332310.993,walk vx=0.000 vy=0.000 w=0.00,-6.06,0.0,34,18.37,0.0,34,78.75,0.0,35,6.24,0.0,34,14.15,0.013,35,83.67,0.013,38,-5.98,0.0,34,18.63,0.0,33,79.28,0.006,35,5.98,0.0,31,14.77,0.0,34,83.5,0.0,35,-5.89,0.006,31,17.93,0.026,34,79.19,0.006,33,5.98,0.0,33,14.77,0.0,34,83.85,0.013,35
1786332311.447,walk vx=0.000 vy=0.000 w=0.00,-6.06,0.0,34,18.37,0.0,34,78.75,0.0,35,6.24,0.006,34,14.15,0.013,35,83.67,0.013,38,-5.98,0.0,34,18.63,0.0,33,79.28,0.0,35,5.98,0.0,31,14.77,0.0,34,83.5,0.0,35,-5.89,0.006,31,17.93,0.026,34,79.19,0.013,33,5.98,0.0,33,14.77,0.0,34,83.85,0.006,35
1786332311.873,walk vx=0.000 vy=0.000 w=0.00,-6.06,0.0,34,18.37,0.0,34,78.75,0.0,35,6.24,0.006,34,14.15,0.013,36,83.67,0.006,38,-5.98,0.0,34,18.63,0.0,33,79.28,0.006,35,5.98,0.0,31,14.77,0.0,35,83.5,0.0,35,-5.89,0.006,31,17.93,0.026,34,79.19,0.013,33,5.98,0.0,33,14.77,0.0,34,83.85,0.006,35
1786332312.258,walk vx=0.000 vy=0.000 w=0.00,-6.06,0.0,34,18.37,0.006,34,78.75,0.0,35,6.24,0.0,34,14.15,0.013,35,83.67,0.006,38,-5.98,0.0,34,18.63,0.0,33,79.28,0.006,35,5.98,0.0,31,14.77,0.0,35,83.5,0.0,35,-5.89,0.006,31,17.93,0.026,34,79.19,0.013,33,5.98,0.0,33,14.77,0.0,34,83.85,0.006,35
1786332312.718,walk vx=0.000 vy=0.000 w=0.00,-6.06,0.0,34,18.37,0.0,34,78.75,0.0,35,6.24,0.006,34,14.15,0.013,35,83.67,0.013,38,-5.98,0.0,34,18.63,0.0,33,79.28,0.0,35,5.98,0.0,31,14.77,0.0,35,83.5,0.0,35,-5.89,0.006,31,17.93,0.026,34,79.19,0.006,33,5.98,0.0,33,14.77,0.0,34,83.85,0.006,35
1786332313.115,walk vx=0.000 vy=0.000 w=0.00,-6.06,0.0,34,18.37,0.0,34,78.75,0.0,35,6.24,0.006,34,14.15,0.013,46,83.67,0.006,38,-5.98,0.0,34,18.63,0.0,33,79.28,0.006,35,5.98,0.0,31,14.77,0.0,35,83.5,0.0,35,-5.89,0.006,31,17.93,0.026,35,79.19,0.013,33,5.98,0.0,33,14.77,0.0,34,83.85,0.006,35
1786332313.583,walk vx=0.000 vy=0.000 w=0.00,-6.06,0.0,34,18.37,0.0,34,78.75,0.0,35,6.24,0.006,34,14.15,0.013,35,83.67,0.013,38,-5.98,0.0,34,18.63,0.0,33,79.28,0.006,35,5.98,0.0,31,14.77,0.0,34,83.5,0.0,35,-5.89,0.006,31,17.93,0.026,34,79.19,0.006,33,5.98,0.0,33,14.77,0.0,34,83.85,0.006,35
1786332313.995,walk vx=0.000 vy=0.000 w=0.00,-6.06,0.0,34,18.37,0.006,34,78.75,0.0,35,6.24,0.006,34,14.15,0.013,35,83.67,0.013,38,-5.98,0.0,34,18.63,0.0,33,79.28,0.006,35,5.98,0.0,31,14.77,0.0,35,83.5,0.0,35,-5.89,0.006,32,17.93,0.026,34,79.19,0.013,33,5.98,0.0,33,14.77,0.0,34,83.85,0.013,35
1786332314.427,walk vx=0.000 vy=0.000 w=0.00,-6.06,0.0,34,18.37,0.006,34,78.75,0.0,35,6.24,0.006,34,14.15,0.013,35,83.67,0.013,38,-5.98,0.0,34,18.63,0.0,33,79.28,0.006,35,5.98,0.0,31,14.77,0.0,35,83.5,0.0,35,-5.89,0.006,31,17.93,0.026,34,79.19,0.013,33,5.98,0.0,33,14.77,0.0,34,83.85,0.013,35
1786332314.852,walk vx=0.000 vy=0.000 w=0.00,-6.06,0.0,34,18.37,0.006,34,78.75,0.0,35,6.24,0.006,34,14.15,0.013,35,83.67,0.013,38,-5.98,0.0,34,18.63,0.0,33,79.28,0.006,35,5.98,0.0,31,14.77,0.0,35,83.5,0.0,35,-5.89,0.006,31,17.93,0.026,34,79.19,0.006,33,5.98,0.0,33,14.77,0.0,34,83.85,0.006,35
1786332315.238,walk vx=0.000 vy=0.000 w=0.00,-6.06,0.0,34,18.37,0.0,34,78.75,0.0,35,6.24,0.006,34,14.15,0.013,35,83.67,0.013,38,-5.98,0.0,34,18.63,0.0,33,79.28,0.006,35,5.98,0.0,31,14.77,0.0,35,83.5,0.0,35,-5.89,0.006,31,17.93,0.026,34,79.19,0.013,33,5.98,0.0,33,14.77,0.0,34,83.85,0.006,35
1786332315.765,walk vx=0.000 vy=0.000 w=0.00,-6.06,0.0,34,18.37,0.006,34,78.75,0.006,35,6.24,0.0,34,14.15,0.013,36,83.67,0.006,38,-5.98,0.0,34,18.63,0.0,33,79.28,0.006,35,5.98,0.0,31,14.77,0.0,35,83.5,0.0,35,-5.89,0.006,31,17.93,0.026,34,79.19,0.006,33,5.98,0.0,33,14.77,0.0,34,83.85,0.013,35
1786332316.190,walk vx=0.000 vy=0.000 w=0.00,-6.06,0.0,34,18.37,0.0,34,78.75,0.0,35,6.24,0.006,34,14.15,0.013,54,83.67,0.013,38,-5.98,0.0,34,18.63,0.0,33,79.28,0.006,35,5.98,0.0,31,14.77,0.0,35,83.5,0.0,35,-5.89,0.006,31,17.93,0.026,34,79.19,0.006,33,5.98,0.0,33,14.77,0.0,34,83.85,0.006,35
1786332316.594,walk vx=0.000 vy=0.000 w=0.00,-6.06,0.0,34,18.37,0.006,34,78.75,0.0,35,6.24,0.006,34,14.15,0.013,35,83.67,0.006,38,-5.98,0.0,34,18.63,0.0,33,79.28,0.006,35,5.98,0.0,31,14.77,0.0,35,83.5,0.0,35,-5.89,0.006,31,17.93,0.026,34,79.19,0.006,33,5.98,0.0,33,14.77,0.0,34,83.85,0.006,35
1786332317.001,walk vx=0.000 vy=0.000 w=0.00,-6.06,0.0,34,18.37,0.006,34,78.75,0.006,35,6.24,0.006,34,14.15,0.013,35,83.67,0.013,38,-5.98,0.0,34,18.63,0.0,33,79.28,0.006,35,5.98,0.0,31,14.77,0.0,35,83.5,0.0,35,-5.89,0.006,31,17.93,0.019,34,79.19,0.013,33,5.98,0.0,33,14.77,0.0,34,83.85,0.013,35
1786332317.434,walk vx=0.000 vy=0.000 w=0.00,-6.06,0.0,34,18.37,0.0,34,78.75,0.0,35,6.24,0.006,34,14.15,0.006,36,83.67,0.013,38,-5.98,0.0,34,18.63,0.0,33,79.28,0.006,35,5.98,0.0,31,14.77,0.0,35,83.5,0.0,35,-5.89,0.006,31,17.93,0.019,34,79.19,0.013,33,5.98,0.0,33,14.77,0.0,34,83.85,0.006,35
1786332317.873,walk vx=0.000 vy=0.000 w=0.00,-6.06,0.0,34,18.37,0.0,34,78.75,0.0,35,6.24,0.0,34,14.15,0.013,35,83.67,0.013,38,-5.98,0.0,34,18.63,0.0,33,79.28,0.006,35,5.98,0.0,31,14.77,0.0,35,83.5,0.0,35,-5.89,0.006,31,17.93,0.026,34,79.19,0.006,33,5.98,0.0,33,14.77,0.0,34,83.85,0.006,35
1786332318.379,walk vx=0.000 vy=0.000 w=0.00,-6.06,0.0,34,18.37,0.006,34,78.75,0.0,35,6.24,0.0,34,14.15,0.013,50,83.67,0.006,38,-5.98,0.0,34,18.63,0.0,33,79.28,0.006,35,5.98,0.0,31,14.77,0.0,35,83.5,0.0,35,-5.89,0.006,31,17.93,0.019,34,79.19,0.006,33,5.98,0.0,33,14.77,0.0,34,83.85,0.013,35
1786332318.800,walk vx=0.000 vy=0.000 w=0.00,-6.06,0.0,34,18.37,0.0,34,78.75,0.0,35,6.24,0.006,34,14.15,0.013,36,83.67,0.006,38,-5.98,0.0,34,18.63,0.0,33,79.28,0.006,35,5.98,0.0,31,14.77,0.0,35,83.5,0.0,35,-5.89,0.006,31,17.93,0.026,37,79.19,0.013,33,5.98,0.0,33,14.77,0.0,34,83.85,0.013,35
1786332319.235,walk vx=0.000 vy=0.000 w=0.00,-6.06,0.0,34,18.37,0.0,34,78.75,0.0,35,6.24,0.0,34,14.15,0.013,36,83.67,0.013,38,-5.98,0.0,34,18.63,0.0,33,79.28,0.006,35,5.98,0.0,31,14.77,0.0,35,83.5,0.0,35,-5.89,0.006,31,17.93,0.026,34,79.19,0.006,33,5.98,0.0,33,14.77,0.0,34,83.85,0.006,35
1786332319.735,walk vx=0.000 vy=0.000 w=0.00,-6.06,0.0,34,18.37,0.006,34,78.75,0.0,35,6.24,0.0,34,14.15,0.013,35,83.67,0.006,38,-5.98,0.0,34,18.63,0.0,33,79.28,0.006,35,5.98,0.0,31,14.77,0.0,35,83.5,0.0,35,-5.89,0.006,31,17.93,0.026,34,79.19,0.013,33,5.98,0.0,33,14.77,0.0,34,83.85,0.013,35
1786332320.207,walk vx=0.000 vy=0.000 w=0.00,-6.06,0.0,34,18.37,0.006,34,78.75,0.0,35,6.24,0.006,34,14.15,0.013,35,83.67,0.013,38,-5.98,0.0,34,18.63,0.0,33,79.28,0.006,35,5.98,0.0,31,14.77,0.0,35,83.5,0.0,35,-5.89,0.006,31,17.93,0.026,34,79.19,0.013,33,5.98,0.0,33,14.77,0.0,34,83.85,0.013,35
1786332320.645,walk vx=0.000 vy=0.000 w=0.00,-6.06,0.0,34,18.37,0.0,34,78.75,0.0,35,6.24,0.006,34,14.15,0.006,35,83.67,0.013,38,-5.98,0.0,34,18.63,0.0,33,79.28,0.006,35,5.98,0.0,31,14.77,0.0,35,83.5,0.0,35,-5.89,0.006,32,17.93,0.026,34,79.19,0.006,33,5.98,0.0,33,14.77,0.0,34,83.85,0.006,35
1786332321.088,walk vx=0.000 vy=0.000 w=0.00,-6.06,0.0,34,18.37,0.006,34,78.75,0.0,35,6.24,0.006,34,14.15,0.013,37,83.67,0.006,38,-5.98,0.0,34,18.63,0.0,33,79.28,0.006,35,5.98,0.0,31,14.77,0.0,35,83.5,0.0,35,-5.89,0.006,31,17.93,0.026,34,79.19,0.013,33,5.98,0.0,33,14.77,0.0,34,83.85,0.006,35
1786332321.489,walk vx=0.000 vy=0.000 w=0.00,-6.06,0.0,34,18.37,0.0,34,78.75,0.0,35,6.24,0.0,34,14.15,0.013,35,83.67,0.013,38,-5.98,0.0,34,18.63,0.0,33,79.28,0.006,35,5.98,0.0,31,14.77,0.0,35,83.5,0.0,35,-5.89,0.013,31,17.93,0.026,34,79.19,0.013,33,5.98,0.0,33,14.77,0.0,34,83.85,0.006,35
1786332321.919,walk vx=0.000 vy=0.000 w=0.00,-6.06,0.0,34,18.37,0.0,34,78.75,0.006,35,6.24,0.006,34,14.15,0.013,35,83.67,0.013,38,-5.98,0.0,34,18.63,0.0,33,79.28,0.0,35,5.98,0.0,31,14.77,0.0,34,83.5,0.0,35,-5.89,0.006,31,17.93,0.026,35,79.19,0.006,33,5.98,0.0,33,14.77,0.0,34,83.85,0.006,35
1786332322.358,walk vx=0.000 vy=0.000 w=0.00,-6.06,0.0,34,18.37,0.0,34,78.75,0.0,35,6.24,0.0,34,14.15,0.013,36,83.67,0.006,38,-5.98,0.0,34,18.63,0.0,33,79.28,0.006,35,5.98,0.0,31,14.77,0.0,34,83.5,0.0,35,-5.89,0.006,31,17.93,0.026,34,79.19,0.013,33,5.98,0.0,34,14.77,0.0,34,83.85,0.013,35
1786332322.771,walk vx=0.000 vy=0.000 w=0.00,-6.06,0.0,34,18.37,0.0,34,78.75,0.0,35,6.24,0.006,34,14.15,0.013,36,83.67,0.013,38,-5.98,0.0,34,18.63,0.0,33,79.28,0.006,35,5.98,0.0,31,14.77,0.0,35,83.5,0.0,35,-5.89,0.006,31,17.93,0.019,35,79.19,0.013,33,5.98,0.0,33,14.77,0.0,34,83.85,0.013,35
1786332323.252,walk vx=0.000 vy=0.000 w=0.00,-6.06,0.0,34,18.37,0.0,34,78.75,0.0,35,6.24,0.006,34,14.15,0.013,37,83.67,0.013,38,-5.98,0.0,34,18.63,0.0,33,79.28,0.006,35,5.98,0.0,31,14.77,0.0,35,83.5,0.0,35,-5.89,0.006,32,17.93,0.026,34,79.19,0.013,33,5.98,0.0,33,14.77,0.0,34,83.85,0.013,35
1786332323.779,walk vx=0.000 vy=0.000 w=0.00,-6.06,0.0,34,18.37,0.006,34,78.75,0.0,35,6.24,0.0,34,14.15,0.013,35,83.67,0.006,38,-5.98,0.0,34,18.63,0.0,33,79.28,0.0,35,5.98,0.0,31,14.77,0.0,35,83.5,0.0,35,-5.89,0.006,32,17.93,0.026,34,79.19,0.013,33,5.98,0.0,33,14.77,0.0,34,83.85,0.006,35
1786332324.187,walk vx=0.000 vy=0.000 w=0.00,-6.06,0.0,34,18.37,0.0,34,78.75,0.0,35,6.24,0.0,34,14.15,0.013,35,83.67,0.013,38,-5.98,0.0,34,18.63,0.0,33,79.28,0.006,35,5.98,0.0,31,14.77,0.0,35,83.5,0.0,35,-5.89,0.006,31,17.93,0.026,34,79.19,0.013,33,5.98,0.0,33,14.77,0.0,34,83.85,0.006,35
1786332324.612,walk vx=0.000 vy=0.000 w=0.00,-6.06,0.0,34,18.37,0.006,34,78.75,0.0,35,6.24,0.006,34,14.15,0.013,35,83.67,0.013,38,-5.98,0.0,34,18.63,0.0,33,79.28,0.006,35,5.98,0.0,31,14.77,0.0,35,83.5,0.0,35,-5.89,0.006,32,17.93,0.026,35,79.19,0.013,33,5.98,0.0,33,14.77,0.0,34,83.85,0.006,35
1786332325.081,walk vx=0.000 vy=0.000 w=0.00,-6.06,0.0,34,18.37,0.0,34,78.75,0.0,35,6.24,0.006,34,14.15,0.013,35,83.67,0.013,38,-5.98,0.0,34,18.63,0.0,33,79.28,0.006,35,5.98,0.0,31,14.77,0.0,35,83.5,0.0,35,-5.89,0.006,31,17.93,0.026,34,79.19,0.006,33,5.98,0.0,33,14.77,0.0,34,83.85,0.013,35
1786332325.612,walk vx=0.000 vy=0.000 w=0.00,-6.06,0.0,34,18.37,0.0,34,78.75,0.0,35,6.24,0.0,34,14.15,0.013,35,83.67,0.006,38,-5.98,0.0,34,18.63,0.0,33,79.28,0.006,35,5.98,0.0,31,14.77,0.0,34,83.5,0.0,35,-5.89,0.006,32,17.93,0.026,34,79.19,0.006,33,5.98,0.0,33,14.77,0.0,34,83.85,0.013,35
1786332326.042,walk vx=0.000 vy=0.000 w=0.00,-6.06,0.0,34,18.37,0.0,34,78.75,0.006,35,6.24,0.006,34,14.15,0.013,36,83.67,0.013,38,-5.98,0.0,34,18.63,0.0,33,79.28,0.006,35,5.98,0.0,31,14.77,0.0,35,83.5,0.0,35,-5.89,0.006,32,17.93,0.026,34,79.19,0.013,33,5.98,0.0,33,14.77,0.0,34,83.85,0.013,35
1786332326.483,walk vx=0.000 vy=0.000 w=0.00,-6.06,0.0,34,18.37,0.0,34,78.75,0.0,35,6.24,0.0,34,14.15,0.013,36,83.67,0.006,38,-5.98,0.0,34,18.63,0.006,33,79.28,0.006,35,5.98,0.0,31,14.77,0.0,35,83.5,0.0,35,-5.89,0.006,32,17.93,0.026,34,79.19,0.006,33,5.98,0.0,33,14.77,0.0,34,83.85,0.013,35
1786332326.877,walk vx=0.000 vy=0.000 w=0.00,-6.06,0.0,34,18.37,0.0,34,78.75,0.006,35,6.24,0.0,34,14.15,0.013,35,83.67,0.006,38,-5.98,0.0,34,18.63,0.0,33,79.28,0.006,35,5.98,0.0,31,14.77,0.0,35,83.5,0.0,35,-5.89,0.006,32,17.93,0.026,34,79.19,0.013,33,5.98,0.0,33,14.77,0.0,34,83.85,0.006,35
1786332327.299,walk vx=0.000 vy=0.000 w=0.00,-6.06,0.0,34,18.37,0.0,34,78.75,0.0,35,6.24,0.006,34,14.15,0.013,35,83.67,0.013,38,-5.98,0.0,34,18.63,0.0,33,79.28,0.006,35,5.98,0.0,31,14.77,0.0,34,83.5,0.0,35,-5.89,0.006,32,17.93,0.026,35,79.19,0.006,33,5.98,0.0,33,14.77,0.0,34,83.85,0.006,35
1786332327.765,walk vx=0.000 vy=0.000 w=0.00,-6.06,0.0,34,18.37,0.0,34,78.75,0.0,35,6.24,0.0,34,14.15,0.013,35,83.67,0.006,38,-5.98,0.0,34,18.63,0.0,33,79.28,0.006,35,5.98,0.0,31,14.77,0.0,35,83.5,0.0,35,-5.89,0.006,31,17.93,0.019,34,79.19,0.013,33,5.98,0.0,33,14.77,0.0,34,83.85,0.006,35
1786332328.222,walk vx=0.000 vy=0.000 w=0.00,-6.06,0.0,34,18.37,0.006,34,78.75,0.006,35,6.24,0.006,34,14.15,0.013,35,83.67,0.013,38,-5.98,0.0,34,18.63,0.0,33,79.28,0.006,35,5.98,0.0,31,14.77,0.0,35,83.5,0.0,35,-5.89,0.006,32,17.93,0.026,35,79.19,0.013,33,5.98,0.0,33,14.77,0.0,34,83.85,0.013,35
1786332328.675,walk vx=0.000 vy=0.000 w=0.00,-6.06,0.0,34,18.37,0.0,34,78.75,0.006,35,6.24,0.0,34,14.15,0.013,35,83.67,0.006,38,-5.98,0.0,34,18.63,0.0,33,79.28,0.006,35,5.98,0.0,31,14.77,0.0,34,83.5,0.0,35,-5.89,0.006,31,17.93,0.026,34,79.19,0.006,33,5.98,0.0,33,14.77,0.0,34,83.85,0.013,35
1786332329.178,walk vx=0.000 vy=0.000 w=0.00,-6.06,0.0,34,18.37,0.0,34,78.75,0.006,35,6.24,0.006,34,14.15,0.013,36,83.67,0.013,38,-5.98,0.0,34,18.63,0.0,33,79.28,0.006,35,5.98,0.0,31,14.77,0.0,35,83.5,0.0,35,-5.89,0.006,31,17.93,0.019,35,79.19,0.013,33,5.98,0.0,33,14.77,0.0,34,83.85,0.006,35
1786332329.603,walk vx=0.000 vy=0.000 w=0.00,-6.06,0.0,34,18.37,0.0,34,78.75,0.0,35,6.24,0.006,34,14.15,0.013,35,83.67,0.013,38,-5.98,0.0,34,18.63,0.0,33,79.28,0.0,35,5.98,0.0,31,14.77,0.0,35,83.5,0.0,35,-5.89,0.006,31,17.93,0.026,34,79.19,0.013,33,5.98,0.0,33,14.77,0.0,34,83.85,0.006,35
1786332330.071,walk vx=0.000 vy=0.000 w=0.00,-6.06,0.0,34,18.37,0.0,34,78.75,0.0,35,6.24,0.0,34,14.15,0.013,35,83.67,0.013,38,-5.98,0.0,34,18.63,0.0,33,79.28,0.013,35,5.98,0.0,31,14.77,0.0,35,83.5,0.0,35,-5.89,0.006,32,17.93,0.026,34,79.19,0.006,33,5.98,0.0,33,14.77,0.0,34,83.85,0.006,35
1786332330.457,walk vx=0.000 vy=0.000 w=0.00,-6.06,0.0,34,18.37,0.006,34,78.75,0.006,35,6.24,0.006,34,14.15,0.013,35,83.67,0.013,38,-5.98,0.0,34,18.63,0.0,33,79.28,0.0,35,5.98,0.0,31,14.77,0.0,34,83.5,0.0,35,-5.89,0.006,32,17.93,0.026,34,79.19,0.013,33,5.98,0.0,33,14.77,0.0,34,83.85,0.006,35
1786332330.997,walk vx=0.000 vy=0.000 w=0.00,-6.06,0.0,34,18.37,0.0,34,78.75,0.0,35,6.24,0.006,34,14.15,0.019,36,83.67,0.013,38,-5.98,0.0,34,18.63,0.0,33,79.28,0.006,35,5.98,0.0,31,14.77,0.0,35,83.5,0.0,35,-5.89,0.006,32,17.93,0.026,34,79.19,0.013,33,5.98,0.0,33,14.77,0.0,34,83.85,0.013,35
1786332331.425,walk vx=0.000 vy=0.000 w=0.00,-6.06,0.0,34,18.37,0.0,34,78.75,0.0,35,6.24,0.0,34,14.15,0.013,35,83.67,0.013,38,-5.98,0.0,34,18.63,0.0,33,79.28,0.006,35,5.98,0.0,31,14.77,0.0,34,83.5,0.0,35,-5.89,0.006,31,17.93,0.019,34,79.19,0.013,33,5.98,0.0,33,14.77,0.0,34,83.85,0.006,35
1786332331.871,walk vx=0.000 vy=0.000 w=0.00,-6.06,0.0,34,18.37,0.006,34,78.75,0.0,35,6.24,0.006,34,14.15,0.013,36,83.67,0.013,38,-5.98,0.0,34,18.63,0.0,33,79.28,0.006,35,5.98,0.0,31,14.77,0.0,35,83.5,0.0,35,-5.89,0.006,31,17.93,0.026,35,79.19,0.006,33,5.98,0.0,33,14.77,0.0,34,83.85,0.006,35
1786332332.266,walk vx=0.000 vy=0.000 w=0.00,-6.06,0.0,34,18.37,0.0,34,78.75,0.0,35,6.24,0.006,34,14.15,0.013,35,83.67,0.006,38,-5.98,0.0,34,18.63,0.0,33,79.28,0.006,35,5.98,0.006,31,14.77,0.0,35,83.5,0.0,35,-5.89,0.006,31,17.93,0.026,34,79.19,0.013,33,5.98,0.0,33,14.77,0.0,34,83.85,0.006,35
1786332332.698,walk vx=0.000 vy=0.000 w=0.00,-6.06,0.0,34,18.37,0.0,34,78.75,0.0,35,6.24,0.0,34,14.15,0.013,35,83.67,0.013,38,-5.98,0.0,34,18.63,0.0,33,79.28,0.006,35,5.98,0.0,31,14.77,0.0,34,83.5,0.0,35,-5.89,0.006,32,17.93,0.019,35,79.19,0.006,33,5.98,0.0,33,14.77,0.0,34,83.85,0.006,35
1786332333.161,walk vx=0.000 vy=0.000 w=0.00,-6.06,0.0,34,18.37,0.0,34,78.75,0.0,35,6.24,0.0,34,14.15,0.013,36,83.67,0.013,38,-5.98,0.0,34,18.63,0.0,33,79.28,0.006,35,5.98,0.0,31,14.77,0.0,35,83.5,0.0,35,-5.89,0.006,32,17.93,0.026,35,79.19,0.006,33,5.98,0.0,33,14.77,0.0,34,83.85,0.006,35
1786332333.637,walk vx=0.000 vy=0.000 w=0.00,-6.06,0.0,34,18.37,0.0,34,78.75,0.0,35,6.24,0.0,34,14.15,0.013,35,83.67,0.013,38,-5.98,0.0,34,18.63,0.0,33,79.28,0.006,35,5.98,0.0,31,14.77,0.0,34,83.5,0.0,35,-5.89,0.006,32,17.93,0.026,34,79.19,0.006,33,5.98,0.0,33,14.77,0.0,34,83.85,0.006,35
1786332334.094,walk vx=0.000 vy=0.000 w=0.00,-6.06,0.0,34,18.37,0.0,34,78.75,0.0,35,6.24,0.0,34,14.15,0.013,36,83.67,0.013,38,-5.98,0.0,34,18.63,0.0,33,79.28,0.006,35,5.98,0.0,31,14.77,0.0,35,83.5,0.0,35,-5.89,0.006,32,17.93,0.026,34,79.19,0.013,33,5.98,0.0,33,14.77,0.0,34,83.85,0.013,35
1786332334.540,walk vx=0.000 vy=0.000 w=0.00,-6.06,0.0,34,18.37,0.006,34,78.75,0.0,35,6.24,0.0,34,14.15,0.013,35,83.67,0.013,38,-5.98,0.0,34,18.63,0.0,33,79.28,0.006,35,5.98,0.0,31,14.77,0.0,35,83.5,0.0,35,-5.89,0.013,32,17.93,0.026,34,79.19,0.013,33,5.98,0.0,33,14.77,0.0,34,83.85,0.006,35
1786332334.968,walk vx=0.000 vy=0.000 w=0.00,-6.06,0.0,34,18.37,0.0,34,78.75,0.0,35,6.24,0.006,34,14.15,0.013,36,83.67,0.006,38,-5.98,0.0,34,18.63,0.0,33,79.28,0.006,35,5.98,0.0,31,14.77,0.0,34,83.5,0.0,35,-5.89,0.013,32,17.93,0.026,35,79.19,0.006,33,5.98,0.0,33,14.77,0.0,34,83.85,0.006,35
1786332335.441,walk vx=0.000 vy=0.000 w=0.00,-6.06,0.0,34,18.37,0.0,34,78.75,0.0,35,6.24,0.006,34,14.15,0.013,36,83.67,0.013,38,-5.98,0.0,34,18.63,0.0,33,79.28,0.006,35,5.98,0.0,31,14.77,0.0,34,83.5,0.0,35,-5.89,0.006,32,17.93,0.026,35,79.19,0.013,33,5.98,0.0,33,14.77,0.0,34,83.85,0.006,35
1786332335.903,walk vx=0.000 vy=0.000 w=0.00,-6.06,0.0,34,18.37,0.0,34,78.75,0.006,35,6.24,0.006,34,14.15,0.013,35,83.67,0.013,38,-5.98,0.0,34,18.63,0.0,33,79.28,0.006,35,5.98,0.0,31,14.77,0.0,34,83.5,0.0,35,-5.89,0.006,32,17.93,0.026,35,79.19,0.013,33,5.98,0.0,33,14.77,0.0,34,83.85,0.006,35
1786332336.321,walk vx=0.000 vy=0.000 w=0.00,-6.06,0.0,34,18.37,0.0,34,78.75,0.0,35,6.24,0.0,34,14.15,0.013,35,83.67,0.013,38,-5.98,0.0,34,18.63,0.0,33,79.28,0.0,35,5.98,0.0,31,14.77,0.0,34,83.5,0.0,35,-5.89,0.006,32,17.93,0.026,35,79.19,0.013,33,5.98,0.0,33,14.77,0.0,34,83.85,0.006,35
1786332336.759,walk vx=0.000 vy=0.000 w=0.00,-6.06,0.0,34,18.37,0.006,34,78.75,0.0,35,6.24,0.0,34,14.15,0.013,35,83.67,0.006,38,-5.98,0.0,34,18.63,0.0,33,79.28,0.006,35,5.98,0.0,31,14.77,0.0,34,83.5,0.0,35,-5.89,0.013,32,17.93,0.019,35,79.19,0.006,33,5.98,0.0,33,14.77,0.0,34,83.85,0.013,35
1786332337.194,walk vx=0.000 vy=0.000 w=0.00,-6.06,0.0,34,18.37,0.0,34,78.75,0.0,35,6.24,0.006,34,14.15,0.013,35,83.67,0.006,38,-5.98,0.0,34,18.63,0.0,33,79.28,0.006,35,5.98,0.0,31,14.77,0.0,35,83.5,0.0,35,-5.89,0.006,32,17.93,0.026,35,79.19,0.006,33,5.98,0.0,33,14.77,0.0,34,83.85,0.013,35
1786332337.605,walk vx=0.000 vy=0.000 w=0.00,-6.06,0.0,34,18.37,0.0,34,78.75,0.0,35,6.24,0.006,34,14.15,0.013,35,83.67,0.013,38,-5.98,0.0,34,18.63,0.0,33,79.28,0.006,35,5.98,0.0,31,14.77,0.0,34,83.5,0.0,35,-5.89,0.006,32,17.93,0.026,35,79.19,0.013,33,5.98,0.0,33,14.77,0.0,34,83.85,0.006,35
1786332338.090,walk vx=0.000 vy=0.000 w=0.00,-6.06,0.0,34,18.37,0.0,34,78.75,0.0,35,6.24,0.006,34,14.15,0.013,35,83.67,0.013,38,-5.98,0.0,34,18.63,0.0,33,79.28,0.006,35,5.98,0.0,31,14.77,0.0,34,83.5,0.0,35,-5.89,0.006,32,17.93,0.033,35,79.19,0.013,33,5.98,0.0,33,14.77,0.0,34,83.85,0.013,35
1786332338.549,walk vx=0.000 vy=0.000 w=0.00,-6.06,0.0,34,18.37,0.0,34,78.75,0.0,35,6.24,0.0,34,14.15,0.013,35,83.67,0.006,38,-5.98,0.0,34,18.63,0.0,33,79.28,0.013,35,5.98,0.0,31,14.77,0.0,34,83.5,0.0,35,-5.89,0.006,32,17.93,0.026,37,79.19,0.013,33,5.98,0.0,33,14.77,0.0,34,83.85,0.013,35
1786332338.934,walk vx=0.000 vy=0.000 w=0.00,-6.06,0.0,34,18.37,0.006,34,78.75,0.0,35,6.24,0.0,34,14.15,0.013,35,83.67,0.013,38,-5.98,0.0,34,18.63,0.0,33,79.28,0.006,35,5.98,0.0,31,14.77,0.0,35,83.5,0.0,35,-5.89,0.006,32,17.93,0.026,52,79.19,0.013,33,5.98,0.0,33,14.77,0.0,34,83.85,0.013,35
1786332339.377,walk vx=0.000 vy=0.000 w=0.00,-6.06,0.0,34,18.37,0.0,34,78.75,0.0,35,6.24,0.006,34,14.15,0.013,35,83.67,0.006,38,-5.98,0.0,34,18.63,0.0,33,79.28,0.006,35,5.98,0.0,31,14.77,0.0,34,83.5,0.0,35,-5.89,0.006,32,17.93,0.019,40,79.19,0.006,33,5.98,0.0,33,14.77,0.0,34,83.85,0.006,35
1786332339.837,walk vx=0.000 vy=0.000 w=0.00,-6.06,0.0,34,18.37,0.0,34,78.75,0.0,35,6.24,0.0,34,14.15,0.019,36,83.67,0.013,38,-5.98,0.0,34,18.63,0.0,33,79.28,0.006,35,5.98,0.0,31,14.77,0.0,35,83.5,0.0,35,-5.89,0.006,32,17.93,0.026,35,79.19,0.013,33,5.98,0.0,33,14.77,0.0,34,83.85,0.013,35
1786332340.293,walk vx=0.000 vy=0.000 w=0.00,-6.06,0.0,34,18.37,0.0,34,78.75,0.0,35,6.24,0.0,34,14.15,0.013,36,83.67,0.013,38,-5.98,0.0,34,18.63,0.0,33,79.28,0.006,35,5.98,0.0,31,14.77,0.0,35,83.5,0.0,35,-5.89,0.006,32,17.93,0.026,35,79.19,0.013,33,5.98,0.0,33,14.77,0.0,34,83.85,0.006,35
1786332340.766,walk vx=0.000 vy=0.000 w=0.00,-6.06,0.0,34,18.37,0.006,34,78.75,0.0,35,6.24,0.0,34,14.15,0.013,36,83.67,0.013,38,-5.98,0.0,34,18.63,0.0,33,79.28,0.006,35,5.98,0.0,31,14.77,0.0,35,83.5,0.0,35,-5.89,0.006,32,17.93,0.026,35,79.19,0.006,33,5.98,0.0,33,14.77,0.0,34,83.85,0.006,35
1786332341.187,walk vx=0.000 vy=0.000 w=0.00,-6.06,0.0,34,18.37,0.0,34,78.75,0.0,35,6.24,0.006,34,14.15,0.013,35,83.67,0.013,38,-5.98,0.006,34,18.63,0.0,33,79.28,0.013,35,5.98,0.0,31,14.77,0.0,35,83.5,0.0,35,-5.89,0.006,32,17.93,0.026,35,79.19,0.013,33,5.98,0.0,33,14.77,0.0,34,83.85,0.006,35
1786332341.699,walk vx=0.000 vy=0.000 w=0.00,-6.06,0.0,34,18.37,0.006,34,78.75,0.0,35,6.24,0.0,34,14.15,0.013,35,83.67,0.013,38,-5.98,0.0,34,18.63,0.0,33,79.28,0.0,35,5.98,0.0,31,14.77,0.0,34,83.5,0.0,35,-5.89,0.006,32,17.93,0.026,35,79.19,0.013,33,5.98,0.0,33,14.77,0.0,34,83.85,0.006,35
1786332342.104,walk vx=0.000 vy=0.000 w=0.00,-6.06,0.0,34,18.37,0.0,34,78.75,0.0,35,6.24,0.0,34,14.15,0.013,36,83.67,0.013,38,-5.98,0.0,34,18.63,0.0,33,79.28,0.006,35,5.98,0.0,31,14.77,0.0,34,83.5,0.0,35,-5.89,0.006,32,17.93,0.026,35,79.19,0.013,33,5.98,0.0,33,14.77,0.0,34,83.85,0.006,35
1786332342.512,walk vx=0.000 vy=0.000 w=0.00,-6.06,0.0,34,18.37,0.0,34,78.75,0.006,35,6.24,0.0,34,14.15,0.013,35,83.67,0.006,38,-5.98,0.0,34,18.63,0.0,33,79.28,0.0,35,5.98,0.0,31,14.77,0.0,34,83.5,0.0,35,-5.89,0.006,32,17.93,0.026,35,79.19,0.013,33,5.98,0.0,33,14.77,0.0,34,83.85,0.006,35
1786332342.921,walk vx=0.000 vy=0.000 w=0.00,-6.06,0.0,34,18.37,0.006,34,78.75,0.006,35,6.24,0.006,34,14.15,0.013,36,83.67,0.013,38,-5.98,0.0,34,18.63,0.0,33,79.28,0.0,35,5.98,0.0,31,14.77,0.0,34,83.5,0.0,35,-5.89,0.006,32,17.93,0.026,35,79.19,0.013,33,5.98,0.0,33,14.77,0.0,34,83.85,0.013,35
1786332343.456,walk vx=0.000 vy=0.000 w=0.00,-6.06,0.0,34,18.37,0.0,34,78.75,0.006,35,6.24,0.0,34,14.15,0.013,35,83.67,0.013,38,-5.98,0.0,34,18.63,0.0,33,79.28,0.006,35,5.98,0.0,31,14.77,0.0,35,83.5,0.0,35,-5.89,0.006,32,17.93,0.026,35,79.19,0.013,33,5.98,0.0,33,14.77,0.0,34,83.85,0.006,35
1786332343.904,walk vx=0.000 vy=0.000 w=0.00,-6.06,0.0,34,18.37,0.006,34,78.75,0.0,35,6.24,0.0,34,14.15,0.013,36,83.67,0.013,38,-5.98,0.0,34,18.63,0.0,33,79.28,0.006,35,5.98,0.0,31,14.77,0.0,34,83.5,0.0,35,-5.89,0.006,32,17.93,0.019,35,79.19,0.006,33,5.98,0.0,33,14.77,0.0,34,83.85,0.006,35
1786332344.286,walk vx=0.000 vy=0.000 w=0.00,-6.06,0.0,34,18.37,0.0,34,78.75,0.0,35,6.24,0.006,34,14.15,0.013,35,83.67,0.013,38,-5.98,0.0,34,18.63,0.0,33,79.28,0.006,35,5.98,0.0,31,14.77,0.0,34,83.5,0.0,35,-5.89,0.006,32,17.93,0.019,35,79.19,0.013,33,5.98,0.0,33,14.77,0.0,34,83.85,0.006,35
1786332344.729,walk vx=0.000 vy=0.000 w=0.00,-6.06,0.0,34,18.37,0.006,34,78.75,0.006,35,6.24,0.0,34,14.15,0.013,36,83.67,0.006,38,-5.98,0.0,34,18.63,0.0,33,79.28,0.006,35,5.98,0.0,31,14.77,0.0,35,83.5,0.0,35,-5.89,0.006,32,17.93,0.026,35,79.19,0.013,33,5.98,0.0,33,14.77,0.0,34,83.85,0.013,35
1786332345.176,walk vx=0.000 vy=0.000 w=0.00,-6.06,0.0,34,18.37,0.006,34,78.75,0.0,35,6.24,0.0,34,14.15,0.013,35,83.67,0.006,38,-5.98,0.0,34,18.63,0.0,33,79.28,0.006,35,5.98,0.0,31,14.77,0.0,35,83.5,0.0,35,-5.89,0.006,32,17.93,0.019,35,79.19,0.013,33,5.98,0.0,33,14.77,0.0,34,83.85,0.013,35
1786332345.610,walk vx=0.000 vy=0.000 w=0.00,-6.06,0.0,34,18.37,0.006,34,78.75,0.0,35,6.24,0.0,34,14.15,0.013,35,83.67,0.013,38,-5.98,0.0,34,18.63,0.0,33,79.28,0.006,35,5.98,0.0,31,14.77,0.0,35,83.5,0.0,35,-5.89,0.006,32,17.93,0.026,36,79.19,0.013,33,5.98,0.0,33,14.77,0.0,34,83.85,0.006,35
1786332346.109,walk vx=0.000 vy=0.000 w=0.00,-6.06,0.0,34,18.37,0.006,34,78.75,0.0,35,6.24,0.0,34,14.15,0.013,36,83.67,0.013,38,-5.98,0.0,34,18.63,0.0,33,79.28,0.006,35,5.98,0.0,31,14.77,0.0,34,83.5,0.0,35,-5.89,0.006,32,17.93,0.026,35,79.19,0.013,33,5.98,0.0,33,14.77,0.0,34,83.85,0.013,35
1786332346.535,walk vx=0.000 vy=0.000 w=0.00,-6.06,0.0,34,18.37,0.0,34,78.75,0.0,35,6.24,0.006,34,14.15,0.013,35,83.67,0.013,38,-5.98,0.0,34,18.63,0.0,33,79.28,0.006,35,5.98,0.0,31,14.77,0.0,34,83.5,0.0,35,-5.89,0.006,32,17.93,0.026,35,79.19,0.006,33,5.98,0.0,33,14.77,0.0,34,83.85,0.006,35
1786332346.992,walk vx=0.000 vy=0.000 w=0.00,-6.06,0.0,34,18.37,0.0,34,78.75,0.0,35,6.24,0.0,34,14.15,0.013,36,83.67,0.013,38,-5.98,0.0,34,18.63,0.0,33,79.28,0.006,35,5.98,0.0,31,14.77,0.0,34,83.5,0.0,35,-5.89,0.006,32,17.93,0.026,35,79.19,0.006,33,5.98,0.0,33,14.77,0.0,34,83.85,0.013,35
1786332347.415,walk vx=0.000 vy=0.000 w=0.00,-6.06,0.0,34,18.37,0.0,34,78.75,0.0,35,6.24,0.006,34,14.15,0.013,36,83.67,0.013,38,-5.98,0.0,34,18.63,0.0,33,79.28,0.006,35,5.98,0.0,31,14.77,0.0,35,83.5,0.0,35,-5.89,0.006,32,17.93,0.019,35,79.19,0.013,33,5.98,0.0,33,14.77,0.0,34,83.85,0.006,35
1786332347.883,walk vx=0.000 vy=0.000 w=0.00,-6.06,0.0,34,18.37,0.006,34,78.75,0.0,35,6.24,0.0,34,14.15,0.013,35,83.67,0.013,38,-5.98,0.0,34,18.63,0.0,33,79.28,0.0,35,5.98,0.0,31,14.77,0.0,35,83.5,0.006,35,-5.89,0.006,32,17.93,0.026,35,79.19,0.006,33,5.98,0.006,33,14.77,0.0,34,83.85,0.013,35
1786332348.356,walk vx=0.000 vy=0.000 w=0.00,-6.06,0.0,34,18.37,0.006,34,78.75,0.006,35,6.24,0.0,34,14.15,0.013,36,83.67,0.013,38,-5.98,0.0,34,18.63,0.0,33,79.28,0.006,35,5.98,0.0,31,14.77,0.0,34,83.5,0.0,35,-5.89,0.013,32,17.93,0.026,35,79.19,0.006,33,5.98,0.0,33,14.77,0.0,34,83.85,0.006,35
1786332348.800,walk vx=0.000 vy=0.000 w=0.00,-6.06,0.0,34,18.37,0.006,34,78.75,0.006,35,6.24,0.006,34,14.15,0.006,36,83.67,0.013,38,-5.98,0.0,34,18.63,0.0,33,79.28,0.006,35,5.98,0.0,31,14.77,0.0,34,83.5,0.0,35,-5.89,0.006,32,17.93,0.026,35,79.19,0.013,33,5.98,0.0,33,14.77,0.0,34,83.85,0.013,35
1786332349.291,walk vx=0.000 vy=0.000 w=0.00,-6.06,0.0,34,18.37,0.0,34,78.75,0.0,35,6.24,0.0,34,14.15,0.013,35,83.67,0.013,38,-5.98,0.0,34,18.63,0.0,33,79.28,0.006,35,5.98,0.0,31,14.77,0.0,34,83.5,0.0,35,-5.89,0.006,32,17.93,0.026,35,79.19,0.013,33,5.98,0.0,33,14.77,0.0,34,83.85,0.013,35
1786332349.686,walk vx=0.000 vy=0.000 w=0.00,-6.06,0.0,34,18.37,0.0,34,78.75,0.0,35,6.24,0.0,34,14.15,0.013,36,83.67,0.006,38,-5.98,0.0,34,18.63,0.0,33,79.28,0.006,35,5.98,0.0,31,14.77,0.0,34,83.5,0.0,35,-5.89,0.006,32,17.93,0.026,36,79.19,0.006,33,5.98,0.0,33,14.77,0.0,34,83.85,0.006,35
1786332350.079,walk vx=0.000 vy=0.000 w=0.00,-6.06,0.0,34,18.37,0.0,34,78.75,0.0,35,6.24,0.006,34,14.15,0.013,36,83.67,0.013,38,-5.98,0.0,34,18.63,0.0,33,79.28,0.006,35,5.98,0.0,31,14.77,0.0,34,83.5,0.0,35,-5.89,0.006,32,17.93,0.026,35,79.19,0.006,33,5.98,0.0,33,14.77,0.0,34,83.85,0.006,35
1786332350.546,walk vx=0.000 vy=0.000 w=0.00,-6.06,0.0,34,18.37,0.0,34,78.75,0.0,35,6.24,0.006,34,14.15,0.013,35,83.67,0.006,38,-5.98,0.0,34,18.63,0.0,33,79.28,0.0,35,5.98,0.0,31,14.77,0.0,34,83.5,0.0,35,-5.89,0.013,32,17.93,0.026,35,79.19,0.006,33,5.98,0.0,33,14.77,0.0,34,83.85,0.013,35
1786332350.989,walk vx=0.000 vy=0.000 w=0.00,-6.06,0.0,34,18.37,0.006,34,78.75,0.0,35,6.24,0.006,34,14.15,0.013,36,83.67,0.013,38,-5.98,0.0,34,18.63,0.0,33,79.28,0.006,35,5.98,0.0,31,14.77,0.0,34,83.5,0.0,35,-5.89,0.006,32,17.93,0.026,35,79.19,0.013,33,5.98,0.0,33,14.77,0.0,34,83.85,0.006,35
1786332351.421,walk vx=0.000 vy=0.000 w=0.00,-6.06,0.0,34,18.37,0.0,34,78.75,0.0,35,6.24,0.0,34,14.15,0.013,36,83.67,0.013,38,-5.98,0.0,34,18.63,0.0,33,79.28,0.006,35,5.98,0.0,31,14.77,0.0,34,83.5,0.0,35,-5.89,0.006,32,17.93,0.026,35,79.19,0.013,33,5.98,0.0,33,14.77,0.0,34,83.85,0.006,35
1786332351.824,walk vx=0.000 vy=0.000 w=0.00,-6.06,0.0,34,18.37,0.006,34,78.75,0.0,35,6.24,0.0,34,14.15,0.013,35,83.67,0.013,38,-5.98,0.0,34,18.63,0.0,33,79.28,0.006,35,5.98,0.0,31,14.77,0.0,34,83.5,0.0,35,-5.89,0.006,32,17.93,0.026,35,79.19,0.013,33,5.98,0.0,33,14.77,0.0,34,83.85,0.006,35
1786332352.266,walk vx=0.000 vy=0.000 w=0.00,-6.06,0.0,34,18.37,0.006,34,78.75,0.0,35,6.24,0.0,34,14.15,0.013,36,83.67,0.013,38,-5.98,0.0,34,18.63,0.0,33,79.28,0.006,35,5.98,0.0,31,14.77,0.0,34,83.5,0.0,35,-5.89,0.006,32,17.93,0.026,35,79.19,0.013,33,5.98,0.0,33,14.77,0.0,34,83.85,0.013,35
1786332352.688,walk vx=0.000 vy=0.000 w=0.00,-6.06,0.0,34,18.37,0.0,34,78.75,0.006,35,6.24,0.006,34,14.15,0.013,36,83.67,0.013,38,-5.98,0.0,34,18.63,0.0,33,79.28,0.006,35,5.98,0.0,31,14.77,0.0,35,83.5,0.0,35,-5.89,0.006,32,17.93,0.026,35,79.19,0.013,33,5.98,0.0,33,14.77,0.0,34,83.85,0.006,35
1786332353.099,walk vx=0.000 vy=0.000 w=0.00,-6.06,0.0,34,18.37,0.0,34,78.75,0.0,35,6.24,0.0,34,14.15,0.013,36,83.67,0.013,38,-5.98,0.0,34,18.63,0.0,33,79.28,0.006,35,5.98,0.0,31,14.77,0.0,34,83.5,0.0,35,-5.89,0.006,32,17.93,0.019,35,79.19,0.006,33,5.98,0.0,33,14.77,0.0,34,83.85,0.006,35
1786332353.570,walk vx=0.000 vy=0.000 w=0.00,-6.06,0.0,34,18.37,0.0,34,78.75,0.0,35,6.24,0.006,34,14.15,0.013,45,83.67,0.013,38,-5.98,0.0,34,18.63,0.0,33,79.28,0.006,35,5.98,0.0,31,14.77,0.0,34,83.5,0.0,35,-5.89,0.006,32,17.93,0.026,35,79.19,0.013,33,5.98,0.0,33,14.77,0.0,34,83.85,0.013,35
1786332354.024,walk vx=0.000 vy=0.000 w=0.00,-6.06,0.0,34,18.37,0.006,34,78.75,0.0,35,6.24,0.0,34,14.15,0.006,36,83.67,0.013,38,-5.98,0.0,34,18.63,0.0,33,79.28,0.006,35,5.98,0.0,31,14.77,0.0,34,83.5,0.0,35,-5.89,0.006,32,17.93,0.026,35,79.19,0.013,33,5.98,0.0,33,14.77,0.0,34,83.85,0.006,35
1786332354.453,walk vx=0.000 vy=0.000 w=0.00,-6.06,0.0,34,18.37,0.0,34,78.75,0.0,35,6.24,0.006,34,14.15,0.013,35,83.67,0.013,38,-5.98,0.0,34,18.63,0.0,33,79.28,0.006,35,5.98,0.0,31,14.77,0.0,34,83.5,0.0,35,-5.89,0.006,32,17.93,0.026,35,79.19,0.013,33,5.98,0.0,33,14.77,0.0,34,83.85,0.006,35
1786332354.844,walk vx=0.000 vy=0.000 w=0.00,-6.06,0.0,34,18.37,0.0,34,78.75,0.0,35,6.24,0.006,34,14.15,0.013,36,83.67,0.006,38,-5.98,0.0,34,18.63,0.0,33,79.28,0.006,35,5.98,0.0,31,14.77,0.0,34,83.5,0.0,35,-5.89,0.006,32,17.93,0.026,35,79.19,0.006,33,5.98,0.0,33,14.77,0.0,34,83.85,0.006,35
1786332355.292,walk vx=0.000 vy=0.000 w=0.00,-6.06,0.0,34,18.37,0.0,34,78.75,0.0,35,6.24,0.006,34,14.15,0.013,36,83.67,0.013,38,-5.98,0.0,34,18.63,0.0,33,79.28,0.006,35,5.98,0.0,31,14.77,0.0,34,83.5,0.0,35,-5.89,0.006,32,17.93,0.026,35,79.19,0.013,33,5.98,0.0,33,14.77,0.0,34,83.85,0.006,35
1786332355.776,walk vx=0.000 vy=0.000 w=0.00,-6.06,0.0,34,18.37,0.0,34,78.75,0.0,35,6.24,0.0,34,14.15,0.013,35,83.67,0.006,38,-5.98,0.0,34,18.63,0.0,33,79.28,0.006,35,5.98,0.0,31,14.77,0.0,34,83.5,0.0,35,-5.89,0.006,32,17.93,0.026,35,79.19,0.013,33,5.98,0.0,33,14.77,0.0,34,83.85,0.006,35
1786332356.202,walk vx=0.000 vy=0.000 w=0.00,-6.06,0.0,34,18.37,0.006,34,78.75,0.0,35,6.24,0.0,34,14.15,0.013,36,83.67,0.013,38,-5.98,0.0,34,18.63,0.0,33,79.28,0.006,35,5.98,0.0,31,14.77,0.0,34,83.5,0.0,35,-5.89,0.006,32,17.93,0.026,35,79.19,0.006,33,5.98,0.0,33,14.77,0.0,34,83.85,0.006,35
1786332356.597,walk vx=0.000 vy=0.000 w=0.00,-6.06,0.0,34,18.37,0.006,34,78.75,0.0,35,6.24,0.006,34,14.15,0.013,35,83.67,0.013,38,-5.98,0.0,34,18.63,0.0,33,79.28,0.006,35,5.98,0.0,31,14.77,0.0,34,83.5,0.0,35,-5.89,0.006,32,17.93,0.019,35,79.19,0.013,33,5.98,0.0,33,14.77,0.0,34,83.85,0.006,35
1786332357.010,walk vx=0.000 vy=0.000 w=0.00,-6.06,0.0,34,18.37,0.006,34,78.75,0.0,35,6.24,0.006,34,14.15,0.013,36,83.67,0.013,38,-5.98,0.0,34,18.63,0.0,33,79.28,0.006,35,5.98,0.0,31,14.77,0.0,34,83.5,0.0,35,-5.89,0.006,32,17.93,0.026,35,79.19,0.013,33,5.98,0.006,33,14.77,0.0,34,83.85,0.006,35
1786332357.420,walk vx=0.000 vy=0.000 w=0.00,-6.06,0.0,34,18.37,0.0,34,78.75,0.0,35,6.24,0.0,34,14.15,0.013,36,83.67,0.013,38,-5.98,0.0,34,18.63,0.0,33,79.28,0.006,35,5.98,0.0,31,14.77,0.0,34,83.5,0.0,35,-5.89,0.006,32,17.93,0.026,56,79.19,0.013,33,5.98,0.0,33,14.77,0.0,34,83.85,0.013,35
1786332357.882,walk vx=0.000 vy=0.000 w=0.00,-6.06,0.0,34,18.37,0.006,34,78.75,0.0,35,6.24,0.0,34,14.15,0.013,36,83.67,0.013,38,-5.98,0.0,34,18.63,0.0,33,79.28,0.006,35,5.98,0.0,31,14.77,0.0,34,83.5,0.0,35,-5.89,0.006,32,17.93,0.033,35,79.19,0.006,33,5.98,0.0,33,14.77,0.0,34,83.85,0.006,35
1786332358.387,walk vx=0.000 vy=0.000 w=0.00,-6.06,0.0,34,18.37,0.0,34,78.75,0.0,35,6.24,0.006,34,14.15,0.013,36,83.67,0.013,38,-5.98,0.0,34,18.63,0.0,33,79.28,0.006,35,5.98,0.0,31,14.77,0.0,34,83.5,0.0,35,-5.89,0.006,32,17.93,0.026,35,79.19,0.013,33,5.98,0.0,33,14.77,0.0,34,83.85,0.006,35
1786332358.816,settling,-6.06,0.0,34,18.37,0.006,34,78.75,0.006,35,6.24,0.0,34,14.15,0.019,36,83.67,0.013,38,-5.98,0.0,34,18.63,0.0,33,79.28,0.0,35,5.98,0.006,31,14.77,0.006,34,83.23,0.0,35,-5.8,0.006,32,17.93,0.039,35,79.19,0.013,33,5.36,0.006,33,15.03,0.0,34,83.32,0.026,35
1786332359.311,settling,-5.1,0.013,34,18.72,0.0,34,79.1,0.0,35,4.75,0.013,34,14.41,0.033,36,82.27,0.033,38,-4.13,0.006,34,18.81,0.0,33,79.28,0.006,35,3.43,0.006,31,16.08,0.0,34,81.04,0.006,35,-2.99,0.019,32,17.93,0.045,35,79.37,0.006,33,1.93,0.006,33,16.7,0.019,34,80.42,0.019,35
1786332359.861,settling,-1.41,0.006,34,19.25,0.0,34,79.01,0.006,35,1.76,0.013,34,15.91,0.026,36,79.54,0.019,38,-1.32,0.0,34,19.34,0.0,33,79.37,0.006,35,0.62,0.006,31,17.31,0.006,34,79.28,0.0,35,-0.62,0.006,32,18.19,0.033,35,79.45,0.0,33,0.18,0.006,33,17.58,0.019,34,79.37,0.026,35
1786332360.312,settling,-0.26,0.0,34,19.42,0.0,34,79.37,0.0,35,0.79,0.013,34,16.26,0.019,36,78.93,0.019,38,-0.62,0.006,34,19.34,0.0,33,79.37,0.006,35,0.18,0.0,31,17.58,0.0,34,79.19,0.006,35,-0.35,0.013,32,18.19,0.039,35,79.45,0.0,33,0.18,0.013,33,17.67,0.013,34,79.1,0.019,35
1786332360.782,settling,-0.09,0.0,34,19.42,0.0,34,79.37,0.0,35,0.79,0.013,34,16.26,0.026,36,78.93,0.019,38,-0.62,0.006,34,19.34,0.0,33,79.37,0.006,35,0.18,0.0,31,17.58,0.0,34,79.19,0.006,35,-0.35,0.013,32,18.19,0.039,35,79.45,0.0,33,0.18,0.013,33,17.75,0.013,34,79.1,0.026,35
1786332361.323,settling,-0.09,0.0,34,19.42,0.0,34,79.37,0.0,35,0.79,0.006,35,16.26,0.026,36,78.93,0.013,38,-0.62,0.013,34,19.34,0.0,33,79.37,0.0,35,0.18,0.0,31,17.58,0.0,34,79.19,0.006,35,-0.26,0.006,32,18.19,0.033,35,79.45,0.0,33,0.18,0.006,33,17.75,0.013,34,79.1,0.019,35
1786332361.789,settling,-0.09,0.0,34,19.42,0.0,34,79.37,0.0,35,0.79,0.013,34,16.26,0.026,36,78.93,0.013,38,-0.62,0.006,34,19.34,0.0,33,79.37,0.0,35,0.18,0.0,31,17.58,0.0,34,79.19,0.006,35,-0.26,0.006,32,18.19,0.033,35,79.45,0.0,33,0.18,0.006,33,17.75,0.013,34,79.1,0.026,35
1786332362.304,settling,-0.09,0.0,34,19.42,0.0,34,79.37,0.0,35,0.79,0.013,34,16.26,0.033,36,78.93,0.013,38,-0.62,0.006,34,19.34,0.0,33,79.37,0.006,35,0.18,0.0,31,17.58,0.0,34,79.19,0.006,35,-0.26,0.006,32,18.19,0.033,35,79.45,0.0,33,0.18,0.0,33,17.75,0.0,34,79.45,0.0,35
1786332362.795,settled + limp,-0.09,0.0,34,19.42,0.0,34,79.37,0.0,35,0.79,0.0,34,13.45,0.0,36,81.3,0.0,38,-0.62,0.0,34,19.34,0.0,33,81.91,0.0,35,-0.26,0.0,31,16.7,0.0,35,79.28,0.0,35,-0.26,0.0,32,9.67,0.0,35,80.24,0.0,33,-0.26,0.0,33,11.6,0.0,34,88.86,0.0,35
1786332363.298,settled + limp,0.18,0.0,34,18.63,0.0,34,79.89,0.0,35,0.79,0.0,34,12.66,0.0,36,82.88,0.0,38,-0.62,0.0,34,19.07,0.0,33,83.67,0.0,35,-0.09,0.0,31,16.61,0.0,34,79.28,0.0,35,-0.26,0.0,32,5.89,0.0,35,80.16,0.0,33,-0.35,0.0,33,10.28,0.0,34,92.72,0.0,35
1786332363.703,settled + limp,0.35,0.0,34,18.54,0.0,34,79.98,0.0,35,0.79,0.0,34,12.66,0.0,36,82.71,0.0,38,-0.62,0.0,34,19.07,0.0,33,83.67,0.0,35,-0.26,0.0,31,16.61,0.0,34,79.28,0.0,35,-0.26,0.0,32,5.89,0.0,35,80.07,0.0,33,-0.35,0.0,33,10.28,0.0,34,92.72,0.0,35
1786332364.123,settled + limp,0.35,0.0,34,18.54,0.0,34,80.07,0.0,35,0.79,0.0,34,12.66,0.0,36,82.71,0.0,38,-0.62,0.0,34,19.07,0.0,33,83.67,0.0,35,-0.26,0.0,31,16.52,0.0,34,79.28,0.0,35,-0.26,0.0,32,5.89,0.0,35,80.07,0.0,33,-0.35,0.0,33,10.28,0.0,34,92.72,0.0,35
1786332364.540,settled + limp,0.35,0.0,34,18.54,0.0,34,80.07,0.0,35,0.79,0.0,34,12.66,0.0,36,82.71,0.0,38,-0.62,0.0,34,19.07,0.0,33,83.67,0.0,35,-0.26,0.0,31,16.52,0.0,34,79.28,0.0,35,-0.26,0.0,32,5.89,0.0,35,80.07,0.0,33,-0.35,0.0,33,10.28,0.0,34,92.72,0.0,35
1786332365.004,settled + limp,0.35,0.0,33,18.54,0.0,34,80.07,0.0,34,0.79,0.0,34,12.66,0.0,36,82.71,0.0,38,-0.62,0.0,34,19.07,0.0,33,83.67,0.0,35,-0.26,0.0,31,16.52,0.0,34,79.28,0.0,35,-0.26,0.0,32,5.89,0.0,35,80.07,0.0,33,-0.35,0.0,33,10.28,0.0,34,92.72,0.0,35
1786332365.410,settled + limp,0.35,0.0,34,18.54,0.0,34,80.07,0.0,35,0.79,0.0,34,12.66,0.0,36,82.71,0.0,38,-0.62,0.0,34,19.07,0.0,33,83.67,0.0,35,-0.26,0.0,31,16.52,0.0,34,79.28,0.006,35,-0.26,0.0,32,5.89,0.0,35,80.07,0.0,33,-0.35,0.0,33,10.28,0.0,34,92.72,0.0,35
1786332365.847,settled + limp,0.35,0.0,34,18.54,0.0,34,80.07,0.0,35,0.79,0.0,34,12.66,0.0,36,82.71,0.0,38,-0.62,0.0,34,19.07,0.0,33,83.67,0.0,35,-0.26,0.0,31,16.52,0.0,34,79.28,0.0,35,-0.26,0.0,32,5.89,0.0,35,80.07,0.0,33,-0.35,0.0,33,10.28,0.0,34,92.72,0.0,35
1786332366.240,settled + limp,0.35,0.0,34,18.54,0.0,34,80.07,0.0,35,0.79,0.0,34,12.66,0.0,35,82.71,0.0,38,-0.62,0.0,34,19.07,0.0,33,83.67,0.0,35,-0.26,0.0,31,16.52,0.0,34,79.28,0.0,35,-0.26,0.0,32,5.89,0.0,35,80.07,0.0,33,-0.35,0.0,33,10.28,0.0,34,92.72,0.0,35
1786332366.714,settled + limp,0.35,0.0,34,18.54,0.0,34,80.07,0.0,35,0.79,0.0,34,12.66,0.0,36,82.71,0.0,38,-0.62,0.0,34,19.07,0.0,33,83.67,0.0,35,-0.26,0.0,31,16.52,0.0,34,79.28,0.0,35,-0.26,0.0,32,5.89,0.0,35,80.07,0.0,33,-0.35,0.0,33,10.28,0.0,34,92.72,0.0,35
1786332367.136,settled + limp,0.35,0.0,34,18.54,0.0,34,80.07,0.0,35,0.79,0.0,34,12.66,0.0,36,82.71,0.0,38,-0.62,0.0,34,19.07,0.0,33,83.67,0.0,35,-0.26,0.0,31,16.52,0.0,34,79.28,0.0,35,-0.26,0.0,32,5.89,0.0,35,80.07,0.0,33,-0.35,0.0,33,10.28,0.0,34,92.72,0.0,35
1786332367.599,settled + limp,0.35,0.0,34,18.54,0.0,34,80.07,0.0,35,0.79,0.0,34,12.66,0.0,36,82.71,0.0,38,-0.62,0.0,34,19.07,0.0,33,83.67,0.0,35,-0.26,0.0,31,16.52,0.0,34,79.28,0.0,35,-0.26,0.0,32,5.89,0.0,35,80.07,0.0,33,-0.35,0.0,33,10.28,0.0,34,92.72,0.0,35
1786332368.011,settled + limp,0.35,0.0,34,18.54,0.0,34,80.07,0.0,35,0.79,0.0,34,12.66,0.0,36,82.71,0.0,38,-0.62,0.0,34,19.07,0.0,33,83.67,0.0,35,-0.26,0.0,31,16.52,0.0,34,79.28,0.0,35,-0.26,0.0,32,5.89,0.0,35,80.07,0.0,33,-0.35,0.0,33,10.28,0.0,34,92.72,0.0,35
1786332368.430,settled + limp,0.35,0.0,34,18.54,0.0,34,80.07,0.0,35,0.79,0.0,34,12.66,0.0,36,82.71,0.0,38,-0.62,0.0,34,19.07,0.0,33,83.67,0.0,35,-0.26,0.0,31,16.52,0.0,34,79.28,0.0,35,-0.26,0.0,32,5.89,0.0,35,80.07,0.006,33,-0.35,0.0,33,10.28,0.0,34,92.72,0.0,35
1786332368.894,settled + limp,0.35,0.0,34,18.54,0.0,34,80.07,0.0,35,0.79,0.0,34,12.66,0.0,35,82.71,0.0,38,-0.62,0.0,34,19.07,0.0,33,83.67,0.0,35,-0.26,0.0,31,16.52,0.0,34,79.28,0.0,35,-0.26,0.0,32,5.89,0.006,35,80.07,0.0,33,-0.35,0.0,33,10.28,0.0,34,92.72,0.0,35
1786332369.288,settled + limp,0.35,0.0,34,18.54,0.0,34,80.07,0.0,35,0.79,0.0,34,12.66,0.0,36,82.71,0.0,38,-0.62,0.0,34,19.07,0.0,33,83.67,0.0,35,-0.26,0.0,31,16.52,0.0,34,79.28,0.0,35,-0.26,0.0,32,5.89,0.0,35,80.07,0.0,33,-0.35,0.0,33,10.28,0.0,34,92.72,0.0,35
1786332369.710,settled + limp,0.35,0.0,34,18.46,0.0,34,80.07,0.0,35,0.79,0.0,34,12.66,0.0,36,82.71,0.0,38,-0.62,0.0,34,19.07,0.0,33,83.67,0.0,35,-0.26,0.0,31,16.52,0.0,34,79.28,0.0,35,-0.26,0.006,32,5.89,0.0,35,80.07,0.0,33,-0.35,0.0,33,10.28,0.0,34,92.72,0.0,35
1786332370.115,settled + limp,0.35,0.0,34,18.46,0.0,34,80.07,0.0,35,0.79,0.0,34,12.66,0.0,36,82.71,0.0,38,-0.62,0.0,34,19.07,0.0,33,83.67,0.0,35,-0.26,0.0,31,16.52,0.0,34,79.28,0.0,35,-0.26,0.0,32,5.89,0.0,35,80.07,0.0,33,-0.35,0.0,33,10.28,0.0,34,92.72,0.0,35
1786332370.563,settled + limp,0.35,0.0,34,18.46,0.0,34,80.07,0.0,35,0.79,0.0,34,12.66,0.0,36,82.71,0.0,38,-0.62,0.0,34,19.07,0.0,33,83.67,0.0,35,-0.26,0.0,31,16.52,0.0,34,79.28,0.0,35,-0.26,0.0,32,5.89,0.0,35,80.07,0.0,33,-0.35,0.0,33,10.28,0.0,34,92.72,0.0,35
1786332371.075,settled + limp,0.35,0.0,34,18.46,0.0,34,80.07,0.0,35,0.79,0.0,34,12.66,0.0,35,82.71,0.0,38,-0.62,0.0,34,19.07,0.0,33,83.67,0.0,35,-0.26,0.0,31,16.52,0.0,34,79.28,0.0,35,-0.26,0.0,32,5.89,0.0,35,80.07,0.0,33,-0.35,0.0,33,10.28,0.0,34,92.72,0.0,35
1786332371.502,settled + limp,0.35,0.0,34,18.46,0.0,34,80.07,0.0,35,0.79,0.0,34,12.66,0.0,36,82.71,0.0,38,-0.62,0.0,34,19.07,0.0,33,83.67,0.0,35,-0.26,0.0,31,16.52,0.0,34,79.28,0.0,35,-0.26,0.0,32,5.89,0.0,35,80.07,0.0,33,-0.35,0.0,33,10.28,0.0,34,92.72,0.0,35
1786332371.917,settled + limp,0.35,0.0,33,18.46,0.0,34,80.07,0.0,35,0.79,0.0,34,12.66,0.0,36,82.71,0.006,38,-0.62,0.0,34,19.07,0.0,33,83.67,0.0,35,-0.26,0.0,31,16.52,0.0,34,79.28,0.0,35,-0.26,0.0,32,5.89,0.0,35,80.07,0.0,33,-0.35,0.0,33,10.28,0.0,34,92.72,0.0,35
1786332372.364,settled + limp,0.35,0.0,34,18.46,0.0,34,80.07,0.0,35,0.79,0.0,34,12.66,0.0,35,82.71,0.0,38,-0.62,0.0,34,19.07,0.0,33,83.67,0.0,35,-0.26,0.0,31,16.52,0.0,34,79.28,0.0,35,-0.26,0.0,32,5.89,0.0,35,80.07,0.0,33,-0.35,0.0,33,10.28,0.0,34,92.72,0.0,35
1786332372.799,settled + limp,0.35,0.0,34,18.46,0.0,34,80.07,0.0,35,0.79,0.0,34,12.66,0.0,36,82.71,0.0,38,-0.62,0.0,34,19.07,0.0,33,83.67,0.0,35,-0.26,0.0,31,16.52,0.0,34,79.28,0.0,35,-0.26,0.0,32,5.89,0.0,35,80.07,0.0,33,-0.35,0.0,33,10.28,0.0,34,92.72,0.0,35
1786332373.243,settled + limp,0.35,0.0,34,18.46,0.0,34,80.07,0.0,35,0.79,0.0,34,12.66,0.0,36,82.71,0.0,38,-0.62,0.0,34,19.07,0.0,33,83.67,0.0,35,-0.26,0.0,31,16.52,0.0,34,79.28,0.0,35,-0.26,0.0,32,5.89,0.0,35,80.07,0.0,33,-0.35,0.0,33,10.28,0.0,34,92.72,0.0,35
1786332373.677,settled + limp,0.35,0.0,34,18.46,0.0,34,80.07,0.0,35,0.79,0.0,34,12.66,0.0,36,82.71,0.0,38,-0.62,0.0,34,19.07,0.0,33,83.67,0.0,35,-0.26,0.0,31,16.52,0.0,34,79.28,0.0,35,-0.26,0.0,32,5.89,0.0,35,80.07,0.0,33,-0.35,0.0,33,10.28,0.0,34,92.72,0.0,35
1786332374.122,settled + limp,0.35,0.0,34,18.46,0.0,34,80.07,0.0,35,0.79,0.0,34,12.66,0.0,35,82.71,0.0,38,-0.62,0.0,34,19.07,0.0,33,83.67,0.0,35,-0.26,0.0,31,16.52,0.0,34,79.28,0.0,35,-0.26,0.0,32,5.89,0.0,35,80.07,0.0,33,-0.35,0.0,33,10.28,0.0,34,92.72,0.0,35
1786332374.532,settled + limp,0.35,0.0,34,18.46,0.0,35,80.07,0.0,35,0.79,0.0,34,12.66,0.0,35,82.71,0.0,38,-0.62,0.0,34,19.07,0.0,33,83.67,0.0,35,-0.26,0.0,31,16.52,0.0,34,79.28,0.0,35,-0.26,0.0,32,5.89,0.0,35,80.07,0.0,33,-0.35,0.0,33,10.28,0.0,34,92.72,0.0,35
1786332374.919,settled + limp,0.35,0.0,34,18.46,0.0,34,80.07,0.0,35,0.79,0.0,34,12.66,0.0,35,82.71,0.0,38,-0.62,0.0,34,19.07,0.0,33,83.67,0.0,35,-0.26,0.0,31,16.52,0.0,34,79.28,0.0,35,-0.26,0.0,32,5.89,0.0,35,80.07,0.0,33,-0.35,0.0,33,10.28,0.0,34,92.72,0.0,35
1786332375.386,settled + limp,0.35,0.0,34,18.46,0.0,34,80.07,0.0,35,0.79,0.0,34,12.66,0.0,36,82.71,0.0,38,-0.62,0.0,34,19.07,0.0,33,83.67,0.0,35,-0.26,0.0,31,16.52,0.0,34,79.28,0.0,35,-0.26,0.0,32,5.89,0.0,35,80.07,0.0,33,-0.35,0.0,33,10.28,0.0,34,92.72,0.0,35
1786332375.905,settled + limp,0.35,0.0,34,18.46,0.0,34,80.07,0.0,35,0.79,0.0,34,12.66,0.0,36,82.71,0.0,38,-0.62,0.0,34,19.07,0.0,33,83.67,0.0,35,-0.26,0.0,31,16.52,0.0,34,79.28,0.0,35,-0.26,0.0,32,5.89,0.0,35,80.07,0.0,33,-0.35,0.0,33,10.28,0.0,34,92.72,0.0,35
1786332376.837,settled + limp,0.35,0.0,34,18.46,0.0,34,80.07,0.0,35,0.79,0.0,34,12.66,0.0,36,82.71,0.0,38,-0.62,0.0,34,19.07,0.0,33,83.67,0.0,35,-0.26,0.0,31,16.52,0.0,34,79.28,0.0,35,-0.26,0.0,32,5.89,0.0,35,80.07,0.0,33,-0.35,0.0,33,10.28,0.0,34,92.72,0.0,35
1786332377.265,settled + limp,0.35,0.0,34,18.46,0.0,34,80.07,0.0,35,0.79,0.0,34,12.66,0.0,36,82.71,0.0,38,-0.62,0.0,34,19.07,0.0,33,83.67,0.0,35,-0.26,0.0,31,16.52,0.0,34,79.28,0.0,35,-0.26,0.0,32,5.89,0.0,35,80.07,0.0,33,-0.35,0.0,33,10.28,0.0,34,92.72,0.0,35
1786332377.715,settled + limp,0.35,0.0,34,18.46,0.0,34,80.07,0.0,35,0.79,0.0,34,12.66,0.0,35,82.71,0.0,38,-0.62,0.0,34,19.07,0.0,33,83.67,0.0,35,-0.26,0.0,31,16.52,0.0,34,79.28,0.0,35,-0.26,0.0,32,5.89,0.0,35,80.07,0.0,33,-0.35,0.0,33,10.28,0.0,34,92.72,0.0,35
1786332378.134,settled + limp,0.35,0.0,34,18.46,0.0,34,80.07,0.0,35,0.79,0.0,34,12.66,0.0,36,82.71,0.0,38,-0.62,0.0,34,19.07,0.0,33,83.67,0.0,35,-0.26,0.0,31,16.52,0.0,34,79.28,0.0,35,-0.26,0.0,32,5.89,0.0,35,80.07,0.0,33,-0.35,0.0,33,10.28,0.0,34,92.72,0.0,35
1786332378.564,settled + limp,0.35,0.0,34,18.46,0.0,34,80.07,0.0,35,0.79,0.0,34,12.66,0.0,36,82.71,0.0,38,-0.62,0.0,34,19.07,0.0,33,83.67,0.0,35,-0.26,0.0,31,16.52,0.0,34,79.28,0.0,35,-0.26,0.0,32,5.89,0.0,35,80.07,0.0,33,-0.35,0.0,33,10.28,0.0,34,92.72,0.0,35
1786332378.973,settled + limp,0.35,0.0,34,18.46,0.0,34,80.07,0.0,35,0.79,0.0,34,12.66,0.0,35,82.71,0.0,38,-0.62,0.0,34,19.07,0.0,33,83.67,0.0,35,-0.26,0.0,31,16.52,0.0,34,79.28,0.0,35,-0.26,0.0,32,5.89,0.0,35,80.07,0.0,33,-0.35,0.0,33,10.28,0.0,34,92.72,0.0,35
1786332379.452,settled + limp,0.35,0.0,34,18.46,0.0,34,80.07,0.0,35,0.79,0.0,34,12.66,0.0,36,82.71,0.0,38,-0.62,0.0,34,19.07,0.0,33,83.67,0.0,35,-0.26,0.0,31,16.52,0.0,34,79.28,0.0,35,-0.26,0.0,32,5.89,0.0,35,80.07,0.0,33,-0.35,0.0,33,10.28,0.0,34,92.72,0.0,35
1786332379.915,settled + limp,0.35,0.0,34,18.46,0.0,34,80.07,0.0,35,0.79,0.0,34,12.66,0.0,35,82.71,0.0,38,-0.62,0.0,34,19.07,0.0,33,83.67,0.0,35,-0.26,0.0,31,16.52,0.0,34,79.28,0.0,35,-0.26,0.0,32,5.89,0.0,35,80.07,0.0,33,-0.35,0.0,33,10.28,0.0,34,92.72,0.0,35
1786332380.324,settled + limp,0.35,0.0,34,18.46,0.0,34,80.07,0.0,35,0.79,0.0,34,12.66,0.0,36,82.71,0.0,38,-0.62,0.0,34,19.07,0.0,33,83.67,0.0,35,-0.26,0.0,31,16.52,0.0,34,79.28,0.0,35,-0.26,0.0,32,5.89,0.0,35,80.07,0.0,33,-0.35,0.0,33,10.28,0.0,34,92.72,0.0,35
1786332380.706,settled + limp,0.35,0.0,34,18.46,0.0,34,80.07,0.0,35,0.79,0.0,34,12.66,0.0,35,82.71,0.0,38,-0.62,0.0,34,19.07,0.0,33,83.67,0.0,35,-0.26,0.0,31,16.52,0.0,34,79.28,0.0,35,-0.26,0.0,32,5.89,0.0,35,80.07,0.0,33,-0.35,0.0,33,10.28,0.0,34,92.72,0.0,35
1786332381.160,settled + limp,0.35,0.0,34,18.46,0.0,34,80.07,0.0,35,0.79,0.0,34,12.66,0.0,35,82.71,0.0,38,-0.62,0.0,34,19.07,0.0,33,83.67,0.0,35,-0.26,0.0,31,16.52,0.0,34,79.28,0.0,35,-0.26,0.0,32,5.89,0.0,35,80.07,0.0,33,-0.35,0.0,33,10.28,0.0,34,92.72,0.0,35
1786332381.594,settled + limp,0.35,0.0,34,18.46,0.0,34,80.07,0.0,35,0.79,0.0,34,12.66,0.0,36,82.71,0.0,38,-0.62,0.0,34,19.07,0.0,33,83.67,0.0,35,-0.26,0.0,31,16.52,0.0,34,79.28,0.0,35,-0.26,0.0,32,5.89,0.0,35,80.07,0.0,33,-0.35,0.0,33,10.28,0.0,34,92.72,0.0,35
1786332382.055,settled + limp,0.35,0.0,34,18.46,0.0,34,80.07,0.0,35,0.79,0.0,34,12.66,0.0,36,82.71,0.0,38,-0.62,0.0,34,19.07,0.0,33,83.67,0.0,35,-0.26,0.0,31,16.52,0.0,34,79.28,0.0,35,-0.26,0.0,32,5.89,0.0,35,80.07,0.0,33,-0.35,0.0,33,10.28,0.0,34,92.72,0.0,35
1786332382.464,settled + limp,0.35,0.0,34,18.46,0.0,34,80.07,0.0,35,0.79,0.0,34,12.66,0.0,35,82.71,0.0,38,-0.62,0.0,34,19.07,0.0,33,83.67,0.0,35,-0.26,0.0,31,16.52,0.0,34,79.28,0.0,35,-0.26,0.0,32,5.89,0.0,35,80.07,0.0,33,-0.35,0.0,33,10.28,0.0,34,92.72,0.0,35
1786332382.911,settled + limp,0.35,0.0,34,18.46,0.0,34,80.07,0.0,35,0.79,0.0,34,12.66,0.0,35,82.71,0.0,38,-0.62,0.0,34,19.07,0.0,33,83.67,0.0,35,-0.26,0.0,31,16.52,0.0,34,79.28,0.0,35,-0.26,0.0,32,5.89,0.0,35,80.07,0.0,33,-0.35,0.0,33,10.28,0.0,34,92.72,0.0,35
1786332383.293,settled + limp,0.35,0.0,34,18.46,0.0,34,80.07,0.0,35,0.79,0.0,34,12.66,0.0,36,82.71,0.0,38,-0.62,0.0,34,19.07,0.0,33,83.67,0.0,35,-0.26,0.0,31,16.52,0.0,34,79.28,0.0,35,-0.26,0.0,32,5.89,0.0,35,80.07,0.0,33,-0.35,0.0,33,10.28,0.0,34,92.72,0.0,35
1786332383.719,settled + limp,0.35,0.0,34,18.46,0.0,34,80.07,0.0,35,0.79,0.0,34,12.66,0.0,36,82.71,0.0,38,-0.62,0.0,34,19.07,0.0,33,83.67,0.0,35,-0.26,0.0,31,16.52,0.0,34,79.28,0.0,35,-0.26,0.0,32,5.89,0.0,35,80.07,0.0,33,-0.35,0.0,33,10.28,0.0,34,92.72,0.0,35
1786332384.166,settled + limp,0.35,0.0,34,18.46,0.0,34,80.07,0.0,35,0.79,0.0,34,12.66,0.0,35,82.71,0.0,38,-0.62,0.0,34,19.07,0.0,33,83.67,0.0,35,-0.26,0.0,31,16.52,0.0,34,79.28,0.0,35,-0.26,0.0,32,5.89,0.0,35,80.07,0.0,33,-0.35,0.0,33,10.28,0.0,34,92.72,0.0,35
1786332384.594,settled + limp,0.35,0.0,34,18.46,0.0,34,80.07,0.0,35,0.79,0.0,34,12.66,0.0,36,82.71,0.0,38,-0.62,0.0,34,19.07,0.0,33,83.67,0.0,35,-0.26,0.0,31,16.52,0.0,34,79.28,0.0,35,-0.26,0.0,32,5.89,0.0,35,80.07,0.0,33,-0.35,0.0,33,10.28,0.0,34,92.72,0.0,35
1786332385.029,settled + limp,0.35,0.0,34,18.46,0.0,34,80.07,0.0,35,0.79,0.0,34,12.66,0.0,35,82.71,0.0,38,-0.62,0.0,34,19.07,0.0,33,83.67,0.0,35,-0.26,0.0,31,16.52,0.0,34,79.28,0.0,35,-0.26,0.0,32,5.89,0.0,35,80.07,0.0,33,-0.35,0.0,33,10.28,0.0,34,92.72,0.0,35
1786332385.484,settled + limp,0.35,0.0,34,18.46,0.0,34,80.07,0.0,35,0.79,0.0,34,12.66,0.0,35,82.71,0.0,38,-0.62,0.0,34,19.07,0.0,33,83.67,0.0,35,-0.26,0.0,31,16.52,0.0,34,79.28,0.0,35,-0.26,0.0,32,5.89,0.0,35,80.07,0.0,33,-0.35,0.0,33,10.28,0.0,34,92.72,0.0,35
1786332385.912,settled + limp,0.35,0.0,34,18.46,0.0,34,80.07,0.0,35,0.79,0.0,34,12.66,0.0,35,82.71,0.0,38,-0.62,0.0,34,19.07,0.0,33,83.67,0.0,35,-0.26,0.0,31,16.52,0.0,34,79.28,0.0,35,-0.26,0.0,32,5.89,0.0,35,80.07,0.0,33,-0.35,0.0,33,10.28,0.0,34,92.72,0.0,35
1786332386.369,settled + limp,0.35,0.0,34,18.46,0.0,34,80.07,0.0,35,0.79,0.0,34,12.66,0.0,35,82.71,0.0,38,-0.62,0.0,34,19.07,0.0,33,83.67,0.0,35,-0.26,0.0,31,16.52,0.0,34,79.28,0.0,35,-0.26,0.0,31,5.89,0.0,35,80.07,0.0,33,-0.35,0.0,33,10.28,0.0,34,92.72,0.0,35
1786332386.798,settled + limp,0.35,0.0,34,18.46,0.0,34,80.07,0.0,35,0.79,0.0,34,12.66,0.0,36,82.71,0.0,38,-0.62,0.0,34,19.07,0.0,33,83.67,0.0,35,-0.26,0.0,31,16.52,0.0,34,79.28,0.0,35,-0.26,0.0,32,5.89,0.0,35,80.07,0.006,33,-0.35,0.0,33,10.28,0.0,34,92.72,0.0,35
1786332387.183,settled + limp,0.35,0.0,34,18.46,0.0,34,80.07,0.0,35,0.79,0.0,34,12.66,0.0,35,82.71,0.0,38,-0.62,0.0,34,19.07,0.0,33,83.67,0.0,35,-0.26,0.0,31,16.52,0.0,34,79.28,0.0,35,-0.26,0.0,32,5.89,0.0,35,80.07,0.0,33,-0.35,0.0,33,10.28,0.0,34,92.72,0.0,35
1786332387.602,settled + limp,0.35,0.0,34,18.46,0.0,34,80.07,0.0,35,0.79,0.0,34,12.66,0.0,36,82.71,0.0,38,-0.62,0.0,34,19.07,0.0,33,83.67,0.0,35,-0.26,0.0,31,16.52,0.0,34,79.28,0.0,35,-0.26,0.0,32,5.89,0.0,35,80.07,0.0,33,-0.35,0.0,33,10.28,0.0,34,92.72,0.0,35
1786332388.025,settled + limp,0.35,0.0,34,18.46,0.0,35,80.07,0.0,35,0.79,0.0,34,12.66,0.0,35,82.71,0.0,38,-0.62,0.0,34,19.07,0.0,33,83.67,0.0,35,-0.26,0.0,31,16.52,0.0,34,79.28,0.0,35,-0.26,0.0,32,5.89,0.0,35,80.07,0.0,33,-0.35,0.0,33,10.28,0.0,34,92.72,0.0,35
1786332388.522,settled + limp,0.35,0.0,34,18.46,0.0,34,80.07,0.0,35,0.79,0.0,34,12.66,0.0,35,82.71,0.0,38,-0.62,0.0,34,19.07,0.0,33,83.67,0.0,35,-0.26,0.0,31,16.52,0.0,34,79.28,0.0,35,-0.26,0.0,32,5.89,0.0,35,80.07,0.0,33,-0.35,0.0,33,10.28,0.0,34,92.72,0.0,35
1786332388.954,settled + limp,0.35,0.0,34,18.46,0.0,34,80.07,0.0,35,0.79,0.0,34,12.66,0.0,36,82.71,0.0,38,-0.62,0.0,34,19.07,0.0,33,83.67,0.0,35,-0.26,0.0,31,16.52,0.0,34,79.28,0.0,35,-0.26,0.0,32,5.89,0.0,35,80.07,0.0,33,-0.35,0.0,33,10.28,0.0,34,92.72,0.0,35
1786332389.346,settled + limp,0.35,0.0,34,18.46,0.0,34,80.07,0.0,35,0.79,0.0,34,12.66,0.0,35,82.71,0.0,38,-0.62,0.0,34,19.07,0.0,33,83.67,0.0,35,-0.26,0.0,31,16.52,0.0,34,79.28,0.0,35,-0.26,0.0,32,5.89,0.0,35,80.07,0.0,33,-0.35,0.0,33,10.28,0.0,34,92.72,0.0,35
1786332389.732,settled + limp,0.35,0.0,34,18.46,0.0,34,80.07,0.0,35,0.79,0.0,34,12.66,0.0,36,82.71,0.0,38,-0.62,0.0,34,19.07,0.0,33,83.67,0.0,35,-0.26,0.0,31,16.52,0.0,34,79.28,0.0,35,-0.26,0.0,32,5.89,0.0,35,80.07,0.006,33,-0.35,0.0,33,10.28,0.0,34,92.72,0.0,35
1786332390.149,settled + limp,0.35,0.0,34,18.46,0.0,34,80.07,0.0,35,0.79,0.0,34,12.66,0.0,35,82.71,0.0,38,-0.62,0.0,34,19.07,0.0,33,83.67,0.0,35,-0.26,0.0,31,16.52,0.0,34,79.28,0.0,35,-0.26,0.0,32,5.89,0.0,35,80.07,0.0,33,-0.35,0.0,33,10.28,0.0,34,92.72,0.0,35
1786332390.575,settled + limp,0.35,0.0,34,18.46,0.0,34,80.07,0.0,35,0.79,0.0,34,12.66,0.0,35,82.71,0.0,38,-0.62,0.0,34,19.07,0.0,33,83.67,0.0,35,-0.26,0.0,31,16.52,0.0,34,79.28,0.0,35,-0.26,0.0,32,5.89,0.0,35,80.07,0.0,33,-0.35,0.0,33,10.28,0.0,34,92.72,0.0,35
1786332390.997,settled + limp,0.35,0.0,33,18.46,0.0,34,80.07,0.0,35,0.79,0.0,34,12.66,0.0,36,82.71,0.0,38,-0.62,0.0,34,19.07,0.0,33,83.67,0.0,35,-0.26,0.0,31,16.52,0.0,34,79.28,0.0,35,-0.26,0.0,32,5.89,0.006,35,80.07,0.0,33,-0.35,0.0,33,10.28,0.0,34,92.72,0.0,35
1786332391.423,settled + limp,0.35,0.0,34,18.46,0.0,34,80.07,0.0,35,0.79,0.0,34,12.66,0.0,35,82.71,0.0,38,-0.62,0.0,34,19.07,0.0,33,83.67,0.0,35,-0.26,0.0,31,16.52,0.0,34,79.28,0.0,35,-0.26,0.0,32,5.89,0.0,35,80.07,0.0,33,-0.35,0.0,33,10.28,0.0,34,92.72,0.0,35
1786332426.706,settled + limp,0.44,0.0,34,18.46,0.0,34,80.16,0.0,34,0.7,0.0,34,12.74,0.0,35,82.88,0.0,38,0.09,0.0,34,19.07,0.0,33,87.8,0.0,35,-0.26,0.0,31,16.61,0.0,34,79.19,0.0,35,-0.18,0.0,32,5.89,0.0,34,80.24,0.0,33,-0.35,0.0,33,10.37,0.0,34,97.91,0.0,35
1786332427.133,settled + limp,0.44,0.0,34,18.46,0.0,34,80.16,0.0,34,0.7,0.0,34,12.74,0.0,35,82.88,0.0,38,0.09,0.0,34,19.07,0.0,33,87.8,0.0,35,-0.26,0.0,31,16.61,0.0,34,79.19,0.0,35,-0.18,0.0,32,5.89,0.0,34,80.24,0.0,33,-0.35,0.0,33,10.37,0.0,34,97.91,0.0,35
1786332427.531,settled + limp,0.44,0.0,33,18.46,0.0,34,80.16,0.0,35,0.7,0.0,34,12.74,0.0,35,82.88,0.0,38,0.09,0.0,34,19.07,0.0,33,87.8,0.0,35,-0.26,0.0,31,16.61,0.0,34,79.19,0.0,35,-0.18,0.0,31,5.89,0.0,34,80.24,0.0,33,-0.35,0.0,33,10.37,0.0,34,97.91,0.0,35
1786332427.986,settled + limp,0.44,0.0,34,18.46,0.0,34,80.16,0.0,34,0.7,0.0,34,12.74,0.0,35,82.88,0.0,38,0.09,0.0,34,19.07,0.0,33,87.8,0.0,35,-0.26,0.0,31,16.61,0.0,34,79.19,0.0,35,-0.18,0.0,32,5.89,0.0,34,80.24,0.0,33,-0.35,0.0,33,10.37,0.0,34,97.91,0.0,35
1786332428.391,settled + limp,0.44,0.0,33,18.46,0.0,34,80.16,0.0,34,0.7,0.0,34,12.74,0.0,36,82.88,0.006,38,0.09,0.0,34,19.07,0.0,33,87.8,0.0,35,-0.26,0.0,31,16.61,0.0,34,79.19,0.0,35,-0.18,0.0,32,5.89,0.0,34,80.24,0.0,33,-0.35,0.0,33,10.37,0.0,34,97.91,0.0,35
1786332428.791,settled + limp,0.44,0.0,34,18.46,0.0,34,80.16,0.0,35,0.7,0.0,34,12.74,0.0,35,82.88,0.0,37,0.09,0.0,34,19.07,0.0,33,87.8,0.0,35,-0.26,0.0,31,16.61,0.0,34,79.19,0.0,35,-0.18,0.0,32,5.89,0.0,34,80.24,0.0,32,-0.35,0.0,33,10.37,0.0,34,97.91,0.0,35
1786332429.251,settled + limp,0.44,0.0,34,18.46,0.006,34,80.16,0.0,34,0.7,0.0,34,12.74,0.0,35,82.88,0.0,38,0.09,0.0,34,19.07,0.0,33,87.8,0.0,35,-0.26,0.0,31,16.61,0.0,34,79.19,0.0,35,-0.18,0.0,31,5.89,0.0,34,80.24,0.0,32,-0.35,0.0,33,10.37,0.0,34,97.91,0.0,35
1786332429.677,settled + limp,0.44,0.0,33,18.46,0.0,34,80.16,0.0,35,0.7,0.0,34,12.74,0.0,35,82.88,0.0,38,0.09,0.0,34,19.07,0.0,33,87.8,0.0,35,-0.26,0.0,31,16.61,0.0,34,79.19,0.0,35,-0.18,0.0,31,5.89,0.0,34,80.24,0.0,33,-0.35,0.0,33,10.37,0.0,34,97.91,0.0,35
1786332430.099,settled + limp,0.44,0.0,33,18.46,0.0,34,80.16,0.0,34,0.7,0.0,34,12.74,0.0,35,82.88,0.0,37,0.09,0.0,34,19.07,0.0,33,87.8,0.0,35,-0.26,0.0,31,16.61,0.0,34,79.19,0.0,35,-0.18,0.0,31,5.89,0.0,34,80.24,0.0,33,-0.35,0.0,33,10.37,0.0,34,97.91,0.0,35
1786332430.525,settled + limp,0.44,0.0,34,18.46,0.0,34,80.16,0.0,35,0.7,0.0,34,12.74,0.0,36,82.88,0.0,38,0.09,0.0,34,19.07,0.0,33,87.8,0.0,35,-0.26,0.0,31,16.61,0.0,34,79.19,0.0,35,-0.18,0.0,31,5.89,0.0,34,80.24,0.0,32,-0.35,0.0,33,10.37,0.0,34,97.91,0.0,35
1786332430.964,settled + limp,0.44,0.0,34,18.46,0.0,34,80.16,0.0,35,0.7,0.0,34,12.74,0.0,35,82.88,0.0,38,0.09,0.0,34,19.07,0.0,33,87.8,0.0,35,-0.26,0.0,31,16.61,0.0,34,79.19,0.0,35,-0.18,0.0,32,5.89,0.0,34,80.24,0.0,33,-0.35,0.0,33,10.37,0.0,34,97.91,0.0,35
1786332431.446,armed,0.44,0.0,33,18.46,0.0,34,80.16,0.0,34,0.7,0.0,34,12.74,0.0,35,82.88,0.0,38,0.09,0.0,34,19.07,0.0,33,87.8,0.0,35,-0.26,0.0,31,16.61,0.0,34,79.19,0.0,35,-0.18,0.0,31,5.89,0.0,34,80.24,0.0,33,-0.35,0.0,33,10.37,0.0,34,97.91,0.0,35
1786332431.879,armed,0.44,0.0,34,18.46,0.0,34,80.16,0.0,35,0.7,0.0,34,12.74,0.0,36,82.88,0.0,37,0.09,0.0,34,19.07,0.0,33,87.8,0.0,35,-0.26,0.0,31,16.61,0.0,34,79.19,0.0,35,-0.18,0.0,31,5.89,0.0,34,80.24,0.0,32,-0.35,0.0,33,10.37,0.0,34,97.91,0.0,35
1786332432.284,armed,0.44,0.0,34,18.46,0.0,34,80.16,0.0,35,0.7,0.0,34,12.74,0.0,35,82.88,0.0,38,0.09,0.0,34,19.07,0.0,33,87.8,0.0,35,-0.26,0.0,31,16.61,0.0,34,79.19,0.0,35,-0.18,0.0,31,5.89,0.0,34,80.24,0.0,33,-0.35,0.0,33,10.37,0.0,34,97.91,0.0,35
1786332432.667,armed,0.44,0.0,34,18.46,0.0,34,80.16,0.0,35,0.7,0.0,34,12.74,0.0,35,82.88,0.0,38,0.09,0.0,34,19.07,0.0,33,87.8,0.0,35,-0.26,0.0,31,16.61,0.0,34,79.19,0.0,35,-0.18,0.0,31,5.89,0.0,34,80.24,0.0,33,-0.35,0.0,33,10.37,0.0,34,97.91,0.0,35
1786332433.092,armed,0.44,0.0,34,18.46,0.0,34,80.16,0.0,35,0.7,0.0,34,12.74,0.0,35,82.88,0.0,38,0.09,0.0,34,19.07,0.0,33,87.8,0.0,35,-0.26,0.0,31,16.61,0.0,34,79.19,0.0,35,-0.18,0.0,31,5.89,0.0,34,80.24,0.0,32,-0.35,0.0,33,10.37,0.0,34,97.91,0.0,35
1786332433.577,armed,0.44,0.0,33,18.46,0.0,34,80.16,0.0,34,0.7,0.0,34,12.74,0.0,35,82.88,0.0,37,0.09,0.0,34,19.07,0.0,33,87.8,0.0,35,-0.26,0.0,31,16.61,0.0,34,79.19,0.0,35,-0.18,0.0,31,5.89,0.0,34,80.24,0.0,32,-0.35,0.0,33,10.37,0.0,34,97.91,0.0,35
1786332434.019,armed,0.44,0.0,33,18.46,0.0,34,80.16,0.0,34,0.7,0.0,34,12.74,0.0,35,82.88,0.0,38,0.09,0.0,34,19.07,0.0,33,87.8,0.0,35,-0.26,0.0,31,16.61,0.0,34,79.19,0.0,35,-0.18,0.0,31,5.89,0.0,34,80.24,0.0,33,-0.35,0.0,33,10.37,0.0,34,97.91,0.0,35
1786332434.435,armed,0.44,0.0,33,18.46,0.0,34,80.16,0.0,34,0.7,0.0,34,12.74,0.0,35,82.88,0.0,38,0.09,0.0,34,19.07,0.0,33,87.8,0.0,35,-0.26,0.0,31,16.61,0.0,34,79.19,0.0,35,-0.18,0.0,32,5.89,0.0,34,80.24,0.0,32,-0.35,0.0,33,10.37,0.0,34,97.91,0.0,35
1786332434.880,armed,0.44,0.0,33,18.46,0.0,34,80.16,0.0,35,0.7,0.0,34,12.74,0.0,35,82.88,0.0,38,0.09,0.0,34,19.07,0.0,33,87.8,0.0,35,-0.26,0.0,31,16.61,0.0,34,79.19,0.0,35,-0.18,0.0,32,5.89,0.0,34,80.24,0.0,33,-0.35,0.0,33,10.37,0.0,34,97.91,0.0,35
1786332435.330,armed,0.44,0.0,34,18.46,0.0,34,80.16,0.0,34,0.7,0.0,34,12.74,0.0,35,82.88,0.0,37,0.09,0.0,34,19.07,0.0,33,87.8,0.0,35,-0.26,0.0,31,16.61,0.0,34,79.19,0.0,35,-0.18,0.0,31,5.89,0.0,34,80.24,0.0,33,-0.35,0.0,33,10.37,0.0,34,97.91,0.0,35
1786332435.786,armed,0.44,0.0,34,18.46,0.0,34,80.16,0.0,34,0.7,0.0,34,12.74,0.0,36,82.88,0.0,38,0.09,0.0,34,19.07,0.0,33,87.8,0.0,35,-0.26,0.0,31,16.61,0.0,34,79.19,0.0,35,-0.18,0.0,32,5.89,0.0,34,80.24,0.0,32,-0.35,0.0,33,10.37,0.0,34,97.91,0.0,35
1786332436.189,armed,0.44,0.0,33,18.46,0.0,34,80.16,0.0,35,0.7,0.0,34,12.74,0.0,35,82.88,0.0,37,0.09,0.0,34,19.07,0.0,33,87.8,0.0,35,-0.26,0.0,31,16.61,0.006,34,79.19,0.006,35,-0.18,0.0,32,6.59,0.019,34,79.54,0.0,33,-0.26,0.006,33,12.04,0.052,34,95.36,0.045,35
1786332436.641,standing,-0.09,0.0,33,19.16,0.006,34,79.63,0.0,34,0.7,0.006,34,16.26,0.026,36,78.31,0.006,38,-0.09,0.0,34,19.51,0.0,33,81.21,0.117,35,0.0,0.0,31,18.02,0.006,34,79.01,0.0,35,-0.26,0.006,32,18.02,0.052,34,79.1,0.006,33,0.0,0.0,33,18.72,0.006,34,80.95,0.234,35
1786332437.142,standing,0.0,0.0,34,19.78,0.006,34,79.45,0.0,35,0.0,0.006,34,16.35,0.019,35,78.31,0.013,37,-0.09,0.0,34,19.51,0.0,33,81.12,0.104,35,0.18,0.0,31,17.84,0.0,34,79.01,0.0,35,0.0,0.0,31,18.02,0.052,34,79.1,0.006,33,0.0,0.0,33,18.63,0.006,34,80.77,0.208,35
1786332437.591,standing,-0.18,0.0,34,19.78,0.006,34,79.37,0.0,35,0.09,0.006,34,16.35,0.019,35,78.31,0.013,37,-0.09,0.0,34,19.34,0.0,33,81.12,0.123,35,0.18,0.0,31,17.84,0.0,34,79.01,0.0,35,0.0,0.0,31,18.02,0.058,34,79.1,0.013,32,0.0,0.0,33,18.63,0.006,34,80.77,0.175,35
1786332438.057,standing,-0.18,0.0,33,19.78,0.006,34,79.37,0.0,34,0.09,0.0,34,16.35,0.019,35,78.31,0.006,38,-0.09,0.0,34,19.34,0.0,33,81.12,0.136,35,0.18,0.0,31,17.84,0.006,34,79.01,0.0,35,0.0,0.006,31,18.19,0.039,34,79.1,0.013,32,0.0,0.0,33,18.63,0.0,34,80.77,0.208,35
1786332438.527,standing,-0.18,0.0,33,19.78,0.006,34,79.37,0.0,34,0.09,0.0,34,16.35,0.026,36,78.31,0.006,38,-0.09,0.0,34,19.34,0.0,33,81.12,0.117,35,0.18,0.0,31,17.84,0.006,34,79.01,0.0,35,0.0,0.0,31,18.19,0.039,34,79.1,0.006,32,0.0,0.0,33,18.63,0.006,34,80.77,0.214,35
1786332439.004,standing,-0.18,0.0,33,19.78,0.006,34,79.37,0.0,34,0.09,0.006,34,16.35,0.026,47,78.31,0.013,37,-0.09,0.006,34,19.34,0.0,33,81.12,0.111,35,0.18,0.0,31,17.84,0.0,34,79.01,0.0,35,0.0,0.0,31,18.19,0.026,35,79.1,0.013,33,0.0,0.0,33,18.63,0.006,34,80.77,0.189,35
1786332439.433,standing,-0.18,0.0,33,19.78,0.0,34,79.37,0.0,35,0.09,0.0,34,16.35,0.026,35,78.31,0.006,38,-0.09,0.0,34,19.34,0.0,33,81.12,0.104,35,0.18,0.0,31,17.84,0.0,34,79.01,0.0,35,0.0,0.0,32,18.19,0.039,34,79.1,0.006,33,0.0,0.0,33,18.63,0.013,34,80.77,0.214,35
1786332439.851,standing,-0.18,0.0,33,19.78,0.006,34,79.37,0.0,35,0.09,0.0,34,16.35,0.026,35,78.31,0.013,38,-0.09,0.0,34,19.34,0.0,33,81.12,0.13,35,0.18,0.0,31,17.84,0.0,34,79.01,0.0,35,0.0,0.0,31,18.19,0.039,34,79.1,0.006,33,0.0,0.0,33,18.63,0.006,34,80.77,0.195,35
1786332440.332,standing,-0.18,0.0,33,19.78,0.006,34,79.37,0.0,34,0.09,0.0,34,16.35,0.026,35,78.31,0.013,37,-0.09,0.0,34,19.34,0.0,33,81.12,0.123,35,0.18,0.0,31,17.84,0.0,34,79.01,0.0,35,0.0,0.0,31,18.19,0.033,34,79.1,0.013,33,0.0,0.0,33,18.63,0.006,34,80.77,0.195,35
1786332440.887,standing,-0.18,0.0,34,19.78,0.006,34,79.37,0.0,35,0.09,0.006,34,16.35,0.026,37,78.31,0.013,38,-0.09,0.0,34,19.34,0.0,33,81.12,0.104,35,0.18,0.0,31,17.84,0.0,34,79.01,0.0,35,0.0,0.0,31,18.19,0.033,34,79.1,0.013,32,0.0,0.0,33,18.63,0.013,34,80.77,0.189,35
1786332441.333,standing,-0.18,0.0,33,19.78,0.0,34,79.37,0.0,34,0.09,0.0,34,16.35,0.026,35,78.31,0.006,38,-0.09,0.0,34,19.34,0.0,33,81.12,0.123,35,0.18,0.0,31,17.84,0.006,34,79.01,0.0,35,0.0,0.0,32,18.19,0.039,34,79.1,0.006,32,0.0,0.0,33,18.63,0.006,34,80.77,0.195,35
1786332441.763,standing,-0.18,0.0,34,19.78,0.0,34,79.37,0.0,34,0.09,0.0,34,16.35,0.019,35,78.31,0.006,37,-0.09,0.0,34,19.34,0.0,33,81.12,0.111,35,0.18,0.0,31,17.84,0.0,34,79.01,0.0,35,0.0,0.0,31,18.19,0.039,34,79.1,0.013,32,0.0,0.0,33,18.63,0.006,34,80.77,0.169,35
1786332442.163,standing,-0.18,0.0,34,19.78,0.006,34,79.37,0.0,34,0.09,0.0,34,16.35,0.026,35,78.31,0.006,37,-0.09,0.0,34,19.34,0.0,33,81.12,0.123,35,0.18,0.0,31,17.84,0.0,34,79.01,0.0,35,0.0,0.0,31,18.19,0.039,34,79.1,0.006,32,0.0,0.006,33,18.63,0.006,34,80.77,0.208,35
1786332442.698,standing,-0.18,0.0,33,19.78,0.0,34,79.37,0.0,34,0.09,0.0,34,16.35,0.019,35,78.31,0.013,38,-0.09,0.0,34,19.34,0.0,33,81.12,0.13,35,0.18,0.0,31,17.84,0.0,34,79.01,0.0,35,0.0,0.0,31,18.19,0.039,34,79.1,0.013,32,0.0,0.0,33,18.63,0.006,34,80.77,0.156,35
1786332443.131,standing,-0.18,0.0,34,19.78,0.0,34,79.37,0.0,35,0.09,0.006,34,16.35,0.019,48,78.31,0.013,38,-0.09,0.0,34,19.34,0.0,33,81.12,0.13,35,0.18,0.0,31,17.84,0.0,34,79.01,0.0,35,0.0,0.0,32,18.19,0.033,34,79.1,0.013,32,0.0,0.0,33,18.63,0.006,34,80.77,0.189,35
1786332443.567,standing,-0.18,0.0,33,19.78,0.006,34,79.37,0.0,34,0.09,0.006,34,16.35,0.026,35,78.31,0.013,37,-0.09,0.0,34,19.34,0.0,33,81.12,0.104,35,0.18,0.0,31,17.84,0.006,34,79.01,0.0,35,0.0,0.0,31,18.19,0.033,34,79.1,0.013,33,0.0,0.0,33,18.63,0.006,34,80.77,0.175,35
1786332444.025,standing,-0.18,0.0,33,19.78,0.0,34,79.37,0.0,35,0.09,0.0,34,16.35,0.026,35,78.31,0.013,38,-0.09,0.0,34,19.34,0.0,33,81.12,0.123,35,0.18,0.0,31,17.84,0.0,34,79.01,0.0,35,0.0,0.0,31,18.19,0.033,34,79.1,0.013,32,0.0,0.0,33,18.63,0.006,34,80.77,0.189,35
1786332444.464,standing,-0.18,0.0,33,19.78,0.006,34,79.37,0.0,34,0.09,0.006,34,16.35,0.019,35,78.31,0.013,37,-0.09,0.0,34,19.34,0.0,33,81.12,0.097,35,0.18,0.0,31,17.84,0.0,34,79.01,0.0,35,0.0,0.0,31,18.19,0.033,34,79.1,0.013,33,0.0,0.0,33,18.63,0.006,34,80.77,0.208,35
1786332444.915,standing,-0.18,0.0,34,19.78,0.006,34,79.37,0.0,34,0.09,0.006,34,16.35,0.019,35,78.31,0.013,37,-0.09,0.0,34,19.34,0.0,33,81.12,0.091,35,0.18,0.0,31,17.84,0.0,34,79.01,0.0,35,0.0,0.0,31,18.19,0.033,34,79.1,0.013,33,0.0,0.0,33,18.63,0.0,34,80.77,0.163,35
1786332445.350,standing,-0.18,0.0,34,19.78,0.006,34,79.37,0.0,34,0.09,0.0,34,16.35,0.026,35,78.31,0.013,38,-0.09,0.0,34,19.34,0.0,33,81.12,0.091,35,0.18,0.0,31,17.84,0.0,34,79.01,0.0,35,0.0,0.0,31,18.19,0.033,34,79.1,0.013,33,0.0,0.0,33,18.63,0.0,34,80.77,0.182,35
1786332445.855,standing,-0.18,0.0,33,19.78,0.0,34,79.37,0.0,34,0.09,0.0,34,16.35,0.026,36,78.31,0.013,38,-0.09,0.0,34,19.34,0.0,33,81.12,0.117,35,0.18,0.0,31,17.84,0.0,34,79.01,0.0,35,0.0,0.0,31,18.19,0.039,34,79.1,0.006,32,0.0,0.0,33,18.63,0.0,34,80.77,0.175,35
1786332446.269,standing,-0.18,0.0,33,19.78,0.006,34,79.37,0.0,35,0.09,0.006,34,16.35,0.026,35,78.31,0.006,37,-0.09,0.0,34,19.34,0.0,33,81.12,0.13,35,0.18,0.0,31,17.84,0.0,34,79.01,0.0,35,0.0,0.0,32,18.19,0.033,34,79.1,0.013,33,0.0,0.0,33,18.63,0.006,34,80.77,0.189,35
1786332446.700,standing,-0.18,0.0,33,19.78,0.0,34,79.37,0.0,34,0.09,0.0,34,16.35,0.019,35,78.31,0.013,37,-0.09,0.0,34,19.34,0.0,33,81.12,0.123,35,0.18,0.0,31,17.84,0.0,34,79.01,0.0,35,0.0,0.0,32,18.19,0.033,34,79.1,0.013,33,0.0,0.0,33,18.63,0.006,34,80.77,0.201,35
1786332447.160,standing,-0.18,0.0,34,19.78,0.006,34,79.37,0.0,34,0.09,0.0,34,16.35,0.019,35,78.31,0.006,37,-0.09,0.0,34,19.34,0.0,33,81.12,0.111,35,0.18,0.0,31,17.84,0.0,34,79.01,0.0,35,0.0,0.0,31,18.19,0.033,34,79.1,0.013,33,0.0,0.0,33,18.63,0.006,34,80.77,0.175,35
1786332447.566,standing,-0.18,0.0,33,19.78,0.006,34,79.37,0.0,34,0.09,0.006,34,16.35,0.019,36,78.31,0.006,38,-0.09,0.0,34,19.34,0.0,33,81.12,0.091,35,0.18,0.0,31,17.84,0.006,34,79.01,0.0,35,0.0,0.0,31,18.19,0.039,34,79.1,0.006,33,0.0,0.0,33,18.63,0.006,34,80.77,0.175,35
1786332448.082,standing,-0.18,0.0,33,19.78,0.006,34,79.37,0.0,34,0.09,0.006,34,16.35,0.026,35,78.31,0.006,37,-0.09,0.0,34,19.34,0.0,33,81.12,0.136,35,0.18,0.0,31,17.84,0.006,34,79.01,0.0,35,0.0,0.0,32,18.19,0.039,34,79.1,0.013,32,0.0,0.0,33,18.63,0.006,34,80.77,0.201,35
1786332448.551,standing,-0.18,0.0,33,19.78,0.006,34,79.37,0.0,34,0.09,0.006,34,16.35,0.026,35,78.31,0.013,37,-0.09,0.0,34,19.34,0.0,33,81.12,0.104,35,0.18,0.0,31,17.84,0.006,34,79.01,0.0,35,0.0,0.0,31,18.19,0.039,34,79.1,0.013,32,0.0,0.0,33,18.63,0.013,34,80.77,0.201,35
1786332448.995,standing,-0.18,0.0,34,19.78,0.006,34,79.37,0.0,35,0.09,0.0,34,16.35,0.026,35,78.31,0.013,37,-0.09,0.0,34,19.34,0.0,33,81.12,0.111,35,0.18,0.0,31,17.84,0.0,34,79.01,0.0,35,0.0,0.0,31,18.19,0.033,34,79.1,0.006,33,0.0,0.0,33,18.63,0.006,34,80.77,0.182,35
1786332449.477,standing,-0.18,0.0,34,19.78,0.006,34,79.37,0.0,34,0.09,0.006,34,16.35,0.026,35,78.31,0.013,38,-0.09,0.0,34,19.34,0.0,33,81.12,0.111,35,0.18,0.0,31,17.84,0.0,34,79.01,0.0,35,0.0,0.0,31,18.19,0.039,34,79.1,0.006,32,0.0,0.0,33,18.63,0.013,34,80.77,0.182,36
1786332449.898,standing,-0.18,0.0,34,19.78,0.006,34,79.37,0.0,34,0.09,0.0,34,16.35,0.026,35,78.31,0.006,38,-0.09,0.0,34,19.34,0.0,33,81.12,0.111,35,0.18,0.0,31,17.84,0.0,34,79.01,0.0,35,0.0,0.0,31,18.19,0.033,34,79.1,0.006,32,0.0,0.0,33,18.63,0.013,34,80.77,0.208,36
1786332450.296,standing,-0.18,0.0,34,19.78,0.006,34,79.37,0.0,34,0.09,0.0,34,16.35,0.019,35,78.31,0.013,37,-0.09,0.0,34,19.34,0.0,33,81.12,0.136,35,0.18,0.0,31,17.84,0.0,34,79.01,0.0,35,0.0,0.0,32,18.19,0.033,34,79.1,0.013,33,0.0,0.0,33,18.63,0.006,34,80.77,0.208,35
1786332450.763,standing,-0.18,0.0,34,19.78,0.006,34,79.37,0.0,34,0.09,0.0,34,16.35,0.026,35,78.31,0.006,38,-0.09,0.0,34,19.34,0.0,33,81.12,0.104,35,0.18,0.0,31,17.84,0.0,34,79.01,0.0,35,0.0,0.0,31,18.19,0.039,34,79.1,0.013,33,0.0,0.0,33,18.63,0.0,34,80.77,0.163,36
1786332451.207,standing,-0.18,0.0,33,19.78,0.006,34,79.37,0.0,34,0.09,0.0,34,16.35,0.026,35,78.31,0.006,37,-0.09,0.0,34,19.34,0.0,33,81.12,0.097,35,0.18,0.0,31,17.84,0.0,34,79.01,0.0,35,0.0,0.0,31,18.19,0.033,34,79.1,0.013,32,0.0,0.0,33,18.63,0.006,34,80.77,0.175,35
1786332451.692,standing,-0.18,0.0,33,19.78,0.0,34,79.37,0.0,34,0.09,0.0,34,16.35,0.019,35,78.31,0.006,38,-0.09,0.0,34,19.34,0.0,33,81.12,0.111,35,0.18,0.0,31,17.84,0.0,34,79.01,0.0,35,0.0,0.0,31,18.11,0.0,34,79.37,0.039,33,0.0,0.0,33,18.63,0.0,34,80.77,0.039,36
1786332452.136,walk vx=0.030 vy=0.000 w=0.00,-0.97,0.006,33,16.0,0.006,34,82.18,0.0,34,1.23,0.0,34,16.44,0.0,35,81.3,0.065,38,-0.7,0.006,34,18.72,0.006,33,81.56,0.175,35,0.26,0.019,31,9.05,0.019,34,90.26,0.006,35,-2.37,0.013,31,17.75,0.006,34,79.19,0.019,32,1.58,0.0,33,3.6,0.006,34,94.48,0.0,36
1786332452.654,walk vx=0.030 vy=0.000 w=0.00,0.79,0.013,33,15.12,0.019,34,86.75,0.013,34,-1.14,0.006,34,5.36,0.091,35,90.62,0.065,37,-0.18,0.013,34,6.77,0.006,33,89.82,0.006,35,-1.49,0.0,31,13.89,0.084,34,80.16,0.013,35,3.16,0.006,31,5.54,0.052,34,93.87,0.026,32,-0.18,0.013,33,17.4,0.006,34,82.0,0.033,35
1786332453.195,walk vx=0.030 vy=0.000 w=0.00,1.05,0.0,33,12.57,0.0,34,84.11,0.013,34,-2.64,0.0,34,12.48,0.0,35,85.69,0.006,37,1.32,0.006,34,18.37,0.0,33,80.24,0.052,35,0.62,0.006,31,14.33,0.013,34,86.04,0.013,35,-0.09,0.019,32,15.03,0.006,34,81.74,0.006,32,-1.14,0.019,33,17.84,0.019,34,80.68,0.006,35
1786332453.675,walk vx=0.030 vy=0.000 w=0.00,-1.67,0.019,33,11.16,0.0,34,89.74,0.0,34,3.08,0.052,34,13.97,0.0,35,84.29,0.013,37,-0.35,0.006,34,12.48,0.013,33,82.18,0.065,35,0.88,0.0,31,5.54,0.013,34,86.22,0.0,35,-3.43,0.0,32,16.61,0.136,34,79.19,0.033,33,1.05,0.006,33,4.66,0.019,34,95.98,0.026,36
1786332454.197,walk vx=0.030 vy=0.000 w=0.00,0.26,0.013,34,15.29,0.013,34,83.23,0.006,35,-0.18,0.006,44,7.38,0.149,35,87.63,0.065,38,-0.97,0.006,34,8.61,0.006,33,89.47,0.019,35,-1.58,0.0,31,16.0,0.058,34,77.96,0.0,35,2.11,0.006,31,7.56,0.052,34,92.46,0.019,33,0.18,0.0,33,16.35,0.033,34,82.62,0.019,36
1786332454.709,walk vx=0.030 vy=0.000 w=0.00,1.05,0.0,33,15.91,0.006,34,83.06,0.0,34,-3.25,0.006,34,9.14,0.006,35,88.59,0.019,38,1.58,0.0,34,16.08,0.026,33,78.31,0.013,35,-0.26,0.006,31,13.45,0.013,34,81.65,0.0,35,1.58,0.026,34,11.25,0.0,34,85.61,0.013,33,-1.85,0.006,33,17.67,0.033,34,80.68,0.0,35
1786332455.272,walk vx=0.030 vy=0.000 w=0.00,-0.53,0.006,34,9.93,0.006,34,86.66,0.026,35,1.67,0.013,34,14.94,0.0,35,83.23,0.026,38,0.09,0.006,34,12.48,0.013,33,79.1,0.033,35,1.32,0.0,31,9.05,0.006,34,88.15,0.006,35,-3.6,0.006,31,17.23,0.0,34,79.01,0.026,32,0.88,0.013,33,7.65,0.006,34,90.7,0.033,36
1786332455.729,walk vx=0.030 vy=0.000 w=0.00,-0.35,0.006,34,14.15,0.039,34,87.8,0.006,34,0.18,0.019,34,13.1,0.071,36,83.76,0.013,37,-1.67,0.006,34,9.67,0.0,33,94.92,0.006,35,-1.41,0.013,31,17.14,0.0,34,77.61,0.006,35,1.14,0.019,31,7.91,0.045,34,86.22,0.117,32,0.79,0.006,33,15.12,0.013,34,87.63,0.0,37
1786332456.257,walk vx=0.030 vy=0.000 w=0.00,1.85,0.006,33,15.73,0.026,34,83.76,0.019,34,-3.08,0.0,34,8.26,0.0,35,86.04,0.006,37,1.14,0.0,34,15.38,0.097,33,80.6,0.169,35,-0.09,0.006,31,10.11,0.019,34,83.5,0.0,35,1.05,0.013,31,9.14,0.006,34,90.7,0.006,33,-2.02,0.013,33,18.72,0.033,34,82.09,0.033,36
1786332456.837,walk vx=0.030 vy=0.000 w=0.00,-0.44,0.0,33,10.02,0.013,34,84.64,0.019,34,0.62,0.006,34,12.66,0.0,36,87.28,0.026,37,0.7,0.006,34,14.85,0.006,36,79.28,0.033,35,1.93,0.013,31,7.82,0.006,34,88.07,0.006,35,-3.25,0.019,31,17.05,0.0,34,79.72,0.019,33,0.09,0.006,33,8.61,0.026,34,84.46,0.045,36
1786332457.299,walk vx=0.030 vy=0.000 w=0.00,-0.7,0.006,34,12.92,0.013,34,91.05,0.006,34,2.11,0.006,34,14.5,0.078,35,81.21,0.019,37,-1.85,0.006,34,9.4,0.0,33,92.99,0.006,35,-0.62,0.006,31,16.52,0.0,34,79.45,0.065,35,-0.44,0.006,31,14.85,0.104,34,84.2,0.052,33,0.97,0.006,33,12.39,0.033,34,91.76,0.0,36
1786332457.815,walk vx=0.030 vy=0.000 w=0.00,1.49,0.0,34,18.37,0.006,34,81.74,0.033,34,-2.99,0.006,34,10.55,0.065,35,85.17,0.006,37,0.26,0.013,34,12.57,0.026,33,79.54,0.0,35,-1.32,0.0,31,14.85,0.026,34,79.54,0.006,35,3.16,0.0,32,4.92,0.006,34,90.53,0.0,33,-1.23,0.0,33,17.84,0.013,34,82.0,0.026,36
1786332458.326,walk vx=0.030 vy=0.000 w=0.00,-0.53,0.013,33,9.76,0.019,34,83.41,0.019,34,-1.93,0.006,34,6.68,0.0,35,93.08,0.019,38,1.41,0.006,34,18.37,0.006,33,79.1,0.026,35,0.7,0.013,31,7.47,0.013,34,88.68,0.013,35,-1.32,0.065,31,15.82,0.0,34,82.0,0.026,33,-0.88,0.019,33,12.3,0.052,34,79.54,0.006,36
1786332458.918,walk vx=0.030 vy=0.000 w=0.00,-1.85,0.013,33,9.84,0.006,34,94.75,0.006,34,2.9,0.006,34,16.7,0.045,35,79.45,0.0,37,-0.97,0.006,34,9.67,0.019,33,89.65,0.019,35,0.18,0.006,31,14.06,0.045,34,81.83,0.019,35,-2.37,0.006,31,16.52,0.084,34,80.51,0.013,32,1.67,0.006,33,12.13,0.006,34,94.66,0.019,36
1786332459.398,walk vx=0.030 vy=0.000 w=0.00,0.62,0.0,33,17.31,0.033,34,80.95,0.0,34,-1.14,0.006,34,10.63,0.078,35,83.23,0.013,37,-0.26,0.006,34,10.99,0.006,33,81.91,0.0,35,-1.58,0.006,31,15.91,0.039,34,79.01,0.013,35,3.16,0.0,32,8.17,0.006,34,90.7,0.006,33,-0.88,0.0,33,15.12,0.045,34,81.91,0.0,36
1786332459.879,walk vx=0.030 vy=0.000 w=0.00,0.35,0.013,34,11.43,0.019,34,84.81,0.019,34,-1.76,0.006,34,8.09,0.0,36,91.76,0.026,38,1.58,0.006,34,17.93,0.006,33,79.45,0.013,35,0.79,0.0,31,6.77,0.006,34,88.86,0.026,35,0.53,0.013,31,8.26,0.0,34,86.92,0.0,32,-1.14,0.019,33,15.12,0.123,34,79.72,0.033,36
1786332460.475,walk vx=0.030 vy=0.000 w=0.00,-1.49,0.0,33,8.7,0.006,34,91.58,0.006,34,3.6,0.058,34,16.52,0.013,35,79.1,0.019,38,0.0,0.006,34,9.32,0.026,33,92.72,0.058,35,0.97,0.006,31,12.3,0.019,34,85.43,0.006,35,-3.43,0.0,31,14.68,0.117,34,79.63,0.013,33,1.32,0.006,33,9.14,0.0,34,94.57,0.013,36
1786332460.947,walk vx=0.030 vy=0.000 w=0.00,0.53,0.019,34,17.4,0.006,34,81.21,0.006,35,-0.18,0.006,34,11.25,0.065,35,79.72,0.006,37,-0.79,0.006,34,13.18,0.0,33,80.16,0.0,35,-1.49,0.006,31,17.49,0.006,34,78.22,0.006,35,3.78,0.0,31,11.6,0.026,34,86.57,0.013,32,-0.62,0.013,33,17.58,0.019,34,82.09,0.0,36
1786332461.391,walk vx=0.030 vy=0.000 w=0.00,0.0,0.019,33,15.56,0.033,34,80.33,0.0,34,-1.14,0.019,34,10.2,0.0,35,92.37,0.045,37,1.41,0.006,34,17.14,0.013,33,79.54,0.006,35,1.23,0.0,31,7.91,0.006,34,89.12,0.019,35,-1.14,0.019,32,11.6,0.0,34,86.04,0.026,32,-0.53,0.013,33,12.04,0.065,34,82.88,0.026,36
1786332461.882,walk vx=0.030 vy=0.000 w=0.00,-1.93,0.006,34,6.15,0.026,34,96.5,0.0,34,2.99,0.0,34,16.88,0.0,35,78.75,0.019,38,-0.53,0.0,34,9.93,0.013,33,91.67,0.13,35,0.79,0.013,31,10.02,0.019,34,84.73,0.013,35,-3.16,0.006,32,16.96,0.052,34,81.74,0.026,32,1.05,0.0,33,9.05,0.006,34,91.14,0.026,35
1786332462.465,walk vx=0.030 vy=0.000 w=0.00,0.09,0.013,33,17.84,0.013,34,81.3,0.006,34,0.35,0.006,38,14.06,0.052,35,79.19,0.006,37,-0.7,0.013,34,12.13,0.019,33,81.56,0.0,35,-1.76,0.019,31,17.58,0.006,34,77.43,0.006,35,3.34,0.013,31,10.55,0.013,34,84.2,0.006,32,-0.26,0.013,33,16.17,0.013,34,83.67,0.0,36
1786332462.930,walk vx=0.030 vy=0.000 w=0.00,0.7,0.026,34,16.17,0.019,34,80.42,0.006,34,-2.02,0.013,34,7.12,0.0,35,94.04,0.013,37,2.02,0.013,34,16.96,0.026,33,80.16,0.0,35,0.7,0.0,31,8.7,0.013,34,89.38,0.013,35,-1.05,0.052,32,10.72,0.0,34,89.38,0.013,32,-0.62,0.026,33,13.18,0.065,34,83.5,0.019,35
1786332463.413,walk vx=0.030 vy=0.000 w=0.00,-2.11,0.033,34,5.54,0.006,34,94.57,0.0,34,3.69,0.039,34,17.05,0.026,35,79.54,0.006,37,-0.88,0.006,34,7.12,0.026,33,94.13,0.045,35,0.44,0.006,31,13.18,0.033,34,80.95,0.026,35,-1.76,0.033,31,13.8,0.065,34,83.06,0.0,32,1.67,0.0,33,11.43,0.006,34,88.95,0.033,36
1786332463.945,walk vx=0.030 vy=0.000 w=0.00,0.62,0.006,34,18.37,0.026,34,82.0,0.006,34,-0.62,0.013,34,10.81,0.065,35,80.86,0.0,37,-0.79,0.013,34,10.81,0.019,33,82.35,0.0,35,-1.49,0.0,31,16.96,0.026,34,77.96,0.006,35,2.81,0.0,31,9.76,0.006,34,84.11,0.013,33,-0.18,0.0,33,13.01,0.058,34,86.22,0.0,35
1786332464.425,walk vx=0.030 vy=0.000 w=0.00,0.79,0.013,34,17.23,0.006,34,84.02,0.0,34,-1.93,0.026,34,11.16,0.0,35,92.72,0.026,38,1.58,0.006,34,18.37,0.019,33,79.1,0.006,35,0.7,0.006,31,11.25,0.006,34,88.77,0.019,35,-1.49,0.071,63,13.27,0.0,34,87.71,0.052,32,-0.79,0.013,33,13.45,0.045,34,85.96,0.065,36
1786332464.898,walk vx=0.030 vy=0.000 w=0.00,-1.49,0.013,33,4.13,0.0,34,89.82,0.006,34,3.16,0.006,34,16.61,0.0,35,80.6,0.039,37,-1.58,0.006,35,9.49,0.006,33,92.72,0.006,35,-0.18,0.019,31,11.69,0.033,34,80.24,0.013,35,-1.58,0.026,31,15.64,0.143,35,84.46,0.019,33,1.85,0.019,33,10.37,0.013,34,87.89,0.006,36
1786332465.368,walk vx=0.030 vy=0.000 w=0.00,1.05,0.006,33,17.49,0.026,34,81.04,0.0,34,-1.58,0.006,33,7.65,0.045,35,81.74,0.013,37,0.0,0.019,34,10.81,0.019,33,79.89,0.0,35,-1.67,0.0,31,17.23,0.019,34,78.22,0.019,35,3.16,0.013,31,7.47,0.026,34,85.25,0.026,32,-0.26,0.006,33,12.92,0.013,34,87.54,0.006,36
1786332465.959,walk vx=0.030 vy=0.000 w=0.00,1.49,0.006,33,17.84,0.019,34,83.06,0.052,34,-2.9,0.0,34,8.96,0.013,40,89.65,0.006,37,1.23,0.013,34,17.23,0.006,33,81.47,0.045,35,-0.18,0.006,31,13.1,0.013,34,86.31,0.045,35,1.14,0.026,32,11.16,0.0,34,91.41,0.019,33,-1.76,0.0,33,16.7,0.045,86,81.83,0.026,36
1786332466.517,walk vx=0.030 vy=0.000 w=0.00,-0.88,0.013,34,6.5,0.019,34,84.9,0.026,34,1.76,0.019,34,13.01,0.0,35,84.46,0.039,38,0.35,0.006,34,14.5,0.0,33,87.8,0.247,35,1.67,0.013,31,5.71,0.006,34,86.31,0.006,35,-3.52,0.006,31,16.7,0.0,34,79.1,0.0,32,0.35,0.013,33,10.28,0.039,34,87.45,0.234,36
1786332467.029,walk vx=0.030 vy=0.000 w=0.00,-0.7,0.006,34,15.21,0.033,34,91.14,0.006,34,1.14,0.006,34,11.69,0.039,35,80.42,0.019,37,-1.49,0.0,34,8.35,0.019,33,84.38,0.0,35,-1.14,0.0,31,17.23,0.019,34,78.66,0.026,35,0.88,0.013,32,8.88,0.039,44,80.77,0.006,32,0.53,0.013,33,9.14,0.0,34,91.85,0.0,36
1786332467.596,walk vx=0.030 vy=0.000 w=0.00,1.85,0.013,34,18.11,0.0,34,81.83,0.045,34,-3.08,0.0,34,8.7,0.026,35,88.59,0.006,37,0.44,0.006,34,15.38,0.019,33,81.83,0.006,35,-0.79,0.0,31,13.89,0.019,34,85.08,0.033,35,2.46,0.006,32,9.14,0.006,34,90.88,0.006,32,-1.58,0.006,33,18.28,0.006,34,81.74,0.026,36
1786332468.057,walk vx=0.030 vy=0.000 w=0.00,-0.7,0.058,34,9.93,0.013,34,81.65,0.0,34,0.0,0.019,34,13.54,0.0,35,85.87,0.006,37,0.97,0.013,34,17.58,0.0,33,85.69,0.175,35,1.85,0.006,31,7.03,0.006,34,84.02,0.006,35,-3.16,0.033,32,17.05,0.0,34,79.89,0.0,32,0.09,0.013,33,6.86,0.045,34,83.94,0.065,36
1786332468.562,walk vx=0.030 vy=0.000 w=0.00,-1.14,0.013,33,12.39,0.019,34,93.87,0.0,150,2.55,0.0,34,16.79,0.039,70,79.1,0.0,37,-1.67,0.0,34,7.47,0.006,33,82.71,0.006,35,-0.97,0.0,31,17.05,0.006,34,81.65,0.058,35,0.62,0.006,32,9.49,0.071,34,84.9,0.026,32,0.7,0.006,33,15.64,0.0,34,89.65,0.026,36
1786332468.987,walk vx=0.030 vy=0.000 w=0.00,1.58,0.006,33,14.68,0.026,34,83.32,0.006,35,-2.81,0.013,34,4.57,0.006,36,93.78,0.006,37,1.41,0.013,34,17.31,0.013,33,80.16,0.033,35,0.35,0.013,31,15.91,0.026,34,89.38,0.221,35,2.11,0.006,31,8.17,0.006,34,92.11,0.0,32,-1.67,0.006,33,18.11,0.006,34,82.71,0.195,36
1786332469.550,walk vx=0.030 vy=0.000 w=0.00,-0.35,0.006,34,8.35,0.0,34,89.74,0.006,34,0.53,0.019,34,13.62,0.0,35,81.56,0.026,38,0.7,0.006,56,16.35,0.0,33,86.22,0.305,35,1.76,0.006,31,4.57,0.006,34,82.09,0.006,35,-2.81,0.013,31,17.75,0.013,34,78.93,0.019,33,-0.18,0.006,33,10.63,0.026,34,81.65,0.182,36
1786332470.075,walk vx=0.030 vy=0.000 w=0.00,-1.58,0.0,34,13.1,0.019,34,86.84,0.0,34,3.08,0.0,34,16.08,0.084,36,79.54,0.111,37,-1.58,0.013,34,10.99,0.006,33,83.23,0.097,35,-0.26,0.006,31,17.05,0.006,34,84.99,0.052,35,-0.7,0.006,31,13.45,0.13,34,79.63,0.006,33,1.23,0.0,33,11.34,0.006,34,95.71,0.006,36
1786332470.565,walk vx=0.030 vy=0.000 w=0.00,1.58,0.006,34,17.58,0.026,34,80.86,0.0,34,-2.9,0.006,34,7.73,0.026,35,93.87,0.0,37,0.79,0.013,34,13.36,0.019,33,84.46,0.045,35,-0.35,0.006,31,15.73,0.033,34,88.77,0.117,35,1.58,0.013,31,9.32,0.0,34,94.57,0.0,33,-1.67,0.0,33,17.75,0.013,34,82.71,0.182,36
1786332471.013,walk vx=0.030 vy=0.000 w=0.00,-0.7,0.006,34,11.69,0.019,34,88.68,0.039,35,-0.88,0.006,34,9.93,0.0,36,84.81,0.013,38,0.88,0.006,34,16.79,0.0,33,85.17,0.26,35,1.76,0.013,31,3.34,0.013,34,83.14,0.019,35,-2.99,0.013,32,15.38,0.013,34,79.63,0.0,33,-0.44,0.006,33,6.94,0.013,34,88.15,0.351,36
1786332471.583,walk vx=0.030 vy=0.000 w=0.00,-1.32,0.006,34,10.9,0.013,34,84.81,0.006,35,2.64,0.0,34,13.27,0.084,36,78.93,0.006,37,-1.49,0.0,34,10.72,0.013,33,81.56,0.019,35,-0.7,0.0,31,17.31,0.0,34,84.02,0.104,35,0.53,0.013,31,11.07,0.084,32,81.39,0.006,32,0.79,0.013,33,14.59,0.0,34,87.36,0.006,36
1786332472.024,walk vx=0.000 vy=0.000 w=0.30,1.67,0.019,34,16.08,0.111,34,80.42,0.013,34,-2.81,0.006,34,11.51,0.045,35,90.53,0.006,37,-0.79,0.006,34,12.74,0.026,33,83.76,0.045,35,-0.09,0.013,31,12.39,0.045,34,90.26,0.071,35,3.08,0.013,32,9.58,0.013,34,92.99,0.0,33,-5.89,0.0,33,18.46,0.033,34,81.65,0.136,36
1786332472.509,walk vx=0.000 vy=0.000 w=0.30,6.33,0.006,34,11.69,0.019,34,95.01,0.006,34,-4.48,0.019,34,8.79,0.0,35,84.55,0.033,50,1.85,0.033,34,14.94,0.013,33,85.78,0.221,35,3.87,0.013,31,8.96,0.0,34,81.3,0.013,35,-6.42,0.039,36,15.56,0.0,34,80.86,0.006,33,3.52,0.026,33,10.63,0.033,34,85.61,0.214,36
1786332473.123,walk vx=0.000 vy=0.000 w=0.30,-0.26,0.033,34,6.77,0.019,34,83.76,0.013,34,-1.93,0.006,34,16.0,0.071,35,79.28,0.0,37,5.1,0.006,36,12.48,0.013,33,87.54,0.039,35,-7.03,0.0,31,13.54,0.006,34,87.28,0.026,35,5.89,0.006,32,14.24,0.123,34,80.68,0.019,33,-2.29,0.026,33,11.69,0.006,34,88.59,0.006,36
1786332473.598,walk vx=0.000 vy=0.000 w=0.30,-2.02,0.006,33,17.49,0.006,34,81.12,0.013,34,3.6,0.013,34,9.05,0.058,36,85.96,0.039,38,-4.83,0.006,34,8.96,0.0,33,83.32,0.026,35,5.71,0.013,31,14.94,0.033,34,83.58,0.013,35,-2.99,0.045,32,7.82,0.006,34,92.55,0.0,33,-2.37,0.006,33,18.11,0.026,34,81.21,0.019,36
1786332474.079,walk vx=0.000 vy=0.000 w=0.30,4.83,0.013,34,11.43,0.013,34,91.76,0.039,34,-4.92,0.0,34,11.34,0.0,35,87.98,0.039,38,5.1,0.033,34,14.94,0.0,33,82.0,0.111,35,-1.41,0.026,31,7.29,0.0,34,86.31,0.006,35,-3.25,0.006,31,16.88,0.0,34,79.54,0.0,33,4.66,0.006,33,10.46,0.033,34,85.78,0.091,36
1786332474.579,walk vx=0.000 vy=0.000 w=0.30,-2.64,0.006,34,8.53,0.019,34,84.64,0.026,34,-4.83,0.006,34,16.79,0.0,35,79.89,0.013,38,5.45,0.006,34,12.66,0.019,33,85.87,0.091,35,-4.48,0.006,31,12.74,0.0,34,92.46,0.006,35,1.23,0.039,31,17.31,0.039,34,78.75,0.019,33,3.43,0.006,33,8.88,0.006,34,88.33,0.058,36
1786332475.212,walk vx=0.000 vy=0.000 w=0.30,-5.19,0.006,34,17.31,0.039,34,85.69,0.019,34,5.45,0.013,34,14.77,0.091,35,83.23,0.0,37,-4.39,0.006,34,9.14,0.013,33,87.45,0.013,35,0.26,0.006,31,17.58,0.006,34,80.51,0.006,35,3.25,0.006,32,8.0,0.019,34,92.02,0.033,33,-5.36,0.006,33,13.18,0.039,34,85.78,0.0,36
1786332475.715,walk vx=0.000 vy=0.000 w=0.30,2.11,0.033,34,15.91,0.019,34,82.62,0.019,34,0.0,0.026,34,4.57,0.0,35,90.18,0.013,38,-2.11,0.026,34,18.37,0.006,33,80.24,0.013,35,5.01,0.0,31,6.06,0.013,34,81.3,0.006,35,-5.19,0.019,32,12.39,0.0,34,82.44,0.013,33,2.9,0.019,33,14.33,0.039,34,83.32,0.071,36
1786332476.181,walk vx=0.000 vy=0.000 w=0.30,2.46,0.0,34,7.03,0.006,34,86.13,0.0,35,-5.01,0.006,34,16.79,0.039,36,79.37,0.026,37,5.62,0.0,34,13.97,0.013,33,87.1,0.071,35,-5.36,0.013,31,13.89,0.013,34,95.54,0.006,35,-3.43,0.0,32,17.23,0.013,34,80.68,0.026,32,5.62,0.0,33,11.25,0.013,34,85.96,0.169,36
1786332476.820,walk vx=0.000 vy=0.000 w=0.30,-5.01,0.006,33,11.51,0.006,34,88.51,0.006,34,2.29,0.019,34,16.35,0.078,36,79.19,0.006,37,1.58,0.006,34,10.63,0.019,33,89.65,0.033,35,-4.31,0.013,31,14.85,0.013,34,80.42,0.019,35,2.81,0.019,32,15.12,0.136,34,81.56,0.026,33,-2.2,0.019,33,8.35,0.019,34,91.49,0.0,36
1786332477.359,walk vx=0.000 vy=0.000 w=0.30,-3.69,0.013,33,17.49,0.0,34,79.8,0.0,35,4.22,0.006,34,8.7,0.052,35,84.9,0.033,38,-4.39,0.0,34,9.93,0.0,33,83.85,0.013,35,2.55,0.006,31,13.45,0.033,34,79.1,0.019,35,1.58,0.039,32,7.56,0.0,34,91.49,0.006,33,-4.22,0.013,33,17.49,0.006,34,80.24,0.013,36
1786332477.851,walk vx=0.000 vy=0.000 w=0.30,5.98,0.006,34,11.6,0.013,34,89.3,0.026,34,-5.71,0.033,34,11.51,0.0,35,88.68,0.071,37,4.75,0.026,34,15.56,0.013,33,82.53,0.039,35,0.44,0.006,31,10.46,0.006,34,92.02,0.006,35,-3.96,0.026,32,16.26,0.0,34,79.01,0.019,33,5.1,0.0,33,17.23,0.026,35,81.3,0.091,36
1786332478.443,walk vx=0.000 vy=0.000 w=0.30,1.67,0.0,33,6.86,0.0,34,89.91,0.0,34,-3.43,0.0,34,16.7,0.0,35,79.01,0.0,37,4.57,0.0,34,7.12,0.006,33,93.08,0.033,35,-5.19,0.019,31,10.99,0.0,34,84.81,0.0,35,2.02,0.052,32,15.82,0.117,34,86.31,0.026,33,2.2,0.026,33,7.29,0.006,34,93.08,0.013,36
1786332478.968,walk vx=0.000 vy=0.000 w=0.30,-5.89,0.006,34,17.31,0.045,34,83.32,0.033,34,6.59,0.033,35,10.72,0.117,36,80.95,0.006,37,-2.46,0.019,34,13.1,0.006,33,85.17,0.006,35,-1.14,0.019,31,17.05,0.026,34,79.54,0.013,38,3.6,0.013,32,11.69,0.026,34,83.94,0.026,33,-4.92,0.006,33,16.35,0.013,34,80.6,0.0,36
1786332479.424,walk vx=0.000 vy=0.000 w=0.30,4.13,0.006,34,16.26,0.013,34,79.89,0.006,34,-3.25,0.013,34,9.84,0.0,36,90.44,0.019,38,-1.58,0.019,34,17.31,0.013,33,80.95,0.0,35,5.54,0.006,31,8.53,0.013,34,93.08,0.013,35,-5.89,0.006,32,9.23,0.0,34,90.88,0.006,33,4.13,0.019,33,14.5,0.026,34,80.77,0.091,36
1786332479.917,walk vx=0.000 vy=0.000 w=0.30,-1.14,0.013,34,5.45,0.006,34,94.39,0.0,34,-2.64,0.006,34,16.61,0.045,35,79.01,0.013,37,4.31,0.0,34,12.13,0.013,33,90.88,0.091,35,-3.08,0.013,31,10.11,0.013,34,84.81,0.0,35,0.18,0.033,31,17.31,0.104,34,79.1,0.013,33,3.96,0.013,33,7.56,0.0,34,96.15,0.045,36
1786332480.489,walk vx=0.000 vy=0.000 w=0.30,-5.01,0.006,34,16.0,0.013,34,81.04,0.0,34,4.83,0.065,34,10.28,0.123,35,88.15,0.039,38,-2.81,0.013,34,9.32,0.013,33,82.62,0.013,35,-2.46,0.019,31,16.79,0.045,34,80.33,0.026,35,5.01,0.019,32,9.05,0.026,34,84.55,0.045,33,-5.98,0.006,33,16.61,0.039,34,80.77,0.006,36
1786332480.980,walk vx=0.000 vy=0.000 w=0.30,2.11,0.045,34,15.21,0.039,34,79.45,0.006,35,-1.05,0.039,34,10.2,0.006,35,86.92,0.006,37,-1.93,0.033,34,17.67,0.0,33,81.47,0.052,35,4.57,0.006,31,13.18,0.033,34,91.49,0.052,35,-3.87,0.013,31,11.16,0.013,34,92.2,0.006,33,1.32,0.033,33,17.67,0.0,34,80.68,0.0,36
1786332481.488,walk vx=0.000 vy=0.000 w=0.30,3.6,0.006,34,9.05,0.006,34,94.31,0.013,35,-4.83,0.006,34,14.85,0.0,35,81.74,0.045,38,5.62,0.006,34,13.01,0.006,33,90.7,0.163,35,-3.34,0.013,31,7.56,0.013,34,83.94,0.006,35,0.44,0.033,32,17.49,0.013,34,80.07,0.013,32,4.66,0.0,33,9.58,0.019,34,90.44,0.163,36
1786332482.056,walk vx=0.000 vy=0.000 w=0.30,-4.22,0.013,33,10.11,0.0,34,81.39,0.0,34,3.43,0.052,34,14.41,0.117,36,81.39,0.006,37,0.09,0.019,34,6.24,0.0,33,84.11,0.0,36,-4.57,0.006,31,17.05,0.0,34,84.2,0.052,35,5.45,0.006,32,8.61,0.033,49,80.77,0.039,32,-4.57,0.013,33,11.78,0.019,34,84.46,0.0,36
1786332482.529,walk vx=0.000 vy=0.000 w=0.30,1.32,0.013,34,16.08,0.058,34,80.24,0.013,35,1.23,0.026,34,8.61,0.026,35,85.61,0.0,37,-3.78,0.019,34,16.52,0.0,33,86.66,0.065,35,5.27,0.013,31,13.1,0.026,34,85.69,0.013,35,-1.93,0.033,32,10.46,0.0,34,95.1,0.013,33,-2.46,0.019,33,17.58,0.0,34,80.86,0.006,42
1786332483.059,walk vx=0.000 vy=0.000 w=0.30,5.45,0.026,33,9.58,0.013,34,93.43,0.013,34,-5.62,0.0,34,11.95,0.0,36,88.24,0.078,37,5.45,0.026,34,15.82,0.006,33,87.28,0.123,35,-2.02,0.026,31,8.17,0.006,34,85.17,0.006,35,-2.11,0.019,32,17.05,0.006,34,79.1,0.013,33,5.01,0.013,33,9.49,0.013,34,88.95,0.143,36
1786332483.544,walk vx=0.000 vy=0.000 w=0.30,-3.87,0.006,33,12.48,0.013,34,81.04,0.033,35,4.57,0.039,34,15.12,0.065,36,81.91,0.006,38,-1.23,0.013,34,11.51,0.019,33,82.88,0.026,35,-5.62,0.0,31,14.15,0.013,34,90.62,0.006,35,3.78,0.013,31,15.56,0.117,39,79.01,0.013,33,-0.7,0.033,33,9.14,0.052,34,88.15,0.006,36
1786332484.143,walk vx=0.000 vy=0.000 w=0.30,-3.96,0.019,34,16.17,0.006,34,84.29,0.019,34,3.6,0.019,34,7.29,0.071,35,82.53,0.0,38,-4.04,0.0,34,9.14,0.0,33,91.14,0.026,35,3.87,0.033,31,14.24,0.084,34,82.97,0.006,35,0.0,0.033,32,8.61,0.019,34,95.27,0.006,33,-4.66,0.006,33,17.67,0.013,34,81.21,0.006,36
1786332484.593,walk vx=0.000 vy=0.000 w=0.30,5.71,0.006,34,6.77,0.006,34,91.05,0.033,34,-5.36,0.013,34,12.13,0.0,36,91.41,0.065,38,2.46,0.045,34,16.52,0.013,33,81.56,0.033,35,1.67,0.006,31,9.84,0.013,34,86.84,0.006,35,-3.6,0.033,32,13.62,0.0,34,79.98,0.006,33,3.96,0.013,33,13.01,0.019,34,89.82,0.156,36
1786332485.108,walk vx=0.030 vy=0.000 w=0.00,-2.02,0.019,34,12.57,0.013,34,86.04,0.0,34,0.97,0.013,34,17.05,0.0,35,79.8,0.006,37,1.05,0.0,34,8.53,0.0,33,86.92,0.013,35,-2.46,0.013,31,13.8,0.006,34,81.83,0.026,35,2.37,0.013,32,10.02,0.039,34,79.1,0.006,33,1.67,0.0,33,7.91,0.019,34,85.25,0.254,36
1786332485.721,walk vx=0.030 vy=0.000 w=0.00,0.97,0.026,34,15.91,0.013,34,84.64,0.019,34,-0.53,0.013,34,8.53,0.084,36,79.63,0.0,38,-0.97,0.006,34,9.84,0.0,33,87.63,0.0,35,-1.67,0.0,31,17.4,0.006,34,78.05,0.0,35,3.43,0.019,32,12.39,0.078,34,89.3,0.039,33,-0.18,0.0,33,17.14,0.006,34,91.41,0.013,36
1786332486.202,walk vx=0.030 vy=0.000 w=0.00,1.14,0.013,34,14.5,0.019,135,84.64,0.0,35,-2.11,0.019,34,11.43,0.0,35,94.39,0.045,38,1.58,0.006,34,18.11,0.006,33,78.57,0.013,35,0.62,0.0,31,9.84,0.019,34,83.32,0.026,35,-0.18,0.006,32,8.26,0.0,34,83.94,0.013,33,-0.97,0.006,33,16.35,0.033,34,86.48,0.149,36
1786332486.643,walk vx=0.030 vy=0.000 w=0.00,-1.67,0.013,34,10.81,0.006,34,87.36,0.0,35,3.25,0.0,34,16.79,0.006,36,79.63,0.0,38,-0.97,0.006,34,6.59,0.019,33,90.0,0.052,35,0.18,0.006,31,11.43,0.033,34,86.75,0.006,43,-1.58,0.045,32,14.41,0.104,34,79.28,0.013,33,1.58,0.0,33,8.0,0.019,34,87.98,0.039,36
1786332487.165,walk vx=0.030 vy=0.000 w=0.00,1.05,0.019,34,15.64,0.0,34,83.67,0.019,34,-0.97,0.006,34,6.24,0.065,35,81.39,0.006,37,-0.88,0.026,34,11.51,0.013,33,86.66,0.013,36,-1.67,0.0,31,17.23,0.0,34,78.05,0.006,35,3.52,0.006,32,13.54,0.143,34,91.76,0.026,33,0.26,0.013,33,14.15,0.033,34,88.42,0.0,36
1786332487.750,walk vx=0.030 vy=0.000 w=0.00,1.49,0.0,34,15.91,0.019,34,81.56,0.0,35,-2.55,0.006,34,10.46,0.006,35,90.35,0.0,38,1.32,0.013,34,13.62,0.019,33,78.31,0.0,35,-0.09,0.006,31,11.78,0.013,34,81.39,0.019,35,1.32,0.006,32,5.45,0.019,34,84.02,0.0,33,-1.67,0.019,33,17.23,0.033,34,82.88,0.156,36
1786332488.233,walk vx=0.030 vy=0.000 w=0.00,-0.97,0.0,34,11.34,0.019,34,88.33,0.0,34,2.64,0.033,34,14.24,0.0,36,81.3,0.045,37,0.0,0.006,34,10.9,0.019,33,81.56,0.136,36,1.32,0.006,31,8.53,0.0,34,90.0,0.006,35,-2.99,0.006,32,16.26,0.143,34,79.54,0.013,33,0.79,0.0,33,8.35,0.006,34,90.62,0.078,36
1786332488.739,walk vx=0.030 vy=0.000 w=0.00,-0.18,0.013,34,11.43,0.019,34,86.4,0.026,35,0.44,0.006,34,10.28,0.189,35,83.76,0.0,37,-1.49,0.006,34,10.9,0.006,33,91.49,0.013,35,-1.58,0.013,31,17.05,0.006,34,78.57,0.006,35,1.32,0.006,32,11.69,0.117,34,85.61,0.065,33,0.35,0.006,33,10.02,0.058,34,91.58,0.0,36
1786332489.337,walk vx=0.030 vy=0.000 w=0.00,1.49,0.013,34,17.93,0.013,34,81.04,0.045,35,-2.2,0.0,34,5.62,0.0,36,90.7,0.006,38,0.18,0.0,34,9.84,0.006,33,79.1,0.006,35,-1.14,0.013,31,7.65,0.052,34,82.35,0.0,35,3.08,0.0,32,6.24,0.0,34,85.78,0.039,33,-1.41,0.006,33,14.59,0.033,34,85.69,0.052,36
1786332489.817,walk vx=0.030 vy=0.000 w=0.00,-0.7,0.026,34,9.4,0.013,35,82.18,0.013,34,0.62,0.026,34,15.03,0.0,35,80.86,0.033,37,0.53,0.013,34,12.83,0.006,33,81.74,0.078,35,1.67,0.006,31,13.36,0.006,34,87.45,0.0,35,-3.08,0.006,32,17.14,0.033,34,81.47,0.104,33,0.53,0.0,33,13.18,0.026,34,86.48,0.182,36
1786332490.251,walk vx=0.030 vy=0.000 w=0.00,-0.79,0.006,34,16.08,0.052,34,91.32,0.0,34,1.05,0.006,34,14.85,0.111,36,79.19,0.006,37,-1.49,0.006,34,11.43,0.0,33,86.66,0.013,36,-1.23,0.0,31,15.91,0.006,34,77.7,0.019,35,2.55,0.019,32,6.86,0.039,34,93.6,0.084,33,-0.09,0.006,33,11.16,0.039,34,89.12,0.006,36
1786332490.704,walk vx=0.030 vy=0.000 w=0.00,1.05,0.013,34,16.35,0.019,34,84.81,0.039,34,-2.55,0.013,34,5.1,0.0,35,95.45,0.006,38,1.41,0.0,34,15.38,0.019,33,80.6,0.039,35,-0.09,0.026,31,13.89,0.006,34,83.67,0.013,35,2.02,0.019,32,8.26,0.006,34,87.63,0.0,33,-1.67,0.006,33,18.02,0.006,34,81.91,0.143,36
1786332491.326,walk vx=0.030 vy=0.000 w=0.00,-0.26,0.013,34,6.59,0.019,34,89.91,0.013,34,1.14,0.033,34,15.56,0.0,36,81.04,0.0,38,0.62,0.006,34,13.62,0.0,33,90.79,0.136,36,1.67,0.0,31,9.05,0.006,34,85.17,0.0,35,-2.55,0.006,32,16.35,0.104,34,79.54,0.033,35,0.0,0.006,33,13.62,0.0,34,82.79,0.267,36
1786332491.798,walk vx=0.030 vy=0.000 w=0.00,-1.14,0.006,34,16.26,0.033,34,84.55,0.0,34,2.37,0.013,34,16.26,0.058,35,78.66,0.045,38,-2.2,0.013,34,11.07,0.0,33,85.34,0.039,36,-0.88,0.006,31,17.05,0.006,34,79.54,0.033,35,0.7,0.019,32,13.54,0.078,34,83.23,0.026,33,0.7,0.019,33,9.58,0.039,34,94.83,0.0,36
1786332492.276,walk vx=0.030 vy=0.000 w=0.00,1.67,0.006,34,17.4,0.045,34,80.07,0.006,34,-2.9,0.0,34,6.86,0.006,35,94.57,0.0,38,1.23,0.019,34,15.03,0.045,33,83.14,0.013,36,-0.18,0.006,31,11.51,0.006,34,90.44,0.065,35,1.58,0.013,32,6.68,0.013,35,91.32,0.006,33,-1.58,0.0,33,17.93,0.006,34,82.62,0.136,36
1786332492.834,walk vx=0.030 vy=0.000 w=0.00,-0.79,0.006,34,11.07,0.013,34,91.85,0.026,34,1.41,0.033,34,13.1,0.0,36,82.35,0.0,38,0.44,0.013,38,14.85,0.006,33,89.47,0.175,36,2.02,0.006,31,7.12,0.006,35,82.97,0.006,35,-3.25,0.006,32,17.84,0.006,34,79.72,0.0,33,0.09,0.006,33,10.37,0.0,34,83.32,0.254,36
1786332493.306,walk vx=0.030 vy=0.000 w=0.00,-1.14,0.006,34,11.34,0.013,34,84.02,0.013,35,2.55,0.0,34,14.85,0.078,35,79.28,0.006,38,-1.67,0.0,34,10.46,0.0,33,82.0,0.0,35,-0.97,0.006,31,17.58,0.0,34,81.65,0.039,35,0.88,0.013,32,11.87,0.13,34,86.57,0.045,33,0.62,0.006,33,14.15,0.039,34,93.87,0.0,36
1786332493.787,walk vx=0.030 vy=0.000 w=0.00,1.85,0.006,34,17.05,0.019,34,80.51,0.006,34,-2.81,0.006,34,8.09,0.033,87,92.64,0.006,37,0.88,0.0,34,12.92,0.039,33,84.64,0.033,36,-0.35,0.019,31,12.74,0.006,34,87.01,0.033,35,1.93,0.026,32,7.12,0.006,34,89.3,0.0,33,-1.58,0.0,33,18.11,0.006,34,83.5,0.169,36
1786332494.285,walk vx=0.030 vy=0.000 w=0.00,-0.7,0.013,34,8.88,0.013,34,93.96,0.013,34,1.05,0.019,34,14.68,0.0,35,81.21,0.013,37,0.44,0.006,34,13.71,0.0,33,89.91,0.279,36,1.76,0.006,31,6.5,0.006,34,84.2,0.013,35,-1.93,0.0,32,15.91,0.0,34,82.27,0.026,33,-0.88,0.0,33,13.62,0.013,34,82.09,0.149,36
1786332494.904,walk vx=0.030 vy=0.000 w=0.00,-1.85,0.0,34,9.58,0.0,34,86.84,0.0,35,2.81,0.0,34,16.44,0.071,36,79.1,0.078,38,-1.49,0.019,34,9.76,0.019,33,82.71,0.065,36,0.0,0.013,31,14.77,0.039,34,88.33,0.0,35,-1.85,0.013,32,15.56,0.208,34,81.3,0.033,33,1.49,0.006,33,10.11,0.033,34,96.68,0.0,36
1786332495.401,walk vx=0.030 vy=0.000 w=0.00,0.53,0.006,34,17.84,0.006,34,83.23,0.033,34,-0.88,0.006,34,11.51,0.273,36,91.14,0.006,37,-0.7,0.006,34,9.93,0.019,33,90.18,0.019,35,-1.67,0.013,31,16.52,0.033,34,83.94,0.006,35,3.43,0.006,32,9.05,0.045,34,89.65,0.0,33,-0.44,0.006,33,18.02,0.111,34,83.23,0.104,36
1786332495.892,walk vx=0.030 vy=0.000 w=0.00,0.53,0.0,33,14.06,0.0,36,88.51,0.019,34,-1.58,0.006,34,8.09,0.0,36,82.53,0.019,38,1.14,0.006,34,17.93,0.013,33,86.04,0.208,36,1.76,0.013,31,6.86,0.0,34,82.27,0.013,35,-1.76,0.006,32,13.97,0.013,34,80.6,0.013,33,-0.44,0.006,33,10.37,0.019,34,82.79,0.254,36
1786332496.339,walk vx=0.030 vy=0.000 w=0.00,-1.41,0.0,34,8.44,0.0,34,88.42,0.0,35,2.9,0.0,34,16.88,0.0,35,80.95,0.078,38,-1.14,0.0,35,13.18,0.019,33,83.76,0.071,35,0.88,0.006,31,12.74,0.013,34,89.74,0.0,35,-3.25,0.006,32,15.38,0.182,34,79.45,0.006,33,1.05,0.0,33,12.3,0.006,34,92.64,0.052,36
1786332496.942,walk vx=0.030 vy=0.000 w=0.00,0.18,0.006,34,15.91,0.039,34,83.5,0.019,35,-0.18,0.006,34,8.53,0.208,35,87.8,0.006,38,-0.88,0.006,34,6.5,0.0,33,88.59,0.026,36,-1.41,0.006,31,17.05,0.026,60,80.42,0.0,35,2.72,0.013,32,11.51,0.091,34,88.42,0.006,33,-0.26,0.019,33,13.18,0.123,34,83.58,0.0,36
1786332497.423,walk vx=0.030 vy=0.000 w=0.00,0.62,0.006,34,15.56,0.013,34,82.09,0.0,34,-2.02,0.019,34,10.99,0.0,35,83.94,0.058,38,1.32,0.0,34,17.84,0.0,33,81.04,0.078,36,0.7,0.006,31,8.35,0.013,34,82.09,0.0,35,-0.44,0.006,32,10.55,0.0,34,83.58,0.0,33,-0.97,0.006,33,10.55,0.019,34,85.25,0.163,36
1786332497.898,walk vx=0.030 vy=0.000 w=0.00,-1.93,0.026,34,7.65,0.013,34,93.87,0.0,35,2.9,0.0,33,16.7,0.013,35,80.42,0.143,37,-1.32,0.013,34,11.25,0.013,33,83.58,0.097,35,-0.09,0.0,31,14.59,0.019,34,90.88,0.006,35,-1.58,0.026,32,16.08,0.065,34,79.8,0.013,33,0.79,0.019,33,10.02,0.084,34,92.29,0.0,36
1786332498.415,walk vx=0.030 vy=0.000 w=0.00,0.62,0.0,34,17.93,0.006,34,80.77,0.0,35,-0.53,0.006,34,9.14,0.163,35,88.86,0.033,38,-0.62,0.006,34,7.73,0.006,34,87.98,0.026,36,-1.58,0.0,31,15.64,0.039,34,81.21,0.013,35,3.96,0.033,32,9.58,0.013,34,89.21,0.019,33,-0.79,0.013,33,18.28,0.0,34,82.09,0.006,36
1786332498.868,walk vx=0.030 vy=0.000 w=0.00,0.18,0.006,34,13.18,0.013,34,83.23,0.006,34,-0.53,0.019,34,11.43,0.0,36,83.76,0.019,37,0.97,0.006,34,16.88,0.0,33,83.32,0.13,36,1.67,0.006,31,8.61,0.0,34,84.38,0.013,35,-2.02,0.006,32,14.15,0.013,34,83.06,0.033,33,-0.26,0.0,33,16.26,0.006,34,82.27,0.201,36
1786332499.355,walk vx=0.030 vy=0.000 w=0.00,-1.76,0.0,34,7.73,0.019,34,92.37,0.0,35,2.99,0.006,34,16.35,0.058,36,79.45,0.071,66,-1.58,0.013,34,11.43,0.013,33,85.34,0.039,36,-0.44,0.006,31,16.0,0.0,34,82.18,0.026,35,0.09,0.039,32,11.07,0.163,34,85.78,0.026,33,1.05,0.019,33,6.42,0.065,34,95.54,0.0,36
1786332499.849,walk vx=0.030 vy=0.000 w=0.00,1.32,0.0,34,16.96,0.039,34,80.77,0.013,34,-2.02,0.0,34,8.09,0.065,36,89.03,0.123,38,-0.53,0.013,34,5.98,0.013,33,90.53,0.019,41,-1.32,0.0,31,17.05,0.045,34,79.28,0.006,35,2.9,0.013,32,6.42,0.013,35,88.59,0.019,33,0.0,0.0,33,18.11,0.033,34,82.09,0.0,36
1786332500.440,walk vx=0.030 vy=0.000 w=0.00,0.7,0.006,34,14.85,0.006,34,84.55,0.013,35,-3.16,0.0,34,8.53,0.0,35,85.78,0.013,38,1.41,0.006,34,18.37,0.0,33,83.76,0.136,36,0.79,0.019,31,7.21,0.013,35,83.67,0.013,35,-0.26,0.006,32,16.44,0.0,34,84.2,0.033,33,-1.23,0.0,33,18.28,0.006,34,82.27,0.071,36
1786332500.929,walk vx=0.030 vy=0.000 w=0.00,-1.49,0.0,34,8.7,0.013,34,89.47,0.0,35,2.64,0.006,34,16.7,0.058,35,80.07,0.078,37,-0.97,0.006,34,11.16,0.019,75,80.77,0.039,35,0.53,0.0,31,14.15,0.013,34,89.21,0.013,35,-2.2,0.013,32,17.05,0.052,34,81.21,0.019,33,1.05,0.006,33,6.24,0.006,34,96.42,0.045,36
1786332501.430,walk vx=0.030 vy=0.000 w=0.00,0.26,0.0,34,17.4,0.013,34,81.74,0.013,35,-0.88,0.033,34,10.37,0.182,36,89.91,0.058,37,-0.88,0.006,34,8.26,0.026,33,92.55,0.026,36,-1.49,0.006,31,17.05,0.026,34,83.94,0.026,35,3.16,0.019,32,8.0,0.026,34,85.78,0.013,33,-0.44,0.0,33,16.08,0.045,34,82.62,0.013,36
1786332501.977,walk vx=0.030 vy=0.000 w=0.00,0.97,0.006,34,17.23,0.0,34,79.98,0.0,34,-2.72,0.013,34,8.35,0.006,36,85.78,0.0,37,1.32,0.006,34,18.19,0.006,33,78.93,0.006,36,0.26,0.0,31,6.42,0.013,34,81.3,0.019,35,0.09,0.013,32,13.18,0.019,34,87.71,0.0,33,-1.67,0.006,33,18.63,0.006,34,79.89,0.013,36
1786332502.457,walk vx=0.030 vy=0.000 w=0.00,-1.41,0.006,34,8.35,0.006,34,91.76,0.006,34,2.99,0.026,34,18.28,0.019,36,82.62,0.026,38,-0.09,0.0,34,11.16,0.006,33,83.32,0.033,36,0.7,0.006,31,14.59,0.019,34,90.79,0.006,35,-3.25,0.006,32,18.02,0.0,34,79.19,0.006,33,1.05,0.0,33,6.15,0.013,34,95.62,0.006,36
1786332502.949,walk vx=0.030 vy=0.000 w=0.00,0.09,0.0,34,16.17,0.033,34,82.97,0.026,35,0.53,0.0,34,15.12,0.026,36,88.07,0.189,37,-1.23,0.006,34,9.49,0.013,33,88.77,0.013,36,-1.49,0.019,31,16.96,0.006,34,80.24,0.013,35,2.2,0.013,32,9.67,0.078,34,89.56,0.006,33,-0.09,0.006,33,15.47,0.0,34,82.71,0.0,36
1786332503.456,walk vx=0.030 vy=0.000 w=0.00,1.05,0.019,35,16.0,0.006,34,82.27,0.006,34,-2.72,0.006,34,5.54,0.0,35,85.61,0.0,38,1.49,0.013,34,15.73,0.019,33,78.93,0.006,35,-0.26,0.006,31,7.82,0.013,34,79.63,0.006,35,1.32,0.019,32,8.7,0.0,34,86.31,0.026,33,-1.76,0.0,33,16.26,0.104,34,80.77,0.045,36
1786332503.996,walk vx=0.030 vy=0.000 w=0.00,-1.32,0.0,34,8.17,0.019,34,90.44,0.019,35,2.37,0.033,34,16.08,0.006,36,84.81,0.344,38,-0.18,0.013,34,9.49,0.019,33,79.54,0.026,36,1.23,0.006,31,13.01,0.006,35,91.93,0.013,35,-3.69,0.006,32,16.61,0.175,34,78.75,0.019,33,0.97,0.0,33,10.28,0.026,34,95.19,0.019,36
1786332504.458,walk vx=0.030 vy=0.000 w=0.00,0.0,0.013,34,15.82,0.013,34,83.06,0.019,34,-0.44,0.006,34,13.8,0.156,35,84.9,0.0,37,-1.41,0.0,34,10.55,0.013,33,92.46,0.013,44,-1.41,0.006,31,15.91,0.006,34,78.49,0.006,35,1.23,0.013,32,9.76,0.052,34,89.21,0.033,33,0.18,0.0,33,11.69,0.013,34,82.88,0.0,36
1786332504.974,walk vx=0.030 vy=0.000 w=0.00,1.05,0.019,34,16.26,0.026,34,80.95,0.006,35,-2.55,0.019,34,6.15,0.0,36,87.19,0.006,37,1.85,0.019,34,17.84,0.006,33,80.24,0.084,36,0.44,0.006,31,5.71,0.013,34,79.72,0.006,35,-0.88,0.019,32,11.87,0.013,34,83.76,0.026,33,0.18,0.0,33,15.03,0.058,34,79.98,0.019,36
1786332505.534,walk vx=0.000 vy=0.000 w=0.00,0.0,0.0,34,2.64,0.006,34,97.56,0.006,35,-0.62,0.0,34,16.88,0.091,36,78.84,0.006,37,0.35,0.006,34,2.72,0.0,33,92.29,0.026,36,0.18,0.0,31,17.49,0.039,34,78.93,0.013,35,-0.44,0.0,32,2.99,0.0,34,97.03,0.0,33,0.26,0.0,33,17.84,0.019,34,79.89,0.026,36
1786332506.022,walk vx=0.000 vy=0.000 w=0.00,-0.18,0.006,34,2.81,0.0,34,97.21,0.0,34,0.0,0.006,34,16.88,0.078,36,78.84,0.006,38,0.35,0.006,34,2.9,0.0,33,96.15,0.006,36,0.18,0.0,31,17.49,0.033,34,78.93,0.013,35,-0.44,0.0,32,2.99,0.0,34,96.77,0.0,33,0.26,0.0,33,17.84,0.019,34,79.89,0.026,36
1786332506.415,walk vx=0.000 vy=0.000 w=0.00,-0.18,0.006,34,2.81,0.0,34,97.21,0.0,34,0.0,0.006,34,16.88,0.071,36,78.84,0.0,38,0.35,0.006,34,2.9,0.0,33,96.15,0.006,36,0.18,0.0,31,17.49,0.039,34,78.93,0.006,35,-0.44,0.0,32,2.99,0.0,34,96.77,0.0,33,0.26,0.0,33,17.84,0.019,34,79.89,0.026,36
1786332506.809,walk vx=0.000 vy=0.000 w=0.00,0.26,0.006,34,2.81,0.006,34,97.21,0.0,35,0.0,0.006,34,16.88,0.078,36,78.84,0.006,38,0.35,0.006,34,2.9,0.0,33,96.15,0.006,36,0.18,0.0,31,17.49,0.039,34,78.93,0.006,35,-0.44,0.0,32,2.99,0.0,34,96.77,0.0,33,0.26,0.0,33,17.84,0.013,34,79.89,0.033,36
1786332507.253,walk vx=0.000 vy=0.000 w=0.00,-0.26,0.019,34,2.81,0.006,34,97.21,0.006,34,0.0,0.006,34,16.88,0.065,36,78.84,0.0,38,0.35,0.0,34,2.9,0.0,33,96.15,0.006,36,0.18,0.0,31,17.49,0.039,34,78.93,0.006,35,-0.44,0.0,32,2.99,0.0,34,96.77,0.0,33,0.26,0.0,33,17.84,0.019,71,79.89,0.033,36
1786332507.656,walk vx=0.000 vy=0.000 w=0.00,0.44,0.019,34,2.81,0.0,34,97.21,0.0,35,0.0,0.006,34,16.88,0.065,36,78.84,0.006,38,0.35,0.0,34,2.9,0.0,33,96.15,0.006,36,0.18,0.0,31,17.49,0.039,34,78.93,0.006,35,-0.44,0.0,32,2.99,0.0,34,96.77,0.0,33,0.26,0.0,33,17.84,0.013,34,79.89,0.026,36
1786332508.105,walk vx=0.000 vy=0.000 w=0.00,0.53,0.0,34,2.81,0.006,34,97.21,0.006,34,0.0,0.006,34,16.88,0.065,36,78.84,0.006,38,0.35,0.0,34,2.9,0.0,33,96.15,0.013,36,0.18,0.0,31,17.49,0.033,34,78.93,0.013,35,-0.44,0.0,32,2.99,0.0,34,96.77,0.0,33,0.26,0.0,33,17.84,0.013,34,79.89,0.026,36
1786332508.555,walk vx=0.000 vy=0.000 w=0.00,0.53,0.019,34,2.81,0.0,34,97.21,0.0,35,0.0,0.0,34,16.88,0.084,36,78.84,0.006,37,0.35,0.006,34,2.9,0.0,33,96.15,0.013,36,0.18,0.0,31,17.49,0.033,34,78.93,0.013,35,-0.44,0.0,32,2.99,0.0,34,96.77,0.0,33,0.26,0.0,33,17.84,0.019,34,79.89,0.026,36
1786332509.025,walk vx=0.000 vy=0.000 w=0.00,-0.18,0.0,34,2.81,0.0,34,97.12,0.0,35,0.0,0.006,34,16.88,0.084,36,78.84,0.006,38,0.35,0.0,34,2.9,0.0,33,96.15,0.006,36,0.18,0.0,31,17.49,0.039,34,78.93,0.006,35,-0.44,0.0,32,2.99,0.0,34,96.77,0.0,33,0.26,0.0,33,17.84,0.019,34,79.89,0.026,36
1786332509.451,walk vx=0.000 vy=0.000 w=0.00,0.53,0.006,34,2.81,0.006,34,97.12,0.0,34,0.0,0.013,34,16.88,0.065,36,78.84,0.0,38,0.35,0.006,34,2.9,0.0,33,96.15,0.006,35,0.18,0.0,31,17.49,0.033,34,78.93,0.013,35,-0.44,0.0,32,2.99,0.0,34,96.77,0.0,33,0.26,0.0,33,17.84,0.019,34,79.89,0.026,36
1786332509.851,walk vx=0.000 vy=0.000 w=0.00,-0.26,0.013,34,2.81,0.006,34,97.12,0.0,34,0.0,0.006,34,16.88,0.065,36,78.84,0.006,38,0.35,0.006,34,2.9,0.0,33,96.15,0.006,36,0.18,0.0,31,17.49,0.033,34,78.93,0.013,34,-0.44,0.0,32,2.99,0.0,34,96.77,0.0,33,0.26,0.0,33,17.84,0.019,34,79.89,0.026,36
1786332510.270,walk vx=0.000 vy=0.000 w=0.00,0.0,0.0,34,2.81,0.006,34,97.12,0.0,35,0.0,0.006,34,16.88,0.078,36,78.84,0.0,38,0.35,0.0,34,2.9,0.0,33,96.15,0.006,36,0.18,0.0,31,17.49,0.033,34,78.93,0.006,34,-0.44,0.0,32,2.99,0.0,34,96.77,0.0,33,0.26,0.0,33,17.84,0.019,34,79.89,0.026,36
1786332510.642,walk vx=0.000 vy=0.000 w=0.00,-0.26,0.019,34,2.81,0.0,34,97.12,0.0,34,0.0,0.006,34,16.88,0.065,35,78.84,0.0,38,0.35,0.0,34,2.9,0.0,33,96.15,0.006,36,0.18,0.0,31,17.49,0.033,34,78.93,0.013,35,-0.44,0.0,32,2.99,0.0,34,96.77,0.0,33,0.26,0.0,33,17.84,0.013,34,79.89,0.026,36
1786332511.121,walk vx=0.000 vy=0.000 w=0.00,-0.35,0.026,34,2.81,0.0,34,97.12,0.0,34,0.0,0.006,34,16.88,0.071,36,78.84,0.0,38,0.35,0.0,34,2.9,0.0,33,96.15,0.006,36,0.18,0.0,31,17.49,0.039,34,78.93,0.006,35,-0.44,0.0,32,2.99,0.0,34,96.77,0.0,33,0.26,0.0,33,17.84,0.019,34,79.89,0.026,36
1786332511.555,walk vx=0.000 vy=0.000 w=0.00,0.44,0.0,34,2.81,0.006,34,97.12,0.0,35,0.0,0.006,34,16.88,0.078,36,78.84,0.006,38,0.35,0.006,34,2.9,0.0,33,96.15,0.006,36,0.18,0.0,31,17.49,0.039,34,78.93,0.013,35,-0.44,0.0,32,2.99,0.0,34,96.77,0.0,33,0.26,0.0,33,17.84,0.013,34,79.89,0.026,36
1786332512.020,walk vx=0.000 vy=0.000 w=0.00,0.35,0.0,34,2.81,0.0,34,97.12,0.0,35,0.0,0.006,34,16.88,0.071,36,78.84,0.0,38,0.35,0.0,34,2.9,0.0,33,96.15,0.006,36,0.18,0.0,31,17.49,0.033,34,78.93,0.013,35,-0.44,0.0,32,2.99,0.0,34,96.77,0.0,33,0.26,0.0,33,17.84,0.019,34,79.89,0.026,36
1786332512.433,walk vx=0.000 vy=0.000 w=0.00,-0.09,0.019,34,2.81,0.006,34,97.12,0.0,34,0.0,0.006,34,16.88,0.071,36,78.84,0.006,38,0.35,0.006,34,2.9,0.0,33,96.15,0.006,36,0.18,0.0,31,17.49,0.039,34,78.93,0.006,35,-0.44,0.0,32,2.99,0.0,34,96.77,0.0,33,0.26,0.0,33,17.84,0.019,34,79.89,0.026,36
1786332512.894,walk vx=0.000 vy=0.000 w=0.00,0.53,0.013,34,2.81,0.006,34,97.12,0.0,35,0.0,0.006,34,16.88,0.091,36,78.84,0.0,38,0.35,0.0,34,2.9,0.0,33,96.15,0.006,36,0.18,0.0,31,17.49,0.045,34,78.93,0.013,35,-0.44,0.0,32,2.99,0.0,34,96.77,0.0,33,0.26,0.0,33,17.84,0.019,34,79.89,0.026,36
1786332513.338,walk vx=0.000 vy=0.000 w=0.00,-0.18,0.006,34,2.81,0.006,34,97.12,0.0,34,0.0,0.006,34,16.88,0.065,36,78.84,0.0,38,0.35,0.006,34,2.9,0.0,33,96.15,0.006,35,0.18,0.0,31,17.49,0.033,34,78.93,0.013,35,-0.44,0.0,32,2.99,0.0,34,96.77,0.0,33,0.26,0.0,33,17.84,0.019,34,79.89,0.026,36
1786332513.758,walk vx=0.000 vy=0.000 w=0.00,0.53,0.006,34,2.81,0.0,34,97.12,0.0,35,0.0,0.006,34,16.88,0.065,35,78.84,0.006,38,0.35,0.0,34,2.9,0.0,33,96.15,0.006,36,0.18,0.0,31,17.49,0.039,34,78.93,0.013,35,-0.44,0.0,32,2.99,0.0,34,96.77,0.0,33,0.26,0.0,33,17.84,0.013,34,79.89,0.026,36
1786332514.175,walk vx=0.000 vy=0.000 w=0.00,-0.26,0.013,34,2.81,0.0,34,97.12,0.0,35,0.0,0.006,34,16.88,0.071,36,78.84,0.006,38,0.35,0.0,34,2.9,0.0,33,96.15,0.013,36,0.18,0.0,31,17.49,0.039,34,78.93,0.013,35,-0.44,0.0,32,2.99,0.0,34,96.77,0.0,33,0.26,0.0,33,17.84,0.019,34,79.89,0.026,36
1786332514.627,walk vx=0.000 vy=0.000 w=0.00,0.53,0.013,34,2.81,0.0,34,97.12,0.0,34,0.0,0.006,34,16.88,0.078,36,78.84,0.0,38,0.35,0.0,34,2.9,0.0,33,96.15,0.006,36,0.18,0.0,31,17.49,0.039,45,78.93,0.013,35,-0.44,0.0,32,2.99,0.0,34,96.77,0.0,33,0.26,0.0,33,17.84,0.019,34,79.89,0.026,36
1786332515.103,walk vx=0.000 vy=0.000 w=0.00,0.35,0.0,34,2.81,0.0,34,97.12,0.0,35,0.0,0.006,34,16.88,0.084,36,78.84,0.006,38,0.35,0.006,34,2.9,0.0,33,96.15,0.006,36,0.18,0.0,31,17.49,0.039,34,78.93,0.006,35,-0.44,0.0,32,2.99,0.0,34,96.77,0.0,33,0.26,0.0,33,17.84,0.019,34,79.89,0.026,36
1786332515.521,walk vx=0.000 vy=0.000 w=0.00,-0.26,0.013,34,2.81,0.006,34,97.12,0.0,35,0.0,0.006,34,16.88,0.084,36,78.84,0.006,38,0.35,0.0,34,2.9,0.0,33,96.15,0.013,36,0.18,0.0,31,17.49,0.039,34,78.93,0.006,35,-0.44,0.0,32,2.99,0.0,34,96.77,0.0,33,0.26,0.0,33,17.84,0.013,34,79.89,0.026,36
1786332515.980,walk vx=0.000 vy=0.000 w=0.00,-0.26,0.026,34,2.81,0.0,34,97.12,0.0,34,0.0,0.006,34,16.88,0.078,36,78.84,0.006,38,0.35,0.006,34,2.9,0.0,33,96.15,0.006,36,0.18,0.0,31,17.49,0.033,34,78.93,0.013,35,-0.44,0.0,32,2.99,0.0,34,96.77,0.0,33,0.26,0.0,33,17.84,0.013,34,79.89,0.033,36
1786332516.401,walk vx=0.000 vy=0.000 w=0.00,0.53,0.019,34,2.81,0.0,34,97.12,0.0,34,0.0,0.006,34,16.88,0.065,36,78.84,0.0,38,0.35,0.0,34,2.9,0.0,33,96.15,0.006,36,0.18,0.0,31,17.49,0.033,34,78.93,0.013,35,-0.44,0.0,32,2.99,0.0,34,96.77,0.0,33,0.26,0.0,33,17.84,0.019,34,79.89,0.033,36
1786332516.834,walk vx=0.000 vy=0.000 w=0.00,-0.35,0.033,34,2.81,0.0,34,97.12,0.0,35,0.0,0.006,34,16.88,0.065,36,78.84,0.006,38,0.35,0.006,34,2.9,0.0,33,96.15,0.013,36,0.18,0.0,31,17.49,0.039,34,78.93,0.013,34,-0.44,0.0,32,2.99,0.0,34,96.77,0.0,33,0.26,0.0,33,17.84,0.013,34,79.89,0.026,36
1786332517.259,walk vx=0.000 vy=0.000 w=0.00,0.53,0.013,34,2.81,0.006,34,97.12,0.0,35,0.0,0.006,34,16.88,0.091,36,78.84,0.006,38,0.35,0.0,34,2.9,0.0,33,96.15,0.006,36,0.18,0.0,31,17.49,0.033,118,78.93,0.006,35,-0.44,0.0,32,2.99,0.0,34,96.77,0.0,33,0.26,0.0,33,17.84,0.019,34,79.89,0.026,36
1786332517.720,walk vx=0.000 vy=0.000 w=0.00,0.0,0.006,34,2.81,0.0,34,97.12,0.0,35,0.0,0.006,34,16.88,0.078,36,78.84,0.006,38,0.35,0.0,34,2.9,0.0,33,96.15,0.006,36,0.18,0.0,31,17.49,0.033,34,78.93,0.013,35,-0.44,0.0,32,2.99,0.0,34,96.77,0.0,33,0.26,0.0,33,17.84,0.019,34,79.89,0.026,36
1786332518.193,walk vx=0.000 vy=0.000 w=0.00,0.44,0.019,34,2.81,0.006,34,97.12,0.0,34,0.0,0.006,34,16.88,0.084,36,78.84,0.006,38,0.35,0.0,34,2.9,0.0,33,96.15,0.006,36,0.18,0.0,31,17.49,0.039,34,78.93,0.006,34,-0.44,0.0,32,2.99,0.0,34,96.77,0.0,33,0.26,0.0,33,17.84,0.013,33,79.89,0.033,36
1786332518.661,walk vx=0.000 vy=0.000 w=0.00,0.53,0.013,34,2.81,0.0,34,97.12,0.0,35,0.0,0.006,34,16.88,0.065,36,78.84,0.0,38,0.35,0.0,34,2.9,0.0,33,96.15,0.006,36,0.18,0.0,31,17.49,0.039,34,78.93,0.013,35,-0.44,0.0,32,2.99,0.0,34,96.77,0.0,33,0.26,0.0,33,17.84,0.013,34,79.89,0.033,36
1786332519.087,walk vx=0.000 vy=0.000 w=0.00,0.09,0.019,34,2.81,0.006,34,97.12,0.0,35,0.0,0.006,34,16.88,0.065,36,78.84,0.006,38,0.35,0.0,34,2.9,0.0,33,96.15,0.013,36,0.18,0.0,31,17.49,0.039,34,78.93,0.013,35,-0.44,0.0,32,2.99,0.0,34,96.77,0.0,33,0.26,0.0,33,17.84,0.019,34,79.89,0.026,36
1786332519.497,walk vx=0.000 vy=0.000 w=0.00,0.0,0.0,34,2.81,0.006,34,97.12,0.0,35,0.0,0.006,34,16.88,0.084,36,78.84,0.0,38,0.35,0.006,34,2.9,0.0,33,96.15,0.006,36,0.18,0.0,31,17.49,0.033,34,78.93,0.013,35,-0.44,0.0,32,2.99,0.0,34,96.77,0.0,33,0.26,0.0,33,17.84,0.019,34,79.89,0.026,36
1786332519.903,walk vx=0.000 vy=0.000 w=0.00,0.44,0.013,34,2.81,0.006,34,97.12,0.0,35,0.0,0.006,34,16.88,0.091,36,78.84,0.006,38,0.35,0.0,34,2.9,0.0,33,96.15,0.006,36,0.18,0.0,31,17.49,0.033,34,78.93,0.013,35,-0.44,0.0,32,2.99,0.0,34,96.77,0.0,33,0.26,0.0,33,17.84,0.019,34,79.89,0.026,36
1786332520.304,walk vx=0.000 vy=0.000 w=0.00,0.35,0.013,34,2.81,0.0,34,97.12,0.0,35,0.0,0.006,34,16.88,0.071,36,78.84,0.0,38,0.35,0.006,34,2.9,0.0,33,96.15,0.006,36,0.18,0.0,31,17.49,0.033,34,78.93,0.006,35,-0.44,0.0,32,2.99,0.0,34,96.77,0.0,33,0.26,0.0,33,17.84,0.019,34,79.89,0.033,36
1786332520.776,walk vx=0.000 vy=0.000 w=0.00,-0.09,0.019,34,2.81,0.0,34,97.12,0.0,35,0.0,0.006,34,16.88,0.084,36,78.84,0.006,38,0.35,0.0,34,2.9,0.0,33,96.15,0.006,36,0.18,0.0,31,17.49,0.033,34,78.93,0.006,35,-0.44,0.0,32,2.99,0.0,34,96.77,0.0,33,0.26,0.0,33,17.84,0.019,34,79.89,0.026,36
1786332521.273,walk vx=0.000 vy=0.000 w=0.00,-0.35,0.013,34,2.81,0.0,34,97.12,0.0,35,0.0,0.006,34,16.88,0.065,36,78.84,0.0,38,0.35,0.006,34,2.9,0.0,33,96.15,0.013,36,0.18,0.0,31,17.49,0.039,34,78.93,0.013,35,-0.44,0.0,32,2.99,0.0,34,96.77,0.0,33,0.26,0.0,33,17.84,0.019,34,79.89,0.026,36
1786332521.711,walk vx=0.000 vy=0.000 w=0.00,0.53,0.006,34,2.81,0.006,34,97.12,0.006,35,0.0,0.006,34,16.88,0.065,36,78.84,0.006,38,0.35,0.006,34,2.9,0.0,33,96.15,0.013,36,0.18,0.0,31,17.49,0.039,34,78.93,0.006,35,-0.44,0.0,32,2.99,0.0,34,96.77,0.0,33,0.26,0.0,33,17.84,0.019,34,79.89,0.026,36
1786332522.114,walk vx=0.000 vy=0.000 w=0.00,-0.09,0.019,34,2.81,0.006,34,97.12,0.0,35,0.0,0.006,34,16.88,0.065,36,78.84,0.006,38,0.35,0.006,34,2.9,0.0,33,96.15,0.006,36,0.18,0.0,31,17.49,0.039,34,78.93,0.013,35,-0.44,0.0,32,2.99,0.0,34,96.77,0.0,33,0.26,0.0,33,17.84,0.019,34,79.89,0.026,36
1786332522.524,walk vx=0.000 vy=0.000 w=0.00,0.09,0.0,34,2.81,0.006,34,97.12,0.0,35,0.0,0.006,34,16.88,0.065,36,78.84,0.006,38,0.35,0.0,34,2.9,0.0,33,96.15,0.006,36,0.18,0.0,31,17.49,0.039,34,78.93,0.013,35,-0.44,0.0,32,2.99,0.0,34,96.77,0.0,33,0.26,0.0,33,17.84,0.013,34,79.89,0.026,36
1786332522.944,walk vx=0.000 vy=0.000 w=0.00,0.44,0.006,34,2.81,0.0,34,97.12,0.0,35,0.0,0.006,34,16.88,0.065,36,78.84,0.006,38,0.35,0.006,34,2.9,0.0,33,96.15,0.006,36,0.18,0.0,31,17.49,0.039,34,78.93,0.013,35,-0.44,0.006,32,2.99,0.0,34,96.77,0.0,33,0.26,0.0,33,17.84,0.019,34,79.89,0.026,36
1786332523.395,walk vx=0.000 vy=0.000 w=0.00,0.62,0.013,34,2.81,0.006,34,97.12,0.0,35,0.0,0.006,34,16.88,0.065,36,78.84,0.006,38,0.35,0.006,34,2.9,0.0,33,96.15,0.006,36,0.18,0.0,31,17.49,0.033,34,78.93,0.006,34,-0.44,0.0,32,2.99,0.0,34,96.77,0.0,33,0.26,0.0,33,17.84,0.019,34,79.89,0.033,36
1786332523.814,walk vx=0.000 vy=0.000 w=0.00,-0.18,0.013,34,2.81,0.0,34,97.12,0.0,35,0.0,0.0,34,16.88,0.065,36,78.84,0.006,38,0.35,0.0,34,2.9,0.0,33,96.15,0.006,36,0.18,0.0,31,17.49,0.039,34,78.93,0.006,35,-0.44,0.0,32,2.99,0.0,34,96.77,0.0,33,0.26,0.0,33,17.84,0.019,34,79.89,0.026,36
1786332524.293,walk vx=0.000 vy=0.000 w=0.00,-0.26,0.019,34,2.81,0.0,34,97.12,0.0,35,0.0,0.006,34,16.88,0.065,36,78.84,0.0,38,0.35,0.006,34,2.9,0.0,33,96.15,0.006,36,0.18,0.0,31,17.49,0.039,34,78.93,0.006,35,-0.44,0.0,32,2.99,0.0,34,96.77,0.0,33,0.26,0.0,33,17.84,0.019,34,79.89,0.026,36
1786332524.721,walk vx=0.000 vy=0.000 w=0.00,0.53,0.0,34,2.81,0.006,34,97.12,0.0,35,0.0,0.006,34,16.88,0.084,36,78.84,0.006,38,0.35,0.0,34,2.9,0.0,33,96.15,0.006,36,0.18,0.0,31,17.49,0.033,34,78.93,0.013,35,-0.44,0.0,32,2.99,0.0,34,96.77,0.0,33,0.26,0.0,33,17.84,0.019,34,79.89,0.026,36
1786332525.141,walk vx=0.000 vy=0.000 w=0.00,0.0,0.0,34,2.81,0.0,34,97.12,0.0,34,0.0,0.006,34,16.88,0.065,36,78.84,0.006,38,0.35,0.0,34,2.9,0.0,33,96.15,0.006,36,0.18,0.0,31,17.49,0.039,34,78.93,0.013,35,-0.44,0.0,32,2.99,0.0,34,96.77,0.0,33,0.26,0.0,33,17.84,0.019,34,79.89,0.033,36
1786332525.676,walk vx=0.000 vy=0.000 w=0.00,-0.09,0.026,34,2.81,0.0,34,97.12,0.0,35,0.0,0.006,34,16.88,0.071,36,78.84,0.006,38,0.35,0.006,34,2.9,0.0,33,96.15,0.006,36,0.18,0.0,31,17.49,0.033,34,78.93,0.013,35,-0.44,0.0,32,2.99,0.0,34,96.77,0.0,33,0.26,0.0,33,17.84,0.019,34,79.89,0.026,36
1786332526.106,walk vx=0.000 vy=0.000 w=0.00,0.62,0.019,34,2.81,0.0,34,97.12,0.0,35,0.0,0.006,34,16.88,0.084,36,78.84,0.0,38,0.35,0.0,34,2.9,0.0,33,96.15,0.006,36,0.18,0.0,31,17.49,0.033,34,78.93,0.013,35,-0.44,0.0,32,2.99,0.0,34,96.77,0.0,33,0.26,0.0,33,17.84,0.019,34,79.89,0.033,36
1786332526.511,walk vx=0.000 vy=0.000 w=0.00,0.35,0.006,34,2.81,0.006,34,97.12,0.006,34,0.0,0.006,34,16.88,0.065,36,78.84,0.006,38,0.35,0.0,34,2.9,0.0,33,96.15,0.006,36,0.18,0.0,31,17.49,0.033,34,78.93,0.013,35,-0.44,0.0,32,2.99,0.0,34,96.77,0.0,33,0.26,0.0,33,17.84,0.019,34,79.89,0.026,36
1786332526.945,walk vx=0.000 vy=0.000 w=0.00,0.44,0.026,34,2.81,0.0,34,97.12,0.0,35,0.0,0.006,34,16.88,0.065,36,78.84,0.0,38,0.35,0.006,34,2.9,0.0,33,96.15,0.006,36,0.18,0.0,31,17.49,0.033,34,78.93,0.013,35,-0.44,0.0,32,2.99,0.0,34,96.77,0.0,33,0.26,0.0,33,17.84,0.013,34,79.89,0.026,36
1786332527.463,walk vx=0.000 vy=0.000 w=0.00,-0.18,0.013,34,2.81,0.0,34,97.12,0.0,34,0.0,0.006,34,16.88,0.071,36,78.84,0.0,38,0.35,0.006,34,2.9,0.0,33,96.15,0.006,36,0.18,0.0,31,17.49,0.039,34,78.93,0.013,34,-0.44,0.0,32,2.99,0.0,34,96.77,0.0,33,0.26,0.0,33,17.84,0.013,34,79.89,0.026,36
1786332527.921,walk vx=0.000 vy=0.000 w=0.00,0.35,0.013,34,2.81,0.0,34,97.12,0.0,35,0.0,0.006,34,16.88,0.071,36,78.84,0.006,38,0.35,0.0,34,2.9,0.0,33,96.15,0.006,36,0.18,0.0,31,17.49,0.039,39,78.93,0.013,35,-0.44,0.0,32,2.99,0.0,34,96.77,0.0,33,0.26,0.0,33,17.84,0.019,34,79.89,0.026,36
1786332528.369,walk vx=0.000 vy=0.000 w=0.00,0.62,0.019,34,2.81,0.006,34,97.12,0.0,35,0.0,0.006,34,16.88,0.078,36,78.84,0.006,38,0.35,0.0,34,2.9,0.0,33,96.15,0.006,36,0.18,0.0,31,17.49,0.045,34,78.93,0.006,35,-0.44,0.0,32,2.99,0.0,34,96.77,0.0,33,0.26,0.0,33,17.84,0.019,34,79.89,0.033,36
1786332528.800,walk vx=0.000 vy=0.000 w=0.00,0.09,0.006,34,2.81,0.006,34,97.12,0.0,35,0.0,0.006,34,16.88,0.078,36,78.84,0.006,38,0.35,0.006,34,2.9,0.0,33,96.15,0.006,36,0.18,0.0,31,17.49,0.039,34,78.93,0.013,35,-0.44,0.0,32,2.99,0.0,34,96.77,0.0,33,0.26,0.0,33,17.84,0.013,34,79.89,0.026,36
1786332529.260,walk vx=0.000 vy=0.000 w=0.00,-0.26,0.019,34,2.81,0.006,34,97.12,0.0,35,0.0,0.006,34,16.88,0.065,36,78.84,0.006,38,0.35,0.0,34,2.9,0.0,33,96.15,0.006,36,0.18,0.0,31,17.49,0.039,34,78.93,0.013,35,-0.44,0.0,32,2.99,0.0,34,96.77,0.0,33,0.26,0.0,33,17.84,0.019,34,79.89,0.026,36
1786332529.689,walk vx=0.000 vy=0.000 w=0.00,0.18,0.006,34,2.81,0.0,34,97.12,0.0,35,0.0,0.006,34,16.88,0.071,36,78.84,0.006,38,0.35,0.0,34,2.9,0.0,33,96.15,0.006,36,0.18,0.0,31,17.49,0.039,34,78.93,0.013,34,-0.44,0.0,32,2.99,0.0,34,96.77,0.0,33,0.26,0.0,33,17.84,0.019,34,79.89,0.026,36
1786332530.144,walk vx=0.000 vy=0.000 w=0.00,0.35,0.019,34,2.81,0.0,34,97.12,0.006,35,0.0,0.006,34,16.88,0.065,36,78.84,0.006,38,0.35,0.0,34,2.9,0.0,33,96.15,0.006,36,0.18,0.0,31,17.49,0.039,34,78.93,0.006,34,-0.44,0.0,32,2.99,0.0,34,96.77,0.0,33,0.26,0.0,33,17.84,0.019,34,79.89,0.026,36
1786332530.546,walk vx=0.000 vy=0.000 w=0.00,0.53,0.006,34,2.81,0.006,34,97.12,0.0,34,0.0,0.006,34,16.88,0.065,36,78.84,0.006,38,0.35,0.0,34,2.9,0.0,33,96.15,0.006,36,0.18,0.0,31,17.49,0.045,34,78.93,0.013,35,-0.44,0.0,32,2.99,0.0,34,96.77,0.0,33,0.26,0.0,33,17.84,0.019,34,79.89,0.026,36
1786332531.078,walk vx=0.000 vy=0.000 w=0.00,-0.18,0.0,34,2.81,0.006,34,97.12,0.0,35,0.0,0.006,34,16.88,0.065,36,78.84,0.006,38,0.35,0.006,34,2.9,0.0,33,96.15,0.013,36,0.18,0.0,31,17.49,0.033,34,78.93,0.006,34,-0.44,0.0,32,2.99,0.0,34,96.77,0.0,33,0.26,0.0,33,17.84,0.019,34,79.89,0.026,36
1786332531.520,walk vx=0.000 vy=0.000 w=0.00,0.09,0.013,34,2.81,0.0,34,97.12,0.0,35,0.0,0.006,34,16.88,0.065,36,78.84,0.006,38,0.35,0.006,34,2.9,0.0,33,96.15,0.013,36,0.18,0.0,31,17.49,0.039,34,78.93,0.006,35,-0.44,0.0,32,2.99,0.0,34,96.77,0.0,33,0.26,0.0,33,17.84,0.019,67,79.89,0.033,36
1786332531.962,walk vx=0.000 vy=0.000 w=0.00,0.44,0.006,34,2.81,0.006,34,97.12,0.0,35,0.0,0.006,34,16.88,0.065,36,78.84,0.006,38,0.35,0.0,34,2.9,0.0,33,96.15,0.006,36,0.18,0.0,31,17.49,0.039,34,78.93,0.013,35,-0.44,0.0,32,2.99,0.0,34,96.77,0.0,33,0.26,0.0,33,17.84,0.019,34,79.89,0.026,36
1786332532.448,walk vx=0.000 vy=0.000 w=0.00,0.53,0.006,34,2.81,0.0,34,97.12,0.0,35,0.0,0.006,34,16.88,0.084,36,78.84,0.006,38,0.35,0.006,34,2.9,0.0,33,96.15,0.006,36,0.18,0.0,31,17.49,0.033,34,78.93,0.013,35,-0.44,0.0,32,2.99,0.0,34,96.77,0.0,33,0.26,0.0,33,17.84,0.019,34,79.89,0.026,36
1786332532.867,walk vx=0.000 vy=0.000 w=0.00,-0.09,0.0,34,2.81,0.0,34,97.12,0.0,35,0.0,0.006,34,16.88,0.065,36,78.84,0.006,38,0.35,0.006,34,2.9,0.0,33,96.15,0.006,36,0.18,0.0,31,17.49,0.033,34,78.93,0.013,35,-0.44,0.0,32,2.99,0.0,34,96.77,0.0,33,0.26,0.0,33,17.84,0.019,34,79.89,0.026,36
1786332533.366,walk vx=0.000 vy=0.000 w=0.00,0.53,0.019,34,2.81,0.006,34,97.12,0.0,35,0.0,0.006,34,16.88,0.084,36,78.84,0.006,38,0.35,0.0,34,2.9,0.0,33,96.15,0.006,36,0.18,0.0,31,17.49,0.039,34,78.93,0.006,35,-0.44,0.0,32,2.99,0.0,34,96.77,0.0,33,0.26,0.0,33,17.84,0.019,34,79.89,0.026,36
1786332533.785,walk vx=0.000 vy=0.000 w=0.00,-0.18,0.019,34,2.81,0.006,34,97.12,0.0,35,0.0,0.006,34,16.88,0.065,36,78.84,0.0,38,0.35,0.0,34,2.9,0.0,33,96.15,0.006,36,0.18,0.0,31,17.49,0.039,34,78.93,0.006,35,-0.44,0.0,32,2.99,0.0,34,96.77,0.0,33,0.26,0.0,33,17.84,0.019,34,79.89,0.033,36
1786332534.255,walk vx=0.000 vy=0.000 w=0.00,-0.09,0.0,34,2.81,0.0,34,97.12,0.0,35,0.0,0.006,34,16.88,0.084,36,78.84,0.006,38,0.35,0.0,34,2.9,0.0,33,96.15,0.006,36,0.18,0.0,31,17.49,0.039,34,78.93,0.006,35,-0.44,0.0,32,2.99,0.0,34,96.77,0.0,33,0.26,0.0,33,17.84,0.019,34,79.89,0.026,36
1786332534.698,walk vx=0.000 vy=0.000 w=0.00,0.53,0.006,34,2.81,0.0,34,97.12,0.0,35,0.0,0.006,34,16.88,0.078,36,78.84,0.006,38,0.35,0.006,34,2.9,0.0,33,96.15,0.013,36,0.18,0.0,31,17.49,0.039,34,78.93,0.013,35,-0.44,0.0,32,2.99,0.0,34,96.77,0.0,33,0.26,0.0,33,17.84,0.019,34,79.89,0.026,36
1786332535.124,walk vx=0.000 vy=0.000 w=0.00,-0.26,0.006,34,2.81,0.0,34,97.12,0.0,34,0.0,0.006,34,16.88,0.065,36,78.84,0.006,38,0.35,0.006,34,2.9,0.0,33,96.15,0.006,36,0.18,0.0,31,17.49,0.039,34,78.93,0.013,35,-0.44,0.0,32,2.99,0.0,34,96.77,0.0,33,0.26,0.0,33,17.84,0.013,34,79.89,0.026,36
1786332535.538,walk vx=0.000 vy=0.000 w=0.00,0.62,0.013,34,2.81,0.0,34,97.12,0.0,35,0.0,0.006,34,16.88,0.084,36,78.84,0.006,38,0.35,0.0,34,2.9,0.0,33,96.15,0.006,36,0.18,0.0,31,17.49,0.039,34,78.93,0.013,35,-0.44,0.0,32,2.99,0.0,34,96.77,0.0,33,0.26,0.0,33,17.84,0.019,34,79.89,0.026,36
1786332535.965,walk vx=0.000 vy=0.000 w=0.00,-0.26,0.019,34,2.81,0.0,34,97.12,0.006,35,0.0,0.006,34,16.88,0.065,36,78.84,0.006,38,0.35,0.006,34,2.9,0.0,33,96.15,0.013,36,0.18,0.0,31,17.49,0.039,34,78.93,0.013,35,-0.44,0.0,32,2.99,0.0,34,96.77,0.0,33,0.26,0.0,33,17.84,0.019,34,79.89,0.026,36
1786332536.473,walk vx=0.000 vy=0.000 w=0.00,0.53,0.006,34,2.81,0.0,34,97.12,0.0,35,0.0,0.006,34,16.88,0.084,36,78.84,0.006,38,0.35,0.0,34,2.9,0.0,33,96.15,0.006,36,0.18,0.0,31,17.49,0.033,34,78.93,0.013,35,-0.44,0.0,32,2.99,0.0,34,96.77,0.0,33,0.26,0.0,33,17.84,0.019,34,79.89,0.026,36
1786332536.940,walk vx=0.000 vy=0.000 w=0.00,0.53,0.013,34,2.81,0.0,34,97.12,0.0,35,0.0,0.006,34,16.88,0.065,36,78.84,0.006,38,0.35,0.0,34,2.9,0.0,33,96.15,0.0,36,0.18,0.0,31,17.49,0.033,35,78.93,0.013,35,-0.44,0.0,32,2.99,0.0,34,96.77,0.0,33,0.26,0.0,33,17.84,0.013,34,79.89,0.033,36
1786332537.378,walk vx=0.000 vy=0.000 w=0.00,-0.26,0.019,34,2.81,0.006,34,97.12,0.0,35,0.0,0.006,34,16.88,0.065,36,78.84,0.006,38,0.35,0.0,34,2.9,0.0,33,96.15,0.006,36,0.18,0.0,31,17.49,0.033,34,78.93,0.013,35,-0.44,0.0,32,2.99,0.0,34,96.77,0.0,33,0.26,0.0,33,17.84,0.019,34,79.89,0.026,36
1786332537.856,walk vx=0.000 vy=0.000 w=0.00,-0.18,0.006,34,2.81,0.0,34,97.12,0.006,35,0.0,0.0,34,16.88,0.084,36,78.84,0.006,38,0.35,0.006,34,2.9,0.0,33,96.15,0.013,36,0.18,0.0,31,17.49,0.039,34,78.93,0.013,35,-0.44,0.0,32,2.99,0.0,34,96.77,0.0,33,0.26,0.0,33,17.84,0.019,34,79.89,0.026,36
1786332538.291,walk vx=0.000 vy=0.000 w=0.00,0.09,0.013,34,2.81,0.0,34,97.12,0.0,35,0.0,0.006,34,16.88,0.065,36,78.84,0.0,38,0.35,0.0,34,2.9,0.0,33,96.15,0.006,36,0.18,0.0,31,17.49,0.039,34,78.93,0.013,35,-0.44,0.0,32,2.99,0.0,34,96.77,0.0,33,0.26,0.0,33,17.84,0.019,34,79.89,0.026,36
1786332538.716,walk vx=0.000 vy=0.000 w=0.00,0.53,0.006,34,2.81,0.006,34,97.12,0.0,35,0.0,0.006,34,16.88,0.065,36,78.84,0.006,38,0.35,0.0,34,2.9,0.0,33,96.15,0.006,36,0.18,0.0,31,17.49,0.039,34,78.93,0.006,35,-0.44,0.0,32,2.99,0.0,34,96.77,0.0,33,0.26,0.0,33,17.84,0.019,60,79.89,0.026,36
1786332539.206,walk vx=0.000 vy=0.000 w=0.00,0.53,0.0,34,2.81,0.006,34,97.12,0.0,34,0.0,0.006,34,16.88,0.071,36,78.84,0.006,38,0.35,0.006,34,2.9,0.0,33,96.15,0.006,36,0.18,0.0,31,17.49,0.033,34,78.93,0.006,35,-0.44,0.0,32,2.99,0.0,34,96.77,0.0,33,0.26,0.0,33,17.84,0.019,34,79.89,0.026,36
1786332539.688,walk vx=0.000 vy=0.000 w=0.00,0.0,0.019,34,2.81,0.006,34,97.12,0.0,35,0.0,0.006,34,16.88,0.078,36,78.84,0.006,38,0.35,0.0,34,2.9,0.0,33,96.15,0.013,36,0.18,0.0,31,17.49,0.033,34,78.93,0.013,35,-0.44,0.0,32,2.99,0.0,34,96.77,0.0,33,0.26,0.0,33,17.84,0.019,34,79.89,0.026,36
1786332540.107,walk vx=0.000 vy=0.000 w=0.00,0.26,0.013,34,2.81,0.006,34,97.12,0.0,35,0.0,0.006,34,16.88,0.065,36,78.84,0.006,38,0.35,0.0,34,2.9,0.0,33,96.15,0.006,36,0.18,0.0,31,17.49,0.033,34,78.93,0.013,35,-0.44,0.0,32,2.99,0.0,34,96.77,0.0,32,0.26,0.0,33,17.84,0.019,34,79.89,0.033,36
1786332540.552,walk vx=0.000 vy=0.000 w=0.00,-0.18,0.013,34,2.81,0.006,34,97.12,0.0,35,0.0,0.006,34,16.88,0.065,36,78.84,0.0,38,0.35,0.0,34,2.9,0.0,33,96.15,0.006,36,0.18,0.0,31,17.49,0.039,34,78.93,0.013,35,-0.44,0.0,32,2.99,0.0,34,96.77,0.0,33,0.26,0.0,33,17.84,0.019,34,79.89,0.026,36
1786332541.008,walk vx=0.000 vy=0.000 w=0.00,-0.35,0.019,34,2.81,0.006,34,97.12,0.0,35,0.0,0.006,34,16.88,0.065,36,78.84,0.006,38,0.35,0.006,34,2.9,0.0,33,96.15,0.006,36,0.18,0.0,31,17.49,0.033,34,78.93,0.013,35,-0.44,0.0,32,2.99,0.0,34,96.77,0.0,33,0.26,0.0,33,17.84,0.019,34,79.89,0.026,36
1786332541.483,walk vx=0.000 vy=0.000 w=0.00,-0.18,0.019,34,2.81,0.0,34,97.12,0.006,35,0.0,0.006,34,16.88,0.071,36,78.84,0.006,38,0.35,0.0,34,2.9,0.0,33,96.15,0.006,36,0.18,0.0,31,17.49,0.039,34,78.93,0.013,35,-0.44,0.0,32,2.99,0.0,34,96.77,0.0,33,0.26,0.0,33,17.84,0.019,34,79.89,0.033,36
1786332541.908,walk vx=0.000 vy=0.000 w=0.00,0.62,0.019,34,2.81,0.0,34,97.12,0.0,35,0.0,0.006,34,16.88,0.065,36,78.84,0.006,38,0.35,0.006,34,2.9,0.0,33,96.15,0.006,36,0.18,0.0,31,17.49,0.039,34,78.93,0.013,35,-0.44,0.0,32,2.99,0.0,34,96.77,0.0,33,0.26,0.0,33,17.84,0.013,34,79.89,0.033,36
1786332542.350,walk vx=0.000 vy=0.000 w=0.00,-0.18,0.0,34,2.81,0.006,34,97.12,0.0,35,0.0,0.006,34,16.88,0.071,36,78.84,0.006,38,0.35,0.0,34,2.9,0.0,33,96.15,0.006,36,0.18,0.0,31,17.49,0.039,34,78.93,0.006,35,-0.44,0.0,32,2.99,0.0,34,96.77,0.0,33,0.26,0.0,33,17.84,0.019,34,79.89,0.026,36
1786332542.775,walk vx=0.000 vy=0.000 w=0.00,0.09,0.013,34,2.81,0.0,34,97.12,0.0,35,0.0,0.006,34,16.88,0.065,36,78.84,0.0,38,0.35,0.0,34,2.9,0.0,33,96.15,0.006,36,0.18,0.0,31,17.49,0.039,34,78.93,0.013,35,-0.44,0.0,32,2.99,0.0,34,96.77,0.0,33,0.26,0.0,33,17.84,0.019,34,79.89,0.026,36
1786332543.291,walk vx=0.000 vy=0.000 w=0.00,0.35,0.019,34,2.81,0.0,34,97.12,0.0,35,0.0,0.006,34,16.88,0.078,36,78.84,0.0,38,0.35,0.006,34,2.9,0.0,33,96.15,0.006,36,0.18,0.0,31,17.49,0.039,34,78.93,0.006,35,-0.44,0.0,32,2.99,0.0,34,96.77,0.0,33,0.26,0.0,33,18.11,0.006,34,78.66,0.0,36
1786332543.780,walk vx=0.000 vy=0.000 w=0.00,-0.09,0.013,34,2.9,0.0,34,97.12,0.0,35,-0.53,0.006,34,18.9,0.0,36,78.93,0.0,38,0.35,0.0,34,2.9,0.0,33,96.15,0.013,36,0.18,0.0,31,18.98,0.006,34,79.28,0.0,35,-0.44,0.0,32,2.99,0.0,34,96.77,0.0,33,0.18,0.0,33,18.9,0.006,34,78.75,0.006,36
1786332544.224,walk vx=0.000 vy=0.000 w=0.00,-0.26,0.013,34,2.81,0.0,34,97.12,0.0,34,-0.62,0.006,34,18.9,0.006,36,78.93,0.0,38,0.35,0.0,34,2.9,0.0,33,96.15,0.013,36,0.35,0.013,31,18.11,0.006,34,79.45,0.013,35,-0.44,0.0,32,3.08,0.0,34,96.77,0.0,33,0.26,0.0,33,17.93,0.013,34,78.75,0.0,36
1786332544.625,walk vx=0.000 vy=0.000 w=0.00,0.35,0.006,34,2.64,0.013,34,97.12,0.0,35,-0.79,0.006,34,17.93,0.013,36,79.1,0.0,38,0.0,0.006,34,2.9,0.0,33,96.15,0.006,36,0.35,0.006,31,18.02,0.013,34,78.93,0.013,35,-0.44,0.0,32,3.16,0.006,34,96.77,0.0,33,0.35,0.006,33,17.93,0.013,50,79.45,0.013,36
1786332545.107,walk vx=0.000 vy=0.000 w=0.00,0.0,0.0,34,3.25,0.006,34,96.77,0.0,35,-0.7,0.006,34,17.75,0.019,36,78.93,0.0,38,0.09,0.0,34,2.9,0.0,33,96.15,0.006,36,0.26,0.0,31,17.93,0.019,34,78.93,0.006,34,-0.44,0.0,32,3.08,0.0,34,96.77,0.0,33,0.35,0.006,33,17.93,0.013,34,79.37,0.006,36
1786332545.570,walk vx=0.000 vy=0.000 w=0.00,0.09,0.0,34,3.25,0.006,34,96.77,0.0,35,0.0,0.006,34,17.75,0.019,71,78.93,0.0,38,0.09,0.0,34,2.9,0.0,33,96.15,0.006,36,0.26,0.0,31,17.93,0.019,34,79.01,0.006,35,-0.44,0.0,32,3.08,0.006,34,96.77,0.0,33,0.35,0.006,33,17.93,0.013,34,79.37,0.006,36
1786332546.010,walk vx=0.000 vy=0.000 w=0.00,0.09,0.0,34,3.25,0.0,34,96.77,0.006,35,0.0,0.006,34,17.75,0.019,36,78.93,0.0,38,0.09,0.0,34,2.9,0.0,33,96.15,0.006,36,0.26,0.0,31,17.93,0.013,34,79.01,0.006,35,-0.44,0.0,32,3.08,0.0,34,96.77,0.0,33,0.35,0.006,33,17.93,0.013,54,79.37,0.006,36
1786332546.397,walk vx=0.000 vy=0.000 w=0.00,0.09,0.0,34,3.25,0.006,34,96.77,0.0,35,0.0,0.006,34,17.75,0.019,36,78.93,0.0,38,0.09,0.0,34,2.9,0.0,33,96.15,0.013,36,0.26,0.0,31,17.93,0.019,34,79.01,0.006,35,-0.44,0.0,32,3.08,0.0,34,96.77,0.0,32,0.35,0.006,33,17.93,0.013,34,79.37,0.013,36
1786332546.855,walk vx=0.000 vy=0.000 w=0.00,0.09,0.0,34,3.25,0.0,34,96.77,0.0,35,0.0,0.013,34,17.75,0.019,52,78.93,0.0,38,0.09,0.0,34,2.9,0.0,33,96.15,0.006,36,0.26,0.0,31,17.93,0.019,34,79.01,0.006,35,-0.44,0.0,32,3.08,0.0,34,96.77,0.0,33,0.35,0.013,33,17.93,0.019,34,79.37,0.013,36
1786332547.260,walk vx=0.000 vy=0.000 w=0.00,0.09,0.0,34,3.25,0.006,34,96.77,0.006,35,0.0,0.006,34,17.75,0.019,36,78.93,0.0,38,0.09,0.0,34,2.9,0.0,33,96.15,0.013,36,0.26,0.0,31,17.93,0.013,34,79.01,0.006,35,-0.44,0.0,32,3.08,0.0,34,96.77,0.0,33,0.35,0.006,33,17.93,0.013,35,79.37,0.013,36
1786332547.687,walk vx=0.000 vy=0.000 w=0.00,0.09,0.0,34,3.25,0.0,34,96.77,0.0,35,0.0,0.006,34,17.75,0.019,36,78.93,0.0,38,0.09,0.0,34,2.9,0.0,33,96.15,0.006,36,0.26,0.0,31,17.93,0.013,34,79.01,0.006,35,-0.44,0.0,32,3.08,0.0,34,96.77,0.0,33,0.35,0.006,33,17.93,0.013,34,79.37,0.006,36
1786332548.197,walk vx=0.000 vy=0.000 w=0.00,0.09,0.0,34,3.25,0.006,34,96.77,0.0,35,0.0,0.006,34,17.75,0.019,36,78.93,0.0,38,0.09,0.0,34,2.9,0.0,33,96.15,0.013,36,0.26,0.0,31,17.93,0.013,34,79.01,0.006,35,-0.44,0.0,32,3.08,0.0,34,96.77,0.0,33,0.35,0.006,33,17.93,0.019,34,79.37,0.013,36
1786332548.673,walk vx=0.000 vy=0.000 w=0.00,0.09,0.0,34,3.25,0.006,34,96.77,0.006,35,0.0,0.006,34,17.75,0.019,36,78.93,0.0,38,0.09,0.0,34,2.9,0.0,33,96.15,0.006,36,0.26,0.0,31,17.93,0.019,34,79.01,0.006,35,-0.44,0.0,32,3.08,0.0,34,96.77,0.0,33,0.35,0.006,33,17.93,0.013,34,79.37,0.006,36
1786332549.083,walk vx=0.000 vy=0.000 w=0.00,0.09,0.0,34,3.25,0.006,34,96.77,0.0,35,0.0,0.006,34,17.75,0.019,36,78.93,0.0,38,0.09,0.0,34,2.9,0.0,33,96.15,0.0,36,0.26,0.0,31,17.93,0.019,34,79.01,0.006,34,-0.44,0.0,32,3.08,0.0,34,96.77,0.0,33,0.35,0.006,33,17.93,0.019,34,79.37,0.013,36
1786332549.530,walk vx=0.000 vy=0.000 w=0.00,0.09,0.0,34,3.25,0.006,34,96.77,0.0,35,0.0,0.006,34,17.75,0.019,36,78.93,0.0,38,0.09,0.0,34,2.9,0.0,33,96.15,0.006,36,0.26,0.0,31,17.93,0.019,34,79.01,0.006,34,-0.44,0.0,32,3.08,0.0,34,96.77,0.0,33,0.35,0.006,33,17.93,0.013,34,79.37,0.006,36
1786332549.966,walk vx=0.000 vy=0.000 w=0.00,0.09,0.0,34,3.25,0.006,34,96.77,0.0,35,0.0,0.006,34,17.75,0.026,36,78.93,0.0,38,0.09,0.0,34,2.9,0.0,33,96.15,0.006,36,0.26,0.0,31,17.93,0.019,34,79.01,0.006,34,-0.44,0.0,32,3.08,0.0,34,96.77,0.0,33,0.35,0.006,33,17.93,0.013,34,79.37,0.006,36
1786332550.463,walk vx=0.000 vy=0.000 w=0.00,0.09,0.0,34,3.25,0.006,34,96.77,0.0,35,0.0,0.006,34,17.75,0.019,36,78.93,0.0,38,0.09,0.0,34,2.9,0.0,33,96.15,0.006,36,0.26,0.0,31,17.93,0.019,34,79.01,0.0,35,-0.44,0.0,32,3.08,0.0,34,96.77,0.0,33,0.35,0.006,33,17.93,0.013,34,79.37,0.006,36
1786332550.933,walk vx=0.000 vy=0.000 w=0.00,0.09,0.0,34,3.25,0.0,34,96.77,0.0,35,0.0,0.006,34,17.75,0.019,36,78.93,0.0,38,0.09,0.0,34,2.9,0.0,33,96.15,0.006,36,0.26,0.0,31,17.93,0.019,34,79.01,0.006,35,-0.44,0.0,32,3.08,0.0,34,96.77,0.0,32,0.35,0.006,33,17.93,0.013,34,79.37,0.006,36
1786332551.379,walk vx=0.000 vy=0.000 w=0.00,0.09,0.0,34,3.25,0.0,34,96.77,0.0,35,0.0,0.006,34,17.75,0.019,36,78.93,0.0,38,0.09,0.0,34,2.9,0.0,33,96.15,0.006,36,0.26,0.0,31,17.93,0.019,34,79.01,0.006,35,-0.44,0.0,32,3.08,0.0,34,96.77,0.0,33,0.35,0.006,33,17.93,0.013,34,79.37,0.013,36
1786332551.766,walk vx=0.000 vy=0.000 w=0.00,0.09,0.0,34,3.25,0.0,34,96.77,0.0,34,0.0,0.006,34,17.75,0.019,36,78.93,0.0,38,0.09,0.0,34,2.9,0.0,33,96.15,0.006,36,0.26,0.0,31,17.93,0.013,34,79.01,0.006,35,-0.44,0.0,32,3.08,0.0,34,96.77,0.0,33,0.35,0.006,33,17.93,0.013,34,79.37,0.006,36
1786332552.167,walk vx=0.000 vy=0.000 w=0.00,0.09,0.0,34,3.25,0.006,34,96.77,0.0,35,0.0,0.006,34,17.75,0.019,65,78.93,0.0,38,0.09,0.0,34,2.9,0.0,33,96.15,0.006,36,0.26,0.0,31,17.93,0.019,34,79.01,0.006,35,-0.44,0.0,32,3.08,0.0,34,96.77,0.0,32,0.35,0.006,33,17.93,0.013,34,79.37,0.006,36
1786332552.677,walk vx=0.000 vy=0.000 w=0.00,0.09,0.0,34,3.25,0.006,34,96.77,0.0,35,0.0,0.006,34,17.75,0.019,36,78.93,0.0,38,0.09,0.0,34,2.9,0.0,33,96.15,0.006,36,0.26,0.0,31,17.93,0.019,34,79.01,0.006,35,-0.44,0.0,32,3.08,0.0,34,96.77,0.0,33,0.35,0.013,33,17.93,0.013,34,79.37,0.006,36
1786332553.096,walk vx=0.000 vy=0.000 w=0.00,0.09,0.0,34,3.25,0.006,34,96.77,0.0,35,0.0,0.006,34,17.75,0.019,36,78.93,0.0,38,0.09,0.0,34,2.9,0.0,33,96.15,0.006,36,0.26,0.0,31,17.93,0.019,34,79.01,0.006,35,-0.44,0.0,32,3.08,0.0,34,96.77,0.0,33,0.35,0.013,33,17.93,0.013,62,79.37,0.013,36
1786332553.548,walk vx=0.000 vy=0.000 w=0.00,0.09,0.0,34,3.25,0.006,34,96.77,0.0,35,0.0,0.006,34,17.75,0.019,36,78.93,0.0,38,0.09,0.0,34,2.9,0.0,33,96.15,0.013,36,0.26,0.0,31,17.93,0.019,34,79.01,0.006,35,-0.44,0.0,32,3.08,0.0,34,96.77,0.0,32,0.35,0.013,33,17.93,0.013,34,79.37,0.013,36
1786332553.964,walk vx=0.000 vy=0.000 w=0.00,0.09,0.0,34,3.25,0.006,34,96.77,0.0,35,0.0,0.006,34,17.75,0.019,36,78.93,0.0,38,0.09,0.0,34,2.9,0.0,33,96.15,0.006,36,0.26,0.0,31,17.93,0.019,61,79.01,0.006,35,-0.44,0.0,32,3.08,0.0,34,96.77,0.0,32,0.35,0.006,33,17.93,0.013,34,79.37,0.013,36
1786332554.462,walk vx=0.000 vy=0.000 w=0.00,0.09,0.0,34,3.25,0.006,34,96.77,0.0,35,0.0,0.0,34,17.75,0.019,36,78.93,0.0,38,0.09,0.0,34,2.9,0.0,33,96.15,0.006,36,0.26,0.0,31,17.93,0.013,34,79.01,0.006,35,-0.44,0.0,32,3.08,0.0,34,96.77,0.0,33,0.35,0.013,33,17.93,0.019,34,79.37,0.006,36
1786332554.924,walk vx=0.000 vy=0.000 w=0.00,0.09,0.0,34,3.25,0.0,34,96.77,0.0,35,0.0,0.006,34,17.75,0.019,36,78.93,0.0,38,0.09,0.0,34,2.9,0.0,33,96.15,0.006,36,0.26,0.0,31,17.93,0.019,34,79.01,0.006,35,-0.44,0.0,32,3.08,0.0,34,96.77,0.0,33,0.35,0.006,33,17.93,0.013,34,79.37,0.013,36
1786332555.323,walk vx=0.000 vy=0.000 w=0.00,0.09,0.0,34,3.25,0.006,34,96.77,0.006,35,0.0,0.006,34,17.75,0.019,36,78.93,0.0,38,0.09,0.0,34,2.9,0.0,33,96.15,0.013,36,0.26,0.0,31,17.93,0.019,34,79.01,0.006,35,-0.44,0.0,32,3.08,0.0,34,96.77,0.0,33,0.35,0.006,33,17.93,0.013,34,79.37,0.006,36
1786332555.772,walk vx=0.000 vy=0.000 w=0.00,0.09,0.0,34,3.25,0.006,34,96.77,0.0,34,0.0,0.006,34,17.75,0.019,36,78.93,0.0,38,0.09,0.0,34,2.9,0.0,33,96.15,0.006,36,0.26,0.0,31,17.93,0.019,34,79.01,0.006,35,-0.44,0.0,32,3.08,0.0,34,96.77,0.0,33,0.35,0.006,33,17.93,0.013,34,79.37,0.013,36
1786332556.256,walk vx=0.000 vy=0.000 w=0.00,0.09,0.0,34,3.25,0.006,34,96.77,0.0,35,0.0,0.006,34,17.75,0.019,36,78.93,0.0,38,0.09,0.0,34,2.9,0.0,33,96.15,0.006,36,0.26,0.0,31,17.93,0.019,34,79.01,0.006,34,-0.44,0.0,32,3.08,0.0,34,96.77,0.0,32,0.35,0.0,33,17.93,0.019,34,79.37,0.006,36
1786332556.674,walk vx=0.000 vy=0.000 w=0.00,0.09,0.0,34,3.25,0.006,34,96.77,0.0,35,0.0,0.006,34,17.75,0.019,36,78.93,0.0,38,0.09,0.0,34,2.9,0.006,33,96.15,0.006,36,0.26,0.0,31,17.93,0.019,34,79.01,0.006,35,-0.44,0.0,32,3.08,0.0,34,96.77,0.0,32,0.35,0.006,33,17.93,0.013,34,79.37,0.006,36
1786332557.115,walk vx=0.000 vy=0.000 w=0.00,0.09,0.0,34,3.25,0.006,34,96.77,0.0,35,0.0,0.006,34,17.75,0.019,36,78.93,0.0,38,0.09,0.0,34,2.9,0.0,33,96.15,0.006,36,0.26,0.0,31,17.93,0.019,34,79.01,0.006,35,-0.44,0.0,32,3.08,0.0,34,96.77,0.0,33,0.35,0.006,33,17.93,0.019,34,79.37,0.006,36
1786332557.557,walk vx=0.000 vy=0.000 w=0.00,0.09,0.0,34,3.25,0.0,34,96.77,0.0,35,0.0,0.0,34,17.75,0.019,36,78.93,0.0,38,0.09,0.0,34,2.9,0.0,33,96.15,0.006,36,0.26,0.0,31,17.93,0.013,34,79.01,0.006,35,-0.44,0.0,32,3.08,0.0,34,96.77,0.0,32,0.35,0.006,33,17.93,0.013,34,79.37,0.006,36
1786332558.041,walk vx=0.000 vy=0.000 w=0.00,0.09,0.0,34,3.25,0.0,34,96.77,0.0,35,0.0,0.006,34,17.75,0.019,36,78.93,0.0,38,0.09,0.0,34,2.9,0.0,33,96.15,0.006,36,0.26,0.0,31,17.93,0.019,34,79.01,0.006,35,-0.44,0.0,32,3.08,0.0,34,96.77,0.0,33,0.35,0.006,33,17.93,0.013,34,79.37,0.006,36
1786332558.520,walk vx=0.000 vy=0.000 w=0.00,0.09,0.0,34,3.25,0.0,34,96.77,0.0,35,0.0,0.006,34,17.75,0.019,38,78.93,0.0,38,0.09,0.0,34,2.9,0.0,33,96.15,0.013,36,0.26,0.0,31,17.93,0.019,34,79.01,0.006,35,-0.44,0.0,32,3.08,0.0,34,96.77,0.0,33,0.35,0.006,33,17.93,0.013,34,79.37,0.006,36
1786332558.931,walk vx=0.000 vy=0.000 w=0.00,0.09,0.0,34,3.25,0.006,34,96.77,0.0,35,0.0,0.006,34,17.75,0.019,36,78.93,0.0,38,0.09,0.0,34,2.9,0.0,33,96.15,0.006,36,0.26,0.0,31,17.93,0.019,34,79.01,0.006,34,-0.44,0.0,32,3.08,0.0,34,96.77,0.0,32,0.35,0.006,33,17.93,0.013,34,79.37,0.013,36
1786332559.387,walk vx=0.000 vy=0.000 w=0.00,0.09,0.0,34,3.25,0.006,34,96.77,0.0,35,0.0,0.006,34,17.75,0.019,36,78.93,0.0,38,0.09,0.0,34,2.9,0.0,33,96.15,0.006,36,0.26,0.0,31,17.93,0.013,34,79.01,0.006,34,-0.44,0.0,32,3.08,0.0,34,96.77,0.0,32,0.35,0.006,33,17.93,0.019,34,79.37,0.006,36
1786332559.831,walk vx=0.000 vy=0.000 w=0.00,0.09,0.0,34,3.25,0.0,34,96.77,0.0,35,0.0,0.006,34,17.75,0.019,36,78.93,0.0,38,0.09,0.0,34,2.9,0.0,33,96.15,0.006,36,0.26,0.0,31,17.93,0.019,34,79.01,0.006,35,-0.44,0.0,32,3.08,0.0,34,96.77,0.0,33,0.35,0.006,33,17.93,0.013,34,79.37,0.006,36
1786332560.259,walk vx=0.000 vy=0.000 w=0.00,0.09,0.0,34,3.25,0.006,34,96.77,0.0,34,0.0,0.006,34,17.75,0.019,36,78.93,0.0,38,0.09,0.0,34,2.9,0.0,33,96.15,0.013,36,0.26,0.0,31,17.93,0.013,34,79.01,0.006,35,-0.44,0.0,32,3.08,0.0,34,96.77,0.0,33,0.35,0.006,33,17.93,0.013,39,79.37,0.013,36
1786332560.745,walk vx=0.000 vy=0.000 w=0.00,0.09,0.0,34,3.25,0.006,34,96.77,0.0,34,0.0,0.006,34,17.75,0.019,36,78.93,0.0,38,0.09,0.0,34,2.9,0.0,33,96.15,0.013,36,0.26,0.0,31,17.93,0.013,35,79.01,0.006,35,-0.44,0.0,32,3.08,0.0,34,96.77,0.0,33,0.35,0.006,33,17.93,0.013,34,79.37,0.006,36
1786332561.164,walk vx=0.000 vy=0.000 w=0.00,0.09,0.0,34,3.25,0.0,34,96.77,0.0,35,0.0,0.006,34,17.75,0.019,36,78.93,0.0,38,0.09,0.0,34,2.9,0.0,33,96.15,0.006,36,0.26,0.0,31,17.93,0.013,34,79.01,0.006,35,-0.44,0.0,32,3.08,0.0,34,96.77,0.0,33,0.35,0.006,33,17.93,0.013,34,79.37,0.006,36
1786332561.661,walk vx=0.000 vy=0.000 w=0.00,0.09,0.0,34,3.25,0.006,34,96.77,0.0,35,0.0,0.006,34,17.75,0.019,53,78.93,0.0,38,0.09,0.0,34,2.9,0.0,33,96.15,0.006,36,0.26,0.0,31,17.93,0.019,34,79.01,0.006,35,-0.44,0.0,32,3.08,0.0,34,96.77,0.0,32,0.35,0.006,33,17.93,0.013,34,79.37,0.006,36
1786332562.084,walk vx=0.000 vy=0.000 w=0.00,0.09,0.0,34,3.25,0.006,34,96.77,0.0,35,0.0,0.006,34,17.75,0.019,36,78.93,0.0,38,0.09,0.0,34,2.9,0.0,33,96.15,0.013,36,0.26,0.0,31,17.93,0.013,34,79.01,0.0,35,-0.44,0.0,32,3.08,0.0,34,96.77,0.0,32,0.35,0.006,33,17.93,0.013,34,79.37,0.013,36
1786332562.505,walk vx=0.000 vy=0.000 w=0.00,0.09,0.0,34,3.25,0.006,34,96.77,0.0,35,0.0,0.006,34,17.75,0.019,36,78.93,0.0,38,0.09,0.0,34,2.9,0.0,33,96.15,0.006,36,0.26,0.0,31,17.93,0.019,34,79.01,0.006,34,-0.44,0.0,32,3.08,0.0,34,96.77,0.0,33,0.35,0.006,33,17.93,0.013,34,79.37,0.006,36
1786332562.931,walk vx=0.000 vy=0.000 w=0.00,0.09,0.0,34,3.25,0.0,34,96.77,0.0,35,0.0,0.006,34,17.75,0.019,36,78.93,0.0,38,0.09,0.0,34,2.9,0.0,33,96.15,0.013,36,0.26,0.0,31,17.93,0.019,34,79.01,0.006,35,-0.44,0.0,32,3.08,0.0,34,96.77,0.0,32,0.35,0.006,33,17.93,0.013,34,79.37,0.006,36
1786332563.459,walk vx=0.000 vy=0.000 w=0.00,0.09,0.0,34,3.25,0.0,34,96.77,0.0,35,0.0,0.006,34,17.75,0.019,36,78.93,0.0,38,0.09,0.0,34,2.9,0.0,33,96.15,0.006,36,0.26,0.0,31,17.93,0.019,34,79.01,0.006,35,-0.44,0.0,32,3.08,0.0,34,96.77,0.0,33,0.35,0.006,33,17.93,0.019,34,79.37,0.006,36
1786332563.908,walk vx=0.000 vy=0.000 w=0.00,0.09,0.0,34,3.25,0.006,34,96.77,0.0,35,0.0,0.006,34,17.75,0.019,36,78.93,0.0,38,0.09,0.0,34,2.9,0.0,33,96.15,0.013,36,0.26,0.0,31,17.93,0.019,34,79.01,0.006,35,-0.44,0.0,32,3.08,0.0,34,96.77,0.0,32,0.35,0.006,33,17.93,0.019,34,79.37,0.006,36
1786332564.332,walk vx=0.000 vy=0.000 w=0.00,0.09,0.0,34,3.25,0.0,34,96.77,0.006,35,0.0,0.006,34,17.75,0.019,36,78.93,0.0,38,0.09,0.0,34,2.9,0.0,33,96.15,0.006,36,0.26,0.0,31,17.93,0.019,34,79.01,0.006,34,-0.44,0.0,32,3.08,0.0,34,96.77,0.0,33,0.35,0.006,33,17.93,0.013,34,79.37,0.006,36
1786332564.759,walk vx=0.000 vy=0.000 w=0.00,0.09,0.0,34,3.25,0.006,34,96.77,0.0,35,0.0,0.006,34,17.75,0.019,36,78.93,0.0,38,0.09,0.0,34,2.9,0.0,33,96.15,0.006,36,0.26,0.0,31,17.93,0.019,34,79.01,0.006,34,-0.44,0.0,31,3.08,0.0,34,96.77,0.0,32,0.35,0.006,33,17.93,0.013,34,79.37,0.013,36
1786332565.195,walk vx=0.000 vy=0.000 w=0.00,0.09,0.0,34,3.25,0.006,34,96.77,0.0,34,0.0,0.006,34,17.75,0.019,36,78.93,0.0,38,0.09,0.0,34,2.9,0.0,33,96.15,0.013,36,0.26,0.0,31,17.93,0.013,34,79.01,0.006,34,-0.44,0.0,32,3.08,0.0,34,96.77,0.0,32,0.35,0.006,33,17.93,0.013,34,79.37,0.013,36
1786332565.631,walk vx=0.000 vy=0.000 w=0.00,0.09,0.0,34,3.25,0.006,34,96.77,0.0,34,0.0,0.0,34,17.75,0.019,36,78.93,0.0,38,0.09,0.0,34,2.9,0.0,33,96.15,0.006,36,0.26,0.0,31,17.93,0.019,34,79.01,0.006,35,-0.44,0.0,32,3.08,0.0,34,96.77,0.0,32,0.35,0.013,33,17.93,0.013,34,79.37,0.013,36
1786332566.128,walk vx=0.000 vy=0.000 w=0.00,0.09,0.0,34,3.25,0.006,34,96.77,0.0,35,0.0,0.0,34,17.75,0.019,36,78.93,0.0,38,0.09,0.0,34,2.9,0.0,33,96.15,0.006,36,0.26,0.0,31,17.93,0.019,34,79.01,0.006,35,-0.44,0.0,32,3.08,0.0,34,96.77,0.0,32,0.35,0.013,33,17.93,0.013,56,79.37,0.013,36
1786332566.577,walk vx=0.000 vy=0.000 w=0.00,0.09,0.0,34,3.25,0.0,34,96.77,0.006,35,0.0,0.006,34,17.75,0.019,36,78.93,0.0,38,0.09,0.0,34,2.9,0.0,33,96.15,0.006,36,0.26,0.0,31,17.93,0.019,34,79.01,0.006,34,-0.44,0.0,32,3.08,0.0,34,96.77,0.0,33,0.35,0.006,33,17.93,0.013,34,79.37,0.013,36
1786332567.048,walk vx=0.000 vy=0.000 w=0.00,0.09,0.0,34,3.25,0.006,34,96.77,0.0,34,0.0,0.0,34,17.75,0.019,49,78.93,0.0,38,0.09,0.0,34,2.9,0.0,33,96.15,0.006,36,0.26,0.0,31,17.93,0.019,34,79.01,0.006,34,-0.44,0.0,32,3.08,0.0,34,96.77,0.0,33,0.35,0.006,33,17.93,0.019,34,79.37,0.006,36
1786332567.445,walk vx=0.000 vy=0.000 w=0.00,0.09,0.0,34,3.25,0.006,34,96.77,0.0,35,0.0,0.006,34,17.75,0.019,36,78.93,0.0,38,0.09,0.0,34,2.9,0.0,33,96.15,0.013,36,0.26,0.0,31,17.93,0.013,34,79.01,0.006,34,-0.44,0.0,32,3.08,0.0,34,96.77,0.0,33,0.35,0.006,33,17.93,0.013,45,79.37,0.006,36
1786332567.860,walk vx=0.000 vy=0.000 w=0.00,0.09,0.0,34,3.25,0.0,34,96.77,0.0,35,0.0,0.006,34,17.75,0.019,36,78.93,0.0,38,0.09,0.0,34,2.9,0.0,33,96.15,0.006,36,0.26,0.0,31,17.93,0.019,35,79.01,0.006,34,-0.44,0.0,32,3.08,0.0,34,96.77,0.0,32,0.35,0.006,33,17.93,0.013,34,79.37,0.013,36
1786332568.360,walk vx=0.000 vy=0.000 w=0.00,0.09,0.0,34,3.25,0.006,34,96.77,0.0,34,0.0,0.006,34,17.75,0.019,36,78.93,0.0,38,0.09,0.0,34,2.9,0.0,33,96.15,0.006,36,0.26,0.0,31,17.93,0.013,36,79.01,0.006,35,-0.44,0.0,32,3.08,0.0,34,96.77,0.0,32,0.35,0.006,33,17.93,0.013,34,79.37,0.013,36
1786332568.830,walk vx=0.000 vy=0.000 w=0.00,0.09,0.0,34,3.25,0.006,34,96.77,0.0,35,0.0,0.006,34,17.75,0.019,36,78.93,0.0,38,0.09,0.0,34,2.9,0.0,33,96.15,0.006,36,0.26,0.0,31,17.93,0.019,35,79.01,0.006,35,-0.44,0.0,32,3.08,0.0,34,96.77,0.0,33,0.35,0.006,33,17.93,0.019,34,79.37,0.013,36
1786332569.237,walk vx=0.000 vy=0.000 w=0.00,0.09,0.0,34,3.25,0.0,34,96.77,0.0,35,0.0,0.006,34,17.75,0.019,36,78.93,0.0,38,0.09,0.0,34,2.9,0.0,33,96.15,0.013,36,0.26,0.006,31,17.93,0.013,34,79.01,0.006,35,-0.44,0.0,32,3.08,0.0,34,96.77,0.0,33,0.35,0.006,33,17.93,0.019,34,79.37,0.006,36
1786332569.715,walk vx=0.000 vy=0.000 w=0.00,0.09,0.0,34,3.25,0.006,34,96.77,0.0,35,0.0,0.006,34,17.75,0.019,36,78.93,0.0,38,0.09,0.0,34,2.9,0.0,33,96.15,0.006,36,0.26,0.0,31,17.93,0.019,34,79.01,0.006,35,-0.44,0.0,32,3.08,0.0,34,96.77,0.0,32,0.35,0.006,33,17.93,0.019,34,79.37,0.006,36
1786332570.119,walk vx=0.000 vy=0.000 w=0.00,0.09,0.0,34,3.25,0.0,34,96.77,0.006,35,0.0,0.006,34,17.75,0.019,36,78.93,0.0,38,0.09,0.0,34,2.9,0.0,33,96.15,0.006,36,0.26,0.0,31,17.93,0.019,34,79.01,0.006,34,-0.44,0.0,32,3.08,0.0,34,96.77,0.0,32,0.35,0.006,33,17.93,0.013,34,79.37,0.006,36
1786332570.619,walk vx=0.000 vy=0.000 w=0.00,0.09,0.0,34,3.25,0.006,34,96.77,0.0,35,0.0,0.006,34,17.75,0.019,36,78.93,0.0,38,0.09,0.0,34,2.9,0.0,33,96.15,0.006,36,0.26,0.0,31,17.93,0.019,34,79.01,0.006,34,-0.44,0.0,31,3.08,0.0,34,96.77,0.0,32,0.35,0.006,33,17.93,0.013,34,79.37,0.006,36
1786332571.061,walk vx=0.000 vy=0.000 w=0.00,0.09,0.0,34,3.25,0.006,34,96.77,0.0,35,0.0,0.006,34,17.75,0.019,36,78.93,0.0,38,0.09,0.0,34,2.9,0.0,33,96.15,0.013,36,0.26,0.0,31,17.93,0.013,34,79.01,0.006,34,-0.44,0.0,31,3.08,0.0,34,96.77,0.0,32,0.35,0.006,33,17.93,0.013,34,79.37,0.013,36
1786332571.471,walk vx=0.000 vy=0.000 w=0.00,0.09,0.0,34,3.25,0.006,34,96.77,0.0,35,0.0,0.006,34,17.75,0.019,36,78.93,0.0,38,0.09,0.0,34,2.9,0.0,33,96.15,0.006,36,0.26,0.0,31,17.93,0.019,34,79.01,0.006,34,-0.44,0.0,32,3.08,0.0,34,96.77,0.0,33,0.35,0.006,33,17.93,0.013,34,79.37,0.013,36
1786332571.862,walk vx=0.000 vy=0.000 w=0.00,0.09,0.0,34,3.25,0.006,34,96.77,0.0,34,0.0,0.006,34,17.75,0.019,36,78.93,0.0,38,0.09,0.0,34,2.9,0.0,33,96.15,0.006,36,0.26,0.0,31,17.93,0.019,34,79.01,0.006,35,-0.44,0.0,32,3.08,0.0,34,96.77,0.0,33,0.35,0.006,33,17.93,0.013,34,79.37,0.006,36
1786332572.338,walk vx=0.000 vy=0.000 w=0.00,0.09,0.0,34,3.25,0.006,34,96.77,0.0,35,0.0,0.006,34,17.75,0.019,36,78.93,0.0,38,0.09,0.0,34,2.9,0.0,33,96.15,0.013,36,0.26,0.0,31,17.93,0.019,34,79.01,0.013,35,-0.44,0.0,32,3.08,0.0,34,96.77,0.0,32,0.35,0.006,33,17.93,0.013,34,79.37,0.006,36
1786332572.791,walk vx=0.000 vy=0.000 w=0.00,0.09,0.0,34,3.25,0.006,34,96.77,0.0,35,0.0,0.006,34,17.75,0.019,36,78.93,0.0,38,0.09,0.0,34,2.9,0.0,33,96.15,0.006,36,0.26,0.0,31,17.93,0.019,34,79.01,0.006,35,-0.44,0.0,32,3.08,0.0,34,96.77,0.0,32,0.35,0.006,33,17.93,0.013,34,79.37,0.013,37
1786332573.249,walk vx=0.000 vy=0.000 w=0.00,0.09,0.0,34,3.25,0.0,34,96.77,0.0,35,0.0,0.006,34,17.75,0.019,36,78.93,0.0,38,0.09,0.0,34,2.9,0.0,33,96.15,0.013,36,0.26,0.0,31,17.93,0.019,34,79.01,0.006,35,-0.44,0.0,32,3.08,0.0,34,96.77,0.0,32,0.35,0.006,33,17.93,0.013,34,79.37,0.013,36
1786332573.691,walk vx=0.000 vy=0.000 w=0.00,0.09,0.0,34,3.25,0.006,34,96.77,0.0,35,0.0,0.006,34,17.75,0.019,36,78.93,0.0,38,0.09,0.0,34,2.9,0.0,33,96.15,0.006,36,0.26,0.0,31,17.93,0.013,34,79.01,0.013,35,-0.44,0.0,32,3.08,0.0,34,96.77,0.0,32,0.35,0.006,33,17.93,0.019,34,79.37,0.013,36
1786332574.147,walk vx=0.000 vy=0.000 w=0.00,0.09,0.0,34,3.25,0.006,34,96.77,0.0,34,0.0,0.006,34,17.75,0.019,36,78.93,0.0,38,0.09,0.0,34,2.9,0.0,33,96.15,0.006,36,0.26,0.0,31,17.93,0.019,34,79.01,0.006,35,-0.44,0.0,32,3.08,0.0,34,96.77,0.0,32,0.35,0.006,33,17.93,0.013,55,79.37,0.006,36
1786332574.546,walk vx=0.000 vy=0.000 w=0.00,0.09,0.0,34,3.25,0.006,34,96.77,0.006,35,0.0,0.006,34,17.75,0.019,36,78.93,0.0,38,0.09,0.0,34,2.9,0.0,33,96.15,0.013,36,0.26,0.0,31,17.93,0.019,34,79.01,0.006,35,-0.44,0.0,32,3.08,0.0,34,96.77,0.0,33,0.35,0.006,33,17.93,0.013,34,79.37,0.006,36
1786332575.001,walk vx=0.000 vy=0.000 w=0.00,0.09,0.0,34,3.25,0.006,34,96.77,0.0,35,0.0,0.006,34,17.75,0.019,36,78.93,0.0,38,0.09,0.0,34,2.9,0.0,33,96.15,0.013,36,0.26,0.0,31,17.93,0.019,34,79.01,0.006,35,-0.44,0.0,32,3.08,0.0,34,96.77,0.0,33,0.35,0.006,33,17.93,0.013,34,79.37,0.013,36
1786332575.434,walk vx=0.000 vy=0.000 w=0.00,0.09,0.0,34,3.25,0.006,34,96.77,0.0,35,0.0,0.006,34,17.75,0.019,36,78.93,0.0,38,0.09,0.0,34,2.9,0.0,33,96.15,0.006,36,0.26,0.0,31,17.93,0.013,37,79.01,0.006,34,-0.44,0.0,32,3.08,0.0,34,96.77,0.0,33,0.35,0.006,33,17.93,0.013,34,79.37,0.013,36
1786332575.900,walk vx=0.000 vy=0.000 w=0.00,0.09,0.0,34,3.25,0.006,34,96.77,0.0,35,0.0,0.006,34,17.75,0.019,36,78.93,0.0,38,0.09,0.0,34,2.9,0.0,33,96.15,0.013,36,0.26,0.0,31,17.93,0.019,34,79.01,0.006,34,-0.44,0.0,32,3.08,0.0,34,96.77,0.0,33,0.35,0.006,33,17.93,0.013,34,79.37,0.013,36
1786332576.339,walk vx=0.000 vy=0.000 w=0.00,0.09,0.0,34,3.25,0.006,34,96.77,0.0,35,0.0,0.006,34,17.75,0.019,70,78.93,0.0,38,0.09,0.0,34,2.9,0.0,33,96.15,0.013,36,0.26,0.0,31,17.93,0.019,34,79.01,0.006,35,-0.44,0.0,32,3.08,0.0,34,96.77,0.0,32,0.35,0.006,33,17.93,0.013,34,79.37,0.006,36
1786332576.757,walk vx=0.000 vy=0.000 w=0.00,0.09,0.0,34,3.25,0.006,34,96.77,0.006,35,0.0,0.013,34,17.75,0.019,36,78.93,0.0,38,0.09,0.0,34,2.9,0.0,33,96.15,0.013,36,0.26,0.0,31,17.93,0.019,36,79.01,0.006,34,-0.44,0.0,31,3.08,0.0,34,96.77,0.0,32,0.35,0.006,33,17.93,0.013,34,79.37,0.006,36
1786332577.207,walk vx=0.000 vy=0.000 w=0.00,0.09,0.0,34,3.25,0.0,34,96.77,0.0,35,0.0,0.006,34,17.75,0.019,36,78.93,0.0,38,0.09,0.0,34,2.9,0.0,33,96.15,0.006,36,0.26,0.0,31,17.93,0.019,34,79.01,0.006,35,-0.44,0.0,32,3.08,0.0,34,96.77,0.0,32,0.35,0.006,33,17.93,0.013,34,79.37,0.006,36
1786332577.657,walk vx=0.000 vy=0.000 w=0.00,0.09,0.0,34,3.25,0.006,34,96.77,0.006,35,0.0,0.006,34,17.75,0.019,36,78.93,0.0,38,0.09,0.0,34,2.9,0.0,33,96.15,0.006,36,0.26,0.0,31,17.93,0.019,34,79.01,0.013,35,-0.44,0.0,32,3.08,0.0,34,96.77,0.0,32,0.35,0.006,33,17.93,0.013,34,79.37,0.013,36
1786332578.092,walk vx=0.000 vy=0.000 w=0.00,0.09,0.0,34,3.25,0.006,34,96.77,0.0,35,0.0,0.006,34,17.75,0.019,36,78.93,0.0,38,0.09,0.0,34,2.9,0.0,33,96.15,0.006,36,0.26,0.0,31,17.93,0.013,34,79.01,0.006,35,-0.44,0.0,32,3.08,0.0,34,96.77,0.0,32,0.35,0.006,33,17.93,0.013,34,79.37,0.006,36
1786332578.548,walk vx=0.000 vy=0.000 w=0.00,0.09,0.0,34,3.25,0.006,34,96.77,0.006,34,0.0,0.006,34,17.75,0.019,36,78.93,0.0,38,0.09,0.0,34,2.9,0.0,33,96.15,0.006,36,0.26,0.0,31,17.93,0.013,34,79.01,0.006,35,-0.44,0.0,31,3.08,0.0,34,96.77,0.0,33,0.35,0.006,33,17.93,0.013,34,79.37,0.006,36
1786332579.003,walk vx=0.000 vy=0.000 w=0.00,0.09,0.0,34,3.25,0.006,34,96.77,0.0,35,0.0,0.006,34,17.75,0.019,36,78.93,0.0,38,0.09,0.0,34,2.9,0.0,33,96.15,0.006,36,0.26,0.0,31,17.93,0.019,34,79.01,0.006,34,-0.44,0.0,32,3.08,0.0,34,96.77,0.0,32,0.35,0.006,33,17.93,0.013,34,79.37,0.006,36
1786332579.456,walk vx=0.000 vy=0.000 w=0.00,0.09,0.0,34,3.25,0.0,34,96.77,0.006,35,0.0,0.006,34,17.75,0.019,36,78.93,0.0,38,0.09,0.0,34,2.9,0.0,33,96.15,0.006,36,0.26,0.0,31,17.93,0.019,34,79.01,0.006,35,-0.44,0.0,32,3.08,0.0,34,96.77,0.0,32,0.35,0.006,33,17.93,0.013,34,79.37,0.006,36
1786332579.886,walk vx=0.000 vy=0.000 w=0.00,0.09,0.0,34,3.25,0.006,34,96.77,0.006,35,0.0,0.006,34,17.75,0.019,36,78.93,0.0,38,0.09,0.0,34,2.9,0.0,33,96.15,0.006,36,0.26,0.0,31,17.93,0.019,34,79.01,0.006,35,-0.44,0.0,32,3.08,0.0,34,96.77,0.0,33,0.35,0.006,33,17.84,0.026,34,79.37,0.006,36
1786332580.283,walk vx=0.000 vy=0.000 w=0.00,0.09,0.0,34,3.25,0.006,34,96.77,0.0,35,0.0,0.006,34,17.75,0.019,36,78.93,0.0,38,0.09,0.0,34,2.9,0.0,33,96.15,0.013,36,0.26,0.0,31,17.93,0.019,34,79.01,0.013,35,-0.44,0.0,32,3.08,0.0,34,96.77,0.0,32,0.35,0.006,33,17.84,0.013,34,79.37,0.013,36
1786332580.722,walk vx=0.000 vy=0.000 w=0.00,0.09,0.0,34,3.25,0.006,34,96.77,0.0,34,0.0,0.006,34,17.75,0.019,36,78.93,0.0,38,0.09,0.0,34,2.9,0.0,33,96.15,0.006,36,0.26,0.0,31,17.93,0.019,34,79.01,0.006,35,-0.44,0.0,32,3.08,0.0,34,96.77,0.0,33,0.35,0.013,33,17.84,0.013,34,79.37,0.013,36
1786332581.158,walk vx=0.000 vy=0.000 w=0.00,0.09,0.0,34,3.25,0.0,34,96.77,0.006,35,0.0,0.006,34,17.75,0.019,37,78.93,0.0,38,0.09,0.0,34,2.9,0.0,33,96.15,0.006,36,0.26,0.0,31,17.93,0.019,34,79.01,0.006,35,-0.44,0.0,31,3.08,0.0,34,96.77,0.0,32,0.35,0.006,33,17.84,0.019,34,79.37,0.013,36
1786332581.641,walk vx=0.000 vy=0.000 w=0.00,0.09,0.0,34,3.25,0.0,34,96.77,0.0,35,0.0,0.0,34,17.75,0.013,36,78.93,0.0,38,0.09,0.0,34,2.9,0.0,33,96.15,0.006,36,0.26,0.0,31,17.93,0.019,34,79.01,0.006,34,-0.44,0.0,31,3.08,0.0,34,96.77,0.0,32,0.35,0.0,33,17.84,0.013,34,79.37,0.006,36
1786332582.025,walk vx=0.000 vy=0.000 w=0.00,0.09,0.0,34,3.25,0.006,34,96.77,0.0,35,0.0,0.006,34,17.75,0.019,36,78.93,0.0,38,0.09,0.0,34,2.9,0.0,33,96.15,0.006,36,0.26,0.0,31,17.93,0.019,34,79.01,0.006,34,-0.44,0.0,32,3.08,0.0,34,96.77,0.0,33,0.35,0.006,33,17.84,0.019,34,79.37,0.006,36
1786332582.417,walk vx=0.000 vy=0.000 w=0.00,0.09,0.0,34,3.25,0.006,34,96.77,0.006,35,0.0,0.006,34,17.75,0.019,36,78.93,0.0,38,0.09,0.0,34,2.9,0.0,33,96.15,0.006,36,0.26,0.0,31,17.93,0.019,34,79.01,0.006,34,-0.44,0.0,32,3.08,0.0,34,96.77,0.0,32,0.35,0.006,33,17.84,0.013,34,79.37,0.006,36
1786332582.882,walk vx=0.000 vy=0.000 w=0.00,0.09,0.0,34,3.25,0.006,34,96.77,0.006,35,0.0,0.006,34,17.75,0.019,36,78.93,0.0,38,0.09,0.0,34,2.9,0.0,33,96.15,0.013,36,0.26,0.0,31,17.93,0.019,34,79.01,0.006,34,-0.44,0.0,31,3.08,0.0,34,96.77,0.0,32,0.35,0.006,33,17.84,0.013,34,79.37,0.006,36
1786332583.349,walk vx=0.000 vy=0.000 w=0.00,0.09,0.0,34,3.25,0.006,34,96.77,0.006,35,0.0,0.006,34,17.75,0.019,36,78.93,0.0,38,0.09,0.0,34,2.9,0.0,33,96.15,0.006,36,0.26,0.0,31,17.93,0.019,34,79.01,0.006,34,-0.44,0.0,32,3.08,0.0,34,96.77,0.0,32,0.35,0.006,33,17.84,0.019,34,79.37,0.006,36
1786332583.814,walk vx=0.000 vy=0.000 w=0.00,0.09,0.0,34,3.25,0.006,34,96.77,0.006,34,0.0,0.006,34,17.75,0.019,36,78.93,0.0,38,0.09,0.0,34,2.9,0.0,33,96.15,0.006,36,0.26,0.0,31,17.93,0.013,34,79.01,0.006,35,-0.44,0.0,31,3.08,0.0,34,96.77,0.0,32,0.35,0.006,33,17.84,0.019,34,79.37,0.013,36
1786332584.162,walk vx=0.000 vy=0.000 w=0.00,0.09,0.0,34,3.25,0.006,34,96.77,0.0,34,0.0,0.006,34,17.75,0.019,64,78.93,0.0,38,0.09,0.0,34,2.9,0.0,33,96.15,0.006,36,0.26,0.0,31,17.93,0.013,34,79.01,0.006,34,-0.44,0.0,32,3.08,0.0,34,96.77,0.0,33,0.35,0.006,33,17.84,0.019,34,79.37,0.006,36
1786332584.538,walk vx=0.000 vy=0.000 w=0.00,0.09,0.0,34,3.25,0.006,34,96.77,0.0,35,0.0,0.006,34,17.75,0.026,36,78.93,0.0,38,0.09,0.0,34,2.9,0.0,33,96.15,0.006,36,0.26,0.0,31,17.93,0.019,34,79.01,0.006,35,-0.44,0.0,31,3.08,0.0,34,96.77,0.0,32,0.35,0.006,33,17.84,0.013,34,79.37,0.006,36
1786332585.053,walk vx=0.000 vy=0.000 w=0.00,0.09,0.0,34,3.25,0.0,34,96.77,0.0,35,0.0,0.013,34,17.75,0.019,36,78.93,0.0,38,0.09,0.006,34,2.9,0.0,33,96.15,0.006,36,0.26,0.0,31,17.93,0.019,35,79.01,0.006,34,-0.44,0.0,31,3.08,0.0,34,96.77,0.0,33,0.35,0.006,33,17.84,0.013,34,79.37,0.013,36
1786332585.480,walk vx=0.000 vy=0.000 w=0.00,0.09,0.0,34,3.25,0.006,34,96.77,0.0,34,0.0,0.006,34,17.75,0.019,36,78.93,0.0,38,0.09,0.0,34,2.9,0.0,33,96.15,0.013,36,0.26,0.0,31,17.93,0.013,35,79.01,0.006,35,-0.44,0.0,32,3.08,0.0,34,96.77,0.0,32,0.35,0.006,33,17.84,0.013,34,79.37,0.006,36
1786332585.954,walk vx=0.000 vy=0.000 w=0.00,0.09,0.0,34,3.25,0.0,34,96.77,0.0,35,0.0,0.006,34,17.75,0.019,36,78.93,0.0,38,0.09,0.0,34,2.9,0.0,33,96.15,0.006,36,0.26,0.0,31,17.93,0.019,63,79.01,0.006,35,-0.44,0.0,31,3.08,0.0,34,96.77,0.0,32,0.35,0.006,33,17.84,0.019,34,79.37,0.013,36
1786332586.351,walk vx=0.000 vy=0.000 w=0.00,0.09,0.0,34,3.25,0.006,34,96.77,0.0,34,0.0,0.006,34,17.75,0.019,36,78.93,0.0,38,0.09,0.0,34,2.9,0.0,33,96.15,0.006,36,0.26,0.0,31,17.93,0.013,34,79.01,0.006,35,-0.44,0.0,32,3.08,0.0,34,96.77,0.0,32,0.35,0.006,33,17.84,0.013,35,79.37,0.013,36
1786332586.782,walk vx=0.000 vy=0.000 w=0.00,0.09,0.0,34,3.25,0.006,34,96.77,0.0,35,0.0,0.006,34,17.75,0.019,36,78.93,0.0,38,0.09,0.0,34,2.9,0.0,33,96.15,0.006,36,0.26,0.0,31,17.93,0.019,34,79.01,0.006,35,-0.44,0.0,32,3.08,0.0,34,96.77,0.0,32,0.35,0.006,33,17.84,0.019,34,79.37,0.006,36
1786332587.203,walk vx=0.000 vy=0.000 w=0.00,0.09,0.0,34,3.25,0.006,34,96.77,0.0,35,0.0,0.006,34,17.75,0.019,36,78.93,0.0,38,0.09,0.0,34,2.9,0.0,33,96.15,0.006,36,0.26,0.0,31,17.93,0.019,34,79.01,0.006,35,-0.44,0.0,32,3.08,0.0,34,96.77,0.0,32,0.35,0.006,33,17.84,0.019,34,79.37,0.013,36
1786332587.596,walk vx=0.000 vy=0.000 w=0.00,0.09,0.0,34,3.25,0.0,34,96.77,0.006,35,0.0,0.006,34,17.75,0.019,57,78.93,0.0,37,0.09,0.0,34,2.9,0.0,33,96.15,0.006,36,0.26,0.0,31,17.93,0.013,34,79.01,0.013,35,-0.44,0.0,32,3.08,0.0,34,96.77,0.0,33,0.35,0.013,33,17.84,0.019,34,79.37,0.006,36
1786332588.073,walk vx=0.000 vy=0.000 w=0.00,0.09,0.0,34,3.25,0.006,34,96.77,0.0,35,0.0,0.0,34,17.75,0.019,36,78.93,0.0,37,0.09,0.0,34,2.9,0.0,33,96.15,0.006,36,0.26,0.0,31,17.93,0.013,34,79.01,0.006,34,-0.44,0.0,31,3.08,0.0,34,96.77,0.0,33,0.35,0.006,33,17.84,0.019,34,79.37,0.013,36
1786332588.605,walk vx=0.000 vy=0.000 w=0.00,0.09,0.0,34,3.25,0.006,34,96.77,0.0,35,0.0,0.006,34,17.75,0.019,36,78.93,0.0,38,0.09,0.0,34,2.9,0.0,33,96.15,0.006,36,0.26,0.0,31,17.93,0.019,34,79.01,0.006,35,-0.44,0.0,32,3.08,0.0,34,96.77,0.0,32,0.35,0.006,33,17.84,0.019,34,79.37,0.013,36
1786332589.017,walk vx=0.000 vy=0.000 w=0.00,0.09,0.0,34,3.25,0.0,34,96.77,0.0,35,0.0,0.006,34,17.75,0.013,36,78.93,0.0,38,0.09,0.0,34,2.9,0.0,33,96.15,0.013,36,0.26,0.0,31,17.93,0.013,34,79.01,0.006,34,-0.44,0.0,32,3.08,0.0,34,96.77,0.0,32,0.35,0.006,33,17.84,0.019,34,79.37,0.013,36
1786332589.461,walk vx=0.050 vy=0.000 w=0.00,0.09,0.013,34,3.25,0.006,34,96.59,0.006,35,0.09,0.006,34,16.61,0.0,36,81.21,0.019,38,-0.88,0.006,34,7.12,0.019,33,92.72,0.091,36,0.79,0.006,31,11.43,0.006,34,89.74,0.013,34,-3.96,0.019,32,15.21,0.143,34,81.3,0.0,32,2.81,0.026,33,6.68,0.0,34,91.76,0.026,36
1786332589.937,walk vx=0.050 vy=0.000 w=0.00,1.14,0.0,34,18.54,0.013,34,82.35,0.0,34,-3.6,0.013,34,14.77,0.052,36,82.44,0.033,38,-2.29,0.013,34,11.43,0.006,33,85.17,0.019,36,-2.9,0.026,31,17.4,0.006,34,76.9,0.006,35,5.71,0.006,32,13.89,0.163,34,84.55,0.033,32,0.88,0.026,33,14.24,0.033,34,89.21,0.013,36
1786332590.545,walk vx=0.050 vy=0.000 w=0.00,2.99,0.006,34,18.11,0.019,34,80.42,0.013,35,-3.25,0.026,34,7.82,0.006,36,84.64,0.039,38,1.49,0.019,34,10.81,0.019,33,82.18,0.0,36,-0.62,0.006,31,13.62,0.0,34,77.87,0.013,35,-2.37,0.026,31,5.98,0.013,34,88.07,0.006,32,-3.52,0.013,33,18.37,0.006,34,81.47,0.0,36
1786332591.026,walk vx=0.050 vy=0.000 w=0.00,-1.58,0.039,34,8.79,0.013,34,95.01,0.013,35,5.27,0.006,34,14.85,0.0,36,86.4,0.13,38,0.44,0.006,34,11.43,0.019,33,86.57,0.117,36,2.46,0.013,31,7.91,0.006,34,92.2,0.0,34,-2.72,0.0,32,16.96,0.123,34,79.19,0.039,33,1.23,0.013,33,6.86,0.013,34,89.56,0.045,36
1786332591.500,walk vx=0.050 vy=0.000 w=0.00,-0.35,0.006,34,14.33,0.039,34,84.55,0.013,35,-4.83,0.019,34,12.92,0.117,36,82.88,0.013,37,-2.72,0.0,34,9.23,0.0,33,84.11,0.013,36,-2.11,0.006,31,17.05,0.0,34,81.04,0.0,35,4.92,0.019,32,15.47,0.104,34,81.21,0.033,33,1.58,0.0,33,10.81,0.006,34,92.55,0.006,36
1786332592.106,walk vx=0.050 vy=0.000 w=0.00,1.85,0.0,34,17.84,0.006,34,81.56,0.013,35,-2.81,0.026,34,5.36,0.026,36,90.09,0.006,38,0.44,0.019,34,12.39,0.006,33,81.65,0.013,36,-1.85,0.006,31,12.83,0.013,34,84.55,0.013,34,-0.35,0.033,32,8.96,0.0,34,89.91,0.0,33,-2.37,0.006,33,16.26,0.065,34,81.04,0.006,36
1786332592.571,walk vx=0.050 vy=0.000 w=0.00,-0.79,0.033,34,10.46,0.006,34,90.0,0.0,35,5.27,0.039,34,16.26,0.0,36,80.51,0.078,38,0.88,0.0,34,15.73,0.033,33,85.87,0.091,36,3.34,0.006,31,10.63,0.0,34,83.94,0.006,35,-4.92,0.013,32,16.08,0.0,34,79.37,0.019,33,0.44,0.006,33,13.71,0.045,34,84.99,0.136,36
1786332593.025,walk vx=0.050 vy=0.000 w=0.00,-0.79,0.0,34,14.06,0.026,34,86.22,0.019,35,-4.39,0.052,34,16.88,0.045,36,78.93,0.006,38,-2.72,0.006,34,8.7,0.006,33,81.12,0.013,36,-0.97,0.006,31,13.27,0.026,34,81.91,0.026,34,5.8,0.013,31,11.43,0.084,34,84.9,0.026,32,2.72,0.0,33,6.24,0.013,34,93.16,0.0,36
1786332593.603,walk vx=0.050 vy=0.000 w=0.00,2.9,0.0,34,18.11,0.019,34,81.47,0.013,35,-3.96,0.0,34,9.76,0.208,36,88.15,0.052,37,-1.23,0.013,34,6.06,0.026,33,89.38,0.019,36,-2.37,0.0,31,17.58,0.006,34,78.22,0.019,35,4.48,0.006,32,9.23,0.026,34,85.61,0.033,32,-0.09,0.006,33,17.05,0.039,34,85.96,0.0,36
1786332594.211,walk vx=0.050 vy=0.000 w=0.00,1.85,0.006,34,15.38,0.019,34,83.94,0.0,35,0.18,0.026,34,8.53,0.0,36,83.76,0.006,37,2.2,0.006,34,17.67,0.0,33,83.32,0.097,36,0.79,0.013,31,11.6,0.013,34,81.3,0.013,34,-5.45,0.026,32,11.87,0.0,34,89.56,0.019,32,-2.55,0.006,33,17.14,0.019,34,81.65,0.039,36
1786332594.710,walk vx=0.050 vy=0.000 w=0.00,-2.37,0.006,34,10.28,0.0,34,86.4,0.013,35,3.08,0.033,34,16.61,0.0,36,82.79,0.214,38,-0.62,0.006,34,14.77,0.026,33,82.79,0.117,36,1.41,0.013,31,8.96,0.006,34,87.89,0.006,35,-0.53,0.006,32,17.4,0.033,34,80.77,0.013,32,2.2,0.006,33,7.56,0.006,34,90.09,0.019,36
1786332595.209,walk vx=0.050 vy=0.000 w=0.00,0.35,0.0,34,15.47,0.019,34,88.68,0.006,35,-5.54,0.013,34,9.67,0.143,36,87.1,0.052,38,-1.41,0.013,34,5.89,0.019,33,87.89,0.026,36,-2.46,0.0,31,16.44,0.084,34,77.17,0.0,35,5.01,0.006,32,6.33,0.026,34,80.95,0.006,32,0.35,0.006,33,15.56,0.0,34,87.63,0.006,36
1786332595.750,walk vx=0.050 vy=0.000 w=0.00,2.64,0.006,34,16.79,0.039,34,82.44,0.0,35,-0.18,0.026,34,8.35,0.0,36,85.43,0.0,38,2.02,0.013,34,17.49,0.0,33,79.63,0.039,36,0.44,0.006,31,11.34,0.045,34,80.07,0.006,35,-3.69,0.026,31,12.92,0.013,34,94.57,0.019,32,-2.81,0.013,33,18.81,0.0,34,82.0,0.065,36
1786332596.235,walk vx=0.050 vy=0.000 w=0.00,-2.29,0.0,34,9.05,0.0,34,89.21,0.026,35,2.46,0.039,34,16.35,0.0,36,84.55,0.234,38,-0.35,0.013,34,15.03,0.026,33,79.37,0.019,36,2.37,0.006,31,7.82,0.013,34,90.53,0.006,35,-3.34,0.0,32,16.17,0.0,34,79.8,0.006,32,0.97,0.006,33,6.24,0.045,34,87.28,0.084,36
1786332596.759,walk vx=0.050 vy=0.000 w=0.00,-0.44,0.013,34,14.68,0.033,34,87.98,0.019,35,-5.19,0.045,34,13.45,0.071,36,85.87,0.045,37,-2.37,0.006,34,6.33,0.006,33,89.47,0.013,50,-2.72,0.026,31,16.88,0.019,34,79.98,0.006,34,4.92,0.006,32,5.98,0.026,34,81.91,0.019,32,-0.09,0.006,33,17.23,0.0,34,87.71,0.0,36
1786332597.195,walk vx=0.050 vy=0.000 w=0.00,1.67,0.0,34,14.94,0.045,34,84.02,0.033,35,0.62,0.039,34,8.0,0.0,36,84.81,0.013,38,2.02,0.013,34,16.96,0.006,33,78.13,0.026,36,0.79,0.013,31,11.43,0.013,35,78.4,0.006,35,-3.96,0.033,32,10.9,0.0,34,94.75,0.006,33,-3.16,0.006,33,19.07,0.033,34,82.18,0.058,36
1786332597.762,walk vx=0.050 vy=0.000 w=0.00,-1.14,0.006,34,8.88,0.019,34,87.28,0.013,35,3.69,0.033,34,16.0,0.0,36,87.01,0.136,38,0.35,0.006,34,16.26,0.019,33,79.63,0.033,36,2.55,0.013,31,8.09,0.013,34,92.37,0.0,35,-3.78,0.006,32,17.05,0.013,34,79.01,0.006,33,0.79,0.013,33,6.68,0.039,34,89.47,0.045,36
1786332598.283,walk vx=0.050 vy=0.000 w=0.00,-0.79,0.006,34,13.71,0.013,34,90.0,0.026,35,-4.83,0.033,34,15.82,0.078,36,82.62,0.006,37,-2.99,0.0,34,5.71,0.0,33,89.74,0.006,36,-1.67,0.0,31,17.14,0.0,34,77.61,0.0,34,4.66,0.006,32,10.46,0.052,34,84.9,0.026,33,1.14,0.006,33,14.77,0.019,34,88.86,0.006,36
1786332598.786,walk vx=0.050 vy=0.000 w=0.00,3.08,0.006,34,17.4,0.058,34,81.12,0.013,35,-1.93,0.019,34,5.27,0.006,36,84.99,0.019,38,2.02,0.019,34,16.52,0.013,33,78.31,0.006,36,-0.18,0.006,31,11.95,0.013,34,77.7,0.006,35,-3.78,0.019,32,9.32,0.013,34,89.03,0.013,32,-3.16,0.013,33,18.9,0.033,34,82.62,0.0,36
1786332599.364,walk vx=0.050 vy=0.000 w=0.00,-0.97,0.013,34,13.71,0.006,34,85.34,0.019,35,5.01,0.0,34,12.83,0.0,36,87.36,0.052,38,2.11,0.0,34,17.4,0.026,33,77.52,0.013,36,2.9,0.019,31,9.23,0.013,34,91.49,0.0,35,-4.22,0.013,32,12.57,0.006,34,84.2,0.039,33,-0.79,0.006,33,13.45,0.058,34,84.11,0.045,36
1786332599.869,walk vx=0.050 vy=0.000 w=0.00,-2.2,0.013,34,7.82,0.026,34,91.41,0.0,34,0.7,0.013,34,16.88,0.039,36,79.01,0.006,38,-3.34,0.026,34,6.94,0.006,34,88.86,0.013,36,-0.53,0.0,31,13.45,0.006,35,76.03,0.006,34,3.25,0.013,32,13.62,0.104,34,87.45,0.156,32,2.72,0.006,33,10.55,0.013,34,90.79,0.006,36
1786332600.354,walk vx=0.050 vy=0.000 w=0.00,2.81,0.006,34,18.02,0.019,34,81.21,0.0,35,-5.27,0.013,34,7.82,0.071,36,87.19,0.033,38,0.26,0.013,34,14.5,0.019,33,78.4,0.045,36,-1.93,0.0,31,14.77,0.019,34,76.82,0.006,35,1.32,0.013,32,7.65,0.006,34,86.4,0.006,32,-2.37,0.006,33,17.31,0.006,34,81.65,0.0,36
1786332600.855,walk vx=0.050 vy=0.000 w=0.00,-0.09,0.019,34,15.29,0.006,34,86.57,0.026,35,2.37,0.045,34,8.88,0.006,36,90.26,0.006,38,2.2,0.006,34,17.75,0.013,33,77.7,0.013,36,2.64,0.019,31,11.25,0.033,34,89.91,0.019,35,-5.8,0.033,32,12.66,0.0,34,86.84,0.013,32,-2.11,0.026,33,14.68,0.065,34,80.33,0.0,36
1786332601.454,walk vx=0.050 vy=0.000 w=0.00,-2.37,0.0,34,8.44,0.0,34,90.35,0.013,35,2.55,0.026,34,15.91,0.0,36,80.51,0.019,37,-0.44,0.013,34,13.45,0.058,33,82.97,0.033,36,1.14,0.013,31,8.88,0.006,34,80.33,0.0,34,1.85,0.019,32,17.23,0.084,34,79.37,0.006,32,2.55,0.013,33,10.9,0.0,34,92.37,0.013,36
1786332601.946,walk vx=0.050 vy=0.000 w=0.00,0.7,0.0,34,17.4,0.006,34,84.29,0.033,35,-4.04,0.0,34,8.88,0.117,36,81.47,0.006,37,-1.32,0.019,34,6.24,0.006,33,85.87,0.013,36,-2.2,0.006,31,16.17,0.104,34,77.52,0.039,34,3.87,0.006,32,7.65,0.052,34,91.93,0.0,32,-0.09,0.006,33,14.68,0.026,34,84.81,0.013,36
1786332602.439,walk vx=0.050 vy=0.000 w=0.00,1.41,0.006,34,11.69,0.052,34,81.91,0.006,35,0.09,0.013,34,9.84,0.0,36,92.11,0.013,38,2.81,0.019,34,17.93,0.006,33,79.54,0.039,36,0.88,0.006,31,13.71,0.039,34,87.45,0.052,34,-2.2,0.026,32,6.5,0.006,34,89.65,0.0,32,-2.2,0.006,33,17.84,0.019,34,81.3,0.019,36
1786332603.064,walk vx=0.050 vy=0.000 w=0.00,-0.44,0.006,34,8.17,0.006,34,93.87,0.006,35,4.13,0.006,34,11.87,0.0,36,80.86,0.013,37,0.88,0.006,34,8.35,0.019,33,85.69,0.091,36,2.9,0.0,31,9.58,0.006,35,82.53,0.0,35,-3.87,0.013,32,15.21,0.039,34,80.16,0.026,32,0.97,0.033,33,11.16,0.019,34,86.75,0.026,36
1786332603.533,walk vx=0.050 vy=0.000 w=0.00,-0.97,0.006,34,17.49,0.039,34,84.11,0.006,40,-2.72,0.033,34,13.27,0.111,36,79.01,0.0,38,-3.08,0.006,34,11.16,0.006,33,89.12,0.013,36,-1.49,0.013,31,16.17,0.0,34,78.31,0.078,35,5.01,0.0,32,13.8,0.136,34,81.91,0.013,32,1.23,0.006,33,11.69,0.045,34,89.3,0.0,36
1786332604.030,walk vx=0.050 vy=0.000 w=0.00,3.08,0.006,34,18.19,0.019,34,81.65,0.019,35,-2.02,0.039,34,9.4,0.052,36,93.6,0.006,37,1.14,0.013,34,11.16,0.033,33,77.87,0.0,36,-0.62,0.006,31,12.74,0.052,34,89.65,0.033,35,-3.96,0.026,32,6.24,0.019,34,93.08,0.006,33,-3.16,0.006,33,16.61,0.045,34,80.77,0.006,36
1786332604.503,walk vx=0.050 vy=0.000 w=0.00,-1.93,0.019,34,7.38,0.019,34,93.6,0.026,35,4.57,0.006,34,11.43,0.0,36,81.12,0.026,39,-0.09,0.026,34,14.85,0.052,33,77.96,0.013,36,2.99,0.0,31,6.06,0.013,34,82.44,0.006,34,-3.43,0.0,32,17.75,0.006,34,79.45,0.019,33,0.53,0.013,33,12.22,0.019,34,89.91,0.033,36
1786332605.036,walk vx=0.050 vy=0.000 w=0.00,-0.88,0.006,34,15.91,0.033,34,84.9,0.006,35,-2.11,0.033,34,11.87,0.071,36,79.1,0.006,37,-3.08,0.013,34,8.09,0.026,33,91.05,0.0,36,-0.26,0.006,31,15.91,0.0,35,85.25,0.104,35,3.96,0.019,32,14.06,0.227,34,78.66,0.019,33,2.72,0.0,33,7.38,0.026,34,87.71,0.006,36
1786332605.618,walk vx=0.050 vy=0.000 w=0.00,2.64,0.0,34,17.93,0.013,34,82.97,0.013,35,-3.87,0.019,34,12.74,0.221,36,88.07,0.0,38,-0.26,0.006,34,11.34,0.0,33,77.08,0.013,36,-2.11,0.006,31,17.23,0.026,35,86.4,0.084,34,0.62,0.006,32,7.21,0.006,34,94.83,0.013,33,-1.41,0.0,33,18.02,0.013,34,84.99,0.039,36
1786332606.115,walk vx=0.050 vy=0.000 w=0.00,0.79,0.006,34,13.62,0.006,34,88.59,0.033,35,3.6,0.033,34,3.69,0.0,36,87.98,0.0,38,2.29,0.0,34,17.23,0.026,33,79.63,0.033,36,1.67,0.0,31,7.65,0.013,34,81.83,0.019,34,-4.04,0.013,32,13.71,0.0,34,80.95,0.0,32,-1.23,0.019,34,15.47,0.0,34,83.94,0.026,36
1786332606.639,walk vx=0.050 vy=0.000 w=0.00,-2.81,0.026,34,9.84,0.013,34,88.33,0.006,34,-0.09,0.026,34,16.0,0.097,36,79.1,0.0,38,-2.9,0.026,34,5.8,0.013,33,95.45,0.0,36,-0.62,0.013,31,15.47,0.0,35,80.95,0.097,34,4.66,0.006,32,14.41,0.111,34,80.42,0.033,33,1.67,0.0,33,13.27,0.026,34,88.51,0.0,36
1786332607.028,walk vx=0.050 vy=0.000 w=0.00,3.16,0.006,34,18.37,0.006,34,80.6,0.0,35,-0.88,0.006,34,10.63,0.026,36,88.51,0.006,37,1.49,0.013,34,17.49,0.013,33,78.75,0.078,36,-0.26,0.013,31,12.3,0.013,34,85.61,0.045,35,-3.6,0.019,32,7.29,0.006,34,93.34,0.0,32,-3.25,0.006,33,19.34,0.019,34,82.62,0.065,36
1786332607.511,walk vx=0.050 vy=0.000 w=0.00,-2.11,0.039,34,6.94,0.006,34,92.46,0.013,35,4.92,0.019,34,13.27,0.013,36,83.06,0.039,38,-0.09,0.006,34,15.03,0.0,33,78.84,0.019,36,2.02,0.006,31,8.09,0.006,34,83.32,0.006,35,-0.44,0.013,32,18.46,0.013,34,79.54,0.0,32,1.58,0.019,33,4.92,0.013,34,90.53,0.006,36
1786332607.969,walk vx=0.050 vy=0.000 w=0.00,0.18,0.013,34,18.63,0.033,34,83.14,0.026,35,-5.01,0.019,34,12.3,0.006,37,83.06,0.0,37,-2.11,0.006,34,7.56,0.0,33,93.08,0.013,36,-2.81,0.026,31,17.93,0.026,35,79.28,0.013,34,6.15,0.006,32,10.55,0.013,34,80.6,0.006,33,1.41,0.006,33,15.21,0.026,34,88.77,0.006,36
1786332608.566,walk vx=0.050 vy=0.000 w=0.00,3.25,0.0,34,18.98,0.013,34,80.77,0.0,35,-1.58,0.026,34,10.72,0.045,36,88.07,0.065,37,0.97,0.013,34,14.33,0.045,33,78.13,0.0,36,-1.23,0.006,31,16.35,0.013,34,84.73,0.13,35,-2.9,0.026,32,9.93,0.0,34,93.34,0.006,33,-3.08,0.0,33,18.63,0.006,34,81.91,0.0,36
1786332609.054,walk vx=0.050 vy=0.000 w=0.00,-1.23,0.006,34,7.03,0.026,56,88.86,0.019,35,4.31,0.006,34,9.84,0.0,36,86.22,0.0,37,0.79,0.006,34,16.26,0.006,33,77.34,0.013,36,2.99,0.013,31,5.36,0.013,35,84.11,0.006,34,-4.57,0.013,32,17.14,0.0,34,79.8,0.019,32,0.53,0.006,33,10.2,0.033,34,90.44,0.019,36
1786332609.533,walk vx=0.050 vy=0.000 w=0.00,-0.97,0.006,34,15.56,0.026,34,88.59,0.0,35,-1.32,0.019,34,15.73,0.026,36,81.04,0.13,37,-3.34,0.0,34,6.33,0.006,33,93.78,0.013,36,-1.67,0.013,31,17.14,0.0,34,79.37,0.058,43,6.15,0.013,32,10.2,0.123,41,81.83,0.065,32,1.32,0.013,33,8.79,0.013,34,89.47,0.006,36
1786332610.121,walk vx=0.050 vy=0.000 w=0.00,2.99,0.006,34,17.67,0.033,34,81.83,0.0,35,-4.66,0.026,34,8.96,0.117,36,88.24,0.019,37,-0.62,0.006,34,12.22,0.013,33,77.43,0.013,36,-2.02,0.013,31,16.7,0.026,35,83.5,0.084,35,1.49,0.0,32,7.91,0.006,34,92.11,0.033,33,-1.93,0.006,33,18.11,0.006,34,84.2,0.019,36
1786332610.627,walk vx=0.050 vy=0.000 w=0.00,0.53,0.013,34,11.51,0.013,34,85.61,0.0,35,3.96,0.013,34,11.25,0.0,36,85.08,0.006,37,2.11,0.0,34,17.31,0.006,33,77.17,0.006,36,3.08,0.019,31,5.89,0.006,34,83.32,0.026,35,-4.75,0.0,32,16.7,0.0,34,80.07,0.013,33,-0.09,0.006,33,12.83,0.026,34,90.0,0.039,36
1786332611.076,walk vx=0.050 vy=0.000 w=0.00,-1.85,0.006,34,12.3,0.013,34,89.3,0.0,35,-1.49,0.058,34,16.96,0.033,36,79.89,0.013,37,-3.16,0.0,34,7.12,0.0,33,93.34,0.006,36,-1.23,0.0,31,16.44,0.0,34,82.44,0.149,34,5.98,0.013,32,10.81,0.136,34,81.21,0.019,32,2.02,0.006,33,9.67,0.039,34,87.98,0.013,36
1786332611.589,walk vx=0.050 vy=0.000 w=0.00,2.72,0.0,34,18.11,0.019,34,81.21,0.0,35,-3.87,0.019,34,4.39,0.039,36,89.38,0.013,37,0.53,0.013,34,10.63,0.006,33,82.0,0.039,36,-1.58,0.019,31,17.05,0.026,34,81.39,0.026,35,2.29,0.006,32,7.03,0.013,34,91.67,0.026,32,-1.32,0.0,33,17.75,0.013,34,84.73,0.065,36
1786332612.150,walk vx=0.000 vy=0.000 w=-0.30,1.41,0.013,34,11.43,0.026,34,82.53,0.006,35,2.99,0.026,34,11.34,0.0,36,88.51,0.006,37,5.19,0.0,34,18.46,0.013,33,79.45,0.006,36,-4.92,0.006,31,5.54,0.006,34,79.72,0.0,35,0.7,0.0,32,15.03,0.0,34,84.2,0.006,33,1.49,0.006,33,16.88,0.0,34,84.64,0.058,36
1786332612.675,walk vx=0.000 vy=0.000 w=-0.30,-5.1,0.0,34,12.3,0.0,34,92.2,0.0,35,2.2,0.039,34,16.61,0.006,36,79.19,0.019,38,-6.42,0.006,34,8.17,0.013,33,87.45,0.013,36,3.69,0.026,31,15.03,0.013,34,93.25,0.006,35,1.23,0.006,76,17.31,0.045,34,79.19,0.006,32,-4.31,0.0,33,6.68,0.0,34,85.08,0.013,36
1786332613.168,walk vx=0.000 vy=0.000 w=-0.30,5.89,0.0,34,14.5,0.078,34,80.95,0.071,35,-4.92,0.026,34,10.72,0.182,36,87.36,0.006,37,5.19,0.033,34,13.45,0.006,33,84.64,0.013,36,-0.7,0.045,31,16.96,0.033,34,81.65,0.006,35,-4.66,0.019,32,5.54,0.026,34,94.22,0.026,33,6.42,0.013,33,14.06,0.006,34,89.38,0.019,36
1786332613.719,walk vx=0.000 vy=0.000 w=-0.30,-4.13,0.019,34,13.45,0.045,34,79.8,0.019,35,1.41,0.058,34,4.13,0.0,36,90.62,0.013,41,1.85,0.006,34,15.64,0.033,33,81.56,0.0,38,-4.92,0.019,31,4.92,0.0,34,88.07,0.006,34,6.24,0.006,32,11.43,0.0,34,82.79,0.006,32,-2.81,0.013,33,15.29,0.065,34,84.64,0.039,36
1786332614.219,walk vx=0.000 vy=0.000 w=-0.30,-4.22,0.013,34,10.37,0.0,34,92.9,0.019,35,5.8,0.013,34,16.17,0.117,36,80.6,0.019,37,-5.62,0.006,34,10.9,0.013,33,89.03,0.084,36,4.22,0.006,31,15.12,0.006,34,84.73,0.006,34,-0.53,0.019,32,16.96,0.136,34,80.42,0.136,32,-2.2,0.019,33,8.7,0.019,34,84.46,0.065,36
1786332614.719,walk vx=0.000 vy=0.000 w=-0.30,5.71,0.006,34,15.03,0.052,34,79.89,0.033,35,-5.62,0.006,34,16.35,0.065,36,78.93,0.0,38,4.57,0.019,34,11.95,0.013,33,84.46,0.0,38,0.35,0.039,34,17.67,0.0,34,79.72,0.013,35,-4.48,0.013,32,5.01,0.026,34,94.66,0.045,32,5.27,0.006,33,15.73,0.0,34,86.22,0.026,42
1786332615.166,walk vx=0.000 vy=0.000 w=-0.30,-5.01,0.006,34,9.84,0.065,34,83.06,0.019,35,4.57,0.033,34,4.57,0.0,36,93.6,0.019,38,-0.62,0.006,34,17.58,0.006,33,80.16,0.0,36,-6.5,0.006,31,6.42,0.013,35,90.0,0.026,35,5.54,0.019,32,13.1,0.0,34,83.94,0.0,32,-2.9,0.026,33,16.08,0.019,34,82.09,0.039,37
1786332615.720,walk vx=0.000 vy=0.000 w=-0.30,-3.6,0.0,34,9.76,0.0,34,89.56,0.013,35,4.31,0.006,34,16.52,0.052,56,78.84,0.013,38,-5.36,0.0,34,6.15,0.013,33,87.89,0.052,36,5.19,0.013,31,15.12,0.019,34,83.23,0.006,35,-3.16,0.013,32,16.35,0.136,34,78.93,0.019,33,-0.79,0.0,33,9.84,0.0,34,86.66,0.026,37
1786332616.181,walk vx=0.000 vy=0.000 w=-0.30,5.89,0.006,34,17.23,0.033,34,81.12,0.013,35,-3.69,0.0,34,15.47,0.117,36,80.6,0.0,38,5.27,0.039,34,13.8,0.006,33,86.66,0.006,36,-0.7,0.045,31,17.84,0.006,34,79.37,0.006,35,-3.34,0.006,32,7.21,0.026,34,95.45,0.026,32,4.92,0.0,33,14.85,0.013,34,83.94,0.019,36
1786332616.641,walk vx=0.000 vy=0.000 w=-0.30,-5.1,0.0,34,11.69,0.052,34,85.61,0.045,35,2.99,0.019,34,5.62,0.0,36,90.62,0.026,37,-1.23,0.006,34,18.46,0.006,33,82.09,0.078,36,-3.69,0.006,31,3.78,0.006,35,91.23,0.013,34,5.62,0.013,32,16.17,0.006,34,79.45,0.006,33,-6.15,0.0,33,12.83,0.052,34,84.99,0.058,36
1786332617.109,walk vx=0.000 vy=0.000 w=-0.30,0.79,0.013,34,10.2,0.0,34,87.63,0.0,35,-0.97,0.013,34,16.17,0.111,36,79.19,0.045,38,-5.01,0.006,34,7.56,0.013,33,85.87,0.045,36,5.1,0.006,31,14.85,0.019,35,85.17,0.006,35,-3.78,0.026,32,16.96,0.123,34,78.57,0.033,39,-0.79,0.006,33,8.53,0.0,34,89.21,0.0,36
1786332617.676,walk vx=0.000 vy=0.000 w=-0.30,5.8,0.006,34,15.38,0.058,34,80.86,0.0,35,-4.75,0.006,34,10.81,0.117,36,84.55,0.013,38,4.83,0.033,34,14.5,0.013,33,86.31,0.013,36,-3.52,0.026,31,16.26,0.058,34,80.07,0.019,35,0.35,0.019,32,4.75,0.0,34,94.83,0.013,32,3.69,0.0,33,16.7,0.013,34,80.6,0.006,36
1786332618.111,walk vx=0.000 vy=0.000 w=-0.30,-6.77,0.0,34,9.23,0.013,34,86.84,0.019,35,3.96,0.006,34,10.55,0.0,36,86.84,0.019,38,-4.66,0.019,34,18.54,0.019,33,82.71,0.104,36,-2.9,0.006,31,7.03,0.006,34,89.56,0.019,35,4.83,0.013,32,17.14,0.0,34,79.45,0.006,32,-5.19,0.019,33,10.72,0.033,34,83.94,0.026,37
1786332618.607,walk vx=0.000 vy=0.000 w=-0.30,4.31,0.013,34,11.07,0.0,34,86.57,0.006,35,-1.23,0.065,34,15.82,0.136,36,78.84,0.026,38,-0.97,0.019,34,4.66,0.006,33,84.99,0.033,36,5.54,0.006,31,15.73,0.0,35,82.53,0.065,40,-5.19,0.013,32,14.15,0.111,34,78.66,0.013,33,-3.6,0.013,33,9.93,0.039,34,88.51,0.013,37
1786332619.224,walk vx=0.000 vy=0.000 w=-0.30,5.36,0.0,34,15.73,0.013,34,81.56,0.019,35,-5.01,0.0,34,13.71,0.169,36,82.88,0.006,38,3.6,0.013,34,11.16,0.0,33,93.6,0.013,36,-1.14,0.033,31,17.14,0.0,34,78.75,0.019,34,-2.81,0.019,32,7.73,0.091,34,95.1,0.039,32,5.01,0.006,33,12.13,0.013,34,83.85,0.013,36
1786332619.697,walk vx=0.000 vy=0.000 w=-0.30,-3.16,0.026,34,13.54,0.052,34,82.53,0.019,35,1.49,0.065,34,4.83,0.0,36,89.65,0.006,37,1.23,0.0,34,17.31,0.019,33,81.12,0.052,36,-5.19,0.013,31,6.59,0.019,35,87.19,0.026,35,4.92,0.0,32,12.39,0.0,34,80.95,0.039,33,-2.9,0.058,33,13.89,0.058,34,81.12,0.045,36
1786332620.201,walk vx=0.000 vy=0.000 w=-0.30,-2.37,0.0,34,9.84,0.006,34,88.42,0.006,35,2.99,0.013,34,16.26,0.091,36,79.63,0.071,38,-4.31,0.013,34,10.9,0.039,33,81.83,0.078,36,3.78,0.026,31,13.1,0.013,34,87.45,0.013,35,-0.88,0.052,32,16.26,0.13,34,79.1,0.052,32,-3.43,0.013,33,9.49,0.006,34,89.38,0.033,36
1786332620.711,walk vx=0.000 vy=0.000 w=-0.30,5.54,0.006,34,13.62,0.019,34,83.58,0.039,35,-4.92,0.006,34,11.43,0.143,36,79.19,0.006,37,-0.35,0.026,34,8.35,0.013,33,93.87,0.013,36,5.27,0.026,31,15.91,0.006,35,80.77,0.045,35,-6.5,0.013,32,11.34,0.117,34,88.42,0.143,33,5.19,0.013,33,9.58,0.0,34,88.07,0.006,36
1786332621.306,walk vx=0.000 vy=0.000 w=-0.30,-1.76,0.026,36,17.58,0.013,34,81.3,0.045,35,0.0,0.033,34,5.89,0.033,36,87.71,0.013,38,1.49,0.013,34,15.56,0.013,33,79.98,0.0,36,-5.62,0.019,31,10.99,0.026,34,80.68,0.0,35,3.87,0.013,32,8.17,0.0,34,85.08,0.013,33,0.44,0.006,33,16.26,0.104,34,79.54,0.013,36
1786332621.787,walk vx=0.000 vy=0.000 w=-0.30,-3.16,0.019,34,7.73,0.013,34,83.58,0.019,34,3.52,0.013,34,15.56,0.0,36,84.9,0.189,37,-2.9,0.013,34,14.68,0.013,33,80.68,0.052,36,1.32,0.013,31,11.6,0.0,35,93.16,0.006,34,1.41,0.065,32,16.96,0.123,34,80.95,0.163,33,-5.19,0.0,33,11.43,0.058,34,90.26,0.013,36
1786332622.266,walk vx=0.000 vy=0.000 w=-0.30,4.92,0.006,34,14.85,0.071,34,89.38,0.013,46,-4.22,0.019,34,15.73,0.149,36,82.71,0.006,37,0.44,0.013,34,7.82,0.006,33,93.87,0.006,36,3.87,0.019,31,16.52,0.006,35,79.01,0.0,35,-5.45,0.026,32,14.77,0.039,34,87.01,0.24,33,3.96,0.033,33,6.59,0.006,34,86.84,0.0,36
1786332622.832,walk vx=0.000 vy=0.000 w=-0.30,-0.26,0.013,34,17.93,0.006,34,81.39,0.143,35,-0.79,0.026,34,5.71,0.065,36,87.36,0.013,37,3.25,0.0,34,16.44,0.013,33,80.07,0.006,36,-3.78,0.026,31,11.51,0.052,35,82.88,0.019,35,1.49,0.019,32,6.5,0.0,34,86.4,0.0,33,0.09,0.006,33,16.7,0.071,34,79.37,0.006,43
1786332623.296,walk vx=0.000 vy=0.000 w=-0.30,-5.1,0.006,34,9.93,0.013,34,86.75,0.019,34,4.48,0.0,34,14.77,0.0,36,83.41,0.123,38,-3.78,0.013,34,17.58,0.006,33,82.18,0.091,36,0.0,0.019,31,9.14,0.013,34,89.74,0.0,35,3.25,0.071,32,17.14,0.111,34,80.24,0.065,33,-3.96,0.006,33,9.4,0.065,34,88.68,0.033,37
1786332623.818,walk vx=0.000 vy=0.000 w=-0.30,4.66,0.026,34,9.84,0.019,34,87.89,0.006,35,-3.34,0.052,34,14.5,0.143,36,80.6,0.0,38,-0.79,0.019,34,5.27,0.006,36,91.93,0.0,36,3.78,0.019,36,17.05,0.006,34,79.8,0.058,35,-4.66,0.0,32,15.21,0.169,34,86.4,0.026,33,2.37,0.026,33,11.43,0.013,34,84.64,0.0,36
1786332624.308,walk vx=0.000 vy=0.000 w=-0.30,1.23,0.019,34,16.52,0.033,34,80.16,0.019,35,-3.69,0.019,34,9.49,0.065,36,80.24,0.006,37,5.71,0.033,34,10.2,0.0,33,84.38,0.0,36,-2.29,0.058,31,16.17,0.052,34,79.01,0.006,34,-2.2,0.013,32,3.52,0.033,34,90.44,0.006,32,4.83,0.006,33,16.35,0.0,34,85.08,0.058,36
1786332624.900,walk vx=0.000 vy=0.000 w=-0.30,-4.92,0.006,34,8.53,0.013,34,87.19,0.033,35,3.87,0.013,34,10.46,0.0,36,91.76,0.104,38,-2.55,0.019,45,15.47,0.039,33,80.77,0.026,36,-0.7,0.006,31,8.96,0.006,35,91.67,0.006,35,1.85,0.071,32,16.88,0.117,34,78.93,0.013,32,-6.33,0.006,33,8.53,0.026,34,92.2,0.026,36
1786332625.274,walk vx=0.000 vy=0.000 w=-0.30,3.6,0.006,34,15.82,0.0,34,81.04,0.045,35,-2.99,0.026,34,12.92,0.136,36,84.38,0.013,37,0.53,0.026,34,11.16,0.0,33,88.95,0.026,36,3.43,0.033,31,17.05,0.026,35,79.1,0.0,34,-5.36,0.019,32,10.28,0.084,35,84.11,0.033,33,5.89,0.006,33,15.29,0.026,34,80.6,0.026,37
1786332625.715,walk vx=0.000 vy=0.000 w=-0.30,-3.43,0.019,34,17.84,0.019,34,79.28,0.0,35,1.05,0.026,34,9.4,0.0,36,85.78,0.019,38,3.08,0.006,34,16.26,0.026,33,80.68,0.013,36,-5.1,0.0,31,10.63,0.052,34,85.43,0.026,34,4.31,0.013,32,9.32,0.0,34,91.05,0.006,33,-2.55,0.013,33,17.49,0.006,34,80.07,0.006,37
1786332626.294,walk vx=0.000 vy=0.000 w=-0.30,-6.15,0.013,34,4.75,0.013,34,92.29,0.026,35,5.89,0.0,34,9.49,0.0,36,89.21,0.033,37,-4.57,0.013,34,15.73,0.019,33,80.77,0.019,36,0.62,0.013,31,6.59,0.006,34,93.25,0.0,34,2.72,0.033,32,16.08,0.0,34,80.42,0.006,32,-6.06,0.013,33,7.56,0.013,34,88.42,0.033,36
1786332626.843,walk vx=0.000 vy=0.000 w=-0.30,3.16,0.019,34,13.8,0.026,34,84.46,0.013,35,-1.49,0.026,34,15.21,0.117,36,79.45,0.006,37,-2.37,0.019,34,12.04,0.013,33,90.44,0.033,36,4.92,0.0,31,16.08,0.006,35,79.01,0.026,35,-4.57,0.026,32,13.8,0.078,34,80.33,0.006,33,-0.09,0.019,33,12.83,0.0,34,84.73,0.013,36
1786332627.364,walk vx=0.000 vy=0.000 w=-0.30,3.78,0.013,37,17.49,0.033,34,79.98,0.006,43,-4.04,0.019,34,10.46,0.091,36,81.65,0.0,37,4.66,0.006,34,9.32,0.013,33,82.18,0.013,36,-4.13,0.0,31,14.41,0.033,34,79.01,0.0,35,0.62,0.033,32,9.58,0.0,34,90.97,0.006,33,2.55,0.0,33,15.82,0.013,34,82.62,0.026,37
1786332627.833,walk vx=0.000 vy=0.000 w=-0.30,-5.1,0.006,34,8.17,0.026,34,87.01,0.058,35,4.48,0.006,34,9.05,0.0,36,91.05,0.078,38,-2.99,0.013,34,16.52,0.0,33,79.72,0.006,36,-4.57,0.013,31,8.79,0.026,35,90.53,0.026,35,4.48,0.019,32,8.35,0.0,34,85.34,0.006,33,-2.55,0.019,33,13.89,0.065,34,82.53,0.045,37
1786332628.460,walk vx=0.000 vy=0.000 w=-0.30,-2.29,0.0,34,10.9,0.006,34,89.12,0.0,35,4.39,0.0,34,16.79,0.0,36,78.66,0.013,38,-6.33,0.006,34,12.3,0.019,33,85.52,0.071,36,5.19,0.013,31,14.15,0.026,34,83.41,0.013,34,-4.13,0.033,32,16.17,0.084,34,79.01,0.006,32,-2.29,0.006,33,10.11,0.0,34,86.92,0.013,36
1786332628.928,walk vx=0.000 vy=0.000 w=-0.30,5.1,0.0,34,14.15,0.033,34,81.56,0.006,35,-4.75,0.006,34,10.99,0.156,36,82.0,0.0,37,5.19,0.006,34,8.35,0.0,33,89.38,0.006,36,-1.67,0.019,31,17.05,0.026,35,78.66,0.026,35,-1.05,0.026,32,9.14,0.227,34,93.08,0.006,32,4.66,0.013,33,15.73,0.006,34,84.02,0.026,36
1786332629.415,walk vx=0.000 vy=0.000 w=-0.30,-4.39,0.019,34,11.43,0.019,34,86.57,0.039,35,2.55,0.019,34,7.91,0.0,36,90.53,0.065,38,-1.58,0.013,34,17.75,0.0,33,82.27,0.071,36,-3.96,0.013,31,4.75,0.013,35,89.82,0.019,35,3.78,0.006,32,11.87,0.0,34,81.04,0.013,33,-4.66,0.006,33,17.4,0.019,34,80.33,0.026,36
1786332630.036,walk vx=0.000 vy=0.000 w=-0.30,-5.27,0.006,34,12.04,0.013,34,88.07,0.019,35,5.54,0.033,34,15.38,0.006,36,80.86,0.052,38,-6.33,0.006,34,16.44,0.019,33,81.91,0.111,36,5.19,0.013,31,11.43,0.019,35,89.3,0.0,35,0.97,0.058,32,17.14,0.143,34,79.98,0.078,33,-2.9,0.013,33,11.25,0.084,34,88.24,0.026,36
1786332630.521,walk vx=0.000 vy=0.030 w=0.00,3.43,0.006,34,8.7,0.019,34,84.64,0.026,35,-2.9,0.039,34,15.56,0.169,36,80.42,0.0,37,1.93,0.019,34,4.57,0.0,33,92.99,0.0,36,2.9,0.013,31,16.88,0.0,35,79.01,0.033,34,-0.26,0.006,32,11.95,0.175,34,87.63,0.136,33,1.67,0.0,33,8.09,0.026,34,85.69,0.026,37
1786332631.035,walk vx=0.000 vy=0.030 w=0.00,-2.99,0.013,34,15.56,0.019,34,81.83,0.052,35,0.53,0.006,34,4.92,0.0,36,89.82,0.006,38,3.34,0.013,34,18.46,0.019,33,81.04,0.0,36,-0.53,0.006,31,10.02,0.058,35,84.73,0.019,35,-0.18,0.006,32,8.79,0.006,34,83.58,0.0,33,-2.72,0.013,33,16.17,0.065,34,79.37,0.019,36
1786332631.515,walk vx=0.000 vy=0.030 w=0.00,1.32,0.013,34,13.71,0.013,34,86.48,0.013,35,-0.26,0.0,34,17.14,0.0,36,84.2,0.091,38,1.76,0.0,34,18.63,0.013,33,81.04,0.033,36,-3.34,0.013,31,10.2,0.006,34,90.0,0.006,34,-0.26,0.013,32,16.44,0.0,34,77.96,0.019,33,0.97,0.019,33,12.92,0.084,34,88.07,0.039,37
1786332632.054,walk vx=0.000 vy=0.030 w=0.00,1.14,0.006,34,10.2,0.019,34,90.09,0.006,35,-0.26,0.006,34,16.08,0.045,36,81.91,0.026,38,-2.9,0.006,34,6.24,0.0,33,92.37,0.006,36,1.49,0.0,31,14.06,0.0,35,78.84,0.013,35,0.09,0.006,32,10.81,0.189,34,81.91,0.026,33,2.29,0.0,33,6.06,0.019,34,85.69,0.006,36
1786332632.566,walk vx=0.000 vy=0.030 w=0.00,-3.08,0.013,34,17.4,0.019,34,80.6,0.019,35,0.35,0.006,34,7.82,0.019,36,88.95,0.006,37,1.23,0.019,34,16.17,0.019,33,82.0,0.006,36,1.14,0.013,31,11.43,0.033,35,80.33,0.0,34,-0.18,0.006,32,8.17,0.013,34,87.89,0.006,33,-2.11,0.006,33,16.7,0.045,34,78.49,0.006,36
1786332633.080,walk vx=0.000 vy=0.030 w=0.00,0.26,0.006,34,10.11,0.013,34,88.07,0.013,35,0.09,0.0,34,14.5,0.0,36,86.31,0.084,38,1.14,0.013,34,15.64,0.0,33,82.09,0.104,36,-3.25,0.006,31,10.9,0.006,35,89.65,0.006,35,-0.26,0.013,32,16.96,0.026,34,77.26,0.033,48,-0.18,0.019,33,14.41,0.091,34,84.46,0.019,36
1786332633.620,walk vx=0.000 vy=0.030 w=0.00,1.76,0.006,34,9.49,0.019,34,90.0,0.006,35,-0.26,0.0,34,17.14,0.052,36,79.89,0.006,38,-2.99,0.006,34,6.42,0.0,33,94.57,0.006,36,0.97,0.006,31,12.3,0.013,35,81.3,0.019,35,0.09,0.0,32,11.69,0.117,34,86.75,0.071,32,2.64,0.0,33,6.42,0.019,34,85.52,0.0,37
1786332634.104,walk vx=0.000 vy=0.030 w=0.00,-2.81,0.026,34,17.49,0.019,34,81.3,0.045,35,0.44,0.013,34,7.56,0.065,36,89.38,0.026,37,0.18,0.006,34,16.52,0.006,33,81.3,0.0,36,1.67,0.006,31,14.68,0.0,34,79.01,0.013,35,-0.18,0.006,32,9.67,0.019,37,87.01,0.0,33,-1.85,0.006,33,16.79,0.0,34,81.91,0.033,36
1786332634.613,walk vx=0.000 vy=0.030 w=0.00,-0.44,0.006,34,12.74,0.0,34,83.5,0.013,35,0.35,0.006,34,13.01,0.0,36,86.57,0.033,38,1.76,0.006,46,17.84,0.0,33,80.6,0.006,36,-3.08,0.019,31,9.05,0.0,35,91.23,0.0,35,-0.18,0.006,32,14.24,0.0,34,81.3,0.0,32,-0.26,0.019,34,12.57,0.117,34,87.45,0.033,37
1786332635.107,walk vx=0.000 vy=0.030 w=0.00,2.2,0.013,34,8.53,0.019,34,92.02,0.0,35,-0.26,0.006,34,16.44,0.117,36,79.8,0.013,37,-2.9,0.019,34,6.59,0.019,33,93.25,0.071,36,-0.44,0.013,31,10.99,0.0,34,82.62,0.013,35,0.18,0.0,32,15.21,0.136,34,78.49,0.0,32,3.08,0.013,33,7.12,0.006,34,84.29,0.019,37
1786332635.652,walk vx=0.000 vy=0.030 w=0.00,-1.58,0.006,34,18.28,0.0,34,80.77,0.0,35,0.44,0.006,34,11.87,0.084,36,86.22,0.006,38,-1.14,0.013,34,13.54,0.006,33,85.25,0.0,36,2.99,0.006,31,16.0,0.033,35,78.4,0.013,34,-0.26,0.013,32,7.47,0.026,34,88.15,0.026,33,-0.53,0.006,33,15.73,0.0,34,86.22,0.039,36
1786332636.176,walk vx=0.000 vy=0.030 w=0.00,-1.14,0.045,34,17.14,0.013,34,79.98,0.006,35,0.35,0.006,34,8.53,0.0,36,90.0,0.019,38,3.16,0.013,34,16.61,0.019,33,82.0,0.006,36,-1.14,0.013,31,10.11,0.006,45,88.59,0.026,34,-0.26,0.006,31,12.04,0.0,34,83.5,0.006,33,-1.85,0.026,33,16.35,0.045,34,85.52,0.058,37
1786332636.711,walk vx=0.000 vy=0.030 w=0.00,2.99,0.013,34,3.34,0.0,34,96.5,0.013,35,-0.35,0.006,34,16.79,0.0,36,82.09,0.039,37,-0.88,0.013,34,7.29,0.019,33,90.7,0.117,36,-1.49,0.006,31,11.51,0.0,34,84.99,0.006,35,0.09,0.0,32,15.82,0.104,34,76.99,0.058,33,1.58,0.019,33,8.0,0.039,34,80.33,0.013,37
1786332637.269,walk vx=0.000 vy=0.030 w=0.00,0.44,0.019,34,17.31,0.026,34,81.91,0.013,35,0.35,0.006,34,14.94,0.104,36,81.12,0.0,37,-2.37,0.006,34,12.66,0.0,33,85.87,0.006,36,2.29,0.026,31,16.61,0.0,35,79.72,0.039,56,-0.18,0.006,32,9.84,0.136,34,88.33,0.071,33,0.88,0.033,33,11.78,0.019,34,91.93,0.006,36
1786332637.763,walk vx=0.000 vy=0.030 w=0.00,-2.99,0.0,34,18.02,0.006,34,80.16,0.0,35,0.44,0.013,34,6.94,0.006,36,92.2,0.026,38,2.55,0.013,34,14.41,0.019,33,84.29,0.026,36,0.09,0.006,31,9.14,0.052,35,84.64,0.0,35,-0.18,0.006,32,8.7,0.0,34,83.14,0.013,33,-2.72,0.006,33,17.14,0.026,34,80.51,0.039,37
1786332638.263,walk vx=0.000 vy=0.030 w=0.00,1.41,0.006,34,4.04,0.013,34,95.45,0.006,35,-0.35,0.006,34,16.61,0.0,36,82.62,0.052,38,0.44,0.006,34,10.9,0.019,33,89.82,0.163,36,-2.99,0.006,31,10.37,0.013,35,88.59,0.0,34,0.18,0.006,32,17.23,0.019,34,77.08,0.039,33,0.97,0.0,33,9.58,0.039,34,81.65,0.039,37
1786332638.806,walk vx=0.000 vy=0.030 w=0.00,1.32,0.006,34,15.64,0.019,34,82.71,0.026,35,-0.35,0.006,34,17.31,0.033,36,81.21,0.033,38,-2.29,0.019,34,14.68,0.019,33,82.27,0.078,36,0.0,0.006,31,12.66,0.019,35,82.71,0.019,34,-0.26,0.006,32,15.91,0.065,34,79.63,0.0,33,3.08,0.019,33,8.26,0.006,34,95.45,0.006,37
1786332639.396,walk vx=0.000 vy=0.030 w=0.00,-1.67,0.013,34,14.94,0.026,34,85.78,0.039,35,0.35,0.006,34,9.32,0.13,36,88.77,0.045,38,-0.35,0.006,34,7.03,0.006,33,93.34,0.026,36,2.2,0.013,31,15.21,0.111,35,79.1,0.0,34,-0.18,0.006,32,6.06,0.0,34,88.77,0.006,33,-1.67,0.0,33,16.61,0.039,34,79.72,0.052,36
1786332639.889,walk vx=0.000 vy=0.030 w=0.00,-1.05,0.006,34,8.88,0.039,34,89.56,0.039,35,-0.35,0.006,34,10.46,0.0,36,88.59,0.033,37,2.2,0.006,34,16.44,0.0,33,84.55,0.136,36,-2.99,0.0,31,7.91,0.0,35,88.51,0.006,35,0.0,0.0,32,16.96,0.0,34,77.7,0.019,32,-0.35,0.006,33,12.57,0.052,34,80.51,0.039,37
1786332640.339,walk vx=0.000 vy=0.030 w=0.00,2.11,0.0,34,13.45,0.013,34,85.08,0.0,35,-0.35,0.006,34,15.91,0.078,36,80.33,0.006,38,-2.72,0.006,34,9.58,0.006,33,87.19,0.026,36,0.7,0.006,31,15.91,0.006,35,81.47,0.033,34,-0.18,0.0,32,17.14,0.104,34,77.17,0.026,33,2.9,0.0,33,8.09,0.019,34,95.54,0.006,37
1786332640.938,walk vx=0.000 vy=0.030 w=0.00,-1.49,0.0,34,16.61,0.019,34,83.32,0.019,35,0.35,0.006,34,10.81,0.097,36,84.81,0.026,37,-0.88,0.013,34,10.46,0.006,33,91.49,0.019,36,2.46,0.006,31,16.52,0.058,35,80.24,0.006,35,-0.18,0.006,32,4.75,0.013,34,91.05,0.026,33,-1.32,0.013,33,16.35,0.039,34,79.45,0.013,37
1786332641.388,walk vx=0.000 vy=0.030 w=0.00,-0.44,0.013,34,14.41,0.013,34,87.01,0.019,35,-0.35,0.006,34,11.25,0.0,36,90.44,0.006,37,2.37,0.006,34,18.63,0.0,33,84.55,0.149,36,-3.6,0.006,31,6.5,0.0,34,86.22,0.0,34,-0.26,0.013,32,17.14,0.0,34,78.4,0.013,33,-0.09,0.013,33,11.16,0.052,34,78.31,0.006,36
1786332641.858,walk vx=0.000 vy=0.030 w=0.00,2.29,0.006,34,8.61,0.033,34,88.42,0.0,35,-0.53,0.0,34,16.79,0.078,36,80.42,0.013,37,-2.64,0.019,34,6.33,0.026,33,84.02,0.045,36,0.18,0.0,31,15.91,0.0,34,83.67,0.058,35,-0.26,0.006,32,14.41,0.097,34,79.1,0.026,33,2.72,0.013,33,9.93,0.0,34,94.04,0.006,37
1786332642.355,walk vx=0.000 vy=0.030 w=0.00,-2.99,0.0,34,17.93,0.0,34,80.33,0.0,35,0.53,0.013,34,9.32,0.065,36,83.94,0.033,38,-1.23,0.006,34,11.07,0.0,33,94.48,0.019,36,2.11,0.026,31,17.05,0.0,35,78.66,0.013,35,-0.09,0.0,32,7.91,0.058,34,92.99,0.006,33,-0.44,0.019,33,11.78,0.013,34,80.07,0.019,37
1786332642.952,walk vx=0.000 vy=0.030 w=0.00,-1.32,0.006,34,12.83,0.019,34,85.43,0.019,35,-0.26,0.0,34,8.09,0.006,36,94.57,0.006,38,3.34,0.026,34,18.19,0.013,33,81.12,0.026,36,-0.88,0.013,31,6.33,0.013,35,84.55,0.019,34,-0.18,0.006,32,10.81,0.0,34,82.53,0.006,33,-1.93,0.039,33,13.54,0.052,34,78.13,0.006,36
1786332643.453,walk vx=0.000 vy=0.030 w=0.00,2.99,0.019,34,11.07,0.0,34,86.92,0.006,35,-0.26,0.0,34,17.31,0.0,36,81.21,0.013,37,-0.62,0.006,35,14.24,0.019,33,84.29,0.052,36,-1.58,0.0,31,13.36,0.006,35,88.59,0.006,34,-0.09,0.0,32,16.35,0.104,34,77.7,0.045,33,2.46,0.006,33,11.43,0.045,34,92.64,0.026,37
1786332643.947,walk vx=0.000 vy=0.030 w=0.00,-0.79,0.0,34,14.59,0.071,34,84.2,0.033,35,0.35,0.006,34,9.14,0.169,36,82.53,0.006,37,-0.88,0.013,34,7.47,0.013,33,90.7,0.013,36,2.46,0.019,31,17.31,0.0,35,80.6,0.013,35,-0.09,0.0,32,10.63,0.111,34,94.83,0.065,33,-0.62,0.019,33,8.61,0.026,34,80.95,0.019,37
1786332644.478,walk vx=0.000 vy=0.030 w=0.00,-0.7,0.026,34,14.59,0.045,34,84.55,0.033,35,-0.26,0.006,34,8.53,0.0,36,94.92,0.013,38,2.99,0.0,34,18.72,0.006,33,81.47,0.019,36,-1.41,0.006,31,5.36,0.013,35,79.45,0.0,34,-0.09,0.0,32,5.98,0.0,34,78.75,0.013,33,-2.02,0.013,33,12.74,0.111,34,78.66,0.0,36
1786332644.942,walk vx=0.000 vy=0.030 w=0.00,2.64,0.019,34,9.4,0.0,34,85.52,0.006,35,-0.09,0.006,34,17.67,0.026,36,80.77,0.006,37,-0.88,0.006,34,14.41,0.013,49,82.44,0.084,36,-1.05,0.013,31,14.24,0.0,34,92.2,0.026,35,-0.09,0.0,32,14.77,0.091,34,77.08,0.026,33,2.9,0.006,33,9.84,0.006,34,93.43,0.013,37
1786332645.428,walk vx=0.000 vy=0.030 w=0.00,-1.05,0.0,34,16.96,0.013,34,86.75,0.006,35,0.44,0.006,34,10.72,0.156,36,80.16,0.0,37,-1.23,0.0,34,6.5,0.006,33,94.92,0.019,36,1.23,0.006,31,17.75,0.071,35,83.58,0.006,35,0.0,0.0,32,8.7,0.006,34,96.68,0.006,33,-1.76,0.006,33,18.54,0.0,34,80.68,0.052,37
1786332645.930,walk vx=0.000 vy=0.000 w=0.00,1.58,0.0,34,4.48,0.006,34,95.98,0.006,35,0.35,0.0,34,17.84,0.026,36,79.63,0.006,37,-1.41,0.0,34,6.33,0.0,33,93.69,0.013,36,1.58,0.0,31,18.02,0.006,35,78.49,0.0,35,0.0,0.0,32,6.77,0.0,34,93.96,0.0,33,-1.58,0.0,33,18.19,0.006,34,79.45,0.019,37
1786332646.390,walk vx=0.000 vy=0.000 w=0.00,1.41,0.0,34,6.33,0.0,34,92.72,0.0,35,-0.09,0.0,34,17.93,0.019,36,79.72,0.006,37,-1.41,0.0,34,6.33,0.0,33,92.99,0.006,36,1.58,0.0,31,18.02,0.013,35,78.49,0.0,35,0.0,0.0,32,6.77,0.0,34,93.96,0.0,33,-1.58,0.0,33,18.19,0.006,34,79.45,0.026,36
1786332646.810,walk vx=0.000 vy=0.000 w=0.00,1.41,0.0,34,6.33,0.0,34,92.72,0.0,35,-0.09,0.0,34,17.93,0.026,36,79.72,0.006,38,-1.41,0.0,34,6.33,0.0,33,92.99,0.006,36,1.58,0.0,31,18.02,0.006,35,78.49,0.0,34,0.0,0.0,32,6.77,0.0,34,93.96,0.0,33,-1.49,0.0,33,18.19,0.006,34,79.45,0.026,37
1786332647.223,walk vx=0.000 vy=0.000 w=0.00,1.41,0.0,34,6.33,0.0,34,92.72,0.0,35,-0.09,0.0,34,17.93,0.026,36,79.72,0.006,38,-1.41,0.0,34,6.33,0.0,33,92.99,0.006,36,1.58,0.0,31,18.02,0.006,35,78.49,0.0,34,0.0,0.0,32,6.77,0.0,34,93.96,0.0,33,-1.49,0.0,33,18.19,0.0,34,79.45,0.026,37
1786332647.643,walk vx=0.000 vy=0.000 w=0.00,1.41,0.0,34,6.33,0.0,34,92.72,0.0,35,-0.09,0.0,34,17.93,0.019,36,79.72,0.006,38,-1.41,0.0,34,6.33,0.0,33,92.99,0.006,36,1.58,0.0,31,18.02,0.006,35,78.49,0.0,34,0.0,0.0,32,6.77,0.0,34,93.96,0.006,33,-1.49,0.0,33,18.19,0.0,34,79.45,0.026,37
1786332648.169,walk vx=0.000 vy=0.000 w=0.00,1.41,0.0,34,6.33,0.0,34,92.72,0.0,35,-0.09,0.0,34,17.93,0.019,37,79.72,0.006,37,-1.41,0.0,34,6.33,0.0,33,92.99,0.006,36,1.58,0.0,31,18.02,0.006,35,78.49,0.0,34,0.0,0.0,32,6.77,0.0,34,93.96,0.0,33,-1.49,0.0,33,18.19,0.006,34,79.45,0.026,37
1786332648.629,walk vx=0.000 vy=0.000 w=0.00,1.41,0.0,34,6.33,0.0,34,92.72,0.0,35,-0.09,0.0,34,17.93,0.026,36,79.72,0.006,37,-1.41,0.0,34,6.33,0.0,33,92.99,0.006,36,1.58,0.0,31,18.02,0.006,35,78.49,0.0,34,0.0,0.0,32,6.77,0.0,34,93.96,0.0,33,-1.49,0.0,33,18.19,0.013,34,79.45,0.026,37
1786332649.020,walk vx=0.000 vy=0.000 w=0.00,1.41,0.0,34,6.33,0.0,34,92.72,0.0,35,-0.09,0.0,34,17.93,0.019,36,79.72,0.006,37,-1.41,0.0,34,6.33,0.0,33,92.99,0.006,36,1.58,0.0,31,18.02,0.013,35,78.49,0.0,35,0.0,0.0,32,6.77,0.0,34,93.96,0.0,33,-1.49,0.0,33,18.19,0.006,34,79.45,0.026,37
1786332649.448,walk vx=0.000 vy=0.000 w=0.00,1.41,0.0,34,6.33,0.0,34,92.72,0.0,35,-0.09,0.0,34,17.93,0.019,37,79.72,0.006,38,-1.41,0.0,34,6.33,0.0,33,92.99,0.006,36,1.58,0.0,31,18.02,0.013,35,78.49,0.0,35,0.0,0.0,32,6.77,0.0,34,93.96,0.006,33,-1.49,0.0,33,18.19,0.006,34,79.45,0.026,36
1786332649.910,walk vx=0.000 vy=0.000 w=0.00,1.41,0.0,34,6.33,0.0,34,92.72,0.0,35,-0.09,0.0,34,17.93,0.019,36,79.72,0.006,38,-1.41,0.0,34,6.33,0.0,33,92.99,0.006,36,1.58,0.0,31,18.02,0.006,35,78.49,0.0,34,0.0,0.0,32,6.77,0.0,34,93.96,0.0,33,-1.49,0.0,33,18.19,0.006,34,79.45,0.026,37
1786332650.330,walk vx=0.000 vy=0.000 w=0.00,1.41,0.0,34,6.33,0.0,34,92.72,0.0,35,-0.09,0.0,34,17.93,0.026,36,79.72,0.006,38,-1.41,0.0,34,6.33,0.0,33,92.99,0.006,36,1.58,0.0,31,18.02,0.006,35,78.49,0.0,34,0.0,0.0,32,6.77,0.0,34,93.96,0.0,33,-1.49,0.0,33,18.19,0.006,34,79.45,0.026,37
1786332650.725,walk vx=0.000 vy=0.000 w=0.00,1.41,0.0,34,6.33,0.0,34,92.72,0.0,35,-0.09,0.0,34,17.93,0.019,36,79.72,0.006,38,-1.41,0.0,34,6.33,0.0,33,92.99,0.013,36,1.58,0.0,31,18.02,0.006,35,78.49,0.0,34,0.0,0.0,32,6.77,0.0,34,93.96,0.0,33,-1.49,0.0,33,18.19,0.0,34,79.45,0.026,36
1786332651.092,walk vx=0.000 vy=0.000 w=0.00,1.41,0.0,34,6.33,0.0,34,92.72,0.0,35,-0.09,0.0,34,17.93,0.019,73,79.72,0.006,38,-1.41,0.0,34,6.33,0.0,33,92.99,0.006,36,1.58,0.0,31,18.02,0.013,34,78.49,0.0,34,0.0,0.0,32,6.77,0.0,34,93.96,0.0,33,-1.49,0.0,33,18.19,0.006,34,79.45,0.019,37
1786332651.558,walk vx=0.000 vy=0.000 w=0.00,1.41,0.0,34,6.33,0.0,34,92.72,0.0,35,-0.09,0.0,34,17.93,0.026,37,79.72,0.006,37,-1.41,0.0,34,6.33,0.0,33,92.99,0.013,36,1.58,0.0,31,18.02,0.013,35,78.49,0.0,34,0.0,0.0,32,6.77,0.0,34,93.96,0.0,33,-1.49,0.0,33,18.19,0.006,34,79.45,0.026,37
1786332651.992,walk vx=0.000 vy=0.000 w=0.00,1.41,0.0,34,6.33,0.0,34,92.72,0.0,35,-0.09,0.0,34,17.93,0.026,36,79.72,0.006,38,-1.41,0.0,34,6.33,0.0,33,92.99,0.006,36,1.58,0.0,31,18.02,0.006,35,78.49,0.0,35,0.0,0.0,32,6.77,0.0,34,93.96,0.0,33,-1.49,0.0,33,18.19,0.006,34,79.45,0.026,37
1786332652.419,walk vx=0.000 vy=0.000 w=0.00,1.41,0.0,34,6.33,0.0,34,92.72,0.0,35,-0.09,0.0,34,17.93,0.026,36,79.72,0.006,38,-1.41,0.0,34,6.33,0.0,33,92.99,0.013,36,1.58,0.0,31,18.02,0.006,35,78.49,0.0,34,0.0,0.0,32,6.68,0.0,34,93.96,0.0,33,-1.49,0.0,33,18.19,0.006,34,79.45,0.019,37
1786332652.875,walk vx=0.000 vy=0.000 w=0.00,1.41,0.0,34,6.33,0.0,34,92.72,0.0,35,-0.09,0.0,34,17.93,0.026,36,79.72,0.006,38,-1.41,0.0,34,6.33,0.0,33,92.99,0.013,36,1.58,0.0,31,18.02,0.006,35,78.49,0.0,34,0.0,0.0,32,6.68,0.0,34,93.96,0.0,33,-1.49,0.0,33,18.19,0.006,34,79.45,0.019,37
1786332653.376,walk vx=0.000 vy=0.000 w=0.00,1.41,0.0,34,6.33,0.0,34,92.72,0.0,35,-0.09,0.0,34,17.93,0.026,36,79.72,0.0,38,-1.41,0.0,34,6.33,0.0,33,92.99,0.006,36,1.58,0.0,31,18.02,0.006,35,78.49,0.0,34,0.0,0.0,32,6.68,0.0,34,93.96,0.0,33,-1.49,0.0,33,18.19,0.006,34,79.45,0.026,37
1786332653.838,walk vx=0.000 vy=0.000 w=0.00,1.41,0.0,34,6.33,0.0,34,92.72,0.006,35,-0.09,0.0,34,17.93,0.019,36,79.72,0.0,37,-1.41,0.0,34,6.33,0.0,33,92.99,0.006,35,1.58,0.0,31,18.02,0.013,35,78.49,0.0,34,0.0,0.0,32,6.68,0.0,34,93.96,0.0,33,-1.49,0.0,33,18.19,0.006,34,79.45,0.019,37
1786332654.284,walk vx=0.000 vy=0.000 w=0.00,1.41,0.0,34,6.33,0.0,34,92.72,0.0,35,-0.09,0.0,34,17.93,0.026,36,79.72,0.0,37,-1.41,0.0,34,6.33,0.0,33,92.99,0.006,36,1.58,0.0,31,18.02,0.006,35,78.49,0.0,34,0.0,0.0,32,6.68,0.0,34,93.96,0.0,33,-1.49,0.0,33,18.19,0.0,34,79.45,0.019,36
1786332654.714,walk vx=0.000 vy=0.000 w=0.00,1.41,0.0,34,6.33,0.0,34,92.72,0.006,35,-0.09,0.0,34,17.93,0.026,36,79.72,0.006,37,-1.41,0.0,34,6.33,0.0,33,92.99,0.013,36,1.58,0.0,31,18.02,0.006,35,78.49,0.0,34,0.0,0.0,32,6.68,0.0,34,93.96,0.0,33,-1.49,0.0,33,18.19,0.0,34,79.45,0.026,37
1786332655.163,walk vx=0.000 vy=0.000 w=0.00,1.41,0.0,34,6.33,0.0,34,92.72,0.0,35,-0.09,0.0,34,17.93,0.019,36,79.72,0.006,38,-1.41,0.0,34,6.33,0.0,33,92.99,0.006,36,1.58,0.0,31,18.02,0.006,34,78.49,0.0,34,0.0,0.0,32,6.68,0.0,34,93.96,0.0,33,-1.49,0.0,33,18.19,0.006,34,79.45,0.026,37
1786332655.623,walk vx=0.000 vy=0.000 w=0.00,1.41,0.0,34,6.33,0.0,34,92.72,0.0,35,-0.09,0.0,34,17.93,0.026,36,79.72,0.006,38,-1.41,0.0,34,6.33,0.0,33,92.99,0.006,36,1.58,0.0,31,18.02,0.006,35,78.49,0.0,35,0.0,0.0,32,6.68,0.0,34,93.96,0.0,33,-1.49,0.0,33,18.19,0.006,34,79.45,0.026,37
1786332656.077,walk vx=0.000 vy=0.000 w=0.00,1.41,0.006,34,6.33,0.0,34,92.72,0.0,35,-0.09,0.0,34,17.93,0.026,36,79.72,0.006,38,-1.41,0.0,34,6.33,0.0,33,92.99,0.006,36,1.58,0.0,31,18.02,0.006,34,78.49,0.0,34,0.0,0.0,32,6.68,0.0,34,93.96,0.0,33,-1.49,0.0,33,18.19,0.006,34,79.45,0.019,37
1786332656.460,walk vx=0.000 vy=0.000 w=0.00,1.41,0.0,34,6.33,0.0,34,92.72,0.006,35,-0.09,0.0,34,17.93,0.026,64,79.72,0.006,38,-1.41,0.0,34,6.33,0.0,33,92.99,0.006,36,1.58,0.0,31,18.02,0.006,35,78.49,0.0,35,0.0,0.0,32,6.68,0.0,34,93.96,0.0,33,-1.49,0.0,33,18.19,0.006,34,79.45,0.026,37
1786332656.895,walk vx=0.000 vy=0.000 w=0.00,1.41,0.0,34,6.33,0.0,34,92.72,0.0,35,-0.09,0.0,34,17.93,0.019,36,79.72,0.006,37,-1.41,0.0,34,6.33,0.0,33,92.99,0.006,36,1.58,0.0,31,18.02,0.006,35,78.49,0.0,35,0.0,0.0,32,6.68,0.0,34,93.96,0.0,33,-1.49,0.0,33,18.19,0.0,34,79.45,0.026,37
1786332657.328,walk vx=0.000 vy=0.000 w=0.00,1.41,0.0,34,6.33,0.0,34,92.72,0.0,35,-0.09,0.0,34,17.93,0.019,36,79.72,0.006,37,-1.41,0.0,34,6.33,0.0,33,92.99,0.006,36,1.58,0.0,31,18.02,0.006,35,78.49,0.0,34,0.0,0.0,32,6.68,0.0,34,93.96,0.0,33,-1.49,0.0,33,18.19,0.0,34,79.45,0.026,37
1786332657.750,walk vx=0.000 vy=0.000 w=0.00,1.41,0.0,34,6.33,0.0,34,92.72,0.0,35,-0.09,0.0,34,17.93,0.019,36,79.72,0.006,38,-1.41,0.0,34,6.33,0.0,33,92.99,0.013,36,1.58,0.0,31,18.02,0.006,35,78.49,0.0,34,0.0,0.0,32,6.68,0.0,34,93.96,0.0,33,-1.49,0.0,33,18.19,0.006,34,79.45,0.019,37
1786332658.252,walk vx=0.000 vy=0.000 w=0.00,1.41,0.0,34,6.33,0.0,34,92.72,0.0,35,-0.09,0.0,34,17.93,0.019,36,79.72,0.006,37,-1.41,0.0,34,6.33,0.0,33,92.99,0.006,36,1.58,0.0,31,18.02,0.006,35,78.49,0.0,34,0.0,0.0,32,6.68,0.0,34,93.96,0.0,33,-1.49,0.0,33,18.19,0.006,34,79.45,0.026,37
1786332658.729,walk vx=0.000 vy=0.000 w=0.00,1.41,0.0,34,6.33,0.0,34,92.72,0.0,35,-0.09,0.0,34,17.93,0.019,36,79.72,0.0,38,-1.41,0.0,34,6.33,0.0,33,92.99,0.006,36,1.58,0.0,31,18.02,0.006,35,78.49,0.0,35,0.0,0.0,32,6.68,0.0,34,93.96,0.0,33,-1.49,0.0,33,18.19,0.006,34,79.45,0.026,37
1786332659.164,walk vx=0.000 vy=0.000 w=0.00,1.41,0.0,34,6.33,0.0,34,92.72,0.0,35,-0.09,0.0,34,17.93,0.026,43,79.72,0.006,38,-1.41,0.0,34,6.33,0.0,33,92.99,0.013,36,1.58,0.0,31,18.02,0.006,35,78.49,0.0,35,0.0,0.0,32,6.68,0.0,34,93.96,0.0,33,-1.49,0.0,33,18.19,0.0,34,79.45,0.026,37
1786332659.571,walk vx=0.000 vy=0.000 w=0.00,1.41,0.0,34,6.33,0.0,34,92.72,0.006,35,-0.09,0.0,34,17.93,0.019,36,79.72,0.006,38,-1.41,0.0,34,6.33,0.0,33,92.99,0.006,36,1.58,0.0,31,18.02,0.006,35,78.49,0.0,35,0.0,0.0,32,6.68,0.0,34,93.96,0.0,33,-1.49,0.0,33,18.19,0.0,34,79.45,0.026,37
1786332660.033,walk vx=0.000 vy=0.000 w=0.00,1.41,0.0,34,6.33,0.0,34,92.72,0.0,35,-0.09,0.0,34,17.93,0.026,36,79.72,0.006,37,-1.41,0.0,34,6.33,0.0,33,92.99,0.006,36,1.58,0.0,31,18.02,0.006,35,78.49,0.0,34,0.0,0.0,32,6.68,0.0,34,93.96,0.0,33,-1.49,0.0,33,18.19,0.006,34,79.45,0.026,37
1786332660.467,walk vx=0.000 vy=0.000 w=0.00,1.41,0.0,34,6.33,0.0,34,92.72,0.0,35,-0.09,0.0,34,17.93,0.026,36,79.72,0.0,37,-1.41,0.0,34,6.33,0.0,33,92.99,0.013,36,1.58,0.0,31,18.02,0.006,35,78.49,0.0,34,0.0,0.0,32,6.68,0.0,34,93.96,0.0,33,-1.49,0.0,33,18.19,0.006,34,79.45,0.026,37
1786332660.984,walk vx=0.000 vy=0.000 w=0.00,1.41,0.0,34,6.33,0.0,34,92.72,0.0,35,-0.09,0.0,34,17.93,0.019,60,79.72,0.006,37,-1.41,0.0,34,6.33,0.0,33,92.99,0.006,36,1.58,0.0,31,18.02,0.006,35,78.49,0.0,34,0.0,0.0,32,6.68,0.0,34,93.96,0.0,33,-1.49,0.0,33,18.19,0.006,34,79.45,0.026,37
1786332661.394,walk vx=0.000 vy=0.000 w=0.00,1.41,0.0,34,6.33,0.0,34,92.72,0.0,35,-0.09,0.0,34,17.93,0.019,36,79.72,0.006,37,-1.41,0.0,34,6.33,0.0,33,92.99,0.006,36,1.58,0.0,31,18.02,0.006,35,78.49,0.0,35,0.0,0.0,32,6.68,0.0,34,93.96,0.0,33,-1.49,0.0,33,18.19,0.0,34,79.45,0.026,37
1786332661.834,walk vx=0.000 vy=0.000 w=0.00,1.41,0.0,34,6.33,0.0,34,92.72,0.0,35,-0.09,0.0,34,17.93,0.026,50,79.72,0.006,38,-1.41,0.0,34,6.33,0.0,33,92.99,0.013,36,1.58,0.0,31,18.02,0.006,35,78.49,0.0,34,0.0,0.0,32,6.68,0.0,34,93.96,0.0,33,-1.49,0.0,33,18.19,0.006,34,79.45,0.019,37
1786332662.254,walk vx=0.000 vy=0.000 w=0.00,1.41,0.0,34,6.33,0.0,34,92.72,0.0,35,-0.09,0.0,34,17.93,0.019,36,79.72,0.006,38,-1.41,0.0,34,6.33,0.0,33,92.99,0.006,36,1.58,0.0,31,18.02,0.006,35,78.49,0.0,35,0.0,0.0,32,6.68,0.0,34,93.96,0.0,33,-1.49,0.0,33,18.19,0.006,34,79.45,0.026,37
1786332662.725,walk vx=0.000 vy=0.000 w=0.00,1.41,0.0,34,6.33,0.0,34,92.72,0.0,35,-0.09,0.0,34,17.93,0.019,36,79.72,0.006,38,-1.41,0.0,34,6.33,0.0,33,92.99,0.013,36,1.58,0.0,31,18.02,0.006,35,78.49,0.0,34,0.0,0.0,32,6.68,0.0,34,93.96,0.006,32,-1.49,0.0,33,18.19,0.006,34,79.45,0.026,37
1786332663.169,walk vx=0.000 vy=0.000 w=0.00,1.41,0.0,34,6.33,0.0,34,92.72,0.0,35,-0.09,0.0,34,17.93,0.019,36,79.72,0.006,38,-1.41,0.0,34,6.33,0.0,33,92.99,0.013,36,1.58,0.0,31,18.02,0.013,35,78.49,0.0,34,0.0,0.0,32,6.68,0.0,34,93.96,0.0,33,-1.49,0.0,33,18.19,0.0,34,79.45,0.026,37
1786332663.593,walk vx=0.000 vy=0.000 w=0.00,1.41,0.0,34,6.33,0.0,34,92.72,0.006,35,-0.09,0.0,34,17.93,0.019,36,79.72,0.006,37,-1.41,0.0,34,6.33,0.0,33,92.99,0.013,36,1.58,0.0,31,18.02,0.006,35,78.49,0.0,34,0.0,0.0,32,6.68,0.0,34,93.96,0.0,33,-1.49,0.0,33,18.19,0.0,34,79.45,0.026,37
1786332663.982,walk vx=0.000 vy=0.000 w=0.00,1.41,0.0,34,6.33,0.0,34,92.72,0.0,35,-0.09,0.0,34,17.93,0.019,36,79.72,0.006,37,-1.41,0.0,34,6.33,0.0,33,92.99,0.013,36,1.58,0.0,31,18.02,0.006,35,78.49,0.0,35,0.0,0.0,32,6.68,0.0,34,93.96,0.0,33,-1.49,0.0,33,18.19,0.006,34,79.45,0.026,37
1786332664.425,walk vx=0.000 vy=0.000 w=0.00,1.41,0.0,34,6.33,0.0,34,92.72,0.0,35,-0.09,0.0,34,17.93,0.019,36,79.72,0.0,38,-1.41,0.0,34,6.33,0.0,33,92.99,0.013,36,1.58,0.0,31,18.02,0.006,35,78.49,0.0,34,0.0,0.0,32,6.68,0.0,34,93.96,0.0,33,-1.49,0.0,33,18.19,0.006,34,79.45,0.019,37
1786332664.858,walk vx=0.000 vy=0.000 w=0.00,1.41,0.0,34,6.33,0.0,34,92.72,0.0,35,-0.09,0.0,34,17.93,0.019,36,79.72,0.006,38,-1.41,0.0,34,6.33,0.0,33,92.99,0.006,36,1.58,0.0,31,18.02,0.013,35,78.49,0.0,34,0.0,0.0,32,6.68,0.0,34,93.96,0.0,33,-1.49,0.0,33,18.19,0.0,34,79.45,0.026,37
1786332665.275,walk vx=0.000 vy=0.000 w=0.00,1.41,0.0,34,6.33,0.0,34,92.72,0.0,35,-0.09,0.0,34,17.93,0.026,36,79.72,0.006,37,-1.41,0.0,34,6.33,0.0,33,92.99,0.006,36,1.58,0.0,31,18.02,0.006,35,78.49,0.0,35,0.0,0.0,32,6.68,0.0,34,93.96,0.0,33,-1.49,0.0,33,18.19,0.0,34,79.45,0.026,37
1786332665.744,walk vx=0.000 vy=0.000 w=0.00,1.41,0.0,34,6.33,0.0,34,92.72,0.0,35,-0.09,0.0,34,17.93,0.019,43,79.72,0.006,38,-1.41,0.0,34,6.33,0.0,33,92.99,0.006,36,1.58,0.0,31,18.02,0.006,35,78.49,0.0,34,0.0,0.0,32,6.68,0.0,34,93.96,0.0,33,-1.49,0.0,33,18.19,0.0,34,79.45,0.026,37
1786332666.218,walk vx=0.000 vy=0.000 w=0.00,1.41,0.0,34,6.33,0.0,34,92.72,0.0,35,-0.09,0.0,34,17.93,0.019,36,79.72,0.006,38,-1.41,0.0,34,6.33,0.0,33,92.99,0.006,36,1.58,0.0,31,18.02,0.013,35,78.49,0.0,34,0.0,0.0,32,6.68,0.0,34,93.96,0.0,33,-1.49,0.0,33,18.19,0.006,34,79.45,0.026,37
1786332666.639,walk vx=0.000 vy=0.000 w=0.00,1.41,0.0,34,6.33,0.0,34,92.72,0.006,35,-0.09,0.0,34,17.93,0.026,36,79.72,0.006,38,-1.41,0.0,34,6.33,0.0,33,92.99,0.006,36,1.58,0.0,31,18.02,0.006,35,78.49,0.0,34,0.0,0.0,32,6.68,0.0,34,93.96,0.0,32,-1.49,0.0,33,18.19,0.006,34,79.45,0.026,37
1786332667.071,walk vx=0.000 vy=0.000 w=0.00,1.41,0.0,34,6.33,0.0,34,92.72,0.0,35,-0.09,0.0,34,17.93,0.019,40,79.72,0.006,38,-1.41,0.0,34,6.33,0.0,33,92.99,0.006,36,1.58,0.0,31,18.02,0.006,35,78.49,0.0,34,0.0,0.0,32,6.68,0.0,34,93.96,0.0,33,-1.49,0.0,33,18.19,0.006,34,79.45,0.026,37
1786332667.439,walk vx=0.000 vy=0.000 w=0.00,1.41,0.0,34,6.33,0.0,34,92.72,0.0,35,-0.09,0.0,34,17.93,0.026,36,79.72,0.006,38,-1.41,0.0,34,6.33,0.0,33,92.99,0.006,36,1.58,0.0,31,18.02,0.013,35,78.49,0.0,35,0.0,0.0,32,6.68,0.0,34,93.96,0.0,33,-1.49,0.0,33,18.19,0.006,34,79.45,0.026,37
1786332667.904,walk vx=0.000 vy=0.000 w=0.00,1.41,0.0,34,6.33,0.0,34,92.72,0.0,35,-0.09,0.0,34,17.93,0.026,36,79.72,0.006,38,-1.41,0.0,34,6.33,0.0,33,92.99,0.006,36,1.58,0.0,31,18.02,0.006,35,78.49,0.0,34,0.0,0.0,32,6.68,0.0,34,93.96,0.0,33,-1.49,0.0,33,18.19,0.006,34,79.45,0.026,37
1786332668.352,walk vx=0.000 vy=0.000 w=0.00,1.41,0.0,34,6.33,0.0,34,92.72,0.0,35,-0.09,0.0,34,17.93,0.026,36,79.72,0.006,38,-1.41,0.0,34,6.33,0.0,33,92.99,0.013,36,1.58,0.0,31,18.02,0.006,35,78.49,0.0,34,0.0,0.0,32,6.68,0.0,34,93.96,0.0,33,-1.49,0.0,33,18.19,0.006,34,79.45,0.026,37
1786332668.793,walk vx=0.000 vy=0.000 w=0.00,1.41,0.0,34,6.33,0.0,34,92.72,0.0,35,-0.09,0.0,34,17.93,0.026,36,79.72,0.006,38,-1.41,0.0,33,6.33,0.0,33,92.99,0.013,36,1.58,0.0,31,18.02,0.006,35,78.49,0.0,34,0.0,0.0,32,6.68,0.0,34,93.96,0.0,33,-1.49,0.0,33,18.19,0.006,34,79.45,0.019,37
1786332669.243,walk vx=0.000 vy=0.000 w=0.00,1.41,0.0,34,6.33,0.0,34,92.72,0.0,35,-0.09,0.0,34,17.93,0.026,36,79.72,0.006,38,-1.41,0.0,34,6.33,0.0,33,92.99,0.006,36,1.58,0.0,31,18.02,0.006,35,78.49,0.0,34,0.0,0.0,32,6.68,0.0,34,93.96,0.0,33,-1.49,0.0,33,18.19,0.0,34,79.45,0.019,37
1786332669.687,walk vx=0.000 vy=0.000 w=0.00,1.41,0.0,34,6.33,0.0,34,92.72,0.006,35,-0.09,0.0,34,17.93,0.026,36,79.72,0.006,37,-1.41,0.0,34,6.33,0.0,33,92.99,0.006,36,1.58,0.0,31,18.02,0.006,35,78.49,0.0,35,0.0,0.0,32,6.68,0.0,34,93.96,0.0,33,-1.49,0.0,33,18.19,0.006,34,79.45,0.026,37
1786332670.080,walk vx=0.000 vy=0.000 w=0.00,1.41,0.0,34,6.33,0.0,34,92.72,0.0,35,-0.09,0.0,34,17.93,0.019,36,79.72,0.006,38,-1.41,0.0,34,6.33,0.0,33,92.99,0.006,36,1.58,0.0,31,18.02,0.006,35,78.49,0.0,34,0.0,0.0,32,6.68,0.0,34,93.96,0.0,33,-1.49,0.0,33,18.19,0.0,34,79.45,0.026,37
1786332670.539,walk vx=0.000 vy=0.000 w=0.00,1.41,0.0,34,6.33,0.0,34,92.72,0.0,35,-0.09,0.0,34,17.93,0.026,36,79.72,0.006,38,-1.41,0.0,34,6.33,0.0,33,92.99,0.006,36,1.58,0.0,31,18.02,0.006,35,78.49,0.0,34,0.0,0.0,32,6.68,0.0,34,93.96,0.0,33,-1.49,0.0,33,18.19,0.006,34,79.45,0.026,37
1786332670.997,walk vx=0.000 vy=0.000 w=0.00,1.41,0.0,34,6.33,0.0,34,92.72,0.0,35,-0.09,0.0,34,17.93,0.026,36,79.72,0.006,38,-1.41,0.0,34,6.33,0.0,33,92.99,0.006,36,1.58,0.0,31,18.02,0.006,35,78.49,0.0,34,0.0,0.0,32,6.68,0.0,34,93.96,0.0,33,-1.49,0.0,33,18.19,0.006,34,79.45,0.019,37
1786332671.500,walk vx=0.000 vy=0.000 w=0.00,1.41,0.0,34,6.33,0.0,34,92.72,0.0,35,-0.09,0.0,34,17.93,0.019,36,79.72,0.006,38,-1.41,0.0,34,6.33,0.0,33,92.99,0.006,36,1.58,0.0,31,18.02,0.006,34,78.49,0.0,34,0.0,0.0,32,6.68,0.0,34,93.96,0.0,33,-1.49,0.0,33,18.19,0.0,34,79.45,0.026,37
1786332671.908,walk vx=0.000 vy=0.000 w=0.00,1.41,0.0,34,6.33,0.0,34,92.72,0.0,35,-0.09,0.0,34,17.93,0.019,36,79.72,0.006,38,-1.41,0.0,34,6.33,0.0,33,92.99,0.006,36,1.58,0.0,31,18.02,0.006,35,78.49,0.0,34,0.0,0.0,32,6.68,0.0,34,93.96,0.0,33,-1.49,0.0,33,18.19,0.006,34,79.45,0.026,37
1786332672.362,walk vx=0.000 vy=0.000 w=0.00,1.41,0.0,34,6.33,0.0,34,92.72,0.0,35,-0.09,0.0,34,17.93,0.019,36,79.72,0.006,38,-1.41,0.0,34,6.33,0.0,33,92.99,0.013,36,1.58,0.0,31,18.02,0.006,35,78.49,0.0,34,0.0,0.0,32,6.68,0.0,34,93.96,0.0,33,-1.49,0.0,33,18.19,0.006,34,79.45,0.026,37
1786332672.739,walk vx=0.000 vy=0.000 w=0.00,1.41,0.0,34,6.33,0.0,34,92.72,0.0,35,-0.09,0.0,34,17.93,0.026,36,79.72,0.0,38,-1.41,0.0,34,6.33,0.0,33,92.99,0.006,36,1.58,0.0,31,18.02,0.013,35,78.49,0.0,34,0.0,0.0,32,6.68,0.0,34,93.96,0.0,33,-1.49,0.0,33,18.19,0.006,34,79.45,0.026,37
1786332673.183,walk vx=0.000 vy=0.000 w=0.00,1.41,0.0,34,6.33,0.0,34,92.72,0.0,35,-0.09,0.0,34,17.93,0.019,36,79.72,0.006,38,-1.41,0.0,34,6.33,0.0,33,92.99,0.006,36,1.58,0.0,31,18.02,0.006,35,78.49,0.0,34,0.0,0.0,32,6.68,0.0,34,93.96,0.0,33,-1.49,0.0,33,18.19,0.006,34,79.45,0.019,37
1786332673.639,walk vx=0.000 vy=0.000 w=0.00,1.41,0.0,34,6.33,0.0,34,92.72,0.006,35,-0.09,0.0,34,17.93,0.026,36,79.72,0.006,37,-1.41,0.0,34,6.33,0.0,33,92.99,0.006,36,1.58,0.0,31,18.02,0.006,35,78.49,0.0,34,0.0,0.0,32,6.68,0.0,34,93.96,0.0,33,-1.49,0.0,33,18.19,0.006,34,79.45,0.026,37
1786332674.047,walk vx=0.000 vy=0.000 w=0.00,1.41,0.0,34,6.33,0.0,34,92.72,0.0,35,-0.09,0.0,34,17.93,0.026,36,79.72,0.006,38,-1.41,0.0,34,6.33,0.0,33,92.99,0.006,36,1.58,0.0,31,18.02,0.006,35,78.49,0.0,34,0.0,0.0,32,6.68,0.0,34,93.96,0.0,33,-1.49,0.0,33,18.19,0.0,34,79.45,0.026,37
1786332674.487,walk vx=0.000 vy=0.000 w=0.00,1.41,0.0,34,6.33,0.0,34,92.72,0.0,35,-0.09,0.0,34,17.93,0.019,36,79.72,0.006,38,-1.41,0.0,34,6.33,0.0,33,92.99,0.006,36,1.58,0.0,31,18.02,0.006,35,78.49,0.0,34,0.0,0.0,32,6.68,0.0,34,93.96,0.0,33,-1.49,0.0,33,18.19,0.006,34,79.45,0.019,37
1786332674.890,walk vx=0.000 vy=0.000 w=0.00,1.41,0.0,34,6.33,0.0,34,92.72,0.0,35,-0.09,0.0,34,17.93,0.026,36,79.72,0.006,38,-1.41,0.0,34,6.33,0.0,33,92.99,0.013,36,1.58,0.0,31,18.02,0.006,35,78.49,0.0,35,0.0,0.0,32,6.68,0.0,34,93.96,0.0,32,-1.49,0.0,33,18.19,0.0,34,79.45,0.026,37
1786332675.380,walk vx=0.000 vy=0.000 w=0.00,1.41,0.0,34,6.33,0.0,34,92.72,0.0,35,-0.09,0.0,34,17.93,0.019,36,79.72,0.006,38,-1.41,0.0,34,6.33,0.0,33,92.99,0.006,36,1.58,0.0,31,18.02,0.006,35,78.49,0.0,34,0.0,0.0,32,6.68,0.0,34,93.96,0.0,33,-1.49,0.0,33,18.19,0.006,34,79.45,0.026,37
1786332675.915,walk vx=0.000 vy=0.000 w=0.00,1.41,0.0,34,6.33,0.0,34,92.72,0.0,35,-0.09,0.0,34,17.93,0.026,36,79.72,0.006,38,-1.41,0.0,34,6.33,0.0,33,92.99,0.006,36,1.58,0.0,31,18.02,0.006,35,78.49,0.0,34,0.0,0.0,32,6.68,0.0,34,93.96,0.0,32,-1.49,0.0,33,18.19,0.006,34,79.45,0.019,37
1786332676.297,walk vx=0.000 vy=0.000 w=0.00,1.41,0.0,34,6.33,0.0,34,92.72,0.0,35,-0.09,0.0,34,17.93,0.026,37,79.72,0.006,38,-1.41,0.0,34,6.33,0.0,33,92.99,0.006,36,1.58,0.0,31,18.02,0.006,35,78.49,0.0,34,0.0,0.0,32,6.68,0.0,34,93.96,0.0,33,-1.49,0.0,33,18.19,0.006,34,79.45,0.026,37
1786332676.706,walk vx=0.000 vy=0.000 w=0.00,1.41,0.0,34,6.33,0.0,34,92.72,0.0,35,-0.09,0.0,34,17.93,0.019,61,79.72,0.006,37,-1.41,0.0,34,6.33,0.0,33,92.99,0.013,36,1.58,0.0,31,18.02,0.013,35,78.49,0.0,34,0.0,0.0,32,6.68,0.0,34,93.96,0.0,33,-1.49,0.0,33,18.19,0.006,34,79.45,0.026,37
1786332677.124,walk vx=0.000 vy=0.000 w=0.00,1.41,0.0,34,6.33,0.0,34,92.72,0.0,35,-0.09,0.0,34,17.93,0.026,37,79.72,0.0,38,-1.41,0.0,34,6.33,0.0,33,92.99,0.006,36,1.58,0.0,31,18.02,0.006,35,78.49,0.0,34,0.0,0.0,32,6.68,0.0,34,93.96,0.0,33,-1.49,0.0,33,18.19,0.006,34,79.45,0.026,37
1786332677.537,walk vx=0.000 vy=0.000 w=0.00,1.41,0.0,34,6.33,0.0,34,92.72,0.0,35,-0.09,0.0,34,17.93,0.019,36,79.72,0.006,38,-1.41,0.0,34,6.33,0.0,33,92.99,0.006,36,1.58,0.0,31,18.02,0.006,35,78.49,0.0,34,0.0,0.0,32,6.68,0.0,34,93.96,0.0,33,-1.49,0.0,33,18.19,0.006,34,79.45,0.019,37
1786332677.966,walk vx=0.000 vy=0.000 w=0.00,1.41,0.0,34,6.33,0.0,34,92.72,0.0,35,-0.09,0.0,34,17.93,0.026,36,79.72,0.006,38,-1.41,0.0,34,6.33,0.0,33,92.99,0.006,36,1.58,0.0,31,18.02,0.013,35,78.49,0.0,34,0.0,0.0,32,6.68,0.0,34,93.96,0.0,33,-1.49,0.0,33,18.19,0.0,34,79.45,0.026,37
1786332678.479,walk vx=0.000 vy=0.000 w=0.00,1.41,0.0,34,6.33,0.0,34,92.72,0.0,35,-0.09,0.0,34,17.93,0.019,36,79.72,0.006,38,-1.41,0.0,34,6.33,0.0,33,92.99,0.006,36,1.58,0.0,31,18.02,0.006,35,78.49,0.0,34,0.0,0.0,32,6.68,0.0,34,93.96,0.0,33,-1.49,0.0,33,18.19,0.0,34,79.45,0.026,37
1786332678.967,walk vx=0.000 vy=0.000 w=0.00,1.41,0.0,34,6.33,0.0,34,92.72,0.0,35,-0.09,0.0,34,17.93,0.019,36,79.72,0.006,38,-1.41,0.0,34,6.33,0.0,33,92.99,0.006,36,1.58,0.0,31,18.02,0.006,35,78.49,0.0,34,0.0,0.0,32,6.68,0.0,34,93.96,0.0,33,-1.49,0.0,33,18.19,0.006,34,79.45,0.019,37
1786332679.416,walk vx=0.000 vy=0.000 w=0.00,1.41,0.0,34,6.33,0.0,34,92.72,0.0,35,-0.09,0.0,34,17.93,0.026,36,79.72,0.006,38,-1.41,0.0,34,6.33,0.0,33,92.99,0.006,36,1.58,0.0,31,18.02,0.006,35,78.49,0.0,34,0.0,0.0,32,6.68,0.0,34,93.96,0.0,33,-1.49,0.0,33,18.19,0.006,34,79.45,0.026,37
1786332679.851,walk vx=0.000 vy=0.000 w=0.00,1.41,0.0,34,6.33,0.0,34,92.72,0.0,35,-0.09,0.0,34,17.93,0.019,36,79.72,0.006,38,-1.41,0.0,34,6.33,0.0,33,92.99,0.006,36,1.58,0.0,31,18.02,0.006,35,78.49,0.0,34,0.0,0.0,32,6.68,0.0,34,93.96,0.0,33,-1.49,0.0,33,18.19,0.0,34,79.45,0.019,37
1786332680.290,walk vx=0.000 vy=0.000 w=0.00,1.41,0.0,34,6.33,0.0,34,92.72,0.0,35,-0.09,0.0,34,17.93,0.026,36,79.72,0.0,37,-1.41,0.0,34,6.33,0.0,33,92.99,0.006,36,1.58,0.0,31,18.02,0.006,35,78.49,0.0,34,0.0,0.0,32,6.68,0.0,34,93.96,0.0,33,-1.49,0.0,33,18.19,0.006,34,79.45,0.026,37
1786332680.831,walk vx=0.000 vy=0.000 w=0.00,1.41,0.0,34,6.33,0.0,34,92.72,0.0,35,-0.09,0.0,34,17.93,0.019,36,79.72,0.006,38,-1.41,0.0,34,6.33,0.0,33,92.99,0.006,36,1.58,0.0,31,18.02,0.006,35,78.49,0.0,34,0.0,0.0,32,6.68,0.0,34,93.96,0.0,33,-1.49,0.0,33,18.19,0.006,34,79.45,0.026,37
1786332681.260,walk vx=0.000 vy=0.000 w=0.00,1.41,0.0,34,6.33,0.0,34,92.72,0.006,35,-0.09,0.0,34,17.93,0.026,36,79.72,0.006,38,-1.41,0.0,34,6.33,0.0,33,92.99,0.006,36,1.58,0.0,31,18.02,0.006,35,78.49,0.0,34,0.0,0.0,32,6.68,0.0,34,93.96,0.0,33,-1.49,0.0,33,18.19,0.006,34,79.45,0.026,37
1786332681.789,walk vx=0.000 vy=0.000 w=0.00,1.41,0.0,34,6.33,0.0,34,92.72,0.006,35,-0.09,0.0,34,17.93,0.026,36,79.72,0.006,38,-1.41,0.0,34,6.33,0.0,33,92.99,0.006,36,1.58,0.0,31,18.02,0.006,35,78.49,0.0,34,0.0,0.0,32,6.68,0.0,34,93.96,0.0,33,-1.49,0.0,33,18.19,0.006,34,79.45,0.026,37
1786332682.248,walk vx=0.000 vy=0.000 w=0.00,1.41,0.0,34,6.33,0.0,34,92.72,0.006,35,-0.09,0.0,34,17.93,0.026,36,79.72,0.006,38,-1.41,0.0,34,6.33,0.0,33,92.99,0.013,36,1.58,0.0,31,18.02,0.006,35,78.49,0.0,34,0.0,0.0,32,6.68,0.0,34,93.96,0.0,32,-1.49,0.0,33,18.19,0.0,34,79.45,0.026,37
1786332682.693,walk vx=0.000 vy=0.000 w=0.00,1.41,0.0,34,6.33,0.0,34,92.72,0.0,35,-0.09,0.0,34,17.93,0.026,36,79.72,0.006,38,-1.41,0.0,34,6.33,0.0,33,92.99,0.006,36,1.58,0.0,31,18.02,0.006,35,78.49,0.0,34,0.0,0.0,32,6.68,0.0,34,93.96,0.0,33,-1.49,0.0,33,18.19,0.006,34,79.45,0.026,37
1786332683.149,walk vx=0.000 vy=0.000 w=0.00,1.41,0.0,34,6.33,0.0,34,92.72,0.0,35,-0.09,0.0,34,17.93,0.026,36,79.72,0.0,38,-1.41,0.0,34,6.33,0.0,33,92.99,0.006,36,1.58,0.0,31,18.02,0.006,35,78.49,0.0,34,0.0,0.0,32,6.68,0.0,34,93.96,0.0,33,-1.49,0.0,33,18.19,0.006,34,79.45,0.026,37
1786332683.600,walk vx=0.000 vy=0.000 w=0.00,1.41,0.0,34,6.33,0.0,34,92.72,0.0,35,-0.09,0.006,34,17.93,0.026,36,79.72,0.006,38,-1.41,0.0,34,6.33,0.0,33,92.99,0.006,36,1.58,0.0,31,18.02,0.006,35,78.49,0.0,34,0.0,0.0,32,6.68,0.0,34,93.96,0.0,33,-1.49,0.0,33,18.19,0.006,34,79.45,0.026,37
1786332684.094,walk vx=0.000 vy=0.000 w=0.00,1.41,0.0,34,6.33,0.0,34,92.72,0.0,35,-0.09,0.0,34,17.93,0.026,36,79.72,0.006,38,-1.41,0.0,34,6.33,0.0,33,92.99,0.006,36,1.58,0.0,31,18.02,0.006,35,78.49,0.0,34,0.0,0.0,32,6.68,0.0,34,93.96,0.0,33,-1.49,0.0,33,18.19,0.006,34,79.45,0.026,37
1786332684.483,walk vx=0.000 vy=0.000 w=0.00,1.41,0.0,34,6.33,0.0,34,92.72,0.0,34,-0.09,0.0,34,17.93,0.019,36,79.72,0.006,38,-1.41,0.0,34,6.33,0.0,33,92.99,0.006,36,1.58,0.0,31,18.02,0.006,35,78.49,0.0,34,0.0,0.0,32,6.68,0.0,34,93.96,0.0,33,-1.49,0.0,33,18.19,0.0,34,79.45,0.026,37
1786332684.953,walk vx=0.000 vy=0.000 w=0.00,1.41,0.0,34,6.33,0.0,34,92.72,0.0,35,-0.09,0.0,34,17.93,0.019,36,79.72,0.006,37,-1.41,0.0,34,6.33,0.0,33,92.99,0.006,36,1.58,0.0,31,18.02,0.013,35,78.49,0.0,34,0.0,0.0,32,6.68,0.0,34,93.96,0.0,33,-1.49,0.0,33,18.19,0.006,34,79.45,0.026,37
1786332685.361,walk vx=0.000 vy=0.000 w=0.00,1.41,0.0,34,6.33,0.0,34,92.72,0.0,35,-0.09,0.0,34,17.93,0.026,36,79.72,0.006,38,-1.41,0.0,34,6.33,0.0,33,92.99,0.006,36,1.58,0.0,31,18.02,0.006,35,78.49,0.0,34,0.0,0.0,32,6.68,0.0,34,93.96,0.0,33,-1.49,0.0,33,18.19,0.006,34,79.45,0.026,37
1786332685.868,walk vx=0.000 vy=0.000 w=0.00,1.41,0.0,34,6.33,0.0,34,92.72,0.0,35,-0.09,0.0,34,17.93,0.026,36,79.72,0.006,38,-1.41,0.0,34,6.33,0.0,33,92.99,0.006,36,1.58,0.0,31,18.02,0.006,35,78.49,0.0,34,0.0,0.0,32,6.68,0.0,34,93.96,0.0,33,-1.49,0.0,33,18.19,0.006,34,79.45,0.026,37
1786332686.287,walk vx=0.000 vy=0.000 w=0.00,1.41,0.0,34,6.33,0.0,34,92.72,0.0,35,-0.09,0.0,34,17.93,0.026,36,79.72,0.006,38,-1.41,0.0,34,6.33,0.0,33,92.99,0.013,36,1.58,0.0,31,18.02,0.006,35,78.49,0.0,34,0.0,0.0,32,6.68,0.0,34,93.96,0.0,33,-1.49,0.0,33,18.19,0.0,34,79.45,0.019,37
1786332686.717,walk vx=0.000 vy=0.000 w=0.00,1.41,0.0,34,6.33,0.0,34,92.72,0.0,35,-0.09,0.0,34,17.93,0.019,36,79.72,0.006,38,-1.41,0.0,34,6.33,0.0,33,92.99,0.013,36,1.58,0.0,31,18.02,0.013,35,78.49,0.0,34,0.0,0.0,32,6.68,0.0,34,93.96,0.0,33,-1.49,0.0,33,18.19,0.006,34,79.45,0.026,37
1786332687.159,walk vx=0.000 vy=0.000 w=0.00,1.41,0.0,34,6.33,0.0,34,92.72,0.0,35,-0.09,0.0,34,17.93,0.026,36,79.72,0.006,38,-1.41,0.0,34,6.33,0.0,33,92.99,0.006,36,1.58,0.0,31,18.02,0.006,34,78.49,0.0,34,0.0,0.0,32,6.68,0.0,34,93.96,0.0,32,-1.49,0.0,33,18.19,0.006,34,79.45,0.026,37
1786332687.565,walk vx=0.000 vy=0.000 w=0.00,1.41,0.0,34,6.33,0.0,34,92.72,0.0,35,-0.09,0.0,34,17.93,0.019,36,79.72,0.006,38,-1.41,0.0,34,6.33,0.0,33,92.99,0.013,36,1.58,0.0,31,18.02,0.006,35,78.49,0.0,34,0.0,0.0,32,6.68,0.0,34,93.96,0.0,33,-1.49,0.0,33,18.19,0.0,34,79.45,0.026,37
1786332688.003,walk vx=0.000 vy=0.000 w=0.00,1.41,0.0,34,6.33,0.0,34,92.72,0.0,35,-0.09,0.0,34,17.93,0.026,36,79.72,0.006,38,-1.41,0.0,34,6.33,0.0,33,92.99,0.006,36,1.58,0.0,31,18.02,0.013,35,78.49,0.0,34,0.0,0.0,32,6.68,0.0,34,93.96,0.0,33,-1.49,0.0,33,18.19,0.006,34,79.45,0.026,37
1786332688.437,walk vx=0.000 vy=0.000 w=0.00,1.41,0.0,34,6.33,0.0,34,92.72,0.006,35,-0.09,0.0,34,17.93,0.026,74,79.72,0.006,38,-1.41,0.0,34,6.33,0.0,33,92.99,0.006,36,1.58,0.0,31,18.02,0.006,35,78.49,0.0,34,0.0,0.0,32,6.68,0.0,34,93.96,0.0,33,-1.49,0.0,33,18.19,0.006,34,79.45,0.026,37
1786332688.883,walk vx=0.000 vy=0.000 w=0.00,1.41,0.0,34,6.33,0.0,34,92.72,0.0,35,-0.09,0.0,34,17.93,0.026,36,79.72,0.006,38,-1.41,0.0,34,6.33,0.0,33,92.99,0.006,36,1.58,0.0,31,18.02,0.006,35,78.49,0.0,34,0.0,0.0,32,6.68,0.0,34,93.96,0.0,32,-1.49,0.0,33,18.19,0.0,34,79.45,0.026,37
1786332689.316,walk vx=0.000 vy=0.000 w=0.00,1.41,0.0,34,6.33,0.0,34,92.72,0.0,35,-0.09,0.0,34,17.93,0.026,36,79.72,0.006,38,-1.41,0.0,34,6.33,0.0,33,92.99,0.006,36,1.58,0.0,31,18.02,0.006,35,78.49,0.0,34,0.0,0.0,32,6.68,0.0,34,93.96,0.0,33,-1.49,0.0,33,18.19,0.006,34,79.45,0.019,37
1786332689.791,walk vx=0.000 vy=0.000 w=0.00,1.41,0.0,34,6.33,0.0,34,92.72,0.006,35,-0.09,0.0,34,17.93,0.019,36,79.72,0.006,38,-1.41,0.0,34,6.33,0.0,33,92.99,0.006,36,1.58,0.0,31,18.02,0.006,35,78.49,0.0,34,0.0,0.0,32,6.68,0.0,34,93.96,0.0,33,-1.49,0.0,33,18.19,0.0,34,79.45,0.026,37
1786332690.196,walk vx=0.000 vy=0.000 w=0.00,1.41,0.0,34,6.33,0.0,34,92.72,0.0,35,-0.09,0.0,34,17.93,0.026,36,79.72,0.006,38,-1.41,0.0,34,6.33,0.0,33,92.99,0.006,36,1.58,0.0,31,18.02,0.006,35,78.49,0.0,34,0.0,0.0,32,6.68,0.0,34,93.96,0.0,32,-1.49,0.0,33,18.19,0.006,34,79.45,0.026,37
1786332690.601,walk vx=0.000 vy=0.000 w=0.00,1.41,0.0,34,6.33,0.0,34,92.72,0.0,35,-0.09,0.0,34,17.93,0.019,36,79.72,0.006,38,-1.41,0.0,34,6.33,0.0,33,92.99,0.006,36,1.58,0.0,31,18.02,0.006,35,78.49,0.0,34,0.0,0.0,32,6.68,0.0,34,93.96,0.0,32,-1.49,0.0,33,18.19,0.0,34,79.45,0.026,37
1786332691.055,walk vx=0.000 vy=0.000 w=0.00,1.41,0.0,34,6.33,0.0,34,92.72,0.0,35,-0.09,0.0,34,17.93,0.019,36,79.72,0.006,38,-1.41,0.0,34,6.33,0.0,33,92.99,0.006,36,1.58,0.0,31,18.02,0.013,35,78.49,0.0,34,0.0,0.0,32,6.68,0.0,34,93.96,0.0,32,-1.49,0.0,33,18.19,0.0,34,79.45,0.026,37
1786332691.558,walk vx=0.000 vy=0.000 w=0.00,1.41,0.0,34,6.33,0.0,34,92.72,0.0,35,-0.09,0.0,34,17.93,0.026,36,79.72,0.006,38,-1.41,0.0,34,6.33,0.0,33,92.99,0.006,36,1.58,0.0,31,18.02,0.006,35,78.49,0.0,34,0.0,0.0,32,6.68,0.0,34,93.96,0.0,32,-1.49,0.0,33,18.19,0.0,34,79.45,0.019,37
1786332691.945,walk vx=0.000 vy=0.000 w=0.00,1.41,0.0,34,6.33,0.0,34,92.72,0.0,35,-0.09,0.0,34,17.93,0.026,36,79.72,0.006,38,-1.41,0.0,34,6.33,0.0,33,92.99,0.006,36,1.58,0.0,31,18.02,0.013,35,78.49,0.0,34,0.0,0.0,32,6.68,0.0,34,93.96,0.0,33,-1.49,0.0,33,18.19,0.0,34,79.45,0.026,37
1786332692.347,walk vx=0.000 vy=0.000 w=0.00,1.41,0.0,34,6.33,0.0,34,92.72,0.006,35,-0.09,0.0,34,17.93,0.019,36,79.72,0.0,38,-1.41,0.0,34,6.33,0.0,33,92.99,0.006,36,1.58,0.0,31,18.02,0.013,35,78.49,0.0,34,0.0,0.0,32,6.68,0.0,34,93.96,0.0,33,-1.49,0.0,33,18.19,0.006,34,79.45,0.019,37
1786332692.802,walk vx=0.000 vy=0.000 w=0.00,1.41,0.0,34,6.33,0.0,34,92.72,0.0,35,-0.09,0.0,34,17.93,0.026,36,79.72,0.013,38,-1.41,0.0,34,6.33,0.0,33,92.99,0.006,36,1.58,0.0,31,18.02,0.006,35,78.49,0.0,34,0.0,0.0,32,6.68,0.0,34,93.96,0.0,33,-1.49,0.0,33,18.19,0.006,34,79.45,0.026,37
1786332693.283,walk vx=0.000 vy=0.000 w=0.00,1.41,0.0,34,6.33,0.0,34,92.72,0.0,35,-0.09,0.0,34,17.93,0.019,36,79.72,0.006,38,-1.41,0.006,34,6.33,0.0,33,92.99,0.013,36,1.58,0.0,31,18.02,0.006,35,78.49,0.0,34,0.0,0.0,32,6.68,0.0,34,93.96,0.0,33,-1.49,0.0,33,18.19,0.006,34,79.45,0.019,37
1786332693.742,walk vx=0.000 vy=0.000 w=0.00,1.41,0.0,34,6.33,0.0,34,92.72,0.0,35,-0.09,0.0,34,17.93,0.026,36,79.72,0.006,38,-1.41,0.0,34,6.33,0.0,33,92.99,0.006,36,1.58,0.0,31,18.02,0.006,35,78.49,0.0,34,0.0,0.0,32,6.68,0.0,34,93.96,0.0,33,-1.49,0.0,33,18.19,0.006,34,79.45,0.026,37
1786332694.148,walk vx=0.000 vy=0.000 w=0.00,1.41,0.0,34,6.33,0.0,34,92.72,0.0,35,-0.09,0.0,34,17.93,0.019,36,79.72,0.006,38,-1.41,0.0,34,6.33,0.0,33,92.99,0.006,36,1.58,0.0,31,18.02,0.006,35,78.49,0.0,34,0.0,0.0,32,6.68,0.0,34,93.96,0.0,32,-1.49,0.0,33,18.19,0.0,34,79.45,0.019,37
1786332694.579,walk vx=0.000 vy=0.000 w=0.00,1.41,0.0,34,6.33,0.0,34,92.72,0.0,35,-0.09,0.0,34,17.93,0.026,36,79.72,0.006,38,-1.41,0.0,34,6.33,0.0,33,92.99,0.006,36,1.58,0.0,31,18.02,0.006,35,78.49,0.0,34,0.0,0.0,32,6.68,0.0,34,93.96,0.0,32,-1.49,0.0,33,18.19,0.006,34,79.45,0.026,37
1786332695.052,walk vx=0.000 vy=0.000 w=0.00,1.41,0.0,34,6.33,0.0,34,92.72,0.0,35,-0.09,0.0,34,17.93,0.026,36,79.72,0.006,38,-1.41,0.0,34,6.33,0.0,33,92.99,0.006,36,1.58,0.0,31,18.02,0.006,35,78.49,0.0,34,0.0,0.0,32,6.68,0.0,34,93.96,0.0,33,-1.49,0.0,33,18.19,0.0,34,79.45,0.026,37
1786332695.513,walk vx=0.000 vy=0.000 w=0.00,1.41,0.0,34,6.33,0.0,34,92.72,0.006,35,-0.09,0.0,34,17.93,0.019,36,79.72,0.0,38,-1.41,0.0,34,6.33,0.0,33,92.99,0.006,36,1.58,0.0,31,18.02,0.006,35,78.49,0.0,34,0.0,0.0,32,6.68,0.0,34,93.96,0.0,33,-1.49,0.0,33,18.19,0.006,34,79.45,0.019,37
1786332695.953,walk vx=0.000 vy=0.000 w=0.00,1.41,0.0,34,6.33,0.0,34,92.72,0.0,35,-0.09,0.0,34,17.93,0.019,36,79.72,0.006,38,-1.41,0.0,34,6.33,0.0,33,92.99,0.006,36,1.58,0.0,31,18.02,0.006,35,78.49,0.0,34,0.0,0.0,32,6.68,0.0,34,93.96,0.0,33,-1.49,0.0,33,18.19,0.006,34,79.45,0.019,37
1786332696.417,walk vx=0.000 vy=0.000 w=0.00,1.41,0.0,34,6.33,0.0,34,92.72,0.0,35,-0.09,0.0,34,17.93,0.019,36,79.72,0.006,38,-1.41,0.0,34,6.33,0.0,33,92.99,0.006,36,1.58,0.0,31,18.02,0.006,35,78.49,0.0,34,0.0,0.0,32,6.68,0.0,34,93.96,0.0,33,-1.49,0.0,33,18.19,0.006,34,79.45,0.019,37
1786332696.871,walk vx=0.000 vy=0.000 w=0.00,1.41,0.0,34,6.33,0.0,34,92.72,0.0,35,-0.09,0.0,34,17.93,0.026,36,79.72,0.006,38,-1.41,0.0,34,6.33,0.0,33,92.99,0.006,36,1.58,0.0,31,18.02,0.006,35,78.49,0.0,34,0.0,0.0,32,6.68,0.0,34,93.96,0.0,32,-1.49,0.0,33,18.19,0.006,34,79.45,0.026,37
1786332697.322,walk vx=0.000 vy=0.000 w=0.00,1.41,0.0,34,6.33,0.0,34,92.72,0.006,35,-0.09,0.0,34,17.93,0.026,36,79.72,0.006,38,-1.41,0.0,34,6.33,0.0,33,92.99,0.006,36,1.58,0.0,31,18.02,0.013,35,78.49,0.0,34,0.0,0.0,32,6.68,0.0,34,93.96,0.0,33,-1.49,0.0,33,18.19,0.006,34,79.45,0.026,37
1786332697.752,walk vx=0.000 vy=0.000 w=0.00,1.41,0.0,34,6.33,0.0,34,92.72,0.0,35,-0.09,0.0,34,17.93,0.019,36,79.72,0.006,38,-1.41,0.0,34,6.33,0.0,33,92.99,0.006,36,1.58,0.0,31,18.02,0.013,35,78.49,0.0,34,0.0,0.0,32,6.68,0.0,34,93.96,0.0,32,-1.49,0.0,33,18.19,0.006,34,79.45,0.026,37
1786332698.251,walk vx=0.000 vy=0.000 w=0.00,1.41,0.0,34,6.33,0.0,34,92.72,0.0,35,-0.09,0.0,34,17.93,0.019,36,79.72,0.006,38,-1.41,0.0,34,6.33,0.0,33,92.99,0.006,36,1.58,0.0,31,18.02,0.013,35,78.49,0.0,34,0.0,0.0,32,6.68,0.0,34,93.96,0.0,33,-1.49,0.0,33,18.19,0.0,34,79.45,0.026,37
1786332698.736,walk vx=0.000 vy=0.000 w=0.00,1.41,0.0,34,6.33,0.0,34,92.72,0.0,35,-0.09,0.0,34,17.93,0.026,36,79.72,0.006,38,-1.41,0.0,34,6.33,0.0,33,92.99,0.013,36,1.58,0.0,31,18.02,0.013,35,78.49,0.0,34,0.0,0.0,32,6.68,0.0,34,93.96,0.0,32,-1.49,0.0,33,18.19,0.006,34,79.45,0.026,37
1786332699.141,walk vx=0.000 vy=0.000 w=0.00,1.41,0.0,34,6.33,0.0,34,92.72,0.0,35,-0.09,0.0,34,17.93,0.026,36,79.72,0.006,38,-1.41,0.0,34,6.33,0.0,33,92.99,0.013,36,1.58,0.0,31,18.02,0.006,35,78.49,0.0,34,0.0,0.0,32,6.68,0.0,34,93.96,0.0,32,-1.49,0.0,33,18.19,0.006,34,79.45,0.026,37
1786332699.548,walk vx=0.000 vy=0.000 w=0.00,1.41,0.0,34,6.33,0.0,34,92.72,0.006,35,-0.09,0.0,34,17.93,0.019,36,79.72,0.006,38,-1.41,0.0,34,6.33,0.0,33,92.99,0.013,36,1.58,0.0,31,18.02,0.006,35,78.49,0.0,34,0.0,0.0,32,6.68,0.0,34,93.96,0.0,33,-1.49,0.0,33,18.19,0.006,34,79.45,0.019,37
1786332699.956,walk vx=0.000 vy=0.000 w=0.00,1.41,0.0,34,6.33,0.0,34,92.72,0.0,35,-0.09,0.0,34,17.93,0.019,36,79.72,0.006,38,-1.41,0.0,34,6.33,0.0,33,92.99,0.013,36,1.58,0.0,31,18.02,0.006,35,78.49,0.0,34,0.0,0.0,32,6.68,0.0,34,93.96,0.0,33,-1.49,0.0,33,18.19,0.0,34,79.45,0.019,37
1786332700.445,walk vx=0.000 vy=0.000 w=0.00,1.41,0.0,34,6.33,0.0,34,92.72,0.0,35,-0.09,0.0,34,17.93,0.026,36,79.72,0.006,38,-1.41,0.0,34,6.33,0.0,33,92.99,0.006,36,1.58,0.0,31,18.02,0.006,35,78.49,0.0,34,0.0,0.0,32,6.68,0.0,34,93.96,0.0,33,-1.49,0.0,33,18.19,0.006,34,79.45,0.026,37
1786332700.930,walk vx=0.000 vy=0.000 w=0.00,1.41,0.0,34,6.33,0.0,34,92.72,0.0,35,-0.09,0.0,34,17.93,0.026,36,79.72,0.006,38,-1.41,0.0,34,6.33,0.0,33,92.99,0.006,36,1.58,0.0,31,18.02,0.013,35,78.49,0.0,34,0.0,0.0,32,6.68,0.0,34,93.96,0.0,33,-1.49,0.0,33,18.19,0.006,34,79.45,0.026,37
1786332701.331,walk vx=0.000 vy=0.000 w=0.00,1.41,0.0,34,6.33,0.0,34,92.72,0.006,35,-0.09,0.0,34,17.93,0.019,36,79.72,0.0,38,-1.41,0.0,34,6.33,0.0,33,92.99,0.013,36,1.58,0.0,31,18.02,0.006,35,78.49,0.0,34,0.0,0.0,32,6.68,0.0,34,93.96,0.0,33,-1.49,0.0,33,18.19,0.006,34,79.45,0.026,37
1786332701.739,walk vx=0.000 vy=0.000 w=0.00,1.41,0.0,34,6.33,0.0,34,92.72,0.0,35,-0.09,0.0,34,17.93,0.026,36,79.72,0.006,38,-1.41,0.0,34,6.33,0.0,33,92.99,0.006,36,1.58,0.0,31,18.02,0.006,35,78.49,0.0,34,0.0,0.0,32,6.68,0.0,34,93.96,0.0,33,-1.49,0.0,33,18.19,0.0,34,79.45,0.019,37
1786332702.160,walk vx=0.000 vy=0.000 w=0.00,1.41,0.0,34,6.33,0.0,34,92.72,0.0,35,-0.09,0.0,34,17.93,0.019,36,79.72,0.006,38,-1.41,0.0,34,6.33,0.0,33,92.99,0.006,36,1.58,0.0,31,18.02,0.006,35,78.49,0.0,34,0.0,0.0,32,6.68,0.0,34,93.96,0.0,32,-1.49,0.0,33,18.19,0.006,34,79.45,0.026,37
1786332702.611,walk vx=0.000 vy=0.000 w=0.00,1.41,0.0,34,6.33,0.0,34,92.72,0.0,35,-0.09,0.0,34,17.93,0.026,36,79.72,0.0,38,-1.41,0.0,34,6.33,0.0,33,92.99,0.006,36,1.58,0.0,31,18.02,0.013,35,78.49,0.0,34,0.0,0.006,32,6.68,0.006,34,93.96,0.0,33,-1.49,0.0,33,18.19,0.006,34,79.45,0.026,37
1786332703.058,walk vx=0.000 vy=0.000 w=0.00,1.41,0.0,34,6.33,0.0,34,92.72,0.006,35,-0.09,0.0,34,17.93,0.019,36,79.72,0.006,38,-1.41,0.0,34,6.33,0.0,33,92.99,0.006,36,1.58,0.0,31,18.02,0.006,35,78.49,0.0,34,0.0,0.0,32,6.68,0.0,34,93.96,0.0,32,-1.49,0.0,33,18.19,0.0,34,79.45,0.026,37
1786332703.507,walk vx=0.000 vy=0.000 w=0.00,1.41,0.0,34,6.33,0.0,34,92.72,0.006,35,-0.09,0.0,34,17.93,0.019,36,79.72,0.0,38,-1.41,0.0,34,6.33,0.0,33,92.99,0.006,36,1.58,0.0,31,18.02,0.006,35,78.49,0.0,34,0.0,0.0,32,6.68,0.0,34,93.96,0.0,33,-1.49,0.0,33,18.19,0.006,34,79.45,0.019,37
1786332703.975,walk vx=0.000 vy=0.000 w=0.00,1.41,0.0,34,6.33,0.0,34,92.72,0.0,35,-0.09,0.0,34,17.93,0.026,37,79.72,0.006,38,-1.41,0.0,34,6.33,0.0,33,92.99,0.006,36,1.58,0.0,31,18.02,0.006,35,78.49,0.0,34,0.0,0.0,32,6.68,0.0,34,93.96,0.0,32,-1.49,0.0,33,18.19,0.006,34,79.45,0.019,37
1786332704.355,walk vx=0.000 vy=0.000 w=0.00,1.41,0.0,34,6.33,0.0,34,92.72,0.0,35,-0.09,0.0,34,17.93,0.019,36,79.72,0.006,38,-1.41,0.0,34,6.33,0.0,33,92.99,0.006,36,1.58,0.0,31,18.02,0.006,35,78.49,0.0,34,0.0,0.0,32,6.68,0.0,34,93.96,0.0,32,-1.49,0.0,33,18.19,0.006,34,79.45,0.019,37
1786332704.836,walk vx=0.000 vy=0.000 w=0.00,1.41,0.0,34,6.33,0.0,34,92.72,0.0,35,-0.09,0.0,34,17.93,0.026,37,79.72,0.006,38,-1.41,0.0,34,6.33,0.0,33,92.99,0.006,36,1.58,0.0,31,18.02,0.006,35,78.49,0.0,34,0.0,0.0,32,6.68,0.0,34,93.96,0.0,32,-1.49,0.0,33,18.19,0.0,34,79.45,0.019,37
1786332705.257,walk vx=0.000 vy=0.000 w=0.00,1.41,0.0,34,6.33,0.0,34,92.72,0.0,35,-0.09,0.0,34,17.93,0.026,37,79.72,0.006,38,-1.41,0.0,34,6.33,0.0,33,92.99,0.006,36,1.58,0.0,31,18.02,0.013,35,78.49,0.0,34,0.0,0.0,32,6.68,0.0,34,93.96,0.0,33,-1.49,0.0,33,18.19,0.006,34,79.45,0.026,37
1786332705.747,walk vx=0.000 vy=0.000 w=0.00,1.41,0.0,34,6.33,0.0,34,92.72,0.0,35,-0.09,0.0,34,17.93,0.019,36,79.72,0.006,38,-1.41,0.0,34,6.33,0.0,33,92.99,0.006,36,1.58,0.0,31,18.02,0.006,35,78.49,0.0,34,0.0,0.0,32,6.68,0.0,34,93.96,0.0,32,-1.49,0.0,33,18.19,0.006,34,79.45,0.026,37
1786332706.173,walk vx=0.000 vy=0.000 w=0.00,1.41,0.0,34,6.33,0.0,34,92.72,0.0,35,-0.09,0.0,34,17.93,0.019,36,79.72,0.006,38,-1.41,0.0,34,6.33,0.0,33,92.99,0.006,36,1.58,0.0,31,18.02,0.013,35,78.49,0.0,34,0.0,0.0,32,6.68,0.0,34,93.96,0.0,33,-1.49,0.0,33,18.19,0.006,34,79.45,0.019,37
1786332706.586,walk vx=0.000 vy=0.000 w=0.00,1.41,0.0,34,6.33,0.0,34,92.72,0.0,35,-0.09,0.0,34,17.93,0.026,37,79.72,0.006,38,-1.41,0.0,34,6.33,0.0,33,92.99,0.006,36,1.58,0.0,31,18.02,0.013,35,78.49,0.0,34,0.0,0.0,32,6.68,0.0,34,93.96,0.0,33,-1.49,0.0,33,18.19,0.006,34,79.45,0.026,37
1786332707.008,walk vx=0.000 vy=0.000 w=0.00,1.41,0.0,34,6.33,0.0,34,92.72,0.0,35,-0.09,0.0,34,17.93,0.019,36,79.72,0.006,38,-1.41,0.0,34,6.33,0.0,33,92.99,0.013,36,1.58,0.0,31,18.02,0.013,35,78.49,0.0,34,0.0,0.0,32,6.68,0.0,34,93.96,0.0,32,-1.49,0.0,33,18.19,0.006,34,79.45,0.019,37
1786332707.478,walk vx=0.000 vy=0.000 w=0.00,1.41,0.0,34,6.33,0.0,34,92.72,0.0,35,-0.09,0.0,34,17.93,0.019,36,79.72,0.006,38,-1.41,0.0,34,6.33,0.0,33,92.99,0.006,36,1.58,0.0,31,18.02,0.006,35,78.49,0.0,34,0.0,0.0,32,6.68,0.0,34,93.96,0.0,33,-1.49,0.0,33,18.19,0.006,34,79.45,0.026,37
1786332707.957,walk vx=0.000 vy=0.000 w=0.00,1.41,0.0,34,6.33,0.0,34,92.72,0.0,35,-0.09,0.0,34,17.93,0.026,36,79.72,0.006,38,-1.41,0.0,34,6.33,0.0,33,92.99,0.013,36,1.58,0.0,31,18.02,0.006,35,78.49,0.0,34,0.0,0.0,32,6.68,0.0,34,93.96,0.0,32,-1.49,0.0,33,18.19,0.006,34,79.45,0.026,37
1786332708.446,walk vx=0.000 vy=0.000 w=0.00,1.41,0.0,34,6.33,0.0,34,92.72,0.0,35,-0.09,0.0,34,17.93,0.026,36,79.72,0.006,38,-1.41,0.0,34,6.33,0.0,33,92.99,0.006,36,1.58,0.0,31,18.02,0.006,35,78.49,0.0,34,0.0,0.0,32,6.68,0.0,34,93.96,0.0,32,-1.49,0.0,33,18.19,0.006,34,79.45,0.026,37
1786332708.826,walk vx=0.000 vy=0.000 w=0.00,1.41,0.0,34,6.33,0.0,34,92.72,0.0,35,-0.09,0.0,34,17.93,0.019,37,79.72,0.006,38,-1.41,0.0,34,6.33,0.0,33,92.99,0.006,36,1.58,0.0,31,18.02,0.006,35,78.49,0.0,34,0.0,0.0,32,6.68,0.0,34,93.96,0.0,33,-1.49,0.0,33,18.19,0.006,34,79.45,0.026,37
1786332709.295,walk vx=0.000 vy=0.000 w=0.00,1.41,0.0,34,6.33,0.0,34,92.72,0.006,35,-0.09,0.0,34,17.93,0.019,36,79.72,0.006,38,-1.41,0.0,34,6.33,0.0,33,92.99,0.006,36,1.58,0.0,31,18.02,0.006,35,78.49,0.0,34,0.0,0.0,32,6.68,0.0,34,93.96,0.0,32,-1.49,0.0,33,18.19,0.0,34,79.45,0.026,37
1786332709.674,walk vx=0.000 vy=0.000 w=0.00,1.41,0.0,34,6.33,0.0,34,92.72,0.0,35,-0.09,0.0,34,17.93,0.026,36,79.72,0.006,38,-1.41,0.0,34,6.33,0.0,33,92.99,0.006,36,1.58,0.0,31,18.02,0.013,35,78.49,0.0,34,0.0,0.0,32,6.68,0.0,34,93.96,0.0,32,-1.49,0.0,33,18.19,0.006,34,79.45,0.026,37
1786332710.089,walk vx=0.000 vy=0.000 w=0.00,1.41,0.0,34,6.33,0.0,34,92.72,0.006,35,-0.09,0.0,34,17.93,0.019,36,79.72,0.013,38,-1.41,0.0,34,6.33,0.0,33,92.99,0.013,36,1.58,0.0,31,18.02,0.013,35,78.49,0.0,34,0.0,0.0,32,6.68,0.0,34,93.96,0.0,33,-1.49,0.0,33,18.19,0.006,34,79.45,0.026,37
1786332710.554,walk vx=0.000 vy=0.000 w=0.00,1.41,0.0,34,6.33,0.0,34,92.72,0.0,35,-0.09,0.0,34,17.93,0.026,72,79.72,0.006,38,-1.41,0.0,34,6.33,0.0,33,92.99,0.013,36,1.58,0.0,31,18.02,0.013,35,78.49,0.0,34,0.0,0.0,32,6.68,0.0,34,93.96,0.0,32,-1.49,0.0,33,18.19,0.006,34,79.45,0.026,37
1786332711.053,walk vx=0.000 vy=0.000 w=0.00,1.41,0.0,34,6.33,0.0,34,92.72,0.006,35,-0.09,0.0,34,17.93,0.019,36,79.72,0.006,38,-1.41,0.0,34,6.33,0.0,33,92.99,0.013,36,1.58,0.0,31,18.02,0.006,35,78.49,0.0,34,0.0,0.006,32,6.68,0.0,34,93.96,0.0,32,-1.49,0.0,33,18.19,0.006,34,79.45,0.026,37
1786332711.527,walk vx=0.000 vy=0.000 w=0.00,1.41,0.0,34,6.33,0.0,34,92.72,0.006,35,-0.09,0.0,34,17.93,0.019,36,79.72,0.006,38,-1.41,0.0,34,6.33,0.0,33,92.99,0.006,36,1.58,0.0,31,18.02,0.006,35,78.49,0.0,34,0.0,0.0,32,6.68,0.0,34,93.96,0.0,32,-1.49,0.0,33,18.19,0.006,34,79.45,0.019,37
1786332711.967,walk vx=0.000 vy=0.000 w=0.00,1.41,0.0,34,6.33,0.0,34,92.72,0.0,35,-0.09,0.0,34,17.93,0.019,37,79.72,0.006,38,-1.41,0.0,34,6.33,0.0,33,92.99,0.006,36,1.58,0.0,31,18.02,0.006,35,78.49,0.0,34,0.0,0.0,32,6.68,0.0,34,93.96,0.0,32,-1.49,0.0,33,18.19,0.006,34,79.45,0.019,37
1786332712.364,walk vx=0.000 vy=0.000 w=0.00,1.41,0.0,34,6.33,0.0,34,92.72,0.0,35,-0.09,0.0,34,17.93,0.026,37,79.72,0.006,38,-1.41,0.0,34,6.33,0.0,33,92.99,0.006,36,1.58,0.0,31,18.02,0.006,35,78.49,0.0,34,0.0,0.0,32,6.68,0.0,34,93.96,0.0,32,-1.49,0.0,33,18.19,0.0,34,79.45,0.019,37
1786332712.788,walk vx=0.000 vy=0.000 w=0.00,1.41,0.0,34,6.33,0.0,34,92.72,0.006,35,-0.09,0.0,34,17.93,0.019,37,79.72,0.006,38,-1.41,0.0,34,6.33,0.0,33,92.99,0.006,36,1.58,0.0,31,18.02,0.006,35,78.49,0.0,34,0.0,0.0,32,6.68,0.0,34,93.96,0.0,32,-1.49,0.0,33,18.19,0.006,34,79.45,0.026,37
1786332713.241,walk vx=0.000 vy=0.000 w=0.00,1.41,0.0,34,6.33,0.0,34,92.72,0.0,35,-0.09,0.0,34,17.93,0.026,36,79.72,0.006,38,-1.41,0.0,34,6.33,0.0,33,92.99,0.013,36,1.58,0.0,31,18.02,0.006,35,78.49,0.0,34,0.0,0.0,32,6.68,0.0,34,93.96,0.0,32,-1.49,0.0,33,18.19,0.0,34,79.45,0.026,37
1786332713.694,walk vx=0.000 vy=0.000 w=0.00,1.41,0.0,34,6.33,0.0,34,92.72,0.0,35,-0.09,0.0,34,17.93,0.019,37,79.72,0.006,38,-1.41,0.0,34,6.33,0.0,33,92.99,0.013,36,1.58,0.0,31,18.02,0.013,35,78.49,0.0,34,0.0,0.0,32,6.68,0.0,34,93.96,0.0,33,-1.49,0.0,33,18.19,0.006,34,79.45,0.019,37
1786332714.109,walk vx=0.000 vy=0.000 w=0.00,1.41,0.0,34,6.33,0.0,34,92.72,0.0,35,-0.09,0.0,34,17.93,0.026,37,79.72,0.006,38,-1.41,0.0,34,6.33,0.0,33,92.99,0.006,36,1.58,0.0,31,18.02,0.006,35,78.49,0.0,35,0.0,0.0,32,6.68,0.0,34,93.96,0.0,32,-1.49,0.0,33,18.19,0.006,34,79.45,0.026,37
1786332714.542,walk vx=0.000 vy=0.000 w=0.00,1.41,0.0,34,6.33,0.0,34,92.72,0.0,35,-0.09,0.006,34,17.93,0.026,36,79.72,0.006,38,-1.41,0.0,34,6.33,0.0,33,92.99,0.006,36,1.58,0.0,31,18.02,0.006,35,78.49,0.0,34,0.0,0.0,32,6.68,0.0,34,93.96,0.0,32,-1.49,0.0,33,18.19,0.0,34,79.45,0.026,37
1786332714.992,walk vx=0.000 vy=0.000 w=0.00,1.41,0.0,34,6.33,0.0,34,92.72,0.0,35,-0.09,0.0,34,17.93,0.019,37,79.72,0.006,38,-1.41,0.0,34,6.33,0.0,33,92.99,0.013,36,1.58,0.0,31,18.02,0.006,35,78.49,0.0,34,0.0,0.0,32,6.68,0.0,34,93.96,0.0,32,-1.49,0.0,33,18.19,0.006,34,79.45,0.026,37
1786332715.376,walk vx=0.000 vy=0.000 w=0.00,1.41,0.0,34,6.33,0.0,34,92.72,0.0,35,-0.09,0.0,34,17.93,0.026,36,79.72,0.006,38,-1.41,0.0,34,6.33,0.0,33,92.99,0.006,36,1.58,0.0,31,18.02,0.013,35,78.49,0.0,34,0.0,0.0,32,6.68,0.0,34,93.96,0.0,32,-1.49,0.0,33,18.19,0.006,34,79.45,0.026,37
1786332715.891,walk vx=0.000 vy=0.000 w=0.00,1.41,0.0,34,6.33,0.0,34,92.72,0.0,35,-0.09,0.0,34,17.93,0.019,36,79.72,0.006,38,-1.41,0.0,34,6.33,0.0,33,92.99,0.006,36,1.58,0.0,31,18.02,0.013,35,78.49,0.0,34,0.0,0.0,32,6.68,0.0,34,93.96,0.0,32,-1.49,0.0,33,18.19,0.006,34,79.45,0.026,37
1786332716.294,walk vx=0.000 vy=0.000 w=0.00,1.41,0.0,34,6.33,0.0,34,92.72,0.0,35,-0.09,0.0,34,17.93,0.026,36,79.72,0.006,38,-1.41,0.0,34,6.33,0.0,33,92.99,0.006,36,1.58,0.0,31,18.02,0.013,35,78.49,0.0,34,0.0,0.0,32,6.68,0.0,34,93.96,0.0,32,-1.49,0.0,33,18.19,0.0,34,79.45,0.026,37
1786332716.745,walk vx=0.000 vy=0.000 w=0.00,1.41,0.0,34,6.33,0.0,34,92.72,0.0,35,-0.09,0.0,34,17.93,0.026,37,79.72,0.006,38,-1.41,0.0,34,6.33,0.0,33,92.99,0.006,36,1.58,0.0,31,18.02,0.006,35,78.49,0.0,34,0.0,0.0,32,6.68,0.0,34,93.96,0.0,32,-1.49,0.0,33,18.19,0.0,34,79.45,0.026,37
1786332717.155,walk vx=0.000 vy=0.000 w=0.00,1.41,0.0,34,6.33,0.0,34,92.72,0.0,35,-0.09,0.0,34,17.93,0.026,37,79.72,0.006,38,-1.41,0.0,34,6.33,0.0,33,92.99,0.006,36,1.58,0.0,31,18.02,0.006,35,78.49,0.0,34,0.0,0.0,32,6.68,0.0,34,93.96,0.0,33,-1.49,0.0,33,18.19,0.006,34,79.45,0.026,37
1786332717.603,walk vx=0.000 vy=0.000 w=0.00,1.41,0.0,34,6.33,0.0,34,92.72,0.0,35,-0.09,0.0,34,17.93,0.019,36,79.72,0.006,38,-1.41,0.0,34,6.33,0.0,33,92.99,0.006,36,1.58,0.0,31,18.02,0.006,35,78.49,0.0,34,0.0,0.0,32,6.68,0.0,34,93.96,0.0,32,-1.49,0.0,33,18.19,0.006,34,79.45,0.026,37
1786332718.097,walk vx=0.000 vy=0.000 w=0.00,1.41,0.0,34,6.33,0.0,34,92.72,0.0,35,-0.09,0.0,34,17.93,0.019,36,79.72,0.006,38,-1.41,0.0,34,6.33,0.0,33,92.99,0.006,36,1.58,0.0,31,18.02,0.006,35,78.49,0.0,34,0.0,0.0,32,6.68,0.0,34,93.96,0.0,33,-1.49,0.0,33,18.19,0.0,34,79.45,0.026,37
1786332718.602,walk vx=0.000 vy=0.000 w=0.00,1.41,0.0,34,6.33,0.0,34,92.72,0.006,35,-0.09,0.0,34,17.93,0.026,36,79.72,0.006,38,-1.41,0.0,34,6.33,0.0,33,92.99,0.006,36,1.58,0.0,31,18.02,0.006,35,78.49,0.0,34,0.0,0.0,32,6.68,0.0,34,93.96,0.0,32,-1.49,0.0,33,18.19,0.006,34,79.45,0.026,37
1786332719.004,walk vx=0.000 vy=0.000 w=0.00,1.41,0.0,34,6.33,0.0,34,92.72,0.0,35,-0.09,0.0,34,17.93,0.026,36,79.72,0.006,38,-1.41,0.0,34,6.33,0.0,33,92.99,0.006,36,1.58,0.0,31,18.02,0.006,35,78.49,0.0,34,0.0,0.0,32,6.68,0.0,34,93.96,0.0,32,-1.49,0.0,33,18.19,0.0,34,79.45,0.026,37
1786332719.395,walk vx=0.000 vy=0.000 w=0.00,1.41,0.0,34,6.33,0.0,34,92.72,0.006,35,-0.09,0.0,34,17.93,0.026,37,79.72,0.006,38,-1.41,0.0,34,6.33,0.0,33,92.99,0.006,36,1.58,0.0,31,18.02,0.013,35,78.49,0.0,34,0.0,0.0,32,6.68,0.0,34,93.96,0.0,32,-1.49,0.0,33,18.19,0.0,34,79.45,0.026,37
1786332719.803,walk vx=0.000 vy=0.000 w=0.00,1.41,0.0,34,6.33,0.0,34,92.72,0.0,35,-0.09,0.0,34,17.93,0.019,36,79.72,0.006,38,-1.41,0.0,34,6.33,0.0,33,92.99,0.006,36,1.58,0.0,31,18.02,0.006,35,78.49,0.0,34,0.0,0.0,32,6.68,0.0,34,93.96,0.0,33,-1.49,0.0,33,18.19,0.006,34,79.45,0.026,37
1786332720.262,walk vx=0.000 vy=0.000 w=0.00,1.41,0.0,34,6.33,0.0,34,92.72,0.006,35,-0.09,0.0,34,17.93,0.019,36,79.72,0.006,38,-1.41,0.0,34,6.33,0.0,33,92.99,0.006,36,1.58,0.0,31,18.02,0.013,35,78.49,0.0,34,0.0,0.0,32,6.68,0.0,34,93.96,0.0,32,-1.49,0.0,33,18.19,0.006,34,79.45,0.026,37
1786332720.745,walk vx=0.000 vy=0.000 w=0.00,1.41,0.0,34,6.33,0.0,34,92.72,0.0,35,-0.09,0.0,34,17.93,0.019,36,79.72,0.006,38,-1.41,0.0,34,6.33,0.0,33,92.99,0.0,36,1.58,0.0,31,18.02,0.006,35,78.49,0.0,34,0.0,0.0,32,6.68,0.0,34,93.96,0.0,32,-1.49,0.0,33,18.19,0.006,34,79.45,0.026,37
1786332721.175,walk vx=0.000 vy=0.000 w=0.00,1.41,0.0,34,6.33,0.0,34,92.72,0.0,35,-0.09,0.0,34,17.93,0.026,37,79.72,0.006,38,-1.41,0.0,34,6.33,0.0,32,92.99,0.006,36,1.58,0.0,31,18.02,0.006,35,78.49,0.0,34,0.0,0.0,32,6.68,0.0,34,93.96,0.0,32,-1.49,0.0,33,18.19,0.0,34,79.45,0.026,37
1786332721.601,walk vx=0.000 vy=0.000 w=0.00,1.41,0.0,34,6.33,0.0,34,92.72,0.0,35,-0.09,0.0,34,17.93,0.019,36,79.72,0.006,38,-1.41,0.0,34,6.33,0.0,33,92.99,0.013,36,1.58,0.0,31,18.02,0.006,35,78.49,0.0,34,0.0,0.0,32,6.68,0.0,34,93.96,0.0,32,-1.49,0.0,33,18.19,0.006,34,79.45,0.026,37
1786332722.057,walk vx=0.000 vy=0.000 w=0.00,1.41,0.0,34,6.33,0.0,34,92.72,0.0,35,-0.09,0.0,34,17.93,0.019,36,79.72,0.006,38,-1.41,0.0,34,6.33,0.006,33,92.99,0.013,36,1.58,0.0,31,18.02,0.006,35,78.49,0.0,34,0.0,0.0,32,6.68,0.0,34,93.96,0.0,32,-1.49,0.0,33,18.19,0.0,34,79.45,0.026,37
1786332722.532,walk vx=0.000 vy=0.000 w=0.00,1.41,0.0,34,6.33,0.0,34,92.72,0.0,35,-0.09,0.0,34,17.93,0.019,58,79.72,0.006,38,-1.41,0.0,34,6.33,0.0,33,92.99,0.006,36,1.58,0.0,31,18.02,0.006,35,78.49,0.0,34,0.0,0.0,32,6.68,0.0,34,93.96,0.0,32,-1.49,0.0,33,18.19,0.006,34,79.45,0.026,37
1786332722.963,walk vx=0.000 vy=0.000 w=0.00,1.41,0.0,34,6.33,0.0,34,92.72,0.0,35,-0.09,0.0,34,17.93,0.019,37,79.72,0.006,38,-1.41,0.0,34,6.33,0.0,33,92.99,0.006,36,1.58,0.0,31,18.02,0.006,35,78.49,0.0,34,0.0,0.0,32,6.68,0.0,34,93.96,0.0,32,-1.49,0.0,33,18.19,0.006,34,79.45,0.019,37
1786332723.450,walk vx=0.000 vy=0.000 w=0.00,1.41,0.0,34,6.33,0.0,34,92.72,0.0,35,-0.09,0.0,34,17.93,0.026,36,79.72,0.0,38,-1.41,0.0,34,6.33,0.0,33,92.99,0.006,36,1.58,0.0,31,18.02,0.013,35,78.49,0.0,34,0.0,0.0,32,6.68,0.0,34,93.96,0.0,32,-1.49,0.0,33,18.19,0.006,34,79.45,0.026,37
1786332723.903,walk vx=0.000 vy=0.000 w=0.00,1.41,0.0,34,6.33,0.0,34,92.72,0.0,35,-0.09,0.0,34,17.93,0.026,36,79.72,0.006,38,-1.41,0.0,34,6.33,0.0,33,92.99,0.006,36,1.58,0.0,31,18.02,0.006,35,78.49,0.0,34,0.0,0.0,32,6.68,0.0,34,93.96,0.0,33,-1.49,0.0,33,18.19,0.006,34,79.45,0.026,37
1786332724.357,walk vx=0.000 vy=0.000 w=0.00,1.41,0.0,34,6.33,0.0,34,92.72,0.0,35,-0.09,0.0,34,17.93,0.026,36,79.72,0.006,38,-1.41,0.0,34,6.33,0.0,33,92.99,0.006,36,1.58,0.0,31,18.02,0.006,35,78.49,0.0,34,0.0,0.0,32,6.68,0.0,34,93.96,0.0,32,-1.49,0.0,33,18.19,0.0,34,79.45,0.026,37
1786332724.807,walk vx=0.000 vy=0.000 w=0.00,1.41,0.0,34,6.33,0.0,34,92.72,0.0,35,-0.09,0.0,34,17.93,0.026,36,79.72,0.006,38,-1.41,0.0,34,6.33,0.0,33,92.99,0.006,36,1.58,0.0,31,18.02,0.006,35,78.49,0.0,34,0.0,0.0,32,6.68,0.0,34,93.96,0.0,33,-1.49,0.0,33,18.19,0.006,34,79.45,0.026,37
1786332725.203,walk vx=0.000 vy=0.000 w=0.00,1.41,0.0,34,6.33,0.0,34,92.72,0.0,35,-0.09,0.0,34,17.93,0.026,36,79.72,0.006,38,-1.41,0.0,34,6.33,0.0,33,92.99,0.006,36,1.58,0.0,31,18.02,0.013,35,78.49,0.0,34,0.0,0.0,32,6.68,0.0,34,93.96,0.0,32,-1.49,0.0,33,18.19,0.0,34,79.45,0.026,37
1786332725.651,walk vx=0.000 vy=0.000 w=0.00,1.41,0.0,34,6.33,0.0,34,92.72,0.0,35,-0.09,0.0,34,17.93,0.019,37,79.72,0.006,38,-1.41,0.0,34,6.33,0.0,33,92.99,0.006,36,1.58,0.0,31,18.02,0.006,35,78.49,0.0,34,0.0,0.0,32,6.68,0.0,34,93.96,0.0,32,-1.49,0.0,33,18.19,0.0,34,79.45,0.026,37
1786332726.117,walk vx=0.000 vy=0.000 w=0.00,1.41,0.0,34,6.33,0.0,34,92.72,0.0,35,-0.09,0.0,34,17.93,0.026,36,79.72,0.006,38,-1.41,0.0,34,6.33,0.0,33,92.99,0.013,36,1.58,0.0,31,18.02,0.006,35,78.49,0.0,34,0.0,0.0,32,6.68,0.0,34,93.96,0.0,32,-1.49,0.0,33,18.19,0.0,34,79.45,0.026,37
1786332726.532,walk vx=0.000 vy=0.000 w=0.00,1.41,0.0,34,6.33,0.0,34,92.72,0.0,35,-0.09,0.0,34,17.93,0.026,36,79.72,0.0,38,-1.41,0.0,34,6.33,0.0,33,92.99,0.006,36,1.58,0.0,31,18.02,0.013,35,78.49,0.0,34,0.0,0.0,32,6.68,0.0,34,93.96,0.0,32,-1.49,0.0,33,18.19,0.006,34,79.45,0.026,37
1786332726.991,walk vx=0.000 vy=0.000 w=0.00,1.41,0.0,34,6.33,0.0,34,92.72,0.0,35,-0.09,0.0,34,17.93,0.019,37,79.72,0.0,38,-1.41,0.0,34,6.33,0.0,33,92.99,0.006,36,1.58,0.0,31,18.02,0.006,35,78.49,0.0,34,0.0,0.0,32,6.68,0.0,34,93.96,0.0,33,-1.49,0.0,33,18.19,0.0,34,79.45,0.026,37
1786332727.414,walk vx=0.000 vy=0.000 w=0.00,1.41,0.0,34,6.33,0.0,34,92.72,0.0,35,-0.09,0.0,34,17.93,0.019,36,79.72,0.006,38,-1.41,0.0,34,6.33,0.0,33,92.99,0.006,36,1.58,0.0,31,18.02,0.013,35,78.49,0.0,34,0.0,0.0,32,6.68,0.0,34,93.96,0.0,32,-1.49,0.0,33,18.19,0.006,34,79.45,0.026,37
1786332727.844,walk vx=0.000 vy=0.000 w=0.00,1.41,0.0,34,6.33,0.0,34,92.72,0.0,35,-0.09,0.0,34,17.93,0.026,36,79.72,0.006,38,-1.41,0.0,34,6.33,0.0,33,92.99,0.013,36,1.58,0.0,31,18.02,0.006,35,78.49,0.0,34,0.0,0.0,32,6.68,0.0,34,93.96,0.0,32,-1.49,0.0,33,18.19,0.006,34,79.45,0.026,37
1786332728.307,walk vx=0.000 vy=0.000 w=0.00,1.41,0.0,34,6.33,0.0,34,92.72,0.006,35,-0.09,0.0,34,17.93,0.019,36,79.72,0.006,38,-1.41,0.0,34,6.33,0.0,33,92.99,0.013,36,1.58,0.0,31,18.02,0.013,35,78.49,0.0,34,0.0,0.0,32,6.68,0.0,34,93.96,0.0,32,-1.49,0.0,33,18.19,0.0,34,79.45,0.026,37
1786332728.739,walk vx=0.000 vy=0.000 w=0.00,1.41,0.0,34,6.33,0.0,34,92.72,0.0,35,-0.09,0.0,34,17.93,0.026,37,79.72,0.006,38,-1.41,0.0,34,6.33,0.0,33,92.99,0.006,36,1.58,0.0,31,18.02,0.013,35,78.49,0.0,34,0.0,0.0,32,6.68,0.0,34,93.96,0.0,32,-1.49,0.0,33,18.19,0.006,34,79.45,0.026,37
1786332729.196,walk vx=0.000 vy=0.000 w=0.00,1.41,0.0,34,6.33,0.0,34,92.72,0.006,35,-0.09,0.0,34,17.93,0.026,36,79.72,0.006,38,-1.41,0.0,34,6.33,0.0,33,92.99,0.013,36,1.58,0.0,31,18.02,0.006,35,78.49,0.0,34,0.0,0.0,32,6.68,0.0,34,93.96,0.0,32,-1.49,0.0,33,18.19,0.006,34,79.45,0.026,37
1786332729.616,walk vx=0.000 vy=0.000 w=0.00,1.41,0.0,34,6.33,0.0,34,92.72,0.0,35,-0.09,0.0,34,17.93,0.019,37,79.72,0.006,38,-1.41,0.0,34,6.33,0.0,33,92.99,0.013,36,1.58,0.0,31,18.02,0.006,35,78.49,0.0,34,0.0,0.0,32,6.68,0.0,34,93.96,0.0,32,-1.49,0.0,33,18.19,0.0,34,79.45,0.026,37
1786332730.029,walk vx=0.000 vy=0.000 w=0.00,1.41,0.0,34,6.33,0.0,34,92.72,0.0,35,-0.09,0.0,34,17.93,0.026,37,79.72,0.006,38,-1.41,0.0,34,6.33,0.0,33,92.99,0.006,36,1.58,0.0,31,18.02,0.006,35,78.49,0.0,34,0.0,0.0,32,6.68,0.0,34,93.96,0.0,33,-1.49,0.0,33,18.19,0.0,34,79.45,0.026,37
1786332730.451,walk vx=0.000 vy=0.000 w=0.00,1.41,0.0,34,6.33,0.0,34,92.72,0.0,35,-0.09,0.0,34,17.93,0.026,36,79.72,0.006,38,-1.41,0.0,34,6.33,0.0,33,92.99,0.006,36,1.58,0.0,31,18.02,0.006,35,78.49,0.0,34,0.0,0.0,32,6.68,0.0,34,93.96,0.0,32,-1.49,0.0,33,18.19,0.006,34,79.45,0.026,37
1786332730.942,walk vx=0.000 vy=0.000 w=0.00,1.41,0.0,34,6.33,0.0,34,92.72,0.0,35,-0.09,0.0,34,17.93,0.019,36,79.72,0.006,38,-1.41,0.0,34,6.33,0.0,33,92.99,0.013,36,1.58,0.0,31,18.02,0.006,35,78.49,0.0,34,0.0,0.0,32,6.68,0.0,34,93.96,0.0,32,-1.49,0.0,33,18.19,0.0,34,79.45,0.026,37
1786332731.389,walk vx=0.000 vy=0.000 w=0.00,1.41,0.0,34,6.33,0.0,34,92.72,0.0,35,-0.09,0.0,34,17.93,0.019,37,79.72,0.006,38,-1.41,0.0,34,6.33,0.0,33,92.99,0.013,36,1.58,0.0,31,18.02,0.006,35,78.49,0.0,34,0.0,0.0,32,6.68,0.0,34,93.96,0.0,32,-1.49,0.0,33,18.19,0.006,34,79.45,0.026,37
1786332731.830,walk vx=0.000 vy=0.000 w=0.00,1.41,0.0,34,6.33,0.0,34,92.72,0.006,35,-0.09,0.0,34,17.93,0.019,36,79.72,0.006,38,-1.41,0.0,34,6.33,0.0,33,92.99,0.013,36,1.58,0.0,31,18.02,0.006,35,78.49,0.0,34,0.0,0.0,32,6.68,0.0,34,93.96,0.0,32,-1.49,0.0,33,18.19,0.006,34,79.45,0.026,37
1786332732.219,walk vx=0.000 vy=0.000 w=0.00,1.41,0.0,34,6.33,0.0,34,92.72,0.0,35,-0.09,0.0,34,17.93,0.026,37,79.72,0.006,38,-1.41,0.0,34,6.33,0.0,33,92.99,0.006,36,1.58,0.0,31,18.02,0.006,35,78.49,0.0,34,0.0,0.0,32,6.68,0.0,34,93.96,0.0,32,-1.49,0.0,33,18.19,0.006,34,79.45,0.026,37
1786332732.688,walk vx=0.000 vy=0.000 w=0.00,1.41,0.0,34,6.33,0.0,34,92.72,0.006,35,-0.09,0.0,34,17.93,0.019,37,79.72,0.006,38,-1.41,0.0,34,6.33,0.0,33,92.99,0.006,36,1.58,0.0,31,18.02,0.006,35,78.49,0.0,34,0.0,0.0,32,6.68,0.0,34,93.96,0.0,32,-1.49,0.0,33,18.19,0.006,34,79.45,0.019,37
1786332733.110,walk vx=0.000 vy=0.000 w=0.00,1.41,0.0,34,6.33,0.0,34,92.72,0.0,35,-0.09,0.0,34,17.93,0.026,36,79.72,0.0,38,-1.41,0.0,34,6.33,0.0,33,92.99,0.006,36,1.58,0.0,31,18.02,0.006,35,78.49,0.0,34,0.0,0.0,32,6.68,0.0,34,93.96,0.0,32,-1.49,0.0,33,18.19,0.006,34,79.45,0.026,37
1786332733.592,walk vx=0.000 vy=0.000 w=0.00,1.41,0.0,34,6.33,0.0,34,92.72,0.0,35,-0.09,0.0,34,17.93,0.026,36,79.72,0.006,38,-1.41,0.0,34,6.33,0.0,33,92.99,0.006,36,1.58,0.0,31,18.02,0.006,35,78.49,0.0,34,0.0,0.0,32,6.68,0.0,34,93.96,0.0,32,-1.49,0.0,33,18.19,0.006,34,79.45,0.019,37
1786332734.000,walk vx=0.000 vy=0.000 w=0.00,1.41,0.0,34,6.33,0.0,34,92.72,0.006,35,-0.09,0.0,34,17.93,0.019,37,79.72,0.0,38,-1.41,0.0,34,6.33,0.0,33,92.99,0.006,36,1.58,0.0,31,18.02,0.006,35,78.49,0.0,34,0.0,0.0,32,6.68,0.0,34,93.96,0.0,32,-1.49,0.0,33,18.19,0.006,34,79.45,0.019,37
1786332734.430,walk vx=0.000 vy=0.000 w=0.00,1.41,0.0,34,6.33,0.0,34,92.72,0.0,35,-0.09,0.0,34,17.93,0.026,36,79.72,0.006,38,-1.41,0.0,34,6.33,0.0,33,92.99,0.006,36,1.58,0.0,31,18.02,0.006,35,78.49,0.0,34,0.0,0.0,32,6.68,0.0,34,93.96,0.0,32,-1.49,0.0,33,18.19,0.006,34,79.45,0.026,37
1786332734.848,walk vx=0.000 vy=0.000 w=0.00,1.41,0.0,34,6.33,0.0,34,92.72,0.0,35,-0.09,0.0,34,17.93,0.019,36,79.72,0.006,38,-1.41,0.0,34,6.33,0.0,33,92.99,0.006,36,1.58,0.0,31,18.02,0.006,35,78.49,0.0,34,0.0,0.0,32,6.68,0.0,34,93.96,0.0,32,-1.49,0.0,33,18.19,0.006,34,79.45,0.026,37
1786332735.238,walk vx=0.000 vy=0.000 w=0.00,1.41,0.0,34,6.33,0.0,34,92.72,0.0,35,-0.09,0.0,34,17.93,0.019,37,79.72,0.006,38,-1.41,0.0,34,6.33,0.0,33,92.99,0.006,36,1.58,0.0,31,18.02,0.006,35,78.49,0.0,34,0.0,0.0,32,6.68,0.0,34,93.96,0.0,33,-1.49,0.0,33,18.19,0.0,34,79.45,0.026,37
1786332735.736,walk vx=0.000 vy=0.000 w=0.00,1.41,0.0,34,6.33,0.0,34,92.72,0.0,35,-0.09,0.0,34,17.93,0.026,36,79.72,0.006,38,-1.41,0.0,34,6.33,0.0,33,92.99,0.006,36,1.58,0.0,31,18.02,0.006,35,78.49,0.0,34,0.0,0.0,32,6.68,0.0,34,93.96,0.0,32,-1.49,0.0,33,18.19,0.006,34,79.45,0.019,37
1786332736.184,walk vx=0.000 vy=0.000 w=0.00,1.41,0.0,34,6.33,0.0,34,92.72,0.0,35,-0.09,0.0,34,17.93,0.026,37,79.72,0.006,38,-1.41,0.0,34,6.33,0.0,33,92.99,0.013,36,1.58,0.0,31,18.02,0.006,35,78.49,0.0,34,0.0,0.0,32,6.68,0.0,34,93.96,0.0,33,-1.49,0.0,33,18.19,0.006,34,79.45,0.026,37
1786332736.632,walk vx=0.000 vy=0.000 w=0.00,1.41,0.0,34,6.33,0.0,34,92.72,0.006,35,-0.09,0.0,34,17.93,0.026,37,79.72,0.006,38,-1.41,0.006,34,6.33,0.0,33,92.99,0.013,36,1.58,0.0,31,18.02,0.006,35,78.49,0.0,34,0.0,0.0,32,6.68,0.0,34,93.96,0.0,32,-1.49,0.0,33,18.19,0.006,34,79.45,0.019,37
1786332737.041,walk vx=0.000 vy=0.000 w=0.00,1.41,0.0,34,6.33,0.0,34,92.72,0.0,35,-0.09,0.0,34,17.93,0.019,37,79.72,0.006,38,-1.41,0.0,34,6.33,0.0,33,92.99,0.006,36,1.58,0.0,31,18.02,0.006,35,78.49,0.0,34,0.0,0.0,32,6.68,0.0,34,93.96,0.0,32,-1.49,0.0,33,18.19,0.0,34,79.45,0.026,37
1786332737.489,walk vx=0.000 vy=0.000 w=0.00,1.41,0.0,34,6.33,0.0,34,92.72,0.0,35,-0.09,0.0,34,17.93,0.026,36,79.72,0.006,38,-1.41,0.0,34,6.33,0.0,33,92.99,0.006,36,1.58,0.0,31,18.02,0.013,35,78.49,0.0,34,0.0,0.0,32,6.68,0.0,34,93.96,0.0,33,-1.49,0.0,33,18.19,0.006,34,79.45,0.026,37
1786332738.013,walk vx=0.000 vy=0.000 w=0.00,1.41,0.0,34,6.33,0.0,34,92.72,0.0,34,-0.09,0.0,34,17.93,0.019,37,79.72,0.006,38,-1.41,0.0,34,6.33,0.0,33,92.99,0.013,36,1.58,0.0,31,18.02,0.006,35,78.49,0.0,34,0.0,0.0,32,6.68,0.0,34,93.96,0.0,32,-1.49,0.0,33,18.19,0.006,34,79.45,0.026,37
1786332738.474,walk vx=0.000 vy=0.000 w=0.00,1.41,0.0,34,6.33,0.0,34,92.72,0.0,35,-0.09,0.0,34,17.93,0.026,36,79.72,0.006,38,-1.41,0.0,34,6.33,0.0,33,92.99,0.006,36,1.58,0.0,31,18.02,0.006,35,78.49,0.0,34,0.0,0.006,32,6.68,0.0,34,93.96,0.0,32,-1.49,0.0,33,18.19,0.006,34,79.45,0.026,37
1786332738.886,walk vx=0.000 vy=0.000 w=0.00,1.41,0.0,34,6.33,0.0,34,92.72,0.0,35,-0.09,0.0,34,17.93,0.019,36,79.72,0.006,38,-1.41,0.0,34,6.33,0.0,33,92.99,0.006,36,1.58,0.0,31,18.02,0.013,35,78.49,0.0,34,0.0,0.0,32,6.68,0.0,34,93.96,0.0,32,-1.49,0.0,33,18.19,0.006,34,79.45,0.026,37
1786332739.301,walk vx=0.000 vy=0.000 w=0.00,1.41,0.0,34,6.33,0.0,34,92.72,0.0,35,-0.09,0.0,34,17.93,0.019,37,79.72,0.006,38,-1.41,0.0,34,6.33,0.0,33,92.99,0.006,36,1.58,0.0,31,18.02,0.006,35,78.49,0.0,34,0.0,0.0,32,6.68,0.0,34,93.96,0.0,33,-1.49,0.0,33,18.19,0.006,34,79.45,0.026,37
1786332739.705,walk vx=0.000 vy=0.000 w=0.00,1.41,0.0,34,6.33,0.0,34,92.72,0.0,35,-0.09,0.0,34,17.93,0.019,37,79.72,0.006,38,-1.41,0.0,34,6.33,0.0,32,92.99,0.006,36,1.58,0.0,31,18.02,0.006,35,78.49,0.0,34,0.0,0.0,32,6.68,0.0,34,93.96,0.0,32,-1.49,0.0,33,18.19,0.006,34,79.45,0.019,37
1786332740.202,walk vx=0.000 vy=0.000 w=0.00,1.41,0.0,34,6.33,0.0,34,92.72,0.0,35,-0.09,0.0,34,17.93,0.026,37,79.72,0.006,38,-1.41,0.0,34,6.33,0.0,33,92.99,0.006,36,1.58,0.0,31,18.02,0.006,35,78.49,0.0,34,0.0,0.0,32,6.68,0.0,34,93.96,0.0,32,-1.49,0.0,33,18.19,0.006,34,79.45,0.019,37
1786332740.631,walk vx=0.000 vy=0.000 w=0.00,1.41,0.0,34,6.33,0.0,34,92.72,0.0,35,-0.09,0.0,34,17.93,0.019,36,79.72,0.006,38,-1.41,0.0,34,6.33,0.0,33,92.99,0.006,36,1.58,0.0,31,18.02,0.006,35,78.49,0.0,34,0.0,0.0,32,6.68,0.0,34,93.96,0.0,32,-1.49,0.0,33,18.19,0.006,34,79.45,0.019,37
1786332741.082,walk vx=0.000 vy=0.000 w=0.00,1.41,0.0,34,6.33,0.0,34,92.72,0.0,35,-0.09,0.0,34,17.93,0.026,36,79.72,0.0,38,-1.41,0.0,34,6.33,0.0,33,92.99,0.006,36,1.58,0.0,31,18.02,0.006,35,78.49,0.0,34,0.0,0.0,32,6.68,0.0,34,93.96,0.0,32,-1.49,0.0,33,18.19,0.0,34,79.45,0.026,37
1786332741.522,walk vx=0.000 vy=0.000 w=0.00,1.41,0.0,34,6.33,0.0,34,92.72,0.0,35,-0.09,0.0,34,17.93,0.019,37,79.72,0.006,38,-1.41,0.0,34,6.33,0.0,33,92.99,0.0,36,1.58,0.0,31,18.02,0.006,35,78.49,0.0,34,0.0,0.0,32,6.68,0.0,34,93.96,0.0,32,-1.49,0.0,33,18.19,0.006,34,79.45,0.026,37
1786332741.974,walk vx=0.000 vy=0.000 w=0.00,1.41,0.0,34,6.33,0.0,34,92.72,0.0,35,-0.09,0.0,34,17.93,0.019,36,79.72,0.0,38,-1.41,0.0,34,6.33,0.0,33,92.99,0.006,36,1.58,0.0,31,18.02,0.006,35,78.49,0.0,34,0.0,0.0,32,6.68,0.0,34,93.96,0.0,32,-1.49,0.0,33,18.19,0.006,34,79.45,0.019,37
1786332742.400,walk vx=0.000 vy=0.000 w=0.00,1.41,0.0,34,6.33,0.0,34,92.72,0.006,35,-0.09,0.0,34,17.93,0.019,37,79.72,0.006,38,-1.41,0.0,34,6.33,0.0,33,92.99,0.006,36,1.58,0.0,31,18.02,0.013,35,78.49,0.0,34,0.0,0.0,32,6.68,0.0,34,93.96,0.0,32,-1.49,0.0,33,18.19,0.006,34,79.45,0.026,37
1786332742.797,walk vx=0.000 vy=0.000 w=0.00,1.41,0.0,34,6.33,0.0,34,92.72,0.0,35,-0.09,0.0,34,17.93,0.019,37,79.72,0.006,38,-1.41,0.0,34,6.33,0.0,33,92.99,0.006,36,1.58,0.0,31,18.02,0.006,35,78.49,0.0,34,0.0,0.0,32,6.68,0.0,34,93.96,0.0,32,-1.49,0.0,33,18.19,0.006,34,79.45,0.026,37
1786332743.253,walk vx=0.000 vy=0.000 w=0.00,1.41,0.0,34,6.33,0.0,34,92.72,0.0,35,-0.09,0.0,34,17.93,0.019,37,79.72,0.0,38,-1.41,0.0,34,6.33,0.0,33,92.99,0.006,36,1.58,0.0,31,18.02,0.006,35,78.49,0.0,34,0.0,0.0,32,6.68,0.0,34,93.96,0.0,32,-1.49,0.0,33,18.19,0.006,34,79.45,0.026,37
1786332743.686,walk vx=0.000 vy=0.000 w=0.00,1.41,0.0,34,6.33,0.0,34,92.72,0.0,35,-0.09,0.0,34,17.93,0.026,36,79.72,0.006,38,-1.41,0.0,34,6.33,0.0,33,92.99,0.006,36,1.58,0.0,31,18.02,0.013,35,78.49,0.0,34,0.0,0.0,32,6.68,0.0,34,93.96,0.0,32,-1.49,0.0,33,18.19,0.006,34,79.45,0.026,37
1786332744.126,walk vx=0.000 vy=0.000 w=0.00,1.41,0.0,34,6.33,0.0,34,92.72,0.0,35,-0.09,0.0,34,17.93,0.019,36,79.72,0.006,38,-1.41,0.0,34,6.33,0.0,33,92.99,0.006,36,1.58,0.0,31,18.02,0.006,35,78.49,0.0,34,0.0,0.0,32,6.68,0.0,34,93.96,0.0,32,-1.49,0.0,33,18.19,0.006,34,79.45,0.026,37
1786332744.607,walk vx=0.000 vy=0.000 w=0.00,1.41,0.0,34,6.33,0.0,34,92.72,0.0,35,-0.09,0.0,34,17.93,0.019,37,79.72,0.0,38,-1.41,0.0,34,6.33,0.0,33,92.99,0.006,36,1.58,0.0,31,18.02,0.006,35,78.49,0.0,34,0.0,0.0,32,6.68,0.0,34,93.96,0.0,32,-1.49,0.0,33,18.19,0.006,34,79.45,0.026,37
1786332745.058,walk vx=0.000 vy=0.000 w=0.00,1.41,0.0,34,6.33,0.0,34,92.72,0.0,35,-0.09,0.0,34,17.93,0.026,37,79.72,0.006,38,-1.41,0.0,34,6.33,0.0,33,92.99,0.0,36,1.58,0.0,31,18.02,0.006,35,78.49,0.0,34,0.0,0.0,32,6.68,0.0,34,93.96,0.0,32,-1.49,0.0,33,18.19,0.006,34,79.45,0.026,37
1786332745.537,walk vx=0.000 vy=0.000 w=0.00,1.41,0.0,34,6.33,0.0,34,92.72,0.0,35,-0.09,0.0,34,17.93,0.019,36,79.72,0.006,38,-1.41,0.0,34,6.33,0.0,33,92.99,0.006,36,1.58,0.0,31,18.02,0.006,35,78.49,0.0,34,0.0,0.0,32,6.68,0.0,34,93.96,0.0,32,-1.49,0.0,33,18.19,0.006,34,79.45,0.019,37
1786332746.012,walk vx=0.000 vy=0.000 w=0.00,1.41,0.0,34,6.33,0.0,34,92.72,0.0,35,-0.09,0.0,34,17.93,0.019,37,79.72,0.0,38,-1.41,0.0,34,6.33,0.0,33,92.99,0.013,36,1.58,0.0,31,18.02,0.006,35,78.49,0.0,34,0.0,0.0,32,6.68,0.0,34,93.96,0.0,32,-1.49,0.0,33,18.19,0.006,34,79.45,0.026,37
1786332746.404,walk vx=0.000 vy=0.000 w=0.00,1.41,0.0,34,6.33,0.0,34,92.72,0.0,35,-0.09,0.0,34,17.93,0.026,36,79.72,0.006,38,-1.41,0.0,34,6.33,0.0,33,92.99,0.006,36,1.58,0.0,31,18.02,0.006,35,78.49,0.0,34,0.0,0.0,32,6.68,0.0,34,93.96,0.0,32,-1.49,0.0,33,18.19,0.006,34,79.45,0.026,37
1786332746.849,walk vx=0.000 vy=0.000 w=0.00,1.41,0.0,34,6.33,0.0,34,92.72,0.0,35,-0.09,0.0,34,17.93,0.026,37,79.72,0.006,38,-1.41,0.0,34,6.33,0.0,33,92.99,0.013,36,1.58,0.0,31,18.02,0.006,35,78.49,0.0,34,0.0,0.0,32,6.68,0.0,34,93.96,0.0,32,-1.49,0.0,33,18.19,0.006,34,79.45,0.026,37
1786332747.290,walk vx=0.000 vy=0.000 w=0.00,1.41,0.0,34,6.33,0.0,34,92.72,0.0,35,-0.09,0.0,34,17.93,0.019,37,79.72,0.006,38,-1.41,0.0,34,6.33,0.0,33,92.99,0.006,36,1.58,0.0,31,18.02,0.013,35,78.49,0.0,34,0.0,0.0,32,6.68,0.0,34,93.96,0.0,32,-1.49,0.0,33,18.19,0.0,34,79.45,0.026,37
1786332747.741,walk vx=0.000 vy=0.000 w=0.00,1.41,0.0,34,6.33,0.0,34,92.72,0.0,35,-0.09,0.0,34,17.93,0.026,36,79.72,0.006,38,-1.41,0.0,34,6.33,0.0,33,92.99,0.006,36,1.58,0.0,31,18.02,0.006,35,78.49,0.0,34,0.0,0.0,32,6.68,0.0,34,93.96,0.0,32,-1.49,0.0,33,18.19,0.0,34,79.45,0.026,37
1786332748.195,walk vx=0.000 vy=0.000 w=0.00,1.41,0.0,34,6.33,0.0,35,92.72,0.006,35,-0.09,0.0,34,17.93,0.026,37,79.72,0.0,38,-1.41,0.0,34,6.33,0.0,33,92.99,0.013,36,1.58,0.0,31,18.02,0.006,35,78.49,0.0,34,0.0,0.0,32,6.68,0.0,34,93.96,0.0,32,-1.49,0.0,33,18.19,0.006,34,79.45,0.019,37
1786332748.651,walk vx=0.000 vy=0.000 w=0.00,1.41,0.0,34,6.33,0.0,34,92.72,0.0,35,-0.09,0.0,34,17.93,0.019,37,79.72,0.006,38,-1.41,0.0,34,6.33,0.0,33,92.99,0.013,36,1.58,0.0,31,18.02,0.006,35,78.49,0.0,34,0.0,0.0,32,6.68,0.0,34,93.96,0.0,32,-1.49,0.0,33,18.19,0.006,34,79.45,0.026,37
1786332749.111,walk vx=0.000 vy=0.000 w=0.00,1.41,0.0,34,6.33,0.0,34,92.72,0.0,35,-0.09,0.0,34,17.93,0.026,37,79.72,0.006,38,-1.41,0.0,34,6.33,0.0,33,92.99,0.006,36,1.58,0.0,31,18.02,0.013,35,78.49,0.0,34,0.0,0.0,32,6.68,0.0,34,93.96,0.0,32,-1.49,0.0,33,18.19,0.006,34,79.45,0.026,37
1786332749.538,walk vx=0.000 vy=0.000 w=0.00,1.41,0.0,34,6.33,0.0,34,92.72,0.0,35,-0.09,0.0,34,17.93,0.026,36,79.72,0.006,38,-1.41,0.0,34,6.33,0.0,33,92.99,0.006,36,1.58,0.0,31,18.02,0.006,35,78.49,0.0,34,0.0,0.0,32,6.68,0.0,34,93.96,0.0,32,-1.49,0.0,33,18.19,0.006,34,79.45,0.019,37
1786332749.926,walk vx=0.000 vy=0.000 w=0.00,1.41,0.0,34,6.33,0.0,34,92.72,0.006,35,-0.09,0.0,34,17.93,0.026,37,79.72,0.006,38,-1.41,0.0,34,6.33,0.0,33,92.99,0.006,36,1.58,0.0,31,18.02,0.006,35,78.49,0.0,34,0.0,0.0,32,6.68,0.0,34,93.96,0.0,32,-1.49,0.0,33,18.19,0.006,34,79.45,0.026,37
1786332750.330,walk vx=0.000 vy=0.000 w=0.00,1.41,0.0,34,6.33,0.0,34,92.72,0.0,35,-0.09,0.0,34,17.93,0.026,37,79.72,0.0,38,-1.41,0.0,34,6.33,0.0,33,92.99,0.006,36,1.58,0.0,31,18.02,0.013,35,78.49,0.0,34,0.0,0.0,32,6.68,0.0,34,93.96,0.0,32,-1.49,0.0,33,18.19,0.006,34,79.45,0.026,37
1786332750.841,walk vx=0.000 vy=0.000 w=0.00,1.41,0.0,34,6.33,0.0,34,92.72,0.006,35,-0.09,0.0,34,17.93,0.019,37,79.72,0.0,38,-1.41,0.0,34,6.33,0.0,33,92.99,0.006,36,1.58,0.0,31,18.02,0.006,35,78.49,0.0,34,0.0,0.0,32,6.68,0.0,34,93.96,0.0,32,-1.49,0.0,33,18.19,0.006,34,79.45,0.026,37
1786332751.290,walk vx=0.000 vy=0.000 w=0.00,1.41,0.0,34,6.33,0.0,34,92.72,0.0,35,-0.09,0.0,34,17.93,0.019,37,79.72,0.006,38,-1.41,0.0,34,6.33,0.0,33,92.99,0.013,36,1.58,0.0,31,18.02,0.013,35,78.49,0.0,34,0.0,0.0,32,6.68,0.0,34,93.96,0.0,32,-1.49,0.0,33,18.19,0.0,34,79.45,0.026,37
1786332751.713,walk vx=0.000 vy=0.000 w=0.00,1.41,0.0,34,6.33,0.0,34,92.72,0.006,35,-0.09,0.0,34,17.93,0.026,37,79.72,0.0,38,-1.41,0.0,34,6.33,0.0,32,92.99,0.006,36,1.58,0.0,31,18.02,0.006,35,78.49,0.0,34,0.0,0.0,32,6.68,0.0,34,93.96,0.0,32,-1.49,0.0,33,18.19,0.006,34,79.45,0.019,37
1786332752.117,walk vx=0.000 vy=0.000 w=0.00,1.41,0.0,34,6.33,0.0,34,92.72,0.0,35,-0.09,0.0,34,17.93,0.019,36,79.72,0.006,38,-1.41,0.0,34,6.33,0.0,33,92.99,0.006,36,1.58,0.0,31,18.02,0.006,35,78.49,0.0,34,0.0,0.0,32,6.68,0.0,34,93.96,0.0,32,-1.49,0.0,33,18.19,0.006,34,79.45,0.026,37
1786332752.582,walk vx=0.000 vy=0.000 w=0.00,1.41,0.0,34,6.33,0.0,34,92.72,0.0,35,-0.09,0.0,34,17.93,0.026,37,79.72,0.006,38,-1.41,0.0,34,6.33,0.0,33,92.99,0.006,36,1.58,0.0,31,18.02,0.006,35,78.49,0.0,34,0.0,0.0,32,6.68,0.0,34,93.96,0.0,32,-1.49,0.0,33,18.19,0.0,34,79.45,0.019,37
1786332752.995,walk vx=0.000 vy=0.000 w=0.00,1.41,0.0,34,6.33,0.0,34,92.72,0.006,35,-0.09,0.0,34,17.93,0.019,37,79.72,0.006,38,-1.41,0.0,34,6.33,0.0,33,92.99,0.006,36,1.58,0.0,31,18.02,0.006,35,78.49,0.0,34,0.0,0.0,32,6.68,0.0,34,93.96,0.0,32,-1.49,0.0,33,18.19,0.006,34,79.45,0.019,37
1786332753.460,walk vx=0.000 vy=0.000 w=0.00,1.41,0.0,34,6.33,0.0,34,92.72,0.0,35,-0.09,0.0,34,17.93,0.026,37,79.72,0.006,38,-1.41,0.0,34,6.33,0.0,33,92.99,0.006,36,1.58,0.0,31,18.02,0.013,35,78.49,0.0,34,0.0,0.0,31,6.68,0.0,34,93.96,0.0,32,-1.49,0.0,33,18.19,0.006,34,79.45,0.019,37
1786332753.959,walk vx=0.000 vy=0.000 w=0.00,1.41,0.0,34,6.33,0.0,34,92.72,0.0,35,-0.09,0.0,34,17.93,0.026,37,79.72,0.006,38,-1.41,0.0,34,6.33,0.0,33,92.99,0.006,36,1.58,0.0,31,18.02,0.013,35,78.49,0.0,34,0.0,0.0,32,6.68,0.0,34,93.96,0.0,32,-1.49,0.0,33,18.19,0.006,34,79.45,0.026,37
1786332754.414,walk vx=0.000 vy=0.000 w=0.00,1.41,0.0,34,6.33,0.0,34,92.72,0.0,35,-0.09,0.0,34,17.93,0.019,37,79.72,0.006,38,-1.41,0.0,34,6.33,0.0,33,92.99,0.013,36,1.58,0.0,31,18.02,0.006,35,78.49,0.0,34,0.0,0.0,32,6.68,0.0,34,93.96,0.0,32,-1.49,0.0,33,18.19,0.006,34,79.45,0.019,37
1786332754.829,walk vx=0.000 vy=0.000 w=0.00,1.41,0.006,34,6.33,0.0,34,92.72,0.0,35,-0.09,0.0,34,17.93,0.019,36,79.72,0.0,38,-1.41,0.0,34,6.33,0.0,33,92.99,0.006,36,1.58,0.0,31,18.02,0.006,35,78.49,0.0,34,0.0,0.0,32,6.68,0.0,34,93.96,0.0,32,-1.49,0.0,33,18.19,0.0,34,79.45,0.026,37
1786332755.282,walk vx=0.000 vy=0.000 w=0.00,1.41,0.0,34,6.33,0.0,34,92.72,0.0,35,-0.09,0.0,34,17.93,0.019,37,79.72,0.0,38,-1.41,0.0,34,6.33,0.0,33,92.99,0.006,36,1.58,0.0,31,18.02,0.006,35,78.49,0.0,34,0.0,0.0,32,6.68,0.0,34,93.96,0.0,32,-1.49,0.0,33,18.19,0.006,34,79.45,0.026,37
1786332755.761,walk vx=0.000 vy=0.000 w=0.00,1.41,0.0,34,6.33,0.0,34,92.72,0.006,35,-0.09,0.0,34,17.93,0.019,37,79.72,0.006,38,-1.41,0.0,34,6.33,0.0,33,92.99,0.006,36,1.58,0.0,31,18.02,0.006,35,78.49,0.0,34,0.0,0.0,32,6.68,0.0,34,93.96,0.006,32,-1.49,0.0,33,18.19,0.006,34,79.45,0.026,37
1786332756.190,walk vx=0.000 vy=0.000 w=0.00,1.41,0.0,34,6.33,0.0,34,92.72,0.0,35,-0.09,0.0,34,17.93,0.026,37,79.72,0.006,38,-1.41,0.0,34,6.33,0.0,33,92.99,0.006,36,1.58,0.0,31,18.02,0.013,35,78.49,0.0,34,0.0,0.0,32,6.68,0.0,34,93.96,0.0,32,-1.49,0.0,33,18.19,0.006,34,79.45,0.026,37
1786332756.656,walk vx=0.000 vy=0.000 w=0.00,1.41,0.0,34,6.33,0.0,34,92.72,0.006,35,-0.09,0.0,34,17.93,0.019,36,79.72,0.0,38,-1.41,0.0,34,6.33,0.0,33,92.99,0.006,36,1.58,0.0,31,18.02,0.006,35,78.49,0.0,34,0.0,0.0,32,6.68,0.0,34,93.96,0.0,32,-1.49,0.0,33,18.19,0.006,34,79.45,0.019,37
1786332757.141,walk vx=0.000 vy=0.000 w=0.00,1.41,0.0,34,6.33,0.0,34,92.72,0.0,35,-0.09,0.0,34,17.93,0.019,37,79.72,0.006,38,-1.41,0.0,34,6.33,0.0,33,92.99,0.006,36,1.58,0.0,31,18.02,0.006,35,78.49,0.0,34,0.0,0.0,32,6.68,0.0,34,93.96,0.0,32,-1.49,0.0,33,18.19,0.006,34,79.45,0.026,37
1786332757.570,walk vx=0.000 vy=0.000 w=0.00,1.41,0.0,34,6.33,0.0,34,92.72,0.0,35,-0.09,0.0,34,17.93,0.019,37,79.72,0.006,38,-1.41,0.0,34,6.33,0.0,33,92.99,0.006,36,1.58,0.0,31,18.02,0.006,35,78.49,0.0,34,0.0,0.0,31,6.68,0.0,34,93.96,0.0,32,-1.49,0.0,33,18.19,0.006,34,79.45,0.019,37
1786332758.046,walk vx=0.000 vy=0.000 w=0.00,1.41,0.0,34,6.33,0.0,34,92.72,0.0,35,-0.09,0.0,34,17.93,0.026,37,79.72,0.006,38,-1.41,0.0,34,6.33,0.0,33,92.99,0.013,36,1.58,0.0,31,18.02,0.006,35,78.49,0.0,34,0.0,0.0,32,6.68,0.0,34,93.96,0.0,32,-1.49,0.0,33,18.19,0.006,34,79.45,0.026,37
1786332758.511,walk vx=0.000 vy=0.000 w=0.00,1.41,0.0,34,6.33,0.0,34,92.72,0.0,35,-0.09,0.0,34,17.93,0.026,37,79.72,0.006,38,-1.41,0.0,34,6.33,0.0,33,92.99,0.013,36,1.58,0.0,31,18.02,0.013,35,78.49,0.0,34,0.0,0.0,32,6.68,0.0,34,93.96,0.0,32,-1.49,0.0,33,18.19,0.006,34,79.45,0.026,37
1786332758.922,walk vx=0.000 vy=0.000 w=0.00,1.41,0.0,34,6.33,0.0,34,92.72,0.0,35,-0.09,0.0,34,17.93,0.019,37,79.72,0.006,38,-1.41,0.0,34,6.33,0.0,33,92.99,0.006,36,1.58,0.0,31,18.02,0.006,35,78.49,0.0,34,0.0,0.0,32,6.68,0.0,34,93.96,0.0,32,-1.49,0.0,33,18.19,0.0,34,79.45,0.026,37
1786332759.343,walk vx=0.000 vy=0.000 w=0.00,1.41,0.0,34,6.33,0.0,34,92.72,0.006,35,-0.09,0.0,34,17.93,0.019,37,79.72,0.006,38,-1.41,0.0,34,6.33,0.0,33,92.99,0.013,36,1.58,0.0,31,18.02,0.006,35,78.49,0.0,34,0.0,0.0,32,6.68,0.0,34,93.96,0.0,32,-1.49,0.0,33,18.19,0.006,34,79.45,0.019,37
1786332759.829,walk vx=0.000 vy=0.000 w=0.00,1.41,0.0,34,6.33,0.0,34,92.72,0.0,35,-0.09,0.0,34,17.93,0.026,37,79.72,0.006,38,-1.41,0.0,34,6.33,0.0,33,92.99,0.006,36,1.58,0.0,31,18.02,0.013,35,78.49,0.0,34,0.0,0.0,32,6.68,0.0,34,93.96,0.0,32,-1.49,0.0,33,18.19,0.006,34,79.45,0.026,37
1786332760.255,walk vx=0.000 vy=0.000 w=0.00,1.41,0.0,34,6.33,0.0,34,92.72,0.0,35,-0.09,0.0,34,17.93,0.019,37,79.72,0.006,38,-1.41,0.0,34,6.33,0.0,33,92.99,0.006,36,1.58,0.0,31,18.02,0.013,35,78.49,0.0,34,0.0,0.0,32,6.68,0.0,34,93.96,0.0,32,-1.49,0.0,33,18.19,0.006,34,79.45,0.026,37
1786332760.709,walk vx=0.000 vy=0.000 w=0.00,1.41,0.0,34,6.33,0.0,34,92.72,0.0,35,-0.09,0.0,34,17.93,0.026,36,79.72,0.006,38,-1.41,0.0,34,6.33,0.0,33,92.99,0.013,36,1.58,0.0,31,18.02,0.006,35,78.49,0.0,34,0.0,0.0,32,6.68,0.0,34,93.96,0.0,32,-1.49,0.0,33,18.19,0.006,34,79.45,0.019,37
1786332761.161,walk vx=0.000 vy=0.000 w=0.00,1.41,0.0,34,6.33,0.0,34,92.72,0.0,35,-0.09,0.0,34,17.93,0.019,37,79.72,0.006,38,-1.41,0.0,34,6.33,0.0,33,92.99,0.013,36,1.58,0.0,31,18.02,0.006,35,78.49,0.0,34,0.0,0.0,32,6.68,0.0,34,93.96,0.0,32,-1.49,0.0,33,18.19,0.0,34,79.45,0.026,37
1786332761.573,walk vx=0.000 vy=0.000 w=0.00,1.41,0.0,34,6.33,0.0,34,92.72,0.0,35,-0.09,0.0,34,17.93,0.019,57,79.72,0.006,38,-1.41,0.0,34,6.33,0.0,33,92.99,0.006,36,1.58,0.0,31,18.02,0.006,35,78.49,0.0,34,0.0,0.0,32,6.68,0.0,34,93.96,0.0,32,-1.49,0.0,33,18.19,0.0,34,79.45,0.026,37
1786332761.957,walk vx=0.000 vy=0.000 w=0.00,1.41,0.0,34,6.33,0.0,34,92.72,0.006,35,-0.09,0.0,34,17.93,0.019,37,79.72,0.0,38,-1.41,0.0,34,6.33,0.0,33,92.99,0.013,36,1.58,0.0,31,18.02,0.006,35,78.49,0.0,34,0.0,0.0,32,6.68,0.0,34,93.96,0.0,32,-1.49,0.0,33,18.19,0.006,34,79.45,0.026,37
1786332762.441,walk vx=0.000 vy=0.000 w=0.00,1.41,0.0,34,6.33,0.0,34,92.72,0.0,35,-0.09,0.0,34,17.93,0.019,37,79.72,0.006,38,-1.41,0.0,34,6.33,0.0,33,92.99,0.006,36,1.58,0.0,31,18.02,0.006,35,78.49,0.0,34,0.0,0.0,32,6.68,0.0,34,93.96,0.0,32,-1.49,0.0,33,18.19,0.006,34,79.45,0.019,37
1786332762.842,walk vx=0.000 vy=0.000 w=0.00,1.41,0.0,34,6.33,0.0,34,92.72,0.0,35,-0.09,0.0,34,17.93,0.026,37,79.72,0.006,38,-1.41,0.0,34,6.33,0.0,33,92.99,0.006,36,1.58,0.0,31,18.02,0.006,35,78.49,0.0,34,0.0,0.0,32,6.68,0.0,34,93.96,0.0,32,-1.49,0.0,33,18.19,0.006,34,79.45,0.026,37
1786332763.318,walk vx=0.000 vy=0.000 w=0.00,1.41,0.0,34,6.33,0.0,34,92.72,0.006,35,-0.09,0.0,34,17.93,0.019,37,79.72,0.006,38,-1.41,0.0,34,6.33,0.0,33,92.99,0.006,36,1.58,0.0,31,18.02,0.013,35,78.49,0.0,34,0.0,0.0,31,6.68,0.0,34,93.96,0.0,32,-1.49,0.0,33,18.19,0.0,34,79.45,0.026,37
1786332763.738,walk vx=0.000 vy=0.000 w=0.00,1.41,0.0,34,6.33,0.0,34,92.72,0.0,35,-0.09,0.0,34,17.93,0.026,37,79.72,0.006,38,-1.41,0.0,34,6.33,0.0,33,92.99,0.013,36,1.58,0.0,31,18.02,0.006,35,78.49,0.0,34,0.0,0.0,32,6.68,0.0,34,93.96,0.0,32,-1.49,0.0,33,18.19,0.006,34,79.45,0.026,37
1786332764.164,walk vx=0.000 vy=0.000 w=0.00,1.41,0.0,34,6.33,0.0,34,92.72,0.0,35,-0.09,0.0,34,17.93,0.019,37,79.72,0.006,38,-1.41,0.0,34,6.33,0.0,33,92.99,0.006,36,1.58,0.0,31,18.02,0.006,35,78.49,0.0,34,0.0,0.0,32,6.68,0.0,34,93.96,0.0,32,-1.49,0.0,33,18.19,0.006,34,79.45,0.026,37
1786332764.672,walk vx=0.000 vy=0.000 w=0.00,1.41,0.0,34,6.33,0.0,34,92.72,0.0,35,-0.09,0.0,34,17.93,0.026,37,79.72,0.006,38,-1.41,0.0,34,6.33,0.0,33,92.99,0.006,36,1.58,0.0,31,18.02,0.006,35,78.49,0.0,34,0.0,0.0,32,6.68,0.006,34,93.96,0.0,32,-1.49,0.0,33,18.19,0.006,34,79.45,0.019,37
1786332765.118,walk vx=0.000 vy=0.000 w=0.00,1.41,0.0,34,6.33,0.0,34,92.72,0.0,35,-0.09,0.0,34,17.93,0.019,37,79.72,0.0,38,-1.41,0.0,34,6.33,0.0,33,92.99,0.006,36,1.58,0.0,31,18.02,0.006,35,78.49,0.0,34,0.0,0.0,32,6.68,0.0,34,93.96,0.0,32,-1.49,0.0,33,18.19,0.006,34,79.45,0.026,37
1786332765.549,walk vx=0.000 vy=0.000 w=0.00,1.41,0.0,34,6.33,0.0,34,92.72,0.0,35,-0.09,0.0,34,17.93,0.026,37,79.72,0.006,38,-1.41,0.0,34,6.33,0.0,33,92.99,0.0,36,1.58,0.0,31,18.02,0.013,35,78.49,0.0,34,0.0,0.0,32,6.68,0.0,34,93.96,0.0,32,-1.49,0.0,33,18.19,0.006,34,79.45,0.019,37
1786332766.038,walk vx=0.000 vy=0.000 w=0.00,1.41,0.0,34,6.33,0.0,34,92.72,0.0,35,-0.09,0.0,34,17.93,0.019,37,79.72,0.013,38,-1.41,0.0,34,6.33,0.0,33,92.99,0.006,36,1.58,0.0,31,18.02,0.006,35,78.49,0.0,34,0.0,0.0,32,6.68,0.0,34,93.96,0.0,32,-1.49,0.0,33,18.19,0.006,34,79.45,0.026,37
1786332766.454,walk vx=0.000 vy=0.000 w=0.00,1.41,0.0,34,6.33,0.0,34,92.72,0.0,35,-0.09,0.0,34,17.93,0.019,37,79.72,0.006,38,-1.41,0.0,34,6.33,0.006,33,92.99,0.006,36,1.58,0.0,31,18.02,0.013,35,78.49,0.0,34,0.0,0.0,32,6.68,0.0,34,93.96,0.0,32,-1.49,0.0,33,18.19,0.006,34,79.45,0.026,37
1786332766.945,walk vx=0.000 vy=0.000 w=0.00,1.41,0.0,34,6.33,0.0,34,92.72,0.0,35,-0.09,0.0,34,17.93,0.026,37,79.72,0.006,38,-1.41,0.0,34,6.33,0.0,33,92.99,0.013,36,1.58,0.0,31,18.02,0.006,35,78.49,0.0,34,0.0,0.0,32,6.68,0.0,34,93.96,0.0,32,-1.49,0.0,33,18.19,0.006,34,79.45,0.026,37
1786332767.384,walk vx=0.000 vy=0.000 w=0.00,1.41,0.0,34,6.33,0.0,34,92.72,0.0,35,-0.09,0.0,34,17.93,0.019,36,79.72,0.006,38,-1.41,0.0,34,6.33,0.0,33,92.99,0.006,36,1.58,0.0,31,18.02,0.006,35,78.49,0.0,34,0.0,0.0,32,6.68,0.0,34,93.96,0.0,32,-1.49,0.0,33,18.19,0.006,34,79.45,0.026,37
1786332767.855,walk vx=0.000 vy=0.000 w=0.00,1.41,0.0,34,6.33,0.0,34,92.72,0.0,35,-0.09,0.0,34,17.93,0.019,36,79.72,0.006,38,-1.41,0.0,34,6.33,0.0,33,92.99,0.013,36,1.58,0.0,31,18.02,0.006,35,78.49,0.0,34,0.0,0.0,32,6.68,0.0,34,93.96,0.0,32,-1.49,0.0,33,18.19,0.0,34,79.45,0.026,37
1786332768.323,walk vx=0.000 vy=0.000 w=0.00,1.41,0.0,34,6.33,0.0,34,92.72,0.0,35,-0.09,0.0,34,17.93,0.019,37,79.72,0.013,38,-1.41,0.0,34,6.33,0.0,33,92.99,0.006,36,1.58,0.0,31,18.02,0.013,35,78.49,0.0,34,0.0,0.0,32,6.68,0.0,34,93.96,0.0,32,-1.49,0.0,33,18.19,0.006,34,79.45,0.026,37
1786332768.774,walk vx=0.000 vy=0.000 w=0.00,1.41,0.0,34,6.33,0.0,34,92.72,0.0,35,-0.09,0.0,34,17.93,0.019,37,79.72,0.006,38,-1.41,0.0,34,6.33,0.0,33,92.99,0.006,36,1.58,0.0,31,18.02,0.006,35,78.49,0.0,34,0.0,0.006,32,6.68,0.0,34,93.96,0.0,32,-1.49,0.0,33,18.19,0.006,34,79.45,0.026,37
1786332769.228,walk vx=0.000 vy=0.000 w=0.00,1.41,0.0,34,6.33,0.0,34,92.72,0.0,35,-0.09,0.0,34,17.93,0.026,37,79.72,0.006,38,-1.41,0.0,34,6.33,0.0,33,92.99,0.006,36,1.58,0.0,31,18.02,0.006,35,78.49,0.0,34,0.0,0.0,32,6.68,0.0,34,93.96,0.0,32,-1.49,0.0,33,18.19,0.006,34,79.45,0.026,37
1786332769.664,walk vx=0.000 vy=0.000 w=0.00,1.41,0.0,34,6.33,0.0,34,92.72,0.0,35,-0.09,0.0,34,17.93,0.026,37,79.72,0.006,38,-1.41,0.0,34,6.33,0.0,33,92.99,0.006,36,1.58,0.0,31,18.02,0.006,35,78.49,0.0,34,0.0,0.0,32,6.68,0.0,34,93.96,0.0,32,-1.49,0.0,33,18.19,0.006,34,79.45,0.019,37
1786332770.074,walk vx=0.000 vy=0.000 w=0.00,1.41,0.0,34,6.33,0.0,34,92.72,0.0,35,-0.09,0.0,34,17.93,0.026,37,79.72,0.006,38,-1.41,0.0,34,6.33,0.0,33,92.99,0.013,36,1.58,0.0,31,18.02,0.006,35,78.49,0.0,34,0.0,0.0,32,6.68,0.0,34,93.96,0.0,32,-1.49,0.0,33,18.19,0.0,34,79.45,0.019,37
1786332770.547,walk vx=0.000 vy=0.000 w=0.00,1.41,0.0,34,6.33,0.0,34,92.72,0.0,35,-0.09,0.0,34,17.93,0.026,37,79.72,0.006,38,-1.41,0.0,34,6.33,0.0,33,92.99,0.006,36,1.58,0.0,31,18.02,0.013,35,78.49,0.0,34,0.0,0.0,31,6.68,0.0,34,93.96,0.0,32,-1.49,0.0,33,18.19,0.006,34,79.45,0.019,37
1786332770.992,walk vx=0.000 vy=0.000 w=0.00,1.41,0.0,34,6.33,0.0,34,92.72,0.0,35,-0.09,0.0,34,17.93,0.019,37,79.72,0.006,38,-1.41,0.0,34,6.33,0.0,32,92.99,0.006,36,1.58,0.0,31,18.02,0.013,35,78.49,0.0,34,0.0,0.0,32,6.68,0.0,34,93.96,0.0,32,-1.49,0.0,33,18.19,0.0,34,79.45,0.026,37
1786332771.422,walk vx=0.000 vy=0.000 w=0.00,1.41,0.0,34,6.33,0.0,34,92.72,0.0,35,-0.09,0.0,34,17.93,0.026,37,79.72,0.006,38,-1.41,0.0,34,6.33,0.0,33,92.99,0.006,36,1.58,0.0,31,18.02,0.006,35,78.49,0.0,34,0.0,0.0,32,6.68,0.0,34,93.96,0.0,32,-1.49,0.0,33,18.19,0.006,34,79.45,0.026,37
1786332771.835,walk vx=0.000 vy=0.000 w=0.00,1.41,0.0,34,6.33,0.0,34,92.72,0.0,35,-0.09,0.0,34,17.93,0.026,37,79.72,0.006,38,-1.41,0.0,34,6.33,0.0,33,92.99,0.006,36,1.58,0.0,31,18.02,0.013,35,78.49,0.0,34,0.0,0.0,32,6.68,0.0,34,93.96,0.0,32,-1.49,0.0,33,18.19,0.0,34,79.45,0.026,37
1786332772.257,walk vx=0.000 vy=0.000 w=0.00,1.41,0.0,34,6.33,0.0,34,92.72,0.0,35,-0.09,0.0,34,17.93,0.026,37,79.72,0.0,38,-1.41,0.0,34,6.33,0.0,33,92.99,0.006,36,1.58,0.0,31,18.02,0.006,35,78.49,0.0,34,0.0,0.0,32,6.68,0.0,34,93.96,0.0,32,-1.49,0.0,33,18.19,0.006,34,79.45,0.026,37
1786332772.745,walk vx=0.000 vy=0.000 w=0.00,1.41,0.0,34,6.33,0.0,34,92.72,0.0,35,-0.09,0.0,34,17.93,0.026,37,79.72,0.006,38,-1.41,0.0,34,6.33,0.0,33,92.99,0.006,36,1.58,0.0,31,18.02,0.006,35,78.49,0.0,34,0.0,0.0,32,6.68,0.0,34,93.96,0.0,32,-1.49,0.0,33,18.19,0.0,34,79.45,0.026,37
1786332773.202,walk vx=0.000 vy=0.000 w=0.00,1.41,0.0,34,6.33,0.0,34,92.72,0.0,35,-0.09,0.0,34,17.93,0.026,37,79.72,0.006,38,-1.41,0.0,34,6.33,0.0,33,92.99,0.006,36,1.58,0.0,31,18.02,0.006,35,78.49,0.0,34,0.0,0.0,32,6.68,0.0,34,93.96,0.0,32,-1.49,0.0,33,18.19,0.0,34,79.45,0.026,37
1786332773.665,walk vx=0.000 vy=0.000 w=0.00,1.41,0.0,34,6.33,0.0,34,92.72,0.006,35,-0.09,0.0,34,17.93,0.026,37,79.72,0.006,38,-1.41,0.0,34,6.33,0.0,33,92.99,0.013,36,1.58,0.0,31,18.02,0.006,35,78.49,0.0,34,0.0,0.0,32,6.68,0.0,34,93.96,0.0,32,-1.49,0.0,33,18.19,0.0,34,79.45,0.026,37
1786332774.113,walk vx=0.000 vy=0.000 w=0.00,1.41,0.0,34,6.33,0.0,34,92.72,0.0,35,-0.09,0.0,34,17.93,0.019,37,79.72,0.0,38,-1.41,0.0,34,6.33,0.0,33,92.99,0.006,36,1.58,0.0,31,18.02,0.013,35,78.49,0.0,34,0.0,0.0,32,6.68,0.0,34,93.96,0.0,32,-1.49,0.0,33,18.19,0.0,34,79.45,0.026,37
1786332774.514,walk vx=0.000 vy=0.000 w=0.00,1.41,0.0,34,6.33,0.0,34,92.72,0.0,35,-0.09,0.0,34,17.93,0.019,37,79.72,0.006,38,-1.41,0.0,34,6.33,0.0,33,92.99,0.006,36,1.58,0.0,31,18.02,0.006,35,78.49,0.0,34,0.0,0.0,32,6.68,0.0,34,93.96,0.0,32,-1.49,0.0,33,18.19,0.006,34,79.45,0.019,37
1786332774.950,settling,1.41,0.0,34,6.33,0.0,34,92.72,0.006,35,-0.09,0.0,34,17.93,0.019,37,79.72,0.006,38,-1.41,0.0,34,6.59,0.0,32,92.72,0.019,36,1.58,0.0,31,18.02,0.006,35,78.49,0.006,34,0.0,0.0,31,7.65,0.006,34,92.81,0.026,32,-1.41,0.0,33,18.19,0.0,34,79.19,0.019,37
1786332775.455,settling,1.05,0.0,34,8.79,0.006,34,89.91,0.006,35,-0.09,0.006,34,17.93,0.006,37,79.37,0.006,38,-1.14,0.0,34,10.99,0.0,33,88.68,0.045,36,0.88,0.006,31,18.02,0.0,35,78.66,0.0,34,0.0,0.0,32,13.27,0.033,34,85.78,0.058,32,-0.62,0.006,33,18.28,0.0,34,78.75,0.013,37
1786332776.017,settling,0.26,0.0,34,16.08,0.006,34,82.79,0.006,35,0.53,0.0,34,17.31,0.0,37,78.93,0.0,38,-0.44,0.0,34,17.67,0.0,33,81.91,0.052,36,0.26,0.0,31,18.11,0.013,35,78.84,0.0,34,0.0,0.0,32,17.84,0.026,34,80.6,0.052,32,-0.26,0.013,33,18.28,0.0,34,78.75,0.006,37
1786332776.500,settling,0.0,0.013,34,19.25,0.0,34,79.89,0.006,35,0.53,0.0,34,17.05,0.0,37,78.66,0.006,38,-0.35,0.0,34,19.34,0.0,33,80.6,0.058,36,0.09,0.0,31,18.11,0.006,35,78.93,0.0,34,0.0,0.0,32,18.46,0.019,34,80.07,0.045,32,-0.18,0.0,33,18.28,0.0,34,78.75,0.006,37
1786332776.970,settling,-0.18,0.006,34,19.34,0.006,34,79.54,0.0,35,0.53,0.0,34,17.05,0.0,37,78.66,0.0,38,-0.26,0.0,34,19.34,0.0,33,80.6,0.052,36,0.09,0.0,31,18.11,0.006,35,78.93,0.0,34,0.0,0.0,32,18.46,0.019,34,80.07,0.039,32,-0.26,0.006,33,18.28,0.0,34,78.75,0.013,37
1786332777.418,settling,-0.44,0.013,34,19.34,0.006,34,79.54,0.0,35,0.53,0.006,34,17.05,0.0,37,78.66,0.0,38,-0.26,0.0,34,19.34,0.0,33,80.6,0.071,36,0.09,0.0,31,18.11,0.006,35,78.93,0.0,34,0.0,0.0,32,18.46,0.019,34,80.07,0.039,32,-0.18,0.0,33,18.28,0.0,34,78.75,0.013,37
1786332777.953,settling,0.18,0.013,34,19.34,0.0,34,79.54,0.0,35,0.53,0.006,34,17.05,0.0,37,78.66,0.0,38,-0.26,0.0,34,19.34,0.0,33,80.6,0.071,36,0.09,0.0,31,18.11,0.013,35,78.93,0.0,34,0.0,0.0,32,18.46,0.019,34,80.07,0.039,32,-0.18,0.0,33,18.28,0.0,34,78.75,0.006,37
1786332778.431,settling,-0.18,0.006,34,19.34,0.0,34,79.54,0.0,35,0.53,0.006,34,17.05,0.0,37,78.66,0.0,38,-0.26,0.0,34,19.34,0.0,33,80.6,0.058,36,0.09,0.0,31,18.11,0.006,35,78.93,0.0,34,0.0,0.0,32,18.46,0.019,34,80.07,0.039,32,-0.18,0.0,33,18.28,0.0,34,78.75,0.0,37
1786332778.910,settled + limp,0.18,0.0,34,19.34,0.0,34,79.54,0.0,35,0.53,0.0,34,13.71,0.0,37,78.84,0.0,38,-0.18,0.0,34,19.34,0.0,32,84.11,0.0,36,-0.26,0.0,31,17.31,0.0,34,79.37,0.0,34,0.0,0.0,32,11.43,0.0,34,91.41,0.0,32,0.26,0.0,33,18.19,0.0,34,81.04,0.0,37
1786332779.295,settled + limp,0.35,0.0,34,18.72,0.0,34,79.54,0.0,35,-0.53,0.0,34,10.99,0.0,37,79.89,0.0,38,-0.09,0.0,34,15.21,0.0,33,89.82,0.0,36,0.0,0.0,31,17.14,0.0,34,79.01,0.0,34,0.0,0.0,31,8.7,0.0,34,92.64,0.0,32,0.26,0.0,33,14.77,0.0,34,81.56,0.0,37
1786332779.758,settled + limp,0.44,0.0,34,18.63,0.0,34,79.54,0.0,35,-0.44,0.0,34,10.81,0.0,37,79.89,0.0,38,-0.09,0.0,34,14.77,0.0,33,89.82,0.0,36,0.0,0.0,31,17.14,0.0,35,79.01,0.0,34,0.0,0.0,32,8.7,0.0,34,92.64,0.0,32,0.26,0.0,33,14.77,0.0,34,81.56,0.0,37
1786332780.187,settled + limp,0.44,0.0,34,18.63,0.0,34,79.54,0.0,35,-0.44,0.0,34,10.81,0.0,37,79.89,0.0,38,-0.09,0.0,34,14.77,0.0,32,89.82,0.0,36,0.0,0.0,31,17.14,0.0,35,79.01,0.0,34,0.0,0.0,32,8.7,0.0,34,92.64,0.0,32,0.26,0.0,33,14.77,0.0,34,81.56,0.0,37
1786332780.616,settled + limp,0.44,0.0,34,18.63,0.0,34,79.54,0.0,35,-0.44,0.0,34,10.81,0.0,37,79.89,0.0,38,-0.09,0.0,34,14.77,0.0,33,89.82,0.0,36,0.0,0.0,31,17.14,0.0,35,79.01,0.0,34,0.0,0.0,32,8.7,0.0,34,92.64,0.0,32,0.26,0.0,33,14.77,0.0,34,81.56,0.0,37
1786332781.054,settled + limp,0.44,0.0,34,18.63,0.0,34,79.54,0.0,35,-0.44,0.0,34,10.81,0.0,37,79.89,0.0,38,-0.09,0.0,34,14.77,0.0,33,89.82,0.0,36,0.0,0.0,31,17.14,0.0,35,79.01,0.0,34,0.0,0.0,32,8.7,0.0,34,92.64,0.0,32,0.26,0.0,33,14.77,0.0,34,81.56,0.0,37
1786332781.494,settled + limp,0.44,0.0,34,18.63,0.0,34,79.54,0.0,35,-0.44,0.0,34,10.81,0.0,36,79.89,0.0,38,-0.09,0.0,34,14.77,0.0,33,89.82,0.0,36,0.0,0.0,31,17.14,0.0,35,79.01,0.0,34,0.0,0.0,32,8.7,0.0,34,92.64,0.0,32,0.26,0.0,33,14.77,0.0,34,81.56,0.0,37
1786332781.932,settled + limp,0.44,0.0,34,18.63,0.0,34,79.54,0.0,35,-0.44,0.0,34,10.81,0.0,37,79.89,0.0,38,-0.09,0.0,34,14.77,0.0,33,89.82,0.0,36,0.0,0.0,31,17.14,0.0,35,79.01,0.0,34,0.0,0.0,32,8.7,0.0,34,92.64,0.0,32,0.26,0.0,33,14.77,0.0,34,81.56,0.0,37
1786332782.347,settled + limp,0.44,0.0,34,18.63,0.0,34,79.54,0.0,35,-0.44,0.0,34,10.81,0.0,37,79.89,0.0,38,-0.09,0.0,34,14.77,0.0,33,89.82,0.0,36,0.0,0.0,31,17.14,0.0,35,79.01,0.0,34,0.0,0.0,32,8.7,0.0,34,92.64,0.0,32,0.26,0.0,33,14.77,0.0,34,81.56,0.0,37
1786332782.787,settled + limp,0.44,0.0,34,18.63,0.0,34,79.54,0.0,35,-0.44,0.0,34,10.81,0.0,36,79.89,0.0,38,-0.09,0.006,34,14.77,0.0,33,89.82,0.0,36,0.0,0.0,31,17.14,0.0,35,79.01,0.0,34,0.0,0.0,32,8.7,0.0,34,92.64,0.0,32,0.26,0.0,33,14.77,0.0,34,81.56,0.0,37
1786332783.212,settled + limp,0.44,0.0,34,18.63,0.0,34,79.54,0.0,35,-0.44,0.0,34,10.81,0.0,37,79.89,0.0,38,-0.09,0.0,34,14.77,0.0,33,89.82,0.0,36,0.0,0.0,31,17.14,0.0,35,79.01,0.0,34,0.0,0.0,32,8.7,0.0,34,92.64,0.0,32,0.26,0.0,33,14.77,0.0,34,81.56,0.0,37
1786332783.618,settled + limp,0.44,0.0,34,18.63,0.0,34,79.54,0.0,35,-0.44,0.0,34,10.81,0.0,37,79.89,0.0,38,-0.09,0.0,34,14.77,0.0,33,89.82,0.0,36,0.0,0.0,31,17.14,0.0,35,79.01,0.0,34,0.0,0.0,32,8.7,0.0,34,92.64,0.0,32,0.26,0.0,33,14.77,0.0,34,81.56,0.0,37
1786332784.067,settled + limp,0.44,0.0,34,18.63,0.0,34,79.54,0.0,35,-0.44,0.0,34,10.81,0.0,37,79.89,0.0,38,-0.09,0.0,34,14.77,0.0,32,89.82,0.0,36,0.0,0.0,31,17.14,0.0,35,79.01,0.0,34,0.0,0.0,32,8.7,0.0,34,92.64,0.0,32,0.26,0.0,33,14.77,0.0,34,81.56,0.0,37
1786332784.472,settled + limp,0.44,0.0,34,18.63,0.0,34,79.54,0.0,35,-0.44,0.0,34,10.81,0.0,37,79.89,0.0,38,-0.09,0.0,34,14.77,0.0,33,89.82,0.0,36,0.0,0.0,31,17.14,0.0,35,79.01,0.0,34,0.0,0.0,32,8.7,0.0,34,92.64,0.0,32,0.26,0.0,33,14.77,0.0,34,81.56,0.0,37
1786332784.940,settled + limp,0.44,0.0,34,18.63,0.0,34,79.54,0.0,35,-0.44,0.0,34,10.81,0.0,37,79.89,0.0,38,-0.09,0.0,34,14.77,0.0,33,89.82,0.0,36,0.0,0.0,31,17.14,0.0,35,79.01,0.0,34,0.0,0.0,32,8.7,0.0,34,92.64,0.0,32,0.26,0.0,33,14.77,0.0,34,81.56,0.0,37
1786332785.361,settled + limp,0.44,0.0,34,18.63,0.0,34,79.54,0.0,35,-0.44,0.0,34,10.81,0.0,37,79.89,0.0,38,-0.09,0.0,34,14.77,0.0,33,89.82,0.0,36,0.0,0.0,31,17.14,0.0,35,79.01,0.0,34,0.0,0.0,32,8.7,0.0,34,92.64,0.0,32,0.26,0.0,33,14.77,0.0,34,81.56,0.0,37
1786332785.760,settled + limp,0.44,0.0,34,18.63,0.0,34,79.54,0.0,35,-0.44,0.0,34,10.81,0.0,37,79.89,0.0,38,-0.09,0.0,34,14.77,0.0,33,89.82,0.0,36,0.0,0.0,31,17.14,0.0,35,79.01,0.0,34,0.0,0.0,32,8.7,0.0,34,92.64,0.0,32,0.26,0.0,33,14.77,0.0,34,81.56,0.0,37
1786332786.203,settled + limp,0.44,0.0,34,18.63,0.0,34,79.54,0.0,35,-0.44,0.0,34,10.81,0.0,37,79.89,0.0,38,-0.09,0.0,34,14.77,0.0,33,89.82,0.006,36,0.0,0.0,31,17.14,0.0,35,79.01,0.0,34,0.0,0.0,32,8.7,0.0,34,92.64,0.0,32,0.26,0.0,33,14.77,0.0,34,81.56,0.0,37
1786332786.626,settled + limp,0.44,0.0,34,18.63,0.0,34,79.54,0.0,35,-0.44,0.0,34,10.81,0.0,37,79.89,0.0,38,-0.09,0.0,34,14.77,0.0,33,89.82,0.0,36,0.0,0.0,31,17.14,0.0,35,79.01,0.0,34,0.0,0.0,32,8.7,0.0,34,92.64,0.0,32,0.26,0.0,33,14.77,0.0,34,81.56,0.0,37
1786332787.113,settled + limp,0.44,0.0,34,18.63,0.0,34,79.54,0.0,35,-0.44,0.0,34,10.81,0.0,37,79.89,0.0,38,-0.09,0.0,34,14.77,0.0,32,89.82,0.0,36,0.0,0.0,31,17.14,0.0,35,79.01,0.0,34,0.0,0.0,32,8.7,0.0,34,92.64,0.0,32,0.26,0.0,33,14.77,0.0,34,81.56,0.0,37
1786332787.517,settled + limp,0.44,0.0,34,18.63,0.0,34,79.54,0.0,35,-0.44,0.0,34,10.81,0.0,37,79.89,0.0,38,-0.09,0.0,34,14.77,0.0,33,89.82,0.0,36,0.0,0.0,31,17.14,0.0,35,79.01,0.0,34,0.0,0.0,32,8.7,0.0,34,92.64,0.0,32,0.26,0.0,33,14.77,0.0,34,81.56,0.0,37
1786332787.953,settled + limp,0.44,0.0,34,18.63,0.0,34,79.54,0.0,35,-0.44,0.0,34,10.81,0.0,37,79.89,0.0,38,-0.09,0.0,34,14.77,0.0,33,89.82,0.0,36,0.0,0.0,31,17.14,0.0,34,79.01,0.0,34,0.0,0.0,32,8.7,0.0,34,92.64,0.0,32,0.26,0.0,33,14.77,0.0,34,81.56,0.0,37
1786332788.363,settled + limp,0.44,0.0,34,18.63,0.0,34,79.54,0.0,35,-0.44,0.0,34,10.81,0.0,37,79.89,0.0,38,-0.09,0.0,34,14.77,0.0,32,89.82,0.0,36,0.0,0.0,31,17.14,0.0,35,79.01,0.0,34,0.0,0.0,32,8.7,0.0,34,92.64,0.0,32,0.26,0.0,33,14.77,0.0,34,81.56,0.0,37
1786332788.768,settled + limp,0.44,0.0,34,18.63,0.0,34,79.54,0.0,35,-0.44,0.0,34,10.81,0.0,37,79.89,0.0,37,-0.09,0.0,34,14.77,0.0,32,89.82,0.0,36,0.0,0.0,31,17.14,0.0,35,79.01,0.0,34,0.0,0.0,32,8.7,0.0,34,92.64,0.0,32,0.26,0.0,33,14.77,0.0,34,81.56,0.0,37
1786332789.206,settled + limp,0.44,0.0,34,18.63,0.0,34,79.54,0.0,35,-0.44,0.0,34,10.81,0.0,37,79.89,0.0,38,-0.09,0.0,34,14.77,0.0,33,89.82,0.0,36,0.0,0.0,31,17.14,0.0,35,79.01,0.0,34,0.0,0.0,32,8.7,0.0,34,92.64,0.0,32,0.26,0.0,33,14.77,0.0,34,81.56,0.0,37
1786332789.597,settled + limp,0.44,0.0,34,18.63,0.0,34,79.54,0.0,35,-0.44,0.0,34,10.81,0.0,37,79.89,0.0,38,-0.09,0.0,34,14.77,0.0,33,89.82,0.0,36,0.0,0.0,31,17.14,0.0,35,79.01,0.0,34,0.0,0.0,32,8.7,0.0,34,92.64,0.0,32,0.26,0.0,33,14.77,0.0,34,81.56,0.0,37
