t_s,phase,roll_deg,pitch_deg,gyro_x_dps,gyro_y_dps,gyro_z_dps,height_ref_mm,vx_ref_mps,vy_ref_mps,max_cur_a,q0_deg,q1_deg,q2_deg,q3_deg,q4_deg,q5_deg,q6_deg,q7_deg,q8_deg,q9_deg,q10_deg,q11_deg,q12_deg,q13_deg,q14_deg,q15_deg,q16_deg,q17_deg,cmd0_deg,cmd1_deg,cmd2_deg,cmd3_deg,cmd4_deg,cmd5_deg,cmd6_deg,cmd7_deg,cmd8_deg,cmd9_deg,cmd10_deg,cmd11_deg,cmd12_deg,cmd13_deg,cmd14_deg,cmd15_deg,cmd16_deg,cmd17_deg,act0,act1,act2,act3,act4,act5,act6,act7,act8,act9,act10,act11,act12,act13,act14,act15,act16,act17,cur0_a,cur1_a,cur2_a,cur3_a,cur4_a,cur5_a,cur6_a,cur7_a,cur8_a,cur9_a,cur10_a,cur11_a,cur12_a,cur13_a,cur14_a,cur15_a,cur16_a,cur17_a,obs0,obs1,obs2,obs3,obs4,obs5,obs6,obs7,obs8,obs9,obs10,obs11,obs12,obs13,obs14,obs15,obs16,obs17,obs18,obs19,obs20,obs21,obs22,obs23,obs24,obs25,obs26,obs27,obs28,obs29,obs30,obs31,obs32,obs33,obs34,obs35,obs36,obs37,obs38,obs39,obs40,obs41,obs42,obs43,obs44,obs45,obs46,obs47,obs48,obs49,obs50,obs51,obs52,obs53,obs54,obs55,obs56,obs57,obs58,obs59,obs60,obs61,obs62,obs63,obs64,obs65,obs66,obs67,rot60_k
0.0,run,0.44,3.53,0.01,-0.03,0.03,0.0,0.0,0.0,0.033,0.09,-0.09,0.18,0.09,0.62,0.09,0.18,0.09,0.44,0.09,0.53,0.09,-0.18,0.35,0.0,0.0,0.18,0.26,0.04,1.41,1.68,1.59,2.03,1.59,1.68,-1.41,1.94,-1.41,1.94,1.59,1.32,-1.32,1.5,1.5,1.68,1.76,0.0012,0.5877,-0.268,0.2408,0.6949,-0.4407,0.198,0.3682,0.0928,-0.1141,0.6502,-0.3335,0.1121,0.2836,0.0598,0.3036,0.6519,-0.3712,0.0,0.006,0.006,0.006,0.006,0.006,0.006,0.019,0.0,0.013,0.0,0.013,0.006,0.033,0.013,0.013,0.006,0.006,0.0,0.0,0.0,0.0,0.0015,0.0,0.0,0.0,0.0,0.0,0.0015,0.0,0.0,0.0031,0.0,0.0,0.0,0.0,0.0,0.0,0.0,0.0,0.0038,0.0,0.0,0.0,0.0,0.0,0.0038,0.0,0.0,0.0076,0.0,0.0,0.0,0.0,0.0,0.0,-0.002,-0.001,0.0024,0.0,0.0,0.0,0.0,0.0,0.0,0.0,0.0,0.0,0.0,0.0,0.0,0.0,0.0,0.0,0.0,0.0,0.0,0.0,0.0,0.0,0.0,0.0,0.0,0.0,0.0,0.0,
0.04,run,0.43,3.53,-0.15,-0.01,0.07,0.0,0.0,0.0,0.033,0.09,-0.09,0.18,0.09,0.7,0.26,0.18,-0.18,0.53,-0.18,0.62,0.26,-0.09,0.0,0.18,0.0,0.26,0.35,1.08,2.91,3.18,3.09,3.53,3.09,3.18,-2.91,3.44,-1.73,3.44,3.09,2.82,-2.82,3.0,3.0,3.18,3.26,0.031,0.6364,-0.3142,0.2343,0.7059,-0.4251,0.2128,0.4001,0.0598,-0.0495,0.6824,-0.3844,0.1478,0.3817,0.0835,0.202,0.6223,-0.276,0.0,0.006,0.006,0.006,0.006,0.006,0.006,0.019,0.0,0.013,0.0,0.013,0.006,0.033,0.013,0.013,0.006,0.006,0.0,0.0,0.0,0.0,0.0015,0.0,0.0,0.0,0.0,0.0,0.0015,0.0,0.0,0.0031,0.0,0.0,0.0,0.0,0.0,0.0,0.0,0.0,0.0027,0.0,0.0,0.0,0.0,0.0,0.0027,0.0,0.0,0.0053,0.0,0.0,0.0,0.0,0.0003,0.0002,0.0001,-0.0005,0.0006,0.0012,0.5877,-0.268,0.2408,0.6949,-0.4407,0.198,0.3682,0.0928,-0.1141,0.6502,-0.3335,0.1121,0.2836,0.0598,0.3036,0.6519,-0.3712,0.0,0.0,0.0,0.0,0.0,0.0,0.0,0.0,0.0,
0.08,run,0.42,3.55,0.39,0.45,1.23,0.0,0.0,0.0,0.033,0.09,0.62,0.44,0.53,1.23,1.05,0.44,-0.79,1.05,-0.97,1.23,1.05,0.79,-0.7,0.97,1.05,0.35,0.97,1.06,4.41,4.68,4.59,5.03,4.59,4.68,-3.59,4.94,-1.27,4.94,4.59,4.32,-4.0,4.5,4.5,4.68,4.76,0.0303,0.6162,-0.3069,0.2148,0.6903,-0.4171,0.1963,0.3893,0.058,-0.0363,0.6676,-0.3749,0.131,0.3818,0.0709,0.1812,0.6149,-0.2773,0.0,0.006,0.006,0.006,0.006,0.006,0.006,0.019,0.0,0.013,0.0,0.013,0.006,0.033,0.013,0.013,0.006,0.006,0.0,0.0,0.0,0.0,0.0031,0.0031,0.0,-0.0046,0.0015,-0.0046,0.0031,0.0031,0.0015,-0.0031,0.0031,0.0,0.0015,0.0015,0.0,0.0,0.0,0.0,0.0076,0.0115,0.0,-0.0172,0.0057,-0.0172,0.0076,0.0115,0.0057,-0.0192,0.0115,0.0,0.0057,0.0057,-0.0007,0.0003,-0.0027,-0.0002,0.0012,0.031,0.6364,-0.3142,0.2343,0.7059,-0.4251,0.2128,0.4001,0.0598,-0.0495,0.6824,-0.3844,0.1478,0.3817,0.0835,0.202,0.6223,-0.276,0.0,0.0,0.0,0.0,0.0,0.0,0.0,0.0,0.0,
0.12,run,0.38,3.47,-1.27,-1.47,-1.3,0.0,0.0,0.0,0.033,0.44,1.49,1.67,1.58,2.11,2.02,1.58,-1.67,1.32,-1.49,2.02,2.11,1.76,-1.67,2.11,1.93,1.58,1.58,1.3,5.91,6.18,6.09,6.53,6.09,6.18,-5.09,6.44,-1.06,6.44,6.09,5.29,-5.5,6.0,6.0,6.18,6.26,0.0372,0.5703,-0.4167,0.2249,0.6617,-0.5425,0.2132,0.269,-0.0076,-0.0304,0.6373,-0.4981,0.1512,0.277,-0.0168,0.209,0.6005,-0.428,0.0,0.013,0.013,0.013,0.006,0.019,0.006,0.026,0.026,0.006,0.013,0.006,0.019,0.033,0.006,0.019,0.0,0.019,0.0,0.0123,0.0046,0.0077,0.0123,0.0169,0.0046,-0.0153,0.0107,-0.0184,0.0138,0.0169,0.0169,-0.0153,0.0169,0.0184,0.0031,0.0123,0.0,0.0462,0.0173,0.0289,0.0399,0.06,0.0173,-0.0524,0.0386,-0.064,0.0457,0.06,0.0617,-0.0596,0.06,0.0692,0.0098,0.0444,-0.0019,0.0019,0.0068,0.0078,0.0215,0.0303,0.6162,-0.3069,0.2148,0.6903,-0.4171,0.1963,0.3893,0.058,-0.0363,0.6676,-0.3749,0.131,0.3818,0.0709,0.1812,0.6149,-0.2773,0.0,0.0,0.0,0.0,0.0,0.0,0.0,0.0,0.0,
0.16,run,0.42,3.47,0.69,0.6,-0.36,0.0,0.0,0.0,0.033,1.32,2.64,2.72,2.55,3.16,3.25,2.72,-2.81,2.72,-1.67,3.16,3.25,2.9,-2.81,3.25,3.16,2.64,2.72,1.93,7.41,7.68,7.59,8.03,7.59,7.68,-6.59,7.94,-2.21,7.94,7.59,6.79,-7.0,7.5,7.5,7.42,7.76,0.0551,0.6036,-0.594,0.2938,0.6747,-0.6703,0.2783,0.1948,-0.0528,-0.0631,0.6447,-0.6262,0.1961,0.2028,-0.0789,0.3188,0.5895,-0.5522,0.0,0.013,0.013,0.013,0.006,0.019,0.006,0.026,0.026,0.006,0.013,0.006,0.019,0.033,0.006,0.019,0.0,0.019,0.0061,0.0276,0.0261,0.0261,0.0276,0.0337,0.0245,-0.0307,0.0153,-0.0276,0.0276,0.0353,0.0337,-0.0322,0.0368,0.0337,0.0245,0.023,0.023,0.0899,0.0927,0.0893,0.0855,0.1053,0.0869,-0.0943,0.0443,-0.0793,0.0838,0.1111,0.1065,-0.1051,0.1168,0.106,0.0874,0.0714,-0.0054,-0.0051,-0.0222,-0.0256,-0.0227,0.0372,0.5703,-0.4167,0.2249,0.6617,-0.5425,0.2132,0.269,-0.0076,-0.0304,0.6373,-0.4981,0.1512,0.277,-0.0168,0.209,0.6005,-0.428,0.0,0.0,0.0,0.0,0.0,0.0,0.0,0.0,0.0,
0.2,run,0.4,3.47,-0.6,-0.43,0.58,0.0,0.0,0.0,0.033,1.23,3.87,4.22,3.87,4.48,4.57,3.96,-3.87,3.96,-1.58,4.48,4.57,4.04,-4.04,4.57,4.39,3.78,3.96,2.14,8.91,9.18,9.09,9.53,9.09,9.18,-8.09,9.44,-3.13,9.44,9.09,7.43,-8.5,9.0,9.0,6.83,9.26,0.0612,0.6582,-0.6194,0.3405,0.693,-0.6313,0.3049,0.2421,-0.0134,-0.0893,0.666,-0.5863,0.2123,0.2452,-0.0552,0.3753,0.5787,-0.4925,0.0,0.013,0.013,0.013,0.006,0.019,0.006,0.026,0.026,0.006,0.013,0.006,0.019,0.033,0.006,0.019,0.0,0.019,0.0215,0.0476,0.0445,0.043,0.046,0.0552,0.0445,-0.0506,0.0399,-0.0307,0.0476,0.0552,0.0537,-0.0522,0.0568,0.0552,0.043,0.043,0.0735,0.1375,0.1337,0.1256,0.1287,0.154,0.1354,-0.1406,0.1228,-0.067,0.1332,0.1523,0.1491,-0.1481,0.1563,0.1545,0.13,0.1245,-0.0014,-0.0044,0.012,0.0105,-0.0062,0.0551,0.6036,-0.594,0.2938,0.6747,-0.6703,0.2783,0.1948,-0.0528,-0.0631,0.6447,-0.6262,0.1961,0.2028,-0.0789,0.3188,0.5895,-0.5522,0.0,0.0,0.0,0.0,0.0,0.0,0.0,0.0,0.0,
0.24,run,0.4,3.46,0.24,0.05,0.25,0.0,0.0,0.0,0.033,2.02,5.19,5.54,5.27,5.8,5.98,5.36,-5.19,5.36,-1.58,5.8,5.89,5.27,-5.36,5.89,5.71,4.83,5.19,2.35,10.41,10.68,10.59,11.03,10.59,10.68,-9.59,10.94,-2.75,10.94,10.59,7.56,-10.0,10.5,10.5,6.72,10.76,0.0672,0.6793,-0.6102,0.3495,0.7109,-0.6053,0.3063,0.2712,0.0111,-0.0787,0.6802,-0.5544,0.2161,0.2643,-0.0282,0.3826,0.5767,-0.4612,0.006,0.006,0.013,0.019,0.013,0.013,0.013,0.019,0.019,0.019,0.006,0.006,0.006,0.026,0.013,0.019,0.019,0.026,0.0199,0.069,0.0706,0.066,0.069,0.0782,0.066,-0.069,0.0614,-0.0291,0.0706,0.0782,0.0736,-0.0736,0.0798,0.0767,0.0629,0.0644,0.0457,0.177,0.1916,0.1744,0.1766,0.1943,0.1755,-0.1676,0.1667,-0.0411,0.1798,0.1931,0.1794,-0.1844,0.1959,0.1889,0.166,0.1679,-0.0038,-0.0047,-0.0105,-0.0075,0.0102,0.0612,0.6582,-0.6194,0.3405,0.693,-0.6313,0.3049,0.2421,-0.0134,-0.0893,0.666,-0.5863,0.2123,0.2452,-0.0552,0.3753,0.5787,-0.4925,0.0,0.0,0.0,0.0,0.0,0.0,0.0,0.0,0.0,
0.28,run,0.43,3.48,0.4,0.29,-0.3,0.0,0.0,0.0,0.033,2.2,6.59,6.5,6.59,7.21,7.38,6.68,-6.59,6.86,-2.46,7.12,7.38,6.33,-6.77,7.29,7.12,5.8,6.59,2.44,11.91,12.18,12.09,12.53,12.09,10.74,-8.09,12.44,-2.36,12.44,12.09,7.69,-8.98,12.0,12.0,6.79,12.26,0.0696,0.694,-0.5865,0.3523,0.7226,-0.5678,0.3069,0.3079,0.0332,-0.0675,0.6954,-0.52,0.2198,0.2912,-0.004,0.3871,0.5779,-0.4269,0.006,0.006,0.013,0.019,0.013,0.013,0.013,0.019,0.019,0.019,0.006,0.006,0.006,0.026,0.013,0.019,0.019,0.026,0.0337,0.092,0.0936,0.0905,0.092,0.1028,0.0905,-0.092,0.0859,-0.0291,0.0936,0.1012,0.0951,-0.0966,0.1028,0.0997,0.0813,0.0859,0.0837,0.21,0.2203,0.214,0.2098,0.2279,0.2148,-0.2035,0.2086,-0.0288,0.212,0.2213,0.206,-0.2152,0.2233,0.2184,0.1851,0.1979,-0.0037,-0.0061,0.0041,0.0009,0.0043,0.0672,0.6793,-0.6102,0.3495,0.7109,-0.6053,0.3063,0.2712,0.0111,-0.0787,0.6802,-0.5544,0.2161,0.2643,-0.0282,0.3826,0.5767,-0.4612,0.0,0.0,0.0,0.0,0.0,0.0,0.0,0.0,0.0,
0.32,run,0.38,3.46,-0.67,-0.33,2.38,0.0,0.0,0.0,0.033,2.29,7.91,8.09,8.0,8.53,8.7,8.0,-7.73,8.17,-2.55,8.53,8.7,7.03,-8.0,8.7,8.53,6.33,7.91,2.58,13.41,13.68,12.18,14.03,13.59,10.73,-6.59,13.94,-1.93,13.94,13.59,7.83,-7.9,13.5,13.5,6.85,13.76,0.0736,0.6995,-0.558,0.348,0.7293,-0.5313,0.3065,0.337,0.0545,-0.0552,0.7099,-0.493,0.2236,0.3109,0.0225,0.3887,0.579,-0.3985,0.006,0.006,0.013,0.019,0.013,0.013,0.013,0.019,0.019,0.019,0.006,0.006,0.006,0.026,0.013,0.019,0.019,0.026,0.0368,0.1166,0.1104,0.1135,0.1166,0.1273,0.1135,-0.1166,0.112,-0.0445,0.1166,0.1273,0.1135,-0.1212,0.1273,0.1243,0.0982,0.1104,0.0701,0.2394,0.2177,0.2363,0.2392,0.2519,0.2369,-0.2348,0.2441,-0.0779,0.2349,0.253,0.2134,-0.243,0.2486,0.2452,0.1931,0.2309,-0.0006,-0.004,0.0069,0.005,-0.0053,0.0696,0.694,-0.5865,0.3523,0.7226,-0.5678,0.3069,0.3079,0.0332,-0.0675,0.6954,-0.52,0.2198,0.2912,-0.004,0.3871,0.5779,-0.4269,0.0,0.0,0.0,0.0,0.0,0.0,0.0,0.0,0.0,
0.36,run,0.44,3.49,1.0,0.48,-1.66,0.0,0.0,0.0,0.033,2.81,9.32,9.49,9.32,9.93,10.11,9.05,-8.53,9.67,-2.55,9.93,10.11,7.47,-8.88,10.11,9.84,6.68,9.32,2.74,13.6,15.18,11.97,15.31,15.09,10.72,-5.14,15.44,-1.5,14.68,15.09,7.9,-7.06,15.0,13.51,6.98,15.26,0.0782,0.7018,-0.5313,0.3419,0.7329,-0.4981,0.3062,0.3611,0.0724,-0.0429,0.7215,-0.4714,0.2256,0.3262,0.0489,0.3861,0.5814,-0.3762,0.0,0.006,0.006,0.013,0.006,0.006,0.006,0.013,0.019,0.013,0.006,0.006,0.0,0.013,0.0,0.026,0.006,0.026,0.0383,0.1396,0.1381,0.1381,0.1396,0.1503,0.1365,-0.1365,0.135,-0.046,0.1411,0.1503,0.1258,-0.1427,0.1519,0.1488,0.1074,0.1335,0.0548,0.2536,0.2556,0.2572,0.2535,0.2623,0.2519,-0.2389,0.2569,-0.0602,0.2562,0.2632,0.1953,-0.2504,0.2658,0.2634,0.1696,0.2477,-0.0047,-0.0055,-0.0117,-0.0058,0.0416,0.0736,0.6995,-0.558,0.348,0.7293,-0.5313,0.3065,0.337,0.0545,-0.0552,0.7099,-0.493,0.2236,0.3109,0.0225,0.3887,0.579,-0.3985,0.0,0.0,0.0,0.0,0.0,0.0,0.0,0.0,0.0,
0.4,run,0.41,3.49,-0.76,-0.62,1.29,0.0,0.0,0.0,0.033,2.29,10.72,11.34,10.37,11.34,11.51,9.84,-9.14,10.99,-2.11,11.34,11.51,7.73,-9.49,11.51,11.16,6.68,10.72,2.84,13.74,16.68,11.63,15.57,16.59,10.6,-3.67,16.94,-1.08,15.43,16.59,7.77,-6.0,16.5,13.4,7.21,16.76,0.0812,0.7044,-0.5033,0.3324,0.7376,-0.4643,0.303,0.3878,0.0893,-0.0309,0.7351,-0.4498,0.2221,0.3455,0.0691,0.3828,0.5857,-0.3512,0.0,0.006,0.006,0.013,0.006,0.006,0.006,0.013,0.019,0.013,0.006,0.006,0.0,0.013,0.0,0.026,0.006,0.026,0.0476,0.1641,0.1626,0.1611,0.1641,0.1749,0.1549,-0.1503,0.1611,-0.046,0.1657,0.1749,0.1335,-0.158,0.1764,0.1718,0.1135,0.158,0.0727,0.269,0.2704,0.2658,0.2689,0.2751,0.2449,-0.2187,0.277,-0.0422,0.2708,0.2757,0.1653,-0.2325,0.2776,0.2702,0.1416,0.2648,0.0002,-0.003,0.0175,0.0083,-0.029,0.0782,0.7018,-0.5313,0.3419,0.7329,-0.4981,0.3062,0.3611,0.0724,-0.0429,0.7215,-0.4714,0.2256,0.3262,0.0489,0.3861,0.5814,-0.3762,0.0,0.0,0.0,0.0,0.0,0.0,0.0,0.0,0.0,
0.44,run,0.42,3.49,0.32,0.26,-0.72,0.0,0.0,0.0,0.033,2.99,11.87,12.39,11.07,12.66,12.92,10.28,-9.32,12.39,-1.32,12.57,13.01,7.73,-9.84,12.92,12.04,6.68,12.04,2.96,13.83,18.18,11.19,15.76,18.09,10.4,-2.17,18.44,-0.68,16.06,18.09,7.51,-4.83,18.0,12.91,7.56,18.26,0.0845,0.7061,-0.4747,0.3197,0.7411,-0.4305,0.297,0.4166,0.1025,-0.0194,0.7465,-0.4273,0.2146,0.3668,0.0874,0.3688,0.592,-0.3281,0.0,0.006,0.006,0.013,0.006,0.006,0.006,0.013,0.019,0.013,0.006,0.006,0.0,0.013,0.0,0.026,0.006,0.026,0.0383,0.1887,0.1948,0.1795,0.1887,0.1994,0.1687,-0.1611,0.1841,-0.0383,0.1902,0.1994,0.1381,-0.1687,0.201,0.1948,0.1135,0.1825,0.0162,0.2808,0.3107,0.2554,0.2807,0.2851,0.2235,-0.1936,0.2806,-0.0006,0.2821,0.2855,0.133,-0.2032,0.2868,0.2758,0.0991,0.2779,-0.0022,-0.0027,-0.0132,-0.0109,0.0224,0.0812,0.7044,-0.5033,0.3324,0.7376,-0.4643,0.303,0.3878,0.0893,-0.0309,0.7351,-0.4498,0.2221,0.3455,0.0691,0.3828,0.5857,-0.3512,0.0,0.0,0.0,0.0,0.0,0.0,0.0,0.0,0.0,
0.48,run,0.42,3.51,-0.66,-0.13,1.99,0.0,0.0,0.0,0.033,2.72,12.74,13.27,11.69,13.8,14.33,10.37,-9.14,13.8,-1.23,13.71,14.33,7.73,-9.58,14.33,12.66,6.77,13.45,2.96,13.85,19.68,10.51,15.89,19.59,9.98,-0.67,19.94,-0.17,16.64,19.59,6.99,-3.33,19.5,12.19,7.98,19.76,0.0845,0.7064,-0.4424,0.3002,0.7435,-0.3937,0.2853,0.4521,0.1107,-0.0048,0.757,-0.4,0.1998,0.3948,0.0957,0.3483,0.5996,-0.301,0.0,0.0,0.026,0.0,0.006,0.013,0.0,0.006,0.019,0.013,0.0,0.013,0.006,0.006,0.013,0.013,0.026,0.033,0.0506,0.2086,0.2132,0.1917,0.2117,0.224,0.1764,-0.1641,0.2086,-0.0245,0.2117,0.2255,0.1381,-0.1749,0.2255,0.2102,0.1135,0.2056,0.0572,0.2712,0.2864,0.2247,0.2826,0.2914,0.1851,-0.147,0.2883,0.0512,0.2778,0.2974,0.0931,-0.1652,0.2926,0.2505,0.0694,0.2806,-0.0018,-0.0031,0.0056,0.0046,-0.0126,0.0845,0.7061,-0.4747,0.3197,0.7411,-0.4305,0.297,0.4166,0.1025,-0.0194,0.7465,-0.4273,0.2146,0.3668,0.0874,0.3688,0.592,-0.3281,0.0,0.0,0.0,0.0,0.0,0.0,0.0,0.0,0.0,
0.52,run,0.41,3.52,0.13,0.45,2.4,0.0,0.0,0.0,0.033,3.08,13.27,14.94,11.78,14.68,15.82,10.37,-8.53,15.21,-0.44,14.68,15.64,7.21,-9.05,15.82,13.01,7.03,14.85,2.91,14.0,21.18,9.58,16.11,21.09,9.37,0.83,21.44,0.28,17.23,21.09,6.2,-1.83,21.0,10.98,8.52,21.26,0.0831,0.709,-0.4046,0.2737,0.7475,-0.3518,0.2678,0.4975,0.1182,0.0079,0.7679,-0.3642,0.1772,0.4334,0.1007,0.3137,0.6094,-0.268,0.0,0.0,0.026,0.0,0.006,0.013,0.0,0.006,0.019,0.013,0.0,0.013,0.006,0.006,0.013,0.013,0.026,0.033,0.046,0.224,0.2286,0.2025,0.2316,0.2485,0.1779,-0.1611,0.2332,-0.023,0.2316,0.2485,0.1381,-0.1703,0.25,0.2209,0.115,0.2301,0.0228,0.2475,0.2581,0.1977,0.2728,0.2962,0.1354,-0.0913,0.2941,0.0416,0.2694,0.2947,0.0652,-0.0983,0.2971,0.2157,0.0543,0.2887,-0.0019,-0.0012,-0.0114,-0.0023,0.0348,0.0845,0.7064,-0.4424,0.3002,0.7435,-0.3937,0.2853,0.4521,0.1107,-0.0048,0.757,-0.4,0.1998,0.3948,0.0957,0.3483,0.5996,-0.301,0.0,0.0,0.0,0.0,0.0,0.0,0.0,0.0,0.0,
0.56,run,0.4,3.49,0.24,0.55,-0.91,0.0,0.0,0.0,0.033,2.99,13.45,16.35,11.78,15.38,17.23,10.37,-7.65,16.61,-0.18,15.12,17.05,7.12,-8.17,17.23,13.1,7.29,16.17,2.75,14.26,22.68,8.43,16.32,22.59,8.52,2.33,22.94,0.87,17.66,22.59,5.15,-0.33,22.5,9.48,9.18,22.76,0.0787,0.7138,-0.3603,0.2408,0.7512,-0.3006,0.2433,0.5553,0.1219,0.0249,0.7756,-0.3152,0.1472,0.4811,0.1043,0.265,0.6214,-0.2262,0.0,0.0,0.026,0.0,0.006,0.013,0.0,0.006,0.019,0.013,0.0,0.013,0.006,0.006,0.013,0.013,0.026,0.033,0.0522,0.2332,0.2577,0.204,0.247,0.2746,0.1779,-0.1503,0.2577,-0.0092,0.2485,0.2715,0.1289,-0.1611,0.2761,0.227,0.1197,0.2546,0.0388,0.2075,0.2893,0.1441,0.2481,0.3045,0.0947,-0.0239,0.2973,0.0806,0.2515,0.292,0.0113,-0.0345,0.3051,0.1739,0.0552,0.2935,-0.0026,-0.0002,0.0023,0.0078,0.0419,0.0831,0.709,-0.4046,0.2737,0.7475,-0.3518,0.2678,0.4975,0.1182,0.0079,0.7679,-0.3642,0.1772,0.4334,0.1007,0.3137,0.6094,-0.268,0.0,0.0,0.0,0.0,0.0,0.0,0.0,0.0,0.0,
0.6,run,0.4,3.52,-0.24,0.21,-0.28,0.0,0.0,0.0,0.033,2.72,13.54,17.84,11.69,15.91,18.63,9.76,-6.33,18.11,0.44,16.35,18.46,6.33,-7.03,18.63,12.57,7.82,17.58,2.41,14.25,24.18,7.16,16.34,24.09,7.53,3.83,24.44,1.37,17.87,24.09,4.12,1.17,24.0,7.98,9.78,24.26,0.0688,0.7136,-0.3141,0.2046,0.7517,-0.2505,0.215,0.6105,0.1248,0.0392,0.7794,-0.266,0.1176,0.5299,0.1073,0.2109,0.6323,-0.185,0.013,0.0,0.019,0.026,0.0,0.006,0.006,0.006,0.019,0.006,0.006,0.019,0.006,0.006,0.006,0.0,0.026,0.033,0.0506,0.2362,0.2823,0.204,0.2592,0.2991,0.1779,-0.135,0.2823,-0.0046,0.2562,0.2961,0.1273,-0.1457,0.3007,0.2286,0.1243,0.2777,0.0214,0.1568,0.2947,0.1009,0.2198,0.3054,0.0663,0.0409,0.3003,0.0737,0.2048,0.2966,0.0022,0.0334,0.3058,0.1275,0.0559,0.2919,-0.0031,-0.0032,0.0043,0.0095,-0.0159,0.0787,0.7138,-0.3603,0.2408,0.7512,-0.3006,0.2433,0.5553,0.1219,0.0249,0.7756,-0.3152,0.1472,0.4811,0.1043,0.265,0.6214,-0.2262,0.0,0.0,0.0,0.0,0.0,0.0,0.0,0.0,0.0,
0.64,run,0.43,3.55,0.79,0.82,0.26,0.0,0.0,0.0,0.033,2.64,13.89,19.16,10.46,16.17,20.04,8.96,-4.92,19.42,0.88,17.05,19.86,5.36,-5.62,20.04,11.87,8.35,18.98,1.81,14.14,25.68,5.66,16.03,25.59,6.33,5.33,25.94,1.95,17.57,25.59,2.89,2.67,25.5,6.48,10.51,25.76,0.0517,0.7117,-0.253,0.1572,0.7459,-0.1806,0.1809,0.6738,0.1305,0.0556,0.7739,-0.1915,0.0825,0.5907,0.1124,0.1433,0.6456,-0.1288,0.013,0.0,0.019,0.026,0.0,0.006,0.006,0.006,0.019,0.006,0.006,0.019,0.006,0.006,0.006,0.0,0.026,0.033,0.046,0.2378,0.3083,0.2025,0.2684,0.3237,0.1672,-0.112,0.3083,0.0061,0.2777,0.3206,0.1135,-0.1258,0.3252,0.2194,0.1335,0.3022,-0.0023,0.1155,0.3041,0.0648,0.1884,0.3058,0.0061,0.1149,0.308,0.0919,0.224,0.2997,-0.0503,0.0982,0.3061,0.0547,0.0737,0.2964,-0.0033,-0.0007,-0.0043,0.0037,-0.0049,0.0688,0.7136,-0.3141,0.2046,0.7517,-0.2505,0.215,0.6105,0.1248,0.0392,0.7794,-0.266,0.1176,0.5299,0.1073,0.2109,0.6323,-0.185,0.0,0.0,0.0,0.0,0.0,0.0,0.0,0.0,0.0,
0.68,run,0.42,3.56,-0.14,-0.35,-2.0,0.0,0.0,0.0,0.033,2.2,13.89,20.57,9.14,16.26,21.45,8.26,-3.52,20.83,1.32,17.4,21.27,4.57,-4.13,21.53,10.99,8.7,20.39,0.98,13.54,27.18,4.16,15.16,27.09,5.02,6.83,27.44,2.52,16.65,27.09,2.01,4.17,27.0,4.98,11.06,27.26,0.0281,0.7008,-0.1881,0.1035,0.7302,-0.1089,0.1435,0.7268,0.132,0.0719,0.7572,-0.1129,0.0574,0.6479,0.1199,0.0731,0.6556,-0.0734,0.013,0.0,0.019,0.026,0.0,0.006,0.006,0.006,0.019,0.006,0.006,0.019,0.006,0.006,0.006,0.0,0.026,0.033,0.0445,0.2439,0.3313,0.181,0.273,0.3482,0.1534,-0.0874,0.3313,0.0138,0.2899,0.3451,0.0966,-0.1012,0.3497,0.2071,0.1427,0.3267,-0.0074,0.1042,0.3005,-0.0364,0.1494,0.3076,-0.0483,0.174,0.3033,0.0935,0.2035,0.3033,-0.0995,0.1623,0.3078,-0.0085,0.0866,0.301,-0.001,0.0024,0.0137,0.0143,0.0046,0.0517,0.7117,-0.253,0.1572,0.7459,-0.1806,0.1809,0.6738,0.1305,0.0556,0.7739,-0.1915,0.0825,0.5907,0.1124,0.1433,0.6456,-0.1288,0.0,0.0,0.0,0.0,0.0,0.0,0.0,0.0,0.0,
0.72,run,0.43,3.52,0.46,-1.17,-6.93,0.0,0.0,0.0,0.045,1.85,13.89,21.88,7.91,16.0,22.85,7.38,-2.11,22.32,1.85,17.4,22.68,3.6,-2.64,22.76,9.49,9.23,21.71,0.26,12.84,28.68,2.66,14.43,28.59,3.92,8.33,28.94,2.81,15.8,28.59,1.58,5.67,28.5,3.48,11.66,28.76,0.0074,0.6881,-0.1338,0.0604,0.7169,-0.054,0.1119,0.7597,0.1342,0.0803,0.7418,-0.0528,0.0452,0.6899,0.1242,0.022,0.6666,-0.033,0.013,0.013,0.026,0.013,0.013,0.019,0.013,0.006,0.026,0.006,0.006,0.019,0.0,0.013,0.013,0.013,0.045,0.045,0.0368,0.2439,0.3559,0.158,0.2746,0.3728,0.1411,-0.0629,0.3559,0.0215,0.2961,0.3697,0.0828,-0.0752,0.3758,0.1917,0.1488,0.3513,-0.0336,0.073,0.3012,-0.1107,0.1102,0.3061,-0.0792,0.2126,0.3031,0.0939,0.1652,0.3031,-0.1207,0.2101,0.312,-0.0627,0.0833,0.3015,-0.0018,0.0027,-0.0024,-0.0062,-0.0349,0.0281,0.7008,-0.1881,0.1035,0.7302,-0.1089,0.1435,0.7268,0.132,0.0719,0.7572,-0.1129,0.0574,0.6479,0.1199,0.0731,0.6556,-0.0734,0.0,0.0,0.0,0.0,0.0,0.0,0.0,0.0,0.0,
0.76,run,0.43,3.47,-1.17,-0.93,-0.49,0.0,0.0,0.0,0.045,1.14,13.45,23.29,6.5,15.29,24.26,6.33,-0.62,23.73,2.37,17.05,23.99,2.72,-1.67,24.17,8.17,9.76,23.03,-0.19,12.54,30.18,1.16,14.17,30.09,3.17,9.83,30.44,2.88,15.28,30.09,1.44,7.17,30.0,1.98,12.24,30.26,-0.0053,0.6826,-0.0993,0.0321,0.7121,-0.0218,0.0905,0.7762,0.1375,0.0824,0.7323,-0.0145,0.0411,0.7166,0.1258,-0.0078,0.6771,-0.006,0.013,0.013,0.026,0.013,0.013,0.019,0.013,0.006,0.026,0.006,0.006,0.019,0.0,0.013,0.013,0.013,0.045,0.045,0.0307,0.2439,0.3789,0.1365,0.27,0.3973,0.1258,-0.0383,0.382,0.0307,0.2961,0.3942,0.066,-0.0491,0.3973,0.1657,0.158,0.3743,-0.0465,0.0511,0.2972,-0.158,0.0599,0.3064,-0.113,0.2409,0.31,0.1002,0.1156,0.3043,-0.1478,0.2449,0.2989,-0.1417,0.0929,0.2974,-0.0011,-0.0008,0.008,-0.0204,-0.1209,0.0074,0.6881,-0.1338,0.0604,0.7169,-0.054,0.1119,0.7597,0.1342,0.0803,0.7418,-0.0528,0.0452,0.6899,0.1242,0.022,0.6666,-0.033,0.0,0.0,0.0,0.0,0.0,0.0,0.0,0.0,0.0,
0.8,run,0.45,3.46,0.99,-0.58,-3.31,0.0,0.0,0.0,0.045,0.53,12.92,24.79,5.19,14.68,25.66,5.36,0.7,25.05,2.64,16.35,25.4,2.02,-0.09,25.49,6.77,10.28,24.35,-0.3,12.69,31.68,0.72,14.19,31.59,2.85,11.33,31.94,2.73,15.05,31.59,1.5,8.67,31.5,0.48,12.7,31.76,-0.0087,0.6852,-0.0803,0.0205,0.7125,-0.0042,0.0813,0.7821,0.141,0.078,0.7282,0.0082,0.0429,0.7318,0.1274,-0.0253,0.6854,0.0115,0.013,0.013,0.026,0.013,0.013,0.019,0.013,0.006,0.026,0.006,0.006,0.019,0.0,0.013,0.013,0.013,0.045,0.045,0.0184,0.2362,0.4034,0.112,0.2577,0.4218,0.1074,-0.0123,0.4065,0.0399,0.2899,0.4172,0.0506,-0.0322,0.4218,0.1427,0.1672,0.3973,-0.0789,0.0068,0.3008,-0.2034,-0.0044,0.3072,-0.1487,0.2672,0.3098,0.1049,0.0578,0.2999,-0.1614,0.2352,0.302,-0.1862,0.0998,0.2951,-0.0005,-0.0045,-0.0204,-0.0162,-0.0086,-0.0053,0.6826,-0.0993,0.0321,0.7121,-0.0218,0.0905,0.7762,0.1375,0.0824,0.7323,-0.0145,0.0411,0.7166,0.1258,-0.0078,0.6771,-0.006,0.0,0.0,0.0,0.0,0.0,0.0,0.0,0.0,0.0,
0.84,run,0.45,3.41,1.06,-1.79,-7.33,0.0,0.0,0.0,0.078,0.0,12.66,26.1,3.87,14.24,26.98,4.31,2.2,26.46,2.46,15.64,26.81,1.58,1.05,26.81,5.54,10.72,25.75,-0.36,13.16,33.18,0.67,14.66,33.09,2.69,12.83,33.44,2.49,15.22,33.09,1.62,10.17,33.0,-1.02,13.13,33.26,-0.0102,0.6938,-0.0758,0.0191,0.7211,-0.0028,0.0768,0.7838,0.1462,0.0712,0.7313,0.0151,0.0462,0.7397,0.1311,-0.0318,0.6933,0.0228,0.013,0.006,0.033,0.013,0.0,0.026,0.006,0.0,0.019,0.0,0.0,0.026,0.006,0.026,0.033,0.045,0.078,0.065,0.0077,0.227,0.4295,0.089,0.247,0.4464,0.0905,0.0107,0.4295,0.0445,0.2777,0.4418,0.0383,-0.0046,0.4449,0.1181,0.1764,0.4203,-0.0953,-0.0296,0.3078,-0.2282,-0.0431,0.3066,-0.167,0.2728,0.3026,0.0906,-0.0053,0.3015,-0.1588,0.2676,0.2972,-0.2218,0.1042,0.2924,0.0007,-0.006,0.0173,-0.0101,-0.0578,-0.0087,0.6852,-0.0803,0.0205,0.7125,-0.0042,0.0813,0.7821,0.141,0.078,0.7282,0.0082,0.0429,0.7318,0.1274,-0.0253,0.6854,0.0115,0.0,0.0,0.0,0.0,0.0,0.0,0.0,0.0,0.0,
0.88,run,0.5,3.13,0.46,-6.93,-13.91,0.0,0.0,0.0,0.078,-0.26,12.66,27.51,2.72,14.15,28.48,3.6,3.6,27.95,2.46,15.21,28.21,1.49,2.37,28.21,4.22,11.16,27.07,-0.31,13.81,34.68,0.71,15.23,34.59,2.59,14.33,34.94,2.25,15.65,34.59,1.64,11.67,34.5,-1.28,13.6,34.76,-0.009,0.7056,-0.0729,0.0202,0.7315,-0.0008,0.074,0.7886,0.1548,0.0642,0.7391,0.0195,0.0468,0.7475,0.1381,-0.0365,0.7017,0.035,0.013,0.006,0.033,0.013,0.0,0.026,0.006,0.0,0.019,0.0,0.0,0.026,0.006,0.026,0.033,0.045,0.078,0.065,-0.0015,0.2224,0.4525,0.066,0.2393,0.4694,0.0721,0.0368,0.4541,0.0414,0.2654,0.4663,0.0307,0.0153,0.4679,0.0966,0.1841,0.4449,-0.1013,-0.038,0.302,-0.2463,-0.0591,0.3011,-0.1861,0.2891,0.3042,0.0519,-0.0499,0.3034,-0.14,0.2623,0.2946,-0.2361,0.1018,0.297,0.0011,-0.0102,0.0185,-0.0312,-0.1279,-0.0102,0.6938,-0.0758,0.0191,0.7211,-0.0028,0.0768,0.7838,0.1462,0.0712,0.7313,0.0151,0.0462,0.7397,0.1311,-0.0318,0.6933,0.0228,0.0,0.0,0.0,0.0,0.0,0.0,0.0,0.0,0.0,
0.92,run,0.54,2.81,0.62,-8.92,-15.0,0.0,0.0,0.0,0.078,-0.35,12.66,28.92,1.93,14.24,29.79,3.08,5.01,29.27,2.37,15.12,29.62,1.41,3.69,29.44,2.81,11.51,28.48,-0.25,14.43,36.18,0.8,15.77,36.09,2.52,15.83,36.44,2.04,16.11,36.09,1.62,13.17,36.0,-1.35,14.04,36.26,-0.0071,0.7169,-0.0715,0.023,0.7412,0.0006,0.072,0.7936,0.1639,0.0582,0.7474,0.0202,0.0464,0.7534,0.1471,-0.0385,0.7098,0.0455,0.013,0.006,0.033,0.013,0.0,0.026,0.006,0.0,0.019,0.0,0.0,0.026,0.006,0.026,0.033,0.045,0.078,0.065,-0.0061,0.2224,0.4771,0.046,0.2378,0.4955,0.0598,0.0614,0.4801,0.0414,0.2577,0.4909,0.0291,0.0383,0.4924,0.0736,0.1917,0.4679,-0.0881,-0.0266,0.3031,-0.2469,-0.0471,0.3083,-0.1762,0.2941,0.3104,0.0363,-0.0636,0.3041,-0.1037,0.2696,0.2979,-0.2512,0.0999,0.2939,0.0053,-0.0348,0.008,-0.1209,-0.2428,-0.009,0.7056,-0.0729,0.0202,0.7315,-0.0008,0.074,0.7886,0.1548,0.0642,0.7391,0.0195,0.0468,0.7475,0.1381,-0.0365,0.7017,0.035,0.0,0.0,0.0,0.0,0.0,0.0,0.0,0.0,0.0,
0.96,run,0.57,2.52,0.18,-7.78,-8.81,0.0,0.0,0.0,0.13,-0.44,13.27,30.41,1.41,14.68,31.2,2.81,6.33,30.67,2.02,15.12,30.94,1.32,4.92,30.76,1.49,11.95,29.79,-0.2,15.02,37.68,0.95,16.15,37.59,2.56,17.33,37.94,1.89,16.39,37.59,1.61,14.67,37.5,-1.29,14.38,37.76,-0.0057,0.7277,-0.0719,0.0271,0.7482,0.0031,0.0732,0.7969,0.1721,0.054,0.7525,0.0231,0.046,0.7575,0.1539,-0.0367,0.7159,0.0543,0.006,0.019,0.033,0.006,0.013,0.026,0.006,0.013,0.026,0.0,0.033,0.045,0.006,0.13,0.071,0.033,0.111,0.091,-0.0077,0.2224,0.5016,0.0322,0.2393,0.5185,0.0506,0.0859,0.5031,0.0399,0.2562,0.5154,0.0276,0.0614,0.5139,0.0491,0.1979,0.4924,-0.0674,-0.0186,0.3038,-0.2243,-0.0272,0.3016,-0.1576,0.2974,0.3031,0.0197,-0.0502,0.3044,-0.0783,0.2746,0.2887,-0.2674,0.0928,0.2973,0.009,-0.0626,0.0108,-0.1557,-0.2618,-0.0071,0.7169,-0.0715,0.023,0.7412,0.0006,0.072,0.7936,0.1639,0.0582,0.7474,0.0202,0.0464,0.7534,0.1471,-0.0385,0.7098,0.0455,0.0,0.0,0.0,0.0,0.0,0.0,0.0,0.0,0.0,
1.0,run,0.6,2.35,0.76,-4.3,-5.45,0.0,0.0,0.0,0.13,-0.44,13.71,31.73,1.23,15.12,32.52,2.81,7.73,31.99,1.93,15.38,32.26,1.41,6.06,31.99,0.53,12.3,31.2,-0.15,15.54,39.18,1.09,16.37,39.09,2.73,18.83,39.44,1.8,16.58,39.09,1.61,16.17,39.0,-1.1,14.66,39.26,-0.0044,0.737,-0.0699,0.0312,0.7522,0.0097,0.078,0.8007,0.1812,0.0514,0.7561,0.0302,0.046,0.7617,0.1606,-0.0315,0.7211,0.0628,0.006,0.019,0.033,0.006,0.013,0.026,0.006,0.013,0.026,0.0,0.033,0.045,0.006,0.13,0.071,0.033,0.111,0.091,-0.0092,0.2332,0.5277,0.023,0.247,0.543,0.046,0.1089,0.5277,0.0337,0.2562,0.5384,0.0261,0.0828,0.5369,0.0261,0.2056,0.5154,-0.0529,0.0273,0.3105,-0.1916,0.0097,0.3033,-0.1276,0.2946,0.3043,-0.0092,-0.0352,0.2995,-0.0606,0.2728,0.2884,-0.2736,0.0938,0.2945,0.0112,-0.0877,0.0031,-0.1358,-0.1537,-0.0057,0.7277,-0.0719,0.0271,0.7482,0.0031,0.0732,0.7969,0.1721,0.054,0.7525,0.0231,0.046,0.7575,0.1539,-0.0367,0.7159,0.0543,0.0,0.0,0.0,0.0,0.0,0.0,0.0,0.0,0.0,
1.04,run,0.65,2.12,1.93,-6.1,-5.15,0.0,0.0,0.0,0.13,-0.26,14.15,33.13,1.14,15.47,34.01,2.72,9.23,33.4,1.85,15.47,33.57,1.41,7.12,33.31,-0.26,12.57,32.43,-0.14,15.98,40.68,1.21,16.6,40.59,2.84,19.35,40.94,1.72,16.77,40.59,1.56,17.18,40.5,-0.93,14.9,40.76,-0.0039,0.7451,-0.0679,0.0346,0.7563,0.0157,0.0811,0.8064,0.1883,0.0493,0.7594,0.0371,0.0447,0.767,0.1659,-0.0267,0.7255,0.0697,0.006,0.019,0.033,0.006,0.013,0.026,0.006,0.013,0.026,0.0,0.033,0.045,0.006,0.13,0.071,0.033,0.111,0.091,-0.0092,0.2408,0.5507,0.0199,0.2546,0.566,0.046,0.1335,0.5507,0.0322,0.2608,0.5614,0.0276,0.1028,0.5584,0.0092,0.2117,0.54,-0.0371,0.0479,0.3038,-0.1456,0.0356,0.2988,-0.0893,0.2984,0.2995,-0.0122,-0.0073,0.2961,-0.0366,0.2659,0.2826,-0.2549,0.0887,0.2984,0.014,-0.1026,0.0133,-0.0751,-0.0951,-0.0044,0.737,-0.0699,0.0312,0.7522,0.0097,0.078,0.8007,0.1812,0.0514,0.7561,0.0302,0.046,0.7617,0.1606,-0.0315,0.7211,0.0628,0.0,0.0,0.0,0.0,0.0,0.0,0.0,0.0,0.0,
1.08,run,1.08,1.85,12.09,-7.18,-0.94,0.0,0.0,0.0,0.214,-0.35,14.68,34.54,1.14,15.82,35.33,2.72,10.63,34.72,1.76,15.64,34.89,1.41,8.35,34.63,-0.62,12.74,33.84,-0.07,16.4,42.18,1.32,16.9,42.09,2.87,19.66,42.44,1.63,17.03,42.09,1.56,17.4,42.0,-0.83,15.17,42.26,-0.002,0.7528,-0.0657,0.0378,0.7618,0.0204,0.082,0.8121,0.1961,0.0466,0.7643,0.0419,0.0445,0.7709,0.1743,-0.0236,0.7304,0.0775,0.013,0.033,0.033,0.006,0.019,0.033,0.006,0.006,0.039,0.0,0.045,0.078,0.006,0.214,0.123,0.019,0.123,0.078,-0.0061,0.2485,0.5752,0.0184,0.2608,0.5921,0.0445,0.1595,0.5752,0.0307,0.2623,0.5844,0.0276,0.1212,0.5814,-0.0046,0.2163,0.5614,-0.0145,0.0621,0.304,-0.1077,0.0478,0.3062,-0.0682,0.306,0.301,-0.0143,0.0006,0.2929,-0.0257,0.2547,0.2835,-0.2298,0.0792,0.2888,0.0186,-0.1227,0.0337,-0.1065,-0.0899,-0.0039,0.7451,-0.0679,0.0346,0.7563,0.0157,0.0811,0.8064,0.1883,0.0493,0.7594,0.0371,0.0447,0.767,0.1659,-0.0267,0.7255,0.0697,0.0,0.0,0.0,0.0,0.0,0.0,0.0,0.0,0.0,
1.12,run,1.85,1.45,19.08,-8.94,-1.58,0.0,0.0,0.0,0.214,-0.26,15.03,35.86,1.23,16.0,36.74,2.72,11.95,36.12,1.76,15.73,36.3,1.41,9.67,36.04,-0.79,13.1,35.33,0.09,16.84,43.68,1.56,17.2,43.59,3.1,19.78,43.94,1.56,17.25,43.59,1.76,17.43,43.5,-0.52,15.27,43.76,0.0026,0.7607,-0.0675,0.0444,0.7674,0.0219,0.0885,0.8141,0.2047,0.0446,0.7682,0.0469,0.0504,0.7715,0.1856,-0.015,0.7322,0.0854,0.013,0.033,0.033,0.006,0.019,0.033,0.006,0.006,0.039,0.0,0.045,0.078,0.006,0.214,0.123,0.019,0.123,0.078,-0.0077,0.2577,0.5998,0.0184,0.2669,0.6151,0.0445,0.1841,0.5983,0.0291,0.2654,0.6075,0.0276,0.1427,0.6044,-0.0107,0.2194,0.586,-0.016,0.0784,0.3059,-0.0754,0.0567,0.3016,-0.0478,0.3073,0.298,-0.0158,0.012,0.2923,-0.018,0.2597,0.2857,-0.1842,0.0671,0.2952,0.0558,-0.1458,0.211,-0.1253,-0.0165,-0.002,0.7528,-0.0657,0.0378,0.7618,0.0204,0.082,0.8121,0.1961,0.0466,0.7643,0.0419,0.0445,0.7709,0.1743,-0.0236,0.7304,0.0775,0.0,0.0,0.0,0.0,0.0,0.0,0.0,0.0,0.0,
1.16,run,2.59,1.34,18.0,-3.07,1.62,0.0,0.0,0.0,0.214,-0.18,15.38,37.27,1.23,16.17,38.23,2.72,13.18,37.44,1.58,15.91,37.71,1.49,11.07,37.44,-0.44,13.27,36.74,0.31,17.29,45.18,1.79,17.57,45.09,3.31,20.04,45.44,1.44,17.51,45.09,1.93,17.58,45.0,-0.17,15.38,45.26,0.0088,0.769,-0.0701,0.0511,0.774,0.0237,0.0946,0.8189,0.2142,0.0412,0.7729,0.0516,0.055,0.7741,0.197,-0.0048,0.7342,0.0941,0.013,0.033,0.033,0.006,0.019,0.033,0.006,0.006,0.039,0.0,0.045,0.078,0.006,0.214,0.123,0.019,0.123,0.078,-0.0061,0.2638,0.6228,0.0199,0.27,0.6397,0.0445,0.2071,0.6228,0.0291,0.2669,0.632,0.0276,0.1657,0.6289,-0.0138,0.2255,0.6121,-0.0055,0.0776,0.2994,-0.0471,0.0511,0.3021,-0.0334,0.3003,0.2995,-0.0111,0.0141,0.2956,-0.0126,0.2671,0.2909,-0.1403,0.0697,0.3033,0.1233,-0.1806,0.3331,-0.1561,-0.0275,0.0026,0.7607,-0.0675,0.0444,0.7674,0.0219,0.0885,0.8141,0.2047,0.0446,0.7682,0.0469,0.0504,0.7715,0.1856,-0.015,0.7322,0.0854,0.0,0.0,0.0,0.0,0.0,0.0,0.0,0.0,0.0,
1.2,run,3.11,1.43,13.29,1.88,2.08,0.0,0.0,0.0,0.214,0.09,15.82,38.58,1.49,16.44,39.46,2.72,14.33,38.67,1.58,16.08,39.02,1.76,12.39,38.67,-0.18,13.36,38.06,0.47,17.57,46.68,1.96,17.79,46.59,3.54,20.23,46.94,1.35,17.69,46.59,2.03,17.68,46.5,0.25,15.52,46.76,0.0134,0.774,-0.0691,0.056,0.778,0.0271,0.1012,0.8224,0.2229,0.0386,0.7762,0.0565,0.058,0.776,0.2043,0.0071,0.7368,0.0989,0.0,0.039,0.045,0.0,0.033,0.052,0.006,0.071,0.045,0.0,0.058,0.071,0.006,0.214,0.189,0.0,0.123,0.084,-0.0046,0.27,0.6473,0.0199,0.273,0.6657,0.0445,0.2286,0.6458,0.0261,0.27,0.6565,0.0291,0.1902,0.6535,-0.0077,0.2286,0.6366,0.0018,0.0768,0.2996,-0.0329,0.047,0.3071,-0.0234,0.289,0.2941,-0.019,0.0211,0.2969,-0.0032,0.277,0.2937,-0.0757,0.06,0.3023,0.1878,-0.1903,0.3142,-0.0536,0.0283,0.0088,0.769,-0.0701,0.0511,0.774,0.0237,0.0946,0.8189,0.2142,0.0412,0.7729,0.0516,0.055,0.7741,0.197,-0.0048,0.7342,0.0941,0.0,0.0,0.0,0.0,0.0,0.0,0.0,0.0,0.0,
1.24,run,3.49,1.43,9.31,0.13,-0.42,0.0,0.0,0.0,0.214,0.26,16.08,40.08,1.76,16.61,40.96,2.99,15.47,39.99,1.41,16.08,40.52,1.93,13.54,40.08,0.0,13.54,39.55,0.51,17.71,48.18,2.0,17.93,48.09,3.61,20.47,48.44,1.29,17.83,48.09,1.99,17.83,48.0,0.55,15.73,48.26,0.0146,0.7765,-0.0661,0.0573,0.7805,0.031,0.1033,0.8268,0.2296,0.0369,0.7787,0.0596,0.0569,0.7788,0.2081,0.0157,0.7406,0.1011,0.0,0.039,0.045,0.0,0.033,0.052,0.006,0.071,0.045,0.0,0.058,0.071,0.006,0.214,0.189,0.0,0.123,0.084,0.0,0.2777,0.6703,0.0245,0.2777,0.6872,0.0445,0.2485,0.6673,0.0261,0.273,0.6796,0.0337,0.2132,0.675,-0.0031,0.2301,0.6596,0.0191,0.0835,0.2989,-0.0052,0.0507,0.2982,-0.0164,0.2796,0.2891,-0.0133,0.0267,0.297,0.0156,0.283,0.2888,-0.0351,0.048,0.3008,0.2331,-0.1829,0.232,0.0328,0.0363,0.0134,0.774,-0.0691,0.056,0.778,0.0271,0.1012,0.8224,0.2229,0.0386,0.7762,0.0565,0.058,0.776,0.2043,0.0071,0.7368,0.0989,0.0,0.0,0.0,0.0,0.0,0.0,0.0,0.0,0.0,
1.28,run,3.95,1.55,11.57,3.2,-0.76,0.0,0.0,0.0,0.214,0.26,16.26,41.4,1.76,16.7,42.28,3.25,16.61,41.31,1.41,16.35,41.92,1.85,14.33,41.4,0.26,13.54,40.96,0.53,17.83,49.68,2.02,18.1,49.59,3.55,20.81,49.94,1.24,18.03,49.59,1.96,18.07,49.5,0.68,16.01,49.76,0.0153,0.7787,-0.0622,0.0576,0.7837,0.0352,0.1015,0.8329,0.236,0.0355,0.7823,0.0622,0.0559,0.7831,0.2131,0.0193,0.7457,0.1046,0.0,0.039,0.045,0.0,0.033,0.052,0.006,0.071,0.045,0.0,0.058,0.071,0.006,0.214,0.189,0.0,0.123,0.084,0.0031,0.2823,0.6964,0.0291,0.2807,0.7133,0.0491,0.2684,0.6903,0.023,0.273,0.7056,0.0368,0.2332,0.6995,0.0,0.2332,0.6857,0.0243,0.0749,0.3022,0.0127,0.0465,0.3017,0.0049,0.2668,0.2844,-0.0202,0.0187,0.3009,0.0219,0.2692,0.2897,-0.0137,0.0445,0.3035,0.2664,-0.1828,0.1626,0.0023,-0.0074,0.0146,0.7765,-0.0661,0.0573,0.7805,0.031,0.1033,0.8268,0.2296,0.0369,0.7787,0.0596,0.0569,0.7788,0.2081,0.0157,0.7406,0.1011,0.0,0.0,0.0,0.0,0.0,0.0,0.0,0.0,0.0,
1.32,run,4.2,1.66,6.49,2.63,-3.37,0.0,0.0,0.0,0.429,0.26,16.35,42.71,1.76,16.7,43.59,3.25,17.58,42.45,1.23,16.52,43.24,1.76,15.03,42.8,0.62,13.54,42.28,0.65,17.99,51.18,2.09,18.27,51.09,3.61,21.08,51.44,1.21,18.16,51.09,2.04,18.26,51.0,0.84,16.17,51.26,0.0185,0.7816,-0.0588,0.0598,0.7867,0.0403,0.1031,0.8379,0.2429,0.0347,0.7847,0.0682,0.0584,0.7865,0.2193,0.0241,0.7485,0.1103,0.019,0.084,0.058,0.006,0.065,0.097,0.006,0.208,0.123,0.0,0.084,0.091,0.013,0.429,0.182,0.006,0.163,0.111,0.0031,0.2853,0.7194,0.0291,0.2823,0.7363,0.0537,0.2884,0.7133,0.023,0.2777,0.7302,0.0353,0.247,0.7225,0.0046,0.2332,0.7102,0.017,0.0638,0.297,0.0089,0.0382,0.2967,0.0206,0.2609,0.2846,-0.0142,0.0302,0.3018,0.0096,0.2398,0.2883,0.0075,0.0312,0.3037,0.3063,-0.1726,0.202,0.0559,-0.0133,0.0153,0.7787,-0.0622,0.0576,0.7837,0.0352,0.1015,0.8329,0.236,0.0355,0.7823,0.0622,0.0559,0.7831,0.2131,0.0193,0.7457,0.1046,0.0,0.0,0.0,0.0,0.0,0.0,0.0,0.0,0.0,
1.36,run,4.61,1.67,10.53,-0.16,0.31,0.0,0.0,0.0,0.429,0.26,16.35,44.12,1.85,16.7,44.91,3.25,18.46,43.68,1.32,16.52,44.65,1.76,15.56,44.12,0.7,13.8,43.59,0.65,18.03,52.68,2.09,18.37,52.59,3.52,21.35,52.94,1.21,18.29,52.59,2.03,18.46,52.5,0.91,16.42,52.76,0.0184,0.7823,-0.0542,0.0597,0.7885,0.0447,0.1007,0.8427,0.2478,0.0345,0.7871,0.0711,0.0579,0.7901,0.2231,0.0259,0.7531,0.1126,0.019,0.084,0.058,0.006,0.065,0.097,0.006,0.208,0.123,0.0,0.084,0.091,0.013,0.429,0.182,0.006,0.163,0.111,0.0031,0.2869,0.7424,0.0291,0.2823,0.7593,0.0537,0.3053,0.7332,0.0199,0.2807,0.7532,0.0337,0.2592,0.747,0.0107,0.2332,0.7332,0.0119,0.0504,0.2938,0.0062,0.0268,0.2936,0.0144,0.2456,0.2736,-0.0214,0.0326,0.2971,0.001,0.2136,0.2934,0.0282,0.0218,0.2984,0.3278,-0.1627,0.1133,0.0459,-0.0588,0.0185,0.7816,-0.0588,0.0598,0.7867,0.0403,0.1031,0.8379,0.2429,0.0347,0.7847,0.0682,0.0584,0.7865,0.2193,0.0241,0.7485,0.1103,0.0,0.0,0.0,0.0,0.0,0.0,0.0,0.0,0.0,
1.4,run,5.01,1.78,10.95,2.94,0.75,0.0,0.0,0.0,0.429,0.35,16.44,45.44,1.93,16.79,46.32,3.25,18.81,45.0,1.32,16.52,46.05,1.93,15.64,45.53,0.79,14.06,45.0,0.75,18.12,54.18,2.15,18.46,54.09,3.59,21.49,54.44,1.18,18.37,54.09,2.15,18.55,54.0,1.01,16.55,54.26,0.0214,0.7841,-0.0507,0.0613,0.7902,0.0492,0.1025,0.8453,0.254,0.0336,0.7886,0.076,0.0615,0.7918,0.2297,0.0289,0.7555,0.1172,0.019,0.084,0.058,0.006,0.065,0.097,0.006,0.208,0.123,0.0,0.084,0.091,0.013,0.429,0.182,0.006,0.163,0.111,0.0031,0.2869,0.767,0.0307,0.2823,0.7823,0.0537,0.3206,0.7547,0.0215,0.2807,0.7777,0.0337,0.2684,0.7701,0.0123,0.2378,0.7563,0.0083,0.0353,0.2981,0.0102,0.0187,0.2922,0.0101,0.2297,0.2725,-0.0092,0.0228,0.3005,0.0007,0.1842,0.2921,0.0255,0.0326,0.2956,0.3639,-0.1617,0.1839,-0.0029,0.0054,0.0184,0.7823,-0.0542,0.0597,0.7885,0.0447,0.1007,0.8427,0.2478,0.0345,0.7871,0.0711,0.0579,0.7901,0.2231,0.0259,0.7531,0.1126,0.0,0.0,0.0,0.0,0.0,0.0,0.0,0.0,0.0,
1.44,run,5.31,1.81,7.98,0.7,-2.37,0.0,0.0,0.0,0.585,0.53,16.44,46.76,1.93,16.79,47.64,3.25,19.25,46.23,1.23,16.52,47.37,1.93,15.64,46.85,0.79,14.06,46.32,0.81,18.19,55.68,2.16,18.47,55.59,3.61,21.73,55.94,1.15,18.4,55.59,2.17,18.74,55.5,1.13,16.65,55.76,0.0231,0.7853,-0.0476,0.0618,0.7905,0.0546,0.1032,0.8497,0.2574,0.0327,0.789,0.081,0.0619,0.7953,0.2321,0.0324,0.7573,0.1196,0.006,0.071,0.078,0.006,0.065,0.136,0.0,0.351,0.149,0.006,0.111,0.123,0.013,0.585,0.279,0.0,0.169,0.13,0.0046,0.2884,0.79,0.0322,0.2838,0.8069,0.0537,0.3267,0.7777,0.0215,0.2807,0.8023,0.0368,0.27,0.7946,0.0138,0.2424,0.7808,0.0116,0.0304,0.2949,0.0129,0.0189,0.2965,0.0071,0.1838,0.277,-0.0064,0.016,0.3023,0.012,0.1347,0.2964,0.0236,0.0401,0.2989,0.3986,-0.152,0.1911,0.0512,0.0131,0.0214,0.7841,-0.0507,0.0613,0.7902,0.0492,0.1025,0.8453,0.254,0.0336,0.7886,0.076,0.0615,0.7918,0.2297,0.0289,0.7555,0.1172,0.0,0.0,0.0,0.0,0.0,0.0,0.0,0.0,0.0,
1.48,run,5.67,1.93,9.63,2.2,-0.42,0.0,0.0,0.0,0.585,0.62,16.44,48.16,2.02,16.79,49.04,3.25,19.34,47.55,1.23,16.52,48.69,1.93,15.64,48.25,1.14,14.06,47.64,0.83,18.18,57.18,2.14,18.48,57.09,3.52,21.91,57.44,1.15,18.43,57.09,2.16,18.86,57.0,1.15,16.8,57.26,0.0237,0.7851,-0.045,0.0611,0.7905,0.058,0.1006,0.8529,0.2599,0.0328,0.7897,0.0829,0.0618,0.7975,0.2336,0.033,0.76,0.1209,0.006,0.071,0.078,0.006,0.065,0.136,0.0,0.351,0.149,0.006,0.111,0.123,0.013,0.585,0.279,0.0,0.169,0.13,0.0077,0.2884,0.813,0.0322,0.2838,0.8299,0.0537,0.3344,0.7992,0.0199,0.2807,0.8253,0.0368,0.27,0.8176,0.0138,0.2424,0.8038,0.0196,0.0213,0.2928,0.009,0.0132,0.2939,0.0049,0.1574,0.2745,-0.0103,0.0112,0.298,0.0084,0.0943,0.2939,0.0165,0.0281,0.2956,0.4251,-0.1492,0.1392,0.0122,-0.0414,0.0231,0.7853,-0.0476,0.0618,0.7905,0.0546,0.1032,0.8497,0.2574,0.0327,0.789,0.081,0.0619,0.7953,0.2321,0.0324,0.7573,0.1196,0.0,0.0,0.0,0.0,0.0,0.0,0.0,0.0,0.0,
1.52,run,5.96,2.02,7.89,1.78,-0.44,0.0,0.0,0.0,0.585,0.62,16.52,49.57,2.02,16.7,50.27,3.25,19.34,48.87,1.32,16.52,50.1,2.11,15.64,49.66,1.14,14.06,48.96,0.89,18.17,58.68,2.16,18.49,58.59,3.56,22.03,58.94,1.13,18.45,58.59,2.22,18.93,58.5,1.26,16.88,58.76,0.0253,0.785,-0.0421,0.0618,0.7907,0.0612,0.1016,0.855,0.2625,0.0324,0.79,0.0861,0.0634,0.7988,0.236,0.0361,0.7615,0.1221,0.006,0.071,0.078,0.006,0.065,0.136,0.0,0.351,0.149,0.006,0.111,0.123,0.013,0.585,0.279,0.0,0.169,0.13,0.0092,0.2884,0.8376,0.0337,0.2838,0.8544,0.0537,0.3359,0.8222,0.0199,0.2807,0.8483,0.0368,0.27,0.8422,0.0199,0.2424,0.8268,0.0195,0.0149,0.297,0.0121,0.0092,0.2978,0.0035,0.116,0.2784,-0.0072,0.0078,0.2949,0.0059,0.066,0.2978,0.0346,0.0196,0.2932,0.4562,-0.1392,0.168,0.0384,-0.0073,0.0237,0.7851,-0.045,0.0611,0.7905,0.058,0.1006,0.8529,0.2599,0.0328,0.7897,0.0829,0.0618,0.7975,0.2336,0.033,0.76,0.1209,0.0,0.0,0.0,0.0,0.0,0.0,0.0,0.0,0.0,
1.56,run,6.43,1.99,11.7,-0.94,-0.62,0.0,0.0,0.0,0.611,0.62,16.52,50.8,2.11,16.7,51.59,3.25,19.51,50.1,1.23,16.52,51.5,2.11,15.64,51.06,1.14,14.15,50.36,0.88,18.09,60.18,2.13,18.42,60.09,3.52,22.07,60.44,1.15,18.43,60.09,2.21,18.97,60.0,1.32,16.98,60.26,0.0251,0.7835,-0.0399,0.061,0.7895,0.0636,0.1005,0.8558,0.2638,0.0329,0.7897,0.0868,0.0631,0.7995,0.2365,0.0376,0.7633,0.1214,0.013,0.078,0.111,0.0,0.104,0.227,0.006,0.351,0.227,0.0,0.104,0.143,0.0,0.611,0.24,0.0,0.201,0.156,0.0092,0.2899,0.8621,0.0337,0.2823,0.8759,0.0537,0.3359,0.8452,0.0215,0.2807,0.8728,0.0399,0.27,0.8667,0.0199,0.2424,0.8498,0.0136,0.0162,0.3,0.0084,0.0007,0.289,0.0024,0.0812,0.2812,0.0007,0.0055,0.2985,0.0156,0.0462,0.3005,0.0242,0.0137,0.2916,0.4819,-0.1311,0.1378,0.031,-0.0077,0.0253,0.785,-0.0421,0.0618,0.7907,0.0612,0.1016,0.855,0.2625,0.0324,0.79,0.0861,0.0634,0.7988,0.236,0.0361,0.7615,0.1221,0.0,0.0,0.0,0.0,0.0,0.0,0.0,0.0,0.0,
1.6,run,6.83,2.0,10.31,0.61,-1.83,0.0,0.0,0.0,0.611,0.62,16.52,52.21,2.11,16.7,52.91,3.25,19.6,51.33,1.32,16.52,52.91,2.11,15.64,52.56,1.23,14.5,51.77,0.94,18.06,61.65,2.14,18.41,61.59,3.56,22.07,61.94,1.16,18.43,61.59,2.29,18.92,61.5,1.41,17.0,61.76,0.0269,0.783,-0.0394,0.061,0.7892,0.0648,0.1017,0.8558,0.2661,0.0331,0.7897,0.0879,0.0654,0.7985,0.2387,0.0404,0.7637,0.1227,0.013,0.078,0.111,0.0,0.104,0.227,0.006,0.351,0.227,0.0,0.104,0.143,0.0,0.611,0.24,0.0,0.201,0.156,0.0092,0.2899,0.8836,0.0353,0.2823,0.8989,0.0537,0.339,0.8667,0.0199,0.2807,0.8974,0.0399,0.27,0.8912,0.0199,0.2439,0.8744,0.0095,0.0113,0.2905,0.0117,0.0005,0.2886,0.0017,0.0683,0.2774,-0.0052,0.0038,0.301,0.0109,0.0323,0.3024,0.0169,0.0154,0.2961,0.5227,-0.134,0.2043,-0.0164,-0.0109,0.0251,0.7835,-0.0399,0.061,0.7895,0.0636,0.1005,0.8558,0.2638,0.0329,0.7897,0.0868,0.0631,0.7995,0.2365,0.0376,0.7633,0.1214,0.0,0.0,0.0,0.0,0.0,0.0,0.0,0.0,0.0,
1.64,run,7.01,2.1,5.1,2.53,-0.87,0.0,0.0,0.0,0.611,0.62,16.52,53.53,2.11,16.61,54.23,3.25,19.6,52.65,1.23,16.52,54.32,2.11,15.64,53.96,1.23,14.5,53.09,0.96,18.04,61.78,2.13,18.39,63.09,3.57,22.21,63.44,1.16,18.41,63.09,2.28,19.03,63.0,1.48,17.05,63.26,0.0273,0.7825,-0.0379,0.0609,0.7888,0.0679,0.102,0.8584,0.2674,0.0331,0.7894,0.0906,0.0652,0.8005,0.2388,0.0424,0.7646,0.1239,0.013,0.078,0.111,0.0,0.104,0.227,0.006,0.351,0.227,0.0,0.104,0.143,0.0,0.611,0.24,0.0,0.201,0.156,0.0092,0.2899,0.9081,0.0353,0.2823,0.9219,0.0537,0.3405,0.8882,0.0215,0.2807,0.9219,0.0399,0.27,0.9173,0.0215,0.25,0.8989,0.0067,0.0079,0.2953,0.0082,0.0004,0.2882,0.0012,0.0536,0.2746,0.0021,0.0027,0.3026,0.0077,0.0226,0.3094,0.0176,0.0338,0.2992,0.5581,-0.1328,0.1799,0.0106,-0.0319,0.0269,0.783,-0.0394,0.061,0.7892,0.0648,0.1017,0.8558,0.2661,0.0331,0.7897,0.0879,0.0654,0.7985,0.2387,0.0404,0.7637,0.1227,0.0,0.0,0.0,0.0,0.0,0.0,0.0,0.0,0.0,
1.68,run,7.07,2.27,1.21,3.64,-2.53,0.0,0.0,0.0,0.643,0.7,16.52,54.84,2.11,16.61,55.63,3.25,19.6,53.96,1.23,16.52,55.72,2.11,15.64,55.28,1.41,14.5,54.49,0.9,17.91,61.93,2.1,18.28,64.59,3.54,22.17,64.94,1.19,18.37,64.59,2.24,19.01,64.5,1.55,17.13,64.76,0.0258,0.7801,-0.0361,0.0599,0.7868,0.0694,0.1012,0.8577,0.2677,0.0341,0.7885,0.0903,0.0639,0.8003,0.2374,0.0443,0.7659,0.1215,0.0,0.052,0.143,0.0,0.065,0.267,0.006,0.377,0.273,0.0,0.078,0.169,0.0,0.643,0.267,0.006,0.195,0.175,0.0092,0.2899,0.9311,0.0353,0.2807,0.9449,0.0537,0.3405,0.9112,0.0199,0.2807,0.9465,0.0399,0.27,0.9419,0.0215,0.25,0.9219,0.0047,0.0056,0.2931,0.0057,-0.0055,0.2881,0.0008,0.0375,0.2786,-0.0043,0.0019,0.304,0.0054,0.0158,0.3087,0.0123,0.0236,0.2958,0.5738,-0.1241,0.089,0.0442,-0.0151,0.0273,0.7825,-0.0379,0.0609,0.7888,0.0679,0.102,0.8584,0.2674,0.0331,0.7894,0.0906,0.0652,0.8005,0.2388,0.0424,0.7646,0.1239,0.0,0.0,0.0,0.0,0.0,0.0,0.0,0.0,0.0,
1.72,run,7.13,2.36,2.06,2.38,-4.25,0.0,0.0,0.0,0.643,0.7,16.52,56.34,2.11,16.61,57.04,3.25,19.6,55.28,1.23,16.52,57.04,2.02,15.64,56.69,1.49,14.5,55.9,0.84,17.8,62.18,2.04,18.22,66.09,3.45,22.28,66.44,1.23,18.36,66.09,2.16,19.11,66.0,1.53,17.25,66.26,0.024,0.7783,-0.0332,0.0582,0.7858,0.072,0.0987,0.8596,0.2678,0.0351,0.7884,0.0912,0.0617,0.802,0.236,0.0438,0.7681,0.1208,0.0,0.052,0.143,0.0,0.065,0.267,0.006,0.377,0.273,0.0,0.078,0.169,0.0,0.643,0.267,0.006,0.195,0.175,0.0107,0.2899,0.9541,0.0353,0.2807,0.9695,0.0537,0.3405,0.9342,0.0199,0.2807,0.971,0.0399,0.27,0.9649,0.0245,0.25,0.9465,0.0091,0.0039,0.2918,0.004,-0.0039,0.2941,0.0006,0.0263,0.2816,-0.003,0.0013,0.3052,0.0038,0.0111,0.3027,0.0202,0.0165,0.2995,0.5787,-0.1096,0.0211,0.0635,-0.0442,0.0258,0.7801,-0.0361,0.0599,0.7868,0.0694,0.1012,0.8577,0.2677,0.0341,0.7885,0.0903,0.0639,0.8003,0.2374,0.0443,0.7659,0.1215,0.0,0.0,0.0,0.0,0.0,0.0,0.0,0.0,0.0,
1.76,run,7.1,2.37,-0.8,-0.12,-0.95,0.0,0.0,0.0,0.643,0.7,16.52,57.66,2.11,16.61,58.45,3.25,19.6,56.87,1.23,16.52,58.54,2.02,15.64,58.1,1.49,14.5,57.22,0.83,17.74,62.37,2.0,18.19,67.59,3.39,22.34,67.94,1.26,18.37,67.59,2.15,19.14,67.5,1.49,17.34,67.76,0.0237,0.7771,-0.031,0.0571,0.7853,0.074,0.0969,0.8607,0.2684,0.0359,0.7885,0.0924,0.0615,0.8025,0.2363,0.0427,0.7699,0.1213,0.0,0.052,0.143,0.0,0.065,0.267,0.006,0.377,0.273,0.0,0.078,0.169,0.0,0.643,0.267,0.006,0.195,0.175,0.0107,0.2899,0.9802,0.0353,0.2807,0.994,0.0537,0.3405,0.9572,0.0199,0.2807,0.994,0.0383,0.27,0.9894,0.0261,0.25,0.971,0.0063,0.0027,0.302,0.0028,-0.0027,0.2979,0.0004,0.0184,0.2834,-0.0021,0.0009,0.2999,-0.0031,0.0078,0.3039,0.0199,0.0116,0.3017,0.5844,-0.102,0.036,0.0415,-0.0742,0.024,0.7783,-0.0332,0.0582,0.7858,0.072,0.0987,0.8596,0.2678,0.0351,0.7884,0.0912,0.0617,0.802,0.236,0.0438,0.7681,0.1208,0.0,0.0,0.0,0.0,0.0,0.0,0.0,0.0,0.0,
1.8,run,7.13,2.42,1.26,0.93,-3.26,0.0,0.0,0.0,0.643,0.62,16.52,58.8,2.2,16.61,59.85,3.25,19.6,58.27,1.23,16.52,60.03,2.02,15.64,59.59,1.49,14.5,58.71,0.77,17.59,62.61,1.95,18.11,69.09,3.35,22.27,69.44,1.29,18.35,69.09,2.13,19.11,69.0,1.47,17.45,69.26,0.0219,0.7744,-0.0281,0.0556,0.7838,0.0755,0.0956,0.8594,0.2688,0.0369,0.7882,0.0919,0.0608,0.802,0.236,0.042,0.7718,0.1196,0.006,0.033,0.117,0.006,0.058,0.24,0.0,0.396,0.24,0.0,0.084,0.149,0.0,0.637,0.201,0.0,0.221,0.143,0.0107,0.2899,1.0032,0.0353,0.2807,1.0186,0.0537,0.3405,0.9848,0.0199,0.2807,1.0201,0.0383,0.27,1.014,0.0261,0.25,0.994,0.0044,0.0019,0.2977,0.002,-0.0019,0.3005,0.0003,0.0129,0.3019,-0.0015,0.0006,0.3077,-0.0022,0.0054,0.3048,0.0139,0.0081,0.2974,0.5814,-0.1005,-0.014,-0.0021,-0.0166,0.0237,0.7771,-0.031,0.0571,0.7853,0.074,0.0969,0.8607,0.2684,0.0359,0.7885,0.0924,0.0615,0.8025,0.2363,0.0427,0.7699,0.1213,0.0,0.0,0.0,0.0,0.0,0.0,0.0,0.0,0.0,
1.84,run,7.1,2.49,-2.3,2.29,-2.19,0.0,0.0,0.0,0.643,0.62,16.52,59.85,2.2,16.61,61.44,3.25,19.6,59.77,1.23,16.52,61.61,1.93,15.64,61.26,1.49,14.59,60.38,0.75,17.53,62.7,1.91,18.04,70.59,3.3,22.29,70.94,1.33,18.32,70.59,2.09,19.12,70.5,1.45,17.48,70.76,0.0214,0.7733,-0.027,0.0546,0.7825,0.0773,0.0942,0.8598,0.2685,0.0379,0.7877,0.0928,0.0598,0.8022,0.2353,0.0415,0.7724,0.1197,0.006,0.033,0.117,0.006,0.058,0.24,0.0,0.396,0.24,0.0,0.084,0.149,0.0,0.637,0.201,0.0,0.221,0.143,0.0092,0.2899,1.0232,0.0368,0.2807,1.0431,0.0537,0.3405,1.0094,0.0199,0.2807,1.0462,0.0383,0.27,1.04,0.0261,0.25,1.0201,-0.0027,0.0013,0.2832,0.0071,-0.0013,0.3025,0.0002,0.009,0.3034,-0.001,0.0005,0.3132,-0.0015,0.0038,0.3112,0.0097,0.0057,0.306,0.5837,-0.0963,0.022,0.0162,-0.057,0.0219,0.7744,-0.0281,0.0556,0.7838,0.0755,0.0956,0.8594,0.2688,0.0369,0.7882,0.0919,0.0608,0.802,0.236,0.042,0.7718,0.1196,0.0,0.0,0.0,0.0,0.0,0.0,0.0,0.0,0.0,
1.88,run,7.01,2.42,-1.98,-2.27,-2.21,0.0,0.0,0.0,0.643,0.62,16.52,60.56,2.2,16.61,63.02,3.25,19.6,61.26,1.23,16.52,63.11,1.93,15.64,62.75,1.49,14.85,61.79,0.68,17.41,62.85,1.87,17.93,71.7,3.26,22.24,72.44,1.36,18.28,72.09,2.03,19.11,72.0,1.46,17.53,72.26,0.0193,0.771,-0.0253,0.0534,0.7806,0.0788,0.093,0.8589,0.2684,0.0389,0.787,0.0927,0.0581,0.802,0.2338,0.0416,0.7734,0.118,0.006,0.033,0.117,0.006,0.058,0.24,0.0,0.396,0.24,0.0,0.084,0.149,0.0,0.637,0.201,0.0,0.221,0.143,0.0092,0.2899,1.0416,0.0368,0.2807,1.0707,0.0537,0.3405,1.0354,0.0199,0.2807,1.0738,0.0368,0.27,1.0692,0.0261,0.2516,1.0492,-0.0019,0.0009,0.2639,0.005,-0.0009,0.3103,0.0001,0.0063,0.3055,-0.0007,0.0003,0.3178,-0.0065,0.0027,0.3218,0.0068,0.0094,0.3182,0.5814,-0.0903,-0.0401,0.04,-0.0382,0.0214,0.7733,-0.027,0.0546,0.7825,0.0773,0.0942,0.8598,0.2685,0.0379,0.7877,0.0928,0.0598,0.8022,0.2353,0.0415,0.7724,0.1197,0.0,0.0,0.0,0.0,0.0,0.0,0.0,0.0,0.0,
1.92,run,6.98,2.57,-1.13,3.36,-3.22,0.0,0.0,0.0,0.702,0.53,16.52,61.17,2.2,16.61,64.42,3.25,19.6,62.75,1.32,16.52,64.51,1.85,15.64,64.25,1.49,14.94,63.19,0.61,17.3,63.1,1.81,17.88,71.87,3.16,22.3,73.94,1.4,18.3,72.92,1.99,19.18,73.5,1.35,17.63,73.76,0.0175,0.7691,-0.0224,0.0516,0.7797,0.0808,0.0902,0.8601,0.268,0.04,0.7873,0.0932,0.0569,0.8033,0.2334,0.0386,0.7751,0.1182,0.0,0.019,0.052,0.006,0.033,0.13,0.0,0.507,0.221,0.006,0.071,0.071,0.006,0.702,0.234,0.006,0.221,0.143,0.0092,0.2899,1.0538,0.0368,0.2807,1.0983,0.0537,0.3405,1.0615,0.0199,0.2807,1.0999,0.0368,0.27,1.0953,0.0261,0.2562,1.0738,-0.0013,0.0007,0.2304,0.0035,-0.0006,0.32,0.0001,0.0044,0.3109,-0.0005,0.0002,0.3195,-0.0046,0.0019,0.3224,0.0048,0.0237,0.3141,0.5731,-0.0961,-0.0346,-0.0396,-0.0386,0.0193,0.771,-0.0253,0.0534,0.7806,0.0788,0.093,0.8589,0.2684,0.0389,0.787,0.0927,0.0581,0.802,0.2338,0.0416,0.7734,0.118,0.0,0.0,0.0,0.0,0.0,0.0,0.0,0.0,0.0,
1.96,run,7.15,2.38,5.25,-6.32,-0.78,0.0,0.0,0.0,0.702,0.53,16.52,61.61,2.2,16.61,65.83,3.25,19.6,64.07,1.32,16.61,65.92,2.02,15.64,65.57,1.32,14.94,64.6,0.6,17.26,63.22,1.79,17.8,72.08,3.14,22.32,75.44,1.42,18.25,73.07,1.95,19.22,75.0,1.38,17.63,75.05,0.017,0.7683,-0.021,0.0512,0.7782,0.0833,0.0896,0.8604,0.268,0.0406,0.7864,0.0949,0.0556,0.804,0.2328,0.0393,0.7751,0.1182,0.0,0.019,0.052,0.006,0.033,0.13,0.0,0.507,0.221,0.006,0.071,0.071,0.006,0.702,0.234,0.006,0.221,0.143,0.0077,0.2899,1.0646,0.0368,0.2807,1.1229,0.0537,0.3405,1.0876,0.0215,0.2807,1.1244,0.0353,0.27,1.1213,0.0261,0.2577,1.0983,-0.0066,0.0005,0.2015,0.0024,-0.0005,0.3158,0.0001,0.0031,0.3152,0.0054,0.0002,0.3155,-0.0089,0.0013,0.3232,0.0033,0.0224,0.3117,0.5712,-0.0834,-0.0197,0.0587,-0.0562,0.0175,0.7691,-0.0224,0.0516,0.7797,0.0808,0.0902,0.8601,0.268,0.04,0.7873,0.0932,0.0569,0.8033,0.2334,0.0386,0.7751,0.1182,0.0,0.0,0.0,0.0,0.0,0.0,0.0,0.0,0.0,
2.0,run,6.89,2.88,-6.99,12.27,-4.21,0.0,0.0,0.0,0.702,0.53,16.52,61.79,2.2,16.61,67.15,3.25,19.6,65.48,1.32,16.79,67.32,2.02,15.64,67.06,1.32,14.94,66.01,0.6,17.13,63.3,1.75,17.74,71.96,3.12,22.16,76.94,1.46,18.26,72.85,2.02,19.03,76.5,1.35,17.67,74.99,0.017,0.766,-0.02,0.0501,0.7771,0.0819,0.0891,0.8574,0.2681,0.0416,0.7866,0.0924,0.0578,0.8006,0.2343,0.0386,0.7758,0.1175,0.0,0.019,0.052,0.006,0.033,0.13,0.0,0.507,0.221,0.006,0.071,0.071,0.006,0.702,0.234,0.006,0.221,0.143,0.0077,0.2899,1.0723,0.0368,0.2807,1.1474,0.0537,0.3405,1.1106,0.0215,0.2823,1.149,0.0383,0.27,1.1443,0.023,0.2577,1.1229,-0.0047,0.0003,0.17,0.0017,-0.0003,0.3137,0.0,0.0022,0.3075,0.0038,0.0059,0.3135,0.0053,0.0009,0.3131,-0.0092,0.0156,0.3109,0.5855,-0.1001,0.0917,-0.1104,-0.0135,0.017,0.7683,-0.021,0.0512,0.7782,0.0833,0.0896,0.8604,0.268,0.0406,0.7864,0.0949,0.0556,0.804,0.2328,0.0393,0.7751,0.1182,0.0,0.0,0.0,0.0,0.0,0.0,0.0,0.0,0.0,
2.04,run,7.22,2.94,9.55,3.13,-0.29,0.0,0.0,0.0,0.702,0.53,16.52,61.96,2.11,16.61,68.47,3.25,19.6,66.97,1.32,16.79,68.73,2.02,15.64,68.38,1.32,14.94,67.24,0.46,17.07,63.38,1.72,17.57,72.36,3.05,22.26,78.44,1.47,18.15,73.08,1.76,19.28,78.0,1.44,17.63,74.82,0.0132,0.765,-0.019,0.0492,0.774,0.0866,0.0872,0.8593,0.2677,0.042,0.7846,0.095,0.0503,0.8051,0.2295,0.041,0.7751,0.1155,0.0,0.013,0.052,0.006,0.026,0.156,0.0,0.481,0.247,0.006,0.065,0.104,0.006,0.689,0.299,0.0,0.221,0.163,0.0077,0.2899,1.0753,0.0368,0.2807,1.1704,0.0537,0.3405,1.1351,0.0215,0.2853,1.1735,0.0383,0.27,1.1704,0.023,0.2577,1.1474,-0.0033,0.0002,0.1304,0.0012,-0.0002,0.3055,0.0,0.0015,0.3069,0.0026,0.0156,0.3111,0.0037,0.0006,0.3165,-0.0065,0.011,0.3092,0.5626,-0.0562,-0.122,0.2142,-0.0735,0.017,0.766,-0.02,0.0501,0.7771,0.0819,0.0891,0.8574,0.2681,0.0416,0.7866,0.0924,0.0578,0.8006,0.2343,0.0386,0.7758,0.1175,0.0,0.0,0.0,0.0,0.0,0.0,0.0,0.0,0.0,
2.08,run,7.05,3.07,-3.69,2.67,-3.5,0.0,0.0,0.0,0.702,0.53,16.52,61.96,2.11,16.61,69.35,3.25,19.6,68.29,1.41,16.79,70.05,1.93,15.64,69.87,1.32,14.94,68.73,0.55,16.97,63.72,1.68,17.59,72.33,3.1,22.13,79.94,1.48,18.21,73.04,1.94,19.06,79.5,1.45,17.69,74.95,0.0156,0.7632,-0.0151,0.0481,0.7743,0.0862,0.0885,0.857,0.2692,0.0424,0.7856,0.0946,0.0555,0.8011,0.2344,0.0415,0.7763,0.117,0.0,0.013,0.052,0.006,0.026,0.156,0.0,0.481,0.247,0.006,0.065,0.104,0.006,0.689,0.299,0.0,0.221,0.163,0.0077,0.2899,1.0784,0.0353,0.2807,1.1934,0.0537,0.3405,1.1612,0.0215,0.2853,1.198,0.0383,0.27,1.1934,0.023,0.2577,1.1689,-0.0023,0.0002,0.1028,-0.0049,-0.0002,0.3,0.0,0.0011,0.3125,0.0018,0.0109,0.3097,0.0026,0.0004,0.3078,-0.0045,0.0077,0.2969,0.5919,-0.0508,0.1667,0.0547,-0.005,0.0132,0.765,-0.019,0.0492,0.774,0.0866,0.0872,0.8593,0.2677,0.042,0.7846,0.095,0.0503,0.8051,0.2295,0.041,0.7751,0.1155,0.0,0.0,0.0,0.0,0.0,0.0,0.0,0.0,0.0,
2.12,run,7.21,3.26,2.44,6.2,-3.93,0.0,0.0,0.0,0.702,0.53,16.52,62.23,2.11,16.61,70.14,3.25,19.6,69.7,1.41,16.79,71.1,1.85,15.64,71.37,1.32,14.94,70.05,0.36,16.84,63.85,1.62,17.51,72.56,2.94,22.31,81.44,1.51,18.23,73.02,1.75,19.36,81.0,1.36,17.77,74.84,0.0103,0.7608,-0.0136,0.0462,0.773,0.0889,0.084,0.8602,0.2693,0.043,0.786,0.0944,0.0499,0.8066,0.2313,0.0389,0.7776,0.1158,0.0,0.013,0.052,0.006,0.026,0.156,0.0,0.481,0.247,0.006,0.065,0.104,0.006,0.689,0.299,0.0,0.221,0.163,0.0077,0.2899,1.0784,0.0353,0.2807,1.2088,0.0537,0.3405,1.1842,0.023,0.2853,1.221,0.0368,0.27,1.2195,0.023,0.2577,1.195,-0.0016,0.0001,0.072,-0.0034,-0.0001,0.2676,0.0,0.0007,0.3051,0.0071,0.0076,0.3032,-0.0039,0.0003,0.3133,-0.0032,0.0054,0.3057,0.5772,-0.04,-0.0643,0.0466,-0.0611,0.0156,0.7632,-0.0151,0.0481,0.7743,0.0862,0.0885,0.857,0.2692,0.0424,0.7856,0.0946,0.0555,0.8011,0.2344,0.0415,0.7763,0.117,0.0,0.0,0.0,0.0,0.0,0.0,0.0,0.0,0.0,
2.16,run,7.19,3.16,1.28,-3.48,-2.52,0.0,0.0,0.0,0.754,0.53,16.52,62.49,2.02,16.61,70.75,3.25,19.6,71.1,1.41,16.88,71.89,1.85,15.64,72.69,1.32,14.94,71.28,0.38,16.81,63.94,1.62,17.47,72.65,2.97,22.29,82.94,1.51,18.21,73.1,1.77,19.34,82.5,1.43,17.76,74.86,0.0108,0.7602,-0.0125,0.0463,0.7722,0.09,0.0849,0.8598,0.2701,0.0431,0.7857,0.0953,0.0505,0.8062,0.2326,0.0408,0.7774,0.116,0.0,0.0,0.033,0.013,0.026,0.136,0.006,0.474,0.227,0.0,0.045,0.019,0.0,0.754,0.195,0.0,0.195,0.117,0.0077,0.2899,1.083,0.0353,0.2807,1.2226,0.0537,0.3405,1.2088,0.023,0.2853,1.2395,0.0353,0.27,1.2456,0.023,0.2577,1.218,-0.0011,0.0001,0.0676,-0.0024,-0.0001,0.2391,0.0,0.0005,0.3056,0.0049,0.0053,0.2812,-0.0085,0.0002,0.3171,-0.0022,0.0038,0.3003,0.591,-0.0235,0.0426,0.1083,-0.0686,0.0103,0.7608,-0.0136,0.0462,0.773,0.0889,0.084,0.8602,0.2693,0.043,0.786,0.0944,0.0499,0.8066,0.2313,0.0389,0.7776,0.1158,0.0,0.0,0.0,0.0,0.0,0.0,0.0,0.0,0.0,
2.2,run,7.24,3.25,-0.72,1.62,-3.07,0.0,0.0,0.0,0.754,0.44,16.61,62.75,2.02,16.61,71.19,3.25,19.6,72.6,1.41,16.96,72.42,1.85,16.44,74.27,1.32,14.94,72.16,0.29,16.7,64.14,1.56,17.47,72.72,2.88,22.35,84.44,1.52,18.28,73.03,1.75,19.44,84.0,1.32,17.86,74.83,0.0083,0.7581,-0.0101,0.0446,0.7721,0.0909,0.0822,0.861,0.2706,0.0435,0.7869,0.0945,0.05,0.808,0.2332,0.0377,0.7794,0.1157,0.0,0.0,0.033,0.013,0.026,0.136,0.006,0.474,0.227,0.0,0.045,0.019,0.0,0.754,0.195,0.0,0.195,0.117,0.0077,0.2899,1.0876,0.0337,0.2807,1.2333,0.0537,0.3405,1.2333,0.023,0.2869,1.2533,0.0353,0.27,1.2686,0.023,0.2577,1.2395,-0.0008,0.0001,0.0646,-0.0074,-0.0001,0.2076,0.0,0.0004,0.3059,0.0035,0.0095,0.2486,-0.006,0.0002,0.3082,-0.0016,0.0026,0.2906,0.5896,-0.0318,0.0224,-0.0607,-0.0439,0.0108,0.7602,-0.0125,0.0463,0.7722,0.09,0.0849,0.8598,0.2701,0.0431,0.7857,0.0953,0.0505,0.8062,0.2326,0.0408,0.7774,0.116,0.0,0.0,0.0,0.0,0.0,0.0,0.0,0.0,0.0,
2.24,run,7.54,3.45,9.32,4.63,-1.72,0.0,0.0,0.0,0.754,0.44,16.44,62.84,2.02,16.61,71.37,3.25,19.6,74.09,1.41,17.14,72.6,1.85,16.79,75.67,1.23,15.03,72.86,0.23,16.66,64.08,1.56,17.41,72.81,2.89,22.36,85.94,1.5,18.24,73.07,1.69,19.51,84.8,1.42,17.81,74.77,0.0064,0.7575,-0.0108,0.0446,0.7712,0.0918,0.0825,0.861,0.2718,0.0429,0.7862,0.0949,0.0482,0.8094,0.233,0.0405,0.7784,0.1149,0.0,0.0,0.033,0.013,0.026,0.136,0.006,0.474,0.227,0.0,0.045,0.019,0.0,0.754,0.195,0.0,0.195,0.117,0.0061,0.2915,1.0922,0.0337,0.2807,1.241,0.0537,0.3405,1.2594,0.023,0.2884,1.2625,0.0353,0.2838,1.2962,0.023,0.2577,1.2548,-0.0063,0.0058,0.0625,-0.0052,-0.0,0.1742,0.0,0.0003,0.3124,0.0024,0.0124,0.2087,-0.0042,0.0521,0.3197,-0.0011,0.0018,0.2612,0.5931,-0.0237,-0.0125,0.0283,-0.0535,0.0083,0.7581,-0.0101,0.0446,0.7721,0.0909,0.0822,0.861,0.2706,0.0435,0.7869,0.0945,0.05,0.808,0.2332,0.0377,0.7794,0.1157,0.0,0.0,0.0,0.0,0.0,0.0,0.0,0.0,0.0,
2.28,run,7.46,3.51,-2.03,0.91,-3.36,0.0,0.0,0.0,0.754,0.44,16.44,63.02,2.02,16.61,71.37,3.16,19.6,75.5,1.41,17.31,72.6,1.76,16.88,77.17,1.23,15.03,73.12,0.28,16.68,64.22,1.57,17.4,72.94,2.96,22.37,87.44,1.49,18.21,73.26,1.74,19.5,85.06,1.53,17.78,74.87,0.0079,0.7577,-0.0092,0.0447,0.7709,0.0934,0.0846,0.8613,0.2732,0.0425,0.7857,0.0972,0.0497,0.8092,0.236,0.0437,0.7778,0.1161,0.0,0.0,0.033,0.006,0.019,0.13,0.0,0.546,0.234,0.006,0.026,0.026,0.006,0.468,0.149,0.013,0.182,0.104,0.0061,0.2884,1.0937,0.0337,0.2807,1.2441,0.0537,0.3405,1.2855,0.023,0.2915,1.2655,0.0353,0.2899,1.3208,0.0215,0.2592,1.2671,-0.0044,-0.0074,0.0495,-0.0036,-0.0,0.1334,0.0,0.0002,0.3161,0.0017,0.0202,0.1575,-0.0029,0.0594,0.3156,-0.0065,0.007,0.2287,0.6199,-0.0066,0.1627,0.0808,-0.0301,0.0064,0.7575,-0.0108,0.0446,0.7712,0.0918,0.0825,0.861,0.2718,0.0429,0.7862,0.0949,0.0482,0.8094,0.233,0.0405,0.7784,0.1149,0.0,0.0,0.0,0.0,0.0,0.0,0.0,0.0,0.0,
2.32,run,7.67,3.6,6.5,0.68,-1.55,0.0,0.0,0.0,0.754,0.44,16.44,63.28,2.02,16.61,71.46,3.16,19.6,76.73,1.41,17.4,72.6,1.76,16.88,78.57,1.41,15.03,73.21,0.13,16.65,64.47,1.52,17.45,73.32,2.84,22.79,88.4,1.45,18.3,73.54,1.61,20.01,85.11,1.43,17.9,75.0,0.0036,0.7572,-0.0063,0.0434,0.7719,0.0979,0.0811,0.8689,0.2753,0.0414,0.7874,0.1005,0.0459,0.8183,0.2366,0.0408,0.78,0.1176,0.0,0.0,0.033,0.006,0.019,0.13,0.0,0.546,0.234,0.006,0.026,0.026,0.006,0.468,0.149,0.013,0.182,0.104,0.0061,0.2884,1.0968,0.0337,0.2807,1.2441,0.0522,0.3405,1.31,0.023,0.2945,1.2655,0.0337,0.2915,1.3468,0.0215,0.2592,1.2717,-0.0031,-0.0052,0.0461,-0.0025,-0.0,0.0934,-0.0057,0.0001,0.3132,0.0012,0.0256,0.1103,-0.0078,0.0473,0.3185,-0.0045,0.0049,0.1773,0.613,-0.0011,-0.0354,0.0159,-0.0586,0.0079,0.7577,-0.0092,0.0447,0.7709,0.0934,0.0846,0.8613,0.2732,0.0425,0.7857,0.0972,0.0497,0.8092,0.236,0.0437,0.7778,0.1161,0.0,0.0,0.0,0.0,0.0,0.0,0.0,0.0,0.0,
2.36,run,7.63,3.62,-1.62,-0.26,-2.99,0.0,0.0,0.0,0.754,0.35,16.44,63.37,2.02,16.61,71.81,3.16,19.6,78.05,1.41,17.4,72.95,1.67,16.88,79.89,1.32,15.03,73.21,0.17,16.68,64.76,1.52,17.51,73.51,2.87,22.99,88.51,1.42,18.35,73.81,1.68,20.14,85.45,1.45,17.97,75.13,0.0049,0.7577,-0.0028,0.0435,0.7729,0.1002,0.0821,0.8725,0.2766,0.0406,0.7882,0.1037,0.0479,0.8208,0.2406,0.0415,0.7813,0.1192,0.0,0.0,0.033,0.006,0.019,0.13,0.0,0.546,0.234,0.006,0.026,0.026,0.006,0.468,0.149,0.013,0.182,0.104,0.0061,0.2884,1.1014,0.0337,0.2807,1.2456,0.0522,0.3405,1.3315,0.023,0.2961,1.2655,0.0337,0.2915,1.3714,0.0245,0.2592,1.2732,-0.0022,-0.0036,0.0496,-0.0018,-0.0,0.0711,-0.004,0.0001,0.2999,0.0008,0.0237,0.0772,-0.0055,0.0331,0.3152,0.0083,0.0034,0.1299,0.6315,0.0066,0.1135,0.0118,-0.027,0.0036,0.7572,-0.0063,0.0434,0.7719,0.0979,0.0811,0.8689,0.2753,0.0414,0.7874,0.1005,0.0459,0.8183,0.2366,0.0408,0.78,0.1176,0.0,0.0,0.0,0.0,0.0,0.0,0.0,0.0,0.0,
2.4,run,7.69,3.75,1.73,2.7,-1.05,0.0,0.0,0.0,0.793,0.26,16.44,63.37,2.02,16.61,72.16,3.16,19.6,79.19,1.41,17.58,73.3,1.67,16.88,81.12,1.41,15.03,73.21,0.09,16.68,64.94,1.51,17.55,73.84,2.81,23.35,88.66,1.37,18.42,74.08,1.58,20.56,85.54,1.39,18.04,75.28,0.0025,0.7578,-0.0007,0.0431,0.7737,0.104,0.0801,0.8791,0.2783,0.0392,0.7894,0.1068,0.0452,0.8283,0.2416,0.0397,0.7825,0.1209,0.006,0.0,0.045,0.006,0.026,0.143,0.013,0.793,0.299,0.0,0.026,0.033,0.0,0.709,0.247,0.006,0.267,0.117,0.0046,0.2884,1.1029,0.0337,0.2807,1.2517,0.0522,0.3405,1.3545,0.023,0.2961,1.2717,0.0322,0.2915,1.3944,0.023,0.2592,1.2732,-0.007,-0.0025,0.0402,-0.0012,-0.0,0.0718,-0.0028,0.0001,0.2923,0.0006,0.0166,0.076,-0.0093,0.0232,0.303,0.0003,0.0024,0.0909,0.6276,0.008,-0.0282,-0.0045,-0.0522,0.0049,0.7577,-0.0028,0.0435,0.7729,0.1002,0.0821,0.8725,0.2766,0.0406,0.7882,0.1037,0.0479,0.8208,0.2406,0.0415,0.7813,0.1192,0.0,0.0,0.0,0.0,0.0,0.0,0.0,0.0,0.0,
2.44,run,7.59,3.72,-2.02,-0.49,-1.59,0.0,0.0,0.0,0.793,0.26,16.44,63.72,1.93,16.61,72.42,3.16,19.6,80.51,1.41,17.67,73.48,1.58,16.88,82.18,1.32,15.03,73.21,0.09,16.7,65.16,1.51,17.59,74.04,2.84,23.53,88.77,1.34,18.46,74.31,1.59,20.72,85.79,1.43,18.08,75.34,0.0026,0.7583,0.0019,0.0432,0.7743,0.1064,0.0811,0.8823,0.2796,0.0382,0.7901,0.1095,0.0453,0.8313,0.2445,0.041,0.7833,0.1217,0.006,0.0,0.045,0.006,0.026,0.143,0.013,0.793,0.299,0.0,0.026,0.033,0.0,0.709,0.247,0.006,0.267,0.117,0.0031,0.2884,1.1029,0.0337,0.2807,1.2579,0.0522,0.3405,1.3744,0.023,0.2991,1.2778,0.0322,0.2915,1.4159,0.0245,0.2592,1.2732,-0.011,-0.0018,0.0281,-0.0009,-0.0,0.0745,-0.002,0.0,0.2834,0.0004,0.0237,0.0774,-0.0065,0.0162,0.2969,0.0063,0.0017,0.0637,0.633,0.0193,0.0303,0.0471,-0.0183,0.0025,0.7578,-0.0007,0.0431,0.7737,0.104,0.0801,0.8791,0.2783,0.0392,0.7894,0.1068,0.0452,0.8283,0.2416,0.0397,0.7825,0.1209,0.0,0.0,0.0,0.0,0.0,0.0,0.0,0.0,0.0,
2.48,run,7.74,3.91,3.13,5.94,-6.06,0.0,0.0,0.0,0.793,0.18,16.44,63.9,1.58,16.61,72.69,3.16,20.13,82.0,1.41,17.67,73.65,1.58,16.88,82.88,1.32,15.03,73.3,0.04,16.71,65.38,1.49,17.63,74.33,2.77,23.82,88.87,1.31,18.51,74.56,1.53,21.04,85.89,1.33,18.17,75.5,0.001,0.7584,0.0044,0.0427,0.775,0.1098,0.0791,0.8876,0.2809,0.0373,0.7912,0.1125,0.0437,0.837,0.2458,0.0379,0.785,0.1235,0.006,0.0,0.045,0.006,0.026,0.143,0.013,0.793,0.299,0.0,0.026,0.033,0.0,0.709,0.247,0.006,0.267,0.117,0.0031,0.2884,1.1091,0.0322,0.2807,1.2625,0.0522,0.3405,1.3975,0.023,0.3007,1.2809,0.0307,0.2915,1.4343,0.023,0.2592,1.2732,-0.0077,-0.0012,0.0428,-0.0064,-0.0,0.0694,-0.0014,0.0,0.2848,0.0003,0.0224,0.0657,-0.0103,0.0114,0.277,-0.0014,0.0012,0.0446,0.6237,0.0167,-0.0353,-0.0086,-0.0277,0.0026,0.7583,0.0019,0.0432,0.7743,0.1064,0.0811,0.8823,0.2796,0.0382,0.7901,0.1095,0.0453,0.8313,0.2445,0.041,0.7833,0.1217,0.0,0.0,0.0,0.0,0.0,0.0,0.0,0.0,0.0,
2.52,run,7.75,4.02,2.86,4.05,-3.17,0.0,0.0,0.0,0.988,0.18,16.44,64.16,1.32,16.61,72.86,3.08,20.3,83.32,1.41,17.75,74.0,1.58,16.88,83.76,1.32,15.47,73.56,0.11,16.77,65.6,1.49,17.61,74.63,2.79,24.02,88.89,1.31,18.49,74.92,1.56,21.17,86.08,1.33,18.2,75.71,0.003,0.7594,0.007,0.0426,0.7748,0.1133,0.0799,0.8912,0.2811,0.0375,0.7908,0.1167,0.0445,0.8395,0.2481,0.0379,0.7854,0.126,0.0,0.013,0.033,0.0,0.026,0.163,0.006,0.741,0.247,0.0,0.013,0.013,0.0,0.988,0.208,0.0,0.189,0.071,0.0015,0.2884,1.1121,0.0261,0.2807,1.2671,0.0522,0.3497,1.4235,0.023,0.3007,1.2839,0.0307,0.2915,1.4465,0.023,0.2592,1.2747,-0.0111,-0.0009,0.0413,-0.0272,-0.0,0.0657,-0.001,0.0342,0.2961,0.0002,0.0157,0.0574,-0.0072,0.008,0.2394,-0.0009,0.0008,0.0369,0.637,0.0337,0.0546,0.1036,-0.1057,0.001,0.7584,0.0044,0.0427,0.775,0.1098,0.0791,0.8876,0.2809,0.0373,0.7912,0.1125,0.0437,0.837,0.2458,0.0379,0.785,0.1235,0.0,0.0,0.0,0.0,0.0,0.0,0.0,0.0,0.0,
2.56,run,7.67,4.1,-3.92,3.49,-2.33,0.0,0.0,0.0,0.988,0.09,16.44,64.42,1.32,16.61,73.21,3.08,20.3,84.46,1.49,17.75,74.44,1.58,17.49,84.11,1.32,15.56,73.92,0.08,16.75,65.91,1.48,17.66,74.85,2.78,24.15,89.01,1.29,18.54,75.1,1.57,21.32,86.26,1.29,18.3,75.77,0.0022,0.759,0.0107,0.0424,0.7756,0.1159,0.0795,0.8937,0.2825,0.0369,0.7916,0.1189,0.0447,0.8423,0.2502,0.0369,0.7873,0.1267,0.0,0.013,0.033,0.0,0.026,0.163,0.006,0.741,0.247,0.0,0.013,0.013,0.0,0.988,0.208,0.0,0.189,0.071,0.0015,0.2884,1.1167,0.0215,0.2807,1.2701,0.0506,0.3528,1.4465,0.023,0.3022,1.2901,0.0307,0.2915,1.4619,0.023,0.2669,1.2793,-0.0077,-0.0006,0.0463,-0.0364,-0.0,0.0575,-0.0065,0.0355,0.294,0.0001,0.0167,0.0633,-0.0051,0.0056,0.2254,-0.0007,0.0295,0.0432,0.6377,0.0431,0.05,0.0707,-0.0554,0.003,0.7594,0.007,0.0426,0.7748,0.1133,0.0799,0.8912,0.2811,0.0375,0.7908,0.1167,0.0445,0.8395,0.2481,0.0379,0.7854,0.126,0.0,0.0,0.0,0.0,0.0,0.0,0.0,0.0,0.0,
2.6,run,8.0,4.11,9.66,-0.11,-3.18,0.0,0.0,0.0,0.988,0.0,16.44,64.6,1.58,16.61,73.56,3.08,20.3,85.43,1.41,17.93,74.71,1.58,18.28,84.55,1.32,15.56,74.09,0.0,16.76,65.94,1.49,17.73,74.96,2.75,24.3,89.19,1.25,18.6,75.15,1.49,21.53,86.3,1.31,18.37,75.77,0.0,0.7593,0.0111,0.0427,0.7769,0.1172,0.0784,0.8964,0.2846,0.0356,0.7927,0.1194,0.0426,0.8461,0.2506,0.0373,0.7885,0.1267,0.0,0.013,0.033,0.0,0.026,0.163,0.006,0.741,0.247,0.0,0.013,0.013,0.0,0.988,0.208,0.0,0.189,0.071,0.0,0.2884,1.1213,0.0215,0.2807,1.2763,0.0506,0.3528,1.4665,0.0245,0.3022,1.2977,0.0307,0.3022,1.468,0.023,0.2684,1.2855,-0.0112,-0.0004,0.0497,-0.0255,-0.0,0.0634,-0.0045,0.0248,0.281,0.0059,0.0117,0.0732,-0.0035,0.0444,0.1809,-0.0005,0.0264,0.0533,0.6309,0.0506,-0.0683,0.0608,-0.0407,0.0022,0.759,0.0107,0.0424,0.7756,0.1159,0.0795,0.8937,0.2825,0.0369,0.7916,0.1189,0.0447,0.8423,0.2502,0.0369,0.7873,0.1267,0.0,0.0,0.0,0.0,0.0,0.0,0.0,0.0,0.0,
2.64,run,7.79,4.17,-6.98,1.36,-2.16,0.0,0.0,0.0,0.988,0.09,16.44,64.95,1.67,16.61,73.74,3.08,20.3,85.96,1.32,18.19,74.97,1.58,18.46,84.9,1.32,15.73,74.27,0.08,16.72,66.09,1.48,17.73,74.9,2.8,24.25,89.19,1.26,18.59,75.15,1.59,21.36,86.51,1.37,18.38,75.8,0.0022,0.7585,0.0128,0.0423,0.7768,0.1164,0.0801,0.8954,0.2846,0.0359,0.7926,0.1194,0.0453,0.8429,0.2531,0.0393,0.7887,0.127,0.0,0.006,0.033,0.006,0.039,0.058,0.0,0.923,0.195,0.0,0.006,0.006,0.0,0.507,0.117,0.0,0.156,0.065,-0.0015,0.2884,1.1244,0.0261,0.2807,1.2824,0.0506,0.3528,1.4834,0.023,0.3053,1.3023,0.0307,0.316,1.4757,0.023,0.2684,1.2885,-0.0136,-0.0003,0.0463,-0.0007,-0.0,0.0673,-0.0032,0.0174,0.2596,-0.0016,0.0196,0.0684,-0.0025,0.0826,0.1553,-0.0003,0.0185,0.0488,0.6602,0.0507,0.1687,-0.0019,-0.0555,0.0,0.7593,0.0111,0.0427,0.7769,0.1172,0.0784,0.8964,0.2846,0.0356,0.7927,0.1194,0.0426,0.8461,0.2506,0.0373,0.7885,0.1267,0.0,0.0,0.0,0.0,0.0,0.0,0.0,0.0,0.0,
2.68,run,7.9,4.29,2.92,0.99,-1.16,0.0,0.0,0.0,0.988,0.09,16.44,65.13,1.76,16.61,73.83,3.08,20.3,86.31,1.32,18.37,74.97,1.58,18.46,85.17,1.32,15.91,74.27,-0.06,16.78,66.07,1.51,17.82,75.12,2.72,24.53,89.43,1.2,18.68,75.31,1.42,21.77,86.44,1.35,18.45,75.85,-0.0017,0.7596,0.0126,0.0431,0.7785,0.1191,0.0777,0.9005,0.2874,0.0342,0.7941,0.1213,0.0405,0.8504,0.2522,0.0386,0.79,0.1276,0.0,0.006,0.033,0.006,0.039,0.058,0.0,0.923,0.195,0.0,0.006,0.006,0.0,0.507,0.117,0.0,0.156,0.065,0.0,0.2884,1.1305,0.0276,0.2807,1.2855,0.0506,0.3528,1.4926,0.0215,0.3099,1.307,0.0307,0.3191,1.4818,0.023,0.2715,1.2916,-0.0037,-0.0002,0.0554,0.0053,-0.0,0.0586,-0.0022,0.0122,0.2163,-0.0069,0.031,0.0652,-0.0017,0.0693,0.1317,-0.0002,0.0245,0.0457,0.6412,0.0567,-0.1219,0.0237,-0.0377,0.0022,0.7585,0.0128,0.0423,0.7768,0.1164,0.0801,0.8954,0.2846,0.0359,0.7926,0.1194,0.0453,0.8429,0.2531,0.0393,0.7887,0.127,0.0,0.0,0.0,0.0,0.0,0.0,0.0,0.0,0.0,
2.72,run,7.94,4.41,2.08,1.32,-0.26,0.0,0.0,0.0,0.988,0.09,16.44,65.21,1.76,16.61,73.83,3.08,20.3,86.4,1.32,18.37,74.97,1.49,18.46,85.17,1.32,16.0,74.27,0.01,16.81,66.29,1.52,17.83,75.16,2.74,24.55,89.41,1.21,18.67,75.44,1.5,21.69,86.66,1.37,18.51,75.86,0.0004,0.7601,0.0151,0.0434,0.7788,0.1196,0.0784,0.9008,0.2871,0.0347,0.794,0.1228,0.0428,0.8489,0.2548,0.0392,0.7911,0.1278,0.0,0.006,0.033,0.006,0.039,0.058,0.0,0.923,0.195,0.0,0.006,0.006,0.0,0.507,0.117,0.0,0.156,0.065,0.0,0.2884,1.1336,0.0291,0.2807,1.287,0.0506,0.3528,1.4987,0.0215,0.3129,1.307,0.0307,0.3191,1.4864,0.023,0.2746,1.2916,-0.0026,-0.0001,0.0503,0.0095,-0.0,0.0468,-0.0016,0.0085,0.1745,-0.0048,0.0333,0.0456,-0.0012,0.0485,0.1095,-0.0002,0.0287,0.032,0.6509,0.0664,0.051,0.0173,-0.0202,-0.0017,0.7596,0.0126,0.0431,0.7785,0.1191,0.0777,0.9005,0.2874,0.0342,0.7941,0.1213,0.0405,0.8504,0.2522,0.0386,0.79,0.1276,0.0,0.0,0.0,0.0,0.0,0.0,0.0,0.0,0.0,
2.76,run,7.89,4.45,-0.86,1.49,-0.54,0.0,0.0,0.0,1.131,0.18,16.44,65.3,1.76,16.61,73.92,3.08,20.3,86.4,1.32,18.37,75.15,1.49,18.46,85.25,1.32,16.0,74.36,0.02,16.85,66.36,1.53,17.88,75.24,2.74,24.62,89.48,1.2,18.69,75.54,1.5,21.76,86.74,1.4,18.54,75.9,0.0006,0.761,0.016,0.0438,0.7796,0.1204,0.0783,0.9022,0.288,0.0342,0.7943,0.124,0.0428,0.8502,0.2558,0.0399,0.7916,0.1282,0.006,0.013,0.033,0.006,0.039,0.091,0.006,1.131,0.227,0.0,0.006,0.006,0.0,0.637,0.169,0.0,0.156,0.084,0.0,0.2884,1.1351,0.0291,0.2807,1.287,0.0506,0.3528,1.5002,0.0215,0.3129,1.307,0.0291,0.3191,1.4864,0.023,0.2761,1.2916,-0.0018,-0.0001,0.041,0.0066,-0.0,0.0328,-0.0011,0.006,0.1279,-0.0034,0.0233,0.0319,-0.0066,0.034,0.0767,-0.0001,0.0258,0.0224,0.6548,0.0771,0.0362,0.0231,-0.0046,0.0004,0.7601,0.0151,0.0434,0.7788,0.1196,0.0784,0.9008,0.2871,0.0347,0.794,0.1228,0.0428,0.8489,0.2548,0.0392,0.7911,0.1278,0.0,0.0,0.0,0.0,0.0,0.0,0.0,0.0,0.0,
2.8,run,7.85,4.45,-1.57,1.11,-1.37,0.0,0.0,0.0,1.131,0.0,16.44,65.3,1.76,16.61,74.09,3.08,20.39,86.4,1.32,18.37,75.32,1.49,18.46,85.34,1.32,16.0,74.36,0.0,16.89,66.35,1.54,17.9,75.28,2.71,24.69,89.52,1.19,18.71,75.58,1.47,21.84,86.73,1.39,18.57,75.91,0.0001,0.7616,0.0159,0.0441,0.78,0.1209,0.0774,0.9035,0.2884,0.034,0.7947,0.1244,0.0419,0.8517,0.2557,0.0397,0.7921,0.1283,0.006,0.013,0.033,0.006,0.039,0.091,0.006,1.131,0.227,0.0,0.006,0.006,0.0,0.637,0.169,0.0,0.156,0.084,0.0015,0.2884,1.1367,0.0291,0.2807,1.2885,0.0506,0.3528,1.5002,0.0215,0.3129,1.31,0.0291,0.3191,1.488,0.023,0.2761,1.2931,0.0043,-0.0001,0.0343,0.0046,-0.0,0.0285,-0.0008,0.0042,0.0895,-0.0024,0.0163,0.0335,-0.0046,0.0238,0.0592,-0.0001,0.0181,0.0212,0.6498,0.0811,-0.015,0.0261,-0.0094,0.0006,0.761,0.016,0.0438,0.7796,0.1204,0.0783,0.9022,0.288,0.0342,0.7943,0.124,0.0428,0.8502,0.2558,0.0399,0.7916,0.1282,0.0,0.0,0.0,0.0,0.0,0.0,0.0,0.0,0.0,
2.84,run,7.89,4.39,0.74,-1.48,-0.01,0.0,0.0,0.0,1.131,0.09,16.44,65.3,1.76,16.61,74.18,3.08,20.39,86.48,1.41,18.37,75.41,1.49,18.46,85.34,1.32,16.0,74.36,0.0,16.9,66.38,1.54,17.91,75.31,2.69,24.75,89.51,1.19,18.72,75.6,1.46,21.89,86.74,1.37,18.59,75.92,0.0001,0.7618,0.0162,0.0441,0.7801,0.1213,0.0767,0.9045,0.2883,0.0341,0.795,0.1247,0.0417,0.8526,0.2558,0.0391,0.7925,0.1285,0.006,0.013,0.033,0.006,0.039,0.091,0.006,1.131,0.227,0.0,0.006,0.006,0.0,0.637,0.169,0.0,0.156,0.084,-0.0015,0.2884,1.1367,0.0291,0.2807,1.2916,0.0506,0.3543,1.5002,0.0215,0.3129,1.3131,0.0291,0.3191,1.4895,0.023,0.2761,1.2931,-0.0088,-0.0001,0.024,0.0032,-0.0,0.0318,-0.0005,0.0088,0.0627,-0.0017,0.0114,0.0353,-0.0032,0.0166,0.0474,-0.0001,0.0126,0.0149,0.6464,0.0812,-0.0274,0.0194,-0.0239,0.0001,0.7616,0.0159,0.0441,0.78,0.1209,0.0774,0.9035,0.2884,0.034,0.7947,0.1244,0.0419,0.8517,0.2557,0.0397,0.7921,0.1283,0.0,0.0,0.0,0.0,0.0,0.0,0.0,0.0,0.0,
2.88,run,7.85,4.4,-0.72,-0.99,-1.35,0.0,0.0,0.0,1.131,0.09,16.44,65.3,1.76,16.61,74.18,3.08,20.39,86.75,1.32,18.37,75.41,1.49,18.46,85.34,1.32,16.0,74.36,0.03,16.89,66.42,1.55,17.91,75.27,2.69,24.71,89.5,1.2,18.72,75.57,1.5,21.82,86.8,1.36,18.61,75.91,0.0007,0.7616,0.0168,0.0442,0.7802,0.1209,0.0768,0.9038,0.2882,0.0342,0.795,0.1244,0.0428,0.8514,0.2564,0.039,0.7928,0.1284,0.0,0.013,0.039,0.0,0.039,0.084,0.006,1.014,0.169,0.0,0.006,0.006,0.0,0.734,0.169,0.0,0.208,0.078,0.0,0.2884,1.1367,0.0291,0.2807,1.2931,0.0506,0.3543,1.5018,0.023,0.3129,1.3146,0.0291,0.3191,1.4895,0.023,0.2761,1.2931,-0.0005,-0.0,0.0168,0.0023,-0.0,0.028,-0.0004,0.0062,0.0496,0.0046,0.008,0.0304,-0.0023,0.0116,0.0332,-0.0,0.0088,0.0104,0.6502,0.0756,0.0129,-0.0258,-0.0001,0.0001,0.7618,0.0162,0.0441,0.7801,0.1213,0.0767,0.9045,0.2883,0.0341,0.795,0.1247,0.0417,0.8526,0.2558,0.0391,0.7925,0.1285,0.0,0.0,0.0,0.0,0.0,0.0,0.0,0.0,0.0,
2.92,run,7.84,4.46,-0.11,1.0,-0.17,0.0,0.0,0.0,1.131,0.09,16.44,65.39,1.76,16.61,74.18,3.08,20.39,86.75,1.32,18.37,75.41,1.49,18.46,85.34,1.32,16.0,74.36,0.01,16.92,66.44,1.55,17.92,75.37,2.66,24.81,89.51,1.19,18.74,75.66,1.46,21.94,86.79,1.34,18.61,75.98,0.0003,0.7621,0.0169,0.0441,0.7803,0.122,0.0761,0.9057,0.2883,0.034,0.7952,0.1254,0.0417,0.8535,0.2564,0.0382,0.793,0.1291,0.0,0.013,0.039,0.0,0.039,0.084,0.006,1.014,0.169,0.0,0.006,0.006,0.0,0.734,0.169,0.0,0.208,0.078,0.0,0.2884,1.1367,0.0291,0.2807,1.2931,0.0506,0.3543,1.5064,0.0215,0.3129,1.3146,0.0291,0.3191,1.4895,0.023,0.2761,1.2931,-0.0003,-0.0,0.0118,0.0016,-0.0,0.0196,-0.0003,0.0043,0.052,-0.0026,0.0056,0.0213,-0.0016,0.0082,0.0232,-0.0,0.0062,0.0073,0.6469,0.0761,-0.0125,-0.0172,-0.0235,0.0007,0.7616,0.0168,0.0442,0.7802,0.1209,0.0768,0.9038,0.2882,0.0342,0.795,0.1244,0.0428,0.8514,0.2564,0.039,0.7928,0.1284,0.0,0.0,0.0,0.0,0.0,0.0,0.0,0.0,0.0,
2.96,run,7.82,4.43,-0.63,-0.42,-0.95,0.0,0.0,0.0,1.131,0.09,16.44,65.39,1.76,16.61,74.18,3.08,20.39,86.75,1.32,18.37,75.41,1.49,18.46,85.34,1.32,16.0,74.36,0.02,16.94,66.41,1.56,17.93,75.34,2.68,24.78,89.53,1.19,18.73,75.66,1.47,21.91,86.83,1.38,18.61,75.93,0.0006,0.7626,0.0166,0.0446,0.7805,0.1217,0.0766,0.9051,0.2885,0.0339,0.7951,0.1254,0.042,0.8529,0.2568,0.0395,0.7929,0.1286,0.0,0.013,0.039,0.0,0.039,0.084,0.006,1.014,0.169,0.0,0.006,0.006,0.0,0.734,0.169,0.0,0.208,0.078,0.0,0.2884,1.1382,0.0291,0.2807,1.2931,0.0506,0.3543,1.5064,0.0215,0.3129,1.3146,0.0291,0.3191,1.4895,0.023,0.2761,1.2931,-0.0002,-0.0,0.013,0.0011,-0.0,0.0137,-0.0002,0.003,0.0364,-0.0018,0.0039,0.0149,-0.0011,0.0057,0.0163,-0.0,0.0043,0.0051,0.6455,0.0818,-0.002,0.0175,-0.003,0.0003,0.7621,0.0169,0.0441,0.7803,0.122,0.0761,0.9057,0.2883,0.034,0.7952,0.1254,0.0417,0.8535,0.2564,0.0382,0.793,0.1291,0.0,0.0,0.0,0.0,0.0,0.0,0.0,0.0,0.0,
3.0,run,7.83,4.37,0.21,-1.16,-0.14,0.0,0.0,0.0,1.183,0.09,16.44,65.48,1.76,16.61,74.18,3.08,20.39,86.75,1.32,18.37,75.5,1.49,18.46,85.34,1.32,16.0,74.36,0.02,16.95,66.43,1.56,17.93,75.37,2.66,24.83,89.52,1.19,18.74,75.69,1.46,21.95,86.82,1.35,18.62,75.96,0.0004,0.7627,0.0168,0.0445,0.7806,0.122,0.076,0.9059,0.2884,0.0339,0.7953,0.1257,0.0417,0.8537,0.2567,0.0386,0.7932,0.129,0.0,0.013,0.019,0.006,0.039,0.123,0.006,1.183,0.221,0.0,0.006,0.006,0.0,0.702,0.169,0.0,0.201,0.091,0.0,0.2884,1.1382,0.0291,0.2807,1.2931,0.0506,0.3543,1.5064,0.0215,0.3129,1.3146,0.0291,0.3191,1.4895,0.023,0.2761,1.2931,-0.0002,-0.0,0.0091,0.0008,-0.0,0.0096,-0.0001,0.0021,0.0255,-0.0012,0.0027,0.0104,-0.0008,0.004,0.0114,-0.0,0.003,0.0036,0.6443,0.0788,-0.0109,-0.0074,-0.0166,0.0006,0.7626,0.0166,0.0446,0.7805,0.1217,0.0766,0.9051,0.2885,0.0339,0.7951,0.1254,0.042,0.8529,0.2568,0.0395,0.7929,0.1286,0.0,0.0,0.0,0.0,0.0,0.0,0.0,0.0,0.0,
3.04,run,7.83,4.36,0.72,-0.92,-0.8,0.0,0.0,0.0,1.183,0.09,16.44,65.48,1.76,16.61,74.27,3.08,20.39,86.75,1.32,18.37,75.5,1.49,18.46,85.34,1.32,16.0,74.36,0.03,16.94,66.41,1.57,17.93,75.32,2.67,24.78,89.51,1.19,18.74,75.64,1.48,21.89,86.83,1.36,18.63,75.93,0.0008,0.7625,0.0166,0.0448,0.7805,0.1214,0.0762,0.9051,0.2883,0.034,0.7952,0.1251,0.0423,0.8526,0.2568,0.0387,0.7932,0.1286,0.0,0.013,0.019,0.006,0.039,0.123,0.006,1.183,0.221,0.0,0.006,0.006,0.0,0.702,0.169,0.0,0.201,0.091,0.0,0.2884,1.1397,0.0291,0.2807,1.2931,0.0506,0.3543,1.5064,0.0215,0.3129,1.3162,0.0291,0.3191,1.4895,0.023,0.2761,1.2931,-0.0001,-0.0,0.0122,0.0005,-0.0,0.0067,-0.0001,0.0015,0.0178,-0.0009,0.0019,0.0131,-0.0005,0.0028,0.008,-0.0,0.0021,0.0025,0.6452,0.074,0.0037,-0.0202,-0.0025,0.0004,0.7627,0.0168,0.0445,0.7806,0.122,0.076,0.9059,0.2884,0.0339,0.7953,0.1257,0.0417,0.8537,0.2567,0.0386,0.7932,0.129,0.0,0.0,0.0,0.0,0.0,0.0,0.0,0.0,0.0,
3.08,run,7.82,4.41,-0.1,0.68,-0.51,0.0,0.0,0.0,1.183,0.09,16.44,65.48,1.76,16.61,74.27,3.08,20.39,86.75,1.32,18.37,75.5,1.49,18.46,85.34,1.32,16.0,74.36,0.03,16.94,66.41,1.57,17.92,75.34,2.66,24.79,89.49,1.19,18.73,75.66,1.48,21.89,86.82,1.35,18.62,75.95,0.001,0.7626,0.0166,0.0448,0.7803,0.1216,0.0761,0.9052,0.2881,0.0341,0.795,0.1255,0.0423,0.8526,0.2567,0.0385,0.793,0.1288,0.0,0.013,0.019,0.006,0.039,0.123,0.006,1.183,0.221,0.0,0.006,0.006,0.0,0.702,0.169,0.0,0.201,0.091,0.0,0.2884,1.1397,0.0291,0.2807,1.2947,0.0506,0.3543,1.5064,0.0215,0.3129,1.3162,0.0291,0.3191,1.4895,0.023,0.2761,1.2931,-0.0001,-0.0,0.0085,0.0004,-0.0,0.0105,-0.0001,0.001,0.0125,-0.0006,0.0013,0.0092,-0.0004,0.002,0.0056,-0.0,0.0015,0.0017,0.6453,0.0731,0.0125,-0.016,-0.0139,0.0008,0.7625,0.0166,0.0448,0.7805,0.1214,0.0762,0.9051,0.2883,0.034,0.7952,0.1251,0.0423,0.8526,0.2568,0.0387,0.7932,0.1286,0.0,0.0,0.0,0.0,0.0,0.0,0.0,0.0,0.0,
3.12,run,7.83,4.44,0.22,0.82,-0.34,0.0,0.0,0.0,1.183,0.09,16.44,65.48,1.76,16.61,74.36,3.08,20.39,86.75,1.32,18.37,75.5,1.49,18.46,85.34,1.32,16.0,74.36,0.03,16.96,66.39,1.57,17.92,75.35,2.67,24.79,89.51,1.19,18.72,75.68,1.47,21.91,86.82,1.37,18.61,75.94,0.0009,0.7629,0.0164,0.0449,0.7804,0.1217,0.0763,0.9053,0.2883,0.034,0.795,0.1256,0.0419,0.8529,0.2568,0.0392,0.7929,0.1287,0.0,0.013,0.026,0.0,0.045,0.071,0.013,1.046,0.195,0.0,0.006,0.006,0.0,0.676,0.175,0.0,0.195,0.058,0.0,0.2884,1.1397,0.0291,0.2807,1.2947,0.0506,0.3543,1.5064,0.0215,0.3129,1.3162,0.0291,0.3191,1.4895,0.023,0.2761,1.2931,-0.0001,-0.0,0.006,0.0003,-0.0,0.0073,-0.0,0.0007,0.0087,-0.0004,0.0009,0.0064,-0.0003,0.0014,0.0039,-0.0,0.001,0.0012,0.6441,0.0773,-0.0017,0.0118,-0.0089,0.001,0.7626,0.0166,0.0448,0.7803,0.1216,0.0761,0.9052,0.2881,0.0341,0.795,0.1255,0.0423,0.8526,0.2567,0.0385,0.793,0.1288,0.0,0.0,0.0,0.0,0.0,0.0,0.0,0.0,0.0,
3.16,run,7.85,4.42,0.79,-0.22,-0.68,0.0,0.0,0.0,1.183,0.09,16.44,65.48,1.76,16.61,74.36,3.08,20.39,86.75,1.32,18.37,75.5,1.49,18.46,85.34,1.32,16.0,74.36,0.03,16.96,66.41,1.57,17.92,75.35,2.67,24.79,89.51,1.19,18.72,75.68,1.47,21.9,86.84,1.38,18.61,75.94,0.001,0.7629,0.0166,0.0449,0.7804,0.1218,0.0764,0.9052,0.2883,0.034,0.7949,0.1257,0.0421,0.8528,0.2569,0.0394,0.7929,0.1287,0.0,0.013,0.026,0.0,0.045,0.071,0.013,1.046,0.195,0.0,0.006,0.006,0.0,0.676,0.175,0.0,0.195,0.058,0.0,0.2884,1.1397,0.0291,0.2807,1.2962,0.0506,0.3543,1.5064,0.0215,0.3129,1.3162,0.0291,0.3191,1.4895,0.023,0.2761,1.2931,-0.0,-0.0,0.0042,0.0002,-0.0,0.0109,-0.0,0.0005,0.0061,-0.0003,0.0007,0.0045,-0.0002,0.001,0.0027,-0.0,0.0007,0.0009,0.645,0.0796,0.0039,0.0143,-0.006,0.0009,0.7629,0.0164,0.0449,0.7804,0.1217,0.0763,0.9053,0.2883,0.034,0.795,0.1256,0.0419,0.8529,0.2568,0.0392,0.7929,0.1287,0.0,0.0,0.0,0.0,0.0,0.0,0.0,0.0,0.0,
3.2,run,7.85,4.42,0.36,-0.47,-0.5,0.0,0.0,0.0,1.183,0.09,16.44,65.48,1.76,16.61,74.36,3.08,20.39,86.75,1.32,18.37,75.5,1.49,18.46,85.34,1.32,16.0,74.36,0.04,16.96,66.43,1.57,17.93,75.36,2.67,24.8,89.5,1.19,18.73,75.69,1.48,21.9,86.85,1.37,18.62,75.96,0.0011,0.7628,0.0168,0.0448,0.7805,0.1218,0.0762,0.9054,0.2883,0.034,0.795,0.1258,0.0422,0.8528,0.257,0.039,0.793,0.1289,0.0,0.013,0.026,0.0,0.045,0.071,0.013,1.046,0.195,0.0,0.006,0.006,0.0,0.676,0.175,0.0,0.195,0.058,0.0,0.2884,1.1397,0.0291,0.2807,1.2962,0.0506,0.3543,1.5064,0.0215,0.3129,1.3162,0.0291,0.3191,1.4895,0.023,0.2761,1.2931,-0.0,-0.0,0.0029,0.0001,-0.0,0.0076,-0.0,0.0004,0.0043,-0.0002,0.0005,0.0031,-0.0001,0.0007,0.0019,-0.0,0.0005,0.0006,0.6471,0.0784,0.0137,-0.0039,-0.0119,0.001,0.7629,0.0166,0.0449,0.7804,0.1218,0.0764,0.9052,0.2883,0.034,0.7949,0.1257,0.0421,0.8528,0.2569,0.0394,0.7929,0.1287,0.0,0.0,0.0,0.0,0.0,0.0,0.0,0.0,0.0,
3.24,run,7.84,4.45,-0.14,0.36,-0.59,0.0,0.0,0.0,1.183,0.09,16.44,65.48,1.76,16.61,74.36,3.08,20.39,86.75,1.32,18.37,75.5,1.49,18.46,85.34,1.32,16.0,74.36,0.03,16.96,66.43,1.57,17.93,75.35,2.67,24.8,89.51,1.19,18.73,75.69,1.48,21.91,86.85,1.37,18.62,75.95,0.001,0.7629,0.0168,0.0448,0.7805,0.1218,0.0762,0.9055,0.2883,0.034,0.7951,0.1257,0.0422,0.853,0.257,0.039,0.7931,0.1289,0.0,0.013,0.026,0.0,0.045,0.052,0.006,1.059,0.221,0.0,0.006,0.006,0.0,0.689,0.169,0.0,0.169,0.065,0.0,0.2884,1.1397,0.0291,0.2807,1.2962,0.0506,0.3543,1.5064,0.0215,0.3129,1.3162,0.0291,0.3191,1.4895,0.023,0.2761,1.2931,-0.0,-0.0,0.002,0.0001,-0.0,0.0053,-0.0,0.0002,0.003,-0.0001,0.0003,0.0022,-0.0001,0.0005,0.0013,-0.0,0.0004,0.0004,0.6468,0.0781,0.0063,-0.0082,-0.0087,0.0011,0.7628,0.0168,0.0448,0.7805,0.1218,0.0762,0.9054,0.2883,0.034,0.795,0.1258,0.0422,0.8528,0.257,0.039,0.793,0.1289,0.0,0.0,0.0,0.0,0.0,0.0,0.0,0.0,0.0,
3.28,run,7.85,4.47,0.35,0.58,-0.53,0.0,0.0,0.0,1.183,0.09,16.44,65.48,1.76,16.61,74.36,3.08,20.39,86.75,1.32,18.37,75.5,1.49,18.46,85.34,1.32,16.0,74.36,0.03,16.97,66.42,1.57,17.93,75.37,2.66,24.82,89.52,1.19,18.73,75.7,1.47,21.93,86.84,1.37,18.62,75.96,0.0008,0.7631,0.0167,0.0448,0.7806,0.122,0.0761,0.9057,0.2884,0.0339,0.7951,0.1259,0.0419,0.8533,0.257,0.0392,0.7931,0.1289,0.0,0.013,0.026,0.0,0.045,0.052,0.006,1.059,0.221,0.0,0.006,0.006,0.0,0.689,0.169,0.0,0.169,0.065,0.0,0.2884,1.1397,0.0291,0.2807,1.2962,0.0506,0.3543,1.5064,0.0215,0.3129,1.3162,0.0291,0.3191,1.4895,0.023,0.2761,1.2931,-0.0,-0.0,0.0014,0.0001,-0.0,0.0037,-0.0,0.0002,0.0021,-0.0001,0.0002,0.0015,-0.0001,0.0003,0.0009,-0.0,0.0002,0.0003,0.6456,0.081,-0.0025,0.0063,-0.0102,0.001,0.7629,0.0168,0.0448,0.7805,0.1218,0.0762,0.9055,0.2883,0.034,0.7951,0.1257,0.0422,0.853,0.257,0.039,0.7931,0.1289,0.0,0.0,0.0,0.0,0.0,0.0,0.0,0.0,0.0,
3.32,run,7.86,4.46,0.64,-0.13,-0.5,0.0,0.0,0.0,1.183,0.09,16.44,65.48,1.76,16.61,74.36,3.08,20.39,86.75,1.32,18.37,75.5,1.49,18.46,85.34,1.32,16.0,74.36,0.03,16.97,66.43,1.57,17.93,75.37,2.67,24.81,89.52,1.19,18.73,75.7,1.47,21.92,86.85,1.38,18.62,75.95,0.001,0.7631,0.0168,0.0448,0.7806,0.122,0.0763,0.9057,0.2885,0.0339,0.7951,0.1259,0.042,0.8532,0.2571,0.0394,0.7931,0.1289,0.0,0.013,0.026,0.0,0.045,0.052,0.006,1.059,0.221,0.0,0.006,0.006,0.0,0.689,0.169,0.0,0.169,0.065,0.0,0.2884,1.1397,0.0291,0.2807,1.2962,0.0506,0.3543,1.5064,0.0215,0.3129,1.3162,0.0291,0.3191,1.4895,0.023,0.2761,1.2931,-0.0,-0.0,0.001,0.0,-0.0,0.0026,-0.0,0.0001,0.0015,-0.0001,0.0002,0.0011,-0.0,0.0002,0.0007,-0.0,0.0002,0.0002,0.647,0.0828,0.0061,0.0101,-0.0093,0.0008,0.7631,0.0167,0.0448,0.7806,0.122,0.0761,0.9057,0.2884,0.0339,0.7951,0.1259,0.0419,0.8533,0.257,0.0392,0.7931,0.1289,0.0,0.0,0.0,0.0,0.0,0.0,0.0,0.0,0.0,
3.36,run,7.85,4.46,0.1,-0.45,-0.73,0.0,0.0,0.0,1.183,0.09,16.44,65.48,1.76,16.61,74.36,3.08,20.39,86.75,1.32,18.37,75.5,1.49,18.46,85.34,1.32,16.0,74.36,0.03,16.96,66.44,1.57,17.94,75.37,2.67,24.81,89.52,1.19,18.73,75.7,1.48,21.92,86.86,1.37,18.63,75.96,0.001,0.763,0.017,0.0448,0.7806,0.1219,0.0762,0.9057,0.2884,0.034,0.7951,0.1259,0.0421,0.8531,0.2572,0.0393,0.7932,0.1289,0.0,0.006,0.026,0.0,0.045,0.071,0.006,1.001,0.227,0.0,0.006,0.006,0.0,0.656,0.175,0.0,0.208,0.065,0.0,0.2884,1.1397,0.0291,0.2807,1.2962,0.0506,0.3543,1.5064,0.0215,0.3129,1.3162,0.0291,0.3191,1.4895,0.023,0.2761,1.2931,-0.0,-0.0,0.0007,0.0,-0.0,0.0018,-0.0,0.0001,0.001,-0.0001,0.0001,0.0008,-0.0,0.0002,0.0005,-0.0,0.0001,0.0001,0.648,0.0819,0.0112,-0.0022,-0.0087,0.001,0.7631,0.0168,0.0448,0.7806,0.122,0.0763,0.9057,0.2885,0.0339,0.7951,0.1259,0.042,0.8532,0.2571,0.0394,0.7931,0.1289,0.0,0.0,0.0,0.0,0.0,0.0,0.0,0.0,0.0,
3.4,run,7.85,4.48,-0.04,0.09,-0.52,0.0,0.0,0.0,1.183,0.09,16.44,65.48,1.76,16.61,74.36,3.08,20.39,86.75,1.32,18.37,75.5,1.49,18.46,85.34,1.32,16.0,74.36,0.03,16.97,66.44,1.57,17.94,75.38,2.66,24.83,89.52,1.19,18.74,75.71,1.47,21.94,86.85,1.37,18.63,75.97,0.0008,0.763,0.017,0.0447,0.7807,0.1221,0.076,0.906,0.2885,0.0339,0.7952,0.126,0.042,0.8534,0.2571,0.039,0.7933,0.129,0.0,0.006,0.026,0.0,0.045,0.071,0.006,1.001,0.227,0.0,0.006,0.006,0.0,0.656,0.175,0.0,0.208,0.065,0.0,0.2884,1.1397,0.0291,0.2807,1.2962,0.0506,0.3543,1.5064,0.0215,0.3129,1.3162,0.0291,0.3191,1.4895,0.023,0.2761,1.2931,-0.0,-0.0,0.0005,0.0,-0.0,0.0013,-0.0,0.0001,0.0007,-0.0,0.0001,0.0005,-0.0,0.0001,0.0003,-0.0,0.0001,0.0001,0.6471,0.0813,0.0017,-0.0078,-0.0127,0.001,0.763,0.017,0.0448,0.7806,0.1219,0.0762,0.9057,0.2884,0.034,0.7951,0.1259,0.0421,0.8531,0.2572,0.0393,0.7932,0.1289,0.0,0.0,0.0,0.0,0.0,0.0,0.0,0.0,0.0,
3.44,run,7.87,4.5,0.38,0.44,-0.51,0.0,0.0,0.0,1.183,0.09,16.44,65.48,1.76,16.61,74.36,3.08,20.39,86.75,1.32,18.37,75.5,1.49,18.46,85.34,1.32,16.0,74.36,0.03,16.97,66.44,1.57,17.94,75.37,2.66,24.83,89.53,1.19,18.74,75.71,1.47,21.94,86.86,1.37,18.63,75.96,0.0008,0.7631,0.0169,0.0448,0.7807,0.122,0.0761,0.9059,0.2886,0.0339,0.7952,0.126,0.0419,0.8534,0.2571,0.0393,0.7932,0.1289,0.0,0.006,0.026,0.0,0.045,0.071,0.006,1.001,0.227,0.0,0.006,0.006,0.0,0.656,0.175,0.0,0.208,0.065,0.0,0.2884,1.1397,0.0291,0.2807,1.2962,0.0506,0.3543,1.5064,0.0215,0.3129,1.3162,0.0291,0.3191,1.4895,0.023,0.2761,1.2931,-0.0,-0.0,0.0003,0.0,-0.0,0.0009,-0.0,0.0,0.0005,-0.0,0.0001,0.0004,-0.0,0.0001,0.0002,-0.0,0.0001,0.0001,0.6468,0.0831,-0.0007,0.0015,-0.009,0.0008,0.763,0.017,0.0447,0.7807,0.1221,0.076,0.906,0.2885,0.0339,0.7952,0.126,0.042,0.8534,0.2571,0.039,0.7933,0.129,0.0,0.0,0.0,0.0,0.0,0.0,0.0,0.0,0.0,
3.48,run,7.85,4.5,0.15,-0.0,-0.23,0.0,0.0,0.0,1.183,0.09,16.44,65.48,1.76,16.61,74.36,3.08,20.39,86.75,1.32,18.37,75.5,1.49,18.46,85.34,1.32,16.0,74.36,0.03,16.97,66.45,1.57,17.94,75.38,2.67,24.82,89.53,1.19,18.74,75.71,1.47,21.93,86.87,1.38,18.63,75.96,0.0009,0.7631,0.017,0.0448,0.7807,0.1221,0.0763,0.9059,0.2886,0.0339,0.7952,0.126,0.042,0.8533,0.2572,0.0395,0.7932,0.1289,0.0,0.013,0.026,0.0,0.045,0.065,0.006,1.059,0.201,0.006,0.006,0.006,0.0,0.741,0.149,0.0,0.189,0.078,0.0,0.2884,1.1397,0.0291,0.2807,1.2962,0.0506,0.3543,1.5064,0.0215,0.3129,1.3162,0.0291,0.3191,1.4895,0.023,0.2761,1.2931,-0.0,-0.0,0.0002,0.0,-0.0,0.0006,-0.0,0.0,0.0004,-0.0,0.0,0.0003,-0.0,0.0001,0.0002,-0.0,0.0,0.0,0.6481,0.0853,0.0067,0.0077,-0.0089,0.0008,0.7631,0.0169,0.0448,0.7807,0.122,0.0761,0.9059,0.2886,0.0339,0.7952,0.126,0.0419,0.8534,0.2571,0.0393,0.7932,0.1289,0.0,0.0,0.0,0.0,0.0,0.0,0.0,0.0,0.0,
3.52,run,7.86,4.5,0.55,0.01,-0.87,0.0,0.0,0.0,1.183,0.09,16.44,65.48,1.76,16.61,74.36,3.08,20.39,86.75,1.14,18.37,75.5,1.49,18.46,85.34,1.32,16.0,74.36,0.03,16.97,66.45,1.56,17.94,75.38,2.67,24.82,89.54,1.18,18.74,75.71,1.47,21.94,86.87,1.38,18.63,75.96,0.0008,0.7631,0.0171,0.0447,0.7808,0.1221,0.0762,0.9059,0.2887,0.0339,0.7953,0.126,0.042,0.8534,0.2573,0.0394,0.7933,0.1289,0.0,0.013,0.026,0.0,0.045,0.065,0.006,1.059,0.201,0.006,0.006,0.006,0.0,0.741,0.149,0.0,0.189,0.078,0.0,0.2884,1.1397,0.0291,0.2807,1.2962,0.0506,0.3543,1.5064,0.0215,0.3129,1.3162,0.0291,0.3191,1.4895,0.023,0.2761,1.2931,-0.0,-0.0,0.0002,0.0,-0.0,0.0004,-0.0,0.0,0.0002,-0.0,0.0,0.0002,-0.0,0.0,0.0001,-0.0,0.0,0.0,0.6471,0.0852,0.0027,-0.0001,-0.0041,0.0009,0.7631,0.017,0.0448,0.7807,0.1221,0.0763,0.9059,0.2886,0.0339,0.7952,0.126,0.042,0.8533,0.2572,0.0395,0.7932,0.1289,0.0,0.0,0.0,0.0,0.0,0.0,0.0,0.0,0.0,
3.56,run,7.87,4.52,0.32,0.17,-0.73,0.0,0.0,0.0,1.183,0.09,16.44,65.48,1.76,16.61,74.36,3.08,20.39,86.75,1.14,18.37,75.5,1.49,18.46,85.34,1.32,16.0,74.36,0.03,16.97,66.45,1.56,17.94,75.38,2.66,24.84,89.53,1.19,18.75,75.71,1.47,21.95,86.86,1.38,18.63,75.95,0.0008,0.7631,0.017,0.0446,0.7807,0.1221,0.0761,0.9061,0.2885,0.0339,0.7954,0.1259,0.0419,0.8536,0.2572,0.0394,0.7933,0.1289,0.0,0.013,0.026,0.0,0.045,0.065,0.006,1.059,0.201,0.006,0.006,0.006,0.0,0.741,0.149,0.0,0.189,0.078,0.0,0.2884,1.1397,0.0291,0.2807,1.2962,0.0506,0.3543,1.5064,0.0184,0.3129,1.3162,0.0291,0.3191,1.4895,0.023,0.2761,1.2931,-0.0,-0.0,0.0001,0.0,-0.0,0.0003,-0.0,0.0,0.0002,-0.0115,0.0,0.0001,-0.0,0.0,0.0001,-0.0,0.0,0.0,0.6475,0.0853,0.0096,0.0002,-0.0151,0.0008,0.7631,0.0171,0.0447,0.7808,0.1221,0.0762,0.9059,0.2887,0.0339,0.7953,0.126,0.042,0.8534,0.2573,0.0394,0.7933,0.1289,0.0,0.0,0.0,0.0,0.0,0.0,0.0,0.0,0.0,
3.6,run,7.88,4.55,0.45,0.39,-0.37,0.0,0.0,0.0,1.183,0.09,16.44,65.48,1.76,16.61,74.36,3.08,20.39,86.75,1.14,18.37,75.5,1.49,18.46,85.34,1.32,16.0,74.36,0.03,16.97,66.46,1.56,17.95,75.38,2.67,24.84,89.54,1.19,18.75,75.71,1.47,21.95,86.87,1.38,18.64,75.96,0.0008,0.7631,0.0172,0.0446,0.7808,0.1221,0.0761,0.9062,0.2887,0.0339,0.7954,0.126,0.0419,0.8536,0.2573,0.0395,0.7934,0.1289,0.0,0.013,0.026,0.0,0.045,0.084,0.006,1.17,0.189,0.0,0.006,0.006,0.0,0.728,0.136,0.0,0.169,0.078,0.0,0.2884,1.1397,0.0291,0.2807,1.2962,0.0506,0.3543,1.5064,0.0184,0.3129,1.3162,0.0291,0.3191,1.4895,0.023,0.2761,1.2931,-0.0,-0.0,0.0001,0.0,-0.0,0.0002,-0.0,0.0,0.0001,-0.0081,0.0,0.0001,-0.0,0.0,0.0001,-0.0,0.0,0.0,0.6483,0.087,0.0056,0.003,-0.0127,0.0008,0.7631,0.017,0.0446,0.7807,0.1221,0.0761,0.9061,0.2885,0.0339,0.7954,0.1259,0.0419,0.8536,0.2572,0.0394,0.7933,0.1289,0.0,0.0,0.0,0.0,0.0,0.0,0.0,0.0,0.0,
3.64,run,7.88,4.55,0.42,0.17,-0.64,0.0,0.0,0.0,1.183,0.09,16.44,65.48,1.76,16.61,74.36,3.08,20.39,86.75,1.14,18.37,75.5,1.49,18.46,85.34,1.32,16.0,74.36,0.03,16.97,66.47,1.56,17.95,75.38,2.67,24.83,89.55,1.18,18.75,75.71,1.47,21.94,86.88,1.39,18.64,75.95,0.0009,0.7631,0.0173,0.0446,0.7809,0.1221,0.0763,0.906,0.2888,0.0338,0.7954,0.1261,0.042,0.8535,0.2574,0.0398,0.7934,0.1289,0.0,0.013,0.026,0.0,0.045,0.084,0.006,1.17,0.189,0.0,0.006,0.006,0.0,0.728,0.136,0.0,0.169,0.078,0.0,0.2884,1.1397,0.0291,0.2807,1.2962,0.0506,0.3543,1.5064,0.0184,0.3129,1.3162,0.0291,0.3191,1.4895,0.023,0.2761,1.2931,-0.0,-0.0,0.0001,0.0,-0.0,0.0002,-0.0,0.0,0.0001,-0.0056,0.0,0.0001,-0.0,0.0,0.0,-0.0,0.0,0.0,0.6494,0.0891,0.0079,0.0069,-0.0065,0.0008,0.7631,0.0172,0.0446,0.7808,0.1221,0.0761,0.9062,0.2887,0.0339,0.7954,0.126,0.0419,0.8536,0.2573,0.0395,0.7934,0.1289,0.0,0.0,0.0,0.0,0.0,0.0,0.0,0.0,0.0,
3.68,run,7.88,4.55,0.05,-0.23,-0.6,0.0,0.0,0.0,1.183,0.09,16.44,65.48,1.76,16.61,74.36,3.08,20.39,86.75,1.14,18.37,75.5,1.49,18.46,85.34,1.32,16.0,74.36,0.03,16.97,66.48,1.56,17.95,75.39,2.67,24.84,89.55,1.18,18.75,75.73,1.47,21.95,86.88,1.39,18.64,75.97,0.0008,0.7631,0.0174,0.0446,0.781,0.1223,0.0762,0.9062,0.2889,0.0338,0.7954,0.1262,0.042,0.8537,0.2575,0.0396,0.7935,0.129,0.0,0.013,0.026,0.0,0.045,0.084,0.006,1.17,0.189,0.0,0.006,0.006,0.0,0.728,0.136,0.0,0.169,0.078,0.0,0.2884,1.1397,0.0291,0.2807,1.2962,0.0506,0.3543,1.5064,0.0184,0.3129,1.3162,0.0291,0.3191,1.4895,0.023,0.2761,1.2931,-0.0,-0.0,0.0,0.0,-0.0,0.0001,-0.0,0.0,0.0001,-0.004,0.0,0.0,-0.0,0.0,0.0,-0.0,0.0,0.0,0.6497,0.0896,0.0073,0.003,-0.0111,0.0009,0.7631,0.0173,0.0446,0.7809,0.1221,0.0763,0.906,0.2888,0.0338,0.7954,0.1261,0.042,0.8535,0.2574,0.0398,0.7934,0.1289,0.0,0.0,0.0,0.0,0.0,0.0,0.0,0.0,0.0,
3.72,run,7.89,4.56,0.34,-0.08,-0.61,0.0,0.0,0.0,1.183,0.09,16.44,65.48,1.76,16.61,74.36,3.08,20.39,86.75,1.14,18.37,75.5,1.49,18.46,85.34,1.32,16.0,74.36,0.03,16.97,66.49,1.56,17.96,75.39,2.66,24.85,89.56,1.18,18.75,75.73,1.47,21.96,86.88,1.38,18.65,75.97,0.0007,0.7631,0.0175,0.0445,0.7811,0.1223,0.076,0.9064,0.2889,0.0338,0.7955,0.1262,0.0419,0.8539,0.2575,0.0395,0.7936,0.1291,0.0,0.006,0.026,0.0,0.045,0.091,0.013,1.105,0.189,0.0,0.006,0.013,0.0,0.637,0.189,0.0,0.195,0.058,0.0,0.2884,1.1397,0.0291,0.2807,1.2962,0.0506,0.3543,1.5064,0.0184,0.3129,1.3162,0.0291,0.3191,1.4895,0.023,0.2761,1.2931,-0.0,-0.0,0.0,0.0,-0.0,0.0001,-0.0,0.0,0.0,-0.0028,0.0,0.0,-0.0,0.0,0.0,-0.0,0.0,0.0,0.6493,0.0893,0.0008,-0.0041,-0.0105,0.0008,0.7631,0.0174,0.0446,0.781,0.1223,0.0762,0.9062,0.2889,0.0338,0.7954,0.1262,0.042,0.8537,0.2575,0.0396,0.7935,0.129,0.0,0.0,0.0,0.0,0.0,0.0,0.0,0.0,0.0,
3.76,run,7.9,4.57,0.36,0.26,-0.49,0.0,0.0,0.0,1.183,0.09,16.44,65.48,1.76,16.61,74.36,3.08,20.39,86.75,1.14,18.37,75.5,1.49,18.46,85.34,1.32,16.0,74.36,0.03,16.97,66.49,1.56,17.96,75.39,2.66,24.85,89.56,1.18,18.75,75.73,1.47,21.96,86.89,1.39,18.65,75.97,0.0008,0.7631,0.0175,0.0446,0.7811,0.1223,0.0761,0.9064,0.2889,0.0338,0.7955,0.1262,0.042,0.8538,0.2575,0.0396,0.7936,0.1291,0.0,0.006,0.026,0.0,0.045,0.091,0.013,1.105,0.189,0.0,0.006,0.013,0.0,0.637,0.189,0.0,0.195,0.058,0.0,0.2884,1.1397,0.0291,0.2807,1.2962,0.0506,0.3543,1.5064,0.0184,0.3129,1.3162,0.0291,0.3191,1.4895,0.023,0.2761,1.2931,-0.0,-0.0,0.0,0.0,-0.0,0.0001,-0.0,0.0,0.0,-0.0019,0.0,0.0,-0.0,0.0,0.0,-0.0,0.0,0.0,0.6502,0.09,0.006,-0.0014,-0.0106,0.0007,0.7631,0.0175,0.0445,0.7811,0.1223,0.076,0.9064,0.2889,0.0338,0.7955,0.1262,0.0419,0.8539,0.2575,0.0395,0.7936,0.1291,0.0,0.0,0.0,0.0,0.0,0.0,0.0,0.0,0.0,
3.8,run,7.89,4.58,0.07,0.25,-0.52,0.0,0.0,0.0,1.183,0.09,16.44,65.48,1.76,16.61,74.36,3.08,20.39,86.75,1.14,18.37,75.5,1.49,18.46,85.34,1.32,16.0,74.36,0.03,16.97,66.49,1.56,17.96,75.39,2.67,24.85,89.57,1.18,18.75,75.73,1.47,21.96,86.89,1.39,18.65,75.97,0.0009,0.7631,0.0175,0.0446,0.7811,0.1223,0.0762,0.9063,0.289,0.0338,0.7955,0.1263,0.042,0.8537,0.2576,0.0398,0.7935,0.1291,0.0,0.006,0.026,0.0,0.045,0.091,0.013,1.105,0.189,0.0,0.006,0.013,0.0,0.637,0.189,0.0,0.195,0.058,0.0,0.2884,1.1397,0.0291,0.2807,1.2962,0.0506,0.3543,1.5064,0.0184,0.3129,1.3162,0.0291,0.3191,1.4895,0.023,0.2761,1.2931,-0.0,-0.0,0.0,0.0,-0.0,0.0,-0.0,0.0,0.0,-0.0014,0.0,0.0,-0.0,0.0,0.0,-0.0,0.0,0.0,0.6509,0.0913,0.0063,0.0046,-0.0085,0.0008,0.7631,0.0175,0.0446,0.7811,0.1223,0.0761,0.9064,0.2889,0.0338,0.7955,0.1262,0.042,0.8538,0.2575,0.0396,0.7936,0.1291,0.0,0.0,0.0,0.0,0.0,0.0,0.0,0.0,0.0,
3.84,run,7.89,4.57,0.16,-0.13,-0.62,0.0,0.0,0.0,1.183,0.09,16.44,65.48,1.76,16.61,74.36,3.08,20.39,86.75,1.14,18.37,75.5,1.49,18.46,85.34,1.32,16.0,74.36,0.03,16.97,66.5,1.56,17.96,75.4,2.67,24.85,89.57,1.18,18.75,75.74,1.47,21.97,86.89,1.39,18.65,75.97,0.0008,0.7632,0.0176,0.0445,0.7811,0.1224,0.0762,0.9064,0.2891,0.0337,0.7955,0.1263,0.0419,0.8539,0.2576,0.0397,0.7936,0.1291,0.0,0.006,0.033,0.0,0.045,0.078,0.006,1.111,0.214,0.0,0.006,0.006,0.0,0.747,0.189,0.0,0.182,0.078,0.0,0.2884,1.1397,0.0291,0.2807,1.2962,0.0506,0.3543,1.5064,0.0184,0.3129,1.3162,0.0291,0.3191,1.4895,0.023,0.2761,1.2931,-0.0,-0.0,0.0,0.0,-0.0,0.0,-0.0,0.0,0.0,-0.0009,0.0,0.0,-0.0,0.0,0.0,-0.0,0.0,0.0,0.6503,0.0922,0.0012,0.0043,-0.009,0.0009,0.7631,0.0175,0.0446,0.7811,0.1223,0.0762,0.9063,0.289,0.0338,0.7955,0.1263,0.042,0.8537,0.2576,0.0398,0.7935,0.1291,0.0,0.0,0.0,0.0,0.0,0.0,0.0,0.0,0.0,
3.88,run,7.9,4.57,0.28,-0.21,-0.48,0.0,0.0,0.0,1.183,0.09,16.44,65.48,1.76,16.61,74.36,3.08,20.39,86.75,1.14,18.37,75.5,1.49,18.46,85.34,1.32,16.0,74.36,0.03,16.97,66.5,1.56,17.96,75.4,2.66,24.86,89.57,1.18,18.76,75.74,1.47,21.97,86.9,1.39,18.65,75.98,0.0008,0.7631,0.0177,0.0445,0.7811,0.1224,0.0761,0.9065,0.289,0.0338,0.7955,0.1263,0.042,0.854,0.2576,0.0396,0.7937,0.1291,0.0,0.006,0.033,0.0,0.045,0.078,0.006,1.111,0.214,0.0,0.006,0.006,0.0,0.747,0.189,0.0,0.182,0.078,0.0,0.2884,1.1397,0.0291,0.2807,1.2962,0.0506,0.3543,1.5064,0.0184,0.3129,1.3162,0.0291,0.3191,1.4895,0.023,0.2761,1.2931,-0.0,-0.0,0.0,0.0,-0.0,0.0,-0.0,0.0,0.0,-0.0007,0.0,0.0,-0.0,0.0,0.0,-0.0,0.0,0.0,0.6506,0.0916,0.0028,-0.0022,-0.0109,0.0008,0.7632,0.0176,0.0445,0.7811,0.1224,0.0762,0.9064,0.2891,0.0337,0.7955,0.1263,0.0419,0.8539,0.2576,0.0397,0.7936,0.1291,0.0,0.0,0.0,0.0,0.0,0.0,0.0,0.0,0.0,
3.92,run,7.9,4.59,0.26,0.17,-0.57,0.0,0.0,0.0,1.183,0.09,16.44,65.48,1.76,16.61,74.36,3.08,20.39,86.75,1.14,18.37,75.5,1.49,18.46,85.34,1.32,16.0,74.36,0.03,16.97,66.5,1.56,17.96,75.4,2.67,24.85,89.57,1.18,18.76,75.73,1.47,21.96,86.9,1.39,18.65,75.97,0.0008,0.7631,0.0177,0.0445,0.7812,0.1223,0.0761,0.9064,0.2891,0.0338,0.7955,0.1263,0.0421,0.8539,0.2576,0.0396,0.7937,0.1291,0.0,0.006,0.033,0.0,0.045,0.078,0.006,1.111,0.214,0.0,0.006,0.006,0.0,0.747,0.189,0.0,0.182,0.078,0.0,0.2884,1.1397,0.0291,0.2807,1.2962,0.0506,0.3543,1.5064,0.0184,0.3129,1.3162,0.0291,0.3191,1.4895,0.023,0.2761,1.2931,-0.0,-0.0,0.0,0.0,-0.0,0.0,-0.0,0.0,0.0,-0.0005,0.0,0.0,-0.0,0.0,0.0,-0.0,0.0,0.0,0.6511,0.0915,0.0048,-0.0037,-0.0083,0.0008,0.7631,0.0177,0.0445,0.7811,0.1224,0.0761,0.9065,0.289,0.0338,0.7955,0.1263,0.042,0.854,0.2576,0.0396,0.7937,0.1291,0.0,0.0,0.0,0.0,0.0,0.0,0.0,0.0,0.0,
3.96,run,7.9,4.6,0.12,0.2,-0.55,0.0,0.0,0.0,1.183,0.09,16.44,65.48,1.76,16.61,74.36,3.08,20.39,86.75,1.14,18.37,75.5,1.49,18.46,85.34,1.32,16.0,74.36,0.03,16.97,66.5,1.56,17.96,75.4,2.67,24.86,89.57,1.18,18.75,75.74,1.47,21.97,86.9,1.39,18.65,75.98,0.0008,0.7631,0.0177,0.0445,0.7811,0.1224,0.0762,0.9065,0.2891,0.0337,0.7955,0.1264,0.042,0.8539,0.2576,0.0397,0.7936,0.1291,0.0,0.006,0.033,0.0,0.045,0.071,0.006,1.02,0.254,0.0,0.006,0.013,0.0,0.65,0.182,0.0,0.189,0.065,0.0,0.2884,1.1397,0.0291,0.2807,1.2962,0.0506,0.3543,1.5064,0.0184,0.3129,1.3162,0.0291,0.3191,1.4895,0.023,0.2761,1.2931,-0.0,-0.0,0.0,0.0,-0.0,0.0,-0.0,0.0,0.0,-0.0003,0.0,0.0,-0.0,0.0,0.0,-0.0,0.0,0.0,0.6511,0.0928,0.0045,0.003,-0.0099,0.0008,0.7631,0.0177,0.0445,0.7812,0.1223,0.0761,0.9064,0.2891,0.0338,0.7955,0.1263,0.0421,0.8539,0.2576,0.0396,0.7937,0.1291,0.0,0.0,0.0,0.0,0.0,0.0,0.0,0.0,0.0,
4.0,run,7.9,4.59,0.15,-0.14,-0.5,0.0,0.0,0.0,1.183,0.09,16.44,65.48,1.76,16.61,74.36,3.08,20.39,86.75,1.14,18.37,75.5,1.49,18.46,85.34,1.32,16.0,74.36,0.03,16.97,66.51,1.56,17.97,75.41,2.67,24.86,89.58,1.18,18.76,75.75,1.47,21.97,86.9,1.39,18.65,75.98,0.0008,0.7632,0.0177,0.0445,0.7812,0.1224,0.0762,0.9066,0.2891,0.0337,0.7956,0.1264,0.0419,0.854,0.2577,0.0398,0.7937,0.1292,0.0,0.006,0.033,0.0,0.045,0.071,0.006,1.02,0.254,0.0,0.006,0.013,0.0,0.65,0.182,0.0,0.189,0.065,0.0,0.2884,1.1397,0.0291,0.2807,1.2962,0.0506,0.3543,1.5064,0.0184,0.3129,1.3162,0.0291,0.3191,1.4895,0.023,0.2761,1.2931,-0.0,-0.0,0.0,0.0,-0.0,0.0,-0.0,0.0,0.0,-0.0002,0.0,0.0,-0.0,0.0,0.0,-0.0,0.0,0.0,0.651,0.0936,0.002,0.0035,-0.0097,0.0008,0.7631,0.0177,0.0445,0.7811,0.1224,0.0762,0.9065,0.2891,0.0337,0.7955,0.1264,0.042,0.8539,0.2576,0.0397,0.7936,0.1291,0.0,0.0,0.0,0.0,0.0,0.0,0.0,0.0,0.0,
4.04,run,7.9,4.59,0.25,-0.21,-0.62,0.0,0.0,0.0,1.183,0.09,16.44,65.48,1.76,16.61,74.36,3.08,20.39,86.75,1.14,18.37,75.5,1.49,18.46,85.34,1.32,16.0,74.36,0.03,16.97,66.51,1.56,17.97,75.41,2.66,24.86,89.58,1.18,18.76,75.74,1.47,21.97,86.9,1.39,18.66,75.98,0.0008,0.7631,0.0178,0.0445,0.7812,0.1224,0.0761,0.9066,0.2891,0.0337,0.7956,0.1264,0.042,0.854,0.2577,0.0397,0.7937,0.1292,0.0,0.006,0.033,0.0,0.045,0.071,0.006,1.02,0.254,0.0,0.006,0.013,0.0,0.65,0.182,0.0,0.189,0.065,0.0,0.2884,1.1397,0.0291,0.2807,1.2962,0.0506,0.3543,1.5064,0.0184,0.3129,1.3162,0.0291,0.3191,1.4895,0.023,0.2761,1.2931,-0.0,-0.0,0.0,0.0,-0.0,0.0,-0.0,0.0,0.0,-0.0002,0.0,0.0,-0.0,0.0,0.0,-0.0,0.0,0.0,0.6512,0.0932,0.0027,-0.0025,-0.0087,0.0008,0.7632,0.0177,0.0445,0.7812,0.1224,0.0762,0.9066,0.2891,0.0337,0.7956,0.1264,0.0419,0.854,0.2577,0.0398,0.7937,0.1292,0.0,0.0,0.0,0.0,0.0,0.0,0.0,0.0,0.0,
4.08,run,7.9,4.6,0.16,0.12,-0.49,0.0,0.0,0.0,1.183,0.09,16.44,65.48,1.76,16.61,74.36,3.08,20.39,86.75,1.14,18.37,75.5,1.49,18.46,85.34,1.32,16.0,74.36,0.03,16.97,66.51,1.56,17.97,75.41,2.66,24.86,89.57,1.18,18.76,75.75,1.47,21.97,86.9,1.39,18.66,75.98,0.0008,0.7631,0.0178,0.0445,0.7812,0.1225,0.0761,0.9066,0.2891,0.0337,0.7956,0.1264,0.042,0.854,0.2577,0.0396,0.7938,0.1292,0.0,0.006,0.026,0.006,0.045,0.078,0.006,1.085,0.221,0.0,0.0,0.006,0.0,0.637,0.175,0.0,0.182,0.065,0.0,0.2884,1.1397,0.0291,0.2807,1.2962,0.0506,0.3543,1.5064,0.0184,0.3129,1.3162,0.0291,0.3191,1.4895,0.023,0.2761,1.2931,-0.0,-0.0,0.0,0.0,-0.0,0.0,-0.0,0.0,0.0,-0.0001,0.0,0.0,-0.0,0.0,0.0,-0.0,0.0,0.0,0.6513,0.093,0.0044,-0.0037,-0.0107,0.0008,0.7631,0.0178,0.0445,0.7812,0.1224,0.0761,0.9066,0.2891,0.0337,0.7956,0.1264,0.042,0.854,0.2577,0.0397,0.7937,0.1292,0.0,0.0,0.0,0.0,0.0,0.0,0.0,0.0,0.0,
4.12,run,7.9,4.61,0.12,0.22,-0.5,0.0,0.0,0.0,1.183,0.09,16.44,65.48,1.76,16.61,74.36,3.08,20.39,86.75,1.14,18.37,75.5,1.49,18.46,85.34,1.32,16.0,74.36,0.03,16.97,66.51,1.56,17.97,75.41,2.67,24.86,89.58,1.18,18.76,75.75,1.47,21.97,86.9,1.39,18.65,75.98,0.0008,0.7632,0.0178,0.0445,0.7812,0.1224,0.0762,0.9066,0.2892,0.0337,0.7956,0.1264,0.042,0.854,0.2577,0.0398,0.7937,0.1291,0.0,0.006,0.026,0.006,0.045,0.078,0.006,1.085,0.221,0.0,0.0,0.006,0.0,0.637,0.175,0.0,0.182,0.065,0.0,0.2884,1.1397,0.0291,0.2807,1.2962,0.0506,0.3543,1.5064,0.0184,0.3129,1.3162,0.0291,0.3191,1.4895,0.023,0.2761,1.2931,-0.0,-0.0,0.0,0.0,-0.0,0.0,-0.0,0.0,0.0,-0.0001,0.0,0.0,-0.0,0.0,0.0,-0.0,0.0,0.0,0.6512,0.094,0.0028,0.0021,-0.0086,0.0008,0.7631,0.0178,0.0445,0.7812,0.1225,0.0761,0.9066,0.2891,0.0337,0.7956,0.1264,0.042,0.854,0.2577,0.0396,0.7938,0.1292,0.0,0.0,0.0,0.0,0.0,0.0,0.0,0.0,0.0,
4.16,run,7.9,4.6,0.2,-0.06,-0.53,0.0,0.0,0.0,1.183,0.09,16.44,65.48,1.76,16.61,74.36,3.08,20.39,86.75,1.14,18.37,75.5,1.49,18.46,85.34,1.32,16.0,74.36,0.03,16.98,66.51,1.56,17.97,75.41,2.67,24.86,89.58,1.18,18.76,75.75,1.47,21.97,86.9,1.39,18.65,75.98,0.0008,0.7632,0.0178,0.0445,0.7812,0.1225,0.0761,0.9066,0.2892,0.0337,0.7956,0.1265,0.0419,0.8541,0.2577,0.0398,0.7937,0.1292,0.0,0.006,0.026,0.006,0.045,0.078,0.006,1.085,0.221,0.0,0.0,0.006,0.0,0.637,0.175,0.0,0.182,0.065,0.0,0.2884,1.1397,0.0291,0.2807,1.2962,0.0506,0.3543,1.5064,0.0184,0.3129,1.3162,0.0291,0.3191,1.4895,0.023,0.2761,1.2931,-0.0,-0.0,0.0,0.0,-0.0,0.0,-0.0,0.0,0.0,-0.0001,0.0,0.0,-0.0,0.0,0.0,-0.0,0.0,0.0,0.6509,0.0948,0.002,0.0038,-0.0087,0.0008,0.7632,0.0178,0.0445,0.7812,0.1224,0.0762,0.9066,0.2892,0.0337,0.7956,0.1264,0.042,0.854,0.2577,0.0398,0.7937,0.1291,0.0,0.0,0.0,0.0,0.0,0.0,0.0,0.0,0.0,
4.2,run,7.9,4.6,0.29,-0.21,-0.59,0.0,0.0,0.0,1.183,0.09,16.44,65.48,1.76,16.61,74.36,3.08,20.39,86.75,1.14,18.37,75.5,1.49,18.46,85.34,1.32,16.0,74.36,0.03,16.97,66.52,1.56,17.97,75.41,2.66,24.87,89.58,1.18,18.76,75.75,1.47,21.97,86.91,1.39,18.66,75.98,0.0008,0.7632,0.0179,0.0444,0.7812,0.1225,0.0761,0.9066,0.2892,0.0337,0.7956,0.1264,0.042,0.8541,0.2577,0.0397,0.7938,0.1292,0.0,0.013,0.033,0.006,0.045,0.091,0.006,1.131,0.189,0.0,0.006,0.013,0.0,0.643,0.143,0.0,0.201,0.065,0.0,0.2884,1.1397,0.0291,0.2807,1.2962,0.0506,0.3543,1.5064,0.0184,0.3129,1.3162,0.0291,0.3191,1.4895,0.023,0.2761,1.2931,-0.0,-0.0,0.0,0.0,-0.0,0.0,-0.0,0.0,0.0,-0.0,0.0,0.0,-0.0,0.0,0.0,-0.0,0.0,0.0,0.651,0.0943,0.0035,-0.0011,-0.0093,0.0008,0.7632,0.0178,0.0445,0.7812,0.1225,0.0761,0.9066,0.2892,0.0337,0.7956,0.1265,0.0419,0.8541,0.2577,0.0398,0.7937,0.1292,0.0,0.0,0.0,0.0,0.0,0.0,0.0,0.0,0.0,
4.24,run,7.9,4.61,0.16,0.07,-0.55,0.0,0.0,0.0,1.183,0.09,16.44,65.48,1.76,16.61,74.36,3.08,20.39,86.75,1.14,18.37,75.5,1.49,18.46,85.34,1.32,16.0,74.36,0.03,16.97,66.52,1.55,17.97,75.41,2.66,24.87,89.58,1.18,18.76,75.75,1.47,21.97,86.91,1.39,18.66,75.98,0.0008,0.7631,0.0179,0.0444,0.7812,0.1225,0.0761,0.9067,0.2891,0.0337,0.7956,0.1265,0.042,0.8541,0.2577,0.0396,0.7938,0.1292,0.0,0.013,0.033,0.006,0.045,0.091,0.006,1.131,0.189,0.0,0.006,0.013,0.0,0.643,0.143,0.0,0.201,0.065,0.0,0.2884,1.1397,0.0291,0.2807,1.2962,0.0506,0.3543,1.5064,0.0184,0.3129,1.3162,0.0291,0.3191,1.4895,0.023,0.2761,1.2931,-0.0,-0.0,0.0,0.0,-0.0,0.0,-0.0,0.0,0.0,-0.0,0.0,0.0,-0.0,0.0,0.0,-0.0,0.0,0.0,0.6512,0.094,0.0051,-0.0037,-0.0103,0.0008,0.7632,0.0179,0.0444,0.7812,0.1225,0.0761,0.9066,0.2892,0.0337,0.7956,0.1264,0.042,0.8541,0.2577,0.0397,0.7938,0.1292,0.0,0.0,0.0,0.0,0.0,0.0,0.0,0.0,0.0,
4.28,run,7.9,4.62,0.13,0.12,-0.46,0.0,0.0,0.0,1.183,0.09,16.44,65.48,1.76,16.61,74.36,3.08,20.39,86.75,1.14,18.37,75.5,1.49,18.46,85.34,1.32,16.0,74.36,0.03,16.97,66.52,1.56,17.97,75.41,2.66,24.87,89.58,1.18,18.76,75.75,1.47,21.98,86.91,1.39,18.66,75.98,0.0008,0.7632,0.0179,0.0444,0.7812,0.1225,0.0761,0.9067,0.2892,0.0337,0.7956,0.1265,0.0419,0.8541,0.2577,0.0397,0.7938,0.1292,0.0,0.013,0.033,0.006,0.045,0.091,0.006,1.131,0.189,0.0,0.006,0.013,0.0,0.643,0.143,0.0,0.201,0.065,0.0,0.2884,1.1397,0.0291,0.2807,1.2962,0.0506,0.3543,1.5064,0.0184,0.3129,1.3162,0.0291,0.3191,1.4895,0.023,0.2761,1.2931,-0.0,-0.0,0.0,0.0,-0.0,0.0,-0.0,0.0,0.0,-0.0,0.0,0.0,-0.0,0.0,0.0,-0.0,0.0,0.0,0.6509,0.0948,0.0028,0.0013,-0.0097,0.0008,0.7631,0.0179,0.0444,0.7812,0.1225,0.0761,0.9067,0.2891,0.0337,0.7956,0.1265,0.042,0.8541,0.2577,0.0396,0.7938,0.1292,0.0,0.0,0.0,0.0,0.0,0.0,0.0,0.0,0.0,
4.32,run,7.9,4.62,0.25,-0.0,-0.6,0.0,0.0,0.0,1.183,0.09,16.44,65.48,1.76,16.61,74.36,3.08,20.39,86.75,1.14,18.37,75.5,1.49,18.46,85.34,1.32,16.0,74.36,0.03,16.97,66.52,1.56,17.97,75.41,2.66,24.87,89.58,1.18,18.76,75.75,1.47,21.98,86.91,1.39,18.66,75.98,0.0007,0.7632,0.0179,0.0444,0.7813,0.1225,0.0761,0.9066,0.2892,0.0337,0.7956,0.1265,0.0419,0.8541,0.2577,0.0398,0.7938,0.1292,0.0,0.013,0.026,0.006,0.039,0.078,0.013,1.073,0.189,0.0,0.006,0.006,0.0,0.682,0.182,0.0,0.189,0.065,0.0,0.2884,1.1397,0.0291,0.2807,1.2962,0.0506,0.3543,1.5064,0.0184,0.3129,1.3162,0.0291,0.3191,1.4895,0.023,0.2761,1.2931,-0.0,-0.0,0.0,0.0,-0.0,0.0,-0.0,0.0,0.0,-0.0,0.0,0.0,-0.0,0.0,0.0,-0.0,0.0,0.0,0.651,0.0953,0.0023,0.0021,-0.0079,0.0008,0.7632,0.0179,0.0444,0.7812,0.1225,0.0761,0.9067,0.2892,0.0337,0.7956,0.1265,0.0419,0.8541,0.2577,0.0397,0.7938,0.1292,0.0,0.0,0.0,0.0,0.0,0.0,0.0,0.0,0.0,
4.36,run,7.89,4.62,0.15,-0.16,-0.54,0.0,0.0,0.0,1.183,0.09,16.44,65.48,1.76,16.61,74.36,3.08,20.39,86.75,1.14,18.37,75.5,1.49,18.46,85.34,1.32,16.0,74.36,0.03,16.97,66.52,1.55,17.97,75.42,2.66,24.87,89.58,1.18,18.76,75.75,1.47,21.98,86.91,1.39,18.66,75.98,0.0008,0.7632,0.0179,0.0444,0.7813,0.1226,0.0761,0.9067,0.2892,0.0337,0.7956,0.1265,0.0419,0.8542,0.2577,0.0397,0.7938,0.1292,0.0,0.013,0.026,0.006,0.039,0.078,0.013,1.073,0.189,0.0,0.006,0.006,0.0,0.682,0.182,0.0,0.189,0.065,0.0,0.2884,1.1397,0.0291,0.2807,1.2962,0.0506,0.3543,1.5064,0.0184,0.3129,1.3162,0.0291,0.3191,1.4895,0.023,0.2761,1.2931,-0.0,-0.0,0.0,0.0,-0.0,0.0,-0.0,0.0,0.0,-0.0,0.0,0.0,-0.0,0.0,0.0,-0.0,0.0,0.0,0.6509,0.0952,0.0044,-0.0001,-0.0105,0.0007,0.7632,0.0179,0.0444,0.7813,0.1225,0.0761,0.9066,0.2892,0.0337,0.7956,0.1265,0.0419,0.8541,0.2577,0.0398,0.7938,0.1292,0.0,0.0,0.0,0.0,0.0,0.0,0.0,0.0,0.0,
4.4,run,7.89,4.62,0.15,0.04,-0.57,0.0,0.0,0.0,1.183,0.09,16.44,65.48,1.76,16.61,74.36,3.08,20.39,86.75,1.14,18.37,75.5,1.49,18.46,85.34,1.32,16.0,74.36,0.03,16.97,66.53,1.55,17.97,75.42,2.66,24.87,89.58,1.18,18.76,75.75,1.47,21.98,86.91,1.39,18.66,75.98,0.0007,0.7632,0.018,0.0444,0.7813,0.1226,0.076,0.9068,0.2892,0.0337,0.7957,0.1265,0.0419,0.8542,0.2577,0.0396,0.7939,0.1292,0.0,0.013,0.026,0.006,0.039,0.078,0.013,1.073,0.189,0.0,0.006,0.006,0.0,0.682,0.182,0.0,0.189,0.065,0.0,0.2884,1.1397,0.0291,0.2807,1.2962,0.0506,0.3543,1.5064,0.0184,0.3129,1.3162,0.0291,0.3191,1.4895,0.023,0.2761,1.2931,-0.0,-0.0,0.0,0.0,-0.0,0.0,-0.0,0.0,0.0,-0.0,0.0,0.0,-0.0,0.0,0.0,-0.0,0.0,0.0,0.6506,0.0954,0.0027,-0.0029,-0.0094,0.0008,0.7632,0.0179,0.0444,0.7813,0.1226,0.0761,0.9067,0.2892,0.0337,0.7956,0.1265,0.0419,0.8542,0.2577,0.0397,0.7938,0.1292,0.0,0.0,0.0,0.0,0.0,0.0,0.0,0.0,0.0,
4.44,run,7.89,4.63,0.16,0.09,-0.5,0.0,0.0,0.0,1.183,0.09,16.44,65.48,1.76,16.61,74.36,3.08,20.39,86.75,1.14,18.37,75.5,1.49,18.46,85.34,1.32,16.0,74.36,0.03,16.98,66.53,1.55,17.97,75.42,2.66,24.87,89.58,1.18,18.76,75.76,1.47,21.98,86.91,1.39,18.66,75.98,0.0007,0.7632,0.018,0.0444,0.7813,0.1226,0.0761,0.9068,0.2892,0.0337,0.7957,0.1265,0.0419,0.8543,0.2577,0.0397,0.7938,0.1292,0.0,0.013,0.033,0.0,0.045,0.084,0.006,1.046,0.214,0.0,0.006,0.006,0.0,0.65,0.182,0.0,0.182,0.084,0.0,0.2884,1.1397,0.0291,0.2807,1.2962,0.0506,0.3543,1.5064,0.0184,0.3129,1.3162,0.0291,0.3191,1.4895,0.023,0.2761,1.2931,-0.0,-0.0,0.0,0.0,-0.0,0.0,-0.0,0.0,0.0,-0.0,0.0,0.0,-0.0,0.0,0.0,-0.0,0.0,0.0,0.6505,0.096,0.0027,0.0007,-0.0099,0.0007,0.7632,0.018,0.0444,0.7813,0.1226,0.076,0.9068,0.2892,0.0337,0.7957,0.1265,0.0419,0.8542,0.2577,0.0396,0.7939,0.1292,0.0,0.0,0.0,0.0,0.0,0.0,0.0,0.0,0.0,
4.48,run,7.89,4.63,0.27,-0.07,-0.56,0.0,0.0,0.0,1.183,0.09,16.44,65.48,1.76,16.61,74.36,3.08,20.39,86.75,1.14,18.37,75.5,1.49,18.46,85.34,1.32,16.0,74.36,0.03,16.98,66.53,1.55,17.97,75.42,2.66,24.87,89.59,1.18,18.76,75.76,1.47,21.98,86.91,1.39,18.66,75.98,0.0007,0.7632,0.018,0.0444,0.7813,0.1226,0.0761,0.9068,0.2893,0.0337,0.7957,0.1265,0.0419,0.8542,0.2578,0.0397,0.7939,0.1292,0.0,0.013,0.033,0.0,0.045,0.084,0.006,1.046,0.214,0.0,0.006,0.006,0.0,0.65,0.182,0.0,0.182,0.084,0.0,0.2884,1.1397,0.0291,0.2807,1.2962,0.0506,0.3543,1.5064,0.0184,0.3129,1.3162,0.0291,0.3191,1.4895,0.023,0.2761,1.2931,-0.0,-0.0,0.0,0.0,-0.0,0.0,-0.0,0.0,0.0,-0.0,0.0,0.0,-0.0,0.0,0.0,-0.0,0.0,0.0,0.6505,0.0966,0.0028,0.0015,-0.0087,0.0007,0.7632,0.018,0.0444,0.7813,0.1226,0.0761,0.9068,0.2892,0.0337,0.7957,0.1265,0.0419,0.8543,0.2577,0.0397,0.7938,0.1292,0.0,0.0,0.0,0.0,0.0,0.0,0.0,0.0,0.0,
4.52,run,7.89,4.62,0.14,-0.12,-0.61,0.0,0.0,0.0,1.183,0.09,16.44,65.48,1.76,16.61,74.36,3.08,20.39,86.75,1.14,18.37,75.5,1.49,18.46,85.34,1.32,16.0,74.36,0.03,16.98,66.53,1.55,17.97,75.42,2.66,24.87,89.58,1.18,18.76,75.76,1.47,21.98,86.91,1.39,18.66,75.98,0.0007,0.7632,0.018,0.0444,0.7813,0.1226,0.076,0.9068,0.2892,0.0337,0.7957,0.1265,0.0419,0.8542,0.2578,0.0397,0.7939,0.1292,0.0,0.013,0.033,0.0,0.045,0.084,0.006,1.046,0.214,0.0,0.006,0.006,0.0,0.65,0.182,0.0,0.182,0.084,0.0,0.2884,1.1397,0.0291,0.2807,1.2962,0.0506,0.3543,1.5064,0.0184,0.3129,1.3162,0.0291,0.3191,1.4895,0.023,0.2761,1.2931,-0.0,-0.0,0.0,0.0,-0.0,0.0,-0.0,0.0,0.0,-0.0,0.0,0.0,-0.0,0.0,0.0,-0.0,0.0,0.0,0.6507,0.0961,0.0047,-0.0013,-0.0098,0.0007,0.7632,0.018,0.0444,0.7813,0.1226,0.0761,0.9068,0.2893,0.0337,0.7957,0.1265,0.0419,0.8542,0.2578,0.0397,0.7939,0.1292,0.0,0.0,0.0,0.0,0.0,0.0,0.0,0.0,0.0,
4.56,run,7.89,4.63,0.1,0.1,-0.5,0.0,0.0,0.0,1.183,0.09,16.44,65.48,1.76,16.61,74.36,3.08,20.39,86.75,1.14,18.37,75.5,1.49,18.46,85.34,1.32,16.0,74.36,0.02,16.98,66.53,1.55,17.97,75.42,2.66,24.88,89.58,1.18,18.76,75.76,1.47,21.99,86.91,1.39,18.66,75.98,0.0007,0.7632,0.018,0.0444,0.7813,0.1226,0.076,0.9068,0.2892,0.0337,0.7957,0.1266,0.0419,0.8543,0.2577,0.0396,0.7939,0.1292,0.0,0.013,0.033,0.006,0.045,0.065,0.006,1.04,0.234,0.0,0.006,0.013,0.0,0.624,0.175,0.0,0.169,0.071,0.0,0.2884,1.1397,0.0291,0.2807,1.2962,0.0506,0.3543,1.5064,0.0184,0.3129,1.3162,0.0291,0.3191,1.4895,0.023,0.2761,1.2931,-0.0,-0.0,0.0,0.0,-0.0,0.0,-0.0,0.0,0.0,-0.0,0.0,0.0,-0.0,0.0,0.0,-0.0,0.0,0.0,0.6503,0.0959,0.0024,-0.0021,-0.0106,0.0007,0.7632,0.018,0.0444,0.7813,0.1226,0.076,0.9068,0.2892,0.0337,0.7957,0.1265,0.0419,0.8542,0.2578,0.0397,0.7939,0.1292,0.0,0.0,0.0,0.0,0.0,0.0,0.0,0.0,0.0,
4.6,run,7.89,4.64,0.24,0.03,-0.62,0.0,0.0,0.0,1.183,0.09,16.44,65.48,1.76,16.61,74.36,3.08,20.39,86.75,1.14,18.37,75.5,1.49,18.46,85.34,1.32,16.0,74.36,0.02,16.98,66.53,1.55,17.97,75.42,2.66,24.87,89.59,1.18,18.76,75.76,1.46,21.99,86.91,1.39,18.66,75.98,0.0007,0.7632,0.018,0.0444,0.7813,0.1226,0.076,0.9068,0.2893,0.0337,0.7957,0.1266,0.0419,0.8543,0.2578,0.0397,0.7939,0.1292,0.0,0.013,0.033,0.006,0.045,0.065,0.006,1.04,0.234,0.0,0.006,0.013,0.0,0.624,0.175,0.0,0.169,0.071,0.0,0.2884,1.1397,0.0291,0.2807,1.2962,0.0506,0.3543,1.5064,0.0184,0.3129,1.3162,0.0291,0.3191,1.4895,0.023,0.2761,1.2931,-0.0,-0.0,0.0,0.0,-0.0,0.0,-0.0,0.0,0.0,-0.0,0.0,0.0,-0.0,0.0,0.0,-0.0,0.0,0.0,0.6501,0.0968,0.0017,0.0018,-0.0087,0.0007,0.7632,0.018,0.0444,0.7813,0.1226,0.076,0.9068,0.2892,0.0337,0.7957,0.1266,0.0419,0.8543,0.2577,0.0396,0.7939,0.1292,0.0,0.0,0.0,0.0,0.0,0.0,0.0,0.0,0.0,
4.64,run,7.89,4.64,0.17,0.0,-0.52,0.0,0.0,0.0,1.183,0.09,16.44,65.48,1.76,16.61,74.36,3.08,20.39,86.75,1.14,18.37,75.5,1.49,18.46,85.34,1.32,16.0,74.36,0.03,16.98,66.53,1.55,17.97,75.43,2.66,24.88,89.59,1.18,18.76,75.76,1.47,21.99,86.91,1.39,18.66,75.99,0.0007,0.7632,0.018,0.0444,0.7813,0.1227,0.076,0.9069,0.2892,0.0337,0.7957,0.1266,0.0419,0.8543,0.2578,0.0397,0.7939,0.1292,0.0,0.013,0.033,0.006,0.045,0.065,0.006,1.04,0.234,0.0,0.006,0.013,0.0,0.624,0.175,0.0,0.169,0.071,0.0,0.2884,1.1397,0.0291,0.2807,1.2962,0.0506,0.3543,1.5064,0.0184,0.3129,1.3162,0.0291,0.3191,1.4895,0.023,0.2761,1.2931,-0.0,-0.0,0.0,0.0,-0.0,0.0,-0.0,0.0,0.0,-0.0,0.0,0.0,-0.0,0.0,0.0,-0.0,0.0,0.0,0.6502,0.097,0.0043,0.0006,-0.0107,0.0007,0.7632,0.018,0.0444,0.7813,0.1226,0.076,0.9068,0.2893,0.0337,0.7957,0.1266,0.0419,0.8543,0.2578,0.0397,0.7939,0.1292,0.0,0.0,0.0,0.0,0.0,0.0,0.0,0.0,0.0,
4.68,run,7.88,4.64,0.12,-0.04,-0.63,0.0,0.0,0.0,1.183,0.09,16.44,65.48,1.76,16.61,74.36,3.08,20.39,86.75,1.14,18.37,75.5,1.49,18.46,85.34,1.32,16.0,74.36,0.02,16.98,66.53,1.55,17.97,75.42,2.66,24.88,89.59,1.18,18.76,75.76,1.46,21.99,86.91,1.39,18.66,75.98,0.0007,0.7632,0.018,0.0444,0.7813,0.1226,0.076,0.9068,0.2893,0.0337,0.7957,0.1266,0.0419,0.8543,0.2578,0.0397,0.7939,0.1292,0.0,0.013,0.026,0.006,0.039,0.078,0.013,1.008,0.221,0.0,0.006,0.006,0.0,0.637,0.13,0.0,0.175,0.045,0.0,0.2884,1.1397,0.0291,0.2807,1.2962,0.0506,0.3543,1.5064,0.0184,0.3129,1.3162,0.0291,0.3191,1.4895,0.023,0.2761,1.2931,-0.0,-0.0,0.0,0.0,-0.0,0.0,-0.0,0.0,0.0,-0.0,0.0,0.0,-0.0,0.0,0.0,-0.0,0.0,0.0,0.6498,0.0969,0.0029,0.0001,-0.009,0.0007,0.7632,0.018,0.0444,0.7813,0.1227,0.076,0.9069,0.2892,0.0337,0.7957,0.1266,0.0419,0.8543,0.2578,0.0397,0.7939,0.1292,0.0,0.0,0.0,0.0,0.0,0.0,0.0,0.0,0.0,
4.72,run,7.88,4.64,0.15,0.01,-0.54,0.0,0.0,0.0,1.183,0.09,16.44,65.48,1.76,16.61,74.36,3.08,20.39,86.75,1.14,18.37,75.5,1.49,18.46,85.34,1.32,16.0,74.36,0.02,16.98,66.53,1.55,17.97,75.43,2.66,24.88,89.59,1.18,18.77,75.76,1.46,21.99,86.91,1.39,18.67,75.99,0.0007,0.7632,0.0181,0.0443,0.7813,0.1227,0.076,0.9069,0.2893,0.0337,0.7957,0.1266,0.0418,0.8544,0.2578,0.0396,0.7939,0.1292,0.0,0.013,0.026,0.006,0.039,0.078,0.013,1.008,0.221,0.0,0.006,0.006,0.0,0.637,0.13,0.0,0.175,0.045,0.0,0.2884,1.1397,0.0291,0.2807,1.2962,0.0506,0.3543,1.5064,0.0184,0.3129,1.3162,0.0291,0.3191,1.4895,0.023,0.2761,1.2931,-0.0,-0.0,0.0,0.0,-0.0,0.0,-0.0,0.0,0.0,-0.0,0.0,0.0,-0.0,0.0,0.0,-0.0,0.0,0.0,0.6496,0.0969,0.0021,-0.0007,-0.011,0.0007,0.7632,0.018,0.0444,0.7813,0.1226,0.076,0.9068,0.2893,0.0337,0.7957,0.1266,0.0419,0.8543,0.2578,0.0397,0.7939,0.1292,0.0,0.0,0.0,0.0,0.0,0.0,0.0,0.0,0.0,
4.76,run,7.88,4.65,0.21,0.03,-0.55,0.0,0.0,0.0,1.183,0.09,16.44,65.48,1.76,16.61,74.36,3.08,20.39,86.75,1.14,18.37,75.5,1.49,18.46,85.34,1.32,16.0,74.36,0.02,16.98,66.54,1.55,17.97,75.43,2.66,24.88,89.59,1.18,18.77,75.76,1.46,21.99,86.91,1.39,18.67,75.98,0.0007,0.7632,0.0181,0.0443,0.7814,0.1227,0.076,0.9069,0.2893,0.0336,0.7957,0.1266,0.0418,0.8544,0.2578,0.0396,0.7939,0.1292,0.0,0.013,0.026,0.006,0.039,0.078,0.013,1.008,0.221,0.0,0.006,0.006,0.0,0.637,0.13,0.0,0.175,0.045,0.0,0.2884,1.1397,0.0291,0.2807,1.2962,0.0506,0.3543,1.5064,0.0184,0.3129,1.3162,0.0291,0.3191,1.4895,0.023,0.2761,1.2931,-0.0,-0.0,0.0,0.0,-0.0,0.0,-0.0,0.0,0.0,-0.0,0.0,0.0,-0.0,0.0,0.0,-0.0,0.0,0.0,0.6494,0.0974,0.0025,0.0002,-0.0094,0.0007,0.7632,0.0181,0.0443,0.7813,0.1227,0.076,0.9069,0.2893,0.0337,0.7957,0.1266,0.0418,0.8544,0.2578,0.0396,0.7939,0.1292,0.0,0.0,0.0,0.0,0.0,0.0,0.0,0.0,0.0,
4.8,run,7.88,4.65,0.15,0.04,-0.51,0.0,0.0,0.0,1.183,0.09,16.44,65.48,1.76,16.61,74.36,3.08,20.39,86.75,1.14,18.37,75.5,1.49,18.46,85.34,1.32,16.0,74.36,0.02,16.98,66.54,1.55,17.97,75.43,2.66,24.88,89.59,1.18,18.77,75.76,1.46,21.99,86.91,1.39,18.67,75.98,0.0007,0.7632,0.0181,0.0443,0.7814,0.1227,0.076,0.9069,0.2893,0.0336,0.7957,0.1266,0.0418,0.8544,0.2578,0.0396,0.7939,0.1292,0.0,0.006,0.026,0.006,0.058,0.078,0.013,1.079,0.214,0.0,0.013,0.006,0.0,0.696,0.149,0.0,0.163,0.091,0.0,0.2884,1.1397,0.0291,0.2807,1.2962,0.0506,0.3543,1.5064,0.0184,0.3129,1.3162,0.0291,0.3191,1.4895,0.023,0.2761,1.2931,-0.0,-0.0,0.0,0.0,-0.0,0.0,-0.0,0.0,0.0,-0.0,0.0,0.0,-0.0,0.0,0.0,-0.0,0.0,0.0,0.6495,0.0979,0.0036,0.0005,-0.0095,0.0007,0.7632,0.0181,0.0443,0.7814,0.1227,0.076,0.9069,0.2893,0.0336,0.7957,0.1266,0.0418,0.8544,0.2578,0.0396,0.7939,0.1292,0.0,0.0,0.0,0.0,0.0,0.0,0.0,0.0,0.0,
4.84,run,7.88,4.65,0.12,-0.04,-0.52,0.0,0.0,0.0,1.183,0.09,16.44,65.48,1.76,16.61,74.36,3.08,20.39,86.75,1.14,18.37,75.5,1.49,18.46,85.34,1.32,16.0,74.36,0.02,16.98,66.54,1.55,17.98,75.43,2.66,24.88,89.59,1.18,18.77,75.76,1.46,21.99,86.91,1.39,18.67,75.98,0.0007,0.7632,0.0181,0.0443,0.7814,0.1227,0.076,0.9069,0.2893,0.0336,0.7958,0.1266,0.0418,0.8544,0.2578,0.0397,0.7939,0.1292,0.0,0.006,0.026,0.006,0.058,0.078,0.013,1.079,0.214,0.0,0.013,0.006,0.0,0.696,0.149,0.0,0.163,0.091,0.0,0.2884,1.1397,0.0291,0.2807,1.2962,0.0506,0.3543,1.5064,0.0184,0.3129,1.3162,0.0291,0.3191,1.4895,0.023,0.2761,1.2931,-0.0,-0.0,0.0,0.0,-0.0,0.0,-0.0,0.0,0.0,-0.0,0.0,0.0,-0.0,0.0,0.0,-0.0,0.0,0.0,0.6496,0.0981,0.0027,0.0007,-0.0089,0.0007,0.7632,0.0181,0.0443,0.7814,0.1227,0.076,0.9069,0.2893,0.0336,0.7957,0.1266,0.0418,0.8544,0.2578,0.0396,0.7939,0.1292,0.0,0.0,0.0,0.0,0.0,0.0,0.0,0.0,0.0,
4.88,run,7.89,4.65,0.21,-0.03,-0.54,0.0,0.0,0.0,1.183,0.09,16.44,65.48,1.76,16.61,74.36,3.08,20.39,86.84,1.14,18.37,75.5,1.49,18.46,85.34,1.32,16.0,74.36,0.02,16.98,66.54,1.55,17.98,75.43,2.66,24.88,89.59,1.18,18.77,75.76,1.46,22.0,86.91,1.39,18.67,75.99,0.0006,0.7632,0.0181,0.0443,0.7814,0.1227,0.076,0.907,0.2893,0.0336,0.7958,0.1266,0.0418,0.8545,0.2578,0.0396,0.794,0.1292,0.0,0.006,0.026,0.006,0.058,0.078,0.013,1.079,0.214,0.0,0.013,0.006,0.0,0.696,0.149,0.0,0.163,0.091,0.0,0.2884,1.1397,0.0291,0.2807,1.2962,0.0506,0.3543,1.5064,0.0184,0.3129,1.3162,0.0291,0.3191,1.4895,0.023,0.2761,1.2931,-0.0,-0.0,0.0,0.0,-0.0,0.0,-0.0,0.0,0.0,-0.0,0.0,0.0,-0.0,0.0,0.0,-0.0,0.0,0.0,0.6496,0.0983,0.002,-0.0007,-0.009,0.0007,0.7632,0.0181,0.0443,0.7814,0.1227,0.076,0.9069,0.2893,0.0336,0.7958,0.1266,0.0418,0.8544,0.2578,0.0397,0.7939,0.1292,0.0,0.0,0.0,0.0,0.0,0.0,0.0,0.0,0.0,
4.92,run,7.89,4.66,0.2,0.09,-0.51,0.0,0.0,0.0,1.183,0.09,16.44,65.48,1.76,16.61,74.36,3.08,20.39,86.84,1.14,18.37,75.5,1.49,18.46,85.34,1.32,16.0,74.36,0.02,16.98,66.56,1.55,17.98,75.44,2.66,24.89,89.6,1.18,18.77,75.78,1.46,22.0,86.92,1.38,18.67,75.99,0.0006,0.7632,0.0183,0.0443,0.7814,0.1229,0.076,0.9071,0.2894,0.0336,0.7958,0.1268,0.0418,0.8546,0.2579,0.0396,0.794,0.1293,0.0,0.013,0.026,0.0,0.052,0.065,0.006,0.988,0.175,0.0,0.006,0.013,0.0,0.715,0.195,0.0,0.189,0.071,0.0,0.2884,1.1397,0.0291,0.2807,1.2962,0.0506,0.3543,1.5079,0.0184,0.3129,1.3162,0.0291,0.3191,1.4895,0.023,0.2761,1.2931,-0.0,-0.0,0.0,0.0,-0.0,0.0,-0.0,0.0,0.0057,-0.0,0.0,0.0,-0.0,0.0,0.0,-0.0,0.0,0.0,0.6499,0.0985,0.0037,-0.0006,-0.0094,0.0006,0.7632,0.0181,0.0443,0.7814,0.1227,0.076,0.907,0.2893,0.0336,0.7958,0.1266,0.0418,0.8545,0.2578,0.0396,0.794,0.1292,0.0,0.0,0.0,0.0,0.0,0.0,0.0,0.0,0.0,
4.96,run,7.89,4.66,0.12,0.05,-0.51,0.0,0.0,0.0,1.183,0.09,16.44,65.48,1.76,16.61,74.36,3.08,20.39,86.84,1.14,18.37,75.5,1.49,18.46,85.34,1.32,16.0,74.36,0.02,16.98,66.56,1.55,17.98,75.44,2.66,24.89,89.6,1.18,18.77,75.78,1.46,22.01,86.93,1.39,18.67,75.99,0.0006,0.7633,0.0183,0.0443,0.7814,0.1229,0.076,0.9072,0.2894,0.0336,0.7958,0.1268,0.0418,0.8546,0.258,0.0397,0.794,0.1293,0.0,0.013,0.026,0.0,0.052,0.065,0.006,0.988,0.175,0.0,0.006,0.013,0.0,0.715,0.195,0.0,0.189,0.071,0.0,0.2884,1.1397,0.0291,0.2807,1.2962,0.0506,0.3543,1.5079,0.0184,0.3129,1.3162,0.0291,0.3191,1.4895,0.023,0.2761,1.2931,-0.0,-0.0,0.0,0.0,-0.0,0.0,-0.0,0.0,0.004,-0.0,0.0,0.0,-0.0,0.0,0.0,-0.0,0.0,0.0,0.6502,0.0991,0.0035,0.0015,-0.0089,0.0006,0.7632,0.0183,0.0443,0.7814,0.1229,0.076,0.9071,0.2894,0.0336,0.7958,0.1268,0.0418,0.8546,0.2579,0.0396,0.794,0.1293,0.0,0.0,0.0,0.0,0.0,0.0,0.0,0.0,0.0,
5.0,run,7.88,4.66,0.16,-0.02,-0.54,0.0,0.0,0.0,1.183,0.09,16.44,65.48,1.76,16.61,74.36,3.08,20.39,86.84,1.14,18.37,75.5,1.49,18.46,85.34,1.32,16.0,74.36,0.02,16.98,66.56,1.55,17.98,75.45,2.66,24.9,89.6,1.17,18.77,75.78,1.46,22.01,86.93,1.39,18.67,75.99,0.0006,0.7633,0.0183,0.0443,0.7815,0.1229,0.076,0.9072,0.2894,0.0336,0.7958,0.1268,0.0418,0.8547,0.258,0.0396,0.7941,0.1293,0.0,0.013,0.026,0.0,0.052,0.065,0.006,0.988,0.175,0.0,0.006,0.013,0.0,0.715,0.195,0.0,0.189,0.071,0.0,0.2884,1.1397,0.0291,0.2807,1.2962,0.0506,0.3543,1.5079,0.0184,0.3129,1.3162,0.0291,0.3191,1.4895,0.023,0.2761,1.2931,-0.0,-0.0,0.0,0.0,-0.0,0.0,-0.0,0.0,0.0028,-0.0,0.0,0.0,-0.0,0.0,0.0,-0.0,0.0,0.0,0.65,0.0993,0.0021,0.0009,-0.0089,0.0006,0.7633,0.0183,0.0443,0.7814,0.1229,0.076,0.9072,0.2894,0.0336,0.7958,0.1268,0.0418,0.8546,0.258,0.0397,0.794,0.1293,0.0,0.0,0.0,0.0,0.0,0.0,0.0,0.0,0.0,
5.04,run,7.89,4.67,0.24,-0.02,-0.59,0.7,0.0,0.0,1.183,0.09,16.44,65.48,1.76,16.61,74.36,3.08,20.39,86.84,1.14,18.37,75.5,1.49,18.46,85.34,1.32,16.0,74.36,-0.03,16.96,66.32,1.54,17.95,75.21,2.65,24.76,89.55,1.23,18.75,75.54,1.41,21.92,86.77,1.35,18.66,75.87,-0.001,0.763,0.0155,0.044,0.781,0.1201,0.0756,0.9046,0.2888,0.0352,0.7955,0.124,0.0404,0.8531,0.2561,0.0386,0.7939,0.1279,0.0,0.013,0.019,0.006,0.039,0.039,0.006,1.059,0.175,0.0,0.006,0.006,0.0,0.598,0.104,0.0,0.214,0.052,0.0,0.2884,1.1397,0.0291,0.2807,1.2962,0.0506,0.3543,1.5079,0.0184,0.3129,1.3162,0.0291,0.3191,1.4895,0.023,0.2761,1.2931,-0.0,-0.0,0.0,0.0,-0.0,0.0,-0.0,0.0,0.002,-0.0,0.0,0.0,-0.0,0.0,0.0,-0.0,0.0,0.0,0.6498,0.0995,0.0028,-0.0003,-0.0094,0.0006,0.7633,0.0183,0.0443,0.7815,0.1229,0.076,0.9072,0.2894,0.0336,0.7958,0.1268,0.0418,0.8547,0.258,0.0396,0.7941,0.1293,0.0,0.0,0.0148,0.0,0.0,0.0,0.0,0.0,0.0,
5.08,run,7.89,4.68,0.31,0.19,-0.61,1.5,0.0,0.0,1.183,0.09,16.44,65.48,1.76,16.61,74.36,3.08,20.39,86.84,1.14,18.37,75.32,1.49,18.46,85.34,1.32,16.0,74.36,-0.09,16.94,66.09,1.53,17.92,74.99,2.63,24.6,89.49,1.29,18.73,75.31,1.36,21.82,86.62,1.31,18.64,75.77,-0.0025,0.7626,0.0128,0.0437,0.7803,0.1176,0.0753,0.9019,0.2881,0.0368,0.795,0.1213,0.0389,0.8513,0.2543,0.0374,0.7934,0.1267,0.0,0.013,0.019,0.006,0.039,0.039,0.006,1.059,0.175,0.0,0.006,0.006,0.0,0.598,0.104,0.0,0.214,0.052,0.0,0.2884,1.1397,0.0291,0.2807,1.2962,0.0506,0.3543,1.5079,0.0184,0.3129,1.3162,0.0291,0.3191,1.4895,0.023,0.2761,1.2931,-0.0,-0.0,0.0,0.0,-0.0,0.0,-0.0,0.0,0.0014,-0.0,0.0,0.0,-0.0,0.0,0.0,-0.0,0.0,0.0,0.6498,0.0997,0.0041,-0.0003,-0.0102,-0.001,0.763,0.0155,0.044,0.781,0.1201,0.0756,0.9046,0.2888,0.0352,0.7955,0.124,0.0404,0.8531,0.2561,0.0386,0.7939,0.1279,0.0,0.0,0.0296,0.0,0.0,0.0,0.0,0.0,0.0,
5.12,run,7.88,4.68,-0.07,-0.13,-0.43,2.2,0.0,0.0,1.183,0.09,16.44,65.48,1.76,16.61,74.36,3.08,20.39,86.84,1.14,18.37,75.23,1.49,18.46,85.34,1.32,16.0,74.36,-0.13,16.93,65.86,1.52,17.89,74.8,2.63,24.47,89.43,1.34,18.7,75.12,1.31,21.74,86.49,1.27,18.61,75.69,-0.0039,0.7624,0.0102,0.0433,0.7798,0.1153,0.075,0.8995,0.2874,0.0383,0.7946,0.1191,0.0375,0.8499,0.2528,0.0363,0.7929,0.1257,0.0,0.013,0.019,0.006,0.039,0.039,0.006,1.059,0.175,0.0,0.006,0.006,0.0,0.598,0.104,0.0,0.214,0.052,0.0,0.2884,1.1397,0.0291,0.2807,1.2962,0.0506,0.3543,1.5079,0.0184,0.3129,1.3131,0.0291,0.3191,1.4895,0.023,0.2761,1.2931,-0.0,-0.0,0.0,0.0,-0.0,0.0,-0.0,0.0,0.001,-0.0,0.0,-0.0116,-0.0,0.0,0.0,-0.0,0.0,0.0,0.6501,0.1004,0.0055,0.0034,-0.0106,-0.0025,0.7626,0.0128,0.0437,0.7803,0.1176,0.0753,0.9019,0.2881,0.0368,0.795,0.1213,0.0389,0.8513,0.2543,0.0374,0.7934,0.1267,0.0,0.0,0.0444,0.0,0.0,0.0,0.0,0.0,0.0,
5.16,run,7.9,4.69,0.59,0.29,-1.45,3.0,0.0,0.0,1.183,-0.09,16.44,65.48,1.76,16.61,74.36,3.08,20.39,86.84,1.32,18.37,75.23,1.41,18.46,85.34,1.32,16.0,74.36,-0.18,16.92,65.65,1.5,17.86,74.6,2.61,24.34,89.37,1.39,18.68,74.92,1.27,21.67,86.36,1.23,18.59,75.6,-0.0053,0.7622,0.0077,0.043,0.7793,0.1129,0.0747,0.897,0.2868,0.0397,0.7942,0.1167,0.0362,0.8486,0.2513,0.0351,0.7925,0.1247,0.0,0.013,0.0,0.006,0.039,0.006,0.006,0.806,0.163,0.006,0.006,0.013,0.006,0.617,0.065,0.0,0.195,0.039,0.0,0.2884,1.1397,0.0291,0.2807,1.2962,0.0506,0.3543,1.5079,0.0184,0.3129,1.3116,0.0291,0.3191,1.4895,0.023,0.2761,1.2931,-0.0,-0.0,0.0,0.0,-0.0,0.0,-0.0,0.0,0.0007,-0.0,0.0,-0.0138,-0.0,0.0,0.0,-0.0,0.0,0.0,0.649,0.1005,-0.0012,-0.0022,-0.0075,-0.0039,0.7624,0.0102,0.0433,0.7798,0.1153,0.075,0.8995,0.2874,0.0383,0.7946,0.1191,0.0375,0.8499,0.2528,0.0363,0.7929,0.1257,0.0,0.0,0.0592,0.0,0.0,0.0,0.0,0.0,0.0,
5.2,run,7.87,4.7,-0.54,0.47,0.53,3.7,0.0,0.0,1.183,0.0,16.44,65.48,1.76,16.61,74.36,3.08,20.39,86.84,1.41,18.37,74.88,1.32,18.46,85.34,1.32,16.0,74.36,-0.21,16.91,65.46,1.5,17.83,74.43,2.61,24.21,89.3,1.44,18.66,74.77,1.23,21.6,86.27,1.18,18.56,75.56,-0.006,0.762,0.0054,0.0428,0.7788,0.1109,0.0745,0.8948,0.2859,0.0411,0.7938,0.1149,0.0352,0.8473,0.2502,0.0338,0.7921,0.1242,0.0,0.013,0.0,0.006,0.039,0.006,0.006,0.806,0.163,0.006,0.006,0.013,0.006,0.617,0.065,0.0,0.195,0.039,-0.0031,0.2884,1.1397,0.0291,0.2807,1.2962,0.0506,0.3543,1.5079,0.0215,0.3129,1.3116,0.0276,0.3191,1.4895,0.023,0.2761,1.2931,-0.0115,-0.0,0.0,0.0,-0.0,0.0,-0.0,0.0,0.0005,0.0115,0.0,-0.0097,-0.0057,0.0,0.0,-0.0,0.0,0.0,0.6511,0.1017,0.0103,0.005,-0.0253,-0.0053,0.7622,0.0077,0.043,0.7793,0.1129,0.0747,0.897,0.2868,0.0397,0.7942,0.1167,0.0362,0.8486,0.2513,0.0351,0.7925,0.1247,0.0,0.0,0.074,0.0,0.0,0.0,0.0,0.0,0.0,
5.24,run,7.85,4.68,-0.53,-0.62,-1.22,4.4,0.0,0.0,1.183,0.0,16.44,65.39,1.76,16.61,74.09,3.08,20.39,86.84,1.41,18.37,74.79,1.32,18.46,85.34,1.14,16.0,74.36,-0.26,16.92,65.23,1.5,17.83,74.22,2.62,24.06,89.27,1.47,18.64,74.6,1.2,21.53,86.18,1.17,18.53,75.47,-0.0073,0.7623,0.0027,0.0427,0.7786,0.1085,0.0748,0.892,0.2855,0.042,0.7934,0.113,0.0342,0.8459,0.2492,0.0334,0.7915,0.1232,0.0,0.013,0.0,0.006,0.039,0.006,0.006,0.806,0.163,0.006,0.006,0.013,0.006,0.617,0.065,0.0,0.195,0.039,-0.0015,0.2884,1.1397,0.0291,0.2807,1.2962,0.0506,0.3543,1.5079,0.023,0.3129,1.3054,0.0261,0.3191,1.4895,0.023,0.2761,1.2931,-0.0022,-0.0,0.0,0.0,-0.0,0.0,-0.0,0.0,0.0003,0.0138,0.0,-0.0299,-0.0098,0.0,0.0,-0.0,0.0,0.0,0.6489,0.1023,-0.0094,0.0082,0.0092,-0.006,0.762,0.0054,0.0428,0.7788,0.1109,0.0745,0.8948,0.2859,0.0411,0.7938,0.1149,0.0352,0.8473,0.2502,0.0338,0.7921,0.1242,0.0,0.0,0.0888,0.0,0.0,0.0,0.0,0.0,0.0,
5.28,run,7.89,4.69,1.26,0.45,-1.3,5.2,0.0,0.0,1.183,-0.18,16.44,65.3,1.76,16.61,73.83,3.08,20.39,86.84,1.41,18.37,74.71,1.32,18.46,85.34,1.14,16.0,74.36,-0.3,16.93,65.0,1.48,17.79,74.06,2.59,23.95,89.18,1.51,18.62,74.44,1.14,21.49,86.05,1.11,18.51,75.42,-0.0085,0.7624,-0.0001,0.0422,0.7779,0.1066,0.074,0.89,0.2844,0.0433,0.793,0.111,0.0325,0.8453,0.2476,0.0316,0.791,0.1226,0.013,0.013,0.0,0.006,0.033,0.006,0.013,0.65,0.136,0.0,0.006,0.006,0.0,0.552,0.033,0.0,0.163,0.033,-0.0015,0.2884,1.1382,0.0291,0.2807,1.2916,0.0506,0.3543,1.5079,0.023,0.3129,1.3039,0.0261,0.3191,1.4895,0.0199,0.2761,1.2931,-0.0016,-0.0,-0.0057,0.0,-0.0,-0.0172,-0.0,0.0,0.0002,0.0097,0.0,-0.0267,-0.0069,0.0,0.0,-0.0114,0.0,0.0,0.6467,0.1007,-0.0092,-0.0109,-0.0213,-0.0073,0.7623,0.0027,0.0427,0.7786,0.1085,0.0748,0.892,0.2855,0.042,0.7934,0.113,0.0342,0.8459,0.2492,0.0334,0.7915,0.1232,0.0,0.0,0.1036,0.0,0.0,0.0,0.0,0.0,0.0,
5.32,run,7.88,4.7,0.14,-0.1,0.14,5.9,0.0,0.0,1.183,-0.09,16.44,65.04,1.76,16.61,73.83,3.08,20.39,86.84,1.41,18.37,74.53,1.23,18.46,85.34,1.05,16.0,74.36,-0.32,16.95,64.79,1.48,17.77,73.88,2.61,23.82,89.09,1.55,18.6,74.28,1.12,21.43,86.0,1.1,18.48,75.34,-0.0091,0.7627,-0.0025,0.0422,0.7776,0.1044,0.0746,0.8877,0.2834,0.0444,0.7928,0.1092,0.0319,0.8442,0.247,0.0314,0.7905,0.1217,0.013,0.013,0.0,0.006,0.033,0.006,0.013,0.65,0.136,0.0,0.006,0.006,0.0,0.552,0.033,0.0,0.163,0.033,-0.0046,0.2884,1.1367,0.0291,0.2807,1.287,0.0506,0.3543,1.5079,0.023,0.3129,1.3023,0.0261,0.3191,1.4895,0.0199,0.2761,1.2931,-0.0127,-0.0,-0.0098,0.0,-0.0,-0.0294,-0.0,0.0,0.0002,0.0068,0.0,-0.0245,-0.0048,0.0,0.0,-0.008,0.0,0.0,0.6502,0.1017,0.022,0.0078,-0.0227,-0.0085,0.7624,-0.0001,0.0422,0.7779,0.1066,0.074,0.89,0.2844,0.0433,0.793,0.111,0.0325,0.8453,0.2476,0.0316,0.791,0.1226,0.0,0.0,0.1184,0.0,0.0,0.0,0.0,0.0,0.0,
5.36,run,7.83,4.71,-1.23,0.24,-1.93,6.7,0.0,0.0,1.183,-0.26,16.44,64.78,1.76,16.61,73.48,2.99,20.39,86.84,1.41,18.37,74.27,1.32,18.46,85.34,1.05,16.0,74.36,-0.36,16.97,64.58,1.47,17.76,73.68,2.62,23.69,89.04,1.58,18.6,74.12,1.09,21.37,85.93,1.09,18.45,75.28,-0.0103,0.763,-0.005,0.0419,0.7775,0.1021,0.0749,0.8852,0.2829,0.0451,0.7927,0.1073,0.0311,0.8431,0.2463,0.0313,0.79,0.121,0.013,0.013,0.0,0.006,0.033,0.006,0.013,0.65,0.136,0.0,0.006,0.006,0.0,0.552,0.033,0.0,0.163,0.033,-0.0031,0.2884,1.1321,0.0291,0.2807,1.287,0.0506,0.3543,1.5079,0.023,0.3129,1.2993,0.0245,0.3191,1.4895,0.0184,0.2761,1.2931,-0.0031,-0.0,-0.024,0.0,-0.0,-0.0206,-0.0,0.0,0.0001,0.0047,0.0,-0.0286,-0.0091,0.0,0.0,-0.0113,0.0,0.0,0.6492,0.1027,0.0024,-0.0018,0.0024,-0.0091,0.7627,-0.0025,0.0422,0.7776,0.1044,0.0746,0.8877,0.2834,0.0444,0.7928,0.1092,0.0319,0.8442,0.247,0.0314,0.7905,0.1217,0.0,0.0,0.1332,0.0,0.0,0.0,0.0,0.0,0.0,
5.4,run,7.84,4.68,0.24,-0.6,1.22,7.4,0.0,0.0,1.183,-0.18,16.44,64.6,1.76,16.61,73.39,2.99,20.39,86.84,1.49,18.37,74.18,1.05,18.46,85.34,1.05,16.0,74.36,-0.41,17.01,64.38,1.45,17.76,73.59,2.59,23.68,88.95,1.6,18.61,74.04,1.02,21.45,85.84,1.03,18.43,75.27,-0.0117,0.7638,-0.0073,0.0413,0.7774,0.1011,0.0741,0.8851,0.2818,0.0458,0.7929,0.1064,0.029,0.8445,0.2452,0.0294,0.7896,0.1209,0.0,0.013,0.0,0.006,0.039,0.006,0.013,0.592,0.111,0.006,0.006,0.006,0.006,0.507,0.026,0.0,0.149,0.026,-0.0061,0.2884,1.1275,0.0291,0.2807,1.2809,0.0491,0.3543,1.5079,0.023,0.3129,1.2947,0.0261,0.3191,1.4895,0.0184,0.2761,1.2931,-0.0137,-0.0,-0.034,0.0,-0.0,-0.0374,-0.0057,0.0,0.0001,0.0033,0.0,-0.0372,-0.0006,0.0,0.0,-0.0079,0.0,0.0,0.6452,0.1031,-0.0214,0.0042,-0.0337,-0.0103,0.763,-0.005,0.0419,0.7775,0.1021,0.0749,0.8852,0.2829,0.0451,0.7927,0.1073,0.0311,0.8431,0.2463,0.0313,0.79,0.121,0.0,0.0,0.148,0.0,0.0,0.0,0.0,0.0,0.0,
5.44,run,7.85,4.67,0.78,-0.53,-1.72,8.1,0.0,0.0,1.183,-0.26,16.44,64.42,1.76,16.61,73.39,2.99,20.39,86.84,1.49,18.37,74.09,1.14,18.46,85.34,1.05,16.0,74.36,-0.42,17.03,64.19,1.46,17.77,73.35,2.64,23.49,88.91,1.63,18.6,73.88,1.04,21.32,85.86,1.05,18.41,75.19,-0.0119,0.7641,-0.0095,0.0416,0.7777,0.0983,0.0754,0.8816,0.2813,0.0464,0.7927,0.1045,0.0296,0.8422,0.2454,0.0301,0.7894,0.1199,0.0,0.013,0.0,0.006,0.039,0.006,0.013,0.592,0.111,0.006,0.006,0.006,0.006,0.507,0.026,0.0,0.149,0.026,-0.0046,0.2884,1.1244,0.0291,0.2807,1.2793,0.0491,0.3543,1.5079,0.0245,0.3129,1.2931,0.0215,0.3191,1.4895,0.0184,0.2761,1.2931,-0.0038,-0.0,-0.0354,0.0,-0.0,-0.0319,-0.004,0.0,0.0001,0.0081,0.0,-0.0318,-0.0177,0.0,0.0,-0.0056,0.0,0.0,0.6463,0.101,0.0041,-0.0105,0.0212,-0.0117,0.7638,-0.0073,0.0413,0.7774,0.1011,0.0741,0.8851,0.2818,0.0458,0.7929,0.1064,0.029,0.8445,0.2452,0.0294,0.7896,0.1209,0.0,0.0,0.1628,0.0,0.0,0.0,0.0,0.0,0.0,
5.48,run,7.8,4.68,-1.39,0.33,-0.13,8.9,0.0,0.0,1.183,-0.35,16.44,64.25,1.76,16.61,73.04,2.99,20.39,86.84,1.49,18.37,74.0,1.14,18.46,85.34,1.05,16.0,74.36,-0.44,17.05,64.07,1.43,17.75,73.28,2.61,23.48,88.78,1.66,18.6,73.83,0.99,21.36,85.75,0.97,18.4,75.23,-0.0125,0.7645,-0.011,0.0409,0.7773,0.0974,0.0745,0.8814,0.2798,0.0473,0.7927,0.1038,0.0282,0.8429,0.2442,0.0276,0.7891,0.1203,0.0,0.013,0.0,0.006,0.039,0.006,0.013,0.592,0.111,0.006,0.006,0.006,0.006,0.507,0.026,0.0,0.149,0.026,-0.0061,0.2884,1.1213,0.0291,0.2807,1.2793,0.0491,0.3543,1.5079,0.0245,0.3129,1.2916,0.023,0.3191,1.4895,0.0184,0.2761,1.2931,-0.0084,-0.0,-0.0362,0.0,-0.0,-0.0223,-0.0028,0.0,0.0,0.0057,0.0,-0.028,-0.0067,0.0,0.0,-0.0039,0.0,0.0,0.6466,0.1001,0.0136,-0.0093,-0.0301,-0.0119,0.7641,-0.0095,0.0416,0.7777,0.0983,0.0754,0.8816,0.2813,0.0464,0.7927,0.1045,0.0296,0.8422,0.2454,0.0301,0.7894,0.1199,0.0,0.0,0.1776,0.0,0.0,0.0,0.0,0.0,0.0,
5.52,run,7.77,4.75,-0.69,1.82,-0.69,9.6,0.0,0.0,1.183,-0.26,16.44,64.07,1.67,16.61,72.86,2.99,20.39,86.84,1.49,18.37,73.92,1.05,18.46,85.34,1.05,16.0,74.36,-0.47,17.1,63.86,1.44,17.77,73.12,2.63,23.38,88.73,1.66,18.62,73.7,0.96,21.37,85.75,0.98,18.39,75.16,-0.0135,0.7654,-0.0135,0.0411,0.7777,0.0955,0.0751,0.8796,0.2792,0.0476,0.793,0.1024,0.0273,0.8431,0.2441,0.028,0.7889,0.1195,0.006,0.019,0.0,0.0,0.033,0.013,0.0,0.487,0.084,0.0,0.006,0.006,0.006,0.539,0.019,0.0,0.163,0.019,-0.0077,0.2884,1.1183,0.0291,0.2807,1.2732,0.0491,0.3543,1.5079,0.0245,0.3129,1.2901,0.023,0.3191,1.4895,0.0184,0.2761,1.2931,-0.0116,-0.0,-0.0368,0.0,-0.0,-0.0386,-0.002,0.0,0.0,0.004,0.0,-0.0254,-0.0047,0.0,0.0,-0.0027,0.0,0.0,0.6422,0.1006,-0.0242,0.0058,-0.0024,-0.0125,0.7645,-0.011,0.0409,0.7773,0.0974,0.0745,0.8814,0.2798,0.0473,0.7927,0.1038,0.0282,0.8429,0.2442,0.0276,0.7891,0.1203,0.0,0.0,0.1924,0.0,0.0,0.0,0.0,0.0,0.0,
5.56,run,7.75,4.74,-0.08,-0.35,-1.71,10.4,0.0,0.0,1.183,-0.26,16.44,63.9,1.58,16.61,72.86,2.99,20.39,86.84,1.67,18.37,73.92,1.14,18.46,85.34,1.05,16.0,74.36,-0.48,17.15,63.72,1.44,17.78,73.02,2.63,23.31,88.66,1.68,18.62,73.66,0.94,21.37,85.74,0.96,18.38,75.18,-0.0136,0.7663,-0.0151,0.0411,0.7778,0.0943,0.0753,0.8783,0.2784,0.0481,0.793,0.1018,0.0267,0.843,0.244,0.0275,0.7887,0.1197,0.006,0.019,0.0,0.0,0.033,0.013,0.0,0.487,0.084,0.0,0.006,0.006,0.006,0.539,0.019,0.0,0.163,0.019,-0.0061,0.2884,1.1152,0.0276,0.2807,1.2701,0.0491,0.3543,1.5079,0.0245,0.3129,1.2885,0.0215,0.3191,1.4895,0.0184,0.2761,1.2931,-0.0024,-0.0,-0.0373,-0.0057,-0.0,-0.0385,-0.0014,0.0,0.0,0.0028,0.0,-0.0235,-0.009,0.0,0.0,-0.0019,0.0,0.0,0.64,0.1068,-0.012,0.0318,-0.0121,-0.0135,0.7654,-0.0135,0.0411,0.7777,0.0955,0.0751,0.8796,0.2792,0.0476,0.793,0.1024,0.0273,0.8431,0.2441,0.028,0.7889,0.1195,0.0,0.0,0.2072,0.0,0.0,0.0,0.0,0.0,0.0,
5.6,run,7.71,4.76,-0.89,0.61,0.12,11.1,0.0,0.0,1.183,-0.26,16.44,63.72,1.58,16.61,72.77,2.99,20.39,86.84,1.58,18.37,73.74,1.05,18.46,85.34,1.05,16.0,74.36,-0.49,17.17,63.65,1.41,17.79,72.95,2.61,23.28,88.55,1.71,18.63,73.61,0.91,21.4,85.68,0.88,18.4,75.21,-0.0141,0.7667,-0.0158,0.0402,0.778,0.0935,0.0744,0.8777,0.2771,0.0487,0.7932,0.1013,0.0259,0.8435,0.2433,0.0251,0.7891,0.1201,0.006,0.019,0.0,0.0,0.033,0.013,0.0,0.487,0.084,0.0,0.006,0.006,0.006,0.539,0.019,0.0,0.163,0.019,-0.0061,0.2884,1.1121,0.0261,0.2807,1.2701,0.0491,0.3543,1.5079,0.0276,0.3129,1.2885,0.023,0.3191,1.4895,0.0184,0.2761,1.2931,-0.0017,-0.0,-0.0377,-0.0098,-0.0,-0.027,-0.001,0.0,0.0,0.0135,0.0,-0.0164,-0.0005,0.0,0.0,-0.0013,0.0,0.0,0.6384,0.106,-0.0013,-0.0061,-0.0298,-0.0136,0.7663,-0.0151,0.0411,0.7778,0.0943,0.0753,0.8783,0.2784,0.0481,0.793,0.1018,0.0267,0.843,0.244,0.0275,0.7887,0.1197,0.0,0.0,0.222,0.0,0.0,0.0,0.0,0.0,0.0,
5.64,run,7.7,4.78,-0.52,0.25,-0.78,11.8,0.0,0.0,1.183,-0.26,16.44,63.63,1.58,16.61,72.69,2.99,20.39,86.84,1.49,18.37,73.83,0.97,18.46,85.34,0.88,16.0,74.36,-0.51,17.23,63.48,1.42,17.81,72.81,2.64,23.18,88.5,1.71,18.64,73.53,0.9,21.39,85.71,0.91,18.39,75.17,-0.0145,0.7678,-0.0179,0.0404,0.7784,0.0919,0.0754,0.876,0.2764,0.0488,0.7935,0.1004,0.0256,0.8435,0.2436,0.0259,0.7889,0.1196,0.013,0.019,0.0,0.006,0.039,0.013,0.006,0.52,0.058,0.006,0.006,0.006,0.0,0.442,0.013,0.006,0.143,0.019,-0.0061,0.2884,1.1091,0.0261,0.2807,1.2686,0.0491,0.3543,1.5079,0.0261,0.3129,1.2855,0.0215,0.3191,1.4895,0.0184,0.2761,1.2931,-0.0012,-0.0,-0.0378,-0.0069,-0.0,-0.0246,-0.0007,0.0,0.0,0.0037,0.0,-0.023,-0.0061,0.0,0.0,-0.0009,0.0,0.0,0.6347,0.108,-0.0156,0.0107,0.002,-0.0141,0.7667,-0.0158,0.0402,0.778,0.0935,0.0744,0.8777,0.2771,0.0487,0.7932,0.1013,0.0259,0.8435,0.2433,0.0251,0.7891,0.1201,0.0,0.0,0.2368,0.0,0.0,0.0,0.0,0.0,0.0,
5.68,run,7.71,4.78,0.0,0.16,-0.94,12.6,0.0,0.0,1.183,-0.26,16.44,63.54,1.58,16.61,72.51,2.99,20.39,86.84,1.58,18.37,73.65,0.97,18.46,85.34,0.88,16.0,74.36,-0.5,17.28,63.32,1.42,17.82,72.69,2.65,23.09,88.41,1.72,18.64,73.46,0.88,21.37,85.7,0.89,18.38,75.17,-0.0144,0.7687,-0.0198,0.0404,0.7785,0.0904,0.0757,0.8743,0.2754,0.0492,0.7935,0.0995,0.0252,0.843,0.2435,0.0254,0.7887,0.1197,0.013,0.019,0.0,0.006,0.039,0.013,0.006,0.52,0.058,0.006,0.006,0.006,0.0,0.442,0.013,0.006,0.143,0.019,-0.0061,0.2884,1.1075,0.0261,0.2807,1.2671,0.0491,0.3543,1.5079,0.0245,0.3129,1.287,0.0199,0.3191,1.4895,0.0153,0.2761,1.2931,-0.0008,-0.0,-0.0323,-0.0048,-0.0,-0.023,-0.0005,0.0,0.0,-0.0032,0.0,-0.0103,-0.01,0.0,0.0,-0.0122,0.0,0.0,0.6337,0.1092,-0.009,0.0043,-0.0137,-0.0145,0.7678,-0.0179,0.0404,0.7784,0.0919,0.0754,0.876,0.2764,0.0488,0.7935,0.1004,0.0256,0.8435,0.2436,0.0259,0.7889,0.1196,0.0,0.0,0.2516,0.0,0.0,0.0,0.0,0.0,0.0,
5.72,run,7.66,4.77,-1.3,-0.65,0.59,13.3,0.0,0.0,1.183,-0.26,16.44,63.28,1.58,16.61,72.42,2.99,20.39,86.84,1.67,18.37,73.65,0.97,18.46,85.34,0.88,16.0,74.36,-0.51,17.33,63.21,1.41,17.83,72.61,2.65,23.04,88.32,1.73,18.65,73.44,0.86,21.39,85.69,0.86,18.38,75.19,-0.0146,0.7695,-0.0211,0.0402,0.7788,0.0895,0.0757,0.8735,0.2743,0.0495,0.7936,0.0993,0.0247,0.8434,0.2434,0.0245,0.7887,0.1199,0.013,0.019,0.0,0.006,0.039,0.013,0.006,0.52,0.058,0.006,0.006,0.006,0.0,0.442,0.013,0.006,0.143,0.019,-0.0061,0.2884,1.106,0.0261,0.2807,1.264,0.0491,0.3543,1.5079,0.0261,0.3129,1.2839,0.0199,0.3191,1.4895,0.0153,0.2761,1.2931,-0.0006,-0.0,-0.0283,-0.0034,-0.0,-0.0276,-0.0003,0.0,0.0,0.0035,0.0,-0.0187,-0.007,0.0,0.0,-0.0086,0.0,0.0,0.6343,0.1093,0.0,0.0029,-0.0163,-0.0144,0.7687,-0.0198,0.0404,0.7785,0.0904,0.0757,0.8743,0.2754,0.0492,0.7935,0.0995,0.0252,0.843,0.2435,0.0254,0.7887,0.1197,0.0,0.0,0.2664,0.0,0.0,0.0,0.0,0.0,0.0,
5.76,run,7.64,4.76,-0.2,-0.19,-1.23,14.1,0.0,0.0,1.183,-0.26,16.44,63.19,1.58,16.61,72.33,2.99,20.39,86.84,1.76,18.37,73.65,0.97,18.46,85.34,0.88,16.0,74.36,-0.53,17.38,63.1,1.4,17.87,72.51,2.66,22.98,88.24,1.73,18.67,73.39,0.85,21.42,85.71,0.85,18.39,75.18,-0.0151,0.7705,-0.0224,0.04,0.7794,0.0884,0.0761,0.8723,0.2734,0.0495,0.794,0.0987,0.0242,0.8441,0.2436,0.0244,0.7889,0.1198,0.006,0.019,0.0,0.006,0.039,0.006,0.006,0.344,0.065,0.0,0.006,0.013,0.0,0.487,0.013,0.0,0.143,0.019,-0.0061,0.2884,1.1014,0.0261,0.2807,1.2625,0.0491,0.3543,1.5079,0.0276,0.3129,1.2839,0.0199,0.3191,1.4895,0.0153,0.2761,1.2931,-0.0004,-0.0,-0.0371,-0.0024,-0.0,-0.0251,-0.0002,0.0,0.0,0.0082,0.0,-0.0131,-0.0049,0.0,0.0,-0.006,0.0,0.0,0.6298,0.1084,-0.0228,-0.0114,0.0103,-0.0146,0.7695,-0.0211,0.0402,0.7788,0.0895,0.0757,0.8735,0.2743,0.0495,0.7936,0.0993,0.0247,0.8434,0.2434,0.0245,0.7887,0.1199,0.0,0.0,0.2812,0.0,0.0,0.0,0.0,0.0,0.0,
5.8,run,7.65,4.76,0.15,0.3,-0.12,14.8,0.0,0.0,1.183,-0.26,16.44,63.11,1.58,16.61,72.33,2.99,20.39,86.84,1.76,18.37,73.56,0.97,18.46,85.34,0.88,16.0,74.36,-0.52,17.43,63.01,1.39,17.88,72.46,2.65,22.96,88.13,1.74,18.67,73.39,0.82,21.45,85.67,0.8,18.4,75.24,-0.0149,0.7714,-0.0235,0.0398,0.7796,0.0877,0.0758,0.8719,0.2721,0.0498,0.7941,0.0987,0.0236,0.8446,0.2432,0.0229,0.789,0.1204,0.006,0.019,0.0,0.006,0.039,0.006,0.006,0.344,0.065,0.0,0.006,0.013,0.0,0.487,0.013,0.0,0.143,0.019,-0.0061,0.2884,1.0999,0.0261,0.2807,1.2609,0.0491,0.3543,1.5079,0.0291,0.3129,1.2839,0.0199,0.3191,1.4895,0.0153,0.2761,1.2931,-0.0003,-0.0,-0.0317,-0.0016,-0.0,-0.0233,-0.0002,0.0,0.0,0.0115,0.0,-0.0092,-0.0034,0.0,0.0,-0.0042,0.0,0.0,0.6287,0.1075,-0.0035,-0.0034,-0.0214,-0.0151,0.7705,-0.0224,0.04,0.7794,0.0884,0.0761,0.8723,0.2734,0.0495,0.794,0.0987,0.0242,0.8441,0.2436,0.0244,0.7889,0.1198,0.0,0.0,0.296,0.0,0.0,0.0,0.0,0.0,0.0,
5.84,run,7.65,4.73,-0.27,-0.5,-0.49,15.5,0.0,0.0,1.183,-0.26,16.44,63.11,1.58,16.61,72.07,2.99,20.39,86.84,1.76,18.37,73.48,0.88,18.46,85.34,0.88,16.0,74.36,-0.52,17.48,62.89,1.4,17.9,72.36,2.68,22.88,88.04,1.75,18.68,73.35,0.83,21.45,85.71,0.81,18.4,75.22,-0.0148,0.7724,-0.0248,0.0399,0.78,0.0866,0.0766,0.8706,0.2711,0.05,0.7942,0.0983,0.0237,0.8445,0.2436,0.0233,0.7891,0.1203,0.006,0.019,0.0,0.006,0.039,0.006,0.006,0.344,0.065,0.0,0.006,0.013,0.0,0.487,0.013,0.0,0.143,0.019,-0.0061,0.2884,1.0983,0.0261,0.2807,1.2609,0.0491,0.3543,1.5079,0.0291,0.3129,1.2824,0.0199,0.3191,1.4895,0.0153,0.2761,1.2931,-0.0002,-0.0,-0.0279,-0.0012,-0.0,-0.0163,-0.0001,0.0,0.0,0.0081,0.0,-0.0122,-0.0024,0.0,0.0,-0.0029,0.0,0.0,0.6292,0.1081,0.0025,0.0053,-0.0021,-0.0149,0.7714,-0.0235,0.0398,0.7796,0.0877,0.0758,0.8719,0.2721,0.0498,0.7941,0.0987,0.0236,0.8446,0.2432,0.0229,0.789,0.1204,0.0,0.0,0.3108,0.0,0.0,0.0,0.0,0.0,0.0,
5.88,run,7.67,4.72,0.86,-0.68,-0.3,16.3,0.0,0.0,1.183,-0.26,16.44,62.93,1.58,16.61,71.98,2.99,20.39,86.84,1.76,18.37,73.48,0.97,18.46,85.34,0.88,16.0,74.36,-0.52,17.54,62.78,1.4,17.93,72.28,2.69,22.83,87.95,1.75,18.69,73.34,0.81,21.47,85.71,0.79,18.4,75.25,-0.0148,0.7734,-0.0261,0.0399,0.7805,0.0856,0.0767,0.8697,0.27,0.05,0.7944,0.0981,0.0233,0.845,0.2436,0.0226,0.7891,0.1206,0.013,0.033,0.006,0.006,0.045,0.013,0.0,0.331,0.033,0.0,0.006,0.006,0.006,0.487,0.013,0.0,0.163,0.026,-0.0061,0.2884,1.0983,0.0261,0.2807,1.2563,0.0491,0.3543,1.5079,0.0291,0.3129,1.2809,0.0184,0.3191,1.4895,0.0153,0.2761,1.2931,-0.0001,-0.0,-0.0196,-0.0008,-0.0,-0.0286,-0.0001,0.0,0.0,0.0056,0.0,-0.0142,-0.0074,0.0,0.0,-0.0021,0.0,0.0,0.6297,0.1054,-0.0047,-0.0087,-0.0085,-0.0148,0.7724,-0.0248,0.0399,0.78,0.0866,0.0766,0.8706,0.2711,0.05,0.7942,0.0983,0.0237,0.8445,0.2436,0.0233,0.7891,0.1203,0.0,0.0,0.3256,0.0,0.0,0.0,0.0,0.0,0.0,
5.92,run,7.63,4.73,-0.63,-0.12,-0.66,17.0,0.0,0.0,1.183,-0.26,16.44,62.84,1.58,16.61,71.98,2.99,20.39,86.84,1.76,18.37,73.48,0.88,18.46,85.34,0.88,16.0,74.36,-0.51,17.58,62.7,1.39,17.94,72.21,2.7,22.78,87.85,1.75,18.71,73.31,0.81,21.49,85.72,0.78,18.42,75.26,-0.0147,0.7743,-0.0271,0.0398,0.7808,0.0848,0.0771,0.8688,0.2688,0.0501,0.7947,0.0978,0.0231,0.8453,0.2438,0.0224,0.7894,0.1207,0.013,0.033,0.006,0.006,0.045,0.013,0.0,0.331,0.033,0.0,0.006,0.006,0.006,0.487,0.013,0.0,0.163,0.026,-0.0061,0.2884,1.0953,0.0261,0.2807,1.2548,0.0491,0.3543,1.5079,0.0291,0.3129,1.2809,0.0199,0.3191,1.4895,0.0153,0.2761,1.2931,-0.0001,-0.0,-0.0253,-0.0006,-0.0,-0.0258,-0.0001,0.0,0.0,0.0039,0.0,-0.01,0.0006,0.0,0.0,-0.0014,0.0,0.0,0.6314,0.1046,0.0149,-0.0118,-0.0053,-0.0148,0.7734,-0.0261,0.0399,0.7805,0.0856,0.0767,0.8697,0.27,0.05,0.7944,0.0981,0.0233,0.845,0.2436,0.0226,0.7891,0.1206,0.0,0.0,0.3404,0.0,0.0,0.0,0.0,0.0,0.0,
5.96,run,7.6,4.73,-0.89,0.36,-0.6,17.8,0.0,0.0,1.183,-0.26,16.52,62.75,1.58,16.61,71.98,2.99,20.39,86.84,1.76,18.37,73.39,0.97,18.46,85.34,0.88,16.0,74.36,-0.51,17.64,62.6,1.39,17.97,72.15,2.7,22.74,87.77,1.75,18.72,73.31,0.79,21.53,85.74,0.77,18.42,75.3,-0.0146,0.7754,-0.0282,0.0398,0.7813,0.0841,0.0772,0.8681,0.2679,0.05,0.795,0.0977,0.0227,0.8459,0.244,0.0221,0.7894,0.1212,0.013,0.033,0.006,0.006,0.045,0.013,0.0,0.331,0.033,0.0,0.006,0.006,0.006,0.487,0.013,0.0,0.163,0.026,-0.0061,0.2884,1.0937,0.0261,0.2807,1.2548,0.0491,0.3543,1.5079,0.0291,0.3129,1.2809,0.0184,0.3191,1.4895,0.0153,0.2761,1.2931,-0.0001,-0.0,-0.0235,-0.0004,-0.0,-0.0181,-0.0,0.0,0.0,0.0028,0.0,-0.007,-0.0053,0.0,0.0,-0.001,0.0,0.0,0.6279,0.1053,-0.0109,-0.0021,-0.0115,-0.0147,0.7743,-0.0271,0.0398,0.7808,0.0848,0.0771,0.8688,0.2688,0.0501,0.7947,0.0978,0.0231,0.8453,0.2438,0.0224,0.7894,0.1207,0.0,0.0,0.3552,0.0,0.0,0.0,0.0,0.0,0.0,
6.0,run,7.64,4.73,0.62,0.19,-0.26,18.5,0.0,0.0,1.183,-0.26,16.52,62.67,1.58,16.61,71.98,2.99,20.39,86.84,1.76,18.37,73.48,0.88,18.46,85.34,0.88,16.0,74.36,-0.51,17.7,62.53,1.39,17.99,72.1,2.71,22.71,87.67,1.75,18.74,73.3,0.78,21.56,85.74,0.76,18.43,75.31,-0.0145,0.7763,-0.0291,0.0397,0.7817,0.0835,0.0774,0.8674,0.2667,0.05,0.7953,0.0976,0.0223,0.8465,0.244,0.0217,0.7897,0.1214,0.006,0.033,0.0,0.006,0.045,0.013,0.006,0.319,0.026,0.0,0.0,0.0,0.0,0.52,0.019,0.0,0.189,0.026,-0.0061,0.2899,1.0922,0.0261,0.2807,1.2548,0.0491,0.3543,1.5079,0.0291,0.3129,1.2793,0.0199,0.3191,1.4895,0.0153,0.2761,1.2931,-0.0,0.0057,-0.0222,-0.0003,-0.0,-0.0126,-0.0,0.0,0.0,0.0019,0.0,-0.0106,0.002,0.0,0.0,-0.0007,0.0,0.0,0.625,0.1051,-0.0156,0.0062,-0.0105,-0.0146,0.7754,-0.0282,0.0398,0.7813,0.0841,0.0772,0.8681,0.2679,0.05,0.795,0.0977,0.0227,0.8459,0.244,0.0221,0.7894,0.1212,0.0,0.0,0.37,0.0,0.0,0.0,0.0,0.0,0.0,
6.04,run,7.67,4.71,0.99,-0.58,-0.09,19.2,0.0,0.0,1.183,-0.26,16.52,62.58,1.58,16.61,71.72,2.99,20.39,86.84,1.76,18.37,73.48,0.97,18.46,85.34,0.88,16.0,74.36,-0.49,17.75,62.46,1.4,18.02,72.03,2.73,22.64,87.59,1.75,18.75,73.29,0.79,21.55,85.79,0.77,18.45,75.35,-0.0139,0.7772,-0.0299,0.0399,0.7822,0.0827,0.0781,0.8662,0.2658,0.05,0.7954,0.0976,0.0227,0.8463,0.2445,0.0219,0.7899,0.1217,0.006,0.033,0.0,0.006,0.045,0.013,0.006,0.319,0.026,0.0,0.0,0.0,0.0,0.52,0.019,0.0,0.189,0.026,-0.0061,0.2899,1.0907,0.0261,0.2807,1.2548,0.0491,0.3543,1.5079,0.0291,0.3129,1.2809,0.0184,0.3191,1.4895,0.0153,0.2761,1.2931,-0.0,0.004,-0.0213,-0.0002,-0.0,-0.0089,-0.0,0.0,0.0,0.0014,0.0,-0.0017,-0.0043,0.0,0.0,-0.0005,0.0,0.0,0.6281,0.1049,0.0108,0.0033,-0.0046,-0.0145,0.7763,-0.0291,0.0397,0.7817,0.0835,0.0774,0.8674,0.2667,0.05,0.7953,0.0976,0.0223,0.8465,0.244,0.0217,0.7897,0.1214,0.0,0.0,0.3848,0.0,0.0,0.0,0.0,0.0,0.0,
6.08,run,7.65,4.7,-0.11,-0.51,-0.68,20.0,0.0,0.0,1.183,-0.26,16.52,62.58,1.58,16.61,71.72,2.99,20.39,86.84,1.76,18.37,73.48,0.88,18.46,85.34,0.88,16.0,74.36,-0.49,17.8,62.39,1.39,18.04,71.97,2.74,22.6,87.49,1.75,18.76,73.28,0.78,21.58,85.8,0.76,18.46,75.36,-0.0139,0.7782,-0.0307,0.0398,0.7826,0.082,0.0784,0.8654,0.2646,0.0499,0.7957,0.0974,0.0224,0.8469,0.2448,0.0218,0.7903,0.1219,0.006,0.033,0.0,0.006,0.045,0.013,0.006,0.319,0.026,0.0,0.0,0.0,0.0,0.52,0.019,0.0,0.189,0.026,-0.0061,0.2899,1.0891,0.0261,0.2807,1.2502,0.0491,0.3543,1.5079,0.0291,0.3129,1.2809,0.0199,0.3191,1.4895,0.0153,0.2761,1.2931,-0.0,0.0028,-0.0206,-0.0001,-0.0,-0.0235,-0.0,0.0,0.0,0.0009,0.0,-0.0012,0.0027,0.0,0.0,-0.0003,0.0,0.0,0.6312,0.1033,0.0173,-0.0101,-0.0016,-0.0139,0.7772,-0.0299,0.0399,0.7822,0.0827,0.0781,0.8662,0.2658,0.05,0.7954,0.0976,0.0227,0.8463,0.2445,0.0219,0.7899,0.1217,0.0,0.0,0.3996,0.0,0.0,0.0,0.0,0.0,0.0,
6.12,run,7.61,4.71,-0.67,0.24,-0.88,20.7,0.0,0.0,1.183,-0.26,16.61,62.49,1.58,16.61,71.72,2.99,20.39,86.84,1.76,18.37,73.39,0.88,18.46,85.34,0.88,16.0,74.36,-0.48,17.86,62.32,1.39,18.07,71.93,2.74,22.57,87.41,1.74,18.78,73.29,0.77,21.61,85.82,0.75,18.47,75.41,-0.0136,0.7792,-0.0315,0.0398,0.7832,0.0816,0.0783,0.8648,0.2637,0.0497,0.796,0.0975,0.0221,0.8475,0.2449,0.0213,0.7904,0.1225,0.006,0.033,0.0,0.0,0.065,0.006,0.0,0.325,0.013,0.0,0.006,0.0,0.0,0.604,0.019,0.006,0.169,0.033,-0.0061,0.2899,1.0891,0.0261,0.2807,1.2502,0.0491,0.3543,1.5079,0.0291,0.3129,1.2809,0.0184,0.3191,1.4895,0.0153,0.2761,1.2931,-0.0,0.002,-0.0145,-0.0001,-0.0,-0.0164,-0.0,0.0,0.0,0.0007,0.0,-0.0008,-0.0038,0.0,0.0,-0.0002,0.0,0.0,0.6289,0.1028,-0.002,-0.009,-0.0118,-0.0139,0.7782,-0.0307,0.0398,0.7826,0.082,0.0784,0.8654,0.2646,0.0499,0.7957,0.0974,0.0224,0.8469,0.2448,0.0218,0.7903,0.1219,0.0,0.0,0.4144,0.0,0.0,0.0,0.0,0.0,0.0,
6.16,run,7.65,4.73,0.48,0.65,0.07,21.5,0.0,0.0,1.183,-0.26,16.7,62.4,1.58,16.61,71.72,2.99,20.39,86.84,1.76,18.37,73.48,0.88,18.46,85.34,0.88,16.0,74.36,-0.47,17.91,62.26,1.39,18.1,71.9,2.75,22.54,87.33,1.74,18.8,73.3,0.76,21.65,85.83,0.74,18.49,75.44,-0.0134,0.7802,-0.0323,0.0398,0.7836,0.0812,0.0784,0.8643,0.2627,0.0496,0.7963,0.0976,0.0218,0.8481,0.245,0.0211,0.7907,0.1229,0.006,0.033,0.0,0.0,0.065,0.006,0.0,0.325,0.013,0.0,0.006,0.0,0.0,0.604,0.019,0.006,0.169,0.033,-0.0061,0.2915,1.0876,0.0261,0.2807,1.2502,0.0491,0.3543,1.5079,0.0291,0.3129,1.2793,0.0184,0.3191,1.4895,0.0153,0.2761,1.2931,-0.0,0.0072,-0.0159,-0.0001,-0.0,-0.0115,-0.0,0.0,0.0,0.0005,0.0,-0.0064,-0.0027,0.0,0.0,-0.0002,0.0,0.0,0.6262,0.1036,-0.0117,0.0042,-0.0153,-0.0136,0.7792,-0.0315,0.0398,0.7832,0.0816,0.0783,0.8648,0.2637,0.0497,0.796,0.0975,0.0221,0.8475,0.2449,0.0213,0.7904,0.1225,0.0,0.0,0.4292,0.0,0.0,0.0,0.0,0.0,0.0,
6.2,run,7.65,4.71,0.17,-0.48,-0.93,22.2,0.0,0.0,1.183,-0.26,16.79,62.23,1.58,16.61,71.72,2.99,20.39,86.84,1.76,18.37,73.48,0.88,18.46,85.34,0.7,16.0,74.36,-0.45,17.96,62.22,1.4,18.13,71.85,2.78,22.48,87.25,1.73,18.81,73.3,0.78,21.65,85.89,0.77,18.51,75.45,-0.0128,0.7811,-0.0327,0.04,0.7841,0.0806,0.0793,0.8632,0.2618,0.0494,0.7965,0.0976,0.0222,0.8481,0.2457,0.0219,0.7911,0.123,0.006,0.033,0.0,0.0,0.065,0.006,0.0,0.325,0.013,0.0,0.006,0.0,0.0,0.604,0.019,0.006,0.169,0.033,-0.0061,0.293,1.0861,0.0261,0.2807,1.2502,0.0491,0.3543,1.5079,0.0291,0.3129,1.2809,0.0184,0.3191,1.4895,0.0153,0.2761,1.2931,-0.0,0.0108,-0.0169,-0.0,-0.0,-0.0081,-0.0,0.0,0.0,0.0003,0.0,0.0013,-0.0019,0.0,0.0,-0.0001,0.0,0.0,0.6291,0.1056,0.0084,0.0114,0.0012,-0.0134,0.7802,-0.0323,0.0398,0.7836,0.0812,0.0784,0.8643,0.2627,0.0496,0.7963,0.0976,0.0218,0.8481,0.245,0.0211,0.7907,0.1229,0.0,0.0,0.444,0.0,0.0,0.0,0.0,0.0,0.0,
6.24,run,7.63,4.72,-0.11,0.26,-0.45,22.9,0.0,0.0,1.183,-0.26,16.79,62.23,1.58,16.61,71.63,2.99,20.39,86.75,1.76,18.37,73.39,0.88,18.46,85.34,0.7,16.0,74.36,-0.44,18.02,62.13,1.4,18.15,71.8,2.77,22.44,87.16,1.73,18.82,73.29,0.76,21.67,85.89,0.75,18.52,75.49,-0.0126,0.7821,-0.0338,0.0399,0.7845,0.08,0.0792,0.8626,0.2607,0.0493,0.7968,0.0975,0.0218,0.8485,0.2458,0.0215,0.7912,0.1234,0.006,0.045,0.0,0.0,0.052,0.006,0.0,0.247,0.013,0.0,0.006,0.0,0.0,0.643,0.026,0.0,0.163,0.033,-0.0061,0.2945,1.083,0.0261,0.2807,1.2502,0.0491,0.3543,1.5079,0.0291,0.3129,1.2809,0.0184,0.3191,1.4895,0.0123,0.2761,1.2931,-0.0,0.0133,-0.0233,-0.0,-0.0,-0.0056,-0.0,0.0,0.0,0.0002,0.0,0.0009,-0.0013,0.0,0.0,-0.0115,0.0,0.0,0.6294,0.1035,0.0029,-0.0083,-0.0162,-0.0128,0.7811,-0.0327,0.04,0.7841,0.0806,0.0793,0.8632,0.2618,0.0494,0.7965,0.0976,0.0222,0.8481,0.2457,0.0219,0.7911,0.123,0.0,0.0,0.4588,0.0,0.0,0.0,0.0,0.0,0.0,
6.28,run,7.65,4.72,0.39,0.08,-0.53,23.7,0.0,0.0,1.183,-0.26,16.79,62.23,1.58,16.61,71.63,2.99,20.39,86.66,1.76,18.37,73.39,0.88,18.46,85.34,0.7,16.0,74.36,-0.43,18.08,62.08,1.4,18.18,71.77,2.78,22.4,87.08,1.72,18.84,73.3,0.76,21.69,85.91,0.76,18.53,75.52,-0.0123,0.7832,-0.0344,0.04,0.785,0.0797,0.0795,0.8618,0.2597,0.0491,0.797,0.0976,0.0217,0.8489,0.246,0.0218,0.7915,0.1237,0.006,0.045,0.0,0.0,0.052,0.006,0.0,0.247,0.013,0.0,0.006,0.0,0.0,0.643,0.026,0.0,0.163,0.033,-0.0061,0.2945,1.083,0.0261,0.2807,1.2487,0.0491,0.3543,1.5064,0.0291,0.3129,1.2793,0.0184,0.3191,1.4895,0.0123,0.2761,1.2931,-0.0,0.0093,-0.0163,-0.0,-0.0,-0.0097,-0.0,0.0,-0.0058,0.0002,0.0,-0.0051,-0.0009,0.0,0.0,-0.0081,0.0,0.0,0.6277,0.1039,-0.0019,0.0045,-0.0078,-0.0126,0.7821,-0.0338,0.0399,0.7845,0.08,0.0792,0.8626,0.2607,0.0493,0.7968,0.0975,0.0218,0.8485,0.2458,0.0215,0.7912,0.1234,0.0,0.0,0.4736,0.0,0.0,0.0,0.0,0.0,0.0,
6.32,run,7.67,4.72,0.55,-0.19,-0.47,24.4,0.0,0.0,1.183,-0.26,16.79,62.23,1.58,16.61,71.63,2.99,20.39,86.66,1.76,18.37,73.48,0.88,18.46,85.34,0.7,16.0,74.36,-0.41,18.13,62.04,1.4,18.2,71.74,2.79,22.37,86.99,1.71,18.85,73.31,0.76,21.71,85.93,0.76,18.56,75.55,-0.0118,0.7841,-0.0348,0.04,0.7855,0.0793,0.0797,0.8612,0.2587,0.0489,0.7973,0.0978,0.0217,0.8493,0.2462,0.0217,0.792,0.1241,0.006,0.045,0.0,0.0,0.052,0.006,0.0,0.247,0.013,0.0,0.006,0.0,0.0,0.643,0.026,0.0,0.163,0.033,-0.0061,0.2945,1.083,0.0261,0.2807,1.2487,0.0491,0.3543,1.5048,0.0291,0.3129,1.2793,0.0184,0.3191,1.4895,0.0123,0.2761,1.2931,-0.0,0.0065,-0.0114,-0.0,-0.0,-0.0068,-0.0,0.0,-0.0089,0.0001,0.0,-0.0036,-0.0006,0.0,0.0,-0.0056,0.0,0.0,0.6295,0.1047,0.0068,0.0014,-0.0093,-0.0123,0.7832,-0.0344,0.04,0.785,0.0797,0.0795,0.8618,0.2597,0.0491,0.797,0.0976,0.0217,0.8489,0.246,0.0218,0.7915,0.1237,0.0,0.0,0.4884,0.0,0.0,0.0,0.0,0.0,0.0,
6.36,run,7.69,4.72,0.48,0.08,-0.36,25.2,0.0,0.0,1.183,-0.26,16.79,62.14,1.58,16.61,71.37,2.99,20.39,86.48,1.76,18.46,73.48,0.88,18.46,85.34,0.7,16.0,74.36,-0.4,18.17,62.01,1.4,18.23,71.72,2.8,22.33,86.9,1.7,18.87,73.32,0.76,21.73,85.95,0.76,18.58,75.58,-0.0114,0.7849,-0.0351,0.0401,0.786,0.079,0.0799,0.8605,0.2577,0.0487,0.7976,0.0978,0.0217,0.8497,0.2465,0.0217,0.7924,0.1245,0.006,0.045,0.0,0.0,0.058,0.013,0.0,0.221,0.013,0.0,0.006,0.006,0.0,0.559,0.026,0.0,0.156,0.039,-0.0061,0.2945,1.083,0.0261,0.2807,1.2487,0.0491,0.3543,1.5048,0.0291,0.3129,1.2809,0.0184,0.3191,1.4895,0.0123,0.2761,1.2931,-0.0,0.0045,-0.008,-0.0,-0.0,-0.0048,-0.0,0.0,-0.0062,0.0001,0.0,0.0032,-0.0004,0.0,0.0,-0.004,0.0,0.0,0.6311,0.1045,0.0096,-0.0033,-0.0082,-0.0118,0.7841,-0.0348,0.04,0.7855,0.0793,0.0797,0.8612,0.2587,0.0489,0.7973,0.0978,0.0217,0.8493,0.2462,0.0217,0.792,0.1241,0.0,0.0,0.5032,0.0,0.0,0.0,0.0,0.0,0.0,
6.4,run,7.68,4.71,0.41,-0.08,-0.66,25.9,0.0,0.0,1.183,-0.26,16.88,62.05,1.58,16.61,71.37,2.99,20.39,86.31,1.76,18.54,73.39,0.88,18.46,85.34,0.7,16.0,74.36,-0.39,18.22,61.96,1.41,18.26,71.69,2.81,22.29,86.82,1.69,18.89,73.32,0.76,21.76,85.98,0.78,18.6,75.61,-0.0111,0.7859,-0.0357,0.0402,0.7865,0.0787,0.0803,0.8598,0.2568,0.0484,0.7979,0.0979,0.0216,0.8501,0.2468,0.0222,0.7928,0.1248,0.006,0.045,0.0,0.0,0.058,0.013,0.0,0.221,0.013,0.0,0.006,0.006,0.0,0.559,0.026,0.0,0.156,0.039,-0.0061,0.2945,1.0815,0.0261,0.2807,1.2441,0.0491,0.3543,1.5018,0.0291,0.3145,1.2809,0.0184,0.3191,1.4895,0.0123,0.2761,1.2931,-0.0,0.0032,-0.0113,-0.0,-0.0,-0.0205,-0.0,0.0,-0.0158,0.0001,0.0057,0.0022,-0.0003,0.0,0.0,-0.0028,0.0,0.0,0.6327,0.1046,0.0084,0.0014,-0.0062,-0.0114,0.7849,-0.0351,0.0401,0.786,0.079,0.0799,0.8605,0.2577,0.0487,0.7976,0.0978,0.0217,0.8497,0.2465,0.0217,0.7924,0.1245,0.0,0.0,0.518,0.0,0.0,0.0,0.0,0.0,0.0,
6.44,run,7.69,4.73,0.35,0.41,-0.08,26.6,0.0,0.0,1.183,-0.26,16.96,62.05,1.58,16.61,71.37,2.99,20.39,86.31,1.76,18.54,73.48,0.88,18.46,85.34,0.7,16.0,74.36,-0.38,18.27,61.93,1.4,18.28,71.67,2.81,22.26,86.73,1.68,18.9,73.33,0.75,21.78,85.97,0.77,18.62,75.64,-0.0108,0.7868,-0.0361,0.04,0.787,0.0784,0.0802,0.8593,0.2557,0.0481,0.7982,0.098,0.0214,0.8506,0.2467,0.022,0.7932,0.1252,0.006,0.045,0.0,0.0,0.058,0.013,0.0,0.221,0.013,0.0,0.006,0.006,0.0,0.559,0.026,0.0,0.156,0.039,-0.0061,0.2961,1.0799,0.0261,0.2807,1.2441,0.0491,0.3543,1.4987,0.0291,0.316,1.2793,0.0184,0.3191,1.4895,0.0123,0.2761,1.2931,-0.0,0.008,-0.0137,-0.0,-0.0,-0.0143,-0.0,0.0,-0.0227,0.0,0.0098,-0.0042,-0.0002,0.0,0.0,-0.0019,0.0,0.0,0.6322,0.1037,0.0071,-0.0014,-0.0115,-0.0111,0.7859,-0.0357,0.0402,0.7865,0.0787,0.0803,0.8598,0.2568,0.0484,0.7979,0.0979,0.0216,0.8501,0.2468,0.0222,0.7928,0.1248,0.0,0.0,0.5328,0.0,0.0,0.0,0.0,0.0,0.0,
6.48,run,7.7,4.72,0.05,-0.24,-0.65,27.4,0.0,0.0,1.183,-0.26,17.05,62.05,1.58,16.61,71.37,2.99,20.39,86.31,1.76,18.54,73.48,0.88,18.46,85.34,0.7,16.0,74.36,-0.36,18.31,61.91,1.41,18.31,71.65,2.82,22.22,86.66,1.67,18.92,73.34,0.75,21.79,86.0,0.79,18.65,75.66,-0.0104,0.7875,-0.0363,0.0402,0.7874,0.0782,0.0807,0.8585,0.2548,0.0478,0.7985,0.0981,0.0215,0.8508,0.2471,0.0225,0.7936,0.1254,0.0,0.039,0.0,0.0,0.065,0.013,0.006,0.214,0.006,0.0,0.006,0.006,0.0,0.637,0.033,0.0,0.175,0.058,-0.0061,0.2976,1.0799,0.0261,0.2807,1.2441,0.0491,0.3543,1.4987,0.0291,0.316,1.2809,0.0184,0.3191,1.4895,0.0123,0.2761,1.2931,-0.0,0.0114,-0.0096,-0.0,-0.0,-0.01,-0.0,0.0,-0.0159,0.0,0.0069,0.0027,-0.0002,0.0,0.0,-0.0014,0.0,0.0,0.6329,0.1051,0.0061,0.0071,-0.0014,-0.0108,0.7868,-0.0361,0.04,0.787,0.0784,0.0802,0.8593,0.2557,0.0481,0.7982,0.098,0.0214,0.8506,0.2467,0.022,0.7932,0.1252,0.0,0.0,0.5476,0.0,0.0,0.0,0.0,0.0,0.0,
6.52,run,7.72,4.73,0.74,0.14,-0.6,28.1,0.0,0.0,1.183,-0.26,17.05,61.96,1.58,16.61,71.37,2.99,20.39,86.31,1.76,18.54,73.39,0.88,18.46,85.34,0.7,16.0,74.36,-0.36,18.35,61.9,1.4,18.33,71.64,2.82,22.2,86.58,1.66,18.94,73.35,0.74,21.82,86.0,0.77,18.67,75.7,-0.0102,0.7883,-0.0365,0.04,0.7879,0.0781,0.0805,0.8582,0.2538,0.0475,0.7989,0.0982,0.0212,0.8514,0.2471,0.022,0.794,0.1259,0.0,0.039,0.0,0.0,0.065,0.013,0.006,0.214,0.006,0.0,0.006,0.006,0.0,0.637,0.033,0.0,0.175,0.058,-0.0061,0.2991,1.0799,0.0261,0.2807,1.2441,0.0491,0.3543,1.4987,0.0291,0.316,1.2809,0.0184,0.3191,1.4895,0.0123,0.2761,1.2931,-0.0,0.0137,-0.0067,-0.0,-0.0,-0.007,-0.0,0.0,-0.0111,0.0,0.0048,0.0019,-0.0001,0.0,0.0,-0.0009,0.0,0.0,0.6337,0.1046,0.0009,-0.0042,-0.0114,-0.0104,0.7875,-0.0363,0.0402,0.7874,0.0782,0.0807,0.8585,0.2548,0.0478,0.7985,0.0981,0.0215,0.8508,0.2471,0.0225,0.7936,0.1254,0.0,0.0,0.5624,0.0,0.0,0.0,0.0,0.0,0.0,
6.56,run,7.72,4.73,0.31,-0.02,0.08,28.9,0.0,0.0,1.183,-0.26,17.05,61.96,1.58,16.61,71.37,2.99,20.39,86.31,1.76,18.54,73.56,0.88,18.46,85.34,0.7,16.0,74.36,-0.34,18.4,61.88,1.4,18.36,71.64,2.82,22.18,86.5,1.65,18.95,73.37,0.74,21.85,86.01,0.78,18.69,75.74,-0.0097,0.7891,-0.0367,0.04,0.7883,0.0781,0.0807,0.8578,0.253,0.0473,0.7991,0.0985,0.0212,0.8518,0.2472,0.0222,0.7944,0.1264,0.0,0.039,0.0,0.0,0.065,0.013,0.006,0.214,0.006,0.0,0.006,0.006,0.0,0.637,0.033,0.0,0.175,0.058,-0.0061,0.2991,1.0784,0.0261,0.2807,1.2441,0.0491,0.3543,1.4987,0.0291,0.316,1.2793,0.0184,0.3191,1.4895,0.0123,0.2761,1.2931,-0.0,0.0096,-0.0104,-0.0,-0.0,-0.0049,-0.0,0.0,-0.0078,0.0,0.0034,-0.0044,-0.0001,0.0,0.0,-0.0007,0.0,0.0,0.6356,0.1051,0.0129,0.0025,-0.0105,-0.0102,0.7883,-0.0365,0.04,0.7879,0.0781,0.0805,0.8582,0.2538,0.0475,0.7989,0.0982,0.0212,0.8514,0.2471,0.022,0.794,0.1259,0.0,0.0,0.5772,0.0,0.0,0.0,0.0,0.0,0.0,
6.6,run,7.7,4.68,-0.28,-0.84,-1.37,29.6,0.0,0.0,1.183,-0.26,17.23,61.96,1.58,16.61,71.37,2.99,20.39,86.04,1.76,18.54,73.56,0.88,18.46,85.34,0.7,16.0,74.36,-0.33,18.44,61.87,1.4,18.38,71.62,2.84,22.13,86.43,1.64,18.97,73.37,0.75,21.86,86.04,0.8,18.72,75.76,-0.0093,0.7898,-0.0369,0.0401,0.7888,0.0779,0.0811,0.8569,0.2521,0.0469,0.7994,0.0984,0.0213,0.852,0.2476,0.0227,0.7949,0.1266,0.0,0.033,0.0,0.0,0.104,0.013,0.0,0.227,0.013,0.0,0.006,0.0,0.0,0.669,0.033,0.0,0.182,0.052,-0.0061,0.2991,1.0784,0.0261,0.2807,1.2441,0.0491,0.3543,1.4987,0.0291,0.316,1.2824,0.0184,0.3191,1.4895,0.0123,0.2761,1.2931,-0.0,0.0067,-0.0073,-0.0,-0.0,-0.0034,-0.0,0.0,-0.0054,0.0,0.0024,0.0085,-0.0001,0.0,0.0,-0.0005,0.0,0.0,0.6357,0.105,0.0053,-0.0003,0.0014,-0.0097,0.7891,-0.0367,0.04,0.7883,0.0781,0.0807,0.8578,0.253,0.0473,0.7991,0.0985,0.0212,0.8518,0.2472,0.0222,0.7944,0.1264,0.0,0.0,0.592,0.0,0.0,0.0,0.0,0.0,0.0,
6.64,run,7.69,4.67,-0.24,-0.32,0.37,30.3,0.0,0.0,1.183,-0.26,17.31,61.88,1.58,16.61,71.37,2.99,20.39,85.96,1.76,18.54,73.48,0.79,18.46,85.34,0.7,16.0,74.36,-0.32,18.49,61.83,1.39,18.4,71.6,2.81,22.12,86.32,1.63,18.98,73.36,0.73,21.88,86.0,0.76,18.74,75.8,-0.0091,0.7907,-0.0373,0.0398,0.7891,0.0776,0.0804,0.8567,0.2509,0.0466,0.7997,0.0984,0.0207,0.8524,0.247,0.0218,0.7953,0.1271,0.0,0.033,0.0,0.0,0.104,0.013,0.0,0.227,0.013,0.0,0.006,0.0,0.0,0.669,0.033,0.0,0.182,0.052,-0.0061,0.3022,1.0784,0.0261,0.2807,1.2441,0.0491,0.3543,1.4941,0.0291,0.316,1.2824,0.0184,0.3191,1.4895,0.0123,0.2761,1.2931,-0.0,0.0162,-0.0051,-0.0,-0.0,-0.0024,-0.0,0.0,-0.021,0.0,0.0017,0.0059,-0.0,0.0,0.0,-0.0003,0.0,0.0,0.6338,0.1009,-0.0049,-0.0146,-0.0239,-0.0093,0.7898,-0.0369,0.0401,0.7888,0.0779,0.0811,0.8569,0.2521,0.0469,0.7994,0.0984,0.0213,0.852,0.2476,0.0227,0.7949,0.1266,0.0,0.0,0.6068,0.0,0.0,0.0,0.0,0.0,0.0,
6.68,run,7.71,4.69,0.41,0.27,-1.03,31.1,0.0,0.0,1.183,-0.26,17.31,61.88,1.58,16.61,71.37,2.99,20.39,85.78,1.76,18.54,73.56,0.88,18.46,85.34,0.7,16.08,74.36,-0.3,18.53,61.81,1.41,18.43,71.59,2.84,22.06,86.27,1.62,19.0,73.37,0.74,21.88,86.03,0.8,18.76,75.81,-0.0086,0.7915,-0.0376,0.0402,0.7896,0.0775,0.0811,0.8556,0.2502,0.0462,0.8,0.0985,0.0211,0.8523,0.2474,0.0229,0.7956,0.1272,0.0,0.033,0.0,0.0,0.104,0.013,0.0,0.227,0.013,0.0,0.006,0.0,0.0,0.669,0.033,0.0,0.182,0.052,-0.0061,0.3037,1.0769,0.0261,0.2807,1.2441,0.0491,0.3543,1.4926,0.0291,0.316,1.2809,0.0169,0.3191,1.4895,0.0123,0.2761,1.2931,-0.0,0.0171,-0.0094,-0.0,-0.0,-0.0017,-0.0,0.0,-0.0205,0.0,0.0012,-0.0016,-0.0058,0.0,0.0,-0.0002,0.0,0.0,0.633,0.1002,-0.0041,-0.0057,0.0064,-0.0091,0.7907,-0.0373,0.0398,0.7891,0.0776,0.0804,0.8567,0.2509,0.0466,0.7997,0.0984,0.0207,0.8524,0.247,0.0218,0.7953,0.1271,0.0,0.0,0.6216,0.0,0.0,0.0,0.0,0.0,0.0,
6.72,run,7.73,4.67,1.02,-0.09,-0.86,31.8,0.0,0.0,1.183,-0.26,17.31,61.88,1.58,16.61,71.37,2.99,20.39,85.78,1.58,18.54,73.56,0.79,18.46,85.34,0.7,16.35,74.36,-0.28,18.57,61.82,1.4,18.45,71.6,2.82,22.06,86.17,1.61,19.01,73.39,0.73,21.92,86.01,0.78,18.79,75.87,-0.0081,0.7922,-0.0374,0.04,0.7899,0.0776,0.0807,0.8557,0.2491,0.046,0.8003,0.0988,0.0208,0.853,0.2471,0.0223,0.7962,0.1279,0.0,0.039,0.0,0.006,0.084,0.013,0.006,0.149,0.0,0.0,0.006,0.006,0.0,0.669,0.039,0.0,0.175,0.058,-0.0061,0.3037,1.0769,0.0261,0.2807,1.2441,0.0491,0.3543,1.4895,0.0291,0.316,1.2824,0.0184,0.3191,1.4895,0.0123,0.2777,1.2931,-0.0,0.012,-0.0066,-0.0,-0.0,-0.0012,-0.0,0.0,-0.0257,0.0,0.0008,0.0045,0.0016,0.0,0.0,-0.0002,0.0057,0.0,0.6347,0.1017,0.0072,0.0047,-0.0179,-0.0086,0.7915,-0.0376,0.0402,0.7896,0.0775,0.0811,0.8556,0.2502,0.0462,0.8,0.0985,0.0211,0.8523,0.2474,0.0229,0.7956,0.1272,0.0,0.0,0.6364,0.0,0.0,0.0,0.0,0.0,0.0,
6.76,run,7.71,4.6,-0.14,-1.53,0.1,32.6,0.0,0.0,1.183,-0.26,17.31,61.88,1.58,16.61,71.37,2.99,20.39,85.78,1.58,18.54,73.48,0.79,18.46,85.34,0.7,16.44,74.36,-0.27,18.59,61.85,1.4,18.47,71.62,2.82,22.03,86.1,1.6,19.02,73.42,0.74,21.93,86.0,0.78,18.82,75.92,-0.0077,0.7926,-0.0371,0.0401,0.7903,0.0778,0.0807,0.8551,0.2483,0.0457,0.8005,0.0991,0.0211,0.8533,0.247,0.0222,0.7967,0.1285,0.0,0.039,0.0,0.006,0.084,0.013,0.006,0.149,0.0,0.0,0.006,0.006,0.0,0.669,0.039,0.0,0.175,0.058,-0.0061,0.3037,1.0769,0.0261,0.2807,1.2441,0.0491,0.3543,1.4895,0.0261,0.316,1.2824,0.0169,0.3191,1.4895,0.0123,0.2823,1.2931,-0.0,0.0084,-0.0046,-0.0,-0.0,-0.0008,-0.0,0.0,-0.018,-0.0115,0.0006,0.0032,-0.0046,0.0,0.0,-0.0001,0.0213,0.0,0.6365,0.0998,0.0177,-0.0015,-0.015,-0.0081,0.7922,-0.0374,0.04,0.7899,0.0776,0.0807,0.8557,0.2491,0.046,0.8003,0.0988,0.0208,0.853,0.2471,0.0223,0.7962,0.1279,0.0,0.0,0.6512,0.0,0.0,0.0,0.0,0.0,0.0,
6.8,run,7.7,4.59,-0.79,-0.77,-1.08,33.3,0.0,0.0,1.183,-0.26,17.31,61.88,1.58,16.61,71.37,2.99,20.39,85.78,1.58,18.54,73.48,0.88,18.46,85.34,0.7,16.52,74.36,-0.27,18.62,61.86,1.39,18.49,71.61,2.82,21.99,86.02,1.59,19.03,73.42,0.73,21.95,85.98,0.77,18.85,75.94,-0.0077,0.7931,-0.037,0.0398,0.7907,0.0777,0.0805,0.8543,0.2473,0.0454,0.8006,0.0991,0.0208,0.8536,0.2468,0.0221,0.7972,0.1287,0.0,0.039,0.0,0.006,0.084,0.013,0.006,0.149,0.0,0.0,0.006,0.006,0.0,0.669,0.039,0.0,0.175,0.058,-0.0061,0.3037,1.0769,0.0261,0.2807,1.2441,0.0491,0.3543,1.4895,0.0261,0.316,1.2809,0.0169,0.3191,1.4895,0.0123,0.2838,1.2931,-0.0,0.0059,-0.0032,-0.0,-0.0,-0.0006,-0.0,0.0,-0.0126,-0.0081,0.0004,-0.0026,-0.0032,0.0,0.0,-0.0001,0.0197,0.0,0.635,0.0941,-0.0025,-0.0267,0.0018,-0.0077,0.7926,-0.0371,0.0401,0.7903,0.0778,0.0807,0.8551,0.2483,0.0457,0.8005,0.0991,0.0211,0.8533,0.247,0.0222,0.7967,0.1285,0.0,0.0,0.666,0.0,0.0,0.0,0.0,0.0,0.0,
6.84,run,7.72,4.62,0.36,0.79,-0.19,34.0,0.0,0.0,1.183,-0.26,17.31,61.88,1.58,16.61,71.37,2.99,20.39,85.78,1.58,18.54,73.48,0.79,18.46,85.34,0.7,16.52,74.36,-0.26,18.65,61.87,1.38,18.5,71.63,2.79,21.99,85.93,1.58,19.05,73.44,0.71,21.99,85.94,0.75,18.87,75.98,-0.0074,0.7937,-0.0369,0.0395,0.7909,0.078,0.0798,0.8543,0.2463,0.0452,0.8009,0.0992,0.0203,0.8543,0.2464,0.0214,0.7977,0.1292,0.0,0.045,0.0,0.006,0.111,0.006,0.006,0.175,0.006,0.0,0.006,0.0,0.0,0.676,0.026,0.0,0.163,0.071,-0.0061,0.3037,1.0769,0.0261,0.2807,1.2441,0.0491,0.3543,1.4895,0.0261,0.316,1.2809,0.0184,0.3191,1.4895,0.0123,0.2853,1.2931,-0.0,0.0041,-0.0023,-0.0,-0.0,-0.0004,-0.0,0.0,-0.0088,-0.0057,0.0003,-0.0018,0.0034,0.0,0.0,-0.0001,0.0195,0.0,0.6334,0.0926,-0.0137,-0.0135,-0.0189,-0.0077,0.7931,-0.037,0.0398,0.7907,0.0777,0.0805,0.8543,0.2473,0.0454,0.8006,0.0991,0.0208,0.8536,0.2468,0.0221,0.7972,0.1287,0.0,0.0,0.6808,0.0,0.0,0.0,0.0,0.0,0.0,
6.88,run,7.74,4.62,0.79,0.19,-0.72,34.8,0.0,0.0,1.183,-0.26,17.31,61.88,1.58,16.61,71.37,2.99,20.39,85.43,1.58,18.72,73.48,0.88,18.46,85.34,0.7,16.52,74.36,-0.23,18.7,61.88,1.4,18.53,71.66,2.82,21.96,85.9,1.57,19.06,73.48,0.73,22.0,85.98,0.78,18.9,76.04,-0.0066,0.7945,-0.0368,0.0401,0.7914,0.0784,0.0805,0.8538,0.2459,0.0447,0.8011,0.0997,0.0207,0.8545,0.2468,0.0222,0.7981,0.1298,0.0,0.045,0.0,0.006,0.111,0.006,0.006,0.175,0.006,0.0,0.006,0.0,0.0,0.676,0.026,0.0,0.163,0.071,-0.0061,0.3037,1.0769,0.0261,0.2807,1.2441,0.0491,0.3543,1.4895,0.0261,0.316,1.2809,0.0169,0.3191,1.4895,0.0123,0.2853,1.2931,-0.0,0.0029,-0.0016,-0.0,-0.0,-0.0003,-0.0,0.0,-0.0062,-0.004,0.0002,-0.0013,-0.0034,0.0,0.0,-0.0,0.0137,0.0,0.6355,0.0957,0.0063,0.0138,-0.0033,-0.0074,0.7937,-0.0369,0.0395,0.7909,0.078,0.0798,0.8543,0.2463,0.0452,0.8009,0.0992,0.0203,0.8543,0.2464,0.0214,0.7977,0.1292,0.0,0.0,0.6956,0.0,0.0,0.0,0.0,0.0,0.0,
6.92,run,7.71,4.59,-0.18,-0.64,-0.53,35.5,0.0,0.0,1.183,-0.26,17.31,61.88,1.58,16.61,71.37,2.99,20.39,85.43,1.58,18.72,73.48,0.79,18.46,85.34,0.7,16.52,74.36,-0.22,18.73,61.89,1.39,18.55,71.67,2.81,21.96,85.81,1.55,19.08,73.49,0.71,22.02,85.96,0.77,18.93,76.07,-0.0063,0.7952,-0.0366,0.0398,0.7918,0.0784,0.0802,0.8538,0.2449,0.0444,0.8015,0.0999,0.0204,0.8549,0.2466,0.022,0.7988,0.1303,0.0,0.045,0.0,0.006,0.111,0.006,0.006,0.175,0.006,0.0,0.006,0.0,0.0,0.676,0.026,0.0,0.163,0.071,-0.0061,0.3037,1.0769,0.0261,0.2807,1.2441,0.0491,0.3543,1.4834,0.0261,0.3191,1.2809,0.0184,0.3191,1.4895,0.0123,0.2853,1.2931,-0.0,0.002,-0.0011,-0.0,-0.0,-0.0002,-0.0,0.0,-0.0273,-0.0028,0.0116,-0.0009,0.0034,0.0,0.0,-0.0,0.0096,0.0,0.637,0.0954,0.0139,0.0034,-0.0126,-0.0066,0.7945,-0.0368,0.0401,0.7914,0.0784,0.0805,0.8538,0.2459,0.0447,0.8011,0.0997,0.0207,0.8545,0.2468,0.0222,0.7981,0.1298,0.0,0.0,0.7104,0.0,0.0,0.0,0.0,0.0,0.0,
6.96,run,7.7,4.57,-0.59,-0.68,-0.62,36.3,0.0,0.0,1.183,-0.26,17.31,61.88,1.58,16.61,71.37,2.99,20.39,85.34,1.58,18.72,73.48,0.79,18.46,85.34,0.7,16.52,74.44,-0.21,18.77,61.89,1.39,18.57,71.67,2.8,21.93,85.75,1.54,19.1,73.5,0.71,22.04,85.95,0.76,18.95,76.11,-0.0061,0.7958,-0.0366,0.0397,0.7921,0.0785,0.08,0.8533,0.2442,0.044,0.8017,0.1,0.0202,0.8552,0.2464,0.0219,0.7991,0.1308,0.0,0.065,0.0,0.0,0.123,0.013,0.006,0.136,0.013,0.0,0.0,0.0,0.0,0.741,0.026,0.0,0.156,0.078,-0.0061,0.3037,1.0769,0.0261,0.2807,1.2441,0.0491,0.3543,1.4834,0.0261,0.3191,1.2809,0.0169,0.3191,1.4895,0.0123,0.2853,1.2931,-0.0,0.0014,-0.0008,-0.0,-0.0,-0.0001,-0.0,0.0,-0.0191,-0.0019,0.0082,-0.0006,-0.0034,0.0,0.0,-0.0,0.0067,0.0,0.6348,0.0929,-0.0032,-0.0111,-0.0093,-0.0063,0.7952,-0.0366,0.0398,0.7918,0.0784,0.0802,0.8538,0.2449,0.0444,0.8015,0.0999,0.0204,0.8549,0.2466,0.022,0.7988,0.1303,0.0,0.0,0.7252,0.0,0.0,0.0,0.0,0.0,0.0,
7.0,run,7.71,4.52,0.12,-1.55,-1.02,37.0,0.0,0.0,1.183,-0.26,17.58,61.88,1.58,16.61,71.37,2.99,20.39,85.34,1.58,18.72,73.48,0.88,18.46,85.34,0.7,16.52,74.71,-0.2,18.8,61.88,1.39,18.58,71.67,2.79,21.91,85.68,1.53,19.11,73.5,0.7,22.05,85.93,0.77,18.97,76.14,-0.0058,0.7964,-0.0367,0.0396,0.7924,0.0785,0.0798,0.8528,0.2433,0.0437,0.802,0.1,0.0199,0.8554,0.2462,0.0219,0.7995,0.1311,0.0,0.065,0.0,0.0,0.123,0.013,0.006,0.136,0.013,0.0,0.0,0.0,0.0,0.741,0.026,0.0,0.156,0.078,-0.0061,0.3037,1.0769,0.0261,0.2807,1.2441,0.0491,0.3543,1.4818,0.0261,0.3191,1.2809,0.0169,0.3191,1.4895,0.0123,0.2853,1.2947,-0.0,0.001,-0.0005,-0.0,-0.0,-0.0001,-0.0,0.0,-0.0192,-0.0014,0.0057,-0.0004,-0.0023,0.0,0.0,-0.0,0.0047,0.0058,0.6336,0.0912,-0.0104,-0.0119,-0.0107,-0.0061,0.7958,-0.0366,0.0397,0.7921,0.0785,0.08,0.8533,0.2442,0.044,0.8017,0.1,0.0202,0.8552,0.2464,0.0219,0.7991,0.1308,0.0,0.0,0.74,0.0,0.0,0.0,0.0,0.0,0.0,
7.04,run,7.72,4.51,0.66,-0.1,0.41,37.7,0.0,0.0,1.183,-0.26,17.67,61.88,1.58,16.61,71.37,2.99,20.39,85.25,1.58,18.72,73.48,0.79,18.46,85.34,0.7,16.52,74.71,-0.2,18.82,61.88,1.38,18.59,71.66,2.79,21.88,85.58,1.52,19.12,73.48,0.69,22.05,85.9,0.76,19.0,76.14,-0.0058,0.7968,-0.0367,0.0393,0.7926,0.0783,0.0797,0.8524,0.2421,0.0434,0.8022,0.0998,0.0196,0.8555,0.2458,0.0217,0.8,0.131,0.0,0.065,0.0,0.0,0.123,0.013,0.006,0.136,0.013,0.0,0.0,0.0,0.0,0.741,0.026,0.0,0.156,0.078,-0.0061,0.3083,1.0769,0.0261,0.2807,1.2441,0.0491,0.3543,1.4818,0.0261,0.3191,1.2809,0.0184,0.3191,1.4895,0.0123,0.2853,1.2993,-0.0,0.018,-0.0004,-0.0,-0.0,-0.0001,-0.0,0.0,-0.0134,-0.0009,0.004,-0.0003,0.0041,0.0,0.0,-0.0,0.0033,0.0213,0.6347,0.0869,0.0021,-0.027,-0.0178,-0.0058,0.7964,-0.0367,0.0396,0.7924,0.0785,0.0798,0.8528,0.2433,0.0437,0.802,0.1,0.0199,0.8554,0.2462,0.0219,0.7995,0.1311,0.0,0.0,0.7548,0.0,0.0,0.0,0.0,0.0,0.0,
7.08,run,7.72,4.5,0.09,-0.1,-1.12,38.5,0.0,0.0,1.183,-0.26,17.67,61.88,1.58,16.7,71.37,2.99,20.39,85.17,1.58,18.72,73.48,0.88,18.46,85.34,0.7,16.52,74.71,-0.18,18.86,61.89,1.4,18.61,71.69,2.81,21.84,85.55,1.5,19.13,73.51,0.7,22.04,85.92,0.79,19.02,76.17,-0.005,0.7975,-0.0366,0.04,0.7929,0.0787,0.0803,0.8516,0.2418,0.043,0.8024,0.1001,0.0201,0.8553,0.2461,0.0227,0.8004,0.1315,0.0,0.039,0.0,0.006,0.097,0.013,0.006,0.104,0.006,0.0,0.006,0.0,0.006,0.702,0.026,0.0,0.149,0.058,-0.0061,0.3099,1.0769,0.0261,0.2807,1.2441,0.0491,0.3543,1.4803,0.0261,0.3191,1.2809,0.0169,0.3191,1.4895,0.0123,0.2853,1.2993,-0.0,0.0183,-0.0003,-0.0,-0.0,-0.0,-0.0,0.0,-0.0151,-0.0007,0.0028,-0.0002,-0.0028,0.0,0.0,-0.0,0.0023,0.0149,0.6354,0.0862,0.0115,-0.0017,0.0071,-0.0058,0.7968,-0.0367,0.0393,0.7926,0.0783,0.0797,0.8524,0.2421,0.0434,0.8022,0.0998,0.0196,0.8555,0.2458,0.0217,0.8,0.131,0.0,0.0,0.7696,0.0,0.0,0.0,0.0,0.0,0.0,
7.12,run,7.72,4.5,0.02,-0.15,-0.44,39.2,0.0,0.0,1.183,-0.26,17.67,61.88,1.58,16.79,71.37,2.99,20.39,85.17,1.58,18.72,73.48,0.79,18.46,85.34,0.7,16.52,74.71,-0.17,18.89,61.9,1.38,18.62,71.7,2.79,21.85,85.47,1.49,19.15,73.51,0.68,22.07,85.86,0.77,19.04,76.22,-0.0049,0.798,-0.0365,0.0395,0.7931,0.0788,0.0796,0.8519,0.2408,0.0427,0.8027,0.1001,0.0195,0.8558,0.2454,0.0219,0.8008,0.132,0.0,0.039,0.0,0.006,0.097,0.013,0.006,0.104,0.006,0.0,0.006,0.0,0.006,0.702,0.026,0.0,0.149,0.058,-0.0061,0.3099,1.0769,0.0261,0.2823,1.2441,0.0491,0.3543,1.4788,0.0261,0.3191,1.2809,0.0184,0.3191,1.4895,0.0123,0.2853,1.2993,-0.0,0.0128,-0.0002,-0.0,0.0058,-0.0,-0.0,0.0,-0.0163,-0.0005,0.002,-0.0002,0.0038,0.0,0.0,-0.0,0.0016,0.0105,0.635,0.0855,0.0016,-0.0018,-0.0195,-0.005,0.7975,-0.0366,0.04,0.7929,0.0787,0.0803,0.8516,0.2418,0.043,0.8024,0.1001,0.0201,0.8553,0.2461,0.0227,0.8004,0.1315,0.0,0.0,0.7844,0.0,0.0,0.0,0.0,0.0,0.0,
7.16,run,7.74,4.51,0.55,-0.03,-0.08,40.0,0.0,0.0,1.183,-0.26,17.67,61.88,1.58,16.79,71.37,2.99,20.39,85.08,1.58,18.72,73.48,0.79,18.46,85.34,0.7,16.52,74.79,-0.16,18.91,61.92,1.39,18.64,71.72,2.79,21.83,85.43,1.48,19.17,73.53,0.69,22.08,85.86,0.78,19.06,76.26,-0.0044,0.7984,-0.0363,0.0397,0.7935,0.0791,0.0797,0.8514,0.2403,0.0423,0.803,0.1003,0.0196,0.8559,0.2454,0.0223,0.8011,0.1325,0.0,0.039,0.0,0.006,0.097,0.013,0.006,0.104,0.006,0.0,0.006,0.0,0.006,0.702,0.026,0.0,0.149,0.058,-0.0061,0.3099,1.0769,0.0261,0.2838,1.2441,0.0491,0.3543,1.4788,0.0261,0.3191,1.2809,0.0169,0.3191,1.4895,0.0123,0.2853,1.2993,-0.0,0.009,-0.0001,-0.0,0.0098,-0.0,-0.0,0.0,-0.0114,-0.0003,0.0014,-0.0001,-0.0031,0.0,0.0,-0.0,0.0011,0.0073,0.6353,0.0847,0.0003,-0.0026,-0.0077,-0.0049,0.798,-0.0365,0.0395,0.7931,0.0788,0.0796,0.8519,0.2408,0.0427,0.8027,0.1001,0.0195,0.8558,0.2454,0.0219,0.8008,0.132,0.0,0.0,0.7992,0.0,0.0,0.0,0.0,0.0,0.0,
7.2,run,7.75,4.52,0.68,0.35,-0.7,40.7,0.0,0.0,1.183,-0.26,17.67,61.88,1.58,16.79,71.37,2.99,20.39,84.99,1.58,18.72,73.48,0.88,18.46,85.34,0.7,16.52,74.79,-0.15,18.95,61.93,1.39,18.66,71.74,2.79,21.81,85.38,1.47,19.18,73.54,0.69,22.09,85.86,0.79,19.09,76.29,-0.0041,0.799,-0.0361,0.0398,0.7938,0.0793,0.0798,0.8511,0.2397,0.0419,0.8033,0.1005,0.0196,0.8561,0.2454,0.0226,0.8016,0.1329,0.0,0.052,0.0,0.0,0.084,0.013,0.0,0.136,0.0,0.0,0.013,0.0,0.006,0.637,0.019,0.0,0.201,0.058,-0.0061,0.3099,1.0769,0.0261,0.2838,1.2441,0.0491,0.3543,1.4772,0.0261,0.3191,1.2809,0.0169,0.3191,1.4895,0.0123,0.2853,1.3008,-0.0,0.0063,-0.0001,-0.0,0.0069,-0.0,-0.0,0.0,-0.0138,-0.0002,0.001,-0.0001,-0.0022,0.0,0.0,-0.0,0.0008,0.0109,0.6369,0.0857,0.0096,-0.0005,-0.0014,-0.0044,0.7984,-0.0363,0.0397,0.7935,0.0791,0.0797,0.8514,0.2403,0.0423,0.803,0.1003,0.0196,0.8559,0.2454,0.0223,0.8011,0.1325,0.0,0.0,0.814,0.0,0.0,0.0,0.0,0.0,0.0,
7.24,run,7.74,4.53,-0.08,0.41,-0.31,41.4,0.0,0.0,1.183,-0.26,17.67,61.88,1.58,16.79,71.37,2.99,20.39,84.99,1.58,18.72,73.48,0.79,18.46,85.34,0.7,16.52,74.79,-0.14,18.97,61.95,1.39,18.67,71.76,2.78,21.81,85.31,1.46,19.2,73.55,0.67,22.11,85.83,0.79,19.12,76.33,-0.004,0.7995,-0.0358,0.0396,0.7941,0.0795,0.0795,0.8512,0.239,0.0417,0.8036,0.1006,0.0192,0.8565,0.2451,0.0225,0.8021,0.1333,0.0,0.052,0.0,0.0,0.084,0.013,0.0,0.136,0.0,0.0,0.013,0.0,0.006,0.637,0.019,0.0,0.201,0.058,-0.0061,0.3099,1.0769,0.0261,0.2838,1.2441,0.0491,0.3543,1.4757,0.0261,0.3191,1.2809,0.0184,0.3191,1.4895,0.0123,0.2853,1.3008,-0.0,0.0044,-0.0001,-0.0,0.0048,-0.0,-0.0,0.0,-0.0154,-0.0002,0.0007,-0.0001,0.0042,0.0,0.0,-0.0,0.0006,0.0076,0.6378,0.0871,0.0119,0.0061,-0.0122,-0.0041,0.799,-0.0361,0.0398,0.7938,0.0793,0.0798,0.8511,0.2397,0.0419,0.8033,0.1005,0.0196,0.8561,0.2454,0.0226,0.8016,0.1329,0.0,0.0,0.8288,0.0,0.0,0.0,0.0,0.0,0.0,
7.28,run,7.75,4.53,0.07,-0.19,-0.96,42.2,0.0,0.0,1.183,-0.26,17.67,61.88,1.58,16.79,71.37,2.99,20.39,84.99,1.58,18.72,73.48,0.79,18.46,85.34,0.7,16.52,74.79,-0.13,19.0,61.98,1.39,18.69,71.78,2.78,21.8,85.28,1.44,19.21,73.56,0.67,22.12,85.83,0.8,19.14,76.37,-0.0037,0.8,-0.0356,0.0396,0.7944,0.0798,0.0795,0.8509,0.2386,0.0412,0.8038,0.1007,0.0191,0.8568,0.245,0.0227,0.8025,0.1338,0.0,0.052,0.0,0.0,0.084,0.013,0.0,0.136,0.0,0.0,0.013,0.0,0.006,0.637,0.019,0.0,0.201,0.058,-0.0061,0.3099,1.0769,0.0261,0.2838,1.2441,0.0491,0.3543,1.4757,0.0261,0.3191,1.2809,0.0169,0.3191,1.4895,0.0123,0.2853,1.3008,-0.0,0.0031,-0.0,-0.0,0.0034,-0.0,-0.0,0.0,-0.0107,-0.0001,0.0005,-0.0,-0.0028,0.0,0.0,-0.0,0.0004,0.0053,0.6368,0.0882,-0.0013,0.0071,-0.0054,-0.004,0.7995,-0.0358,0.0396,0.7941,0.0795,0.0795,0.8512,0.239,0.0417,0.8036,0.1006,0.0192,0.8565,0.2451,0.0225,0.8021,0.1333,0.0,0.0,0.8436,0.0,0.0,0.0,0.0,0.0,0.0,
7.32,run,7.75,4.51,0.21,-0.38,-0.36,42.9,0.0,0.0,1.183,-0.18,17.67,61.88,1.58,16.79,71.37,2.99,20.39,84.99,1.49,18.72,73.48,0.88,18.46,85.34,0.7,16.52,74.79,-0.13,19.02,62.0,1.38,18.7,71.8,2.77,21.8,85.22,1.43,19.22,73.57,0.66,22.14,85.8,0.78,19.16,76.42,-0.0037,0.8004,-0.0353,0.0394,0.7946,0.08,0.0791,0.8509,0.2378,0.041,0.8041,0.1009,0.0187,0.8571,0.2447,0.0224,0.8029,0.1343,0.0,0.045,0.0,0.0,0.123,0.019,0.006,0.136,0.0,0.0,0.006,0.0,0.006,0.786,0.013,0.0,0.175,0.065,-0.0061,0.3099,1.0769,0.0261,0.2838,1.2441,0.0491,0.3543,1.4757,0.0261,0.3191,1.2809,0.0169,0.3191,1.4895,0.0123,0.2853,1.3008,-0.0,0.0022,-0.0,-0.0,0.0024,-0.0,-0.0,0.0,-0.0075,-0.0001,0.0003,-0.0,-0.002,0.0,0.0,-0.0,0.0003,0.0037,0.6376,0.0875,0.0012,-0.0033,-0.0167,-0.0037,0.8,-0.0356,0.0396,0.7944,0.0798,0.0795,0.8509,0.2386,0.0412,0.8038,0.1007,0.0191,0.8568,0.245,0.0227,0.8025,0.1338,0.0,0.0,0.8584,0.0,0.0,0.0,0.0,0.0,0.0,
7.36,run,7.73,4.48,0.34,-1.15,-0.97,43.7,0.0,0.0,1.183,-0.18,17.67,61.88,1.58,16.79,71.37,2.99,20.39,84.99,1.49,18.81,73.48,0.53,18.46,85.34,0.7,16.52,74.79,-0.13,19.03,62.03,1.37,18.71,71.8,2.77,21.77,85.16,1.42,19.23,73.57,0.65,22.14,85.78,0.8,19.18,76.43,-0.0036,0.8006,-0.035,0.0392,0.7948,0.08,0.0791,0.8504,0.2372,0.0407,0.8043,0.1008,0.0186,0.8571,0.2445,0.0227,0.8033,0.1345,0.0,0.045,0.0,0.0,0.123,0.019,0.006,0.136,0.0,0.0,0.006,0.0,0.006,0.786,0.013,0.0,0.175,0.065,-0.0046,0.3099,1.0769,0.0261,0.2838,1.2441,0.0491,0.3543,1.4757,0.0245,0.3191,1.2809,0.0184,0.3191,1.4895,0.0123,0.2853,1.3008,0.0058,0.0015,-0.0,-0.0,0.0017,-0.0,-0.0,0.0,-0.0053,-0.0059,0.0002,-0.0,0.0044,0.0,0.0,-0.0,0.0002,0.0026,0.6379,0.0861,0.0036,-0.0066,-0.0062,-0.0037,0.8004,-0.0353,0.0394,0.7946,0.08,0.0791,0.8509,0.2378,0.041,0.8041,0.1009,0.0187,0.8571,0.2447,0.0224,0.8029,0.1343,0.0,0.0,0.8732,0.0,0.0,0.0,0.0,0.0,0.0,
7.4,run,7.72,4.46,-0.4,-0.65,-0.7,44.4,0.0,0.0,1.183,-0.18,17.67,61.88,1.58,16.79,71.37,2.99,20.39,84.9,1.49,18.81,73.48,0.53,18.46,85.34,0.7,16.52,74.79,-0.11,19.07,62.05,1.38,18.73,71.85,2.76,21.79,85.14,1.41,19.25,73.64,0.65,22.16,85.77,0.78,19.2,76.54,-0.0032,0.8013,-0.0347,0.0394,0.7952,0.0806,0.0789,0.8507,0.237,0.0403,0.8045,0.1016,0.0185,0.8574,0.2443,0.0222,0.8035,0.1358,0.0,0.045,0.0,0.0,0.123,0.019,0.006,0.136,0.0,0.0,0.006,0.0,0.006,0.786,0.013,0.0,0.175,0.065,-0.0046,0.3099,1.0769,0.0261,0.2838,1.2441,0.0491,0.3543,1.4757,0.0245,0.3206,1.2809,0.0123,0.3191,1.4895,0.0123,0.2853,1.3008,0.0041,0.0011,-0.0,-0.0,0.0012,-0.0,-0.0,0.0,-0.0037,-0.0041,0.0059,-0.0,-0.0199,0.0,0.0,-0.0,0.0001,0.0018,0.6365,0.0835,0.006,-0.02,-0.0169,-0.0036,0.8006,-0.035,0.0392,0.7948,0.08,0.0791,0.8504,0.2372,0.0407,0.8043,0.1008,0.0186,0.8571,0.2445,0.0227,0.8033,0.1345,0.0,0.0,0.888,0.0,0.0,0.0,0.0,0.0,0.0,
7.44,run,7.7,4.45,-0.59,-0.58,-0.45,45.1,0.0,0.0,1.183,-0.18,17.84,61.88,1.58,16.79,71.37,2.99,20.39,84.81,1.49,18.81,73.48,0.53,18.46,85.34,0.7,16.52,74.79,-0.11,19.09,62.07,1.38,18.74,71.87,2.75,21.77,85.09,1.4,19.26,73.62,0.64,22.16,85.74,0.79,19.22,76.55,-0.0031,0.8016,-0.0344,0.0394,0.7953,0.0808,0.0787,0.8503,0.2363,0.0399,0.8047,0.1014,0.0183,0.8575,0.2439,0.0225,0.8039,0.1359,0.0,0.039,0.0,0.006,0.104,0.026,0.006,0.149,0.006,0.0,0.013,0.006,0.0,0.734,0.019,0.0,0.26,0.104,-0.0046,0.3099,1.0769,0.0261,0.2838,1.2441,0.0491,0.3543,1.4742,0.0245,0.3206,1.2809,0.0123,0.3191,1.4895,0.0123,0.2853,1.3008,0.0028,0.0007,-0.0,-0.0,0.0008,-0.0,-0.0,0.0,-0.0083,-0.0029,0.0041,-0.0,-0.0139,0.0,0.0,-0.0,0.0001,0.0013,0.6353,0.0818,-0.0071,-0.0114,-0.0122,-0.0032,0.8013,-0.0347,0.0394,0.7952,0.0806,0.0789,0.8507,0.237,0.0403,0.8045,0.1016,0.0185,0.8574,0.2443,0.0222,0.8035,0.1358,0.0,0.0,0.9028,0.0,0.0,0.0,0.0,0.0,0.0,
7.48,run,7.73,4.45,0.83,0.2,-0.72,45.9,0.0,0.0,1.183,-0.18,17.84,61.88,1.58,16.79,71.37,2.99,20.39,84.73,1.49,18.81,73.56,0.53,18.46,85.34,0.7,16.52,74.97,-0.11,19.1,62.11,1.37,18.75,71.88,2.75,21.75,85.03,1.39,19.27,73.62,0.63,22.17,85.7,0.79,19.24,76.57,-0.003,0.8019,-0.034,0.0392,0.7954,0.0809,0.0785,0.8501,0.2357,0.0396,0.8049,0.1014,0.018,0.8576,0.2436,0.0225,0.8043,0.1361,0.0,0.039,0.0,0.006,0.104,0.026,0.006,0.149,0.006,0.0,0.013,0.006,0.0,0.734,0.019,0.0,0.26,0.104,-0.0046,0.3129,1.0769,0.0261,0.2838,1.2441,0.0491,0.3543,1.4726,0.0245,0.3206,1.2809,0.0123,0.3191,1.4895,0.0123,0.2853,1.3008,0.002,0.012,-0.0,-0.0,0.0006,-0.0,-0.0,0.0,-0.0116,-0.002,0.0029,-0.0,-0.0097,0.0,0.0,-0.0,0.0001,0.0009,0.6339,0.081,-0.0104,-0.0101,-0.0078,-0.0031,0.8016,-0.0344,0.0394,0.7953,0.0808,0.0787,0.8503,0.2363,0.0399,0.8047,0.1014,0.0183,0.8575,0.2439,0.0225,0.8039,0.1359,0.0,0.0,0.9176,0.0,0.0,0.0,0.0,0.0,0.0,
7.52,run,7.71,4.44,-0.03,-0.27,0.0,46.6,0.0,0.0,1.183,-0.18,17.84,61.88,1.58,16.79,71.37,2.99,20.39,84.64,1.49,18.81,73.56,0.53,18.46,85.34,0.7,16.52,74.97,-0.09,19.13,62.14,1.38,18.76,71.91,2.75,21.75,84.98,1.38,19.28,73.64,0.63,22.17,85.69,0.79,19.26,76.62,-0.0027,0.8024,-0.0337,0.0394,0.7957,0.0813,0.0786,0.8501,0.2351,0.0393,0.8052,0.1017,0.018,0.8577,0.2434,0.0227,0.8048,0.1366,0.0,0.039,0.0,0.006,0.104,0.026,0.006,0.149,0.006,0.0,0.013,0.006,0.0,0.734,0.019,0.0,0.26,0.104,-0.0046,0.3129,1.0769,0.0261,0.2838,1.2441,0.0491,0.3543,1.4711,0.0245,0.3206,1.2824,0.0123,0.3191,1.4895,0.0123,0.2853,1.3039,0.0014,0.0084,-0.0,-0.0,0.0004,-0.0,-0.0,0.0,-0.0138,-0.0014,0.002,0.0057,-0.0068,0.0,0.0,-0.0,0.0,0.0121,0.6362,0.0811,0.0144,0.0035,-0.0126,-0.003,0.8019,-0.034,0.0392,0.7954,0.0809,0.0785,0.8501,0.2357,0.0396,0.8049,0.1014,0.018,0.8576,0.2436,0.0225,0.8043,0.1361,0.0,0.0,0.9324,0.0,0.0,0.0,0.0,0.0,0.0,
7.56,run,7.7,4.44,-0.33,-0.23,-0.84,47.4,0.0,0.0,1.183,-0.18,17.84,61.88,1.58,16.79,71.37,2.99,20.39,84.64,1.49,18.81,73.56,0.53,18.46,85.34,0.7,16.52,74.97,-0.09,19.14,62.17,1.37,18.77,71.93,2.74,21.73,84.94,1.36,19.3,73.64,0.62,22.17,85.66,0.8,19.29,76.64,-0.0027,0.8026,-0.0333,0.0392,0.7958,0.0815,0.0784,0.8496,0.2346,0.039,0.8054,0.1016,0.0178,0.8577,0.2431,0.0229,0.8052,0.1369,0.0,0.045,0.006,0.006,0.091,0.026,0.006,0.097,0.0,0.0,0.006,0.0,0.0,0.676,0.013,0.0,0.189,0.091,-0.0046,0.3129,1.0769,0.0261,0.2838,1.2441,0.0491,0.3543,1.4696,0.0245,0.3206,1.2824,0.0123,0.3191,1.4895,0.0123,0.2853,1.3039,0.001,0.0059,-0.0,-0.0,0.0003,-0.0,-0.0,0.0,-0.0154,-0.001,0.0014,0.004,-0.0048,0.0,0.0,-0.0,0.0,0.0085,0.6343,0.0798,-0.0005,-0.0047,0.0,-0.0027,0.8024,-0.0337,0.0394,0.7957,0.0813,0.0786,0.8501,0.2351,0.0393,0.8052,0.1017,0.018,0.8577,0.2434,0.0227,0.8048,0.1366,0.0,0.0,0.9472,0.0,0.0,0.0,0.0,0.0,0.0,
7.6,run,7.71,4.44,0.17,-0.09,-0.34,48.1,0.0,0.0,1.183,-0.18,17.84,61.88,1.58,16.88,71.37,2.99,20.39,84.64,1.49,18.81,73.56,0.53,18.46,85.34,0.7,16.52,74.97,-0.09,19.16,62.21,1.36,18.78,71.95,2.73,21.74,84.89,1.36,19.31,73.65,0.61,22.19,85.61,0.79,19.3,76.68,-0.0027,0.8028,-0.0329,0.039,0.7959,0.0818,0.0779,0.8498,0.234,0.0387,0.8056,0.1017,0.0174,0.858,0.2425,0.0225,0.8055,0.1374,0.0,0.045,0.006,0.006,0.091,0.026,0.006,0.097,0.0,0.0,0.006,0.0,0.0,0.676,0.013,0.0,0.189,0.091,-0.0046,0.3129,1.0769,0.0261,0.2838,1.2441,0.0491,0.3543,1.4696,0.0245,0.3206,1.2824,0.0123,0.3191,1.4895,0.0123,0.2853,1.3039,0.0007,0.0041,-0.0,-0.0,0.0002,-0.0,-0.0,0.0,-0.0108,-0.0007,0.001,0.0028,-0.0033,0.0,0.0,-0.0,0.0,0.0059,0.6334,0.0795,-0.0057,-0.0041,-0.0146,-0.0027,0.8026,-0.0333,0.0392,0.7958,0.0815,0.0784,0.8496,0.2346,0.039,0.8054,0.1016,0.0178,0.8577,0.2431,0.0229,0.8052,0.1369,0.0,0.0,0.962,0.0,0.0,0.0,0.0,0.0,0.0,
7.64,run,7.72,4.45,0.5,0.14,-0.45,48.8,0.0,0.0,1.183,-0.18,17.84,61.88,1.58,16.88,71.37,2.99,20.39,84.64,1.41,18.81,73.56,0.53,18.46,85.34,0.7,16.52,74.97,-0.09,19.17,62.25,1.36,18.78,71.99,2.73,21.73,84.85,1.34,19.32,73.66,0.61,22.19,85.59,0.79,19.33,76.72,-0.0025,0.803,-0.0324,0.0389,0.7961,0.0822,0.0779,0.8497,0.2335,0.0384,0.8058,0.1019,0.0173,0.8581,0.2422,0.0226,0.8059,0.1379,0.0,0.045,0.006,0.006,0.091,0.026,0.006,0.097,0.0,0.0,0.006,0.0,0.0,0.676,0.013,0.0,0.189,0.091,-0.0046,0.3129,1.0769,0.0261,0.2853,1.2441,0.0491,0.3543,1.4696,0.0245,0.3206,1.2824,0.0123,0.3191,1.4895,0.0123,0.2853,1.3039,0.0005,0.0029,-0.0,-0.0,0.0059,-0.0,-0.0,0.0,-0.0076,-0.0005,0.0007,0.002,-0.0023,0.0,0.0,-0.0,0.0,0.0042,0.6345,0.0795,0.0029,-0.0015,-0.006,-0.0027,0.8028,-0.0329,0.039,0.7959,0.0818,0.0779,0.8498,0.234,0.0387,0.8056,0.1017,0.0174,0.858,0.2425,0.0225,0.8055,0.1374,0.0,0.0,0.9768,0.0,0.0,0.0,0.0,0.0,0.0,
7.68,run,7.7,4.44,0.02,0.07,-0.66,49.6,0.0,0.0,1.183,-0.18,17.84,61.88,1.58,16.88,71.37,2.99,20.39,84.64,1.41,18.81,73.56,0.53,18.46,85.34,0.7,16.52,75.06,-0.09,19.18,62.29,1.36,18.79,72.02,2.72,21.73,84.81,1.34,19.33,73.68,0.6,22.2,85.57,0.79,19.34,76.76,-0.0025,0.8032,-0.0319,0.0389,0.7962,0.0825,0.0778,0.8496,0.2331,0.0382,0.806,0.1021,0.0172,0.8582,0.2419,0.0227,0.8063,0.1383,0.0,0.045,0.006,0.006,0.123,0.033,0.006,0.136,0.0,0.0,0.013,0.0,0.0,0.741,0.013,0.0,0.221,0.078,-0.0046,0.3129,1.0769,0.0261,0.2853,1.2441,0.0491,0.3543,1.4696,0.023,0.3206,1.2824,0.0123,0.3191,1.4895,0.0123,0.2853,1.3039,0.0003,0.002,-0.0,-0.0,0.0041,-0.0,-0.0,0.0,-0.0053,-0.0061,0.0005,0.0014,-0.0016,0.0,0.0,-0.0,0.0,0.0029,0.6354,0.0804,0.0088,0.0025,-0.0078,-0.0025,0.803,-0.0324,0.0389,0.7961,0.0822,0.0779,0.8497,0.2335,0.0384,0.8058,0.1019,0.0173,0.8581,0.2422,0.0226,0.8059,0.1379,0.0,0.0,0.9916,0.0,0.0,0.0,0.0,0.0,0.0,
7.72,run,7.71,4.41,-0.02,-0.59,-0.3,50.3,0.0,0.0,1.183,-0.18,17.84,61.88,1.58,16.88,71.37,2.99,20.39,84.55,1.41,18.81,73.56,0.53,18.46,85.34,0.7,16.52,75.23,-0.09,19.19,62.33,1.35,18.8,72.03,2.71,21.72,84.77,1.33,19.34,73.68,0.59,22.21,85.53,0.79,19.36,76.79,-0.0025,0.8034,-0.0314,0.0387,0.7963,0.0828,0.0775,0.8495,0.2326,0.0379,0.8062,0.1021,0.0168,0.8583,0.2415,0.0226,0.8066,0.1387,0.0,0.045,0.006,0.006,0.123,0.033,0.006,0.136,0.0,0.0,0.013,0.0,0.0,0.741,0.013,0.0,0.221,0.078,-0.0046,0.3129,1.0769,0.0261,0.2853,1.2441,0.0491,0.3543,1.4696,0.023,0.3206,1.2824,0.0123,0.3191,1.4895,0.0123,0.2853,1.3054,0.0002,0.0014,-0.0,-0.0,0.0029,-0.0,-0.0,0.0,-0.0037,-0.0042,0.0003,0.001,-0.0011,0.0,0.0,-0.0,0.0,0.0078,0.6341,0.0799,0.0004,0.0011,-0.0115,-0.0025,0.8032,-0.0319,0.0389,0.7962,0.0825,0.0778,0.8496,0.2331,0.0382,0.806,0.1021,0.0172,0.8582,0.2419,0.0227,0.8063,0.1383,0.0,0.0,1.0064,0.0,0.0,0.0,0.0,0.0,0.0,
7.76,run,7.72,4.41,0.32,-0.29,-0.58,51.1,0.0,0.0,1.183,-0.18,17.84,61.88,1.58,16.88,71.37,2.99,20.39,84.38,1.41,18.81,73.56,0.53,18.46,85.34,0.7,16.52,75.32,-0.09,19.2,62.37,1.35,18.8,72.04,2.71,21.7,84.73,1.32,19.35,73.68,0.58,22.2,85.5,0.8,19.38,76.81,-0.0026,0.8036,-0.031,0.0385,0.7964,0.0829,0.0774,0.8491,0.2321,0.0376,0.8063,0.1021,0.0167,0.8581,0.2411,0.0228,0.807,0.139,0.0,0.045,0.006,0.006,0.123,0.033,0.006,0.136,0.0,0.0,0.013,0.0,0.0,0.741,0.013,0.0,0.221,0.078,-0.0046,0.3129,1.0769,0.0261,0.2853,1.2441,0.0491,0.3543,1.468,0.023,0.3206,1.2824,0.0123,0.3191,1.4895,0.0123,0.2853,1.3085,0.0002,0.001,-0.0,-0.0,0.002,-0.0,-0.0,0.0,-0.0083,-0.003,0.0002,0.0007,-0.0008,0.0,0.0,-0.0,0.0,0.0169,0.6344,0.0775,-0.0004,-0.0103,-0.0053,-0.0025,0.8034,-0.0314,0.0387,0.7963,0.0828,0.0775,0.8495,0.2326,0.0379,0.8062,0.1021,0.0168,0.8583,0.2415,0.0226,0.8066,0.1387,0.0,0.0,1.0212,0.0,0.0,0.0,0.0,0.0,0.0,
7.8,run,7.72,4.44,0.35,0.19,-0.42,51.8,0.0,0.0,1.183,-0.18,17.84,61.88,1.58,16.88,71.37,2.99,20.39,84.38,1.41,18.81,73.56,0.53,18.46,85.25,0.7,16.52,75.32,-0.09,19.21,62.4,1.35,18.81,72.07,2.7,21.7,84.69,1.31,19.36,73.7,0.58,22.2,85.46,0.8,19.4,76.86,-0.0025,0.8038,-0.0305,0.0385,0.7965,0.0832,0.0771,0.8492,0.2316,0.0374,0.8065,0.1023,0.0165,0.8582,0.2407,0.0227,0.8073,0.1396,0.0,0.058,0.006,0.006,0.123,0.039,0.006,0.13,0.006,0.0,0.013,0.0,0.0,0.78,0.019,0.0,0.24,0.065,-0.0046,0.3129,1.0769,0.0261,0.2853,1.2441,0.0491,0.3543,1.465,0.023,0.3206,1.2824,0.0123,0.3191,1.4895,0.0123,0.2853,1.31,0.0001,0.0007,-0.0,-0.0,0.0014,-0.0,-0.0,0.0,-0.0174,-0.0021,0.0002,0.0005,-0.0006,0.0,0.0,-0.0,0.0,0.0176,0.635,0.0776,0.0056,-0.0051,-0.0101,-0.0026,0.8036,-0.031,0.0385,0.7964,0.0829,0.0774,0.8491,0.2321,0.0376,0.8063,0.1021,0.0167,0.8581,0.2411,0.0228,0.807,0.139,0.0,0.0,1.036,0.0,0.0,0.0,0.0,0.0,0.0,
7.84,run,7.69,4.44,-0.4,0.23,-0.41,52.5,0.0,0.0,1.183,-0.18,17.84,61.88,1.58,16.88,71.37,2.99,20.39,84.38,1.41,18.81,73.56,0.53,18.46,84.99,0.7,16.52,75.32,-0.08,19.22,62.45,1.35,18.82,72.11,2.7,21.71,84.66,1.3,19.37,73.72,0.57,22.2,85.44,0.8,19.42,76.91,-0.0024,0.804,-0.03,0.0386,0.7967,0.0837,0.077,0.8492,0.2313,0.0371,0.8067,0.1026,0.0164,0.8583,0.2404,0.0228,0.8077,0.1401,0.0,0.058,0.006,0.006,0.123,0.039,0.006,0.13,0.006,0.0,0.013,0.0,0.0,0.78,0.019,0.0,0.24,0.065,-0.0046,0.3129,1.0769,0.0261,0.2853,1.2441,0.0491,0.3543,1.465,0.023,0.3206,1.2824,0.0123,0.3191,1.488,0.0123,0.2853,1.31,0.0001,0.0005,-0.0,-0.0,0.001,-0.0,-0.0,0.0,-0.0121,-0.0015,0.0001,0.0003,-0.0004,0.0,-0.0058,-0.0,0.0,0.0123,0.6353,0.0795,0.0061,0.0033,-0.0074,-0.0025,0.8038,-0.0305,0.0385,0.7965,0.0832,0.0771,0.8492,0.2316,0.0374,0.8065,0.1023,0.0165,0.8582,0.2407,0.0227,0.8073,0.1396,0.0,0.0,1.0508,0.0,0.0,0.0,0.0,0.0,0.0,
7.88,run,7.7,4.42,-0.14,-0.29,-0.56,53.3,0.0,0.0,1.183,-0.18,17.84,61.88,1.58,16.88,71.37,2.99,20.39,84.38,1.41,18.81,73.56,0.53,18.54,84.99,0.7,16.52,75.32,-0.08,19.23,62.5,1.35,18.83,72.15,2.69,21.7,84.64,1.29,19.37,73.73,0.57,22.2,85.41,0.79,19.44,76.96,-0.0023,0.8043,-0.0294,0.0385,0.7968,0.0841,0.0767,0.8491,0.2311,0.0368,0.8068,0.1027,0.0162,0.8582,0.2401,0.0227,0.808,0.1407,0.0,0.058,0.006,0.006,0.123,0.039,0.006,0.13,0.006,0.0,0.013,0.0,0.0,0.78,0.019,0.0,0.24,0.065,-0.0046,0.3129,1.0769,0.0261,0.2853,1.2441,0.0491,0.3543,1.465,0.023,0.3206,1.2824,0.0123,0.3191,1.4834,0.0123,0.2853,1.31,0.0001,0.0003,-0.0,-0.0,0.0007,-0.0,-0.0,0.0,-0.0085,-0.001,0.0001,0.0002,-0.0003,0.0,-0.0214,-0.0,0.0,0.0086,0.633,0.0797,-0.0071,0.0039,-0.0071,-0.0024,0.804,-0.03,0.0386,0.7967,0.0837,0.077,0.8492,0.2313,0.0371,0.8067,0.1026,0.0164,0.8583,0.2404,0.0228,0.8077,0.1401,0.0,0.0,1.0656,0.0,0.0,0.0,0.0,0.0,0.0,
7.92,run,7.72,4.4,0.47,-0.75,-0.57,54.0,0.0,0.0,1.183,-0.18,18.02,61.88,1.58,16.88,71.37,2.99,20.39,84.38,1.41,18.81,73.65,0.53,18.54,84.99,0.7,16.52,75.32,-0.08,19.24,62.54,1.34,18.83,72.17,2.68,21.7,84.6,1.28,19.38,73.74,0.56,22.2,85.37,0.79,19.45,77.0,-0.0024,0.8044,-0.0289,0.0383,0.7969,0.0843,0.0765,0.8491,0.2306,0.0366,0.8069,0.1028,0.0159,0.8582,0.2396,0.0226,0.8083,0.1412,0.0,0.039,0.013,0.0,0.084,0.039,0.006,0.136,0.006,0.0,0.006,0.0,0.0,0.728,0.013,0.0,0.208,0.071,-0.0046,0.3129,1.0769,0.0261,0.2853,1.2441,0.0491,0.3543,1.465,0.023,0.3206,1.2824,0.0123,0.3206,1.4834,0.0123,0.2853,1.31,0.0,0.0002,-0.0,-0.0,0.0005,-0.0,-0.0,0.0,-0.006,-0.0007,0.0001,0.0002,-0.0002,0.0057,-0.015,-0.0,0.0,0.006,0.6335,0.078,-0.0025,-0.005,-0.0098,-0.0023,0.8043,-0.0294,0.0385,0.7968,0.0841,0.0767,0.8491,0.2311,0.0368,0.8068,0.1027,0.0162,0.8582,0.2401,0.0227,0.808,0.1407,0.0,0.0,1.0804,0.0,0.0,0.0,0.0,0.0,0.0,
7.96,run,7.71,4.41,0.17,0.05,-0.2,54.8,0.0,0.0,1.183,-0.18,18.02,61.88,1.58,16.88,71.37,2.99,20.39,84.38,1.41,18.81,73.65,0.53,18.54,84.99,0.7,16.52,75.32,-0.09,19.24,62.6,1.34,18.83,72.19,2.67,21.69,84.56,1.27,19.39,73.75,0.55,22.2,85.34,0.79,19.47,77.03,-0.0025,0.8043,-0.0283,0.0382,0.7969,0.0846,0.0764,0.849,0.2302,0.0363,0.8071,0.1029,0.0156,0.8582,0.2393,0.0226,0.8086,0.1415,0.0,0.039,0.013,0.0,0.084,0.039,0.006,0.136,0.006,0.0,0.006,0.0,0.0,0.728,0.013,0.0,0.208,0.071,-0.0046,0.316,1.0769,0.0261,0.2853,1.2441,0.0491,0.3543,1.465,0.023,0.3206,1.2839,0.0123,0.3206,1.4834,0.0123,0.2853,1.31,0.0,0.0118,-0.0,-0.0,0.0003,-0.0,-0.0,0.0,-0.0042,-0.0005,0.0,0.0059,-0.0001,0.004,-0.0105,-0.0,0.0,0.0042,0.6352,0.076,0.0083,-0.0131,-0.0099,-0.0024,0.8044,-0.0289,0.0383,0.7969,0.0843,0.0765,0.8491,0.2306,0.0366,0.8069,0.1028,0.0159,0.8582,0.2396,0.0226,0.8083,0.1412,0.0,0.0,1.0952,0.0,0.0,0.0,0.0,0.0,0.0,
8.0,run,7.71,4.41,-0.11,0.32,-0.97,55.5,0.0,0.0,1.183,-0.18,18.02,61.88,1.58,16.88,71.37,2.99,20.39,84.38,1.32,18.81,73.65,0.53,18.54,84.99,0.7,16.52,75.32,-0.09,19.24,62.65,1.34,18.83,72.23,2.67,21.69,84.54,1.26,19.4,73.76,0.54,22.2,85.3,0.8,19.49,77.07,-0.0025,0.8044,-0.0276,0.0382,0.7969,0.085,0.0763,0.8489,0.2299,0.0361,0.8072,0.1031,0.0155,0.8582,0.2389,0.0227,0.8089,0.142,0.0,0.039,0.013,0.0,0.084,0.039,0.006,0.136,0.006,0.0,0.006,0.0,0.0,0.728,0.013,0.0,0.208,0.071,-0.0046,0.316,1.0769,0.0261,0.2853,1.2441,0.0491,0.3543,1.465,0.023,0.3206,1.2839,0.0123,0.3206,1.4834,0.0123,0.2853,1.31,0.0,0.0083,-0.0,-0.0,0.0002,-0.0,-0.0,0.0,-0.0029,-0.0003,0.0,0.0042,-0.0001,0.0028,-0.0073,-0.0,0.0,0.003,0.6346,0.077,0.0029,0.0009,-0.0036,-0.0025,0.8043,-0.0283,0.0382,0.7969,0.0846,0.0764,0.849,0.2302,0.0363,0.8071,0.1029,0.0156,0.8582,0.2393,0.0226,0.8086,0.1415,0.0,0.0,1.11,0.0,0.0,0.0,0.0,0.0,0.0,
8.04,run,7.73,4.4,0.5,-0.2,-0.4,56.2,0.0,0.0,1.183,-0.18,18.02,61.96,1.58,16.88,71.37,2.99,20.39,84.38,1.32,18.9,73.65,0.53,18.54,84.99,0.7,16.88,75.32,-0.09,19.24,62.7,1.33,18.83,72.25,2.66,21.7,84.5,1.26,19.4,73.77,0.53,22.2,85.25,0.79,19.5,77.11,-0.0026,0.8044,-0.027,0.0379,0.7969,0.0854,0.0759,0.849,0.2294,0.0359,0.8073,0.1032,0.0152,0.8582,0.2383,0.0225,0.8091,0.1425,0.0,0.039,0.019,0.006,0.091,0.052,0.0,0.136,0.006,0.0,0.006,0.0,0.0,0.702,0.013,0.0,0.149,0.078,-0.0046,0.316,1.0769,0.0261,0.2853,1.2441,0.0491,0.3543,1.465,0.0215,0.3206,1.2839,0.0123,0.3206,1.4834,0.0123,0.2853,1.31,0.0,0.0058,-0.0,-0.0,0.0002,-0.0,-0.0,0.0,-0.002,-0.006,0.0,0.0029,-0.0001,0.002,-0.0051,-0.0,0.0,0.0021,0.6342,0.0777,-0.002,0.0057,-0.0169,-0.0025,0.8044,-0.0276,0.0382,0.7969,0.085,0.0763,0.8489,0.2299,0.0361,0.8072,0.1031,0.0155,0.8582,0.2389,0.0227,0.8089,0.142,0.0,0.0,1.1248,0.0,0.0,0.0,0.0,0.0,0.0,
8.08,run,7.75,4.37,0.71,-0.79,-0.68,57.0,0.0,0.0,1.183,-0.18,18.02,61.96,1.58,16.88,71.37,2.99,20.39,84.02,1.32,18.98,73.65,0.53,18.54,84.99,0.7,17.05,75.32,-0.09,19.23,62.81,1.32,18.83,72.31,2.64,21.69,84.47,1.25,19.41,73.81,0.53,22.21,85.21,0.77,19.53,77.17,-0.0027,0.8041,-0.0257,0.0377,0.797,0.086,0.0755,0.849,0.2291,0.0358,0.8074,0.1037,0.0151,0.8584,0.2377,0.0221,0.8097,0.1431,0.0,0.039,0.019,0.006,0.091,0.052,0.0,0.136,0.006,0.0,0.006,0.0,0.0,0.702,0.013,0.0,0.149,0.078,-0.0046,0.316,1.0784,0.0261,0.2853,1.2441,0.0491,0.3543,1.465,0.0215,0.3221,1.2839,0.0123,0.3206,1.4834,0.0123,0.2915,1.31,0.0,0.004,0.0057,-0.0,0.0001,-0.0,-0.0,0.0,-0.0014,-0.0042,0.0057,0.002,-0.0,0.0014,-0.0036,-0.0,0.0229,0.0015,0.6361,0.0766,0.0088,-0.0035,-0.007,-0.0026,0.8044,-0.027,0.0379,0.7969,0.0854,0.0759,0.849,0.2294,0.0359,0.8073,0.1032,0.0152,0.8582,0.2383,0.0225,0.8091,0.1425,0.0,0.0,1.1396,0.0,0.0,0.0,0.0,0.0,0.0,
8.12,run,7.75,4.39,0.08,0.03,-0.04,57.7,0.0,0.0,1.183,-0.18,18.02,61.96,1.58,16.88,71.37,2.99,20.39,84.02,1.32,18.98,73.65,0.53,18.54,84.99,0.7,17.05,75.32,-0.1,19.22,62.89,1.31,18.83,72.35,2.63,21.69,84.43,1.25,19.4,73.84,0.52,22.21,85.13,0.76,19.55,77.22,-0.0028,0.804,-0.0248,0.0375,0.7969,0.0865,0.0751,0.849,0.2286,0.0357,0.8074,0.1041,0.0149,0.8584,0.2369,0.0217,0.81,0.1438,0.0,0.039,0.019,0.006,0.091,0.052,0.0,0.136,0.006,0.0,0.006,0.0,0.0,0.702,0.013,0.0,0.149,0.078,-0.0046,0.316,1.0784,0.0261,0.2853,1.2441,0.0491,0.3543,1.4588,0.0215,0.3237,1.2839,0.0123,0.3206,1.4834,0.0123,0.2945,1.31,0.0,0.0028,0.004,-0.0,0.0001,-0.0,-0.0,0.0,-0.0204,-0.0029,0.0089,0.0014,-0.0,0.001,-0.0025,-0.0,0.0257,0.001,0.6382,0.0735,0.0124,-0.0138,-0.0118,-0.0027,0.8041,-0.0257,0.0377,0.797,0.086,0.0755,0.849,0.2291,0.0358,0.8074,0.1037,0.0151,0.8584,0.2377,0.0221,0.8097,0.1431,0.0,0.0,1.1544,0.0,0.0,0.0,0.0,0.0,0.0,
8.16,run,7.76,4.43,0.04,0.98,-0.78,58.5,0.0,0.0,1.183,-0.18,18.02,62.05,1.58,16.88,71.37,2.99,20.39,84.02,1.32,18.98,73.74,0.53,18.54,84.9,0.7,17.05,75.59,-0.1,19.22,62.95,1.31,18.83,72.4,2.62,21.69,84.41,1.24,19.41,73.86,0.51,22.21,85.1,0.77,19.56,77.26,-0.0028,0.804,-0.0242,0.0374,0.7969,0.087,0.0749,0.8489,0.2284,0.0354,0.8075,0.1042,0.0147,0.8584,0.2365,0.0219,0.8102,0.1442,0.0,0.039,0.013,0.006,0.097,0.065,0.006,0.123,0.006,0.0,0.013,0.0,0.0,0.747,0.013,0.0,0.201,0.071,-0.0046,0.316,1.0784,0.0261,0.2853,1.2441,0.0491,0.3543,1.4588,0.0215,0.3237,1.2839,0.0123,0.3206,1.4834,0.0123,0.2945,1.31,0.0,0.002,0.0028,-0.0,0.0001,-0.0,-0.0,0.0,-0.0143,-0.002,0.0062,0.001,-0.0,0.0007,-0.0018,-0.0,0.018,0.0007,0.6377,0.0756,0.0015,0.0006,-0.0008,-0.0028,0.804,-0.0248,0.0375,0.7969,0.0865,0.0751,0.849,0.2286,0.0357,0.8074,0.1041,0.0149,0.8584,0.2369,0.0217,0.81,0.1438,0.0,0.0,1.1692,0.0,0.0,0.0,0.0,0.0,0.0,
8.2,run,7.84,4.34,2.22,-1.33,-0.49,59.2,0.0,0.0,1.183,-0.18,18.02,62.23,1.58,16.88,71.46,2.99,20.39,84.02,1.32,18.98,73.65,0.53,18.98,84.64,0.7,17.05,75.76,-0.1,19.23,62.99,1.31,18.83,72.43,2.62,21.7,84.39,1.23,19.42,73.87,0.51,22.21,85.07,0.76,19.58,77.3,-0.0028,0.8042,-0.0236,0.0375,0.797,0.0874,0.0748,0.849,0.2281,0.0352,0.8076,0.1044,0.0145,0.8584,0.2362,0.0218,0.8105,0.1447,0.0,0.039,0.013,0.006,0.097,0.065,0.006,0.123,0.006,0.0,0.013,0.0,0.0,0.747,0.013,0.0,0.201,0.071,-0.0046,0.316,1.0799,0.0261,0.2853,1.2441,0.0491,0.3543,1.4588,0.0215,0.3237,1.2855,0.0123,0.3206,1.4818,0.0123,0.2945,1.3146,0.0,0.0014,0.0078,-0.0,0.0,-0.0,-0.0,0.0,-0.01,-0.0014,0.0043,0.0065,-0.0,0.0005,-0.007,-0.0,0.0126,0.0179,0.6385,0.0786,0.0007,0.0171,-0.0137,-0.0028,0.804,-0.0242,0.0374,0.7969,0.087,0.0749,0.8489,0.2284,0.0354,0.8075,0.1042,0.0147,0.8584,0.2365,0.0219,0.8102,0.1442,0.0,0.0,1.184,0.0,0.0,0.0,0.0,0.0,0.0,
8.24,run,7.86,4.3,0.37,-1.16,-1.57,59.9,0.0,0.0,1.183,-0.18,18.02,62.23,1.58,16.88,71.63,2.99,20.39,84.02,1.14,18.98,73.83,0.53,19.78,84.64,0.7,17.05,75.85,-0.1,19.25,63.01,1.32,18.84,72.45,2.63,21.69,84.39,1.22,19.42,73.91,0.51,22.19,85.08,0.77,19.59,77.36,-0.0029,0.8046,-0.0235,0.0377,0.797,0.0877,0.0752,0.8489,0.2281,0.035,0.8077,0.1048,0.0146,0.8579,0.2363,0.0221,0.8108,0.1454,0.0,0.039,0.013,0.006,0.097,0.065,0.006,0.123,0.006,0.0,0.013,0.0,0.0,0.747,0.013,0.0,0.201,0.071,-0.0046,0.316,1.083,0.0261,0.2853,1.2456,0.0491,0.3543,1.4588,0.0215,0.3237,1.2839,0.0123,0.3283,1.4772,0.0123,0.2945,1.3177,0.0,0.001,0.0169,-0.0,0.0,0.0058,-0.0,0.0,-0.007,-0.001,0.003,-0.0012,-0.0,0.0291,-0.0222,-0.0,0.0088,0.024,0.646,0.071,0.0388,-0.0232,-0.0086,-0.0028,0.8042,-0.0236,0.0375,0.797,0.0874,0.0748,0.849,0.2281,0.0352,0.8076,0.1044,0.0145,0.8584,0.2362,0.0218,0.8105,0.1447,0.0,0.0,1.1988,0.0,0.0,0.0,0.0,0.0,0.0,
8.28,run,7.86,4.34,0.24,0.21,0.16,60.7,0.0,0.0,1.183,-0.18,18.02,62.23,1.58,16.88,71.63,2.99,20.39,84.02,1.14,18.98,73.74,0.53,19.86,84.64,0.7,17.05,75.85,-0.12,19.27,62.97,1.31,18.84,72.43,2.64,21.71,84.38,1.21,19.45,73.87,0.49,22.18,85.08,0.8,19.59,77.37,-0.0035,0.805,-0.0239,0.0375,0.7971,0.0874,0.0755,0.8492,0.228,0.0346,0.8081,0.1043,0.0141,0.8579,0.2363,0.0228,0.8107,0.1455,0.0,0.039,0.019,0.0,0.117,0.045,0.006,0.091,0.006,0.0,0.006,0.0,0.0,0.338,0.019,0.0,0.163,0.058,-0.0046,0.316,1.083,0.0261,0.2853,1.2487,0.0491,0.3543,1.4588,0.0184,0.3237,1.287,0.0123,0.3421,1.4772,0.0123,0.2945,1.3192,0.0,0.0007,0.0119,-0.0,0.0,0.0155,-0.0,0.0,-0.0049,-0.0121,0.0021,0.0106,-0.0,0.0719,-0.0155,-0.0,0.0062,0.0225,0.6474,0.0672,0.0065,-0.0203,-0.0274,-0.0029,0.8046,-0.0235,0.0377,0.797,0.0877,0.0752,0.8489,0.2281,0.035,0.8077,0.1048,0.0146,0.8579,0.2363,0.0221,0.8108,0.1454,0.0,0.0,1.2136,0.0,0.0,0.0,0.0,0.0,0.0,
8.32,run,7.84,4.38,-0.28,1.28,-0.81,61.4,0.0,0.0,1.183,-0.18,18.02,62.23,1.58,16.88,71.63,2.99,20.39,84.02,1.14,18.98,73.74,0.53,19.86,84.64,0.7,17.05,75.85,-0.12,19.28,63.05,1.32,18.85,72.49,2.65,21.7,84.39,1.21,19.45,73.9,0.5,22.19,85.07,0.81,19.61,77.42,-0.0033,0.805,-0.023,0.0378,0.7972,0.0881,0.0756,0.8491,0.2281,0.0344,0.8082,0.1048,0.0143,0.8579,0.2362,0.0232,0.8111,0.1461,0.0,0.039,0.019,0.0,0.117,0.045,0.006,0.091,0.006,0.0,0.006,0.0,0.0,0.338,0.019,0.0,0.163,0.058,-0.0046,0.316,1.083,0.0261,0.2853,1.2487,0.0491,0.3543,1.4588,0.0184,0.3237,1.2855,0.0123,0.3436,1.4772,0.0123,0.2945,1.3192,0.0,0.0005,0.0083,-0.0,0.0,0.0108,-0.0,0.0,-0.0034,-0.0085,0.0015,0.0017,-0.0,0.0561,-0.0109,-0.0,0.0043,0.0158,0.6478,0.0708,0.0043,0.0037,0.0028,-0.0035,0.805,-0.0239,0.0375,0.7971,0.0874,0.0755,0.8492,0.228,0.0346,0.8081,0.1043,0.0141,0.8579,0.2363,0.0228,0.8107,0.1455,0.0,0.0,1.2284,0.0,0.0,0.0,0.0,0.0,0.0,
8.36,run,7.83,4.37,-0.3,0.39,-0.64,62.2,0.0,0.0,1.183,-0.18,18.02,62.23,1.58,16.88,71.63,2.99,20.39,84.02,1.14,18.98,73.74,0.53,19.86,84.64,0.7,17.05,75.85,-0.12,19.27,63.12,1.32,18.85,72.54,2.63,21.72,84.37,1.2,19.46,73.93,0.49,22.2,85.03,0.8,19.62,77.48,-0.0034,0.805,-0.0221,0.0377,0.7972,0.0887,0.075,0.8495,0.2279,0.0343,0.8083,0.1051,0.014,0.8582,0.2356,0.0227,0.8113,0.1468,0.0,0.039,0.019,0.0,0.117,0.045,0.006,0.091,0.006,0.0,0.006,0.0,0.0,0.338,0.019,0.0,0.163,0.058,-0.0046,0.316,1.083,0.0261,0.2853,1.2487,0.0491,0.3543,1.4588,0.0184,0.3237,1.2855,0.0123,0.3436,1.4772,0.0123,0.2945,1.3192,0.0,0.0003,0.0058,-0.0,0.0,0.0076,-0.0,0.0,-0.0024,-0.006,0.001,0.0012,-0.0,0.0392,-0.0076,-0.0,0.003,0.011,0.6459,0.075,-0.0049,0.0223,-0.0141,-0.0033,0.805,-0.023,0.0378,0.7972,0.0881,0.0756,0.8491,0.2281,0.0344,0.8082,0.1048,0.0143,0.8579,0.2362,0.0232,0.8111,0.1461,0.0,0.0,1.2432,0.0,0.0,0.0,0.0,0.0,0.0,
8.4,run,7.83,4.33,0.22,-0.77,-0.14,62.9,0.0,0.0,1.183,-0.18,18.02,62.23,1.58,16.88,71.63,2.99,20.39,84.02,1.14,18.98,73.83,0.53,19.86,84.64,0.7,17.05,75.85,-0.12,19.26,63.2,1.31,18.84,72.57,2.61,21.71,84.36,1.2,19.46,73.95,0.48,22.19,84.98,0.79,19.64,77.53,-0.0035,0.8047,-0.0212,0.0374,0.7971,0.0891,0.0747,0.8493,0.2277,0.0343,0.8083,0.1053,0.0138,0.858,0.2351,0.0225,0.8116,0.1474,0.0,0.045,0.026,0.0,0.13,0.058,0.006,0.084,0.006,0.0,0.006,0.0,0.0,0.273,0.013,0.0,0.163,0.071,-0.0046,0.316,1.083,0.0261,0.2853,1.2487,0.0491,0.3543,1.4588,0.0184,0.3237,1.2855,0.0123,0.3436,1.4772,0.0123,0.2945,1.3192,0.0,0.0002,0.0041,-0.0,0.0,0.0053,-0.0,0.0,-0.0017,-0.0042,0.0007,0.0008,-0.0,0.0275,-0.0053,-0.0,0.0021,0.0077,0.6449,0.0737,-0.0052,0.0067,-0.0111,-0.0034,0.805,-0.0221,0.0377,0.7972,0.0887,0.075,0.8495,0.2279,0.0343,0.8083,0.1051,0.014,0.8582,0.2356,0.0227,0.8113,0.1468,0.0,0.0,1.258,0.0,0.0,0.0,0.0,0.0,0.0,
8.44,run,7.83,4.33,0.1,-0.64,-1.0,63.6,0.0,0.0,1.183,-0.18,18.02,62.31,1.58,16.88,71.63,2.99,20.39,84.02,1.14,18.98,73.83,0.53,19.86,84.64,0.7,17.05,75.85,-0.13,19.24,63.28,1.3,18.84,72.6,2.61,21.7,84.34,1.2,19.46,73.97,0.48,22.18,84.95,0.78,19.65,77.57,-0.0037,0.8044,-0.0203,0.0372,0.797,0.0894,0.0745,0.8491,0.2276,0.0342,0.8083,0.1056,0.0136,0.8577,0.2347,0.0224,0.8118,0.1479,0.0,0.045,0.026,0.0,0.13,0.058,0.006,0.084,0.006,0.0,0.006,0.0,0.0,0.273,0.013,0.0,0.163,0.071,-0.0046,0.316,1.083,0.0261,0.2853,1.2487,0.0491,0.3543,1.4588,0.0184,0.3237,1.287,0.0123,0.3436,1.4772,0.0123,0.2945,1.3192,0.0,0.0002,0.0028,-0.0,0.0,0.0037,-0.0,0.0,-0.0012,-0.0029,0.0005,0.0063,-0.0,0.0192,-0.0037,-0.0,0.0015,0.0054,0.645,0.0704,0.0039,-0.0135,-0.0025,-0.0035,0.8047,-0.0212,0.0374,0.7971,0.0891,0.0747,0.8493,0.2277,0.0343,0.8083,0.1053,0.0138,0.858,0.2351,0.0225,0.8116,0.1474,0.0,0.0,1.2728,0.0,0.0,0.0,0.0,0.0,0.0,
8.48,run,7.82,4.37,-0.17,0.66,-0.08,64.4,0.0,0.0,1.183,-0.18,18.02,62.31,1.58,16.88,71.63,2.99,20.39,84.02,1.14,18.98,73.83,0.53,19.86,84.64,0.7,17.05,75.94,-0.13,19.24,63.34,1.3,18.83,72.63,2.59,21.71,84.31,1.19,19.46,73.99,0.47,22.17,84.89,0.77,19.66,77.62,-0.0038,0.8043,-0.0195,0.037,0.7969,0.0898,0.074,0.8492,0.2272,0.0341,0.8083,0.1058,0.0133,0.8576,0.234,0.022,0.812,0.1485,0.0,0.045,0.026,0.0,0.13,0.058,0.006,0.084,0.006,0.0,0.006,0.0,0.0,0.273,0.013,0.0,0.163,0.071,-0.0046,0.316,1.0845,0.0261,0.2853,1.2487,0.0491,0.3543,1.4588,0.0184,0.3237,1.287,0.0123,0.3436,1.4772,0.0123,0.2945,1.3192,0.0,0.0001,0.0077,-0.0,0.0,0.0026,-0.0,0.0,-0.0008,-0.002,0.0004,0.0044,-0.0,0.0135,-0.0026,-0.0,0.001,0.0038,0.6447,0.0702,0.0017,-0.0113,-0.0174,-0.0037,0.8044,-0.0203,0.0372,0.797,0.0894,0.0745,0.8491,0.2276,0.0342,0.8083,0.1056,0.0136,0.8577,0.2347,0.0224,0.8118,0.1479,0.0,0.0,1.2876,0.0,0.0,0.0,0.0,0.0,0.0,
8.52,run,7.84,4.35,0.55,-0.04,-0.68,65.1,0.0,0.0,1.183,-0.18,18.02,62.4,1.58,16.88,71.81,2.99,20.39,84.02,1.14,18.98,73.83,0.53,19.86,84.55,0.7,17.05,76.03,-0.14,19.23,63.41,1.3,18.83,72.68,2.59,21.71,84.31,1.19,19.46,74.01,0.47,22.17,84.87,0.78,19.67,77.66,-0.0039,0.8042,-0.0187,0.0372,0.7969,0.0904,0.0741,0.8492,0.2272,0.0339,0.8084,0.106,0.0133,0.8576,0.2337,0.0223,0.8123,0.1489,0.0,0.039,0.026,0.006,0.091,0.071,0.013,0.13,0.0,0.0,0.013,0.006,0.0,0.325,0.013,0.0,0.169,0.052,-0.0046,0.316,1.0845,0.0261,0.2853,1.2487,0.0491,0.3543,1.4588,0.0184,0.3237,1.287,0.0123,0.3436,1.4772,0.0123,0.2945,1.3208,0.0,0.0001,0.0054,-0.0,0.0,0.0018,-0.0,0.0,-0.0006,-0.0014,0.0003,0.0031,-0.0,0.0094,-0.0018,-0.0,0.0007,0.0081,0.6443,0.0736,-0.0031,0.0115,-0.0014,-0.0038,0.8043,-0.0195,0.037,0.7969,0.0898,0.074,0.8492,0.2272,0.0341,0.8083,0.1058,0.0133,0.8576,0.234,0.022,0.812,0.1485,0.0,0.0,1.3024,0.0,0.0,0.0,0.0,0.0,0.0,
8.56,run,7.85,4.31,0.34,-0.72,-0.24,65.9,0.0,0.0,1.183,-0.18,18.02,62.49,1.58,16.88,71.81,2.99,20.39,84.02,1.14,18.98,73.83,0.53,19.86,84.55,0.7,17.05,76.29,-0.14,19.23,63.47,1.3,18.82,72.72,2.58,21.71,84.29,1.18,19.46,74.05,0.46,22.16,84.83,0.77,19.69,77.71,-0.004,0.8041,-0.0179,0.0371,0.7968,0.0908,0.0738,0.8493,0.227,0.0338,0.8084,0.1064,0.0132,0.8574,0.2333,0.0219,0.8125,0.1496,0.0,0.039,0.026,0.006,0.091,0.071,0.013,0.13,0.0,0.0,0.013,0.006,0.0,0.325,0.013,0.0,0.169,0.052,-0.0046,0.316,1.0861,0.0261,0.2853,1.2517,0.0491,0.3543,1.4588,0.0184,0.3237,1.287,0.0123,0.3436,1.4757,0.0123,0.2945,1.3223,0.0,0.0001,0.0099,-0.0,0.0,0.0134,-0.0,0.0,-0.0004,-0.001,0.0002,0.0022,-0.0,0.0066,-0.0073,-0.0,0.0005,0.0118,0.6459,0.0721,0.0096,-0.0007,-0.0118,-0.0039,0.8042,-0.0187,0.0372,0.7969,0.0904,0.0741,0.8492,0.2272,0.0339,0.8084,0.106,0.0133,0.8576,0.2337,0.0223,0.8123,0.1489,0.0,0.0,1.3172,0.0,0.0,0.0,0.0,0.0,0.0,
8.6,run,7.85,4.3,0.12,-0.81,-0.71,66.6,0.0,0.0,1.183,-0.18,18.02,62.58,1.58,16.88,71.81,2.99,20.39,84.02,1.14,18.98,73.83,0.53,19.86,84.55,0.7,17.05,76.29,-0.15,19.21,63.53,1.29,18.81,72.73,2.58,21.69,84.27,1.18,19.46,74.04,0.46,22.13,84.78,0.77,19.7,77.73,-0.0043,0.8038,-0.0173,0.037,0.7966,0.0909,0.0737,0.8488,0.2267,0.0337,0.8083,0.1064,0.0131,0.8569,0.2327,0.0221,0.8127,0.1498,0.0,0.039,0.026,0.006,0.091,0.071,0.013,0.13,0.0,0.0,0.013,0.006,0.0,0.325,0.013,0.0,0.169,0.052,-0.0046,0.316,1.0876,0.0261,0.2853,1.2517,0.0491,0.3543,1.4588,0.0184,0.3237,1.287,0.0123,0.3436,1.4757,0.0123,0.2945,1.3269,0.0,0.0,0.0127,-0.0,0.0,0.0094,-0.0,0.0,-0.0003,-0.0007,0.0001,0.0015,-0.0,0.0046,-0.0051,-0.0,0.0004,0.0255,0.6469,0.0686,0.0059,-0.0126,-0.0042,-0.004,0.8041,-0.0179,0.0371,0.7968,0.0908,0.0738,0.8493,0.227,0.0338,0.8084,0.1064,0.0132,0.8574,0.2333,0.0219,0.8125,0.1496,0.0,0.0,1.332,0.0,0.0,0.0,0.0,0.0,0.0,
8.64,run,7.86,4.33,0.18,0.58,-0.47,67.3,0.0,0.0,1.183,-0.18,18.02,62.67,1.58,16.88,71.81,2.99,20.39,84.02,1.14,18.98,73.83,0.53,19.86,84.55,0.7,17.05,76.38,-0.16,19.2,63.6,1.29,18.8,72.76,2.57,21.68,84.25,1.18,19.45,74.06,0.45,22.12,84.73,0.76,19.71,77.77,-0.0045,0.8036,-0.0165,0.0368,0.7964,0.0913,0.0734,0.8488,0.2264,0.0336,0.8083,0.1066,0.0128,0.8567,0.2321,0.0218,0.8128,0.1503,0.0,0.033,0.026,0.006,0.117,0.065,0.006,0.136,0.0,0.0,0.006,0.013,0.0,0.351,0.006,0.0,0.208,0.052,-0.0046,0.316,1.0891,0.0261,0.2853,1.2517,0.0491,0.3543,1.4588,0.0184,0.3237,1.287,0.0123,0.3436,1.4757,0.0123,0.2945,1.3269,0.0,0.0,0.0146,-0.0,0.0,0.0066,-0.0,0.0,-0.0002,-0.0005,0.0001,0.0011,-0.0,0.0032,-0.0036,-0.0,0.0002,0.0179,0.6471,0.0675,0.002,-0.0142,-0.0125,-0.0043,0.8038,-0.0173,0.037,0.7966,0.0909,0.0737,0.8488,0.2267,0.0337,0.8083,0.1064,0.0131,0.8569,0.2327,0.0221,0.8127,0.1498,0.0,0.0,1.3468,0.0,0.0,0.0,0.0,0.0,0.0,
8.68,run,7.86,4.34,0.12,0.55,-0.44,68.1,0.0,0.0,1.183,-0.18,18.02,62.75,1.58,16.88,71.81,2.99,20.39,84.02,1.14,18.98,73.83,0.53,19.86,84.55,0.7,17.05,76.38,-0.16,19.19,63.66,1.29,18.8,72.81,2.56,21.69,84.24,1.17,19.46,74.09,0.45,22.12,84.69,0.76,19.72,77.82,-0.0045,0.8035,-0.0157,0.0369,0.7964,0.0919,0.0733,0.8489,0.2263,0.0334,0.8083,0.1069,0.0128,0.8567,0.2317,0.0218,0.813,0.1508,0.0,0.033,0.026,0.006,0.117,0.065,0.006,0.136,0.0,0.0,0.006,0.013,0.0,0.351,0.006,0.0,0.208,0.052,-0.0046,0.316,1.0907,0.0261,0.2853,1.2517,0.0491,0.3543,1.4588,0.0184,0.3237,1.287,0.0123,0.3436,1.4757,0.0123,0.2945,1.3284,0.0,0.0,0.016,-0.0,0.0,0.0046,-0.0,0.0,-0.0001,-0.0003,0.0001,0.0007,-0.0,0.0023,-0.0025,-0.0,0.0002,0.0183,0.6476,0.0705,0.0032,0.0101,-0.0082,-0.0045,0.8036,-0.0165,0.0368,0.7964,0.0913,0.0734,0.8488,0.2264,0.0336,0.8083,0.1066,0.0128,0.8567,0.2321,0.0218,0.8128,0.1503,0.0,0.0,1.3616,0.0,0.0,0.0,0.0,0.0,0.0,
8.72,run,7.87,4.33,0.35,-0.2,-0.68,68.8,0.0,0.0,1.183,-0.18,18.02,62.75,1.58,16.88,71.81,2.99,20.39,84.02,1.14,18.98,73.92,0.53,19.86,84.46,0.7,17.05,76.38,-0.16,19.18,63.74,1.28,18.79,72.84,2.56,21.69,84.22,1.17,19.46,74.11,0.44,22.11,84.65,0.76,19.73,77.86,-0.0047,0.8033,-0.0149,0.0367,0.7963,0.0923,0.073,0.8489,0.2262,0.0333,0.8083,0.1072,0.0126,0.8566,0.2311,0.0217,0.8132,0.1513,0.0,0.033,0.026,0.006,0.117,0.065,0.006,0.136,0.0,0.0,0.006,0.013,0.0,0.351,0.006,0.0,0.208,0.052,-0.0046,0.316,1.0922,0.0261,0.2853,1.2517,0.0491,0.3543,1.4588,0.0184,0.3237,1.287,0.0123,0.3436,1.4757,0.0123,0.2945,1.3284,0.0,0.0,0.017,-0.0,0.0,0.0032,-0.0,0.0,-0.0001,-0.0002,0.0,0.0005,-0.0,0.0016,-0.0018,-0.0,0.0001,0.0128,0.6479,0.0715,0.002,0.0095,-0.0077,-0.0045,0.8035,-0.0157,0.0369,0.7964,0.0919,0.0733,0.8489,0.2263,0.0334,0.8083,0.1069,0.0128,0.8567,0.2317,0.0218,0.813,0.1508,0.0,0.0,1.3764,0.0,0.0,0.0,0.0,0.0,0.0,
8.76,run,7.85,4.32,-0.38,-0.26,-0.31,69.6,0.0,0.0,1.183,-0.18,18.02,62.75,1.58,16.88,71.81,2.99,20.39,84.02,1.14,18.98,73.92,0.53,19.86,84.29,0.7,17.05,76.38,-0.17,19.16,63.81,1.28,18.79,72.87,2.55,21.69,84.21,1.16,19.46,74.14,0.43,22.1,84.6,0.75,19.73,77.91,-0.0049,0.803,-0.014,0.0365,0.7961,0.0926,0.0728,0.8488,0.226,0.0333,0.8083,0.1075,0.0124,0.8563,0.2306,0.0215,0.8134,0.1519,0.0,0.039,0.033,0.0,0.117,0.091,0.013,0.104,0.0,0.0,0.013,0.0,0.0,0.312,0.019,0.0,0.214,0.071,-0.0046,0.316,1.0922,0.0261,0.2853,1.2517,0.0491,0.3543,1.4588,0.0184,0.3237,1.2885,0.0123,0.3436,1.4742,0.0123,0.2945,1.3284,0.0,0.0,0.0119,-0.0,0.0,0.0023,-0.0,0.0,-0.0001,-0.0002,0.0,0.0061,-0.0,0.0011,-0.0069,-0.0,0.0001,0.009,0.6485,0.0699,0.0061,-0.0035,-0.0119,-0.0047,0.8033,-0.0149,0.0367,0.7963,0.0923,0.073,0.8489,0.2262,0.0333,0.8083,0.1072,0.0126,0.8566,0.2311,0.0217,0.8132,0.1513,0.0,0.0,1.3912,0.0,0.0,0.0,0.0,0.0,0.0,
8.8,run,7.86,4.33,-0.06,-0.0,-1.2,70.3,0.0,0.0,1.183,-0.18,18.02,62.75,1.58,16.88,71.81,2.99,20.39,84.02,1.14,18.98,74.0,0.53,19.86,84.29,0.7,17.05,76.38,-0.18,19.15,63.88,1.28,18.78,72.9,2.54,21.68,84.21,1.16,19.45,74.15,0.43,22.08,84.56,0.75,19.74,77.95,-0.0051,0.8027,-0.0132,0.0365,0.796,0.093,0.0725,0.8487,0.2259,0.0331,0.8082,0.1077,0.0123,0.856,0.2301,0.0215,0.8135,0.1524,0.0,0.039,0.033,0.0,0.117,0.091,0.013,0.104,0.0,0.0,0.013,0.0,0.0,0.312,0.019,0.0,0.214,0.071,-0.0046,0.316,1.0922,0.0261,0.2853,1.2517,0.0491,0.3543,1.4588,0.0184,0.3237,1.2885,0.0123,0.3436,1.4711,0.0123,0.2945,1.3284,0.0,0.0,0.0083,-0.0,0.0,0.0016,-0.0,0.0,-0.0,-0.0001,0.0,0.0042,-0.0,0.0008,-0.0164,-0.0,0.0001,0.0063,0.6467,0.0694,-0.0067,-0.0046,-0.0054,-0.0049,0.803,-0.014,0.0365,0.7961,0.0926,0.0728,0.8488,0.226,0.0333,0.8083,0.1075,0.0124,0.8563,0.2306,0.0215,0.8134,0.1519,0.0,0.0,1.406,0.0,0.0,0.0,0.0,0.0,0.0,
8.84,run,7.86,4.32,-0.01,0.13,0.15,71.0,0.0,0.0,1.183,-0.18,18.02,62.84,1.58,16.88,71.81,2.99,20.39,84.02,1.14,18.98,73.92,0.53,19.86,84.2,0.7,17.05,76.38,-0.19,19.14,63.94,1.27,18.77,72.94,2.53,21.69,84.18,1.16,19.45,74.18,0.42,22.08,84.51,0.74,19.75,78.0,-0.0053,0.8025,-0.0124,0.0363,0.7958,0.0934,0.0723,0.8489,0.2257,0.033,0.8082,0.108,0.012,0.856,0.2295,0.0212,0.8136,0.1529,0.0,0.039,0.033,0.0,0.117,0.091,0.013,0.104,0.0,0.0,0.013,0.0,0.0,0.312,0.019,0.0,0.214,0.071,-0.0046,0.316,1.0922,0.0261,0.2853,1.2517,0.0491,0.3543,1.4588,0.0184,0.3237,1.2901,0.0123,0.3436,1.4711,0.0123,0.2945,1.3284,0.0,0.0,0.0058,-0.0,0.0,0.0011,-0.0,0.0,-0.0,-0.0001,0.0,0.0088,-0.0,0.0005,-0.0115,-0.0,0.0,0.0044,0.6475,0.0701,-0.0011,-0.0001,-0.021,-0.0051,0.8027,-0.0132,0.0365,0.796,0.093,0.0725,0.8487,0.2259,0.0331,0.8082,0.1077,0.0123,0.856,0.2301,0.0215,0.8135,0.1524,0.0,0.0,1.4208,0.0,0.0,0.0,0.0,0.0,0.0,
8.88,run,7.86,4.32,0.12,-0.06,-0.53,71.8,0.0,0.0,1.183,-0.18,18.02,63.11,1.58,16.88,71.89,2.99,20.39,84.02,1.14,18.98,74.09,0.53,19.86,84.2,0.7,17.05,76.38,-0.19,19.12,64.02,1.27,18.76,72.98,2.53,21.68,84.18,1.15,19.45,74.2,0.42,22.06,84.47,0.75,19.76,78.04,-0.0054,0.8022,-0.0115,0.0364,0.7957,0.0939,0.0722,0.8486,0.2256,0.0329,0.8082,0.1083,0.012,0.8556,0.229,0.0214,0.8138,0.1534,0.0,0.039,0.019,0.006,0.111,0.052,0.013,0.136,0.0,0.0,0.006,0.006,0.0,0.312,0.013,0.0,0.208,0.065,-0.0046,0.316,1.0937,0.0261,0.2853,1.2517,0.0491,0.3543,1.4588,0.0184,0.3237,1.2885,0.0123,0.3436,1.4696,0.0123,0.2945,1.3284,0.0,0.0,0.0098,-0.0,0.0,0.0008,-0.0,0.0,-0.0,-0.0001,0.0,0.0004,-0.0,0.0004,-0.0137,-0.0,0.0,0.0031,0.6477,0.0698,-0.0001,0.0023,0.0026,-0.0053,0.8025,-0.0124,0.0363,0.7958,0.0934,0.0723,0.8489,0.2257,0.033,0.8082,0.108,0.012,0.856,0.2295,0.0212,0.8136,0.1529,0.0,0.0,1.4356,0.0,0.0,0.0,0.0,0.0,0.0,
8.92,run,7.84,4.32,-0.21,0.01,-1.13,72.5,0.0,0.0,1.183,-0.18,18.02,63.11,1.58,16.88,72.07,2.99,20.39,84.02,1.14,18.98,74.0,0.53,19.86,84.2,0.7,17.05,76.38,-0.19,19.12,64.08,1.27,18.76,73.01,2.52,21.68,84.16,1.15,19.45,74.22,0.41,22.05,84.43,0.74,19.77,78.08,-0.0055,0.8021,-0.0108,0.0363,0.7956,0.0943,0.072,0.8488,0.2254,0.0328,0.8082,0.1085,0.0118,0.8555,0.2286,0.021,0.814,0.1539,0.0,0.039,0.019,0.006,0.111,0.052,0.013,0.136,0.0,0.0,0.006,0.006,0.0,0.312,0.013,0.0,0.208,0.065,-0.0046,0.316,1.0983,0.0261,0.2853,1.2533,0.0491,0.3543,1.4588,0.0184,0.3237,1.2916,0.0123,0.3436,1.4696,0.0123,0.2945,1.3284,0.0,0.0,0.0241,-0.0,0.0,0.0063,-0.0,0.0,-0.0,-0.0,0.0,0.0118,-0.0,0.0003,-0.0096,-0.0,0.0,0.0021,0.6473,0.0695,0.002,-0.0011,-0.0093,-0.0054,0.8022,-0.0115,0.0364,0.7957,0.0939,0.0722,0.8486,0.2256,0.0329,0.8082,0.1083,0.012,0.8556,0.229,0.0214,0.8138,0.1534,0.0,0.0,1.4504,0.0,0.0,0.0,0.0,0.0,0.0,
8.96,run,7.84,4.33,-0.47,0.1,0.12,73.3,0.0,0.0,1.183,-0.18,18.02,63.11,1.58,16.88,72.07,2.99,20.39,84.02,1.14,18.98,74.0,0.53,19.86,84.2,0.7,17.05,76.38,-0.2,19.1,64.15,1.26,18.75,73.05,2.5,21.69,84.14,1.15,19.45,74.25,0.4,22.05,84.37,0.72,19.77,78.13,-0.0058,0.8018,-0.01,0.036,0.7954,0.0947,0.0715,0.8489,0.2252,0.0328,0.8081,0.1088,0.0115,0.8554,0.2279,0.0206,0.8141,0.1545,0.0,0.039,0.019,0.006,0.111,0.052,0.013,0.136,0.0,0.0,0.006,0.006,0.0,0.312,0.013,0.0,0.208,0.065,-0.0046,0.316,1.0983,0.0261,0.2853,1.2563,0.0491,0.3543,1.4588,0.0184,0.3237,1.2901,0.0123,0.3436,1.4696,0.0123,0.2945,1.3284,0.0,0.0,0.0169,-0.0,0.0,0.016,-0.0,0.0,-0.0,-0.0,0.0,0.0025,-0.0,0.0002,-0.0067,-0.0,0.0,0.0015,0.6456,0.0693,-0.0037,0.0002,-0.0197,-0.0055,0.8021,-0.0108,0.0363,0.7956,0.0943,0.072,0.8488,0.2254,0.0328,0.8082,0.1085,0.0118,0.8555,0.2286,0.021,0.814,0.1539,0.0,0.0,1.4652,0.0,0.0,0.0,0.0,0.0,0.0,
9.0,run,7.87,4.32,0.92,-0.24,-0.92,74.0,0.0,0.0,1.183,-0.18,18.02,63.28,1.58,16.88,72.07,2.99,20.39,83.76,1.14,18.98,74.0,0.53,19.86,84.2,0.7,17.05,76.38,-0.21,19.08,64.23,1.26,18.74,73.08,2.5,21.68,84.13,1.14,19.45,74.26,0.4,22.04,84.33,0.73,19.78,78.16,-0.0061,0.8015,-0.0091,0.0359,0.7953,0.095,0.0714,0.8487,0.2251,0.0327,0.8081,0.109,0.0114,0.8552,0.2274,0.0208,0.8142,0.1548,0.0,0.033,0.026,0.006,0.078,0.058,0.006,0.136,0.006,0.0,0.006,0.006,0.0,0.286,0.006,0.0,0.214,0.071,-0.0046,0.316,1.0983,0.0261,0.2853,1.2563,0.0491,0.3543,1.4588,0.0184,0.3237,1.2901,0.0123,0.3436,1.4696,0.0123,0.2945,1.3284,0.0,0.0,0.0118,-0.0,0.0,0.0112,-0.0,0.0,-0.0,-0.0,0.0,0.0017,-0.0,0.0001,-0.0047,-0.0,0.0,0.0011,0.6455,0.0703,-0.0082,0.0017,0.0022,-0.0058,0.8018,-0.01,0.036,0.7954,0.0947,0.0715,0.8489,0.2252,0.0328,0.8081,0.1088,0.0115,0.8554,0.2279,0.0206,0.8141,0.1545,0.0,0.0,1.48,0.0,0.0,0.0,0.0,0.0,0.0,
9.04,run,7.87,4.3,0.7,-0.43,-0.51,74.7,0.0,0.0,1.183,-0.18,18.02,63.37,1.58,16.88,72.07,2.99,20.39,83.76,1.14,18.98,74.0,0.53,19.86,83.85,0.7,17.05,76.55,-0.22,19.07,64.3,1.26,18.72,73.12,2.49,21.68,84.12,1.14,19.44,74.31,0.4,22.02,84.28,0.72,19.79,78.22,-0.0062,0.8013,-0.0082,0.0359,0.795,0.0955,0.0712,0.8488,0.2249,0.0327,0.808,0.1095,0.0113,0.8548,0.2268,0.0204,0.8143,0.1555,0.0,0.033,0.026,0.006,0.078,0.058,0.006,0.136,0.006,0.0,0.006,0.006,0.0,0.286,0.006,0.0,0.214,0.071,-0.0046,0.316,1.1014,0.0261,0.2853,1.2563,0.0491,0.3543,1.4542,0.0184,0.3237,1.2901,0.0123,0.3436,1.4696,0.0123,0.2945,1.3284,0.0,0.0,0.0195,-0.0,0.0,0.0078,-0.0,0.0,-0.0168,-0.0,0.0,0.0012,-0.0,0.0001,-0.0033,-0.0,0.0,0.0007,0.6488,0.069,0.016,-0.0042,-0.0161,-0.0061,0.8015,-0.0091,0.0359,0.7953,0.095,0.0714,0.8487,0.2251,0.0327,0.8081,0.109,0.0114,0.8552,0.2274,0.0208,0.8142,0.1548,0.0,0.0,1.4948,0.0,0.0,0.0,0.0,0.0,0.0,
9.08,run,7.85,4.29,-0.88,-0.37,-0.85,75.5,0.0,0.0,1.183,-0.18,18.02,63.37,1.58,16.88,72.07,2.99,20.39,83.76,1.14,18.98,74.0,0.53,19.86,83.85,0.7,17.05,76.64,-0.22,19.06,64.36,1.27,18.72,73.15,2.49,21.67,84.12,1.14,19.44,74.32,0.4,21.99,84.25,0.72,19.8,78.26,-0.0063,0.8011,-0.0075,0.0362,0.7949,0.0958,0.0712,0.8485,0.225,0.0325,0.8079,0.1097,0.0114,0.8543,0.2265,0.0206,0.8145,0.156,0.0,0.033,0.026,0.006,0.078,0.058,0.006,0.136,0.006,0.0,0.006,0.006,0.0,0.286,0.006,0.0,0.214,0.071,-0.0046,0.316,1.1029,0.0261,0.2853,1.2563,0.0491,0.3543,1.4542,0.0184,0.3237,1.2901,0.0123,0.3436,1.4634,0.0123,0.2945,1.3315,0.0,0.0,0.0196,-0.0,0.0,0.0055,-0.0,0.0,-0.0118,-0.0,0.0,0.0009,-0.0,0.0001,-0.026,-0.0,0.0,0.0124,0.6488,0.0673,0.0121,-0.0075,-0.0089,-0.0062,0.8013,-0.0082,0.0359,0.795,0.0955,0.0712,0.8488,0.2249,0.0327,0.808,0.1095,0.0113,0.8548,0.2268,0.0204,0.8143,0.1555,0.0,0.0,1.5096,0.0,0.0,0.0,0.0,0.0,0.0,
9.12,run,7.89,4.3,0.38,-0.05,-0.45,76.2,0.0,0.0,1.183,-0.18,18.02,63.37,1.58,16.88,72.16,2.99,20.39,83.76,1.14,18.98,74.09,0.44,19.86,83.85,0.7,17.05,76.73,-0.24,19.04,64.41,1.26,18.71,73.15,2.48,21.66,84.1,1.13,19.43,74.31,0.39,21.97,84.19,0.72,19.8,78.28,-0.0068,0.8007,-0.0069,0.0359,0.7947,0.0959,0.0708,0.8484,0.2247,0.0324,0.8079,0.1095,0.0111,0.8541,0.2258,0.0205,0.8145,0.1562,0.0,0.026,0.033,0.006,0.111,0.065,0.006,0.123,0.006,0.0,0.006,0.006,0.0,0.305,0.013,0.0,0.227,0.065,-0.0046,0.316,1.1029,0.0261,0.2853,1.2563,0.0491,0.3543,1.4542,0.0184,0.3237,1.2901,0.0123,0.3436,1.4634,0.0123,0.2945,1.333,0.0,0.0,0.0137,-0.0,0.0,0.0038,-0.0,0.0,-0.0082,-0.0,0.0,0.0006,-0.0,0.0,-0.0182,-0.0,0.0,0.0144,0.6465,0.0668,-0.0153,-0.0065,-0.0149,-0.0063,0.8011,-0.0075,0.0362,0.7949,0.0958,0.0712,0.8485,0.225,0.0325,0.8079,0.1097,0.0114,0.8543,0.2265,0.0206,0.8145,0.156,0.0,0.0,1.5244,0.0,0.0,0.0,0.0,0.0,0.0,
9.16,run,7.91,4.32,0.95,0.61,0.2,77.0,0.0,0.0,1.183,-0.18,18.02,63.37,1.58,16.88,72.16,2.99,20.3,83.76,1.14,18.98,74.09,0.44,19.86,83.85,0.7,17.05,76.82,-0.24,19.03,64.48,1.26,18.7,73.21,2.48,21.67,84.11,1.13,19.44,74.36,0.39,21.97,84.18,0.72,19.81,78.34,-0.0068,0.8006,-0.0061,0.0361,0.7946,0.0966,0.071,0.8486,0.2248,0.0323,0.8079,0.1101,0.0111,0.854,0.2256,0.0206,0.8147,0.1569,0.0,0.026,0.033,0.006,0.111,0.065,0.006,0.123,0.006,0.0,0.006,0.006,0.0,0.305,0.013,0.0,0.227,0.065,-0.0046,0.316,1.1029,0.0261,0.2853,1.2579,0.0491,0.3543,1.4542,0.0184,0.3237,1.2916,0.0107,0.3436,1.4634,0.0123,0.2945,1.3346,0.0,0.0,0.0096,-0.0,0.0,0.0084,-0.0,0.0,-0.0058,-0.0,0.0,0.0062,-0.0057,0.0,-0.0128,-0.0,0.0,0.0158,0.65,0.0672,0.0067,-0.0009,-0.0078,-0.0068,0.8007,-0.0069,0.0359,0.7947,0.0959,0.0708,0.8484,0.2247,0.0324,0.8079,0.1095,0.0111,0.8541,0.2258,0.0205,0.8145,0.1562,0.0,0.0,1.5392,0.0,0.0,0.0,0.0,0.0,0.0,
9.2,run,7.89,4.32,0.12,0.31,-1.17,77.7,0.0,0.0,1.183,-0.18,18.02,63.46,1.58,16.88,72.16,2.99,20.3,83.76,1.14,18.98,74.09,0.44,19.86,83.85,0.7,17.05,76.9,-0.25,19.01,64.56,1.26,18.69,73.25,2.48,21.67,84.1,1.13,19.43,74.39,0.39,21.96,84.13,0.73,19.81,78.37,-0.007,0.8002,-0.0052,0.036,0.7944,0.097,0.0709,0.8485,0.2247,0.0322,0.8079,0.1104,0.0111,0.8538,0.2251,0.0207,0.8148,0.1573,0.0,0.026,0.033,0.006,0.111,0.065,0.006,0.123,0.006,0.0,0.006,0.006,0.0,0.305,0.013,0.0,0.227,0.065,-0.0046,0.316,1.1029,0.0261,0.2853,1.2579,0.0491,0.3528,1.4542,0.0184,0.3237,1.2916,0.0107,0.3436,1.4634,0.0123,0.2945,1.3361,0.0,0.0,0.0067,-0.0,0.0,0.0059,-0.0,-0.0058,-0.004,-0.0,0.0,0.0043,-0.004,0.0,-0.0089,-0.0,0.0,0.0169,0.6521,0.069,0.0167,0.0107,0.0035,-0.0068,0.8006,-0.0061,0.0361,0.7946,0.0966,0.071,0.8486,0.2248,0.0323,0.8079,0.1101,0.0111,0.854,0.2256,0.0206,0.8147,0.1569,0.0,0.0,1.554,0.0,0.0,0.0,0.0,0.0,0.0,
9.24,run,7.89,4.32,-0.34,0.28,0.0,78.4,0.0,0.0,1.183,-0.18,18.02,63.54,1.58,16.88,72.16,2.99,20.3,83.76,1.14,18.98,74.09,0.44,19.86,83.85,0.7,17.05,76.9,-0.26,18.99,64.61,1.25,18.68,73.25,2.46,21.67,84.07,1.13,19.43,74.38,0.37,21.95,84.07,0.71,19.82,78.39,-0.0075,0.7999,-0.0046,0.0356,0.7942,0.097,0.0704,0.8486,0.2243,0.0322,0.8078,0.1104,0.0107,0.8536,0.2244,0.0204,0.8148,0.1576,0.0,0.026,0.019,0.006,0.078,0.084,0.013,0.143,0.006,0.0,0.006,0.013,0.0,0.267,0.013,0.0,0.182,0.065,-0.0046,0.316,1.1045,0.0261,0.2853,1.2579,0.0491,0.3528,1.4542,0.0184,0.3237,1.2916,0.0107,0.3436,1.4634,0.0123,0.2945,1.3376,0.0,0.0,0.0104,-0.0,0.0,0.0041,-0.0,-0.0041,-0.0028,-0.0,0.0,0.003,-0.0028,0.0,-0.0063,-0.0,0.0,0.0176,0.6503,0.0695,0.0021,0.0054,-0.0203,-0.007,0.8002,-0.0052,0.036,0.7944,0.097,0.0709,0.8485,0.2247,0.0322,0.8079,0.1104,0.0111,0.8538,0.2251,0.0207,0.8148,0.1573,0.0,0.0,1.5688,0.0,0.0,0.0,0.0,0.0,0.0,
9.28,run,7.92,4.32,0.4,-0.44,-0.56,79.2,0.0,0.0,1.183,-0.18,18.02,63.72,1.58,16.88,72.16,2.99,20.3,83.76,1.14,18.98,74.09,0.44,19.86,83.85,0.7,17.05,76.9,-0.27,18.98,64.68,1.25,18.67,73.27,2.46,21.66,84.06,1.12,19.43,74.39,0.37,21.94,84.03,0.72,19.82,78.41,-0.0076,0.7996,-0.0038,0.0356,0.7941,0.0973,0.0703,0.8484,0.2242,0.032,0.8078,0.1105,0.0106,0.8534,0.2239,0.0205,0.815,0.1578,0.0,0.026,0.019,0.006,0.078,0.084,0.013,0.143,0.006,0.0,0.006,0.013,0.0,0.267,0.013,0.0,0.182,0.065,-0.0046,0.316,1.106,0.0261,0.2853,1.2579,0.0491,0.3528,1.4542,0.0184,0.3237,1.2916,0.0107,0.3436,1.4634,0.0123,0.2945,1.3376,0.0,0.0,0.013,-0.0,0.0,0.0029,-0.0,-0.0028,-0.002,-0.0,0.0,0.0021,-0.002,0.0,-0.0044,-0.0,0.0,0.0123,0.65,0.0698,-0.0059,0.0049,0.0,-0.0075,0.7999,-0.0046,0.0356,0.7942,0.097,0.0704,0.8486,0.2243,0.0322,0.8078,0.1104,0.0107,0.8536,0.2244,0.0204,0.8148,0.1576,0.0,0.0,1.5836,0.0,0.0,0.0,0.0,0.0,0.0,
9.32,run,7.93,4.32,0.8,-0.0,-0.89,79.9,0.0,0.0,1.183,-0.18,18.02,63.72,1.58,16.88,72.16,2.99,20.3,83.76,1.14,18.98,74.09,0.44,19.86,83.85,0.7,17.05,76.9,-0.27,18.96,64.74,1.24,18.66,73.29,2.45,21.66,84.04,1.12,19.42,74.41,0.36,21.92,83.99,0.71,19.83,78.45,-0.0078,0.7993,-0.0031,0.0354,0.7938,0.0976,0.0701,0.8483,0.224,0.032,0.8077,0.1107,0.0104,0.8531,0.2234,0.0203,0.815,0.1582,0.0,0.026,0.019,0.006,0.078,0.084,0.013,0.143,0.006,0.0,0.006,0.013,0.0,0.267,0.013,0.0,0.182,0.065,-0.0046,0.316,1.1091,0.0261,0.2853,1.2579,0.0491,0.3528,1.4542,0.0184,0.3237,1.2916,0.0107,0.3436,1.4634,0.0123,0.2945,1.3376,0.0,0.0,0.02,-0.0,0.0,0.002,-0.0,-0.002,-0.0014,-0.0,0.0,0.0015,-0.0014,0.0,-0.0031,-0.0,0.0,0.0086,0.6525,0.0691,0.0069,-0.0077,-0.0098,-0.0076,0.7996,-0.0038,0.0356,0.7941,0.0973,0.0703,0.8484,0.2242,0.032,0.8078,0.1105,0.0106,0.8534,0.2239,0.0205,0.815,0.1578,0.0,0.0,1.5984,0.0,0.0,0.0,0.0,0.0,0.0,
9.36,run,7.92,4.34,0.02,0.45,-0.01,80.7,0.0,0.0,1.183,-0.18,18.02,63.72,1.58,16.88,72.25,2.99,20.3,83.76,1.14,18.98,74.18,0.44,19.86,83.85,0.7,17.05,76.9,-0.28,18.95,64.8,1.24,18.65,73.32,2.45,21.66,84.02,1.12,19.42,74.43,0.36,21.91,83.94,0.71,19.83,78.49,-0.008,0.799,-0.0024,0.0354,0.7936,0.0979,0.0699,0.8484,0.2238,0.032,0.8076,0.111,0.0102,0.8529,0.2229,0.0202,0.8151,0.1587,0.0,0.026,0.026,0.006,0.078,0.078,0.013,0.136,0.0,0.0,0.006,0.006,0.0,0.286,0.013,0.0,0.24,0.065,-0.0046,0.316,1.1091,0.0261,0.2853,1.2579,0.0491,0.3528,1.4542,0.0184,0.3237,1.2916,0.0107,0.3436,1.4634,0.0123,0.2945,1.3376,0.0,0.0,0.014,-0.0,0.0,0.0014,-0.0,-0.0014,-0.001,-0.0,0.0,0.001,-0.001,0.0,-0.0021,-0.0,0.0,0.006,0.6541,0.0694,0.014,-0.0001,-0.0155,-0.0078,0.7993,-0.0031,0.0354,0.7938,0.0976,0.0701,0.8483,0.224,0.032,0.8077,0.1107,0.0104,0.8531,0.2234,0.0203,0.815,0.1582,0.0,0.0,1.6132,0.0,0.0,0.0,0.0,0.0,0.0,
9.4,run,7.9,4.36,-0.11,0.75,-1.07,81.4,0.0,0.0,1.183,-0.18,18.02,63.72,1.58,16.88,72.42,2.99,20.3,83.76,1.14,18.98,74.27,0.44,19.86,83.58,0.7,17.05,76.9,-0.29,18.93,64.86,1.24,18.65,73.35,2.44,21.66,84.02,1.11,19.42,74.44,0.36,21.91,83.91,0.71,19.84,78.51,-0.0082,0.7988,-0.0017,0.0354,0.7936,0.0982,0.0698,0.8485,0.2238,0.0318,0.8077,0.1111,0.0102,0.8528,0.2225,0.0203,0.8152,0.159,0.0,0.026,0.026,0.006,0.078,0.078,0.013,0.136,0.0,0.0,0.006,0.006,0.0,0.286,0.013,0.0,0.24,0.065,-0.0046,0.316,1.1091,0.0261,0.2853,1.2594,0.0491,0.3528,1.4542,0.0184,0.3237,1.2931,0.0107,0.3436,1.4634,0.0123,0.2945,1.3376,0.0,0.0,0.0098,-0.0,0.0,0.0067,-0.0,-0.001,-0.0007,-0.0,0.0,0.0065,-0.0007,0.0,-0.0015,-0.0,0.0,0.0042,0.6527,0.0708,0.0004,0.0078,-0.0001,-0.008,0.799,-0.0024,0.0354,0.7936,0.0979,0.0699,0.8484,0.2238,0.032,0.8076,0.111,0.0102,0.8529,0.2229,0.0202,0.8151,0.1587,0.0,0.0,1.628,0.0,0.0,0.0,0.0,0.0,0.0,
9.44,run,7.92,4.36,-0.17,0.08,-0.02,82.1,0.0,0.0,1.183,-0.18,18.02,63.72,1.58,16.88,72.42,2.99,20.3,83.76,1.14,18.98,74.27,0.44,19.86,83.58,0.7,17.05,76.9,-0.29,18.93,64.91,1.25,18.64,73.38,2.44,21.68,84.02,1.11,19.42,74.47,0.35,21.9,83.88,0.7,19.84,78.57,-0.0084,0.7988,-0.001,0.0356,0.7935,0.0986,0.0696,0.8488,0.2238,0.0316,0.8077,0.1114,0.01,0.8527,0.2222,0.02,0.8153,0.1596,0.0,0.026,0.026,0.006,0.078,0.078,0.013,0.136,0.0,0.0,0.006,0.006,0.0,0.286,0.013,0.0,0.24,0.065,-0.0046,0.316,1.1091,0.0261,0.2853,1.2625,0.0491,0.3528,1.4542,0.0184,0.3237,1.2947,0.0107,0.3436,1.4588,0.0123,0.2945,1.3376,0.0,0.0,0.0069,-0.0,0.0,0.0162,-0.0,-0.0007,-0.0005,-0.0,0.0,0.0103,-0.0005,0.0,-0.0183,-0.0,0.0,0.003,0.6516,0.0729,-0.002,0.0131,-0.0186,-0.0082,0.7988,-0.0017,0.0354,0.7936,0.0982,0.0698,0.8485,0.2238,0.0318,0.8077,0.1111,0.0102,0.8528,0.2225,0.0203,0.8152,0.159,0.0,0.0,1.6428,0.0,0.0,0.0,0.0,0.0,0.0,
9.48,run,7.97,4.37,1.3,0.28,-0.44,82.9,0.0,0.0,1.183,-0.18,18.02,63.98,1.58,16.88,72.42,2.99,20.3,83.76,1.14,18.98,74.27,0.44,19.86,83.5,0.7,17.05,76.9,-0.3,18.91,64.97,1.24,18.63,73.4,2.43,21.67,84.01,1.1,19.42,74.47,0.35,21.89,83.85,0.71,19.85,78.59,-0.0087,0.7984,-0.0003,0.0355,0.7933,0.0988,0.0695,0.8486,0.2237,0.0316,0.8077,0.1115,0.0099,0.8525,0.2217,0.0202,0.8154,0.1598,0.0,0.026,0.019,0.006,0.104,0.065,0.013,0.149,0.006,0.0,0.013,0.006,0.0,0.234,0.013,0.0,0.195,0.071,-0.0046,0.316,1.1091,0.0261,0.2853,1.2625,0.0491,0.3528,1.4542,0.0184,0.3237,1.2947,0.0107,0.3436,1.4588,0.0123,0.2945,1.3376,0.0,0.0,0.0048,-0.0,0.0,0.0114,-0.0,-0.0005,-0.0003,-0.0,0.0,0.0072,-0.0003,0.0,-0.0128,-0.0,0.0,0.0021,0.6532,0.0725,-0.0031,0.0014,-0.0004,-0.0084,0.7988,-0.001,0.0356,0.7935,0.0986,0.0696,0.8488,0.2238,0.0316,0.8077,0.1114,0.01,0.8527,0.2222,0.02,0.8153,0.1596,0.0,0.0,1.6576,0.0,0.0,0.0,0.0,0.0,0.0,
9.52,run,7.97,4.38,0.67,0.12,-0.67,83.6,0.0,0.0,1.183,-0.18,18.02,64.07,1.58,16.88,72.42,2.99,20.3,83.76,1.14,18.98,74.27,0.44,19.86,83.5,0.7,17.05,76.9,-0.3,18.91,65.03,1.25,18.62,73.43,2.43,21.68,84.0,1.1,19.42,74.51,0.34,21.87,83.82,0.7,19.85,78.63,-0.0087,0.7983,0.0003,0.0357,0.7932,0.0992,0.0695,0.8487,0.2235,0.0315,0.8076,0.1119,0.0098,0.8522,0.2214,0.02,0.8155,0.1603,0.0,0.026,0.019,0.006,0.104,0.065,0.013,0.149,0.006,0.0,0.013,0.006,0.0,0.234,0.013,0.0,0.195,0.071,-0.0046,0.316,1.1137,0.0261,0.2853,1.2625,0.0491,0.3528,1.4542,0.0184,0.3237,1.2947,0.0107,0.3436,1.4573,0.0123,0.2945,1.3376,0.0,0.0,0.0206,-0.0,0.0,0.008,-0.0,-0.0003,-0.0002,-0.0,0.0,0.005,-0.0002,0.0,-0.0147,-0.0,0.0,0.0014,0.6574,0.0739,0.0227,0.0049,-0.0077,-0.0087,0.7984,-0.0003,0.0355,0.7933,0.0988,0.0695,0.8486,0.2237,0.0316,0.8077,0.1115,0.0099,0.8525,0.2217,0.0202,0.8154,0.1598,0.0,0.0,1.6724,0.0,0.0,0.0,0.0,0.0,0.0,
9.56,run,7.96,4.41,-0.31,0.62,-0.36,84.4,0.0,0.0,1.183,-0.18,18.02,64.07,1.58,16.88,72.42,2.99,20.3,83.76,1.14,18.98,74.27,0.44,19.86,83.5,0.7,17.05,76.9,-0.32,18.89,65.08,1.24,18.61,73.44,2.42,21.67,83.98,1.1,19.41,74.51,0.34,21.86,83.78,0.7,19.85,78.65,-0.009,0.7981,0.0009,0.0355,0.793,0.0993,0.0692,0.8486,0.2233,0.0314,0.8075,0.1118,0.0096,0.852,0.2209,0.02,0.8155,0.1605,0.0,0.026,0.019,0.006,0.104,0.065,0.013,0.149,0.006,0.0,0.013,0.006,0.0,0.234,0.013,0.0,0.195,0.071,-0.0046,0.316,1.1152,0.0261,0.2853,1.2625,0.0491,0.3528,1.4542,0.0184,0.3237,1.2947,0.0107,0.3436,1.4573,0.0123,0.2945,1.3376,0.0,0.0,0.0202,-0.0,0.0,0.0056,-0.0,-0.0002,-0.0002,-0.0,0.0,0.0035,-0.0002,0.0,-0.0103,-0.0,0.0,0.001,0.6576,0.0746,0.0117,0.0021,-0.0117,-0.0087,0.7983,0.0003,0.0357,0.7932,0.0992,0.0695,0.8487,0.2235,0.0315,0.8076,0.1119,0.0098,0.8522,0.2214,0.02,0.8155,0.1603,0.0,0.0,1.6872,0.0,0.0,0.0,0.0,0.0,0.0,
9.6,run,7.98,4.42,0.15,0.5,-0.72,85.1,0.0,0.0,1.183,-0.18,18.02,64.07,1.58,16.88,72.42,2.99,20.3,83.76,1.14,18.98,74.27,0.44,19.86,83.5,0.7,17.05,77.08,-0.33,18.88,65.13,1.24,18.61,73.45,2.41,21.68,83.97,1.09,19.42,74.51,0.33,21.86,83.73,0.7,19.86,78.67,-0.0093,0.7978,0.0015,0.0355,0.7929,0.0994,0.069,0.8487,0.2232,0.0313,0.8076,0.1118,0.0094,0.8519,0.2204,0.0201,0.8156,0.1608,0.006,0.019,0.033,0.006,0.071,0.084,0.019,0.149,0.0,0.0,0.006,0.013,0.0,0.234,0.006,0.0,0.227,0.052,-0.0046,0.316,1.1152,0.0261,0.2853,1.2625,0.0491,0.3528,1.4542,0.0184,0.3237,1.2947,0.0107,0.3436,1.4573,0.0123,0.2945,1.3376,0.0,0.0,0.0141,-0.0,0.0,0.0039,-0.0,-0.0002,-0.0001,-0.0,0.0,0.0025,-0.0001,0.0,-0.0072,-0.0,0.0,0.0007,0.6564,0.0768,-0.0055,0.0109,-0.0062,-0.009,0.7981,0.0009,0.0355,0.793,0.0993,0.0692,0.8486,0.2233,0.0314,0.8075,0.1118,0.0096,0.852,0.2209,0.02,0.8155,0.1605,0.0,0.0,1.702,0.0,0.0,0.0,0.0,0.0,0.0,
9.64,run,8.0,4.4,0.93,-0.61,-0.2,85.8,0.0,0.0,1.183,-0.18,18.02,64.07,1.58,16.88,72.42,2.99,20.3,83.76,1.14,18.98,74.27,0.44,19.86,83.5,0.7,17.05,77.08,-0.34,18.86,65.18,1.24,18.6,73.47,2.41,21.68,83.96,1.09,19.41,74.52,0.32,21.85,83.7,0.7,19.86,78.69,-0.0097,0.7975,0.0021,0.0354,0.7927,0.0996,0.0689,0.8487,0.223,0.0312,0.8075,0.112,0.0093,0.8517,0.22,0.0201,0.8156,0.1611,0.006,0.019,0.033,0.006,0.071,0.084,0.019,0.149,0.0,0.0,0.006,0.013,0.0,0.234,0.006,0.0,0.227,0.052,-0.0046,0.316,1.1152,0.0261,0.2853,1.2625,0.0491,0.3528,1.4542,0.0184,0.3237,1.2947,0.0107,0.3436,1.4573,0.0123,0.2945,1.3407,0.0,0.0,0.0099,-0.0,0.0,0.0027,-0.0,-0.0001,-0.0001,-0.0,0.0,0.0017,-0.0001,0.0,-0.005,-0.0,0.0,0.0122,0.6583,0.0779,0.0027,0.0087,-0.0126,-0.0093,0.7978,0.0015,0.0355,0.7929,0.0994,0.069,0.8487,0.2232,0.0313,0.8076,0.1118,0.0094,0.8519,0.2204,0.0201,0.8156,0.1608,0.0,0.0,1.7168,0.0,0.0,0.0,0.0,0.0,0.0,
9.68,run,7.98,4.4,-0.03,-0.1,-0.75,86.6,0.0,0.0,1.183,-0.18,18.02,64.16,1.58,16.88,72.42,2.99,20.3,83.76,1.14,18.98,74.27,0.44,19.86,83.5,0.7,17.05,77.08,-0.35,18.84,65.24,1.23,18.59,73.49,2.41,21.67,83.95,1.09,19.41,74.53,0.32,21.83,83.66,0.7,19.86,78.72,-0.0099,0.7972,0.0029,0.0353,0.7925,0.0998,0.0688,0.8486,0.2229,0.0312,0.8075,0.1122,0.0091,0.8514,0.2196,0.0201,0.8157,0.1614,0.006,0.019,0.033,0.006,0.071,0.084,0.019,0.149,0.0,0.0,0.006,0.013,0.0,0.234,0.006,0.0,0.227,0.052,-0.0046,0.316,1.1152,0.0261,0.2853,1.2625,0.0491,0.3528,1.4542,0.0184,0.3237,1.2947,0.0107,0.3436,1.4573,0.0123,0.2945,1.3407,0.0,0.0,0.0069,-0.0,0.0,0.0019,-0.0,-0.0001,-0.0001,-0.0,0.0,0.0012,-0.0001,0.0,-0.0035,-0.0,0.0,0.0085,0.6601,0.076,0.0163,-0.0107,-0.0036,-0.0097,0.7975,0.0021,0.0354,0.7927,0.0996,0.0689,0.8487,0.223,0.0312,0.8075,0.112,0.0093,0.8517,0.22,0.0201,0.8156,0.1611,0.0,0.0,1.7316,0.0,0.0,0.0,0.0,0.0,0.0,
9.72,run,7.99,4.39,-0.12,-0.13,-0.43,87.3,0.0,0.0,1.183,-0.18,18.02,64.25,1.58,16.88,72.42,2.99,20.3,83.76,1.14,18.98,74.27,0.44,19.86,83.41,0.7,17.05,77.08,-0.36,18.83,65.28,1.23,18.58,73.49,2.4,21.68,83.93,1.09,19.41,74.53,0.31,21.82,83.61,0.7,19.86,78.74,-0.0102,0.7969,0.0034,0.0352,0.7924,0.0999,0.0685,0.8486,0.2227,0.0311,0.8074,0.1122,0.0089,0.8512,0.219,0.02,0.8157,0.1616,0.006,0.019,0.033,0.006,0.097,0.091,0.013,0.143,0.0,0.0,0.006,0.013,0.0,0.234,0.019,0.0,0.234,0.111,-0.0046,0.316,1.1167,0.0261,0.2853,1.2625,0.0491,0.3528,1.4542,0.0184,0.3237,1.2947,0.0107,0.3436,1.4573,0.0123,0.2945,1.3407,0.0,0.0,0.0106,-0.0,0.0,0.0013,-0.0,-0.0001,-0.0,-0.0,0.0,0.0008,-0.0,0.0,-0.0025,-0.0,0.0,0.006,0.6585,0.076,-0.0005,-0.0018,-0.0131,-0.0099,0.7972,0.0029,0.0353,0.7925,0.0998,0.0688,0.8486,0.2229,0.0312,0.8075,0.1122,0.0091,0.8514,0.2196,0.0201,0.8157,0.1614,0.0,0.0,1.7464,0.0,0.0,0.0,0.0,0.0,0.0,
9.76,run,8.0,4.41,0.33,0.36,-0.26,88.1,0.0,0.0,1.183,-0.18,18.02,64.25,1.58,16.88,72.42,2.99,20.3,83.76,1.14,18.98,74.27,0.44,19.86,83.14,0.7,17.05,77.08,-0.36,18.82,65.33,1.24,18.57,73.51,2.39,21.67,83.92,1.08,19.41,74.54,0.31,21.8,83.58,0.7,19.87,78.76,-0.0103,0.7967,0.0039,0.0354,0.7922,0.1001,0.0684,0.8486,0.2226,0.0309,0.8074,0.1123,0.0089,0.851,0.2186,0.02,0.8157,0.1619,0.006,0.019,0.033,0.006,0.097,0.091,0.013,0.143,0.0,0.0,0.006,0.013,0.0,0.234,0.019,0.0,0.234,0.111,-0.0046,0.316,1.1183,0.0261,0.2853,1.2625,0.0491,0.3528,1.4542,0.0184,0.3237,1.2947,0.0107,0.3436,1.4557,0.0123,0.2945,1.3407,0.0,0.0,0.0131,-0.0,0.0,0.0009,-0.0,-0.0,-0.0,-0.0,0.0,0.0006,-0.0,0.0,-0.0075,-0.0,0.0,0.0042,0.6587,0.0757,-0.0021,-0.0022,-0.0075,-0.0102,0.7969,0.0034,0.0352,0.7924,0.0999,0.0685,0.8486,0.2227,0.0311,0.8074,0.1122,0.0089,0.8512,0.219,0.02,0.8157,0.1616,0.0,0.0,1.7612,0.0,0.0,0.0,0.0,0.0,0.0,
9.8,run,7.99,4.38,-0.3,-0.58,-1.0,88.8,0.0,0.0,1.183,-0.18,18.02,64.34,1.58,16.88,72.42,2.99,20.3,83.76,1.14,18.98,74.27,0.44,19.86,83.14,0.7,17.05,77.08,-0.36,18.82,65.39,1.25,18.57,73.54,2.39,21.68,83.93,1.08,19.4,74.57,0.31,21.79,83.56,0.7,19.87,78.8,-0.0103,0.7967,0.0045,0.0357,0.7921,0.1005,0.0684,0.8487,0.2227,0.0308,0.8073,0.1126,0.0089,0.8508,0.2183,0.0201,0.8158,0.1624,0.006,0.019,0.033,0.006,0.097,0.091,0.013,0.143,0.0,0.0,0.006,0.013,0.0,0.234,0.019,0.0,0.234,0.111,-0.0046,0.316,1.1183,0.0261,0.2853,1.2625,0.0491,0.3528,1.4542,0.0184,0.3237,1.2947,0.0107,0.3436,1.4511,0.0123,0.2945,1.3407,0.0,0.0,0.0092,-0.0,0.0,0.0007,-0.0,-0.0,-0.0,-0.0,0.0,0.0004,-0.0,0.0,-0.0226,-0.0,0.0,0.0029,0.6596,0.0769,0.0057,0.0062,-0.0045,-0.0103,0.7967,0.0039,0.0354,0.7922,0.1001,0.0684,0.8486,0.2226,0.0309,0.8074,0.1123,0.0089,0.851,0.2186,0.02,0.8157,0.1619,0.0,0.0,1.776,0.0,0.0,0.0,0.0,0.0,0.0,
9.84,run,7.98,4.38,0.03,-0.2,-0.49,89.5,0.0,0.0,1.183,-0.18,18.02,64.34,1.58,16.88,72.51,2.99,20.3,83.76,1.14,18.98,74.27,0.44,19.86,83.14,0.7,17.05,77.17,-0.37,18.8,65.43,1.24,18.56,73.54,2.38,21.67,83.9,1.07,19.4,74.56,0.3,21.78,83.51,0.7,19.87,78.82,-0.0107,0.7963,0.005,0.0355,0.7919,0.1004,0.068,0.8486,0.2224,0.0307,0.8073,0.1125,0.0086,0.8505,0.2177,0.0199,0.8158,0.1626,0.006,0.019,0.033,0.006,0.084,0.058,0.013,0.111,0.0,0.0,0.006,0.013,0.006,0.189,0.019,0.0,0.195,0.052,-0.0046,0.316,1.1198,0.0261,0.2853,1.2625,0.0491,0.3528,1.4542,0.0184,0.3237,1.2947,0.0107,0.3436,1.4511,0.0123,0.2945,1.3407,0.0,0.0,0.0122,-0.0,0.0,0.0005,-0.0,-0.0,-0.0,-0.0,0.0,0.0003,-0.0,0.0,-0.0158,-0.0,0.0,0.0021,0.6586,0.0744,-0.0052,-0.0101,-0.0174,-0.0103,0.7967,0.0045,0.0357,0.7921,0.1005,0.0684,0.8487,0.2227,0.0308,0.8073,0.1126,0.0089,0.8508,0.2183,0.0201,0.8158,0.1624,0.0,0.0,1.7908,0.0,0.0,0.0,0.0,0.0,0.0,
9.88,run,8.0,4.35,0.31,-0.16,-1.75,90.3,0.0,0.0,1.183,-0.18,18.02,64.34,1.58,16.88,72.6,2.99,20.3,83.76,1.14,18.98,74.27,0.26,19.86,83.14,0.7,17.05,77.34,-0.38,18.79,65.48,1.24,18.55,73.56,2.38,21.68,83.9,1.07,19.4,74.58,0.3,21.77,83.48,0.7,19.87,78.85,-0.0109,0.7961,0.0057,0.0356,0.7918,0.1007,0.068,0.8487,0.2223,0.0306,0.8073,0.1127,0.0085,0.8503,0.2174,0.0199,0.8159,0.1629,0.006,0.019,0.033,0.006,0.084,0.058,0.013,0.111,0.0,0.0,0.006,0.013,0.006,0.189,0.019,0.0,0.195,0.052,-0.0046,0.316,1.1198,0.0261,0.2853,1.264,0.0491,0.3528,1.4542,0.0184,0.3237,1.2947,0.0107,0.3436,1.4511,0.0123,0.2945,1.3422,0.0,0.0,0.0085,-0.0,0.0,0.0061,-0.0,-0.0,-0.0,-0.0,0.0,0.0002,-0.0,0.0,-0.0111,-0.0,0.0,0.0072,0.6584,0.0743,0.0005,-0.0035,-0.0085,-0.0107,0.7963,0.005,0.0355,0.7919,0.1004,0.068,0.8486,0.2224,0.0307,0.8073,0.1125,0.0086,0.8505,0.2177,0.0199,0.8158,0.1626,0.0,0.0,1.8056,0.0,0.0,0.0,0.0,0.0,0.0,
9.92,run,8.0,4.39,0.18,1.38,-1.17,91.0,0.0,0.0,1.183,-0.18,18.02,64.34,1.58,16.88,72.69,2.99,20.3,83.76,1.23,18.98,74.27,0.09,19.86,83.14,0.7,17.05,77.34,-0.39,18.78,65.52,1.25,18.54,73.59,2.38,21.69,83.9,1.07,19.4,74.61,0.29,21.76,83.45,0.69,19.87,78.9,-0.0111,0.7961,0.0061,0.0357,0.7917,0.101,0.0679,0.849,0.2223,0.0305,0.8072,0.1131,0.0084,0.8502,0.2171,0.0198,0.8158,0.1635,0.006,0.019,0.033,0.006,0.084,0.058,0.013,0.111,0.0,0.0,0.006,0.013,0.006,0.189,0.019,0.0,0.195,0.052,-0.0046,0.316,1.1198,0.0261,0.2853,1.2655,0.0491,0.3528,1.4542,0.0184,0.3237,1.2947,0.0077,0.3436,1.4511,0.0123,0.2945,1.3453,0.0,0.0,0.006,-0.0,0.0,0.01,-0.0,-0.0,-0.0,-0.0,0.0,0.0001,-0.0115,0.0,-0.0077,-0.0,0.0,0.0165,0.6595,0.0724,0.0055,-0.0029,-0.0305,-0.0109,0.7961,0.0057,0.0356,0.7918,0.1007,0.068,0.8487,0.2223,0.0306,0.8073,0.1127,0.0085,0.8503,0.2174,0.0199,0.8159,0.1629,0.0,0.0,1.8204,0.0,0.0,0.0,0.0,0.0,0.0,
9.96,run,8.0,4.41,-0.36,-0.16,-0.36,91.8,0.0,0.0,1.183,-0.18,18.02,64.42,1.58,16.88,72.69,2.99,20.3,83.76,1.23,18.98,74.27,0.18,19.86,83.14,0.7,17.05,77.34,-0.39,18.79,65.56,1.26,18.54,73.63,2.38,21.72,83.91,1.06,19.4,74.65,0.3,21.77,83.43,0.69,19.87,78.95,-0.0111,0.7962,0.0066,0.0361,0.7917,0.1016,0.0679,0.8494,0.2224,0.0303,0.8073,0.1135,0.0084,0.8504,0.2169,0.0198,0.8158,0.1641,0.006,0.019,0.026,0.006,0.071,0.065,0.013,0.149,0.0,0.0,0.013,0.019,0.0,0.267,0.013,0.0,0.195,0.065,-0.0046,0.316,1.1198,0.0261,0.2853,1.2671,0.0491,0.3528,1.4542,0.0199,0.3237,1.2947,0.0046,0.3436,1.4511,0.0123,0.2945,1.3453,0.0,0.0,0.0042,-0.0,0.0,0.0128,-0.0,-0.0,-0.0,0.0058,0.0,0.0001,-0.0195,0.0,-0.0054,-0.0,0.0,0.0116,0.6601,0.0755,0.0031,0.0241,-0.0203,-0.0111,0.7961,0.0061,0.0357,0.7917,0.101,0.0679,0.849,0.2223,0.0305,0.8072,0.1131,0.0084,0.8502,0.2171,0.0198,0.8158,0.1635,0.0,0.0,1.8352,0.0,0.0,0.0,0.0,0.0,0.0,
10.0,run,8.01,4.46,0.47,1.12,-0.48,92.5,0.0,0.0,1.183,-0.18,18.02,64.42,1.58,16.88,72.69,2.99,20.3,83.76,1.05,18.98,74.36,0.09,19.86,83.14,0.7,17.05,77.34,-0.4,18.77,65.61,1.25,18.53,73.61,2.37,21.7,83.88,1.06,19.4,74.62,0.29,21.75,83.4,0.7,19.88,78.93,-0.0115,0.7957,0.0071,0.0358,0.7915,0.1013,0.0676,0.8491,0.2221,0.0302,0.8073,0.1131,0.0082,0.8501,0.2164,0.02,0.8159,0.1639,0.006,0.019,0.026,0.006,0.071,0.065,0.013,0.149,0.0,0.0,0.013,0.019,0.0,0.267,0.013,0.0,0.195,0.065,-0.0046,0.316,1.1213,0.0261,0.2853,1.2671,0.0491,0.3528,1.4542,0.0199,0.3237,1.2947,0.0061,0.3436,1.4511,0.0123,0.2945,1.3453,0.0,0.0,0.0087,-0.0,0.0,0.0089,-0.0,-0.0,-0.0,0.004,0.0,0.0001,-0.0079,0.0,-0.0038,-0.0,0.0,0.0081,0.6599,0.0772,-0.0063,-0.0029,-0.0064,-0.0111,0.7962,0.0066,0.0361,0.7917,0.1016,0.0679,0.8494,0.2224,0.0303,0.8073,0.1135,0.0084,0.8504,0.2169,0.0198,0.8158,0.1641,0.0,0.0,1.85,0.0,0.0,0.0,0.0,0.0,0.0,
10.04,run,8.01,4.48,0.48,1.14,-0.78,93.2,0.0,0.0,1.183,-0.26,18.02,64.42,1.58,16.88,72.77,2.99,20.3,83.58,1.14,18.98,74.44,0.18,19.86,83.14,0.7,17.05,77.34,-0.41,18.76,65.66,1.26,18.53,73.65,2.37,21.72,83.88,1.05,19.41,74.65,0.28,21.76,83.38,0.7,19.88,78.97,-0.0117,0.7956,0.0078,0.036,0.7914,0.1018,0.0677,0.8494,0.2221,0.0301,0.8074,0.1135,0.0081,0.8501,0.2162,0.0201,0.816,0.1644,0.006,0.019,0.026,0.006,0.071,0.065,0.013,0.149,0.0,0.0,0.013,0.019,0.0,0.267,0.013,0.0,0.195,0.065,-0.0046,0.316,1.1213,0.0261,0.2853,1.2671,0.0491,0.3528,1.4542,0.0169,0.3237,1.2962,0.0046,0.3436,1.4511,0.0123,0.2945,1.3453,0.0,0.0,0.0061,-0.0,0.0,0.0063,-0.0,-0.0,-0.0,-0.008,0.0,0.0054,-0.0109,0.0,-0.0027,-0.0,0.0,0.0057,0.6609,0.0817,0.0081,0.0195,-0.0083,-0.0115,0.7957,0.0071,0.0358,0.7915,0.1013,0.0676,0.8491,0.2221,0.0302,0.8073,0.1131,0.0082,0.8501,0.2164,0.02,0.8159,0.1639,0.0,0.0,1.8648,0.0,0.0,0.0,0.0,0.0,0.0,
10.08,run,8.01,4.47,0.12,0.36,-0.68,94.0,0.0,0.0,1.183,-0.35,18.02,64.42,1.58,16.88,72.77,2.99,20.3,83.5,1.14,18.98,74.44,0.18,19.86,83.14,0.7,17.05,77.34,-0.42,18.75,65.71,1.26,18.53,73.66,2.36,21.73,83.86,1.05,19.41,74.65,0.28,21.75,83.35,0.7,19.88,78.98,-0.0119,0.7955,0.0084,0.036,0.7914,0.1018,0.0674,0.8496,0.2219,0.03,0.8074,0.1135,0.0079,0.8501,0.2159,0.02,0.816,0.1645,0.0,0.013,0.033,0.006,0.091,0.058,0.013,0.149,0.013,0.0,0.013,0.006,0.0,0.24,0.006,0.0,0.195,0.104,-0.0061,0.316,1.1213,0.0261,0.2853,1.2686,0.0491,0.3528,1.4511,0.0184,0.3237,1.2977,0.0061,0.3436,1.4511,0.0123,0.2945,1.3453,-0.0062,0.0,0.0043,-0.0,0.0,0.0106,-0.0,-0.0,-0.0124,0.0006,0.0,0.01,-0.0015,0.0,-0.0019,-0.0,0.0,0.004,0.6605,0.0836,0.0084,0.0199,-0.0137,-0.0117,0.7956,0.0078,0.036,0.7914,0.1018,0.0677,0.8494,0.2221,0.0301,0.8074,0.1135,0.0081,0.8501,0.2162,0.0201,0.816,0.1644,0.0,0.0,1.8796,0.0,0.0,0.0,0.0,0.0,0.0,
10.12,run,8.04,4.46,0.61,-0.39,0.06,94.7,0.0,0.0,1.183,-0.26,18.02,64.69,1.58,16.88,72.77,2.99,20.3,83.5,1.14,18.98,74.44,0.18,19.86,83.14,0.7,17.05,77.34,-0.43,18.74,65.74,1.26,18.52,73.65,2.35,21.72,83.85,1.05,19.41,74.64,0.27,21.74,83.31,0.7,19.88,78.99,-0.0122,0.7952,0.0087,0.036,0.7912,0.1018,0.0673,0.8495,0.2217,0.0299,0.8074,0.1134,0.0077,0.8498,0.2154,0.0201,0.816,0.1646,0.0,0.013,0.033,0.006,0.091,0.058,0.013,0.149,0.013,0.0,0.013,0.006,0.0,0.24,0.006,0.0,0.195,0.104,-0.0077,0.316,1.1213,0.0261,0.2853,1.2686,0.0491,0.3528,1.4496,0.0184,0.3237,1.2977,0.0061,0.3436,1.4511,0.0123,0.2945,1.3453,-0.0101,0.0,0.003,-0.0,0.0,0.0074,-0.0,-0.0,-0.0144,0.0004,0.0,0.007,-0.001,0.0,-0.0013,-0.0,0.0,0.0028,0.6612,0.0823,0.0021,0.0062,-0.0118,-0.0119,0.7955,0.0084,0.036,0.7914,0.1018,0.0674,0.8496,0.2219,0.03,0.8074,0.1135,0.0079,0.8501,0.2159,0.02,0.816,0.1645,0.0,0.0,1.8944,0.0,0.0,0.0,0.0,0.0,0.0,
10.16,run,8.05,4.47,0.61,-0.23,-1.28,95.5,0.0,0.0,1.183,-0.35,18.02,64.69,1.58,16.88,72.77,2.99,20.3,83.5,1.14,18.98,74.44,0.18,19.86,83.14,0.7,17.05,77.43,-0.43,18.73,65.78,1.26,18.51,73.65,2.35,21.71,83.83,1.04,19.4,74.64,0.27,21.72,83.28,0.71,19.88,79.0,-0.0122,0.795,0.0091,0.0361,0.7911,0.1018,0.0672,0.8493,0.2216,0.0298,0.8073,0.1134,0.0077,0.8495,0.2151,0.0202,0.8161,0.1647,0.0,0.013,0.033,0.006,0.091,0.058,0.013,0.149,0.013,0.0,0.013,0.006,0.0,0.24,0.006,0.0,0.195,0.104,-0.0061,0.316,1.1259,0.0261,0.2853,1.2686,0.0491,0.3528,1.4496,0.0184,0.3237,1.2977,0.0061,0.3436,1.4511,0.0123,0.2945,1.3453,-0.0013,0.0,0.0193,-0.0,0.0,0.0052,-0.0,-0.0,-0.0101,0.0003,0.0,0.0049,-0.0007,0.0,-0.0009,-0.0,0.0,0.0019,0.6635,0.0815,0.0107,-0.0067,0.001,-0.0122,0.7952,0.0087,0.036,0.7912,0.1018,0.0673,0.8495,0.2217,0.0299,0.8074,0.1134,0.0077,0.8498,0.2154,0.0201,0.816,0.1646,0.0,0.0,1.9092,0.0,0.0,0.0,0.0,0.0,0.0,
10.2,run,8.03,4.48,-0.46,0.58,-0.17,96.2,0.0,0.0,1.183,-0.35,18.02,64.69,1.58,16.88,72.77,2.99,20.3,83.5,1.14,18.98,74.44,0.18,19.86,83.14,0.7,17.05,77.43,-0.44,18.72,65.81,1.26,18.5,73.65,2.34,21.72,83.81,1.04,19.4,74.64,0.26,21.71,83.25,0.7,19.88,79.02,-0.0126,0.7949,0.0095,0.0361,0.7909,0.1018,0.067,0.8495,0.2213,0.0297,0.8073,0.1134,0.0074,0.8494,0.2147,0.0201,0.816,0.1649,0.006,0.013,0.039,0.006,0.065,0.065,0.013,0.111,0.0,0.0,0.006,0.006,0.0,0.182,0.006,0.0,0.234,0.065,-0.0077,0.316,1.1259,0.0261,0.2853,1.2686,0.0491,0.3528,1.4496,0.0184,0.3237,1.2977,0.0061,0.3436,1.4511,0.0123,0.2945,1.3468,-0.0067,0.0,0.0135,-0.0,0.0,0.0036,-0.0,-0.0,-0.0071,0.0002,0.0,0.0034,-0.0005,0.0,-0.0006,-0.0,0.0,0.0072,0.6643,0.0821,0.0107,-0.0041,-0.0223,-0.0122,0.795,0.0091,0.0361,0.7911,0.1018,0.0672,0.8493,0.2216,0.0298,0.8073,0.1134,0.0077,0.8495,0.2151,0.0202,0.8161,0.1647,0.0,0.0,1.924,0.0,0.0,0.0,0.0,0.0,0.0,
10.24,run,8.01,4.48,-0.18,0.31,-0.26,96.9,0.0,0.0,1.183,-0.26,18.02,64.69,1.58,16.88,72.77,2.99,20.3,83.5,1.14,18.98,74.44,0.18,19.86,82.88,0.7,17.05,77.43,-0.44,18.71,65.84,1.27,18.5,73.66,2.34,21.73,83.81,1.03,19.4,74.64,0.26,21.71,83.22,0.71,19.88,79.02,-0.0127,0.7947,0.0099,0.0363,0.7909,0.1018,0.0669,0.8496,0.2213,0.0295,0.8074,0.1134,0.0074,0.8493,0.2143,0.0203,0.816,0.165,0.006,0.013,0.039,0.006,0.065,0.065,0.013,0.111,0.0,0.0,0.006,0.006,0.0,0.182,0.006,0.0,0.234,0.065,-0.0077,0.316,1.1259,0.0261,0.2853,1.2686,0.0491,0.3528,1.4496,0.0184,0.3237,1.2977,0.0061,0.3436,1.4511,0.0123,0.2945,1.3468,-0.0047,0.0,0.0095,-0.0,0.0,0.0025,-0.0,-0.0,-0.0049,0.0001,0.0,0.0024,-0.0004,0.0,-0.0004,-0.0,0.0,0.005,0.6622,0.0837,-0.008,0.0101,-0.003,-0.0126,0.7949,0.0095,0.0361,0.7909,0.1018,0.067,0.8495,0.2213,0.0297,0.8073,0.1134,0.0074,0.8494,0.2147,0.0201,0.816,0.1649,0.0,0.0,1.9388,0.0,0.0,0.0,0.0,0.0,0.0,
10.28,run,8.04,4.47,0.69,0.07,-0.97,97.7,0.0,0.0,1.183,-0.26,18.02,64.69,1.58,16.88,72.77,2.99,20.3,83.5,1.14,18.98,74.44,0.18,19.86,82.88,0.7,17.05,77.43,-0.45,18.71,65.88,1.28,18.5,73.67,2.34,21.73,83.81,1.03,19.4,74.65,0.26,21.7,83.19,0.71,19.88,79.06,-0.0128,0.7946,0.0103,0.0365,0.7908,0.102,0.0668,0.8496,0.2213,0.0294,0.8073,0.1136,0.0073,0.849,0.214,0.0203,0.816,0.1654,0.006,0.013,0.039,0.006,0.065,0.065,0.013,0.111,0.0,0.0,0.006,0.006,0.0,0.182,0.006,0.0,0.234,0.065,-0.0061,0.316,1.1259,0.0261,0.2853,1.2686,0.0491,0.3528,1.4496,0.0184,0.3237,1.2977,0.0061,0.3436,1.4465,0.0123,0.2945,1.3468,0.0025,0.0,0.0066,-0.0,0.0,0.0018,-0.0,-0.0,-0.0035,0.0001,0.0,0.0017,-0.0002,0.0,-0.0176,-0.0,0.0,0.0035,0.661,0.0835,-0.0032,0.0054,-0.0045,-0.0127,0.7947,0.0099,0.0363,0.7909,0.1018,0.0669,0.8496,0.2213,0.0295,0.8074,0.1134,0.0074,0.8493,0.2143,0.0203,0.816,0.165,0.0,0.0,1.9536,0.0,0.0,0.0,0.0,0.0,0.0,
10.32,run,8.06,4.47,0.57,-0.13,-0.1,98.4,0.0,0.0,1.183,-0.26,18.02,64.78,1.58,16.88,72.77,2.99,20.3,83.5,1.14,18.98,74.44,0.18,19.86,82.88,0.7,17.05,77.43,-0.45,18.69,65.92,1.28,18.48,73.68,2.33,21.73,83.79,1.03,19.4,74.66,0.25,21.69,83.16,0.71,19.88,79.08,-0.013,0.7945,0.0108,0.0365,0.7906,0.1021,0.0666,0.8496,0.221,0.0294,0.8073,0.1137,0.0072,0.8489,0.2137,0.0202,0.816,0.1656,0.006,0.013,0.045,0.0,0.058,0.065,0.013,0.117,0.0,0.0,0.006,0.006,0.0,0.227,0.006,0.0,0.234,0.071,-0.0061,0.316,1.1259,0.0261,0.2853,1.2686,0.0491,0.3528,1.4496,0.0184,0.3237,1.2977,0.0061,0.3436,1.4465,0.0123,0.2945,1.3468,0.0017,0.0,0.0046,-0.0,0.0,0.0012,-0.0,-0.0,-0.0024,0.0001,0.0,0.0012,-0.0002,0.0,-0.0123,-0.0,0.0,0.0025,0.6635,0.0827,0.012,0.0013,-0.017,-0.0128,0.7946,0.0103,0.0365,0.7908,0.102,0.0668,0.8496,0.2213,0.0294,0.8073,0.1136,0.0073,0.849,0.214,0.0203,0.816,0.1654,0.0,0.0,1.9684,0.0,0.0,0.0,0.0,0.0,0.0,
10.36,run,8.06,4.49,0.25,0.32,-1.01,99.2,0.0,0.0,1.183,-0.26,18.02,64.86,1.58,16.88,72.77,2.99,20.3,83.5,1.14,18.98,74.44,0.18,19.86,82.88,0.7,17.05,77.43,-0.46,18.69,65.95,1.28,18.48,73.68,2.33,21.73,83.77,1.02,19.4,74.66,0.25,21.68,83.13,0.71,19.88,79.08,-0.0131,0.7943,0.0111,0.0366,0.7905,0.1021,0.0666,0.8496,0.2209,0.0292,0.8073,0.1136,0.0071,0.8487,0.2133,0.0204,0.8161,0.1656,0.006,0.013,0.045,0.0,0.058,0.065,0.013,0.117,0.0,0.0,0.006,0.006,0.0,0.227,0.006,0.0,0.234,0.071,-0.0061,0.316,1.1275,0.0261,0.2853,1.2686,0.0491,0.3528,1.4496,0.0184,0.3237,1.2977,0.0061,0.3436,1.4465,0.0123,0.2945,1.3468,0.0012,0.0,0.009,-0.0,0.0,0.0009,-0.0,-0.0,-0.0017,0.0001,0.0,0.0008,-0.0001,0.0,-0.0086,-0.0,0.0,0.0017,0.6651,0.0829,0.0099,-0.0022,-0.0018,-0.013,0.7945,0.0108,0.0365,0.7906,0.1021,0.0666,0.8496,0.221,0.0294,0.8073,0.1137,0.0072,0.8489,0.2137,0.0202,0.816,0.1656,0.0,0.0,1.9832,0.0,0.0,0.0,0.0,0.0,0.0,
10.4,run,8.05,4.47,-0.07,-0.03,-0.23,99.9,0.0,0.0,1.183,-0.26,18.02,64.95,1.58,16.88,72.77,2.99,20.3,83.5,1.14,18.98,74.44,0.18,19.86,82.88,0.7,17.05,77.43,-0.47,18.68,65.97,1.29,18.47,73.68,2.32,21.74,83.75,1.02,19.4,74.65,0.24,21.67,83.1,0.71,19.88,79.09,-0.0133,0.7942,0.0114,0.0367,0.7904,0.1021,0.0664,0.8497,0.2206,0.0291,0.8073,0.1136,0.0069,0.8486,0.2129,0.0204,0.816,0.1658,0.006,0.013,0.045,0.0,0.058,0.065,0.013,0.117,0.0,0.0,0.006,0.006,0.0,0.227,0.006,0.0,0.234,0.071,-0.0061,0.316,1.129,0.0261,0.2853,1.2686,0.0491,0.3528,1.4496,0.0184,0.3237,1.2977,0.0061,0.3436,1.4465,0.0123,0.2945,1.3468,0.0008,0.0,0.0112,-0.0,0.0,0.0006,-0.0,-0.0,-0.0012,0.0,0.0,0.0006,-0.0001,0.0,-0.006,-0.0,0.0,0.0012,0.6649,0.0838,0.0044,0.0055,-0.0175,-0.0131,0.7943,0.0111,0.0366,0.7905,0.1021,0.0666,0.8496,0.2209,0.0292,0.8073,0.1136,0.0071,0.8487,0.2133,0.0204,0.8161,0.1656,0.0,0.0,1.998,0.0,0.0,0.0,0.0,0.0,0.0,
10.44,run,8.05,4.46,0.13,-0.29,-0.71,100.6,0.0,0.0,1.183,-0.26,18.02,64.95,1.58,16.88,72.77,2.9,20.3,83.5,1.14,18.98,74.44,0.18,19.86,82.88,0.7,17.05,77.43,-0.47,18.67,66.0,1.29,18.47,73.67,2.32,21.73,83.74,1.01,19.4,74.65,0.24,21.66,83.07,0.72,19.88,79.1,-0.0135,0.794,0.0118,0.0369,0.7903,0.102,0.0662,0.8497,0.2205,0.029,0.8073,0.1135,0.0068,0.8484,0.2126,0.0205,0.816,0.1659,0.006,0.013,0.033,0.006,0.078,0.052,0.013,0.117,0.006,0.0,0.006,0.006,0.0,0.169,0.006,0.0,0.221,0.065,-0.0061,0.316,1.1305,0.0261,0.2853,1.2686,0.0491,0.3528,1.4496,0.0184,0.3237,1.2977,0.0061,0.3436,1.4465,0.0123,0.2945,1.3468,0.0006,0.0,0.0144,-0.0,0.0,0.0004,-0.0,-0.0,-0.0008,0.0,0.0,0.0004,-0.0001,0.0,-0.0042,-0.0,0.0,0.0008,0.6641,0.0829,-0.0012,-0.0005,-0.004,-0.0133,0.7942,0.0114,0.0367,0.7904,0.1021,0.0664,0.8497,0.2206,0.0291,0.8073,0.1136,0.0069,0.8486,0.2129,0.0204,0.816,0.1658,0.0,0.0,2.0128,0.0,0.0,0.0,0.0,0.0,0.0,
10.48,run,8.07,4.46,0.37,-0.12,-0.68,101.4,0.0,0.0,1.183,-0.26,18.02,64.95,1.58,16.88,72.77,2.81,20.3,83.5,1.14,18.98,74.44,0.18,19.86,82.88,0.7,17.05,77.43,-0.48,18.66,66.02,1.29,18.46,73.67,2.32,21.74,83.73,1.01,19.4,74.65,0.23,21.65,83.04,0.72,19.88,79.11,-0.0137,0.7939,0.012,0.037,0.7902,0.102,0.0662,0.8497,0.2204,0.0288,0.8073,0.1135,0.0067,0.8481,0.2123,0.0205,0.816,0.166,0.006,0.013,0.033,0.006,0.078,0.052,0.013,0.117,0.006,0.0,0.006,0.006,0.0,0.169,0.006,0.0,0.221,0.065,-0.0061,0.316,1.1305,0.0261,0.2853,1.2686,0.0476,0.3528,1.4496,0.0184,0.3237,1.2977,0.0061,0.3436,1.4465,0.0123,0.2945,1.3468,0.0004,0.0,0.0101,-0.0,0.0,0.0003,-0.0057,-0.0,-0.0006,0.0,0.0,0.0003,-0.0,0.0,-0.0029,-0.0,0.0,0.0006,0.6647,0.0816,0.0023,-0.0051,-0.0123,-0.0135,0.794,0.0118,0.0369,0.7903,0.102,0.0662,0.8497,0.2205,0.029,0.8073,0.1135,0.0068,0.8484,0.2126,0.0205,0.816,0.1659,0.0,0.0,2.0276,0.0,0.0,0.0,0.0,0.0,0.0,
10.52,run,8.08,4.47,0.54,0.29,-0.55,102.1,0.0,0.0,1.183,-0.26,18.02,64.95,1.58,16.88,72.77,2.81,20.3,83.5,0.97,18.98,74.44,0.18,19.86,82.88,0.7,17.05,77.43,-0.48,18.66,66.04,1.3,18.46,73.67,2.31,21.74,83.72,1.0,19.4,74.65,0.23,21.64,83.02,0.72,19.88,79.12,-0.0138,0.7938,0.0123,0.0372,0.7901,0.102,0.0661,0.8498,0.2202,0.0287,0.8073,0.1135,0.0067,0.848,0.212,0.0207,0.8159,0.1661,0.006,0.013,0.033,0.006,0.078,0.052,0.013,0.117,0.006,0.0,0.006,0.006,0.0,0.169,0.006,0.0,0.221,0.065,-0.0061,0.316,1.1305,0.0261,0.2853,1.2686,0.046,0.3528,1.4496,0.0184,0.3237,1.2977,0.0061,0.3436,1.4465,0.0123,0.2945,1.3468,0.0003,0.0,0.0071,-0.0,0.0,0.0002,-0.0098,-0.0,-0.0004,0.0,0.0,0.0002,-0.0,0.0,-0.0021,-0.0,0.0,0.0004,0.6657,0.0814,0.0064,-0.0021,-0.0118,-0.0137,0.7939,0.012,0.037,0.7902,0.102,0.0662,0.8497,0.2204,0.0288,0.8073,0.1135,0.0067,0.8481,0.2123,0.0205,0.816,0.166,0.0,0.0,2.0424,0.0,0.0,0.0,0.0,0.0,0.0,
10.56,run,8.08,4.47,-0.11,0.11,-0.79,102.9,0.0,0.0,1.183,-0.26,18.02,64.95,1.58,16.88,72.77,2.81,20.3,83.5,1.05,18.98,74.44,0.18,19.86,82.79,0.7,17.05,77.43,-0.49,18.65,66.08,1.31,18.45,73.67,2.31,21.74,83.7,1.0,19.4,74.65,0.23,21.63,82.99,0.73,19.88,79.13,-0.014,0.7936,0.0127,0.0373,0.79,0.102,0.0661,0.8498,0.22,0.0286,0.8073,0.1135,0.0066,0.8478,0.2117,0.0209,0.8159,0.1662,0.006,0.013,0.033,0.006,0.071,0.052,0.013,0.156,0.0,0.0,0.006,0.006,0.0,0.156,0.006,0.0,0.201,0.071,-0.0061,0.316,1.1305,0.0261,0.2853,1.2686,0.046,0.3528,1.4496,0.0153,0.3237,1.2977,0.0061,0.3436,1.4465,0.0123,0.2945,1.3468,0.0002,0.0,0.0049,-0.0,0.0,0.0001,-0.0069,-0.0,-0.0003,-0.0114,0.0,0.0001,-0.0,0.0,-0.0014,-0.0,0.0,0.0003,0.667,0.0823,0.0095,0.0051,-0.0095,-0.0138,0.7938,0.0123,0.0372,0.7901,0.102,0.0661,0.8498,0.2202,0.0287,0.8073,0.1135,0.0067,0.848,0.212,0.0207,0.8159,0.1661,0.0,0.0,2.0572,0.0,0.0,0.0,0.0,0.0,0.0,
10.6,run,8.11,4.45,0.67,-0.13,-0.13,103.6,0.0,0.0,1.183,-0.26,18.02,65.13,1.58,16.88,72.77,2.81,20.3,83.5,1.05,18.98,74.44,0.18,19.86,82.79,0.7,17.05,77.43,-0.5,18.65,66.09,1.31,18.45,73.66,2.31,21.75,83.69,0.99,19.4,74.64,0.22,21.62,82.96,0.73,19.87,79.13,-0.0142,0.7936,0.0129,0.0375,0.79,0.1019,0.0659,0.85,0.2199,0.0284,0.8073,0.1134,0.0064,0.8477,0.2113,0.0209,0.8159,0.1663,0.006,0.013,0.033,0.006,0.071,0.052,0.013,0.156,0.0,0.0,0.006,0.006,0.0,0.156,0.006,0.0,0.201,0.071,-0.0061,0.316,1.1305,0.0261,0.2853,1.2686,0.046,0.3528,1.4496,0.0169,0.3237,1.2977,0.0061,0.3436,1.445,0.0123,0.2945,1.3468,0.0001,0.0,0.0035,-0.0,0.0,0.0001,-0.0048,-0.0,-0.0002,-0.0022,0.0,0.0001,-0.0,0.0,-0.0068,-0.0,0.0,0.0002,0.6666,0.0822,-0.0019,0.0019,-0.0138,-0.014,0.7936,0.0127,0.0373,0.79,0.102,0.0661,0.8498,0.22,0.0286,0.8073,0.1135,0.0066,0.8478,0.2117,0.0209,0.8159,0.1662,0.0,0.0,2.072,0.0,0.0,0.0,0.0,0.0,0.0,
10.64,run,8.13,4.45,0.77,-0.23,-0.73,104.3,0.0,0.0,1.183,-0.26,18.02,65.13,1.58,16.88,72.77,2.81,20.3,83.5,1.05,18.98,74.44,0.18,19.86,82.79,0.7,17.05,77.43,-0.5,18.64,66.12,1.32,18.44,73.67,2.31,21.74,83.67,0.99,19.4,74.64,0.22,21.61,82.94,0.74,19.88,79.14,-0.0141,0.7934,0.0132,0.0377,0.7898,0.1019,0.0659,0.8499,0.2197,0.0282,0.8073,0.1134,0.0064,0.8475,0.211,0.0211,0.8159,0.1663,0.006,0.013,0.033,0.006,0.071,0.052,0.013,0.156,0.0,0.0,0.006,0.006,0.0,0.156,0.006,0.0,0.201,0.071,-0.0061,0.316,1.1336,0.0261,0.2853,1.2686,0.046,0.3528,1.4496,0.0169,0.3237,1.2977,0.0061,0.3436,1.445,0.0123,0.2945,1.3468,0.0001,0.0,0.0122,-0.0,0.0,0.0001,-0.0034,-0.0,-0.0001,-0.0015,0.0,0.0001,-0.0,0.0,-0.0048,-0.0,0.0,0.0001,0.6691,0.0808,0.0117,-0.0023,-0.0024,-0.0142,0.7936,0.0129,0.0375,0.79,0.1019,0.0659,0.85,0.2199,0.0284,0.8073,0.1134,0.0064,0.8477,0.2113,0.0209,0.8159,0.1663,0.0,0.0,2.0868,0.0,0.0,0.0,0.0,0.0,0.0,
10.68,run,8.14,4.46,0.55,0.29,-0.4,105.1,0.0,0.0,1.183,-0.26,18.02,65.13,1.58,16.88,72.77,2.81,20.3,83.5,1.05,18.98,74.44,0.18,19.86,82.79,0.7,17.05,77.43,-0.5,18.63,66.14,1.32,18.43,73.66,2.3,21.75,83.65,0.98,19.4,74.63,0.22,21.6,82.91,0.74,19.87,79.14,-0.0143,0.7933,0.0134,0.0378,0.7897,0.1019,0.0657,0.85,0.2195,0.0281,0.8072,0.1133,0.0062,0.8473,0.2107,0.0211,0.8159,0.1664,0.013,0.013,0.033,0.006,0.058,0.052,0.013,0.123,0.0,0.0,0.006,0.006,0.0,0.214,0.013,0.0,0.195,0.071,-0.0061,0.316,1.1336,0.0261,0.2853,1.2686,0.046,0.3528,1.4496,0.0169,0.3237,1.2977,0.0061,0.3436,1.445,0.0123,0.2945,1.3468,0.0001,0.0,0.0085,-0.0,0.0,0.0001,-0.0024,-0.0,-0.0001,-0.0011,0.0,0.0,-0.0,0.0,-0.0033,-0.0,0.0,0.0001,0.6712,0.0804,0.0135,-0.0041,-0.0127,-0.0141,0.7934,0.0132,0.0377,0.7898,0.1019,0.0659,0.8499,0.2197,0.0282,0.8073,0.1134,0.0064,0.8475,0.211,0.0211,0.8159,0.1663,0.0,0.0,2.1016,0.0,0.0,0.0,0.0,0.0,0.0,
10.72,run,8.12,4.48,-0.29,0.74,-0.31,105.8,0.0,0.0,1.183,-0.26,18.02,65.13,1.58,16.88,72.77,2.81,20.3,83.5,1.05,18.98,74.44,0.18,19.86,82.53,0.7,17.05,77.43,-0.51,18.63,66.16,1.33,18.43,73.66,2.3,21.76,83.64,0.98,19.4,74.62,0.21,21.6,82.88,0.75,19.87,79.14,-0.0145,0.7932,0.0137,0.038,0.7896,0.1019,0.0657,0.8501,0.2193,0.028,0.8073,0.1132,0.0061,0.8473,0.2104,0.0213,0.8159,0.1664,0.013,0.013,0.033,0.006,0.058,0.052,0.013,0.123,0.0,0.0,0.006,0.006,0.0,0.214,0.013,0.0,0.195,0.071,-0.0061,0.316,1.1336,0.0261,0.2853,1.2686,0.046,0.3528,1.4496,0.0169,0.3237,1.2977,0.0061,0.3436,1.445,0.0123,0.2945,1.3468,0.0,0.0,0.006,-0.0,0.0,0.0,-0.0016,-0.0,-0.0001,-0.0007,0.0,0.0,-0.0,0.0,-0.0023,-0.0,0.0,0.0001,0.672,0.0818,0.0096,0.005,-0.007,-0.0143,0.7933,0.0134,0.0378,0.7897,0.1019,0.0657,0.85,0.2195,0.0281,0.8072,0.1133,0.0062,0.8473,0.2107,0.0211,0.8159,0.1664,0.0,0.0,2.1164,0.0,0.0,0.0,0.0,0.0,0.0,
10.76,run,8.13,4.49,0.08,0.26,-0.65,106.6,0.0,0.0,1.183,-0.26,18.02,65.13,1.58,16.88,72.77,2.81,20.3,83.5,1.05,18.98,74.44,0.18,19.86,82.53,0.7,17.05,77.43,-0.51,18.63,66.17,1.35,18.43,73.65,2.29,21.76,83.64,0.97,19.4,74.62,0.21,21.59,82.86,0.75,19.87,79.16,-0.0145,0.7933,0.0138,0.0385,0.7897,0.1018,0.0655,0.8503,0.2193,0.0277,0.8073,0.1132,0.0061,0.8471,0.2102,0.0215,0.8158,0.1665,0.013,0.013,0.033,0.006,0.058,0.052,0.013,0.123,0.0,0.0,0.006,0.006,0.0,0.214,0.013,0.0,0.195,0.071,-0.0061,0.316,1.1336,0.0261,0.2853,1.2686,0.046,0.3528,1.4496,0.0169,0.3237,1.2977,0.0061,0.3436,1.4404,0.0123,0.2945,1.3468,0.0,0.0,0.0042,-0.0,0.0,0.0,-0.0012,-0.0,-0.0,-0.0005,0.0,0.0,-0.0,0.0,-0.0187,-0.0,0.0,0.0,0.67,0.0837,-0.0051,0.013,-0.0054,-0.0145,0.7932,0.0137,0.038,0.7896,0.1019,0.0657,0.8501,0.2193,0.028,0.8073,0.1132,0.0061,0.8473,0.2104,0.0213,0.8159,0.1664,0.0,0.0,2.1312,0.0,0.0,0.0,0.0,0.0,0.0,
10.8,run,8.15,4.48,0.7,-0.17,-0.44,107.3,0.0,0.0,1.183,-0.26,18.02,65.13,1.58,16.88,72.77,2.81,20.3,83.5,1.05,18.98,74.44,0.18,19.86,82.53,0.7,17.05,77.43,-0.52,18.62,66.2,1.35,18.43,73.65,2.29,21.77,83.62,0.96,19.4,74.62,0.21,21.59,82.84,0.75,19.87,79.16,-0.0148,0.7932,0.0141,0.0385,0.7896,0.1017,0.0654,0.8504,0.2191,0.0276,0.8074,0.1131,0.0059,0.847,0.2099,0.0215,0.8158,0.1666,0.013,0.013,0.033,0.006,0.065,0.065,0.013,0.169,0.006,0.0,0.006,0.006,0.0,0.201,0.013,0.0,0.189,0.078,-0.0061,0.316,1.1336,0.0261,0.2853,1.2686,0.046,0.3528,1.4496,0.0169,0.3237,1.2977,0.0061,0.3436,1.4404,0.0123,0.2945,1.3468,0.0,0.0,0.0029,-0.0,0.0,0.0,-0.0008,-0.0,-0.0,-0.0004,0.0,0.0,-0.0,0.0,-0.0131,-0.0,0.0,0.0,0.671,0.084,0.0015,0.0046,-0.0114,-0.0145,0.7933,0.0138,0.0385,0.7897,0.1018,0.0655,0.8503,0.2193,0.0277,0.8073,0.1132,0.0061,0.8471,0.2102,0.0215,0.8158,0.1665,0.0,0.0,2.146,0.0,0.0,0.0,0.0,0.0,0.0,
10.84,run,8.16,4.47,0.57,-0.09,-0.46,108.0,0.0,0.0,1.183,-0.26,18.02,65.13,1.58,16.88,72.77,2.81,20.3,83.23,1.05,18.98,74.44,0.18,19.86,82.53,0.7,17.05,77.43,-0.52,18.62,66.22,1.35,18.42,73.64,2.29,21.77,83.6,0.96,19.4,74.61,0.2,21.58,82.82,0.76,19.87,79.17,-0.0149,0.793,0.0144,0.0386,0.7894,0.1017,0.0653,0.8504,0.2189,0.0275,0.8073,0.1131,0.0058,0.8469,0.2096,0.0216,0.8158,0.1667,0.013,0.013,0.033,0.006,0.065,0.065,0.013,0.169,0.006,0.0,0.006,0.006,0.0,0.201,0.013,0.0,0.189,0.078,-0.0061,0.316,1.1336,0.0261,0.2853,1.2686,0.046,0.3528,1.4496,0.0169,0.3237,1.2977,0.0061,0.3436,1.4404,0.0123,0.2945,1.3468,0.0,0.0,0.0021,-0.0,0.0,0.0,-0.0006,-0.0,-0.0,-0.0003,0.0,0.0,-0.0,0.0,-0.0092,-0.0,0.0,0.0,0.6732,0.083,0.0121,-0.003,-0.0077,-0.0148,0.7932,0.0141,0.0385,0.7896,0.1017,0.0654,0.8504,0.2191,0.0276,0.8074,0.1131,0.0059,0.847,0.2099,0.0215,0.8158,0.1666,0.0,0.0,2.1608,0.0,0.0,0.0,0.0,0.0,0.0,
10.88,run,8.15,4.46,0.15,-0.1,-0.82,108.8,0.0,0.0,1.183,-0.26,18.02,65.13,1.58,16.88,72.77,2.81,20.3,83.23,1.05,18.98,74.44,0.18,19.86,82.53,0.7,17.05,77.61,-0.52,18.61,66.24,1.36,18.41,73.64,2.28,21.78,83.59,0.95,19.4,74.61,0.2,21.57,82.79,0.76,19.86,79.17,-0.015,0.793,0.0146,0.0388,0.7893,0.1016,0.0652,0.8505,0.2187,0.0273,0.8074,0.113,0.0057,0.8467,0.2093,0.0218,0.8157,0.1668,0.013,0.013,0.033,0.006,0.065,0.065,0.013,0.169,0.006,0.0,0.006,0.006,0.0,0.201,0.013,0.0,0.189,0.078,-0.0061,0.316,1.1336,0.0261,0.2853,1.2686,0.046,0.3528,1.445,0.0169,0.3237,1.2977,0.0061,0.3436,1.4404,0.0123,0.2945,1.3468,0.0,0.0,0.0014,-0.0,0.0,0.0,-0.0004,-0.0,-0.0172,-0.0002,0.0,0.0,-0.0,0.0,-0.0064,-0.0,0.0,0.0,0.6735,0.0827,0.01,-0.0015,-0.0079,-0.0149,0.793,0.0144,0.0386,0.7894,0.1017,0.0653,0.8504,0.2189,0.0275,0.8073,0.1131,0.0058,0.8469,0.2096,0.0216,0.8158,0.1667,0.0,0.0,2.1756,0.0,0.0,0.0,0.0,0.0,0.0,
10.92,run,8.16,4.47,0.03,0.36,-0.2,109.5,0.0,0.0,1.183,-0.26,18.02,65.13,1.58,16.88,72.77,2.81,20.3,83.23,1.05,18.98,74.44,0.18,19.86,82.53,0.7,17.05,77.7,-0.53,18.61,66.25,1.37,18.41,73.62,2.28,21.78,83.57,0.95,19.41,74.6,0.2,21.56,82.77,0.77,19.86,79.17,-0.0152,0.7929,0.0147,0.039,0.7893,0.1014,0.0651,0.8506,0.2185,0.0271,0.8074,0.1129,0.0056,0.8466,0.209,0.0219,0.8157,0.1668,0.006,0.006,0.026,0.006,0.052,0.058,0.006,0.169,0.006,0.0,0.006,0.0,0.0,0.143,0.006,0.0,0.227,0.045,-0.0061,0.316,1.1336,0.0261,0.2853,1.2686,0.046,0.3528,1.445,0.0169,0.3237,1.2977,0.0061,0.3436,1.4404,0.0123,0.2945,1.3499,0.0,0.0,0.001,-0.0,0.0,0.0,-0.0003,-0.0,-0.0121,-0.0001,0.0,0.0,-0.0,0.0,-0.0045,-0.0,0.0,0.0115,0.6731,0.082,0.0025,-0.0018,-0.0143,-0.015,0.793,0.0146,0.0388,0.7893,0.1016,0.0652,0.8505,0.2187,0.0273,0.8074,0.113,0.0057,0.8467,0.2093,0.0218,0.8157,0.1668,0.0,0.0,2.1904,0.0,0.0,0.0,0.0,0.0,0.0,
10.96,run,8.18,4.44,0.57,-0.49,-0.59,110.3,0.0,0.0,1.183,-0.26,18.02,65.3,1.58,16.88,72.77,2.81,20.3,83.23,1.05,18.98,74.44,0.18,19.86,82.44,0.7,17.05,77.78,-0.54,18.61,66.26,1.37,18.41,73.61,2.28,21.78,83.56,0.94,19.41,74.59,0.2,21.56,82.74,0.77,19.86,79.17,-0.0153,0.7928,0.0149,0.0392,0.7892,0.1014,0.0651,0.8506,0.2184,0.027,0.8074,0.1128,0.0056,0.8465,0.2087,0.0221,0.8157,0.1667,0.006,0.006,0.026,0.006,0.052,0.058,0.006,0.169,0.006,0.0,0.006,0.0,0.0,0.143,0.006,0.0,0.227,0.045,-0.0061,0.316,1.1336,0.0261,0.2853,1.2686,0.046,0.3528,1.445,0.0169,0.3237,1.2977,0.0061,0.3436,1.4404,0.0123,0.2945,1.3514,0.0,0.0,0.0007,-0.0,0.0,0.0,-0.0002,-0.0,-0.0084,-0.0001,0.0,0.0,-0.0,0.0,-0.0031,-0.0,0.0,0.0138,0.6741,0.0824,0.0005,0.0062,-0.0036,-0.0152,0.7929,0.0147,0.039,0.7893,0.1014,0.0651,0.8506,0.2185,0.0271,0.8074,0.1129,0.0056,0.8466,0.209,0.0219,0.8157,0.1668,0.0,0.0,2.2052,0.0,0.0,0.0,0.0,0.0,0.0,
11.0,run,8.17,4.44,0.11,-0.26,-0.53,111.0,0.0,0.0,1.183,-0.26,18.02,65.3,1.58,16.88,72.77,2.81,20.3,83.23,1.05,18.98,74.44,0.18,19.86,82.44,0.7,17.05,77.78,-0.54,18.6,66.28,1.38,18.4,73.6,2.28,21.78,83.55,0.94,19.41,74.58,0.19,21.54,82.72,0.78,19.86,79.18,-0.0154,0.7928,0.015,0.0395,0.7891,0.1012,0.065,0.8506,0.2182,0.0268,0.8074,0.1127,0.0055,0.8462,0.2085,0.0222,0.8156,0.1668,0.006,0.006,0.026,0.006,0.052,0.058,0.006,0.169,0.006,0.0,0.006,0.0,0.0,0.143,0.006,0.0,0.227,0.045,-0.0061,0.316,1.1367,0.0261,0.2853,1.2686,0.046,0.3528,1.445,0.0169,0.3237,1.2977,0.0061,0.3436,1.4389,0.0123,0.2945,1.353,0.0,0.0,0.0104,-0.0,0.0,0.0,-0.0001,-0.0,-0.0059,-0.0001,0.0,0.0,-0.0,0.0,-0.0072,-0.0,0.0,0.0146,0.6754,0.0803,0.01,-0.0086,-0.0102,-0.0153,0.7928,0.0149,0.0392,0.7892,0.1014,0.0651,0.8506,0.2184,0.027,0.8074,0.1128,0.0056,0.8465,0.2087,0.0221,0.8157,0.1667,0.0,0.0,2.22,0.0,0.0,0.0,0.0,0.0,0.0,
11.04,run,8.16,4.44,-0.11,0.14,-0.42,111.0,0.0,0.0,1.183,-0.26,18.02,65.3,1.58,16.88,72.77,2.81,20.3,83.23,1.05,18.98,74.44,0.18,19.86,82.44,0.7,17.05,77.78,-0.54,18.6,66.27,1.38,18.4,73.6,2.27,21.78,83.55,0.94,19.41,74.58,0.19,21.54,82.72,0.78,19.86,79.18,-0.0154,0.7928,0.015,0.0395,0.7891,0.1012,0.065,0.8506,0.2182,0.0268,0.8074,0.1127,0.0055,0.8462,0.2085,0.0221,0.8156,0.1668,0.006,0.013,0.026,0.006,0.058,0.045,0.006,0.169,0.006,0.0,0.006,0.006,0.0,0.182,0.013,0.0,0.208,0.052,-0.0061,0.316,1.1367,0.0261,0.2853,1.2686,0.046,0.3528,1.445,0.0169,0.3237,1.2977,0.0061,0.3436,1.4389,0.0123,0.2945,1.353,0.0,0.0,0.0073,-0.0,0.0,0.0,-0.0001,-0.0,-0.0041,-0.0,0.0,0.0,-0.0,0.0,-0.005,-0.0,0.0,0.0102,0.6743,0.0797,0.0019,-0.0045,-0.0093,-0.0154,0.7928,0.015,0.0395,0.7891,0.1012,0.065,0.8506,0.2182,0.0268,0.8074,0.1127,0.0055,0.8462,0.2085,0.0222,0.8156,0.1668,0.0,0.0,2.22,0.0,0.0,0.0,0.0,0.0,0.0,
11.08,run,8.18,4.43,0.37,0.0,-0.59,111.0,0.0,0.0,1.183,-0.26,18.02,65.3,1.58,16.88,72.77,2.81,20.3,83.23,1.05,18.98,74.44,0.18,19.86,82.44,0.7,17.05,77.78,-0.54,18.6,66.28,1.38,18.4,73.61,2.27,21.78,83.55,0.94,19.41,74.58,0.19,21.54,82.72,0.77,19.86,79.18,-0.0153,0.7928,0.015,0.0395,0.7891,0.1013,0.065,0.8506,0.2182,0.0268,0.8074,0.1127,0.0055,0.8463,0.2084,0.0221,0.8156,0.1668,0.006,0.013,0.026,0.006,0.058,0.045,0.006,0.169,0.006,0.0,0.006,0.006,0.0,0.182,0.013,0.0,0.208,0.052,-0.0061,0.316,1.1367,0.0261,0.2853,1.2686,0.046,0.3528,1.445,0.0169,0.3237,1.2977,0.0061,0.3436,1.4389,0.0123,0.2945,1.353,0.0,0.0,0.0051,-0.0,0.0,0.0,-0.0001,-0.0,-0.0029,-0.0,0.0,0.0,-0.0,0.0,-0.0035,-0.0,0.0,0.0072,0.6738,0.0802,-0.0019,0.0025,-0.0073,-0.0154,0.7928,0.015,0.0395,0.7891,0.1012,0.065,0.8506,0.2182,0.0268,0.8074,0.1127,0.0055,0.8462,0.2085,0.0221,0.8156,0.1668,0.0,0.0,2.22,0.0,0.0,0.0,0.0,0.0,0.0,
11.12,run,8.18,4.43,0.41,-0.21,-0.35,111.0,0.0,0.0,1.183,-0.26,18.02,65.3,1.58,16.88,72.77,2.81,20.3,83.23,1.05,18.98,74.44,0.18,19.86,82.44,0.7,17.05,77.78,-0.54,18.6,66.28,1.38,18.4,73.61,2.28,21.78,83.55,0.94,19.41,74.58,0.19,21.54,82.72,0.77,19.86,79.18,-0.0153,0.7928,0.015,0.0395,0.7891,0.1013,0.065,0.8506,0.2182,0.0269,0.8074,0.1128,0.0055,0.8462,0.2084,0.0221,0.8156,0.1668,0.006,0.013,0.026,0.006,0.058,0.045,0.006,0.169,0.006,0.0,0.006,0.006,0.0,0.182,0.013,0.0,0.208,0.052,-0.0061,0.316,1.1367,0.0261,0.2853,1.2686,0.046,0.3528,1.445,0.0169,0.3237,1.2977,0.0061,0.3436,1.4389,0.0123,0.2945,1.353,0.0,0.0,0.0036,-0.0,0.0,0.0,-0.0,-0.0,-0.002,-0.0,0.0,0.0,-0.0,0.0,-0.0025,-0.0,0.0,0.005,0.6753,0.0794,0.0065,0.0001,-0.0103,-0.0153,0.7928,0.015,0.0395,0.7891,0.1013,0.065,0.8506,0.2182,0.0268,0.8074,0.1127,0.0055,0.8463,0.2084,0.0221,0.8156,0.1668,0.0,0.0,2.22,0.0,0.0,0.0,0.0,0.0,0.0,
11.16,run,8.16,4.43,-0.04,0.08,-0.62,111.0,0.0,0.0,1.183,-0.26,18.02,65.3,1.58,16.88,72.77,2.81,20.3,83.23,1.05,18.98,74.44,0.18,19.86,82.44,0.7,17.05,77.78,-0.54,18.6,66.28,1.38,18.4,73.61,2.28,21.78,83.55,0.94,19.4,74.58,0.19,21.54,82.72,0.77,19.86,79.18,-0.0153,0.7927,0.015,0.0394,0.7891,0.1013,0.065,0.8505,0.2182,0.0269,0.8074,0.1128,0.0055,0.8462,0.2084,0.0221,0.8156,0.1668,0.013,0.013,0.026,0.006,0.071,0.052,0.013,0.175,0.006,0.0,0.0,0.006,0.0,0.208,0.006,0.0,0.234,0.052,-0.0061,0.316,1.1367,0.0261,0.2853,1.2686,0.046,0.3528,1.445,0.0169,0.3237,1.2977,0.0061,0.3436,1.4389,0.0123,0.2945,1.353,0.0,0.0,0.0025,-0.0,0.0,0.0,-0.0,-0.0,-0.0014,-0.0,0.0,0.0,-0.0,0.0,-0.0017,-0.0,0.0,0.0035,0.6753,0.0787,0.0071,-0.0037,-0.0061,-0.0153,0.7928,0.015,0.0395,0.7891,0.1013,0.065,0.8506,0.2182,0.0269,0.8074,0.1128,0.0055,0.8462,0.2084,0.0221,0.8156,0.1668,0.0,0.0,2.22,0.0,0.0,0.0,0.0,0.0,0.0,
11.2,run,8.16,4.44,-0.03,0.31,-0.48,111.0,0.0,0.0,1.183,-0.26,18.02,65.3,1.58,16.88,72.77,2.81,20.3,83.23,1.05,18.98,74.44,0.18,19.86,82.44,0.7,17.05,77.78,-0.54,18.6,66.28,1.38,18.4,73.61,2.27,21.78,83.55,0.94,19.41,74.58,0.19,21.54,82.71,0.77,19.86,79.18,-0.0153,0.7928,0.015,0.0395,0.7891,0.1013,0.065,0.8506,0.2182,0.0269,0.8074,0.1127,0.0055,0.8462,0.2084,0.0221,0.8156,0.1668,0.013,0.013,0.026,0.006,0.071,0.052,0.013,0.175,0.006,0.0,0.0,0.006,0.0,0.208,0.006,0.0,0.234,0.052,-0.0061,0.316,1.1367,0.0261,0.2853,1.2686,0.046,0.3528,1.445,0.0169,0.3237,1.2977,0.0061,0.3436,1.4389,0.0123,0.2945,1.353,0.0,0.0,0.0017,-0.0,0.0,0.0,-0.0,-0.0,-0.001,-0.0,0.0,0.0,-0.0,0.0,-0.0012,-0.0,0.0,0.0025,0.6743,0.0789,-0.0007,0.0014,-0.0107,-0.0153,0.7927,0.015,0.0394,0.7891,0.1013,0.065,0.8505,0.2182,0.0269,0.8074,0.1128,0.0055,0.8462,0.2084,0.0221,0.8156,0.1668,0.0,0.0,2.22,0.0,0.0,0.0,0.0,0.0,0.0,
11.24,run,8.18,4.43,0.44,0.01,-0.37,111.0,0.0,0.0,1.183,-0.26,18.02,65.3,1.58,16.88,72.77,2.81,20.3,83.23,1.05,18.98,74.44,0.18,19.86,82.44,0.7,17.05,77.78,-0.54,18.6,66.28,1.38,18.4,73.61,2.27,21.78,83.55,0.94,19.41,74.59,0.19,21.54,82.71,0.77,19.86,79.18,-0.0153,0.7928,0.015,0.0395,0.7891,0.1013,0.065,0.8506,0.2182,0.0269,0.8074,0.1128,0.0055,0.8463,0.2084,0.0221,0.8156,0.1668,0.013,0.013,0.026,0.006,0.071,0.052,0.013,0.175,0.006,0.0,0.0,0.006,0.0,0.208,0.006,0.0,0.234,0.052,-0.0061,0.316,1.1367,0.0261,0.2853,1.2686,0.046,0.3528,1.445,0.0169,0.3237,1.2977,0.0061,0.3436,1.4389,0.0123,0.2945,1.353,0.0,0.0,0.0012,-0.0,0.0,0.0,-0.0,-0.0,-0.0007,-0.0,0.0,0.0,-0.0,0.0,-0.0008,-0.0,0.0,0.0017,0.6739,0.0796,-0.0005,0.0054,-0.0083,-0.0153,0.7928,0.015,0.0395,0.7891,0.1013,0.065,0.8506,0.2182,0.0269,0.8074,0.1127,0.0055,0.8462,0.2084,0.0221,0.8156,0.1668,0.0,0.0,2.22,0.0,0.0,0.0,0.0,0.0,0.0,
11.28,run,8.18,4.43,0.34,-0.18,-0.57,111.0,0.0,0.0,1.183,-0.26,18.02,65.3,1.58,16.88,72.77,2.81,20.3,83.23,1.05,18.98,74.44,0.18,19.86,82.44,0.7,17.05,77.78,-0.54,18.6,66.28,1.38,18.4,73.62,2.27,21.78,83.55,0.94,19.41,74.59,0.19,21.54,82.72,0.77,19.86,79.18,-0.0153,0.7927,0.0151,0.0394,0.7891,0.1014,0.065,0.8505,0.2182,0.0269,0.8074,0.1128,0.0055,0.8462,0.2084,0.0221,0.8156,0.1668,0.013,0.013,0.019,0.006,0.071,0.052,0.013,0.175,0.006,0.0,0.006,0.006,0.0,0.143,0.013,0.0,0.195,0.052,-0.0061,0.316,1.1367,0.0261,0.2853,1.2686,0.046,0.3528,1.445,0.0169,0.3237,1.2977,0.0061,0.3436,1.4389,0.0123,0.2945,1.353,0.0,0.0,0.0009,-0.0,0.0,0.0,-0.0,-0.0,-0.0005,-0.0,0.0,0.0,-0.0,0.0,-0.0006,-0.0,0.0,0.0012,0.6753,0.0794,0.0076,0.0002,-0.0065,-0.0153,0.7928,0.015,0.0395,0.7891,0.1013,0.065,0.8506,0.2182,0.0269,0.8074,0.1128,0.0055,0.8463,0.2084,0.0221,0.8156,0.1668,0.0,0.0,2.22,0.0,0.0,0.0,0.0,0.0,0.0,
11.32,run,8.17,4.43,-0.07,0.02,-0.5,111.0,0.0,0.0,1.183,-0.26,18.02,65.3,1.58,16.88,72.77,2.81,20.3,83.23,1.05,18.98,74.44,0.18,19.86,82.44,0.7,17.05,77.78,-0.54,18.6,66.28,1.38,18.4,73.61,2.27,21.78,83.55,0.94,19.4,74.59,0.19,21.54,82.71,0.77,19.86,79.18,-0.0153,0.7927,0.015,0.0394,0.7891,0.1013,0.065,0.8505,0.2182,0.0269,0.8074,0.1128,0.0055,0.8462,0.2084,0.0221,0.8156,0.1668,0.013,0.013,0.019,0.006,0.071,0.052,0.013,0.175,0.006,0.0,0.006,0.006,0.0,0.143,0.013,0.0,0.195,0.052,-0.0061,0.316,1.1367,0.0261,0.2853,1.2686,0.046,0.3528,1.445,0.0169,0.3237,1.2977,0.0061,0.3436,1.4389,0.0123,0.2945,1.353,0.0,0.0,0.0006,-0.0,0.0,0.0,-0.0,-0.0,-0.0003,-0.0,0.0,0.0,-0.0,0.0,-0.0004,-0.0,0.0,0.0008,0.6753,0.0786,0.006,-0.0031,-0.0099,-0.0153,0.7927,0.0151,0.0394,0.7891,0.1014,0.065,0.8505,0.2182,0.0269,0.8074,0.1128,0.0055,0.8462,0.2084,0.0221,0.8156,0.1668,0.0,0.0,2.22,0.0,0.0,0.0,0.0,0.0,0.0,
11.36,run,8.18,4.43,0.23,0.1,-0.6,111.0,0.0,0.0,1.183,-0.26,18.02,65.3,1.58,16.88,72.77,2.81,20.3,83.23,1.05,18.98,74.44,0.18,19.86,82.44,0.7,17.05,77.78,-0.54,18.6,66.28,1.38,18.4,73.61,2.27,21.78,83.55,0.94,19.41,74.58,0.19,21.54,82.71,0.77,19.86,79.18,-0.0153,0.7927,0.015,0.0394,0.7891,0.1013,0.065,0.8505,0.2182,0.0269,0.8074,0.1127,0.0055,0.8462,0.2084,0.0221,0.8156,0.1668,0.013,0.013,0.019,0.006,0.071,0.052,0.013,0.175,0.006,0.0,0.006,0.006,0.0,0.143,0.013,0.0,0.195,0.052,-0.0061,0.316,1.1367,0.0261,0.2853,1.2686,0.046,0.3528,1.445,0.0169,0.3237,1.2977,0.0061,0.3436,1.4389,0.0123,0.2945,1.353,0.0,0.0,0.0004,-0.0,0.0,0.0,-0.0,-0.0,-0.0002,-0.0,0.0,0.0,-0.0,0.0,-0.0003,-0.0,0.0,0.0006,0.6746,0.079,-0.0012,0.0003,-0.0087,-0.0153,0.7927,0.015,0.0394,0.7891,0.1013,0.065,0.8505,0.2182,0.0269,0.8074,0.1128,0.0055,0.8462,0.2084,0.0221,0.8156,0.1668,0.0,0.0,2.22,0.0,0.0,0.0,0.0,0.0,0.0,
11.4,run,8.19,4.43,0.41,0.03,-0.45,111.0,0.0,0.0,1.183,-0.26,18.02,65.3,1.58,16.88,72.77,2.81,20.3,83.23,1.05,18.98,74.44,0.18,19.86,82.44,0.7,17.05,77.78,-0.54,18.6,66.28,1.38,18.4,73.61,2.27,21.78,83.55,0.94,19.4,74.59,0.19,21.54,82.71,0.77,19.86,79.18,-0.0153,0.7928,0.015,0.0394,0.7891,0.1013,0.065,0.8505,0.2182,0.0269,0.8074,0.1128,0.0055,0.8462,0.2084,0.0221,0.8156,0.1668,0.013,0.013,0.026,0.0,0.058,0.052,0.013,0.169,0.006,0.0,0.006,0.006,0.0,0.163,0.013,0.0,0.195,0.052,-0.0061,0.316,1.1367,0.0261,0.2853,1.2686,0.046,0.3528,1.445,0.0169,0.3237,1.2977,0.0061,0.3436,1.4389,0.0123,0.2945,1.353,0.0,0.0,0.0003,-0.0,0.0,0.0,-0.0,-0.0,-0.0002,-0.0,0.0,0.0,-0.0,0.0,-0.0002,-0.0,0.0,0.0004,0.6755,0.0789,0.004,0.0017,-0.0105,-0.0153,0.7927,0.015,0.0394,0.7891,0.1013,0.065,0.8505,0.2182,0.0269,0.8074,0.1127,0.0055,0.8462,0.2084,0.0221,0.8156,0.1668,0.0,0.0,2.22,0.0,0.0,0.0,0.0,0.0,0.0,
11.44,run,8.18,4.43,0.09,-0.03,-0.52,111.0,0.0,0.0,1.183,-0.26,18.02,65.3,1.58,16.88,72.77,2.81,20.3,83.23,1.05,18.98,74.44,0.18,19.86,82.44,0.7,17.05,77.78,-0.53,18.6,66.28,1.38,18.4,73.61,2.28,21.78,83.55,0.94,19.4,74.59,0.19,21.54,82.72,0.77,19.86,79.18,-0.0153,0.7927,0.015,0.0394,0.7891,0.1014,0.065,0.8505,0.2182,0.0269,0.8074,0.1128,0.0055,0.8462,0.2084,0.0221,0.8156,0.1668,0.013,0.013,0.026,0.0,0.058,0.052,0.013,0.169,0.006,0.0,0.006,0.006,0.0,0.163,0.013,0.0,0.195,0.052,-0.0061,0.316,1.1367,0.0261,0.2853,1.2686,0.046,0.3528,1.445,0.0169,0.3237,1.2977,0.0061,0.3436,1.4389,0.0123,0.2945,1.353,0.0,0.0,0.0002,-0.0,0.0,0.0,-0.0,-0.0,-0.0001,-0.0,0.0,0.0,-0.0,0.0,-0.0001,-0.0,0.0,0.0003,0.6761,0.0789,0.0072,0.0005,-0.0078,-0.0153,0.7928,0.015,0.0394,0.7891,0.1013,0.065,0.8505,0.2182,0.0269,0.8074,0.1128,0.0055,0.8462,0.2084,0.0221,0.8156,0.1668,0.0,0.0,2.22,0.0,0.0,0.0,0.0,0.0,0.0,
11.48,run,8.17,4.43,-0.01,0.07,-0.52,111.0,0.0,0.0,1.183,-0.26,18.02,65.3,1.58,16.88,72.77,2.81,20.3,83.23,1.05,18.98,74.44,0.18,19.86,82.44,0.7,17.05,77.78,-0.54,18.6,66.28,1.38,18.4,73.61,2.27,21.78,83.55,0.94,19.4,74.58,0.19,21.54,82.71,0.77,19.86,79.18,-0.0153,0.7927,0.015,0.0394,0.7891,0.1013,0.065,0.8505,0.2182,0.0269,0.8074,0.1127,0.0055,0.8462,0.2084,0.0221,0.8156,0.1668,0.013,0.013,0.026,0.0,0.058,0.052,0.013,0.169,0.006,0.0,0.006,0.006,0.0,0.163,0.013,0.0,0.195,0.052,-0.0061,0.316,1.1367,0.0261,0.2853,1.2686,0.046,0.3528,1.445,0.0169,0.3237,1.2977,0.0061,0.3436,1.4389,0.0123,0.2945,1.353,0.0,0.0,0.0001,-0.0,0.0,0.0,-0.0,-0.0,-0.0001,-0.0,0.0,0.0,-0.0,0.0,-0.0001,-0.0,0.0,0.0002,0.6753,0.0786,0.0016,-0.0005,-0.0091,-0.0153,0.7927,0.015,0.0394,0.7891,0.1014,0.065,0.8505,0.2182,0.0269,0.8074,0.1128,0.0055,0.8462,0.2084,0.0221,0.8156,0.1668,0.0,0.0,2.22,0.0,0.0,0.0,0.0,0.0,0.0,
11.52,run,8.18,4.43,0.23,0.06,-0.42,111.0,0.0,0.0,1.183,-0.26,18.02,65.3,1.58,16.88,72.77,2.81,20.3,83.23,1.05,18.98,74.44,0.18,19.86,82.44,0.7,17.05,77.78,-0.54,18.6,66.28,1.38,18.4,73.61,2.27,21.78,83.55,0.94,19.4,74.58,0.19,21.54,82.71,0.77,19.86,79.18,-0.0153,0.7927,0.015,0.0394,0.7891,0.1013,0.065,0.8505,0.2182,0.0269,0.8074,0.1127,0.0055,0.8462,0.2084,0.0221,0.8156,0.1668,0.013,0.013,0.026,0.0,0.071,0.045,0.006,0.163,0.006,0.0,0.006,0.006,0.0,0.182,0.013,0.0,0.189,0.052,-0.0061,0.316,1.1367,0.0261,0.2853,1.2686,0.046,0.3528,1.445,0.0169,0.3237,1.2977,0.0061,0.3436,1.4389,0.0123,0.2945,1.353,0.0,0.0,0.0001,-0.0,0.0,0.0,-0.0,-0.0,-0.0001,-0.0,0.0,0.0,-0.0,0.0,-0.0001,-0.0,0.0,0.0001,0.675,0.0789,-0.0003,0.0013,-0.0091,-0.0153,0.7927,0.015,0.0394,0.7891,0.1013,0.065,0.8505,0.2182,0.0269,0.8074,0.1127,0.0055,0.8462,0.2084,0.0221,0.8156,0.1668,0.0,0.0,2.22,0.0,0.0,0.0,0.0,0.0,0.0,
11.56,run,8.18,4.43,0.37,0.01,-0.5,111.0,0.0,0.0,1.183,-0.26,18.02,65.3,1.58,16.88,72.77,2.81,20.3,83.23,1.05,18.98,74.44,0.18,19.86,82.44,0.7,17.05,77.78,-0.53,18.6,66.28,1.38,18.4,73.61,2.27,21.78,83.55,0.94,19.4,74.59,0.19,21.54,82.71,0.77,19.86,79.18,-0.0153,0.7927,0.015,0.0394,0.7891,0.1013,0.065,0.8505,0.2182,0.0269,0.8074,0.1128,0.0055,0.8462,0.2084,0.0221,0.8156,0.1668,0.013,0.013,0.026,0.0,0.071,0.045,0.006,0.163,0.006,0.0,0.006,0.006,0.0,0.182,0.013,0.0,0.189,0.052,-0.0061,0.316,1.1367,0.0261,0.2853,1.2686,0.046,0.3528,1.445,0.0169,0.3237,1.2977,0.0061,0.3436,1.4389,0.0123,0.2945,1.353,0.0,0.0,0.0001,-0.0,0.0,0.0,-0.0,-0.0,-0.0,-0.0,0.0,0.0,-0.0,0.0,-0.0,-0.0,0.0,0.0001,0.6754,0.0788,0.004,0.001,-0.0073,-0.0153,0.7927,0.015,0.0394,0.7891,0.1013,0.065,0.8505,0.2182,0.0269,0.8074,0.1127,0.0055,0.8462,0.2084,0.0221,0.8156,0.1668,0.0,0.0,2.22,0.0,0.0,0.0,0.0,0.0,0.0,
11.6,run,8.17,4.42,0.08,-0.01,-0.49,111.0,0.0,0.0,1.183,-0.26,18.02,65.3,1.58,16.88,72.77,2.81,20.3,83.23,1.05,18.98,74.44,0.18,19.86,82.44,0.7,17.05,77.78,-0.54,18.6,66.28,1.38,18.4,73.62,2.27,21.78,83.55,0.94,19.4,74.59,0.19,21.54,82.71,0.77,19.86,79.18,-0.0153,0.7927,0.0151,0.0394,0.7891,0.1014,0.065,0.8505,0.2182,0.0269,0.8074,0.1128,0.0055,0.8462,0.2084,0.0221,0.8156,0.1668,0.013,0.013,0.026,0.0,0.071,0.045,0.006,0.163,0.006,0.0,0.006,0.006,0.0,0.182,0.013,0.0,0.189,0.052,-0.0061,0.316,1.1367,0.0261,0.2853,1.2686,0.046,0.3528,1.445,0.0169,0.3237,1.2977,0.0061,0.3436,1.4389,0.0123,0.2945,1.353,0.0,0.0,0.0,-0.0,0.0,0.0,-0.0,-0.0,-0.0,-0.0,0.0,0.0,-0.0,0.0,-0.0,-0.0,0.0,0.0001,0.6752,0.0787,0.0065,0.0002,-0.0087,-0.0153,0.7927,0.015,0.0394,0.7891,0.1013,0.065,0.8505,0.2182,0.0269,0.8074,0.1128,0.0055,0.8462,0.2084,0.0221,0.8156,0.1668,0.0,0.0,2.22,0.0,0.0,0.0,0.0,0.0,0.0,
11.64,run,8.17,4.42,0.04,0.03,-0.58,111.0,0.0,0.0,1.183,-0.26,18.02,65.3,1.58,16.88,72.77,2.81,20.3,83.23,1.05,18.98,74.44,0.18,19.86,82.44,0.7,17.05,77.78,-0.54,18.6,66.28,1.38,18.4,73.61,2.27,21.78,83.55,0.94,19.4,74.59,0.19,21.54,82.71,0.77,19.86,79.18,-0.0153,0.7927,0.015,0.0394,0.7891,0.1013,0.0649,0.8505,0.2182,0.0269,0.8074,0.1128,0.0055,0.8462,0.2084,0.0221,0.8156,0.1668,0.006,0.013,0.026,0.006,0.052,0.052,0.013,0.169,0.006,0.0,0.006,0.006,0.0,0.156,0.013,0.0,0.221,0.071,-0.0061,0.316,1.1367,0.0261,0.2853,1.2686,0.046,0.3528,1.445,0.0169,0.3237,1.2977,0.0061,0.3436,1.4389,0.0123,0.2945,1.353,0.0,0.0,0.0,-0.0,0.0,0.0,-0.0,-0.0,-0.0,-0.0,0.0,0.0,-0.0,0.0,-0.0,-0.0,0.0,0.0,0.6744,0.0784,0.0013,-0.0002,-0.0085,-0.0153,0.7927,0.0151,0.0394,0.7891,0.1014,0.065,0.8505,0.2182,0.0269,0.8074,0.1128,0.0055,0.8462,0.2084,0.0221,0.8156,0.1668,0.0,0.0,2.22,0.0,0.0,0.0,0.0,0.0,0.0,
11.68,run,8.17,4.42,0.31,0.01,-0.48,111.0,0.0,0.0,1.183,-0.26,18.02,65.3,1.58,16.88,72.77,2.81,20.3,83.23,1.05,18.98,74.44,0.18,19.86,82.44,0.7,17.05,77.78,-0.54,18.6,66.28,1.38,18.4,73.61,2.27,21.78,83.55,0.94,19.4,74.58,0.19,21.54,82.71,0.77,19.86,79.18,-0.0153,0.7927,0.015,0.0394,0.7891,0.1013,0.0649,0.8505,0.2182,0.0269,0.8074,0.1128,0.0055,0.8462,0.2084,0.0221,0.8156,0.1668,0.006,0.013,0.026,0.006,0.052,0.052,0.013,0.169,0.006,0.0,0.006,0.006,0.0,0.156,0.013,0.0,0.221,0.071,-0.0061,0.316,1.1367,0.0261,0.2853,1.2686,0.046,0.3528,1.445,0.0169,0.3237,1.2977,0.0061,0.3436,1.4389,0.0123,0.2945,1.353,0.0,0.0,0.0,-0.0,0.0,0.0,-0.0,-0.0,-0.0,-0.0,0.0,0.0,-0.0,0.0,-0.0,-0.0,0.0,0.0,0.6745,0.0784,0.0007,0.0006,-0.0101,-0.0153,0.7927,0.015,0.0394,0.7891,0.1013,0.0649,0.8505,0.2182,0.0269,0.8074,0.1128,0.0055,0.8462,0.2084,0.0221,0.8156,0.1668,0.0,0.0,2.22,0.0,0.0,0.0,0.0,0.0,0.0,
11.72,run,8.17,4.42,0.29,0.04,-0.49,111.0,0.0,0.0,1.183,-0.26,18.02,65.3,1.58,16.88,72.77,2.81,20.3,83.23,1.05,18.98,74.44,0.18,19.86,82.44,0.7,17.05,77.78,-0.53,18.6,66.28,1.38,18.4,73.62,2.27,21.78,83.55,0.94,19.4,74.59,0.19,21.54,82.71,0.77,19.86,79.18,-0.0153,0.7927,0.0151,0.0394,0.7891,0.1014,0.065,0.8505,0.2182,0.0269,0.8074,0.1128,0.0055,0.8462,0.2084,0.0221,0.8156,0.1668,0.006,0.013,0.026,0.006,0.052,0.052,0.013,0.169,0.006,0.0,0.006,0.006,0.0,0.156,0.013,0.0,0.221,0.071,-0.0061,0.316,1.1367,0.0261,0.2853,1.2686,0.046,0.3528,1.445,0.0169,0.3237,1.2977,0.0061,0.3436,1.4389,0.0123,0.2945,1.353,0.0,0.0,0.0,-0.0,0.0,0.0,-0.0,-0.0,-0.0,-0.0,0.0,0.0,-0.0,0.0,-0.0,-0.0,0.0,0.0,0.6749,0.0782,0.0055,0.0002,-0.0083,-0.0153,0.7927,0.015,0.0394,0.7891,0.1013,0.0649,0.8505,0.2182,0.0269,0.8074,0.1128,0.0055,0.8462,0.2084,0.0221,0.8156,0.1668,0.0,0.0,2.22,0.0,0.0,0.0,0.0,0.0,0.0,
11.76,run,8.17,4.42,0.05,0.07,-0.57,111.0,0.0,0.0,1.183,-0.26,18.02,65.3,1.58,16.88,72.77,2.81,20.3,83.23,1.05,18.98,74.44,0.18,19.86,82.44,0.7,17.05,77.78,-0.53,18.6,66.28,1.38,18.4,73.61,2.27,21.78,83.55,0.94,19.4,74.59,0.19,21.54,82.71,0.77,19.86,79.18,-0.0153,0.7927,0.0151,0.0394,0.7891,0.1014,0.065,0.8505,0.2182,0.0269,0.8074,0.1128,0.0055,0.8462,0.2084,0.0221,0.8156,0.1668,0.013,0.013,0.026,0.0,0.052,0.052,0.013,0.123,0.006,0.0,0.006,0.006,0.0,0.163,0.013,0.0,0.234,0.052,-0.0061,0.316,1.1367,0.0261,0.2853,1.2686,0.046,0.3528,1.445,0.0169,0.3237,1.2977,0.0061,0.3436,1.4389,0.0123,0.2945,1.353,0.0,0.0,0.0,-0.0,0.0,0.0,-0.0,-0.0,-0.0,-0.0,0.0,0.0,-0.0,0.0,-0.0,-0.0,0.0,0.0,0.6749,0.0782,0.0051,0.0007,-0.0085,-0.0153,0.7927,0.0151,0.0394,0.7891,0.1014,0.065,0.8505,0.2182,0.0269,0.8074,0.1128,0.0055,0.8462,0.2084,0.0221,0.8156,0.1668,0.0,0.0,2.22,0.0,0.0,0.0,0.0,0.0,0.0,
11.8,run,8.17,4.42,0.13,-0.02,-0.47,111.0,0.0,0.0,1.183,-0.26,18.02,65.3,1.58,16.88,72.77,2.81,20.3,83.23,1.05,18.98,74.44,0.18,19.86,82.44,0.7,17.05,77.78,-0.54,18.6,66.28,1.38,18.4,73.61,2.27,21.78,83.55,0.94,19.4,74.58,0.19,21.54,82.71,0.77,19.86,79.18,-0.0153,0.7927,0.015,0.0394,0.7891,0.1013,0.065,0.8505,0.2182,0.0269,0.8074,0.1128,0.0055,0.8462,0.2084,0.0221,0.8156,0.1668,0.013,0.013,0.026,0.0,0.052,0.052,0.013,0.123,0.006,0.0,0.006,0.006,0.0,0.163,0.013,0.0,0.234,0.052,-0.0061,0.316,1.1367,0.0261,0.2853,1.2686,0.046,0.3528,1.445,0.0169,0.3237,1.2977,0.0061,0.3436,1.4389,0.0123,0.2945,1.353,0.0,0.0,0.0,-0.0,0.0,0.0,-0.0,-0.0,-0.0,-0.0,0.0,0.0,-0.0,0.0,-0.0,-0.0,0.0,0.0,0.6745,0.0783,0.0009,0.0013,-0.0099,-0.0153,0.7927,0.0151,0.0394,0.7891,0.1014,0.065,0.8505,0.2182,0.0269,0.8074,0.1128,0.0055,0.8462,0.2084,0.0221,0.8156,0.1668,0.0,0.0,2.22,0.0,0.0,0.0,0.0,0.0,0.0,
11.84,run,8.18,4.42,0.24,0.0,-0.55,111.0,0.0,0.0,1.183,-0.26,18.02,65.3,1.58,16.88,72.77,2.81,20.3,83.23,1.05,18.98,74.44,0.18,19.86,82.44,0.7,17.05,77.78,-0.53,18.6,66.28,1.38,18.4,73.61,2.27,21.78,83.55,0.94,19.4,74.58,0.19,21.54,82.71,0.77,19.86,79.18,-0.0153,0.7927,0.015,0.0394,0.7891,0.1013,0.065,0.8505,0.2182,0.0269,0.8074,0.1128,0.0055,0.8462,0.2084,0.0221,0.8156,0.1668,0.013,0.013,0.026,0.0,0.052,0.052,0.013,0.123,0.006,0.0,0.006,0.006,0.0,0.163,0.013,0.0,0.234,0.052,-0.0061,0.316,1.1367,0.0261,0.2853,1.2686,0.046,0.3528,1.445,0.0169,0.3237,1.2977,0.0061,0.3436,1.4389,0.0123,0.2945,1.353,0.0,0.0,0.0,-0.0,0.0,0.0,-0.0,-0.0,-0.0,-0.0,0.0,0.0,-0.0,0.0,-0.0,-0.0,0.0,0.0,0.6749,0.0782,0.0023,-0.0003,-0.0082,-0.0153,0.7927,0.015,0.0394,0.7891,0.1013,0.065,0.8505,0.2182,0.0269,0.8074,0.1128,0.0055,0.8462,0.2084,0.0221,0.8156,0.1668,0.0,0.0,2.22,0.0,0.0,0.0,0.0,0.0,0.0,
11.88,run,8.17,4.42,0.18,0.0,-0.48,111.0,0.0,0.0,1.183,-0.26,18.02,65.3,1.58,16.88,72.77,2.81,20.3,83.23,1.05,18.98,74.44,0.18,19.86,82.44,0.7,17.05,77.78,-0.53,18.6,66.28,1.38,18.4,73.61,2.27,21.78,83.55,0.94,19.4,74.59,0.19,21.54,82.71,0.77,19.86,79.18,-0.0153,0.7927,0.015,0.0394,0.7891,0.1013,0.065,0.8505,0.2182,0.0269,0.8073,0.1128,0.0055,0.8462,0.2084,0.0221,0.8156,0.1668,0.006,0.013,0.026,0.006,0.052,0.052,0.013,0.175,0.006,0.0,0.006,0.006,0.006,0.175,0.013,0.0,0.189,0.052,-0.0061,0.316,1.1367,0.0261,0.2853,1.2686,0.046,0.3528,1.445,0.0169,0.3237,1.2977,0.0061,0.3436,1.4389,0.0123,0.2945,1.353,0.0,0.0,0.0,-0.0,0.0,0.0,-0.0,-0.0,-0.0,-0.0,0.0,0.0,-0.0,0.0,-0.0,-0.0,0.0,0.0,0.6752,0.078,0.0043,0.0001,-0.0097,-0.0153,0.7927,0.015,0.0394,0.7891,0.1013,0.065,0.8505,0.2182,0.0269,0.8074,0.1128,0.0055,0.8462,0.2084,0.0221,0.8156,0.1668,0.0,0.0,2.22,0.0,0.0,0.0,0.0,0.0,0.0,
11.92,run,8.17,4.41,0.04,-0.05,-0.49,111.0,0.0,0.0,1.183,-0.26,18.02,65.3,1.58,16.88,72.77,2.81,20.3,83.23,1.05,18.98,74.44,0.18,19.86,82.44,0.7,17.05,77.78,-0.53,18.6,66.28,1.38,18.4,73.61,2.27,21.78,83.55,0.94,19.4,74.59,0.19,21.54,82.71,0.77,19.86,79.18,-0.0153,0.7927,0.015,0.0394,0.7891,0.1013,0.065,0.8505,0.2182,0.0269,0.8073,0.1128,0.0055,0.8462,0.2084,0.0221,0.8156,0.1668,0.006,0.013,0.026,0.006,0.052,0.052,0.013,0.175,0.006,0.0,0.006,0.006,0.006,0.175,0.013,0.0,0.189,0.052,-0.0061,0.316,1.1367,0.0261,0.2853,1.2686,0.046,0.3528,1.445,0.0169,0.3237,1.2977,0.0061,0.3436,1.4389,0.0123,0.2945,1.353,0.0,0.0,0.0,-0.0,0.0,0.0,-0.0,-0.0,-0.0,-0.0,0.0,0.0,-0.0,0.0,-0.0,-0.0,0.0,0.0,0.675,0.078,0.0032,0.0001,-0.0083,-0.0153,0.7927,0.015,0.0394,0.7891,0.1013,0.065,0.8505,0.2182,0.0269,0.8073,0.1128,0.0055,0.8462,0.2084,0.0221,0.8156,0.1668,0.0,0.0,2.22,0.0,0.0,0.0,0.0,0.0,0.0,
11.96,run,8.18,4.41,0.3,-0.09,-0.48,111.0,0.0,0.0,1.183,-0.26,18.02,65.3,1.58,16.88,72.77,2.81,20.3,83.23,1.05,18.98,74.44,0.18,19.95,82.44,0.7,17.05,77.78,-0.53,18.6,66.28,1.38,18.4,73.61,2.27,21.78,83.55,0.94,19.4,74.58,0.19,21.54,82.71,0.77,19.86,79.18,-0.0153,0.7927,0.015,0.0395,0.7891,0.1013,0.065,0.8505,0.2182,0.0269,0.8073,0.1127,0.0055,0.8462,0.2084,0.0221,0.8156,0.1668,0.006,0.013,0.026,0.006,0.052,0.052,0.013,0.175,0.006,0.0,0.006,0.006,0.006,0.175,0.013,0.0,0.189,0.052,-0.0061,0.316,1.1367,0.0261,0.2853,1.2686,0.046,0.3528,1.445,0.0169,0.3237,1.2977,0.0061,0.3436,1.4389,0.0123,0.2945,1.353,0.0,0.0,0.0,-0.0,0.0,0.0,-0.0,-0.0,-0.0,-0.0,0.0,0.0,-0.0,0.0,-0.0,-0.0,0.0,0.0,0.6747,0.0774,0.0007,-0.0009,-0.0085,-0.0153,0.7927,0.015,0.0394,0.7891,0.1013,0.065,0.8505,0.2182,0.0269,0.8073,0.1128,0.0055,0.8462,0.2084,0.0221,0.8156,0.1668,0.0,0.0,2.22,0.0,0.0,0.0,0.0,0.0,0.0,
12.0,run,8.18,4.41,0.3,0.01,-0.52,111.0,0.0,0.0,1.183,-0.26,18.02,65.3,1.58,16.88,72.77,2.81,20.3,83.23,1.05,18.98,74.44,0.18,19.95,82.44,0.7,17.05,77.78,-0.53,18.6,66.28,1.38,18.4,73.62,2.28,21.78,83.55,0.94,19.4,74.59,0.19,21.54,82.72,0.77,19.86,79.18,-0.0153,0.7928,0.015,0.0394,0.7891,0.1014,0.065,0.8505,0.2182,0.0269,0.8074,0.1128,0.0055,0.8462,0.2084,0.0221,0.8156,0.1668,0.013,0.019,0.026,0.006,0.052,0.052,0.013,0.13,0.006,0.0,0.006,0.006,0.0,0.13,0.006,0.0,0.24,0.052,-0.0061,0.316,1.1367,0.0261,0.2853,1.2686,0.046,0.3528,1.445,0.0169,0.3237,1.2977,0.0061,0.3451,1.4389,0.0123,0.2945,1.353,0.0,0.0,0.0,-0.0,0.0,0.0,-0.0,-0.0,-0.0,-0.0,0.0,0.0,-0.0,0.0057,-0.0,-0.0,0.0,0.0,0.6754,0.0768,0.0052,-0.0015,-0.0083,-0.0153,0.7927,0.015,0.0395,0.7891,0.1013,0.065,0.8505,0.2182,0.0269,0.8073,0.1127,0.0055,0.8462,0.2084,0.0221,0.8156,0.1668,0.0,0.0,2.22,0.0,0.0,0.0,0.0,0.0,0.0,
12.04,run,8.17,4.41,0.09,0.07,-0.5,111.0,0.0,0.0,1.183,-0.26,18.02,65.3,1.58,16.88,72.77,2.81,20.3,83.23,1.05,18.98,74.44,0.18,19.95,82.44,0.7,17.05,77.78,-0.53,18.6,66.28,1.38,18.4,73.62,2.28,21.78,83.55,0.94,19.4,74.59,0.19,21.54,82.72,0.77,19.86,79.18,-0.0153,0.7928,0.015,0.0394,0.7891,0.1014,0.065,0.8505,0.2182,0.0269,0.8074,0.1128,0.0056,0.8462,0.2084,0.0221,0.8156,0.1668,0.013,0.019,0.026,0.006,0.052,0.052,0.013,0.13,0.006,0.0,0.006,0.006,0.0,0.13,0.006,0.0,0.24,0.052,-0.0061,0.316,1.1367,0.0261,0.2853,1.2686,0.046,0.3528,1.445,0.0169,0.3237,1.2977,0.0061,0.3451,1.4389,0.0123,0.2945,1.353,0.0,0.0,0.0,-0.0,0.0,0.0,-0.0,-0.0,-0.0,-0.0,0.0,0.0,-0.0,0.004,-0.0,-0.0,0.0,0.0,0.6755,0.0769,0.0052,0.0002,-0.009,-0.0153,0.7928,0.015,0.0394,0.7891,0.1014,0.065,0.8505,0.2182,0.0269,0.8074,0.1128,0.0055,0.8462,0.2084,0.0221,0.8156,0.1668,0.0,0.0,2.22,0.0,0.0,0.0,0.0,0.0,0.0,
12.08,run,8.17,4.4,0.15,-0.02,-0.42,111.0,0.0,0.0,1.183,-0.26,18.02,65.3,1.58,16.88,72.77,2.81,20.3,83.23,1.05,18.98,74.44,0.18,19.95,82.44,0.7,17.05,77.78,-0.53,18.6,66.27,1.38,18.4,73.61,2.28,21.78,83.55,0.94,19.4,74.59,0.19,21.54,82.72,0.77,19.86,79.18,-0.0153,0.7928,0.015,0.0395,0.7891,0.1013,0.065,0.8505,0.2182,0.0269,0.8074,0.1128,0.0056,0.8462,0.2084,0.0221,0.8156,0.1668,0.013,0.019,0.026,0.006,0.052,0.052,0.013,0.13,0.006,0.0,0.006,0.006,0.0,0.13,0.006,0.0,0.24,0.052,-0.0061,0.316,1.1367,0.0261,0.2853,1.2686,0.046,0.3528,1.445,0.0169,0.3237,1.2977,0.0061,0.3451,1.4389,0.0123,0.2945,1.353,0.0,0.0,0.0,-0.0,0.0,0.0,-0.0,-0.0,-0.0,-0.0,0.0,0.0,-0.0,0.0028,-0.0,-0.0,0.0,0.0,0.6749,0.0769,0.0016,0.0013,-0.0087,-0.0153,0.7928,0.015,0.0394,0.7891,0.1014,0.065,0.8505,0.2182,0.0269,0.8074,0.1128,0.0056,0.8462,0.2084,0.0221,0.8156,0.1668,0.0,0.0,2.22,0.0,0.0,0.0,0.0,0.0,0.0,
12.12,run,8.18,4.4,0.28,-0.08,-0.53,111.0,0.0,0.0,1.183,-0.26,18.02,65.3,1.58,16.88,72.77,2.81,20.3,83.23,1.05,18.98,74.44,0.18,19.95,82.44,0.7,17.05,77.78,-0.53,18.6,66.27,1.38,18.4,73.61,2.28,21.78,83.55,0.94,19.4,74.59,0.19,21.54,82.72,0.77,19.86,79.18,-0.0153,0.7928,0.015,0.0395,0.7891,0.1013,0.065,0.8505,0.2182,0.0269,0.8074,0.1128,0.0056,0.8462,0.2084,0.0221,0.8156,0.1668,0.013,0.019,0.026,0.006,0.052,0.045,0.013,0.163,0.006,0.0,0.006,0.006,0.0,0.163,0.013,0.0,0.189,0.071,-0.0061,0.316,1.1367,0.0261,0.2853,1.2686,0.046,0.3528,1.445,0.0169,0.3237,1.2977,0.0061,0.3451,1.4389,0.0123,0.2945,1.353,0.0,0.0,0.0,-0.0,0.0,0.0,-0.0,-0.0,-0.0,-0.0,0.0,0.0,-0.0,0.0019,-0.0,-0.0,0.0,0.0,0.6749,0.0765,0.0027,-0.0003,-0.0073,-0.0153,0.7928,0.015,0.0395,0.7891,0.1013,0.065,0.8505,0.2182,0.0269,0.8074,0.1128,0.0056,0.8462,0.2084,0.0221,0.8156,0.1668,0.0,0.0,2.22,0.0,0.0,0.0,0.0,0.0,0.0,
12.16,run,8.17,4.4,0.21,0.03,-0.47,111.0,0.0,0.0,1.183,-0.26,18.02,65.3,1.58,16.88,72.77,2.81,20.3,83.23,1.05,18.98,74.44,0.18,19.95,82.44,0.7,17.05,77.78,-0.53,18.6,66.28,1.38,18.4,73.61,2.28,21.78,83.55,0.94,19.4,74.59,0.19,21.54,82.72,0.77,19.86,79.18,-0.0153,0.7928,0.015,0.0395,0.7891,0.1013,0.065,0.8505,0.2182,0.0269,0.8073,0.1128,0.0056,0.8462,0.2084,0.0221,0.8156,0.1668,0.013,0.019,0.026,0.006,0.052,0.045,0.013,0.163,0.006,0.0,0.006,0.006,0.0,0.163,0.013,0.0,0.189,0.071,-0.0061,0.316,1.1367,0.0261,0.2853,1.2686,0.046,0.3528,1.445,0.0169,0.3237,1.2977,0.0061,0.3451,1.4389,0.0123,0.2945,1.353,0.0,0.0,0.0,-0.0,0.0,0.0,-0.0,-0.0,-0.0,-0.0,0.0,0.0,-0.0,0.0014,-0.0,-0.0,0.0,0.0,0.6752,0.0764,0.0048,-0.0014,-0.0093,-0.0153,0.7928,0.015,0.0395,0.7891,0.1013,0.065,0.8505,0.2182,0.0269,0.8074,0.1128,0.0056,0.8462,0.2084,0.0221,0.8156,0.1668,0.0,0.0,2.22,0.0,0.0,0.0,0.0,0.0,0.0,
12.2,run,8.17,4.4,0.11,0.1,-0.5,111.0,0.0,0.0,1.183,-0.26,18.02,65.3,1.58,16.88,72.77,2.81,20.3,83.23,1.05,18.98,74.44,0.18,19.95,82.44,0.7,17.05,77.78,-0.53,18.6,66.28,1.38,18.4,73.61,2.28,21.78,83.55,0.94,19.4,74.59,0.2,21.54,82.72,0.77,19.86,79.18,-0.0153,0.7928,0.015,0.0395,0.7891,0.1014,0.065,0.8505,0.2182,0.0269,0.8073,0.1128,0.0056,0.8462,0.2084,0.0221,0.8156,0.1668,0.013,0.019,0.026,0.006,0.052,0.045,0.013,0.163,0.006,0.0,0.006,0.006,0.0,0.163,0.013,0.0,0.189,0.071,-0.0061,0.316,1.1367,0.0261,0.2853,1.2686,0.046,0.3528,1.445,0.0169,0.3237,1.2977,0.0061,0.3451,1.4389,0.0123,0.2945,1.353,0.0,0.0,0.0,-0.0,0.0,0.0,-0.0,-0.0,-0.0,-0.0,0.0,0.0,-0.0,0.001,-0.0,-0.0,0.0,0.0,0.6749,0.0764,0.0036,0.0005,-0.0082,-0.0153,0.7928,0.015,0.0395,0.7891,0.1013,0.065,0.8505,0.2182,0.0269,0.8073,0.1128,0.0056,0.8462,0.2084,0.0221,0.8156,0.1668,0.0,0.0,2.22,0.0,0.0,0.0,0.0,0.0,0.0,
12.24,run,8.17,4.39,0.18,-0.07,-0.45,111.0,0.0,0.0,1.183,-0.26,18.02,65.3,1.58,16.88,72.77,2.81,20.3,83.23,1.05,18.98,74.44,0.18,19.95,82.44,0.7,17.05,77.78,-0.53,18.6,66.27,1.38,18.4,73.61,2.28,21.78,83.55,0.94,19.4,74.59,0.2,21.54,82.72,0.77,19.86,79.18,-0.0153,0.7928,0.015,0.0395,0.7891,0.1013,0.065,0.8505,0.2182,0.0269,0.8074,0.1128,0.0056,0.8462,0.2084,0.0221,0.8156,0.1668,0.013,0.013,0.026,0.006,0.058,0.052,0.013,0.136,0.006,0.0,0.006,0.006,0.0,0.189,0.013,0.0,0.189,0.052,-0.0061,0.316,1.1367,0.0261,0.2853,1.2686,0.046,0.3528,1.445,0.0169,0.3237,1.2977,0.0061,0.3451,1.4389,0.0123,0.2945,1.353,0.0,0.0,0.0,-0.0,0.0,0.0,-0.0,-0.0,-0.0,-0.0,0.0,0.0,-0.0,0.0007,-0.0,-0.0,0.0,0.0,0.6748,0.0765,0.0019,0.0017,-0.0087,-0.0153,0.7928,0.015,0.0395,0.7891,0.1014,0.065,0.8505,0.2182,0.0269,0.8073,0.1128,0.0056,0.8462,0.2084,0.0221,0.8156,0.1668,0.0,0.0,2.22,0.0,0.0,0.0,0.0,0.0,0.0,
12.28,run,8.18,4.39,0.22,-0.02,-0.53,111.0,0.0,0.0,1.183,-0.26,18.02,65.3,1.58,16.88,72.77,2.81,20.3,83.23,1.05,18.98,74.44,0.18,19.95,82.44,0.7,17.05,77.78,-0.53,18.6,66.27,1.38,18.4,73.61,2.28,21.78,83.55,0.94,19.4,74.59,0.2,21.54,82.71,0.77,19.86,79.18,-0.0152,0.7928,0.015,0.0395,0.789,0.1013,0.065,0.8505,0.2182,0.0269,0.8073,0.1128,0.0056,0.8462,0.2084,0.0221,0.8156,0.1668,0.013,0.013,0.026,0.006,0.058,0.052,0.013,0.136,0.006,0.0,0.006,0.006,0.0,0.189,0.013,0.0,0.189,0.052,-0.0061,0.316,1.1367,0.0261,0.2853,1.2686,0.046,0.3528,1.445,0.0169,0.3237,1.2977,0.0061,0.3451,1.4389,0.0123,0.2945,1.353,0.0,0.0,0.0,-0.0,0.0,0.0,-0.0,-0.0,-0.0,-0.0,0.0,0.0,-0.0,0.0005,-0.0,-0.0,0.0,0.0,0.6751,0.0757,0.0031,-0.0013,-0.0078,-0.0153,0.7928,0.015,0.0395,0.7891,0.1013,0.065,0.8505,0.2182,0.0269,0.8074,0.1128,0.0056,0.8462,0.2084,0.0221,0.8156,0.1668,0.0,0.0,2.22,0.0,0.0,0.0,0.0,0.0,0.0,
12.32,run,8.17,4.39,0.18,0.02,-0.6,111.0,0.0,0.0,1.183,-0.26,18.02,65.3,1.58,16.88,72.77,2.81,20.3,83.23,1.05,18.98,74.44,0.18,19.95,82.44,0.7,17.05,77.78,-0.53,18.6,66.27,1.38,18.4,73.61,2.28,21.78,83.55,0.94,19.4,74.59,0.2,21.54,82.71,0.77,19.86,79.18,-0.0152,0.7928,0.015,0.0395,0.789,0.1013,0.065,0.8505,0.2182,0.0269,0.8073,0.1128,0.0056,0.8462,0.2084,0.0221,0.8156,0.1668,0.013,0.013,0.026,0.006,0.058,0.052,0.013,0.136,0.006,0.0,0.006,0.006,0.0,0.189,0.013,0.0,0.189,0.052,-0.0061,0.316,1.1367,0.0261,0.2853,1.2686,0.046,0.3528,1.445,0.0169,0.3237,1.2977,0.0061,0.3451,1.4389,0.0123,0.2945,1.353,0.0,0.0,0.0,-0.0,0.0,0.0,-0.0,-0.0,-0.0,-0.0,0.0,0.0,-0.0,0.0003,-0.0,-0.0,0.0,0.0,0.6752,0.0758,0.0039,-0.0003,-0.0093,-0.0152,0.7928,0.015,0.0395,0.789,0.1013,0.065,0.8505,0.2182,0.0269,0.8073,0.1128,0.0056,0.8462,0.2084,0.0221,0.8156,0.1668,0.0,0.0,2.22,0.0,0.0,0.0,0.0,0.0,0.0,
12.36,run,8.17,4.39,0.15,0.12,-0.52,111.0,0.0,0.0,1.183,-0.26,18.02,65.3,1.58,16.88,72.77,2.81,20.3,83.23,1.05,18.98,74.44,0.18,19.95,82.44,0.7,17.05,77.78,-0.53,18.6,66.27,1.38,18.4,73.61,2.28,21.78,83.55,0.94,19.4,74.59,0.2,21.54,82.71,0.77,19.86,79.18,-0.0152,0.7928,0.015,0.0395,0.789,0.1013,0.065,0.8505,0.2182,0.0269,0.8073,0.1128,0.0056,0.8462,0.2084,0.0221,0.8156,0.1668,0.013,0.013,0.026,0.006,0.052,0.065,0.013,0.156,0.0,0.0,0.006,0.006,0.0,0.169,0.013,0.0,0.195,0.052,-0.0061,0.316,1.1367,0.0261,0.2853,1.2686,0.046,0.3528,1.445,0.0169,0.3237,1.2977,0.0061,0.3451,1.4389,0.0123,0.2945,1.353,0.0,0.0,0.0,-0.0,0.0,0.0,-0.0,-0.0,-0.0,-0.0,0.0,0.0,-0.0,0.0002,-0.0,-0.0,0.0,0.0,0.6749,0.0756,0.0032,0.0003,-0.0105,-0.0152,0.7928,0.015,0.0395,0.789,0.1013,0.065,0.8505,0.2182,0.0269,0.8073,0.1128,0.0056,0.8462,0.2084,0.0221,0.8156,0.1668,0.0,0.0,2.22,0.0,0.0,0.0,0.0,0.0,0.0,
12.4,run,8.17,4.39,0.23,-0.0,-0.51,111.0,0.0,0.0,1.183,-0.26,18.02,65.3,1.58,16.88,72.77,2.81,20.3,83.23,1.05,18.98,74.44,0.18,19.95,82.44,0.7,17.05,77.78,-0.53,18.6,66.27,1.38,18.4,73.61,2.28,21.78,83.55,0.94,19.4,74.59,0.2,21.54,82.71,0.77,19.86,79.18,-0.0152,0.7928,0.015,0.0395,0.7891,0.1014,0.065,0.8505,0.2182,0.0269,0.8073,0.1128,0.0056,0.8462,0.2084,0.0221,0.8156,0.1669,0.013,0.013,0.026,0.006,0.052,0.065,0.013,0.156,0.0,0.0,0.006,0.006,0.0,0.169,0.013,0.0,0.195,0.052,-0.0061,0.316,1.1367,0.0261,0.2853,1.2686,0.046,0.3528,1.445,0.0169,0.3237,1.2977,0.0061,0.3451,1.4389,0.0123,0.2945,1.353,0.0,0.0,0.0,-0.0,0.0,0.0,-0.0,-0.0,-0.0,-0.0,0.0,0.0,-0.0,0.0002,-0.0,-0.0,0.0,0.0,0.6746,0.0759,0.0027,0.0021,-0.009,-0.0152,0.7928,0.015,0.0395,0.789,0.1013,0.065,0.8505,0.2182,0.0269,0.8073,0.1128,0.0056,0.8462,0.2084,0.0221,0.8156,0.1668,0.0,0.0,2.22,0.0,0.0,0.0,0.0,0.0,0.0,
12.44,run,8.18,4.39,0.25,-0.06,-0.52,111.0,0.0,0.0,1.183,-0.26,18.02,65.3,1.58,16.88,72.77,2.81,20.3,83.23,1.05,18.98,74.44,0.18,19.95,82.44,0.7,17.05,77.78,-0.53,18.6,66.27,1.38,18.4,73.61,2.28,21.78,83.55,0.94,19.4,74.59,0.2,21.54,82.71,0.77,19.86,79.18,-0.0152,0.7928,0.015,0.0395,0.789,0.1013,0.065,0.8505,0.2182,0.0269,0.8073,0.1128,0.0056,0.8462,0.2084,0.0221,0.8156,0.1668,0.013,0.013,0.026,0.006,0.052,0.065,0.013,0.156,0.0,0.0,0.006,0.006,0.0,0.169,0.013,0.0,0.195,0.052,-0.0061,0.316,1.1367,0.0261,0.2853,1.2686,0.046,0.3528,1.445,0.0169,0.3237,1.2977,0.0061,0.3451,1.4389,0.0123,0.2945,1.353,0.0,0.0,0.0,-0.0,0.0,0.0,-0.0,-0.0,-0.0,-0.0,0.0,0.0,-0.0,0.0001,-0.0,-0.0,0.0,0.0,0.6749,0.0755,0.004,-0.0001,-0.0089,-0.0152,0.7928,0.015,0.0395,0.7891,0.1014,0.065,0.8505,0.2182,0.0269,0.8073,0.1128,0.0056,0.8462,0.2084,0.0221,0.8156,0.1669,0.0,0.0,2.22,0.0,0.0,0.0,0.0,0.0,0.0,
12.48,run,8.17,4.39,0.06,0.06,-0.52,111.0,0.0,0.0,1.183,-0.26,18.02,65.3,1.58,16.88,72.77,2.81,20.3,83.23,1.05,18.98,74.44,0.18,19.95,82.44,0.7,17.05,77.78,-0.53,18.6,66.27,1.38,18.4,73.61,2.28,21.78,83.55,0.94,19.4,74.59,0.2,21.54,82.71,0.77,19.86,79.18,-0.0152,0.7928,0.015,0.0395,0.789,0.1013,0.065,0.8505,0.2182,0.0269,0.8073,0.1128,0.0056,0.8462,0.2084,0.0221,0.8156,0.1668,0.006,0.013,0.026,0.0,0.071,0.065,0.013,0.123,0.006,0.0,0.006,0.006,0.0,0.136,0.013,0.0,0.234,0.052,-0.0061,0.316,1.1367,0.0261,0.2853,1.2686,0.046,0.3528,1.445,0.0169,0.3237,1.2977,0.0061,0.3451,1.4389,0.0123,0.2945,1.353,0.0,0.0,0.0,-0.0,0.0,0.0,-0.0,-0.0,-0.0,-0.0,0.0,0.0,-0.0,0.0001,-0.0,-0.0,0.0,0.0,0.6751,0.0755,0.0044,-0.001,-0.0091,-0.0152,0.7928,0.015,0.0395,0.789,0.1013,0.065,0.8505,0.2182,0.0269,0.8073,0.1128,0.0056,0.8462,0.2084,0.0221,0.8156,0.1668,0.0,0.0,2.22,0.0,0.0,0.0,0.0,0.0,0.0,
12.52,run,8.17,4.39,0.15,0.07,-0.54,111.0,0.0,0.0,1.183,-0.26,18.02,65.3,1.58,16.88,72.77,2.81,20.3,83.23,1.05,18.98,74.44,0.18,19.95,82.44,0.7,17.05,77.78,-0.53,18.6,66.27,1.38,18.4,73.61,2.28,21.78,83.55,0.94,19.4,74.58,0.2,21.54,82.71,0.77,19.86,79.18,-0.0152,0.7928,0.015,0.0395,0.7891,0.1013,0.065,0.8505,0.2182,0.0269,0.8073,0.1128,0.0056,0.8462,0.2084,0.0221,0.8156,0.1668,0.006,0.013,0.026,0.0,0.071,0.065,0.013,0.123,0.006,0.0,0.006,0.006,0.0,0.136,0.013,0.0,0.234,0.052,-0.0061,0.316,1.1367,0.0261,0.2853,1.2686,0.046,0.3528,1.445,0.0169,0.3237,1.2977,0.0061,0.3451,1.4389,0.0123,0.2945,1.353,0.0,0.0,0.0,-0.0,0.0,0.0,-0.0,-0.0,-0.0,-0.0,0.0,0.0,-0.0,0.0001,-0.0,-0.0,0.0,0.0,0.6749,0.0756,0.0011,0.001,-0.009,-0.0152,0.7928,0.015,0.0395,0.789,0.1013,0.065,0.8505,0.2182,0.0269,0.8073,0.1128,0.0056,0.8462,0.2084,0.0221,0.8156,0.1668,0.0,0.0,2.22,0.0,0.0,0.0,0.0,0.0,0.0,
12.56,run,8.17,4.39,0.19,-0.01,-0.51,111.0,0.0,0.0,1.183,-0.26,18.02,65.3,1.58,16.88,72.77,2.81,20.3,83.23,1.05,18.98,74.44,0.18,19.95,82.44,0.7,17.05,77.78,-0.53,18.6,66.27,1.38,18.4,73.61,2.28,21.78,83.55,0.94,19.4,74.59,0.2,21.54,82.71,0.77,19.86,79.18,-0.0152,0.7928,0.015,0.0395,0.7891,0.1013,0.065,0.8505,0.2182,0.0269,0.8073,0.1128,0.0056,0.8462,0.2084,0.0221,0.8156,0.1668,0.006,0.013,0.026,0.0,0.071,0.065,0.013,0.123,0.006,0.0,0.006,0.006,0.0,0.136,0.013,0.0,0.234,0.052,-0.0061,0.316,1.1367,0.0261,0.2853,1.2686,0.046,0.3528,1.445,0.0169,0.3237,1.2977,0.0061,0.3451,1.4389,0.0123,0.2945,1.353,0.0,0.0,0.0,-0.0,0.0,0.0,-0.0,-0.0,-0.0,-0.0,0.0,0.0,-0.0,0.0,-0.0,-0.0,0.0,0.0,0.6748,0.0758,0.0025,0.0011,-0.0094,-0.0152,0.7928,0.015,0.0395,0.7891,0.1013,0.065,0.8505,0.2182,0.0269,0.8073,0.1128,0.0056,0.8462,0.2084,0.0221,0.8156,0.1668,0.0,0.0,2.22,0.0,0.0,0.0,0.0,0.0,0.0,
12.6,run,8.17,4.39,0.14,0.03,-0.53,111.0,0.0,0.0,1.183,-0.26,18.02,65.3,1.58,16.88,72.77,2.81,20.3,83.23,1.05,18.98,74.44,0.18,19.95,82.44,0.7,17.05,77.78,-0.53,18.6,66.27,1.38,18.4,73.61,2.28,21.78,83.55,0.94,19.4,74.59,0.2,21.54,82.71,0.77,19.86,79.18,-0.0152,0.7928,0.015,0.0395,0.789,0.1013,0.065,0.8505,0.2182,0.0269,0.8073,0.1128,0.0056,0.8462,0.2084,0.0221,0.8156,0.1668,0.006,0.013,0.026,0.0,0.065,0.052,0.013,0.149,0.0,0.0,0.006,0.006,0.0,0.163,0.013,0.0,0.221,0.052,-0.0061,0.316,1.1367,0.0261,0.2853,1.2686,0.046,0.3528,1.445,0.0169,0.3237,1.2977,0.0061,0.3451,1.4389,0.0123,0.2945,1.353,0.0,0.0,0.0,-0.0,0.0,0.0,-0.0,-0.0,-0.0,-0.0,0.0,0.0,-0.0,0.0,-0.0,-0.0,0.0,0.0,0.6748,0.0755,0.0033,-0.0002,-0.0089,-0.0152,0.7928,0.015,0.0395,0.7891,0.1013,0.065,0.8505,0.2182,0.0269,0.8073,0.1128,0.0056,0.8462,0.2084,0.0221,0.8156,0.1668,0.0,0.0,2.22,0.0,0.0,0.0,0.0,0.0,0.0,
12.64,run,8.17,4.39,0.08,0.1,-0.57,111.0,0.0,0.0,1.183,-0.26,18.02,65.3,1.58,16.88,72.77,2.81,20.3,83.23,1.05,18.98,74.44,0.18,19.95,82.44,0.7,17.05,77.78,-0.53,18.6,66.27,1.38,18.4,73.61,2.28,21.78,83.55,0.94,19.4,74.59,0.2,21.54,82.71,0.77,19.86,79.18,-0.0152,0.7928,0.015,0.0395,0.7891,0.1013,0.065,0.8505,0.2182,0.0269,0.8073,0.1128,0.0056,0.8462,0.2084,0.0221,0.8156,0.1668,0.006,0.013,0.026,0.0,0.065,0.052,0.013,0.149,0.0,0.0,0.006,0.006,0.0,0.163,0.013,0.0,0.221,0.052,-0.0061,0.316,1.1367,0.0261,0.2853,1.2686,0.046,0.3528,1.445,0.0169,0.3237,1.2977,0.0061,0.3451,1.4389,0.0123,0.2945,1.353,0.0,0.0,0.0,-0.0,0.0,0.0,-0.0,-0.0,-0.0,-0.0,0.0,0.0,-0.0,0.0,-0.0,-0.0,0.0,0.0,0.6746,0.0757,0.0024,0.0006,-0.0093,-0.0152,0.7928,0.015,0.0395,0.789,0.1013,0.065,0.8505,0.2182,0.0269,0.8073,0.1128,0.0056,0.8462,0.2084,0.0221,0.8156,0.1668,0.0,0.0,2.22,0.0,0.0,0.0,0.0,0.0,0.0,
12.68,run,8.17,4.39,0.15,0.08,-0.52,111.0,0.0,0.0,1.183,-0.26,18.02,65.3,1.58,16.88,72.77,2.81,20.3,83.23,1.05,18.98,74.44,0.18,19.95,82.44,0.7,17.05,77.78,-0.53,18.6,66.27,1.38,18.4,73.61,2.27,21.78,83.55,0.94,19.4,74.59,0.2,21.54,82.71,0.77,19.86,79.18,-0.0153,0.7928,0.015,0.0395,0.7891,0.1013,0.065,0.8505,0.2182,0.0269,0.8073,0.1128,0.0056,0.8462,0.2084,0.0221,0.8156,0.1669,0.006,0.013,0.026,0.0,0.065,0.052,0.013,0.149,0.0,0.0,0.006,0.006,0.0,0.163,0.013,0.0,0.221,0.052,-0.0061,0.316,1.1367,0.0261,0.2853,1.2686,0.046,0.3528,1.445,0.0169,0.3237,1.2977,0.0061,0.3451,1.4389,0.0123,0.2945,1.353,0.0,0.0,0.0,-0.0,0.0,0.0,-0.0,-0.0,-0.0,-0.0,0.0,0.0,-0.0,0.0,-0.0,-0.0,0.0,0.0,0.6743,0.0759,0.0015,0.0017,-0.0099,-0.0152,0.7928,0.015,0.0395,0.7891,0.1013,0.065,0.8505,0.2182,0.0269,0.8073,0.1128,0.0056,0.8462,0.2084,0.0221,0.8156,0.1668,0.0,0.0,2.22,0.0,0.0,0.0,0.0,0.0,0.0,
12.72,run,8.17,4.39,0.24,-0.04,-0.46,111.0,0.0,0.0,1.183,-0.26,18.02,65.3,1.58,16.88,72.77,2.81,20.3,83.23,1.05,18.98,74.44,0.18,19.95,82.44,0.7,17.05,77.78,-0.53,18.6,66.27,1.38,18.4,73.61,2.28,21.78,83.55,0.94,19.4,74.59,0.2,21.54,82.71,0.77,19.86,79.18,-0.0152,0.7928,0.015,0.0395,0.7891,0.1013,0.065,0.8505,0.2182,0.0269,0.8073,0.1128,0.0056,0.8462,0.2084,0.0221,0.8156,0.1669,0.006,0.013,0.026,0.0,0.052,0.052,0.013,0.169,0.006,0.0,0.013,0.006,0.0,0.143,0.013,0.0,0.189,0.058,-0.0061,0.316,1.1367,0.0261,0.2853,1.2686,0.046,0.3528,1.445,0.0169,0.3237,1.2977,0.0061,0.3451,1.4389,0.0123,0.2945,1.353,0.0,0.0,0.0,-0.0,0.0,0.0,-0.0,-0.0,-0.0,-0.0,0.0,0.0,-0.0,0.0,-0.0,-0.0,0.0,0.0,0.6745,0.0759,0.0027,0.0014,-0.0091,-0.0153,0.7928,0.015,0.0395,0.7891,0.1013,0.065,0.8505,0.2182,0.0269,0.8073,0.1128,0.0056,0.8462,0.2084,0.0221,0.8156,0.1669,0.0,0.0,2.22,0.0,0.0,0.0,0.0,0.0,0.0,
12.76,run,8.17,4.39,0.17,-0.01,-0.46,111.0,0.0,0.0,1.183,-0.26,18.02,65.3,1.58,16.88,72.77,2.81,20.3,83.23,1.05,18.98,74.44,0.18,19.95,82.44,0.7,17.05,77.78,-0.53,18.6,66.28,1.38,18.4,73.61,2.28,21.78,83.55,0.94,19.4,74.59,0.2,21.54,82.71,0.77,19.86,79.18,-0.0152,0.7928,0.015,0.0395,0.789,0.1013,0.065,0.8505,0.2182,0.0269,0.8073,0.1128,0.0056,0.8462,0.2084,0.0221,0.8156,0.1668,0.006,0.013,0.026,0.0,0.052,0.052,0.013,0.169,0.006,0.0,0.013,0.006,0.0,0.143,0.013,0.0,0.189,0.058,-0.0061,0.316,1.1367,0.0261,0.2853,1.2686,0.046,0.3528,1.445,0.0169,0.3237,1.2977,0.0061,0.3451,1.4389,0.0123,0.2945,1.353,0.0,0.0,0.0,-0.0,0.0,0.0,-0.0,-0.0,-0.0,-0.0,0.0,0.0,-0.0,0.0,-0.0,-0.0,0.0,0.0,0.6748,0.0755,0.0043,-0.0007,-0.0079,-0.0152,0.7928,0.015,0.0395,0.7891,0.1013,0.065,0.8505,0.2182,0.0269,0.8073,0.1128,0.0056,0.8462,0.2084,0.0221,0.8156,0.1669,0.0,0.0,2.22,0.0,0.0,0.0,0.0,0.0,0.0,
12.8,run,8.17,4.39,0.18,0.07,-0.56,111.0,0.0,0.0,1.183,-0.26,18.02,65.3,1.58,16.88,72.77,2.81,20.3,83.23,1.05,18.98,74.44,0.18,19.95,82.44,0.7,17.05,77.78,-0.53,18.6,66.27,1.38,18.4,73.61,2.28,21.78,83.55,0.94,19.4,74.59,0.2,21.54,82.71,0.77,19.86,79.18,-0.0152,0.7928,0.015,0.0395,0.789,0.1013,0.065,0.8505,0.2182,0.0269,0.8073,0.1128,0.0056,0.8462,0.2084,0.0221,0.8156,0.1668,0.006,0.013,0.026,0.0,0.052,0.052,0.013,0.169,0.006,0.0,0.013,0.006,0.0,0.143,0.013,0.0,0.189,0.058,-0.0061,0.316,1.1367,0.0261,0.2853,1.2686,0.046,0.3528,1.445,0.0169,0.3237,1.2977,0.0061,0.3451,1.4389,0.0123,0.2945,1.353,0.0,0.0,0.0,-0.0,0.0,0.0,-0.0,-0.0,-0.0,-0.0,0.0,0.0,-0.0,0.0,-0.0,-0.0,0.0,0.0,0.6746,0.0753,0.0029,-0.0002,-0.0079,-0.0152,0.7928,0.015,0.0395,0.789,0.1013,0.065,0.8505,0.2182,0.0269,0.8073,0.1128,0.0056,0.8462,0.2084,0.0221,0.8156,0.1668,0.0,0.0,2.22,0.0,0.0,0.0,0.0,0.0,0.0,
12.84,run,8.17,4.39,0.21,0.0,-0.49,111.0,0.0,0.0,1.183,-0.26,18.02,65.3,1.58,16.88,72.77,2.81,20.3,83.23,1.05,18.98,74.44,0.18,19.95,82.44,0.7,17.05,77.78,-0.53,18.6,66.27,1.38,18.4,73.61,2.28,21.78,83.55,0.94,19.4,74.59,0.2,21.54,82.71,0.77,19.86,79.18,-0.0152,0.7928,0.015,0.0395,0.789,0.1013,0.065,0.8505,0.2182,0.0269,0.8073,0.1128,0.0056,0.8462,0.2084,0.0221,0.8156,0.1668,0.013,0.019,0.026,0.0,0.058,0.045,0.013,0.169,0.0,0.0,0.006,0.006,0.0,0.169,0.013,0.0,0.189,0.065,-0.0061,0.316,1.1367,0.0261,0.2853,1.2686,0.046,0.3528,1.445,0.0169,0.3237,1.2977,0.0061,0.3451,1.4389,0.0123,0.2945,1.353,0.0,0.0,0.0,-0.0,0.0,0.0,-0.0,-0.0,-0.0,-0.0,0.0,0.0,-0.0,0.0,-0.0,-0.0,0.0,0.0,0.6748,0.0752,0.0032,0.0011,-0.0098,-0.0152,0.7928,0.015,0.0395,0.789,0.1013,0.065,0.8505,0.2182,0.0269,0.8073,0.1128,0.0056,0.8462,0.2084,0.0221,0.8156,0.1668,0.0,0.0,2.22,0.0,0.0,0.0,0.0,0.0,0.0,
12.88,run,8.17,4.38,0.23,-0.0,-0.55,111.0,0.0,0.0,1.183,-0.26,18.02,65.3,1.58,16.88,72.77,2.81,20.3,83.23,1.05,18.98,74.44,0.18,19.95,82.44,0.7,17.05,77.78,-0.53,18.6,66.27,1.38,18.4,73.61,2.28,21.78,83.55,0.94,19.4,74.59,0.2,21.54,82.71,0.77,19.86,79.18,-0.0152,0.7928,0.015,0.0395,0.789,0.1013,0.065,0.8505,0.2182,0.0269,0.8073,0.1128,0.0056,0.8462,0.2084,0.0221,0.8156,0.1668,0.013,0.019,0.026,0.0,0.058,0.045,0.013,0.169,0.0,0.0,0.006,0.006,0.0,0.169,0.013,0.0,0.189,0.065,-0.0061,0.316,1.1367,0.0261,0.2853,1.2686,0.046,0.3528,1.445,0.0169,0.3237,1.2977,0.0061,0.3451,1.4389,0.0123,0.2945,1.353,0.0,0.0,0.0,-0.0,0.0,0.0,-0.0,-0.0,-0.0,-0.0,0.0,0.0,-0.0,0.0,-0.0,-0.0,0.0,0.0,0.6749,0.0753,0.0037,0.0001,-0.0086,-0.0152,0.7928,0.015,0.0395,0.789,0.1013,0.065,0.8505,0.2182,0.0269,0.8073,0.1128,0.0056,0.8462,0.2084,0.0221,0.8156,0.1668,0.0,0.0,2.22,0.0,0.0,0.0,0.0,0.0,0.0,
12.92,run,8.18,4.38,0.17,0.01,-0.49,111.0,0.0,0.0,1.183,-0.26,18.02,65.3,1.58,16.88,72.77,2.81,20.3,83.23,1.05,18.98,74.44,0.18,19.95,82.44,0.7,17.05,77.78,-0.53,18.6,66.27,1.38,18.4,73.61,2.28,21.78,83.55,0.94,19.4,74.59,0.2,21.54,82.71,0.77,19.86,79.18,-0.0152,0.7928,0.015,0.0395,0.789,0.1013,0.065,0.8505,0.2182,0.0269,0.8073,0.1128,0.0056,0.8462,0.2084,0.0221,0.8156,0.1668,0.013,0.019,0.026,0.0,0.058,0.045,0.013,0.169,0.0,0.0,0.006,0.006,0.0,0.169,0.013,0.0,0.189,0.065,-0.0061,0.316,1.1367,0.0261,0.2853,1.2686,0.046,0.3528,1.445,0.0169,0.3237,1.2977,0.0061,0.3451,1.4389,0.0123,0.2945,1.353,0.0,0.0,0.0,-0.0,0.0,0.0,-0.0,-0.0,-0.0,-0.0,0.0,0.0,-0.0,0.0,-0.0,-0.0,0.0,0.0,0.6751,0.075,0.004,-0.0001,-0.0097,-0.0152,0.7928,0.015,0.0395,0.789,0.1013,0.065,0.8505,0.2182,0.0269,0.8073,0.1128,0.0056,0.8462,0.2084,0.0221,0.8156,0.1668,0.0,0.0,2.22,0.0,0.0,0.0,0.0,0.0,0.0,
12.96,run,8.18,4.39,0.14,0.06,-0.56,111.0,0.0,0.0,1.183,-0.26,18.02,65.3,1.58,16.88,72.77,2.81,20.3,83.23,1.05,18.98,74.44,0.18,19.95,82.44,0.7,17.05,77.78,-0.53,18.6,66.27,1.38,18.4,73.61,2.28,21.78,83.55,0.94,19.4,74.59,0.2,21.54,82.71,0.77,19.86,79.18,-0.0152,0.7928,0.015,0.0395,0.789,0.1013,0.065,0.8505,0.2182,0.0269,0.8073,0.1128,0.0056,0.8462,0.2084,0.0221,0.8156,0.1668,0.006,0.013,0.026,0.0,0.058,0.058,0.013,0.175,0.006,0.0,0.006,0.006,0.0,0.156,0.013,0.0,0.201,0.052,-0.0061,0.316,1.1367,0.0261,0.2853,1.2686,0.046,0.3528,1.445,0.0169,0.3237,1.2977,0.0061,0.3451,1.4389,0.0123,0.2945,1.353,0.0,0.0,0.0,-0.0,0.0,0.0,-0.0,-0.0,-0.0,-0.0,0.0,0.0,-0.0,0.0,-0.0,-0.0,0.0,0.0,0.6752,0.075,0.0029,0.0002,-0.0085,-0.0152,0.7928,0.015,0.0395,0.789,0.1013,0.065,0.8505,0.2182,0.0269,0.8073,0.1128,0.0056,0.8462,0.2084,0.0221,0.8156,0.1668,0.0,0.0,2.22,0.0,0.0,0.0,0.0,0.0,0.0,
13.0,run,8.18,4.38,0.21,0.05,-0.55,111.0,0.0,0.0,1.183,-0.26,18.02,65.3,1.58,16.88,72.77,2.81,20.3,83.23,1.05,18.98,74.44,0.18,19.95,82.44,0.7,17.05,77.78,-0.53,18.6,66.27,1.38,18.4,73.61,2.28,21.78,83.55,0.94,19.4,74.58,0.2,21.54,82.71,0.77,19.86,79.18,-0.0152,0.7928,0.015,0.0395,0.789,0.1013,0.065,0.8505,0.2182,0.0269,0.8073,0.1128,0.0056,0.8462,0.2084,0.0221,0.8156,0.1668,0.006,0.013,0.026,0.0,0.058,0.058,0.013,0.175,0.006,0.0,0.006,0.006,0.0,0.156,0.013,0.0,0.201,0.052,-0.0061,0.316,1.1367,0.0261,0.2853,1.2686,0.046,0.3528,1.445,0.0169,0.3237,1.2977,0.0061,0.3451,1.4389,0.0123,0.2945,1.353,0.0,0.0,0.0,-0.0,0.0,0.0,-0.0,-0.0,-0.0,-0.0,0.0,0.0,-0.0,0.0,-0.0,-0.0,0.0,0.0,0.6752,0.0752,0.0024,0.001,-0.0098,-0.0152,0.7928,0.015,0.0395,0.789,0.1013,0.065,0.8505,0.2182,0.0269,0.8073,0.1128,0.0056,0.8462,0.2084,0.0221,0.8156,0.1668,0.0,0.0,2.22,0.0,0.0,0.0,0.0,0.0,0.0,
13.04,run,8.18,4.38,0.14,-0.0,-0.52,111.0,0.0,0.0,1.183,-0.26,18.02,65.3,1.58,16.88,72.77,2.81,20.3,83.23,1.05,18.98,74.44,0.18,19.95,82.44,0.7,17.05,77.78,-0.53,18.6,66.27,1.38,18.4,73.61,2.28,21.78,83.55,0.94,19.4,74.59,0.2,21.54,82.71,0.77,19.86,79.18,-0.0152,0.7928,0.015,0.0395,0.789,0.1013,0.065,0.8505,0.2182,0.0269,0.8073,0.1128,0.0056,0.8462,0.2084,0.0221,0.8156,0.1668,0.006,0.013,0.026,0.0,0.058,0.058,0.013,0.175,0.006,0.0,0.006,0.006,0.0,0.156,0.013,0.0,0.201,0.052,-0.0061,0.316,1.1367,0.0261,0.2853,1.2686,0.046,0.3528,1.445,0.0169,0.3237,1.2977,0.0061,0.3451,1.4389,0.0123,0.2945,1.353,0.0,0.0,0.0,-0.0,0.0,0.0,-0.0,-0.0,-0.0,-0.0,0.0,0.0,-0.0,0.0,-0.0,-0.0,0.0,0.0,0.6752,0.075,0.0037,0.0009,-0.0097,-0.0152,0.7928,0.015,0.0395,0.789,0.1013,0.065,0.8505,0.2182,0.0269,0.8073,0.1128,0.0056,0.8462,0.2084,0.0221,0.8156,0.1668,0.0,0.0,2.22,0.0,0.0,0.0,0.0,0.0,0.0,
13.08,run,8.17,4.38,0.12,0.0,-0.52,111.0,0.0,0.0,1.183,-0.26,18.02,65.3,1.58,16.88,72.77,2.81,20.3,83.23,1.05,18.98,74.44,0.18,19.95,82.44,0.7,17.05,77.78,-0.53,18.6,66.27,1.38,18.4,73.61,2.28,21.78,83.55,0.94,19.4,74.58,0.2,21.54,82.71,0.77,19.86,79.18,-0.0152,0.7928,0.015,0.0395,0.789,0.1013,0.065,0.8505,0.2182,0.0269,0.8073,0.1128,0.0056,0.8461,0.2084,0.0221,0.8156,0.1668,0.013,0.013,0.026,0.006,0.065,0.052,0.013,0.149,0.0,0.0,0.006,0.006,0.0,0.156,0.006,0.0,0.214,0.065,-0.0061,0.316,1.1367,0.0261,0.2853,1.2686,0.046,0.3528,1.445,0.0169,0.3237,1.2977,0.0061,0.3451,1.4389,0.0123,0.2945,1.353,0.0,0.0,0.0,-0.0,0.0,0.0,-0.0,-0.0,-0.0,-0.0,0.0,0.0,-0.0,0.0,-0.0,-0.0,0.0,0.0,0.6753,0.0749,0.0024,-0.0001,-0.009,-0.0152,0.7928,0.015,0.0395,0.789,0.1013,0.065,0.8505,0.2182,0.0269,0.8073,0.1128,0.0056,0.8462,0.2084,0.0221,0.8156,0.1668,0.0,0.0,2.22,0.0,0.0,0.0,0.0,0.0,0.0,
13.12,run,8.18,4.38,0.19,-0.01,-0.49,111.0,0.0,0.0,1.183,-0.26,18.02,65.3,1.58,16.88,72.77,2.81,20.3,83.23,1.05,18.98,74.44,0.18,19.95,82.44,0.7,17.05,77.78,-0.53,18.6,66.27,1.38,18.4,73.61,2.28,21.78,83.55,0.94,19.4,74.58,0.2,21.54,82.71,0.77,19.86,79.18,-0.0152,0.7928,0.015,0.0395,0.789,0.1013,0.065,0.8505,0.2182,0.0269,0.8073,0.1128,0.0056,0.8462,0.2084,0.0221,0.8156,0.1668,0.013,0.013,0.026,0.006,0.065,0.052,0.013,0.149,0.0,0.0,0.006,0.006,0.0,0.156,0.006,0.0,0.214,0.065,-0.0061,0.316,1.1367,0.0261,0.2853,1.2686,0.046,0.3528,1.445,0.0169,0.3237,1.2977,0.0061,0.3451,1.4389,0.0123,0.2945,1.353,0.0,0.0,0.0,-0.0,0.0,0.0,-0.0,-0.0,-0.0,-0.0,0.0,0.0,-0.0,0.0,-0.0,-0.0,0.0,0.0,0.675,0.075,0.002,0.0001,-0.0091,-0.0152,0.7928,0.015,0.0395,0.789,0.1013,0.065,0.8505,0.2182,0.0269,0.8073,0.1128,0.0056,0.8461,0.2084,0.0221,0.8156,0.1668,0.0,0.0,2.22,0.0,0.0,0.0,0.0,0.0,0.0,
13.16,run,8.18,4.38,0.15,-0.03,-0.49,111.0,0.0,0.0,1.183,-0.26,18.02,65.3,1.58,16.88,72.77,2.81,20.3,83.23,1.05,18.98,74.44,0.18,19.95,82.44,0.7,17.05,77.78,-0.53,18.6,66.27,1.38,18.4,73.61,2.28,21.78,83.55,0.94,19.4,74.58,0.2,21.54,82.71,0.77,19.86,79.18,-0.0152,0.7928,0.015,0.0395,0.789,0.1013,0.065,0.8505,0.2182,0.0269,0.8073,0.1128,0.0056,0.8461,0.2084,0.0221,0.8156,0.1668,0.013,0.013,0.026,0.006,0.065,0.052,0.013,0.149,0.0,0.0,0.006,0.006,0.0,0.156,0.006,0.0,0.214,0.065,-0.0061,0.316,1.1367,0.0261,0.2853,1.2686,0.046,0.3528,1.445,0.0169,0.3237,1.2977,0.0061,0.3451,1.4389,0.0123,0.2945,1.353,0.0,0.0,0.0,-0.0,0.0,0.0,-0.0,-0.0,-0.0,-0.0,0.0,0.0,-0.0,0.0,-0.0,-0.0,0.0,0.0,0.6754,0.0746,0.0033,-0.0002,-0.0085,-0.0152,0.7928,0.015,0.0395,0.789,0.1013,0.065,0.8505,0.2182,0.0269,0.8073,0.1128,0.0056,0.8462,0.2084,0.0221,0.8156,0.1668,0.0,0.0,2.22,0.0,0.0,0.0,0.0,0.0,0.0,
13.2,run,8.18,4.37,0.16,-0.04,-0.47,111.0,0.0,0.0,1.183,-0.26,18.02,65.3,1.58,16.88,72.77,2.81,20.3,83.23,1.05,18.98,74.44,0.18,19.95,82.44,0.7,17.05,77.78,-0.53,18.6,66.27,1.38,18.4,73.61,2.28,21.77,83.55,0.94,19.4,74.58,0.2,21.54,82.71,0.77,19.86,79.18,-0.0152,0.7927,0.0149,0.0395,0.789,0.1013,0.065,0.8504,0.2182,0.0269,0.8073,0.1128,0.0056,0.8461,0.2084,0.0221,0.8156,0.1668,0.013,0.013,0.026,0.0,0.058,0.052,0.006,0.169,0.006,0.0,0.013,0.006,0.0,0.189,0.013,0.0,0.227,0.052,-0.0061,0.316,1.1367,0.0261,0.2853,1.2686,0.046,0.3528,1.445,0.0169,0.3237,1.2977,0.0061,0.3451,1.4389,0.0123,0.2945,1.353,0.0,0.0,0.0,-0.0,0.0,0.0,-0.0,-0.0,-0.0,-0.0,0.0,0.0,-0.0,0.0,-0.0,-0.0,0.0,0.0,0.6753,0.0742,0.0025,-0.0006,-0.0086,-0.0152,0.7928,0.015,0.0395,0.789,0.1013,0.065,0.8505,0.2182,0.0269,0.8073,0.1128,0.0056,0.8461,0.2084,0.0221,0.8156,0.1668,0.0,0.0,2.22,0.0,0.0,0.0,0.0,0.0,0.0,
13.24,run,8.17,4.37,0.12,0.01,-0.53,111.0,0.0,0.0,1.183,-0.26,18.02,65.3,1.58,16.88,72.77,2.81,20.3,83.23,1.05,18.98,74.44,0.18,19.95,82.44,0.7,17.05,77.78,-0.53,18.6,66.27,1.38,18.4,73.61,2.28,21.77,83.55,0.94,19.4,74.58,0.2,21.54,82.71,0.77,19.86,79.18,-0.0152,0.7927,0.015,0.0395,0.789,0.1013,0.065,0.8504,0.2182,0.0269,0.8073,0.1128,0.0056,0.8461,0.2084,0.0221,0.8156,0.1668,0.013,0.013,0.026,0.0,0.058,0.052,0.006,0.169,0.006,0.0,0.013,0.006,0.0,0.189,0.013,0.0,0.227,0.052,-0.0061,0.316,1.1367,0.0261,0.2853,1.2686,0.046,0.3528,1.445,0.0169,0.3237,1.2977,0.0061,0.3451,1.4389,0.0123,0.2945,1.353,0.0,0.0,0.0,-0.0,0.0,0.0,-0.0,-0.0,-0.0,-0.0,0.0,0.0,-0.0,0.0,-0.0,-0.0,0.0,0.0,0.6753,0.0741,0.0028,-0.0007,-0.0082,-0.0152,0.7927,0.0149,0.0395,0.789,0.1013,0.065,0.8504,0.2182,0.0269,0.8073,0.1128,0.0056,0.8461,0.2084,0.0221,0.8156,0.1668,0.0,0.0,2.22,0.0,0.0,0.0,0.0,0.0,0.0,
13.28,run,8.17,4.37,0.15,0.05,-0.5,111.0,0.0,0.0,1.183,-0.26,18.02,65.3,1.58,16.88,72.77,2.81,20.3,83.23,1.05,18.98,74.44,0.18,19.95,82.44,0.7,17.05,77.78,-0.53,18.6,66.27,1.38,18.4,73.61,2.28,21.77,83.55,0.94,19.4,74.58,0.2,21.54,82.71,0.77,19.86,79.18,-0.0152,0.7927,0.015,0.0395,0.789,0.1013,0.065,0.8504,0.2182,0.0269,0.8073,0.1128,0.0056,0.8461,0.2084,0.0221,0.8156,0.1668,0.013,0.013,0.026,0.0,0.058,0.052,0.006,0.169,0.006,0.0,0.013,0.006,0.0,0.189,0.013,0.0,0.227,0.052,-0.0061,0.316,1.1367,0.0261,0.2853,1.2686,0.046,0.3528,1.445,0.0169,0.3237,1.2977,0.0061,0.3451,1.4389,0.0123,0.2945,1.353,0.0,0.0,0.0,-0.0,0.0,0.0,-0.0,-0.0,-0.0,-0.0,0.0,0.0,-0.0,0.0,-0.0,-0.0,0.0,0.0,0.6749,0.0738,0.0021,0.0002,-0.0093,-0.0152,0.7927,0.015,0.0395,0.789,0.1013,0.065,0.8504,0.2182,0.0269,0.8073,0.1128,0.0056,0.8461,0.2084,0.0221,0.8156,0.1668,0.0,0.0,2.22,0.0,0.0,0.0,0.0,0.0,0.0,
13.32,run,8.17,4.37,0.2,0.03,-0.53,111.0,0.0,0.0,1.183,-0.26,18.02,65.3,1.58,16.88,72.77,2.81,20.3,83.23,1.05,18.98,74.44,0.18,19.95,82.44,0.7,17.05,77.78,-0.53,18.6,66.27,1.38,18.4,73.61,2.28,21.77,83.55,0.94,19.4,74.59,0.2,21.54,82.71,0.77,19.86,79.18,-0.0152,0.7927,0.015,0.0395,0.789,0.1013,0.065,0.8504,0.2182,0.0269,0.8073,0.1128,0.0056,0.8461,0.2084,0.0221,0.8156,0.1668,0.013,0.013,0.033,0.0,0.052,0.052,0.006,0.143,0.006,0.0,0.006,0.006,0.0,0.169,0.013,0.0,0.221,0.065,-0.0061,0.316,1.1367,0.0261,0.2853,1.2686,0.046,0.3528,1.445,0.0169,0.3237,1.2977,0.0061,0.3451,1.4389,0.0123,0.2945,1.353,0.0,0.0,0.0,-0.0,0.0,0.0,-0.0,-0.0,-0.0,-0.0,0.0,0.0,-0.0,0.0,-0.0,-0.0,0.0,0.0,0.6747,0.0738,0.0025,0.0009,-0.0087,-0.0152,0.7927,0.015,0.0395,0.789,0.1013,0.065,0.8504,0.2182,0.0269,0.8073,0.1128,0.0056,0.8461,0.2084,0.0221,0.8156,0.1668,0.0,0.0,2.22,0.0,0.0,0.0,0.0,0.0,0.0,
13.36,run,8.17,4.37,0.19,-0.02,-0.5,111.0,0.0,0.0,1.183,-0.26,18.02,65.3,1.58,16.88,72.77,2.81,20.3,83.23,1.05,18.98,74.44,0.18,19.95,82.44,0.7,17.05,77.78,-0.53,18.6,66.27,1.38,18.4,73.61,2.28,21.77,83.55,0.94,19.4,74.59,0.2,21.54,82.71,0.77,19.86,79.18,-0.0152,0.7927,0.015,0.0395,0.789,0.1013,0.065,0.8504,0.2182,0.0269,0.8073,0.1128,0.0056,0.8461,0.2084,0.0221,0.8156,0.1668,0.013,0.013,0.033,0.0,0.052,0.052,0.006,0.143,0.006,0.0,0.006,0.006,0.0,0.169,0.013,0.0,0.221,0.065,-0.0061,0.316,1.1367,0.0261,0.2853,1.2686,0.046,0.3528,1.445,0.0169,0.3237,1.2977,0.0061,0.3451,1.4389,0.0123,0.2945,1.353,0.0,0.0,0.0,-0.0,0.0,0.0,-0.0,-0.0,-0.0,-0.0,0.0,0.0,-0.0,0.0,-0.0,-0.0,0.0,0.0,0.675,0.0737,0.0035,0.0006,-0.0093,-0.0152,0.7927,0.015,0.0395,0.789,0.1013,0.065,0.8504,0.2182,0.0269,0.8073,0.1128,0.0056,0.8461,0.2084,0.0221,0.8156,0.1668,0.0,0.0,2.22,0.0,0.0,0.0,0.0,0.0,0.0,
13.4,run,8.17,4.37,0.15,0.11,-0.52,111.0,0.0,0.0,1.183,-0.26,18.02,65.3,1.58,16.88,72.77,2.81,20.3,83.23,1.05,18.98,74.44,0.18,19.95,82.44,0.7,17.05,77.78,-0.53,18.6,66.27,1.38,18.4,73.61,2.28,21.77,83.55,0.94,19.4,74.58,0.2,21.54,82.71,0.77,19.86,79.18,-0.0152,0.7927,0.015,0.0395,0.789,0.1013,0.065,0.8504,0.2182,0.0269,0.8073,0.1128,0.0056,0.8461,0.2084,0.0221,0.8156,0.1668,0.013,0.013,0.033,0.0,0.052,0.052,0.006,0.143,0.006,0.0,0.006,0.006,0.0,0.169,0.013,0.0,0.221,0.065,-0.0061,0.316,1.1367,0.0261,0.2853,1.2686,0.046,0.3528,1.445,0.0169,0.3237,1.2977,0.0061,0.3451,1.4389,0.0123,0.2945,1.353,0.0,0.0,0.0,-0.0,0.0,0.0,-0.0,-0.0,-0.0,-0.0,0.0,0.0,-0.0,0.0,-0.0,-0.0,0.0,0.0,0.675,0.0737,0.0033,-0.0003,-0.0087,-0.0152,0.7927,0.015,0.0395,0.789,0.1013,0.065,0.8504,0.2182,0.0269,0.8073,0.1128,0.0056,0.8461,0.2084,0.0221,0.8156,0.1668,0.0,0.0,2.22,0.0,0.0,0.0,0.0,0.0,0.0,
13.44,run,8.17,4.37,0.13,0.04,-0.51,111.0,0.0,0.0,1.183,-0.26,18.02,65.3,1.58,16.88,72.77,2.81,20.3,83.23,1.05,18.98,74.44,0.18,19.95,82.44,0.7,17.05,77.78,-0.53,18.6,66.27,1.38,18.4,73.61,2.28,21.77,83.55,0.94,19.4,74.59,0.2,21.54,82.71,0.77,19.86,79.18,-0.0152,0.7927,0.015,0.0396,0.789,0.1013,0.065,0.8504,0.2182,0.0269,0.8073,0.1128,0.0056,0.8461,0.2084,0.0221,0.8156,0.1668,0.013,0.013,0.033,0.0,0.071,0.058,0.006,0.163,0.006,0.0,0.013,0.006,0.0,0.189,0.013,0.0,0.227,0.065,-0.0061,0.316,1.1367,0.0261,0.2853,1.2686,0.046,0.3528,1.445,0.0169,0.3237,1.2977,0.0061,0.3451,1.4389,0.0123,0.2945,1.353,0.0,0.0,0.0,-0.0,0.0,0.0,-0.0,-0.0,-0.0,-0.0,0.0,0.0,-0.0,0.0,-0.0,-0.0,0.0,0.0,0.6749,0.0738,0.0027,0.0019,-0.0091,-0.0152,0.7927,0.015,0.0395,0.789,0.1013,0.065,0.8504,0.2182,0.0269,0.8073,0.1128,0.0056,0.8461,0.2084,0.0221,0.8156,0.1668,0.0,0.0,2.22,0.0,0.0,0.0,0.0,0.0,0.0,
13.48,run,8.17,4.37,0.21,-0.05,-0.5,111.0,0.0,0.0,1.183,-0.26,18.02,65.3,1.58,16.88,72.77,2.81,20.3,83.23,1.05,18.98,74.44,0.18,19.95,82.44,0.7,17.05,77.78,-0.53,18.6,66.27,1.38,18.4,73.61,2.28,21.77,83.55,0.94,19.4,74.59,0.2,21.54,82.71,0.77,19.86,79.18,-0.0152,0.7927,0.015,0.0395,0.789,0.1013,0.065,0.8504,0.2182,0.0269,0.8073,0.1128,0.0056,0.8461,0.2084,0.0221,0.8156,0.1668,0.013,0.013,0.033,0.0,0.071,0.058,0.006,0.163,0.006,0.0,0.013,0.006,0.0,0.189,0.013,0.0,0.227,0.065,-0.0061,0.316,1.1367,0.0261,0.2853,1.2686,0.046,0.3528,1.445,0.0169,0.3237,1.2977,0.0061,0.3451,1.4389,0.0123,0.2945,1.353,0.0,0.0,0.0,-0.0,0.0,0.0,-0.0,-0.0,-0.0,-0.0,0.0,0.0,-0.0,0.0,-0.0,-0.0,0.0,0.0,0.6747,0.074,0.0023,0.0007,-0.0089,-0.0152,0.7927,0.015,0.0396,0.789,0.1013,0.065,0.8504,0.2182,0.0269,0.8073,0.1128,0.0056,0.8461,0.2084,0.0221,0.8156,0.1668,0.0,0.0,2.22,0.0,0.0,0.0,0.0,0.0,0.0,
13.52,run,8.17,4.37,0.14,-0.05,-0.52,111.0,0.0,0.0,1.183,-0.26,18.02,65.3,1.58,16.88,72.77,2.81,20.3,83.23,1.05,18.98,74.44,0.18,19.95,82.44,0.7,17.05,77.78,-0.53,18.6,66.27,1.38,18.4,73.61,2.28,21.77,83.55,0.94,19.4,74.59,0.2,21.54,82.71,0.77,19.86,79.18,-0.0152,0.7927,0.015,0.0395,0.789,0.1013,0.065,0.8504,0.2182,0.0269,0.8073,0.1128,0.0056,0.8461,0.2084,0.0221,0.8156,0.1668,0.013,0.013,0.033,0.0,0.071,0.058,0.006,0.163,0.006,0.0,0.013,0.006,0.0,0.189,0.013,0.0,0.227,0.065,-0.0061,0.316,1.1367,0.0261,0.2853,1.2686,0.046,0.3528,1.445,0.0169,0.3237,1.2977,0.0061,0.3451,1.4389,0.0123,0.2945,1.353,0.0,0.0,0.0,-0.0,0.0,0.0,-0.0,-0.0,-0.0,-0.0,0.0,0.0,-0.0,0.0,-0.0,-0.0,0.0,0.0,0.675,0.0738,0.0036,-0.0009,-0.0087,-0.0152,0.7927,0.015,0.0395,0.789,0.1013,0.065,0.8504,0.2182,0.0269,0.8073,0.1128,0.0056,0.8461,0.2084,0.0221,0.8156,0.1668,0.0,0.0,2.22,0.0,0.0,0.0,0.0,0.0,0.0,
13.56,run,8.17,4.36,0.18,-0.0,-0.46,111.0,0.0,0.0,1.183,-0.26,18.02,65.3,1.58,16.88,72.77,2.81,20.3,83.23,1.05,18.98,74.44,0.18,19.95,82.44,0.7,17.05,77.78,-0.53,18.6,66.27,1.38,18.4,73.61,2.28,21.77,83.55,0.94,19.4,74.58,0.2,21.54,82.71,0.77,19.86,79.18,-0.0152,0.7927,0.0149,0.0395,0.789,0.1013,0.065,0.8504,0.2182,0.0269,0.8073,0.1128,0.0056,0.8461,0.2084,0.0221,0.8156,0.1668,0.013,0.019,0.026,0.006,0.071,0.045,0.013,0.175,0.006,0.0,0.006,0.006,0.0,0.156,0.013,0.0,0.182,0.065,-0.0061,0.316,1.1367,0.0261,0.2853,1.2686,0.046,0.3528,1.445,0.0169,0.3237,1.2977,0.0061,0.3451,1.4389,0.0123,0.2945,1.353,0.0,0.0,0.0,-0.0,0.0,0.0,-0.0,-0.0,-0.0,-0.0,0.0,0.0,-0.0,0.0,-0.0,-0.0,0.0,0.0,0.675,0.0736,0.0024,-0.0009,-0.0091,-0.0152,0.7927,0.015,0.0395,0.789,0.1013,0.065,0.8504,0.2182,0.0269,0.8073,0.1128,0.0056,0.8461,0.2084,0.0221,0.8156,0.1668,0.0,0.0,2.22,0.0,0.0,0.0,0.0,0.0,0.0,
13.6,run,8.17,4.36,0.21,0.01,-0.56,111.0,0.0,0.0,1.183,-0.26,18.02,65.3,1.58,16.88,72.77,2.81,20.3,83.23,1.05,18.98,74.44,0.18,19.95,82.44,0.7,17.05,77.78,-0.53,18.6,66.27,1.38,18.4,73.61,2.28,21.77,83.55,0.94,19.4,74.58,0.2,21.54,82.71,0.77,19.86,79.18,-0.0152,0.7927,0.015,0.0396,0.789,0.1013,0.065,0.8504,0.2182,0.0269,0.8073,0.1128,0.0056,0.8461,0.2084,0.0221,0.8156,0.1668,0.013,0.019,0.026,0.006,0.071,0.045,0.013,0.175,0.006,0.0,0.006,0.006,0.0,0.156,0.013,0.0,0.182,0.065,-0.0061,0.316,1.1367,0.0261,0.2853,1.2686,0.046,0.3528,1.445,0.0169,0.3237,1.2977,0.0061,0.3451,1.4389,0.0123,0.2945,1.353,0.0,0.0,0.0,-0.0,0.0,0.0,-0.0,-0.0,-0.0,-0.0,0.0,0.0,-0.0,0.0,-0.0,-0.0,0.0,0.0,0.675,0.0732,0.0032,-0.0001,-0.0079,-0.0152,0.7927,0.0149,0.0395,0.789,0.1013,0.065,0.8504,0.2182,0.0269,0.8073,0.1128,0.0056,0.8461,0.2084,0.0221,0.8156,0.1668,0.0,0.0,2.22,0.0,0.0,0.0,0.0,0.0,0.0,
13.64,run,8.17,4.36,0.12,-0.02,-0.49,111.0,0.0,0.0,1.183,-0.26,18.02,65.3,1.58,16.88,72.77,2.81,20.3,83.23,1.05,18.98,74.44,0.18,19.95,82.44,0.7,17.05,77.78,-0.53,18.6,66.27,1.38,18.4,73.61,2.28,21.77,83.55,0.94,19.4,74.59,0.2,21.54,82.71,0.77,19.86,79.18,-0.0152,0.7927,0.015,0.0395,0.789,0.1013,0.065,0.8504,0.2182,0.0269,0.8073,0.1128,0.0056,0.8461,0.2084,0.0221,0.8156,0.1668,0.013,0.019,0.026,0.006,0.071,0.045,0.013,0.175,0.006,0.0,0.006,0.006,0.0,0.156,0.013,0.0,0.182,0.065,-0.0061,0.316,1.1367,0.0261,0.2853,1.2686,0.046,0.3528,1.445,0.0169,0.3237,1.2977,0.0061,0.3451,1.4389,0.0123,0.2945,1.353,0.0,0.0,0.0,-0.0,0.0,0.0,-0.0,-0.0,-0.0,-0.0,0.0,0.0,-0.0,0.0,-0.0,-0.0,0.0,0.0,0.6749,0.0732,0.0036,0.0002,-0.0098,-0.0152,0.7927,0.015,0.0396,0.789,0.1013,0.065,0.8504,0.2182,0.0269,0.8073,0.1128,0.0056,0.8461,0.2084,0.0221,0.8156,0.1668,0.0,0.0,2.22,0.0,0.0,0.0,0.0,0.0,0.0,
13.68,run,8.17,4.36,0.17,0.0,-0.49,111.0,0.0,0.0,1.183,-0.26,18.02,65.3,1.58,16.88,72.77,2.81,20.3,83.23,1.05,18.98,74.44,0.18,19.95,82.44,0.7,17.05,77.78,-0.53,18.6,66.27,1.38,18.4,73.61,2.28,21.77,83.55,0.94,19.4,74.58,0.2,21.54,82.71,0.77,19.86,79.18,-0.0152,0.7927,0.015,0.0396,0.789,0.1013,0.065,0.8504,0.2182,0.0269,0.8073,0.1128,0.0056,0.8461,0.2083,0.0221,0.8156,0.1668,0.006,0.013,0.026,0.006,0.071,0.052,0.013,0.13,0.006,0.0,0.013,0.013,0.0,0.182,0.013,0.0,0.195,0.071,-0.0061,0.316,1.1367,0.0261,0.2853,1.2686,0.046,0.3528,1.445,0.0169,0.3237,1.2977,0.0061,0.3451,1.4389,0.0123,0.2945,1.353,0.0,0.0,0.0,-0.0,0.0,0.0,-0.0,-0.0,-0.0,-0.0,0.0,0.0,-0.0,0.0,-0.0,-0.0,0.0,0.0,0.6747,0.0729,0.002,-0.0003,-0.0086,-0.0152,0.7927,0.015,0.0395,0.789,0.1013,0.065,0.8504,0.2182,0.0269,0.8073,0.1128,0.0056,0.8461,0.2084,0.0221,0.8156,0.1668,0.0,0.0,2.22,0.0,0.0,0.0,0.0,0.0,0.0,
13.72,run,8.17,4.36,0.14,0.01,-0.55,111.0,0.0,0.0,1.183,-0.26,18.02,65.3,1.58,16.88,72.77,2.81,20.3,83.23,1.05,18.98,74.44,0.18,19.95,82.44,0.7,17.05,77.78,-0.53,18.6,66.27,1.38,18.4,73.61,2.28,21.77,83.55,0.94,19.4,74.58,0.2,21.54,82.71,0.77,19.86,79.18,-0.0152,0.7927,0.015,0.0396,0.789,0.1013,0.065,0.8504,0.2182,0.0269,0.8073,0.1128,0.0056,0.8461,0.2083,0.0221,0.8156,0.1668,0.006,0.013,0.026,0.006,0.071,0.052,0.013,0.13,0.006,0.0,0.013,0.013,0.0,0.182,0.013,0.0,0.195,0.071,-0.0061,0.316,1.1367,0.0261,0.2853,1.2686,0.046,0.3528,1.445,0.0169,0.3237,1.2977,0.0061,0.3451,1.4389,0.0123,0.2945,1.353,0.0,0.0,0.0,-0.0,0.0,0.0,-0.0,-0.0,-0.0,-0.0,0.0,0.0,-0.0,0.0,-0.0,-0.0,0.0,0.0,0.6747,0.073,0.0029,0.0001,-0.0085,-0.0152,0.7927,0.015,0.0396,0.789,0.1013,0.065,0.8504,0.2182,0.0269,0.8073,0.1128,0.0056,0.8461,0.2083,0.0221,0.8156,0.1668,0.0,0.0,2.22,0.0,0.0,0.0,0.0,0.0,0.0,
13.76,run,8.17,4.36,0.18,0.03,-0.49,111.0,0.0,0.0,1.183,-0.26,18.02,65.3,1.58,16.88,72.77,2.81,20.3,83.23,1.05,18.98,74.44,0.18,19.95,82.44,0.7,17.05,77.78,-0.53,18.6,66.27,1.38,18.4,73.61,2.28,21.77,83.55,0.94,19.4,74.58,0.2,21.54,82.71,0.77,19.86,79.18,-0.0152,0.7927,0.0149,0.0396,0.789,0.1013,0.065,0.8504,0.2182,0.0269,0.8073,0.1128,0.0056,0.8461,0.2083,0.0221,0.8156,0.1668,0.006,0.013,0.026,0.006,0.071,0.052,0.013,0.13,0.006,0.0,0.013,0.013,0.0,0.182,0.013,0.0,0.195,0.071,-0.0061,0.316,1.1367,0.0261,0.2853,1.2686,0.046,0.3528,1.445,0.0169,0.3237,1.2977,0.0061,0.3451,1.4389,0.0123,0.2945,1.353,0.0,0.0,0.0,-0.0,0.0,0.0,-0.0,-0.0,-0.0,-0.0,0.0,0.0,-0.0,0.0,-0.0,-0.0,0.0,0.0,0.6748,0.0728,0.0024,0.0002,-0.0097,-0.0152,0.7927,0.015,0.0396,0.789,0.1013,0.065,0.8504,0.2182,0.0269,0.8073,0.1128,0.0056,0.8461,0.2083,0.0221,0.8156,0.1668,0.0,0.0,2.22,0.0,0.0,0.0,0.0,0.0,0.0,
13.8,run,8.17,4.35,0.15,-0.05,-0.47,111.0,0.0,0.0,1.183,-0.26,18.02,65.3,1.58,16.88,72.77,2.81,20.3,83.23,1.05,18.98,74.44,0.18,19.95,82.44,0.7,17.05,77.78,-0.53,18.6,66.27,1.38,18.4,73.61,2.28,21.77,83.55,0.94,19.4,74.58,0.2,21.54,82.71,0.77,19.86,79.18,-0.0152,0.7927,0.015,0.0396,0.789,0.1013,0.065,0.8504,0.2182,0.0269,0.8073,0.1128,0.0056,0.8461,0.2083,0.0221,0.8156,0.1668,0.013,0.013,0.026,0.006,0.071,0.058,0.013,0.169,0.006,0.0,0.006,0.006,0.0,0.13,0.006,0.0,0.195,0.052,-0.0061,0.316,1.1367,0.0261,0.2853,1.2686,0.046,0.3528,1.445,0.0169,0.3237,1.2977,0.0061,0.3451,1.4389,0.0123,0.2945,1.353,0.0,0.0,0.0,-0.0,0.0,0.0,-0.0,-0.0,-0.0,-0.0,0.0,0.0,-0.0,0.0,-0.0,-0.0,0.0,0.0,0.6747,0.0728,0.0032,0.0005,-0.0086,-0.0152,0.7927,0.0149,0.0396,0.789,0.1013,0.065,0.8504,0.2182,0.0269,0.8073,0.1128,0.0056,0.8461,0.2083,0.0221,0.8156,0.1668,0.0,0.0,2.22,0.0,0.0,0.0,0.0,0.0,0.0,
13.84,run,8.17,4.35,0.09,0.0,-0.49,111.0,0.0,0.0,1.183,-0.26,18.02,65.3,1.58,16.88,72.77,2.81,20.3,83.23,1.05,18.98,74.44,0.18,19.95,82.44,0.7,17.05,77.78,-0.53,18.6,66.27,1.38,18.4,73.61,2.28,21.77,83.55,0.94,19.4,74.58,0.2,21.53,82.71,0.77,19.86,79.18,-0.0152,0.7927,0.015,0.0396,0.789,0.1013,0.065,0.8504,0.2182,0.0269,0.8073,0.1128,0.0056,0.8461,0.2083,0.0221,0.8156,0.1668,0.013,0.013,0.026,0.006,0.071,0.058,0.013,0.169,0.006,0.0,0.006,0.006,0.0,0.13,0.006,0.0,0.195,0.052,-0.0061,0.316,1.1367,0.0261,0.2853,1.2686,0.046,0.3528,1.445,0.0169,0.3237,1.2977,0.0061,0.3451,1.4389,0.0123,0.2945,1.353,0.0,0.0,0.0,-0.0,0.0,0.0,-0.0,-0.0,-0.0,-0.0,0.0,0.0,-0.0,0.0,-0.0,-0.0,0.0,0.0,0.6745,0.0724,0.0027,-0.0009,-0.0082,-0.0152,0.7927,0.015,0.0396,0.789,0.1013,0.065,0.8504,0.2182,0.0269,0.8073,0.1128,0.0056,0.8461,0.2083,0.0221,0.8156,0.1668,0.0,0.0,2.22,0.0,0.0,0.0,0.0,0.0,0.0,
13.88,run,8.17,4.35,0.18,-0.07,-0.51,111.0,0.0,0.0,1.183,-0.26,18.02,65.3,1.58,16.88,72.77,2.81,20.3,83.23,1.05,18.98,74.44,0.18,19.95,82.44,0.7,17.05,77.78,-0.53,18.6,66.27,1.38,18.4,73.61,2.28,21.77,83.55,0.94,19.4,74.58,0.2,21.53,82.71,0.77,19.86,79.18,-0.0152,0.7927,0.015,0.0396,0.789,0.1013,0.065,0.8504,0.2182,0.0269,0.8073,0.1128,0.0056,0.8461,0.2083,0.0221,0.8156,0.1668,0.013,0.013,0.026,0.006,0.071,0.058,0.013,0.169,0.006,0.0,0.006,0.006,0.0,0.13,0.006,0.0,0.195,0.052,-0.0061,0.316,1.1367,0.0261,0.2853,1.2686,0.046,0.3528,1.445,0.0169,0.3237,1.2977,0.0061,0.3451,1.4389,0.0123,0.2945,1.353,0.0,0.0,0.0,-0.0,0.0,0.0,-0.0,-0.0,-0.0,-0.0,0.0,0.0,-0.0,0.0,-0.0,-0.0,0.0,0.0,0.6743,0.0724,0.0016,0.0001,-0.0086,-0.0152,0.7927,0.015,0.0396,0.789,0.1013,0.065,0.8504,0.2182,0.0269,0.8073,0.1128,0.0056,0.8461,0.2083,0.0221,0.8156,0.1668,0.0,0.0,2.22,0.0,0.0,0.0,0.0,0.0,0.0,
13.92,run,8.17,4.35,0.17,0.08,-0.51,111.0,0.0,0.0,1.183,-0.26,18.02,65.3,1.58,16.88,72.77,2.81,20.3,83.23,1.05,18.98,74.44,0.18,19.95,82.44,0.7,17.05,77.78,-0.53,18.6,66.27,1.38,18.39,73.61,2.28,21.77,83.55,0.94,19.4,74.58,0.2,21.53,82.71,0.77,19.86,79.18,-0.0152,0.7927,0.015,0.0396,0.789,0.1013,0.065,0.8504,0.2182,0.0269,0.8073,0.1128,0.0056,0.8461,0.2083,0.0221,0.8156,0.1668,0.013,0.013,0.026,0.0,0.065,0.052,0.013,0.175,0.006,0.0,0.006,0.006,0.0,0.182,0.006,0.0,0.195,0.052,-0.0061,0.316,1.1367,0.0261,0.2853,1.2686,0.046,0.3528,1.445,0.0169,0.3237,1.2977,0.0061,0.3451,1.4389,0.0123,0.2945,1.353,0.0,0.0,0.0,-0.0,0.0,0.0,-0.0,-0.0,-0.0,-0.0,0.0,0.0,-0.0,0.0,-0.0,-0.0,0.0,0.0,0.6743,0.0719,0.0031,-0.0013,-0.0089,-0.0152,0.7927,0.015,0.0396,0.789,0.1013,0.065,0.8504,0.2182,0.0269,0.8073,0.1128,0.0056,0.8461,0.2083,0.0221,0.8156,0.1668,0.0,0.0,2.22,0.0,0.0,0.0,0.0,0.0,0.0,
13.96,run,8.16,4.35,0.15,0.04,-0.43,111.0,0.0,0.0,1.183,-0.26,18.02,65.3,1.58,16.88,72.77,2.81,20.3,83.23,1.05,18.98,74.44,0.18,19.95,82.44,0.7,17.05,77.78,-0.53,18.6,66.27,1.38,18.39,73.61,2.28,21.77,83.55,0.94,19.4,74.59,0.2,21.53,82.71,0.77,19.86,79.18,-0.0152,0.7927,0.015,0.0396,0.789,0.1013,0.065,0.8504,0.2182,0.0269,0.8073,0.1128,0.0057,0.8461,0.2083,0.0221,0.8156,0.1668,0.013,0.013,0.026,0.0,0.065,0.052,0.013,0.175,0.006,0.0,0.006,0.006,0.0,0.182,0.006,0.0,0.195,0.052,-0.0061,0.316,1.1367,0.0261,0.2853,1.2686,0.046,0.3528,1.445,0.0169,0.3237,1.2977,0.0061,0.3451,1.4389,0.0123,0.2945,1.353,0.0,0.0,0.0,-0.0,0.0,0.0,-0.0,-0.0,-0.0,-0.0,0.0,0.0,-0.0,0.0,-0.0,-0.0,0.0,0.0,0.6743,0.0722,0.0029,0.0014,-0.0089,-0.0152,0.7927,0.015,0.0396,0.789,0.1013,0.065,0.8504,0.2182,0.0269,0.8073,0.1128,0.0056,0.8461,0.2083,0.0221,0.8156,0.1668,0.0,0.0,2.22,0.0,0.0,0.0,0.0,0.0,0.0,
14.0,run,8.16,4.35,0.14,0.03,-0.53,111.0,0.0,0.0,1.183,-0.26,18.02,65.3,1.58,16.88,72.77,2.81,20.3,83.23,1.05,18.98,74.44,0.18,19.95,82.44,0.7,17.05,77.78,-0.53,18.6,66.27,1.38,18.4,73.61,2.28,21.77,83.55,0.94,19.4,74.59,0.2,21.53,82.71,0.77,19.86,79.18,-0.0152,0.7927,0.015,0.0396,0.789,0.1013,0.065,0.8504,0.2182,0.0269,0.8073,0.1128,0.0057,0.8461,0.2083,0.0221,0.8156,0.1668,0.013,0.013,0.026,0.0,0.065,0.052,0.013,0.175,0.006,0.0,0.006,0.006,0.0,0.182,0.006,0.0,0.195,0.052,-0.0061,0.316,1.1367,0.0261,0.2853,1.2686,0.046,0.3528,1.445,0.0169,0.3237,1.2977,0.0061,0.3451,1.4389,0.0123,0.2945,1.353,0.0,0.0,0.0,-0.0,0.0,0.0,-0.0,-0.0,-0.0,-0.0,0.0,0.0,-0.0,0.0,-0.0,-0.0,0.0,0.0,0.6741,0.0722,0.0025,0.0007,-0.0075,-0.0152,0.7927,0.015,0.0396,0.789,0.1013,0.065,0.8504,0.2182,0.0269,0.8073,0.1128,0.0057,0.8461,0.2083,0.0221,0.8156,0.1668,0.0,0.0,2.22,0.0,0.0,0.0,0.0,0.0,0.0,
14.04,run,8.16,4.35,0.16,0.0,-0.44,111.0,0.0,0.0,1.183,-0.26,18.02,65.3,1.58,16.88,72.77,2.81,20.3,83.23,1.05,18.98,74.44,0.18,19.95,82.44,0.7,17.05,77.78,-0.53,18.6,66.27,1.38,18.4,73.61,2.27,21.77,83.55,0.94,19.4,74.59,0.2,21.53,82.71,0.77,19.86,79.18,-0.0152,0.7927,0.015,0.0396,0.789,0.1013,0.065,0.8504,0.2182,0.0269,0.8073,0.1128,0.0056,0.8461,0.2083,0.0221,0.8156,0.1668,0.006,0.013,0.026,0.006,0.052,0.058,0.006,0.13,0.006,0.0,0.006,0.006,0.0,0.169,0.013,0.0,0.234,0.052,-0.0061,0.316,1.1367,0.0261,0.2853,1.2686,0.046,0.3528,1.445,0.0169,0.3237,1.2977,0.0061,0.3451,1.4389,0.0123,0.2945,1.353,0.0,0.0,0.0,-0.0,0.0,0.0,-0.0,-0.0,-0.0,-0.0,0.0,0.0,-0.0,0.0,-0.0,-0.0,0.0,0.0,0.6738,0.0722,0.0024,0.0005,-0.0093,-0.0152,0.7927,0.015,0.0396,0.789,0.1013,0.065,0.8504,0.2182,0.0269,0.8073,0.1128,0.0057,0.8461,0.2083,0.0221,0.8156,0.1668,0.0,0.0,2.22,0.0,0.0,0.0,0.0,0.0,0.0,
14.08,run,8.16,4.35,0.19,0.01,-0.48,111.0,0.0,0.0,1.183,-0.26,18.02,65.3,1.58,16.88,72.77,2.81,20.3,83.23,1.05,18.98,74.44,0.18,19.95,82.44,0.7,17.05,77.78,-0.53,18.6,66.27,1.38,18.4,73.61,2.28,21.77,83.55,0.94,19.4,74.59,0.2,21.53,82.71,0.77,19.86,79.18,-0.0152,0.7927,0.015,0.0396,0.789,0.1013,0.065,0.8504,0.2182,0.0269,0.8073,0.1128,0.0057,0.8461,0.2083,0.0221,0.8156,0.1668,0.006,0.013,0.026,0.006,0.052,0.058,0.006,0.13,0.006,0.0,0.006,0.006,0.0,0.169,0.013,0.0,0.234,0.052,-0.0061,0.316,1.1367,0.0261,0.2853,1.2686,0.046,0.3528,1.445,0.0169,0.3237,1.2977,0.0061,0.3451,1.4389,0.0123,0.2945,1.353,0.0,0.0,0.0,-0.0,0.0,0.0,-0.0,-0.0,-0.0,-0.0,0.0,0.0,-0.0,0.0,-0.0,-0.0,0.0,0.0,0.6738,0.0721,0.0028,0.0001,-0.0077,-0.0152,0.7927,0.015,0.0396,0.789,0.1013,0.065,0.8504,0.2182,0.0269,0.8073,0.1128,0.0056,0.8461,0.2083,0.0221,0.8156,0.1668,0.0,0.0,2.22,0.0,0.0,0.0,0.0,0.0,0.0,
14.12,run,8.16,4.35,0.2,0.0,-0.52,111.0,0.0,0.0,1.183,-0.26,18.02,65.3,1.58,16.88,72.77,2.81,20.3,83.23,1.05,18.98,74.44,0.18,19.95,82.44,0.7,17.05,77.78,-0.53,18.6,66.27,1.38,18.4,73.61,2.28,21.77,83.55,0.94,19.4,74.59,0.2,21.53,82.71,0.77,19.86,79.18,-0.0152,0.7927,0.015,0.0396,0.789,0.1013,0.065,0.8504,0.2182,0.0269,0.8073,0.1128,0.0056,0.8461,0.2083,0.0221,0.8156,0.1668,0.006,0.013,0.026,0.006,0.052,0.058,0.006,0.13,0.006,0.0,0.006,0.006,0.0,0.169,0.013,0.0,0.234,0.052,-0.0061,0.316,1.1367,0.0261,0.2853,1.2686,0.046,0.3528,1.445,0.0169,0.3237,1.2977,0.0061,0.3451,1.4389,0.0123,0.2945,1.353,0.0,0.0,0.0,-0.0,0.0,0.0,-0.0,-0.0,-0.0,-0.0,0.0,0.0,-0.0,0.0,-0.0,-0.0,0.0,0.0,0.6738,0.0721,0.0033,0.0002,-0.0083,-0.0152,0.7927,0.015,0.0396,0.789,0.1013,0.065,0.8504,0.2182,0.0269,0.8073,0.1128,0.0057,0.8461,0.2083,0.0221,0.8156,0.1668,0.0,0.0,2.22,0.0,0.0,0.0,0.0,0.0,0.0,
14.16,run,8.16,4.35,0.11,0.02,-0.53,111.0,0.0,0.0,1.183,-0.26,18.02,65.3,1.58,16.88,72.77,2.81,20.3,83.23,1.05,18.98,74.44,0.18,19.95,82.44,0.7,17.05,77.78,-0.53,18.6,66.27,1.38,18.39,73.61,2.28,21.77,83.55,0.94,19.4,74.59,0.2,21.53,82.71,0.77,19.86,79.18,-0.0152,0.7927,0.015,0.0396,0.789,0.1013,0.065,0.8504,0.2182,0.0269,0.8073,0.1128,0.0057,0.8461,0.2083,0.0221,0.8156,0.1668,0.013,0.013,0.026,0.006,0.058,0.058,0.013,0.175,0.0,0.0,0.006,0.006,0.0,0.13,0.006,0.006,0.189,0.052,-0.0061,0.316,1.1367,0.0261,0.2853,1.2686,0.046,0.3528,1.445,0.0169,0.3237,1.2977,0.0061,0.3451,1.4389,0.0123,0.2945,1.353,0.0,0.0,0.0,-0.0,0.0,0.0,-0.0,-0.0,-0.0,-0.0,0.0,0.0,-0.0,0.0,-0.0,-0.0,0.0,0.0,0.674,0.072,0.0035,0.0001,-0.0091,-0.0152,0.7927,0.015,0.0396,0.789,0.1013,0.065,0.8504,0.2182,0.0269,0.8073,0.1128,0.0056,0.8461,0.2083,0.0221,0.8156,0.1668,0.0,0.0,2.22,0.0,0.0,0.0,0.0,0.0,0.0,
14.2,run,8.16,4.35,0.2,0.03,-0.56,111.0,0.0,0.0,1.183,-0.26,18.02,65.3,1.58,16.88,72.77,2.81,20.3,83.23,1.05,18.98,74.44,0.18,19.95,82.44,0.7,17.05,77.78,-0.53,18.6,66.27,1.38,18.4,73.61,2.27,21.77,83.55,0.94,19.4,74.59,0.2,21.53,82.71,0.77,19.86,79.18,-0.0152,0.7927,0.015,0.0396,0.789,0.1013,0.065,0.8504,0.2182,0.0269,0.8073,0.1128,0.0056,0.8461,0.2083,0.0221,0.8156,0.1668,0.013,0.013,0.026,0.006,0.058,0.058,0.013,0.175,0.0,0.0,0.006,0.006,0.0,0.13,0.006,0.006,0.189,0.052,-0.0061,0.316,1.1367,0.0261,0.2853,1.2686,0.046,0.3528,1.445,0.0169,0.3237,1.2977,0.0061,0.3451,1.4389,0.0123,0.2945,1.353,0.0,0.0,0.0,-0.0,0.0,0.0,-0.0,-0.0,-0.0,-0.0,0.0,0.0,-0.0,0.0,-0.0,-0.0,0.0,0.0,0.6738,0.0722,0.0019,0.0003,-0.0093,-0.0152,0.7927,0.015,0.0396,0.789,0.1013,0.065,0.8504,0.2182,0.0269,0.8073,0.1128,0.0057,0.8461,0.2083,0.0221,0.8156,0.1668,0.0,0.0,2.22,0.0,0.0,0.0,0.0,0.0,0.0,
14.24,run,8.16,4.35,0.15,0.0,-0.48,111.0,0.0,0.0,1.183,-0.26,18.02,65.3,1.58,16.88,72.77,2.81,20.3,83.23,1.05,18.98,74.44,0.18,19.95,82.44,0.7,17.05,77.78,-0.53,18.6,66.27,1.38,18.4,73.61,2.27,21.77,83.55,0.94,19.4,74.59,0.2,21.54,82.71,0.77,19.86,79.18,-0.0152,0.7927,0.015,0.0396,0.789,0.1013,0.065,0.8504,0.2182,0.0269,0.8073,0.1128,0.0056,0.8461,0.2083,0.0221,0.8156,0.1669,0.013,0.013,0.026,0.006,0.058,0.058,0.013,0.175,0.0,0.0,0.006,0.006,0.0,0.13,0.006,0.006,0.189,0.052,-0.0061,0.316,1.1367,0.0261,0.2853,1.2686,0.046,0.3528,1.445,0.0169,0.3237,1.2977,0.0061,0.3451,1.4389,0.0123,0.2945,1.353,0.0,0.0,0.0,-0.0,0.0,0.0,-0.0,-0.0,-0.0,-0.0,0.0,0.0,-0.0,0.0,-0.0,-0.0,0.0,0.0,0.6737,0.0723,0.0035,0.0005,-0.0098,-0.0152,0.7927,0.015,0.0396,0.789,0.1013,0.065,0.8504,0.2182,0.0269,0.8073,0.1128,0.0056,0.8461,0.2083,0.0221,0.8156,0.1668,0.0,0.0,2.22,0.0,0.0,0.0,0.0,0.0,0.0,
14.28,run,8.16,4.35,0.18,0.0,-0.49,111.0,0.0,0.0,1.183,-0.26,18.02,65.3,1.58,16.88,72.77,2.81,20.3,83.23,1.05,18.98,74.44,0.18,19.95,82.44,0.7,17.05,77.78,-0.53,18.6,66.27,1.38,18.4,73.61,2.27,21.77,83.55,0.94,19.4,74.59,0.2,21.54,82.71,0.77,19.86,79.18,-0.0152,0.7927,0.015,0.0396,0.789,0.1013,0.065,0.8504,0.2182,0.0269,0.8073,0.1128,0.0056,0.8461,0.2083,0.0221,0.8156,0.1668,0.013,0.013,0.026,0.006,0.052,0.065,0.013,0.143,0.006,0.0,0.006,0.006,0.0,0.182,0.006,0.0,0.189,0.065,-0.0061,0.316,1.1367,0.0261,0.2853,1.2686,0.046,0.3528,1.445,0.0169,0.3237,1.2977,0.0061,0.3451,1.4389,0.0123,0.2945,1.353,0.0,0.0,0.0,-0.0,0.0,0.0,-0.0,-0.0,-0.0,-0.0,0.0,0.0,-0.0,0.0,-0.0,-0.0,0.0,0.0,0.6736,0.0722,0.0027,0.0001,-0.0083,-0.0152,0.7927,0.015,0.0396,0.789,0.1013,0.065,0.8504,0.2182,0.0269,0.8073,0.1128,0.0056,0.8461,0.2083,0.0221,0.8156,0.1669,0.0,0.0,2.22,0.0,0.0,0.0,0.0,0.0,0.0,
14.32,run,8.16,4.35,0.13,-0.0,-0.46,111.0,0.0,0.0,1.183,-0.26,18.02,65.3,1.58,16.88,72.77,2.81,20.3,83.23,1.05,18.98,74.44,0.18,19.95,82.44,0.7,17.05,77.78,-0.53,18.6,66.27,1.38,18.4,73.61,2.27,21.77,83.55,0.94,19.4,74.59,0.2,21.53,82.71,0.77,19.86,79.18,-0.0152,0.7927,0.015,0.0396,0.789,0.1013,0.065,0.8504,0.2182,0.0269,0.8073,0.1128,0.0056,0.8461,0.2083,0.0221,0.8156,0.1668,0.013,0.013,0.026,0.006,0.052,0.065,0.013,0.143,0.006,0.0,0.006,0.006,0.0,0.182,0.006,0.0,0.189,0.065,-0.0061,0.316,1.1367,0.0261,0.2853,1.2686,0.046,0.3528,1.445,0.0169,0.3237,1.2977,0.0061,0.3451,1.4389,0.0123,0.2945,1.353,0.0,0.0,0.0,-0.0,0.0,0.0,-0.0,-0.0,-0.0,-0.0,0.0,0.0,-0.0,0.0,-0.0,-0.0,0.0,0.0,0.6737,0.0722,0.0031,0.0001,-0.0085,-0.0152,0.7927,0.015,0.0396,0.789,0.1013,0.065,0.8504,0.2182,0.0269,0.8073,0.1128,0.0056,0.8461,0.2083,0.0221,0.8156,0.1668,0.0,0.0,2.22,0.0,0.0,0.0,0.0,0.0,0.0,
14.36,run,8.16,4.35,0.18,0.02,-0.51,111.0,0.0,0.0,1.183,-0.26,18.02,65.3,1.58,16.88,72.77,2.81,20.3,83.23,1.05,18.98,74.44,0.18,19.95,82.44,0.7,17.05,77.78,-0.53,18.6,66.27,1.38,18.4,73.61,2.28,21.77,83.55,0.94,19.4,74.59,0.2,21.53,82.71,0.77,19.86,79.18,-0.0152,0.7927,0.015,0.0396,0.789,0.1013,0.065,0.8504,0.2182,0.0269,0.8073,0.1128,0.0057,0.8461,0.2083,0.0221,0.8156,0.1668,0.013,0.013,0.026,0.006,0.052,0.065,0.013,0.143,0.006,0.0,0.006,0.006,0.0,0.182,0.006,0.0,0.189,0.065,-0.0061,0.316,1.1367,0.0261,0.2853,1.2686,0.046,0.3528,1.445,0.0169,0.3237,1.2977,0.0061,0.3451,1.4389,0.0123,0.2945,1.353,0.0,0.0,0.0,-0.0,0.0,0.0,-0.0,-0.0,-0.0,-0.0,0.0,0.0,-0.0,0.0,-0.0,-0.0,0.0,0.0,0.6737,0.0719,0.0023,-0.0001,-0.0079,-0.0152,0.7927,0.015,0.0396,0.789,0.1013,0.065,0.8504,0.2182,0.0269,0.8073,0.1128,0.0056,0.8461,0.2083,0.0221,0.8156,0.1668,0.0,0.0,2.22,0.0,0.0,0.0,0.0,0.0,0.0,
14.4,run,8.16,4.35,0.23,0.07,-0.49,111.0,0.0,0.0,1.183,-0.26,18.02,65.3,1.58,16.88,72.77,2.81,20.3,83.23,1.05,18.98,74.44,0.18,19.95,82.44,0.7,17.05,77.78,-0.53,18.6,66.27,1.38,18.39,73.61,2.27,21.77,83.55,0.94,19.4,74.59,0.2,21.53,82.71,0.77,19.86,79.18,-0.0152,0.7927,0.015,0.0396,0.789,0.1013,0.065,0.8504,0.2182,0.0269,0.8073,0.1128,0.0057,0.8461,0.2083,0.0221,0.8156,0.1668,0.013,0.013,0.026,0.0,0.052,0.065,0.013,0.163,0.006,0.0,0.006,0.006,0.0,0.149,0.013,0.0,0.208,0.058,-0.0061,0.316,1.1367,0.0261,0.2853,1.2686,0.046,0.3528,1.445,0.0169,0.3237,1.2977,0.0061,0.3451,1.4389,0.0123,0.2945,1.353,0.0,0.0,0.0,-0.0,0.0,0.0,-0.0,-0.0,-0.0,-0.0,0.0,0.0,-0.0,0.0,-0.0,-0.0,0.0,0.0,0.6736,0.0717,0.0031,0.0003,-0.0089,-0.0152,0.7927,0.015,0.0396,0.789,0.1013,0.065,0.8504,0.2182,0.0269,0.8073,0.1128,0.0057,0.8461,0.2083,0.0221,0.8156,0.1668,0.0,0.0,2.22,0.0,0.0,0.0,0.0,0.0,0.0,
14.44,run,8.17,4.35,0.19,0.03,-0.42,111.0,0.0,0.0,1.183,-0.26,18.02,65.3,1.58,16.88,72.77,2.81,20.3,83.23,1.05,18.98,74.44,0.18,19.95,82.44,0.7,17.05,77.78,-0.53,18.6,66.27,1.38,18.39,73.61,2.28,21.77,83.55,0.94,19.4,74.59,0.2,21.53,82.71,0.77,19.86,79.18,-0.0152,0.7927,0.015,0.0396,0.789,0.1013,0.065,0.8504,0.2182,0.0269,0.8073,0.1128,0.0057,0.8461,0.2083,0.0221,0.8156,0.1668,0.013,0.013,0.026,0.0,0.052,0.065,0.013,0.163,0.006,0.0,0.006,0.006,0.0,0.149,0.013,0.0,0.208,0.058,-0.0061,0.316,1.1367,0.0261,0.2853,1.2686,0.046,0.3528,1.445,0.0169,0.3237,1.2977,0.0061,0.3451,1.4389,0.0123,0.2945,1.353,0.0,0.0,0.0,-0.0,0.0,0.0,-0.0,-0.0,-0.0,-0.0,0.0,0.0,-0.0,0.0,-0.0,-0.0,0.0,0.0,0.674,0.0719,0.004,0.0011,-0.0085,-0.0152,0.7927,0.015,0.0396,0.789,0.1013,0.065,0.8504,0.2182,0.0269,0.8073,0.1128,0.0057,0.8461,0.2083,0.0221,0.8156,0.1668,0.0,0.0,2.22,0.0,0.0,0.0,0.0,0.0,0.0,
14.48,run,8.16,4.35,0.14,-0.07,-0.52,111.0,0.0,0.0,1.183,-0.26,18.02,65.3,1.58,16.88,72.77,2.81,20.3,83.23,1.05,18.98,74.44,0.18,19.95,82.44,0.7,17.05,77.78,-0.53,18.6,66.27,1.39,18.39,73.61,2.28,21.77,83.55,0.94,19.4,74.59,0.2,21.53,82.71,0.77,19.86,79.18,-0.0152,0.7927,0.015,0.0396,0.789,0.1013,0.065,0.8504,0.2182,0.0269,0.8073,0.1128,0.0057,0.8461,0.2083,0.0221,0.8156,0.1668,0.013,0.013,0.026,0.0,0.052,0.065,0.013,0.163,0.006,0.0,0.006,0.006,0.0,0.149,0.013,0.0,0.208,0.058,-0.0061,0.316,1.1367,0.0261,0.2853,1.2686,0.046,0.3528,1.445,0.0169,0.3237,1.2977,0.0061,0.3451,1.4389,0.0123,0.2945,1.353,0.0,0.0,0.0,-0.0,0.0,0.0,-0.0,-0.0,-0.0,-0.0,0.0,0.0,-0.0,0.0,-0.0,-0.0,0.0,0.0,0.6743,0.0719,0.0033,0.0005,-0.0074,-0.0152,0.7927,0.015,0.0396,0.789,0.1013,0.065,0.8504,0.2182,0.0269,0.8073,0.1128,0.0057,0.8461,0.2083,0.0221,0.8156,0.1668,0.0,0.0,2.22,0.0,0.0,0.0,0.0,0.0,0.0,
14.52,run,8.16,4.35,0.16,0.01,-0.51,111.0,0.0,0.0,1.183,-0.26,18.02,65.3,1.58,16.88,72.77,2.81,20.3,83.23,1.05,18.98,74.44,0.18,19.95,82.44,0.7,17.05,77.78,-0.53,18.6,66.27,1.38,18.39,73.61,2.28,21.77,83.55,0.94,19.4,74.59,0.2,21.53,82.71,0.77,19.86,79.18,-0.0152,0.7927,0.015,0.0396,0.789,0.1013,0.065,0.8504,0.2182,0.0269,0.8073,0.1128,0.0056,0.8461,0.2083,0.0221,0.8156,0.1668,0.006,0.013,0.026,0.006,0.071,0.045,0.013,0.163,0.006,0.0,0.013,0.006,0.0,0.182,0.013,0.0,0.24,0.052,-0.0061,0.316,1.1367,0.0261,0.2853,1.2686,0.046,0.3528,1.445,0.0169,0.3237,1.2977,0.0061,0.3451,1.4389,0.0123,0.2945,1.353,0.0,0.0,0.0,-0.0,0.0,0.0,-0.0,-0.0,-0.0,-0.0,0.0,0.0,-0.0,0.0,-0.0,-0.0,0.0,0.0,0.6739,0.0718,0.0024,-0.0013,-0.009,-0.0152,0.7927,0.015,0.0396,0.789,0.1013,0.065,0.8504,0.2182,0.0269,0.8073,0.1128,0.0057,0.8461,0.2083,0.0221,0.8156,0.1668,0.0,0.0,2.22,0.0,0.0,0.0,0.0,0.0,0.0,
14.56,run,8.16,4.35,0.15,0.07,-0.47,111.0,0.0,0.0,1.183,-0.26,18.02,65.3,1.58,16.88,72.77,2.81,20.3,83.23,1.05,18.98,74.44,0.18,19.95,82.44,0.7,17.05,77.78,-0.53,18.6,66.27,1.38,18.39,73.61,2.28,21.77,83.55,0.94,19.4,74.59,0.2,21.53,82.71,0.77,19.86,79.18,-0.0152,0.7927,0.015,0.0396,0.789,0.1013,0.065,0.8504,0.2182,0.0269,0.8073,0.1128,0.0057,0.8461,0.2083,0.0221,0.8156,0.1668,0.006,0.013,0.026,0.006,0.071,0.045,0.013,0.163,0.006,0.0,0.013,0.006,0.0,0.182,0.013,0.0,0.24,0.052,-0.0061,0.316,1.1367,0.0261,0.2853,1.2686,0.046,0.3528,1.445,0.0169,0.3237,1.2977,0.0061,0.3451,1.4389,0.0123,0.2945,1.353,0.0,0.0,0.0,-0.0,0.0,0.0,-0.0,-0.0,-0.0,-0.0,0.0,0.0,-0.0,0.0,-0.0,-0.0,0.0,0.0,0.6739,0.0717,0.0028,0.0002,-0.0089,-0.0152,0.7927,0.015,0.0396,0.789,0.1013,0.065,0.8504,0.2182,0.0269,0.8073,0.1128,0.0056,0.8461,0.2083,0.0221,0.8156,0.1668,0.0,0.0,2.22,0.0,0.0,0.0,0.0,0.0,0.0,
14.6,run,8.16,4.34,0.15,-0.06,-0.42,111.0,0.0,0.0,1.183,-0.26,18.02,65.3,1.58,16.88,72.77,2.81,20.3,83.23,1.05,18.98,74.44,0.18,19.95,82.44,0.7,17.05,77.78,-0.53,18.6,66.27,1.39,18.4,73.61,2.28,21.77,83.55,0.94,19.4,74.59,0.2,21.53,82.71,0.77,19.86,79.18,-0.0152,0.7927,0.015,0.0396,0.789,0.1013,0.065,0.8504,0.2182,0.0269,0.8073,0.1128,0.0057,0.8461,0.2083,0.0221,0.8156,0.1668,0.006,0.013,0.026,0.006,0.071,0.045,0.013,0.163,0.006,0.0,0.013,0.006,0.0,0.182,0.013,0.0,0.24,0.052,-0.0061,0.316,1.1367,0.0261,0.2853,1.2686,0.046,0.3528,1.445,0.0169,0.3237,1.2977,0.0061,0.3451,1.4389,0.0123,0.2945,1.353,0.0,0.0,0.0,-0.0,0.0,0.0,-0.0,-0.0,-0.0,-0.0,0.0,0.0,-0.0,0.0,-0.0,-0.0,0.0,0.0,0.6737,0.0718,0.0025,0.0011,-0.0082,-0.0152,0.7927,0.015,0.0396,0.789,0.1013,0.065,0.8504,0.2182,0.0269,0.8073,0.1128,0.0057,0.8461,0.2083,0.0221,0.8156,0.1668,0.0,0.0,2.22,0.0,0.0,0.0,0.0,0.0,0.0,
14.64,run,8.16,4.34,0.12,0.05,-0.52,111.0,0.0,0.0,1.183,-0.26,18.02,65.3,1.58,16.88,72.77,2.81,20.3,83.23,1.05,18.98,74.44,0.18,19.95,82.44,0.7,17.05,77.78,-0.53,18.6,66.27,1.38,18.39,73.61,2.28,21.77,83.55,0.94,19.4,74.59,0.2,21.53,82.71,0.77,19.86,79.18,-0.0152,0.7927,0.015,0.0396,0.789,0.1013,0.065,0.8504,0.2182,0.0269,0.8073,0.1128,0.0057,0.8461,0.2083,0.0221,0.8156,0.1668,0.013,0.013,0.026,0.0,0.058,0.058,0.013,0.136,0.006,0.0,0.006,0.0,0.0,0.149,0.013,0.0,0.234,0.052,-0.0061,0.316,1.1367,0.0261,0.2853,1.2686,0.046,0.3528,1.445,0.0169,0.3237,1.2977,0.0061,0.3451,1.4389,0.0123,0.2945,1.353,0.0,0.0,0.0,-0.0,0.0,0.0,-0.0,-0.0,-0.0,-0.0,0.0,0.0,-0.0,0.0,-0.0,-0.0,0.0,0.0,0.6737,0.0714,0.0025,-0.001,-0.0073,-0.0152,0.7927,0.015,0.0396,0.789,0.1013,0.065,0.8504,0.2182,0.0269,0.8073,0.1128,0.0057,0.8461,0.2083,0.0221,0.8156,0.1668,0.0,0.0,2.22,0.0,0.0,0.0,0.0,0.0,0.0,
14.68,run,8.16,4.35,0.16,0.08,-0.49,111.0,0.0,0.0,1.183,-0.26,18.02,65.3,1.58,16.88,72.77,2.81,20.3,83.23,1.05,18.98,74.44,0.18,19.95,82.44,0.7,17.05,77.78,-0.53,18.6,66.27,1.38,18.4,73.61,2.27,21.77,83.55,0.94,19.4,74.59,0.2,21.53,82.71,0.77,19.86,79.18,-0.0152,0.7927,0.015,0.0396,0.789,0.1013,0.065,0.8504,0.2182,0.0269,0.8073,0.1128,0.0057,0.8461,0.2083,0.0221,0.8156,0.1668,0.013,0.013,0.026,0.0,0.058,0.058,0.013,0.136,0.006,0.0,0.006,0.0,0.0,0.149,0.013,0.0,0.234,0.052,-0.0061,0.316,1.1367,0.0261,0.2853,1.2686,0.046,0.3528,1.445,0.0169,0.3237,1.2977,0.0061,0.3451,1.4389,0.0123,0.2945,1.353,0.0,0.0,0.0,-0.0,0.0,0.0,-0.0,-0.0,-0.0,-0.0,0.0,0.0,-0.0,0.0,-0.0,-0.0,0.0,0.0,0.6735,0.0715,0.002,0.0009,-0.009,-0.0152,0.7927,0.015,0.0396,0.789,0.1013,0.065,0.8504,0.2182,0.0269,0.8073,0.1128,0.0057,0.8461,0.2083,0.0221,0.8156,0.1668,0.0,0.0,2.22,0.0,0.0,0.0,0.0,0.0,0.0,
14.72,run,8.16,4.35,0.15,-0.01,-0.51,111.0,0.0,0.0,1.183,-0.26,18.02,65.3,1.58,16.88,72.77,2.81,20.3,83.23,1.05,18.98,74.44,0.18,19.95,82.44,0.7,17.05,77.78,-0.53,18.6,66.27,1.39,18.39,73.61,2.28,21.77,83.55,0.94,19.4,74.59,0.2,21.53,82.71,0.77,19.86,79.18,-0.0152,0.7927,0.015,0.0396,0.789,0.1013,0.065,0.8504,0.2182,0.0269,0.8073,0.1128,0.0057,0.8461,0.2083,0.0221,0.8156,0.1668,0.013,0.013,0.026,0.0,0.058,0.058,0.013,0.136,0.006,0.0,0.006,0.0,0.0,0.149,0.013,0.0,0.234,0.052,-0.0061,0.316,1.1367,0.0261,0.2853,1.2686,0.046,0.3528,1.445,0.0169,0.3237,1.2977,0.0061,0.3451,1.4389,0.0123,0.2945,1.353,0.0,0.0,0.0,-0.0,0.0,0.0,-0.0,-0.0,-0.0,-0.0,0.0,0.0,-0.0,0.0,-0.0,-0.0,0.0,0.0,0.6737,0.0717,0.0028,0.0014,-0.0086,-0.0152,0.7927,0.015,0.0396,0.789,0.1013,0.065,0.8504,0.2182,0.0269,0.8073,0.1128,0.0057,0.8461,0.2083,0.0221,0.8156,0.1668,0.0,0.0,2.22,0.0,0.0,0.0,0.0,0.0,0.0,
14.76,run,8.16,4.34,0.16,-0.0,-0.57,111.0,0.0,0.0,1.183,-0.26,18.02,65.3,1.58,16.88,72.77,2.81,20.3,83.23,1.05,18.98,74.44,0.18,19.95,82.44,0.7,17.05,77.78,-0.53,18.6,66.27,1.38,18.39,73.61,2.27,21.77,83.55,0.94,19.4,74.59,0.2,21.53,82.71,0.77,19.86,79.18,-0.0152,0.7927,0.015,0.0396,0.789,0.1013,0.065,0.8504,0.2182,0.0269,0.8073,0.1128,0.0057,0.8461,0.2083,0.0221,0.8156,0.1668,0.006,0.013,0.026,0.0,0.058,0.065,0.013,0.156,0.006,0.0,0.006,0.006,0.0,0.175,0.006,0.0,0.189,0.058,-0.0061,0.316,1.1367,0.0261,0.2853,1.2686,0.046,0.3528,1.445,0.0169,0.3237,1.2977,0.0061,0.3451,1.4389,0.0123,0.2945,1.353,0.0,0.0,0.0,-0.0,0.0,0.0,-0.0,-0.0,-0.0,-0.0,0.0,0.0,-0.0,0.0,-0.0,-0.0,0.0,0.0,0.6737,0.0717,0.0027,-0.0002,-0.0089,-0.0152,0.7927,0.015,0.0396,0.789,0.1013,0.065,0.8504,0.2182,0.0269,0.8073,0.1128,0.0057,0.8461,0.2083,0.0221,0.8156,0.1668,0.0,0.0,2.22,0.0,0.0,0.0,0.0,0.0,0.0,
14.8,run,8.15,4.34,0.13,0.06,-0.52,111.0,0.0,0.0,1.183,-0.26,18.02,65.3,1.58,16.88,72.77,2.81,20.3,83.23,1.05,18.98,74.44,0.18,19.95,82.44,0.7,17.05,77.78,-0.53,18.6,66.27,1.38,18.39,73.61,2.27,21.77,83.55,0.94,19.4,74.59,0.2,21.53,82.71,0.77,19.86,79.18,-0.0152,0.7927,0.015,0.0396,0.789,0.1013,0.065,0.8504,0.2182,0.0269,0.8073,0.1128,0.0057,0.8461,0.2083,0.0221,0.8156,0.1668,0.006,0.013,0.026,0.0,0.058,0.065,0.013,0.156,0.006,0.0,0.006,0.006,0.0,0.175,0.006,0.0,0.189,0.058,-0.0061,0.316,1.1367,0.0261,0.2853,1.2686,0.046,0.3528,1.445,0.0169,0.3237,1.2977,0.0061,0.3451,1.4389,0.0123,0.2945,1.353,0.0,0.0,0.0,-0.0,0.0,0.0,-0.0,-0.0,-0.0,-0.0,0.0,0.0,-0.0,0.0,-0.0,-0.0,0.0,0.0,0.6736,0.0715,0.0028,-0.0001,-0.0099,-0.0152,0.7927,0.015,0.0396,0.789,0.1013,0.065,0.8504,0.2182,0.0269,0.8073,0.1128,0.0057,0.8461,0.2083,0.0221,0.8156,0.1668,0.0,0.0,2.22,0.0,0.0,0.0,0.0,0.0,0.0,
14.84,run,8.15,4.35,0.18,0.03,-0.55,111.0,0.0,0.0,1.183,-0.26,18.02,65.3,1.58,16.88,72.77,2.81,20.3,83.23,1.05,18.98,74.44,0.18,19.95,82.44,0.7,17.05,77.78,-0.53,18.6,66.27,1.38,18.4,73.61,2.27,21.77,83.55,0.94,19.4,74.59,0.2,21.53,82.71,0.77,19.86,79.18,-0.0152,0.7927,0.015,0.0396,0.789,0.1013,0.065,0.8504,0.2182,0.0269,0.8073,0.1128,0.0057,0.8461,0.2083,0.0221,0.8156,0.1669,0.006,0.013,0.026,0.0,0.058,0.065,0.013,0.156,0.006,0.0,0.006,0.006,0.0,0.175,0.006,0.0,0.189,0.058,-0.0061,0.316,1.1367,0.0261,0.2853,1.2686,0.046,0.3528,1.445,0.0169,0.3237,1.2977,0.0061,0.3451,1.4389,0.0123,0.2945,1.353,0.0,0.0,0.0,-0.0,0.0,0.0,-0.0,-0.0,-0.0,-0.0,0.0,0.0,-0.0,0.0,-0.0,-0.0,0.0,0.0,0.6732,0.0715,0.0023,0.001,-0.009,-0.0152,0.7927,0.015,0.0396,0.789,0.1013,0.065,0.8504,0.2182,0.0269,0.8073,0.1128,0.0057,0.8461,0.2083,0.0221,0.8156,0.1668,0.0,0.0,2.22,0.0,0.0,0.0,0.0,0.0,0.0,
14.88,run,8.15,4.35,0.18,0.0,-0.54,111.0,0.0,0.0,1.183,-0.26,18.02,65.3,1.58,16.88,72.77,2.81,20.3,83.23,1.05,18.98,74.44,0.18,19.95,82.44,0.7,17.05,77.78,-0.53,18.6,66.27,1.38,18.4,73.61,2.27,21.77,83.55,0.94,19.4,74.59,0.2,21.53,82.71,0.77,19.86,79.18,-0.0152,0.7927,0.015,0.0396,0.789,0.1013,0.065,0.8504,0.2182,0.0269,0.8073,0.1128,0.0057,0.8461,0.2083,0.0221,0.8156,0.1669,0.013,0.013,0.026,0.0,0.071,0.052,0.013,0.136,0.006,0.0,0.013,0.006,0.0,0.189,0.013,0.0,0.234,0.071,-0.0061,0.316,1.1367,0.0261,0.2853,1.2686,0.046,0.3528,1.445,0.0169,0.3237,1.2977,0.0061,0.3451,1.4389,0.0123,0.2945,1.353,0.0,0.0,0.0,-0.0,0.0,0.0,-0.0,-0.0,-0.0,-0.0,0.0,0.0,-0.0,0.0,-0.0,-0.0,0.0,0.0,0.6734,0.0718,0.0032,0.0005,-0.0095,-0.0152,0.7927,0.015,0.0396,0.789,0.1013,0.065,0.8504,0.2182,0.0269,0.8073,0.1128,0.0057,0.8461,0.2083,0.0221,0.8156,0.1669,0.0,0.0,2.22,0.0,0.0,0.0,0.0,0.0,0.0,
14.92,run,8.15,4.34,0.17,-0.0,-0.46,111.0,0.0,0.0,1.183,-0.26,18.02,65.3,1.58,16.88,72.77,2.81,20.3,83.23,1.05,18.98,74.44,0.18,19.95,82.44,0.7,17.05,77.78,-0.53,18.6,66.28,1.38,18.4,73.61,2.27,21.77,83.55,0.94,19.4,74.59,0.2,21.53,82.71,0.77,19.86,79.18,-0.0152,0.7927,0.015,0.0396,0.789,0.1013,0.065,0.8504,0.2182,0.0269,0.8073,0.1128,0.0056,0.8461,0.2083,0.0221,0.8156,0.1669,0.013,0.013,0.026,0.0,0.071,0.052,0.013,0.136,0.006,0.0,0.013,0.006,0.0,0.189,0.013,0.0,0.234,0.071,-0.0061,0.316,1.1367,0.0261,0.2853,1.2686,0.046,0.3528,1.445,0.0169,0.3237,1.2977,0.0061,0.3451,1.4389,0.0123,0.2945,1.353,0.0,0.0,0.0,-0.0,0.0,0.0,-0.0,-0.0,-0.0,-0.0,0.0,0.0,-0.0,0.0,-0.0,-0.0,0.0,0.0,0.6731,0.0718,0.0031,0.0001,-0.0094,-0.0152,0.7927,0.015,0.0396,0.789,0.1013,0.065,0.8504,0.2182,0.0269,0.8073,0.1128,0.0057,0.8461,0.2083,0.0221,0.8156,0.1669,0.0,0.0,2.22,0.0,0.0,0.0,0.0,0.0,0.0,
14.96,run,8.15,4.34,0.18,0.05,-0.49,111.0,0.0,0.0,1.183,-0.26,18.02,65.3,1.58,16.88,72.77,2.81,20.3,83.23,1.05,18.98,74.44,0.18,19.95,82.44,0.7,17.05,77.78,-0.53,18.6,66.27,1.38,18.4,73.61,2.27,21.77,83.55,0.94,19.4,74.59,0.2,21.53,82.71,0.77,19.86,79.18,-0.0152,0.7927,0.015,0.0396,0.789,0.1013,0.065,0.8504,0.2182,0.0269,0.8073,0.1128,0.0057,0.8461,0.2083,0.0221,0.8156,0.1669,0.013,0.013,0.026,0.0,0.071,0.052,0.013,0.136,0.006,0.0,0.013,0.006,0.0,0.189,0.013,0.0,0.234,0.071,-0.0061,0.316,1.1367,0.0261,0.2853,1.2686,0.046,0.3528,1.445,0.0169,0.3237,1.2977,0.0061,0.3451,1.4389,0.0123,0.2945,1.353,0.0,0.0,0.0,-0.0,0.0,0.0,-0.0,-0.0,-0.0,-0.0,0.0,0.0,-0.0,0.0,-0.0,-0.0,0.0,0.0,0.6733,0.0715,0.0029,-0.0001,-0.0081,-0.0152,0.7927,0.015,0.0396,0.789,0.1013,0.065,0.8504,0.2182,0.0269,0.8073,0.1128,0.0056,0.8461,0.2083,0.0221,0.8156,0.1669,0.0,0.0,2.22,0.0,0.0,0.0,0.0,0.0,0.0,
15.1,tail,8.16,4.35,0.16,0.02,-0.54,,0.0,0.0,1.183,-0.26,18.02,65.3,1.58,16.88,72.77,2.81,20.3,83.23,1.05,18.98,74.44,0.18,19.95,82.44,0.7,17.05,77.78,,,,,,,,,,,,,,,,,,,,,,,,,,,,,,,,,,,,,0.006,0.013,0.026,0.006,0.058,0.065,0.013,0.117,0.006,0.0,0.013,0.006,0.0,0.136,0.013,0.0,0.189,0.052,,,,,,,,,,,,,,,,,,,,,,,,,,,,,,,,,,,,,,,,,,,,,,,,,,,,,,,,,,,,,,,,,,,,,
15.2,tail,8.18,4.35,0.2,0.02,-0.52,,0.0,0.0,1.183,-0.26,18.02,65.3,1.58,16.88,72.77,2.81,20.3,83.23,1.05,18.98,74.44,0.18,19.95,82.44,0.7,17.05,77.78,,,,,,,,,,,,,,,,,,,,,,,,,,,,,,,,,,,,,0.006,0.013,0.026,0.0,0.065,0.058,0.013,0.175,0.006,0.0,0.006,0.006,0.0,0.143,0.006,0.0,0.208,0.052,,,,,,,,,,,,,,,,,,,,,,,,,,,,,,,,,,,,,,,,,,,,,,,,,,,,,,,,,,,,,,,,,,,,,
15.3,tail,8.2,4.35,0.17,-0.03,-0.45,,0.0,0.0,1.183,-0.26,18.02,65.3,1.58,16.88,72.77,2.81,20.3,83.23,1.05,18.98,74.44,0.18,19.95,82.44,0.7,17.05,77.78,,,,,,,,,,,,,,,,,,,,,,,,,,,,,,,,,,,,,0.006,0.013,0.026,0.006,0.052,0.052,0.013,0.169,0.006,0.0,0.006,0.006,0.0,0.182,0.013,0.0,0.234,0.052,,,,,,,,,,,,,,,,,,,,,,,,,,,,,,,,,,,,,,,,,,,,,,,,,,,,,,,,,,,,,,,,,,,,,
15.4,tail,8.21,4.35,0.18,-0.0,-0.56,,0.0,0.0,1.183,-0.26,18.02,65.3,1.58,16.88,72.77,2.81,20.3,83.23,1.05,18.98,74.44,0.18,19.95,82.44,0.7,17.05,77.78,,,,,,,,,,,,,,,,,,,,,,,,,,,,,,,,,,,,,0.013,0.013,0.026,0.006,0.078,0.065,0.013,0.123,0.006,0.0,0.006,0.006,0.0,0.182,0.013,0.0,0.195,0.052,,,,,,,,,,,,,,,,,,,,,,,,,,,,,,,,,,,,,,,,,,,,,,,,,,,,,,,,,,,,,,,,,,,,,
15.5,tail,8.22,4.34,0.17,-0.01,-0.5,,0.0,0.0,1.183,-0.26,18.02,65.3,1.58,16.88,72.77,2.81,20.3,83.23,1.05,18.98,74.44,0.18,19.95,82.44,0.7,17.05,77.78,,,,,,,,,,,,,,,,,,,,,,,,,,,,,,,,,,,,,0.006,0.013,0.026,0.006,0.058,0.052,0.013,0.169,0.0,0.0,0.006,0.006,0.0,0.156,0.013,0.0,0.234,0.065,,,,,,,,,,,,,,,,,,,,,,,,,,,,,,,,,,,,,,,,,,,,,,,,,,,,,,,,,,,,,,,,,,,,,
15.6,tail,8.24,4.35,0.18,0.09,-0.52,,0.0,0.0,1.183,-0.26,18.02,65.3,1.58,16.88,72.77,2.81,20.3,83.23,1.05,18.98,74.44,0.18,19.95,82.44,0.7,17.05,77.78,,,,,,,,,,,,,,,,,,,,,,,,,,,,,,,,,,,,,0.013,0.013,0.026,0.006,0.065,0.052,0.013,0.169,0.006,0.0,0.013,0.006,0.0,0.156,0.013,0.0,0.208,0.052,,,,,,,,,,,,,,,,,,,,,,,,,,,,,,,,,,,,,,,,,,,,,,,,,,,,,,,,,,,,,,,,,,,,,
15.7,tail,8.25,4.35,0.18,0.01,-0.52,,0.0,0.0,1.183,-0.26,18.02,65.3,1.58,16.88,72.77,2.81,20.3,83.23,1.05,18.98,74.44,0.18,19.95,82.44,0.7,17.05,77.78,,,,,,,,,,,,,,,,,,,,,,,,,,,,,,,,,,,,,0.006,0.013,0.026,0.006,0.058,0.058,0.013,0.169,0.006,0.0,0.006,0.006,0.0,0.13,0.013,0.0,0.189,0.052,,,,,,,,,,,,,,,,,,,,,,,,,,,,,,,,,,,,,,,,,,,,,,,,,,,,,,,,,,,,,,,,,,,,,
15.8,tail,8.27,4.36,0.21,0.05,-0.48,,0.0,0.0,1.183,-0.26,18.02,65.3,1.58,16.88,72.77,2.81,20.3,83.23,1.05,18.98,74.44,0.18,19.95,82.44,0.7,17.05,77.78,,,,,,,,,,,,,,,,,,,,,,,,,,,,,,,,,,,,,0.006,0.019,0.026,0.0,0.058,0.065,0.006,0.143,0.0,0.0,0.006,0.006,0.0,0.182,0.013,0.0,0.221,0.065,,,,,,,,,,,,,,,,,,,,,,,,,,,,,,,,,,,,,,,,,,,,,,,,,,,,,,,,,,,,,,,,,,,,,
15.9,tail,8.28,4.35,0.13,-0.03,-0.51,,0.0,0.0,1.183,-0.26,18.02,65.3,1.58,16.88,72.77,2.81,20.3,83.23,1.05,18.98,74.44,0.18,19.95,82.44,0.7,17.05,77.78,,,,,,,,,,,,,,,,,,,,,,,,,,,,,,,,,,,,,0.013,0.013,0.026,0.006,0.065,0.065,0.013,0.117,0.006,0.0,0.006,0.006,0.0,0.189,0.013,0.0,0.24,0.052,,,,,,,,,,,,,,,,,,,,,,,,,,,,,,,,,,,,,,,,,,,,,,,,,,,,,,,,,,,,,,,,,,,,,
16.0,tail,8.29,4.35,0.21,0.01,-0.47,,0.0,0.0,1.183,-0.26,18.02,65.3,1.58,16.88,72.77,2.81,20.3,83.23,1.05,18.98,74.44,0.18,19.95,82.44,0.7,17.05,77.78,,,,,,,,,,,,,,,,,,,,,,,,,,,,,,,,,,,,,0.006,0.013,0.026,0.006,0.058,0.052,0.006,0.169,0.006,0.0,0.013,0.006,0.0,0.189,0.006,0.0,0.189,0.065,,,,,,,,,,,,,,,,,,,,,,,,,,,,,,,,,,,,,,,,,,,,,,,,,,,,,,,,,,,,,,,,,,,,,
16.1,tail,8.32,4.36,0.26,0.05,-0.55,,0.0,0.0,1.183,-0.26,18.02,65.3,1.58,16.88,72.77,2.81,20.3,83.23,1.05,18.98,74.44,0.18,19.95,82.44,0.7,17.05,77.78,,,,,,,,,,,,,,,,,,,,,,,,,,,,,,,,,,,,,0.013,0.013,0.026,0.0,0.071,0.052,0.013,0.169,0.006,0.0,0.006,0.006,0.0,0.189,0.013,0.0,0.24,0.065,,,,,,,,,,,,,,,,,,,,,,,,,,,,,,,,,,,,,,,,,,,,,,,,,,,,,,,,,,,,,,,,,,,,,
16.2,tail,8.33,4.35,0.21,-0.02,-0.52,,0.0,0.0,1.183,-0.26,18.02,65.3,1.58,16.88,72.77,2.81,20.3,83.23,1.05,18.98,74.44,0.18,19.95,82.44,0.7,17.05,77.78,,,,,,,,,,,,,,,,,,,,,,,,,,,,,,,,,,,,,0.013,0.013,0.026,0.0,0.058,0.052,0.013,0.149,0.0,0.0,0.006,0.006,0.0,0.189,0.013,0.0,0.24,0.052,,,,,,,,,,,,,,,,,,,,,,,,,,,,,,,,,,,,,,,,,,,,,,,,,,,,,,,,,,,,,,,,,,,,,
16.3,tail,8.34,4.35,0.17,-0.01,-0.49,,0.0,0.0,1.183,-0.26,18.02,65.3,1.58,16.88,72.77,2.81,20.3,83.23,1.05,18.98,74.44,0.18,19.95,82.44,0.7,17.05,77.78,,,,,,,,,,,,,,,,,,,,,,,,,,,,,,,,,,,,,0.013,0.013,0.026,0.006,0.065,0.052,0.013,0.117,0.006,0.0,0.006,0.006,0.0,0.182,0.006,0.0,0.189,0.052,,,,,,,,,,,,,,,,,,,,,,,,,,,,,,,,,,,,,,,,,,,,,,,,,,,,,,,,,,,,,,,,,,,,,
16.4,tail,8.35,4.35,0.18,-0.02,-0.52,,0.0,0.0,1.183,-0.26,18.02,65.3,1.58,16.88,72.77,2.81,20.3,83.23,1.05,18.98,74.44,0.18,19.95,82.44,0.7,17.05,77.78,,,,,,,,,,,,,,,,,,,,,,,,,,,,,,,,,,,,,0.006,0.013,0.026,0.006,0.065,0.065,0.013,0.156,0.006,0.0,0.013,0.006,0.0,0.136,0.013,0.0,0.195,0.052,,,,,,,,,,,,,,,,,,,,,,,,,,,,,,,,,,,,,,,,,,,,,,,,,,,,,,,,,,,,,,,,,,,,,
16.5,tail,8.36,4.34,0.19,-0.05,-0.51,,0.0,0.0,1.183,-0.26,18.02,65.3,1.58,16.88,72.77,2.81,20.3,83.23,1.05,18.98,74.44,0.18,19.95,82.44,0.7,17.05,77.78,,,,,,,,,,,,,,,,,,,,,,,,,,,,,,,,,,,,,0.006,0.013,0.026,0.0,0.052,0.065,0.013,0.136,0.006,0.0,0.013,0.006,0.0,0.189,0.006,0.0,0.214,0.052,,,,,,,,,,,,,,,,,,,,,,,,,,,,,,,,,,,,,,,,,,,,,,,,,,,,,,,,,,,,,,,,,,,,,
16.6,tail,8.37,4.34,0.18,0.02,-0.49,,0.0,0.0,1.183,-0.26,18.02,65.3,1.58,16.88,72.77,2.81,20.3,83.23,1.05,18.98,74.44,0.18,19.95,82.44,0.7,17.05,77.78,,,,,,,,,,,,,,,,,,,,,,,,,,,,,,,,,,,,,0.006,0.013,0.026,0.006,0.052,0.052,0.006,0.169,0.006,0.0,0.006,0.006,0.0,0.182,0.013,0.0,0.189,0.052,,,,,,,,,,,,,,,,,,,,,,,,,,,,,,,,,,,,,,,,,,,,,,,,,,,,,,,,,,,,,,,,,,,,,
16.7,tail,8.38,4.33,0.17,-0.06,-0.49,,0.0,0.0,1.183,-0.26,18.02,65.3,1.58,16.88,72.77,2.81,20.3,83.23,1.05,18.98,74.44,0.18,19.95,82.44,0.7,17.05,77.78,,,,,,,,,,,,,,,,,,,,,,,,,,,,,,,,,,,,,0.006,0.019,0.026,0.0,0.052,0.052,0.013,0.156,0.006,0.0,0.006,0.006,0.0,0.182,0.013,0.0,0.208,0.052,,,,,,,,,,,,,,,,,,,,,,,,,,,,,,,,,,,,,,,,,,,,,,,,,,,,,,,,,,,,,,,,,,,,,
16.8,tail,8.39,4.34,0.16,0.07,-0.51,,0.0,0.0,1.183,-0.26,18.02,65.3,1.58,16.88,72.77,2.81,20.3,83.23,1.05,18.98,74.44,0.18,19.95,82.44,0.7,17.05,77.78,,,,,,,,,,,,,,,,,,,,,,,,,,,,,,,,,,,,,0.013,0.013,0.026,0.0,0.071,0.052,0.013,0.169,0.006,0.0,0.006,0.006,0.0,0.149,0.013,0.0,0.26,0.065,,,,,,,,,,,,,,,,,,,,,,,,,,,,,,,,,,,,,,,,,,,,,,,,,,,,,,,,,,,,,,,,,,,,,
16.9,tail,8.4,4.35,0.14,0.05,-0.52,,0.0,0.0,1.183,-0.26,18.02,65.3,1.58,16.88,72.77,2.81,20.3,83.23,1.05,18.98,74.44,0.18,19.95,82.44,0.7,17.05,77.78,,,,,,,,,,,,,,,,,,,,,,,,,,,,,,,,,,,,,0.006,0.019,0.026,0.0,0.058,0.052,0.013,0.169,0.006,0.0,0.013,0.006,0.0,0.123,0.013,0.0,0.189,0.058,,,,,,,,,,,,,,,,,,,,,,,,,,,,,,,,,,,,,,,,,,,,,,,,,,,,,,,,,,,,,,,,,,,,,
17.0,tail,8.41,4.35,0.18,0.0,-0.55,,0.0,0.0,1.183,-0.26,18.02,65.3,1.58,16.88,72.77,2.81,20.3,83.23,1.05,18.98,74.44,0.18,19.95,82.44,0.7,17.05,77.78,,,,,,,,,,,,,,,,,,,,,,,,,,,,,,,,,,,,,0.013,0.013,0.026,0.006,0.052,0.045,0.013,0.163,0.006,0.0,0.006,0.006,0.0,0.169,0.013,0.0,0.221,0.058,,,,,,,,,,,,,,,,,,,,,,,,,,,,,,,,,,,,,,,,,,,,,,,,,,,,,,,,,,,,,,,,,,,,,
17.1,tail,8.42,4.35,0.19,0.03,-0.5,,0.0,0.0,1.183,-0.26,18.02,65.3,1.58,16.88,72.77,2.81,20.3,83.23,1.05,18.98,74.44,0.18,19.95,82.44,0.7,17.05,77.78,,,,,,,,,,,,,,,,,,,,,,,,,,,,,,,,,,,,,0.006,0.013,0.026,0.0,0.052,0.058,0.013,0.163,0.0,0.0,0.006,0.006,0.0,0.182,0.013,0.0,0.189,0.052,,,,,,,,,,,,,,,,,,,,,,,,,,,,,,,,,,,,,,,,,,,,,,,,,,,,,,,,,,,,,,,,,,,,,
17.2,tail,8.42,4.35,0.15,-0.0,-0.5,,0.0,0.0,1.183,-0.26,18.02,65.3,1.58,16.88,72.77,2.81,20.3,83.23,1.05,18.98,74.44,0.18,19.95,82.44,0.7,17.05,77.78,,,,,,,,,,,,,,,,,,,,,,,,,,,,,,,,,,,,,0.006,0.013,0.026,0.0,0.052,0.052,0.013,0.13,0.006,0.0,0.006,0.0,0.0,0.175,0.006,0.0,0.24,0.052,,,,,,,,,,,,,,,,,,,,,,,,,,,,,,,,,,,,,,,,,,,,,,,,,,,,,,,,,,,,,,,,,,,,,
17.3,tail,8.43,4.35,0.15,0.05,-0.49,,0.0,0.0,1.183,-0.26,18.02,65.3,1.58,16.88,72.77,2.81,20.3,83.23,1.05,18.98,74.44,0.18,19.95,82.44,0.7,17.05,77.78,,,,,,,,,,,,,,,,,,,,,,,,,,,,,,,,,,,,,0.013,0.019,0.026,0.006,0.052,0.065,0.006,0.175,0.0,0.0,0.006,0.0,0.006,0.182,0.013,0.0,0.208,0.065,,,,,,,,,,,,,,,,,,,,,,,,,,,,,,,,,,,,,,,,,,,,,,,,,,,,,,,,,,,,,,,,,,,,,
17.4,tail,8.44,4.35,0.21,0.03,-0.52,,0.0,0.0,1.183,-0.26,18.02,65.3,1.58,16.88,72.77,2.81,20.3,83.23,1.05,18.98,74.44,0.18,19.95,82.44,0.7,17.05,77.78,,,,,,,,,,,,,,,,,,,,,,,,,,,,,,,,,,,,,0.006,0.013,0.026,0.0,0.058,0.052,0.013,0.136,0.006,0.0,0.006,0.006,0.006,0.169,0.006,0.0,0.208,0.065,,,,,,,,,,,,,,,,,,,,,,,,,,,,,,,,,,,,,,,,,,,,,,,,,,,,,,,,,,,,,,,,,,,,,
17.5,tail,8.46,4.36,0.19,0.03,-0.56,,0.0,0.0,1.183,-0.26,18.02,65.3,1.58,16.88,72.77,2.81,20.3,83.23,1.05,18.98,74.44,0.18,19.95,82.44,0.7,17.05,77.78,,,,,,,,,,,,,,,,,,,,,,,,,,,,,,,,,,,,,0.013,0.013,0.026,0.006,0.052,0.058,0.013,0.13,0.006,0.0,0.006,0.006,0.0,0.136,0.013,0.0,0.254,0.065,,,,,,,,,,,,,,,,,,,,,,,,,,,,,,,,,,,,,,,,,,,,,,,,,,,,,,,,,,,,,,,,,,,,,
17.6,tail,8.47,4.36,0.19,-0.0,-0.41,,0.0,0.0,1.183,-0.26,18.02,65.3,1.58,16.88,72.77,2.81,20.3,83.23,1.05,18.98,74.44,0.18,19.95,82.44,0.7,17.05,77.78,,,,,,,,,,,,,,,,,,,,,,,,,,,,,,,,,,,,,0.013,0.019,0.026,0.0,0.065,0.052,0.013,0.175,0.006,0.0,0.006,0.006,0.0,0.189,0.006,0.0,0.201,0.052,,,,,,,,,,,,,,,,,,,,,,,,,,,,,,,,,,,,,,,,,,,,,,,,,,,,,,,,,,,,,,,,,,,,,
17.7,tail,8.47,4.36,0.11,0.0,-0.51,,0.0,0.0,1.183,-0.26,18.02,65.3,1.58,16.88,72.77,2.81,20.3,83.23,1.05,18.98,74.44,0.18,19.95,82.44,0.7,17.05,77.78,,,,,,,,,,,,,,,,,,,,,,,,,,,,,,,,,,,,,0.006,0.019,0.026,0.0,0.052,0.065,0.006,0.123,0.006,0.0,0.006,0.006,0.0,0.175,0.013,0.0,0.234,0.052,,,,,,,,,,,,,,,,,,,,,,,,,,,,,,,,,,,,,,,,,,,,,,,,,,,,,,,,,,,,,,,,,,,,,
17.8,tail,8.48,4.36,0.18,0.04,-0.46,,0.0,0.0,1.183,-0.26,18.02,65.3,1.58,16.88,72.77,2.81,20.3,83.23,1.05,18.98,74.44,0.18,19.95,82.44,0.7,17.05,77.78,,,,,,,,,,,,,,,,,,,,,,,,,,,,,,,,,,,,,0.006,0.013,0.026,0.006,0.052,0.058,0.006,0.175,0.006,0.0,0.006,0.006,0.0,0.169,0.006,0.0,0.234,0.058,,,,,,,,,,,,,,,,,,,,,,,,,,,,,,,,,,,,,,,,,,,,,,,,,,,,,,,,,,,,,,,,,,,,,
17.9,tail,8.49,4.36,0.19,-0.03,-0.55,,0.0,0.0,1.183,-0.26,18.02,65.3,1.58,16.88,72.77,2.81,20.3,83.23,1.05,18.98,74.44,0.18,19.95,82.44,0.7,17.05,77.78,,,,,,,,,,,,,,,,,,,,,,,,,,,,,,,,,,,,,0.013,0.013,0.026,0.0,0.058,0.065,0.013,0.149,0.006,0.0,0.006,0.006,0.0,0.175,0.013,0.0,0.195,0.058,,,,,,,,,,,,,,,,,,,,,,,,,,,,,,,,,,,,,,,,,,,,,,,,,,,,,,,,,,,,,,,,,,,,,
18.0,tail,8.5,4.35,0.21,-0.03,-0.46,,0.0,0.0,1.183,-0.26,18.02,65.3,1.58,16.88,72.77,2.81,20.3,83.23,1.05,18.98,74.44,0.18,19.95,82.44,0.7,17.05,77.78,,,,,,,,,,,,,,,,,,,,,,,,,,,,,,,,,,,,,0.013,0.013,0.026,0.006,0.065,0.058,0.006,0.169,0.006,0.0,0.006,0.006,0.0,0.163,0.013,0.0,0.195,0.045,,,,,,,,,,,,,,,,,,,,,,,,,,,,,,,,,,,,,,,,,,,,,,,,,,,,,,,,,,,,,,,,,,,,,
