t_s,tick,seg,phase,joint,t_send_s,t_recv_s,overrun,q0_deg,q1_deg,q2_deg,q3_deg,q4_deg,q5_deg,q6_deg,q7_deg,q8_deg,q9_deg,q10_deg,q11_deg,q12_deg,q13_deg,q14_deg,q15_deg,q16_deg,q17_deg,cmd0_deg,cmd1_deg,cmd2_deg,cmd3_deg,cmd4_deg,cmd5_deg,cmd6_deg,cmd7_deg,cmd8_deg,cmd9_deg,cmd10_deg,cmd11_deg,cmd12_deg,cmd13_deg,cmd14_deg,cmd15_deg,cmd16_deg,cmd17_deg,cur_a,load_pct,volt,temp_c
0.0014,-200,-1,glide,-1,0.0014,0.0103,0,-0.527,19.072,66.182,1.406,18.896,73.652,2.461,22.148,83.936,1.055,19.512,74.531,0.264,22.148,82.881,0.703,19.512,79.014,-0.527,19.072,66.182,1.406,18.896,73.652,2.461,22.148,83.936,1.055,19.512,74.531,0.264,22.148,82.881,0.703,19.512,79.014,0.000,0.0,12.00,33.0
0.0415,-199,-1,glide,-1,0.0415,0.0507,0,-0.527,19.072,66.182,1.406,18.896,73.652,2.461,22.148,83.936,1.055,19.512,74.531,0.264,22.148,82.881,0.703,19.512,79.014,-0.527,19.070,66.175,1.406,18.895,73.645,2.461,22.146,83.927,1.055,19.510,74.524,0.264,22.146,82.873,0.703,19.510,79.006,0.000,0.0,12.00,33.0
0.0817,-198,-1,glide,-1,0.0817,0.0907,0,-0.527,19.072,66.182,1.406,18.896,73.652,2.461,22.148,83.936,1.055,19.512,74.531,0.264,22.148,82.881,0.703,19.512,79.014,-0.527,19.065,66.156,1.406,18.889,73.624,2.460,22.140,83.903,1.054,19.504,74.502,0.264,22.140,82.849,0.703,19.504,78.983,0.000,0.0,12.00,33.0
0.1217,-197,-1,glide,-1,0.1217,0.1308,0,-0.527,19.072,66.182,1.406,18.896,73.652,2.461,22.148,83.936,1.055,19.512,74.531,0.264,22.148,82.881,0.703,19.512,79.014,-0.527,19.056,66.124,1.405,18.880,73.588,2.459,22.129,83.862,1.054,19.495,74.466,0.263,22.129,82.809,0.703,19.495,78.945,0.000,0.0,12.00,33.0
0.1617,-196,-1,glide,-1,0.1617,0.1706,0,-0.527,19.072,66.182,1.406,18.896,73.652,2.461,22.148,83.936,1.055,19.512,74.531,0.264,22.148,82.881,0.703,19.512,79.014,-0.527,19.043,66.079,1.404,18.867,73.538,2.457,22.114,83.806,1.053,19.482,74.416,0.263,22.114,82.753,0.702,19.482,78.892,0.000,0.0,12.00,33.0
0.2017,-195,-1,glide,-1,0.2017,0.2106,0,-0.527,19.072,66.182,1.406,18.896,73.652,2.461,22.148,83.936,1.055,19.512,74.531,0.264,22.148,82.881,0.703,19.512,79.014,-0.526,19.026,66.022,1.403,18.851,73.475,2.455,22.095,83.734,1.052,19.465,74.352,0.263,22.095,82.681,0.701,19.465,78.824,0.000,0.0,12.00,33.0
0.2417,-194,-1,glide,-1,0.2417,0.2506,0,-0.527,19.072,66.182,1.406,18.896,73.564,2.461,22.148,83.936,1.055,19.512,74.443,0.264,22.148,82.705,0.703,19.512,79.014,-0.526,19.006,65.953,1.401,18.831,73.398,2.452,22.072,83.646,1.051,19.444,74.274,0.263,22.072,82.595,0.701,19.444,78.741,0.006,3.2,12.10,33.0
0.2818,-193,-1,glide,-1,0.2818,0.2906,0,-0.527,19.072,66.182,1.406,18.896,73.389,2.461,22.148,83.936,1.055,19.512,74.355,0.264,22.148,82.793,0.703,19.512,79.014,-0.525,18.983,65.872,1.400,18.808,73.308,2.449,22.045,83.543,1.050,19.420,74.183,0.262,22.045,82.493,0.700,19.420,78.644,0.006,3.2,12.10,33.0
0.3217,-192,-1,glide,-1,0.3217,0.3307,0,-0.527,19.072,66.094,1.406,18.896,73.389,2.461,22.148,83.936,1.055,19.512,74.355,0.264,22.148,82.529,0.703,19.512,78.838,-0.524,18.956,65.779,1.398,18.781,73.204,2.446,22.014,83.425,1.048,19.393,74.078,0.262,22.014,82.376,0.699,19.393,78.533,0.006,3.2,12.10,33.0
0.3617,-191,-1,glide,-1,0.3617,0.3707,0,-0.527,19.072,66.094,1.406,18.896,73.389,2.461,22.148,83.936,1.055,19.512,74.180,0.264,22.148,82.529,0.703,19.512,78.838,-0.523,18.926,65.674,1.395,18.751,73.087,2.442,21.978,83.291,1.047,19.362,73.959,0.262,21.978,82.245,0.698,19.362,78.407,0.013,3.6,12.00,30.0
0.4017,-190,-1,glide,-1,0.4017,0.4108,0,-0.527,19.072,66.094,1.406,18.896,73.213,2.461,22.148,83.760,1.055,19.512,74.092,0.264,22.061,82.266,0.703,19.512,78.662,-0.522,18.892,65.557,1.393,18.718,72.957,2.438,21.939,83.143,1.045,19.328,73.828,0.261,21.939,82.099,0.696,19.328,78.268,0.013,3.6,12.00,30.0
0.4417,-189,-1,glide,-1,0.4417,0.4507,0,-0.527,19.072,65.830,1.406,18.896,73.037,2.461,22.148,83.672,1.055,19.512,73.916,0.264,22.148,82.266,0.703,19.512,78.486,-0.521,18.855,65.429,1.390,18.682,72.815,2.433,21.897,82.981,1.043,19.290,73.684,0.261,21.897,81.938,0.695,19.290,78.115,0.013,3.6,12.00,30.0
0.4817,-188,-1,glide,-1,0.4817,0.4907,0,-0.527,19.072,65.742,1.406,18.896,72.861,2.461,22.148,83.408,1.055,19.512,73.828,0.264,21.973,81.914,0.703,19.424,78.486,-0.520,18.815,65.289,1.387,18.642,72.659,2.428,21.850,82.804,1.040,19.249,73.526,0.260,21.850,81.764,0.694,19.249,77.948,0.013,2.0,12.00,30.0
0.5217,-187,-1,glide,-1,0.5217,2.0164,0,-0.527,19.072,65.391,1.406,18.896,72.510,2.461,21.973,82.969,1.055,19.512,73.389,0.264,21.885,81.650,0.703,19.336,77.959,-0.519,18.772,65.139,1.384,18.599,72.492,2.422,21.799,82.613,1.038,19.204,73.357,0.260,21.799,81.575,0.692,19.204,77.769,0.006,3.2,12.10,33.0
2.0432,-186,-1,glide,-1,2.0432,2.0578,0,-0.527,19.072,65.391,1.406,18.896,72.510,2.461,21.973,82.969,1.055,19.512,73.389,0.264,21.885,81.650,0.703,19.336,77.959,-0.518,18.725,64.977,1.381,18.553,72.312,2.416,21.745,82.408,1.035,19.157,73.175,0.259,21.745,81.372,0.690,19.157,77.575,0.006,3.2,12.10,33.0
2.0587,-185,-1,glide,-1,2.0587,2.0677,0,-0.527,19.072,65.391,1.406,18.896,72.510,2.461,21.973,82.969,1.055,19.512,73.389,0.264,21.885,81.650,0.703,19.336,77.959,-0.516,18.675,64.804,1.377,18.503,72.119,2.410,21.687,82.189,1.033,19.106,72.980,0.258,21.687,81.156,0.688,19.106,77.369,0.006,3.2,12.10,33.0
2.0684,-184,-1,glide,-1,2.0684,2.0771,0,-0.527,19.072,65.391,1.406,18.896,72.510,2.461,21.973,82.969,1.055,19.512,73.389,0.264,21.885,81.650,0.703,19.336,77.959,-0.515,18.622,64.621,1.373,18.451,71.915,2.403,21.626,81.956,1.030,19.052,72.774,0.257,21.626,80.926,0.687,19.052,77.150,0.006,3.2,12.10,33.0
2.0778,-183,-1,glide,-1,2.0778,2.0866,0,-0.527,19.072,65.391,1.406,18.896,72.510,2.461,21.973,82.969,1.055,19.512,73.389,0.264,21.797,81.650,0.703,19.336,77.871,-0.513,18.567,64.427,1.369,18.395,71.699,2.396,21.561,81.710,1.027,18.994,72.555,0.257,21.561,80.683,0.684,18.994,76.919,0.006,3.2,12.10,33.0
2.0873,-182,-1,glide,-1,2.0873,2.0963,0,-0.527,19.072,65.391,1.406,18.896,72.510,2.461,21.973,82.881,1.055,19.512,73.389,0.264,21.797,81.562,0.703,19.336,77.871,-0.512,18.508,64.222,1.365,18.337,71.472,2.388,21.493,81.451,1.023,18.934,72.325,0.256,21.493,80.427,0.682,18.934,76.674,0.006,3.2,12.10,33.0
2.0970,-181,-1,glide,-1,2.0970,2.1056,0,-0.527,19.072,65.303,1.406,18.896,72.422,2.461,21.973,82.793,1.055,19.512,73.389,0.264,21.797,81.475,0.703,19.248,77.783,-0.510,18.446,64.007,1.360,18.276,71.233,2.380,21.421,81.178,1.020,18.871,72.083,0.255,21.421,80.158,0.680,18.871,76.418,0.006,3.2,12.10,33.0
2.1063,-180,-1,glide,-1,2.1063,2.1156,0,-0.527,19.072,65.215,1.406,18.896,72.334,2.461,21.973,82.705,1.055,19.512,73.301,0.264,21.797,81.299,0.703,19.248,77.783,-0.508,18.381,63.782,1.355,18.211,70.982,2.372,21.346,80.893,1.016,18.804,71.829,0.254,21.346,79.876,0.678,18.804,76.149,0.006,3.2,12.10,33.0
2.1164,-179,-1,glide,-1,2.1164,2.1251,0,-0.527,19.072,65.039,1.406,18.896,72.158,2.461,21.973,82.705,1.055,19.424,73.125,0.264,21.797,81.123,0.703,19.248,77.607,-0.506,18.313,63.547,1.350,18.144,70.721,2.363,21.267,80.595,1.013,18.735,71.565,0.253,21.267,79.582,0.675,18.735,75.869,0.026,6.0,11.90,31.0
2.1358,-178,-1,glide,-1,2.1358,2.1448,0,-0.527,19.072,64.775,1.406,18.809,71.895,2.461,21.797,82.354,1.055,19.336,72.686,0.264,21.797,80.771,0.703,19.160,77.344,-0.504,18.243,63.303,1.345,18.074,70.448,2.354,21.185,80.284,1.009,18.663,71.289,0.252,21.185,79.275,0.673,18.663,75.576,0.026,6.0,11.90,31.0
2.1456,-177,-1,glide,-1,2.1456,2.1540,0,-0.527,18.984,64.688,1.406,18.721,71.631,2.461,21.709,82.266,1.055,19.248,72.510,0.264,21.709,80.684,0.703,19.160,77.256,-0.502,18.169,63.048,1.340,18.002,70.165,2.344,21.100,79.961,1.005,18.588,71.002,0.251,21.100,78.957,0.670,18.588,75.272,0.026,6.0,11.90,31.0
2.1547,-176,-1,glide,-1,2.1547,2.1635,0,-0.527,18.809,64.512,1.406,18.633,71.543,2.461,21.621,82.090,1.055,19.248,72.334,0.264,21.533,80.508,0.703,19.160,77.168,-0.500,18.093,62.784,1.334,17.926,69.871,2.335,21.011,79.626,1.001,18.510,70.705,0.250,21.011,78.626,0.667,18.510,74.957,0.026,6.0,11.90,31.0
2.1642,-175,-1,glide,-1,2.1642,2.1729,0,-0.527,18.721,64.336,1.406,18.545,71.367,2.461,21.445,81.914,1.055,19.248,72.158,0.264,21.445,80.332,0.703,19.160,76.992,-0.498,18.014,62.510,1.328,17.848,69.567,2.324,20.920,79.279,0.996,18.429,70.397,0.249,20.920,78.283,0.664,18.429,74.630,0.026,6.0,11.90,31.0
2.1740,-174,-1,glide,-1,2.1740,2.1829,0,-0.527,18.721,64.248,1.406,18.545,71.104,2.461,21.445,81.738,1.055,19.160,72.070,0.264,21.270,80.068,0.703,19.160,76.729,-0.496,17.933,62.227,1.322,17.767,69.252,2.314,20.825,78.921,0.992,18.346,70.078,0.248,20.825,77.929,0.661,18.346,74.293,0.026,6.0,11.90,31.0
2.1837,-173,-1,glide,-1,2.1837,2.1927,0,-0.527,18.633,64.072,1.406,18.457,70.928,2.461,21.357,81.562,1.055,19.072,71.807,0.264,21.182,79.893,0.703,19.072,76.729,-0.494,17.849,61.935,1.316,17.684,68.927,2.303,20.727,78.550,0.987,18.260,69.749,0.247,20.727,77.563,0.658,18.260,73.944,0.026,6.0,11.90,31.0
2.1934,-172,-1,glide,-1,2.1934,2.2021,0,-0.527,18.545,63.896,1.406,18.369,70.752,2.461,21.270,81.387,1.055,18.896,71.631,0.264,21.094,79.629,0.703,18.984,76.641,-0.491,17.762,61.634,1.310,17.598,68.592,2.292,20.627,78.169,0.982,18.171,69.410,0.246,20.627,77.186,0.655,18.171,73.585,0.026,6.0,11.90,31.0
2.2029,-171,-1,glide,-1,2.2029,2.2115,0,-0.527,18.545,63.633,1.406,18.281,70.576,2.461,21.182,81.123,1.055,18.896,71.455,0.264,21.094,79.453,0.703,18.896,76.377,-0.489,17.673,61.325,1.303,17.510,68.247,2.280,20.523,77.776,0.977,18.080,69.062,0.244,20.523,76.798,0.652,18.080,73.215,0.026,6.0,11.90,31.0
2.2122,-170,-1,glide,-1,2.2122,2.2209,0,-0.527,18.457,63.545,1.406,18.281,70.400,2.461,21.094,80.947,1.055,18.809,71.191,0.264,21.006,79.189,0.703,18.809,76.113,-0.486,17.581,61.006,1.296,17.419,67.893,2.268,20.416,77.372,0.972,17.986,68.703,0.243,20.416,76.400,0.648,17.986,72.835,0.026,6.0,11.90,31.0
2.2216,-169,-1,glide,-1,2.2216,2.2305,0,-0.527,18.369,63.281,1.406,18.193,70.137,2.461,21.006,80.771,1.055,18.721,71.016,0.264,20.918,78.926,0.703,18.809,75.762,-0.484,17.487,60.679,1.289,17.325,67.529,2.256,20.307,76.957,0.967,17.890,68.335,0.242,20.307,75.990,0.645,17.890,72.444,0.019,7.6,12.00,32.0
2.2410,-168,-1,glide,-1,2.2410,2.2499,0,-0.527,18.193,62.930,1.406,18.018,69.697,2.461,20.830,80.156,1.055,18.633,70.488,0.264,20.742,78.398,0.703,18.633,75.322,-0.481,17.390,60.344,1.282,17.230,67.156,2.244,20.195,76.532,0.962,17.791,67.957,0.240,20.195,75.570,0.641,17.791,72.044,0.019,7.6,12.00,32.0
2.2507,-167,-1,glide,-1,2.2507,2.2593,0,-0.527,18.105,62.754,1.406,17.930,69.434,2.461,20.742,79.980,1.055,18.545,70.225,0.264,20.654,78.135,0.703,18.545,75.059,-0.478,17.291,60.000,1.275,17.132,66.773,2.231,20.080,76.096,0.956,17.689,67.570,0.239,20.080,75.140,0.637,17.689,71.634,0.019,7.6,12.00,32.0
2.2600,-166,-1,glide,-1,2.2600,2.2689,0,-0.527,18.105,62.490,1.406,17.930,69.170,2.461,20.654,79.629,1.055,18.457,69.961,0.264,20.566,77.959,0.703,18.457,74.795,-0.475,17.190,59.649,1.267,17.031,66.382,2.218,19.962,75.650,0.951,17.586,67.174,0.238,19.962,74.699,0.634,17.586,71.214,0.019,7.6,12.00,32.0
2.2696,-165,-1,glide,-1,2.2696,2.2786,0,-0.527,18.018,62.227,1.406,17.842,68.906,2.461,20.566,79.365,1.055,18.369,69.697,0.264,20.479,77.607,0.703,18.369,74.531,-0.472,17.086,59.289,1.260,16.928,65.982,2.205,19.842,75.194,0.945,17.480,66.769,0.236,19.842,74.249,0.630,17.480,70.785,0.019,7.6,12.00,32.0
2.2793,-164,-1,glide,-1,2.2793,2.2880,0,-0.527,17.930,62.051,1.406,17.754,68.643,2.461,20.479,79.102,1.055,18.369,69.434,0.264,20.391,77.432,0.703,18.281,74.268,-0.469,16.980,58.922,1.252,16.824,65.573,2.191,19.719,74.728,0.939,17.371,66.355,0.235,19.719,73.789,0.626,17.371,70.346,0.019,7.6,12.00,32.0
2.2888,-163,-1,glide,-1,2.2888,2.2973,0,-0.527,17.842,61.787,1.406,17.666,68.379,2.461,20.391,78.838,1.055,18.193,69.170,0.264,20.303,77.080,0.703,18.193,74.092,-0.467,16.872,58.547,1.244,16.716,65.155,2.177,19.593,74.252,0.933,17.261,65.933,0.233,19.593,73.319,0.622,17.261,69.898,0.019,7.6,12.00,32.0
2.2981,-162,-1,glide,-1,2.2981,2.3070,0,-0.527,17.754,61.611,1.406,17.578,68.115,2.461,20.303,78.574,1.055,18.105,68.994,0.264,20.215,76.816,0.703,18.105,73.740,-0.463,16.762,58.164,1.236,16.607,64.730,2.163,19.465,73.767,0.927,17.148,65.502,0.232,19.465,72.840,0.618,17.148,69.441,0.019,7.6,12.00,32.0
2.3078,-161,-1,glide,-1,2.3078,2.3167,0,-0.527,17.666,61.348,1.406,17.490,67.852,2.461,20.215,78.311,1.055,18.018,68.730,0.264,20.127,76.553,0.703,18.018,73.477,-0.460,16.649,57.774,1.228,16.496,64.296,2.148,19.335,73.273,0.921,17.033,65.063,0.230,19.335,72.352,0.614,17.033,68.976,0.019,7.6,12.00,32.0
2.3174,-160,-1,glide,-1,2.3174,2.3265,0,-0.527,17.578,61.084,1.406,17.490,67.588,2.461,20.039,77.959,1.055,17.930,68.467,0.264,20.039,76.201,0.703,17.930,73.125,-0.457,16.535,57.377,1.219,16.383,63.854,2.134,19.202,72.769,0.914,16.916,64.616,0.229,19.202,71.855,0.610,16.916,68.502,0.019,7.6,12.00,32.0
2.3272,-159,-1,glide,-1,2.3272,2.3398,0,-0.527,17.402,60.732,1.406,17.314,67.236,2.461,19.951,77.520,1.055,17.842,68.027,0.264,19.863,75.762,0.703,17.842,72.686,-0.454,16.418,56.973,1.211,16.267,63.404,2.119,19.067,72.256,0.908,16.797,64.161,0.227,19.067,71.349,0.605,16.797,68.019,0.019,6.0,11.90,31.0
2.3506,-158,-1,glide,-1,2.3506,2.3595,0,-0.527,17.314,60.205,1.406,17.139,66.533,2.461,19.688,76.904,0.967,17.578,67.412,0.264,19.688,74.971,0.703,17.578,72.070,-0.451,16.300,56.562,1.202,16.150,62.947,2.103,18.929,71.735,0.901,16.676,63.698,0.225,18.929,70.834,0.601,16.676,67.529,0.019,6.0,11.90,31.0
2.3602,-157,-1,glide,-1,2.3602,2.3691,0,-0.527,17.139,59.941,1.406,17.051,66.270,2.461,19.600,76.553,0.967,17.490,67.061,0.264,19.512,74.707,0.703,17.490,71.807,-0.447,16.180,56.144,1.193,16.031,62.482,2.088,18.789,71.205,0.895,16.552,63.227,0.224,18.789,70.311,0.596,16.552,67.030,0.019,6.0,11.90,31.0
2.3698,-156,-1,glide,-1,2.3698,2.3783,0,-0.527,17.051,59.678,1.406,16.963,66.006,2.461,19.512,76.201,0.967,17.402,66.797,0.264,19.424,74.355,0.703,17.402,71.455,-0.444,16.057,55.720,1.184,15.909,62.010,2.072,18.647,70.667,0.888,16.427,62.749,0.222,18.647,69.779,0.592,16.427,66.523,0.019,6.0,11.90,31.0
2.3791,-155,-1,glide,-1,2.3791,2.3883,0,-0.527,16.963,59.414,1.406,16.875,65.654,2.461,19.424,75.850,0.967,17.314,66.445,0.264,19.336,74.092,0.703,17.314,71.191,-0.441,15.933,55.289,1.175,15.786,61.530,2.056,18.503,70.121,0.881,16.300,62.264,0.220,18.503,69.240,0.587,16.300,66.009,0.019,6.0,11.90,31.0
2.3891,-154,-1,glide,-1,2.3891,2.3986,0,-0.527,16.875,59.062,1.406,16.699,65.303,2.461,19.248,75.586,0.967,17.227,66.094,0.264,19.248,73.740,0.703,17.227,70.840,-0.437,15.807,54.852,1.166,15.662,61.044,2.040,18.357,69.566,0.874,16.171,61.772,0.219,18.357,68.692,0.583,16.171,65.487,0.019,6.0,11.90,31.0
2.3994,-153,-1,glide,-1,2.3994,2.4086,0,-0.527,16.787,58.799,1.406,16.611,65.039,2.461,19.160,75.234,0.967,17.139,65.742,0.264,19.160,73.389,0.703,17.139,70.488,-0.434,15.679,54.409,1.156,15.535,60.550,2.023,18.208,69.004,0.867,16.041,61.273,0.217,18.208,68.137,0.578,16.041,64.958,0.019,6.0,11.90,31.0
2.4094,-152,-1,glide,-1,2.4094,2.4185,0,-0.527,16.699,58.535,1.406,16.611,64.688,2.461,19.072,74.883,0.967,17.051,65.479,0.264,18.984,73.037,0.703,17.051,70.137,-0.430,15.550,53.959,1.147,15.407,60.050,2.006,18.058,68.434,0.860,15.908,60.767,0.215,18.058,67.574,0.573,15.908,64.421,0.019,6.0,11.90,31.0
2.4192,-151,-1,glide,-1,2.4192,2.4285,0,-0.527,16.611,58.184,1.406,16.436,64.336,2.461,18.896,74.443,0.967,16.963,65.127,0.264,18.896,72.598,0.703,16.963,69.785,-0.426,15.419,53.504,1.137,15.277,59.544,1.990,17.906,67.857,0.853,15.774,60.254,0.213,17.906,67.005,0.568,15.774,63.878,0.019,6.0,11.90,31.0
2.4293,-150,-1,glide,-1,2.4293,2.4387,0,-0.527,16.523,57.920,1.406,16.348,63.984,2.461,18.809,74.092,0.967,16.875,64.775,0.264,18.721,72.246,0.703,16.787,69.434,-0.423,15.286,53.043,1.127,15.145,59.031,1.972,17.752,67.273,0.845,15.638,59.735,0.211,17.752,66.427,0.564,15.638,63.328,0.019,6.0,11.90,31.0
2.4394,-149,-1,glide,-1,2.4394,2.4487,0,-0.527,16.348,57.568,1.406,16.260,63.633,2.373,18.721,73.740,0.967,16.699,64.424,0.264,18.633,71.895,0.703,16.699,69.082,-0.419,15.152,52.577,1.117,15.012,58.512,1.955,17.595,66.681,0.838,15.501,59.210,0.209,17.595,65.843,0.559,15.501,62.771,0.026,14.8,12.00,33.0
2.4596,-148,-1,glide,-1,2.4596,2.4689,0,-0.527,16.172,56.865,1.406,15.996,62.930,2.197,18.369,73.037,0.967,16.436,63.633,0.264,18.281,71.191,0.615,16.523,68.291,-0.415,15.016,52.105,1.107,14.877,57.987,1.938,17.438,66.083,0.830,15.362,58.679,0.208,17.438,65.252,0.554,15.362,62.208,0.026,14.8,12.00,33.0
2.4699,-147,-1,glide,-1,2.4699,2.4786,0,-0.527,15.996,56.514,1.406,15.908,62.490,2.109,18.281,72.773,0.967,16.348,63.281,0.264,18.193,70.840,0.615,16.348,67.939,-0.411,14.878,51.628,1.097,14.741,57.456,1.920,17.278,65.478,0.823,15.221,58.141,0.206,17.278,64.655,0.549,15.221,61.638,0.026,14.8,12.00,33.0
2.4793,-146,-1,glide,-1,2.4793,2.4886,0,-0.527,15.908,56.162,1.406,15.820,62.139,2.109,18.193,72.422,0.967,16.172,62.930,0.264,18.018,70.488,0.615,16.260,67.676,-0.408,14.739,51.146,1.087,14.603,56.919,1.902,17.117,64.866,0.815,15.079,57.598,0.204,17.117,64.051,0.543,15.079,61.063,0.026,14.8,12.00,33.0
2.4893,-145,-1,glide,-1,2.4893,2.4982,0,-0.527,15.820,55.898,1.406,15.732,61.787,2.109,18.018,72.070,0.967,16.084,62.666,0.264,17.930,70.137,0.703,16.084,67.324,-0.404,14.599,50.659,1.076,14.464,56.377,1.884,16.953,64.248,0.807,14.935,57.050,0.202,16.953,63.441,0.538,14.935,60.481,0.026,14.8,12.00,33.0
2.4990,-144,-1,glide,-1,2.4990,2.5083,0,-0.527,15.645,55.547,1.406,15.557,61.523,2.109,17.930,71.719,0.967,15.996,62.314,0.264,17.842,69.785,0.703,15.996,66.973,-0.400,14.457,50.167,1.066,14.324,55.830,1.865,16.789,63.624,0.799,14.790,56.496,0.200,16.789,62.825,0.533,14.790,59.894,0.026,14.8,12.00,33.0
2.5090,-143,-1,glide,-1,2.5090,2.5183,0,-0.527,15.557,55.107,1.406,15.469,61.172,2.109,17.754,71.455,0.879,15.908,61.963,0.264,17.666,69.434,0.703,15.908,66.709,-0.396,14.314,49.670,1.055,14.182,55.277,1.847,16.623,62.995,0.792,14.644,55.937,0.198,16.623,62.203,0.528,14.644,59.301,0.026,14.8,12.00,33.0
2.5191,-142,-1,glide,-1,2.5191,2.5279,0,-0.527,15.469,54.844,1.406,15.381,60.820,2.109,17.666,71.016,0.791,15.820,61.523,0.264,17.578,69.082,0.615,15.820,66.270,-0.392,14.170,49.169,1.045,14.039,54.719,1.828,16.455,62.359,0.784,14.496,55.372,0.196,16.455,61.575,0.522,14.496,58.702,0.026,14.8,12.00,33.0
2.5286,-141,-1,glide,-1,2.5286,2.5379,0,-0.527,15.381,54.492,1.406,15.205,60.381,2.109,17.578,70.664,0.791,15.645,61.172,0.264,17.402,68.730,0.615,15.732,65.918,-0.388,14.024,48.663,1.034,13.895,54.157,1.810,16.286,61.718,0.776,14.347,54.803,0.194,16.286,60.942,0.517,14.347,58.099,0.026,14.8,12.00,33.0
2.5387,-140,-1,glide,-1,2.5387,2.5475,0,-0.527,15.205,54.141,1.318,15.117,60.029,2.109,17.402,70.312,0.791,15.557,60.908,0.264,17.314,68.379,0.615,15.557,65.566,-0.384,13.877,48.154,1.023,13.749,53.589,1.791,16.115,61.071,0.767,14.197,54.229,0.192,16.115,60.304,0.512,14.197,57.490,0.026,14.8,12.00,33.0
2.5482,-139,-1,glide,-1,2.5482,2.5568,0,-0.527,15.117,53.877,1.318,15.029,59.678,2.109,17.227,69.961,0.791,15.381,60.557,0.264,17.139,68.027,0.615,15.469,65.303,-0.380,13.729,47.640,1.012,13.602,53.017,1.771,15.943,60.420,0.759,14.045,53.650,0.190,15.943,59.660,0.506,14.045,56.877,0.019,8.0,12.00,32.0
2.5834,-138,-1,glide,-1,2.5834,2.5927,0,-0.527,14.590,52.559,1.230,14.502,58.447,2.109,16.699,68.730,0.791,14.941,59.238,0.264,16.611,66.797,0.615,14.941,63.984,-0.375,13.580,47.122,1.001,13.454,52.441,1.752,15.770,59.763,0.751,13.893,53.067,0.188,15.770,59.012,0.501,13.893,56.259,0.019,8.0,12.00,32.0
2.5934,-137,-1,glide,-1,2.5934,2.6020,0,-0.527,14.502,52.295,1.230,14.414,58.096,2.109,16.523,68.379,0.791,14.854,58.975,0.264,16.436,66.445,0.615,14.854,63.633,-0.371,13.429,46.600,0.990,13.306,51.861,1.733,15.595,59.102,0.743,13.739,52.480,0.186,15.595,58.359,0.495,13.739,55.636,0.019,8.0,12.00,32.0
2.6029,-136,-1,glide,-1,2.6029,2.6119,0,-0.439,14.414,51.855,1.230,14.326,57.744,2.109,16.348,68.027,0.791,14.678,58.623,0.264,16.348,66.094,0.615,14.766,63.369,-0.367,13.278,46.075,0.979,13.156,51.276,1.713,15.420,58.435,0.734,13.584,51.888,0.184,15.420,57.701,0.490,13.584,55.009,0.019,8.0,12.00,32.0
2.6127,-135,-1,glide,-1,2.6127,2.6216,0,-0.352,14.326,51.592,1.230,14.238,57.393,2.109,16.260,67.676,0.791,14.590,58.271,0.264,16.172,65.742,0.615,14.678,63.018,-0.363,13.126,45.547,0.968,13.005,50.688,1.694,15.243,57.765,0.726,13.428,51.293,0.181,15.243,57.039,0.484,13.428,54.378,0.019,8.0,12.00,32.0
2.6417,-134,-1,glide,-1,2.6417,2.6511,0,-0.264,14.062,50.537,1.143,13.887,56.338,2.021,15.908,66.621,0.791,14.326,57.217,0.264,15.820,64.688,0.615,14.326,61.963,-0.359,12.972,45.015,0.956,12.853,50.096,1.674,15.065,57.090,0.717,13.271,50.694,0.179,15.065,56.373,0.478,13.271,53.743,0.019,8.0,12.00,32.0
2.6817,-133,-1,glide,-1,2.6817,2.6911,0,-0.264,13.623,49.043,1.143,13.447,55.020,1.934,15.469,65.215,0.791,13.887,55.898,0.264,15.381,63.281,0.527,13.975,60.557,-0.354,12.818,44.480,0.945,12.700,49.500,1.654,14.886,56.412,0.709,13.113,50.091,0.177,14.886,55.703,0.473,13.113,53.104,0.019,15.2,12.00,33.0
2.7217,-132,-1,glide,-1,2.7217,2.7311,0,-0.264,13.271,47.725,1.143,13.271,53.525,1.934,15.205,63.809,0.791,13.623,54.316,0.264,15.117,61.787,0.527,13.623,59.150,-0.350,12.663,43.941,0.934,12.546,48.902,1.634,14.705,55.729,0.700,12.955,49.485,0.175,14.705,55.029,0.467,12.955,52.461,0.019,15.2,12.00,33.0
2.7617,-131,-1,glide,-1,2.7617,2.7711,0,-0.264,13.271,46.494,1.143,13.008,52.119,1.758,14.941,62.314,0.791,13.359,52.910,0.264,14.854,60.381,0.527,13.623,57.744,-0.346,12.507,43.400,0.922,12.392,48.299,1.614,14.524,55.043,0.692,12.795,48.876,0.173,14.524,54.351,0.461,12.795,51.815,0.019,15.2,12.00,33.0
2.8017,-130,-1,glide,-1,2.8017,2.8110,0,-0.264,13.008,45.527,1.143,13.008,50.801,1.758,14.854,60.996,0.791,13.271,51.680,0.264,14.766,58.975,0.527,13.271,56.250,-0.341,12.350,42.856,0.911,12.237,47.694,1.594,14.342,54.353,0.683,12.635,48.263,0.171,14.342,53.670,0.455,12.635,51.166,0.019,7.6,12.00,32.0
2.8417,-129,-1,glide,-1,2.8417,2.8510,0,-0.264,12.832,44.561,1.143,12.920,49.746,1.758,14.590,59.590,0.791,13.184,50.449,0.264,14.502,57.568,0.527,13.184,54.932,-0.337,12.193,42.310,0.899,12.081,47.086,1.573,14.160,53.660,0.674,12.474,47.648,0.169,14.160,52.986,0.450,12.474,50.514,0.019,7.6,12.00,32.0
2.8815,-128,-1,glide,-1,2.8815,2.8907,0,-0.264,12.744,43.770,1.143,12.568,48.691,1.758,14.414,58.184,0.791,13.008,49.395,0.264,14.414,56.162,0.527,13.008,53.613,-0.333,12.035,41.761,0.887,11.924,46.475,1.553,13.976,52.964,0.666,12.312,47.030,0.166,13.976,52.299,0.444,12.312,49.858,0.019,7.6,12.00,32.0
2.9217,-127,-1,glide,-1,2.9217,2.9311,0,-0.264,12.568,43.066,1.143,12.393,47.812,1.758,14.238,56.777,0.791,12.832,48.428,0.264,14.414,54.844,0.527,12.920,52.471,-0.328,11.876,41.210,0.876,11.766,45.862,1.532,13.791,52.265,0.657,12.150,46.409,0.164,13.791,51.608,0.438,12.150,49.200,0.019,14.0,12.00,33.0
2.9617,-126,-1,glide,-1,2.9617,2.9711,0,-0.264,12.305,42.363,1.143,12.393,47.021,1.758,14.062,55.459,0.703,12.656,47.637,0.264,14.062,53.701,0.527,12.656,51.416,-0.324,11.716,40.657,0.864,11.608,45.246,1.512,13.606,51.563,0.648,11.986,45.786,0.162,13.606,50.915,0.432,11.986,48.540,0.019,14.0,12.00,33.0
3.0017,-125,-1,glide,-1,3.0017,3.0105,0,-0.264,12.217,41.748,1.143,12.129,46.318,1.758,13.887,54.404,0.615,12.480,46.846,0.264,13.887,52.646,0.527,12.568,50.449,-0.320,11.556,40.101,0.852,11.450,44.628,1.491,13.420,50.859,0.639,11.823,45.161,0.160,13.420,50.220,0.426,11.823,47.877,0.019,14.0,12.00,33.0
3.0417,-124,-1,glide,-1,3.0417,3.0511,0,-0.264,12.217,41.133,1.143,11.953,45.527,1.758,13.887,53.262,0.615,12.305,46.143,0.264,13.711,51.680,0.527,12.393,49.570,-0.315,11.396,39.544,0.840,11.291,44.008,1.470,13.234,50.153,0.630,11.658,44.533,0.158,13.234,49.522,0.420,11.658,47.212,0.026,6.0,11.90,31.0
3.0818,-123,-1,glide,-1,3.0818,3.0911,0,-0.264,11.953,40.605,1.143,11.953,44.824,1.758,13.623,52.295,0.615,12.305,45.439,0.264,13.535,50.801,0.527,12.217,48.691,-0.311,11.235,38.986,0.828,11.131,43.386,1.450,13.047,49.444,0.621,11.494,43.904,0.155,13.047,48.822,0.414,11.494,46.544,0.026,6.0,11.90,31.0
3.1216,-122,-1,glide,-1,3.1216,3.1303,0,-0.264,11.865,39.990,1.143,11.689,44.297,1.758,13.359,51.416,0.615,11.953,44.736,0.264,13.359,49.922,0.527,12.041,47.988,-0.306,11.073,38.425,0.816,10.971,42.763,1.429,12.859,48.733,0.612,11.329,43.273,0.153,12.859,48.121,0.408,11.329,45.875,0.026,6.0,11.90,31.0
3.1617,-121,-1,glide,-1,3.1617,3.1712,0,-0.264,11.602,39.463,1.143,11.514,43.594,1.758,13.271,50.537,0.615,11.865,44.121,0.264,13.096,49.219,0.527,11.865,47.285,-0.302,10.911,37.863,0.805,10.811,42.137,1.408,12.671,48.021,0.603,11.163,42.640,0.151,12.671,47.417,0.402,11.163,45.205,0.019,6.0,11.90,31.0
3.2018,-120,-1,glide,-1,3.2018,3.2112,0,-0.264,11.426,38.848,1.143,11.338,42.979,1.758,12.920,49.834,0.615,11.602,43.506,0.264,12.832,48.516,0.527,11.865,46.494,-0.297,10.749,37.300,0.793,10.650,41.511,1.387,12.483,47.307,0.594,10.997,42.006,0.149,12.483,46.712,0.396,10.997,44.533,0.019,6.0,11.90,31.0
3.2417,-119,-1,glide,-1,3.2417,3.2512,0,-0.352,11.250,38.320,1.143,11.250,42.363,1.758,12.744,48.955,0.615,11.602,42.803,0.264,12.744,47.725,0.527,11.602,45.879,-0.293,10.587,36.736,0.781,10.489,40.883,1.366,12.294,46.591,0.585,10.831,41.371,0.146,12.294,46.006,0.390,10.831,43.859,0.019,6.0,11.90,31.0
3.2817,-118,-1,glide,-1,3.2817,3.2907,0,-0.264,11.162,37.793,1.143,10.986,41.660,1.758,12.568,48.252,0.615,11.426,42.275,0.264,12.480,47.021,0.439,11.426,45.176,-0.288,10.424,36.171,0.769,10.328,40.254,1.345,12.105,45.874,0.576,10.664,40.735,0.144,12.105,45.298,0.384,10.664,43.184,0.019,7.2,12.00,33.0
3.3217,-117,-1,glide,-1,3.3217,3.3311,0,-0.264,10.986,37.178,1.143,10.898,41.045,1.670,12.568,47.461,0.615,11.074,41.572,0.264,12.480,46.318,0.439,11.162,44.473,-0.284,10.261,35.605,0.757,10.166,39.624,1.324,11.916,45.157,0.567,10.497,40.097,0.142,11.916,44.589,0.378,10.497,42.509,0.019,7.2,12.00,33.0
3.3617,-116,-1,glide,-1,3.3617,3.3710,0,-0.264,10.811,36.650,1.143,10.723,40.430,1.494,12.217,46.758,0.615,10.986,40.957,0.264,12.305,45.527,0.439,10.986,43.770,-0.279,10.097,35.039,0.745,10.004,38.994,1.303,11.726,44.438,0.558,10.330,39.459,0.140,11.726,43.880,0.372,10.330,41.832,0.019,7.2,12.00,33.0
3.4017,-115,-1,glide,-1,3.4017,3.4109,0,-0.264,10.635,36.123,1.055,10.547,39.814,1.494,12.129,46.055,0.615,10.811,40.254,0.264,11.953,44.824,0.439,10.811,43.066,-0.275,9.934,34.472,0.732,9.842,38.363,1.282,11.536,43.719,0.549,10.163,38.821,0.137,11.536,43.170,0.366,10.163,41.155,0.026,5.6,12.00,30.0
3.4417,-114,-1,glide,-1,3.4417,3.4509,0,-0.264,10.459,35.508,0.879,10.371,39.199,1.406,11.777,45.352,0.615,10.635,39.639,0.264,11.953,44.121,0.439,10.811,42.451,-0.270,9.771,33.904,0.720,9.680,37.731,1.261,11.346,42.999,0.540,9.996,38.182,0.135,11.346,42.459,0.360,9.996,40.478,0.026,5.6,12.00,30.0
3.4818,-113,-1,glide,-1,3.4818,3.4911,0,-0.264,10.195,34.980,0.879,10.195,38.584,1.406,11.602,44.648,0.615,10.635,39.023,0.264,11.602,43.418,0.439,10.635,41.836,-0.266,9.607,33.337,0.708,9.518,37.100,1.240,11.156,42.279,0.531,9.828,37.542,0.133,11.156,41.748,0.354,9.828,39.800,0.026,5.6,12.00,30.0
3.5217,-112,-1,glide,-1,3.5217,3.5308,0,-0.264,10.107,34.365,0.791,10.195,37.969,1.406,11.602,43.857,0.615,10.371,38.408,0.264,11.426,42.715,0.439,10.459,41.133,-0.261,9.443,32.769,0.696,9.356,36.468,1.218,10.966,41.559,0.522,9.661,36.903,0.131,10.966,41.037,0.348,9.661,39.122,0.019,5.2,11.90,31.0
3.5617,-111,-1,glide,-1,3.5617,3.5709,0,-0.264,10.107,33.838,0.791,9.844,37.266,1.406,11.338,43.154,0.615,10.107,37.705,0.264,11.338,42.012,0.439,10.283,40.430,-0.257,9.280,32.201,0.684,9.194,35.836,1.197,10.777,40.840,0.513,9.494,36.264,0.128,10.777,40.326,0.342,9.494,38.445,0.019,5.2,11.90,31.0
3.6017,-110,-1,glide,-1,3.6017,3.6111,0,-0.264,9.844,33.311,0.791,9.756,36.650,1.406,11.074,42.451,0.615,9.932,37.090,0.264,11.074,41.309,0.439,10.107,39.727,-0.252,9.116,31.634,0.672,9.032,35.205,1.176,10.587,40.120,0.504,9.326,35.625,0.126,10.587,39.616,0.336,9.326,37.767,0.019,5.2,11.90,31.0
3.6418,-109,-1,glide,-1,3.6418,3.6510,0,-0.264,9.756,32.695,0.791,9.580,36.035,1.406,10.898,41.748,0.615,9.844,36.475,0.264,10.898,40.605,0.439,9.844,39.023,-0.248,8.953,31.067,0.660,8.870,34.574,1.155,10.397,39.401,0.495,9.159,34.986,0.124,10.397,38.906,0.330,9.159,37.090,0.019,5.2,12.00,30.0
3.6817,-108,-1,glide,-1,3.6817,3.6911,0,-0.352,9.492,32.080,0.791,9.404,35.420,1.406,10.723,41.045,0.615,9.580,35.859,0.264,10.635,39.902,0.439,9.756,38.408,-0.243,8.790,30.500,0.648,8.709,33.943,1.134,10.207,38.682,0.486,8.992,34.348,0.122,10.207,38.196,0.324,8.992,36.414,0.019,5.2,12.00,30.0
3.7218,-107,-1,glide,-1,3.7218,3.7311,0,-0.264,9.404,31.553,0.791,9.229,34.805,1.406,10.459,40.254,0.615,9.492,35.156,0.264,10.371,39.199,0.439,9.492,37.705,-0.239,8.627,29.935,0.636,8.547,33.314,1.113,10.018,37.965,0.477,8.825,33.711,0.119,10.018,37.488,0.318,8.825,35.739,0.019,5.2,12.00,30.0
3.7617,-106,-1,glide,-1,3.7617,3.7711,0,-0.264,9.053,30.938,0.791,9.141,34.189,1.406,10.459,39.551,0.615,9.229,34.541,0.264,10.283,38.496,0.439,9.492,37.002,-0.234,8.464,29.370,0.624,8.386,32.685,1.092,9.829,37.248,0.468,8.659,33.075,0.117,9.829,36.780,0.312,8.659,35.064,0.026,6.0,11.90,31.0
3.8017,-105,-1,glide,-1,3.8017,3.8108,0,-0.264,9.053,30.410,0.791,8.877,33.486,1.406,10.283,38.848,0.527,9.053,33.926,0.264,10.020,37.793,0.439,9.404,36.387,-0.230,8.301,28.806,0.612,8.225,32.057,1.071,9.640,36.533,0.459,8.492,32.440,0.115,9.640,36.074,0.306,8.492,34.391,0.026,6.0,11.90,31.0
3.8417,-104,-1,glide,-1,3.8417,3.8508,0,-0.264,8.877,29.883,0.791,8.877,32.871,1.406,10.020,38.145,0.527,9.053,33.311,0.264,9.932,37.002,0.439,9.316,35.684,-0.225,8.139,28.243,0.600,8.064,31.431,1.050,9.452,35.819,0.450,8.327,31.806,0.113,9.452,35.369,0.300,8.327,33.719,0.026,6.0,11.90,31.0
3.8818,-103,-1,glide,-1,3.8818,3.8910,0,-0.264,8.613,29.268,0.791,8.789,32.256,1.406,9.844,37.441,0.439,8.877,32.695,0.264,9.932,36.387,0.352,8.965,34.980,-0.221,7.977,27.681,0.588,7.904,30.806,1.029,9.264,35.107,0.441,8.161,31.173,0.110,9.264,34.666,0.294,8.161,33.048,0.019,5.6,12.00,30.0
3.9217,-102,-1,glide,-1,3.9217,3.9311,0,-0.264,8.525,28.740,0.791,8.525,31.641,1.406,9.668,36.738,0.439,8.613,31.992,0.264,9.580,35.596,0.352,8.701,34.365,-0.216,7.816,27.121,0.576,7.744,30.182,1.008,9.076,34.396,0.432,7.996,30.543,0.108,9.076,33.964,0.288,7.996,32.380,0.019,5.6,12.00,30.0
3.9617,-101,-1,glide,-1,3.9617,3.9711,0,-0.264,8.438,28.125,0.791,8.262,31.025,1.406,9.492,36.035,0.439,8.525,31.377,0.264,9.316,34.893,0.352,8.613,33.662,-0.212,7.655,26.562,0.564,7.584,29.561,0.988,8.889,33.688,0.423,7.831,29.914,0.106,8.889,33.265,0.282,7.831,31.713,0.019,5.6,12.00,30.0
4.0017,-100,-1,glide,-1,4.0017,4.0110,0,-0.264,8.086,27.598,0.791,8.086,30.410,1.230,9.141,35.244,0.439,8.525,30.762,0.264,9.141,34.189,0.352,8.438,32.959,-0.207,7.494,26.006,0.553,7.425,28.941,0.967,8.703,32.982,0.414,7.667,29.286,0.104,8.703,32.567,0.276,7.667,31.048,0.019,7.2,12.00,32.0
4.0416,-99,-1,glide,-1,4.0416,4.0508,0,-0.264,7.998,27.070,0.791,7.998,29.795,1.143,9.141,34.541,0.439,8.086,30.059,0.264,8.877,33.486,0.352,8.350,32.344,-0.203,7.334,25.450,0.541,7.267,28.323,0.946,8.517,32.278,0.406,7.503,28.661,0.101,8.517,31.872,0.270,7.503,30.385,0.019,7.2,12.00,32.0
4.0817,-98,-1,glide,-1,4.0817,4.0912,0,-0.264,7.998,26.455,0.791,7.822,29.092,1.055,8.877,33.838,0.439,7.998,29.443,0.264,8.701,32.783,0.352,8.174,31.641,-0.198,7.175,24.897,0.529,7.109,27.708,0.926,8.332,31.576,0.397,7.340,28.039,0.099,8.332,31.180,0.265,7.340,29.725,0.019,7.2,12.00,32.0
4.1217,-97,-1,glide,-1,4.1217,4.1310,0,-0.264,7.646,25.928,0.791,7.734,28.477,1.055,8.613,33.135,0.439,7.822,28.828,0.264,8.613,32.168,0.352,7.910,31.025,-0.194,7.016,24.347,0.517,6.952,27.095,0.905,8.148,30.878,0.388,7.178,27.418,0.097,8.148,30.490,0.259,7.178,29.067,0.019,7.6,12.00,32.0
4.1616,-96,-1,glide,-1,4.1616,4.1701,0,-0.264,7.559,25.400,0.791,7.559,27.861,1.055,8.525,32.432,0.439,7.822,28.213,0.264,8.525,31.465,0.352,7.822,30.322,-0.190,6.858,23.798,0.506,6.795,26.484,0.885,7.964,30.182,0.379,7.016,26.801,0.095,7.964,29.803,0.253,7.016,28.412,0.019,7.6,12.00,32.0
4.2018,-95,-1,glide,-1,4.2018,4.2105,0,-0.264,7.383,24.873,0.791,7.295,27.246,1.055,8.350,31.729,0.439,7.471,27.598,0.264,8.262,30.762,0.352,7.646,29.707,-0.185,6.701,23.252,0.494,6.639,25.877,0.865,7.782,29.490,0.371,6.855,26.186,0.093,7.782,29.119,0.247,6.855,27.760,0.019,7.6,12.00,32.0
4.2418,-94,-1,glide,-1,4.2418,4.2511,0,-0.264,7.207,24.258,0.791,7.119,26.631,1.055,8.262,31.025,0.439,7.471,26.982,0.264,8.086,30.059,0.352,7.383,29.004,-0.181,6.544,22.709,0.483,6.484,25.272,0.844,7.600,28.800,0.362,6.695,25.574,0.090,7.600,28.438,0.241,6.695,27.112,0.019,5.6,11.90,31.0
4.2817,-93,-1,glide,-1,4.2817,4.2911,0,-0.264,7.031,23.730,0.791,7.119,26.016,1.055,7.998,30.410,0.439,7.119,26.367,0.264,7.910,29.355,0.352,7.383,28.389,-0.177,6.388,22.168,0.471,6.329,24.670,0.824,7.419,28.115,0.353,6.536,24.965,0.088,7.419,27.761,0.236,6.536,26.466,0.019,5.6,11.90,31.0
4.3217,-92,-1,glide,-1,4.3217,4.3310,0,-0.264,6.943,23.203,0.791,7.031,25.488,1.055,7.734,29.707,0.439,7.031,25.752,0.264,7.822,28.740,0.352,7.207,27.686,-0.172,6.233,21.630,0.460,6.176,24.072,0.804,7.239,27.433,0.345,6.377,24.359,0.086,7.239,27.088,0.230,6.377,25.824,0.019,5.6,11.90,31.0
4.3617,-91,-1,glide,-1,4.3617,4.3711,0,-0.264,6.855,22.588,0.791,6.768,24.785,1.055,7.559,29.004,0.439,6.768,25.137,0.264,7.471,28.037,0.352,6.943,26.982,-0.168,6.079,21.095,0.448,6.023,23.477,0.784,7.060,26.754,0.336,6.219,23.757,0.084,7.060,26.418,0.224,6.219,25.186,0.019,4.4,11.90,31.0
4.4017,-90,-1,glide,-1,4.4017,4.4112,0,-0.264,6.592,22.061,0.791,6.592,24.258,1.055,7.559,28.301,0.439,6.768,24.521,0.264,7.295,27.334,0.352,6.855,26.367,-0.164,5.926,20.564,0.437,5.871,22.885,0.765,6.882,26.080,0.328,6.063,23.158,0.082,6.882,25.753,0.218,6.063,24.551,0.019,4.4,11.90,31.0
4.4417,-89,-1,glide,-1,4.4417,4.4511,0,-0.264,6.328,21.533,0.791,6.416,23.643,1.055,7.207,27.598,0.439,6.768,23.906,0.264,7.295,26.631,0.264,6.680,25.752,-0.160,5.774,20.036,0.426,5.721,22.297,0.745,6.705,25.410,0.319,5.907,22.563,0.080,6.705,25.091,0.213,5.907,23.920,0.019,4.4,11.90,31.0
4.4817,-88,-1,glide,-1,4.4817,4.4911,0,-0.264,6.240,21.006,0.791,6.240,23.027,1.055,7.031,26.895,0.439,6.416,23.203,0.264,6.943,25.928,0.176,6.416,25.137,-0.155,5.623,19.511,0.415,5.571,21.713,0.726,6.530,24.745,0.311,5.752,21.972,0.078,6.530,24.434,0.207,5.752,23.294,0.019,4.8,11.90,31.0
4.5217,-87,-1,glide,-1,4.5217,4.5311,0,-0.352,6.152,20.479,0.791,6.064,22.500,1.055,7.031,26.191,0.439,6.240,22.764,0.264,6.855,25.312,0.176,6.328,24.521,-0.151,5.473,18.990,0.404,5.422,21.134,0.706,6.355,24.084,0.303,5.599,21.386,0.076,6.355,23.782,0.202,5.599,22.672,0.019,4.8,11.90,31.0
4.5617,-86,-1,glide,-1,4.5617,4.5710,0,-0.264,5.977,19.951,0.791,5.977,21.797,1.055,6.592,25.576,0.352,6.064,22.061,0.264,6.680,24.609,0.176,6.328,23.818,-0.147,5.323,18.473,0.393,5.274,20.558,0.687,6.182,23.428,0.294,5.446,20.803,0.074,6.182,23.134,0.196,5.446,22.054,0.019,4.8,11.90,31.0
4.6017,-85,-1,glide,-1,4.6017,4.6111,0,-0.088,5.889,19.424,0.791,5.801,21.270,1.055,6.504,24.961,0.264,5.889,21.533,0.264,6.416,23.994,0.176,6.240,23.203,-0.143,5.176,17.959,0.382,5.128,19.987,0.668,6.010,22.777,0.286,5.295,20.225,0.072,6.010,22.491,0.191,5.295,21.442,0.019,5.2,11.90,31.0
4.6417,-84,-1,glide,-1,4.6417,4.6507,0,-0.176,5.801,18.896,0.527,5.713,20.654,1.055,6.240,24.258,0.264,5.713,20.918,0.264,6.240,23.291,0.176,5.889,22.588,-0.139,5.029,17.450,0.371,4.982,19.420,0.649,5.840,22.131,0.278,5.145,19.652,0.070,5.840,21.853,0.185,5.145,20.834,0.019,5.2,11.90,31.0
4.6818,-83,-1,glide,-1,4.6818,4.6909,0,-0.176,5.537,18.369,0.527,5.537,20.127,0.967,6.064,23.643,0.264,5.713,20.391,0.264,6.064,22.676,0.176,5.713,21.973,-0.135,4.883,16.945,0.360,4.838,18.858,0.630,5.671,21.491,0.270,4.996,19.083,0.068,5.671,21.221,0.180,4.996,20.231,0.019,5.2,11.90,31.0
4.7217,-82,-1,glide,-1,4.7217,4.7307,0,-0.088,5.361,17.842,0.439,5.361,19.600,0.879,6.064,22.939,0.264,5.449,19.775,0.264,5.977,22.061,0.176,5.625,21.357,-0.131,4.739,16.445,0.349,4.695,18.301,0.611,5.503,20.856,0.262,4.848,18.519,0.066,5.503,20.594,0.175,4.848,19.633,0.019,4.8,11.90,31.0
4.7618,-81,-1,glide,-1,4.7618,4.7709,0,-0.088,5.273,17.402,0.439,5.186,18.984,0.791,5.889,22.324,0.264,5.361,19.160,0.264,5.889,21.445,0.176,5.537,20.742,-0.127,4.596,15.949,0.339,4.554,17.749,0.593,5.337,20.227,0.254,4.702,17.961,0.064,5.337,19.973,0.169,4.702,19.041,0.019,4.8,11.90,31.0
4.8017,-80,-1,glide,-1,4.8017,4.8108,0,-0.088,5.273,16.787,0.439,5.010,18.369,0.703,5.713,21.621,0.264,5.361,18.633,0.264,5.625,20.742,0.176,5.273,20.127,-0.123,4.454,15.457,0.328,4.413,17.202,0.575,5.173,19.604,0.246,4.557,17.407,0.062,5.173,19.358,0.164,4.557,18.454,0.019,4.8,11.90,31.0
4.8417,-79,-1,glide,-1,4.8417,4.8507,0,-0.088,4.922,16.348,0.439,5.010,17.842,0.703,5.537,21.006,0.264,5.010,18.105,0.264,5.449,20.127,0.176,5.273,19.600,-0.119,4.314,14.971,0.318,4.275,16.661,0.557,5.010,18.987,0.239,4.414,16.860,0.060,5.010,18.748,0.159,4.414,17.873,0.019,7.6,12.00,32.0
4.8815,-78,-1,glide,-1,4.8815,4.8906,0,-0.088,4.922,15.820,0.439,4.922,17.402,0.703,5.273,20.391,0.264,4.834,17.490,0.264,5.273,19.512,0.176,5.010,18.984,-0.115,4.176,14.489,0.308,4.137,16.125,0.539,4.849,18.376,0.231,4.272,16.317,0.058,4.849,18.145,0.154,4.272,17.299,0.019,7.6,12.00,32.0
4.9217,-77,-1,glide,-1,4.9217,4.9311,0,-0.088,4.746,15.293,0.439,4.658,16.787,0.703,5.186,19.775,0.264,4.658,16.963,0.264,5.186,18.896,0.176,4.922,18.281,-0.112,4.038,14.013,0.298,4.001,15.595,0.521,4.690,17.772,0.223,4.131,15.781,0.056,4.690,17.549,0.149,4.131,16.730,0.019,7.6,12.00,32.0
4.9617,-76,-1,glide,-1,4.9617,4.9711,0,-0.088,4.570,14.854,0.439,4.658,16.260,0.703,5.098,19.160,0.264,4.658,16.436,0.264,4.922,18.281,0.176,4.746,17.754,-0.108,3.902,13.542,0.288,3.867,15.070,0.504,4.532,17.175,0.216,3.992,15.250,0.054,4.532,16.959,0.144,3.992,16.167,0.019,6.0,11.90,31.0
5.0017,-75,-1,glide,-1,5.0017,5.0111,0,-0.088,4.395,14.414,0.439,4.482,15.645,0.703,4.834,18.545,0.264,4.658,15.908,0.264,4.834,17.666,0.176,4.570,17.139,-0.104,3.768,13.076,0.278,3.734,14.552,0.486,4.376,16.584,0.208,3.855,14.726,0.052,4.376,16.376,0.139,3.855,15.611,0.019,6.0,11.90,31.0
5.0417,-74,-1,glide,-1,5.0417,5.0511,0,-0.088,4.219,13.887,0.439,4.219,15.117,0.703,4.834,17.930,0.264,4.307,15.381,0.264,4.658,17.051,0.176,4.395,16.523,-0.101,3.636,12.616,0.268,3.602,14.040,0.469,4.222,16.000,0.201,3.719,14.208,0.050,4.222,15.799,0.134,3.719,15.062,0.019,6.0,11.90,31.0
5.0817,-73,-1,glide,-1,5.0817,5.0909,0,-0.088,4.219,13.359,0.439,4.043,14.590,0.703,4.570,17.314,0.264,4.307,14.854,0.264,4.482,16.436,0.176,4.219,16.084,-0.097,3.505,12.162,0.258,3.472,13.535,0.452,4.070,15.424,0.194,3.586,13.696,0.048,4.070,15.230,0.129,3.586,14.520,0.019,7.6,12.00,33.0
5.1217,-72,-1,glide,-1,5.1217,5.1309,0,-0.088,4.043,13.008,0.439,4.043,14.150,0.703,4.307,16.699,0.264,4.043,14.326,0.264,4.482,15.996,0.176,4.219,15.469,-0.093,3.376,11.713,0.249,3.344,13.035,0.436,3.920,14.855,0.187,3.453,13.191,0.047,3.920,14.669,0.124,3.453,13.984,0.019,7.6,12.00,33.0
5.1618,-71,-1,glide,-1,5.1618,5.1745,0,-0.088,3.867,12.480,0.439,4.043,13.535,0.703,4.307,16.084,0.264,3.955,13.711,0.264,4.131,15.293,0.176,4.219,14.854,-0.090,3.248,11.271,0.239,3.218,12.543,0.419,3.772,14.294,0.180,3.323,12.693,0.045,3.772,14.115,0.120,3.323,13.456,0.019,7.6,12.00,33.0
5.2018,-70,-1,glide,-1,5.2018,5.2109,0,-0.088,3.867,12.041,0.439,3.779,13.096,0.703,4.043,15.557,0.264,3.779,13.271,0.264,4.131,14.766,0.176,3.955,14.414,-0.086,3.122,10.834,0.230,3.094,12.057,0.403,3.626,13.741,0.173,3.194,12.201,0.043,3.626,13.568,0.115,3.194,12.935,0.019,7.6,12.00,33.0
5.2417,-69,-1,glide,-1,5.2417,5.2512,0,-0.088,3.691,11.602,0.439,3.691,12.568,0.703,3.955,15.029,0.264,3.691,12.744,0.264,3.867,14.238,0.176,3.779,13.887,-0.083,2.998,10.405,0.221,2.971,11.579,0.387,3.482,13.196,0.166,3.067,11.717,0.041,3.482,13.030,0.111,3.067,12.422,0.019,7.6,12.00,33.0
5.2817,-68,-1,glide,-1,5.2817,5.2904,0,-0.088,3.516,11.162,0.439,3.691,12.129,0.703,3.955,14.414,0.264,3.516,12.217,0.088,3.779,13.711,0.176,3.604,13.271,-0.080,2.876,9.981,0.212,2.850,11.108,0.371,3.340,12.659,0.159,2.943,11.240,0.040,3.340,12.499,0.106,2.943,11.916,0.019,7.6,12.00,33.0
5.3217,-67,-1,glide,-1,5.3217,5.3311,0,-0.088,3.428,10.723,0.439,3.516,11.602,0.703,3.779,13.887,0.264,3.340,11.777,0.088,3.779,13.096,0.176,3.516,12.744,-0.076,2.756,9.564,0.203,2.731,10.644,0.356,3.201,12.130,0.152,2.820,10.771,0.038,3.201,11.977,0.102,2.820,11.419,0.019,6.4,12.00,32.0
5.3615,-66,-1,glide,-1,5.3615,5.3707,0,-0.088,3.252,10.283,0.439,3.252,11.162,0.703,3.428,13.271,0.264,3.252,11.250,0.088,3.428,12.568,0.176,3.516,12.217,-0.073,2.638,9.154,0.195,2.614,10.187,0.340,3.064,11.610,0.146,2.699,10.309,0.036,3.064,11.464,0.097,2.699,10.929,0.019,6.4,12.00,32.0
5.4017,-65,-1,glide,-1,5.4017,5.4109,0,-0.088,3.164,9.844,0.439,3.164,10.635,0.703,3.428,12.744,0.264,3.252,10.811,0.088,3.340,12.041,0.176,3.252,11.777,-0.070,2.522,8.751,0.186,2.499,9.739,0.325,2.929,11.098,0.139,2.580,9.855,0.035,2.929,10.959,0.093,2.580,10.448,0.019,6.4,12.00,32.0
5.4417,-64,-1,glide,-1,5.4417,5.4511,0,-0.088,3.076,9.492,0.439,3.076,10.195,0.703,3.428,12.217,0.264,3.252,10.371,0.088,3.252,11.514,0.176,3.252,11.250,-0.067,2.408,8.355,0.178,2.385,9.298,0.311,2.796,10.596,0.133,2.463,9.409,0.033,2.796,10.463,0.089,2.463,9.975,0.026,8.4,12.00,32.0
5.4817,-63,-1,glide,-1,5.4817,5.4911,0,-0.088,2.900,9.053,0.439,2.900,9.756,0.703,3.076,11.689,0.264,2.900,9.844,0.088,3.252,10.986,0.176,3.164,10.723,-0.063,2.296,7.966,0.169,2.274,8.865,0.296,2.666,10.103,0.127,2.348,8.971,0.032,2.666,9.976,0.085,2.348,9.510,0.026,8.4,12.00,32.0
5.5217,-62,-1,glide,-1,5.5217,5.5309,0,-0.088,2.812,8.613,0.439,2.812,9.316,0.703,3.076,11.162,0.264,2.900,9.404,0.088,3.164,10.459,0.176,3.164,10.283,-0.060,2.186,7.584,0.161,2.166,8.440,0.282,2.538,9.619,0.121,2.236,8.541,0.030,2.538,9.498,0.081,2.236,9.055,0.026,8.4,12.00,32.0
5.5617,-61,-1,glide,-1,5.5617,5.5711,0,-0.088,2.812,8.262,0.439,2.637,8.877,0.439,2.812,10.723,0.176,2.725,8.965,0.088,2.725,10.020,0.176,2.900,9.756,-0.057,2.078,7.210,0.153,2.059,8.024,0.268,2.413,9.145,0.115,2.126,8.120,0.029,2.413,9.030,0.077,2.126,8.608,0.013,6.8,12.00,33.0
5.6018,-60,-1,glide,-1,5.6018,5.6115,0,-0.088,2.549,7.822,0.439,2.637,8.438,0.439,2.725,10.195,0.176,2.549,8.525,0.088,2.725,9.580,0.176,2.637,9.316,-0.055,1.972,6.844,0.145,1.954,7.616,0.254,2.290,8.680,0.109,2.018,7.707,0.027,2.290,8.571,0.073,2.018,8.171,0.013,6.8,12.00,33.0
5.6417,-59,-1,glide,-1,5.6417,5.6512,0,-0.088,2.549,7.471,0.439,2.637,7.998,0.439,2.725,9.668,0.176,2.549,8.086,0.088,2.637,9.053,0.176,2.637,8.877,-0.052,1.869,6.485,0.138,1.852,7.217,0.241,2.170,8.225,0.103,1.912,7.304,0.026,2.170,8.122,0.069,1.912,7.743,0.013,6.8,12.00,33.0
5.6817,-58,-1,glide,-1,5.6817,5.6911,0,-0.176,2.461,7.119,0.439,2.549,7.559,0.439,2.637,9.229,0.176,2.549,7.734,0.088,2.373,8.613,0.176,2.549,8.438,-0.049,1.768,6.135,0.130,1.752,6.827,0.228,2.053,7.780,0.098,1.809,6.909,0.024,2.053,7.683,0.065,1.809,7.324,0.019,4.8,11.90,31.0
5.7217,-57,-1,glide,-1,5.7217,5.7309,0,-0.176,2.197,6.768,0.352,2.285,7.207,0.439,2.285,8.789,0.176,2.285,7.295,0.088,2.373,8.086,0.176,2.461,7.998,-0.046,1.669,5.792,0.123,1.654,6.446,0.215,1.938,7.346,0.092,1.708,6.523,0.023,1.938,7.254,0.062,1.708,6.915,0.019,4.8,11.90,31.0
5.7617,-56,-1,glide,-1,5.7617,5.7711,0,-0.088,2.197,6.416,0.352,2.197,6.855,0.439,2.197,8.350,0.176,2.197,6.943,0.088,2.285,7.646,0.176,2.461,7.559,-0.043,1.573,5.458,0.116,1.558,6.074,0.203,1.827,6.922,0.087,1.609,6.147,0.022,1.827,6.835,0.058,1.609,6.516,0.019,4.8,11.90,31.0
5.8017,-55,-1,glide,-1,5.8017,5.8112,0,-0.088,2.197,5.977,0.176,2.109,6.416,0.352,2.197,7.910,0.176,2.197,6.504,0.088,2.021,7.295,0.176,2.197,7.119,-0.041,1.479,5.132,0.109,1.465,5.711,0.191,1.718,6.509,0.082,1.513,5.780,0.020,1.718,6.427,0.055,1.513,6.127,0.019,7.6,12.00,33.0
5.8417,-54,-1,glide,-1,5.8417,5.8511,0,-0.088,2.021,5.713,0.176,2.021,6.064,0.352,2.197,7.471,0.176,2.021,6.152,0.088,2.021,6.768,0.176,2.109,6.680,-0.038,1.388,4.815,0.102,1.375,5.358,0.179,1.611,6.106,0.077,1.420,5.422,0.019,1.611,6.030,0.051,1.420,5.748,0.019,7.6,12.00,33.0
5.8815,-53,-1,glide,-1,5.8815,5.8907,0,-0.088,1.934,5.361,0.176,1.934,5.625,0.352,1.934,7.031,0.176,1.846,5.801,0.088,1.934,6.416,0.176,2.021,6.416,-0.036,1.299,4.506,0.096,1.287,5.015,0.168,1.508,5.715,0.072,1.329,5.075,0.018,1.508,5.643,0.048,1.329,5.380,0.019,7.6,12.00,33.0
5.9217,-52,-1,glide,-1,5.9217,5.9315,0,-0.088,1.846,5.010,0.176,1.934,5.361,0.352,1.758,6.592,0.176,1.846,5.361,0.088,1.670,6.064,0.176,1.846,5.977,-0.034,1.212,4.206,0.089,1.201,4.681,0.156,1.408,5.335,0.067,1.240,4.737,0.017,1.408,5.268,0.045,1.240,5.022,0.019,6.4,12.00,33.0
5.9617,-51,-1,glide,-1,5.9617,5.9711,0,-0.176,1.846,4.658,0.176,1.758,5.010,0.352,1.758,6.240,0.176,1.670,5.010,0.088,1.670,5.625,0.176,1.846,5.537,-0.031,1.128,3.916,0.083,1.118,4.358,0.146,1.310,4.966,0.062,1.154,4.410,0.016,1.310,4.904,0.042,1.154,4.675,0.019,6.4,12.00,33.0
6.0017,-50,-1,glide,-1,6.0017,6.0112,0,0.000,1.846,4.395,0.176,1.670,4.570,0.352,1.670,5.801,0.176,1.670,4.658,0.088,1.670,5.186,0.088,1.758,5.186,-0.029,1.047,3.634,0.077,1.038,4.044,0.135,1.216,4.609,0.058,1.071,4.093,0.014,1.216,4.551,0.039,1.071,4.339,0.019,6.4,12.00,33.0
6.0417,-49,-1,glide,-1,6.0417,6.0511,0,0.088,1.494,4.131,0.176,1.670,4.395,0.352,1.670,5.449,0.176,1.494,4.395,0.088,1.670,4.834,0.088,1.758,4.834,-0.027,0.969,3.362,0.071,0.960,3.741,0.125,1.125,4.264,0.054,0.991,3.786,0.013,1.125,4.210,0.036,0.991,4.014,0.026,6.0,11.90,31.0
6.0817,-48,-1,glide,-1,6.0817,6.0911,0,-0.088,1.494,3.867,0.176,1.582,3.955,0.352,1.582,5.098,0.176,1.494,4.043,0.088,1.318,4.482,0.088,1.582,4.482,-0.025,0.893,3.099,0.066,0.885,3.449,0.115,1.037,3.930,0.049,0.914,3.490,0.012,1.037,3.881,0.033,0.914,3.700,0.026,6.0,11.90,31.0
6.1218,-47,-1,glide,-1,6.1218,6.1309,0,0.088,1.494,3.516,0.176,1.582,3.779,0.352,1.406,4.746,0.176,1.494,3.867,0.088,1.318,4.131,0.088,1.494,4.131,-0.023,0.820,2.846,0.060,0.812,3.167,0.106,0.952,3.609,0.045,0.839,3.205,0.011,0.952,3.564,0.030,0.839,3.397,0.026,6.0,11.90,31.0
6.1617,-46,-1,glide,-1,6.1617,6.1709,0,0.088,1.318,3.252,0.176,1.582,3.340,0.352,1.318,4.395,0.176,1.318,3.516,0.088,1.318,3.779,0.088,1.494,3.867,-0.021,0.750,2.602,0.055,0.743,2.896,0.097,0.871,3.300,0.041,0.767,2.930,0.010,0.871,3.259,0.028,0.767,3.107,0.019,8.8,12.00,32.0
6.2018,-45,-1,glide,-1,6.2018,6.2112,0,0.088,1.230,2.988,0.176,1.230,3.076,0.352,1.318,4.043,0.088,1.143,3.076,0.088,1.055,3.516,0.088,1.494,3.516,-0.019,0.683,2.368,0.050,0.676,2.636,0.088,0.793,3.004,0.038,0.698,2.667,0.009,0.793,2.966,0.025,0.698,2.828,0.019,8.8,12.00,32.0
6.2418,-44,-1,glide,-1,6.2418,6.2512,0,0.088,1.143,2.812,0.176,1.230,2.812,0.352,1.230,3.691,0.088,1.143,2.988,0.088,1.055,3.164,0.088,1.406,3.252,-0.017,0.618,2.145,0.046,0.612,2.387,0.080,0.718,2.720,0.034,0.632,2.415,0.009,0.718,2.686,0.023,0.632,2.561,0.019,8.8,12.00,32.0
6.2818,-43,-1,glide,-1,6.2818,6.2912,0,0.088,1.143,2.549,0.176,1.143,2.637,0.352,0.967,3.428,0.088,1.143,2.549,0.088,1.055,2.988,0.088,1.230,2.900,-0.015,0.557,1.931,0.041,0.551,2.149,0.072,0.646,2.449,0.031,0.569,2.175,0.008,0.646,2.419,0.021,0.569,2.306,0.019,5.2,12.00,30.0
6.3217,-42,-1,glide,-1,6.3217,6.3310,0,0.088,1.143,2.285,0.176,1.055,2.285,0.352,0.967,3.164,0.088,1.143,2.373,0.088,1.055,2.725,0.088,1.143,2.637,-0.014,0.498,1.728,0.037,0.493,1.923,0.064,0.578,2.192,0.028,0.510,1.946,0.007,0.578,2.164,0.018,0.510,2.063,0.019,5.2,12.00,30.0
6.3617,-41,-1,glide,-1,6.3617,6.3710,0,0.088,1.143,2.197,0.176,1.055,2.109,0.352,0.967,2.812,0.088,0.967,2.109,0.088,0.879,2.373,0.088,1.143,2.373,-0.012,0.443,1.536,0.033,0.438,1.709,0.057,0.514,1.948,0.024,0.453,1.729,0.006,0.514,1.923,0.016,0.453,1.833,0.019,5.2,12.00,30.0
6.4017,-40,-1,glide,-1,6.4017,6.4111,0,0.088,1.055,1.846,0.176,1.055,2.021,0.352,0.967,2.549,0.088,0.879,1.846,0.088,0.879,2.109,0.088,1.143,2.197,-0.011,0.390,1.354,0.029,0.386,1.506,0.050,0.453,1.717,0.022,0.399,1.524,0.005,0.453,1.695,0.014,0.399,1.616,0.026,5.6,11.90,31.0
6.4417,-39,-1,glide,-1,6.4417,6.4508,0,0.088,0.791,1.670,0.176,0.879,1.582,0.352,0.967,2.285,0.088,0.791,1.758,0.088,0.791,1.846,0.088,1.143,1.846,-0.009,0.341,1.182,0.025,0.338,1.316,0.044,0.396,1.500,0.019,0.349,1.332,0.005,0.396,1.481,0.013,0.349,1.412,0.026,5.6,11.90,31.0
6.4817,-38,-1,glide,-1,6.4817,6.4907,0,0.088,0.791,1.494,0.176,0.791,1.582,0.352,0.703,2.109,0.088,0.791,1.582,0.088,0.615,1.758,0.088,1.143,1.758,-0.008,0.295,1.022,0.022,0.292,1.137,0.038,0.342,1.296,0.016,0.301,1.151,0.004,0.342,1.280,0.011,0.301,1.220,0.026,5.6,11.90,31.0
6.5217,-37,-1,glide,-1,6.5217,6.5307,0,0.088,0.791,1.318,0.176,0.703,1.318,0.352,0.703,1.934,0.088,0.791,1.318,0.088,0.527,1.406,0.088,1.055,1.494,-0.007,0.252,0.873,0.019,0.249,0.971,0.032,0.292,1.107,0.014,0.257,0.983,0.003,0.292,1.093,0.009,0.257,1.042,0.019,4.8,11.90,31.0
6.5618,-36,-1,glide,-1,6.5618,6.5708,0,0.088,0.791,1.230,0.176,0.703,1.055,0.352,0.703,1.670,0.088,0.791,1.230,0.088,0.527,1.230,0.088,0.879,1.318,-0.006,0.212,0.735,0.016,0.210,0.818,0.027,0.246,0.932,0.012,0.217,0.828,0.003,0.246,0.920,0.008,0.217,0.877,0.019,4.8,11.90,31.0
6.6018,-35,-1,glide,-1,6.6018,6.6109,0,0.088,0.791,0.967,0.176,0.703,0.967,0.352,0.615,1.582,0.088,0.703,0.879,0.088,0.527,0.967,0.088,0.703,1.230,-0.005,0.175,0.608,0.013,0.174,0.677,0.023,0.204,0.771,0.010,0.179,0.685,0.002,0.204,0.762,0.006,0.179,0.726,0.019,4.8,11.90,31.0
6.6417,-34,-1,glide,-1,6.6417,6.6507,0,0.088,0.791,0.879,0.176,0.703,0.791,0.352,0.615,1.318,0.088,0.615,0.879,0.088,0.527,0.967,0.088,0.703,0.967,-0.004,0.142,0.493,0.010,0.141,0.549,0.018,0.165,0.625,0.008,0.145,0.555,0.002,0.165,0.618,0.005,0.145,0.589,0.019,6.4,12.00,33.0
6.6817,-33,-1,glide,-1,6.6817,6.6910,0,0.088,0.791,0.879,0.176,0.703,0.791,0.352,0.615,1.143,0.088,0.615,0.703,0.088,0.527,0.703,0.088,0.703,0.879,-0.003,0.112,0.390,0.008,0.111,0.434,0.014,0.130,0.494,0.006,0.115,0.439,0.002,0.130,0.488,0.004,0.115,0.465,0.019,6.4,12.00,33.0
6.7216,-32,-1,glide,-1,6.7216,6.7303,0,0.088,0.703,0.791,0.176,0.703,0.439,0.352,0.615,1.055,0.088,0.527,0.527,0.088,0.527,0.615,0.088,0.703,0.703,-0.002,0.086,0.298,0.006,0.085,0.332,0.011,0.100,0.378,0.005,0.088,0.336,0.001,0.100,0.373,0.003,0.088,0.356,0.019,6.4,12.00,33.0
6.7617,-31,-1,glide,-1,6.7617,6.7706,0,0.088,0.615,0.527,0.176,0.615,0.527,0.352,0.352,0.967,0.088,0.439,0.439,0.088,0.527,0.527,0.088,0.703,0.527,-0.002,0.063,0.218,0.005,0.062,0.243,0.008,0.073,0.277,0.003,0.064,0.246,0.001,0.073,0.274,0.002,0.064,0.261,0.019,7.6,12.00,33.0
6.8017,-30,-1,glide,-1,6.8017,6.8108,0,0.088,0.615,0.439,0.176,0.527,0.352,0.352,0.352,0.791,0.088,0.439,0.439,0.088,0.527,0.352,0.088,0.703,0.439,-0.001,0.043,0.151,0.003,0.043,0.168,0.006,0.050,0.191,0.002,0.044,0.170,0.001,0.050,0.189,0.002,0.044,0.180,0.019,7.6,12.00,33.0
6.8417,-29,-1,glide,-1,6.8417,6.8507,0,0.000,0.527,0.439,0.176,0.527,0.264,0.352,0.352,0.615,0.088,0.439,0.352,0.088,0.527,0.264,0.088,0.703,0.352,-0.001,0.028,0.096,0.002,0.027,0.106,0.004,0.032,0.121,0.002,0.028,0.108,0.000,0.032,0.120,0.001,0.028,0.114,0.019,7.6,12.00,33.0
6.8815,-28,-1,glide,-1,6.8815,6.8905,0,0.088,0.439,0.439,0.176,0.527,0.176,0.352,0.352,0.615,0.088,0.439,0.176,0.088,0.439,0.264,0.088,0.703,0.352,-0.000,0.015,0.053,0.001,0.015,0.059,0.002,0.018,0.067,0.001,0.016,0.059,0.000,0.018,0.066,0.001,0.016,0.063,0.019,4.0,11.90,31.0
6.9217,-27,-1,glide,-1,6.9217,6.9304,0,0.088,0.439,0.352,0.176,0.527,0.264,0.352,0.264,0.615,0.088,0.439,0.264,0.088,0.176,0.176,0.088,0.527,0.352,-0.000,0.006,0.022,0.000,0.006,0.025,0.001,0.008,0.028,0.000,0.007,0.025,0.000,0.008,0.028,0.000,0.007,0.027,0.019,4.0,11.90,31.0
6.9617,-26,-1,glide,-1,6.9617,6.9706,0,0.088,0.439,0.264,0.176,0.527,0.088,0.352,0.264,0.615,0.088,0.439,0.088,0.088,0.176,0.088,0.088,0.527,0.352,-0.000,0.001,0.005,0.000,0.001,0.005,0.000,0.002,0.006,0.000,0.001,0.005,0.000,0.002,0.006,0.000,0.001,0.006,0.019,4.0,11.90,31.0
7.0017,-25,-1,glide,-1,7.0017,7.0108,0,0.088,0.439,0.264,0.176,0.527,0.176,0.352,0.264,0.615,0.088,0.439,0.088,0.088,0.176,0.176,0.088,0.527,0.264,0.000,0.000,0.000,0.000,0.000,0.000,0.000,0.000,0.000,0.000,0.000,0.000,0.000,0.000,0.000,0.000,0.000,0.000,0.013,5.6,12.00,32.0
7.0417,-24,-1,glide,-1,7.0417,7.0508,0,0.088,0.439,0.264,0.176,0.527,0.088,0.352,0.264,0.439,0.088,0.439,0.088,0.088,0.176,0.088,0.088,0.527,0.264,0.000,0.000,0.000,0.000,0.000,0.000,0.000,0.000,0.000,0.000,0.000,0.000,0.000,0.000,0.000,0.000,0.000,0.000,0.013,5.6,12.00,32.0
7.0818,-23,-1,glide,-1,7.0818,7.0906,0,0.088,0.439,0.264,0.176,0.527,0.176,0.352,0.264,0.439,0.088,0.439,0.088,0.088,0.176,0.088,0.088,0.527,0.264,0.000,0.000,0.000,0.000,0.000,0.000,0.000,0.000,0.000,0.000,0.000,0.000,0.000,0.000,0.000,0.000,0.000,0.000,0.013,5.6,12.00,32.0
7.1218,-22,-1,glide,-1,7.1218,7.1308,0,0.088,0.439,0.264,0.176,0.527,0.088,0.352,0.264,0.439,0.088,0.439,0.088,0.088,0.176,0.088,0.088,0.527,0.264,0.000,0.000,0.000,0.000,0.000,0.000,0.000,0.000,0.000,0.000,0.000,0.000,0.000,0.000,0.000,0.000,0.000,0.000,0.013,5.6,12.00,32.0
7.1617,-21,-1,glide,-1,7.1617,7.1707,0,0.088,0.439,0.264,0.176,0.527,0.176,0.352,0.264,0.439,0.088,0.439,0.088,0.088,0.176,0.088,0.088,0.527,0.264,0.000,0.000,0.000,0.000,0.000,0.000,0.000,0.000,0.000,0.000,0.000,0.000,0.000,0.000,0.000,0.000,0.000,0.000,0.013,5.6,12.00,32.0
7.2017,-20,-1,glide,-1,7.2017,7.2109,0,0.088,0.439,0.264,0.176,0.527,0.088,0.352,0.264,0.439,0.088,0.439,0.088,0.088,0.176,0.088,0.088,0.527,0.264,0.000,0.000,0.000,0.000,0.000,0.000,0.000,0.000,0.000,0.000,0.000,0.000,0.000,0.000,0.000,0.000,0.000,0.000,0.013,5.6,12.00,32.0
7.2417,-19,-1,glide,-1,7.2417,7.2508,0,0.088,0.439,0.264,0.176,0.527,0.088,0.352,0.264,0.439,0.088,0.439,0.088,0.088,0.176,0.088,0.088,0.527,0.264,0.000,0.000,0.000,0.000,0.000,0.000,0.000,0.000,0.000,0.000,0.000,0.000,0.000,0.000,0.000,0.000,0.000,0.000,0.013,5.6,12.00,32.0
7.2817,-18,-1,glide,-1,7.2817,7.2908,0,0.088,0.439,0.264,0.176,0.527,0.176,0.352,0.264,0.439,0.088,0.439,0.088,0.088,0.176,0.088,0.088,0.527,0.264,0.000,0.000,0.000,0.000,0.000,0.000,0.000,0.000,0.000,0.000,0.000,0.000,0.000,0.000,0.000,0.000,0.000,0.000,0.013,5.6,12.00,32.0
7.3215,-17,-1,glide,-1,7.3215,7.3325,0,0.088,0.439,0.264,0.176,0.527,0.088,0.352,0.264,0.439,0.088,0.439,0.088,0.088,0.176,0.088,0.088,0.527,0.264,0.000,0.000,0.000,0.000,0.000,0.000,0.000,0.000,0.000,0.000,0.000,0.000,0.000,0.000,0.000,0.000,0.000,0.000,0.013,5.6,12.00,32.0
7.3618,-16,-1,glide,-1,7.3618,7.3713,0,0.088,0.439,0.264,0.176,0.527,0.088,0.352,0.264,0.439,0.088,0.439,0.088,0.088,0.176,0.088,0.088,0.527,0.264,0.000,0.000,0.000,0.000,0.000,0.000,0.000,0.000,0.000,0.000,0.000,0.000,0.000,0.000,0.000,0.000,0.000,0.000,0.006,4.8,12.00,33.0
7.4017,-15,-1,glide,-1,7.4017,7.4112,0,0.088,0.439,0.264,0.176,0.527,0.176,0.352,0.264,0.439,0.088,0.439,0.088,0.088,0.176,0.088,0.088,0.527,0.264,0.000,0.000,0.000,0.000,0.000,0.000,0.000,0.000,0.000,0.000,0.000,0.000,0.000,0.000,0.000,0.000,0.000,0.000,0.006,4.8,12.00,33.0
7.4417,-14,-1,glide,-1,7.4417,7.4510,0,0.088,0.439,0.264,0.176,0.527,0.088,0.352,0.264,0.439,0.088,0.439,0.088,0.088,0.176,0.088,0.088,0.527,0.264,0.000,0.000,0.000,0.000,0.000,0.000,0.000,0.000,0.000,0.000,0.000,0.000,0.000,0.000,0.000,0.000,0.000,0.000,0.006,4.8,12.00,33.0
7.4817,-13,-1,glide,-1,7.4817,7.4909,0,0.088,0.439,0.264,0.176,0.527,0.176,0.352,0.264,0.439,0.088,0.439,0.088,0.088,0.176,0.088,0.088,0.527,0.264,0.000,0.000,0.000,0.000,0.000,0.000,0.000,0.000,0.000,0.000,0.000,0.000,0.000,0.000,0.000,0.000,0.000,0.000,0.013,5.6,12.00,32.0
7.5218,-12,-1,glide,-1,7.5218,7.5310,0,0.088,0.439,0.264,0.176,0.527,0.088,0.352,0.264,0.439,0.088,0.439,0.088,0.088,0.176,0.088,0.088,0.527,0.264,0.000,0.000,0.000,0.000,0.000,0.000,0.000,0.000,0.000,0.000,0.000,0.000,0.000,0.000,0.000,0.000,0.000,0.000,0.013,5.6,12.00,32.0
7.5617,-11,-1,glide,-1,7.5617,7.5709,0,0.088,0.439,0.264,0.176,0.527,0.088,0.352,0.264,0.439,0.088,0.439,0.088,0.088,0.176,0.088,0.088,0.527,0.264,0.000,0.000,0.000,0.000,0.000,0.000,0.000,0.000,0.000,0.000,0.000,0.000,0.000,0.000,0.000,0.000,0.000,0.000,0.013,5.6,12.00,32.0
7.6017,-10,-1,glide,-1,7.6017,7.6111,0,0.088,0.439,0.264,0.176,0.527,0.088,0.352,0.264,0.439,0.088,0.439,0.088,0.088,0.176,0.088,0.088,0.527,0.264,0.000,0.000,0.000,0.000,0.000,0.000,0.000,0.000,0.000,0.000,0.000,0.000,0.000,0.000,0.000,0.000,0.000,0.000,0.013,5.6,12.00,32.0
7.6417,-9,-1,glide,-1,7.6417,7.6509,0,0.088,0.439,0.264,0.176,0.527,0.088,0.352,0.264,0.439,0.088,0.439,0.088,0.088,0.176,0.088,0.088,0.527,0.264,0.000,0.000,0.000,0.000,0.000,0.000,0.000,0.000,0.000,0.000,0.000,0.000,0.000,0.000,0.000,0.000,0.000,0.000,0.013,5.6,12.00,32.0
7.6817,-8,-1,glide,-1,7.6817,7.6910,0,0.088,0.439,0.264,0.176,0.527,0.088,0.352,0.264,0.439,0.088,0.439,0.088,0.088,0.176,0.088,0.088,0.527,0.264,0.000,0.000,0.000,0.000,0.000,0.000,0.000,0.000,0.000,0.000,0.000,0.000,0.000,0.000,0.000,0.000,0.000,0.000,0.013,5.6,12.00,32.0
7.7217,-7,-1,glide,-1,7.7217,7.7318,0,0.088,0.439,0.264,0.176,0.527,0.088,0.352,0.264,0.439,0.088,0.439,0.088,0.088,0.176,0.088,0.088,0.527,0.264,0.000,0.000,0.000,0.000,0.000,0.000,0.000,0.000,0.000,0.000,0.000,0.000,0.000,0.000,0.000,0.000,0.000,0.000,0.013,5.6,12.00,32.0
7.7617,-6,-1,glide,-1,7.7617,7.7712,0,0.088,0.439,0.264,0.176,0.527,0.088,0.352,0.264,0.439,0.088,0.439,0.088,0.088,0.176,0.088,0.088,0.527,0.264,0.000,0.000,0.000,0.000,0.000,0.000,0.000,0.000,0.000,0.000,0.000,0.000,0.000,0.000,0.000,0.000,0.000,0.000,0.013,5.6,12.00,32.0
7.8017,-5,-1,glide,-1,7.8017,7.8111,0,0.088,0.439,0.264,0.176,0.527,0.088,0.352,0.264,0.439,0.088,0.439,0.088,0.088,0.176,0.088,0.088,0.527,0.264,0.000,0.000,0.000,0.000,0.000,0.000,0.000,0.000,0.000,0.000,0.000,0.000,0.000,0.000,0.000,0.000,0.000,0.000,0.013,5.6,12.00,32.0
7.8417,-4,-1,glide,-1,7.8417,7.8512,0,0.088,0.439,0.264,0.176,0.527,0.088,0.352,0.264,0.439,0.088,0.439,0.088,0.088,0.176,0.088,0.088,0.527,0.264,0.000,0.000,0.000,0.000,0.000,0.000,0.000,0.000,0.000,0.000,0.000,0.000,0.000,0.000,0.000,0.000,0.000,0.000,0.013,5.6,12.00,32.0
7.8815,-3,-1,glide,-1,7.8815,7.8910,0,0.088,0.439,0.264,0.176,0.527,0.088,0.352,0.264,0.439,0.088,0.439,0.088,0.088,0.176,0.088,0.088,0.527,0.264,0.000,0.000,0.000,0.000,0.000,0.000,0.000,0.000,0.000,0.000,0.000,0.000,0.000,0.000,0.000,0.000,0.000,0.000,0.013,5.6,12.00,32.0
7.9217,-2,-1,glide,-1,7.9217,7.9311,0,0.088,0.439,0.264,0.176,0.527,0.088,0.352,0.264,0.439,0.088,0.439,0.088,0.088,0.176,0.088,0.088,0.527,0.264,0.000,0.000,0.000,0.000,0.000,0.000,0.000,0.000,0.000,0.000,0.000,0.000,0.000,0.000,0.000,0.000,0.000,0.000,0.013,5.6,12.00,32.0
7.9617,-1,-1,glide,-1,7.9617,7.9711,0,0.088,0.439,0.264,0.176,0.527,0.088,0.352,0.264,0.439,0.088,0.439,0.088,0.088,0.176,0.088,0.088,0.527,0.264,0.000,0.000,0.000,0.000,0.000,0.000,0.000,0.000,0.000,0.000,0.000,0.000,0.000,0.000,0.000,0.000,0.000,0.000,0.013,3.2,11.90,31.0
7.9922,0,0,pre,6,7.9922,8.0004,0,0.088,0.439,0.264,0.176,0.527,0.088,0.352,0.264,0.439,0.088,0.439,0.088,0.088,0.176,0.088,0.088,0.527,0.264,0.088,0.439,0.264,0.176,0.527,0.088,0.352,0.264,0.439,0.088,0.439,0.088,0.088,0.176,0.088,0.088,0.527,0.264,0.006,4.0,12.00,33.0
8.0272,1,0,pre,6,8.0272,8.0359,0,0.088,0.439,0.264,0.176,0.527,0.088,0.352,0.264,0.439,0.088,0.439,0.088,0.088,0.176,0.088,0.088,0.527,0.264,0.088,0.439,0.264,0.176,0.527,0.088,0.352,0.264,0.439,0.088,0.439,0.088,0.088,0.176,0.088,0.088,0.527,0.264,0.006,4.0,12.00,33.0
8.0674,2,0,pre,6,8.0674,8.0760,0,0.088,0.439,0.264,0.176,0.527,0.088,0.352,0.264,0.439,0.088,0.439,0.088,0.088,0.176,0.088,0.088,0.527,0.264,0.088,0.439,0.264,0.176,0.527,0.088,0.352,0.264,0.439,0.088,0.439,0.088,0.088,0.176,0.088,0.088,0.527,0.264,0.000,0.0,12.00,34.0
8.1071,3,0,pre,6,8.1071,8.1158,0,0.088,0.439,0.264,0.176,0.527,0.088,0.352,0.264,0.439,0.088,0.439,0.088,0.088,0.176,0.088,0.088,0.527,0.264,0.088,0.439,0.264,0.176,0.527,0.088,0.352,0.264,0.439,0.088,0.439,0.088,0.088,0.176,0.088,0.088,0.527,0.264,0.000,0.0,12.00,34.0
8.1472,4,0,pre,6,8.1472,8.1557,0,0.088,0.439,0.264,0.176,0.527,0.088,0.352,0.264,0.439,0.088,0.439,0.088,0.088,0.176,0.088,0.088,0.527,0.264,0.088,0.439,0.264,0.176,0.527,0.088,0.352,0.264,0.439,0.088,0.439,0.088,0.088,0.176,0.088,0.088,0.527,0.264,0.000,0.0,12.00,34.0
8.1872,5,0,pre,6,8.1872,8.1957,0,0.088,0.439,0.264,0.176,0.527,0.088,0.352,0.264,0.439,0.088,0.439,0.088,0.088,0.176,0.088,0.088,0.527,0.264,0.088,0.439,0.264,0.176,0.527,0.088,0.352,0.264,0.439,0.088,0.439,0.088,0.088,0.176,0.088,0.088,0.527,0.264,0.000,0.0,12.00,33.0
8.2272,6,0,pre,6,8.2272,8.2349,0,0.088,0.439,0.264,0.176,0.527,0.088,0.352,0.264,0.439,0.088,0.439,0.088,0.088,0.176,0.088,0.088,0.527,0.264,0.088,0.439,0.264,0.176,0.527,0.088,0.352,0.264,0.439,0.088,0.439,0.088,0.088,0.176,0.088,0.088,0.527,0.264,0.000,0.0,12.00,33.0
8.2672,7,0,pre,6,8.2672,8.2755,0,0.088,0.439,0.264,0.176,0.527,0.088,0.352,0.264,0.439,0.088,0.439,0.088,0.088,0.176,0.088,0.088,0.527,0.264,0.088,0.439,0.264,0.176,0.527,0.088,0.352,0.264,0.439,0.088,0.439,0.088,0.088,0.176,0.088,0.088,0.527,0.264,0.000,0.0,12.00,33.0
8.3074,8,0,pre,6,8.3074,8.3160,0,0.088,0.439,0.264,0.176,0.527,0.088,0.352,0.264,0.439,0.088,0.439,0.088,0.088,0.176,0.088,0.088,0.527,0.264,0.088,0.439,0.264,0.176,0.527,0.088,0.352,0.264,0.439,0.088,0.439,0.088,0.088,0.176,0.088,0.088,0.527,0.264,0.000,0.0,12.00,33.0
8.3472,9,0,pre,6,8.3472,8.3554,0,0.088,0.439,0.264,0.176,0.527,0.088,0.352,0.264,0.439,0.088,0.439,0.088,0.088,0.176,0.088,0.088,0.527,0.264,0.088,0.439,0.264,0.176,0.527,0.088,0.352,0.264,0.439,0.088,0.439,0.088,0.088,0.176,0.088,0.088,0.527,0.264,0.000,0.0,12.00,33.0
8.3872,10,0,pre,6,8.3872,8.3957,0,0.088,0.439,0.264,0.176,0.527,0.088,0.352,0.264,0.439,0.088,0.439,0.088,0.088,0.176,0.088,0.088,0.527,0.264,0.088,0.439,0.264,0.176,0.527,0.088,0.352,0.264,0.439,0.088,0.439,0.088,0.088,0.176,0.088,0.088,0.527,0.264,0.000,0.0,12.00,33.0
8.4271,11,0,pre,6,8.4271,8.4356,0,0.088,0.439,0.264,0.176,0.527,0.088,0.352,0.264,0.439,0.088,0.439,0.088,0.088,0.176,0.088,0.088,0.527,0.264,0.088,0.439,0.264,0.176,0.527,0.088,0.352,0.264,0.439,0.088,0.439,0.088,0.088,0.176,0.088,0.088,0.527,0.264,0.000,0.0,12.00,33.0
8.4671,12,0,pre,6,8.4671,8.4757,0,0.088,0.439,0.264,0.176,0.527,0.088,0.352,0.264,0.439,0.088,0.439,0.088,0.088,0.176,0.088,0.088,0.527,0.264,0.088,0.439,0.264,0.176,0.527,0.088,0.352,0.264,0.439,0.088,0.439,0.088,0.088,0.176,0.088,0.088,0.527,0.264,0.000,0.0,12.00,33.0
8.5071,13,0,pre,6,8.5071,8.5158,0,0.088,0.439,0.264,0.176,0.527,0.088,0.352,0.264,0.439,0.088,0.439,0.088,0.088,0.176,0.088,0.088,0.527,0.264,0.088,0.439,0.264,0.176,0.527,0.088,0.352,0.264,0.439,0.088,0.439,0.088,0.088,0.176,0.088,0.088,0.527,0.264,0.000,0.0,12.00,33.0
8.5472,14,0,pre,6,8.5472,8.5556,0,0.088,0.439,0.264,0.176,0.527,0.088,0.352,0.264,0.439,0.088,0.439,0.088,0.088,0.176,0.088,0.088,0.527,0.264,0.088,0.439,0.264,0.176,0.527,0.088,0.352,0.264,0.439,0.088,0.439,0.088,0.088,0.176,0.088,0.088,0.527,0.264,0.000,0.0,12.00,34.0
8.5872,15,0,move,6,8.5872,8.5956,0,0.088,0.439,0.264,0.176,0.527,0.088,0.352,0.264,0.439,0.088,0.439,0.088,0.088,0.176,0.088,0.088,0.527,0.264,0.088,0.439,0.264,0.176,0.527,0.088,0.352,0.264,0.439,0.088,0.439,0.088,0.088,0.176,0.088,0.088,0.527,0.264,0.000,0.0,12.00,34.0
8.6271,16,0,move,6,8.6271,8.6357,0,0.088,0.439,0.264,0.176,0.527,0.088,0.352,0.264,0.439,0.088,0.439,0.088,0.088,0.176,0.088,0.088,0.527,0.264,0.088,0.439,0.264,0.176,0.527,0.088,0.602,0.264,0.439,0.088,0.439,0.088,0.088,0.176,0.088,0.088,0.527,0.264,0.000,0.0,12.00,34.0
8.6672,17,0,move,6,8.6672,8.6753,0,0.088,0.439,0.264,0.176,0.527,0.088,0.352,0.264,0.439,0.088,0.439,0.088,0.088,0.176,0.088,0.088,0.527,0.264,0.088,0.439,0.264,0.176,0.527,0.088,0.849,0.264,0.439,0.088,0.439,0.088,0.088,0.176,0.088,0.088,0.527,0.264,0.000,3.6,12.00,34.0
8.7071,18,0,move,6,8.7071,8.7152,0,0.088,0.439,0.264,0.176,0.527,0.088,0.352,0.264,0.439,0.088,0.439,0.088,0.088,0.176,0.088,0.088,0.527,0.264,0.088,0.439,0.264,0.176,0.527,0.088,1.088,0.264,0.439,0.088,0.439,0.088,0.088,0.176,0.088,0.088,0.527,0.264,0.000,3.6,12.00,34.0
8.7474,19,0,move,6,8.7474,8.7554,0,0.088,0.439,0.264,0.176,0.527,0.088,0.352,0.264,0.439,0.088,0.439,0.088,0.088,0.176,0.088,0.088,0.527,0.264,0.088,0.439,0.264,0.176,0.527,0.088,1.315,0.264,0.439,0.088,0.439,0.088,0.088,0.176,0.088,0.088,0.527,0.264,0.000,3.6,12.00,34.0
8.7871,20,0,move,6,8.7871,8.7951,0,0.088,0.439,0.264,0.176,0.527,0.088,0.791,0.264,0.439,0.088,0.439,0.088,0.088,0.176,0.088,0.088,0.527,0.264,0.088,0.439,0.264,0.176,0.527,0.088,1.527,0.264,0.439,0.088,0.439,0.088,0.088,0.176,0.088,0.088,0.527,0.264,0.000,4.0,12.00,34.0
8.8272,21,0,move,6,8.8272,8.8357,0,0.088,0.439,0.264,0.176,0.527,0.088,1.143,0.264,0.439,0.088,0.439,0.088,0.088,0.176,0.088,0.088,0.527,0.264,0.088,0.439,0.264,0.176,0.527,0.088,1.721,0.264,0.439,0.088,0.439,0.088,0.088,0.176,0.088,0.088,0.527,0.264,0.000,4.0,12.00,34.0
8.8674,22,0,move,6,8.8674,8.8756,0,0.088,0.439,0.264,0.176,0.527,0.088,1.318,0.264,0.439,0.088,0.439,0.088,0.088,0.176,0.088,0.088,0.527,0.264,0.088,0.439,0.264,0.176,0.527,0.088,1.893,0.264,0.439,0.088,0.439,0.088,0.088,0.176,0.088,0.088,0.527,0.264,0.000,4.0,12.00,34.0
8.9072,23,0,move,6,8.9072,8.9152,0,0.088,0.439,0.264,0.176,0.527,0.088,1.582,0.264,0.439,0.088,0.439,0.088,0.088,0.176,0.088,0.088,0.527,0.264,0.088,0.439,0.264,0.176,0.527,0.088,2.040,0.264,0.439,0.088,0.439,0.088,0.088,0.176,0.088,0.088,0.527,0.264,0.006,4.0,12.00,33.0
8.9472,24,0,move,6,8.9472,8.9552,0,0.088,0.439,0.264,0.176,0.527,0.088,1.758,0.264,0.439,0.088,0.439,0.088,0.088,0.176,0.088,0.088,0.527,0.264,0.088,0.439,0.264,0.176,0.527,0.088,2.161,0.264,0.439,0.088,0.439,0.088,0.088,0.176,0.088,0.088,0.527,0.264,0.006,4.0,12.00,33.0
8.9872,25,0,move,6,8.9872,8.9952,0,0.088,0.439,0.264,0.176,0.527,0.088,1.934,0.264,0.439,0.088,0.439,0.088,0.088,0.176,0.088,0.088,0.527,0.264,0.088,0.439,0.264,0.176,0.527,0.088,2.254,0.264,0.439,0.088,0.439,0.088,0.088,0.176,0.088,0.088,0.527,0.264,0.006,4.0,12.00,33.0
9.0272,26,0,move,6,9.0272,9.0351,0,0.088,0.439,0.264,0.176,0.527,0.088,1.934,0.264,0.439,0.088,0.439,0.088,0.088,0.176,0.088,0.088,0.527,0.264,0.088,0.439,0.264,0.176,0.527,0.088,2.316,0.264,0.439,0.088,0.439,0.088,0.088,0.176,0.088,0.088,0.527,0.264,0.006,4.4,12.00,33.0
9.0672,27,0,move,6,9.0672,9.0752,0,0.088,0.439,0.264,0.176,0.527,0.088,1.934,0.264,0.439,0.088,0.439,0.088,0.088,0.176,0.088,0.088,0.527,0.264,0.088,0.439,0.264,0.176,0.527,0.088,2.348,0.264,0.439,0.088,0.439,0.088,0.088,0.176,0.088,0.088,0.527,0.264,0.006,4.4,12.00,33.0
9.1074,28,0,move,6,9.1074,9.1154,0,0.088,0.439,0.264,0.176,0.527,0.088,2.021,0.264,0.439,0.088,0.439,0.088,0.088,0.176,0.088,0.088,0.527,0.264,0.088,0.439,0.264,0.176,0.527,0.088,2.348,0.264,0.439,0.088,0.439,0.088,0.088,0.176,0.088,0.088,0.527,0.264,0.006,4.4,12.00,33.0
9.1472,29,0,move,6,9.1472,9.1556,0,0.088,0.439,0.264,0.176,0.527,0.088,2.197,0.264,0.439,0.088,0.439,0.088,0.088,0.176,0.088,0.088,0.527,0.264,0.088,0.439,0.264,0.176,0.527,0.088,2.316,0.264,0.439,0.088,0.439,0.088,0.088,0.176,0.088,0.088,0.527,0.264,0.006,2.0,12.00,34.0
9.1872,30,0,move,6,9.1872,9.1955,0,0.088,0.439,0.264,0.176,0.527,0.088,2.197,0.264,0.439,0.088,0.439,0.088,0.088,0.176,0.088,0.088,0.527,0.264,0.088,0.439,0.264,0.176,0.527,0.088,2.254,0.264,0.439,0.088,0.439,0.088,0.088,0.176,0.088,0.088,0.527,0.264,0.006,2.0,12.00,34.0
9.2274,31,0,move,6,9.2274,9.2360,0,0.088,0.439,0.264,0.176,0.527,0.088,2.197,0.264,0.439,0.088,0.439,0.088,0.088,0.176,0.088,0.088,0.527,0.264,0.088,0.439,0.264,0.176,0.527,0.088,2.161,0.264,0.439,0.088,0.439,0.088,0.088,0.176,0.088,0.088,0.527,0.264,0.006,2.0,12.00,34.0
9.2672,32,0,move,6,9.2672,9.2757,0,0.088,0.439,0.264,0.176,0.527,0.088,2.197,0.264,0.439,0.088,0.439,0.088,0.088,0.176,0.088,0.088,0.527,0.264,0.088,0.439,0.264,0.176,0.527,0.088,2.040,0.264,0.439,0.088,0.439,0.088,0.088,0.176,0.088,0.088,0.527,0.264,0.000,0.0,12.00,34.0
9.3074,33,0,move,6,9.3074,9.3158,0,0.088,0.439,0.264,0.176,0.527,0.088,2.197,0.264,0.439,0.088,0.439,0.088,0.088,0.176,0.088,0.088,0.527,0.264,0.088,0.439,0.264,0.176,0.527,0.088,1.893,0.264,0.439,0.088,0.439,0.088,0.088,0.176,0.088,0.088,0.527,0.264,0.000,0.0,12.00,34.0
9.3474,34,0,move,6,9.3474,9.3559,0,0.088,0.439,0.264,0.176,0.527,0.088,2.197,0.264,0.439,0.088,0.439,0.088,0.088,0.176,0.088,0.088,0.527,0.264,0.088,0.439,0.264,0.176,0.527,0.088,1.721,0.264,0.439,0.088,0.439,0.088,0.088,0.176,0.088,0.088,0.527,0.264,0.000,0.0,12.00,34.0
9.3883,35,0,move,6,9.3883,9.3954,0,0.088,0.439,0.264,0.176,0.527,0.088,2.197,0.264,0.439,0.088,0.439,0.088,0.088,0.176,0.088,0.088,0.527,0.264,0.088,0.439,0.264,0.176,0.527,0.088,1.527,0.264,0.439,0.088,0.439,0.088,0.088,0.176,0.088,0.088,0.527,0.264,0.006,5.6,12.00,34.0
9.4272,36,0,move,6,9.4272,9.4351,0,0.088,0.439,0.264,0.176,0.527,0.088,2.109,0.264,0.439,0.088,0.439,0.088,0.088,0.176,0.088,0.088,0.527,0.264,0.088,0.439,0.264,0.176,0.527,0.088,1.315,0.264,0.439,0.088,0.439,0.088,0.088,0.176,0.088,0.088,0.527,0.264,0.006,5.6,12.00,34.0
9.4672,37,0,move,6,9.4672,9.4756,0,0.088,0.439,0.264,0.176,0.527,0.088,1.582,0.264,0.439,0.088,0.439,0.088,0.088,0.176,0.088,0.088,0.527,0.264,0.088,0.439,0.264,0.176,0.527,0.088,1.088,0.264,0.439,0.088,0.439,0.088,0.088,0.176,0.088,0.088,0.527,0.264,0.006,5.6,12.00,34.0
9.5071,38,0,move,6,9.5071,9.5156,0,0.088,0.439,0.264,0.176,0.527,0.088,1.406,0.264,0.439,0.088,0.439,0.088,0.088,0.176,0.088,0.088,0.527,0.264,0.088,0.439,0.264,0.176,0.527,0.088,0.849,0.264,0.439,0.088,0.439,0.088,0.088,0.176,0.088,0.088,0.527,0.264,0.006,4.8,12.00,34.0
9.5474,39,0,move,6,9.5474,9.6671,0,0.088,0.439,0.264,0.176,0.527,0.088,1.055,0.264,0.439,0.088,0.439,0.088,0.088,0.176,0.088,0.088,0.527,0.264,0.088,0.439,0.264,0.176,0.527,0.088,0.602,0.264,0.439,0.088,0.439,0.088,0.088,0.176,0.088,0.088,0.527,0.264,0.000,3.6,12.00,34.0
9.6775,40,0,move,6,9.6775,9.6852,1,0.088,0.439,0.264,0.176,0.527,0.088,1.055,0.264,0.439,0.088,0.439,0.088,0.088,0.176,0.088,0.088,0.527,0.264,0.088,0.439,0.264,0.176,0.527,0.088,0.352,0.264,0.439,0.088,0.439,0.088,0.088,0.176,0.088,0.088,0.527,0.264,0.000,3.6,12.00,34.0
9.6858,41,0,move,6,9.6858,9.6937,1,0.088,0.439,0.264,0.176,0.527,0.088,1.055,0.264,0.439,0.088,0.439,0.088,0.088,0.176,0.088,0.088,0.527,0.264,0.088,0.439,0.264,0.176,0.527,0.088,0.101,0.264,0.439,0.088,0.439,0.088,0.088,0.176,0.088,0.088,0.527,0.264,0.000,3.6,12.00,34.0
9.6944,42,0,move,6,9.6944,9.7021,1,0.088,0.439,0.264,0.176,0.527,0.088,1.055,0.264,0.439,0.088,0.439,0.088,0.088,0.176,0.088,0.088,0.527,0.264,0.088,0.439,0.264,0.176,0.527,0.088,-0.146,0.264,0.439,0.088,0.439,0.088,0.088,0.176,0.088,0.088,0.527,0.264,0.000,3.6,12.00,34.0
9.7071,43,0,move,6,9.7071,9.7141,0,0.088,0.439,0.264,0.176,0.527,0.088,0.967,0.264,0.439,0.088,0.439,0.088,0.088,0.176,0.088,0.088,0.527,0.264,0.088,0.439,0.264,0.176,0.527,0.088,-0.385,0.264,0.439,0.088,0.439,0.088,0.088,0.176,0.088,0.088,0.527,0.264,0.000,3.6,12.00,34.0
9.7472,44,0,move,6,9.7472,9.7551,0,0.088,0.439,0.264,0.176,0.527,0.088,0.439,0.264,0.439,0.088,0.439,0.088,0.088,0.176,0.088,0.088,0.527,0.264,0.088,0.439,0.264,0.176,0.527,0.088,-0.612,0.264,0.439,0.088,0.439,0.088,0.088,0.176,0.088,0.088,0.527,0.264,0.000,3.6,12.00,34.0
9.7874,45,0,move,6,9.7874,9.7954,0,0.088,0.439,0.264,0.176,0.527,0.088,0.000,0.264,0.439,0.088,0.439,0.088,0.088,0.176,0.088,0.088,0.527,0.264,0.088,0.439,0.264,0.176,0.527,0.088,-0.824,0.264,0.439,0.088,0.439,0.088,0.088,0.176,0.088,0.088,0.527,0.264,0.000,5.6,12.00,34.0
9.8272,46,0,move,6,9.8272,9.8351,0,0.088,0.439,0.264,0.176,0.527,0.088,-0.439,0.264,0.439,0.088,0.439,0.088,0.088,0.176,0.088,0.088,0.527,0.264,0.088,0.439,0.264,0.176,0.527,0.088,-1.018,0.264,0.439,0.088,0.439,0.088,0.088,0.176,0.088,0.088,0.527,0.264,0.000,5.6,12.00,34.0
9.8674,47,0,move,6,9.8674,9.8753,0,0.088,0.439,0.264,0.176,0.527,0.088,-0.615,0.264,0.439,0.088,0.439,0.088,0.088,0.176,0.088,0.088,0.527,0.264,0.088,0.439,0.264,0.176,0.527,0.088,-1.189,0.264,0.439,0.088,0.439,0.088,0.088,0.176,0.088,0.088,0.527,0.264,0.000,5.6,12.00,34.0
9.9074,48,0,move,6,9.9074,9.9156,0,0.088,0.439,0.264,0.176,0.527,0.088,-0.879,0.264,0.439,0.088,0.439,0.088,0.088,0.176,0.088,0.088,0.527,0.264,0.088,0.439,0.264,0.176,0.527,0.088,-1.337,0.264,0.439,0.088,0.439,0.088,0.088,0.176,0.088,0.088,0.527,0.264,0.006,3.6,12.00,34.0
9.9474,49,0,move,6,9.9474,9.9554,0,0.088,0.439,0.264,0.176,0.527,0.088,-1.055,0.264,0.439,0.088,0.439,0.088,0.088,0.176,0.088,0.088,0.527,0.264,0.088,0.439,0.264,0.176,0.527,0.088,-1.458,0.264,0.439,0.088,0.439,0.088,0.088,0.176,0.088,0.088,0.527,0.264,0.006,3.6,12.00,34.0
9.9874,50,0,move,6,9.9874,9.9954,0,0.088,0.439,0.264,0.176,0.527,0.088,-1.230,0.264,0.439,0.088,0.439,0.088,0.088,0.176,0.088,0.088,0.527,0.264,0.088,0.439,0.264,0.176,0.527,0.088,-1.551,0.264,0.439,0.088,0.439,0.088,0.088,0.176,0.088,0.088,0.527,0.264,0.006,3.6,12.00,34.0
10.0274,51,0,move,6,10.0274,10.0354,0,0.088,0.439,0.264,0.176,0.527,0.088,-1.406,0.264,0.439,0.088,0.439,0.088,0.088,0.176,0.088,0.088,0.527,0.264,0.088,0.439,0.264,0.176,0.527,0.088,-1.613,0.264,0.439,0.088,0.439,0.088,0.088,0.176,0.088,0.088,0.527,0.264,0.000,2.0,12.00,33.0
10.0674,52,0,move,6,10.0674,10.0752,0,0.088,0.439,0.264,0.176,0.527,0.088,-1.406,0.264,0.439,0.088,0.439,0.088,0.088,0.176,0.088,0.088,0.527,0.264,0.088,0.439,0.264,0.176,0.527,0.088,-1.644,0.264,0.439,0.088,0.439,0.088,0.088,0.176,0.088,0.088,0.527,0.264,0.000,2.0,12.00,33.0
10.1074,53,0,move,6,10.1074,10.1154,0,0.088,0.439,0.264,0.176,0.527,0.088,-1.406,0.264,0.439,0.088,0.439,0.088,0.088,0.176,0.088,0.088,0.527,0.264,0.088,0.439,0.264,0.176,0.527,0.088,-1.644,0.264,0.439,0.088,0.439,0.088,0.088,0.176,0.088,0.088,0.527,0.264,0.000,2.0,12.00,33.0
10.1474,54,0,move,6,10.1474,10.1555,0,0.088,0.439,0.264,0.176,0.527,0.088,-1.406,0.264,0.439,0.088,0.439,0.088,0.088,0.176,0.088,0.088,0.527,0.264,0.088,0.439,0.264,0.176,0.527,0.088,-1.613,0.264,0.439,0.088,0.439,0.088,0.088,0.176,0.088,0.088,0.527,0.264,0.000,3.2,12.00,33.0
10.1874,55,0,move,6,10.1874,10.1954,0,0.088,0.439,0.264,0.176,0.527,0.088,-1.406,0.264,0.439,0.088,0.439,0.088,0.088,0.176,0.088,0.088,0.527,0.264,0.088,0.439,0.264,0.176,0.527,0.088,-1.551,0.264,0.439,0.088,0.439,0.088,0.088,0.176,0.088,0.088,0.527,0.264,0.000,3.2,12.00,33.0
10.2274,56,0,move,6,10.2274,10.2354,0,0.088,0.439,0.264,0.176,0.527,0.088,-1.406,0.264,0.439,0.088,0.439,0.088,0.088,0.176,0.088,0.088,0.527,0.264,0.088,0.439,0.264,0.176,0.527,0.088,-1.458,0.264,0.439,0.088,0.439,0.088,0.088,0.176,0.088,0.088,0.527,0.264,0.000,3.2,12.00,33.0
10.2674,57,0,move,6,10.2674,10.2754,0,0.088,0.439,0.264,0.176,0.527,0.088,-1.406,0.264,0.439,0.088,0.439,0.088,0.088,0.176,0.088,0.088,0.527,0.264,0.088,0.439,0.264,0.176,0.527,0.088,-1.337,0.264,0.439,0.088,0.439,0.088,0.088,0.176,0.088,0.088,0.527,0.264,0.006,2.0,12.00,33.0
10.3074,58,0,move,6,10.3074,10.3154,0,0.088,0.439,0.264,0.176,0.527,0.088,-1.406,0.264,0.439,0.088,0.439,0.088,0.088,0.176,0.088,0.088,0.527,0.264,0.088,0.439,0.264,0.176,0.527,0.088,-1.189,0.264,0.439,0.088,0.439,0.088,0.088,0.176,0.088,0.088,0.527,0.264,0.006,2.0,12.00,33.0
10.3474,59,0,move,6,10.3474,10.3555,0,0.088,0.439,0.264,0.176,0.527,0.088,-1.406,0.264,0.439,0.088,0.439,0.088,0.088,0.176,0.088,0.088,0.527,0.264,0.088,0.439,0.264,0.176,0.527,0.088,-1.018,0.264,0.439,0.088,0.439,0.088,0.088,0.176,0.088,0.088,0.527,0.264,0.006,2.0,12.00,33.0
10.3874,60,0,move,6,10.3874,10.3956,0,0.088,0.439,0.264,0.176,0.527,0.088,-1.406,0.264,0.439,0.088,0.439,0.088,0.088,0.176,0.088,0.088,0.527,0.264,0.088,0.439,0.264,0.176,0.527,0.088,-0.824,0.264,0.439,0.088,0.439,0.088,0.088,0.176,0.088,0.088,0.527,0.264,0.006,4.4,12.00,33.0
10.4272,61,0,move,6,10.4272,10.4350,0,0.088,0.439,0.264,0.176,0.527,0.088,-1.406,0.264,0.439,0.088,0.439,0.088,0.088,0.176,0.088,0.088,0.527,0.264,0.088,0.439,0.264,0.176,0.527,0.088,-0.612,0.264,0.439,0.088,0.439,0.088,0.088,0.176,0.088,0.088,0.527,0.264,0.006,4.4,12.00,33.0
10.4671,62,0,move,6,10.4671,10.4752,0,0.088,0.439,0.264,0.176,0.527,0.088,-1.230,0.264,0.439,0.088,0.439,0.088,0.088,0.176,0.088,0.088,0.527,0.264,0.088,0.439,0.264,0.176,0.527,0.088,-0.385,0.264,0.439,0.088,0.439,0.088,0.088,0.176,0.088,0.088,0.527,0.264,0.006,4.4,12.00,33.0
10.5074,63,0,move,6,10.5074,10.5154,0,0.088,0.439,0.264,0.176,0.527,0.088,-0.791,0.264,0.439,0.088,0.439,0.088,0.088,0.176,0.088,0.088,0.527,0.264,0.088,0.439,0.264,0.176,0.527,0.088,-0.146,0.264,0.439,0.088,0.439,0.088,0.088,0.176,0.088,0.088,0.527,0.264,0.000,4.4,12.00,33.0
10.5474,64,0,move,6,10.5474,10.5556,0,0.088,0.439,0.264,0.176,0.527,0.088,-0.527,0.264,0.439,0.088,0.439,0.088,0.088,0.176,0.088,0.088,0.527,0.264,0.088,0.439,0.264,0.176,0.527,0.088,0.101,0.264,0.439,0.088,0.439,0.088,0.088,0.176,0.088,0.088,0.527,0.264,0.000,4.4,12.00,33.0
10.5872,65,0,move,6,10.5872,10.5952,0,0.088,0.439,0.264,0.176,0.527,0.088,-0.352,0.264,0.439,0.088,0.439,0.088,0.088,0.176,0.088,0.088,0.527,0.264,0.088,0.439,0.264,0.176,0.527,0.088,0.352,0.264,0.439,0.088,0.439,0.088,0.088,0.176,0.088,0.088,0.527,0.264,0.000,4.4,12.00,33.0
10.6274,66,0,move,6,10.6274,10.6354,0,0.088,0.439,0.264,0.176,0.527,0.088,-0.088,0.264,0.439,0.088,0.439,0.088,0.088,0.176,0.088,0.088,0.527,0.264,0.088,0.439,0.264,0.176,0.527,0.088,0.602,0.264,0.439,0.088,0.439,0.088,0.088,0.176,0.088,0.088,0.527,0.264,0.006,4.0,12.00,33.0
10.6671,67,0,move,6,10.6671,10.6752,0,0.088,0.439,0.264,0.176,0.527,0.088,0.176,0.264,0.439,0.088,0.439,0.088,0.088,0.176,0.088,0.088,0.527,0.264,0.088,0.439,0.264,0.176,0.527,0.088,0.849,0.264,0.439,0.088,0.439,0.088,0.088,0.176,0.088,0.088,0.527,0.264,0.006,4.0,12.00,33.0
10.7074,68,0,move,6,10.7074,10.7159,0,0.088,0.439,0.264,0.176,0.527,0.088,0.439,0.264,0.439,0.088,0.439,0.088,0.088,0.176,0.088,0.088,0.527,0.264,0.088,0.439,0.264,0.176,0.527,0.088,1.088,0.264,0.439,0.088,0.439,0.088,0.088,0.176,0.088,0.088,0.527,0.264,0.006,4.0,12.00,33.0
10.7472,69,0,move,6,10.7472,10.7558,0,0.088,0.439,0.264,0.176,0.527,0.088,0.615,0.264,0.439,0.088,0.439,0.088,0.088,0.176,0.088,0.088,0.527,0.264,0.088,0.439,0.264,0.176,0.527,0.088,1.315,0.264,0.439,0.088,0.439,0.088,0.088,0.176,0.088,0.088,0.527,0.264,0.006,3.6,12.00,34.0
10.7872,70,0,move,6,10.7872,10.7955,0,0.088,0.439,0.264,0.176,0.527,0.088,0.879,0.264,0.439,0.088,0.439,0.088,0.088,0.176,0.088,0.088,0.527,0.264,0.088,0.439,0.264,0.176,0.527,0.088,1.527,0.264,0.439,0.088,0.439,0.088,0.088,0.176,0.088,0.088,0.527,0.264,0.006,3.6,12.00,34.0
10.8271,71,0,move,6,10.8271,10.8355,0,0.088,0.439,0.264,0.176,0.527,0.088,1.143,0.264,0.439,0.088,0.439,0.088,0.088,0.176,0.088,0.088,0.527,0.264,0.088,0.439,0.264,0.176,0.527,0.088,1.721,0.264,0.439,0.088,0.439,0.088,0.088,0.176,0.088,0.088,0.527,0.264,0.006,3.6,12.00,34.0
10.8674,72,0,move,6,10.8674,10.8759,0,0.088,0.439,0.264,0.176,0.527,0.088,1.318,0.264,0.439,0.088,0.439,0.088,0.088,0.176,0.088,0.088,0.527,0.264,0.088,0.439,0.264,0.176,0.527,0.088,1.893,0.264,0.439,0.088,0.439,0.088,0.088,0.176,0.088,0.088,0.527,0.264,0.006,5.6,12.00,34.0
10.9072,73,0,move,6,10.9072,10.9159,0,0.088,0.439,0.264,0.176,0.527,0.088,1.582,0.264,0.439,0.088,0.439,0.088,0.088,0.176,0.088,0.088,0.527,0.264,0.088,0.439,0.264,0.176,0.527,0.088,2.040,0.264,0.439,0.088,0.439,0.088,0.088,0.176,0.088,0.088,0.527,0.264,0.006,5.6,12.00,34.0
10.9474,74,0,move,6,10.9474,10.9559,0,0.088,0.439,0.264,0.176,0.527,0.088,1.758,0.264,0.439,0.088,0.439,0.088,0.088,0.176,0.088,0.088,0.527,0.264,0.088,0.439,0.264,0.176,0.527,0.088,2.161,0.264,0.439,0.088,0.439,0.088,0.088,0.176,0.088,0.088,0.527,0.264,0.006,5.6,12.00,34.0
10.9874,75,0,move,6,10.9874,10.9959,0,0.088,0.439,0.264,0.176,0.527,0.088,1.934,0.264,0.439,0.088,0.439,0.088,0.088,0.176,0.088,0.088,0.527,0.264,0.088,0.439,0.264,0.176,0.527,0.088,2.254,0.264,0.439,0.088,0.439,0.088,0.088,0.176,0.088,0.088,0.527,0.264,0.000,3.6,12.00,33.0
11.0274,76,0,move,6,11.0274,11.0355,0,0.088,0.439,0.264,0.176,0.527,0.088,1.934,0.264,0.439,0.088,0.439,0.088,0.088,0.176,0.088,0.088,0.527,0.264,0.088,0.439,0.264,0.176,0.527,0.088,2.316,0.264,0.439,0.088,0.439,0.088,0.088,0.176,0.088,0.088,0.527,0.264,0.000,3.6,12.00,33.0
11.0674,77,0,move,6,11.0674,11.0755,0,0.088,0.439,0.264,0.176,0.527,0.088,1.934,0.264,0.439,0.088,0.439,0.088,0.088,0.176,0.088,0.088,0.527,0.264,0.088,0.439,0.264,0.176,0.527,0.088,2.348,0.264,0.439,0.088,0.439,0.088,0.088,0.176,0.088,0.088,0.527,0.264,0.000,3.6,12.00,33.0
11.1074,78,0,move,6,11.1074,11.1159,0,0.088,0.439,0.264,0.176,0.527,0.088,1.934,0.264,0.439,0.088,0.439,0.088,0.088,0.176,0.088,0.088,0.527,0.264,0.088,0.439,0.264,0.176,0.527,0.088,2.348,0.264,0.439,0.088,0.439,0.088,0.088,0.176,0.088,0.088,0.527,0.264,0.006,5.2,12.00,34.0
11.1474,79,0,move,6,11.1474,11.1555,0,0.088,0.439,0.264,0.176,0.527,0.088,2.109,0.264,0.439,0.088,0.439,0.088,0.088,0.176,0.088,0.088,0.527,0.264,0.088,0.439,0.264,0.176,0.527,0.088,2.316,0.264,0.439,0.088,0.439,0.088,0.088,0.176,0.088,0.088,0.527,0.264,0.006,5.2,12.00,34.0
11.1872,80,0,move,6,11.1872,11.1955,0,0.088,0.439,0.264,0.176,0.527,0.088,2.197,0.264,0.439,0.088,0.439,0.088,0.088,0.176,0.088,0.088,0.527,0.264,0.088,0.439,0.264,0.176,0.527,0.088,2.254,0.264,0.439,0.088,0.439,0.088,0.088,0.176,0.088,0.088,0.527,0.264,0.006,5.2,12.00,34.0
11.2274,81,0,move,6,11.2274,11.2360,0,0.088,0.439,0.264,0.176,0.527,0.088,2.197,0.264,0.439,0.088,0.439,0.088,0.088,0.176,0.088,0.088,0.527,0.264,0.088,0.439,0.264,0.176,0.527,0.088,2.161,0.264,0.439,0.088,0.439,0.088,0.088,0.176,0.088,0.088,0.527,0.264,0.000,0.0,12.00,34.0
11.2671,82,0,move,6,11.2671,11.2756,0,0.088,0.439,0.264,0.176,0.527,0.088,2.197,0.264,0.439,0.088,0.439,0.088,0.088,0.176,0.088,0.088,0.527,0.264,0.088,0.439,0.264,0.176,0.527,0.088,2.040,0.264,0.439,0.088,0.439,0.088,0.088,0.176,0.088,0.088,0.527,0.264,0.000,0.0,12.00,34.0
11.3074,83,0,move,6,11.3074,11.3160,0,0.088,0.439,0.264,0.176,0.527,0.088,2.197,0.264,0.439,0.088,0.439,0.088,0.088,0.176,0.088,0.088,0.527,0.264,0.088,0.439,0.264,0.176,0.527,0.088,1.893,0.264,0.439,0.088,0.439,0.088,0.088,0.176,0.088,0.088,0.527,0.264,0.000,0.0,12.00,34.0
11.3472,84,0,move,6,11.3472,11.3557,0,0.088,0.439,0.264,0.176,0.527,0.088,2.197,0.264,0.439,0.088,0.439,0.088,0.088,0.176,0.088,0.088,0.527,0.264,0.088,0.439,0.264,0.176,0.527,0.088,1.721,0.264,0.439,0.088,0.439,0.088,0.088,0.176,0.088,0.088,0.527,0.264,0.006,4.4,12.00,33.0
11.3874,85,0,move,6,11.3874,11.3960,0,0.088,0.439,0.264,0.176,0.527,0.088,2.197,0.264,0.439,0.088,0.439,0.088,0.088,0.176,0.088,0.088,0.527,0.264,0.088,0.439,0.264,0.176,0.527,0.088,1.527,0.264,0.439,0.088,0.439,0.088,0.088,0.176,0.088,0.088,0.527,0.264,0.006,4.4,12.00,33.0
11.4274,86,0,move,6,11.4274,11.4360,0,0.088,0.439,0.264,0.176,0.527,0.088,2.109,0.264,0.439,0.088,0.439,0.088,0.088,0.176,0.088,0.088,0.527,0.264,0.088,0.439,0.264,0.176,0.527,0.088,1.315,0.264,0.439,0.088,0.439,0.088,0.088,0.176,0.088,0.088,0.527,0.264,0.006,4.4,12.00,33.0
11.4674,87,0,move,6,11.4674,11.4757,0,0.088,0.439,0.264,0.176,0.527,0.088,1.582,0.264,0.439,0.088,0.439,0.088,0.088,0.176,0.088,0.088,0.527,0.264,0.088,0.439,0.264,0.176,0.527,0.088,1.088,0.264,0.439,0.088,0.439,0.088,0.088,0.176,0.088,0.088,0.527,0.264,0.000,3.6,12.00,34.0
11.5072,88,0,move,6,11.5072,11.5150,0,0.088,0.439,0.264,0.176,0.527,0.088,1.406,0.264,0.439,0.088,0.439,0.088,0.088,0.176,0.088,0.088,0.527,0.264,0.088,0.439,0.264,0.176,0.527,0.088,0.849,0.264,0.439,0.088,0.439,0.088,0.088,0.176,0.088,0.088,0.527,0.264,0.000,3.6,12.00,34.0
11.5474,89,0,move,6,11.5474,11.5560,0,0.088,0.439,0.264,0.176,0.527,0.088,1.143,0.264,0.439,0.088,0.439,0.088,0.088,0.176,0.088,0.088,0.527,0.264,0.088,0.439,0.264,0.176,0.527,0.088,0.602,0.264,0.439,0.088,0.439,0.088,0.088,0.176,0.088,0.088,0.527,0.264,0.000,3.6,12.00,34.0
11.5871,90,0,move,6,11.5871,11.5957,0,0.088,0.439,0.264,0.176,0.527,0.088,0.967,0.264,0.439,0.088,0.439,0.088,0.088,0.176,0.088,0.088,0.527,0.264,0.088,0.439,0.264,0.176,0.527,0.088,0.352,0.264,0.439,0.088,0.439,0.088,0.088,0.176,0.088,0.088,0.527,0.264,0.006,5.2,12.00,34.0
11.6274,91,0,move,6,11.6274,11.6354,0,0.088,0.439,0.264,0.176,0.527,0.088,0.703,0.264,0.439,0.088,0.439,0.088,0.088,0.176,0.088,0.088,0.527,0.264,0.088,0.439,0.264,0.176,0.527,0.088,0.101,0.264,0.439,0.088,0.439,0.088,0.088,0.176,0.088,0.088,0.527,0.264,0.006,5.2,12.00,34.0
11.6674,92,0,move,6,11.6674,11.6754,0,0.088,0.439,0.264,0.176,0.527,0.088,0.439,0.264,0.439,0.088,0.439,0.088,0.088,0.176,0.088,0.088,0.527,0.264,0.088,0.439,0.264,0.176,0.527,0.088,-0.146,0.264,0.439,0.088,0.439,0.088,0.088,0.176,0.088,0.088,0.527,0.264,0.006,5.2,12.00,34.0
11.7074,93,0,move,6,11.7074,11.7152,0,0.088,0.439,0.264,0.176,0.527,0.088,0.264,0.264,0.439,0.088,0.439,0.088,0.088,0.176,0.088,0.088,0.527,0.264,0.088,0.439,0.264,0.176,0.527,0.088,-0.385,0.264,0.439,0.088,0.439,0.088,0.088,0.176,0.088,0.088,0.527,0.264,0.000,4.8,12.00,34.0
11.7474,94,0,move,6,11.7474,11.7559,0,0.088,0.439,0.264,0.176,0.527,0.088,0.000,0.264,0.439,0.088,0.439,0.088,0.088,0.176,0.088,0.088,0.527,0.264,0.088,0.439,0.264,0.176,0.527,0.088,-0.612,0.264,0.439,0.088,0.439,0.088,0.088,0.176,0.088,0.088,0.527,0.264,0.000,4.8,12.00,34.0
11.7874,95,0,move,6,11.7874,11.7959,0,0.088,0.439,0.264,0.176,0.527,0.088,-0.264,0.264,0.439,0.088,0.439,0.088,0.088,0.176,0.088,0.088,0.527,0.264,0.088,0.439,0.264,0.176,0.527,0.088,-0.824,0.264,0.439,0.088,0.439,0.088,0.088,0.176,0.088,0.088,0.527,0.264,0.000,4.8,12.00,34.0
11.8274,96,0,move,6,11.8274,11.8355,0,0.088,0.439,0.264,0.176,0.527,0.088,-0.439,0.264,0.439,0.088,0.439,0.088,0.088,0.176,0.088,0.088,0.527,0.264,0.088,0.439,0.264,0.176,0.527,0.088,-1.018,0.264,0.439,0.088,0.439,0.088,0.088,0.176,0.088,0.088,0.527,0.264,0.006,4.8,12.00,34.0
11.8674,97,0,move,6,11.8674,11.8752,0,0.088,0.439,0.264,0.176,0.527,0.088,-0.703,0.264,0.439,0.088,0.439,0.088,0.088,0.176,0.088,0.088,0.527,0.264,0.088,0.439,0.264,0.176,0.527,0.088,-1.189,0.264,0.439,0.088,0.439,0.088,0.088,0.176,0.088,0.088,0.527,0.264,0.006,4.8,12.00,34.0
11.9074,98,0,move,6,11.9074,11.9157,0,0.088,0.439,0.264,0.176,0.527,0.088,-0.879,0.264,0.439,0.088,0.439,0.088,0.088,0.176,0.088,0.088,0.527,0.264,0.088,0.439,0.264,0.176,0.527,0.088,-1.337,0.264,0.439,0.088,0.439,0.088,0.088,0.176,0.088,0.088,0.527,0.264,0.006,4.8,12.00,34.0
11.9471,99,0,move,6,11.9471,11.9554,0,0.088,0.439,0.264,0.176,0.527,0.088,-1.055,0.264,0.439,0.088,0.439,0.088,0.088,0.176,0.088,0.088,0.527,0.264,0.088,0.439,0.264,0.176,0.527,0.088,-1.458,0.264,0.439,0.088,0.439,0.088,0.088,0.176,0.088,0.088,0.527,0.264,0.000,3.2,12.00,34.0
11.9872,100,0,move,6,11.9872,11.9956,0,0.088,0.439,0.264,0.176,0.527,0.088,-1.230,0.264,0.439,0.088,0.439,0.088,0.088,0.176,0.088,0.088,0.527,0.264,0.088,0.439,0.264,0.176,0.527,0.088,-1.551,0.264,0.439,0.088,0.439,0.088,0.088,0.176,0.088,0.088,0.527,0.264,0.000,3.2,12.00,34.0
12.0274,101,0,move,6,12.0274,12.0360,0,0.088,0.439,0.264,0.176,0.527,0.088,-1.318,0.264,0.439,0.088,0.439,0.088,0.088,0.176,0.088,0.088,0.527,0.264,0.088,0.439,0.264,0.176,0.527,0.088,-1.613,0.264,0.439,0.088,0.439,0.088,0.088,0.176,0.088,0.088,0.527,0.264,0.000,3.2,12.00,34.0
12.0674,102,0,move,6,12.0674,12.0900,0,0.088,0.439,0.264,0.176,0.527,0.088,-1.406,0.264,0.439,0.088,0.439,0.088,0.088,0.176,0.088,0.088,0.527,0.264,0.088,0.439,0.264,0.176,0.527,0.088,-1.644,0.264,0.439,0.088,0.439,0.088,0.088,0.176,0.088,0.088,0.527,0.264,0.006,3.2,12.00,34.0
12.1072,103,0,move,6,12.1072,12.1155,0,0.088,0.439,0.264,0.176,0.527,0.088,-1.406,0.264,0.439,0.088,0.439,0.088,0.088,0.176,0.088,0.088,0.527,0.264,0.088,0.439,0.264,0.176,0.527,0.088,-1.644,0.264,0.439,0.088,0.439,0.088,0.088,0.176,0.088,0.088,0.527,0.264,0.006,3.2,12.00,34.0
12.1474,104,0,move,6,12.1474,12.1556,0,0.088,0.439,0.264,0.176,0.527,0.088,-1.406,0.264,0.439,0.088,0.439,0.088,0.088,0.176,0.088,0.088,0.527,0.264,0.088,0.439,0.264,0.176,0.527,0.088,-1.613,0.264,0.439,0.088,0.439,0.088,0.088,0.176,0.088,0.088,0.527,0.264,0.006,3.2,12.00,34.0
12.1874,105,0,move,6,12.1874,12.1954,0,0.088,0.439,0.264,0.176,0.527,0.088,-1.406,0.264,0.439,0.088,0.439,0.088,0.088,0.176,0.088,0.088,0.527,0.264,0.088,0.439,0.264,0.176,0.527,0.088,-1.551,0.264,0.439,0.088,0.439,0.088,0.088,0.176,0.088,0.088,0.527,0.264,0.006,2.4,12.00,34.0
12.2274,106,0,move,6,12.2274,12.2356,0,0.088,0.439,0.264,0.176,0.527,0.088,-1.406,0.264,0.439,0.088,0.439,0.088,0.088,0.176,0.088,0.088,0.527,0.264,0.088,0.439,0.264,0.176,0.527,0.088,-1.458,0.264,0.439,0.088,0.439,0.088,0.088,0.176,0.088,0.088,0.527,0.264,0.006,2.4,12.00,34.0
12.2674,107,0,move,6,12.2674,12.2754,0,0.088,0.439,0.264,0.176,0.527,0.088,-1.406,0.264,0.439,0.088,0.439,0.088,0.088,0.176,0.088,0.088,0.527,0.264,0.088,0.439,0.264,0.176,0.527,0.088,-1.337,0.264,0.439,0.088,0.439,0.088,0.088,0.176,0.088,0.088,0.527,0.264,0.006,2.4,12.00,34.0
12.3074,108,0,move,6,12.3074,12.3154,0,0.088,0.439,0.264,0.176,0.527,0.088,-1.406,0.264,0.439,0.088,0.439,0.088,0.088,0.176,0.088,0.088,0.527,0.264,0.088,0.439,0.264,0.176,0.527,0.088,-1.189,0.264,0.439,0.088,0.439,0.088,0.088,0.176,0.088,0.088,0.527,0.264,0.000,0.0,12.00,34.0
12.3472,109,0,move,6,12.3472,12.3554,0,0.088,0.439,0.264,0.176,0.527,0.088,-1.406,0.264,0.439,0.088,0.439,0.088,0.088,0.176,0.088,0.088,0.527,0.264,0.088,0.439,0.264,0.176,0.527,0.088,-1.018,0.264,0.439,0.088,0.439,0.088,0.088,0.176,0.088,0.088,0.527,0.264,0.000,0.0,12.00,34.0
12.3874,110,0,move,6,12.3874,12.3958,0,0.088,0.439,0.264,0.176,0.527,0.088,-1.406,0.264,0.439,0.088,0.439,0.088,0.088,0.176,0.088,0.088,0.527,0.264,0.088,0.439,0.264,0.176,0.527,0.088,-0.824,0.264,0.439,0.088,0.439,0.088,0.088,0.176,0.088,0.088,0.527,0.264,0.000,0.0,12.00,34.0
12.4272,111,0,move,6,12.4272,12.4354,0,0.088,0.439,0.264,0.176,0.527,0.088,-1.406,0.264,0.439,0.088,0.439,0.088,0.088,0.176,0.088,0.088,0.527,0.264,0.088,0.439,0.264,0.176,0.527,0.088,-0.612,0.264,0.439,0.088,0.439,0.088,0.088,0.176,0.088,0.088,0.527,0.264,0.006,6.8,12.00,34.0
12.4674,112,0,move,6,12.4674,12.4754,0,0.088,0.439,0.264,0.176,0.527,0.088,-1.230,0.264,0.439,0.088,0.439,0.088,0.088,0.176,0.088,0.088,0.527,0.264,0.088,0.439,0.264,0.176,0.527,0.088,-0.385,0.264,0.439,0.088,0.439,0.088,0.088,0.176,0.088,0.088,0.527,0.264,0.006,6.8,12.00,34.0
12.5072,113,0,move,6,12.5072,12.5156,0,0.088,0.439,0.264,0.176,0.527,0.088,-0.791,0.264,0.439,0.088,0.439,0.088,0.088,0.176,0.088,0.088,0.527,0.264,0.088,0.439,0.264,0.176,0.527,0.088,-0.146,0.264,0.439,0.088,0.439,0.088,0.088,0.176,0.088,0.088,0.527,0.264,0.006,6.8,12.00,34.0
12.5474,114,0,move,6,12.5474,12.5560,0,0.088,0.439,0.264,0.176,0.527,0.088,-0.527,0.264,0.439,0.088,0.439,0.088,0.088,0.176,0.088,0.088,0.527,0.264,0.088,0.439,0.264,0.176,0.527,0.088,0.101,0.264,0.439,0.088,0.439,0.088,0.088,0.176,0.088,0.088,0.527,0.264,0.006,3.6,12.00,34.0
12.5925,115,0,move,6,12.5925,12.6010,0,0.088,0.439,0.264,0.176,0.527,0.088,-0.264,0.264,0.439,0.088,0.439,0.088,0.088,0.176,0.088,0.088,0.527,0.264,0.088,0.439,0.264,0.176,0.527,0.088,0.352,0.264,0.439,0.088,0.439,0.088,0.088,0.176,0.088,0.088,0.527,0.264,0.006,3.6,12.00,34.0
12.6272,116,0,move,6,12.6272,12.6371,0,0.088,0.439,0.264,0.176,0.527,0.088,-0.176,0.264,0.439,0.088,0.439,0.088,0.088,0.176,0.088,0.088,0.527,0.264,0.088,0.439,0.264,0.176,0.527,0.088,0.602,0.264,0.439,0.088,0.439,0.088,0.088,0.176,0.088,0.088,0.527,0.264,0.006,3.6,12.00,34.0
12.6674,117,0,move,6,12.6674,12.6759,0,0.088,0.439,0.264,0.176,0.527,0.088,0.176,0.264,0.439,0.088,0.439,0.088,0.088,0.176,0.088,0.088,0.527,0.264,0.088,0.439,0.264,0.176,0.527,0.088,0.849,0.264,0.439,0.088,0.439,0.088,0.088,0.176,0.088,0.088,0.527,0.264,0.000,3.6,12.00,34.0
12.7074,118,0,move,6,12.7074,12.7158,0,0.088,0.439,0.264,0.176,0.527,0.088,0.439,0.264,0.439,0.088,0.439,0.088,0.088,0.176,0.088,0.088,0.527,0.264,0.088,0.439,0.264,0.176,0.527,0.088,1.088,0.264,0.439,0.088,0.439,0.088,0.088,0.176,0.088,0.088,0.527,0.264,0.000,3.6,12.00,34.0
12.7474,119,0,move,6,12.7474,12.7560,0,0.088,0.439,0.264,0.176,0.527,0.088,0.615,0.264,0.439,0.088,0.439,0.088,0.088,0.176,0.088,0.088,0.527,0.264,0.088,0.439,0.264,0.176,0.527,0.088,1.315,0.264,0.439,0.088,0.439,0.088,0.088,0.176,0.088,0.088,0.527,0.264,0.000,3.6,12.00,34.0
12.7872,120,0,move,6,12.7872,12.7958,0,0.088,0.439,0.264,0.176,0.527,0.088,0.879,0.264,0.439,0.088,0.439,0.088,0.088,0.176,0.088,0.088,0.527,0.264,0.088,0.439,0.264,0.176,0.527,0.088,1.527,0.264,0.439,0.088,0.439,0.088,0.088,0.176,0.088,0.088,0.527,0.264,0.006,4.8,12.00,34.0
12.8274,121,0,move,6,12.8274,12.8360,0,0.088,0.439,0.264,0.176,0.527,0.088,1.143,0.264,0.439,0.088,0.439,0.088,0.088,0.176,0.088,0.088,0.527,0.264,0.088,0.439,0.264,0.176,0.527,0.088,1.721,0.264,0.439,0.088,0.439,0.088,0.088,0.176,0.088,0.088,0.527,0.264,0.006,4.8,12.00,34.0
12.8672,122,0,move,6,12.8672,12.8757,0,0.088,0.439,0.264,0.176,0.527,0.088,1.406,0.264,0.439,0.088,0.439,0.088,0.088,0.176,0.088,0.088,0.527,0.264,0.088,0.439,0.264,0.176,0.527,0.088,1.893,0.264,0.439,0.088,0.439,0.088,0.088,0.176,0.088,0.088,0.527,0.264,0.006,4.8,12.00,34.0
12.9072,123,0,move,6,12.9072,12.9158,0,0.088,0.439,0.264,0.176,0.527,0.088,1.582,0.264,0.439,0.088,0.439,0.088,0.088,0.176,0.088,0.088,0.527,0.264,0.088,0.439,0.264,0.176,0.527,0.088,2.040,0.264,0.439,0.088,0.439,0.088,0.088,0.176,0.088,0.088,0.527,0.264,0.000,3.6,12.00,33.0
12.9474,124,0,move,6,12.9474,12.9560,0,0.088,0.439,0.264,0.176,0.527,0.088,1.758,0.264,0.439,0.088,0.439,0.088,0.088,0.176,0.088,0.088,0.527,0.264,0.088,0.439,0.264,0.176,0.527,0.088,2.161,0.264,0.439,0.088,0.439,0.088,0.088,0.176,0.088,0.088,0.527,0.264,0.000,3.6,12.00,33.0
12.9872,125,0,move,6,12.9872,12.9955,0,0.088,0.439,0.264,0.176,0.527,0.088,1.934,0.264,0.439,0.088,0.439,0.088,0.088,0.176,0.088,0.088,0.527,0.264,0.088,0.439,0.264,0.176,0.527,0.088,2.254,0.264,0.439,0.088,0.439,0.088,0.088,0.176,0.088,0.088,0.527,0.264,0.000,3.6,12.00,33.0
13.0274,126,0,move,6,13.0274,13.0359,0,0.088,0.439,0.264,0.176,0.527,0.088,1.934,0.264,0.439,0.088,0.439,0.088,0.088,0.176,0.088,0.088,0.527,0.264,0.088,0.439,0.264,0.176,0.527,0.088,2.316,0.264,0.439,0.088,0.439,0.088,0.088,0.176,0.088,0.088,0.527,0.264,0.006,4.0,12.00,34.0
13.0674,127,0,move,6,13.0674,13.0754,0,0.088,0.439,0.264,0.176,0.527,0.088,1.934,0.264,0.439,0.088,0.439,0.088,0.088,0.176,0.088,0.088,0.527,0.264,0.088,0.439,0.264,0.176,0.527,0.088,2.348,0.264,0.439,0.088,0.439,0.088,0.088,0.176,0.088,0.088,0.527,0.264,0.006,4.0,12.00,34.0
13.1074,128,0,move,6,13.1074,13.1154,0,0.088,0.439,0.264,0.176,0.527,0.088,1.934,0.264,0.439,0.088,0.439,0.088,0.088,0.176,0.088,0.088,0.527,0.264,0.088,0.439,0.264,0.176,0.527,0.088,2.348,0.264,0.439,0.088,0.439,0.088,0.088,0.176,0.088,0.088,0.527,0.264,0.006,4.0,12.00,34.0
13.1472,129,0,move,6,13.1472,13.1549,0,0.088,0.439,0.264,0.176,0.527,0.088,2.109,0.264,0.439,0.088,0.439,0.088,0.088,0.176,0.088,0.088,0.527,0.264,0.088,0.439,0.264,0.176,0.527,0.088,2.316,0.264,0.439,0.088,0.439,0.088,0.088,0.176,0.088,0.088,0.527,0.264,0.006,2.0,12.00,34.0
13.1871,130,0,move,6,13.1871,13.1951,0,0.088,0.439,0.264,0.176,0.527,0.088,2.197,0.264,0.439,0.088,0.439,0.088,0.088,0.176,0.088,0.088,0.527,0.264,0.088,0.439,0.264,0.176,0.527,0.088,2.254,0.264,0.439,0.088,0.439,0.088,0.088,0.176,0.088,0.088,0.527,0.264,0.006,2.0,12.00,34.0
13.2272,131,0,move,6,13.2272,13.2352,0,0.088,0.439,0.264,0.176,0.527,0.088,2.197,0.264,0.439,0.088,0.439,0.088,0.088,0.176,0.088,0.088,0.527,0.264,0.088,0.439,0.264,0.176,0.527,0.088,2.161,0.264,0.439,0.088,0.439,0.088,0.088,0.176,0.088,0.088,0.527,0.264,0.006,2.0,12.00,34.0
13.2672,132,0,move,6,13.2672,13.2752,0,0.088,0.439,0.264,0.176,0.527,0.088,2.197,0.264,0.439,0.088,0.439,0.088,0.088,0.176,0.088,0.088,0.527,0.264,0.088,0.439,0.264,0.176,0.527,0.088,2.040,0.264,0.439,0.088,0.439,0.088,0.088,0.176,0.088,0.088,0.527,0.264,0.000,0.0,12.00,33.0
13.3072,133,0,move,6,13.3072,13.3153,0,0.088,0.439,0.264,0.176,0.527,0.088,2.197,0.264,0.439,0.088,0.439,0.088,0.088,0.176,0.088,0.088,0.527,0.264,0.088,0.439,0.264,0.176,0.527,0.088,1.893,0.264,0.439,0.088,0.439,0.088,0.088,0.176,0.088,0.088,0.527,0.264,0.000,0.0,12.00,33.0
13.3472,134,0,move,6,13.3472,13.3550,0,0.088,0.439,0.264,0.176,0.527,0.088,2.197,0.264,0.439,0.088,0.439,0.088,0.088,0.176,0.088,0.088,0.527,0.264,0.088,0.439,0.264,0.176,0.527,0.088,1.721,0.264,0.439,0.088,0.439,0.088,0.088,0.176,0.088,0.088,0.527,0.264,0.000,0.0,12.00,33.0
13.3871,135,0,move,6,13.3871,13.3952,0,0.088,0.439,0.264,0.176,0.527,0.088,2.197,0.264,0.439,0.088,0.439,0.088,0.088,0.176,0.088,0.088,0.527,0.264,0.088,0.439,0.264,0.176,0.527,0.088,1.527,0.264,0.439,0.088,0.439,0.088,0.088,0.176,0.088,0.088,0.527,0.264,0.000,5.6,12.00,33.0
13.4271,136,0,move,6,13.4271,13.4351,0,0.088,0.439,0.264,0.176,0.527,0.088,1.934,0.264,0.439,0.088,0.439,0.088,0.088,0.176,0.088,0.088,0.527,0.264,0.088,0.439,0.264,0.176,0.527,0.088,1.315,0.264,0.439,0.088,0.439,0.088,0.088,0.176,0.088,0.088,0.527,0.264,0.000,5.6,12.00,33.0
13.4672,137,0,move,6,13.4672,13.4752,0,0.088,0.439,0.264,0.176,0.527,0.088,1.582,0.264,0.439,0.088,0.439,0.088,0.088,0.176,0.088,0.088,0.527,0.264,0.088,0.439,0.264,0.176,0.527,0.088,1.088,0.264,0.439,0.088,0.439,0.088,0.088,0.176,0.088,0.088,0.527,0.264,0.000,5.6,12.00,33.0
13.5081,138,0,move,6,13.5081,13.5166,0,0.088,0.439,0.264,0.176,0.527,0.088,1.406,0.264,0.439,0.088,0.439,0.088,0.088,0.176,0.088,0.088,0.527,0.264,0.088,0.439,0.264,0.176,0.527,0.088,0.849,0.264,0.439,0.088,0.439,0.088,0.088,0.176,0.088,0.088,0.527,0.264,0.013,4.8,12.00,34.0
13.5472,139,0,move,6,13.5472,13.5554,0,0.088,0.439,0.264,0.176,0.527,0.088,1.143,0.264,0.439,0.088,0.439,0.088,0.088,0.176,0.088,0.088,0.527,0.264,0.088,0.439,0.264,0.176,0.527,0.088,0.602,0.264,0.439,0.088,0.439,0.088,0.088,0.176,0.088,0.088,0.527,0.264,0.013,4.8,12.00,34.0
13.5872,140,0,move,6,13.5872,13.5951,0,0.088,0.439,0.264,0.176,0.527,0.088,0.967,0.264,0.439,0.088,0.439,0.088,0.088,0.176,0.088,0.088,0.527,0.264,0.088,0.439,0.264,0.176,0.527,0.088,0.352,0.264,0.439,0.088,0.439,0.088,0.088,0.176,0.088,0.088,0.527,0.264,0.013,4.8,12.00,34.0
13.6271,141,0,move,6,13.6271,13.6447,0,0.088,0.439,0.264,0.176,0.527,0.088,0.703,0.264,0.439,0.088,0.439,0.088,0.088,0.176,0.088,0.088,0.527,0.264,0.088,0.439,0.264,0.176,0.527,0.088,0.101,0.264,0.439,0.088,0.439,0.088,0.088,0.176,0.088,0.088,0.527,0.264,0.006,3.6,12.00,34.0
13.6671,142,0,move,6,13.6671,13.6754,0,0.088,0.439,0.264,0.176,0.527,0.088,0.439,0.264,0.439,0.088,0.439,0.088,0.088,0.176,0.088,0.088,0.527,0.264,0.088,0.439,0.264,0.176,0.527,0.088,-0.146,0.264,0.439,0.088,0.439,0.088,0.088,0.176,0.088,0.088,0.527,0.264,0.006,3.6,12.00,34.0
13.7072,143,0,move,6,13.7072,13.7154,0,0.088,0.439,0.264,0.176,0.527,0.088,0.264,0.264,0.439,0.088,0.439,0.088,0.088,0.176,0.088,0.088,0.527,0.264,0.088,0.439,0.264,0.176,0.527,0.088,-0.385,0.264,0.439,0.088,0.439,0.088,0.088,0.176,0.088,0.088,0.527,0.264,0.006,3.6,12.00,34.0
13.7474,144,0,move,6,13.7474,13.7555,0,0.088,0.439,0.264,0.176,0.527,0.088,0.000,0.264,0.439,0.088,0.439,0.088,0.088,0.176,0.088,0.088,0.527,0.264,0.088,0.439,0.264,0.176,0.527,0.088,-0.612,0.264,0.439,0.088,0.439,0.088,0.088,0.176,0.088,0.088,0.527,0.264,0.000,3.6,12.00,34.0
13.7874,145,0,move,6,13.7874,13.7959,0,0.088,0.439,0.264,0.176,0.527,0.088,-0.264,0.264,0.439,0.088,0.439,0.088,0.088,0.176,0.088,0.088,0.527,0.264,0.088,0.439,0.264,0.176,0.527,0.088,-0.824,0.264,0.439,0.088,0.439,0.088,0.088,0.176,0.088,0.088,0.527,0.264,0.000,3.6,12.00,34.0
13.8271,146,0,move,6,13.8271,13.8356,0,0.088,0.439,0.264,0.176,0.527,0.088,-0.439,0.264,0.439,0.088,0.439,0.088,0.088,0.176,0.088,0.088,0.527,0.264,0.088,0.439,0.264,0.176,0.527,0.088,-1.018,0.264,0.439,0.088,0.439,0.088,0.088,0.176,0.088,0.088,0.527,0.264,0.000,3.6,12.00,34.0
13.8674,147,0,move,6,13.8674,13.8760,0,0.088,0.439,0.264,0.176,0.527,0.088,-0.703,0.264,0.439,0.088,0.439,0.088,0.088,0.176,0.088,0.088,0.527,0.264,0.088,0.439,0.264,0.176,0.527,0.088,-1.189,0.264,0.439,0.088,0.439,0.088,0.088,0.176,0.088,0.088,0.527,0.264,0.006,4.8,12.00,34.0
13.9072,148,0,move,6,13.9072,13.9159,0,0.088,0.439,0.264,0.176,0.527,0.088,-0.879,0.264,0.439,0.088,0.439,0.088,0.088,0.176,0.088,0.088,0.527,0.264,0.088,0.439,0.264,0.176,0.527,0.088,-1.337,0.264,0.439,0.088,0.439,0.088,0.088,0.176,0.088,0.088,0.527,0.264,0.006,4.8,12.00,34.0
13.9474,149,0,move,6,13.9474,13.9559,0,0.088,0.439,0.264,0.176,0.527,0.088,-1.055,0.264,0.439,0.088,0.439,0.088,0.088,0.176,0.088,0.088,0.527,0.264,0.088,0.439,0.264,0.176,0.527,0.088,-1.458,0.264,0.439,0.088,0.439,0.088,0.088,0.176,0.088,0.088,0.527,0.264,0.006,4.8,12.00,34.0
13.9874,150,0,move,6,13.9874,13.9960,0,0.088,0.439,0.264,0.176,0.527,0.088,-1.143,0.264,0.439,0.088,0.439,0.088,0.088,0.176,0.088,0.088,0.527,0.264,0.088,0.439,0.264,0.176,0.527,0.088,-1.551,0.264,0.439,0.088,0.439,0.088,0.088,0.176,0.088,0.088,0.527,0.264,0.006,4.8,12.00,34.0
14.0272,151,0,move,6,14.0272,14.0354,0,0.088,0.439,0.264,0.176,0.527,0.088,-1.318,0.264,0.439,0.088,0.439,0.088,0.088,0.176,0.088,0.088,0.527,0.264,0.088,0.439,0.264,0.176,0.527,0.088,-1.613,0.264,0.439,0.088,0.439,0.088,0.088,0.176,0.088,0.088,0.527,0.264,0.006,4.8,12.00,34.0
14.0674,152,0,move,6,14.0674,14.0760,0,0.088,0.439,0.264,0.176,0.527,0.088,-1.406,0.264,0.439,0.088,0.439,0.088,0.088,0.176,0.088,0.088,0.527,0.264,0.088,0.439,0.264,0.176,0.527,0.088,-1.644,0.264,0.439,0.088,0.439,0.088,0.088,0.176,0.088,0.088,0.527,0.264,0.006,4.8,12.00,34.0
14.1072,153,0,move,6,14.1072,14.1156,0,0.088,0.439,0.264,0.176,0.527,0.088,-1.406,0.264,0.439,0.088,0.439,0.088,0.088,0.176,0.088,0.088,0.527,0.264,0.088,0.439,0.264,0.176,0.527,0.088,-1.644,0.264,0.439,0.088,0.439,0.088,0.088,0.176,0.088,0.088,0.527,0.264,0.006,3.2,12.00,34.0
14.1474,154,0,move,6,14.1474,14.1557,0,0.088,0.439,0.264,0.176,0.527,0.088,-1.406,0.264,0.439,0.088,0.439,0.088,0.088,0.176,0.088,0.088,0.527,0.264,0.088,0.439,0.264,0.176,0.527,0.088,-1.613,0.264,0.439,0.088,0.439,0.088,0.088,0.176,0.088,0.088,0.527,0.264,0.006,3.2,12.00,34.0
14.1872,155,0,move,6,14.1872,14.1952,0,0.088,0.439,0.264,0.176,0.527,0.088,-1.406,0.264,0.439,0.088,0.439,0.088,0.088,0.176,0.088,0.088,0.527,0.264,0.088,0.439,0.264,0.176,0.527,0.088,-1.551,0.264,0.439,0.088,0.439,0.088,0.088,0.176,0.088,0.088,0.527,0.264,0.006,3.2,12.00,34.0
14.2272,156,0,move,6,14.2272,14.2352,0,0.088,0.439,0.264,0.176,0.527,0.088,-1.406,0.264,0.439,0.088,0.439,0.088,0.088,0.176,0.088,0.088,0.527,0.264,0.088,0.439,0.264,0.176,0.527,0.088,-1.458,0.264,0.439,0.088,0.439,0.088,0.088,0.176,0.088,0.088,0.527,0.264,0.006,2.4,12.00,34.0
14.2672,157,0,move,6,14.2672,14.2752,0,0.088,0.439,0.264,0.176,0.527,0.088,-1.406,0.264,0.439,0.088,0.439,0.088,0.088,0.176,0.088,0.088,0.527,0.264,0.088,0.439,0.264,0.176,0.527,0.088,-1.337,0.264,0.439,0.088,0.439,0.088,0.088,0.176,0.088,0.088,0.527,0.264,0.006,2.4,12.00,34.0
14.3072,158,0,move,6,14.3072,14.3152,0,0.088,0.439,0.264,0.176,0.527,0.088,-1.406,0.264,0.439,0.088,0.439,0.088,0.088,0.176,0.088,0.088,0.527,0.264,0.088,0.439,0.264,0.176,0.527,0.088,-1.189,0.264,0.439,0.088,0.439,0.088,0.088,0.176,0.088,0.088,0.527,0.264,0.006,2.4,12.00,34.0
14.3471,159,0,move,6,14.3471,14.3551,0,0.088,0.439,0.264,0.176,0.527,0.088,-1.406,0.264,0.439,0.088,0.439,0.088,0.088,0.176,0.088,0.088,0.527,0.264,0.088,0.439,0.264,0.176,0.527,0.088,-1.018,0.264,0.439,0.088,0.439,0.088,0.088,0.176,0.088,0.088,0.527,0.264,0.000,2.8,12.00,33.0
14.3872,160,0,move,6,14.3872,14.3958,0,0.088,0.439,0.264,0.176,0.527,0.088,-1.406,0.264,0.439,0.088,0.439,0.088,0.088,0.176,0.088,0.088,0.527,0.264,0.088,0.439,0.264,0.176,0.527,0.088,-0.824,0.264,0.439,0.088,0.439,0.088,0.088,0.176,0.088,0.088,0.527,0.264,0.000,2.8,12.00,33.0
14.4272,161,0,move,6,14.4272,14.4348,0,0.088,0.439,0.264,0.176,0.527,0.088,-1.406,0.264,0.439,0.088,0.439,0.088,0.088,0.176,0.088,0.088,0.527,0.264,0.088,0.439,0.264,0.176,0.527,0.088,-0.612,0.264,0.439,0.088,0.439,0.088,0.088,0.176,0.088,0.088,0.527,0.264,0.000,2.8,12.00,33.0
14.4672,162,0,move,6,14.4672,14.4754,0,0.088,0.439,0.264,0.176,0.527,0.088,-1.230,0.264,0.439,0.088,0.439,0.088,0.088,0.176,0.088,0.088,0.527,0.264,0.088,0.439,0.264,0.176,0.527,0.088,-0.385,0.264,0.439,0.088,0.439,0.088,0.088,0.176,0.088,0.088,0.527,0.264,0.006,5.6,12.00,34.0
14.5072,163,0,move,6,14.5072,14.5149,0,0.088,0.439,0.264,0.176,0.527,0.088,-0.791,0.264,0.439,0.088,0.439,0.088,0.088,0.176,0.088,0.088,0.527,0.264,0.088,0.439,0.264,0.176,0.527,0.088,-0.146,0.264,0.439,0.088,0.439,0.088,0.088,0.176,0.088,0.088,0.527,0.264,0.006,5.6,12.00,34.0
14.5474,164,0,move,6,14.5474,14.5550,0,0.088,0.439,0.264,0.176,0.527,0.088,-0.527,0.264,0.439,0.088,0.439,0.088,0.088,0.176,0.088,0.088,0.527,0.264,0.088,0.439,0.264,0.176,0.527,0.088,0.101,0.264,0.439,0.088,0.439,0.088,0.088,0.176,0.088,0.088,0.527,0.264,0.006,5.6,12.00,34.0
14.5874,165,0,rest,6,14.5874,14.5955,0,0.088,0.439,0.264,0.176,0.527,0.088,-0.352,0.264,0.439,0.088,0.439,0.088,0.088,0.176,0.088,0.088,0.527,0.264,0.088,0.439,0.264,0.176,0.527,0.088,0.352,0.264,0.439,0.088,0.439,0.088,0.088,0.176,0.088,0.088,0.527,0.264,0.000,5.2,12.00,34.0
14.6274,166,0,rest,6,14.6274,14.6359,0,0.088,0.439,0.264,0.176,0.527,0.088,-0.088,0.264,0.439,0.088,0.439,0.088,0.088,0.176,0.088,0.088,0.527,0.264,0.088,0.439,0.264,0.176,0.527,0.088,0.352,0.264,0.439,0.088,0.439,0.088,0.088,0.176,0.088,0.088,0.527,0.264,0.000,5.2,12.00,34.0
14.6674,167,0,rest,6,14.6674,14.6760,0,0.088,0.439,0.264,0.176,0.527,0.088,0.176,0.264,0.439,0.088,0.439,0.088,0.088,0.176,0.088,0.088,0.527,0.264,0.088,0.439,0.264,0.176,0.527,0.088,0.352,0.264,0.439,0.088,0.439,0.088,0.088,0.176,0.088,0.088,0.527,0.264,0.000,5.2,12.00,34.0
14.7072,168,0,rest,6,14.7072,14.7159,0,0.088,0.439,0.264,0.176,0.527,0.088,0.176,0.264,0.439,0.088,0.439,0.088,0.088,0.176,0.088,0.088,0.527,0.264,0.088,0.439,0.264,0.176,0.527,0.088,0.352,0.264,0.439,0.088,0.439,0.088,0.088,0.176,0.088,0.088,0.527,0.264,0.006,2.4,12.00,34.0
14.7472,169,0,rest,6,14.7472,14.7556,0,0.088,0.439,0.264,0.176,0.527,0.088,0.176,0.264,0.439,0.088,0.439,0.088,0.088,0.176,0.088,0.088,0.527,0.264,0.088,0.439,0.264,0.176,0.527,0.088,0.352,0.264,0.439,0.088,0.439,0.088,0.088,0.176,0.088,0.088,0.527,0.264,0.006,2.4,12.00,34.0
14.7874,170,0,rest,6,14.7874,14.7960,0,0.088,0.439,0.264,0.176,0.527,0.088,0.176,0.264,0.439,0.088,0.439,0.088,0.088,0.176,0.088,0.088,0.527,0.264,0.088,0.439,0.264,0.176,0.527,0.088,0.352,0.264,0.439,0.088,0.439,0.088,0.088,0.176,0.088,0.088,0.527,0.264,0.006,2.4,12.00,34.0
14.8272,171,0,rest,6,14.8272,14.8357,0,0.088,0.439,0.264,0.176,0.527,0.088,0.176,0.264,0.439,0.088,0.439,0.088,0.088,0.176,0.088,0.088,0.527,0.264,0.088,0.439,0.264,0.176,0.527,0.088,0.352,0.264,0.439,0.088,0.439,0.088,0.088,0.176,0.088,0.088,0.527,0.264,0.006,2.4,12.00,33.0
14.8674,172,0,rest,6,14.8674,14.8759,0,0.088,0.439,0.264,0.176,0.527,0.088,0.176,0.264,0.439,0.088,0.439,0.088,0.088,0.176,0.088,0.088,0.527,0.264,0.088,0.439,0.264,0.176,0.527,0.088,0.352,0.264,0.439,0.088,0.439,0.088,0.088,0.176,0.088,0.088,0.527,0.264,0.006,2.4,12.00,33.0
14.9072,173,0,rest,6,14.9072,14.9155,0,0.088,0.439,0.264,0.176,0.527,0.088,0.176,0.264,0.439,0.088,0.439,0.088,0.088,0.176,0.088,0.088,0.527,0.264,0.088,0.439,0.264,0.176,0.527,0.088,0.352,0.264,0.439,0.088,0.439,0.088,0.088,0.176,0.088,0.088,0.527,0.264,0.006,2.4,12.00,33.0
14.9474,174,0,rest,6,14.9474,14.9560,0,0.088,0.439,0.264,0.176,0.527,0.088,0.176,0.264,0.439,0.088,0.439,0.088,0.088,0.176,0.088,0.088,0.527,0.264,0.088,0.439,0.264,0.176,0.527,0.088,0.352,0.264,0.439,0.088,0.439,0.088,0.088,0.176,0.088,0.088,0.527,0.264,0.000,2.4,12.00,34.0
14.9874,175,0,rest,6,14.9874,14.9951,0,0.088,0.439,0.264,0.176,0.527,0.088,0.176,0.264,0.439,0.088,0.439,0.088,0.088,0.176,0.088,0.088,0.527,0.264,0.088,0.439,0.264,0.176,0.527,0.088,0.352,0.264,0.439,0.088,0.439,0.088,0.088,0.176,0.088,0.088,0.527,0.264,0.000,2.4,12.00,34.0
15.0272,176,0,rest,6,15.0272,15.0352,0,0.088,0.439,0.264,0.176,0.527,0.088,0.176,0.264,0.439,0.088,0.439,0.088,0.088,0.176,0.088,0.088,0.527,0.264,0.088,0.439,0.264,0.176,0.527,0.088,0.352,0.264,0.439,0.088,0.439,0.088,0.088,0.176,0.088,0.088,0.527,0.264,0.000,2.4,12.00,34.0
15.0672,177,0,rest,6,15.0672,15.0752,0,0.088,0.439,0.264,0.176,0.527,0.088,0.176,0.264,0.439,0.088,0.439,0.088,0.088,0.176,0.088,0.088,0.527,0.264,0.088,0.439,0.264,0.176,0.527,0.088,0.352,0.264,0.439,0.088,0.439,0.088,0.088,0.176,0.088,0.088,0.527,0.264,0.000,2.4,12.00,34.0
15.1074,178,0,rest,6,15.1074,15.1155,0,0.088,0.439,0.264,0.176,0.527,0.088,0.176,0.264,0.439,0.088,0.439,0.088,0.088,0.176,0.088,0.088,0.527,0.264,0.088,0.439,0.264,0.176,0.527,0.088,0.352,0.264,0.439,0.088,0.439,0.088,0.088,0.176,0.088,0.088,0.527,0.264,0.000,2.4,12.00,34.0
15.1472,179,0,rest,6,15.1472,15.1555,0,0.088,0.439,0.264,0.176,0.527,0.088,0.176,0.264,0.439,0.088,0.439,0.088,0.088,0.176,0.088,0.088,0.527,0.264,0.088,0.439,0.264,0.176,0.527,0.088,0.352,0.264,0.439,0.088,0.439,0.088,0.088,0.176,0.088,0.088,0.527,0.264,0.000,2.4,12.00,34.0
15.1872,180,0,rest,6,15.1872,15.1951,0,0.088,0.439,0.264,0.176,0.527,0.088,0.176,0.264,0.439,0.088,0.439,0.088,0.088,0.176,0.088,0.088,0.527,0.264,0.088,0.439,0.264,0.176,0.527,0.088,0.352,0.264,0.439,0.088,0.439,0.088,0.088,0.176,0.088,0.088,0.527,0.264,0.000,2.4,12.00,34.0
15.2272,181,0,rest,6,15.2272,15.2356,0,0.088,0.439,0.264,0.176,0.527,0.088,0.176,0.264,0.439,0.088,0.439,0.088,0.088,0.176,0.088,0.088,0.527,0.264,0.088,0.439,0.264,0.176,0.527,0.088,0.352,0.264,0.439,0.088,0.439,0.088,0.088,0.176,0.088,0.088,0.527,0.264,0.000,2.4,12.00,34.0
15.2674,182,0,rest,6,15.2674,15.2760,0,0.088,0.439,0.264,0.176,0.527,0.088,0.176,0.264,0.439,0.088,0.439,0.088,0.088,0.176,0.088,0.088,0.527,0.264,0.088,0.439,0.264,0.176,0.527,0.088,0.352,0.264,0.439,0.088,0.439,0.088,0.088,0.176,0.088,0.088,0.527,0.264,0.000,2.4,12.00,34.0
15.3072,183,0,rest,6,15.3072,15.3153,0,0.088,0.439,0.264,0.176,0.527,0.088,0.176,0.264,0.439,0.088,0.439,0.088,0.088,0.176,0.088,0.088,0.527,0.264,0.088,0.439,0.264,0.176,0.527,0.088,0.352,0.264,0.439,0.088,0.439,0.088,0.088,0.176,0.088,0.088,0.527,0.264,0.000,2.4,12.00,34.0
15.3474,184,0,rest,6,15.3474,15.3560,0,0.088,0.439,0.264,0.176,0.527,0.088,0.176,0.264,0.439,0.088,0.439,0.088,0.088,0.176,0.088,0.088,0.527,0.264,0.088,0.439,0.264,0.176,0.527,0.088,0.352,0.264,0.439,0.088,0.439,0.088,0.088,0.176,0.088,0.088,0.527,0.264,0.000,2.4,12.00,34.0
15.3924,185,1,pre,6,15.3924,15.4006,0,0.088,0.439,0.264,0.176,0.527,0.088,0.176,0.264,0.439,0.088,0.439,0.088,0.088,0.176,0.088,0.088,0.527,0.264,0.088,0.439,0.264,0.176,0.527,0.088,0.176,0.264,0.439,0.088,0.439,0.088,0.088,0.176,0.088,0.088,0.527,0.264,0.000,2.4,12.00,34.0
15.4271,186,1,pre,6,15.4271,15.4353,0,0.088,0.439,0.264,0.176,0.527,0.088,0.176,0.264,0.439,0.088,0.439,0.088,0.088,0.176,0.088,0.088,0.527,0.264,0.088,0.439,0.264,0.176,0.527,0.088,0.176,0.264,0.439,0.088,0.439,0.088,0.088,0.176,0.088,0.088,0.527,0.264,0.000,0.0,12.00,34.0
15.4672,187,1,pre,6,15.4672,15.4754,0,0.088,0.439,0.264,0.176,0.527,0.088,0.176,0.264,0.439,0.088,0.439,0.088,0.088,0.176,0.088,0.088,0.527,0.264,0.088,0.439,0.264,0.176,0.527,0.088,0.176,0.264,0.439,0.088,0.439,0.088,0.088,0.176,0.088,0.088,0.527,0.264,0.000,0.0,12.00,34.0
15.5074,188,1,pre,6,15.5074,15.5160,0,0.088,0.439,0.264,0.176,0.527,0.088,0.176,0.264,0.439,0.088,0.439,0.088,0.088,0.176,0.088,0.088,0.527,0.264,0.088,0.439,0.264,0.176,0.527,0.088,0.176,0.264,0.439,0.088,0.439,0.088,0.088,0.176,0.088,0.088,0.527,0.264,0.000,0.0,12.00,34.0
15.5472,189,1,pre,6,15.5472,15.5579,0,0.088,0.439,0.264,0.176,0.527,0.088,0.176,0.264,0.439,0.088,0.439,0.088,0.088,0.176,0.088,0.088,0.527,0.264,0.088,0.439,0.264,0.176,0.527,0.088,0.176,0.264,0.439,0.088,0.439,0.088,0.088,0.176,0.088,0.088,0.527,0.264,0.000,0.0,12.00,34.0
15.5872,190,1,pre,6,15.5872,15.5956,0,0.088,0.439,0.264,0.176,0.527,0.088,0.176,0.264,0.439,0.088,0.439,0.088,0.088,0.176,0.088,0.088,0.527,0.264,0.088,0.439,0.264,0.176,0.527,0.088,0.176,0.264,0.439,0.088,0.439,0.088,0.088,0.176,0.088,0.088,0.527,0.264,0.000,0.0,12.00,34.0
15.6274,191,1,pre,6,15.6274,15.6359,0,0.088,0.439,0.264,0.176,0.527,0.088,0.176,0.264,0.439,0.088,0.439,0.088,0.088,0.176,0.088,0.088,0.527,0.264,0.088,0.439,0.264,0.176,0.527,0.088,0.176,0.264,0.439,0.088,0.439,0.088,0.088,0.176,0.088,0.088,0.527,0.264,0.000,0.0,12.00,34.0
15.6672,192,1,pre,6,15.6672,15.6754,0,0.088,0.439,0.264,0.176,0.527,0.088,0.176,0.264,0.439,0.088,0.439,0.088,0.088,0.176,0.088,0.088,0.527,0.264,0.088,0.439,0.264,0.176,0.527,0.088,0.176,0.264,0.439,0.088,0.439,0.088,0.088,0.176,0.088,0.088,0.527,0.264,0.000,0.0,12.00,34.0
15.7074,193,1,pre,6,15.7074,15.7159,0,0.088,0.439,0.264,0.176,0.527,0.088,0.176,0.264,0.439,0.088,0.439,0.088,0.088,0.176,0.088,0.088,0.527,0.264,0.088,0.439,0.264,0.176,0.527,0.088,0.176,0.264,0.439,0.088,0.439,0.088,0.088,0.176,0.088,0.088,0.527,0.264,0.000,0.0,12.00,34.0
15.7474,194,1,pre,6,15.7474,15.7559,0,0.088,0.439,0.264,0.176,0.527,0.088,0.176,0.264,0.439,0.088,0.439,0.088,0.088,0.176,0.088,0.088,0.527,0.264,0.088,0.439,0.264,0.176,0.527,0.088,0.176,0.264,0.439,0.088,0.439,0.088,0.088,0.176,0.088,0.088,0.527,0.264,0.000,0.0,12.00,34.0
15.7871,195,1,pre,6,15.7871,15.7951,0,0.088,0.439,0.264,0.176,0.527,0.088,0.176,0.264,0.439,0.088,0.439,0.088,0.088,0.176,0.088,0.088,0.527,0.264,0.088,0.439,0.264,0.176,0.527,0.088,0.176,0.264,0.439,0.088,0.439,0.088,0.088,0.176,0.088,0.088,0.527,0.264,0.000,0.0,12.00,33.0
15.8274,196,1,pre,6,15.8274,15.8359,0,0.088,0.439,0.264,0.176,0.527,0.088,0.176,0.264,0.439,0.088,0.439,0.088,0.088,0.176,0.088,0.088,0.527,0.264,0.088,0.439,0.264,0.176,0.527,0.088,0.176,0.264,0.439,0.088,0.439,0.088,0.088,0.176,0.088,0.088,0.527,0.264,0.000,0.0,12.00,33.0
15.8671,197,1,pre,6,15.8671,15.8756,0,0.088,0.439,0.264,0.176,0.527,0.088,0.176,0.264,0.439,0.088,0.439,0.088,0.088,0.176,0.088,0.088,0.527,0.264,0.088,0.439,0.264,0.176,0.527,0.088,0.176,0.264,0.439,0.088,0.439,0.088,0.088,0.176,0.088,0.088,0.527,0.264,0.000,0.0,12.00,33.0
15.9072,198,1,pre,6,15.9072,15.9154,0,0.088,0.439,0.264,0.176,0.527,0.088,0.176,0.264,0.439,0.088,0.439,0.088,0.088,0.176,0.088,0.088,0.527,0.264,0.088,0.439,0.264,0.176,0.527,0.088,0.176,0.264,0.439,0.088,0.439,0.088,0.088,0.176,0.088,0.088,0.527,0.264,0.000,0.0,12.00,33.0
15.9471,199,1,pre,6,15.9471,15.9554,0,0.088,0.439,0.264,0.176,0.527,0.088,0.176,0.264,0.439,0.088,0.439,0.088,0.088,0.176,0.088,0.088,0.527,0.264,0.088,0.439,0.264,0.176,0.527,0.088,0.176,0.264,0.439,0.088,0.439,0.088,0.088,0.176,0.088,0.088,0.527,0.264,0.000,0.0,12.00,33.0
15.9874,200,1,move,6,15.9874,15.9957,0,0.088,0.439,0.264,0.176,0.527,0.088,0.176,0.264,0.439,0.088,0.439,0.088,0.088,0.176,0.088,0.088,0.527,0.264,0.088,0.439,0.264,0.176,0.527,0.088,0.176,0.264,0.439,0.088,0.439,0.088,0.088,0.176,0.088,0.088,0.527,0.264,0.000,0.0,12.00,33.0
16.0272,201,1,move,6,16.0272,16.0355,0,0.088,0.439,0.264,0.176,0.527,0.088,0.176,0.264,0.439,0.088,0.439,0.088,0.088,0.176,0.088,0.088,0.527,0.264,0.088,0.439,0.264,0.176,0.527,0.088,0.673,0.264,0.439,0.088,0.439,0.088,0.088,0.176,0.088,0.088,0.527,0.264,0.000,0.0,12.00,33.0
16.0671,202,1,move,6,16.0671,16.0754,0,0.088,0.439,0.264,0.176,0.527,0.088,0.176,0.264,0.439,0.088,0.439,0.088,0.088,0.176,0.088,0.088,0.527,0.264,0.088,0.439,0.264,0.176,0.527,0.088,1.139,0.264,0.439,0.088,0.439,0.088,0.088,0.176,0.088,0.088,0.527,0.264,0.000,0.0,12.00,33.0
16.1071,203,1,move,6,16.1071,16.1155,0,0.088,0.439,0.264,0.176,0.527,0.088,0.352,0.264,0.439,0.088,0.439,0.088,0.088,0.176,0.088,0.088,0.527,0.264,0.088,0.439,0.264,0.176,0.527,0.088,1.545,0.264,0.439,0.088,0.439,0.088,0.088,0.176,0.088,0.088,0.527,0.264,0.000,0.0,12.00,33.0
16.1472,204,1,move,6,16.1472,16.1554,0,0.088,0.439,0.264,0.176,0.527,0.088,0.879,0.264,0.439,0.088,0.439,0.088,0.088,0.176,0.088,0.088,0.527,0.264,0.088,0.439,0.264,0.176,0.527,0.088,1.864,0.264,0.439,0.088,0.439,0.088,0.088,0.176,0.088,0.088,0.527,0.264,0.006,5.6,12.00,56.0
16.1874,205,1,move,6,16.1874,16.1953,0,0.088,0.439,0.264,0.176,0.527,0.088,1.230,0.264,0.439,0.088,0.439,0.088,0.088,0.176,0.088,0.088,0.527,0.264,0.088,0.439,0.264,0.176,0.527,0.088,2.078,0.264,0.439,0.088,0.439,0.088,0.088,0.176,0.088,0.088,0.527,0.264,0.006,5.6,12.00,56.0
16.2272,206,1,move,6,16.2272,16.2356,0,0.088,0.439,0.264,0.176,0.527,0.088,1.582,0.264,0.439,0.088,0.439,0.088,0.088,0.176,0.088,0.088,0.527,0.264,0.088,0.439,0.264,0.176,0.527,0.088,2.172,0.264,0.439,0.088,0.439,0.088,0.088,0.176,0.088,0.088,0.527,0.264,0.006,5.6,12.00,56.0
16.2671,207,1,move,6,16.2671,16.2753,0,0.088,0.439,0.264,0.176,0.527,0.088,1.934,0.264,0.439,0.088,0.439,0.088,0.088,0.176,0.088,0.088,0.527,0.264,0.088,0.439,0.264,0.176,0.527,0.088,2.140,0.264,0.439,0.088,0.439,0.088,0.088,0.176,0.088,0.088,0.527,0.264,0.000,0.0,12.00,34.0
16.3072,208,1,move,6,16.3072,16.3153,0,0.088,0.439,0.264,0.176,0.527,0.088,1.934,0.264,0.439,0.088,0.439,0.088,0.088,0.176,0.088,0.088,0.527,0.264,0.088,0.439,0.264,0.176,0.527,0.088,1.985,0.264,0.439,0.088,0.439,0.088,0.088,0.176,0.088,0.088,0.527,0.264,0.000,0.0,12.00,34.0
16.3471,209,1,move,6,16.3471,16.3554,0,0.088,0.439,0.264,0.176,0.527,0.088,1.934,0.264,0.439,0.088,0.439,0.088,0.088,0.176,0.088,0.088,0.527,0.264,0.088,0.439,0.264,0.176,0.527,0.088,1.717,0.264,0.439,0.088,0.439,0.088,0.088,0.176,0.088,0.088,0.527,0.264,0.000,0.0,12.00,34.0
16.3872,210,1,move,6,16.3872,16.3953,0,0.088,0.439,0.264,0.176,0.527,0.088,1.934,0.264,0.439,0.088,0.439,0.088,0.088,0.176,0.088,0.088,0.527,0.264,0.088,0.439,0.264,0.176,0.527,0.088,1.351,0.264,0.439,0.088,0.439,0.088,0.088,0.176,0.088,0.088,0.527,0.264,0.000,3.6,12.00,33.0
16.4274,211,1,move,6,16.4274,16.4352,0,0.088,0.439,0.264,0.176,0.527,0.088,1.934,0.264,0.439,0.088,0.439,0.088,0.088,0.176,0.088,0.088,0.527,0.264,0.088,0.439,0.264,0.176,0.527,0.088,0.912,0.264,0.439,0.088,0.439,0.088,0.088,0.176,0.088,0.088,0.527,0.264,0.000,3.6,12.00,33.0
16.4674,212,1,move,6,16.4674,16.4755,0,0.088,0.439,0.264,0.176,0.527,0.088,1.846,0.264,0.439,0.088,0.439,0.088,0.088,0.176,0.088,0.088,0.527,0.264,0.088,0.439,0.264,0.176,0.527,0.088,0.426,0.264,0.439,0.088,0.439,0.088,0.088,0.176,0.088,0.088,0.527,0.264,0.000,3.6,12.00,33.0
16.5071,213,1,move,6,16.5071,16.5153,0,0.088,0.439,0.264,0.176,0.527,0.088,1.143,0.264,0.439,0.088,0.439,0.088,0.088,0.176,0.088,0.088,0.527,0.264,0.088,0.439,0.264,0.176,0.527,0.088,-0.075,0.264,0.439,0.088,0.439,0.088,0.088,0.176,0.088,0.088,0.527,0.264,0.000,4.8,12.00,33.0
16.5472,214,1,move,6,16.5472,16.5552,0,0.088,0.439,0.264,0.176,0.527,0.088,0.703,0.264,0.439,0.088,0.439,0.088,0.088,0.176,0.088,0.088,0.527,0.264,0.088,0.439,0.264,0.176,0.527,0.088,-0.560,0.264,0.439,0.088,0.439,0.088,0.088,0.176,0.088,0.088,0.527,0.264,0.000,4.8,12.00,33.0
16.5873,215,1,move,6,16.5873,16.5950,0,0.088,0.439,0.264,0.176,0.527,0.088,0.264,0.264,0.439,0.088,0.439,0.088,0.088,0.176,0.088,0.088,0.527,0.264,0.088,0.439,0.264,0.176,0.527,0.088,-1.000,0.264,0.439,0.088,0.439,0.088,0.088,0.176,0.088,0.088,0.527,0.264,0.000,4.8,12.00,33.0
16.6274,216,1,move,6,16.6274,16.6351,0,0.088,0.439,0.264,0.176,0.527,0.088,-0.264,0.264,0.439,0.088,0.439,0.088,0.088,0.176,0.088,0.088,0.527,0.264,0.088,0.439,0.264,0.176,0.527,0.088,-1.365,0.264,0.439,0.088,0.439,0.088,0.088,0.176,0.088,0.088,0.527,0.264,0.006,6.0,12.00,34.0
16.6672,217,1,move,6,16.6672,16.6750,0,0.088,0.439,0.264,0.176,0.527,0.088,-0.615,0.264,0.439,0.088,0.439,0.088,0.088,0.176,0.088,0.088,0.527,0.264,0.088,0.439,0.264,0.176,0.527,0.088,-1.634,0.264,0.439,0.088,0.439,0.088,0.088,0.176,0.088,0.088,0.527,0.264,0.006,6.0,12.00,34.0
16.7072,218,1,move,6,16.7072,16.7152,0,0.088,0.439,0.264,0.176,0.527,0.088,-1.143,0.264,0.439,0.088,0.439,0.088,0.088,0.176,0.088,0.088,0.527,0.264,0.088,0.439,0.264,0.176,0.527,0.088,-1.789,0.264,0.439,0.088,0.439,0.088,0.088,0.176,0.088,0.088,0.527,0.264,0.006,6.0,12.00,34.0
16.7472,219,1,move,6,16.7472,16.8400,0,0.088,0.439,0.264,0.176,0.527,0.088,-1.582,0.264,0.439,0.088,0.439,0.088,0.088,0.176,0.088,0.088,0.527,0.264,0.088,0.439,0.264,0.176,0.527,0.088,-1.820,0.264,0.439,0.088,0.439,0.088,0.088,0.176,0.088,0.088,0.527,0.264,0.006,3.2,12.00,34.0
16.8507,220,1,move,6,16.8507,16.8587,1,0.088,0.439,0.264,0.176,0.527,0.088,-1.582,0.264,0.439,0.088,0.439,0.088,0.088,0.176,0.088,0.088,0.527,0.264,0.088,0.439,0.264,0.176,0.527,0.088,-1.726,0.264,0.439,0.088,0.439,0.088,0.088,0.176,0.088,0.088,0.527,0.264,0.006,3.2,12.00,34.0
16.8593,221,1,move,6,16.8593,16.8668,1,0.088,0.439,0.264,0.176,0.527,0.088,-1.582,0.264,0.439,0.088,0.439,0.088,0.088,0.176,0.088,0.088,0.527,0.264,0.088,0.439,0.264,0.176,0.527,0.088,-1.513,0.264,0.439,0.088,0.439,0.088,0.088,0.176,0.088,0.088,0.527,0.264,0.006,3.2,12.00,34.0
16.8674,222,1,move,6,16.8674,16.8749,0,0.088,0.439,0.264,0.176,0.527,0.088,-1.582,0.264,0.439,0.088,0.439,0.088,0.088,0.176,0.088,0.088,0.527,0.264,0.088,0.439,0.264,0.176,0.527,0.088,-1.193,0.264,0.439,0.088,0.439,0.088,0.088,0.176,0.088,0.088,0.527,0.264,0.006,3.2,12.00,34.0
16.9072,223,1,move,6,16.9072,16.9152,0,0.088,0.439,0.264,0.176,0.527,0.088,-1.582,0.264,0.439,0.088,0.439,0.088,0.088,0.176,0.088,0.088,0.527,0.264,0.088,0.439,0.264,0.176,0.527,0.088,-0.788,0.264,0.439,0.088,0.439,0.088,0.088,0.176,0.088,0.088,0.527,0.264,0.006,3.2,12.00,34.0
16.9472,224,1,move,6,16.9472,16.9554,0,0.088,0.439,0.264,0.176,0.527,0.088,-1.582,0.264,0.439,0.088,0.439,0.088,0.088,0.176,0.088,0.088,0.527,0.264,0.088,0.439,0.264,0.176,0.527,0.088,-0.322,0.264,0.439,0.088,0.439,0.088,0.088,0.176,0.088,0.088,0.527,0.264,0.006,7.2,12.00,34.0
16.9872,225,1,move,6,16.9872,16.9953,0,0.088,0.439,0.264,0.176,0.527,0.088,-1.494,0.264,0.439,0.088,0.439,0.088,0.088,0.176,0.088,0.088,0.527,0.264,0.088,0.439,0.264,0.176,0.527,0.088,0.176,0.264,0.439,0.088,0.439,0.088,0.088,0.176,0.088,0.088,0.527,0.264,0.006,7.2,12.00,34.0
17.0272,226,1,move,6,17.0272,17.0352,0,0.088,0.439,0.264,0.176,0.527,0.088,-0.791,0.264,0.439,0.088,0.439,0.088,0.088,0.176,0.088,0.088,0.527,0.264,0.088,0.439,0.264,0.176,0.527,0.088,0.673,0.264,0.439,0.088,0.439,0.088,0.088,0.176,0.088,0.088,0.527,0.264,0.006,7.2,12.00,34.0
17.0672,227,1,move,6,17.0672,17.0752,0,0.088,0.439,0.264,0.176,0.527,0.088,-0.264,0.264,0.439,0.088,0.439,0.088,0.088,0.176,0.088,0.088,0.527,0.264,0.088,0.439,0.264,0.176,0.527,0.088,1.139,0.264,0.439,0.088,0.439,0.088,0.088,0.176,0.088,0.088,0.527,0.264,0.013,6.4,12.00,34.0
17.1072,228,1,move,6,17.1072,17.1152,0,0.088,0.439,0.264,0.176,0.527,0.088,0.264,0.264,0.439,0.088,0.439,0.088,0.088,0.176,0.088,0.088,0.527,0.264,0.088,0.439,0.264,0.176,0.527,0.088,1.545,0.264,0.439,0.088,0.439,0.088,0.088,0.176,0.088,0.088,0.527,0.264,0.013,6.4,12.00,34.0
17.1479,229,1,move,6,17.1479,17.1558,0,0.088,0.439,0.264,0.176,0.527,0.088,0.791,0.264,0.439,0.088,0.439,0.088,0.088,0.176,0.088,0.088,0.527,0.264,0.088,0.439,0.264,0.176,0.527,0.088,1.864,0.264,0.439,0.088,0.439,0.088,0.088,0.176,0.088,0.088,0.527,0.264,0.013,6.4,12.00,34.0
17.1872,230,1,move,6,17.1872,17.1950,0,0.088,0.439,0.264,0.176,0.527,0.088,1.230,0.264,0.439,0.088,0.439,0.088,0.088,0.176,0.088,0.088,0.527,0.264,0.088,0.439,0.264,0.176,0.527,0.088,2.078,0.264,0.439,0.088,0.439,0.088,0.088,0.176,0.088,0.088,0.527,0.264,0.006,5.2,12.00,33.0
17.2274,231,1,move,6,17.2274,17.2355,0,0.088,0.439,0.264,0.176,0.527,0.088,1.582,0.264,0.439,0.088,0.439,0.088,0.088,0.176,0.088,0.088,0.527,0.264,0.088,0.439,0.264,0.176,0.527,0.088,2.172,0.264,0.439,0.088,0.439,0.088,0.088,0.176,0.088,0.088,0.527,0.264,0.006,5.2,12.00,33.0
17.2674,232,1,move,6,17.2674,17.2760,0,0.088,0.439,0.264,0.176,0.527,0.088,1.846,0.264,0.439,0.088,0.439,0.088,0.088,0.176,0.088,0.088,0.527,0.264,0.088,0.439,0.264,0.176,0.527,0.088,2.140,0.264,0.439,0.088,0.439,0.088,0.088,0.176,0.088,0.088,0.527,0.264,0.006,5.2,12.00,33.0
17.3074,233,1,move,6,17.3074,17.3159,0,0.088,0.439,0.264,0.176,0.527,0.088,1.934,0.264,0.439,0.088,0.439,0.088,0.088,0.176,0.088,0.088,0.527,0.264,0.088,0.439,0.264,0.176,0.527,0.088,1.985,0.264,0.439,0.088,0.439,0.088,0.088,0.176,0.088,0.088,0.527,0.264,0.000,0.0,12.00,34.0
17.3472,234,1,move,6,17.3472,17.3547,0,0.088,0.439,0.264,0.176,0.527,0.088,1.934,0.264,0.439,0.088,0.439,0.088,0.088,0.176,0.088,0.088,0.527,0.264,0.088,0.439,0.264,0.176,0.527,0.088,1.717,0.264,0.439,0.088,0.439,0.088,0.088,0.176,0.088,0.088,0.527,0.264,0.000,0.0,12.00,34.0
17.3874,235,1,move,6,17.3874,17.3954,0,0.088,0.439,0.264,0.176,0.527,0.088,1.934,0.264,0.439,0.088,0.439,0.088,0.088,0.176,0.088,0.088,0.527,0.264,0.088,0.439,0.264,0.176,0.527,0.088,1.351,0.264,0.439,0.088,0.439,0.088,0.088,0.176,0.088,0.088,0.527,0.264,0.000,0.0,12.00,34.0
17.4274,236,1,move,6,17.4274,17.4356,0,0.088,0.439,0.264,0.176,0.527,0.088,1.934,0.264,0.439,0.088,0.439,0.088,0.088,0.176,0.088,0.088,0.527,0.264,0.088,0.439,0.264,0.176,0.527,0.088,0.912,0.264,0.439,0.088,0.439,0.088,0.088,0.176,0.088,0.088,0.527,0.264,0.013,6.4,12.00,34.0
17.4674,237,1,move,6,17.4674,17.4754,0,0.088,0.439,0.264,0.176,0.527,0.088,1.846,0.264,0.439,0.088,0.439,0.088,0.088,0.176,0.088,0.088,0.527,0.264,0.088,0.439,0.264,0.176,0.527,0.088,0.426,0.264,0.439,0.088,0.439,0.088,0.088,0.176,0.088,0.088,0.527,0.264,0.013,6.4,12.00,34.0
17.5071,238,1,move,6,17.5071,17.5152,0,0.088,0.439,0.264,0.176,0.527,0.088,1.143,0.264,0.439,0.088,0.439,0.088,0.088,0.176,0.088,0.088,0.527,0.264,0.088,0.439,0.264,0.176,0.527,0.088,-0.075,0.264,0.439,0.088,0.439,0.088,0.088,0.176,0.088,0.088,0.527,0.264,0.013,6.4,12.00,34.0
17.5474,239,1,move,6,17.5474,17.5552,0,0.088,0.439,0.264,0.176,0.527,0.088,0.703,0.264,0.439,0.088,0.439,0.088,0.088,0.176,0.088,0.088,0.527,0.264,0.088,0.439,0.264,0.176,0.527,0.088,-0.560,0.264,0.439,0.088,0.439,0.088,0.088,0.176,0.088,0.088,0.527,0.264,0.006,6.4,12.00,34.0
17.5871,240,1,move,6,17.5871,17.5952,0,0.088,0.439,0.264,0.176,0.527,0.088,0.264,0.264,0.439,0.088,0.439,0.088,0.088,0.176,0.088,0.088,0.527,0.264,0.088,0.439,0.264,0.176,0.527,0.088,-1.000,0.264,0.439,0.088,0.439,0.088,0.088,0.176,0.088,0.088,0.527,0.264,0.006,6.4,12.00,34.0
17.6272,241,1,move,6,17.6272,17.6351,0,0.088,0.439,0.264,0.176,0.527,0.088,-0.176,0.264,0.439,0.088,0.439,0.088,0.088,0.176,0.088,0.088,0.527,0.264,0.088,0.439,0.264,0.176,0.527,0.088,-1.365,0.264,0.439,0.088,0.439,0.088,0.088,0.176,0.088,0.088,0.527,0.264,0.006,6.4,12.00,34.0
17.6672,242,1,move,6,17.6672,17.6754,0,0.088,0.439,0.264,0.176,0.527,0.088,-0.615,0.264,0.439,0.088,0.439,0.088,0.088,0.176,0.088,0.088,0.527,0.264,0.088,0.439,0.264,0.176,0.527,0.088,-1.634,0.264,0.439,0.088,0.439,0.088,0.088,0.176,0.088,0.088,0.527,0.264,0.000,6.4,12.00,34.0
17.7071,243,1,move,6,17.7071,17.7152,0,0.088,0.439,0.264,0.176,0.527,0.088,-1.055,0.264,0.439,0.088,0.439,0.088,0.088,0.176,0.088,0.088,0.527,0.264,0.088,0.439,0.264,0.176,0.527,0.088,-1.789,0.264,0.439,0.088,0.439,0.088,0.088,0.176,0.088,0.088,0.527,0.264,0.000,6.4,12.00,34.0
17.7471,244,1,move,6,17.7471,17.7554,0,0.088,0.439,0.264,0.176,0.527,0.088,-1.406,0.264,0.439,0.088,0.439,0.088,0.088,0.176,0.088,0.088,0.527,0.264,0.088,0.439,0.264,0.176,0.527,0.088,-1.820,0.264,0.439,0.088,0.439,0.088,0.088,0.176,0.088,0.088,0.527,0.264,0.000,6.4,12.00,34.0
17.7874,245,1,move,6,17.7874,17.7960,0,0.088,0.439,0.264,0.176,0.527,0.088,-1.582,0.264,0.439,0.088,0.439,0.088,0.088,0.176,0.088,0.088,0.527,0.264,0.088,0.439,0.264,0.176,0.527,0.088,-1.726,0.264,0.439,0.088,0.439,0.088,0.088,0.176,0.088,0.088,0.527,0.264,0.006,2.8,12.00,34.0
17.8274,246,1,move,6,17.8274,17.8360,0,0.088,0.439,0.264,0.176,0.527,0.088,-1.670,0.264,0.439,0.088,0.439,0.088,0.088,0.176,0.088,0.088,0.527,0.264,0.088,0.439,0.264,0.176,0.527,0.088,-1.513,0.264,0.439,0.088,0.439,0.088,0.088,0.176,0.088,0.088,0.527,0.264,0.006,2.8,12.00,34.0
17.8674,247,1,move,6,17.8674,17.8754,0,0.088,0.439,0.264,0.176,0.527,0.088,-1.670,0.264,0.439,0.088,0.439,0.088,0.088,0.176,0.088,0.088,0.527,0.264,0.088,0.439,0.264,0.176,0.527,0.088,-1.193,0.264,0.439,0.088,0.439,0.088,0.088,0.176,0.088,0.088,0.527,0.264,0.006,2.8,12.00,34.0
17.9072,248,1,move,6,17.9072,17.9152,0,0.088,0.439,0.264,0.176,0.527,0.088,-1.670,0.264,0.439,0.088,0.439,0.088,0.088,0.176,0.088,0.088,0.527,0.264,0.088,0.439,0.264,0.176,0.527,0.088,-0.788,0.264,0.439,0.088,0.439,0.088,0.088,0.176,0.088,0.088,0.527,0.264,0.000,4.8,12.00,33.0
17.9472,249,1,move,6,17.9472,17.9562,0,0.088,0.439,0.264,0.176,0.527,0.088,-1.670,0.264,0.439,0.088,0.439,0.088,0.088,0.176,0.088,0.088,0.527,0.264,0.088,0.439,0.264,0.176,0.527,0.088,-0.322,0.264,0.439,0.088,0.439,0.088,0.088,0.176,0.088,0.088,0.527,0.264,0.000,4.8,12.00,33.0
17.9874,250,1,move,6,17.9874,17.9961,0,0.088,0.439,0.264,0.176,0.527,0.088,-1.318,0.264,0.439,0.088,0.439,0.088,0.088,0.176,0.088,0.088,0.527,0.264,0.088,0.439,0.264,0.176,0.527,0.088,0.176,0.264,0.439,0.088,0.439,0.088,0.088,0.176,0.088,0.088,0.527,0.264,0.000,4.8,12.00,33.0
18.0271,251,1,move,6,18.0271,18.0358,0,0.088,0.439,0.264,0.176,0.527,0.088,-0.703,0.264,0.439,0.088,0.439,0.088,0.088,0.176,0.088,0.088,0.527,0.264,0.088,0.439,0.264,0.176,0.527,0.088,0.673,0.264,0.439,0.088,0.439,0.088,0.088,0.176,0.088,0.088,0.527,0.264,0.006,5.6,12.00,34.0
18.0672,252,1,move,6,18.0672,18.0753,0,0.088,0.439,0.264,0.176,0.527,0.088,-0.264,0.264,0.439,0.088,0.439,0.088,0.088,0.176,0.088,0.088,0.527,0.264,0.088,0.439,0.264,0.176,0.527,0.088,1.139,0.264,0.439,0.088,0.439,0.088,0.088,0.176,0.088,0.088,0.527,0.264,0.006,5.6,12.00,34.0
18.1072,253,1,move,6,18.1072,18.1147,0,0.088,0.439,0.264,0.176,0.527,0.088,0.264,0.264,0.439,0.088,0.439,0.088,0.088,0.176,0.088,0.088,0.527,0.264,0.088,0.439,0.264,0.176,0.527,0.088,1.545,0.264,0.439,0.088,0.439,0.088,0.088,0.176,0.088,0.088,0.527,0.264,0.006,5.6,12.00,34.0
18.1472,254,1,move,6,18.1472,18.1554,0,0.088,0.439,0.264,0.176,0.527,0.088,0.791,0.264,0.439,0.088,0.439,0.088,0.088,0.176,0.088,0.088,0.527,0.264,0.088,0.439,0.264,0.176,0.527,0.088,1.864,0.264,0.439,0.088,0.439,0.088,0.088,0.176,0.088,0.088,0.527,0.264,0.000,5.2,12.00,34.0
18.1872,255,1,move,6,18.1872,18.1952,0,0.088,0.439,0.264,0.176,0.527,0.088,1.230,0.264,0.439,0.088,0.439,0.088,0.088,0.176,0.088,0.088,0.527,0.264,0.088,0.439,0.264,0.176,0.527,0.088,2.078,0.264,0.439,0.088,0.439,0.088,0.088,0.176,0.088,0.088,0.527,0.264,0.000,5.2,12.00,34.0
18.2272,256,1,move,6,18.2272,18.2354,0,0.088,0.439,0.264,0.176,0.527,0.088,1.582,0.264,0.439,0.088,0.439,0.088,0.088,0.176,0.088,0.088,0.527,0.264,0.088,0.439,0.264,0.176,0.527,0.088,2.172,0.264,0.439,0.088,0.439,0.088,0.088,0.176,0.088,0.088,0.527,0.264,0.000,5.2,12.00,34.0
18.2674,257,1,move,6,18.2674,18.2758,0,0.088,0.439,0.264,0.176,0.527,0.088,1.934,0.264,0.439,0.088,0.439,0.088,0.088,0.176,0.088,0.088,0.527,0.264,0.088,0.439,0.264,0.176,0.527,0.088,2.140,0.264,0.439,0.088,0.439,0.088,0.088,0.176,0.088,0.088,0.527,0.264,0.000,2.0,12.00,34.0
18.3071,258,1,move,6,18.3071,18.3152,0,0.088,0.439,0.264,0.176,0.527,0.088,1.934,0.264,0.439,0.088,0.439,0.088,0.088,0.176,0.088,0.088,0.527,0.264,0.088,0.439,0.264,0.176,0.527,0.088,1.985,0.264,0.439,0.088,0.439,0.088,0.088,0.176,0.088,0.088,0.527,0.264,0.000,2.0,12.00,34.0
18.3472,259,1,move,6,18.3472,18.3552,0,0.088,0.439,0.264,0.176,0.527,0.088,1.934,0.264,0.439,0.088,0.439,0.088,0.088,0.176,0.088,0.088,0.527,0.264,0.088,0.439,0.264,0.176,0.527,0.088,1.717,0.264,0.439,0.088,0.439,0.088,0.088,0.176,0.088,0.088,0.527,0.264,0.000,2.0,12.00,34.0
18.3872,260,1,move,6,18.3872,18.3952,0,0.088,0.439,0.264,0.176,0.527,0.088,1.934,0.264,0.439,0.088,0.439,0.088,0.088,0.176,0.088,0.088,0.527,0.264,0.088,0.439,0.264,0.176,0.527,0.088,1.351,0.264,0.439,0.088,0.439,0.088,0.088,0.176,0.088,0.088,0.527,0.264,0.000,3.6,12.00,34.0
18.4272,261,1,move,6,18.4272,18.4352,0,0.088,0.439,0.264,0.176,0.527,0.088,1.934,0.264,0.439,0.088,0.439,0.088,0.088,0.176,0.088,0.088,0.527,0.264,0.088,0.439,0.264,0.176,0.527,0.088,0.912,0.264,0.439,0.088,0.439,0.088,0.088,0.176,0.088,0.088,0.527,0.264,0.000,3.6,12.00,34.0
18.4672,262,1,move,6,18.4672,18.4752,0,0.088,0.439,0.264,0.176,0.527,0.088,1.846,0.264,0.439,0.088,0.439,0.088,0.088,0.176,0.088,0.088,0.527,0.264,0.088,0.439,0.264,0.176,0.527,0.088,0.426,0.264,0.439,0.088,0.439,0.088,0.088,0.176,0.088,0.088,0.527,0.264,0.000,3.6,12.00,34.0
18.5072,263,1,move,6,18.5072,18.5154,0,0.088,0.439,0.264,0.176,0.527,0.088,1.143,0.264,0.439,0.088,0.439,0.088,0.088,0.176,0.088,0.088,0.527,0.264,0.088,0.439,0.264,0.176,0.527,0.088,-0.075,0.264,0.439,0.088,0.439,0.088,0.088,0.176,0.088,0.088,0.527,0.264,0.006,4.8,12.00,33.0
18.5474,264,1,move,6,18.5474,18.5556,0,0.088,0.439,0.264,0.176,0.527,0.088,0.703,0.264,0.439,0.088,0.439,0.088,0.088,0.176,0.088,0.088,0.527,0.264,0.088,0.439,0.264,0.176,0.527,0.088,-0.560,0.264,0.439,0.088,0.439,0.088,0.088,0.176,0.088,0.088,0.527,0.264,0.006,4.8,12.00,33.0
18.5872,265,1,move,6,18.5872,18.5953,0,0.088,0.439,0.264,0.176,0.527,0.088,0.264,0.264,0.439,0.088,0.439,0.088,0.088,0.176,0.088,0.088,0.527,0.264,0.088,0.439,0.264,0.176,0.527,0.088,-1.000,0.264,0.439,0.088,0.439,0.088,0.088,0.176,0.088,0.088,0.527,0.264,0.006,4.8,12.00,33.0
18.6272,266,1,move,6,18.6272,18.6375,0,0.088,0.439,0.264,0.176,0.527,0.088,-0.264,0.264,0.439,0.088,0.439,0.088,0.088,0.176,0.088,0.088,0.527,0.264,0.088,0.439,0.264,0.176,0.527,0.088,-1.365,0.264,0.439,0.088,0.439,0.088,0.088,0.176,0.088,0.088,0.527,0.264,0.013,6.8,12.00,34.0
18.6672,267,1,move,6,18.6672,18.6753,0,0.088,0.439,0.264,0.176,0.527,0.088,-0.615,0.264,0.439,0.088,0.439,0.088,0.088,0.176,0.088,0.088,0.527,0.264,0.088,0.439,0.264,0.176,0.527,0.088,-1.634,0.264,0.439,0.088,0.439,0.088,0.088,0.176,0.088,0.088,0.527,0.264,0.013,6.8,12.00,34.0
18.7072,268,1,move,6,18.7072,18.7151,0,0.088,0.439,0.264,0.176,0.527,0.088,-1.143,0.264,0.439,0.088,0.439,0.088,0.088,0.176,0.088,0.088,0.527,0.264,0.088,0.439,0.264,0.176,0.527,0.088,-1.789,0.264,0.439,0.088,0.439,0.088,0.088,0.176,0.088,0.088,0.527,0.264,0.013,6.8,12.00,34.0
18.7472,269,1,move,6,18.7472,18.7552,0,0.088,0.439,0.264,0.176,0.527,0.088,-1.406,0.264,0.439,0.088,0.439,0.088,0.088,0.176,0.088,0.088,0.527,0.264,0.088,0.439,0.264,0.176,0.527,0.088,-1.820,0.264,0.439,0.088,0.439,0.088,0.088,0.176,0.088,0.088,0.527,0.264,0.000,4.8,12.00,34.0
18.7872,270,1,move,6,18.7872,18.7952,0,0.088,0.439,0.264,0.176,0.527,0.088,-1.582,0.264,0.439,0.088,0.439,0.088,0.088,0.176,0.088,0.088,0.527,0.264,0.088,0.439,0.264,0.176,0.527,0.088,-1.726,0.264,0.439,0.088,0.439,0.088,0.088,0.176,0.088,0.088,0.527,0.264,0.000,4.8,12.00,34.0
18.8272,271,1,move,6,18.8272,18.8352,0,0.088,0.439,0.264,0.176,0.527,0.088,-1.670,0.264,0.439,0.088,0.439,0.088,0.088,0.176,0.088,0.088,0.527,0.264,0.088,0.439,0.264,0.176,0.527,0.088,-1.513,0.264,0.439,0.088,0.439,0.088,0.088,0.176,0.088,0.088,0.527,0.264,0.000,4.8,12.00,34.0
18.8671,272,1,move,6,18.8671,18.8752,0,0.088,0.439,0.264,0.176,0.527,0.088,-1.670,0.264,0.439,0.088,0.439,0.088,0.088,0.176,0.088,0.088,0.527,0.264,0.088,0.439,0.264,0.176,0.527,0.088,-1.193,0.264,0.439,0.088,0.439,0.088,0.088,0.176,0.088,0.088,0.527,0.264,0.000,2.4,12.00,34.0
18.9074,273,1,move,6,18.9074,18.9154,0,0.088,0.439,0.264,0.176,0.527,0.088,-1.670,0.264,0.439,0.088,0.439,0.088,0.088,0.176,0.088,0.088,0.527,0.264,0.088,0.439,0.264,0.176,0.527,0.088,-0.788,0.264,0.439,0.088,0.439,0.088,0.088,0.176,0.088,0.088,0.527,0.264,0.000,2.4,12.00,34.0
18.9472,274,1,move,6,18.9472,18.9552,0,0.088,0.439,0.264,0.176,0.527,0.088,-1.670,0.264,0.439,0.088,0.439,0.088,0.088,0.176,0.088,0.088,0.527,0.264,0.088,0.439,0.264,0.176,0.527,0.088,-0.322,0.264,0.439,0.088,0.439,0.088,0.088,0.176,0.088,0.088,0.527,0.264,0.000,2.4,12.00,34.0
18.9872,275,1,rest,6,18.9872,18.9952,0,0.088,0.439,0.264,0.176,0.527,0.088,-1.230,0.264,0.439,0.088,0.439,0.088,0.088,0.176,0.088,0.088,0.527,0.264,0.088,0.439,0.264,0.176,0.527,0.088,0.176,0.264,0.439,0.088,0.439,0.088,0.088,0.176,0.088,0.088,0.527,0.264,0.000,7.2,12.00,34.0
19.0272,276,1,rest,6,19.0272,19.0350,0,0.088,0.439,0.264,0.176,0.527,0.088,-0.703,0.264,0.439,0.088,0.439,0.088,0.088,0.176,0.088,0.088,0.527,0.264,0.088,0.439,0.264,0.176,0.527,0.088,0.176,0.264,0.439,0.088,0.439,0.088,0.088,0.176,0.088,0.088,0.527,0.264,0.000,7.2,12.00,34.0
19.0671,277,1,rest,6,19.0671,19.0751,0,0.088,0.439,0.264,0.176,0.527,0.088,-0.264,0.264,0.439,0.088,0.439,0.088,0.088,0.176,0.088,0.088,0.527,0.264,0.088,0.439,0.264,0.176,0.527,0.088,0.176,0.264,0.439,0.088,0.439,0.088,0.088,0.176,0.088,0.088,0.527,0.264,0.000,7.2,12.00,34.0
19.1072,278,1,rest,6,19.1072,19.1149,0,0.088,0.439,0.264,0.176,0.527,0.088,0.000,0.264,0.439,0.088,0.439,0.088,0.088,0.176,0.088,0.088,0.527,0.264,0.088,0.439,0.264,0.176,0.527,0.088,0.176,0.264,0.439,0.088,0.439,0.088,0.088,0.176,0.088,0.088,0.527,0.264,0.006,2.0,12.00,34.0
19.1480,279,1,rest,6,19.1480,19.1560,0,0.088,0.439,0.264,0.176,0.527,0.088,0.000,0.264,0.439,0.088,0.439,0.088,0.088,0.176,0.088,0.088,0.527,0.264,0.088,0.439,0.264,0.176,0.527,0.088,0.176,0.264,0.439,0.088,0.439,0.088,0.088,0.176,0.088,0.088,0.527,0.264,0.006,2.0,12.00,34.0
19.1874,280,1,rest,6,19.1874,19.1954,0,0.088,0.439,0.264,0.176,0.527,0.088,0.000,0.264,0.439,0.088,0.439,0.088,0.088,0.176,0.088,0.088,0.527,0.264,0.088,0.439,0.264,0.176,0.527,0.088,0.176,0.264,0.439,0.088,0.439,0.088,0.088,0.176,0.088,0.088,0.527,0.264,0.006,2.0,12.00,34.0
19.2272,281,1,rest,6,19.2272,19.2352,0,0.088,0.439,0.264,0.176,0.527,0.088,0.000,0.264,0.439,0.088,0.439,0.088,0.088,0.176,0.088,0.088,0.527,0.264,0.088,0.439,0.264,0.176,0.527,0.088,0.176,0.264,0.439,0.088,0.439,0.088,0.088,0.176,0.088,0.088,0.527,0.264,0.006,2.4,12.00,34.0
19.2671,282,1,rest,6,19.2671,19.2752,0,0.088,0.439,0.264,0.176,0.527,0.088,0.000,0.264,0.439,0.088,0.439,0.088,0.088,0.176,0.088,0.088,0.527,0.264,0.088,0.439,0.264,0.176,0.527,0.088,0.176,0.264,0.439,0.088,0.439,0.088,0.088,0.176,0.088,0.088,0.527,0.264,0.006,2.4,12.00,34.0
19.3072,283,1,rest,6,19.3072,19.3154,0,0.088,0.439,0.264,0.176,0.527,0.088,0.000,0.264,0.439,0.088,0.439,0.088,0.088,0.176,0.088,0.088,0.527,0.264,0.088,0.439,0.264,0.176,0.527,0.088,0.176,0.264,0.439,0.088,0.439,0.088,0.088,0.176,0.088,0.088,0.527,0.264,0.006,2.4,12.00,34.0
19.3474,284,1,rest,6,19.3474,19.3554,0,0.088,0.439,0.264,0.176,0.527,0.088,0.000,0.264,0.439,0.088,0.439,0.088,0.088,0.176,0.088,0.088,0.527,0.264,0.088,0.439,0.264,0.176,0.527,0.088,0.176,0.264,0.439,0.088,0.439,0.088,0.088,0.176,0.088,0.088,0.527,0.264,0.000,2.4,12.00,33.0
19.3872,285,1,rest,6,19.3872,19.3952,0,0.088,0.439,0.264,0.176,0.527,0.088,0.000,0.264,0.439,0.088,0.439,0.088,0.088,0.176,0.088,0.088,0.527,0.264,0.088,0.439,0.264,0.176,0.527,0.088,0.176,0.264,0.439,0.088,0.439,0.088,0.088,0.176,0.088,0.088,0.527,0.264,0.000,2.4,12.00,33.0
19.4274,286,1,rest,6,19.4274,19.4356,0,0.088,0.439,0.264,0.176,0.527,0.088,0.000,0.264,0.439,0.088,0.439,0.088,0.088,0.176,0.088,0.088,0.527,0.264,0.088,0.439,0.264,0.176,0.527,0.088,0.176,0.264,0.439,0.088,0.439,0.088,0.088,0.176,0.088,0.088,0.527,0.264,0.000,2.4,12.00,33.0
19.4672,287,1,rest,6,19.4672,19.4752,0,0.088,0.439,0.264,0.176,0.527,0.088,0.000,0.264,0.439,0.088,0.439,0.088,0.088,0.176,0.088,0.088,0.527,0.264,0.088,0.439,0.264,0.176,0.527,0.088,0.176,0.264,0.439,0.088,0.439,0.088,0.088,0.176,0.088,0.088,0.527,0.264,0.000,2.4,12.00,34.0
19.5072,288,1,rest,6,19.5072,19.5152,0,0.088,0.439,0.264,0.176,0.527,0.088,0.000,0.264,0.439,0.088,0.439,0.088,0.088,0.176,0.088,0.088,0.527,0.264,0.088,0.439,0.264,0.176,0.527,0.088,0.176,0.264,0.439,0.088,0.439,0.088,0.088,0.176,0.088,0.088,0.527,0.264,0.000,2.4,12.00,34.0
19.5474,289,1,rest,6,19.5474,19.5554,0,0.088,0.439,0.264,0.176,0.527,0.088,0.000,0.264,0.439,0.088,0.439,0.088,0.088,0.176,0.088,0.088,0.527,0.264,0.088,0.439,0.264,0.176,0.527,0.088,0.176,0.264,0.439,0.088,0.439,0.088,0.088,0.176,0.088,0.088,0.527,0.264,0.000,2.4,12.00,34.0
19.5871,290,1,rest,6,19.5871,19.5952,0,0.088,0.439,0.264,0.176,0.527,0.088,0.000,0.264,0.439,0.088,0.439,0.088,0.088,0.176,0.088,0.088,0.527,0.264,0.088,0.439,0.264,0.176,0.527,0.088,0.176,0.264,0.439,0.088,0.439,0.088,0.088,0.176,0.088,0.088,0.527,0.264,0.006,2.4,12.00,34.0
19.6272,291,1,rest,6,19.6272,19.6349,0,0.088,0.439,0.264,0.176,0.527,0.088,0.000,0.264,0.439,0.088,0.439,0.088,0.088,0.176,0.088,0.088,0.527,0.264,0.088,0.439,0.264,0.176,0.527,0.088,0.176,0.264,0.439,0.088,0.439,0.088,0.088,0.176,0.088,0.088,0.527,0.264,0.006,2.4,12.00,34.0
19.6673,292,1,rest,6,19.6673,19.6755,0,0.088,0.439,0.264,0.176,0.527,0.088,0.000,0.264,0.439,0.088,0.439,0.088,0.088,0.176,0.088,0.088,0.527,0.264,0.088,0.439,0.264,0.176,0.527,0.088,0.176,0.264,0.439,0.088,0.439,0.088,0.088,0.176,0.088,0.088,0.527,0.264,0.006,2.4,12.00,34.0
19.7074,293,1,rest,6,19.7074,19.7157,0,0.088,0.439,0.264,0.176,0.527,0.088,0.000,0.264,0.439,0.088,0.439,0.088,0.088,0.176,0.088,0.088,0.527,0.264,0.088,0.439,0.264,0.176,0.527,0.088,0.176,0.264,0.439,0.088,0.439,0.088,0.088,0.176,0.088,0.088,0.527,0.264,0.006,2.4,12.00,34.0
19.7474,294,1,rest,6,19.7474,19.7558,0,0.088,0.439,0.264,0.176,0.527,0.088,0.000,0.264,0.439,0.088,0.439,0.088,0.088,0.176,0.088,0.088,0.527,0.264,0.088,0.439,0.264,0.176,0.527,0.088,0.176,0.264,0.439,0.088,0.439,0.088,0.088,0.176,0.088,0.088,0.527,0.264,0.006,2.4,12.00,34.0
19.7923,295,2,pre,6,19.7923,19.8008,0,0.088,0.439,0.264,0.176,0.527,0.088,0.000,0.264,0.439,0.088,0.439,0.088,0.088,0.176,0.088,0.088,0.527,0.264,0.088,0.439,0.264,0.176,0.527,0.088,0.000,0.264,0.439,0.088,0.439,0.088,0.088,0.176,0.088,0.088,0.527,0.264,0.006,2.4,12.00,34.0
19.8271,296,2,pre,6,19.8271,19.8355,0,0.088,0.439,0.264,0.176,0.527,0.088,0.000,0.264,0.439,0.088,0.439,0.088,0.088,0.176,0.088,0.088,0.527,0.264,0.088,0.439,0.264,0.176,0.527,0.088,0.000,0.264,0.439,0.088,0.439,0.088,0.088,0.176,0.088,0.088,0.527,0.264,0.000,0.0,12.00,34.0
19.8671,297,2,pre,6,19.8671,19.8756,0,0.088,0.439,0.264,0.176,0.527,0.088,0.000,0.264,0.439,0.088,0.439,0.088,0.088,0.176,0.088,0.088,0.527,0.264,0.088,0.439,0.264,0.176,0.527,0.088,0.000,0.264,0.439,0.088,0.439,0.088,0.088,0.176,0.088,0.088,0.527,0.264,0.000,0.0,12.00,34.0
19.9074,298,2,pre,6,19.9074,19.9159,0,0.088,0.439,0.264,0.176,0.527,0.088,0.000,0.264,0.439,0.088,0.439,0.088,0.088,0.176,0.088,0.088,0.527,0.264,0.088,0.439,0.264,0.176,0.527,0.088,0.000,0.264,0.439,0.088,0.439,0.088,0.088,0.176,0.088,0.088,0.527,0.264,0.000,0.0,12.00,34.0
19.9471,299,2,pre,6,19.9471,19.9556,0,0.088,0.439,0.264,0.176,0.527,0.088,0.000,0.264,0.439,0.088,0.439,0.088,0.088,0.176,0.088,0.088,0.527,0.264,0.088,0.439,0.264,0.176,0.527,0.088,0.000,0.264,0.439,0.088,0.439,0.088,0.088,0.176,0.088,0.088,0.527,0.264,0.000,0.0,12.00,34.0
19.9872,300,2,pre,6,19.9872,19.9953,0,0.088,0.439,0.264,0.176,0.527,0.088,0.000,0.264,0.439,0.088,0.439,0.088,0.088,0.176,0.088,0.088,0.527,0.264,0.088,0.439,0.264,0.176,0.527,0.088,0.000,0.264,0.439,0.088,0.439,0.088,0.088,0.176,0.088,0.088,0.527,0.264,0.000,0.0,12.00,34.0
20.0274,301,2,pre,6,20.0274,20.0360,0,0.088,0.439,0.264,0.176,0.527,0.088,0.000,0.264,0.439,0.088,0.439,0.088,0.088,0.176,0.088,0.088,0.527,0.264,0.088,0.439,0.264,0.176,0.527,0.088,0.000,0.264,0.439,0.088,0.439,0.088,0.088,0.176,0.088,0.088,0.527,0.264,0.000,0.0,12.00,34.0
20.0674,302,2,pre,6,20.0674,20.0760,0,0.088,0.439,0.264,0.176,0.527,0.088,0.000,0.264,0.439,0.088,0.439,0.088,0.088,0.176,0.088,0.088,0.527,0.264,0.088,0.439,0.264,0.176,0.527,0.088,0.000,0.264,0.439,0.088,0.439,0.088,0.088,0.176,0.088,0.088,0.527,0.264,0.000,0.0,12.00,33.0
20.1074,303,2,pre,6,20.1074,20.1157,0,0.088,0.439,0.264,0.176,0.527,0.088,0.000,0.264,0.439,0.088,0.439,0.088,0.088,0.176,0.088,0.088,0.527,0.264,0.088,0.439,0.264,0.176,0.527,0.088,0.000,0.264,0.439,0.088,0.439,0.088,0.088,0.176,0.088,0.088,0.527,0.264,0.000,0.0,12.00,33.0
20.1474,304,2,pre,6,20.1474,20.1562,0,0.088,0.439,0.264,0.176,0.527,0.088,0.000,0.264,0.439,0.088,0.439,0.088,0.088,0.176,0.088,0.088,0.527,0.264,0.088,0.439,0.264,0.176,0.527,0.088,0.000,0.264,0.439,0.088,0.439,0.088,0.088,0.176,0.088,0.088,0.527,0.264,0.000,0.0,12.00,33.0
20.1874,305,2,pre,6,20.1874,20.1959,0,0.088,0.439,0.264,0.176,0.527,0.088,0.000,0.264,0.439,0.088,0.439,0.088,0.088,0.176,0.088,0.088,0.527,0.264,0.088,0.439,0.264,0.176,0.527,0.088,0.000,0.264,0.439,0.088,0.439,0.088,0.088,0.176,0.088,0.088,0.527,0.264,0.000,0.0,12.00,34.0
20.2274,306,2,pre,6,20.2274,20.2358,0,0.088,0.439,0.264,0.176,0.527,0.088,0.000,0.264,0.439,0.088,0.439,0.088,0.088,0.176,0.088,0.088,0.527,0.264,0.088,0.439,0.264,0.176,0.527,0.088,0.000,0.264,0.439,0.088,0.439,0.088,0.088,0.176,0.088,0.088,0.527,0.264,0.000,0.0,12.00,34.0
20.2672,307,2,pre,6,20.2672,20.2754,0,0.088,0.439,0.264,0.176,0.527,0.088,0.000,0.264,0.439,0.088,0.439,0.088,0.088,0.176,0.088,0.088,0.527,0.264,0.088,0.439,0.264,0.176,0.527,0.088,0.000,0.264,0.439,0.088,0.439,0.088,0.088,0.176,0.088,0.088,0.527,0.264,0.000,0.0,12.00,34.0
20.3074,308,2,pre,6,20.3074,20.3161,0,0.088,0.439,0.264,0.176,0.527,0.088,0.000,0.264,0.439,0.088,0.439,0.088,0.088,0.176,0.088,0.088,0.527,0.264,0.088,0.439,0.264,0.176,0.527,0.088,0.000,0.264,0.439,0.088,0.439,0.088,0.088,0.176,0.088,0.088,0.527,0.264,0.000,0.0,12.00,33.0
20.3471,309,2,pre,6,20.3471,20.4414,0,0.088,0.439,0.264,0.176,0.527,0.088,0.000,0.264,0.439,0.088,0.439,0.088,0.088,0.176,0.088,0.088,0.527,0.264,0.088,0.439,0.264,0.176,0.527,0.088,0.000,0.264,0.439,0.088,0.439,0.088,0.088,0.176,0.088,0.088,0.527,0.264,0.000,0.0,12.00,34.0
20.4676,310,2,move,6,20.4676,20.4757,1,0.088,0.439,0.264,0.176,0.527,0.088,0.000,0.264,0.439,0.088,0.439,0.088,0.088,0.176,0.088,0.088,0.527,0.264,0.088,0.439,0.264,0.176,0.527,0.088,0.000,0.264,0.439,0.088,0.439,0.088,0.088,0.176,0.088,0.088,0.527,0.264,0.000,0.0,12.00,34.0
20.4764,311,2,move,6,20.4764,20.4839,1,0.088,0.439,0.264,0.176,0.527,0.088,0.000,0.264,0.439,0.088,0.439,0.088,0.088,0.176,0.088,0.088,0.527,0.264,0.088,0.439,0.264,0.176,0.527,0.088,0.736,0.264,0.439,0.088,0.439,0.088,0.088,0.176,0.088,0.088,0.527,0.264,0.000,0.0,12.00,34.0
20.4846,312,2,move,6,20.4846,20.4922,0,0.088,0.439,0.264,0.176,0.527,0.088,0.000,0.264,0.439,0.088,0.439,0.088,0.088,0.176,0.088,0.088,0.527,0.264,0.088,0.439,0.264,0.176,0.527,0.088,1.369,0.264,0.439,0.088,0.439,0.088,0.088,0.176,0.088,0.088,0.527,0.264,0.000,0.0,12.00,34.0
20.5071,313,2,move,6,20.5071,20.5154,0,0.088,0.439,0.264,0.176,0.527,0.088,0.000,0.264,0.439,0.088,0.439,0.088,0.088,0.176,0.088,0.088,0.527,0.264,0.088,0.439,0.264,0.176,0.527,0.088,1.810,0.264,0.439,0.088,0.439,0.088,0.088,0.176,0.088,0.088,0.527,0.264,0.000,0.0,12.00,34.0
20.5474,314,2,move,6,20.5474,20.5560,0,0.088,0.439,0.264,0.176,0.527,0.088,0.088,0.264,0.439,0.088,0.439,0.088,0.088,0.176,0.088,0.088,0.527,0.264,0.088,0.439,0.264,0.176,0.527,0.088,1.996,0.264,0.439,0.088,0.439,0.088,0.088,0.176,0.088,0.088,0.527,0.264,0.006,8.0,12.00,34.0
20.5871,315,2,move,6,20.5871,20.5958,0,0.088,0.439,0.264,0.176,0.527,0.088,0.703,0.264,0.439,0.088,0.439,0.088,0.088,0.176,0.088,0.088,0.527,0.264,0.088,0.439,0.264,0.176,0.527,0.088,1.902,0.264,0.439,0.088,0.439,0.088,0.088,0.176,0.088,0.088,0.527,0.264,0.006,8.0,12.00,34.0
20.6272,316,2,move,6,20.6272,20.6358,0,0.088,0.439,0.264,0.176,0.527,0.088,1.318,0.264,0.439,0.088,0.439,0.088,0.088,0.176,0.088,0.088,0.527,0.264,0.088,0.439,0.264,0.176,0.527,0.088,1.541,0.264,0.439,0.088,0.439,0.088,0.088,0.176,0.088,0.088,0.527,0.264,0.006,8.0,12.00,34.0
20.6674,317,2,move,6,20.6674,20.6760,0,0.088,0.439,0.264,0.176,0.527,0.088,1.670,0.264,0.439,0.088,0.439,0.088,0.088,0.176,0.088,0.088,0.527,0.264,0.088,0.439,0.264,0.176,0.527,0.088,0.964,0.264,0.439,0.088,0.439,0.088,0.088,0.176,0.088,0.088,0.527,0.264,0.000,2.8,12.00,34.0
20.7072,318,2,move,6,20.7072,20.7154,0,0.088,0.439,0.264,0.176,0.527,0.088,1.670,0.264,0.439,0.088,0.439,0.088,0.088,0.176,0.088,0.088,0.527,0.264,0.088,0.439,0.264,0.176,0.527,0.088,0.251,0.264,0.439,0.088,0.439,0.088,0.088,0.176,0.088,0.088,0.527,0.264,0.000,2.8,12.00,34.0
20.7474,319,2,move,6,20.7474,20.7555,0,0.088,0.439,0.264,0.176,0.527,0.088,1.670,0.264,0.439,0.088,0.439,0.088,0.088,0.176,0.088,0.088,0.527,0.264,0.088,0.439,0.264,0.176,0.527,0.088,-0.497,0.264,0.439,0.088,0.439,0.088,0.088,0.176,0.088,0.088,0.527,0.264,0.000,2.8,12.00,34.0
20.7874,320,2,move,6,20.7874,20.7954,0,0.088,0.439,0.264,0.176,0.527,0.088,0.879,0.264,0.439,0.088,0.439,0.088,0.088,0.176,0.088,0.088,0.527,0.264,0.088,0.439,0.264,0.176,0.527,0.088,-1.176,0.264,0.439,0.088,0.439,0.088,0.088,0.176,0.088,0.088,0.527,0.264,0.000,7.6,12.00,34.0
20.8272,321,2,move,6,20.8272,20.8352,0,0.088,0.439,0.264,0.176,0.527,0.088,0.176,0.264,0.439,0.088,0.439,0.088,0.088,0.176,0.088,0.088,0.527,0.264,0.088,0.439,0.264,0.176,0.527,0.088,-1.689,0.264,0.439,0.088,0.439,0.088,0.088,0.176,0.088,0.088,0.527,0.264,0.000,7.6,12.00,34.0
20.8672,322,2,move,6,20.8672,20.8752,0,0.088,0.439,0.264,0.176,0.527,0.088,-0.439,0.264,0.439,0.088,0.439,0.088,0.088,0.176,0.088,0.088,0.527,0.264,0.088,0.439,0.264,0.176,0.527,0.088,-1.965,0.264,0.439,0.088,0.439,0.088,0.088,0.176,0.088,0.088,0.527,0.264,0.000,7.6,12.00,34.0
20.9072,323,2,move,6,20.9072,20.9152,0,0.088,0.439,0.264,0.176,0.527,0.088,-1.143,0.264,0.439,0.088,0.439,0.088,0.088,0.176,0.088,0.088,0.527,0.264,0.088,0.439,0.264,0.176,0.527,0.088,-1.965,0.264,0.439,0.088,0.439,0.088,0.088,0.176,0.088,0.088,0.527,0.264,0.006,5.6,12.00,34.0
20.9472,324,2,move,6,20.9472,20.9552,0,0.088,0.439,0.264,0.176,0.527,0.088,-1.582,0.264,0.439,0.088,0.439,0.088,0.088,0.176,0.088,0.088,0.527,0.264,0.088,0.439,0.264,0.176,0.527,0.088,-1.689,0.264,0.439,0.088,0.439,0.088,0.088,0.176,0.088,0.088,0.527,0.264,0.006,5.6,12.00,34.0
20.9872,325,2,move,6,20.9872,20.9970,0,0.088,0.439,0.264,0.176,0.527,0.088,-1.670,0.264,0.439,0.088,0.439,0.088,0.088,0.176,0.088,0.088,0.527,0.264,0.088,0.439,0.264,0.176,0.527,0.088,-1.176,0.264,0.439,0.088,0.439,0.088,0.088,0.176,0.088,0.088,0.527,0.264,0.006,5.6,12.00,34.0
21.0274,326,2,move,6,21.0274,21.0362,0,0.088,0.439,0.264,0.176,0.527,0.088,-1.670,0.264,0.439,0.088,0.439,0.088,0.088,0.176,0.088,0.088,0.527,0.264,0.088,0.439,0.264,0.176,0.527,0.088,-0.497,0.264,0.439,0.088,0.439,0.088,0.088,0.176,0.088,0.088,0.527,0.264,0.013,4.8,12.00,34.0
21.0672,327,2,move,6,21.0672,21.0757,0,0.088,0.439,0.264,0.176,0.527,0.088,-1.670,0.264,0.439,0.088,0.439,0.088,0.088,0.176,0.088,0.088,0.527,0.264,0.088,0.439,0.264,0.176,0.527,0.088,0.251,0.264,0.439,0.088,0.439,0.088,0.088,0.176,0.088,0.088,0.527,0.264,0.013,4.8,12.00,34.0
21.1072,328,2,move,6,21.1072,21.1156,0,0.088,0.439,0.264,0.176,0.527,0.088,-1.230,0.264,0.439,0.088,0.439,0.088,0.088,0.176,0.088,0.088,0.527,0.264,0.088,0.439,0.264,0.176,0.527,0.088,0.964,0.264,0.439,0.088,0.439,0.088,0.088,0.176,0.088,0.088,0.527,0.264,0.013,4.8,12.00,34.0
21.1474,329,2,move,6,21.1474,21.1582,0,0.088,0.439,0.264,0.176,0.527,0.088,-0.352,0.264,0.439,0.088,0.439,0.088,0.088,0.176,0.088,0.088,0.527,0.264,0.088,0.439,0.264,0.176,0.527,0.088,1.541,0.264,0.439,0.088,0.439,0.088,0.088,0.176,0.088,0.088,0.527,0.264,0.006,8.0,12.00,34.0
21.1872,330,2,move,6,21.1872,21.2052,0,0.088,0.439,0.264,0.176,0.527,0.088,0.439,0.264,0.439,0.088,0.439,0.088,0.088,0.176,0.088,0.088,0.527,0.264,0.088,0.439,0.264,0.176,0.527,0.088,1.902,0.264,0.439,0.088,0.439,0.088,0.088,0.176,0.088,0.088,0.527,0.264,0.006,8.0,12.00,34.0
21.2272,331,2,move,6,21.2272,21.2352,0,0.088,0.439,0.264,0.176,0.527,0.088,0.879,0.264,0.439,0.088,0.439,0.088,0.088,0.176,0.088,0.088,0.527,0.264,0.088,0.439,0.264,0.176,0.527,0.088,1.996,0.264,0.439,0.088,0.439,0.088,0.088,0.176,0.088,0.088,0.527,0.264,0.006,8.0,12.00,34.0
21.2674,332,2,move,6,21.2674,21.2761,0,0.088,0.439,0.264,0.176,0.527,0.088,1.406,0.264,0.439,0.088,0.439,0.088,0.088,0.176,0.088,0.088,0.527,0.264,0.088,0.439,0.264,0.176,0.527,0.088,1.810,0.264,0.439,0.088,0.439,0.088,0.088,0.176,0.088,0.088,0.527,0.264,0.006,4.8,12.00,34.0
21.3071,333,2,move,6,21.3071,21.3157,0,0.088,0.439,0.264,0.176,0.527,0.088,1.670,0.264,0.439,0.088,0.439,0.088,0.088,0.176,0.088,0.088,0.527,0.264,0.088,0.439,0.264,0.176,0.527,0.088,1.369,0.264,0.439,0.088,0.439,0.088,0.088,0.176,0.088,0.088,0.527,0.264,0.006,4.8,12.00,34.0
21.3474,334,2,move,6,21.3474,21.3561,0,0.088,0.439,0.264,0.176,0.527,0.088,1.670,0.264,0.439,0.088,0.439,0.088,0.088,0.176,0.088,0.088,0.527,0.264,0.088,0.439,0.264,0.176,0.527,0.088,0.736,0.264,0.439,0.088,0.439,0.088,0.088,0.176,0.088,0.088,0.527,0.264,0.006,4.8,12.00,34.0
21.3872,335,2,move,6,21.3872,21.3956,0,0.088,0.439,0.264,0.176,0.527,0.088,1.670,0.264,0.439,0.088,0.439,0.088,0.088,0.176,0.088,0.088,0.527,0.264,0.088,0.439,0.264,0.176,0.527,0.088,0.000,0.264,0.439,0.088,0.439,0.088,0.088,0.176,0.088,0.088,0.527,0.264,0.013,8.4,12.00,34.0
21.4274,336,2,move,6,21.4274,21.4358,0,0.088,0.439,0.264,0.176,0.527,0.088,1.494,0.264,0.439,0.088,0.439,0.088,0.088,0.176,0.088,0.088,0.527,0.264,0.088,0.439,0.264,0.176,0.527,0.088,-0.736,0.264,0.439,0.088,0.439,0.088,0.088,0.176,0.088,0.088,0.527,0.264,0.013,8.4,12.00,34.0
21.4674,337,2,move,6,21.4674,21.4760,0,0.088,0.439,0.264,0.176,0.527,0.088,0.527,0.264,0.439,0.088,0.439,0.088,0.088,0.176,0.088,0.088,0.527,0.264,0.088,0.439,0.264,0.176,0.527,0.088,-1.369,0.264,0.439,0.088,0.439,0.088,0.088,0.176,0.088,0.088,0.527,0.264,0.013,8.4,12.00,34.0
21.5072,338,2,move,6,21.5072,21.5158,0,0.088,0.439,0.264,0.176,0.527,0.088,-0.088,0.264,0.439,0.088,0.439,0.088,0.088,0.176,0.088,0.088,0.527,0.264,0.088,0.439,0.264,0.176,0.527,0.088,-1.810,0.264,0.439,0.088,0.439,0.088,0.088,0.176,0.088,0.088,0.527,0.264,0.013,7.6,12.00,34.0
21.5474,339,2,move,6,21.5474,21.5560,0,0.088,0.439,0.264,0.176,0.527,0.088,-0.703,0.264,0.439,0.088,0.439,0.088,0.088,0.176,0.088,0.088,0.527,0.264,0.088,0.439,0.264,0.176,0.527,0.088,-1.996,0.264,0.439,0.088,0.439,0.088,0.088,0.176,0.088,0.088,0.527,0.264,0.013,7.6,12.00,34.0
21.5874,340,2,move,6,21.5874,21.5956,0,0.088,0.439,0.264,0.176,0.527,0.088,-1.318,0.264,0.439,0.088,0.439,0.088,0.088,0.176,0.088,0.088,0.527,0.264,0.088,0.439,0.264,0.176,0.527,0.088,-1.902,0.264,0.439,0.088,0.439,0.088,0.088,0.176,0.088,0.088,0.527,0.264,0.013,7.6,12.00,34.0
21.6274,341,2,move,6,21.6274,21.6361,0,0.088,0.439,0.264,0.176,0.527,0.088,-1.670,0.264,0.439,0.088,0.439,0.088,0.088,0.176,0.088,0.088,0.527,0.264,0.088,0.439,0.264,0.176,0.527,0.088,-1.541,0.264,0.439,0.088,0.439,0.088,0.088,0.176,0.088,0.088,0.527,0.264,0.000,2.0,12.00,34.0
21.6672,342,2,move,6,21.6672,21.6759,0,0.088,0.439,0.264,0.176,0.527,0.088,-1.670,0.264,0.439,0.088,0.439,0.088,0.088,0.176,0.088,0.088,0.527,0.264,0.088,0.439,0.264,0.176,0.527,0.088,-0.964,0.264,0.439,0.088,0.439,0.088,0.088,0.176,0.088,0.088,0.527,0.264,0.000,2.0,12.00,34.0
21.7091,343,2,move,6,21.7091,21.7182,0,0.088,0.439,0.264,0.176,0.527,0.088,-1.670,0.264,0.439,0.088,0.439,0.088,0.088,0.176,0.088,0.088,0.527,0.264,0.088,0.439,0.264,0.176,0.527,0.088,-0.251,0.264,0.439,0.088,0.439,0.088,0.088,0.176,0.088,0.088,0.527,0.264,0.000,2.0,12.00,34.0
21.7472,344,2,move,6,21.7472,21.7552,0,0.088,0.439,0.264,0.176,0.527,0.088,-1.670,0.264,0.439,0.088,0.439,0.088,0.088,0.176,0.088,0.088,0.527,0.264,0.088,0.439,0.264,0.176,0.527,0.088,0.497,0.264,0.439,0.088,0.439,0.088,0.088,0.176,0.088,0.088,0.527,0.264,0.019,11.2,12.00,34.0
21.7871,345,2,move,6,21.7871,21.7955,0,0.088,0.439,0.264,0.176,0.527,0.088,-1.055,0.264,0.439,0.088,0.439,0.088,0.088,0.176,0.088,0.088,0.527,0.264,0.088,0.439,0.264,0.176,0.527,0.088,1.176,0.264,0.439,0.088,0.439,0.088,0.088,0.176,0.088,0.088,0.527,0.264,0.019,11.2,12.00,34.0
21.8274,346,2,move,6,21.8274,21.8359,0,0.088,0.439,0.264,0.176,0.527,0.088,-0.176,0.264,0.439,0.088,0.439,0.088,0.088,0.176,0.088,0.088,0.527,0.264,0.088,0.439,0.264,0.176,0.527,0.088,1.689,0.264,0.439,0.088,0.439,0.088,0.088,0.176,0.088,0.088,0.527,0.264,0.019,11.2,12.00,34.0
21.8672,347,2,move,6,21.8672,21.8758,0,0.088,0.439,0.264,0.176,0.527,0.088,0.439,0.264,0.439,0.088,0.439,0.088,0.088,0.176,0.088,0.088,0.527,0.264,0.088,0.439,0.264,0.176,0.527,0.088,1.965,0.264,0.439,0.088,0.439,0.088,0.088,0.176,0.088,0.088,0.527,0.264,0.006,6.8,12.00,34.0
21.9072,348,2,move,6,21.9072,21.9156,0,0.088,0.439,0.264,0.176,0.527,0.088,1.055,0.264,0.439,0.088,0.439,0.088,0.088,0.176,0.088,0.088,0.527,0.264,0.088,0.439,0.264,0.176,0.527,0.088,1.965,0.264,0.439,0.088,0.439,0.088,0.088,0.176,0.088,0.088,0.527,0.264,0.006,6.8,12.00,34.0
21.9472,349,2,move,6,21.9472,21.9557,0,0.088,0.439,0.264,0.176,0.527,0.088,1.494,0.264,0.439,0.088,0.439,0.088,0.088,0.176,0.088,0.088,0.527,0.264,0.088,0.439,0.264,0.176,0.527,0.088,1.689,0.264,0.439,0.088,0.439,0.088,0.088,0.176,0.088,0.088,0.527,0.264,0.006,6.8,12.00,34.0
21.9872,350,2,move,6,21.9872,21.9955,0,0.088,0.439,0.264,0.176,0.527,0.088,1.582,0.264,0.439,0.088,0.439,0.088,0.088,0.176,0.088,0.088,0.527,0.264,0.088,0.439,0.264,0.176,0.527,0.088,1.176,0.264,0.439,0.088,0.439,0.088,0.088,0.176,0.088,0.088,0.527,0.264,0.000,2.0,12.00,34.0
22.0272,351,2,move,6,22.0272,22.0352,0,0.088,0.439,0.264,0.176,0.527,0.088,1.582,0.264,0.439,0.088,0.439,0.088,0.088,0.176,0.088,0.088,0.527,0.264,0.088,0.439,0.264,0.176,0.527,0.088,0.497,0.264,0.439,0.088,0.439,0.088,0.088,0.176,0.088,0.088,0.527,0.264,0.000,2.0,12.00,34.0
22.0672,352,2,move,6,22.0672,22.0757,0,0.088,0.439,0.264,0.176,0.527,0.088,1.582,0.264,0.439,0.088,0.439,0.088,0.088,0.176,0.088,0.088,0.527,0.264,0.088,0.439,0.264,0.176,0.527,0.088,-0.251,0.264,0.439,0.088,0.439,0.088,0.088,0.176,0.088,0.088,0.527,0.264,0.000,2.0,12.00,34.0
22.1074,353,2,move,6,22.1074,22.1425,0,0.088,0.439,0.264,0.176,0.527,0.088,0.527,0.264,0.439,0.088,0.439,0.088,0.088,0.176,0.088,0.088,0.527,0.264,0.088,0.439,0.264,0.176,0.527,0.088,-0.964,0.264,0.439,0.088,0.439,0.088,0.088,0.176,0.088,0.088,0.527,0.264,0.000,5.6,12.00,34.0
22.1532,354,2,move,6,22.1532,22.1606,0,0.088,0.439,0.264,0.176,0.527,0.088,0.264,0.264,0.439,0.088,0.439,0.088,0.088,0.176,0.088,0.088,0.527,0.264,0.088,0.439,0.264,0.176,0.527,0.088,-1.541,0.264,0.439,0.088,0.439,0.088,0.088,0.176,0.088,0.088,0.527,0.264,0.000,5.6,12.00,34.0
22.1872,355,2,move,6,22.1872,22.1952,0,0.088,0.439,0.264,0.176,0.527,0.088,-0.176,0.264,0.439,0.088,0.439,0.088,0.088,0.176,0.088,0.088,0.527,0.264,0.088,0.439,0.264,0.176,0.527,0.088,-1.902,0.264,0.439,0.088,0.439,0.088,0.088,0.176,0.088,0.088,0.527,0.264,0.000,5.6,12.00,34.0
22.2274,356,2,move,6,22.2274,22.2356,0,0.088,0.439,0.264,0.176,0.527,0.088,-0.791,0.264,0.439,0.088,0.439,0.088,0.088,0.176,0.088,0.088,0.527,0.264,0.088,0.439,0.264,0.176,0.527,0.088,-1.996,0.264,0.439,0.088,0.439,0.088,0.088,0.176,0.088,0.088,0.527,0.264,0.000,5.6,12.00,34.0
22.2674,357,2,move,6,22.2674,22.2756,0,0.088,0.439,0.264,0.176,0.527,0.088,-1.406,0.264,0.439,0.088,0.439,0.088,0.088,0.176,0.088,0.088,0.527,0.264,0.088,0.439,0.264,0.176,0.527,0.088,-1.810,0.264,0.439,0.088,0.439,0.088,0.088,0.176,0.088,0.088,0.527,0.264,0.006,5.2,12.00,34.0
22.3072,358,2,move,6,22.3072,22.3153,0,0.088,0.439,0.264,0.176,0.527,0.088,-1.670,0.264,0.439,0.088,0.439,0.088,0.088,0.176,0.088,0.088,0.527,0.264,0.088,0.439,0.264,0.176,0.527,0.088,-1.369,0.264,0.439,0.088,0.439,0.088,0.088,0.176,0.088,0.088,0.527,0.264,0.006,5.2,12.00,34.0
22.3472,359,2,move,6,22.3472,22.3554,0,0.088,0.439,0.264,0.176,0.527,0.088,-1.670,0.264,0.439,0.088,0.439,0.088,0.088,0.176,0.088,0.088,0.527,0.264,0.088,0.439,0.264,0.176,0.527,0.088,-0.736,0.264,0.439,0.088,0.439,0.088,0.088,0.176,0.088,0.088,0.527,0.264,0.006,5.2,12.00,34.0
22.3872,360,2,move,6,22.3872,22.3952,0,0.088,0.439,0.264,0.176,0.527,0.088,-1.670,0.264,0.439,0.088,0.439,0.088,0.088,0.176,0.088,0.088,0.527,0.264,0.088,0.439,0.264,0.176,0.527,0.088,-0.000,0.264,0.439,0.088,0.439,0.088,0.088,0.176,0.088,0.088,0.527,0.264,0.013,7.6,12.00,34.0
22.4272,361,2,move,6,22.4272,22.4352,0,0.088,0.439,0.264,0.176,0.527,0.088,-1.670,0.264,0.439,0.088,0.439,0.088,0.088,0.176,0.088,0.088,0.527,0.264,0.088,0.439,0.264,0.176,0.527,0.088,0.736,0.264,0.439,0.088,0.439,0.088,0.088,0.176,0.088,0.088,0.527,0.264,0.013,7.6,12.00,34.0
22.4672,362,2,move,6,22.4672,22.4752,0,0.088,0.439,0.264,0.176,0.527,0.088,-0.703,0.264,0.439,0.088,0.439,0.088,0.088,0.176,0.088,0.088,0.527,0.264,0.088,0.439,0.264,0.176,0.527,0.088,1.369,0.264,0.439,0.088,0.439,0.088,0.088,0.176,0.088,0.088,0.527,0.264,0.013,7.6,12.00,34.0
22.5072,363,2,move,6,22.5072,22.5153,0,0.088,0.439,0.264,0.176,0.527,0.088,0.000,0.264,0.439,0.088,0.439,0.088,0.088,0.176,0.088,0.088,0.527,0.264,0.088,0.439,0.264,0.176,0.527,0.088,1.810,0.264,0.439,0.088,0.439,0.088,0.088,0.176,0.088,0.088,0.527,0.264,0.006,8.0,12.00,34.0
22.5472,364,2,move,6,22.5472,22.5552,0,0.088,0.439,0.264,0.176,0.527,0.088,0.615,0.264,0.439,0.088,0.439,0.088,0.088,0.176,0.088,0.088,0.527,0.264,0.088,0.439,0.264,0.176,0.527,0.088,1.996,0.264,0.439,0.088,0.439,0.088,0.088,0.176,0.088,0.088,0.527,0.264,0.006,8.0,12.00,34.0
22.5872,365,2,move,6,22.5872,22.5952,0,0.088,0.439,0.264,0.176,0.527,0.088,1.318,0.264,0.439,0.088,0.439,0.088,0.088,0.176,0.088,0.088,0.527,0.264,0.088,0.439,0.264,0.176,0.527,0.088,1.902,0.264,0.439,0.088,0.439,0.088,0.088,0.176,0.088,0.088,0.527,0.264,0.006,8.0,12.00,34.0
22.6272,366,2,move,6,22.6272,22.6350,0,0.088,0.439,0.264,0.176,0.527,0.088,1.670,0.264,0.439,0.088,0.439,0.088,0.088,0.176,0.088,0.088,0.527,0.264,0.088,0.439,0.264,0.176,0.527,0.088,1.541,0.264,0.439,0.088,0.439,0.088,0.088,0.176,0.088,0.088,0.527,0.264,0.000,0.0,12.00,34.0
22.6672,367,2,move,6,22.6672,22.6751,0,0.088,0.439,0.264,0.176,0.527,0.088,1.758,0.264,0.439,0.088,0.439,0.088,0.088,0.176,0.088,0.088,0.527,0.264,0.088,0.439,0.264,0.176,0.527,0.088,0.964,0.264,0.439,0.088,0.439,0.088,0.088,0.176,0.088,0.088,0.527,0.264,0.000,0.0,12.00,34.0
22.7072,368,2,move,6,22.7072,22.7152,0,0.088,0.439,0.264,0.176,0.527,0.088,1.758,0.264,0.439,0.088,0.439,0.088,0.088,0.176,0.088,0.088,0.527,0.264,0.088,0.439,0.264,0.176,0.527,0.088,0.251,0.264,0.439,0.088,0.439,0.088,0.088,0.176,0.088,0.088,0.527,0.264,0.000,0.0,12.00,34.0
22.7472,369,2,move,6,22.7472,22.7548,0,0.088,0.439,0.264,0.176,0.527,0.088,1.758,0.264,0.439,0.088,0.439,0.088,0.088,0.176,0.088,0.088,0.527,0.264,0.088,0.439,0.264,0.176,0.527,0.088,-0.497,0.264,0.439,0.088,0.439,0.088,0.088,0.176,0.088,0.088,0.527,0.264,0.019,11.6,12.00,34.0
22.7874,370,2,move,6,22.7874,22.7954,0,0.088,0.439,0.264,0.176,0.527,0.088,0.879,0.264,0.439,0.088,0.439,0.088,0.088,0.176,0.088,0.088,0.527,0.264,0.088,0.439,0.264,0.176,0.527,0.088,-1.176,0.264,0.439,0.088,0.439,0.088,0.088,0.176,0.088,0.088,0.527,0.264,0.019,11.6,12.00,34.0
22.8274,371,2,move,6,22.8274,22.8359,0,0.088,0.439,0.264,0.176,0.527,0.088,0.088,0.264,0.439,0.088,0.439,0.088,0.088,0.176,0.088,0.088,0.527,0.264,0.088,0.439,0.264,0.176,0.527,0.088,-1.689,0.264,0.439,0.088,0.439,0.088,0.088,0.176,0.088,0.088,0.527,0.264,0.019,11.6,12.00,34.0
22.8674,372,2,move,6,22.8674,22.8759,0,0.088,0.439,0.264,0.176,0.527,0.088,-0.527,0.264,0.439,0.088,0.439,0.088,0.088,0.176,0.088,0.088,0.527,0.264,0.088,0.439,0.264,0.176,0.527,0.088,-1.965,0.264,0.439,0.088,0.439,0.088,0.088,0.176,0.088,0.088,0.527,0.264,0.013,7.6,12.00,33.0
22.9074,373,2,move,6,22.9074,22.9160,0,0.088,0.439,0.264,0.176,0.527,0.088,-1.143,0.264,0.439,0.088,0.439,0.088,0.088,0.176,0.088,0.088,0.527,0.264,0.088,0.439,0.264,0.176,0.527,0.088,-1.965,0.264,0.439,0.088,0.439,0.088,0.088,0.176,0.088,0.088,0.527,0.264,0.013,7.6,12.00,33.0
22.9474,374,2,move,6,22.9474,22.9561,0,0.088,0.439,0.264,0.176,0.527,0.088,-1.582,0.264,0.439,0.088,0.439,0.088,0.088,0.176,0.088,0.088,0.527,0.264,0.088,0.439,0.264,0.176,0.527,0.088,-1.689,0.264,0.439,0.088,0.439,0.088,0.088,0.176,0.088,0.088,0.527,0.264,0.013,7.6,12.00,33.0
22.9874,375,2,move,6,22.9874,22.9958,0,0.088,0.439,0.264,0.176,0.527,0.088,-1.670,0.264,0.439,0.088,0.439,0.088,0.088,0.176,0.088,0.088,0.527,0.264,0.088,0.439,0.264,0.176,0.527,0.088,-1.176,0.264,0.439,0.088,0.439,0.088,0.088,0.176,0.088,0.088,0.527,0.264,0.000,2.4,12.00,34.0
23.0274,376,2,move,6,23.0274,23.0358,0,0.088,0.439,0.264,0.176,0.527,0.088,-1.670,0.264,0.439,0.088,0.439,0.088,0.088,0.176,0.088,0.088,0.527,0.264,0.088,0.439,0.264,0.176,0.527,0.088,-0.497,0.264,0.439,0.088,0.439,0.088,0.088,0.176,0.088,0.088,0.527,0.264,0.000,2.4,12.00,34.0
23.0674,377,2,rest,6,23.0674,23.0757,0,0.088,0.439,0.264,0.176,0.527,0.088,-1.670,0.264,0.439,0.088,0.439,0.088,0.088,0.176,0.088,0.088,0.527,0.264,0.088,0.439,0.264,0.176,0.527,0.088,0.000,0.264,0.439,0.088,0.439,0.088,0.088,0.176,0.088,0.088,0.527,0.264,0.000,2.4,12.00,34.0
23.1074,378,2,rest,6,23.1074,23.1152,0,0.088,0.439,0.264,0.176,0.527,0.088,-1.230,0.264,0.439,0.088,0.439,0.088,0.088,0.176,0.088,0.088,0.527,0.264,0.088,0.439,0.264,0.176,0.527,0.088,0.000,0.264,0.439,0.088,0.439,0.088,0.088,0.176,0.088,0.088,0.527,0.264,0.013,8.4,12.00,33.0
23.1472,379,2,rest,6,23.1472,23.1557,0,0.088,0.439,0.264,0.176,0.527,0.088,-0.527,0.264,0.439,0.088,0.439,0.088,0.088,0.176,0.088,0.088,0.527,0.264,0.088,0.439,0.264,0.176,0.527,0.088,0.000,0.264,0.439,0.088,0.439,0.088,0.088,0.176,0.088,0.088,0.527,0.264,0.013,8.4,12.00,33.0
23.1872,380,2,rest,6,23.1872,23.1954,0,0.088,0.439,0.264,0.176,0.527,0.088,-0.264,0.264,0.439,0.088,0.439,0.088,0.088,0.176,0.088,0.088,0.527,0.264,0.088,0.439,0.264,0.176,0.527,0.088,0.000,0.264,0.439,0.088,0.439,0.088,0.088,0.176,0.088,0.088,0.527,0.264,0.013,8.4,12.00,33.0
23.2274,381,2,rest,6,23.2274,23.2357,0,0.088,0.439,0.264,0.176,0.527,0.088,-0.176,0.264,0.439,0.088,0.439,0.088,0.088,0.176,0.088,0.088,0.527,0.264,0.088,0.439,0.264,0.176,0.527,0.088,0.000,0.264,0.439,0.088,0.439,0.088,0.088,0.176,0.088,0.088,0.527,0.264,0.000,2.0,12.00,34.0
23.2674,382,2,rest,6,23.2674,23.2756,0,0.088,0.439,0.264,0.176,0.527,0.088,-0.176,0.264,0.439,0.088,0.439,0.088,0.088,0.176,0.088,0.088,0.527,0.264,0.088,0.439,0.264,0.176,0.527,0.088,0.000,0.264,0.439,0.088,0.439,0.088,0.088,0.176,0.088,0.088,0.527,0.264,0.000,2.0,12.00,34.0
23.3074,383,2,rest,6,23.3074,23.3156,0,0.088,0.439,0.264,0.176,0.527,0.088,-0.176,0.264,0.439,0.088,0.439,0.088,0.088,0.176,0.088,0.088,0.527,0.264,0.088,0.439,0.264,0.176,0.527,0.088,0.000,0.264,0.439,0.088,0.439,0.088,0.088,0.176,0.088,0.088,0.527,0.264,0.000,2.0,12.00,34.0
23.3474,384,2,rest,6,23.3474,23.3555,0,0.088,0.439,0.264,0.176,0.527,0.088,-0.176,0.264,0.439,0.088,0.439,0.088,0.088,0.176,0.088,0.088,0.527,0.264,0.088,0.439,0.264,0.176,0.527,0.088,0.000,0.264,0.439,0.088,0.439,0.088,0.088,0.176,0.088,0.088,0.527,0.264,0.000,2.4,12.00,34.0
23.3874,385,2,rest,6,23.3874,23.3954,0,0.088,0.439,0.264,0.176,0.527,0.088,-0.176,0.264,0.439,0.088,0.439,0.088,0.088,0.176,0.088,0.088,0.527,0.264,0.088,0.439,0.264,0.176,0.527,0.088,0.000,0.264,0.439,0.088,0.439,0.088,0.088,0.176,0.088,0.088,0.527,0.264,0.000,2.4,12.00,34.0
23.4274,386,2,rest,6,23.4274,23.4354,0,0.088,0.439,0.264,0.176,0.527,0.088,-0.176,0.264,0.439,0.088,0.439,0.088,0.088,0.176,0.088,0.088,0.527,0.264,0.088,0.439,0.264,0.176,0.527,0.088,0.000,0.264,0.439,0.088,0.439,0.088,0.088,0.176,0.088,0.088,0.527,0.264,0.000,2.4,12.00,34.0
23.4674,387,2,rest,6,23.4674,23.4755,0,0.088,0.439,0.264,0.176,0.527,0.088,-0.176,0.264,0.439,0.088,0.439,0.088,0.088,0.176,0.088,0.088,0.527,0.264,0.088,0.439,0.264,0.176,0.527,0.088,0.000,0.264,0.439,0.088,0.439,0.088,0.088,0.176,0.088,0.088,0.527,0.264,0.006,2.4,12.00,34.0
23.5072,388,2,rest,6,23.5072,23.5152,0,0.088,0.439,0.264,0.176,0.527,0.088,-0.176,0.264,0.439,0.088,0.439,0.088,0.088,0.176,0.088,0.088,0.527,0.264,0.088,0.439,0.264,0.176,0.527,0.088,0.000,0.264,0.439,0.088,0.439,0.088,0.088,0.176,0.088,0.088,0.527,0.264,0.006,2.4,12.00,34.0
23.5474,389,2,rest,6,23.5474,23.5554,0,0.088,0.439,0.264,0.176,0.527,0.088,-0.176,0.264,0.439,0.088,0.439,0.088,0.088,0.176,0.088,0.088,0.527,0.264,0.088,0.439,0.264,0.176,0.527,0.088,0.000,0.264,0.439,0.088,0.439,0.088,0.088,0.176,0.088,0.088,0.527,0.264,0.006,2.4,12.00,34.0
23.5874,390,2,rest,6,23.5874,23.5950,0,0.088,0.439,0.264,0.176,0.527,0.088,-0.176,0.264,0.439,0.088,0.439,0.088,0.088,0.176,0.088,0.088,0.527,0.264,0.088,0.439,0.264,0.176,0.527,0.088,0.000,0.264,0.439,0.088,0.439,0.088,0.088,0.176,0.088,0.088,0.527,0.264,0.000,2.4,12.00,34.0
23.6274,391,2,rest,6,23.6274,23.6354,0,0.088,0.439,0.264,0.176,0.527,0.088,-0.176,0.264,0.439,0.088,0.439,0.088,0.088,0.176,0.088,0.088,0.527,0.264,0.088,0.439,0.264,0.176,0.527,0.088,0.000,0.264,0.439,0.088,0.439,0.088,0.088,0.176,0.088,0.088,0.527,0.264,0.000,2.4,12.00,34.0
23.6674,392,2,rest,6,23.6674,23.6755,0,0.088,0.439,0.264,0.176,0.527,0.088,-0.176,0.264,0.439,0.088,0.439,0.088,0.088,0.176,0.088,0.088,0.527,0.264,0.088,0.439,0.264,0.176,0.527,0.088,0.000,0.264,0.439,0.088,0.439,0.088,0.088,0.176,0.088,0.088,0.527,0.264,0.000,2.4,12.00,34.0
23.7074,393,2,rest,6,23.7074,23.7154,0,0.088,0.439,0.264,0.176,0.527,0.088,-0.176,0.264,0.439,0.088,0.439,0.088,0.088,0.176,0.088,0.088,0.527,0.264,0.088,0.439,0.264,0.176,0.527,0.088,0.000,0.264,0.439,0.088,0.439,0.088,0.088,0.176,0.088,0.088,0.527,0.264,0.006,2.4,12.00,34.0
23.7474,394,2,rest,6,23.7474,23.7555,0,0.088,0.439,0.264,0.176,0.527,0.088,-0.176,0.264,0.439,0.088,0.439,0.088,0.088,0.176,0.088,0.088,0.527,0.264,0.088,0.439,0.264,0.176,0.527,0.088,0.000,0.264,0.439,0.088,0.439,0.088,0.088,0.176,0.088,0.088,0.527,0.264,0.006,2.4,12.00,34.0
23.7872,395,2,rest,6,23.7872,23.7953,0,0.088,0.439,0.264,0.176,0.527,0.088,-0.176,0.264,0.439,0.088,0.439,0.088,0.088,0.176,0.088,0.088,0.527,0.264,0.088,0.439,0.264,0.176,0.527,0.088,0.000,0.264,0.439,0.088,0.439,0.088,0.088,0.176,0.088,0.088,0.527,0.264,0.006,2.4,12.00,34.0
23.8274,396,2,rest,6,23.8274,23.8354,0,0.088,0.439,0.264,0.176,0.527,0.088,-0.176,0.264,0.439,0.088,0.439,0.088,0.088,0.176,0.088,0.088,0.527,0.264,0.088,0.439,0.264,0.176,0.527,0.088,0.000,0.264,0.439,0.088,0.439,0.088,0.088,0.176,0.088,0.088,0.527,0.264,0.000,2.4,12.00,34.0
23.8724,397,3,pre,6,23.8724,23.8802,0,0.088,0.439,0.264,0.176,0.527,0.088,-0.176,0.264,0.439,0.088,0.439,0.088,0.088,0.176,0.088,0.088,0.527,0.264,0.088,0.439,0.264,0.176,0.527,0.088,-0.176,0.264,0.439,0.088,0.439,0.088,0.088,0.176,0.088,0.088,0.527,0.264,0.000,2.4,12.00,34.0
23.9072,398,3,pre,6,23.9072,23.9152,0,0.088,0.439,0.264,0.176,0.527,0.088,-0.176,0.264,0.439,0.088,0.439,0.088,0.088,0.176,0.088,0.088,0.527,0.264,0.088,0.439,0.264,0.176,0.527,0.088,-0.176,0.264,0.439,0.088,0.439,0.088,0.088,0.176,0.088,0.088,0.527,0.264,0.000,2.4,12.00,34.0
23.9471,399,3,pre,6,23.9471,24.0432,0,0.088,0.439,0.264,0.176,0.527,0.088,-0.176,0.264,0.439,0.088,0.439,0.088,0.088,0.176,0.088,0.088,0.527,0.264,0.088,0.439,0.264,0.176,0.527,0.088,-0.176,0.264,0.439,0.088,0.439,0.088,0.088,0.176,0.088,0.088,0.527,0.264,0.000,0.0,12.00,33.0
24.0541,400,3,pre,6,24.0541,24.0619,1,0.088,0.439,0.264,0.176,0.527,0.088,-0.176,0.264,0.439,0.088,0.439,0.088,0.088,0.176,0.088,0.088,0.527,0.264,0.088,0.439,0.264,0.176,0.527,0.088,-0.176,0.264,0.439,0.088,0.439,0.088,0.088,0.176,0.088,0.088,0.527,0.264,0.000,0.0,12.00,33.0
24.0626,401,3,pre,6,24.0626,24.0704,1,0.088,0.439,0.264,0.176,0.527,0.088,-0.176,0.264,0.439,0.088,0.439,0.088,0.088,0.176,0.088,0.088,0.527,0.264,0.088,0.439,0.264,0.176,0.527,0.088,-0.176,0.264,0.439,0.088,0.439,0.088,0.088,0.176,0.088,0.088,0.527,0.264,0.000,0.0,12.00,33.0
24.0711,402,3,pre,6,24.0711,24.0786,0,0.088,0.439,0.264,0.176,0.527,0.088,-0.176,0.264,0.439,0.088,0.439,0.088,0.088,0.176,0.088,0.088,0.527,0.264,0.088,0.439,0.264,0.176,0.527,0.088,-0.176,0.264,0.439,0.088,0.439,0.088,0.088,0.176,0.088,0.088,0.527,0.264,0.000,0.0,12.00,33.0
24.1072,403,3,pre,6,24.1072,24.1152,0,0.088,0.439,0.264,0.176,0.527,0.088,-0.176,0.264,0.439,0.088,0.439,0.088,0.088,0.176,0.088,0.088,0.527,0.264,0.088,0.439,0.264,0.176,0.527,0.088,-0.176,0.264,0.439,0.088,0.439,0.088,0.088,0.176,0.088,0.088,0.527,0.264,0.000,0.0,12.00,33.0
24.1472,404,3,pre,6,24.1472,24.1554,0,0.088,0.439,0.264,0.176,0.527,0.088,-0.176,0.264,0.439,0.088,0.439,0.088,0.088,0.176,0.088,0.088,0.527,0.264,0.088,0.439,0.264,0.176,0.527,0.088,-0.176,0.264,0.439,0.088,0.439,0.088,0.088,0.176,0.088,0.088,0.527,0.264,0.000,0.0,12.00,33.0
24.1872,405,3,pre,6,24.1872,24.1952,0,0.088,0.439,0.264,0.176,0.527,0.088,-0.176,0.264,0.439,0.088,0.439,0.088,0.088,0.176,0.088,0.088,0.527,0.264,0.088,0.439,0.264,0.176,0.527,0.088,-0.176,0.264,0.439,0.088,0.439,0.088,0.088,0.176,0.088,0.088,0.527,0.264,0.000,0.0,12.00,33.0
24.2272,406,3,pre,6,24.2272,24.2354,0,0.088,0.439,0.264,0.176,0.527,0.088,-0.176,0.264,0.439,0.088,0.439,0.088,0.088,0.176,0.088,0.088,0.527,0.264,0.088,0.439,0.264,0.176,0.527,0.088,-0.176,0.264,0.439,0.088,0.439,0.088,0.088,0.176,0.088,0.088,0.527,0.264,0.000,0.0,12.00,33.0
24.2671,407,3,pre,6,24.2671,24.2752,0,0.088,0.439,0.264,0.176,0.527,0.088,-0.176,0.264,0.439,0.088,0.439,0.088,0.088,0.176,0.088,0.088,0.527,0.264,0.088,0.439,0.264,0.176,0.527,0.088,-0.176,0.264,0.439,0.088,0.439,0.088,0.088,0.176,0.088,0.088,0.527,0.264,0.000,0.0,12.00,34.0
24.3072,408,3,pre,6,24.3072,24.3152,0,0.088,0.439,0.264,0.176,0.527,0.088,-0.176,0.264,0.439,0.088,0.439,0.088,0.088,0.176,0.088,0.088,0.527,0.264,0.088,0.439,0.264,0.176,0.527,0.088,-0.176,0.264,0.439,0.088,0.439,0.088,0.088,0.176,0.088,0.088,0.527,0.264,0.000,0.0,12.00,34.0
24.3471,409,3,pre,6,24.3471,24.3552,0,0.088,0.439,0.264,0.176,0.527,0.088,-0.176,0.264,0.439,0.088,0.439,0.088,0.088,0.176,0.088,0.088,0.527,0.264,0.088,0.439,0.264,0.176,0.527,0.088,-0.176,0.264,0.439,0.088,0.439,0.088,0.088,0.176,0.088,0.088,0.527,0.264,0.000,0.0,12.00,34.0
24.3871,410,3,pre,6,24.3871,24.3951,0,0.088,0.439,0.264,0.176,0.527,0.088,-0.176,0.264,0.439,0.088,0.439,0.088,0.088,0.176,0.088,0.088,0.527,0.264,0.088,0.439,0.264,0.176,0.527,0.088,-0.176,0.264,0.439,0.088,0.439,0.088,0.088,0.176,0.088,0.088,0.527,0.264,0.000,0.0,12.00,33.0
24.4272,411,3,pre,6,24.4272,24.4354,0,0.088,0.439,0.264,0.176,0.527,0.088,-0.176,0.264,0.439,0.088,0.439,0.088,0.088,0.176,0.088,0.088,0.527,0.264,0.088,0.439,0.264,0.176,0.527,0.088,-0.176,0.264,0.439,0.088,0.439,0.088,0.088,0.176,0.088,0.088,0.527,0.264,0.000,0.0,12.00,33.0
24.4674,412,3,move,6,24.4674,24.4761,0,0.088,0.439,0.264,0.176,0.527,0.088,-0.176,0.264,0.439,0.088,0.439,0.088,0.088,0.176,0.088,0.088,0.527,0.264,0.088,0.439,0.264,0.176,0.527,0.088,-0.176,0.264,0.439,0.088,0.439,0.088,0.088,0.176,0.088,0.088,0.527,0.264,0.000,0.0,12.00,33.0
24.5074,413,3,move,6,24.5074,24.5159,0,0.088,0.439,0.264,0.176,0.527,0.088,-0.176,0.264,0.439,0.088,0.439,0.088,0.088,0.176,0.088,0.088,0.527,0.264,0.088,0.439,0.264,0.176,0.527,0.088,0.788,0.264,0.439,0.088,0.439,0.088,0.088,0.176,0.088,0.088,0.527,0.264,0.000,0.0,12.00,34.0
24.5471,414,3,move,6,24.5471,24.5552,0,0.088,0.439,0.264,0.176,0.527,0.088,-0.176,0.264,0.439,0.088,0.439,0.088,0.088,0.176,0.088,0.088,0.527,0.264,0.088,0.439,0.264,0.176,0.527,0.088,1.513,0.264,0.439,0.088,0.439,0.088,0.088,0.176,0.088,0.088,0.527,0.264,0.000,0.0,12.00,34.0
24.5874,415,3,move,6,24.5874,24.5954,0,0.088,0.439,0.264,0.176,0.527,0.088,0.000,0.264,0.439,0.088,0.439,0.088,0.088,0.176,0.088,0.088,0.527,0.264,0.088,0.439,0.264,0.176,0.527,0.088,1.820,0.264,0.439,0.088,0.439,0.088,0.088,0.176,0.088,0.088,0.527,0.264,0.000,0.0,12.00,34.0
24.6272,416,3,move,6,24.6272,24.6352,0,0.088,0.439,0.264,0.176,0.527,0.088,0.703,0.264,0.439,0.088,0.439,0.088,0.088,0.176,0.088,0.088,0.527,0.264,0.088,0.439,0.264,0.176,0.527,0.088,1.634,0.264,0.439,0.088,0.439,0.088,0.088,0.176,0.088,0.088,0.527,0.264,0.000,6.0,12.00,34.0
24.6682,417,3,move,6,24.6682,24.6760,0,0.088,0.439,0.264,0.176,0.527,0.088,1.230,0.264,0.439,0.088,0.439,0.088,0.088,0.176,0.088,0.088,0.527,0.264,0.088,0.439,0.264,0.176,0.527,0.088,1.000,0.264,0.439,0.088,0.439,0.088,0.088,0.176,0.088,0.088,0.527,0.264,0.000,6.0,12.00,34.0
24.7072,418,3,move,6,24.7072,24.7155,0,0.088,0.439,0.264,0.176,0.527,0.088,1.494,0.264,0.439,0.088,0.439,0.088,0.088,0.176,0.088,0.088,0.527,0.264,0.088,0.439,0.264,0.176,0.527,0.088,0.075,0.264,0.439,0.088,0.439,0.088,0.088,0.176,0.088,0.088,0.527,0.264,0.000,6.0,12.00,34.0
24.7472,419,3,move,6,24.7472,24.7555,0,0.088,0.439,0.264,0.176,0.527,0.088,1.494,0.264,0.439,0.088,0.439,0.088,0.088,0.176,0.088,0.088,0.527,0.264,0.088,0.439,0.264,0.176,0.527,0.088,-0.912,0.264,0.439,0.088,0.439,0.088,0.088,0.176,0.088,0.088,0.527,0.264,0.006,7.6,12.00,33.0
24.7883,420,3,move,6,24.7883,24.7958,0,0.088,0.439,0.264,0.176,0.527,0.088,1.406,0.264,0.439,0.088,0.439,0.088,0.088,0.176,0.088,0.088,0.527,0.264,0.088,0.439,0.264,0.176,0.527,0.088,-1.717,0.264,0.439,0.088,0.439,0.088,0.088,0.176,0.088,0.088,0.527,0.264,0.006,7.6,12.00,33.0
24.8272,421,3,move,6,24.8272,24.8359,0,0.088,0.439,0.264,0.176,0.527,0.088,0.264,0.264,0.439,0.088,0.439,0.088,0.088,0.176,0.088,0.088,0.527,0.264,0.088,0.439,0.264,0.176,0.527,0.088,-2.140,0.264,0.439,0.088,0.439,0.088,0.088,0.176,0.088,0.088,0.527,0.264,0.006,7.6,12.00,33.0
24.8674,422,3,move,6,24.8674,24.8753,0,0.088,0.439,0.264,0.176,0.527,0.088,-0.615,0.264,0.439,0.088,0.439,0.088,0.088,0.176,0.088,0.088,0.527,0.264,0.088,0.439,0.264,0.176,0.527,0.088,-2.078,0.264,0.439,0.088,0.439,0.088,0.088,0.176,0.088,0.088,0.527,0.264,0.006,8.4,12.00,33.0
24.9074,423,3,move,6,24.9074,24.9156,0,0.088,0.439,0.264,0.176,0.527,0.088,-1.318,0.264,0.439,0.088,0.439,0.088,0.088,0.176,0.088,0.088,0.527,0.264,0.088,0.439,0.264,0.176,0.527,0.088,-1.545,0.264,0.439,0.088,0.439,0.088,0.088,0.176,0.088,0.088,0.527,0.264,0.006,8.4,12.00,33.0
24.9472,424,3,move,6,24.9472,24.9548,0,0.088,0.439,0.264,0.176,0.527,0.088,-1.670,0.264,0.439,0.088,0.439,0.088,0.088,0.176,0.088,0.088,0.527,0.264,0.088,0.439,0.264,0.176,0.527,0.088,-0.673,0.264,0.439,0.088,0.439,0.088,0.088,0.176,0.088,0.088,0.527,0.264,0.006,8.4,12.00,33.0
24.9872,425,3,move,6,24.9872,24.9952,0,0.088,0.439,0.264,0.176,0.527,0.088,-1.758,0.264,0.439,0.088,0.439,0.088,0.088,0.176,0.088,0.088,0.527,0.264,0.088,0.439,0.264,0.176,0.527,0.088,0.322,0.264,0.439,0.088,0.439,0.088,0.088,0.176,0.088,0.088,0.527,0.264,0.000,2.8,12.00,34.0
25.0272,426,3,move,6,25.0272,25.0354,0,0.088,0.439,0.264,0.176,0.527,0.088,-1.758,0.264,0.439,0.088,0.439,0.088,0.088,0.176,0.088,0.088,0.527,0.264,0.088,0.439,0.264,0.176,0.527,0.088,1.193,0.264,0.439,0.088,0.439,0.088,0.088,0.176,0.088,0.088,0.527,0.264,0.000,2.8,12.00,34.0
25.0674,427,3,move,6,25.0674,25.0757,0,0.088,0.439,0.264,0.176,0.527,0.088,-1.143,0.264,0.439,0.088,0.439,0.088,0.088,0.176,0.088,0.088,0.527,0.264,0.088,0.439,0.264,0.176,0.527,0.088,1.726,0.264,0.439,0.088,0.439,0.088,0.088,0.176,0.088,0.088,0.527,0.264,0.000,2.8,12.00,34.0
25.1074,428,3,move,6,25.1074,25.1154,0,0.088,0.439,0.264,0.176,0.527,0.088,-0.088,0.264,0.439,0.088,0.439,0.088,0.088,0.176,0.088,0.088,0.527,0.264,0.088,0.439,0.264,0.176,0.527,0.088,1.789,0.264,0.439,0.088,0.439,0.088,0.088,0.176,0.088,0.088,0.527,0.264,0.006,9.6,12.00,33.0
25.1474,429,3,move,6,25.1474,25.1555,0,0.088,0.439,0.264,0.176,0.527,0.088,0.703,0.264,0.439,0.088,0.439,0.088,0.088,0.176,0.088,0.088,0.527,0.264,0.088,0.439,0.264,0.176,0.527,0.088,1.365,0.264,0.439,0.088,0.439,0.088,0.088,0.176,0.088,0.088,0.527,0.264,0.006,9.6,12.00,33.0
25.1874,430,3,move,6,25.1874,25.1957,0,0.088,0.439,0.264,0.176,0.527,0.088,1.230,0.264,0.439,0.088,0.439,0.088,0.088,0.176,0.088,0.088,0.527,0.264,0.088,0.439,0.264,0.176,0.527,0.088,0.560,0.264,0.439,0.088,0.439,0.088,0.088,0.176,0.088,0.088,0.527,0.264,0.006,9.6,12.00,33.0
25.2272,431,3,move,6,25.2272,25.2352,0,0.088,0.439,0.264,0.176,0.527,0.088,1.406,0.264,0.439,0.088,0.439,0.088,0.088,0.176,0.088,0.088,0.527,0.264,0.088,0.439,0.264,0.176,0.527,0.088,-0.426,0.264,0.439,0.088,0.439,0.088,0.088,0.176,0.088,0.088,0.527,0.264,0.006,2.0,12.00,34.0
25.2672,432,3,move,6,25.2672,25.2751,0,0.088,0.439,0.264,0.176,0.527,0.088,1.406,0.264,0.439,0.088,0.439,0.088,0.088,0.176,0.088,0.088,0.527,0.264,0.088,0.439,0.264,0.176,0.527,0.088,-1.351,0.264,0.439,0.088,0.439,0.088,0.088,0.176,0.088,0.088,0.527,0.264,0.006,2.0,12.00,34.0
25.3071,433,3,move,6,25.3071,25.3152,0,0.088,0.439,0.264,0.176,0.527,0.088,1.055,0.264,0.439,0.088,0.439,0.088,0.088,0.176,0.088,0.088,0.527,0.264,0.088,0.439,0.264,0.176,0.527,0.088,-1.985,0.264,0.439,0.088,0.439,0.088,0.088,0.176,0.088,0.088,0.527,0.264,0.006,2.0,12.00,34.0
25.3474,434,3,move,6,25.3474,25.3556,0,0.088,0.439,0.264,0.176,0.527,0.088,-0.088,0.264,0.439,0.088,0.439,0.088,0.088,0.176,0.088,0.088,0.527,0.264,0.088,0.439,0.264,0.176,0.527,0.088,-2.172,0.264,0.439,0.088,0.439,0.088,0.088,0.176,0.088,0.088,0.527,0.264,0.013,9.2,11.90,34.0
25.3872,435,3,move,6,25.3872,25.3952,0,0.088,0.439,0.264,0.176,0.527,0.088,-0.879,0.264,0.439,0.088,0.439,0.088,0.088,0.176,0.088,0.088,0.527,0.264,0.088,0.439,0.264,0.176,0.527,0.088,-1.864,0.264,0.439,0.088,0.439,0.088,0.088,0.176,0.088,0.088,0.527,0.264,0.013,9.2,11.90,34.0
25.4271,436,3,move,6,25.4271,25.4355,0,0.088,0.439,0.264,0.176,0.527,0.088,-1.494,0.264,0.439,0.088,0.439,0.088,0.088,0.176,0.088,0.088,0.527,0.264,0.088,0.439,0.264,0.176,0.527,0.088,-1.139,0.264,0.439,0.088,0.439,0.088,0.088,0.176,0.088,0.088,0.527,0.264,0.013,9.2,11.90,34.0
25.4674,437,3,move,6,25.4674,25.4761,0,0.088,0.439,0.264,0.176,0.527,0.088,-1.846,0.264,0.439,0.088,0.439,0.088,0.088,0.176,0.088,0.088,0.527,0.264,0.088,0.439,0.264,0.176,0.527,0.088,-0.176,0.264,0.439,0.088,0.439,0.088,0.088,0.176,0.088,0.088,0.527,0.264,0.000,2.8,12.00,34.0
25.5071,438,3,move,6,25.5071,25.5159,0,0.088,0.439,0.264,0.176,0.527,0.088,-1.846,0.264,0.439,0.088,0.439,0.088,0.088,0.176,0.088,0.088,0.527,0.264,0.088,0.439,0.264,0.176,0.527,0.088,0.788,0.264,0.439,0.088,0.439,0.088,0.088,0.176,0.088,0.088,0.527,0.264,0.000,2.8,12.00,34.0
25.5474,439,3,move,6,25.5474,25.5560,0,0.088,0.439,0.264,0.176,0.527,0.088,-1.846,0.264,0.439,0.088,0.439,0.088,0.088,0.176,0.088,0.088,0.527,0.264,0.088,0.439,0.264,0.176,0.527,0.088,1.513,0.264,0.439,0.088,0.439,0.088,0.088,0.176,0.088,0.088,0.527,0.264,0.000,2.8,12.00,34.0
25.5874,440,3,move,6,25.5874,25.5958,0,0.088,0.439,0.264,0.176,0.527,0.088,-0.879,0.264,0.439,0.088,0.439,0.088,0.088,0.176,0.088,0.088,0.527,0.264,0.088,0.439,0.264,0.176,0.527,0.088,1.820,0.264,0.439,0.088,0.439,0.088,0.088,0.176,0.088,0.088,0.527,0.264,0.000,8.8,12.00,34.0
25.6274,441,3,move,6,25.6274,25.6355,0,0.088,0.439,0.264,0.176,0.527,0.088,0.088,0.264,0.439,0.088,0.439,0.088,0.088,0.176,0.088,0.088,0.527,0.264,0.088,0.439,0.264,0.176,0.527,0.088,1.634,0.264,0.439,0.088,0.439,0.088,0.088,0.176,0.088,0.088,0.527,0.264,0.000,8.8,12.00,34.0
25.6674,442,3,move,6,25.6674,25.6760,0,0.088,0.439,0.264,0.176,0.527,0.088,0.879,0.264,0.439,0.088,0.439,0.088,0.088,0.176,0.088,0.088,0.527,0.264,0.088,0.439,0.264,0.176,0.527,0.088,1.000,0.264,0.439,0.088,0.439,0.088,0.088,0.176,0.088,0.088,0.527,0.264,0.000,8.8,12.00,34.0
25.7074,443,3,move,6,25.7074,25.7160,0,0.088,0.439,0.264,0.176,0.527,0.088,1.406,0.264,0.439,0.088,0.439,0.088,0.088,0.176,0.088,0.088,0.527,0.264,0.088,0.439,0.264,0.176,0.527,0.088,0.075,0.264,0.439,0.088,0.439,0.088,0.088,0.176,0.088,0.088,0.527,0.264,0.000,2.0,12.00,34.0
25.7472,444,3,move,6,25.7472,25.7554,0,0.088,0.439,0.264,0.176,0.527,0.088,1.406,0.264,0.439,0.088,0.439,0.088,0.088,0.176,0.088,0.088,0.527,0.264,0.088,0.439,0.264,0.176,0.527,0.088,-0.912,0.264,0.439,0.088,0.439,0.088,0.088,0.176,0.088,0.088,0.527,0.264,0.000,2.0,12.00,34.0
25.7874,445,3,move,6,25.7874,25.7960,0,0.088,0.439,0.264,0.176,0.527,0.088,1.406,0.264,0.439,0.088,0.439,0.088,0.088,0.176,0.088,0.088,0.527,0.264,0.088,0.439,0.264,0.176,0.527,0.088,-1.717,0.264,0.439,0.088,0.439,0.088,0.088,0.176,0.088,0.088,0.527,0.264,0.000,2.0,12.00,34.0
25.8274,446,3,move,6,25.8274,25.8355,0,0.088,0.439,0.264,0.176,0.527,0.088,0.879,0.264,0.439,0.088,0.439,0.088,0.088,0.176,0.088,0.088,0.527,0.264,0.088,0.439,0.264,0.176,0.527,0.088,-2.140,0.264,0.439,0.088,0.439,0.088,0.088,0.176,0.088,0.088,0.527,0.264,0.006,11.6,12.00,34.0
25.8672,447,3,move,6,25.8672,25.8754,0,0.088,0.439,0.264,0.176,0.527,0.088,-0.264,0.264,0.439,0.088,0.439,0.088,0.088,0.176,0.088,0.088,0.527,0.264,0.088,0.439,0.264,0.176,0.527,0.088,-2.078,0.264,0.439,0.088,0.439,0.088,0.088,0.176,0.088,0.088,0.527,0.264,0.006,11.6,12.00,34.0
25.9074,448,3,move,6,25.9074,25.9160,0,0.088,0.439,0.264,0.176,0.527,0.088,-1.055,0.264,0.439,0.088,0.439,0.088,0.088,0.176,0.088,0.088,0.527,0.264,0.088,0.439,0.264,0.176,0.527,0.088,-1.545,0.264,0.439,0.088,0.439,0.088,0.088,0.176,0.088,0.088,0.527,0.264,0.006,11.6,12.00,34.0
25.9474,449,3,move,6,25.9474,25.9559,0,0.088,0.439,0.264,0.176,0.527,0.088,-1.582,0.264,0.439,0.088,0.439,0.088,0.088,0.176,0.088,0.088,0.527,0.264,0.088,0.439,0.264,0.176,0.527,0.088,-0.673,0.264,0.439,0.088,0.439,0.088,0.088,0.176,0.088,0.088,0.527,0.264,0.006,4.4,12.00,34.0
25.9874,450,3,move,6,25.9874,25.9958,0,0.088,0.439,0.264,0.176,0.527,0.088,-1.758,0.264,0.439,0.088,0.439,0.088,0.088,0.176,0.088,0.088,0.527,0.264,0.088,0.439,0.264,0.176,0.527,0.088,0.322,0.264,0.439,0.088,0.439,0.088,0.088,0.176,0.088,0.088,0.527,0.264,0.006,4.4,12.00,34.0
26.0274,451,3,move,6,26.0274,26.0360,0,0.088,0.439,0.264,0.176,0.527,0.088,-1.758,0.264,0.439,0.088,0.439,0.088,0.088,0.176,0.088,0.088,0.527,0.264,0.088,0.439,0.264,0.176,0.527,0.088,1.193,0.264,0.439,0.088,0.439,0.088,0.088,0.176,0.088,0.088,0.527,0.264,0.006,4.4,12.00,34.0
26.0674,452,3,move,6,26.0674,26.0760,0,0.088,0.439,0.264,0.176,0.527,0.088,-1.582,0.264,0.439,0.088,0.439,0.088,0.088,0.176,0.088,0.088,0.527,0.264,0.088,0.439,0.264,0.176,0.527,0.088,1.726,0.264,0.439,0.088,0.439,0.088,0.088,0.176,0.088,0.088,0.527,0.264,0.019,14.0,12.00,34.0
26.1074,453,3,move,6,26.1074,26.1160,0,0.088,0.439,0.264,0.176,0.527,0.088,-0.352,0.264,0.439,0.088,0.439,0.088,0.088,0.176,0.088,0.088,0.527,0.264,0.088,0.439,0.264,0.176,0.527,0.088,1.789,0.264,0.439,0.088,0.439,0.088,0.088,0.176,0.088,0.088,0.527,0.264,0.019,14.0,12.00,34.0
26.1474,454,3,move,6,26.1474,26.1561,0,0.088,0.439,0.264,0.176,0.527,0.088,0.439,0.264,0.439,0.088,0.439,0.088,0.088,0.176,0.088,0.088,0.527,0.264,0.088,0.439,0.264,0.176,0.527,0.088,1.365,0.264,0.439,0.088,0.439,0.088,0.088,0.176,0.088,0.088,0.527,0.264,0.019,14.0,12.00,34.0
26.1874,455,3,move,6,26.1874,26.1960,0,0.088,0.439,0.264,0.176,0.527,0.088,1.055,0.264,0.439,0.088,0.439,0.088,0.088,0.176,0.088,0.088,0.527,0.264,0.088,0.439,0.264,0.176,0.527,0.088,0.560,0.264,0.439,0.088,0.439,0.088,0.088,0.176,0.088,0.088,0.527,0.264,0.000,5.2,12.00,34.0
26.2272,456,3,move,6,26.2272,26.2355,0,0.088,0.439,0.264,0.176,0.527,0.088,1.406,0.264,0.439,0.088,0.439,0.088,0.088,0.176,0.088,0.088,0.527,0.264,0.088,0.439,0.264,0.176,0.527,0.088,-0.426,0.264,0.439,0.088,0.439,0.088,0.088,0.176,0.088,0.088,0.527,0.264,0.000,5.2,12.00,34.0
26.2674,457,3,move,6,26.2674,26.2760,0,0.088,0.439,0.264,0.176,0.527,0.088,1.406,0.264,0.439,0.088,0.439,0.088,0.088,0.176,0.088,0.088,0.527,0.264,0.088,0.439,0.264,0.176,0.527,0.088,-1.351,0.264,0.439,0.088,0.439,0.088,0.088,0.176,0.088,0.088,0.527,0.264,0.000,5.2,12.00,34.0
26.3074,458,3,move,6,26.3074,26.3161,0,0.088,0.439,0.264,0.176,0.527,0.088,1.318,0.264,0.439,0.088,0.439,0.088,0.088,0.176,0.088,0.088,0.527,0.264,0.088,0.439,0.264,0.176,0.527,0.088,-1.985,0.264,0.439,0.088,0.439,0.088,0.088,0.176,0.088,0.088,0.527,0.264,0.019,14.0,12.00,34.0
26.3472,459,3,move,6,26.3472,26.3556,0,0.088,0.439,0.264,0.176,0.527,0.088,0.176,0.264,0.439,0.088,0.439,0.088,0.088,0.176,0.088,0.088,0.527,0.264,0.088,0.439,0.264,0.176,0.527,0.088,-2.172,0.264,0.439,0.088,0.439,0.088,0.088,0.176,0.088,0.088,0.527,0.264,0.019,14.0,12.00,34.0
26.3874,460,3,move,6,26.3874,26.3960,0,0.088,0.439,0.264,0.176,0.527,0.088,-0.703,0.264,0.439,0.088,0.439,0.088,0.088,0.176,0.088,0.088,0.527,0.264,0.088,0.439,0.264,0.176,0.527,0.088,-1.864,0.264,0.439,0.088,0.439,0.088,0.088,0.176,0.088,0.088,0.527,0.264,0.019,14.0,12.00,34.0
26.4274,461,3,move,6,26.4274,26.4360,0,0.088,0.439,0.264,0.176,0.527,0.088,-1.406,0.264,0.439,0.088,0.439,0.088,0.088,0.176,0.088,0.088,0.527,0.264,0.088,0.439,0.264,0.176,0.527,0.088,-1.139,0.264,0.439,0.088,0.439,0.088,0.088,0.176,0.088,0.088,0.527,0.264,0.006,6.0,12.00,34.0
26.4674,462,3,move,6,26.4674,26.4761,0,0.088,0.439,0.264,0.176,0.527,0.088,-1.846,0.264,0.439,0.088,0.439,0.088,0.088,0.176,0.088,0.088,0.527,0.264,0.088,0.439,0.264,0.176,0.527,0.088,-0.176,0.264,0.439,0.088,0.439,0.088,0.088,0.176,0.088,0.088,0.527,0.264,0.006,6.0,12.00,34.0
26.5074,463,3,move,6,26.5074,26.5158,0,0.088,0.439,0.264,0.176,0.527,0.088,-1.846,0.264,0.439,0.088,0.439,0.088,0.088,0.176,0.088,0.088,0.527,0.264,0.088,0.439,0.264,0.176,0.527,0.088,0.788,0.264,0.439,0.088,0.439,0.088,0.088,0.176,0.088,0.088,0.527,0.264,0.006,6.0,12.00,34.0
26.5474,464,3,move,6,26.5474,26.5559,0,0.088,0.439,0.264,0.176,0.527,0.088,-1.846,0.264,0.439,0.088,0.439,0.088,0.088,0.176,0.088,0.088,0.527,0.264,0.088,0.439,0.264,0.176,0.527,0.088,1.513,0.264,0.439,0.088,0.439,0.088,0.088,0.176,0.088,0.088,0.527,0.264,0.019,12.0,12.00,34.0
26.5874,465,3,move,6,26.5874,26.5954,0,0.088,0.439,0.264,0.176,0.527,0.088,-1.230,0.264,0.439,0.088,0.439,0.088,0.088,0.176,0.088,0.088,0.527,0.264,0.088,0.439,0.264,0.176,0.527,0.088,1.820,0.264,0.439,0.088,0.439,0.088,0.088,0.176,0.088,0.088,0.527,0.264,0.019,12.0,12.00,34.0
26.6274,466,3,move,6,26.6274,26.6354,0,0.088,0.439,0.264,0.176,0.527,0.088,0.000,0.264,0.439,0.088,0.439,0.088,0.088,0.176,0.088,0.088,0.527,0.264,0.088,0.439,0.264,0.176,0.527,0.088,1.634,0.264,0.439,0.088,0.439,0.088,0.088,0.176,0.088,0.088,0.527,0.264,0.019,12.0,12.00,34.0
26.6674,467,3,move,6,26.6674,26.6756,0,0.088,0.439,0.264,0.176,0.527,0.088,0.791,0.264,0.439,0.088,0.439,0.088,0.088,0.176,0.088,0.088,0.527,0.264,0.088,0.439,0.264,0.176,0.527,0.088,1.000,0.264,0.439,0.088,0.439,0.088,0.088,0.176,0.088,0.088,0.527,0.264,0.006,6.8,12.00,33.0
26.7072,468,3,move,6,26.7072,26.7152,0,0.088,0.439,0.264,0.176,0.527,0.088,1.318,0.264,0.439,0.088,0.439,0.088,0.088,0.176,0.088,0.088,0.527,0.264,0.088,0.439,0.264,0.176,0.527,0.088,0.075,0.264,0.439,0.088,0.439,0.088,0.088,0.176,0.088,0.088,0.527,0.264,0.006,6.8,12.00,33.0
26.7472,469,3,move,6,26.7472,26.7552,0,0.088,0.439,0.264,0.176,0.527,0.088,1.494,0.264,0.439,0.088,0.439,0.088,0.088,0.176,0.088,0.088,0.527,0.264,0.088,0.439,0.264,0.176,0.527,0.088,-0.912,0.264,0.439,0.088,0.439,0.088,0.088,0.176,0.088,0.088,0.527,0.264,0.006,6.8,12.00,33.0
26.7872,470,3,move,6,26.7872,26.7952,0,0.088,0.439,0.264,0.176,0.527,0.088,1.494,0.264,0.439,0.088,0.439,0.088,0.088,0.176,0.088,0.088,0.527,0.264,0.088,0.439,0.264,0.176,0.527,0.088,-1.717,0.264,0.439,0.088,0.439,0.088,0.088,0.176,0.088,0.088,0.527,0.264,0.013,9.6,12.00,34.0
26.8271,471,3,move,6,26.8271,26.8352,0,0.088,0.439,0.264,0.176,0.527,0.088,0.967,0.264,0.439,0.088,0.439,0.088,0.088,0.176,0.088,0.088,0.527,0.264,0.088,0.439,0.264,0.176,0.527,0.088,-2.140,0.264,0.439,0.088,0.439,0.088,0.088,0.176,0.088,0.088,0.527,0.264,0.013,9.6,12.00,34.0
26.8672,472,3,move,6,26.8672,26.8752,0,0.088,0.439,0.264,0.176,0.527,0.088,-0.088,0.264,0.439,0.088,0.439,0.088,0.088,0.176,0.088,0.088,0.527,0.264,0.088,0.439,0.264,0.176,0.527,0.088,-2.078,0.264,0.439,0.088,0.439,0.088,0.088,0.176,0.088,0.088,0.527,0.264,0.013,9.6,12.00,34.0
26.9074,473,3,move,6,26.9074,26.9155,0,0.088,0.439,0.264,0.176,0.527,0.088,-0.967,0.264,0.439,0.088,0.439,0.088,0.088,0.176,0.088,0.088,0.527,0.264,0.088,0.439,0.264,0.176,0.527,0.088,-1.545,0.264,0.439,0.088,0.439,0.088,0.088,0.176,0.088,0.088,0.527,0.264,0.006,6.8,12.00,34.0
26.9474,474,3,move,6,26.9474,26.9553,0,0.088,0.439,0.264,0.176,0.527,0.088,-1.494,0.264,0.439,0.088,0.439,0.088,0.088,0.176,0.088,0.088,0.527,0.264,0.088,0.439,0.264,0.176,0.527,0.088,-0.673,0.264,0.439,0.088,0.439,0.088,0.088,0.176,0.088,0.088,0.527,0.264,0.006,6.8,12.00,34.0
26.9874,475,3,move,6,26.9874,26.9959,0,0.088,0.439,0.264,0.176,0.527,0.088,-1.758,0.264,0.439,0.088,0.439,0.088,0.088,0.176,0.088,0.088,0.527,0.264,0.088,0.439,0.264,0.176,0.527,0.088,0.322,0.264,0.439,0.088,0.439,0.088,0.088,0.176,0.088,0.088,0.527,0.264,0.006,6.8,12.00,34.0
27.0274,476,3,move,6,27.0274,27.0361,0,0.088,0.439,0.264,0.176,0.527,0.088,-1.758,0.264,0.439,0.088,0.439,0.088,0.088,0.176,0.088,0.088,0.527,0.264,0.088,0.439,0.264,0.176,0.527,0.088,1.193,0.264,0.439,0.088,0.439,0.088,0.088,0.176,0.088,0.088,0.527,0.264,0.006,6.4,12.00,34.0
27.0674,477,3,move,6,27.0674,27.0761,0,0.088,0.439,0.264,0.176,0.527,0.088,-1.758,0.264,0.439,0.088,0.439,0.088,0.088,0.176,0.088,0.088,0.527,0.264,0.088,0.439,0.264,0.176,0.527,0.088,1.726,0.264,0.439,0.088,0.439,0.088,0.088,0.176,0.088,0.088,0.527,0.264,0.006,6.4,12.00,34.0
27.1072,478,3,move,6,27.1072,27.1155,0,0.088,0.439,0.264,0.176,0.527,0.088,-0.615,0.264,0.439,0.088,0.439,0.088,0.088,0.176,0.088,0.088,0.527,0.264,0.088,0.439,0.264,0.176,0.527,0.088,1.789,0.264,0.439,0.088,0.439,0.088,0.088,0.176,0.088,0.088,0.527,0.264,0.006,6.4,12.00,34.0
27.1472,479,3,move,6,27.1472,27.1593,0,0.088,0.439,0.264,0.176,0.527,0.088,0.439,0.264,0.439,0.088,0.439,0.088,0.088,0.176,0.088,0.088,0.527,0.264,0.088,0.439,0.264,0.176,0.527,0.088,1.365,0.264,0.439,0.088,0.439,0.088,0.088,0.176,0.088,0.088,0.527,0.264,0.006,7.2,12.00,36.0
27.1871,480,3,move,6,27.1871,27.1954,0,0.088,0.439,0.264,0.176,0.527,0.088,0.967,0.264,0.439,0.088,0.439,0.088,0.088,0.176,0.088,0.088,0.527,0.264,0.088,0.439,0.264,0.176,0.527,0.088,0.560,0.264,0.439,0.088,0.439,0.088,0.088,0.176,0.088,0.088,0.527,0.264,0.006,7.2,12.00,36.0
27.2274,481,3,move,6,27.2274,27.2360,0,0.088,0.439,0.264,0.176,0.527,0.088,1.406,0.264,0.439,0.088,0.439,0.088,0.088,0.176,0.088,0.088,0.527,0.264,0.088,0.439,0.264,0.176,0.527,0.088,-0.426,0.264,0.439,0.088,0.439,0.088,0.088,0.176,0.088,0.088,0.527,0.264,0.006,7.2,12.00,36.0
27.2671,482,3,move,6,27.2671,27.2758,0,0.088,0.439,0.264,0.176,0.527,0.088,1.406,0.264,0.439,0.088,0.439,0.088,0.088,0.176,0.088,0.088,0.527,0.264,0.088,0.439,0.264,0.176,0.527,0.088,-1.351,0.264,0.439,0.088,0.439,0.088,0.088,0.176,0.088,0.088,0.527,0.264,0.006,6.4,12.00,34.0
27.3071,483,3,move,6,27.3071,27.3158,0,0.088,0.439,0.264,0.176,0.527,0.088,1.406,0.264,0.439,0.088,0.439,0.088,0.088,0.176,0.088,0.088,0.527,0.264,0.088,0.439,0.264,0.176,0.527,0.088,-1.985,0.264,0.439,0.088,0.439,0.088,0.088,0.176,0.088,0.088,0.527,0.264,0.006,6.4,12.00,34.0
27.3474,484,3,move,6,27.3474,27.3558,0,0.088,0.439,0.264,0.176,0.527,0.088,0.352,0.264,0.439,0.088,0.439,0.088,0.088,0.176,0.088,0.088,0.527,0.264,0.088,0.439,0.264,0.176,0.527,0.088,-2.172,0.264,0.439,0.088,0.439,0.088,0.088,0.176,0.088,0.088,0.527,0.264,0.006,6.4,12.00,34.0
27.3874,485,3,move,6,27.3874,27.3960,0,0.088,0.439,0.264,0.176,0.527,0.088,-0.615,0.264,0.439,0.088,0.439,0.088,0.088,0.176,0.088,0.088,0.527,0.264,0.088,0.439,0.264,0.176,0.527,0.088,-1.864,0.264,0.439,0.088,0.439,0.088,0.088,0.176,0.088,0.088,0.527,0.264,0.013,8.0,12.00,34.0
27.4274,486,3,move,6,27.4274,27.4356,0,0.088,0.439,0.264,0.176,0.527,0.088,-1.318,0.264,0.439,0.088,0.439,0.088,0.088,0.176,0.088,0.088,0.527,0.264,0.088,0.439,0.264,0.176,0.527,0.088,-1.139,0.264,0.439,0.088,0.439,0.088,0.088,0.176,0.088,0.088,0.527,0.264,0.013,8.0,12.00,34.0
27.4674,487,3,rest,6,27.4674,27.4759,0,0.088,0.439,0.264,0.176,0.527,0.088,-1.758,0.264,0.439,0.088,0.439,0.088,0.088,0.176,0.088,0.088,0.527,0.264,0.088,0.439,0.264,0.176,0.527,0.088,-0.176,0.264,0.439,0.088,0.439,0.088,0.088,0.176,0.088,0.088,0.527,0.264,0.013,8.0,12.00,34.0
27.5072,488,3,rest,6,27.5072,27.5159,0,0.088,0.439,0.264,0.176,0.527,0.088,-1.846,0.264,0.439,0.088,0.439,0.088,0.088,0.176,0.088,0.088,0.527,0.264,0.088,0.439,0.264,0.176,0.527,0.088,-0.176,0.264,0.439,0.088,0.439,0.088,0.088,0.176,0.088,0.088,0.527,0.264,0.006,3.2,12.00,34.0
27.5472,489,3,rest,6,27.5472,27.5559,0,0.088,0.439,0.264,0.176,0.527,0.088,-1.846,0.264,0.439,0.088,0.439,0.088,0.088,0.176,0.088,0.088,0.527,0.264,0.088,0.439,0.264,0.176,0.527,0.088,-0.176,0.264,0.439,0.088,0.439,0.088,0.088,0.176,0.088,0.088,0.527,0.264,0.006,3.2,12.00,34.0
27.5872,490,3,rest,6,27.5872,27.5956,0,0.088,0.439,0.264,0.176,0.527,0.088,-1.494,0.264,0.439,0.088,0.439,0.088,0.088,0.176,0.088,0.088,0.527,0.264,0.088,0.439,0.264,0.176,0.527,0.088,-0.176,0.264,0.439,0.088,0.439,0.088,0.088,0.176,0.088,0.088,0.527,0.264,0.006,3.2,12.00,34.0
27.6274,491,3,rest,6,27.6274,27.6360,0,0.088,0.439,0.264,0.176,0.527,0.088,-0.703,0.264,0.439,0.088,0.439,0.088,0.088,0.176,0.088,0.088,0.527,0.264,0.088,0.439,0.264,0.176,0.527,0.088,-0.176,0.264,0.439,0.088,0.439,0.088,0.088,0.176,0.088,0.088,0.527,0.264,0.006,3.6,12.00,34.0
27.6674,492,3,rest,6,27.6674,27.6760,0,0.088,0.439,0.264,0.176,0.527,0.088,-0.527,0.264,0.439,0.088,0.439,0.088,0.088,0.176,0.088,0.088,0.527,0.264,0.088,0.439,0.264,0.176,0.527,0.088,-0.176,0.264,0.439,0.088,0.439,0.088,0.088,0.176,0.088,0.088,0.527,0.264,0.006,3.6,12.00,34.0
27.7074,493,3,rest,6,27.7074,27.7160,0,0.088,0.439,0.264,0.176,0.527,0.088,-0.352,0.264,0.439,0.088,0.439,0.088,0.088,0.176,0.088,0.088,0.527,0.264,0.088,0.439,0.264,0.176,0.527,0.088,-0.176,0.264,0.439,0.088,0.439,0.088,0.088,0.176,0.088,0.088,0.527,0.264,0.006,3.6,12.00,34.0
27.7471,494,3,rest,6,27.7471,27.7556,0,0.088,0.439,0.264,0.176,0.527,0.088,-0.352,0.264,0.439,0.088,0.439,0.088,0.088,0.176,0.088,0.088,0.527,0.264,0.088,0.439,0.264,0.176,0.527,0.088,-0.176,0.264,0.439,0.088,0.439,0.088,0.088,0.176,0.088,0.088,0.527,0.264,0.000,2.4,12.00,34.0
27.7872,495,3,rest,6,27.7872,27.7958,0,0.088,0.439,0.264,0.176,0.527,0.088,-0.352,0.264,0.439,0.088,0.439,0.088,0.088,0.176,0.088,0.088,0.527,0.264,0.088,0.439,0.264,0.176,0.527,0.088,-0.176,0.264,0.439,0.088,0.439,0.088,0.088,0.176,0.088,0.088,0.527,0.264,0.000,2.4,12.00,34.0
27.8274,496,3,rest,6,27.8274,27.8360,0,0.088,0.439,0.264,0.176,0.527,0.088,-0.352,0.264,0.439,0.088,0.439,0.088,0.088,0.176,0.088,0.088,0.527,0.264,0.088,0.439,0.264,0.176,0.527,0.088,-0.176,0.264,0.439,0.088,0.439,0.088,0.088,0.176,0.088,0.088,0.527,0.264,0.000,2.4,12.00,34.0
27.8674,497,3,rest,6,27.8674,27.8753,0,0.088,0.439,0.264,0.176,0.527,0.088,-0.352,0.264,0.439,0.088,0.439,0.088,0.088,0.176,0.088,0.088,0.527,0.264,0.088,0.439,0.264,0.176,0.527,0.088,-0.176,0.264,0.439,0.088,0.439,0.088,0.088,0.176,0.088,0.088,0.527,0.264,0.000,2.4,12.00,34.0
27.9072,498,3,rest,6,27.9072,27.9157,0,0.088,0.439,0.264,0.176,0.527,0.088,-0.352,0.264,0.439,0.088,0.439,0.088,0.088,0.176,0.088,0.088,0.527,0.264,0.088,0.439,0.264,0.176,0.527,0.088,-0.176,0.264,0.439,0.088,0.439,0.088,0.088,0.176,0.088,0.088,0.527,0.264,0.000,2.4,12.00,34.0
27.9472,499,3,rest,6,27.9472,27.9556,0,0.088,0.439,0.264,0.176,0.527,0.088,-0.352,0.264,0.439,0.088,0.439,0.088,0.088,0.176,0.088,0.088,0.527,0.264,0.088,0.439,0.264,0.176,0.527,0.088,-0.176,0.264,0.439,0.088,0.439,0.088,0.088,0.176,0.088,0.088,0.527,0.264,0.000,2.4,12.00,34.0
27.9874,500,3,rest,6,27.9874,27.9961,0,0.088,0.439,0.264,0.176,0.527,0.088,-0.352,0.264,0.439,0.088,0.439,0.088,0.088,0.176,0.088,0.088,0.527,0.264,0.088,0.439,0.264,0.176,0.527,0.088,-0.176,0.264,0.439,0.088,0.439,0.088,0.088,0.176,0.088,0.088,0.527,0.264,0.006,2.4,12.00,34.0
28.0271,501,3,rest,6,28.0271,28.0356,0,0.088,0.439,0.264,0.176,0.527,0.088,-0.352,0.264,0.439,0.088,0.439,0.088,0.088,0.176,0.088,0.088,0.527,0.264,0.088,0.439,0.264,0.176,0.527,0.088,-0.176,0.264,0.439,0.088,0.439,0.088,0.088,0.176,0.088,0.088,0.527,0.264,0.006,2.4,12.00,34.0
28.0674,502,3,rest,6,28.0674,28.0758,0,0.088,0.439,0.264,0.176,0.527,0.088,-0.352,0.264,0.439,0.088,0.439,0.088,0.088,0.176,0.088,0.088,0.527,0.264,0.088,0.439,0.264,0.176,0.527,0.088,-0.176,0.264,0.439,0.088,0.439,0.088,0.088,0.176,0.088,0.088,0.527,0.264,0.006,2.4,12.00,34.0
28.1074,503,3,rest,6,28.1074,28.1161,0,0.088,0.439,0.264,0.176,0.527,0.088,-0.352,0.264,0.439,0.088,0.439,0.088,0.088,0.176,0.088,0.088,0.527,0.264,0.088,0.439,0.264,0.176,0.527,0.088,-0.176,0.264,0.439,0.088,0.439,0.088,0.088,0.176,0.088,0.088,0.527,0.264,0.000,2.4,12.00,33.0
28.1472,504,3,rest,6,28.1472,28.1557,0,0.088,0.439,0.264,0.176,0.527,0.088,-0.352,0.264,0.439,0.088,0.439,0.088,0.088,0.176,0.088,0.088,0.527,0.264,0.088,0.439,0.264,0.176,0.527,0.088,-0.176,0.264,0.439,0.088,0.439,0.088,0.088,0.176,0.088,0.088,0.527,0.264,0.000,2.4,12.00,33.0
28.1874,505,3,rest,6,28.1874,28.1956,0,0.088,0.439,0.264,0.176,0.527,0.088,-0.352,0.264,0.439,0.088,0.439,0.088,0.088,0.176,0.088,0.088,0.527,0.264,0.088,0.439,0.264,0.176,0.527,0.088,-0.176,0.264,0.439,0.088,0.439,0.088,0.088,0.176,0.088,0.088,0.527,0.264,0.000,2.4,12.00,33.0
28.2274,506,3,rest,6,28.2274,28.2357,0,0.088,0.439,0.264,0.176,0.527,0.088,-0.352,0.264,0.439,0.088,0.439,0.088,0.088,0.176,0.088,0.088,0.527,0.264,0.088,0.439,0.264,0.176,0.527,0.088,-0.176,0.264,0.439,0.088,0.439,0.088,0.088,0.176,0.088,0.088,0.527,0.264,0.006,2.4,12.00,34.0
28.2724,507,4,pre,6,28.2724,28.2803,0,0.088,0.439,0.264,0.176,0.527,0.088,-0.352,0.264,0.439,0.088,0.439,0.088,0.088,0.176,0.088,0.088,0.527,0.264,0.088,0.439,0.264,0.176,0.527,0.088,-0.352,0.264,0.439,0.088,0.439,0.088,0.088,0.176,0.088,0.088,0.527,0.264,0.006,2.4,12.00,34.0
28.3074,508,4,pre,6,28.3074,28.3154,0,0.088,0.439,0.264,0.176,0.527,0.088,-0.352,0.264,0.439,0.088,0.439,0.088,0.088,0.176,0.088,0.088,0.527,0.264,0.088,0.439,0.264,0.176,0.527,0.088,-0.352,0.264,0.439,0.088,0.439,0.088,0.088,0.176,0.088,0.088,0.527,0.264,0.006,2.4,12.00,34.0
28.3474,509,4,pre,6,28.3474,28.3554,0,0.088,0.439,0.264,0.176,0.527,0.088,-0.352,0.264,0.439,0.088,0.439,0.088,0.088,0.176,0.088,0.088,0.527,0.264,0.088,0.439,0.264,0.176,0.527,0.088,-0.352,0.264,0.439,0.088,0.439,0.088,0.088,0.176,0.088,0.088,0.527,0.264,0.000,0.0,12.00,34.0
28.3874,510,4,pre,6,28.3874,28.3954,0,0.088,0.439,0.264,0.176,0.527,0.088,-0.352,0.264,0.439,0.088,0.439,0.088,0.088,0.176,0.088,0.088,0.527,0.264,0.088,0.439,0.264,0.176,0.527,0.088,-0.352,0.264,0.439,0.088,0.439,0.088,0.088,0.176,0.088,0.088,0.527,0.264,0.000,0.0,12.00,34.0
28.4274,511,4,pre,6,28.4274,28.4354,0,0.088,0.439,0.264,0.176,0.527,0.088,-0.352,0.264,0.439,0.088,0.439,0.088,0.088,0.176,0.088,0.088,0.527,0.264,0.088,0.439,0.264,0.176,0.527,0.088,-0.352,0.264,0.439,0.088,0.439,0.088,0.088,0.176,0.088,0.088,0.527,0.264,0.000,0.0,12.00,34.0
28.4674,512,4,pre,6,28.4674,28.4756,0,0.088,0.439,0.264,0.176,0.527,0.088,-0.352,0.264,0.439,0.088,0.439,0.088,0.088,0.176,0.088,0.088,0.527,0.264,0.088,0.439,0.264,0.176,0.527,0.088,-0.352,0.264,0.439,0.088,0.439,0.088,0.088,0.176,0.088,0.088,0.527,0.264,0.000,0.0,12.00,34.0
28.5074,513,4,pre,6,28.5074,28.5156,0,0.088,0.439,0.264,0.176,0.527,0.088,-0.352,0.264,0.439,0.088,0.439,0.088,0.088,0.176,0.088,0.088,0.527,0.264,0.088,0.439,0.264,0.176,0.527,0.088,-0.352,0.264,0.439,0.088,0.439,0.088,0.088,0.176,0.088,0.088,0.527,0.264,0.000,0.0,12.00,34.0
28.5474,514,4,pre,6,28.5474,28.5555,0,0.088,0.439,0.264,0.176,0.527,0.088,-0.352,0.264,0.439,0.088,0.439,0.088,0.088,0.176,0.088,0.088,0.527,0.264,0.088,0.439,0.264,0.176,0.527,0.088,-0.352,0.264,0.439,0.088,0.439,0.088,0.088,0.176,0.088,0.088,0.527,0.264,0.000,0.0,12.00,34.0
28.5874,515,4,pre,6,28.5874,28.5954,0,0.088,0.439,0.264,0.176,0.527,0.088,-0.352,0.264,0.439,0.088,0.439,0.088,0.088,0.176,0.088,0.088,0.527,0.264,0.088,0.439,0.264,0.176,0.527,0.088,-0.352,0.264,0.439,0.088,0.439,0.088,0.088,0.176,0.088,0.088,0.527,0.264,0.000,0.0,12.00,34.0
28.6274,516,4,pre,6,28.6274,28.6354,0,0.088,0.439,0.264,0.176,0.527,0.088,-0.352,0.264,0.439,0.088,0.439,0.088,0.088,0.176,0.088,0.088,0.527,0.264,0.088,0.439,0.264,0.176,0.527,0.088,-0.352,0.264,0.439,0.088,0.439,0.088,0.088,0.176,0.088,0.088,0.527,0.264,0.000,0.0,12.00,34.0
28.6674,517,4,pre,6,28.6674,28.6755,0,0.088,0.439,0.264,0.176,0.527,0.088,-0.352,0.264,0.439,0.088,0.439,0.088,0.088,0.176,0.088,0.088,0.527,0.264,0.088,0.439,0.264,0.176,0.527,0.088,-0.352,0.264,0.439,0.088,0.439,0.088,0.088,0.176,0.088,0.088,0.527,0.264,0.000,0.0,12.00,34.0
28.7072,518,4,pre,6,28.7072,28.7148,0,0.088,0.439,0.264,0.176,0.527,0.088,-0.352,0.264,0.439,0.088,0.439,0.088,0.088,0.176,0.088,0.088,0.527,0.264,0.088,0.439,0.264,0.176,0.527,0.088,-0.352,0.264,0.439,0.088,0.439,0.088,0.088,0.176,0.088,0.088,0.527,0.264,0.000,0.0,12.00,34.0
28.7474,519,4,pre,6,28.7474,28.7649,0,0.088,0.439,0.264,0.176,0.527,0.088,-0.352,0.264,0.439,0.088,0.439,0.088,0.088,0.176,0.088,0.088,0.527,0.264,0.088,0.439,0.264,0.176,0.527,0.088,-0.352,0.264,0.439,0.088,0.439,0.088,0.088,0.176,0.088,0.088,0.527,0.264,0.000,0.0,12.00,34.0
28.7872,520,4,pre,6,28.7872,28.7952,0,0.088,0.439,0.264,0.176,0.527,0.088,-0.352,0.264,0.439,0.088,0.439,0.088,0.088,0.176,0.088,0.088,0.527,0.264,0.088,0.439,0.264,0.176,0.527,0.088,-0.352,0.264,0.439,0.088,0.439,0.088,0.088,0.176,0.088,0.088,0.527,0.264,0.000,0.0,12.00,34.0
28.8274,521,4,pre,6,28.8274,28.8356,0,0.088,0.439,0.264,0.176,0.527,0.088,-0.352,0.264,0.439,0.088,0.439,0.088,0.088,0.176,0.088,0.088,0.527,0.264,0.088,0.439,0.264,0.176,0.527,0.088,-0.352,0.264,0.439,0.088,0.439,0.088,0.088,0.176,0.088,0.088,0.527,0.264,0.000,0.0,12.00,34.0
28.8674,522,4,move,6,28.8674,28.8761,0,0.088,0.439,0.264,0.176,0.527,0.088,-0.352,0.264,0.439,0.088,0.439,0.088,0.088,0.176,0.088,0.088,0.527,0.264,0.088,0.439,0.264,0.176,0.527,0.088,-0.352,0.264,0.439,0.088,0.439,0.088,0.088,0.176,0.088,0.088,0.527,0.264,0.000,0.0,12.00,34.0
28.9072,523,4,move,6,28.9072,28.9155,0,0.088,0.439,0.264,0.176,0.527,0.088,-0.352,0.264,0.439,0.088,0.439,0.088,0.088,0.176,0.088,0.088,0.527,0.264,0.088,0.439,0.264,0.176,0.527,0.088,0.024,0.264,0.439,0.088,0.439,0.088,0.088,0.176,0.088,0.088,0.527,0.264,0.000,0.0,12.00,34.0
28.9472,524,4,move,6,28.9472,28.9557,0,0.088,0.439,0.264,0.176,0.527,0.088,-0.352,0.264,0.439,0.088,0.439,0.088,0.088,0.176,0.088,0.088,0.527,0.264,0.088,0.439,0.264,0.176,0.527,0.088,0.395,0.264,0.439,0.088,0.439,0.088,0.088,0.176,0.088,0.088,0.527,0.264,0.006,4.0,12.00,34.0
28.9871,525,4,move,6,28.9871,28.9959,0,0.088,0.439,0.264,0.176,0.527,0.088,-0.264,0.264,0.439,0.088,0.439,0.088,0.088,0.176,0.088,0.088,0.527,0.264,0.088,0.439,0.264,0.176,0.527,0.088,0.753,0.264,0.439,0.088,0.439,0.088,0.088,0.176,0.088,0.088,0.527,0.264,0.006,4.0,12.00,34.0
29.0274,526,4,move,6,29.0274,29.0361,0,0.088,0.439,0.264,0.176,0.527,0.088,0.088,0.264,0.439,0.088,0.439,0.088,0.088,0.176,0.088,0.088,0.527,0.264,0.088,0.439,0.264,0.176,0.527,0.088,1.094,0.264,0.439,0.088,0.439,0.088,0.088,0.176,0.088,0.088,0.527,0.264,0.006,4.0,12.00,34.0
29.0671,527,4,move,6,29.0671,29.0758,0,0.088,0.439,0.264,0.176,0.527,0.088,0.527,0.264,0.439,0.088,0.439,0.088,0.088,0.176,0.088,0.088,0.527,0.264,0.088,0.439,0.264,0.176,0.527,0.088,1.412,0.264,0.439,0.088,0.439,0.088,0.088,0.176,0.088,0.088,0.527,0.264,0.006,4.4,12.00,33.0
29.1074,528,4,move,6,29.1074,29.1159,0,0.088,0.439,0.264,0.176,0.527,0.088,0.791,0.264,0.439,0.088,0.439,0.088,0.088,0.176,0.088,0.088,0.527,0.264,0.088,0.439,0.264,0.176,0.527,0.088,1.702,0.264,0.439,0.088,0.439,0.088,0.088,0.176,0.088,0.088,0.527,0.264,0.006,4.4,12.00,33.0
29.1472,529,4,move,6,29.1472,29.1553,0,0.088,0.439,0.264,0.176,0.527,0.088,1.143,0.264,0.439,0.088,0.439,0.088,0.088,0.176,0.088,0.088,0.527,0.264,0.088,0.439,0.264,0.176,0.527,0.088,1.960,0.264,0.439,0.088,0.439,0.088,0.088,0.176,0.088,0.088,0.527,0.264,0.006,4.4,12.00,33.0
29.1874,530,4,move,6,29.1874,29.1958,0,0.088,0.439,0.264,0.176,0.527,0.088,1.406,0.264,0.439,0.088,0.439,0.088,0.088,0.176,0.088,0.088,0.527,0.264,0.088,0.439,0.264,0.176,0.527,0.088,2.181,0.264,0.439,0.088,0.439,0.088,0.088,0.176,0.088,0.088,0.527,0.264,0.006,4.0,12.00,34.0
29.2272,531,4,move,6,29.2272,29.2360,0,0.088,0.439,0.264,0.176,0.527,0.088,1.670,0.264,0.439,0.088,0.439,0.088,0.088,0.176,0.088,0.088,0.527,0.264,0.088,0.439,0.264,0.176,0.527,0.088,2.363,0.264,0.439,0.088,0.439,0.088,0.088,0.176,0.088,0.088,0.527,0.264,0.006,4.0,12.00,34.0
29.2674,532,4,move,6,29.2674,29.2760,0,0.088,0.439,0.264,0.176,0.527,0.088,1.934,0.264,0.439,0.088,0.439,0.088,0.088,0.176,0.088,0.088,0.527,0.264,0.088,0.439,0.264,0.176,0.527,0.088,2.502,0.264,0.439,0.088,0.439,0.088,0.088,0.176,0.088,0.088,0.527,0.264,0.006,4.0,12.00,34.0
29.3074,533,4,move,6,29.3074,29.3160,0,0.088,0.439,0.264,0.176,0.527,0.088,2.197,0.264,0.439,0.088,0.439,0.088,0.088,0.176,0.088,0.088,0.527,0.264,0.088,0.439,0.264,0.176,0.527,0.088,2.595,0.264,0.439,0.088,0.439,0.088,0.088,0.176,0.088,0.088,0.527,0.264,0.000,2.4,12.00,34.0
29.3474,534,4,move,6,29.3474,29.4443,0,0.088,0.439,0.264,0.176,0.527,0.088,2.461,0.264,0.439,0.088,0.439,0.088,0.088,0.176,0.088,0.088,0.527,0.264,0.088,0.439,0.264,0.176,0.527,0.088,2.643,0.264,0.439,0.088,0.439,0.088,0.088,0.176,0.088,0.088,0.527,0.264,0.006,2.4,12.00,34.0
29.4549,535,4,move,6,29.4549,29.4633,1,0.088,0.439,0.264,0.176,0.527,0.088,2.461,0.264,0.439,0.088,0.439,0.088,0.088,0.176,0.088,0.088,0.527,0.264,0.088,0.439,0.264,0.176,0.527,0.088,2.643,0.264,0.439,0.088,0.439,0.088,0.088,0.176,0.088,0.088,0.527,0.264,0.006,2.4,12.00,34.0
29.4640,536,4,move,6,29.4640,29.4719,1,0.088,0.439,0.264,0.176,0.527,0.088,2.461,0.264,0.439,0.088,0.439,0.088,0.088,0.176,0.088,0.088,0.527,0.264,0.088,0.439,0.264,0.176,0.527,0.088,2.595,0.264,0.439,0.088,0.439,0.088,0.088,0.176,0.088,0.088,0.527,0.264,0.006,2.4,12.00,34.0
29.4725,537,4,move,6,29.4725,29.4804,0,0.088,0.439,0.264,0.176,0.527,0.088,2.461,0.264,0.439,0.088,0.439,0.088,0.088,0.176,0.088,0.088,0.527,0.264,0.088,0.439,0.264,0.176,0.527,0.088,2.502,0.264,0.439,0.088,0.439,0.088,0.088,0.176,0.088,0.088,0.527,0.264,0.006,2.4,12.00,34.0
29.5071,538,4,move,6,29.5071,29.5157,0,0.088,0.439,0.264,0.176,0.527,0.088,2.461,0.264,0.439,0.088,0.439,0.088,0.088,0.176,0.088,0.088,0.527,0.264,0.088,0.439,0.264,0.176,0.527,0.088,2.363,0.264,0.439,0.088,0.439,0.088,0.088,0.176,0.088,0.088,0.527,0.264,0.006,2.4,12.00,34.0
29.5474,539,4,move,6,29.5474,29.5560,0,0.088,0.439,0.264,0.176,0.527,0.088,2.461,0.264,0.439,0.088,0.439,0.088,0.088,0.176,0.088,0.088,0.527,0.264,0.088,0.439,0.264,0.176,0.527,0.088,2.181,0.264,0.439,0.088,0.439,0.088,0.088,0.176,0.088,0.088,0.527,0.264,0.000,2.8,12.00,34.0
29.5871,540,4,move,6,29.5871,29.5958,0,0.088,0.439,0.264,0.176,0.527,0.088,2.461,0.264,0.439,0.088,0.439,0.088,0.088,0.176,0.088,0.088,0.527,0.264,0.088,0.439,0.264,0.176,0.527,0.088,1.960,0.264,0.439,0.088,0.439,0.088,0.088,0.176,0.088,0.088,0.527,0.264,0.000,2.8,12.00,34.0
29.6274,541,4,move,6,29.6274,29.6361,0,0.088,0.439,0.264,0.176,0.527,0.088,2.461,0.264,0.439,0.088,0.439,0.088,0.088,0.176,0.088,0.088,0.527,0.264,0.088,0.439,0.264,0.176,0.527,0.088,1.702,0.264,0.439,0.088,0.439,0.088,0.088,0.176,0.088,0.088,0.527,0.264,0.000,2.8,12.00,34.0
29.6674,542,4,move,6,29.6674,29.6760,0,0.088,0.439,0.264,0.176,0.527,0.088,2.285,0.264,0.439,0.088,0.439,0.088,0.088,0.176,0.088,0.088,0.527,0.264,0.088,0.439,0.264,0.176,0.527,0.088,1.412,0.264,0.439,0.088,0.439,0.088,0.088,0.176,0.088,0.088,0.527,0.264,0.000,5.6,12.00,34.0
29.7071,543,4,move,6,29.7071,29.7156,0,0.088,0.439,0.264,0.176,0.527,0.088,1.846,0.264,0.439,0.088,0.439,0.088,0.088,0.176,0.088,0.088,0.527,0.264,0.088,0.439,0.264,0.176,0.527,0.088,1.094,0.264,0.439,0.088,0.439,0.088,0.088,0.176,0.088,0.088,0.527,0.264,0.000,5.6,12.00,34.0
29.7474,544,4,move,6,29.7474,29.7560,0,0.088,0.439,0.264,0.176,0.527,0.088,1.582,0.264,0.439,0.088,0.439,0.088,0.088,0.176,0.088,0.088,0.527,0.264,0.088,0.439,0.264,0.176,0.527,0.088,0.753,0.264,0.439,0.088,0.439,0.088,0.088,0.176,0.088,0.088,0.527,0.264,0.000,5.6,12.00,34.0
29.7871,545,4,move,6,29.7871,29.7956,0,0.088,0.439,0.264,0.176,0.527,0.088,1.230,0.264,0.439,0.088,0.439,0.088,0.088,0.176,0.088,0.088,0.527,0.264,0.088,0.439,0.264,0.176,0.527,0.088,0.395,0.264,0.439,0.088,0.439,0.088,0.088,0.176,0.088,0.088,0.527,0.264,0.006,5.2,12.00,34.0
29.8274,546,4,move,6,29.8274,29.8359,0,0.088,0.439,0.264,0.176,0.527,0.088,0.967,0.264,0.439,0.088,0.439,0.088,0.088,0.176,0.088,0.088,0.527,0.264,0.088,0.439,0.264,0.176,0.527,0.088,0.024,0.264,0.439,0.088,0.439,0.088,0.088,0.176,0.088,0.088,0.527,0.264,0.006,5.2,12.00,34.0
29.8674,547,4,move,6,29.8674,29.8760,0,0.088,0.439,0.264,0.176,0.527,0.088,0.615,0.264,0.439,0.088,0.439,0.088,0.088,0.176,0.088,0.088,0.527,0.264,0.088,0.439,0.264,0.176,0.527,0.088,-0.352,0.264,0.439,0.088,0.439,0.088,0.088,0.176,0.088,0.088,0.527,0.264,0.006,5.2,12.00,34.0
29.9074,548,4,move,6,29.9074,29.9161,0,0.088,0.439,0.264,0.176,0.527,0.088,0.264,0.264,0.439,0.088,0.439,0.088,0.088,0.176,0.088,0.088,0.527,0.264,0.088,0.439,0.264,0.176,0.527,0.088,-0.728,0.264,0.439,0.088,0.439,0.088,0.088,0.176,0.088,0.088,0.527,0.264,0.006,5.6,12.00,33.0
29.9472,549,4,move,6,29.9472,29.9556,0,0.088,0.439,0.264,0.176,0.527,0.088,-0.088,0.264,0.439,0.088,0.439,0.088,0.088,0.176,0.088,0.088,0.527,0.264,0.088,0.439,0.264,0.176,0.527,0.088,-1.098,0.264,0.439,0.088,0.439,0.088,0.088,0.176,0.088,0.088,0.527,0.264,0.006,5.6,12.00,33.0
29.9874,550,4,move,6,29.9874,29.9954,0,0.088,0.439,0.264,0.176,0.527,0.088,-0.439,0.264,0.439,0.088,0.439,0.088,0.088,0.176,0.088,0.088,0.527,0.264,0.088,0.439,0.264,0.176,0.527,0.088,-1.456,0.264,0.439,0.088,0.439,0.088,0.088,0.176,0.088,0.088,0.527,0.264,0.006,5.6,12.00,33.0
30.0274,551,4,move,6,30.0274,30.0362,0,0.088,0.439,0.264,0.176,0.527,0.088,-0.791,0.264,0.439,0.088,0.439,0.088,0.088,0.176,0.088,0.088,0.527,0.264,0.088,0.439,0.264,0.176,0.527,0.088,-1.797,0.264,0.439,0.088,0.439,0.088,0.088,0.176,0.088,0.088,0.527,0.264,0.006,5.6,12.00,34.0
30.0674,552,4,move,6,30.0674,30.0760,0,0.088,0.439,0.264,0.176,0.527,0.088,-1.230,0.264,0.439,0.088,0.439,0.088,0.088,0.176,0.088,0.088,0.527,0.264,0.088,0.439,0.264,0.176,0.527,0.088,-2.115,0.264,0.439,0.088,0.439,0.088,0.088,0.176,0.088,0.088,0.527,0.264,0.006,5.6,12.00,34.0
30.1071,553,4,move,6,30.1071,30.1157,0,0.088,0.439,0.264,0.176,0.527,0.088,-1.582,0.264,0.439,0.088,0.439,0.088,0.088,0.176,0.088,0.088,0.527,0.264,0.088,0.439,0.264,0.176,0.527,0.088,-2.405,0.264,0.439,0.088,0.439,0.088,0.088,0.176,0.088,0.088,0.527,0.264,0.006,5.6,12.00,34.0
30.1472,554,4,move,6,30.1472,30.1557,0,0.088,0.439,0.264,0.176,0.527,0.088,-1.846,0.264,0.439,0.088,0.439,0.088,0.088,0.176,0.088,0.088,0.527,0.264,0.088,0.439,0.264,0.176,0.527,0.088,-2.663,0.264,0.439,0.088,0.439,0.088,0.088,0.176,0.088,0.088,0.527,0.264,0.006,4.8,12.00,34.0
30.1874,555,4,move,6,30.1874,30.1961,0,0.088,0.439,0.264,0.176,0.527,0.088,-2.197,0.264,0.439,0.088,0.439,0.088,0.088,0.176,0.088,0.088,0.527,0.264,0.088,0.439,0.264,0.176,0.527,0.088,-2.885,0.264,0.439,0.088,0.439,0.088,0.088,0.176,0.088,0.088,0.527,0.264,0.006,4.8,12.00,34.0
30.2274,556,4,move,6,30.2274,30.2361,0,0.088,0.439,0.264,0.176,0.527,0.088,-2.461,0.264,0.439,0.088,0.439,0.088,0.088,0.176,0.088,0.088,0.527,0.264,0.088,0.439,0.264,0.176,0.527,0.088,-3.066,0.264,0.439,0.088,0.439,0.088,0.088,0.176,0.088,0.088,0.527,0.264,0.006,4.8,12.00,34.0
30.2674,557,4,move,6,30.2674,30.2757,0,0.088,0.439,0.264,0.176,0.527,0.088,-2.725,0.264,0.439,0.088,0.439,0.088,0.088,0.176,0.088,0.088,0.527,0.264,0.088,0.439,0.264,0.176,0.527,0.088,-3.205,0.264,0.439,0.088,0.439,0.088,0.088,0.176,0.088,0.088,0.527,0.264,0.006,4.4,12.00,34.0
30.3074,558,4,move,6,30.3074,30.3154,0,0.088,0.439,0.264,0.176,0.527,0.088,-2.812,0.264,0.439,0.088,0.439,0.088,0.088,0.176,0.088,0.088,0.527,0.264,0.088,0.439,0.264,0.176,0.527,0.088,-3.298,0.264,0.439,0.088,0.439,0.088,0.088,0.176,0.088,0.088,0.527,0.264,0.006,4.4,12.00,34.0
30.3474,559,4,move,6,30.3474,30.3558,0,0.088,0.439,0.264,0.176,0.527,0.088,-2.900,0.264,0.439,0.088,0.439,0.088,0.088,0.176,0.088,0.088,0.527,0.264,0.088,0.439,0.264,0.176,0.527,0.088,-3.346,0.264,0.439,0.088,0.439,0.088,0.088,0.176,0.088,0.088,0.527,0.264,0.006,4.4,12.00,34.0
30.3874,560,4,move,6,30.3874,30.3959,0,0.088,0.439,0.264,0.176,0.527,0.088,-3.076,0.264,0.439,0.088,0.439,0.088,0.088,0.176,0.088,0.088,0.527,0.264,0.088,0.439,0.264,0.176,0.527,0.088,-3.346,0.264,0.439,0.088,0.439,0.088,0.088,0.176,0.088,0.088,0.527,0.264,0.000,2.8,12.00,34.0
30.4274,561,4,move,6,30.4274,30.4359,0,0.088,0.439,0.264,0.176,0.527,0.088,-3.076,0.264,0.439,0.088,0.439,0.088,0.088,0.176,0.088,0.088,0.527,0.264,0.088,0.439,0.264,0.176,0.527,0.088,-3.298,0.264,0.439,0.088,0.439,0.088,0.088,0.176,0.088,0.088,0.527,0.264,0.000,2.8,12.00,34.0
30.4674,562,4,move,6,30.4674,30.4760,0,0.088,0.439,0.264,0.176,0.527,0.088,-3.076,0.264,0.439,0.088,0.439,0.088,0.088,0.176,0.088,0.088,0.527,0.264,0.088,0.439,0.264,0.176,0.527,0.088,-3.205,0.264,0.439,0.088,0.439,0.088,0.088,0.176,0.088,0.088,0.527,0.264,0.000,2.8,12.00,34.0
30.5074,563,4,move,6,30.5074,30.5159,0,0.088,0.439,0.264,0.176,0.527,0.088,-3.076,0.264,0.439,0.088,0.439,0.088,0.088,0.176,0.088,0.088,0.527,0.264,0.088,0.439,0.264,0.176,0.527,0.088,-3.066,0.264,0.439,0.088,0.439,0.088,0.088,0.176,0.088,0.088,0.527,0.264,0.000,2.0,12.00,33.0
30.5471,564,4,move,6,30.5471,30.5552,0,0.088,0.439,0.264,0.176,0.527,0.088,-3.076,0.264,0.439,0.088,0.439,0.088,0.088,0.176,0.088,0.088,0.527,0.264,0.088,0.439,0.264,0.176,0.527,0.088,-2.885,0.264,0.439,0.088,0.439,0.088,0.088,0.176,0.088,0.088,0.527,0.264,0.000,2.0,12.00,33.0
30.5874,565,4,move,6,30.5874,30.5959,0,0.088,0.439,0.264,0.176,0.527,0.088,-3.076,0.264,0.439,0.088,0.439,0.088,0.088,0.176,0.088,0.088,0.527,0.264,0.088,0.439,0.264,0.176,0.527,0.088,-2.663,0.264,0.439,0.088,0.439,0.088,0.088,0.176,0.088,0.088,0.527,0.264,0.000,2.0,12.00,33.0
30.6272,566,4,move,6,30.6272,30.6358,0,0.088,0.439,0.264,0.176,0.527,0.088,-3.076,0.264,0.439,0.088,0.439,0.088,0.088,0.176,0.088,0.088,0.527,0.264,0.088,0.439,0.264,0.176,0.527,0.088,-2.405,0.264,0.439,0.088,0.439,0.088,0.088,0.176,0.088,0.088,0.527,0.264,0.006,5.2,12.00,34.0
30.6674,567,4,move,6,30.6674,30.6760,0,0.088,0.439,0.264,0.176,0.527,0.088,-3.076,0.264,0.439,0.088,0.439,0.088,0.088,0.176,0.088,0.088,0.527,0.264,0.088,0.439,0.264,0.176,0.527,0.088,-2.115,0.264,0.439,0.088,0.439,0.088,0.088,0.176,0.088,0.088,0.527,0.264,0.006,5.2,12.00,34.0
30.7072,568,4,move,6,30.7072,30.7156,0,0.088,0.439,0.264,0.176,0.527,0.088,-2.900,0.264,0.439,0.088,0.439,0.088,0.088,0.176,0.088,0.088,0.527,0.264,0.088,0.439,0.264,0.176,0.527,0.088,-1.797,0.264,0.439,0.088,0.439,0.088,0.088,0.176,0.088,0.088,0.527,0.264,0.006,5.2,12.00,34.0
30.7471,569,4,move,6,30.7471,30.7554,0,0.088,0.439,0.264,0.176,0.527,0.088,-2.373,0.264,0.439,0.088,0.439,0.088,0.088,0.176,0.088,0.088,0.527,0.264,0.088,0.439,0.264,0.176,0.527,0.088,-1.456,0.264,0.439,0.088,0.439,0.088,0.088,0.176,0.088,0.088,0.527,0.264,0.006,5.2,12.00,34.0
30.7872,570,4,move,6,30.7872,30.7959,0,0.088,0.439,0.264,0.176,0.527,0.088,-2.021,0.264,0.439,0.088,0.439,0.088,0.088,0.176,0.088,0.088,0.527,0.264,0.088,0.439,0.264,0.176,0.527,0.088,-1.098,0.264,0.439,0.088,0.439,0.088,0.088,0.176,0.088,0.088,0.527,0.264,0.006,5.2,12.00,34.0
30.8271,571,4,move,6,30.8271,30.8358,0,0.088,0.439,0.264,0.176,0.527,0.088,-1.758,0.264,0.439,0.088,0.439,0.088,0.088,0.176,0.088,0.088,0.527,0.264,0.088,0.439,0.264,0.176,0.527,0.088,-0.728,0.264,0.439,0.088,0.439,0.088,0.088,0.176,0.088,0.088,0.527,0.264,0.006,5.2,12.00,34.0
30.8672,572,4,move,6,30.8672,30.8759,0,0.088,0.439,0.264,0.176,0.527,0.088,-1.406,0.264,0.439,0.088,0.439,0.088,0.088,0.176,0.088,0.088,0.527,0.264,0.088,0.439,0.264,0.176,0.527,0.088,-0.352,0.264,0.439,0.088,0.439,0.088,0.088,0.176,0.088,0.088,0.527,0.264,0.006,5.2,12.00,34.0
30.9074,573,4,move,6,30.9074,30.9160,0,0.088,0.439,0.264,0.176,0.527,0.088,-0.967,0.264,0.439,0.088,0.439,0.088,0.088,0.176,0.088,0.088,0.527,0.264,0.088,0.439,0.264,0.176,0.527,0.088,0.024,0.264,0.439,0.088,0.439,0.088,0.088,0.176,0.088,0.088,0.527,0.264,0.006,5.2,12.00,34.0
30.9472,574,4,move,6,30.9472,30.9554,0,0.088,0.439,0.264,0.176,0.527,0.088,-0.615,0.264,0.439,0.088,0.439,0.088,0.088,0.176,0.088,0.088,0.527,0.264,0.088,0.439,0.264,0.176,0.527,0.088,0.395,0.264,0.439,0.088,0.439,0.088,0.088,0.176,0.088,0.088,0.527,0.264,0.006,5.2,12.00,34.0
30.9872,575,4,move,6,30.9872,30.9957,0,0.088,0.439,0.264,0.176,0.527,0.088,-0.264,0.264,0.439,0.088,0.439,0.088,0.088,0.176,0.088,0.088,0.527,0.264,0.088,0.439,0.264,0.176,0.527,0.088,0.753,0.264,0.439,0.088,0.439,0.088,0.088,0.176,0.088,0.088,0.527,0.264,0.013,6.0,12.00,34.0
31.0274,576,4,move,6,31.0274,31.0357,0,0.088,0.439,0.264,0.176,0.527,0.088,0.088,0.264,0.439,0.088,0.439,0.088,0.088,0.176,0.088,0.088,0.527,0.264,0.088,0.439,0.264,0.176,0.527,0.088,1.094,0.264,0.439,0.088,0.439,0.088,0.088,0.176,0.088,0.088,0.527,0.264,0.013,6.0,12.00,34.0
31.0672,577,4,move,6,31.0672,31.0752,0,0.088,0.439,0.264,0.176,0.527,0.088,0.439,0.264,0.439,0.088,0.439,0.088,0.088,0.176,0.088,0.088,0.527,0.264,0.088,0.439,0.264,0.176,0.527,0.088,1.412,0.264,0.439,0.088,0.439,0.088,0.088,0.176,0.088,0.088,0.527,0.264,0.013,6.0,12.00,34.0
31.1071,578,4,move,6,31.1071,31.1158,0,0.088,0.439,0.264,0.176,0.527,0.088,0.791,0.264,0.439,0.088,0.439,0.088,0.088,0.176,0.088,0.088,0.527,0.264,0.088,0.439,0.264,0.176,0.527,0.088,1.702,0.264,0.439,0.088,0.439,0.088,0.088,0.176,0.088,0.088,0.527,0.264,0.006,4.8,12.00,34.0
31.1472,579,4,move,6,31.1472,31.1557,0,0.088,0.439,0.264,0.176,0.527,0.088,1.143,0.264,0.439,0.088,0.439,0.088,0.088,0.176,0.088,0.088,0.527,0.264,0.088,0.439,0.264,0.176,0.527,0.088,1.960,0.264,0.439,0.088,0.439,0.088,0.088,0.176,0.088,0.088,0.527,0.264,0.006,4.8,12.00,34.0
31.1872,580,4,move,6,31.1872,31.1956,0,0.088,0.439,0.264,0.176,0.527,0.088,1.406,0.264,0.439,0.088,0.439,0.088,0.088,0.176,0.088,0.088,0.527,0.264,0.088,0.439,0.264,0.176,0.527,0.088,2.181,0.264,0.439,0.088,0.439,0.088,0.088,0.176,0.088,0.088,0.527,0.264,0.006,4.8,12.00,34.0
31.2274,581,4,move,6,31.2274,31.2360,0,0.088,0.439,0.264,0.176,0.527,0.088,1.758,0.264,0.439,0.088,0.439,0.088,0.088,0.176,0.088,0.088,0.527,0.264,0.088,0.439,0.264,0.176,0.527,0.088,2.363,0.264,0.439,0.088,0.439,0.088,0.088,0.176,0.088,0.088,0.527,0.264,0.006,4.0,12.00,34.0
31.2674,582,4,move,6,31.2674,31.2760,0,0.088,0.439,0.264,0.176,0.527,0.088,1.934,0.264,0.439,0.088,0.439,0.088,0.088,0.176,0.088,0.088,0.527,0.264,0.088,0.439,0.264,0.176,0.527,0.088,2.502,0.264,0.439,0.088,0.439,0.088,0.088,0.176,0.088,0.088,0.527,0.264,0.006,4.0,12.00,34.0
31.3071,583,4,move,6,31.3071,31.3156,0,0.088,0.439,0.264,0.176,0.527,0.088,2.197,0.264,0.439,0.088,0.439,0.088,0.088,0.176,0.088,0.088,0.527,0.264,0.088,0.439,0.264,0.176,0.527,0.088,2.595,0.264,0.439,0.088,0.439,0.088,0.088,0.176,0.088,0.088,0.527,0.264,0.006,4.0,12.00,34.0
31.3474,584,4,move,6,31.3474,31.3558,0,0.088,0.439,0.264,0.176,0.527,0.088,2.285,0.264,0.439,0.088,0.439,0.088,0.088,0.176,0.088,0.088,0.527,0.264,0.088,0.439,0.264,0.176,0.527,0.088,2.643,0.264,0.439,0.088,0.439,0.088,0.088,0.176,0.088,0.088,0.527,0.264,0.006,4.0,12.00,34.0
31.3872,585,4,move,6,31.3872,31.3959,0,0.088,0.439,0.264,0.176,0.527,0.088,2.373,0.264,0.439,0.088,0.439,0.088,0.088,0.176,0.088,0.088,0.527,0.264,0.088,0.439,0.264,0.176,0.527,0.088,2.643,0.264,0.439,0.088,0.439,0.088,0.088,0.176,0.088,0.088,0.527,0.264,0.006,4.0,12.00,34.0
31.4274,586,4,move,6,31.4274,31.4360,0,0.088,0.439,0.264,0.176,0.527,0.088,2.461,0.264,0.439,0.088,0.439,0.088,0.088,0.176,0.088,0.088,0.527,0.264,0.088,0.439,0.264,0.176,0.527,0.088,2.595,0.264,0.439,0.088,0.439,0.088,0.088,0.176,0.088,0.088,0.527,0.264,0.006,4.0,12.00,34.0
31.4672,587,4,move,6,31.4672,31.4758,0,0.088,0.439,0.264,0.176,0.527,0.088,2.461,0.264,0.439,0.088,0.439,0.088,0.088,0.176,0.088,0.088,0.527,0.264,0.088,0.439,0.264,0.176,0.527,0.088,2.502,0.264,0.439,0.088,0.439,0.088,0.088,0.176,0.088,0.088,0.527,0.264,0.000,0.0,12.00,34.0
31.5074,588,4,move,6,31.5074,31.5160,0,0.088,0.439,0.264,0.176,0.527,0.088,2.461,0.264,0.439,0.088,0.439,0.088,0.088,0.176,0.088,0.088,0.527,0.264,0.088,0.439,0.264,0.176,0.527,0.088,2.363,0.264,0.439,0.088,0.439,0.088,0.088,0.176,0.088,0.088,0.527,0.264,0.000,0.0,12.00,34.0
31.5471,589,4,move,6,31.5471,31.5557,0,0.088,0.439,0.264,0.176,0.527,0.088,2.461,0.264,0.439,0.088,0.439,0.088,0.088,0.176,0.088,0.088,0.527,0.264,0.088,0.439,0.264,0.176,0.527,0.088,2.181,0.264,0.439,0.088,0.439,0.088,0.088,0.176,0.088,0.088,0.527,0.264,0.000,0.0,12.00,34.0
31.5872,590,4,move,6,31.5872,31.5954,0,0.088,0.439,0.264,0.176,0.527,0.088,2.461,0.264,0.439,0.088,0.439,0.088,0.088,0.176,0.088,0.088,0.527,0.264,0.088,0.439,0.264,0.176,0.527,0.088,1.960,0.264,0.439,0.088,0.439,0.088,0.088,0.176,0.088,0.088,0.527,0.264,0.006,4.4,12.00,34.0
31.6271,591,4,move,6,31.6271,31.6376,0,0.088,0.439,0.264,0.176,0.527,0.088,2.461,0.264,0.439,0.088,0.439,0.088,0.088,0.176,0.088,0.088,0.527,0.264,0.088,0.439,0.264,0.176,0.527,0.088,1.702,0.264,0.439,0.088,0.439,0.088,0.088,0.176,0.088,0.088,0.527,0.264,0.006,4.4,12.00,34.0
31.6672,592,4,move,6,31.6672,31.6759,0,0.088,0.439,0.264,0.176,0.527,0.088,2.285,0.264,0.439,0.088,0.439,0.088,0.088,0.176,0.088,0.088,0.527,0.264,0.088,0.439,0.264,0.176,0.527,0.088,1.412,0.264,0.439,0.088,0.439,0.088,0.088,0.176,0.088,0.088,0.527,0.264,0.006,4.4,12.00,34.0
31.7074,593,4,move,6,31.7074,31.7160,0,0.088,0.439,0.264,0.176,0.527,0.088,1.846,0.264,0.439,0.088,0.439,0.088,0.088,0.176,0.088,0.088,0.527,0.264,0.088,0.439,0.264,0.176,0.527,0.088,1.094,0.264,0.439,0.088,0.439,0.088,0.088,0.176,0.088,0.088,0.527,0.264,0.000,3.2,12.00,34.0
31.7471,594,4,move,6,31.7471,31.7558,0,0.088,0.439,0.264,0.176,0.527,0.088,1.582,0.264,0.439,0.088,0.439,0.088,0.088,0.176,0.088,0.088,0.527,0.264,0.088,0.439,0.264,0.176,0.527,0.088,0.753,0.264,0.439,0.088,0.439,0.088,0.088,0.176,0.088,0.088,0.527,0.264,0.000,3.2,12.00,34.0
31.7872,595,4,move,6,31.7872,31.7950,0,0.088,0.439,0.264,0.176,0.527,0.088,1.230,0.264,0.439,0.088,0.439,0.088,0.088,0.176,0.088,0.088,0.527,0.264,0.088,0.439,0.264,0.176,0.527,0.088,0.395,0.264,0.439,0.088,0.439,0.088,0.088,0.176,0.088,0.088,0.527,0.264,0.000,3.2,12.00,34.0
31.8271,596,4,move,6,31.8271,31.8352,0,0.088,0.439,0.264,0.176,0.527,0.088,0.967,0.264,0.439,0.088,0.439,0.088,0.088,0.176,0.088,0.088,0.527,0.264,0.088,0.439,0.264,0.176,0.527,0.088,0.024,0.264,0.439,0.088,0.439,0.088,0.088,0.176,0.088,0.088,0.527,0.264,0.006,4.4,12.00,34.0
31.8672,597,4,move,6,31.8672,31.8753,0,0.088,0.439,0.264,0.176,0.527,0.088,0.615,0.264,0.439,0.088,0.439,0.088,0.088,0.176,0.088,0.088,0.527,0.264,0.088,0.439,0.264,0.176,0.527,0.088,-0.352,0.264,0.439,0.088,0.439,0.088,0.088,0.176,0.088,0.088,0.527,0.264,0.006,4.4,12.00,34.0
31.9072,598,4,move,6,31.9072,31.9152,0,0.088,0.439,0.264,0.176,0.527,0.088,0.264,0.264,0.439,0.088,0.439,0.088,0.088,0.176,0.088,0.088,0.527,0.264,0.088,0.439,0.264,0.176,0.527,0.088,-0.728,0.264,0.439,0.088,0.439,0.088,0.088,0.176,0.088,0.088,0.527,0.264,0.006,4.4,12.00,34.0
31.9472,599,4,move,6,31.9472,31.9552,0,0.088,0.439,0.264,0.176,0.527,0.088,-0.088,0.264,0.439,0.088,0.439,0.088,0.088,0.176,0.088,0.088,0.527,0.264,0.088,0.439,0.264,0.176,0.527,0.088,-1.098,0.264,0.439,0.088,0.439,0.088,0.088,0.176,0.088,0.088,0.527,0.264,0.013,5.6,12.00,34.0
31.9896,600,4,move,6,31.9896,31.9969,0,0.088,0.439,0.264,0.176,0.527,0.088,-0.439,0.264,0.439,0.088,0.439,0.088,0.088,0.176,0.088,0.088,0.527,0.264,0.088,0.439,0.264,0.176,0.527,0.088,-1.456,0.264,0.439,0.088,0.439,0.088,0.088,0.176,0.088,0.088,0.527,0.264,0.013,5.6,12.00,34.0
32.0275,601,4,move,6,32.0275,32.0361,0,0.088,0.439,0.264,0.176,0.527,0.088,-0.791,0.264,0.439,0.088,0.439,0.088,0.088,0.176,0.088,0.088,0.527,0.264,0.088,0.439,0.264,0.176,0.527,0.088,-1.797,0.264,0.439,0.088,0.439,0.088,0.088,0.176,0.088,0.088,0.527,0.264,0.013,5.6,12.00,34.0
32.0671,602,4,move,6,32.0671,32.0756,0,0.088,0.439,0.264,0.176,0.527,0.088,-1.143,0.264,0.439,0.088,0.439,0.088,0.088,0.176,0.088,0.088,0.527,0.264,0.088,0.439,0.264,0.176,0.527,0.088,-2.115,0.264,0.439,0.088,0.439,0.088,0.088,0.176,0.088,0.088,0.527,0.264,0.006,5.6,12.00,34.0
32.1074,603,4,move,6,32.1074,32.1150,0,0.088,0.439,0.264,0.176,0.527,0.088,-1.582,0.264,0.439,0.088,0.439,0.088,0.088,0.176,0.088,0.088,0.527,0.264,0.088,0.439,0.264,0.176,0.527,0.088,-2.405,0.264,0.439,0.088,0.439,0.088,0.088,0.176,0.088,0.088,0.527,0.264,0.006,5.6,12.00,34.0
32.1474,604,4,move,6,32.1474,32.1559,0,0.088,0.439,0.264,0.176,0.527,0.088,-1.846,0.264,0.439,0.088,0.439,0.088,0.088,0.176,0.088,0.088,0.527,0.264,0.088,0.439,0.264,0.176,0.527,0.088,-2.663,0.264,0.439,0.088,0.439,0.088,0.088,0.176,0.088,0.088,0.527,0.264,0.006,5.6,12.00,34.0
32.1894,605,4,move,6,32.1894,32.1974,0,0.088,0.439,0.264,0.176,0.527,0.088,-2.197,0.264,0.439,0.088,0.439,0.088,0.088,0.176,0.088,0.088,0.527,0.264,0.088,0.439,0.264,0.176,0.527,0.088,-2.885,0.264,0.439,0.088,0.439,0.088,0.088,0.176,0.088,0.088,0.527,0.264,0.006,4.8,12.00,33.0
32.2272,606,4,move,6,32.2272,32.2355,0,0.088,0.439,0.264,0.176,0.527,0.088,-2.461,0.264,0.439,0.088,0.439,0.088,0.088,0.176,0.088,0.088,0.527,0.264,0.088,0.439,0.264,0.176,0.527,0.088,-3.066,0.264,0.439,0.088,0.439,0.088,0.088,0.176,0.088,0.088,0.527,0.264,0.006,4.8,12.00,33.0
32.2671,607,4,move,6,32.2671,32.2758,0,0.088,0.439,0.264,0.176,0.527,0.088,-2.725,0.264,0.439,0.088,0.439,0.088,0.088,0.176,0.088,0.088,0.527,0.264,0.088,0.439,0.264,0.176,0.527,0.088,-3.205,0.264,0.439,0.088,0.439,0.088,0.088,0.176,0.088,0.088,0.527,0.264,0.006,4.8,12.00,33.0
32.3072,608,4,move,6,32.3072,32.3158,0,0.088,0.439,0.264,0.176,0.527,0.088,-2.812,0.264,0.439,0.088,0.439,0.088,0.088,0.176,0.088,0.088,0.527,0.264,0.088,0.439,0.264,0.176,0.527,0.088,-3.298,0.264,0.439,0.088,0.439,0.088,0.088,0.176,0.088,0.088,0.527,0.264,0.000,5.2,12.00,34.0
32.3471,609,4,move,6,32.3471,32.3556,0,0.088,0.439,0.264,0.176,0.527,0.088,-2.988,0.264,0.439,0.088,0.439,0.088,0.088,0.176,0.088,0.088,0.527,0.264,0.088,0.439,0.264,0.176,0.527,0.088,-3.346,0.264,0.439,0.088,0.439,0.088,0.088,0.176,0.088,0.088,0.527,0.264,0.000,5.2,12.00,34.0
32.3874,610,4,move,6,32.3874,32.3958,0,0.088,0.439,0.264,0.176,0.527,0.088,-3.076,0.264,0.439,0.088,0.439,0.088,0.088,0.176,0.088,0.088,0.527,0.264,0.088,0.439,0.264,0.176,0.527,0.088,-3.346,0.264,0.439,0.088,0.439,0.088,0.088,0.176,0.088,0.088,0.527,0.264,0.000,5.2,12.00,34.0
32.4272,611,4,move,6,32.4272,32.4355,0,0.088,0.439,0.264,0.176,0.527,0.088,-3.164,0.264,0.439,0.088,0.439,0.088,0.088,0.176,0.088,0.088,0.527,0.264,0.088,0.439,0.264,0.176,0.527,0.088,-3.298,0.264,0.439,0.088,0.439,0.088,0.088,0.176,0.088,0.088,0.527,0.264,0.006,2.0,12.00,34.0
32.4671,612,4,move,6,32.4671,32.4758,0,0.088,0.439,0.264,0.176,0.527,0.088,-3.164,0.264,0.439,0.088,0.439,0.088,0.088,0.176,0.088,0.088,0.527,0.264,0.088,0.439,0.264,0.176,0.527,0.088,-3.205,0.264,0.439,0.088,0.439,0.088,0.088,0.176,0.088,0.088,0.527,0.264,0.006,2.0,12.00,34.0
32.5072,613,4,move,6,32.5072,32.5158,0,0.088,0.439,0.264,0.176,0.527,0.088,-3.164,0.264,0.439,0.088,0.439,0.088,0.088,0.176,0.088,0.088,0.527,0.264,0.088,0.439,0.264,0.176,0.527,0.088,-3.066,0.264,0.439,0.088,0.439,0.088,0.088,0.176,0.088,0.088,0.527,0.264,0.006,2.0,12.00,34.0
32.5474,614,4,move,6,32.5474,32.5559,0,0.088,0.439,0.264,0.176,0.527,0.088,-3.164,0.264,0.439,0.088,0.439,0.088,0.088,0.176,0.088,0.088,0.527,0.264,0.088,0.439,0.264,0.176,0.527,0.088,-2.885,0.264,0.439,0.088,0.439,0.088,0.088,0.176,0.088,0.088,0.527,0.264,0.000,0.0,12.00,34.0
32.5874,615,4,move,6,32.5874,32.5959,0,0.088,0.439,0.264,0.176,0.527,0.088,-3.164,0.264,0.439,0.088,0.439,0.088,0.088,0.176,0.088,0.088,0.527,0.264,0.088,0.439,0.264,0.176,0.527,0.088,-2.663,0.264,0.439,0.088,0.439,0.088,0.088,0.176,0.088,0.088,0.527,0.264,0.000,0.0,12.00,34.0
32.6272,616,4,move,6,32.6272,32.6357,0,0.088,0.439,0.264,0.176,0.527,0.088,-3.076,0.264,0.439,0.088,0.439,0.088,0.088,0.176,0.088,0.088,0.527,0.264,0.088,0.439,0.264,0.176,0.527,0.088,-2.405,0.264,0.439,0.088,0.439,0.088,0.088,0.176,0.088,0.088,0.527,0.264,0.000,0.0,12.00,34.0
32.6674,617,4,move,6,32.6674,32.6759,0,0.088,0.439,0.264,0.176,0.527,0.088,-3.076,0.264,0.439,0.088,0.439,0.088,0.088,0.176,0.088,0.088,0.527,0.264,0.088,0.439,0.264,0.176,0.527,0.088,-2.115,0.264,0.439,0.088,0.439,0.088,0.088,0.176,0.088,0.088,0.527,0.264,0.006,6.8,12.00,38.0
32.7074,618,4,move,6,32.7074,32.7159,0,0.088,0.439,0.264,0.176,0.527,0.088,-2.725,0.264,0.439,0.088,0.439,0.088,0.088,0.176,0.088,0.088,0.527,0.264,0.088,0.439,0.264,0.176,0.527,0.088,-1.797,0.264,0.439,0.088,0.439,0.088,0.088,0.176,0.088,0.088,0.527,0.264,0.006,6.8,12.00,38.0
32.7472,619,4,move,6,32.7472,32.7555,0,0.088,0.439,0.264,0.176,0.527,0.088,-2.373,0.264,0.439,0.088,0.439,0.088,0.088,0.176,0.088,0.088,0.527,0.264,0.088,0.439,0.264,0.176,0.527,0.088,-1.456,0.264,0.439,0.088,0.439,0.088,0.088,0.176,0.088,0.088,0.527,0.264,0.006,6.8,12.00,38.0
32.7874,620,4,move,6,32.7874,32.7959,0,0.088,0.439,0.264,0.176,0.527,0.088,-2.021,0.264,0.439,0.088,0.439,0.088,0.088,0.176,0.088,0.088,0.527,0.264,0.088,0.439,0.264,0.176,0.527,0.088,-1.098,0.264,0.439,0.088,0.439,0.088,0.088,0.176,0.088,0.088,0.527,0.264,0.006,3.6,12.00,34.0
32.8271,621,4,move,6,32.8271,32.8358,0,0.088,0.439,0.264,0.176,0.527,0.088,-1.758,0.264,0.439,0.088,0.439,0.088,0.088,0.176,0.088,0.088,0.527,0.264,0.088,0.439,0.264,0.176,0.527,0.088,-0.728,0.264,0.439,0.088,0.439,0.088,0.088,0.176,0.088,0.088,0.527,0.264,0.006,3.6,12.00,34.0
32.8671,622,4,move,6,32.8671,32.8758,0,0.088,0.439,0.264,0.176,0.527,0.088,-1.318,0.264,0.439,0.088,0.439,0.088,0.088,0.176,0.088,0.088,0.527,0.264,0.088,0.439,0.264,0.176,0.527,0.088,-0.352,0.264,0.439,0.088,0.439,0.088,0.088,0.176,0.088,0.088,0.527,0.264,0.006,3.6,12.00,34.0
32.9074,623,4,move,6,32.9074,32.9161,0,0.088,0.439,0.264,0.176,0.527,0.088,-0.967,0.264,0.439,0.088,0.439,0.088,0.088,0.176,0.088,0.088,0.527,0.264,0.088,0.439,0.264,0.176,0.527,0.088,0.024,0.264,0.439,0.088,0.439,0.088,0.088,0.176,0.088,0.088,0.527,0.264,0.006,5.6,12.00,33.0
32.9474,624,4,move,6,32.9474,32.9561,0,0.088,0.439,0.264,0.176,0.527,0.088,-0.615,0.264,0.439,0.088,0.439,0.088,0.088,0.176,0.088,0.088,0.527,0.264,0.088,0.439,0.264,0.176,0.527,0.088,0.395,0.264,0.439,0.088,0.439,0.088,0.088,0.176,0.088,0.088,0.527,0.264,0.006,5.6,12.00,33.0
32.9872,625,4,move,6,32.9872,32.9959,0,0.088,0.439,0.264,0.176,0.527,0.088,-0.264,0.264,0.439,0.088,0.439,0.088,0.088,0.176,0.088,0.088,0.527,0.264,0.088,0.439,0.264,0.176,0.527,0.088,0.753,0.264,0.439,0.088,0.439,0.088,0.088,0.176,0.088,0.088,0.527,0.264,0.006,5.6,12.00,33.0
33.0274,626,4,move,6,33.0274,33.0352,0,0.088,0.439,0.264,0.176,0.527,0.088,0.088,0.264,0.439,0.088,0.439,0.088,0.088,0.176,0.088,0.088,0.527,0.264,0.088,0.439,0.264,0.176,0.527,0.088,1.094,0.264,0.439,0.088,0.439,0.088,0.088,0.176,0.088,0.088,0.527,0.264,0.000,5.6,12.00,33.0
33.0674,627,4,move,6,33.0674,33.0759,0,0.088,0.439,0.264,0.176,0.527,0.088,0.439,0.264,0.439,0.088,0.439,0.088,0.088,0.176,0.088,0.088,0.527,0.264,0.088,0.439,0.264,0.176,0.527,0.088,1.412,0.264,0.439,0.088,0.439,0.088,0.088,0.176,0.088,0.088,0.527,0.264,0.000,5.6,12.00,33.0
33.1072,628,4,move,6,33.1072,33.1158,0,0.088,0.439,0.264,0.176,0.527,0.088,0.791,0.264,0.439,0.088,0.439,0.088,0.088,0.176,0.088,0.088,0.527,0.264,0.088,0.439,0.264,0.176,0.527,0.088,1.702,0.264,0.439,0.088,0.439,0.088,0.088,0.176,0.088,0.088,0.527,0.264,0.000,5.6,12.00,33.0
33.1472,629,4,move,6,33.1472,33.1578,0,0.088,0.439,0.264,0.176,0.527,0.088,1.143,0.264,0.439,0.088,0.439,0.088,0.088,0.176,0.088,0.088,0.527,0.264,0.088,0.439,0.264,0.176,0.527,0.088,1.960,0.264,0.439,0.088,0.439,0.088,0.088,0.176,0.088,0.088,0.527,0.264,0.006,4.8,12.00,34.0
33.1872,630,4,move,6,33.1872,33.1959,0,0.088,0.439,0.264,0.176,0.527,0.088,1.406,0.264,0.439,0.088,0.439,0.088,0.088,0.176,0.088,0.088,0.527,0.264,0.088,0.439,0.264,0.176,0.527,0.088,2.181,0.264,0.439,0.088,0.439,0.088,0.088,0.176,0.088,0.088,0.527,0.264,0.006,4.8,12.00,34.0
33.2272,631,4,move,6,33.2272,33.2358,0,0.088,0.439,0.264,0.176,0.527,0.088,1.758,0.264,0.439,0.088,0.439,0.088,0.088,0.176,0.088,0.088,0.527,0.264,0.088,0.439,0.264,0.176,0.527,0.088,2.363,0.264,0.439,0.088,0.439,0.088,0.088,0.176,0.088,0.088,0.527,0.264,0.006,4.8,12.00,34.0
33.2671,632,4,move,6,33.2671,33.2758,0,0.088,0.439,0.264,0.176,0.527,0.088,1.934,0.264,0.439,0.088,0.439,0.088,0.088,0.176,0.088,0.088,0.527,0.264,0.088,0.439,0.264,0.176,0.527,0.088,2.502,0.264,0.439,0.088,0.439,0.088,0.088,0.176,0.088,0.088,0.527,0.264,0.000,4.0,12.00,34.0
33.3072,633,4,move,6,33.3072,33.3150,0,0.088,0.439,0.264,0.176,0.527,0.088,2.109,0.264,0.439,0.088,0.439,0.088,0.088,0.176,0.088,0.088,0.527,0.264,0.088,0.439,0.264,0.176,0.527,0.088,2.595,0.264,0.439,0.088,0.439,0.088,0.088,0.176,0.088,0.088,0.527,0.264,0.000,4.0,12.00,34.0
33.3471,634,4,move,6,33.3471,33.3558,0,0.088,0.439,0.264,0.176,0.527,0.088,2.285,0.264,0.439,0.088,0.439,0.088,0.088,0.176,0.088,0.088,0.527,0.264,0.088,0.439,0.264,0.176,0.527,0.088,2.643,0.264,0.439,0.088,0.439,0.088,0.088,0.176,0.088,0.088,0.527,0.264,0.000,4.0,12.00,34.0
33.3872,635,4,move,6,33.3872,33.3950,0,0.088,0.439,0.264,0.176,0.527,0.088,2.373,0.264,0.439,0.088,0.439,0.088,0.088,0.176,0.088,0.088,0.527,0.264,0.088,0.439,0.264,0.176,0.527,0.088,2.643,0.264,0.439,0.088,0.439,0.088,0.088,0.176,0.088,0.088,0.527,0.264,0.000,2.8,12.00,34.0
33.4272,636,4,move,6,33.4272,33.4350,0,0.088,0.439,0.264,0.176,0.527,0.088,2.461,0.264,0.439,0.088,0.439,0.088,0.088,0.176,0.088,0.088,0.527,0.264,0.088,0.439,0.264,0.176,0.527,0.088,2.595,0.264,0.439,0.088,0.439,0.088,0.088,0.176,0.088,0.088,0.527,0.264,0.000,2.8,12.00,34.0
33.4671,637,4,move,6,33.4671,33.4758,0,0.088,0.439,0.264,0.176,0.527,0.088,2.461,0.264,0.439,0.088,0.439,0.088,0.088,0.176,0.088,0.088,0.527,0.264,0.088,0.439,0.264,0.176,0.527,0.088,2.502,0.264,0.439,0.088,0.439,0.088,0.088,0.176,0.088,0.088,0.527,0.264,0.000,2.8,12.00,34.0
33.5072,638,4,move,6,33.5072,33.5157,0,0.088,0.439,0.264,0.176,0.527,0.088,2.461,0.264,0.439,0.088,0.439,0.088,0.088,0.176,0.088,0.088,0.527,0.264,0.088,0.439,0.264,0.176,0.527,0.088,2.363,0.264,0.439,0.088,0.439,0.088,0.088,0.176,0.088,0.088,0.527,0.264,0.000,0.0,12.00,34.0
33.5471,639,4,move,6,33.5471,33.5547,0,0.088,0.439,0.264,0.176,0.527,0.088,2.461,0.264,0.439,0.088,0.439,0.088,0.088,0.176,0.088,0.088,0.527,0.264,0.088,0.439,0.264,0.176,0.527,0.088,2.181,0.264,0.439,0.088,0.439,0.088,0.088,0.176,0.088,0.088,0.527,0.264,0.000,0.0,12.00,34.0
33.5872,640,4,move,6,33.5872,33.5950,0,0.088,0.439,0.264,0.176,0.527,0.088,2.461,0.264,0.439,0.088,0.439,0.088,0.088,0.176,0.088,0.088,0.527,0.264,0.088,0.439,0.264,0.176,0.527,0.088,1.960,0.264,0.439,0.088,0.439,0.088,0.088,0.176,0.088,0.088,0.527,0.264,0.000,0.0,12.00,34.0
33.6272,641,4,move,6,33.6272,33.6348,0,0.088,0.439,0.264,0.176,0.527,0.088,2.461,0.264,0.439,0.088,0.439,0.088,0.088,0.176,0.088,0.088,0.527,0.264,0.088,0.439,0.264,0.176,0.527,0.088,1.702,0.264,0.439,0.088,0.439,0.088,0.088,0.176,0.088,0.088,0.527,0.264,0.006,6.8,12.00,34.0
33.6671,642,4,move,6,33.6671,33.6756,0,0.088,0.439,0.264,0.176,0.527,0.088,2.285,0.264,0.439,0.088,0.439,0.088,0.088,0.176,0.088,0.088,0.527,0.264,0.088,0.439,0.264,0.176,0.527,0.088,1.412,0.264,0.439,0.088,0.439,0.088,0.088,0.176,0.088,0.088,0.527,0.264,0.006,6.8,12.00,34.0
33.7072,643,4,move,6,33.7072,33.7159,0,0.088,0.439,0.264,0.176,0.527,0.088,1.846,0.264,0.439,0.088,0.439,0.088,0.088,0.176,0.088,0.088,0.527,0.264,0.088,0.439,0.264,0.176,0.527,0.088,1.094,0.264,0.439,0.088,0.439,0.088,0.088,0.176,0.088,0.088,0.527,0.264,0.006,6.8,12.00,34.0
33.7472,644,4,move,6,33.7472,33.7560,0,0.088,0.439,0.264,0.176,0.527,0.088,1.582,0.264,0.439,0.088,0.439,0.088,0.088,0.176,0.088,0.088,0.527,0.264,0.088,0.439,0.264,0.176,0.527,0.088,0.753,0.264,0.439,0.088,0.439,0.088,0.088,0.176,0.088,0.088,0.527,0.264,0.000,4.8,12.00,34.0
33.7871,645,4,move,6,33.7871,33.7958,0,0.088,0.439,0.264,0.176,0.527,0.088,1.230,0.264,0.439,0.088,0.439,0.088,0.088,0.176,0.088,0.088,0.527,0.264,0.088,0.439,0.264,0.176,0.527,0.088,0.395,0.264,0.439,0.088,0.439,0.088,0.088,0.176,0.088,0.088,0.527,0.264,0.000,4.8,12.00,34.0
33.8272,646,4,move,6,33.8272,33.8348,0,0.088,0.439,0.264,0.176,0.527,0.088,0.967,0.264,0.439,0.088,0.439,0.088,0.088,0.176,0.088,0.088,0.527,0.264,0.088,0.439,0.264,0.176,0.527,0.088,0.024,0.264,0.439,0.088,0.439,0.088,0.088,0.176,0.088,0.088,0.527,0.264,0.000,4.8,12.00,34.0
33.8671,647,4,move,6,33.8671,33.8755,0,0.088,0.439,0.264,0.176,0.527,0.088,0.615,0.264,0.439,0.088,0.439,0.088,0.088,0.176,0.088,0.088,0.527,0.264,0.088,0.439,0.264,0.176,0.527,0.088,-0.352,0.264,0.439,0.088,0.439,0.088,0.088,0.176,0.088,0.088,0.527,0.264,0.006,5.6,12.00,34.0
33.9072,648,4,move,6,33.9072,33.9150,0,0.088,0.439,0.264,0.176,0.527,0.088,0.264,0.264,0.439,0.088,0.439,0.088,0.088,0.176,0.088,0.088,0.527,0.264,0.088,0.439,0.264,0.176,0.527,0.088,-0.728,0.264,0.439,0.088,0.439,0.088,0.088,0.176,0.088,0.088,0.527,0.264,0.006,5.6,12.00,34.0
33.9474,649,4,move,6,33.9474,33.9561,0,0.088,0.439,0.264,0.176,0.527,0.088,-0.176,0.264,0.439,0.088,0.439,0.088,0.088,0.176,0.088,0.088,0.527,0.264,0.088,0.439,0.264,0.176,0.527,0.088,-1.098,0.264,0.439,0.088,0.439,0.088,0.088,0.176,0.088,0.088,0.527,0.264,0.006,5.6,12.00,34.0
33.9871,650,4,move,6,33.9871,33.9956,0,0.088,0.439,0.264,0.176,0.527,0.088,-0.439,0.264,0.439,0.088,0.439,0.088,0.088,0.176,0.088,0.088,0.527,0.264,0.088,0.439,0.264,0.176,0.527,0.088,-1.456,0.264,0.439,0.088,0.439,0.088,0.088,0.176,0.088,0.088,0.527,0.264,0.006,5.6,12.00,34.0
34.0271,651,4,move,6,34.0271,34.0359,0,0.088,0.439,0.264,0.176,0.527,0.088,-0.791,0.264,0.439,0.088,0.439,0.088,0.088,0.176,0.088,0.088,0.527,0.264,0.088,0.439,0.264,0.176,0.527,0.088,-1.797,0.264,0.439,0.088,0.439,0.088,0.088,0.176,0.088,0.088,0.527,0.264,0.006,5.6,12.00,34.0
34.0674,652,4,move,6,34.0674,34.0752,0,0.088,0.439,0.264,0.176,0.527,0.088,-1.230,0.264,0.439,0.088,0.439,0.088,0.088,0.176,0.088,0.088,0.527,0.264,0.088,0.439,0.264,0.176,0.527,0.088,-2.115,0.264,0.439,0.088,0.439,0.088,0.088,0.176,0.088,0.088,0.527,0.264,0.006,5.6,12.00,34.0
34.1072,653,4,move,6,34.1072,34.1159,0,0.088,0.439,0.264,0.176,0.527,0.088,-1.582,0.264,0.439,0.088,0.439,0.088,0.088,0.176,0.088,0.088,0.527,0.264,0.088,0.439,0.264,0.176,0.527,0.088,-2.405,0.264,0.439,0.088,0.439,0.088,0.088,0.176,0.088,0.088,0.527,0.264,0.006,5.6,12.00,34.0
34.1474,654,4,move,6,34.1474,34.1556,0,0.088,0.439,0.264,0.176,0.527,0.088,-1.846,0.264,0.439,0.088,0.439,0.088,0.088,0.176,0.088,0.088,0.527,0.264,0.088,0.439,0.264,0.176,0.527,0.088,-2.663,0.264,0.439,0.088,0.439,0.088,0.088,0.176,0.088,0.088,0.527,0.264,0.006,5.6,12.00,34.0
34.1874,655,4,move,6,34.1874,34.1959,0,0.088,0.439,0.264,0.176,0.527,0.088,-2.197,0.264,0.439,0.088,0.439,0.088,0.088,0.176,0.088,0.088,0.527,0.264,0.088,0.439,0.264,0.176,0.527,0.088,-2.885,0.264,0.439,0.088,0.439,0.088,0.088,0.176,0.088,0.088,0.527,0.264,0.006,5.6,12.00,34.0
34.2274,656,4,move,6,34.2274,34.2353,0,0.088,0.439,0.264,0.176,0.527,0.088,-2.461,0.264,0.439,0.088,0.439,0.088,0.088,0.176,0.088,0.088,0.527,0.264,0.088,0.439,0.264,0.176,0.527,0.088,-3.066,0.264,0.439,0.088,0.439,0.088,0.088,0.176,0.088,0.088,0.527,0.264,0.006,5.2,12.00,34.0
34.2674,657,4,move,6,34.2674,34.2752,0,0.088,0.439,0.264,0.176,0.527,0.088,-2.725,0.264,0.439,0.088,0.439,0.088,0.088,0.176,0.088,0.088,0.527,0.264,0.088,0.439,0.264,0.176,0.527,0.088,-3.205,0.264,0.439,0.088,0.439,0.088,0.088,0.176,0.088,0.088,0.527,0.264,0.006,5.2,12.00,34.0
34.3074,658,4,move,6,34.3074,34.3158,0,0.088,0.439,0.264,0.176,0.527,0.088,-2.812,0.264,0.439,0.088,0.439,0.088,0.088,0.176,0.088,0.088,0.527,0.264,0.088,0.439,0.264,0.176,0.527,0.088,-3.298,0.264,0.439,0.088,0.439,0.088,0.088,0.176,0.088,0.088,0.527,0.264,0.006,5.2,12.00,34.0
34.3474,659,4,move,6,34.3474,34.3558,0,0.088,0.439,0.264,0.176,0.527,0.088,-2.900,0.264,0.439,0.088,0.439,0.088,0.088,0.176,0.088,0.088,0.527,0.264,0.088,0.439,0.264,0.176,0.527,0.088,-3.346,0.264,0.439,0.088,0.439,0.088,0.088,0.176,0.088,0.088,0.527,0.264,0.006,4.4,12.00,33.0
34.3874,660,4,move,6,34.3874,34.3952,0,0.088,0.439,0.264,0.176,0.527,0.088,-3.076,0.264,0.439,0.088,0.439,0.088,0.088,0.176,0.088,0.088,0.527,0.264,0.088,0.439,0.264,0.176,0.527,0.088,-3.346,0.264,0.439,0.088,0.439,0.088,0.088,0.176,0.088,0.088,0.527,0.264,0.006,4.4,12.00,33.0
34.4274,661,4,move,6,34.4274,34.4359,0,0.088,0.439,0.264,0.176,0.527,0.088,-3.076,0.264,0.439,0.088,0.439,0.088,0.088,0.176,0.088,0.088,0.527,0.264,0.088,0.439,0.264,0.176,0.527,0.088,-3.298,0.264,0.439,0.088,0.439,0.088,0.088,0.176,0.088,0.088,0.527,0.264,0.006,4.4,12.00,33.0
34.4674,662,4,move,6,34.4674,34.4759,0,0.088,0.439,0.264,0.176,0.527,0.088,-3.164,0.264,0.439,0.088,0.439,0.088,0.088,0.176,0.088,0.088,0.527,0.264,0.088,0.439,0.264,0.176,0.527,0.088,-3.205,0.264,0.439,0.088,0.439,0.088,0.088,0.176,0.088,0.088,0.527,0.264,0.000,2.0,12.00,34.0
34.5071,663,4,move,6,34.5071,34.5156,0,0.088,0.439,0.264,0.176,0.527,0.088,-3.164,0.264,0.439,0.088,0.439,0.088,0.088,0.176,0.088,0.088,0.527,0.264,0.088,0.439,0.264,0.176,0.527,0.088,-3.066,0.264,0.439,0.088,0.439,0.088,0.088,0.176,0.088,0.088,0.527,0.264,0.000,2.0,12.00,34.0
34.5472,664,4,move,6,34.5472,34.5551,0,0.088,0.439,0.264,0.176,0.527,0.088,-3.164,0.264,0.439,0.088,0.439,0.088,0.088,0.176,0.088,0.088,0.527,0.264,0.088,0.439,0.264,0.176,0.527,0.088,-2.885,0.264,0.439,0.088,0.439,0.088,0.088,0.176,0.088,0.088,0.527,0.264,0.000,2.0,12.00,34.0
34.5872,665,4,move,6,34.5872,34.5957,0,0.088,0.439,0.264,0.176,0.527,0.088,-3.164,0.264,0.439,0.088,0.439,0.088,0.088,0.176,0.088,0.088,0.527,0.264,0.088,0.439,0.264,0.176,0.527,0.088,-2.663,0.264,0.439,0.088,0.439,0.088,0.088,0.176,0.088,0.088,0.527,0.264,0.006,3.6,12.00,34.0
34.6271,666,4,move,6,34.6271,34.6357,0,0.088,0.439,0.264,0.176,0.527,0.088,-3.076,0.264,0.439,0.088,0.439,0.088,0.088,0.176,0.088,0.088,0.527,0.264,0.088,0.439,0.264,0.176,0.527,0.088,-2.405,0.264,0.439,0.088,0.439,0.088,0.088,0.176,0.088,0.088,0.527,0.264,0.006,3.6,12.00,34.0
34.6686,667,4,move,6,34.6686,34.6767,0,0.088,0.439,0.264,0.176,0.527,0.088,-3.076,0.264,0.439,0.088,0.439,0.088,0.088,0.176,0.088,0.088,0.527,0.264,0.088,0.439,0.264,0.176,0.527,0.088,-2.115,0.264,0.439,0.088,0.439,0.088,0.088,0.176,0.088,0.088,0.527,0.264,0.006,3.6,12.00,34.0
34.7072,668,4,move,6,34.7072,34.7154,0,0.088,0.439,0.264,0.176,0.527,0.088,-2.725,0.264,0.439,0.088,0.439,0.088,0.088,0.176,0.088,0.088,0.527,0.264,0.088,0.439,0.264,0.176,0.527,0.088,-1.797,0.264,0.439,0.088,0.439,0.088,0.088,0.176,0.088,0.088,0.527,0.264,0.006,4.4,12.00,34.0
34.7474,669,4,move,6,34.7474,34.7557,0,0.088,0.439,0.264,0.176,0.527,0.088,-2.373,0.264,0.439,0.088,0.439,0.088,0.088,0.176,0.088,0.088,0.527,0.264,0.088,0.439,0.264,0.176,0.527,0.088,-1.456,0.264,0.439,0.088,0.439,0.088,0.088,0.176,0.088,0.088,0.527,0.264,0.006,4.4,12.00,34.0
34.7874,670,4,move,6,34.7874,34.7954,0,0.088,0.439,0.264,0.176,0.527,0.088,-2.021,0.264,0.439,0.088,0.439,0.088,0.088,0.176,0.088,0.088,0.527,0.264,0.088,0.439,0.264,0.176,0.527,0.088,-1.098,0.264,0.439,0.088,0.439,0.088,0.088,0.176,0.088,0.088,0.527,0.264,0.006,4.4,12.00,34.0
34.8274,671,4,move,6,34.8274,34.8354,0,0.088,0.439,0.264,0.176,0.527,0.088,-1.758,0.264,0.439,0.088,0.439,0.088,0.088,0.176,0.088,0.088,0.527,0.264,0.088,0.439,0.264,0.176,0.527,0.088,-0.728,0.264,0.439,0.088,0.439,0.088,0.088,0.176,0.088,0.088,0.527,0.264,0.006,4.8,12.00,34.0
34.8674,672,4,rest,6,34.8674,34.8755,0,0.088,0.439,0.264,0.176,0.527,0.088,-1.406,0.264,0.439,0.088,0.439,0.088,0.088,0.176,0.088,0.088,0.527,0.264,0.088,0.439,0.264,0.176,0.527,0.088,-0.352,0.264,0.439,0.088,0.439,0.088,0.088,0.176,0.088,0.088,0.527,0.264,0.006,4.8,12.00,34.0
34.9074,673,4,rest,6,34.9074,34.9154,0,0.088,0.439,0.264,0.176,0.527,0.088,-0.967,0.264,0.439,0.088,0.439,0.088,0.088,0.176,0.088,0.088,0.527,0.264,0.088,0.439,0.264,0.176,0.527,0.088,-0.352,0.264,0.439,0.088,0.439,0.088,0.088,0.176,0.088,0.088,0.527,0.264,0.006,4.8,12.00,34.0
34.9474,674,4,rest,6,34.9474,34.9554,0,0.088,0.439,0.264,0.176,0.527,0.088,-0.703,0.264,0.439,0.088,0.439,0.088,0.088,0.176,0.088,0.088,0.527,0.264,0.088,0.439,0.264,0.176,0.527,0.088,-0.352,0.264,0.439,0.088,0.439,0.088,0.088,0.176,0.088,0.088,0.527,0.264,0.000,2.8,12.00,34.0
34.9874,675,4,rest,6,34.9874,34.9954,0,0.088,0.439,0.264,0.176,0.527,0.088,-0.527,0.264,0.439,0.088,0.439,0.088,0.088,0.176,0.088,0.088,0.527,0.264,0.088,0.439,0.264,0.176,0.527,0.088,-0.352,0.264,0.439,0.088,0.439,0.088,0.088,0.176,0.088,0.088,0.527,0.264,0.000,2.8,12.00,34.0
35.0274,676,4,rest,6,35.0274,35.0354,0,0.088,0.439,0.264,0.176,0.527,0.088,-0.527,0.264,0.439,0.088,0.439,0.088,0.088,0.176,0.088,0.088,0.527,0.264,0.088,0.439,0.264,0.176,0.527,0.088,-0.352,0.264,0.439,0.088,0.439,0.088,0.088,0.176,0.088,0.088,0.527,0.264,0.000,2.8,12.00,34.0
35.0674,677,4,rest,6,35.0674,35.0776,0,0.088,0.439,0.264,0.176,0.527,0.088,-0.527,0.264,0.439,0.088,0.439,0.088,0.088,0.176,0.088,0.088,0.527,0.264,0.088,0.439,0.264,0.176,0.527,0.088,-0.352,0.264,0.439,0.088,0.439,0.088,0.088,0.176,0.088,0.088,0.527,0.264,0.000,2.4,12.00,34.0
35.1072,678,4,rest,6,35.1072,35.1155,0,0.088,0.439,0.264,0.176,0.527,0.088,-0.527,0.264,0.439,0.088,0.439,0.088,0.088,0.176,0.088,0.088,0.527,0.264,0.088,0.439,0.264,0.176,0.527,0.088,-0.352,0.264,0.439,0.088,0.439,0.088,0.088,0.176,0.088,0.088,0.527,0.264,0.000,2.4,12.00,34.0
35.1474,679,4,rest,6,35.1474,35.1559,0,0.088,0.439,0.264,0.176,0.527,0.088,-0.527,0.264,0.439,0.088,0.439,0.088,0.088,0.176,0.088,0.088,0.527,0.264,0.088,0.439,0.264,0.176,0.527,0.088,-0.352,0.264,0.439,0.088,0.439,0.088,0.088,0.176,0.088,0.088,0.527,0.264,0.000,2.4,12.00,34.0
35.1874,680,4,rest,6,35.1874,35.1960,0,0.088,0.439,0.264,0.176,0.527,0.088,-0.527,0.264,0.439,0.088,0.439,0.088,0.088,0.176,0.088,0.088,0.527,0.264,0.088,0.439,0.264,0.176,0.527,0.088,-0.352,0.264,0.439,0.088,0.439,0.088,0.088,0.176,0.088,0.088,0.527,0.264,0.000,2.4,12.00,34.0
35.2274,681,4,rest,6,35.2274,35.2356,0,0.088,0.439,0.264,0.176,0.527,0.088,-0.527,0.264,0.439,0.088,0.439,0.088,0.088,0.176,0.088,0.088,0.527,0.264,0.088,0.439,0.264,0.176,0.527,0.088,-0.352,0.264,0.439,0.088,0.439,0.088,0.088,0.176,0.088,0.088,0.527,0.264,0.000,2.4,12.00,34.0
35.2674,682,4,rest,6,35.2674,35.2760,0,0.088,0.439,0.264,0.176,0.527,0.088,-0.527,0.264,0.439,0.088,0.439,0.088,0.088,0.176,0.088,0.088,0.527,0.264,0.088,0.439,0.264,0.176,0.527,0.088,-0.352,0.264,0.439,0.088,0.439,0.088,0.088,0.176,0.088,0.088,0.527,0.264,0.000,2.4,12.00,34.0
35.3074,683,4,rest,6,35.3074,35.3160,0,0.088,0.439,0.264,0.176,0.527,0.088,-0.527,0.264,0.439,0.088,0.439,0.088,0.088,0.176,0.088,0.088,0.527,0.264,0.088,0.439,0.264,0.176,0.527,0.088,-0.352,0.264,0.439,0.088,0.439,0.088,0.088,0.176,0.088,0.088,0.527,0.264,0.000,2.4,12.00,34.0
35.3474,684,4,rest,6,35.3474,35.3558,0,0.088,0.439,0.264,0.176,0.527,0.088,-0.527,0.264,0.439,0.088,0.439,0.088,0.088,0.176,0.088,0.088,0.527,0.264,0.088,0.439,0.264,0.176,0.527,0.088,-0.352,0.264,0.439,0.088,0.439,0.088,0.088,0.176,0.088,0.088,0.527,0.264,0.000,2.4,12.00,34.0
35.3874,685,4,rest,6,35.3874,35.3960,0,0.088,0.439,0.264,0.176,0.527,0.088,-0.527,0.264,0.439,0.088,0.439,0.088,0.088,0.176,0.088,0.088,0.527,0.264,0.088,0.439,0.264,0.176,0.527,0.088,-0.352,0.264,0.439,0.088,0.439,0.088,0.088,0.176,0.088,0.088,0.527,0.264,0.000,2.4,12.00,34.0
35.4274,686,4,rest,6,35.4274,35.4360,0,0.088,0.439,0.264,0.176,0.527,0.088,-0.527,0.264,0.439,0.088,0.439,0.088,0.088,0.176,0.088,0.088,0.527,0.264,0.088,0.439,0.264,0.176,0.527,0.088,-0.352,0.264,0.439,0.088,0.439,0.088,0.088,0.176,0.088,0.088,0.527,0.264,0.000,2.4,12.00,34.0
35.4674,687,4,rest,6,35.4674,35.4760,0,0.088,0.439,0.264,0.176,0.527,0.088,-0.527,0.264,0.439,0.088,0.439,0.088,0.088,0.176,0.088,0.088,0.527,0.264,0.088,0.439,0.264,0.176,0.527,0.088,-0.352,0.264,0.439,0.088,0.439,0.088,0.088,0.176,0.088,0.088,0.527,0.264,0.000,2.4,12.00,34.0
35.5074,688,4,rest,6,35.5074,35.5160,0,0.088,0.439,0.264,0.176,0.527,0.088,-0.527,0.264,0.439,0.088,0.439,0.088,0.088,0.176,0.088,0.088,0.527,0.264,0.088,0.439,0.264,0.176,0.527,0.088,-0.352,0.264,0.439,0.088,0.439,0.088,0.088,0.176,0.088,0.088,0.527,0.264,0.000,2.4,12.00,34.0
35.5474,689,4,rest,6,35.5474,35.5560,0,0.088,0.439,0.264,0.176,0.527,0.088,-0.527,0.264,0.439,0.088,0.439,0.088,0.088,0.176,0.088,0.088,0.527,0.264,0.088,0.439,0.264,0.176,0.527,0.088,-0.352,0.264,0.439,0.088,0.439,0.088,0.088,0.176,0.088,0.088,0.527,0.264,0.000,2.4,12.00,33.0
35.5874,690,4,rest,6,35.5874,35.5960,0,0.088,0.439,0.264,0.176,0.527,0.088,-0.527,0.264,0.439,0.088,0.439,0.088,0.088,0.176,0.088,0.088,0.527,0.264,0.088,0.439,0.264,0.176,0.527,0.088,-0.352,0.264,0.439,0.088,0.439,0.088,0.088,0.176,0.088,0.088,0.527,0.264,0.000,2.4,12.00,33.0
35.6274,691,4,rest,6,35.6274,35.6360,0,0.088,0.439,0.264,0.176,0.527,0.088,-0.527,0.264,0.439,0.088,0.439,0.088,0.088,0.176,0.088,0.088,0.527,0.264,0.088,0.439,0.264,0.176,0.527,0.088,-0.352,0.264,0.439,0.088,0.439,0.088,0.088,0.176,0.088,0.088,0.527,0.264,0.000,2.4,12.00,33.0
35.6727,692,5,pre,6,35.6727,35.6809,0,0.088,0.439,0.264,0.176,0.527,0.088,-0.527,0.264,0.439,0.088,0.439,0.088,0.088,0.176,0.088,0.088,0.527,0.264,0.088,0.439,0.264,0.176,0.527,0.088,-0.527,0.264,0.439,0.088,0.439,0.088,0.088,0.176,0.088,0.088,0.527,0.264,0.000,2.0,12.00,34.0
35.7072,693,5,pre,6,35.7072,35.7154,0,0.088,0.439,0.264,0.176,0.527,0.088,-0.527,0.264,0.439,0.088,0.439,0.088,0.088,0.176,0.088,0.088,0.527,0.264,0.088,0.439,0.264,0.176,0.527,0.088,-0.527,0.264,0.439,0.088,0.439,0.088,0.088,0.176,0.088,0.088,0.527,0.264,0.000,2.0,12.00,34.0
35.7471,694,5,pre,6,35.7471,35.7558,0,0.088,0.439,0.264,0.176,0.527,0.088,-0.527,0.264,0.439,0.088,0.439,0.088,0.088,0.176,0.088,0.088,0.527,0.264,0.088,0.439,0.264,0.176,0.527,0.088,-0.527,0.264,0.439,0.088,0.439,0.088,0.088,0.176,0.088,0.088,0.527,0.264,0.000,2.0,12.00,34.0
35.7874,695,5,pre,6,35.7874,35.7962,0,0.088,0.439,0.264,0.176,0.527,0.088,-0.527,0.264,0.439,0.088,0.439,0.088,0.088,0.176,0.088,0.088,0.527,0.264,0.088,0.439,0.264,0.176,0.527,0.088,-0.527,0.264,0.439,0.088,0.439,0.088,0.088,0.176,0.088,0.088,0.527,0.264,0.000,0.0,12.00,34.0
35.8274,696,5,pre,6,35.8274,35.8360,0,0.088,0.439,0.264,0.176,0.527,0.088,-0.527,0.264,0.439,0.088,0.439,0.088,0.088,0.176,0.088,0.088,0.527,0.264,0.088,0.439,0.264,0.176,0.527,0.088,-0.527,0.264,0.439,0.088,0.439,0.088,0.088,0.176,0.088,0.088,0.527,0.264,0.000,0.0,12.00,34.0
35.8674,697,5,pre,6,35.8674,35.8761,0,0.088,0.439,0.264,0.176,0.527,0.088,-0.527,0.264,0.439,0.088,0.439,0.088,0.088,0.176,0.088,0.088,0.527,0.264,0.088,0.439,0.264,0.176,0.527,0.088,-0.527,0.264,0.439,0.088,0.439,0.088,0.088,0.176,0.088,0.088,0.527,0.264,0.000,0.0,12.00,34.0
35.9074,698,5,pre,6,35.9074,35.9162,0,0.088,0.439,0.264,0.176,0.527,0.088,-0.527,0.264,0.439,0.088,0.439,0.088,0.088,0.176,0.088,0.088,0.527,0.264,0.088,0.439,0.264,0.176,0.527,0.088,-0.527,0.264,0.439,0.088,0.439,0.088,0.088,0.176,0.088,0.088,0.527,0.264,0.000,0.0,12.00,34.0
35.9472,699,5,pre,6,35.9472,35.9554,0,0.088,0.439,0.264,0.176,0.527,0.088,-0.527,0.264,0.439,0.088,0.439,0.088,0.088,0.176,0.088,0.088,0.527,0.264,0.088,0.439,0.264,0.176,0.527,0.088,-0.527,0.264,0.439,0.088,0.439,0.088,0.088,0.176,0.088,0.088,0.527,0.264,0.000,0.0,12.00,34.0
35.9872,700,5,pre,6,35.9872,35.9956,0,0.088,0.439,0.264,0.176,0.527,0.088,-0.527,0.264,0.439,0.088,0.439,0.088,0.088,0.176,0.088,0.088,0.527,0.264,0.088,0.439,0.264,0.176,0.527,0.088,-0.527,0.264,0.439,0.088,0.439,0.088,0.088,0.176,0.088,0.088,0.527,0.264,0.000,0.0,12.00,34.0
36.0274,701,5,pre,6,36.0274,36.0360,0,0.088,0.439,0.264,0.176,0.527,0.088,-0.527,0.264,0.439,0.088,0.439,0.088,0.088,0.176,0.088,0.088,0.527,0.264,0.088,0.439,0.264,0.176,0.527,0.088,-0.527,0.264,0.439,0.088,0.439,0.088,0.088,0.176,0.088,0.088,0.527,0.264,0.000,0.0,12.00,34.0
36.0674,702,5,pre,6,36.0674,36.0758,0,0.088,0.439,0.264,0.176,0.527,0.088,-0.527,0.264,0.439,0.088,0.439,0.088,0.088,0.176,0.088,0.088,0.527,0.264,0.088,0.439,0.264,0.176,0.527,0.088,-0.527,0.264,0.439,0.088,0.439,0.088,0.088,0.176,0.088,0.088,0.527,0.264,0.000,0.0,12.00,34.0
36.1074,703,5,pre,6,36.1074,36.1156,0,0.088,0.439,0.264,0.176,0.527,0.088,-0.527,0.264,0.439,0.088,0.439,0.088,0.088,0.176,0.088,0.088,0.527,0.264,0.088,0.439,0.264,0.176,0.527,0.088,-0.527,0.264,0.439,0.088,0.439,0.088,0.088,0.176,0.088,0.088,0.527,0.264,0.000,0.0,12.00,34.0
36.1472,704,5,pre,6,36.1472,36.1558,0,0.088,0.439,0.264,0.176,0.527,0.088,-0.527,0.264,0.439,0.088,0.439,0.088,0.088,0.176,0.088,0.088,0.527,0.264,0.088,0.439,0.264,0.176,0.527,0.088,-0.527,0.264,0.439,0.088,0.439,0.088,0.088,0.176,0.088,0.088,0.527,0.264,0.000,0.0,12.00,34.0
36.1874,705,5,pre,6,36.1874,36.1960,0,0.088,0.439,0.264,0.176,0.527,0.088,-0.527,0.264,0.439,0.088,0.439,0.088,0.088,0.176,0.088,0.088,0.527,0.264,0.088,0.439,0.264,0.176,0.527,0.088,-0.527,0.264,0.439,0.088,0.439,0.088,0.088,0.176,0.088,0.088,0.527,0.264,0.000,0.0,12.00,34.0
36.2272,706,5,pre,6,36.2272,36.2360,0,0.088,0.439,0.264,0.176,0.527,0.088,-0.527,0.264,0.439,0.088,0.439,0.088,0.088,0.176,0.088,0.088,0.527,0.264,0.088,0.439,0.264,0.176,0.527,0.088,-0.527,0.264,0.439,0.088,0.439,0.088,0.088,0.176,0.088,0.088,0.527,0.264,0.000,0.0,12.00,34.0
36.2674,707,5,move,6,36.2674,36.2852,0,0.088,0.439,0.264,0.176,0.527,0.088,-0.527,0.264,0.439,0.088,0.439,0.088,0.088,0.176,0.088,0.088,0.527,0.264,0.088,0.439,0.264,0.176,0.527,0.088,-0.527,0.264,0.439,0.088,0.439,0.088,0.088,0.176,0.088,0.088,0.527,0.264,0.000,0.0,12.00,34.0
36.3072,708,5,move,6,36.3072,36.3157,0,0.088,0.439,0.264,0.176,0.527,0.088,-0.527,0.264,0.439,0.088,0.439,0.088,0.088,0.176,0.088,0.088,0.527,0.264,0.088,0.439,0.264,0.176,0.527,0.088,0.219,0.264,0.439,0.088,0.439,0.088,0.088,0.176,0.088,0.088,0.527,0.264,0.000,0.0,12.00,34.0
36.3474,709,5,move,6,36.3474,36.3557,0,0.088,0.439,0.264,0.176,0.527,0.088,-0.527,0.264,0.439,0.088,0.439,0.088,0.088,0.176,0.088,0.088,0.527,0.264,0.088,0.439,0.264,0.176,0.527,0.088,0.918,0.264,0.439,0.088,0.439,0.088,0.088,0.176,0.088,0.088,0.527,0.264,0.000,0.0,12.00,34.0
36.3874,710,5,move,6,36.3874,36.3960,0,0.088,0.439,0.264,0.176,0.527,0.088,-0.352,0.264,0.439,0.088,0.439,0.088,0.088,0.176,0.088,0.088,0.527,0.264,0.088,0.439,0.264,0.176,0.527,0.088,1.526,0.264,0.439,0.088,0.439,0.088,0.088,0.176,0.088,0.088,0.527,0.264,0.013,7.2,12.00,34.0
36.4274,711,5,move,6,36.4274,36.4360,0,0.088,0.439,0.264,0.176,0.527,0.088,0.264,0.264,0.439,0.088,0.439,0.088,0.088,0.176,0.088,0.088,0.527,0.264,0.088,0.439,0.264,0.176,0.527,0.088,2.006,0.264,0.439,0.088,0.439,0.088,0.088,0.176,0.088,0.088,0.527,0.264,0.013,7.2,12.00,34.0
36.4674,712,5,move,6,36.4674,36.4760,0,0.088,0.439,0.264,0.176,0.527,0.088,0.879,0.264,0.439,0.088,0.439,0.088,0.088,0.176,0.088,0.088,0.527,0.264,0.088,0.439,0.264,0.176,0.527,0.088,2.326,0.264,0.439,0.088,0.439,0.088,0.088,0.176,0.088,0.088,0.527,0.264,0.013,7.2,12.00,34.0
36.5074,713,5,move,6,36.5074,36.5161,0,0.088,0.439,0.264,0.176,0.527,0.088,1.494,0.264,0.439,0.088,0.439,0.088,0.088,0.176,0.088,0.088,0.527,0.264,0.088,0.439,0.264,0.176,0.527,0.088,2.467,0.264,0.439,0.088,0.439,0.088,0.088,0.176,0.088,0.088,0.527,0.264,0.006,6.4,12.00,34.0
36.5472,714,5,move,6,36.5472,36.6466,0,0.088,0.439,0.264,0.176,0.527,0.088,2.285,0.264,0.439,0.088,0.439,0.088,0.088,0.176,0.088,0.088,0.527,0.264,0.088,0.439,0.264,0.176,0.527,0.088,2.420,0.264,0.439,0.088,0.439,0.088,0.088,0.176,0.088,0.088,0.527,0.264,0.006,2.4,12.00,34.0
36.6573,715,5,move,6,36.6573,36.6654,1,0.088,0.439,0.264,0.176,0.527,0.088,2.285,0.264,0.439,0.088,0.439,0.088,0.088,0.176,0.088,0.088,0.527,0.264,0.088,0.439,0.264,0.176,0.527,0.088,2.187,0.264,0.439,0.088,0.439,0.088,0.088,0.176,0.088,0.088,0.527,0.264,0.006,2.4,12.00,34.0
36.6660,716,5,move,6,36.6660,36.6742,1,0.088,0.439,0.264,0.176,0.527,0.088,2.285,0.264,0.439,0.088,0.439,0.088,0.088,0.176,0.088,0.088,0.527,0.264,0.088,0.439,0.264,0.176,0.527,0.088,1.784,0.264,0.439,0.088,0.439,0.088,0.088,0.176,0.088,0.088,0.527,0.264,0.006,2.4,12.00,34.0
36.6749,717,5,move,6,36.6749,36.6827,0,0.088,0.439,0.264,0.176,0.527,0.088,2.285,0.264,0.439,0.088,0.439,0.088,0.088,0.176,0.088,0.088,0.527,0.264,0.088,0.439,0.264,0.176,0.527,0.088,1.236,0.264,0.439,0.088,0.439,0.088,0.088,0.176,0.088,0.088,0.527,0.264,0.006,2.4,12.00,34.0
36.7072,718,5,move,6,36.7072,36.7154,0,0.088,0.439,0.264,0.176,0.527,0.088,2.285,0.264,0.439,0.088,0.439,0.088,0.088,0.176,0.088,0.088,0.527,0.264,0.088,0.439,0.264,0.176,0.527,0.088,0.577,0.264,0.439,0.088,0.439,0.088,0.088,0.176,0.088,0.088,0.527,0.264,0.006,2.4,12.00,34.0
36.7474,719,5,move,6,36.7474,36.7558,0,0.088,0.439,0.264,0.176,0.527,0.088,2.285,0.264,0.439,0.088,0.439,0.088,0.088,0.176,0.088,0.088,0.527,0.264,0.088,0.439,0.264,0.176,0.527,0.088,-0.151,0.264,0.439,0.088,0.439,0.088,0.088,0.176,0.088,0.088,0.527,0.264,0.019,12.0,12.00,34.0
36.7874,720,5,move,6,36.7874,36.7958,0,0.088,0.439,0.264,0.176,0.527,0.088,1.494,0.264,0.439,0.088,0.439,0.088,0.088,0.176,0.088,0.088,0.527,0.264,0.088,0.439,0.264,0.176,0.527,0.088,-0.903,0.264,0.439,0.088,0.439,0.088,0.088,0.176,0.088,0.088,0.527,0.264,0.019,12.0,12.00,34.0
36.8274,721,5,move,6,36.8274,36.8361,0,0.088,0.439,0.264,0.176,0.527,0.088,0.615,0.264,0.439,0.088,0.439,0.088,0.088,0.176,0.088,0.088,0.527,0.264,0.088,0.439,0.264,0.176,0.527,0.088,-1.632,0.264,0.439,0.088,0.439,0.088,0.088,0.176,0.088,0.088,0.527,0.264,0.019,12.0,12.00,34.0
36.8674,722,5,move,6,36.8674,36.8760,0,0.088,0.439,0.264,0.176,0.527,0.088,-0.088,0.264,0.439,0.088,0.439,0.088,0.088,0.176,0.088,0.088,0.527,0.264,0.088,0.439,0.264,0.176,0.527,0.088,-2.291,0.264,0.439,0.088,0.439,0.088,0.088,0.176,0.088,0.088,0.527,0.264,0.006,8.8,12.00,34.0
36.9074,723,5,move,6,36.9074,36.9162,0,0.088,0.439,0.264,0.176,0.527,0.088,-0.791,0.264,0.439,0.088,0.439,0.088,0.088,0.176,0.088,0.088,0.527,0.264,0.088,0.439,0.264,0.176,0.527,0.088,-2.839,0.264,0.439,0.088,0.439,0.088,0.088,0.176,0.088,0.088,0.527,0.264,0.006,8.8,12.00,34.0
36.9471,724,5,move,6,36.9471,36.9558,0,0.088,0.439,0.264,0.176,0.527,0.088,-1.582,0.264,0.439,0.088,0.439,0.088,0.088,0.176,0.088,0.088,0.527,0.264,0.088,0.439,0.264,0.176,0.527,0.088,-3.242,0.264,0.439,0.088,0.439,0.088,0.088,0.176,0.088,0.088,0.527,0.264,0.006,8.8,12.00,34.0
36.9874,725,5,move,6,36.9874,36.9960,0,0.088,0.439,0.264,0.176,0.527,0.088,-2.197,0.264,0.439,0.088,0.439,0.088,0.088,0.176,0.088,0.088,0.527,0.264,0.088,0.439,0.264,0.176,0.527,0.088,-3.474,0.264,0.439,0.088,0.439,0.088,0.088,0.176,0.088,0.088,0.527,0.264,0.006,6.8,12.00,34.0
37.0272,726,5,move,6,37.0272,37.0354,0,0.088,0.439,0.264,0.176,0.527,0.088,-2.725,0.264,0.439,0.088,0.439,0.088,0.088,0.176,0.088,0.088,0.527,0.264,0.088,0.439,0.264,0.176,0.527,0.088,-3.521,0.264,0.439,0.088,0.439,0.088,0.088,0.176,0.088,0.088,0.527,0.264,0.006,6.8,12.00,34.0
37.0672,727,5,move,6,37.0672,37.0752,0,0.088,0.439,0.264,0.176,0.527,0.088,-3.164,0.264,0.439,0.088,0.439,0.088,0.088,0.176,0.088,0.088,0.527,0.264,0.088,0.439,0.264,0.176,0.527,0.088,-3.381,0.264,0.439,0.088,0.439,0.088,0.088,0.176,0.088,0.088,0.527,0.264,0.006,6.8,12.00,34.0
37.1074,728,5,move,6,37.1074,37.1156,0,0.088,0.439,0.264,0.176,0.527,0.088,-3.252,0.264,0.439,0.088,0.439,0.088,0.088,0.176,0.088,0.088,0.527,0.264,0.088,0.439,0.264,0.176,0.527,0.088,-3.060,0.264,0.439,0.088,0.439,0.088,0.088,0.176,0.088,0.088,0.527,0.264,0.006,2.0,12.00,34.0
37.1474,729,5,move,6,37.1474,37.1554,0,0.088,0.439,0.264,0.176,0.527,0.088,-3.252,0.264,0.439,0.088,0.439,0.088,0.088,0.176,0.088,0.088,0.527,0.264,0.088,0.439,0.264,0.176,0.527,0.088,-2.581,0.264,0.439,0.088,0.439,0.088,0.088,0.176,0.088,0.088,0.527,0.264,0.006,2.0,12.00,34.0
37.1872,730,5,move,6,37.1872,37.1963,0,0.088,0.439,0.264,0.176,0.527,0.088,-3.252,0.264,0.439,0.088,0.439,0.088,0.088,0.176,0.088,0.088,0.527,0.264,0.088,0.439,0.264,0.176,0.527,0.088,-1.973,0.264,0.439,0.088,0.439,0.088,0.088,0.176,0.088,0.088,0.527,0.264,0.006,2.0,12.00,34.0
37.2272,731,5,move,6,37.2272,37.2359,0,0.088,0.439,0.264,0.176,0.527,0.088,-3.252,0.264,0.439,0.088,0.439,0.088,0.088,0.176,0.088,0.088,0.527,0.264,0.088,0.439,0.264,0.176,0.527,0.088,-1.273,0.264,0.439,0.088,0.439,0.088,0.088,0.176,0.088,0.088,0.527,0.264,0.013,10.8,12.00,34.0
37.2674,732,5,move,6,37.2674,37.2760,0,0.088,0.439,0.264,0.176,0.527,0.088,-2.549,0.264,0.439,0.088,0.439,0.088,0.088,0.176,0.088,0.088,0.527,0.264,0.088,0.439,0.264,0.176,0.527,0.088,-0.527,0.264,0.439,0.088,0.439,0.088,0.088,0.176,0.088,0.088,0.527,0.264,0.013,10.8,12.00,34.0
37.3074,733,5,move,6,37.3074,37.3163,0,0.088,0.439,0.264,0.176,0.527,0.088,-1.846,0.264,0.439,0.088,0.439,0.088,0.088,0.176,0.088,0.088,0.527,0.264,0.088,0.439,0.264,0.176,0.527,0.088,0.219,0.264,0.439,0.088,0.439,0.088,0.088,0.176,0.088,0.088,0.527,0.264,0.013,10.8,12.00,34.0
37.3471,734,5,move,6,37.3471,37.3559,0,0.088,0.439,0.264,0.176,0.527,0.088,-1.230,0.264,0.439,0.088,0.439,0.088,0.088,0.176,0.088,0.088,0.527,0.264,0.088,0.439,0.264,0.176,0.527,0.088,0.918,0.264,0.439,0.088,0.439,0.088,0.088,0.176,0.088,0.088,0.527,0.264,0.013,8.4,12.00,34.0
37.3874,735,5,move,6,37.3874,37.3961,0,0.088,0.439,0.264,0.176,0.527,0.088,-0.527,0.264,0.439,0.088,0.439,0.088,0.088,0.176,0.088,0.088,0.527,0.264,0.088,0.439,0.264,0.176,0.527,0.088,1.526,0.264,0.439,0.088,0.439,0.088,0.088,0.176,0.088,0.088,0.527,0.264,0.013,8.4,12.00,34.0
37.4274,736,5,move,6,37.4274,37.4361,0,0.088,0.439,0.264,0.176,0.527,0.088,0.088,0.264,0.439,0.088,0.439,0.088,0.088,0.176,0.088,0.088,0.527,0.264,0.088,0.439,0.264,0.176,0.527,0.088,2.006,0.264,0.439,0.088,0.439,0.088,0.088,0.176,0.088,0.088,0.527,0.264,0.013,8.4,12.00,34.0
37.4674,737,5,move,6,37.4674,37.4760,0,0.088,0.439,0.264,0.176,0.527,0.088,0.879,0.264,0.439,0.088,0.439,0.088,0.088,0.176,0.088,0.088,0.527,0.264,0.088,0.439,0.264,0.176,0.527,0.088,2.326,0.264,0.439,0.088,0.439,0.088,0.088,0.176,0.088,0.088,0.527,0.264,0.006,7.2,12.00,34.0
37.5074,738,5,move,6,37.5074,37.5158,0,0.088,0.439,0.264,0.176,0.527,0.088,1.406,0.264,0.439,0.088,0.439,0.088,0.088,0.176,0.088,0.088,0.527,0.264,0.088,0.439,0.264,0.176,0.527,0.088,2.467,0.264,0.439,0.088,0.439,0.088,0.088,0.176,0.088,0.088,0.527,0.264,0.006,7.2,12.00,34.0
37.5474,739,5,move,6,37.5474,37.5556,0,0.088,0.439,0.264,0.176,0.527,0.088,1.934,0.264,0.439,0.088,0.439,0.088,0.088,0.176,0.088,0.088,0.527,0.264,0.088,0.439,0.264,0.176,0.527,0.088,2.420,0.264,0.439,0.088,0.439,0.088,0.088,0.176,0.088,0.088,0.527,0.264,0.006,7.2,12.00,34.0
37.5874,740,5,move,6,37.5874,37.5956,0,0.088,0.439,0.264,0.176,0.527,0.088,2.109,0.264,0.439,0.088,0.439,0.088,0.088,0.176,0.088,0.088,0.527,0.264,0.088,0.439,0.264,0.176,0.527,0.088,2.187,0.264,0.439,0.088,0.439,0.088,0.088,0.176,0.088,0.088,0.527,0.264,0.000,0.0,12.00,34.0
37.6274,741,5,move,6,37.6274,37.6354,0,0.088,0.439,0.264,0.176,0.527,0.088,2.197,0.264,0.439,0.088,0.439,0.088,0.088,0.176,0.088,0.088,0.527,0.264,0.088,0.439,0.264,0.176,0.527,0.088,1.784,0.264,0.439,0.088,0.439,0.088,0.088,0.176,0.088,0.088,0.527,0.264,0.000,0.0,12.00,34.0
37.6674,742,5,move,6,37.6674,37.6754,0,0.088,0.439,0.264,0.176,0.527,0.088,2.197,0.264,0.439,0.088,0.439,0.088,0.088,0.176,0.088,0.088,0.527,0.264,0.088,0.439,0.264,0.176,0.527,0.088,1.236,0.264,0.439,0.088,0.439,0.088,0.088,0.176,0.088,0.088,0.527,0.264,0.000,0.0,12.00,34.0
37.7074,743,5,move,6,37.7074,37.7156,0,0.088,0.439,0.264,0.176,0.527,0.088,2.197,0.264,0.439,0.088,0.439,0.088,0.088,0.176,0.088,0.088,0.527,0.264,0.088,0.439,0.264,0.176,0.527,0.088,0.577,0.264,0.439,0.088,0.439,0.088,0.088,0.176,0.088,0.088,0.527,0.264,0.013,9.2,12.00,34.0
37.7472,744,5,move,6,37.7472,37.7552,0,0.088,0.439,0.264,0.176,0.527,0.088,1.846,0.264,0.439,0.088,0.439,0.088,0.088,0.176,0.088,0.088,0.527,0.264,0.088,0.439,0.264,0.176,0.527,0.088,-0.151,0.264,0.439,0.088,0.439,0.088,0.088,0.176,0.088,0.088,0.527,0.264,0.013,9.2,12.00,34.0
37.7874,745,5,move,6,37.7874,37.7954,0,0.088,0.439,0.264,0.176,0.527,0.088,1.055,0.264,0.439,0.088,0.439,0.088,0.088,0.176,0.088,0.088,0.527,0.264,0.088,0.439,0.264,0.176,0.527,0.088,-0.903,0.264,0.439,0.088,0.439,0.088,0.088,0.176,0.088,0.088,0.527,0.264,0.013,9.2,12.00,34.0
37.8274,746,5,move,6,37.8274,37.8355,0,0.088,0.439,0.264,0.176,0.527,0.088,0.439,0.264,0.439,0.088,0.439,0.088,0.088,0.176,0.088,0.088,0.527,0.264,0.088,0.439,0.264,0.176,0.527,0.088,-1.632,0.264,0.439,0.088,0.439,0.088,0.088,0.176,0.088,0.088,0.527,0.264,0.013,8.4,12.00,34.0
37.8674,747,5,move,6,37.8674,37.8754,0,0.088,0.439,0.264,0.176,0.527,0.088,-0.264,0.264,0.439,0.088,0.439,0.088,0.088,0.176,0.088,0.088,0.527,0.264,0.088,0.439,0.264,0.176,0.527,0.088,-2.291,0.264,0.439,0.088,0.439,0.088,0.088,0.176,0.088,0.088,0.527,0.264,0.013,8.4,12.00,34.0
37.9074,748,5,move,6,37.9074,37.9154,0,0.088,0.439,0.264,0.176,0.527,0.088,-0.879,0.264,0.439,0.088,0.439,0.088,0.088,0.176,0.088,0.088,0.527,0.264,0.088,0.439,0.264,0.176,0.527,0.088,-2.839,0.264,0.439,0.088,0.439,0.088,0.088,0.176,0.088,0.088,0.527,0.264,0.013,8.4,12.00,34.0
37.9474,749,5,move,6,37.9474,37.9554,0,0.088,0.439,0.264,0.176,0.527,0.088,-1.582,0.264,0.439,0.088,0.439,0.088,0.088,0.176,0.088,0.088,0.527,0.264,0.088,0.439,0.264,0.176,0.527,0.088,-3.242,0.264,0.439,0.088,0.439,0.088,0.088,0.176,0.088,0.088,0.527,0.264,0.013,8.0,12.00,34.0
37.9874,750,5,move,6,37.9874,37.9956,0,0.088,0.439,0.264,0.176,0.527,0.088,-2.197,0.264,0.439,0.088,0.439,0.088,0.088,0.176,0.088,0.088,0.527,0.264,0.088,0.439,0.264,0.176,0.527,0.088,-3.474,0.264,0.439,0.088,0.439,0.088,0.088,0.176,0.088,0.088,0.527,0.264,0.013,8.0,12.00,34.0
38.0274,751,5,move,6,38.0274,38.0356,0,0.088,0.439,0.264,0.176,0.527,0.088,-2.812,0.264,0.439,0.088,0.439,0.088,0.088,0.176,0.088,0.088,0.527,0.264,0.088,0.439,0.264,0.176,0.527,0.088,-3.521,0.264,0.439,0.088,0.439,0.088,0.088,0.176,0.088,0.088,0.527,0.264,0.013,8.0,12.00,34.0
38.0674,752,5,move,6,38.0674,38.0754,0,0.088,0.439,0.264,0.176,0.527,0.088,-3.164,0.264,0.439,0.088,0.439,0.088,0.088,0.176,0.088,0.088,0.527,0.264,0.088,0.439,0.264,0.176,0.527,0.088,-3.381,0.264,0.439,0.088,0.439,0.088,0.088,0.176,0.088,0.088,0.527,0.264,0.006,3.2,12.00,34.0
38.1074,753,5,move,6,38.1074,38.1154,0,0.088,0.439,0.264,0.176,0.527,0.088,-3.252,0.264,0.439,0.088,0.439,0.088,0.088,0.176,0.088,0.088,0.527,0.264,0.088,0.439,0.264,0.176,0.527,0.088,-3.060,0.264,0.439,0.088,0.439,0.088,0.088,0.176,0.088,0.088,0.527,0.264,0.006,3.2,12.00,34.0
38.1472,754,5,move,6,38.1472,38.1567,0,0.088,0.439,0.264,0.176,0.527,0.088,-3.252,0.264,0.439,0.088,0.439,0.088,0.088,0.176,0.088,0.088,0.527,0.264,0.088,0.439,0.264,0.176,0.527,0.088,-2.581,0.264,0.439,0.088,0.439,0.088,0.088,0.176,0.088,0.088,0.527,0.264,0.006,3.2,12.00,34.0
38.1872,755,5,move,6,38.1872,38.1957,0,0.088,0.439,0.264,0.176,0.527,0.088,-3.252,0.264,0.439,0.088,0.439,0.088,0.088,0.176,0.088,0.088,0.527,0.264,0.088,0.439,0.264,0.176,0.527,0.088,-1.973,0.264,0.439,0.088,0.439,0.088,0.088,0.176,0.088,0.088,0.527,0.264,0.006,6.4,12.00,34.0
38.2274,756,5,move,6,38.2274,38.2359,0,0.088,0.439,0.264,0.176,0.527,0.088,-3.252,0.264,0.439,0.088,0.439,0.088,0.088,0.176,0.088,0.088,0.527,0.264,0.088,0.439,0.264,0.176,0.527,0.088,-1.273,0.264,0.439,0.088,0.439,0.088,0.088,0.176,0.088,0.088,0.527,0.264,0.006,6.4,12.00,34.0
38.2671,757,5,move,6,38.2671,38.2758,0,0.088,0.439,0.264,0.176,0.527,0.088,-2.549,0.264,0.439,0.088,0.439,0.088,0.088,0.176,0.088,0.088,0.527,0.264,0.088,0.439,0.264,0.176,0.527,0.088,-0.527,0.264,0.439,0.088,0.439,0.088,0.088,0.176,0.088,0.088,0.527,0.264,0.006,6.4,12.00,34.0
38.3074,758,5,move,6,38.3074,38.3160,0,0.088,0.439,0.264,0.176,0.527,0.088,-1.846,0.264,0.439,0.088,0.439,0.088,0.088,0.176,0.088,0.088,0.527,0.264,0.088,0.439,0.264,0.176,0.527,0.088,0.219,0.264,0.439,0.088,0.439,0.088,0.088,0.176,0.088,0.088,0.527,0.264,0.006,8.0,12.00,34.0
38.3474,759,5,move,6,38.3474,38.3557,0,0.088,0.439,0.264,0.176,0.527,0.088,-1.230,0.264,0.439,0.088,0.439,0.088,0.088,0.176,0.088,0.088,0.527,0.264,0.088,0.439,0.264,0.176,0.527,0.088,0.918,0.264,0.439,0.088,0.439,0.088,0.088,0.176,0.088,0.088,0.527,0.264,0.006,8.0,12.00,34.0
38.3874,760,5,move,6,38.3874,38.3960,0,0.088,0.439,0.264,0.176,0.527,0.088,-0.527,0.264,0.439,0.088,0.439,0.088,0.088,0.176,0.088,0.088,0.527,0.264,0.088,0.439,0.264,0.176,0.527,0.088,1.526,0.264,0.439,0.088,0.439,0.088,0.088,0.176,0.088,0.088,0.527,0.264,0.006,8.0,12.00,34.0
38.4271,761,5,move,6,38.4271,38.4354,0,0.088,0.439,0.264,0.176,0.527,0.088,0.176,0.264,0.439,0.088,0.439,0.088,0.088,0.176,0.088,0.088,0.527,0.264,0.088,0.439,0.264,0.176,0.527,0.088,2.006,0.264,0.439,0.088,0.439,0.088,0.088,0.176,0.088,0.088,0.527,0.264,0.006,7.2,12.00,34.0
38.4672,762,5,move,6,38.4672,38.4752,0,0.088,0.439,0.264,0.176,0.527,0.088,0.791,0.264,0.439,0.088,0.439,0.088,0.088,0.176,0.088,0.088,0.527,0.264,0.088,0.439,0.264,0.176,0.527,0.088,2.326,0.264,0.439,0.088,0.439,0.088,0.088,0.176,0.088,0.088,0.527,0.264,0.006,7.2,12.00,34.0
38.5071,763,5,move,6,38.5071,38.5152,0,0.088,0.439,0.264,0.176,0.527,0.088,1.406,0.264,0.439,0.088,0.439,0.088,0.088,0.176,0.088,0.088,0.527,0.264,0.088,0.439,0.264,0.176,0.527,0.088,2.467,0.264,0.439,0.088,0.439,0.088,0.088,0.176,0.088,0.088,0.527,0.264,0.006,7.2,12.00,34.0
38.5472,764,5,move,6,38.5472,38.5552,0,0.088,0.439,0.264,0.176,0.527,0.088,1.934,0.264,0.439,0.088,0.439,0.088,0.088,0.176,0.088,0.088,0.527,0.264,0.088,0.439,0.264,0.176,0.527,0.088,2.420,0.264,0.439,0.088,0.439,0.088,0.088,0.176,0.088,0.088,0.527,0.264,0.006,4.8,12.00,34.0
38.5872,765,5,move,6,38.5872,38.5952,0,0.088,0.439,0.264,0.176,0.527,0.088,2.197,0.264,0.439,0.088,0.439,0.088,0.088,0.176,0.088,0.088,0.527,0.264,0.088,0.439,0.264,0.176,0.527,0.088,2.187,0.264,0.439,0.088,0.439,0.088,0.088,0.176,0.088,0.088,0.527,0.264,0.006,4.8,12.00,34.0
38.6271,766,5,move,6,38.6271,38.6352,0,0.088,0.439,0.264,0.176,0.527,0.088,2.197,0.264,0.439,0.088,0.439,0.088,0.088,0.176,0.088,0.088,0.527,0.264,0.088,0.439,0.264,0.176,0.527,0.088,1.784,0.264,0.439,0.088,0.439,0.088,0.088,0.176,0.088,0.088,0.527,0.264,0.006,4.8,12.00,34.0
38.6672,767,5,move,6,38.6672,38.6752,0,0.088,0.439,0.264,0.176,0.527,0.088,2.197,0.264,0.439,0.088,0.439,0.088,0.088,0.176,0.088,0.088,0.527,0.264,0.088,0.439,0.264,0.176,0.527,0.088,1.236,0.264,0.439,0.088,0.439,0.088,0.088,0.176,0.088,0.088,0.527,0.264,0.006,4.8,12.00,34.0
38.7071,768,5,move,6,38.7071,38.7154,0,0.088,0.439,0.264,0.176,0.527,0.088,2.197,0.264,0.439,0.088,0.439,0.088,0.088,0.176,0.088,0.088,0.527,0.264,0.088,0.439,0.264,0.176,0.527,0.088,0.577,0.264,0.439,0.088,0.439,0.088,0.088,0.176,0.088,0.088,0.527,0.264,0.006,4.8,12.00,34.0
38.7474,769,5,move,6,38.7474,38.7556,0,0.088,0.439,0.264,0.176,0.527,0.088,1.758,0.264,0.439,0.088,0.439,0.088,0.088,0.176,0.088,0.088,0.527,0.264,0.088,0.439,0.264,0.176,0.527,0.088,-0.151,0.264,0.439,0.088,0.439,0.088,0.088,0.176,0.088,0.088,0.527,0.264,0.006,4.8,12.00,34.0
38.7874,770,5,move,6,38.7874,38.7954,0,0.088,0.439,0.264,0.176,0.527,0.088,1.055,0.264,0.439,0.088,0.439,0.088,0.088,0.176,0.088,0.088,0.527,0.264,0.088,0.439,0.264,0.176,0.527,0.088,-0.903,0.264,0.439,0.088,0.439,0.088,0.088,0.176,0.088,0.088,0.527,0.264,0.006,6.8,12.00,34.0
38.8271,771,5,move,6,38.8271,38.8350,0,0.088,0.439,0.264,0.176,0.527,0.088,0.439,0.264,0.439,0.088,0.439,0.088,0.088,0.176,0.088,0.088,0.527,0.264,0.088,0.439,0.264,0.176,0.527,0.088,-1.632,0.264,0.439,0.088,0.439,0.088,0.088,0.176,0.088,0.088,0.527,0.264,0.006,6.8,12.00,34.0
38.8674,772,5,move,6,38.8674,38.8754,0,0.088,0.439,0.264,0.176,0.527,0.088,-0.264,0.264,0.439,0.088,0.439,0.088,0.088,0.176,0.088,0.088,0.527,0.264,0.088,0.439,0.264,0.176,0.527,0.088,-2.291,0.264,0.439,0.088,0.439,0.088,0.088,0.176,0.088,0.088,0.527,0.264,0.006,6.8,12.00,34.0
38.9074,773,5,move,6,38.9074,38.9155,0,0.088,0.439,0.264,0.176,0.527,0.088,-0.879,0.264,0.439,0.088,0.439,0.088,0.088,0.176,0.088,0.088,0.527,0.264,0.088,0.439,0.264,0.176,0.527,0.088,-2.839,0.264,0.439,0.088,0.439,0.088,0.088,0.176,0.088,0.088,0.527,0.264,0.013,8.8,12.00,34.0
38.9472,774,5,move,6,38.9472,38.9550,0,0.088,0.439,0.264,0.176,0.527,0.088,-1.582,0.264,0.439,0.088,0.439,0.088,0.088,0.176,0.088,0.088,0.527,0.264,0.088,0.439,0.264,0.176,0.527,0.088,-3.242,0.264,0.439,0.088,0.439,0.088,0.088,0.176,0.088,0.088,0.527,0.264,0.013,8.8,12.00,34.0
38.9872,775,5,move,6,38.9872,38.9952,0,0.088,0.439,0.264,0.176,0.527,0.088,-2.197,0.264,0.439,0.088,0.439,0.088,0.088,0.176,0.088,0.088,0.527,0.264,0.088,0.439,0.264,0.176,0.527,0.088,-3.474,0.264,0.439,0.088,0.439,0.088,0.088,0.176,0.088,0.088,0.527,0.264,0.013,8.8,12.00,34.0
39.0271,776,5,move,6,39.0271,39.0349,0,0.088,0.439,0.264,0.176,0.527,0.088,-2.812,0.264,0.439,0.088,0.439,0.088,0.088,0.176,0.088,0.088,0.527,0.264,0.088,0.439,0.264,0.176,0.527,0.088,-3.521,0.264,0.439,0.088,0.439,0.088,0.088,0.176,0.088,0.088,0.527,0.264,0.006,5.6,12.00,34.0
39.0672,777,5,move,6,39.0672,39.0752,0,0.088,0.439,0.264,0.176,0.527,0.088,-3.164,0.264,0.439,0.088,0.439,0.088,0.088,0.176,0.088,0.088,0.527,0.264,0.088,0.439,0.264,0.176,0.527,0.088,-3.381,0.264,0.439,0.088,0.439,0.088,0.088,0.176,0.088,0.088,0.527,0.264,0.006,5.6,12.00,34.0
39.1071,778,5,move,6,39.1071,39.1152,0,0.088,0.439,0.264,0.176,0.527,0.088,-3.252,0.264,0.439,0.088,0.439,0.088,0.088,0.176,0.088,0.088,0.527,0.264,0.088,0.439,0.264,0.176,0.527,0.088,-3.060,0.264,0.439,0.088,0.439,0.088,0.088,0.176,0.088,0.088,0.527,0.264,0.006,5.6,12.00,34.0
39.1474,779,5,move,6,39.1474,39.1557,0,0.088,0.439,0.264,0.176,0.527,0.088,-3.252,0.264,0.439,0.088,0.439,0.088,0.088,0.176,0.088,0.088,0.527,0.264,0.088,0.439,0.264,0.176,0.527,0.088,-2.581,0.264,0.439,0.088,0.439,0.088,0.088,0.176,0.088,0.088,0.527,0.264,0.006,2.4,12.00,34.0
39.1873,780,5,move,6,39.1873,39.1949,0,0.088,0.439,0.264,0.176,0.527,0.088,-3.252,0.264,0.439,0.088,0.439,0.088,0.088,0.176,0.088,0.088,0.527,0.264,0.088,0.439,0.264,0.176,0.527,0.088,-1.973,0.264,0.439,0.088,0.439,0.088,0.088,0.176,0.088,0.088,0.527,0.264,0.006,2.4,12.00,34.0
39.2272,781,5,move,6,39.2272,39.2355,0,0.088,0.439,0.264,0.176,0.527,0.088,-3.252,0.264,0.439,0.088,0.439,0.088,0.088,0.176,0.088,0.088,0.527,0.264,0.088,0.439,0.264,0.176,0.527,0.088,-1.273,0.264,0.439,0.088,0.439,0.088,0.088,0.176,0.088,0.088,0.527,0.264,0.006,2.4,12.00,34.0
39.2672,782,5,rest,6,39.2672,39.2752,0,0.088,0.439,0.264,0.176,0.527,0.088,-2.549,0.264,0.439,0.088,0.439,0.088,0.088,0.176,0.088,0.088,0.527,0.264,0.088,0.439,0.264,0.176,0.527,0.088,-0.527,0.264,0.439,0.088,0.439,0.088,0.088,0.176,0.088,0.088,0.527,0.264,0.006,7.2,12.00,34.0
39.3074,783,5,rest,6,39.3074,39.3155,0,0.088,0.439,0.264,0.176,0.527,0.088,-1.846,0.264,0.439,0.088,0.439,0.088,0.088,0.176,0.088,0.088,0.527,0.264,0.088,0.439,0.264,0.176,0.527,0.088,-0.527,0.264,0.439,0.088,0.439,0.088,0.088,0.176,0.088,0.088,0.527,0.264,0.006,7.2,12.00,34.0
39.3472,784,5,rest,6,39.3472,39.3553,0,0.088,0.439,0.264,0.176,0.527,0.088,-1.230,0.264,0.439,0.088,0.439,0.088,0.088,0.176,0.088,0.088,0.527,0.264,0.088,0.439,0.264,0.176,0.527,0.088,-0.527,0.264,0.439,0.088,0.439,0.088,0.088,0.176,0.088,0.088,0.527,0.264,0.006,7.2,12.00,34.0
39.3872,785,5,rest,6,39.3872,39.3952,0,0.088,0.439,0.264,0.176,0.527,0.088,-0.879,0.264,0.439,0.088,0.439,0.088,0.088,0.176,0.088,0.088,0.527,0.264,0.088,0.439,0.264,0.176,0.527,0.088,-0.527,0.264,0.439,0.088,0.439,0.088,0.088,0.176,0.088,0.088,0.527,0.264,0.006,3.6,12.00,34.0
39.4272,786,5,rest,6,39.4272,39.4352,0,0.088,0.439,0.264,0.176,0.527,0.088,-0.703,0.264,0.439,0.088,0.439,0.088,0.088,0.176,0.088,0.088,0.527,0.264,0.088,0.439,0.264,0.176,0.527,0.088,-0.527,0.264,0.439,0.088,0.439,0.088,0.088,0.176,0.088,0.088,0.527,0.264,0.006,3.6,12.00,34.0
39.4672,787,5,rest,6,39.4672,39.4752,0,0.088,0.439,0.264,0.176,0.527,0.088,-0.703,0.264,0.439,0.088,0.439,0.088,0.088,0.176,0.088,0.088,0.527,0.264,0.088,0.439,0.264,0.176,0.527,0.088,-0.527,0.264,0.439,0.088,0.439,0.088,0.088,0.176,0.088,0.088,0.527,0.264,0.006,3.6,12.00,34.0
39.5072,788,5,rest,6,39.5072,39.5152,0,0.088,0.439,0.264,0.176,0.527,0.088,-0.703,0.264,0.439,0.088,0.439,0.088,0.088,0.176,0.088,0.088,0.527,0.264,0.088,0.439,0.264,0.176,0.527,0.088,-0.527,0.264,0.439,0.088,0.439,0.088,0.088,0.176,0.088,0.088,0.527,0.264,0.006,2.4,12.00,34.0
39.5472,789,5,rest,6,39.5472,39.5552,0,0.088,0.439,0.264,0.176,0.527,0.088,-0.703,0.264,0.439,0.088,0.439,0.088,0.088,0.176,0.088,0.088,0.527,0.264,0.088,0.439,0.264,0.176,0.527,0.088,-0.527,0.264,0.439,0.088,0.439,0.088,0.088,0.176,0.088,0.088,0.527,0.264,0.006,2.4,12.00,34.0
39.5874,790,5,rest,6,39.5874,39.5955,0,0.088,0.439,0.264,0.176,0.527,0.088,-0.703,0.264,0.439,0.088,0.439,0.088,0.088,0.176,0.088,0.088,0.527,0.264,0.088,0.439,0.264,0.176,0.527,0.088,-0.527,0.264,0.439,0.088,0.439,0.088,0.088,0.176,0.088,0.088,0.527,0.264,0.006,2.4,12.00,34.0
39.6274,791,5,rest,6,39.6274,39.6356,0,0.088,0.439,0.264,0.176,0.527,0.088,-0.703,0.264,0.439,0.088,0.439,0.088,0.088,0.176,0.088,0.088,0.527,0.264,0.088,0.439,0.264,0.176,0.527,0.088,-0.527,0.264,0.439,0.088,0.439,0.088,0.088,0.176,0.088,0.088,0.527,0.264,0.000,2.4,12.00,34.0
39.6672,792,5,rest,6,39.6672,39.6754,0,0.088,0.439,0.264,0.176,0.527,0.088,-0.703,0.264,0.439,0.088,0.439,0.088,0.088,0.176,0.088,0.088,0.527,0.264,0.088,0.439,0.264,0.176,0.527,0.088,-0.527,0.264,0.439,0.088,0.439,0.088,0.088,0.176,0.088,0.088,0.527,0.264,0.000,2.4,12.00,34.0
39.7075,793,5,rest,6,39.7075,39.7163,0,0.088,0.439,0.264,0.176,0.527,0.088,-0.703,0.264,0.439,0.088,0.439,0.088,0.088,0.176,0.088,0.088,0.527,0.264,0.088,0.439,0.264,0.176,0.527,0.088,-0.527,0.264,0.439,0.088,0.439,0.088,0.088,0.176,0.088,0.088,0.527,0.264,0.000,2.4,12.00,34.0
39.7472,794,5,rest,6,39.7472,39.7560,0,0.088,0.439,0.264,0.176,0.527,0.088,-0.703,0.264,0.439,0.088,0.439,0.088,0.088,0.176,0.088,0.088,0.527,0.264,0.088,0.439,0.264,0.176,0.527,0.088,-0.527,0.264,0.439,0.088,0.439,0.088,0.088,0.176,0.088,0.088,0.527,0.264,0.000,2.4,12.00,34.0
39.7874,795,5,rest,6,39.7874,39.7959,0,0.088,0.439,0.264,0.176,0.527,0.088,-0.703,0.264,0.439,0.088,0.439,0.088,0.088,0.176,0.088,0.088,0.527,0.264,0.088,0.439,0.264,0.176,0.527,0.088,-0.527,0.264,0.439,0.088,0.439,0.088,0.088,0.176,0.088,0.088,0.527,0.264,0.000,2.4,12.00,34.0
39.8271,796,5,rest,6,39.8271,39.8358,0,0.088,0.439,0.264,0.176,0.527,0.088,-0.703,0.264,0.439,0.088,0.439,0.088,0.088,0.176,0.088,0.088,0.527,0.264,0.088,0.439,0.264,0.176,0.527,0.088,-0.527,0.264,0.439,0.088,0.439,0.088,0.088,0.176,0.088,0.088,0.527,0.264,0.000,2.4,12.00,34.0
39.8672,797,5,rest,6,39.8672,39.8759,0,0.088,0.439,0.264,0.176,0.527,0.088,-0.703,0.264,0.439,0.088,0.439,0.088,0.088,0.176,0.088,0.088,0.527,0.264,0.088,0.439,0.264,0.176,0.527,0.088,-0.527,0.264,0.439,0.088,0.439,0.088,0.088,0.176,0.088,0.088,0.527,0.264,0.006,2.4,12.00,34.0
39.9074,798,5,rest,6,39.9074,39.9152,0,0.088,0.439,0.264,0.176,0.527,0.088,-0.703,0.264,0.439,0.088,0.439,0.088,0.088,0.176,0.088,0.088,0.527,0.264,0.088,0.439,0.264,0.176,0.527,0.088,-0.527,0.264,0.439,0.088,0.439,0.088,0.088,0.176,0.088,0.088,0.527,0.264,0.006,2.4,12.00,34.0
39.9474,799,5,rest,6,39.9474,39.9559,0,0.088,0.439,0.264,0.176,0.527,0.088,-0.703,0.264,0.439,0.088,0.439,0.088,0.088,0.176,0.088,0.088,0.527,0.264,0.088,0.439,0.264,0.176,0.527,0.088,-0.527,0.264,0.439,0.088,0.439,0.088,0.088,0.176,0.088,0.088,0.527,0.264,0.006,2.4,12.00,34.0
39.9874,800,5,rest,6,39.9874,39.9959,0,0.088,0.439,0.264,0.176,0.527,0.088,-0.703,0.264,0.439,0.088,0.439,0.088,0.088,0.176,0.088,0.088,0.527,0.264,0.088,0.439,0.264,0.176,0.527,0.088,-0.527,0.264,0.439,0.088,0.439,0.088,0.088,0.176,0.088,0.088,0.527,0.264,0.006,2.4,12.00,34.0
40.0271,801,5,rest,6,40.0271,40.0358,0,0.088,0.439,0.264,0.176,0.527,0.088,-0.703,0.264,0.439,0.088,0.439,0.088,0.088,0.176,0.088,0.088,0.527,0.264,0.088,0.439,0.264,0.176,0.527,0.088,-0.527,0.264,0.439,0.088,0.439,0.088,0.088,0.176,0.088,0.088,0.527,0.264,0.006,2.4,12.00,34.0
40.0724,802,6,pre,6,40.0724,40.0808,0,0.088,0.439,0.264,0.176,0.527,0.088,-0.703,0.264,0.439,0.088,0.439,0.088,0.088,0.176,0.088,0.088,0.527,0.264,0.088,0.439,0.264,0.176,0.527,0.088,-0.703,0.264,0.439,0.088,0.439,0.088,0.088,0.176,0.088,0.088,0.527,0.264,0.006,2.4,12.00,34.0
40.1072,803,6,pre,6,40.1072,40.1160,0,0.088,0.439,0.264,0.176,0.527,0.088,-0.703,0.264,0.439,0.088,0.439,0.088,0.088,0.176,0.088,0.088,0.527,0.264,0.088,0.439,0.264,0.176,0.527,0.088,-0.703,0.264,0.439,0.088,0.439,0.088,0.088,0.176,0.088,0.088,0.527,0.264,0.000,0.0,12.00,34.0
40.1472,804,6,pre,6,40.1472,40.2531,0,0.088,0.439,0.264,0.176,0.527,0.088,-0.703,0.264,0.439,0.088,0.439,0.088,0.088,0.176,0.088,0.088,0.527,0.264,0.088,0.439,0.264,0.176,0.527,0.088,-0.703,0.264,0.439,0.088,0.439,0.088,0.088,0.176,0.088,0.088,0.527,0.264,0.000,0.0,12.00,34.0
40.2903,805,6,pre,6,40.2903,40.2989,1,0.088,0.439,0.264,0.176,0.527,0.088,-0.703,0.264,0.439,0.088,0.439,0.088,0.088,0.176,0.088,0.088,0.527,0.264,0.088,0.439,0.264,0.176,0.527,0.088,-0.703,0.264,0.439,0.088,0.439,0.088,0.088,0.176,0.088,0.088,0.527,0.264,0.000,0.0,12.00,34.0
40.2996,806,6,pre,6,40.2996,40.3076,1,0.088,0.439,0.264,0.176,0.527,0.088,-0.703,0.264,0.439,0.088,0.439,0.088,0.088,0.176,0.088,0.088,0.527,0.264,0.088,0.439,0.264,0.176,0.527,0.088,-0.703,0.264,0.439,0.088,0.439,0.088,0.088,0.176,0.088,0.088,0.527,0.264,0.000,0.0,12.00,34.0
40.3083,807,6,pre,6,40.3083,40.3160,1,0.088,0.439,0.264,0.176,0.527,0.088,-0.703,0.264,0.439,0.088,0.439,0.088,0.088,0.176,0.088,0.088,0.527,0.264,0.088,0.439,0.264,0.176,0.527,0.088,-0.703,0.264,0.439,0.088,0.439,0.088,0.088,0.176,0.088,0.088,0.527,0.264,0.000,0.0,12.00,34.0
40.3167,808,6,pre,6,40.3167,40.3244,0,0.088,0.439,0.264,0.176,0.527,0.088,-0.703,0.264,0.439,0.088,0.439,0.088,0.088,0.176,0.088,0.088,0.527,0.264,0.088,0.439,0.264,0.176,0.527,0.088,-0.703,0.264,0.439,0.088,0.439,0.088,0.088,0.176,0.088,0.088,0.527,0.264,0.000,0.0,12.00,34.0
40.3472,809,6,pre,6,40.3472,40.3557,0,0.088,0.439,0.264,0.176,0.527,0.088,-0.703,0.264,0.439,0.088,0.439,0.088,0.088,0.176,0.088,0.088,0.527,0.264,0.088,0.439,0.264,0.176,0.527,0.088,-0.703,0.264,0.439,0.088,0.439,0.088,0.088,0.176,0.088,0.088,0.527,0.264,0.000,0.0,12.00,34.0
40.3872,810,6,pre,6,40.3872,40.3950,0,0.088,0.439,0.264,0.176,0.527,0.088,-0.703,0.264,0.439,0.088,0.439,0.088,0.088,0.176,0.088,0.088,0.527,0.264,0.088,0.439,0.264,0.176,0.527,0.088,-0.703,0.264,0.439,0.088,0.439,0.088,0.088,0.176,0.088,0.088,0.527,0.264,0.000,0.0,12.00,34.0
40.4271,811,6,pre,6,40.4271,40.4356,0,0.088,0.439,0.264,0.176,0.527,0.088,-0.703,0.264,0.439,0.088,0.439,0.088,0.088,0.176,0.088,0.088,0.527,0.264,0.088,0.439,0.264,0.176,0.527,0.088,-0.703,0.264,0.439,0.088,0.439,0.088,0.088,0.176,0.088,0.088,0.527,0.264,0.000,0.0,12.00,34.0
40.4674,812,6,pre,6,40.4674,40.4760,0,0.088,0.439,0.264,0.176,0.527,0.088,-0.703,0.264,0.439,0.088,0.439,0.088,0.088,0.176,0.088,0.088,0.527,0.264,0.088,0.439,0.264,0.176,0.527,0.088,-0.703,0.264,0.439,0.088,0.439,0.088,0.088,0.176,0.088,0.088,0.527,0.264,0.000,0.0,12.00,34.0
40.5072,813,6,pre,6,40.5072,40.5152,0,0.088,0.439,0.264,0.176,0.527,0.088,-0.703,0.264,0.439,0.088,0.439,0.088,0.088,0.176,0.088,0.088,0.527,0.264,0.088,0.439,0.264,0.176,0.527,0.088,-0.703,0.264,0.439,0.088,0.439,0.088,0.088,0.176,0.088,0.088,0.527,0.264,0.000,0.0,12.00,34.0
40.5474,814,6,pre,6,40.5474,40.5552,0,0.088,0.439,0.264,0.176,0.527,0.088,-0.703,0.264,0.439,0.088,0.439,0.088,0.088,0.176,0.088,0.088,0.527,0.264,0.088,0.439,0.264,0.176,0.527,0.088,-0.703,0.264,0.439,0.088,0.439,0.088,0.088,0.176,0.088,0.088,0.527,0.264,0.000,0.0,12.00,34.0
40.5874,815,6,pre,6,40.5874,40.5956,0,0.088,0.439,0.264,0.176,0.527,0.088,-0.703,0.264,0.439,0.088,0.439,0.088,0.088,0.176,0.088,0.088,0.527,0.264,0.088,0.439,0.264,0.176,0.527,0.088,-0.703,0.264,0.439,0.088,0.439,0.088,0.088,0.176,0.088,0.088,0.527,0.264,0.000,0.0,12.00,34.0
40.6274,816,6,pre,6,40.6274,40.6354,0,0.088,0.439,0.264,0.176,0.527,0.088,-0.703,0.264,0.439,0.088,0.439,0.088,0.088,0.176,0.088,0.088,0.527,0.264,0.088,0.439,0.264,0.176,0.527,0.088,-0.703,0.264,0.439,0.088,0.439,0.088,0.088,0.176,0.088,0.088,0.527,0.264,0.000,0.0,12.00,34.0
40.6674,817,6,move,6,40.6674,40.6754,0,0.088,0.439,0.264,0.176,0.527,0.088,-0.703,0.264,0.439,0.088,0.439,0.088,0.088,0.176,0.088,0.088,0.527,0.264,0.088,0.439,0.264,0.176,0.527,0.088,-0.703,0.264,0.439,0.088,0.439,0.088,0.088,0.176,0.088,0.088,0.527,0.264,0.000,0.0,12.00,34.0
40.7074,818,6,move,6,40.7074,40.7156,0,0.088,0.439,0.264,0.176,0.527,0.088,-0.703,0.264,0.439,0.088,0.439,0.088,0.088,0.176,0.088,0.088,0.527,0.264,0.088,0.439,0.264,0.176,0.527,0.088,0.401,0.264,0.439,0.088,0.439,0.088,0.088,0.176,0.088,0.088,0.527,0.264,0.000,0.0,12.00,34.0
40.7472,819,6,move,6,40.7472,40.7549,0,0.088,0.439,0.264,0.176,0.527,0.088,-0.703,0.264,0.439,0.088,0.439,0.088,0.088,0.176,0.088,0.088,0.527,0.264,0.088,0.439,0.264,0.176,0.527,0.088,1.351,0.264,0.439,0.088,0.439,0.088,0.088,0.176,0.088,0.088,0.527,0.264,0.000,0.0,12.00,34.0
40.7874,820,6,move,6,40.7874,40.7958,0,0.088,0.439,0.264,0.176,0.527,0.088,-0.527,0.264,0.439,0.088,0.439,0.088,0.088,0.176,0.088,0.088,0.527,0.264,0.088,0.439,0.264,0.176,0.527,0.088,2.011,0.264,0.439,0.088,0.439,0.088,0.088,0.176,0.088,0.088,0.527,0.264,0.000,0.0,12.00,34.0
40.8274,821,6,move,6,40.8274,40.8360,0,0.088,0.439,0.264,0.176,0.527,0.088,0.176,0.264,0.439,0.088,0.439,0.088,0.088,0.176,0.088,0.088,0.527,0.264,0.088,0.439,0.264,0.176,0.527,0.088,2.291,0.264,0.439,0.088,0.439,0.088,0.088,0.176,0.088,0.088,0.527,0.264,0.006,9.2,12.00,34.0
40.8674,822,6,move,6,40.8674,40.8760,0,0.088,0.439,0.264,0.176,0.527,0.088,0.967,0.264,0.439,0.088,0.439,0.088,0.088,0.176,0.088,0.088,0.527,0.264,0.088,0.439,0.264,0.176,0.527,0.088,2.150,0.264,0.439,0.088,0.439,0.088,0.088,0.176,0.088,0.088,0.527,0.264,0.006,9.2,12.00,34.0
40.9072,823,6,move,6,40.9072,40.9157,0,0.088,0.439,0.264,0.176,0.527,0.088,1.582,0.264,0.439,0.088,0.439,0.088,0.088,0.176,0.088,0.088,0.527,0.264,0.088,0.439,0.264,0.176,0.527,0.088,1.608,0.264,0.439,0.088,0.439,0.088,0.088,0.176,0.088,0.088,0.527,0.264,0.006,9.2,12.00,34.0
40.9474,824,6,move,6,40.9474,40.9561,0,0.088,0.439,0.264,0.176,0.527,0.088,1.934,0.264,0.439,0.088,0.439,0.088,0.088,0.176,0.088,0.088,0.527,0.264,0.088,0.439,0.264,0.176,0.527,0.088,0.742,0.264,0.439,0.088,0.439,0.088,0.088,0.176,0.088,0.088,0.527,0.264,0.000,2.4,12.00,34.0
40.9872,825,6,move,6,40.9872,40.9955,0,0.088,0.439,0.264,0.176,0.527,0.088,1.934,0.264,0.439,0.088,0.439,0.088,0.088,0.176,0.088,0.088,0.527,0.264,0.088,0.439,0.264,0.176,0.527,0.088,-0.327,0.264,0.439,0.088,0.439,0.088,0.088,0.176,0.088,0.088,0.527,0.264,0.000,2.4,12.00,34.0
41.0274,826,6,move,6,41.0274,41.0361,0,0.088,0.439,0.264,0.176,0.527,0.088,1.934,0.264,0.439,0.088,0.439,0.088,0.088,0.176,0.088,0.088,0.527,0.264,0.088,0.439,0.264,0.176,0.527,0.088,-1.449,0.264,0.439,0.088,0.439,0.088,0.088,0.176,0.088,0.088,0.527,0.264,0.000,2.4,12.00,34.0
41.0671,827,6,move,6,41.0671,41.0758,0,0.088,0.439,0.264,0.176,0.527,0.088,0.879,0.264,0.439,0.088,0.439,0.088,0.088,0.176,0.088,0.088,0.527,0.264,0.088,0.439,0.264,0.176,0.527,0.088,-2.466,0.264,0.439,0.088,0.439,0.088,0.088,0.176,0.088,0.088,0.527,0.264,0.006,9.6,12.00,34.0
41.1073,828,6,move,6,41.1073,41.1157,0,0.088,0.439,0.264,0.176,0.527,0.088,-0.088,0.264,0.439,0.088,0.439,0.088,0.088,0.176,0.088,0.088,0.527,0.264,0.088,0.439,0.264,0.176,0.527,0.088,-3.236,0.264,0.439,0.088,0.439,0.088,0.088,0.176,0.088,0.088,0.527,0.264,0.006,9.6,12.00,34.0
41.1474,829,6,move,6,41.1474,41.1560,0,0.088,0.439,0.264,0.176,0.527,0.088,-1.055,0.264,0.439,0.088,0.439,0.088,0.088,0.176,0.088,0.088,0.527,0.264,0.088,0.439,0.264,0.176,0.527,0.088,-3.650,0.264,0.439,0.088,0.439,0.088,0.088,0.176,0.088,0.088,0.527,0.264,0.006,9.6,12.00,34.0
41.1874,830,6,move,6,41.1874,41.1984,0,0.088,0.439,0.264,0.176,0.527,0.088,-2.021,0.264,0.439,0.088,0.439,0.088,0.088,0.176,0.088,0.088,0.527,0.264,0.088,0.439,0.264,0.176,0.527,0.088,-3.650,0.264,0.439,0.088,0.439,0.088,0.088,0.176,0.088,0.088,0.527,0.264,0.013,9.2,12.00,34.0
41.2274,831,6,move,6,41.2274,41.2358,0,0.088,0.439,0.264,0.176,0.527,0.088,-2.725,0.264,0.439,0.088,0.439,0.088,0.088,0.176,0.088,0.088,0.527,0.264,0.088,0.439,0.264,0.176,0.527,0.088,-3.236,0.264,0.439,0.088,0.439,0.088,0.088,0.176,0.088,0.088,0.527,0.264,0.013,9.2,12.00,34.0
41.2674,832,6,move,6,41.2674,41.2769,0,0.088,0.439,0.264,0.176,0.527,0.088,-3.252,0.264,0.439,0.088,0.439,0.088,0.088,0.176,0.088,0.088,0.527,0.264,0.088,0.439,0.264,0.176,0.527,0.088,-2.466,0.264,0.439,0.088,0.439,0.088,0.088,0.176,0.088,0.088,0.527,0.264,0.013,9.2,12.00,34.0
41.3074,833,6,move,6,41.3074,41.3157,0,0.088,0.439,0.264,0.176,0.527,0.088,-3.340,0.264,0.439,0.088,0.439,0.088,0.088,0.176,0.088,0.088,0.527,0.264,0.088,0.439,0.264,0.176,0.527,0.088,-1.449,0.264,0.439,0.088,0.439,0.088,0.088,0.176,0.088,0.088,0.527,0.264,0.000,2.0,12.00,34.0
41.3472,834,6,move,6,41.3472,41.3554,0,0.088,0.439,0.264,0.176,0.527,0.088,-3.340,0.264,0.439,0.088,0.439,0.088,0.088,0.176,0.088,0.088,0.527,0.264,0.088,0.439,0.264,0.176,0.527,0.088,-0.327,0.264,0.439,0.088,0.439,0.088,0.088,0.176,0.088,0.088,0.527,0.264,0.000,2.0,12.00,34.0
41.3874,835,6,move,6,41.3874,41.3956,0,0.088,0.439,0.264,0.176,0.527,0.088,-3.076,0.264,0.439,0.088,0.439,0.088,0.088,0.176,0.088,0.088,0.527,0.264,0.088,0.439,0.264,0.176,0.527,0.088,0.742,0.264,0.439,0.088,0.439,0.088,0.088,0.176,0.088,0.088,0.527,0.264,0.000,2.0,12.00,34.0
41.4274,836,6,move,6,41.4274,41.4355,0,0.088,0.439,0.264,0.176,0.527,0.088,-1.758,0.264,0.439,0.088,0.439,0.088,0.088,0.176,0.088,0.088,0.527,0.264,0.088,0.439,0.264,0.176,0.527,0.088,1.608,0.264,0.439,0.088,0.439,0.088,0.088,0.176,0.088,0.088,0.527,0.264,0.013,10.0,12.00,34.0
41.4674,837,6,move,6,41.4674,41.4755,0,0.088,0.439,0.264,0.176,0.527,0.088,-0.791,0.264,0.439,0.088,0.439,0.088,0.088,0.176,0.088,0.088,0.527,0.264,0.088,0.439,0.264,0.176,0.527,0.088,2.150,0.264,0.439,0.088,0.439,0.088,0.088,0.176,0.088,0.088,0.527,0.264,0.013,10.0,12.00,34.0
41.5074,838,6,move,6,41.5074,41.5154,0,0.088,0.439,0.264,0.176,0.527,0.088,0.176,0.264,0.439,0.088,0.439,0.088,0.088,0.176,0.088,0.088,0.527,0.264,0.088,0.439,0.264,0.176,0.527,0.088,2.291,0.264,0.439,0.088,0.439,0.088,0.088,0.176,0.088,0.088,0.527,0.264,0.013,10.0,12.00,34.0
41.5474,839,6,move,6,41.5474,41.5555,0,0.088,0.439,0.264,0.176,0.527,0.088,0.967,0.264,0.439,0.088,0.439,0.088,0.088,0.176,0.088,0.088,0.527,0.264,0.088,0.439,0.264,0.176,0.527,0.088,2.011,0.264,0.439,0.088,0.439,0.088,0.088,0.176,0.088,0.088,0.527,0.264,0.000,7.2,12.00,34.0
41.5874,840,6,move,6,41.5874,41.5954,0,0.088,0.439,0.264,0.176,0.527,0.088,1.582,0.264,0.439,0.088,0.439,0.088,0.088,0.176,0.088,0.088,0.527,0.264,0.088,0.439,0.264,0.176,0.527,0.088,1.351,0.264,0.439,0.088,0.439,0.088,0.088,0.176,0.088,0.088,0.527,0.264,0.000,7.2,12.00,34.0
41.6274,841,6,move,6,41.6274,41.6354,0,0.088,0.439,0.264,0.176,0.527,0.088,1.934,0.264,0.439,0.088,0.439,0.088,0.088,0.176,0.088,0.088,0.527,0.264,0.088,0.439,0.264,0.176,0.527,0.088,0.401,0.264,0.439,0.088,0.439,0.088,0.088,0.176,0.088,0.088,0.527,0.264,0.000,7.2,12.00,34.0
41.6674,842,6,move,6,41.6674,41.6756,0,0.088,0.439,0.264,0.176,0.527,0.088,1.934,0.264,0.439,0.088,0.439,0.088,0.088,0.176,0.088,0.088,0.527,0.264,0.088,0.439,0.264,0.176,0.527,0.088,-0.703,0.264,0.439,0.088,0.439,0.088,0.088,0.176,0.088,0.088,0.527,0.264,0.006,6.8,12.00,34.0
41.7074,843,6,move,6,41.7074,41.7156,0,0.088,0.439,0.264,0.176,0.527,0.088,1.846,0.264,0.439,0.088,0.439,0.088,0.088,0.176,0.088,0.088,0.527,0.264,0.088,0.439,0.264,0.176,0.527,0.088,-1.807,0.264,0.439,0.088,0.439,0.088,0.088,0.176,0.088,0.088,0.527,0.264,0.006,6.8,12.00,34.0
41.7474,844,6,move,6,41.7474,41.7556,0,0.088,0.439,0.264,0.176,0.527,0.088,0.703,0.264,0.439,0.088,0.439,0.088,0.088,0.176,0.088,0.088,0.527,0.264,0.088,0.439,0.264,0.176,0.527,0.088,-2.757,0.264,0.439,0.088,0.439,0.088,0.088,0.176,0.088,0.088,0.527,0.264,0.006,6.8,12.00,34.0
41.7874,845,6,move,6,41.7874,41.7954,0,0.088,0.439,0.264,0.176,0.527,0.088,-0.264,0.264,0.439,0.088,0.439,0.088,0.088,0.176,0.088,0.088,0.527,0.264,0.088,0.439,0.264,0.176,0.527,0.088,-3.418,0.264,0.439,0.088,0.439,0.088,0.088,0.176,0.088,0.088,0.527,0.264,0.006,10.8,12.00,34.0
41.8274,846,6,move,6,41.8274,41.8352,0,0.088,0.439,0.264,0.176,0.527,0.088,-1.230,0.264,0.439,0.088,0.439,0.088,0.088,0.176,0.088,0.088,0.527,0.264,0.088,0.439,0.264,0.176,0.527,0.088,-3.697,0.264,0.439,0.088,0.439,0.088,0.088,0.176,0.088,0.088,0.527,0.264,0.006,10.8,12.00,34.0
41.8674,847,6,move,6,41.8674,41.8756,0,0.088,0.439,0.264,0.176,0.527,0.088,-2.197,0.264,0.439,0.088,0.439,0.088,0.088,0.176,0.088,0.088,0.527,0.264,0.088,0.439,0.264,0.176,0.527,0.088,-3.556,0.264,0.439,0.088,0.439,0.088,0.088,0.176,0.088,0.088,0.527,0.264,0.006,10.8,12.00,34.0
41.9074,848,6,move,6,41.9074,41.9155,0,0.088,0.439,0.264,0.176,0.527,0.088,-2.900,0.264,0.439,0.088,0.439,0.088,0.088,0.176,0.088,0.088,0.527,0.264,0.088,0.439,0.264,0.176,0.527,0.088,-3.015,0.264,0.439,0.088,0.439,0.088,0.088,0.176,0.088,0.088,0.527,0.264,0.006,5.6,12.00,34.0
41.9474,849,6,move,6,41.9474,41.9560,0,0.088,0.439,0.264,0.176,0.527,0.088,-3.252,0.264,0.439,0.088,0.439,0.088,0.088,0.176,0.088,0.088,0.527,0.264,0.088,0.439,0.264,0.176,0.527,0.088,-2.148,0.264,0.439,0.088,0.439,0.088,0.088,0.176,0.088,0.088,0.527,0.264,0.006,5.6,12.00,34.0
41.9871,850,6,move,6,41.9871,41.9956,0,0.088,0.439,0.264,0.176,0.527,0.088,-3.340,0.264,0.439,0.088,0.439,0.088,0.088,0.176,0.088,0.088,0.527,0.264,0.088,0.439,0.264,0.176,0.527,0.088,-1.079,0.264,0.439,0.088,0.439,0.088,0.088,0.176,0.088,0.088,0.527,0.264,0.006,5.6,12.00,34.0
42.0272,851,6,move,6,42.0272,42.0355,0,0.088,0.439,0.264,0.176,0.527,0.088,-3.340,0.264,0.439,0.088,0.439,0.088,0.088,0.176,0.088,0.088,0.527,0.264,0.088,0.439,0.264,0.176,0.527,0.088,0.043,0.264,0.439,0.088,0.439,0.088,0.088,0.176,0.088,0.088,0.527,0.264,0.013,11.2,12.00,34.0
42.0674,852,6,move,6,42.0674,42.0760,0,0.088,0.439,0.264,0.176,0.527,0.088,-2.637,0.264,0.439,0.088,0.439,0.088,0.088,0.176,0.088,0.088,0.527,0.264,0.088,0.439,0.264,0.176,0.527,0.088,1.060,0.264,0.439,0.088,0.439,0.088,0.088,0.176,0.088,0.088,0.527,0.264,0.013,11.2,12.00,34.0
42.1074,853,6,move,6,42.1074,42.1161,0,0.088,0.439,0.264,0.176,0.527,0.088,-1.494,0.264,0.439,0.088,0.439,0.088,0.088,0.176,0.088,0.088,0.527,0.264,0.088,0.439,0.264,0.176,0.527,0.088,1.830,0.264,0.439,0.088,0.439,0.088,0.088,0.176,0.088,0.088,0.527,0.264,0.013,11.2,12.00,34.0
42.1474,854,6,move,6,42.1474,42.1560,0,0.088,0.439,0.264,0.176,0.527,0.088,-0.527,0.264,0.439,0.088,0.439,0.088,0.088,0.176,0.088,0.088,0.527,0.264,0.088,0.439,0.264,0.176,0.527,0.088,2.244,0.264,0.439,0.088,0.439,0.088,0.088,0.176,0.088,0.088,0.527,0.264,0.006,10.0,12.00,34.0
42.1874,855,6,move,6,42.1874,42.2058,0,0.088,0.439,0.264,0.176,0.527,0.088,0.615,0.264,0.439,0.088,0.439,0.088,0.088,0.176,0.088,0.088,0.527,0.264,0.088,0.439,0.264,0.176,0.527,0.088,2.244,0.264,0.439,0.088,0.439,0.088,0.088,0.176,0.088,0.088,0.527,0.264,0.006,10.0,12.00,34.0
42.2272,856,6,move,6,42.2272,42.2356,0,0.088,0.439,0.264,0.176,0.527,0.088,1.230,0.264,0.439,0.088,0.439,0.088,0.088,0.176,0.088,0.088,0.527,0.264,0.088,0.439,0.264,0.176,0.527,0.088,1.830,0.264,0.439,0.088,0.439,0.088,0.088,0.176,0.088,0.088,0.527,0.264,0.006,10.0,12.00,34.0
42.2672,857,6,move,6,42.2672,42.2755,0,0.088,0.439,0.264,0.176,0.527,0.088,1.758,0.264,0.439,0.088,0.439,0.088,0.088,0.176,0.088,0.088,0.527,0.264,0.088,0.439,0.264,0.176,0.527,0.088,1.060,0.264,0.439,0.088,0.439,0.088,0.088,0.176,0.088,0.088,0.527,0.264,0.000,4.0,12.00,34.0
42.3074,858,6,move,6,42.3074,42.3158,0,0.088,0.439,0.264,0.176,0.527,0.088,1.934,0.264,0.439,0.088,0.439,0.088,0.088,0.176,0.088,0.088,0.527,0.264,0.088,0.439,0.264,0.176,0.527,0.088,0.043,0.264,0.439,0.088,0.439,0.088,0.088,0.176,0.088,0.088,0.527,0.264,0.000,4.0,12.00,34.0
42.3472,859,6,move,6,42.3472,42.3558,0,0.088,0.439,0.264,0.176,0.527,0.088,1.934,0.264,0.439,0.088,0.439,0.088,0.088,0.176,0.088,0.088,0.527,0.264,0.088,0.439,0.264,0.176,0.527,0.088,-1.079,0.264,0.439,0.088,0.439,0.088,0.088,0.176,0.088,0.088,0.527,0.264,0.000,4.0,12.00,34.0
42.3874,860,6,move,6,42.3874,42.3959,0,0.088,0.439,0.264,0.176,0.527,0.088,1.494,0.264,0.439,0.088,0.439,0.088,0.088,0.176,0.088,0.088,0.527,0.264,0.088,0.439,0.264,0.176,0.527,0.088,-2.148,0.264,0.439,0.088,0.439,0.088,0.088,0.176,0.088,0.088,0.527,0.264,0.006,11.6,12.00,34.0
42.4274,861,6,move,6,42.4274,42.4354,0,0.088,0.439,0.264,0.176,0.527,0.088,0.439,0.264,0.439,0.088,0.439,0.088,0.088,0.176,0.088,0.088,0.527,0.264,0.088,0.439,0.264,0.176,0.527,0.088,-3.015,0.264,0.439,0.088,0.439,0.088,0.088,0.176,0.088,0.088,0.527,0.264,0.006,11.6,12.00,34.0
42.4674,862,6,move,6,42.4674,42.4759,0,0.088,0.439,0.264,0.176,0.527,0.088,-0.615,0.264,0.439,0.088,0.439,0.088,0.088,0.176,0.088,0.088,0.527,0.264,0.088,0.439,0.264,0.176,0.527,0.088,-3.556,0.264,0.439,0.088,0.439,0.088,0.088,0.176,0.088,0.088,0.527,0.264,0.006,11.6,12.00,34.0
42.5074,863,6,move,6,42.5074,42.5158,0,0.088,0.439,0.264,0.176,0.527,0.088,-1.582,0.264,0.439,0.088,0.439,0.088,0.088,0.176,0.088,0.088,0.527,0.264,0.088,0.439,0.264,0.176,0.527,0.088,-3.697,0.264,0.439,0.088,0.439,0.088,0.088,0.176,0.088,0.088,0.527,0.264,0.013,9.6,12.00,34.0
42.5474,864,6,move,6,42.5474,42.5560,0,0.088,0.439,0.264,0.176,0.527,0.088,-2.373,0.264,0.439,0.088,0.439,0.088,0.088,0.176,0.088,0.088,0.527,0.264,0.088,0.439,0.264,0.176,0.527,0.088,-3.418,0.264,0.439,0.088,0.439,0.088,0.088,0.176,0.088,0.088,0.527,0.264,0.013,9.6,12.00,34.0
42.5871,865,6,move,6,42.5871,42.5958,0,0.088,0.439,0.264,0.176,0.527,0.088,-2.988,0.264,0.439,0.088,0.439,0.088,0.088,0.176,0.088,0.088,0.527,0.264,0.088,0.439,0.264,0.176,0.527,0.088,-2.757,0.264,0.439,0.088,0.439,0.088,0.088,0.176,0.088,0.088,0.527,0.264,0.013,9.6,12.00,34.0
42.6274,866,6,move,6,42.6274,42.6361,0,0.088,0.439,0.264,0.176,0.527,0.088,-3.340,0.264,0.439,0.088,0.439,0.088,0.088,0.176,0.088,0.088,0.527,0.264,0.088,0.439,0.264,0.176,0.527,0.088,-1.807,0.264,0.439,0.088,0.439,0.088,0.088,0.176,0.088,0.088,0.527,0.264,0.000,3.2,12.00,34.0
42.6672,867,6,move,6,42.6672,42.6758,0,0.088,0.439,0.264,0.176,0.527,0.088,-3.340,0.264,0.439,0.088,0.439,0.088,0.088,0.176,0.088,0.088,0.527,0.264,0.088,0.439,0.264,0.176,0.527,0.088,-0.703,0.264,0.439,0.088,0.439,0.088,0.088,0.176,0.088,0.088,0.527,0.264,0.000,3.2,12.00,34.0
42.7074,868,6,move,6,42.7074,42.7160,0,0.088,0.439,0.264,0.176,0.527,0.088,-3.340,0.264,0.439,0.088,0.439,0.088,0.088,0.176,0.088,0.088,0.527,0.264,0.088,0.439,0.264,0.176,0.527,0.088,0.401,0.264,0.439,0.088,0.439,0.088,0.088,0.176,0.088,0.088,0.527,0.264,0.000,3.2,12.00,34.0
42.7474,869,6,move,6,42.7474,42.7561,0,0.088,0.439,0.264,0.176,0.527,0.088,-2.373,0.264,0.439,0.088,0.439,0.088,0.088,0.176,0.088,0.088,0.527,0.264,0.088,0.439,0.264,0.176,0.527,0.088,1.351,0.264,0.439,0.088,0.439,0.088,0.088,0.176,0.088,0.088,0.527,0.264,0.006,10.4,12.00,34.0
42.7872,870,6,move,6,42.7872,42.7958,0,0.088,0.439,0.264,0.176,0.527,0.088,-1.230,0.264,0.439,0.088,0.439,0.088,0.088,0.176,0.088,0.088,0.527,0.264,0.088,0.439,0.264,0.176,0.527,0.088,2.011,0.264,0.439,0.088,0.439,0.088,0.088,0.176,0.088,0.088,0.527,0.264,0.006,10.4,12.00,34.0
42.8274,871,6,move,6,42.8274,42.8360,0,0.088,0.439,0.264,0.176,0.527,0.088,-0.264,0.264,0.439,0.088,0.439,0.088,0.088,0.176,0.088,0.088,0.527,0.264,0.088,0.439,0.264,0.176,0.527,0.088,2.291,0.264,0.439,0.088,0.439,0.088,0.088,0.176,0.088,0.088,0.527,0.264,0.006,10.4,12.00,34.0
42.8674,872,6,move,6,42.8674,42.8762,0,0.088,0.439,0.264,0.176,0.527,0.088,0.703,0.264,0.439,0.088,0.439,0.088,0.088,0.176,0.088,0.088,0.527,0.264,0.088,0.439,0.264,0.176,0.527,0.088,2.150,0.264,0.439,0.088,0.439,0.088,0.088,0.176,0.088,0.088,0.527,0.264,0.006,8.0,12.00,34.0
42.9072,873,6,move,6,42.9072,42.9158,0,0.088,0.439,0.264,0.176,0.527,0.088,1.406,0.264,0.439,0.088,0.439,0.088,0.088,0.176,0.088,0.088,0.527,0.264,0.088,0.439,0.264,0.176,0.527,0.088,1.608,0.264,0.439,0.088,0.439,0.088,0.088,0.176,0.088,0.088,0.527,0.264,0.006,8.0,12.00,34.0
42.9474,874,6,move,6,42.9474,42.9560,0,0.088,0.439,0.264,0.176,0.527,0.088,1.934,0.264,0.439,0.088,0.439,0.088,0.088,0.176,0.088,0.088,0.527,0.264,0.088,0.439,0.264,0.176,0.527,0.088,0.742,0.264,0.439,0.088,0.439,0.088,0.088,0.176,0.088,0.088,0.527,0.264,0.006,8.0,12.00,34.0
42.9872,875,6,move,6,42.9872,42.9958,0,0.088,0.439,0.264,0.176,0.527,0.088,1.934,0.264,0.439,0.088,0.439,0.088,0.088,0.176,0.088,0.088,0.527,0.264,0.088,0.439,0.264,0.176,0.527,0.088,-0.327,0.264,0.439,0.088,0.439,0.088,0.088,0.176,0.088,0.088,0.527,0.264,0.000,3.6,12.00,34.0
43.0274,876,6,move,6,43.0274,43.0360,0,0.088,0.439,0.264,0.176,0.527,0.088,1.934,0.264,0.439,0.088,0.439,0.088,0.088,0.176,0.088,0.088,0.527,0.264,0.088,0.439,0.264,0.176,0.527,0.088,-1.449,0.264,0.439,0.088,0.439,0.088,0.088,0.176,0.088,0.088,0.527,0.264,0.000,3.6,12.00,34.0
43.0674,877,6,move,6,43.0674,43.0761,0,0.088,0.439,0.264,0.176,0.527,0.088,1.143,0.264,0.439,0.088,0.439,0.088,0.088,0.176,0.088,0.088,0.527,0.264,0.088,0.439,0.264,0.176,0.527,0.088,-2.466,0.264,0.439,0.088,0.439,0.088,0.088,0.176,0.088,0.088,0.527,0.264,0.000,3.6,12.00,34.0
43.1074,878,6,move,6,43.1074,43.1160,0,0.088,0.439,0.264,0.176,0.527,0.088,0.176,0.264,0.439,0.088,0.439,0.088,0.088,0.176,0.088,0.088,0.527,0.264,0.088,0.439,0.264,0.176,0.527,0.088,-3.236,0.264,0.439,0.088,0.439,0.088,0.088,0.176,0.088,0.088,0.527,0.264,0.006,11.2,12.00,34.0
43.1474,879,6,move,6,43.1474,43.1560,0,0.088,0.439,0.264,0.176,0.527,0.088,-0.879,0.264,0.439,0.088,0.439,0.088,0.088,0.176,0.088,0.088,0.527,0.264,0.088,0.439,0.264,0.176,0.527,0.088,-3.650,0.264,0.439,0.088,0.439,0.088,0.088,0.176,0.088,0.088,0.527,0.264,0.006,11.2,12.00,34.0
43.1872,880,6,move,6,43.1872,43.1973,0,0.088,0.439,0.264,0.176,0.527,0.088,-1.846,0.264,0.439,0.088,0.439,0.088,0.088,0.176,0.088,0.088,0.527,0.264,0.088,0.439,0.264,0.176,0.527,0.088,-3.650,0.264,0.439,0.088,0.439,0.088,0.088,0.176,0.088,0.088,0.527,0.264,0.006,11.2,12.00,34.0
43.2274,881,6,move,6,43.2274,43.2355,0,0.088,0.439,0.264,0.176,0.527,0.088,-2.637,0.264,0.439,0.088,0.439,0.088,0.088,0.176,0.088,0.088,0.527,0.264,0.088,0.439,0.264,0.176,0.527,0.088,-3.236,0.264,0.439,0.088,0.439,0.088,0.088,0.176,0.088,0.088,0.527,0.264,0.006,6.4,12.00,34.0
43.2674,882,6,move,6,43.2674,43.2756,0,0.088,0.439,0.264,0.176,0.527,0.088,-3.164,0.264,0.439,0.088,0.439,0.088,0.088,0.176,0.088,0.088,0.527,0.264,0.088,0.439,0.264,0.176,0.527,0.088,-2.466,0.264,0.439,0.088,0.439,0.088,0.088,0.176,0.088,0.088,0.527,0.264,0.006,6.4,12.00,34.0
43.3074,883,6,move,6,43.3074,43.3156,0,0.088,0.439,0.264,0.176,0.527,0.088,-3.340,0.264,0.439,0.088,0.439,0.088,0.088,0.176,0.088,0.088,0.527,0.264,0.088,0.439,0.264,0.176,0.527,0.088,-1.449,0.264,0.439,0.088,0.439,0.088,0.088,0.176,0.088,0.088,0.527,0.264,0.006,6.4,12.00,34.0
43.3474,884,6,rest,6,43.3474,43.3557,0,0.088,0.439,0.264,0.176,0.527,0.088,-3.340,0.264,0.439,0.088,0.439,0.088,0.088,0.176,0.088,0.088,0.527,0.264,0.088,0.439,0.264,0.176,0.527,0.088,-0.703,0.264,0.439,0.088,0.439,0.088,0.088,0.176,0.088,0.088,0.527,0.264,0.013,8.8,12.00,36.0
43.3871,885,6,rest,6,43.3871,43.3958,0,0.088,0.439,0.264,0.176,0.527,0.088,-3.252,0.264,0.439,0.088,0.439,0.088,0.088,0.176,0.088,0.088,0.527,0.264,0.088,0.439,0.264,0.176,0.527,0.088,-0.703,0.264,0.439,0.088,0.439,0.088,0.088,0.176,0.088,0.088,0.527,0.264,0.013,8.8,12.00,36.0
43.4274,886,6,rest,6,43.4274,43.4360,0,0.088,0.439,0.264,0.176,0.527,0.088,-2.109,0.264,0.439,0.088,0.439,0.088,0.088,0.176,0.088,0.088,0.527,0.264,0.088,0.439,0.264,0.176,0.527,0.088,-0.703,0.264,0.439,0.088,0.439,0.088,0.088,0.176,0.088,0.088,0.527,0.264,0.013,8.8,12.00,36.0
43.4675,887,6,rest,6,43.4675,43.4761,0,0.088,0.439,0.264,0.176,0.527,0.088,-1.406,0.264,0.439,0.088,0.439,0.088,0.088,0.176,0.088,0.088,0.527,0.264,0.088,0.439,0.264,0.176,0.527,0.088,-0.703,0.264,0.439,0.088,0.439,0.088,0.088,0.176,0.088,0.088,0.527,0.264,0.000,4.8,12.00,34.0
43.5071,888,6,rest,6,43.5071,43.5158,0,0.088,0.439,0.264,0.176,0.527,0.088,-1.055,0.264,0.439,0.088,0.439,0.088,0.088,0.176,0.088,0.088,0.527,0.264,0.088,0.439,0.264,0.176,0.527,0.088,-0.703,0.264,0.439,0.088,0.439,0.088,0.088,0.176,0.088,0.088,0.527,0.264,0.000,4.8,12.00,34.0
43.5474,889,6,rest,6,43.5474,43.5558,0,0.088,0.439,0.264,0.176,0.527,0.088,-0.879,0.264,0.439,0.088,0.439,0.088,0.088,0.176,0.088,0.088,0.527,0.264,0.088,0.439,0.264,0.176,0.527,0.088,-0.703,0.264,0.439,0.088,0.439,0.088,0.088,0.176,0.088,0.088,0.527,0.264,0.000,4.8,12.00,34.0
43.5871,890,6,rest,6,43.5871,43.5955,0,0.088,0.439,0.264,0.176,0.527,0.088,-0.879,0.264,0.439,0.088,0.439,0.088,0.088,0.176,0.088,0.088,0.527,0.264,0.088,0.439,0.264,0.176,0.527,0.088,-0.703,0.264,0.439,0.088,0.439,0.088,0.088,0.176,0.088,0.088,0.527,0.264,0.000,2.4,12.00,34.0
43.6274,891,6,rest,6,43.6274,43.6358,0,0.088,0.439,0.264,0.176,0.527,0.088,-0.879,0.264,0.439,0.088,0.439,0.088,0.088,0.176,0.088,0.088,0.527,0.264,0.088,0.439,0.264,0.176,0.527,0.088,-0.703,0.264,0.439,0.088,0.439,0.088,0.088,0.176,0.088,0.088,0.527,0.264,0.000,2.4,12.00,34.0
43.6675,892,6,rest,6,43.6675,43.6762,0,0.088,0.439,0.264,0.176,0.527,0.088,-0.879,0.264,0.439,0.088,0.439,0.088,0.088,0.176,0.088,0.088,0.527,0.264,0.088,0.439,0.264,0.176,0.527,0.088,-0.703,0.264,0.439,0.088,0.439,0.088,0.088,0.176,0.088,0.088,0.527,0.264,0.000,2.4,12.00,34.0
43.7074,893,6,rest,6,43.7074,43.7160,0,0.088,0.439,0.264,0.176,0.527,0.088,-0.879,0.264,0.439,0.088,0.439,0.088,0.088,0.176,0.088,0.088,0.527,0.264,0.088,0.439,0.264,0.176,0.527,0.088,-0.703,0.264,0.439,0.088,0.439,0.088,0.088,0.176,0.088,0.088,0.527,0.264,0.000,2.4,12.00,34.0
43.7472,894,6,rest,6,43.7472,43.7552,0,0.088,0.439,0.264,0.176,0.527,0.088,-0.879,0.264,0.439,0.088,0.439,0.088,0.088,0.176,0.088,0.088,0.527,0.264,0.088,0.439,0.264,0.176,0.527,0.088,-0.703,0.264,0.439,0.088,0.439,0.088,0.088,0.176,0.088,0.088,0.527,0.264,0.000,2.4,12.00,34.0
43.7872,895,6,rest,6,43.7872,43.8046,0,0.088,0.439,0.264,0.176,0.527,0.088,-0.879,0.264,0.439,0.088,0.439,0.088,0.088,0.176,0.088,0.088,0.527,0.264,0.088,0.439,0.264,0.176,0.527,0.088,-0.703,0.264,0.439,0.088,0.439,0.088,0.088,0.176,0.088,0.088,0.527,0.264,0.000,2.4,12.00,34.0
43.8272,896,6,rest,6,43.8272,43.8356,0,0.088,0.439,0.264,0.176,0.527,0.088,-0.879,0.264,0.439,0.088,0.439,0.088,0.088,0.176,0.088,0.088,0.527,0.264,0.088,0.439,0.264,0.176,0.527,0.088,-0.703,0.264,0.439,0.088,0.439,0.088,0.088,0.176,0.088,0.088,0.527,0.264,0.000,2.4,12.00,34.0
43.8672,897,6,rest,6,43.8672,43.8754,0,0.088,0.439,0.264,0.176,0.527,0.088,-0.879,0.264,0.439,0.088,0.439,0.088,0.088,0.176,0.088,0.088,0.527,0.264,0.088,0.439,0.264,0.176,0.527,0.088,-0.703,0.264,0.439,0.088,0.439,0.088,0.088,0.176,0.088,0.088,0.527,0.264,0.000,2.4,12.00,34.0
43.9072,898,6,rest,6,43.9072,43.9152,0,0.088,0.439,0.264,0.176,0.527,0.088,-0.879,0.264,0.439,0.088,0.439,0.088,0.088,0.176,0.088,0.088,0.527,0.264,0.088,0.439,0.264,0.176,0.527,0.088,-0.703,0.264,0.439,0.088,0.439,0.088,0.088,0.176,0.088,0.088,0.527,0.264,0.000,2.4,12.00,34.0
43.9474,899,6,rest,6,43.9474,43.9560,0,0.088,0.439,0.264,0.176,0.527,0.088,-0.879,0.264,0.439,0.088,0.439,0.088,0.088,0.176,0.088,0.088,0.527,0.264,0.088,0.439,0.264,0.176,0.527,0.088,-0.703,0.264,0.439,0.088,0.439,0.088,0.088,0.176,0.088,0.088,0.527,0.264,0.006,2.4,12.00,34.0
43.9871,900,6,rest,6,43.9871,43.9958,0,0.088,0.439,0.264,0.176,0.527,0.088,-0.879,0.264,0.439,0.088,0.439,0.088,0.088,0.176,0.088,0.088,0.527,0.264,0.088,0.439,0.264,0.176,0.527,0.088,-0.703,0.264,0.439,0.088,0.439,0.088,0.088,0.176,0.088,0.088,0.527,0.264,0.006,2.4,12.00,34.0
44.0274,901,6,rest,6,44.0274,44.0358,0,0.088,0.439,0.264,0.176,0.527,0.088,-0.879,0.264,0.439,0.088,0.439,0.088,0.088,0.176,0.088,0.088,0.527,0.264,0.088,0.439,0.264,0.176,0.527,0.088,-0.703,0.264,0.439,0.088,0.439,0.088,0.088,0.176,0.088,0.088,0.527,0.264,0.006,2.4,12.00,34.0
44.0674,902,6,rest,6,44.0674,44.0756,0,0.088,0.439,0.264,0.176,0.527,0.088,-0.879,0.264,0.439,0.088,0.439,0.088,0.088,0.176,0.088,0.088,0.527,0.264,0.088,0.439,0.264,0.176,0.527,0.088,-0.703,0.264,0.439,0.088,0.439,0.088,0.088,0.176,0.088,0.088,0.527,0.264,0.006,2.4,12.00,34.0
44.1072,903,6,rest,6,44.1072,44.1152,0,0.088,0.439,0.264,0.176,0.527,0.088,-0.879,0.264,0.439,0.088,0.439,0.088,0.088,0.176,0.088,0.088,0.527,0.264,0.088,0.439,0.264,0.176,0.527,0.088,-0.703,0.264,0.439,0.088,0.439,0.088,0.088,0.176,0.088,0.088,0.527,0.264,0.006,2.4,12.00,34.0
44.1524,904,7,pre,6,44.1524,44.1604,0,0.088,0.439,0.264,0.176,0.527,0.088,-0.879,0.264,0.439,0.088,0.439,0.088,0.088,0.176,0.088,0.088,0.527,0.264,0.088,0.439,0.264,0.176,0.527,0.088,-0.879,0.264,0.439,0.088,0.439,0.088,0.088,0.176,0.088,0.088,0.527,0.264,0.006,2.4,12.00,34.0
44.1872,905,7,pre,6,44.1872,44.1951,0,0.088,0.439,0.264,0.176,0.527,0.088,-0.879,0.264,0.439,0.088,0.439,0.088,0.088,0.176,0.088,0.088,0.527,0.264,0.088,0.439,0.264,0.176,0.527,0.088,-0.879,0.264,0.439,0.088,0.439,0.088,0.088,0.176,0.088,0.088,0.527,0.264,0.000,0.0,12.00,34.0
44.2274,906,7,pre,6,44.2274,44.2356,0,0.088,0.439,0.264,0.176,0.527,0.088,-0.879,0.264,0.439,0.088,0.439,0.088,0.088,0.176,0.088,0.088,0.527,0.264,0.088,0.439,0.264,0.176,0.527,0.088,-0.879,0.264,0.439,0.088,0.439,0.088,0.088,0.176,0.088,0.088,0.527,0.264,0.000,0.0,12.00,34.0
44.2672,907,7,pre,6,44.2672,44.2755,0,0.088,0.439,0.264,0.176,0.527,0.088,-0.879,0.264,0.439,0.088,0.439,0.088,0.088,0.176,0.088,0.088,0.527,0.264,0.088,0.439,0.264,0.176,0.527,0.088,-0.879,0.264,0.439,0.088,0.439,0.088,0.088,0.176,0.088,0.088,0.527,0.264,0.000,0.0,12.00,34.0
44.3072,908,7,pre,6,44.3072,44.3152,0,0.088,0.439,0.264,0.176,0.527,0.088,-0.879,0.264,0.439,0.088,0.439,0.088,0.088,0.176,0.088,0.088,0.527,0.264,0.088,0.439,0.264,0.176,0.527,0.088,-0.879,0.264,0.439,0.088,0.439,0.088,0.088,0.176,0.088,0.088,0.527,0.264,0.000,0.0,12.00,34.0
44.3472,909,7,pre,6,44.3472,44.3564,0,0.088,0.439,0.264,0.176,0.527,0.088,-0.879,0.264,0.439,0.088,0.439,0.088,0.088,0.176,0.088,0.088,0.527,0.264,0.088,0.439,0.264,0.176,0.527,0.088,-0.879,0.264,0.439,0.088,0.439,0.088,0.088,0.176,0.088,0.088,0.527,0.264,0.000,0.0,12.00,34.0
44.3872,910,7,pre,6,44.3872,44.3956,0,0.088,0.439,0.264,0.176,0.527,0.088,-0.879,0.264,0.439,0.088,0.439,0.088,0.088,0.176,0.088,0.088,0.527,0.264,0.088,0.439,0.264,0.176,0.527,0.088,-0.879,0.264,0.439,0.088,0.439,0.088,0.088,0.176,0.088,0.088,0.527,0.264,0.000,0.0,12.00,34.0
44.4274,911,7,pre,6,44.4274,44.4355,0,0.088,0.439,0.264,0.176,0.527,0.088,-0.879,0.264,0.439,0.088,0.439,0.088,0.088,0.176,0.088,0.088,0.527,0.264,0.088,0.439,0.264,0.176,0.527,0.088,-0.879,0.264,0.439,0.088,0.439,0.088,0.088,0.176,0.088,0.088,0.527,0.264,0.006,0.0,12.00,34.0
44.4674,912,7,pre,6,44.4674,44.4755,0,0.088,0.439,0.264,0.176,0.527,0.088,-0.879,0.264,0.439,0.088,0.439,0.088,0.088,0.176,0.088,0.088,0.527,0.264,0.088,0.439,0.264,0.176,0.527,0.088,-0.879,0.264,0.439,0.088,0.439,0.088,0.088,0.176,0.088,0.088,0.527,0.264,0.006,0.0,12.00,34.0
44.5074,913,7,pre,6,44.5074,44.5156,0,0.088,0.439,0.264,0.176,0.527,0.088,-0.879,0.264,0.439,0.088,0.439,0.088,0.088,0.176,0.088,0.088,0.527,0.264,0.088,0.439,0.264,0.176,0.527,0.088,-0.879,0.264,0.439,0.088,0.439,0.088,0.088,0.176,0.088,0.088,0.527,0.264,0.006,0.0,12.00,34.0
44.5472,914,7,pre,6,44.5472,44.5554,0,0.088,0.439,0.264,0.176,0.527,0.088,-0.879,0.264,0.439,0.088,0.439,0.088,0.088,0.176,0.088,0.088,0.527,0.264,0.088,0.439,0.264,0.176,0.527,0.088,-0.879,0.264,0.439,0.088,0.439,0.088,0.088,0.176,0.088,0.088,0.527,0.264,0.000,0.0,12.00,34.0
44.5872,915,7,pre,6,44.5872,44.5956,0,0.088,0.439,0.264,0.176,0.527,0.088,-0.879,0.264,0.439,0.088,0.439,0.088,0.088,0.176,0.088,0.088,0.527,0.264,0.088,0.439,0.264,0.176,0.527,0.088,-0.879,0.264,0.439,0.088,0.439,0.088,0.088,0.176,0.088,0.088,0.527,0.264,0.000,0.0,12.00,34.0
44.6274,916,7,pre,6,44.6274,44.6355,0,0.088,0.439,0.264,0.176,0.527,0.088,-0.879,0.264,0.439,0.088,0.439,0.088,0.088,0.176,0.088,0.088,0.527,0.264,0.088,0.439,0.264,0.176,0.527,0.088,-0.879,0.264,0.439,0.088,0.439,0.088,0.088,0.176,0.088,0.088,0.527,0.264,0.000,0.0,12.00,34.0
44.6672,917,7,pre,6,44.6672,44.6750,0,0.088,0.439,0.264,0.176,0.527,0.088,-0.879,0.264,0.439,0.088,0.439,0.088,0.088,0.176,0.088,0.088,0.527,0.264,0.088,0.439,0.264,0.176,0.527,0.088,-0.879,0.264,0.439,0.088,0.439,0.088,0.088,0.176,0.088,0.088,0.527,0.264,0.000,0.0,12.00,34.0
44.7074,918,7,pre,6,44.7074,44.7154,0,0.088,0.439,0.264,0.176,0.527,0.088,-0.879,0.264,0.439,0.088,0.439,0.088,0.088,0.176,0.088,0.088,0.527,0.264,0.088,0.439,0.264,0.176,0.527,0.088,-0.879,0.264,0.439,0.088,0.439,0.088,0.088,0.176,0.088,0.088,0.527,0.264,0.000,0.0,12.00,34.0
44.7471,919,7,move,6,44.7471,44.7552,0,0.088,0.439,0.264,0.176,0.527,0.088,-0.879,0.264,0.439,0.088,0.439,0.088,0.088,0.176,0.088,0.088,0.527,0.264,0.088,0.439,0.264,0.176,0.527,0.088,-0.879,0.264,0.439,0.088,0.439,0.088,0.088,0.176,0.088,0.088,0.527,0.264,0.000,0.0,12.00,34.0
44.7874,920,7,move,6,44.7874,44.7956,0,0.088,0.439,0.264,0.176,0.527,0.088,-0.879,0.264,0.439,0.088,0.439,0.088,0.088,0.176,0.088,0.088,0.527,0.264,0.088,0.439,0.264,0.176,0.527,0.088,0.566,0.264,0.439,0.088,0.439,0.088,0.088,0.176,0.088,0.088,0.527,0.264,0.000,0.0,12.00,34.0
44.8272,921,7,move,6,44.8272,44.8354,0,0.088,0.439,0.264,0.176,0.527,0.088,-0.879,0.264,0.439,0.088,0.439,0.088,0.088,0.176,0.088,0.088,0.527,0.264,0.088,0.439,0.264,0.176,0.527,0.088,1.654,0.264,0.439,0.088,0.439,0.088,0.088,0.176,0.088,0.088,0.527,0.264,0.000,0.0,12.00,34.0
44.8672,922,7,move,6,44.8672,44.8750,0,0.088,0.439,0.264,0.176,0.527,0.088,-0.703,0.264,0.439,0.088,0.439,0.088,0.088,0.176,0.088,0.088,0.527,0.264,0.088,0.439,0.264,0.176,0.527,0.088,2.115,0.264,0.439,0.088,0.439,0.088,0.088,0.176,0.088,0.088,0.527,0.264,0.000,0.0,12.00,34.0
44.9072,923,7,move,6,44.9072,44.9154,0,0.088,0.439,0.264,0.176,0.527,0.088,0.000,0.264,0.439,0.088,0.439,0.088,0.088,0.176,0.088,0.088,0.527,0.264,0.088,0.439,0.264,0.176,0.527,0.088,1.836,0.264,0.439,0.088,0.439,0.088,0.088,0.176,0.088,0.088,0.527,0.264,0.013,9.2,12.00,34.0
44.9471,924,7,move,6,44.9471,44.9552,0,0.088,0.439,0.264,0.176,0.527,0.088,0.791,0.264,0.439,0.088,0.439,0.088,0.088,0.176,0.088,0.088,0.527,0.264,0.088,0.439,0.264,0.176,0.527,0.088,0.884,0.264,0.439,0.088,0.439,0.088,0.088,0.176,0.088,0.088,0.527,0.264,0.013,9.2,12.00,34.0
44.9872,925,7,move,6,44.9872,44.9956,0,0.088,0.439,0.264,0.176,0.527,0.088,1.406,0.264,0.439,0.088,0.439,0.088,0.088,0.176,0.088,0.088,0.527,0.264,0.088,0.439,0.264,0.176,0.527,0.088,-0.503,0.264,0.439,0.088,0.439,0.088,0.088,0.176,0.088,0.088,0.527,0.264,0.013,9.2,12.00,34.0
45.0271,926,7,move,6,45.0271,45.0356,0,0.088,0.439,0.264,0.176,0.527,0.088,1.758,0.264,0.439,0.088,0.439,0.088,0.088,0.176,0.088,0.088,0.527,0.264,0.088,0.439,0.264,0.176,0.527,0.088,-1.983,0.264,0.439,0.088,0.439,0.088,0.088,0.176,0.088,0.088,0.527,0.264,0.000,2.4,12.00,34.0
45.0674,927,7,move,6,45.0674,45.0760,0,0.088,0.439,0.264,0.176,0.527,0.088,1.758,0.264,0.439,0.088,0.439,0.088,0.088,0.176,0.088,0.088,0.527,0.264,0.088,0.439,0.264,0.176,0.527,0.088,-3.190,0.264,0.439,0.088,0.439,0.088,0.088,0.176,0.088,0.088,0.527,0.264,0.000,2.4,12.00,34.0
45.1072,928,7,move,6,45.1072,45.1157,0,0.088,0.439,0.264,0.176,0.527,0.088,1.758,0.264,0.439,0.088,0.439,0.088,0.088,0.176,0.088,0.088,0.527,0.264,0.088,0.439,0.264,0.176,0.527,0.088,-3.826,0.264,0.439,0.088,0.439,0.088,0.088,0.176,0.088,0.088,0.527,0.264,0.000,2.4,12.00,34.0
45.1471,929,7,move,6,45.1471,45.1555,0,0.088,0.439,0.264,0.176,0.527,0.088,0.703,0.264,0.439,0.088,0.439,0.088,0.088,0.176,0.088,0.088,0.527,0.264,0.088,0.439,0.264,0.176,0.527,0.088,-3.732,0.264,0.439,0.088,0.439,0.088,0.088,0.176,0.088,0.088,0.527,0.264,0.006,11.6,12.00,34.0
45.1872,930,7,move,6,45.1872,45.1956,0,0.088,0.439,0.264,0.176,0.527,0.088,-0.527,0.264,0.439,0.088,0.439,0.088,0.088,0.176,0.088,0.088,0.527,0.264,0.088,0.439,0.264,0.176,0.527,0.088,-2.933,0.264,0.439,0.088,0.439,0.088,0.088,0.176,0.088,0.088,0.527,0.264,0.006,11.6,12.00,34.0
45.2272,931,7,move,6,45.2272,45.2357,0,0.088,0.439,0.264,0.176,0.527,0.088,-1.670,0.264,0.439,0.088,0.439,0.088,0.088,0.176,0.088,0.088,0.527,0.264,0.088,0.439,0.264,0.176,0.527,0.088,-1.625,0.264,0.439,0.088,0.439,0.088,0.088,0.176,0.088,0.088,0.527,0.264,0.006,11.6,12.00,34.0
45.2671,932,7,move,6,45.2671,45.2756,0,0.088,0.439,0.264,0.176,0.527,0.088,-2.461,0.264,0.439,0.088,0.439,0.088,0.088,0.176,0.088,0.088,0.527,0.264,0.088,0.439,0.264,0.176,0.527,0.088,-0.133,0.264,0.439,0.088,0.439,0.088,0.088,0.176,0.088,0.088,0.527,0.264,0.006,7.6,12.00,34.0
45.3072,933,7,move,6,45.3072,45.3155,0,0.088,0.439,0.264,0.176,0.527,0.088,-3.076,0.264,0.439,0.088,0.439,0.088,0.088,0.176,0.088,0.088,0.527,0.264,0.088,0.439,0.264,0.176,0.527,0.088,1.175,0.264,0.439,0.088,0.439,0.088,0.088,0.176,0.088,0.088,0.527,0.264,0.006,7.6,12.00,34.0
45.3471,934,7,move,6,45.3471,45.3558,0,0.088,0.439,0.264,0.176,0.527,0.088,-3.340,0.264,0.439,0.088,0.439,0.088,0.088,0.176,0.088,0.088,0.527,0.264,0.088,0.439,0.264,0.176,0.527,0.088,1.974,0.264,0.439,0.088,0.439,0.088,0.088,0.176,0.088,0.088,0.527,0.264,0.006,7.6,12.00,34.0
45.3872,935,7,move,6,45.3872,45.3950,0,0.088,0.439,0.264,0.176,0.527,0.088,-3.340,0.264,0.439,0.088,0.439,0.088,0.088,0.176,0.088,0.088,0.527,0.264,0.088,0.439,0.264,0.176,0.527,0.088,2.068,0.264,0.439,0.088,0.439,0.088,0.088,0.176,0.088,0.088,0.527,0.264,0.013,7.2,12.00,34.0
45.4272,936,7,move,6,45.4272,45.4356,0,0.088,0.439,0.264,0.176,0.527,0.088,-3.340,0.264,0.439,0.088,0.439,0.088,0.088,0.176,0.088,0.088,0.527,0.264,0.088,0.439,0.264,0.176,0.527,0.088,1.433,0.264,0.439,0.088,0.439,0.088,0.088,0.176,0.088,0.088,0.527,0.264,0.013,7.2,12.00,34.0
45.4674,937,7,move,6,45.4674,45.4760,0,0.088,0.439,0.264,0.176,0.527,0.088,-2.109,0.264,0.439,0.088,0.439,0.088,0.088,0.176,0.088,0.088,0.527,0.264,0.088,0.439,0.264,0.176,0.527,0.088,0.225,0.264,0.439,0.088,0.439,0.088,0.088,0.176,0.088,0.088,0.527,0.264,0.013,7.2,12.00,34.0
45.5072,938,7,move,6,45.5072,45.5158,0,0.088,0.439,0.264,0.176,0.527,0.088,-0.967,0.264,0.439,0.088,0.439,0.088,0.088,0.176,0.088,0.088,0.527,0.264,0.088,0.439,0.264,0.176,0.527,0.088,-1.255,0.264,0.439,0.088,0.439,0.088,0.088,0.176,0.088,0.088,0.527,0.264,0.013,9.6,12.00,34.0
45.5472,939,7,move,6,45.5472,45.6493,0,0.088,0.439,0.264,0.176,0.527,0.088,1.055,0.264,0.439,0.088,0.439,0.088,0.088,0.176,0.088,0.088,0.527,0.264,0.088,0.439,0.264,0.176,0.527,0.088,-2.642,0.264,0.439,0.088,0.439,0.088,0.088,0.176,0.088,0.088,0.527,0.264,0.006,3.2,12.00,34.0
45.6598,940,7,move,6,45.6598,45.6676,1,0.088,0.439,0.264,0.176,0.527,0.088,1.055,0.264,0.439,0.088,0.439,0.088,0.088,0.176,0.088,0.088,0.527,0.264,0.088,0.439,0.264,0.176,0.527,0.088,-3.593,0.264,0.439,0.088,0.439,0.088,0.088,0.176,0.088,0.088,0.527,0.264,0.006,3.2,12.00,34.0
45.6683,941,7,move,6,45.6683,45.6759,1,0.088,0.439,0.264,0.176,0.527,0.088,1.055,0.264,0.439,0.088,0.439,0.088,0.088,0.176,0.088,0.088,0.527,0.264,0.088,0.439,0.264,0.176,0.527,0.088,-3.873,0.264,0.439,0.088,0.439,0.088,0.088,0.176,0.088,0.088,0.527,0.264,0.006,3.2,12.00,34.0
45.6766,942,7,move,6,45.6766,45.6843,0,0.088,0.439,0.264,0.176,0.527,0.088,1.055,0.264,0.439,0.088,0.439,0.088,0.088,0.176,0.088,0.088,0.527,0.264,0.088,0.439,0.264,0.176,0.527,0.088,-3.412,0.264,0.439,0.088,0.439,0.088,0.088,0.176,0.088,0.088,0.527,0.264,0.006,3.2,12.00,34.0
45.7072,943,7,move,6,45.7072,45.7154,0,0.088,0.439,0.264,0.176,0.527,0.088,1.055,0.264,0.439,0.088,0.439,0.088,0.088,0.176,0.088,0.088,0.527,0.264,0.088,0.439,0.264,0.176,0.527,0.088,-2.324,0.264,0.439,0.088,0.439,0.088,0.088,0.176,0.088,0.088,0.527,0.264,0.006,3.2,12.00,34.0
45.7472,944,7,move,6,45.7472,45.7557,0,0.088,0.439,0.264,0.176,0.527,0.088,0.176,0.264,0.439,0.088,0.439,0.088,0.088,0.176,0.088,0.088,0.527,0.264,0.088,0.439,0.264,0.176,0.527,0.088,-0.879,0.264,0.439,0.088,0.439,0.088,0.088,0.176,0.088,0.088,0.527,0.264,0.006,10.8,12.00,34.0
45.7872,945,7,move,6,45.7872,45.7957,0,0.088,0.439,0.264,0.176,0.527,0.088,-0.879,0.264,0.439,0.088,0.439,0.088,0.088,0.176,0.088,0.088,0.527,0.264,0.088,0.439,0.264,0.176,0.527,0.088,0.566,0.264,0.439,0.088,0.439,0.088,0.088,0.176,0.088,0.088,0.527,0.264,0.006,10.8,12.00,34.0
45.8272,946,7,move,6,45.8272,45.8358,0,0.088,0.439,0.264,0.176,0.527,0.088,-1.582,0.264,0.439,0.088,0.439,0.088,0.088,0.176,0.088,0.088,0.527,0.264,0.088,0.439,0.264,0.176,0.527,0.088,1.654,0.264,0.439,0.088,0.439,0.088,0.088,0.176,0.088,0.088,0.527,0.264,0.006,10.8,12.00,34.0
45.8671,947,7,move,6,45.8671,45.8758,0,0.088,0.439,0.264,0.176,0.527,0.088,-1.934,0.264,0.439,0.088,0.439,0.088,0.088,0.176,0.088,0.088,0.527,0.264,0.088,0.439,0.264,0.176,0.527,0.088,2.115,0.264,0.439,0.088,0.439,0.088,0.088,0.176,0.088,0.088,0.527,0.264,0.006,2.4,12.00,34.0
45.9127,948,7,move,6,45.9127,45.9210,0,0.088,0.439,0.264,0.176,0.527,0.088,-1.934,0.264,0.439,0.088,0.439,0.088,0.088,0.176,0.088,0.088,0.527,0.264,0.088,0.439,0.264,0.176,0.527,0.088,1.836,0.264,0.439,0.088,0.439,0.088,0.088,0.176,0.088,0.088,0.527,0.264,0.006,2.4,12.00,34.0
45.9471,949,7,move,6,45.9471,45.9557,0,0.088,0.439,0.264,0.176,0.527,0.088,-1.934,0.264,0.439,0.088,0.439,0.088,0.088,0.176,0.088,0.088,0.527,0.264,0.088,0.439,0.264,0.176,0.527,0.088,0.884,0.264,0.439,0.088,0.439,0.088,0.088,0.176,0.088,0.088,0.527,0.264,0.006,2.4,12.00,34.0
45.9872,950,7,move,6,45.9872,45.9958,0,0.088,0.439,0.264,0.176,0.527,0.088,-1.230,0.264,0.439,0.088,0.439,0.088,0.088,0.176,0.088,0.088,0.527,0.264,0.088,0.439,0.264,0.176,0.527,0.088,-0.503,0.264,0.439,0.088,0.439,0.088,0.088,0.176,0.088,0.088,0.527,0.264,0.000,8.4,12.00,34.0
46.0272,951,7,move,6,46.0272,46.0357,0,0.088,0.439,0.264,0.176,0.527,0.088,-0.264,0.264,0.439,0.088,0.439,0.088,0.088,0.176,0.088,0.088,0.527,0.264,0.088,0.439,0.264,0.176,0.527,0.088,-1.983,0.264,0.439,0.088,0.439,0.088,0.088,0.176,0.088,0.088,0.527,0.264,0.000,8.4,12.00,34.0
46.0671,952,7,move,6,46.0671,46.0758,0,0.088,0.439,0.264,0.176,0.527,0.088,0.352,0.264,0.439,0.088,0.439,0.088,0.088,0.176,0.088,0.088,0.527,0.264,0.088,0.439,0.264,0.176,0.527,0.088,-3.190,0.264,0.439,0.088,0.439,0.088,0.088,0.176,0.088,0.088,0.527,0.264,0.000,8.4,12.00,34.0
46.1071,953,7,move,6,46.1071,46.1154,0,0.088,0.439,0.264,0.176,0.527,0.088,0.527,0.264,0.439,0.088,0.439,0.088,0.088,0.176,0.088,0.088,0.527,0.264,0.088,0.439,0.264,0.176,0.527,0.088,-3.826,0.264,0.439,0.088,0.439,0.088,0.088,0.176,0.088,0.088,0.527,0.264,0.000,2.4,12.00,34.0
46.1472,954,7,move,6,46.1472,46.1558,0,0.088,0.439,0.264,0.176,0.527,0.088,0.527,0.264,0.439,0.088,0.439,0.088,0.088,0.176,0.088,0.088,0.527,0.264,0.088,0.439,0.264,0.176,0.527,0.088,-3.732,0.264,0.439,0.088,0.439,0.088,0.088,0.176,0.088,0.088,0.527,0.264,0.000,2.4,12.00,34.0
46.1874,955,7,move,6,46.1874,46.1960,0,0.088,0.439,0.264,0.176,0.527,0.088,0.176,0.264,0.439,0.088,0.439,0.088,0.088,0.176,0.088,0.088,0.527,0.264,0.088,0.439,0.264,0.176,0.527,0.088,-2.933,0.264,0.439,0.088,0.439,0.088,0.088,0.176,0.088,0.088,0.527,0.264,0.000,2.4,12.00,34.0
46.2272,956,7,move,6,46.2272,46.2358,0,0.088,0.439,0.264,0.176,0.527,0.088,-0.967,0.264,0.439,0.088,0.439,0.088,0.088,0.176,0.088,0.088,0.527,0.264,0.088,0.439,0.264,0.176,0.527,0.088,-1.625,0.264,0.439,0.088,0.439,0.088,0.088,0.176,0.088,0.088,0.527,0.264,0.013,9.2,12.00,34.0
46.2687,957,7,move,6,46.2687,46.2769,0,0.088,0.439,0.264,0.176,0.527,0.088,-1.758,0.264,0.439,0.088,0.439,0.088,0.088,0.176,0.088,0.088,0.527,0.264,0.088,0.439,0.264,0.176,0.527,0.088,-0.133,0.264,0.439,0.088,0.439,0.088,0.088,0.176,0.088,0.088,0.527,0.264,0.013,9.2,12.00,34.0
46.3071,958,7,move,6,46.3071,46.3156,0,0.088,0.439,0.264,0.176,0.527,0.088,-2.373,0.264,0.439,0.088,0.439,0.088,0.088,0.176,0.088,0.088,0.527,0.264,0.088,0.439,0.264,0.176,0.527,0.088,1.175,0.264,0.439,0.088,0.439,0.088,0.088,0.176,0.088,0.088,0.527,0.264,0.013,9.2,12.00,34.0
46.3472,959,7,move,6,46.3472,46.3556,0,0.088,0.439,0.264,0.176,0.527,0.088,-2.637,0.264,0.439,0.088,0.439,0.088,0.088,0.176,0.088,0.088,0.527,0.264,0.088,0.439,0.264,0.176,0.527,0.088,1.974,0.264,0.439,0.088,0.439,0.088,0.088,0.176,0.088,0.088,0.527,0.264,0.006,2.8,12.00,34.0
46.3871,960,7,move,6,46.3871,46.3982,0,0.088,0.439,0.264,0.176,0.527,0.088,-2.637,0.264,0.439,0.088,0.439,0.088,0.088,0.176,0.088,0.088,0.527,0.264,0.088,0.439,0.264,0.176,0.527,0.088,2.068,0.264,0.439,0.088,0.439,0.088,0.088,0.176,0.088,0.088,0.527,0.264,0.006,2.8,12.00,34.0
46.4272,961,7,move,6,46.4272,46.4356,0,0.088,0.439,0.264,0.176,0.527,0.088,-2.549,0.264,0.439,0.088,0.439,0.088,0.088,0.176,0.088,0.088,0.527,0.264,0.088,0.439,0.264,0.176,0.527,0.088,1.433,0.264,0.439,0.088,0.439,0.088,0.088,0.176,0.088,0.088,0.527,0.264,0.006,2.8,12.00,34.0
46.4672,962,7,move,6,46.4672,46.4756,0,0.088,0.439,0.264,0.176,0.527,0.088,-1.318,0.264,0.439,0.088,0.439,0.088,0.088,0.176,0.088,0.088,0.527,0.264,0.088,0.439,0.264,0.176,0.527,0.088,0.225,0.264,0.439,0.088,0.439,0.088,0.088,0.176,0.088,0.088,0.527,0.264,0.013,10.4,12.00,34.0
46.5071,963,7,move,6,46.5071,46.5158,0,0.088,0.439,0.264,0.176,0.527,0.088,-0.352,0.264,0.439,0.088,0.439,0.088,0.088,0.176,0.088,0.088,0.527,0.264,0.088,0.439,0.264,0.176,0.527,0.088,-1.255,0.264,0.439,0.088,0.439,0.088,0.088,0.176,0.088,0.088,0.527,0.264,0.013,10.4,12.00,34.0
46.5472,964,7,move,6,46.5472,46.5553,0,0.088,0.439,0.264,0.176,0.527,0.088,0.439,0.264,0.439,0.088,0.439,0.088,0.088,0.176,0.088,0.088,0.527,0.264,0.088,0.439,0.264,0.176,0.527,0.088,-2.642,0.264,0.439,0.088,0.439,0.088,0.088,0.176,0.088,0.088,0.527,0.264,0.013,10.4,12.00,34.0
46.5874,965,7,move,6,46.5874,46.5954,0,0.088,0.439,0.264,0.176,0.527,0.088,0.967,0.264,0.439,0.088,0.439,0.088,0.088,0.176,0.088,0.088,0.527,0.264,0.088,0.439,0.264,0.176,0.527,0.088,-3.593,0.264,0.439,0.088,0.439,0.088,0.088,0.176,0.088,0.088,0.527,0.264,0.000,2.4,12.00,34.0
46.6272,966,7,move,6,46.6272,46.6354,0,0.088,0.439,0.264,0.176,0.527,0.088,1.055,0.264,0.439,0.088,0.439,0.088,0.088,0.176,0.088,0.088,0.527,0.264,0.088,0.439,0.264,0.176,0.527,0.088,-3.873,0.264,0.439,0.088,0.439,0.088,0.088,0.176,0.088,0.088,0.527,0.264,0.000,2.4,12.00,34.0
46.6671,967,7,move,6,46.6671,46.6752,0,0.088,0.439,0.264,0.176,0.527,0.088,1.055,0.264,0.439,0.088,0.439,0.088,0.088,0.176,0.088,0.088,0.527,0.264,0.088,0.439,0.264,0.176,0.527,0.088,-3.412,0.264,0.439,0.088,0.439,0.088,0.088,0.176,0.088,0.088,0.527,0.264,0.000,2.4,12.00,34.0
46.7071,968,7,move,6,46.7071,46.7150,0,0.088,0.439,0.264,0.176,0.527,0.088,0.527,0.264,0.439,0.088,0.439,0.088,0.088,0.176,0.088,0.088,0.527,0.264,0.088,0.439,0.264,0.176,0.527,0.088,-2.324,0.264,0.439,0.088,0.439,0.088,0.088,0.176,0.088,0.088,0.527,0.264,0.013,12.4,12.00,34.0
46.7472,969,7,move,6,46.7472,46.7551,0,0.088,0.439,0.264,0.176,0.527,0.088,-0.615,0.264,0.439,0.088,0.439,0.088,0.088,0.176,0.088,0.088,0.527,0.264,0.088,0.439,0.264,0.176,0.527,0.088,-0.879,0.264,0.439,0.088,0.439,0.088,0.088,0.176,0.088,0.088,0.527,0.264,0.013,12.4,12.00,34.0
46.7871,970,7,move,6,46.7871,46.7952,0,0.088,0.439,0.264,0.176,0.527,0.088,-1.406,0.264,0.439,0.088,0.439,0.088,0.088,0.176,0.088,0.088,0.527,0.264,0.088,0.439,0.264,0.176,0.527,0.088,0.566,0.264,0.439,0.088,0.439,0.088,0.088,0.176,0.088,0.088,0.527,0.264,0.013,12.4,12.00,34.0
46.8272,971,7,move,6,46.8272,46.8349,0,0.088,0.439,0.264,0.176,0.527,0.088,-2.021,0.264,0.439,0.088,0.439,0.088,0.088,0.176,0.088,0.088,0.527,0.264,0.088,0.439,0.264,0.176,0.527,0.088,1.654,0.264,0.439,0.088,0.439,0.088,0.088,0.176,0.088,0.088,0.527,0.264,0.006,4.8,12.00,34.0
46.8671,972,7,move,6,46.8671,46.8750,0,0.088,0.439,0.264,0.176,0.527,0.088,-2.285,0.264,0.439,0.088,0.439,0.088,0.088,0.176,0.088,0.088,0.527,0.264,0.088,0.439,0.264,0.176,0.527,0.088,2.115,0.264,0.439,0.088,0.439,0.088,0.088,0.176,0.088,0.088,0.527,0.264,0.006,4.8,12.00,34.0
46.9074,973,7,move,6,46.9074,46.9158,0,0.088,0.439,0.264,0.176,0.527,0.088,-2.285,0.264,0.439,0.088,0.439,0.088,0.088,0.176,0.088,0.088,0.527,0.264,0.088,0.439,0.264,0.176,0.527,0.088,1.836,0.264,0.439,0.088,0.439,0.088,0.088,0.176,0.088,0.088,0.527,0.264,0.006,4.8,12.00,34.0
46.9472,974,7,move,6,46.9472,46.9552,0,0.088,0.439,0.264,0.176,0.527,0.088,-2.197,0.264,0.439,0.088,0.439,0.088,0.088,0.176,0.088,0.088,0.527,0.264,0.088,0.439,0.264,0.176,0.527,0.088,0.884,0.264,0.439,0.088,0.439,0.088,0.088,0.176,0.088,0.088,0.527,0.264,0.026,14.8,12.00,34.0
46.9872,975,7,move,6,46.9872,46.9952,0,0.088,0.439,0.264,0.176,0.527,0.088,-1.055,0.264,0.439,0.088,0.439,0.088,0.088,0.176,0.088,0.088,0.527,0.264,0.088,0.439,0.264,0.176,0.527,0.088,-0.503,0.264,0.439,0.088,0.439,0.088,0.088,0.176,0.088,0.088,0.527,0.264,0.026,14.8,12.00,34.0
47.0274,976,7,move,6,47.0274,47.0357,0,0.088,0.439,0.264,0.176,0.527,0.088,-0.264,0.264,0.439,0.088,0.439,0.088,0.088,0.176,0.088,0.088,0.527,0.264,0.088,0.439,0.264,0.176,0.527,0.088,-1.983,0.264,0.439,0.088,0.439,0.088,0.088,0.176,0.088,0.088,0.527,0.264,0.026,14.8,12.00,34.0
47.0674,977,7,move,6,47.0674,47.0761,0,0.088,0.439,0.264,0.176,0.527,0.088,0.352,0.264,0.439,0.088,0.439,0.088,0.088,0.176,0.088,0.088,0.527,0.264,0.088,0.439,0.264,0.176,0.527,0.088,-3.190,0.264,0.439,0.088,0.439,0.088,0.088,0.176,0.088,0.088,0.527,0.264,0.000,3.2,12.00,34.0
47.1074,978,7,move,6,47.1074,47.1161,0,0.088,0.439,0.264,0.176,0.527,0.088,0.527,0.264,0.439,0.088,0.439,0.088,0.088,0.176,0.088,0.088,0.527,0.264,0.088,0.439,0.264,0.176,0.527,0.088,-3.826,0.264,0.439,0.088,0.439,0.088,0.088,0.176,0.088,0.088,0.527,0.264,0.000,3.2,12.00,34.0
47.1474,979,7,move,6,47.1474,47.1557,0,0.088,0.439,0.264,0.176,0.527,0.088,0.527,0.264,0.439,0.088,0.439,0.088,0.088,0.176,0.088,0.088,0.527,0.264,0.088,0.439,0.264,0.176,0.527,0.088,-3.732,0.264,0.439,0.088,0.439,0.088,0.088,0.176,0.088,0.088,0.527,0.264,0.000,3.2,12.00,34.0
47.1874,980,7,move,6,47.1874,47.1954,0,0.088,0.439,0.264,0.176,0.527,0.088,0.176,0.264,0.439,0.088,0.439,0.088,0.088,0.176,0.088,0.088,0.527,0.264,0.088,0.439,0.264,0.176,0.527,0.088,-2.933,0.264,0.439,0.088,0.439,0.088,0.088,0.176,0.088,0.088,0.527,0.264,0.019,13.2,12.00,34.0
47.2272,981,7,move,6,47.2272,47.2373,0,0.088,0.439,0.264,0.176,0.527,0.088,-0.967,0.264,0.439,0.088,0.439,0.088,0.088,0.176,0.088,0.088,0.527,0.264,0.088,0.439,0.264,0.176,0.527,0.088,-1.625,0.264,0.439,0.088,0.439,0.088,0.088,0.176,0.088,0.088,0.527,0.264,0.019,13.2,12.00,34.0
47.2672,982,7,move,6,47.2672,47.2752,0,0.088,0.439,0.264,0.176,0.527,0.088,-1.758,0.264,0.439,0.088,0.439,0.088,0.088,0.176,0.088,0.088,0.527,0.264,0.088,0.439,0.264,0.176,0.527,0.088,-0.133,0.264,0.439,0.088,0.439,0.088,0.088,0.176,0.088,0.088,0.527,0.264,0.019,13.2,12.00,34.0
47.3074,983,7,move,6,47.3074,47.3156,0,0.088,0.439,0.264,0.176,0.527,0.088,-2.285,0.264,0.439,0.088,0.439,0.088,0.088,0.176,0.088,0.088,0.527,0.264,0.088,0.439,0.264,0.176,0.527,0.088,1.175,0.264,0.439,0.088,0.439,0.088,0.088,0.176,0.088,0.088,0.527,0.264,0.006,4.8,12.00,34.0
47.3472,984,7,move,6,47.3472,47.3552,0,0.088,0.439,0.264,0.176,0.527,0.088,-2.637,0.264,0.439,0.088,0.439,0.088,0.088,0.176,0.088,0.088,0.527,0.264,0.088,0.439,0.264,0.176,0.527,0.088,1.974,0.264,0.439,0.088,0.439,0.088,0.088,0.176,0.088,0.088,0.527,0.264,0.006,4.8,12.00,34.0
47.3874,985,7,move,6,47.3874,47.3954,0,0.088,0.439,0.264,0.176,0.527,0.088,-2.637,0.264,0.439,0.088,0.439,0.088,0.088,0.176,0.088,0.088,0.527,0.264,0.088,0.439,0.264,0.176,0.527,0.088,2.068,0.264,0.439,0.088,0.439,0.088,0.088,0.176,0.088,0.088,0.527,0.264,0.006,4.8,12.00,34.0
47.4271,986,7,move,6,47.4271,47.4361,0,0.088,0.439,0.264,0.176,0.527,0.088,-2.549,0.264,0.439,0.088,0.439,0.088,0.088,0.176,0.088,0.088,0.527,0.264,0.088,0.439,0.264,0.176,0.527,0.088,1.433,0.264,0.439,0.088,0.439,0.088,0.088,0.176,0.088,0.088,0.527,0.264,0.026,14.8,12.00,34.0
47.4672,987,7,move,6,47.4672,47.4753,0,0.088,0.439,0.264,0.176,0.527,0.088,-1.318,0.264,0.439,0.088,0.439,0.088,0.088,0.176,0.088,0.088,0.527,0.264,0.088,0.439,0.264,0.176,0.527,0.088,0.225,0.264,0.439,0.088,0.439,0.088,0.088,0.176,0.088,0.088,0.527,0.264,0.026,14.8,12.00,34.0
47.5074,988,7,move,6,47.5074,47.5156,0,0.088,0.439,0.264,0.176,0.527,0.088,-0.264,0.264,0.439,0.088,0.439,0.088,0.088,0.176,0.088,0.088,0.527,0.264,0.088,0.439,0.264,0.176,0.527,0.088,-1.255,0.264,0.439,0.088,0.439,0.088,0.088,0.176,0.088,0.088,0.527,0.264,0.026,14.8,12.00,34.0
47.5474,989,7,move,6,47.5474,47.5558,0,0.088,0.439,0.264,0.176,0.527,0.088,0.439,0.264,0.439,0.088,0.439,0.088,0.088,0.176,0.088,0.088,0.527,0.264,0.088,0.439,0.264,0.176,0.527,0.088,-2.642,0.264,0.439,0.088,0.439,0.088,0.088,0.176,0.088,0.088,0.527,0.264,0.006,6.0,12.00,34.0
47.5871,990,7,move,6,47.5871,47.5952,0,0.088,0.439,0.264,0.176,0.527,0.088,0.879,0.264,0.439,0.088,0.439,0.088,0.088,0.176,0.088,0.088,0.527,0.264,0.088,0.439,0.264,0.176,0.527,0.088,-3.593,0.264,0.439,0.088,0.439,0.088,0.088,0.176,0.088,0.088,0.527,0.264,0.006,6.0,12.00,34.0
47.6274,991,7,move,6,47.6274,47.6354,0,0.088,0.439,0.264,0.176,0.527,0.088,1.055,0.264,0.439,0.088,0.439,0.088,0.088,0.176,0.088,0.088,0.527,0.264,0.088,0.439,0.264,0.176,0.527,0.088,-3.873,0.264,0.439,0.088,0.439,0.088,0.088,0.176,0.088,0.088,0.527,0.264,0.006,6.0,12.00,34.0
47.6672,992,7,move,6,47.6672,47.6752,0,0.088,0.439,0.264,0.176,0.527,0.088,1.055,0.264,0.439,0.088,0.439,0.088,0.088,0.176,0.088,0.088,0.527,0.264,0.088,0.439,0.264,0.176,0.527,0.088,-3.412,0.264,0.439,0.088,0.439,0.088,0.088,0.176,0.088,0.088,0.527,0.264,0.013,12.0,12.00,34.0
47.7074,993,7,move,6,47.7074,47.7155,0,0.088,0.439,0.264,0.176,0.527,0.088,0.439,0.264,0.439,0.088,0.439,0.088,0.088,0.176,0.088,0.088,0.527,0.264,0.088,0.439,0.264,0.176,0.527,0.088,-2.324,0.264,0.439,0.088,0.439,0.088,0.088,0.176,0.088,0.088,0.527,0.264,0.013,12.0,12.00,34.0
47.7472,994,7,rest,6,47.7472,47.7553,0,0.088,0.439,0.264,0.176,0.527,0.088,-0.703,0.264,0.439,0.088,0.439,0.088,0.088,0.176,0.088,0.088,0.527,0.264,0.088,0.439,0.264,0.176,0.527,0.088,-0.879,0.264,0.439,0.088,0.439,0.088,0.088,0.176,0.088,0.088,0.527,0.264,0.013,12.0,12.00,34.0
47.7874,995,7,rest,6,47.7874,47.7954,0,0.088,0.439,0.264,0.176,0.527,0.088,-1.582,0.264,0.439,0.088,0.439,0.088,0.088,0.176,0.088,0.088,0.527,0.264,0.088,0.439,0.264,0.176,0.527,0.088,-0.879,0.264,0.439,0.088,0.439,0.088,0.088,0.176,0.088,0.088,0.527,0.264,0.006,7.6,12.00,34.0
47.8274,996,7,rest,6,47.8274,47.8354,0,0.088,0.439,0.264,0.176,0.527,0.088,-2.197,0.264,0.439,0.088,0.439,0.088,0.088,0.176,0.088,0.088,0.527,0.264,0.088,0.439,0.264,0.176,0.527,0.088,-0.879,0.264,0.439,0.088,0.439,0.088,0.088,0.176,0.088,0.088,0.527,0.264,0.006,7.6,12.00,34.0
47.8671,997,7,rest,6,47.8671,47.8752,0,0.088,0.439,0.264,0.176,0.527,0.088,-2.461,0.264,0.439,0.088,0.439,0.088,0.088,0.176,0.088,0.088,0.527,0.264,0.088,0.439,0.264,0.176,0.527,0.088,-0.879,0.264,0.439,0.088,0.439,0.088,0.088,0.176,0.088,0.088,0.527,0.264,0.006,7.6,12.00,34.0
47.9074,998,7,rest,6,47.9074,47.9156,0,0.088,0.439,0.264,0.176,0.527,0.088,-2.461,0.264,0.439,0.088,0.439,0.088,0.088,0.176,0.088,0.088,0.527,0.264,0.088,0.439,0.264,0.176,0.527,0.088,-0.879,0.264,0.439,0.088,0.439,0.088,0.088,0.176,0.088,0.088,0.527,0.264,0.013,6.4,12.00,34.0
47.9474,999,7,rest,6,47.9474,47.9554,0,0.088,0.439,0.264,0.176,0.527,0.088,-2.461,0.264,0.439,0.088,0.439,0.088,0.088,0.176,0.088,0.088,0.527,0.264,0.088,0.439,0.264,0.176,0.527,0.088,-0.879,0.264,0.439,0.088,0.439,0.088,0.088,0.176,0.088,0.088,0.527,0.264,0.013,6.4,12.00,34.0
47.9874,1000,7,rest,6,47.9874,47.9955,0,0.088,0.439,0.264,0.176,0.527,0.088,-1.582,0.264,0.439,0.088,0.439,0.088,0.088,0.176,0.088,0.088,0.527,0.264,0.088,0.439,0.264,0.176,0.527,0.088,-0.879,0.264,0.439,0.088,0.439,0.088,0.088,0.176,0.088,0.088,0.527,0.264,0.013,6.4,12.00,34.0
48.0274,1001,7,rest,6,48.0274,48.0354,0,0.088,0.439,0.264,0.176,0.527,0.088,-1.230,0.264,0.439,0.088,0.439,0.088,0.088,0.176,0.088,0.088,0.527,0.264,0.088,0.439,0.264,0.176,0.527,0.088,-0.879,0.264,0.439,0.088,0.439,0.088,0.088,0.176,0.088,0.088,0.527,0.264,0.006,4.0,12.00,34.0
48.0672,1002,7,rest,6,48.0672,48.0758,0,0.088,0.439,0.264,0.176,0.527,0.088,-1.143,0.264,0.439,0.088,0.439,0.088,0.088,0.176,0.088,0.088,0.527,0.264,0.088,0.439,0.264,0.176,0.527,0.088,-0.879,0.264,0.439,0.088,0.439,0.088,0.088,0.176,0.088,0.088,0.527,0.264,0.006,4.0,12.00,34.0
48.1074,1003,7,rest,6,48.1074,48.1156,0,0.088,0.439,0.264,0.176,0.527,0.088,-1.055,0.264,0.439,0.088,0.439,0.088,0.088,0.176,0.088,0.088,0.527,0.264,0.088,0.439,0.264,0.176,0.527,0.088,-0.879,0.264,0.439,0.088,0.439,0.088,0.088,0.176,0.088,0.088,0.527,0.264,0.006,4.0,12.00,34.0
48.1474,1004,7,rest,6,48.1474,48.1559,0,0.088,0.439,0.264,0.176,0.527,0.088,-1.055,0.264,0.439,0.088,0.439,0.088,0.088,0.176,0.088,0.088,0.527,0.264,0.088,0.439,0.264,0.176,0.527,0.088,-0.879,0.264,0.439,0.088,0.439,0.088,0.088,0.176,0.088,0.088,0.527,0.264,0.006,2.4,12.00,34.0
48.1874,1005,7,rest,6,48.1874,48.1952,0,0.088,0.439,0.264,0.176,0.527,0.088,-1.055,0.264,0.439,0.088,0.439,0.088,0.088,0.176,0.088,0.088,0.527,0.264,0.088,0.439,0.264,0.176,0.527,0.088,-0.879,0.264,0.439,0.088,0.439,0.088,0.088,0.176,0.088,0.088,0.527,0.264,0.006,2.4,12.00,34.0
48.2274,1006,7,rest,6,48.2274,48.2356,0,0.088,0.439,0.264,0.176,0.527,0.088,-1.055,0.264,0.439,0.088,0.439,0.088,0.088,0.176,0.088,0.088,0.527,0.264,0.088,0.439,0.264,0.176,0.527,0.088,-0.879,0.264,0.439,0.088,0.439,0.088,0.088,0.176,0.088,0.088,0.527,0.264,0.006,2.4,12.00,34.0
48.2674,1007,7,rest,6,48.2674,48.2761,0,0.088,0.439,0.264,0.176,0.527,0.088,-1.055,0.264,0.439,0.088,0.439,0.088,0.088,0.176,0.088,0.088,0.527,0.264,0.088,0.439,0.264,0.176,0.527,0.088,-0.879,0.264,0.439,0.088,0.439,0.088,0.088,0.176,0.088,0.088,0.527,0.264,0.000,2.4,12.00,34.0
48.3074,1008,7,rest,6,48.3074,48.3160,0,0.088,0.439,0.264,0.176,0.527,0.088,-1.055,0.264,0.439,0.088,0.439,0.088,0.088,0.176,0.088,0.088,0.527,0.264,0.088,0.439,0.264,0.176,0.527,0.088,-0.879,0.264,0.439,0.088,0.439,0.088,0.088,0.176,0.088,0.088,0.527,0.264,0.000,2.4,12.00,34.0
48.3474,1009,7,rest,6,48.3474,48.3556,0,0.088,0.439,0.264,0.176,0.527,0.088,-1.055,0.264,0.439,0.088,0.439,0.088,0.088,0.176,0.088,0.088,0.527,0.264,0.088,0.439,0.264,0.176,0.527,0.088,-0.879,0.264,0.439,0.088,0.439,0.088,0.088,0.176,0.088,0.088,0.527,0.264,0.000,2.4,12.00,34.0
48.3874,1010,7,rest,6,48.3874,48.3960,0,0.088,0.439,0.264,0.176,0.527,0.088,-1.055,0.264,0.439,0.088,0.439,0.088,0.088,0.176,0.088,0.088,0.527,0.264,0.088,0.439,0.264,0.176,0.527,0.088,-0.879,0.264,0.439,0.088,0.439,0.088,0.088,0.176,0.088,0.088,0.527,0.264,0.000,2.4,12.00,34.0
48.4274,1011,7,rest,6,48.4274,48.4360,0,0.088,0.439,0.264,0.176,0.527,0.088,-1.055,0.264,0.439,0.088,0.439,0.088,0.088,0.176,0.088,0.088,0.527,0.264,0.088,0.439,0.264,0.176,0.527,0.088,-0.879,0.264,0.439,0.088,0.439,0.088,0.088,0.176,0.088,0.088,0.527,0.264,0.000,2.4,12.00,34.0
48.4674,1012,7,rest,6,48.4674,48.4762,0,0.088,0.439,0.264,0.176,0.527,0.088,-1.055,0.264,0.439,0.088,0.439,0.088,0.088,0.176,0.088,0.088,0.527,0.264,0.088,0.439,0.264,0.176,0.527,0.088,-0.879,0.264,0.439,0.088,0.439,0.088,0.088,0.176,0.088,0.088,0.527,0.264,0.000,2.4,12.00,34.0
48.5072,1013,7,rest,6,48.5072,48.5158,0,0.088,0.439,0.264,0.176,0.527,0.088,-1.055,0.264,0.439,0.088,0.439,0.088,0.088,0.176,0.088,0.088,0.527,0.264,0.088,0.439,0.264,0.176,0.527,0.088,-0.879,0.264,0.439,0.088,0.439,0.088,0.088,0.176,0.088,0.088,0.527,0.264,0.000,2.4,12.00,34.0
48.5526,1014,8,pre,7,48.5526,48.5605,0,0.088,0.439,0.264,0.176,0.527,0.088,-1.055,0.264,0.439,0.088,0.439,0.088,0.088,0.176,0.088,0.088,0.527,0.264,0.088,0.439,0.264,0.176,0.527,0.088,-1.055,0.264,0.439,0.088,0.439,0.088,0.088,0.176,0.088,0.088,0.527,0.264,0.006,3.2,11.90,31.0
48.5872,1015,8,pre,7,48.5872,48.5958,0,0.088,0.439,0.264,0.176,0.527,0.088,-1.055,0.264,0.439,0.088,0.439,0.088,0.088,0.176,0.088,0.088,0.527,0.264,0.088,0.439,0.264,0.176,0.527,0.088,-1.055,0.264,0.439,0.088,0.439,0.088,0.088,0.176,0.088,0.088,0.527,0.264,0.006,3.2,11.90,31.0
48.6274,1016,8,pre,7,48.6274,48.6360,0,0.088,0.439,0.264,0.176,0.527,0.088,-1.055,0.439,0.439,0.088,0.439,0.088,0.088,0.176,0.088,0.088,0.527,0.264,0.088,0.439,0.264,0.176,0.527,0.088,-1.055,0.264,0.439,0.088,0.439,0.088,0.088,0.176,0.088,0.088,0.527,0.264,0.006,2.8,11.90,31.0
48.6674,1017,8,pre,7,48.6674,48.6760,0,0.088,0.439,0.264,0.176,0.527,0.088,-1.055,0.439,0.439,0.088,0.439,0.088,0.088,0.176,0.088,0.088,0.527,0.264,0.088,0.439,0.264,0.176,0.527,0.088,-1.055,0.264,0.439,0.088,0.439,0.088,0.088,0.176,0.088,0.088,0.527,0.264,0.006,2.8,11.90,31.0
48.7074,1018,8,pre,7,48.7074,48.7158,0,0.088,0.439,0.264,0.176,0.527,0.088,-1.055,0.439,0.439,0.088,0.439,0.088,0.088,0.176,0.088,0.088,0.527,0.264,0.088,0.439,0.264,0.176,0.527,0.088,-1.055,0.264,0.439,0.088,0.439,0.088,0.088,0.176,0.088,0.088,0.527,0.264,0.006,2.8,11.90,31.0
48.7474,1019,8,pre,7,48.7474,48.7560,0,0.088,0.439,0.264,0.176,0.527,0.088,-1.055,0.439,0.439,0.088,0.439,0.088,0.088,0.176,0.088,0.088,0.527,0.264,0.088,0.439,0.264,0.176,0.527,0.088,-1.055,0.264,0.439,0.088,0.439,0.088,0.088,0.176,0.088,0.088,0.527,0.264,0.006,2.4,11.90,31.0
48.7872,1020,8,pre,7,48.7872,48.7958,0,0.088,0.439,0.264,0.176,0.527,0.088,-1.055,0.439,0.439,0.088,0.439,0.088,0.088,0.176,0.088,0.088,0.527,0.264,0.088,0.439,0.264,0.176,0.527,0.088,-1.055,0.264,0.439,0.088,0.439,0.088,0.088,0.176,0.088,0.088,0.527,0.264,0.006,2.4,11.90,31.0
48.8274,1021,8,pre,7,48.8274,48.8360,0,0.088,0.439,0.264,0.176,0.527,0.088,-1.055,0.439,0.439,0.088,0.439,0.088,0.088,0.176,0.088,0.088,0.527,0.264,0.088,0.439,0.264,0.176,0.527,0.088,-1.055,0.264,0.439,0.088,0.439,0.088,0.088,0.176,0.088,0.088,0.527,0.264,0.006,2.4,11.90,31.0
48.8671,1022,8,pre,7,48.8671,48.8755,0,0.088,0.439,0.264,0.176,0.527,0.088,-1.055,0.439,0.439,0.088,0.439,0.088,0.088,0.176,0.088,0.088,0.527,0.264,0.088,0.439,0.264,0.176,0.527,0.088,-1.055,0.264,0.439,0.088,0.439,0.088,0.088,0.176,0.088,0.088,0.527,0.264,0.006,2.4,11.90,31.0
48.9074,1023,8,pre,7,48.9074,48.9160,0,0.088,0.439,0.264,0.176,0.527,0.088,-1.055,0.439,0.439,0.088,0.439,0.088,0.088,0.176,0.088,0.088,0.527,0.264,0.088,0.439,0.264,0.176,0.527,0.088,-1.055,0.264,0.439,0.088,0.439,0.088,0.088,0.176,0.088,0.088,0.527,0.264,0.006,2.4,11.90,31.0
48.9474,1024,8,pre,7,48.9474,48.9559,0,0.088,0.439,0.264,0.176,0.527,0.088,-1.055,0.439,0.439,0.088,0.439,0.088,0.088,0.176,0.088,0.088,0.527,0.264,0.088,0.439,0.264,0.176,0.527,0.088,-1.055,0.264,0.439,0.088,0.439,0.088,0.088,0.176,0.088,0.088,0.527,0.264,0.006,2.4,11.90,31.0
48.9872,1025,8,pre,7,48.9872,48.9954,0,0.088,0.439,0.264,0.176,0.527,0.088,-1.055,0.439,0.439,0.088,0.439,0.088,0.088,0.176,0.088,0.088,0.527,0.264,0.088,0.439,0.264,0.176,0.527,0.088,-1.055,0.264,0.439,0.088,0.439,0.088,0.088,0.176,0.088,0.088,0.527,0.264,0.006,2.4,11.90,31.0
49.0274,1026,8,pre,7,49.0274,49.0360,0,0.088,0.439,0.264,0.176,0.527,0.088,-1.055,0.439,0.439,0.088,0.439,0.088,0.088,0.176,0.088,0.088,0.527,0.264,0.088,0.439,0.264,0.176,0.527,0.088,-1.055,0.264,0.439,0.088,0.439,0.088,0.088,0.176,0.088,0.088,0.527,0.264,0.006,2.4,11.90,31.0
49.0674,1027,8,pre,7,49.0674,49.0759,0,0.088,0.439,0.264,0.176,0.527,0.088,-1.055,0.439,0.439,0.088,0.439,0.088,0.088,0.176,0.088,0.088,0.527,0.264,0.088,0.439,0.264,0.176,0.527,0.088,-1.055,0.264,0.439,0.088,0.439,0.088,0.088,0.176,0.088,0.088,0.527,0.264,0.006,2.4,11.90,31.0
49.1074,1028,8,pre,7,49.1074,49.1160,0,0.088,0.439,0.264,0.176,0.527,0.088,-1.055,0.439,0.439,0.088,0.439,0.088,0.088,0.176,0.088,0.088,0.527,0.264,0.088,0.439,0.264,0.176,0.527,0.088,-1.055,0.264,0.439,0.088,0.439,0.088,0.088,0.176,0.088,0.088,0.527,0.264,0.006,2.4,11.90,31.0
49.1472,1029,8,move,7,49.1472,49.2503,0,0.088,0.439,0.264,0.176,0.527,0.088,-1.055,0.439,0.439,0.088,0.439,0.088,0.088,0.176,0.088,0.088,0.527,0.264,0.088,0.439,0.264,0.176,0.527,0.088,-1.055,0.264,0.439,0.088,0.439,0.088,0.088,0.176,0.088,0.088,0.527,0.264,0.006,2.4,11.90,31.0
49.2766,1030,8,move,7,49.2766,49.2844,1,0.088,0.439,0.264,0.176,0.527,0.088,-1.055,0.439,0.439,0.088,0.439,0.088,0.088,0.176,0.088,0.088,0.527,0.264,0.088,0.439,0.264,0.176,0.527,0.088,-1.055,0.514,0.439,0.088,0.439,0.088,0.088,0.176,0.088,0.088,0.527,0.264,0.006,2.4,11.90,31.0
49.2851,1031,8,move,7,49.2851,49.2925,1,0.088,0.439,0.264,0.176,0.527,0.088,-1.055,0.439,0.439,0.088,0.439,0.088,0.088,0.176,0.088,0.088,0.527,0.264,0.088,0.439,0.264,0.176,0.527,0.088,-1.055,0.761,0.439,0.088,0.439,0.088,0.088,0.176,0.088,0.088,0.527,0.264,0.006,2.4,11.90,31.0
49.2931,1032,8,move,7,49.2931,49.3008,1,0.088,0.439,0.264,0.176,0.527,0.088,-1.055,0.439,0.439,0.088,0.439,0.088,0.088,0.176,0.088,0.088,0.527,0.264,0.088,0.439,0.264,0.176,0.527,0.088,-1.055,1.000,0.439,0.088,0.439,0.088,0.088,0.176,0.088,0.088,0.527,0.264,0.006,2.4,11.90,31.0
49.3071,1033,8,move,7,49.3071,49.3147,0,0.088,0.439,0.264,0.176,0.527,0.088,-1.055,0.439,0.439,0.088,0.439,0.088,0.088,0.176,0.088,0.088,0.527,0.264,0.088,0.439,0.264,0.176,0.527,0.088,-1.055,1.227,0.439,0.088,0.439,0.088,0.088,0.176,0.088,0.088,0.527,0.264,0.006,2.4,11.90,31.0
49.3472,1034,8,move,7,49.3472,49.3555,0,0.088,0.439,0.264,0.176,0.527,0.088,-1.055,0.703,0.439,0.088,0.439,0.088,0.088,0.176,0.088,0.088,0.527,0.264,0.088,0.439,0.264,0.176,0.527,0.088,-1.055,1.439,0.439,0.088,0.439,0.088,0.088,0.176,0.088,0.088,0.527,0.264,0.000,2.4,11.90,31.0
49.3874,1035,8,move,7,49.3874,49.3954,0,0.088,0.439,0.264,0.176,0.527,0.088,-1.055,1.230,0.439,0.088,0.439,0.088,0.088,0.176,0.088,0.088,0.527,0.264,0.088,0.439,0.264,0.176,0.527,0.088,-1.055,1.633,0.439,0.088,0.439,0.088,0.088,0.176,0.088,0.088,0.527,0.264,0.000,2.4,11.90,31.0
49.4274,1036,8,move,7,49.4274,49.4356,0,0.088,0.439,0.264,0.176,0.527,0.088,-1.055,1.406,0.439,0.088,0.439,0.088,0.088,0.176,0.088,0.088,0.527,0.264,0.088,0.439,0.264,0.176,0.527,0.088,-1.055,1.805,0.439,0.088,0.439,0.088,0.088,0.176,0.088,0.088,0.527,0.264,0.000,2.4,11.90,31.0
49.4674,1037,8,move,7,49.4674,49.4752,0,0.088,0.439,0.264,0.176,0.527,0.088,-1.055,1.758,0.439,0.088,0.439,0.088,0.088,0.176,0.088,0.088,0.527,0.264,0.088,0.439,0.264,0.176,0.527,0.088,-1.055,1.952,0.439,0.088,0.439,0.088,0.088,0.176,0.088,0.088,0.527,0.264,0.000,0.0,11.90,31.0
49.5072,1038,8,move,7,49.5072,49.5148,0,0.088,0.439,0.264,0.176,0.527,0.088,-1.055,1.846,0.439,0.088,0.439,0.088,0.088,0.176,0.088,0.088,0.527,0.264,0.088,0.439,0.264,0.176,0.527,0.088,-1.055,2.073,0.439,0.088,0.439,0.088,0.088,0.176,0.088,0.088,0.527,0.264,0.000,0.0,11.90,31.0
49.5472,1039,8,move,7,49.5472,49.5558,0,0.088,0.439,0.264,0.176,0.527,0.088,-1.055,2.021,0.439,0.088,0.439,0.088,0.088,0.176,0.088,0.088,0.527,0.264,0.088,0.439,0.264,0.176,0.527,0.088,-1.055,2.166,0.439,0.088,0.439,0.088,0.088,0.176,0.088,0.088,0.527,0.264,0.000,0.0,11.90,31.0
49.5874,1040,8,move,7,49.5874,49.5960,0,0.088,0.439,0.264,0.176,0.527,0.088,-1.055,2.021,0.439,0.088,0.439,0.088,0.088,0.176,0.088,0.088,0.527,0.264,0.088,0.439,0.264,0.176,0.527,0.088,-1.055,2.228,0.439,0.088,0.439,0.088,0.088,0.176,0.088,0.088,0.527,0.264,0.000,2.8,11.90,31.0
49.6274,1041,8,move,7,49.6274,49.6355,0,0.088,0.439,0.264,0.176,0.527,0.088,-1.055,2.285,0.439,0.088,0.439,0.088,0.088,0.176,0.088,0.088,0.527,0.264,0.088,0.439,0.264,0.176,0.527,0.088,-1.055,2.260,0.439,0.088,0.439,0.088,0.088,0.176,0.088,0.088,0.527,0.264,0.000,2.8,11.90,31.0
49.6674,1042,8,move,7,49.6674,49.6755,0,0.088,0.439,0.264,0.176,0.527,0.088,-1.055,2.285,0.439,0.088,0.439,0.088,0.088,0.176,0.088,0.088,0.527,0.264,0.088,0.439,0.264,0.176,0.527,0.088,-1.055,2.260,0.439,0.088,0.439,0.088,0.088,0.176,0.088,0.088,0.527,0.264,0.000,2.8,11.90,31.0
49.7074,1043,8,move,7,49.7074,49.7154,0,0.088,0.439,0.264,0.176,0.527,0.088,-1.055,2.285,0.439,0.088,0.439,0.088,0.088,0.176,0.088,0.088,0.527,0.264,0.088,0.439,0.264,0.176,0.527,0.088,-1.055,2.228,0.439,0.088,0.439,0.088,0.088,0.176,0.088,0.088,0.527,0.264,0.000,0.0,11.90,31.0
49.7474,1044,8,move,7,49.7474,49.7554,0,0.088,0.439,0.264,0.176,0.527,0.088,-1.055,2.285,0.439,0.088,0.439,0.088,0.088,0.176,0.088,0.088,0.527,0.264,0.088,0.439,0.264,0.176,0.527,0.088,-1.055,2.166,0.439,0.088,0.439,0.088,0.088,0.176,0.088,0.088,0.527,0.264,0.000,0.0,11.90,31.0
49.7874,1045,8,move,7,49.7874,49.7954,0,0.088,0.439,0.264,0.176,0.527,0.088,-1.055,2.285,0.439,0.088,0.439,0.088,0.088,0.176,0.088,0.088,0.527,0.264,0.088,0.439,0.264,0.176,0.527,0.088,-1.055,2.073,0.439,0.088,0.439,0.088,0.088,0.176,0.088,0.088,0.527,0.264,0.000,0.0,11.90,31.0
49.8274,1046,8,move,7,49.8274,49.8356,0,0.088,0.439,0.264,0.176,0.527,0.088,-1.055,2.285,0.439,0.088,0.439,0.088,0.088,0.176,0.088,0.088,0.527,0.264,0.088,0.439,0.264,0.176,0.527,0.088,-1.055,1.952,0.439,0.088,0.439,0.088,0.088,0.176,0.088,0.088,0.527,0.264,0.013,3.2,11.90,31.0
49.8674,1047,8,move,7,49.8674,49.8756,0,0.088,0.439,0.264,0.176,0.527,0.088,-1.055,2.285,0.439,0.088,0.439,0.088,0.088,0.176,0.088,0.088,0.527,0.264,0.088,0.439,0.264,0.176,0.527,0.088,-1.055,1.805,0.439,0.088,0.439,0.088,0.088,0.176,0.088,0.088,0.527,0.264,0.013,3.2,11.90,31.0
49.9072,1048,8,move,7,49.9072,49.9154,0,0.088,0.439,0.264,0.176,0.527,0.088,-1.055,2.021,0.439,0.088,0.439,0.088,0.088,0.176,0.088,0.088,0.527,0.264,0.088,0.439,0.264,0.176,0.527,0.088,-1.055,1.633,0.439,0.088,0.439,0.088,0.088,0.176,0.088,0.088,0.527,0.264,0.013,3.2,11.90,31.0
49.9474,1049,8,move,7,49.9474,49.9555,0,0.088,0.439,0.264,0.176,0.527,0.088,-1.055,1.934,0.439,0.088,0.439,0.088,0.088,0.176,0.088,0.088,0.527,0.264,0.088,0.439,0.264,0.176,0.527,0.088,-1.055,1.439,0.439,0.088,0.439,0.088,0.088,0.176,0.088,0.088,0.527,0.264,0.019,4.4,11.90,31.0
49.9871,1050,8,move,7,49.9871,49.9952,0,0.088,0.439,0.264,0.176,0.527,0.088,-1.055,1.758,0.439,0.088,0.439,0.088,0.088,0.176,0.088,0.088,0.527,0.264,0.088,0.439,0.264,0.176,0.527,0.088,-1.055,1.227,0.439,0.088,0.439,0.088,0.088,0.176,0.088,0.088,0.527,0.264,0.019,4.4,11.90,31.0
50.0274,1051,8,move,7,50.0274,50.0361,0,0.088,0.439,0.264,0.176,0.527,0.088,-1.055,1.494,0.439,0.088,0.439,0.088,0.088,0.176,0.088,0.088,0.527,0.264,0.088,0.439,0.264,0.176,0.527,0.088,-1.055,1.000,0.439,0.088,0.439,0.088,0.088,0.176,0.088,0.088,0.527,0.264,0.019,4.4,11.90,31.0
50.0671,1052,8,move,7,50.0671,50.0758,0,0.088,0.439,0.264,0.176,0.527,0.088,-1.055,1.494,0.439,0.088,0.439,0.088,0.088,0.176,0.088,0.088,0.527,0.264,0.088,0.439,0.264,0.176,0.527,0.088,-1.055,0.761,0.439,0.088,0.439,0.088,0.088,0.176,0.088,0.088,0.527,0.264,0.026,7.2,11.90,31.0
50.1072,1053,8,move,7,50.1072,50.1148,0,0.088,0.439,0.264,0.176,0.527,0.088,-1.055,1.230,0.439,0.088,0.439,0.088,0.088,0.176,0.088,0.088,0.527,0.264,0.088,0.439,0.264,0.176,0.527,0.088,-1.055,0.514,0.439,0.088,0.439,0.088,0.088,0.176,0.088,0.088,0.527,0.264,0.026,7.2,11.90,31.0
50.1474,1054,8,move,7,50.1474,50.1555,0,0.088,0.439,0.264,0.176,0.527,0.088,-1.055,0.967,0.439,0.088,0.439,0.088,0.088,0.176,0.088,0.088,0.527,0.264,0.088,0.439,0.264,0.176,0.527,0.088,-1.055,0.264,0.439,0.088,0.439,0.088,0.088,0.176,0.088,0.088,0.527,0.264,0.026,7.2,11.90,31.0
50.1874,1055,8,move,7,50.1874,50.1958,0,0.088,0.439,0.264,0.176,0.527,0.088,-1.055,0.703,0.439,0.088,0.439,0.088,0.088,0.176,0.088,0.088,0.527,0.264,0.088,0.439,0.264,0.176,0.527,0.088,-1.055,0.013,0.439,0.088,0.439,0.088,0.088,0.176,0.088,0.088,0.527,0.264,0.019,4.8,11.90,31.0
50.2272,1056,8,move,7,50.2272,50.2372,0,0.088,0.439,0.264,0.176,0.527,0.088,-1.055,0.439,0.439,0.088,0.439,0.088,0.088,0.176,0.088,0.088,0.527,0.264,0.088,0.439,0.264,0.176,0.527,0.088,-1.055,-0.234,0.439,0.088,0.439,0.088,0.088,0.176,0.088,0.088,0.527,0.264,0.019,4.8,11.90,31.0
50.2674,1057,8,move,7,50.2674,50.2757,0,0.088,0.439,0.264,0.176,0.527,0.088,-1.055,0.176,0.439,0.088,0.439,0.088,0.088,0.176,0.088,0.088,0.527,0.264,0.088,0.439,0.264,0.176,0.527,0.088,-1.055,-0.473,0.439,0.088,0.439,0.088,0.088,0.176,0.088,0.088,0.527,0.264,0.019,4.8,11.90,31.0
50.3074,1058,8,move,7,50.3074,50.3155,0,0.088,0.439,0.264,0.176,0.527,0.088,-1.055,-0.088,0.439,0.088,0.439,0.088,0.088,0.176,0.088,0.088,0.527,0.264,0.088,0.439,0.264,0.176,0.527,0.088,-1.055,-0.700,0.439,0.088,0.439,0.088,0.088,0.176,0.088,0.088,0.527,0.264,0.013,4.8,11.90,31.0
50.3474,1059,8,move,7,50.3474,50.3552,0,0.088,0.439,0.264,0.176,0.527,0.088,-1.055,-0.264,0.439,0.088,0.439,0.088,0.088,0.176,0.088,0.088,0.527,0.264,0.088,0.439,0.264,0.176,0.527,0.088,-1.055,-0.912,0.439,0.088,0.439,0.088,0.088,0.176,0.088,0.088,0.527,0.264,0.013,4.8,11.90,31.0
50.3874,1060,8,move,7,50.3874,50.3956,0,0.088,0.439,0.264,0.176,0.527,0.088,-1.055,-0.527,0.439,0.088,0.439,0.088,0.088,0.176,0.088,0.088,0.527,0.264,0.088,0.439,0.264,0.176,0.527,0.088,-1.055,-1.105,0.439,0.088,0.439,0.088,0.088,0.176,0.088,0.088,0.527,0.264,0.013,4.8,11.90,31.0
50.4272,1061,8,move,7,50.4272,50.4357,0,0.088,0.439,0.264,0.176,0.527,0.088,-1.055,-0.703,0.439,0.088,0.439,0.088,0.088,0.176,0.088,0.088,0.527,0.264,0.088,0.439,0.264,0.176,0.527,0.088,-1.055,-1.277,0.439,0.088,0.439,0.088,0.088,0.176,0.088,0.088,0.527,0.264,0.019,5.2,11.90,31.0
50.4672,1062,8,move,7,50.4672,50.4752,0,0.088,0.439,0.264,0.176,0.527,0.088,-1.055,-0.967,0.439,0.088,0.439,0.088,0.088,0.176,0.088,0.088,0.527,0.264,0.088,0.439,0.264,0.176,0.527,0.088,-1.055,-1.425,0.439,0.088,0.439,0.088,0.088,0.176,0.088,0.088,0.527,0.264,0.019,5.2,11.90,31.0
50.5072,1063,8,move,7,50.5072,50.5172,0,0.088,0.439,0.264,0.176,0.527,0.088,-1.055,-1.143,0.439,0.088,0.439,0.088,0.088,0.176,0.088,0.088,0.527,0.264,0.088,0.439,0.264,0.176,0.527,0.088,-1.055,-1.546,0.439,0.088,0.439,0.088,0.088,0.176,0.088,0.088,0.527,0.264,0.019,5.2,11.90,31.0
50.5472,1064,8,move,7,50.5472,50.5552,0,0.088,0.439,0.264,0.176,0.527,0.088,-1.055,-1.143,0.439,0.088,0.439,0.088,0.088,0.176,0.088,0.088,0.527,0.264,0.088,0.439,0.264,0.176,0.527,0.088,-1.055,-1.638,0.439,0.088,0.439,0.088,0.088,0.176,0.088,0.088,0.527,0.264,0.026,6.0,11.90,31.0
50.5874,1065,8,move,7,50.5874,50.5954,0,0.088,0.439,0.264,0.176,0.527,0.088,-1.055,-1.406,0.439,0.088,0.439,0.088,0.088,0.176,0.088,0.088,0.527,0.264,0.088,0.439,0.264,0.176,0.527,0.088,-1.055,-1.701,0.439,0.088,0.439,0.088,0.088,0.176,0.088,0.088,0.527,0.264,0.026,6.0,11.90,31.0
50.6272,1066,8,move,7,50.6272,50.6354,0,0.088,0.439,0.264,0.176,0.527,0.088,-1.055,-1.406,0.439,0.088,0.439,0.088,0.088,0.176,0.088,0.088,0.527,0.264,0.088,0.439,0.264,0.176,0.527,0.088,-1.055,-1.732,0.439,0.088,0.439,0.088,0.088,0.176,0.088,0.088,0.527,0.264,0.026,6.0,11.90,31.0
50.6674,1067,8,move,7,50.6674,50.6754,0,0.088,0.439,0.264,0.176,0.527,0.088,-1.055,-1.406,0.439,0.088,0.439,0.088,0.088,0.176,0.088,0.088,0.527,0.264,0.088,0.439,0.264,0.176,0.527,0.088,-1.055,-1.732,0.439,0.088,0.439,0.088,0.088,0.176,0.088,0.088,0.527,0.264,0.019,4.0,11.90,31.0
50.7074,1068,8,move,7,50.7074,50.7154,0,0.088,0.439,0.264,0.176,0.527,0.088,-1.055,-1.406,0.439,0.088,0.439,0.088,0.088,0.176,0.088,0.088,0.527,0.264,0.088,0.439,0.264,0.176,0.527,0.088,-1.055,-1.701,0.439,0.088,0.439,0.088,0.088,0.176,0.088,0.088,0.527,0.264,0.019,4.0,11.90,31.0
50.7474,1069,8,move,7,50.7474,50.7561,0,0.088,0.439,0.264,0.176,0.527,0.088,-1.055,-1.406,0.439,0.088,0.439,0.088,0.088,0.176,0.088,0.088,0.527,0.264,0.088,0.439,0.264,0.176,0.527,0.088,-1.055,-1.638,0.439,0.088,0.439,0.088,0.088,0.176,0.088,0.088,0.527,0.264,0.019,4.0,11.90,31.0
50.7871,1070,8,move,7,50.7871,50.7957,0,0.088,0.439,0.264,0.176,0.527,0.088,-1.055,-1.406,0.439,0.088,0.439,0.088,0.088,0.176,0.088,0.088,0.527,0.264,0.088,0.439,0.264,0.176,0.527,0.088,-1.055,-1.546,0.439,0.088,0.439,0.088,0.088,0.176,0.088,0.088,0.527,0.264,0.006,3.2,11.90,31.0
50.8272,1071,8,move,7,50.8272,50.8353,0,0.088,0.439,0.264,0.176,0.527,0.088,-1.055,-1.406,0.439,0.088,0.439,0.088,0.088,0.176,0.088,0.088,0.527,0.264,0.088,0.439,0.264,0.176,0.527,0.088,-1.055,-1.425,0.439,0.088,0.439,0.088,0.088,0.176,0.088,0.088,0.527,0.264,0.006,3.2,11.90,31.0
50.8674,1072,8,move,7,50.8674,50.8758,0,0.088,0.439,0.264,0.176,0.527,0.088,-1.055,-1.406,0.439,0.088,0.439,0.088,0.088,0.176,0.088,0.088,0.527,0.264,0.088,0.439,0.264,0.176,0.527,0.088,-1.055,-1.277,0.439,0.088,0.439,0.088,0.088,0.176,0.088,0.088,0.527,0.264,0.006,3.2,11.90,31.0
50.9074,1073,8,move,7,50.9074,50.9161,0,0.088,0.439,0.264,0.176,0.527,0.088,-1.055,-1.230,0.439,0.088,0.439,0.088,0.088,0.176,0.088,0.088,0.527,0.264,0.088,0.439,0.264,0.176,0.527,0.088,-1.055,-1.105,0.439,0.088,0.439,0.088,0.088,0.176,0.088,0.088,0.527,0.264,0.000,0.0,11.90,31.0
50.9472,1074,8,move,7,50.9472,50.9555,0,0.088,0.439,0.264,0.176,0.527,0.088,-1.055,-1.230,0.439,0.088,0.439,0.088,0.088,0.176,0.088,0.088,0.527,0.264,0.088,0.439,0.264,0.176,0.527,0.088,-1.055,-0.912,0.439,0.088,0.439,0.088,0.088,0.176,0.088,0.088,0.527,0.264,0.000,0.0,11.90,31.0
50.9874,1075,8,move,7,50.9874,50.9961,0,0.088,0.439,0.264,0.176,0.527,0.088,-1.055,-1.055,0.439,0.088,0.439,0.088,0.088,0.176,0.088,0.088,0.527,0.264,0.088,0.439,0.264,0.176,0.527,0.088,-1.055,-0.700,0.439,0.088,0.439,0.088,0.088,0.176,0.088,0.088,0.527,0.264,0.000,0.0,11.90,31.0
51.0271,1076,8,move,7,51.0271,51.0356,0,0.088,0.439,0.264,0.176,0.527,0.088,-1.055,-0.791,0.439,0.088,0.439,0.088,0.088,0.176,0.088,0.088,0.527,0.264,0.088,0.439,0.264,0.176,0.527,0.088,-1.055,-0.473,0.439,0.088,0.439,0.088,0.088,0.176,0.088,0.088,0.527,0.264,0.000,0.0,11.90,31.0
51.0674,1077,8,move,7,51.0674,51.0756,0,0.088,0.439,0.264,0.176,0.527,0.088,-1.055,-0.791,0.439,0.088,0.439,0.088,0.088,0.176,0.088,0.088,0.527,0.264,0.088,0.439,0.264,0.176,0.527,0.088,-1.055,-0.234,0.439,0.088,0.439,0.088,0.088,0.176,0.088,0.088,0.527,0.264,0.000,0.0,11.90,31.0
51.1074,1078,8,move,7,51.1074,51.1154,0,0.088,0.439,0.264,0.176,0.527,0.088,-1.055,-0.352,0.439,0.088,0.439,0.088,0.088,0.176,0.088,0.088,0.527,0.264,0.088,0.439,0.264,0.176,0.527,0.088,-1.055,0.013,0.439,0.088,0.439,0.088,0.088,0.176,0.088,0.088,0.527,0.264,0.000,0.0,11.90,31.0
51.1474,1079,8,move,7,51.1474,51.1554,0,0.088,0.439,0.264,0.176,0.527,0.088,-1.055,-0.264,0.439,0.088,0.439,0.088,0.088,0.176,0.088,0.088,0.527,0.264,0.088,0.439,0.264,0.176,0.527,0.088,-1.055,0.264,0.439,0.088,0.439,0.088,0.088,0.176,0.088,0.088,0.527,0.264,0.000,2.4,11.90,32.0
51.1874,1080,8,move,7,51.1874,51.1954,0,0.088,0.439,0.264,0.176,0.527,0.088,-1.055,0.088,0.439,0.088,0.439,0.088,0.088,0.176,0.088,0.088,0.527,0.264,0.088,0.439,0.264,0.176,0.527,0.088,-1.055,0.514,0.439,0.088,0.439,0.088,0.088,0.176,0.088,0.088,0.527,0.264,0.000,2.4,11.90,32.0
51.2274,1081,8,move,7,51.2274,51.2356,0,0.088,0.439,0.264,0.176,0.527,0.088,-1.055,0.264,0.439,0.088,0.439,0.088,0.088,0.176,0.088,0.088,0.527,0.264,0.088,0.439,0.264,0.176,0.527,0.088,-1.055,0.761,0.439,0.088,0.439,0.088,0.088,0.176,0.088,0.088,0.527,0.264,0.000,2.4,11.90,32.0
51.2674,1082,8,move,7,51.2674,51.2755,0,0.088,0.439,0.264,0.176,0.527,0.088,-1.055,0.527,0.439,0.088,0.439,0.088,0.088,0.176,0.088,0.088,0.527,0.264,0.088,0.439,0.264,0.176,0.527,0.088,-1.055,1.000,0.439,0.088,0.439,0.088,0.088,0.176,0.088,0.088,0.527,0.264,0.006,2.4,11.90,31.0
51.3119,1083,8,move,7,51.3119,51.3201,0,0.088,0.439,0.264,0.176,0.527,0.088,-1.055,0.879,0.439,0.088,0.439,0.088,0.088,0.176,0.088,0.088,0.527,0.264,0.088,0.439,0.264,0.176,0.527,0.088,-1.055,1.227,0.439,0.088,0.439,0.088,0.088,0.176,0.088,0.088,0.527,0.264,0.006,2.4,11.90,31.0
51.3472,1084,8,move,7,51.3472,51.3647,0,0.088,0.439,0.264,0.176,0.527,0.088,-1.055,0.967,0.439,0.088,0.439,0.088,0.088,0.176,0.088,0.088,0.527,0.264,0.088,0.439,0.264,0.176,0.527,0.088,-1.055,1.439,0.439,0.088,0.439,0.088,0.088,0.176,0.088,0.088,0.527,0.264,0.006,2.4,11.90,31.0
51.3872,1085,8,move,7,51.3872,51.3951,0,0.088,0.439,0.264,0.176,0.527,0.088,-1.055,1.318,0.439,0.088,0.439,0.088,0.088,0.176,0.088,0.088,0.527,0.264,0.088,0.439,0.264,0.176,0.527,0.088,-1.055,1.633,0.439,0.088,0.439,0.088,0.088,0.176,0.088,0.088,0.527,0.264,0.006,2.0,11.90,31.0
51.4274,1086,8,move,7,51.4274,51.4356,0,0.088,0.439,0.264,0.176,0.527,0.088,-1.055,1.406,0.439,0.088,0.439,0.088,0.088,0.176,0.088,0.088,0.527,0.264,0.088,0.439,0.264,0.176,0.527,0.088,-1.055,1.805,0.439,0.088,0.439,0.088,0.088,0.176,0.088,0.088,0.527,0.264,0.006,2.0,11.90,31.0
51.4674,1087,8,move,7,51.4674,51.4759,0,0.088,0.439,0.264,0.176,0.527,0.088,-1.055,1.758,0.439,0.088,0.439,0.088,0.088,0.176,0.088,0.088,0.527,0.264,0.088,0.439,0.264,0.176,0.527,0.088,-1.055,1.952,0.439,0.088,0.439,0.088,0.088,0.176,0.088,0.088,0.527,0.264,0.006,2.0,11.90,31.0
51.5071,1088,8,move,7,51.5071,51.5155,0,0.088,0.439,0.264,0.176,0.527,0.088,-1.055,1.846,0.439,0.088,0.439,0.088,0.088,0.176,0.088,0.088,0.527,0.264,0.088,0.439,0.264,0.176,0.527,0.088,-1.055,2.073,0.439,0.088,0.439,0.088,0.088,0.176,0.088,0.088,0.527,0.264,0.000,0.0,11.90,31.0
51.5474,1089,8,move,7,51.5474,51.5556,0,0.088,0.439,0.264,0.176,0.527,0.088,-1.055,1.846,0.439,0.088,0.439,0.088,0.088,0.176,0.088,0.088,0.527,0.264,0.088,0.439,0.264,0.176,0.527,0.088,-1.055,2.166,0.439,0.088,0.439,0.088,0.088,0.176,0.088,0.088,0.527,0.264,0.000,0.0,11.90,31.0
51.5872,1090,8,move,7,51.5872,51.5952,0,0.088,0.439,0.264,0.176,0.527,0.088,-1.055,2.109,0.439,0.088,0.439,0.088,0.088,0.176,0.088,0.088,0.527,0.264,0.088,0.439,0.264,0.176,0.527,0.088,-1.055,2.228,0.439,0.088,0.439,0.088,0.088,0.176,0.088,0.088,0.527,0.264,0.000,0.0,11.90,31.0
51.6272,1091,8,move,7,51.6272,51.6352,0,0.088,0.439,0.264,0.176,0.527,0.088,-1.055,2.109,0.439,0.088,0.439,0.088,0.088,0.176,0.088,0.088,0.527,0.264,0.088,0.439,0.264,0.176,0.527,0.088,-1.055,2.260,0.439,0.088,0.439,0.088,0.088,0.176,0.088,0.088,0.527,0.264,0.000,0.0,11.90,31.0
51.6672,1092,8,move,7,51.6672,51.6752,0,0.088,0.439,0.264,0.176,0.527,0.088,-1.055,2.109,0.439,0.088,0.439,0.088,0.088,0.176,0.088,0.088,0.527,0.264,0.088,0.439,0.264,0.176,0.527,0.088,-1.055,2.260,0.439,0.088,0.439,0.088,0.088,0.176,0.088,0.088,0.527,0.264,0.000,0.0,11.90,31.0
51.7071,1093,8,move,7,51.7071,51.7152,0,0.088,0.439,0.264,0.176,0.527,0.088,-1.055,2.285,0.439,0.088,0.439,0.088,0.088,0.176,0.088,0.088,0.527,0.264,0.088,0.439,0.264,0.176,0.527,0.088,-1.055,2.228,0.439,0.088,0.439,0.088,0.088,0.176,0.088,0.088,0.527,0.264,0.000,0.0,11.90,31.0
51.7472,1094,8,move,7,51.7472,51.7554,0,0.088,0.439,0.264,0.176,0.527,0.088,-1.055,2.285,0.439,0.088,0.439,0.088,0.088,0.176,0.088,0.088,0.527,0.264,0.088,0.439,0.264,0.176,0.527,0.088,-1.055,2.166,0.439,0.088,0.439,0.088,0.088,0.176,0.088,0.088,0.527,0.264,0.000,0.0,11.90,31.0
51.7872,1095,8,move,7,51.7872,51.7952,0,0.088,0.439,0.264,0.176,0.527,0.088,-1.055,2.285,0.439,0.088,0.439,0.088,0.088,0.176,0.088,0.088,0.527,0.264,0.088,0.439,0.264,0.176,0.527,0.088,-1.055,2.073,0.439,0.088,0.439,0.088,0.088,0.176,0.088,0.088,0.527,0.264,0.000,0.0,11.90,31.0
51.8272,1096,8,move,7,51.8272,51.8352,0,0.088,0.439,0.264,0.176,0.527,0.088,-1.055,2.285,0.439,0.088,0.439,0.088,0.088,0.176,0.088,0.088,0.527,0.264,0.088,0.439,0.264,0.176,0.527,0.088,-1.055,1.952,0.439,0.088,0.439,0.088,0.088,0.176,0.088,0.088,0.527,0.264,0.000,0.0,11.90,31.0
51.8672,1097,8,move,7,51.8672,51.8752,0,0.088,0.439,0.264,0.176,0.527,0.088,-1.055,2.285,0.439,0.088,0.439,0.088,0.088,0.176,0.088,0.088,0.527,0.264,0.088,0.439,0.264,0.176,0.527,0.088,-1.055,1.805,0.439,0.088,0.439,0.088,0.088,0.176,0.088,0.088,0.527,0.264,0.013,4.0,11.90,31.0
51.9074,1098,8,move,7,51.9074,51.9156,0,0.088,0.439,0.264,0.176,0.527,0.088,-1.055,2.021,0.439,0.088,0.439,0.088,0.088,0.176,0.088,0.088,0.527,0.264,0.088,0.439,0.264,0.176,0.527,0.088,-1.055,1.633,0.439,0.088,0.439,0.088,0.088,0.176,0.088,0.088,0.527,0.264,0.013,4.0,11.90,31.0
51.9474,1099,8,move,7,51.9474,51.9556,0,0.088,0.439,0.264,0.176,0.527,0.088,-1.055,1.846,0.439,0.088,0.439,0.088,0.088,0.176,0.088,0.088,0.527,0.264,0.088,0.439,0.264,0.176,0.527,0.088,-1.055,1.439,0.439,0.088,0.439,0.088,0.088,0.176,0.088,0.088,0.527,0.264,0.013,4.0,11.90,31.0
51.9872,1100,8,move,7,51.9872,51.9952,0,0.088,0.439,0.264,0.176,0.527,0.088,-1.055,1.846,0.439,0.088,0.439,0.088,0.088,0.176,0.088,0.088,0.527,0.264,0.088,0.439,0.264,0.176,0.527,0.088,-1.055,1.227,0.439,0.088,0.439,0.088,0.088,0.176,0.088,0.088,0.527,0.264,0.013,5.2,11.90,31.0
52.0272,1101,8,move,7,52.0272,52.0352,0,0.088,0.439,0.264,0.176,0.527,0.088,-1.055,1.494,0.439,0.088,0.439,0.088,0.088,0.176,0.088,0.088,0.527,0.264,0.088,0.439,0.264,0.176,0.527,0.088,-1.055,1.000,0.439,0.088,0.439,0.088,0.088,0.176,0.088,0.088,0.527,0.264,0.013,5.2,11.90,31.0
52.0672,1102,8,move,7,52.0672,52.0754,0,0.088,0.439,0.264,0.176,0.527,0.088,-1.055,1.494,0.439,0.088,0.439,0.088,0.088,0.176,0.088,0.088,0.527,0.264,0.088,0.439,0.264,0.176,0.527,0.088,-1.055,0.761,0.439,0.088,0.439,0.088,0.088,0.176,0.088,0.088,0.527,0.264,0.013,5.2,11.90,31.0
52.1072,1103,8,move,7,52.1072,52.1152,0,0.088,0.439,0.264,0.176,0.527,0.088,-1.055,1.143,0.439,0.088,0.439,0.088,0.088,0.176,0.088,0.088,0.527,0.264,0.088,0.439,0.264,0.176,0.527,0.088,-1.055,0.514,0.439,0.088,0.439,0.088,0.088,0.176,0.088,0.088,0.527,0.264,0.013,4.0,11.90,31.0
52.1472,1104,8,move,7,52.1472,52.1552,0,0.088,0.439,0.264,0.176,0.527,0.088,-1.055,0.967,0.439,0.088,0.439,0.088,0.088,0.176,0.088,0.088,0.527,0.264,0.088,0.439,0.264,0.176,0.527,0.088,-1.055,0.264,0.439,0.088,0.439,0.088,0.088,0.176,0.088,0.088,0.527,0.264,0.013,4.0,11.90,31.0
52.1872,1105,8,move,7,52.1872,52.1953,0,0.088,0.439,0.264,0.176,0.527,0.088,-1.055,0.879,0.439,0.088,0.439,0.088,0.088,0.176,0.088,0.088,0.527,0.264,0.088,0.439,0.264,0.176,0.527,0.088,-1.055,0.013,0.439,0.088,0.439,0.088,0.088,0.176,0.088,0.088,0.527,0.264,0.013,4.0,11.90,31.0
52.2274,1106,8,move,7,52.2274,52.2451,0,0.088,0.439,0.264,0.176,0.527,0.088,-1.055,0.352,0.439,0.088,0.439,0.088,0.088,0.176,0.088,0.088,0.527,0.264,0.088,0.439,0.264,0.176,0.527,0.088,-1.055,-0.234,0.439,0.088,0.439,0.088,0.088,0.176,0.088,0.088,0.527,0.264,0.013,5.2,11.90,31.0
52.2671,1107,8,move,7,52.2671,52.2751,0,0.088,0.439,0.264,0.176,0.527,0.088,-1.055,0.176,0.439,0.088,0.439,0.088,0.088,0.176,0.088,0.088,0.527,0.264,0.088,0.439,0.264,0.176,0.527,0.088,-1.055,-0.473,0.439,0.088,0.439,0.088,0.088,0.176,0.088,0.088,0.527,0.264,0.013,5.2,11.90,31.0
52.3074,1108,8,move,7,52.3074,52.3154,0,0.088,0.439,0.264,0.176,0.527,0.088,-1.055,-0.088,0.439,0.088,0.439,0.088,0.088,0.176,0.088,0.088,0.527,0.264,0.088,0.439,0.264,0.176,0.527,0.088,-1.055,-0.700,0.439,0.088,0.439,0.088,0.088,0.176,0.088,0.088,0.527,0.264,0.013,5.2,11.90,31.0
52.3474,1109,8,move,7,52.3474,52.3554,0,0.088,0.439,0.264,0.176,0.527,0.088,-1.055,-0.264,0.439,0.088,0.439,0.088,0.088,0.176,0.088,0.088,0.527,0.264,0.088,0.439,0.264,0.176,0.527,0.088,-1.055,-0.912,0.439,0.088,0.439,0.088,0.088,0.176,0.088,0.088,0.527,0.264,0.019,5.2,11.90,31.0
52.3874,1110,8,move,7,52.3874,52.3955,0,0.088,0.439,0.264,0.176,0.527,0.088,-1.055,-0.527,0.439,0.088,0.439,0.088,0.088,0.176,0.088,0.088,0.527,0.264,0.088,0.439,0.264,0.176,0.527,0.088,-1.055,-1.105,0.439,0.088,0.439,0.088,0.088,0.176,0.088,0.088,0.527,0.264,0.019,5.2,11.90,31.0
52.4274,1111,8,move,7,52.4274,52.4358,0,0.088,0.439,0.264,0.176,0.527,0.088,-1.055,-0.703,0.439,0.088,0.439,0.088,0.088,0.176,0.088,0.088,0.527,0.264,0.088,0.439,0.264,0.176,0.527,0.088,-1.055,-1.277,0.439,0.088,0.439,0.088,0.088,0.176,0.088,0.088,0.527,0.264,0.019,5.2,11.90,31.0
52.4674,1112,8,move,7,52.4674,52.4756,0,0.088,0.439,0.264,0.176,0.527,0.088,-1.055,-0.967,0.439,0.088,0.439,0.088,0.088,0.176,0.088,0.088,0.527,0.264,0.088,0.439,0.264,0.176,0.527,0.088,-1.055,-1.425,0.439,0.088,0.439,0.088,0.088,0.176,0.088,0.088,0.527,0.264,0.019,4.8,11.90,31.0
52.5074,1113,8,move,7,52.5074,52.5155,0,0.088,0.439,0.264,0.176,0.527,0.088,-1.055,-1.143,0.439,0.088,0.439,0.088,0.088,0.176,0.088,0.088,0.527,0.264,0.088,0.439,0.264,0.176,0.527,0.088,-1.055,-1.546,0.439,0.088,0.439,0.088,0.088,0.176,0.088,0.088,0.527,0.264,0.019,4.8,11.90,31.0
52.5472,1114,8,move,7,52.5472,52.5553,0,0.088,0.439,0.264,0.176,0.527,0.088,-1.055,-1.143,0.439,0.088,0.439,0.088,0.088,0.176,0.088,0.088,0.527,0.264,0.088,0.439,0.264,0.176,0.527,0.088,-1.055,-1.638,0.439,0.088,0.439,0.088,0.088,0.176,0.088,0.088,0.527,0.264,0.019,4.8,11.90,31.0
52.5872,1115,8,move,7,52.5872,52.5950,0,0.088,0.439,0.264,0.176,0.527,0.088,-1.055,-1.406,0.439,0.088,0.439,0.088,0.088,0.176,0.088,0.088,0.527,0.264,0.088,0.439,0.264,0.176,0.527,0.088,-1.055,-1.701,0.439,0.088,0.439,0.088,0.088,0.176,0.088,0.088,0.527,0.264,0.006,2.4,11.90,31.0
52.6271,1116,8,move,7,52.6271,52.6357,0,0.088,0.439,0.264,0.176,0.527,0.088,-1.055,-1.406,0.439,0.088,0.439,0.088,0.088,0.176,0.088,0.088,0.527,0.264,0.088,0.439,0.264,0.176,0.527,0.088,-1.055,-1.732,0.439,0.088,0.439,0.088,0.088,0.176,0.088,0.088,0.527,0.264,0.006,2.4,11.90,31.0
52.6675,1117,8,move,7,52.6675,52.6762,0,0.088,0.439,0.264,0.176,0.527,0.088,-1.055,-1.406,0.439,0.088,0.439,0.088,0.088,0.176,0.088,0.088,0.527,0.264,0.088,0.439,0.264,0.176,0.527,0.088,-1.055,-1.732,0.439,0.088,0.439,0.088,0.088,0.176,0.088,0.088,0.527,0.264,0.006,2.4,11.90,31.0
52.7071,1118,8,move,7,52.7071,52.7158,0,0.088,0.439,0.264,0.176,0.527,0.088,-1.055,-1.406,0.439,0.088,0.439,0.088,0.088,0.176,0.088,0.088,0.527,0.264,0.088,0.439,0.264,0.176,0.527,0.088,-1.055,-1.701,0.439,0.088,0.439,0.088,0.088,0.176,0.088,0.088,0.527,0.264,0.019,4.0,11.90,31.0
52.7474,1119,8,move,7,52.7474,52.7556,0,0.088,0.439,0.264,0.176,0.527,0.088,-1.055,-1.406,0.439,0.088,0.439,0.088,0.088,0.176,0.088,0.088,0.527,0.264,0.088,0.439,0.264,0.176,0.527,0.088,-1.055,-1.638,0.439,0.088,0.439,0.088,0.088,0.176,0.088,0.088,0.527,0.264,0.019,4.0,11.90,31.0
52.7872,1120,8,move,7,52.7872,52.7956,0,0.088,0.439,0.264,0.176,0.527,0.088,-1.055,-1.406,0.439,0.088,0.439,0.088,0.088,0.176,0.088,0.088,0.527,0.264,0.088,0.439,0.264,0.176,0.527,0.088,-1.055,-1.546,0.439,0.088,0.439,0.088,0.088,0.176,0.088,0.088,0.527,0.264,0.019,4.0,11.90,31.0
52.8274,1121,8,move,7,52.8274,52.8356,0,0.088,0.439,0.264,0.176,0.527,0.088,-1.055,-1.406,0.439,0.088,0.439,0.088,0.088,0.176,0.088,0.088,0.527,0.264,0.088,0.439,0.264,0.176,0.527,0.088,-1.055,-1.425,0.439,0.088,0.439,0.088,0.088,0.176,0.088,0.088,0.527,0.264,0.006,2.4,11.90,31.0
52.8674,1122,8,move,7,52.8674,52.8755,0,0.088,0.439,0.264,0.176,0.527,0.088,-1.055,-1.406,0.439,0.088,0.439,0.088,0.088,0.176,0.088,0.088,0.527,0.264,0.088,0.439,0.264,0.176,0.527,0.088,-1.055,-1.277,0.439,0.088,0.439,0.088,0.088,0.176,0.088,0.088,0.527,0.264,0.006,2.4,11.90,31.0
52.9074,1123,8,move,7,52.9074,52.9156,0,0.088,0.439,0.264,0.176,0.527,0.088,-1.055,-1.230,0.439,0.088,0.439,0.088,0.088,0.176,0.088,0.088,0.527,0.264,0.088,0.439,0.264,0.176,0.527,0.088,-1.055,-1.105,0.439,0.088,0.439,0.088,0.088,0.176,0.088,0.088,0.527,0.264,0.006,2.4,11.90,31.0
52.9474,1124,8,move,7,52.9474,52.9556,0,0.088,0.439,0.264,0.176,0.527,0.088,-1.055,-1.230,0.439,0.088,0.439,0.088,0.088,0.176,0.088,0.088,0.527,0.264,0.088,0.439,0.264,0.176,0.527,0.088,-1.055,-0.912,0.439,0.088,0.439,0.088,0.088,0.176,0.088,0.088,0.527,0.264,0.000,0.0,11.90,31.0
52.9874,1125,8,move,7,52.9874,52.9956,0,0.088,0.439,0.264,0.176,0.527,0.088,-1.055,-1.055,0.439,0.088,0.439,0.088,0.088,0.176,0.088,0.088,0.527,0.264,0.088,0.439,0.264,0.176,0.527,0.088,-1.055,-0.700,0.439,0.088,0.439,0.088,0.088,0.176,0.088,0.088,0.527,0.264,0.000,0.0,11.90,31.0
53.0274,1126,8,move,7,53.0274,53.0356,0,0.088,0.439,0.264,0.176,0.527,0.088,-1.055,-0.791,0.439,0.088,0.439,0.088,0.088,0.176,0.088,0.088,0.527,0.264,0.088,0.439,0.264,0.176,0.527,0.088,-1.055,-0.473,0.439,0.088,0.439,0.088,0.088,0.176,0.088,0.088,0.527,0.264,0.000,0.0,11.90,31.0
53.0674,1127,8,move,7,53.0674,53.0754,0,0.088,0.439,0.264,0.176,0.527,0.088,-1.055,-0.703,0.439,0.088,0.439,0.088,0.088,0.176,0.088,0.088,0.527,0.264,0.088,0.439,0.264,0.176,0.527,0.088,-1.055,-0.234,0.439,0.088,0.439,0.088,0.088,0.176,0.088,0.088,0.527,0.264,0.000,3.2,11.90,31.0
53.1074,1128,8,move,7,53.1074,53.1154,0,0.088,0.439,0.264,0.176,0.527,0.088,-1.055,-0.352,0.439,0.088,0.439,0.088,0.088,0.176,0.088,0.088,0.527,0.264,0.088,0.439,0.264,0.176,0.527,0.088,-1.055,0.013,0.439,0.088,0.439,0.088,0.088,0.176,0.088,0.088,0.527,0.264,0.000,3.2,11.90,31.0
53.1474,1129,8,move,7,53.1474,53.1554,0,0.088,0.439,0.264,0.176,0.527,0.088,-1.055,-0.264,0.439,0.088,0.439,0.088,0.088,0.176,0.088,0.088,0.527,0.264,0.088,0.439,0.264,0.176,0.527,0.088,-1.055,0.264,0.439,0.088,0.439,0.088,0.088,0.176,0.088,0.088,0.527,0.264,0.000,3.2,11.90,31.0
53.1874,1130,8,move,7,53.1874,53.1955,0,0.088,0.439,0.264,0.176,0.527,0.088,-1.055,0.088,0.439,0.088,0.439,0.088,0.088,0.176,0.088,0.088,0.527,0.264,0.088,0.439,0.264,0.176,0.527,0.088,-1.055,0.514,0.439,0.088,0.439,0.088,0.088,0.176,0.088,0.088,0.527,0.264,0.006,2.0,11.90,31.0
53.2272,1131,8,move,7,53.2272,53.2351,0,0.088,0.439,0.264,0.176,0.527,0.088,-1.055,0.264,0.439,0.088,0.439,0.088,0.088,0.176,0.088,0.088,0.527,0.264,0.088,0.439,0.264,0.176,0.527,0.088,-1.055,0.761,0.439,0.088,0.439,0.088,0.088,0.176,0.088,0.088,0.527,0.264,0.006,2.0,11.90,31.0
53.2672,1132,8,move,7,53.2672,53.2754,0,0.088,0.439,0.264,0.176,0.527,0.088,-1.055,0.615,0.439,0.088,0.439,0.088,0.088,0.176,0.088,0.088,0.527,0.264,0.088,0.439,0.264,0.176,0.527,0.088,-1.055,1.000,0.439,0.088,0.439,0.088,0.088,0.176,0.088,0.088,0.527,0.264,0.006,2.0,11.90,31.0
53.3074,1133,8,move,7,53.3074,53.3152,0,0.088,0.439,0.264,0.176,0.527,0.088,-1.055,0.791,0.439,0.088,0.439,0.088,0.088,0.176,0.088,0.088,0.527,0.264,0.088,0.439,0.264,0.176,0.527,0.088,-1.055,1.227,0.439,0.088,0.439,0.088,0.088,0.176,0.088,0.088,0.527,0.264,0.000,2.4,11.90,31.0
53.3474,1134,8,move,7,53.3474,53.3552,0,0.088,0.439,0.264,0.176,0.527,0.088,-1.055,1.055,0.439,0.088,0.439,0.088,0.088,0.176,0.088,0.088,0.527,0.264,0.088,0.439,0.264,0.176,0.527,0.088,-1.055,1.439,0.439,0.088,0.439,0.088,0.088,0.176,0.088,0.088,0.527,0.264,0.000,2.4,11.90,31.0
53.3874,1135,8,move,7,53.3874,53.3954,0,0.088,0.439,0.264,0.176,0.527,0.088,-1.055,1.230,0.439,0.088,0.439,0.088,0.088,0.176,0.088,0.088,0.527,0.264,0.088,0.439,0.264,0.176,0.527,0.088,-1.055,1.633,0.439,0.088,0.439,0.088,0.088,0.176,0.088,0.088,0.527,0.264,0.000,2.4,11.90,31.0
53.4274,1136,8,move,7,53.4274,53.4355,0,0.088,0.439,0.264,0.176,0.527,0.088,-1.055,1.494,0.439,0.088,0.439,0.088,0.088,0.176,0.088,0.088,0.527,0.264,0.088,0.439,0.264,0.176,0.527,0.088,-1.055,1.805,0.439,0.088,0.439,0.088,0.088,0.176,0.088,0.088,0.527,0.264,0.006,2.0,11.90,31.0
53.4674,1137,8,move,7,53.4674,53.4754,0,0.088,0.439,0.264,0.176,0.527,0.088,-1.055,1.670,0.439,0.088,0.439,0.088,0.088,0.176,0.088,0.088,0.527,0.264,0.088,0.439,0.264,0.176,0.527,0.088,-1.055,1.952,0.439,0.088,0.439,0.088,0.088,0.176,0.088,0.088,0.527,0.264,0.006,2.0,11.90,31.0
53.5074,1138,8,move,7,53.5074,53.5155,0,0.088,0.439,0.264,0.176,0.527,0.088,-1.055,1.934,0.439,0.088,0.439,0.088,0.088,0.176,0.088,0.088,0.527,0.264,0.088,0.439,0.264,0.176,0.527,0.088,-1.055,2.073,0.439,0.088,0.439,0.088,0.088,0.176,0.088,0.088,0.527,0.264,0.006,2.0,11.90,31.0
53.5474,1139,8,move,7,53.5474,53.5552,0,0.088,0.439,0.264,0.176,0.527,0.088,-1.055,1.934,0.439,0.088,0.439,0.088,0.088,0.176,0.088,0.088,0.527,0.264,0.088,0.439,0.264,0.176,0.527,0.088,-1.055,2.166,0.439,0.088,0.439,0.088,0.088,0.176,0.088,0.088,0.527,0.264,0.006,2.8,11.90,31.0
53.5874,1140,8,move,7,53.5874,53.5958,0,0.088,0.439,0.264,0.176,0.527,0.088,-1.055,2.197,0.439,0.088,0.439,0.088,0.088,0.176,0.088,0.088,0.527,0.264,0.088,0.439,0.264,0.176,0.527,0.088,-1.055,2.228,0.439,0.088,0.439,0.088,0.088,0.176,0.088,0.088,0.527,0.264,0.006,2.8,11.90,31.0
53.6274,1141,8,move,7,53.6274,53.6361,0,0.088,0.439,0.264,0.176,0.527,0.088,-1.055,2.285,0.439,0.088,0.439,0.088,0.088,0.176,0.088,0.088,0.527,0.264,0.088,0.439,0.264,0.176,0.527,0.088,-1.055,2.260,0.439,0.088,0.439,0.088,0.088,0.176,0.088,0.088,0.527,0.264,0.006,2.8,11.90,31.0
53.6674,1142,8,move,7,53.6674,53.6759,0,0.088,0.439,0.264,0.176,0.527,0.088,-1.055,2.285,0.439,0.088,0.439,0.088,0.088,0.176,0.088,0.088,0.527,0.264,0.088,0.439,0.264,0.176,0.527,0.088,-1.055,2.260,0.439,0.088,0.439,0.088,0.088,0.176,0.088,0.088,0.527,0.264,0.000,0.0,11.90,31.0
53.7072,1143,8,move,7,53.7072,53.7158,0,0.088,0.439,0.264,0.176,0.527,0.088,-1.055,2.285,0.439,0.088,0.439,0.088,0.088,0.176,0.088,0.088,0.527,0.264,0.088,0.439,0.264,0.176,0.527,0.088,-1.055,2.228,0.439,0.088,0.439,0.088,0.088,0.176,0.088,0.088,0.527,0.264,0.000,0.0,11.90,31.0
53.7472,1144,8,move,7,53.7472,53.7553,0,0.088,0.439,0.264,0.176,0.527,0.088,-1.055,2.285,0.439,0.088,0.439,0.088,0.088,0.176,0.088,0.088,0.527,0.264,0.088,0.439,0.264,0.176,0.527,0.088,-1.055,2.166,0.439,0.088,0.439,0.088,0.088,0.176,0.088,0.088,0.527,0.264,0.000,0.0,11.90,31.0
53.7872,1145,8,move,7,53.7872,53.7951,0,0.088,0.439,0.264,0.176,0.527,0.088,-1.055,2.285,0.439,0.088,0.439,0.088,0.088,0.176,0.088,0.088,0.527,0.264,0.088,0.439,0.264,0.176,0.527,0.088,-1.055,2.073,0.439,0.088,0.439,0.088,0.088,0.176,0.088,0.088,0.527,0.264,0.006,2.4,11.90,31.0
53.8274,1146,8,move,7,53.8274,53.8359,0,0.088,0.439,0.264,0.176,0.527,0.088,-1.055,2.285,0.439,0.088,0.439,0.088,0.088,0.176,0.088,0.088,0.527,0.264,0.088,0.439,0.264,0.176,0.527,0.088,-1.055,1.952,0.439,0.088,0.439,0.088,0.088,0.176,0.088,0.088,0.527,0.264,0.006,2.4,11.90,31.0
53.8674,1147,8,move,7,53.8674,53.8759,0,0.088,0.439,0.264,0.176,0.527,0.088,-1.055,2.285,0.439,0.088,0.439,0.088,0.088,0.176,0.088,0.088,0.527,0.264,0.088,0.439,0.264,0.176,0.527,0.088,-1.055,1.805,0.439,0.088,0.439,0.088,0.088,0.176,0.088,0.088,0.527,0.264,0.006,2.4,11.90,31.0
53.9072,1148,8,move,7,53.9072,53.9157,0,0.088,0.439,0.264,0.176,0.527,0.088,-1.055,2.021,0.439,0.088,0.439,0.088,0.088,0.176,0.088,0.088,0.527,0.264,0.088,0.439,0.264,0.176,0.527,0.088,-1.055,1.633,0.439,0.088,0.439,0.088,0.088,0.176,0.088,0.088,0.527,0.264,0.006,2.8,11.90,31.0
53.9472,1149,8,move,7,53.9472,53.9553,0,0.088,0.439,0.264,0.176,0.527,0.088,-1.055,1.934,0.439,0.088,0.439,0.088,0.088,0.176,0.088,0.088,0.527,0.264,0.088,0.439,0.264,0.176,0.527,0.088,-1.055,1.439,0.439,0.088,0.439,0.088,0.088,0.176,0.088,0.088,0.527,0.264,0.006,2.8,11.90,31.0
53.9874,1150,8,move,7,53.9874,53.9957,0,0.088,0.439,0.264,0.176,0.527,0.088,-1.055,1.758,0.439,0.088,0.439,0.088,0.088,0.176,0.088,0.088,0.527,0.264,0.088,0.439,0.264,0.176,0.527,0.088,-1.055,1.227,0.439,0.088,0.439,0.088,0.088,0.176,0.088,0.088,0.527,0.264,0.006,2.8,11.90,31.0
54.0274,1151,8,move,7,54.0274,54.0359,0,0.088,0.439,0.264,0.176,0.527,0.088,-1.055,1.494,0.439,0.088,0.439,0.088,0.088,0.176,0.088,0.088,0.527,0.264,0.088,0.439,0.264,0.176,0.527,0.088,-1.055,1.000,0.439,0.088,0.439,0.088,0.088,0.176,0.088,0.088,0.527,0.264,0.013,4.0,11.90,31.0
54.0674,1152,8,move,7,54.0674,54.0759,0,0.088,0.439,0.264,0.176,0.527,0.088,-1.055,1.494,0.439,0.088,0.439,0.088,0.088,0.176,0.088,0.088,0.527,0.264,0.088,0.439,0.264,0.176,0.527,0.088,-1.055,0.761,0.439,0.088,0.439,0.088,0.088,0.176,0.088,0.088,0.527,0.264,0.013,4.0,11.90,31.0
54.1071,1153,8,move,7,54.1071,54.1157,0,0.088,0.439,0.264,0.176,0.527,0.088,-1.055,1.143,0.439,0.088,0.439,0.088,0.088,0.176,0.088,0.088,0.527,0.264,0.088,0.439,0.264,0.176,0.527,0.088,-1.055,0.514,0.439,0.088,0.439,0.088,0.088,0.176,0.088,0.088,0.527,0.264,0.013,4.0,11.90,31.0
54.1472,1154,8,move,7,54.1472,54.1556,0,0.088,0.439,0.264,0.176,0.527,0.088,-1.055,0.967,0.439,0.088,0.439,0.088,0.088,0.176,0.088,0.088,0.527,0.264,0.088,0.439,0.264,0.176,0.527,0.088,-1.055,0.264,0.439,0.088,0.439,0.088,0.088,0.176,0.088,0.088,0.527,0.264,0.019,5.6,11.90,31.0
54.1872,1155,8,move,7,54.1872,54.1959,0,0.088,0.439,0.264,0.176,0.527,0.088,-1.055,0.703,0.439,0.088,0.439,0.088,0.088,0.176,0.088,0.088,0.527,0.264,0.088,0.439,0.264,0.176,0.527,0.088,-1.055,0.013,0.439,0.088,0.439,0.088,0.088,0.176,0.088,0.088,0.527,0.264,0.019,5.6,11.90,31.0
54.2273,1156,8,move,7,54.2273,54.2361,0,0.088,0.439,0.264,0.176,0.527,0.088,-1.055,0.439,0.439,0.088,0.439,0.088,0.088,0.176,0.088,0.088,0.527,0.264,0.088,0.439,0.264,0.176,0.527,0.088,-1.055,-0.234,0.439,0.088,0.439,0.088,0.088,0.176,0.088,0.088,0.527,0.264,0.019,5.6,11.90,31.0
54.2672,1157,8,move,7,54.2672,54.2746,0,0.088,0.439,0.264,0.176,0.527,0.088,-1.055,0.176,0.439,0.088,0.439,0.088,0.088,0.176,0.088,0.088,0.527,0.264,0.088,0.439,0.264,0.176,0.527,0.088,-1.055,-0.473,0.439,0.088,0.439,0.088,0.088,0.176,0.088,0.088,0.527,0.264,0.019,4.0,11.90,31.0
54.3072,1158,8,move,7,54.3072,54.3145,0,0.088,0.439,0.264,0.176,0.527,0.088,-1.055,-0.088,0.439,0.088,0.439,0.088,0.088,0.176,0.088,0.088,0.527,0.264,0.088,0.439,0.264,0.176,0.527,0.088,-1.055,-0.700,0.439,0.088,0.439,0.088,0.088,0.176,0.088,0.088,0.527,0.264,0.019,4.0,11.90,31.0
54.3473,1159,8,move,7,54.3473,54.3553,0,0.088,0.439,0.264,0.176,0.527,0.088,-1.055,-0.264,0.439,0.088,0.439,0.088,0.088,0.176,0.088,0.088,0.527,0.264,0.088,0.439,0.264,0.176,0.527,0.088,-1.055,-0.912,0.439,0.088,0.439,0.088,0.088,0.176,0.088,0.088,0.527,0.264,0.019,4.0,11.90,31.0
54.3874,1160,8,move,7,54.3874,54.3957,0,0.088,0.439,0.264,0.176,0.527,0.088,-1.055,-0.527,0.439,0.088,0.439,0.088,0.088,0.176,0.088,0.088,0.527,0.264,0.088,0.439,0.264,0.176,0.527,0.088,-1.055,-1.105,0.439,0.088,0.439,0.088,0.088,0.176,0.088,0.088,0.527,0.264,0.019,4.8,11.90,31.0
54.4272,1161,8,move,7,54.4272,54.4359,0,0.088,0.439,0.264,0.176,0.527,0.088,-1.055,-0.703,0.439,0.088,0.439,0.088,0.088,0.176,0.088,0.088,0.527,0.264,0.088,0.439,0.264,0.176,0.527,0.088,-1.055,-1.277,0.439,0.088,0.439,0.088,0.088,0.176,0.088,0.088,0.527,0.264,0.019,4.8,11.90,31.0
54.4672,1162,8,move,7,54.4672,54.4757,0,0.088,0.439,0.264,0.176,0.527,0.088,-1.055,-0.967,0.439,0.088,0.439,0.088,0.088,0.176,0.088,0.088,0.527,0.264,0.088,0.439,0.264,0.176,0.527,0.088,-1.055,-1.425,0.439,0.088,0.439,0.088,0.088,0.176,0.088,0.088,0.527,0.264,0.019,4.8,11.90,31.0
54.5071,1163,8,move,7,54.5071,54.5159,0,0.088,0.439,0.264,0.176,0.527,0.088,-1.055,-1.143,0.439,0.088,0.439,0.088,0.088,0.176,0.088,0.088,0.527,0.264,0.088,0.439,0.264,0.176,0.527,0.088,-1.055,-1.546,0.439,0.088,0.439,0.088,0.088,0.176,0.088,0.088,0.527,0.264,0.013,3.2,11.90,31.0
54.5472,1164,8,move,7,54.5472,54.5560,0,0.088,0.439,0.264,0.176,0.527,0.088,-1.055,-1.143,0.439,0.088,0.439,0.088,0.088,0.176,0.088,0.088,0.527,0.264,0.088,0.439,0.264,0.176,0.527,0.088,-1.055,-1.638,0.439,0.088,0.439,0.088,0.088,0.176,0.088,0.088,0.527,0.264,0.013,3.2,11.90,31.0
54.5871,1165,8,move,7,54.5871,54.5958,0,0.088,0.439,0.264,0.176,0.527,0.088,-1.055,-1.406,0.439,0.088,0.439,0.088,0.088,0.176,0.088,0.088,0.527,0.264,0.088,0.439,0.264,0.176,0.527,0.088,-1.055,-1.701,0.439,0.088,0.439,0.088,0.088,0.176,0.088,0.088,0.527,0.264,0.013,3.2,11.90,31.0
54.6282,1166,8,move,7,54.6282,54.6365,0,0.088,0.439,0.264,0.176,0.527,0.088,-1.055,-1.494,0.439,0.088,0.439,0.088,0.088,0.176,0.088,0.088,0.527,0.264,0.088,0.439,0.264,0.176,0.527,0.088,-1.055,-1.732,0.439,0.088,0.439,0.088,0.088,0.176,0.088,0.088,0.527,0.264,0.013,2.8,11.90,31.0
54.6672,1167,8,move,7,54.6672,54.6754,0,0.088,0.439,0.264,0.176,0.527,0.088,-1.055,-1.494,0.439,0.088,0.439,0.088,0.088,0.176,0.088,0.088,0.527,0.264,0.088,0.439,0.264,0.176,0.527,0.088,-1.055,-1.732,0.439,0.088,0.439,0.088,0.088,0.176,0.088,0.088,0.527,0.264,0.013,2.8,11.90,31.0
54.7072,1168,8,move,7,54.7072,54.7157,0,0.088,0.439,0.264,0.176,0.527,0.088,-1.055,-1.494,0.439,0.088,0.439,0.088,0.088,0.176,0.088,0.088,0.527,0.264,0.088,0.439,0.264,0.176,0.527,0.088,-1.055,-1.701,0.439,0.088,0.439,0.088,0.088,0.176,0.088,0.088,0.527,0.264,0.013,2.8,11.90,31.0
54.7485,1169,8,move,7,54.7485,54.7566,0,0.088,0.439,0.264,0.176,0.527,0.088,-1.055,-1.494,0.439,0.088,0.439,0.088,0.088,0.176,0.088,0.088,0.527,0.264,0.088,0.439,0.264,0.176,0.527,0.088,-1.055,-1.638,0.439,0.088,0.439,0.088,0.088,0.176,0.088,0.088,0.527,0.264,0.006,2.0,12.00,31.0
54.7871,1170,8,move,7,54.7871,54.7952,0,0.088,0.439,0.264,0.176,0.527,0.088,-1.055,-1.494,0.439,0.088,0.439,0.088,0.088,0.176,0.088,0.088,0.527,0.264,0.088,0.439,0.264,0.176,0.527,0.088,-1.055,-1.546,0.439,0.088,0.439,0.088,0.088,0.176,0.088,0.088,0.527,0.264,0.006,2.0,12.00,31.0
54.8272,1171,8,move,7,54.8272,54.8357,0,0.088,0.439,0.264,0.176,0.527,0.088,-1.055,-1.494,0.439,0.088,0.439,0.088,0.088,0.176,0.088,0.088,0.527,0.264,0.088,0.439,0.264,0.176,0.527,0.088,-1.055,-1.425,0.439,0.088,0.439,0.088,0.088,0.176,0.088,0.088,0.527,0.264,0.006,2.0,12.00,31.0
54.8671,1172,8,move,7,54.8671,54.8757,0,0.088,0.439,0.264,0.176,0.527,0.088,-1.055,-1.406,0.439,0.088,0.439,0.088,0.088,0.176,0.088,0.088,0.527,0.264,0.088,0.439,0.264,0.176,0.527,0.088,-1.055,-1.277,0.439,0.088,0.439,0.088,0.088,0.176,0.088,0.088,0.527,0.264,0.000,2.0,11.90,31.0
54.9072,1173,8,move,7,54.9072,54.9158,0,0.088,0.439,0.264,0.176,0.527,0.088,-1.055,-1.143,0.439,0.088,0.439,0.088,0.088,0.176,0.088,0.088,0.527,0.264,0.088,0.439,0.264,0.176,0.527,0.088,-1.055,-1.105,0.439,0.088,0.439,0.088,0.088,0.176,0.088,0.088,0.527,0.264,0.000,2.0,11.90,31.0
54.9472,1174,8,move,7,54.9472,54.9558,0,0.088,0.439,0.264,0.176,0.527,0.088,-1.055,-1.143,0.439,0.088,0.439,0.088,0.088,0.176,0.088,0.088,0.527,0.264,0.088,0.439,0.264,0.176,0.527,0.088,-1.055,-0.912,0.439,0.088,0.439,0.088,0.088,0.176,0.088,0.088,0.527,0.264,0.000,2.0,11.90,31.0
54.9872,1175,8,move,7,54.9872,54.9950,0,0.088,0.439,0.264,0.176,0.527,0.088,-1.055,-0.967,0.439,0.088,0.439,0.088,0.088,0.176,0.088,0.088,0.527,0.264,0.088,0.439,0.264,0.176,0.527,0.088,-1.055,-0.700,0.439,0.088,0.439,0.088,0.088,0.176,0.088,0.088,0.527,0.264,0.000,0.0,11.90,31.0
55.0274,1176,8,move,7,55.0274,55.0360,0,0.088,0.439,0.264,0.176,0.527,0.088,-1.055,-0.967,0.439,0.088,0.439,0.088,0.088,0.176,0.088,0.088,0.527,0.264,0.088,0.439,0.264,0.176,0.527,0.088,-1.055,-0.473,0.439,0.088,0.439,0.088,0.088,0.176,0.088,0.088,0.527,0.264,0.000,0.0,11.90,31.0
55.0671,1177,8,move,7,55.0671,55.0757,0,0.088,0.439,0.264,0.176,0.527,0.088,-1.055,-0.615,0.439,0.088,0.439,0.088,0.088,0.176,0.088,0.088,0.527,0.264,0.088,0.439,0.264,0.176,0.527,0.088,-1.055,-0.234,0.439,0.088,0.439,0.088,0.088,0.176,0.088,0.088,0.527,0.264,0.000,0.0,11.90,31.0
55.1072,1178,8,move,7,55.1072,55.1158,0,0.088,0.439,0.264,0.176,0.527,0.088,-1.055,-0.439,0.439,0.088,0.439,0.088,0.088,0.176,0.088,0.088,0.527,0.264,0.088,0.439,0.264,0.176,0.527,0.088,-1.055,0.013,0.439,0.088,0.439,0.088,0.088,0.176,0.088,0.088,0.527,0.264,0.006,2.0,11.90,31.0
55.1472,1179,8,rest,7,55.1472,55.1558,0,0.088,0.439,0.264,0.176,0.527,0.088,-1.055,-0.264,0.439,0.088,0.439,0.088,0.088,0.176,0.088,0.088,0.527,0.264,0.088,0.439,0.264,0.176,0.527,0.088,-1.055,0.264,0.439,0.088,0.439,0.088,0.088,0.176,0.088,0.088,0.527,0.264,0.006,2.0,11.90,31.0
55.1874,1180,8,rest,7,55.1874,55.1959,0,0.088,0.439,0.264,0.176,0.527,0.088,-1.055,0.088,0.439,0.088,0.439,0.088,0.088,0.176,0.088,0.088,0.527,0.264,0.088,0.439,0.264,0.176,0.527,0.088,-1.055,0.264,0.439,0.088,0.439,0.088,0.088,0.176,0.088,0.088,0.527,0.264,0.006,2.0,11.90,31.0
55.2272,1181,8,rest,7,55.2272,55.2355,0,0.088,0.439,0.264,0.176,0.527,0.088,-1.055,0.176,0.439,0.088,0.439,0.088,0.088,0.176,0.088,0.088,0.527,0.264,0.088,0.439,0.264,0.176,0.527,0.088,-1.055,0.264,0.439,0.088,0.439,0.088,0.088,0.176,0.088,0.088,0.527,0.264,0.000,0.0,11.90,31.0
55.2671,1182,8,rest,7,55.2671,55.2758,0,0.088,0.439,0.264,0.176,0.527,0.088,-1.055,0.176,0.439,0.088,0.439,0.088,0.088,0.176,0.088,0.088,0.527,0.264,0.088,0.439,0.264,0.176,0.527,0.088,-1.055,0.264,0.439,0.088,0.439,0.088,0.088,0.176,0.088,0.088,0.527,0.264,0.000,0.0,11.90,31.0
55.3071,1183,8,rest,7,55.3071,55.3158,0,0.088,0.439,0.264,0.176,0.527,0.088,-1.055,0.176,0.439,0.088,0.439,0.088,0.088,0.176,0.088,0.088,0.527,0.264,0.088,0.439,0.264,0.176,0.527,0.088,-1.055,0.264,0.439,0.088,0.439,0.088,0.088,0.176,0.088,0.088,0.527,0.264,0.000,0.0,11.90,31.0
55.3474,1184,8,rest,7,55.3474,55.3561,0,0.088,0.439,0.264,0.176,0.527,0.088,-1.055,0.176,0.439,0.088,0.439,0.088,0.088,0.176,0.088,0.088,0.527,0.264,0.088,0.439,0.264,0.176,0.527,0.088,-1.055,0.264,0.439,0.088,0.439,0.088,0.088,0.176,0.088,0.088,0.527,0.264,0.000,0.0,11.90,31.0
55.3871,1185,8,rest,7,55.3871,55.3957,0,0.088,0.439,0.264,0.176,0.527,0.088,-1.055,0.176,0.439,0.088,0.439,0.088,0.088,0.176,0.088,0.088,0.527,0.264,0.088,0.439,0.264,0.176,0.527,0.088,-1.055,0.264,0.439,0.088,0.439,0.088,0.088,0.176,0.088,0.088,0.527,0.264,0.000,0.0,11.90,31.0
55.4271,1186,8,rest,7,55.4271,55.4353,0,0.088,0.439,0.264,0.176,0.527,0.088,-1.055,0.176,0.439,0.088,0.439,0.088,0.088,0.176,0.088,0.088,0.527,0.264,0.088,0.439,0.264,0.176,0.527,0.088,-1.055,0.264,0.439,0.088,0.439,0.088,0.088,0.176,0.088,0.088,0.527,0.264,0.000,0.0,11.90,31.0
55.4671,1187,8,rest,7,55.4671,55.4758,0,0.088,0.439,0.264,0.176,0.527,0.088,-1.055,0.176,0.439,0.088,0.439,0.088,0.088,0.176,0.088,0.088,0.527,0.264,0.088,0.439,0.264,0.176,0.527,0.088,-1.055,0.264,0.439,0.088,0.439,0.088,0.088,0.176,0.088,0.088,0.527,0.264,0.000,0.0,11.90,31.0
55.5074,1188,8,rest,7,55.5074,55.5159,0,0.088,0.439,0.264,0.176,0.527,0.088,-1.055,0.176,0.439,0.088,0.439,0.088,0.088,0.176,0.088,0.088,0.527,0.264,0.088,0.439,0.264,0.176,0.527,0.088,-1.055,0.264,0.439,0.088,0.439,0.088,0.088,0.176,0.088,0.088,0.527,0.264,0.000,0.0,11.90,31.0
55.5472,1189,8,rest,7,55.5472,55.5558,0,0.088,0.439,0.264,0.176,0.527,0.088,-1.055,0.176,0.439,0.088,0.439,0.088,0.088,0.176,0.088,0.088,0.527,0.264,0.088,0.439,0.264,0.176,0.527,0.088,-1.055,0.264,0.439,0.088,0.439,0.088,0.088,0.176,0.088,0.088,0.527,0.264,0.000,0.0,11.90,31.0
55.5871,1190,8,rest,7,55.5871,55.5957,0,0.088,0.439,0.264,0.176,0.527,0.088,-1.055,0.176,0.439,0.088,0.439,0.088,0.088,0.176,0.088,0.088,0.527,0.264,0.088,0.439,0.264,0.176,0.527,0.088,-1.055,0.264,0.439,0.088,0.439,0.088,0.088,0.176,0.088,0.088,0.527,0.264,0.000,0.0,11.90,31.0
55.6271,1191,8,rest,7,55.6271,55.6358,0,0.088,0.439,0.264,0.176,0.527,0.088,-1.055,0.176,0.439,0.088,0.439,0.088,0.088,0.176,0.088,0.088,0.527,0.264,0.088,0.439,0.264,0.176,0.527,0.088,-1.055,0.264,0.439,0.088,0.439,0.088,0.088,0.176,0.088,0.088,0.527,0.264,0.000,0.0,11.90,31.0
55.6672,1192,8,rest,7,55.6672,55.6757,0,0.088,0.439,0.264,0.176,0.527,0.088,-1.055,0.176,0.439,0.088,0.439,0.088,0.088,0.176,0.088,0.088,0.527,0.264,0.088,0.439,0.264,0.176,0.527,0.088,-1.055,0.264,0.439,0.088,0.439,0.088,0.088,0.176,0.088,0.088,0.527,0.264,0.000,0.0,11.90,31.0
55.7072,1193,8,rest,7,55.7072,55.7159,0,0.088,0.439,0.264,0.176,0.527,0.088,-1.055,0.176,0.439,0.088,0.439,0.088,0.088,0.176,0.088,0.088,0.527,0.264,0.088,0.439,0.264,0.176,0.527,0.088,-1.055,0.264,0.439,0.088,0.439,0.088,0.088,0.176,0.088,0.088,0.527,0.264,0.000,0.0,11.90,31.0
55.7474,1194,8,rest,7,55.7474,55.7560,0,0.088,0.439,0.264,0.176,0.527,0.088,-1.055,0.176,0.439,0.088,0.439,0.088,0.088,0.176,0.088,0.088,0.527,0.264,0.088,0.439,0.264,0.176,0.527,0.088,-1.055,0.264,0.439,0.088,0.439,0.088,0.088,0.176,0.088,0.088,0.527,0.264,0.000,0.0,11.90,31.0
55.7872,1195,8,rest,7,55.7872,55.7957,0,0.088,0.439,0.264,0.176,0.527,0.088,-1.055,0.176,0.439,0.088,0.439,0.088,0.088,0.176,0.088,0.088,0.527,0.264,0.088,0.439,0.264,0.176,0.527,0.088,-1.055,0.264,0.439,0.088,0.439,0.088,0.088,0.176,0.088,0.088,0.527,0.264,0.000,0.0,11.90,31.0
55.8274,1196,8,rest,7,55.8274,55.8361,0,0.088,0.439,0.264,0.176,0.527,0.088,-1.055,0.176,0.439,0.088,0.439,0.088,0.088,0.176,0.088,0.088,0.527,0.264,0.088,0.439,0.264,0.176,0.527,0.088,-1.055,0.264,0.439,0.088,0.439,0.088,0.088,0.176,0.088,0.088,0.527,0.264,0.000,0.0,11.90,31.0
55.8671,1197,8,rest,7,55.8671,55.8752,0,0.088,0.439,0.264,0.176,0.527,0.088,-1.055,0.176,0.439,0.088,0.439,0.088,0.088,0.176,0.088,0.088,0.527,0.264,0.088,0.439,0.264,0.176,0.527,0.088,-1.055,0.264,0.439,0.088,0.439,0.088,0.088,0.176,0.088,0.088,0.527,0.264,0.000,0.0,11.90,31.0
55.9072,1198,8,rest,7,55.9072,55.9154,0,0.088,0.439,0.264,0.176,0.527,0.088,-1.055,0.176,0.439,0.088,0.439,0.088,0.088,0.176,0.088,0.088,0.527,0.264,0.088,0.439,0.264,0.176,0.527,0.088,-1.055,0.264,0.439,0.088,0.439,0.088,0.088,0.176,0.088,0.088,0.527,0.264,0.000,0.0,11.90,31.0
55.9525,1199,9,pre,7,55.9525,55.9605,0,0.088,0.439,0.264,0.176,0.527,0.088,-1.055,0.176,0.439,0.088,0.439,0.088,0.088,0.176,0.088,0.088,0.527,0.264,0.088,0.439,0.264,0.176,0.527,0.088,-1.055,0.176,0.439,0.088,0.439,0.088,0.088,0.176,0.088,0.088,0.527,0.264,0.000,0.0,11.90,31.0
55.9872,1200,9,pre,7,55.9872,55.9952,0,0.088,0.439,0.264,0.176,0.527,0.088,-1.055,0.176,0.439,0.088,0.439,0.088,0.088,0.176,0.088,0.088,0.527,0.264,0.088,0.439,0.264,0.176,0.527,0.088,-1.055,0.176,0.439,0.088,0.439,0.088,0.088,0.176,0.088,0.088,0.527,0.264,0.000,0.0,11.90,31.0
56.0272,1201,9,pre,7,56.0272,56.0352,0,0.088,0.439,0.264,0.176,0.527,0.088,-1.055,0.176,0.439,0.088,0.439,0.088,0.088,0.176,0.088,0.088,0.527,0.264,0.088,0.439,0.264,0.176,0.527,0.088,-1.055,0.176,0.439,0.088,0.439,0.088,0.088,0.176,0.088,0.088,0.527,0.264,0.000,0.0,11.90,31.0
56.0672,1202,9,pre,7,56.0672,56.0748,0,0.088,0.439,0.264,0.176,0.527,0.088,-1.055,0.176,0.439,0.088,0.439,0.088,0.088,0.176,0.088,0.088,0.527,0.264,0.088,0.439,0.264,0.176,0.527,0.088,-1.055,0.176,0.439,0.088,0.439,0.088,0.088,0.176,0.088,0.088,0.527,0.264,0.000,0.0,11.90,31.0
56.1074,1203,9,pre,7,56.1074,56.1156,0,0.088,0.439,0.264,0.176,0.527,0.088,-1.055,0.176,0.439,0.088,0.439,0.088,0.088,0.176,0.088,0.088,0.527,0.264,0.088,0.439,0.264,0.176,0.527,0.088,-1.055,0.176,0.439,0.088,0.439,0.088,0.088,0.176,0.088,0.088,0.527,0.264,0.000,0.0,11.90,31.0
56.1472,1204,9,pre,7,56.1472,56.1559,0,0.088,0.439,0.264,0.176,0.527,0.088,-1.055,0.176,0.439,0.088,0.439,0.088,0.088,0.176,0.088,0.088,0.527,0.264,0.088,0.439,0.264,0.176,0.527,0.088,-1.055,0.176,0.439,0.088,0.439,0.088,0.088,0.176,0.088,0.088,0.527,0.264,0.000,0.0,11.90,31.0
56.1872,1205,9,pre,7,56.1872,56.1959,0,0.088,0.439,0.264,0.176,0.527,0.088,-1.055,0.176,0.439,0.088,0.439,0.088,0.088,0.176,0.088,0.088,0.527,0.264,0.088,0.439,0.264,0.176,0.527,0.088,-1.055,0.176,0.439,0.088,0.439,0.088,0.088,0.176,0.088,0.088,0.527,0.264,0.000,0.0,11.90,31.0
56.2274,1206,9,pre,7,56.2274,56.2358,0,0.088,0.439,0.264,0.176,0.527,0.088,-1.055,0.176,0.439,0.088,0.439,0.088,0.088,0.176,0.088,0.088,0.527,0.264,0.088,0.439,0.264,0.176,0.527,0.088,-1.055,0.176,0.439,0.088,0.439,0.088,0.088,0.176,0.088,0.088,0.527,0.264,0.000,0.0,11.90,31.0
56.2674,1207,9,pre,7,56.2674,56.2760,0,0.088,0.439,0.264,0.176,0.527,0.088,-1.055,0.176,0.439,0.088,0.439,0.088,0.088,0.176,0.088,0.088,0.527,0.264,0.088,0.439,0.264,0.176,0.527,0.088,-1.055,0.176,0.439,0.088,0.439,0.088,0.088,0.176,0.088,0.088,0.527,0.264,0.000,0.0,11.90,31.0
56.3071,1208,9,pre,7,56.3071,56.3159,0,0.088,0.439,0.264,0.176,0.527,0.088,-1.055,0.176,0.439,0.088,0.439,0.088,0.088,0.176,0.088,0.088,0.527,0.264,0.088,0.439,0.264,0.176,0.527,0.088,-1.055,0.176,0.439,0.088,0.439,0.088,0.088,0.176,0.088,0.088,0.527,0.264,0.000,0.0,11.90,31.0
56.3472,1209,9,pre,7,56.3472,56.3840,0,0.088,0.439,0.264,0.176,0.527,0.088,-1.055,0.176,0.439,0.088,0.439,0.088,0.088,0.176,0.088,0.088,0.527,0.264,0.088,0.439,0.264,0.176,0.527,0.088,-1.055,0.176,0.439,0.088,0.439,0.088,0.088,0.176,0.088,0.088,0.527,0.264,0.000,0.0,11.90,31.0
56.3871,1210,9,pre,7,56.3871,56.3950,0,0.088,0.439,0.264,0.176,0.527,0.088,-1.055,0.176,0.439,0.088,0.439,0.088,0.088,0.176,0.088,0.088,0.527,0.264,0.088,0.439,0.264,0.176,0.527,0.088,-1.055,0.176,0.439,0.088,0.439,0.088,0.088,0.176,0.088,0.088,0.527,0.264,0.000,0.0,11.90,31.0
56.4271,1211,9,pre,7,56.4271,56.4356,0,0.088,0.439,0.264,0.176,0.527,0.088,-1.055,0.176,0.439,0.088,0.439,0.088,0.088,0.176,0.088,0.088,0.527,0.264,0.088,0.439,0.264,0.176,0.527,0.088,-1.055,0.176,0.439,0.088,0.439,0.088,0.088,0.176,0.088,0.088,0.527,0.264,0.000,0.0,11.90,31.0
56.4672,1212,9,pre,7,56.4672,56.4758,0,0.088,0.439,0.264,0.176,0.527,0.088,-1.055,0.176,0.439,0.088,0.439,0.088,0.088,0.176,0.088,0.088,0.527,0.264,0.088,0.439,0.264,0.176,0.527,0.088,-1.055,0.176,0.439,0.088,0.439,0.088,0.088,0.176,0.088,0.088,0.527,0.264,0.000,0.0,11.90,31.0
56.5072,1213,9,pre,7,56.5072,56.5158,0,0.088,0.439,0.264,0.176,0.527,0.088,-1.055,0.176,0.439,0.088,0.439,0.088,0.088,0.176,0.088,0.088,0.527,0.264,0.088,0.439,0.264,0.176,0.527,0.088,-1.055,0.176,0.439,0.088,0.439,0.088,0.088,0.176,0.088,0.088,0.527,0.264,0.000,0.0,11.90,31.0
56.5472,1214,9,move,7,56.5472,56.5558,0,0.088,0.439,0.264,0.176,0.527,0.088,-1.055,0.176,0.439,0.088,0.439,0.088,0.088,0.176,0.088,0.088,0.527,0.264,0.088,0.439,0.264,0.176,0.527,0.088,-1.055,0.176,0.439,0.088,0.439,0.088,0.088,0.176,0.088,0.088,0.527,0.264,0.000,0.0,11.90,31.0
56.5874,1215,9,move,7,56.5874,56.5960,0,0.088,0.439,0.264,0.176,0.527,0.088,-1.055,0.176,0.439,0.088,0.439,0.088,0.088,0.176,0.088,0.088,0.527,0.264,0.088,0.439,0.264,0.176,0.527,0.088,-1.055,0.673,0.439,0.088,0.439,0.088,0.088,0.176,0.088,0.088,0.527,0.264,0.000,0.0,11.90,31.0
56.6274,1216,9,move,7,56.6274,56.6360,0,0.088,0.439,0.264,0.176,0.527,0.088,-1.055,0.176,0.439,0.088,0.439,0.088,0.088,0.176,0.088,0.088,0.527,0.264,0.088,0.439,0.264,0.176,0.527,0.088,-1.055,1.139,0.439,0.088,0.439,0.088,0.088,0.176,0.088,0.088,0.527,0.264,0.000,0.0,11.90,31.0
56.6674,1217,9,move,7,56.6674,56.6762,0,0.088,0.439,0.264,0.176,0.527,0.088,-1.055,0.791,0.439,0.088,0.439,0.088,0.088,0.176,0.088,0.088,0.527,0.264,0.088,0.439,0.264,0.176,0.527,0.088,-1.055,1.545,0.439,0.088,0.439,0.088,0.088,0.176,0.088,0.088,0.527,0.264,0.006,2.0,11.90,31.0
56.7072,1218,9,move,7,56.7072,56.7150,0,0.088,0.439,0.264,0.176,0.527,0.088,-1.055,1.143,0.439,0.088,0.439,0.088,0.088,0.176,0.088,0.088,0.527,0.264,0.088,0.439,0.264,0.176,0.527,0.088,-1.055,1.864,0.439,0.088,0.439,0.088,0.088,0.176,0.088,0.088,0.527,0.264,0.006,2.0,11.90,31.0
56.7472,1219,9,move,7,56.7472,56.7552,0,0.088,0.439,0.264,0.176,0.527,0.088,-1.055,1.670,0.439,0.088,0.439,0.088,0.088,0.176,0.088,0.088,0.527,0.264,0.088,0.439,0.264,0.176,0.527,0.088,-1.055,2.078,0.439,0.088,0.439,0.088,0.088,0.176,0.088,0.088,0.527,0.264,0.006,2.0,11.90,31.0
56.7872,1220,9,move,7,56.7872,56.7953,0,0.088,0.439,0.264,0.176,0.527,0.088,-1.055,1.934,0.439,0.088,0.439,0.088,0.088,0.176,0.088,0.088,0.527,0.264,0.088,0.439,0.264,0.176,0.527,0.088,-1.055,2.172,0.439,0.088,0.439,0.088,0.088,0.176,0.088,0.088,0.527,0.264,0.000,0.0,11.90,31.0
56.8271,1221,9,move,7,56.8271,56.8352,0,0.088,0.439,0.264,0.176,0.527,0.088,-1.055,2.021,0.439,0.088,0.439,0.088,0.088,0.176,0.088,0.088,0.527,0.264,0.088,0.439,0.264,0.176,0.527,0.088,-1.055,2.140,0.439,0.088,0.439,0.088,0.088,0.176,0.088,0.088,0.527,0.264,0.000,0.0,11.90,31.0
56.8672,1222,9,move,7,56.8672,56.8755,0,0.088,0.439,0.264,0.176,0.527,0.088,-1.055,2.109,0.439,0.088,0.439,0.088,0.088,0.176,0.088,0.088,0.527,0.264,0.088,0.439,0.264,0.176,0.527,0.088,-1.055,1.985,0.439,0.088,0.439,0.088,0.088,0.176,0.088,0.088,0.527,0.264,0.000,0.0,11.90,31.0
56.9074,1223,9,move,7,56.9074,56.9156,0,0.088,0.439,0.264,0.176,0.527,0.088,-1.055,2.109,0.439,0.088,0.439,0.088,0.088,0.176,0.088,0.088,0.527,0.264,0.088,0.439,0.264,0.176,0.527,0.088,-1.055,1.717,0.439,0.088,0.439,0.088,0.088,0.176,0.088,0.088,0.527,0.264,0.006,2.4,11.90,31.0
56.9472,1224,9,move,7,56.9472,56.9552,0,0.088,0.439,0.264,0.176,0.527,0.088,-1.055,2.109,0.439,0.088,0.439,0.088,0.088,0.176,0.088,0.088,0.527,0.264,0.088,0.439,0.264,0.176,0.527,0.088,-1.055,1.351,0.439,0.088,0.439,0.088,0.088,0.176,0.088,0.088,0.527,0.264,0.006,2.4,11.90,31.0
56.9872,1225,9,move,7,56.9872,56.9956,0,0.088,0.439,0.264,0.176,0.527,0.088,-1.055,1.758,0.439,0.088,0.439,0.088,0.088,0.176,0.088,0.088,0.527,0.264,0.088,0.439,0.264,0.176,0.527,0.088,-1.055,0.912,0.439,0.088,0.439,0.088,0.088,0.176,0.088,0.088,0.527,0.264,0.006,2.4,11.90,31.0
57.0274,1226,9,move,7,57.0274,57.0355,0,0.088,0.439,0.264,0.176,0.527,0.088,-1.055,1.494,0.439,0.088,0.439,0.088,0.088,0.176,0.088,0.088,0.527,0.264,0.088,0.439,0.264,0.176,0.527,0.088,-1.055,0.426,0.439,0.088,0.439,0.088,0.088,0.176,0.088,0.088,0.527,0.264,0.026,6.0,11.90,31.0
57.0672,1227,9,move,7,57.0672,57.0753,0,0.088,0.439,0.264,0.176,0.527,0.088,-1.055,1.143,0.439,0.088,0.439,0.088,0.088,0.176,0.088,0.088,0.527,0.264,0.088,0.439,0.264,0.176,0.527,0.088,-1.055,-0.075,0.439,0.088,0.439,0.088,0.088,0.176,0.088,0.088,0.527,0.264,0.026,6.0,11.90,31.0
57.1072,1228,9,move,7,57.1072,57.1152,0,0.088,0.439,0.264,0.176,0.527,0.088,-1.055,0.703,0.439,0.088,0.439,0.088,0.088,0.176,0.088,0.088,0.527,0.264,0.088,0.439,0.264,0.176,0.527,0.088,-1.055,-0.560,0.439,0.088,0.439,0.088,0.088,0.176,0.088,0.088,0.527,0.264,0.026,6.0,11.90,31.0
57.1474,1229,9,move,7,57.1474,57.1556,0,0.088,0.439,0.264,0.176,0.527,0.088,-1.055,0.176,0.439,0.088,0.439,0.088,0.088,0.176,0.088,0.088,0.527,0.264,0.088,0.439,0.264,0.176,0.527,0.088,-1.055,-1.000,0.439,0.088,0.439,0.088,0.088,0.176,0.088,0.088,0.527,0.264,0.019,6.8,11.90,31.0
57.1872,1230,9,move,7,57.1872,57.1956,0,0.088,0.439,0.264,0.176,0.527,0.088,-1.055,-0.352,0.439,0.088,0.439,0.088,0.088,0.176,0.088,0.088,0.527,0.264,0.088,0.439,0.264,0.176,0.527,0.088,-1.055,-1.365,0.439,0.088,0.439,0.088,0.088,0.176,0.088,0.088,0.527,0.264,0.019,6.8,11.90,31.0
57.2274,1231,9,move,7,57.2274,57.2356,0,0.088,0.439,0.264,0.176,0.527,0.088,-1.055,-0.703,0.439,0.088,0.439,0.088,0.088,0.176,0.088,0.088,0.527,0.264,0.088,0.439,0.264,0.176,0.527,0.088,-1.055,-1.634,0.439,0.088,0.439,0.088,0.088,0.176,0.088,0.088,0.527,0.264,0.019,6.8,11.90,31.0
57.2672,1232,9,move,7,57.2672,57.2750,0,0.088,0.439,0.264,0.176,0.527,0.088,-1.055,-1.143,0.439,0.088,0.439,0.088,0.088,0.176,0.088,0.088,0.527,0.264,0.088,0.439,0.264,0.176,0.527,0.088,-1.055,-1.789,0.439,0.088,0.439,0.088,0.088,0.176,0.088,0.088,0.527,0.264,0.019,5.6,11.90,31.0
57.3072,1233,9,move,7,57.3072,57.3152,0,0.088,0.439,0.264,0.176,0.527,0.088,-1.055,-1.494,0.439,0.088,0.439,0.088,0.088,0.176,0.088,0.088,0.527,0.264,0.088,0.439,0.264,0.176,0.527,0.088,-1.055,-1.820,0.439,0.088,0.439,0.088,0.088,0.176,0.088,0.088,0.527,0.264,0.019,5.6,11.90,31.0
57.3472,1234,9,move,7,57.3472,57.3552,0,0.088,0.439,0.264,0.176,0.527,0.088,-1.055,-1.582,0.439,0.088,0.439,0.088,0.088,0.176,0.088,0.088,0.527,0.264,0.088,0.439,0.264,0.176,0.527,0.088,-1.055,-1.726,0.439,0.088,0.439,0.088,0.088,0.176,0.088,0.088,0.527,0.264,0.019,5.6,11.90,31.0
57.3872,1235,9,move,7,57.3872,57.3953,0,0.088,0.439,0.264,0.176,0.527,0.088,-1.055,-1.582,0.439,0.088,0.439,0.088,0.088,0.176,0.088,0.088,0.527,0.264,0.088,0.439,0.264,0.176,0.527,0.088,-1.055,-1.513,0.439,0.088,0.439,0.088,0.088,0.176,0.088,0.088,0.527,0.264,0.006,2.4,11.90,31.0
57.4272,1236,9,move,7,57.4272,57.4354,0,0.088,0.439,0.264,0.176,0.527,0.088,-1.055,-1.582,0.439,0.088,0.439,0.088,0.088,0.176,0.088,0.088,0.527,0.264,0.088,0.439,0.264,0.176,0.527,0.088,-1.055,-1.193,0.439,0.088,0.439,0.088,0.088,0.176,0.088,0.088,0.527,0.264,0.006,2.4,11.90,31.0
57.4674,1237,9,move,7,57.4674,57.4756,0,0.088,0.439,0.264,0.176,0.527,0.088,-1.055,-1.406,0.439,0.088,0.439,0.088,0.088,0.176,0.088,0.088,0.527,0.264,0.088,0.439,0.264,0.176,0.527,0.088,-1.055,-0.788,0.439,0.088,0.439,0.088,0.088,0.176,0.088,0.088,0.527,0.264,0.006,2.4,11.90,31.0
57.5074,1238,9,move,7,57.5074,57.5154,0,0.088,0.439,0.264,0.176,0.527,0.088,-1.055,-1.143,0.439,0.088,0.439,0.088,0.088,0.176,0.088,0.088,0.527,0.264,0.088,0.439,0.264,0.176,0.527,0.088,-1.055,-0.322,0.439,0.088,0.439,0.088,0.088,0.176,0.088,0.088,0.527,0.264,0.006,2.0,11.90,31.0
57.5471,1239,9,move,7,57.5471,57.5552,0,0.088,0.439,0.264,0.176,0.527,0.088,-1.055,-0.791,0.439,0.088,0.439,0.088,0.088,0.176,0.088,0.088,0.527,0.264,0.088,0.439,0.264,0.176,0.527,0.088,-1.055,0.176,0.439,0.088,0.439,0.088,0.088,0.176,0.088,0.088,0.527,0.264,0.006,2.0,11.90,31.0
57.5872,1240,9,move,7,57.5872,57.5953,0,0.088,0.439,0.264,0.176,0.527,0.088,-1.055,-0.264,0.439,0.088,0.439,0.088,0.088,0.176,0.088,0.088,0.527,0.264,0.088,0.439,0.264,0.176,0.527,0.088,-1.055,0.673,0.439,0.088,0.439,0.088,0.088,0.176,0.088,0.088,0.527,0.264,0.006,2.0,11.90,31.0
57.6274,1241,9,move,7,57.6274,57.6354,0,0.088,0.439,0.264,0.176,0.527,0.088,-1.055,0.176,0.439,0.088,0.439,0.088,0.088,0.176,0.088,0.088,0.527,0.264,0.088,0.439,0.264,0.176,0.527,0.088,-1.055,1.139,0.439,0.088,0.439,0.088,0.088,0.176,0.088,0.088,0.527,0.264,0.006,2.4,11.90,31.0
57.6672,1242,9,move,7,57.6672,57.6750,0,0.088,0.439,0.264,0.176,0.527,0.088,-1.055,0.703,0.439,0.088,0.439,0.088,0.088,0.176,0.088,0.088,0.527,0.264,0.088,0.439,0.264,0.176,0.527,0.088,-1.055,1.545,0.439,0.088,0.439,0.088,0.088,0.176,0.088,0.088,0.527,0.264,0.006,2.4,11.90,31.0
57.7075,1243,9,move,7,57.7075,57.7147,0,0.088,0.439,0.264,0.176,0.527,0.088,-1.055,1.143,0.439,0.088,0.439,0.088,0.088,0.176,0.088,0.088,0.527,0.264,0.088,0.439,0.264,0.176,0.527,0.088,-1.055,1.864,0.439,0.088,0.439,0.088,0.088,0.176,0.088,0.088,0.527,0.264,0.006,2.4,11.90,31.0
57.7472,1244,9,move,7,57.7472,57.7572,0,0.088,0.439,0.264,0.176,0.527,0.088,-1.055,1.582,0.439,0.088,0.439,0.088,0.088,0.176,0.088,0.088,0.527,0.264,0.088,0.439,0.264,0.176,0.527,0.088,-1.055,2.078,0.439,0.088,0.439,0.088,0.088,0.176,0.088,0.088,0.527,0.264,0.006,2.0,11.90,31.0
57.7874,1245,9,move,7,57.7874,57.7958,0,0.088,0.439,0.264,0.176,0.527,0.088,-1.055,1.846,0.439,0.088,0.439,0.088,0.088,0.176,0.088,0.088,0.527,0.264,0.088,0.439,0.264,0.176,0.527,0.088,-1.055,2.172,0.439,0.088,0.439,0.088,0.088,0.176,0.088,0.088,0.527,0.264,0.006,2.0,11.90,31.0
57.8272,1246,9,move,7,57.8272,57.8352,0,0.088,0.439,0.264,0.176,0.527,0.088,-1.055,2.109,0.439,0.088,0.439,0.088,0.088,0.176,0.088,0.088,0.527,0.264,0.088,0.439,0.264,0.176,0.527,0.088,-1.055,2.140,0.439,0.088,0.439,0.088,0.088,0.176,0.088,0.088,0.527,0.264,0.006,2.0,11.90,31.0
57.8672,1247,9,move,7,57.8672,57.8752,0,0.088,0.439,0.264,0.176,0.527,0.088,-1.055,2.109,0.439,0.088,0.439,0.088,0.088,0.176,0.088,0.088,0.527,0.264,0.088,0.439,0.264,0.176,0.527,0.088,-1.055,1.985,0.439,0.088,0.439,0.088,0.088,0.176,0.088,0.088,0.527,0.264,0.000,0.0,11.90,31.0
57.9072,1248,9,move,7,57.9072,57.9154,0,0.088,0.439,0.264,0.176,0.527,0.088,-1.055,2.109,0.439,0.088,0.439,0.088,0.088,0.176,0.088,0.088,0.527,0.264,0.088,0.439,0.264,0.176,0.527,0.088,-1.055,1.717,0.439,0.088,0.439,0.088,0.088,0.176,0.088,0.088,0.527,0.264,0.000,0.0,11.90,31.0
57.9474,1249,9,move,7,57.9474,57.9556,0,0.088,0.439,0.264,0.176,0.527,0.088,-1.055,2.109,0.439,0.088,0.439,0.088,0.088,0.176,0.088,0.088,0.527,0.264,0.088,0.439,0.264,0.176,0.527,0.088,-1.055,1.351,0.439,0.088,0.439,0.088,0.088,0.176,0.088,0.088,0.527,0.264,0.000,0.0,11.90,31.0
57.9874,1250,9,move,7,57.9874,57.9955,0,0.088,0.439,0.264,0.176,0.527,0.088,-1.055,1.758,0.439,0.088,0.439,0.088,0.088,0.176,0.088,0.088,0.527,0.264,0.088,0.439,0.264,0.176,0.527,0.088,-1.055,0.912,0.439,0.088,0.439,0.088,0.088,0.176,0.088,0.088,0.527,0.264,0.006,4.0,11.90,31.0
58.0272,1251,9,move,7,58.0272,58.0353,0,0.088,0.439,0.264,0.176,0.527,0.088,-1.055,1.494,0.439,0.088,0.439,0.088,0.088,0.176,0.088,0.088,0.527,0.264,0.088,0.439,0.264,0.176,0.527,0.088,-1.055,0.426,0.439,0.088,0.439,0.088,0.088,0.176,0.088,0.088,0.527,0.264,0.006,4.0,11.90,31.0
58.0671,1252,9,move,7,58.0671,58.0752,0,0.088,0.439,0.264,0.176,0.527,0.088,-1.055,1.143,0.439,0.088,0.439,0.088,0.088,0.176,0.088,0.088,0.527,0.264,0.088,0.439,0.264,0.176,0.527,0.088,-1.055,-0.075,0.439,0.088,0.439,0.088,0.088,0.176,0.088,0.088,0.527,0.264,0.006,4.0,11.90,31.0
58.1072,1253,9,move,7,58.1072,58.1154,0,0.088,0.439,0.264,0.176,0.527,0.088,-1.055,0.703,0.439,0.088,0.439,0.088,0.088,0.176,0.088,0.088,0.527,0.264,0.088,0.439,0.264,0.176,0.527,0.088,-1.055,-0.560,0.439,0.088,0.439,0.088,0.088,0.176,0.088,0.088,0.527,0.264,0.019,5.2,11.90,31.0
58.1472,1254,9,move,7,58.1472,58.1553,0,0.088,0.439,0.264,0.176,0.527,0.088,-1.055,0.176,0.439,0.088,0.439,0.088,0.088,0.176,0.088,0.088,0.527,0.264,0.088,0.439,0.264,0.176,0.527,0.088,-1.055,-1.000,0.439,0.088,0.439,0.088,0.088,0.176,0.088,0.088,0.527,0.264,0.019,5.2,11.90,31.0
58.1872,1255,9,move,7,58.1872,58.1958,0,0.088,0.439,0.264,0.176,0.527,0.088,-1.055,-0.264,0.439,0.088,0.439,0.088,0.088,0.176,0.088,0.088,0.527,0.264,0.088,0.439,0.264,0.176,0.527,0.088,-1.055,-1.365,0.439,0.088,0.439,0.088,0.088,0.176,0.088,0.088,0.527,0.264,0.019,5.2,11.90,31.0
58.2274,1256,9,move,7,58.2274,58.2359,0,0.088,0.439,0.264,0.176,0.527,0.088,-1.055,-0.703,0.439,0.088,0.439,0.088,0.088,0.176,0.088,0.088,0.527,0.264,0.088,0.439,0.264,0.176,0.527,0.088,-1.055,-1.634,0.439,0.088,0.439,0.088,0.088,0.176,0.088,0.088,0.527,0.264,0.026,6.0,11.90,31.0
58.2674,1257,9,move,7,58.2674,58.2762,0,0.088,0.439,0.264,0.176,0.527,0.088,-1.055,-1.143,0.439,0.088,0.439,0.088,0.088,0.176,0.088,0.088,0.527,0.264,0.088,0.439,0.264,0.176,0.527,0.088,-1.055,-1.789,0.439,0.088,0.439,0.088,0.088,0.176,0.088,0.088,0.527,0.264,0.026,6.0,11.90,31.0
58.3072,1258,9,move,7,58.3072,58.3158,0,0.088,0.439,0.264,0.176,0.527,0.088,-1.055,-1.494,0.439,0.088,0.439,0.088,0.088,0.176,0.088,0.088,0.527,0.264,0.088,0.439,0.264,0.176,0.527,0.088,-1.055,-1.820,0.439,0.088,0.439,0.088,0.088,0.176,0.088,0.088,0.527,0.264,0.026,6.0,11.90,31.0
58.3474,1259,9,move,7,58.3474,58.3558,0,0.088,0.439,0.264,0.176,0.527,0.088,-1.055,-1.582,0.439,0.088,0.439,0.088,0.088,0.176,0.088,0.088,0.527,0.264,0.088,0.439,0.264,0.176,0.527,0.088,-1.055,-1.726,0.439,0.088,0.439,0.088,0.088,0.176,0.088,0.088,0.527,0.264,0.006,2.8,11.90,31.0
58.3874,1260,9,move,7,58.3874,58.3958,0,0.088,0.439,0.264,0.176,0.527,0.088,-1.055,-1.582,0.439,0.088,0.439,0.088,0.088,0.176,0.088,0.088,0.527,0.264,0.088,0.439,0.264,0.176,0.527,0.088,-1.055,-1.513,0.439,0.088,0.439,0.088,0.088,0.176,0.088,0.088,0.527,0.264,0.006,2.8,11.90,31.0
58.4272,1261,9,move,7,58.4272,58.4359,0,0.088,0.439,0.264,0.176,0.527,0.088,-1.055,-1.582,0.439,0.088,0.439,0.088,0.088,0.176,0.088,0.088,0.527,0.264,0.088,0.439,0.264,0.176,0.527,0.088,-1.055,-1.193,0.439,0.088,0.439,0.088,0.088,0.176,0.088,0.088,0.527,0.264,0.006,2.8,11.90,31.0
58.4674,1262,9,move,7,58.4674,58.4760,0,0.088,0.439,0.264,0.176,0.527,0.088,-1.055,-1.406,0.439,0.088,0.439,0.088,0.088,0.176,0.088,0.088,0.527,0.264,0.088,0.439,0.264,0.176,0.527,0.088,-1.055,-0.788,0.439,0.088,0.439,0.088,0.088,0.176,0.088,0.088,0.527,0.264,0.000,0.0,11.90,31.0
58.5074,1263,9,move,7,58.5074,58.5161,0,0.088,0.439,0.264,0.176,0.527,0.088,-1.055,-1.230,0.439,0.088,0.439,0.088,0.088,0.176,0.088,0.088,0.527,0.264,0.088,0.439,0.264,0.176,0.527,0.088,-1.055,-0.322,0.439,0.088,0.439,0.088,0.088,0.176,0.088,0.088,0.527,0.264,0.000,0.0,11.90,31.0
58.5474,1264,9,move,7,58.5474,58.5560,0,0.088,0.439,0.264,0.176,0.527,0.088,-1.055,-0.791,0.439,0.088,0.439,0.088,0.088,0.176,0.088,0.088,0.527,0.264,0.088,0.439,0.264,0.176,0.527,0.088,-1.055,0.176,0.439,0.088,0.439,0.088,0.088,0.176,0.088,0.088,0.527,0.264,0.000,0.0,11.90,31.0
58.5886,1265,9,move,7,58.5886,58.5970,0,0.088,0.439,0.264,0.176,0.527,0.088,-1.055,-0.352,0.439,0.088,0.439,0.088,0.088,0.176,0.088,0.088,0.527,0.264,0.088,0.439,0.264,0.176,0.527,0.088,-1.055,0.673,0.439,0.088,0.439,0.088,0.088,0.176,0.088,0.088,0.527,0.264,0.000,2.4,11.90,31.0
58.6272,1266,9,move,7,58.6272,58.6355,0,0.088,0.439,0.264,0.176,0.527,0.088,-1.055,0.176,0.439,0.088,0.439,0.088,0.088,0.176,0.088,0.088,0.527,0.264,0.088,0.439,0.264,0.176,0.527,0.088,-1.055,1.139,0.439,0.088,0.439,0.088,0.088,0.176,0.088,0.088,0.527,0.264,0.000,2.4,11.90,31.0
58.6674,1267,9,move,7,58.6674,58.6760,0,0.088,0.439,0.264,0.176,0.527,0.088,-1.055,0.703,0.439,0.088,0.439,0.088,0.088,0.176,0.088,0.088,0.527,0.264,0.088,0.439,0.264,0.176,0.527,0.088,-1.055,1.545,0.439,0.088,0.439,0.088,0.088,0.176,0.088,0.088,0.527,0.264,0.000,2.4,11.90,31.0
58.7074,1268,9,move,7,58.7074,58.7154,0,0.088,0.439,0.264,0.176,0.527,0.088,-1.055,1.143,0.439,0.088,0.439,0.088,0.088,0.176,0.088,0.088,0.527,0.264,0.088,0.439,0.264,0.176,0.527,0.088,-1.055,1.864,0.439,0.088,0.439,0.088,0.088,0.176,0.088,0.088,0.527,0.264,0.000,2.8,11.90,31.0
58.7472,1269,9,move,7,58.7472,58.7551,0,0.088,0.439,0.264,0.176,0.527,0.088,-1.055,1.582,0.439,0.088,0.439,0.088,0.088,0.176,0.088,0.088,0.527,0.264,0.088,0.439,0.264,0.176,0.527,0.088,-1.055,2.078,0.439,0.088,0.439,0.088,0.088,0.176,0.088,0.088,0.527,0.264,0.000,2.8,11.90,31.0
58.7872,1270,9,move,7,58.7872,58.7952,0,0.088,0.439,0.264,0.176,0.527,0.088,-1.055,1.846,0.439,0.088,0.439,0.088,0.088,0.176,0.088,0.088,0.527,0.264,0.088,0.439,0.264,0.176,0.527,0.088,-1.055,2.172,0.439,0.088,0.439,0.088,0.088,0.176,0.088,0.088,0.527,0.264,0.000,2.8,11.90,31.0
58.8272,1271,9,move,7,58.8272,58.8354,0,0.088,0.439,0.264,0.176,0.527,0.088,-1.055,2.197,0.439,0.088,0.439,0.088,0.088,0.176,0.088,0.088,0.527,0.264,0.088,0.439,0.264,0.176,0.527,0.088,-1.055,2.140,0.439,0.088,0.439,0.088,0.088,0.176,0.088,0.088,0.527,0.264,0.006,2.0,11.90,31.0
58.8672,1272,9,move,7,58.8672,58.8844,0,0.088,0.439,0.264,0.176,0.527,0.088,-1.055,2.285,0.439,0.088,0.439,0.088,0.088,0.176,0.088,0.088,0.527,0.264,0.088,0.439,0.264,0.176,0.527,0.088,-1.055,1.985,0.439,0.088,0.439,0.088,0.088,0.176,0.088,0.088,0.527,0.264,0.006,2.0,11.90,31.0
58.9072,1273,9,move,7,58.9072,58.9151,0,0.088,0.439,0.264,0.176,0.527,0.088,-1.055,2.285,0.439,0.088,0.439,0.088,0.088,0.176,0.088,0.088,0.527,0.264,0.088,0.439,0.264,0.176,0.527,0.088,-1.055,1.717,0.439,0.088,0.439,0.088,0.088,0.176,0.088,0.088,0.527,0.264,0.006,2.0,11.90,31.0
58.9472,1274,9,move,7,58.9472,58.9553,0,0.088,0.439,0.264,0.176,0.527,0.088,-1.055,2.021,0.439,0.088,0.439,0.088,0.088,0.176,0.088,0.088,0.527,0.264,0.088,0.439,0.264,0.176,0.527,0.088,-1.055,1.351,0.439,0.088,0.439,0.088,0.088,0.176,0.088,0.088,0.527,0.264,0.013,3.6,11.90,31.0
58.9874,1275,9,move,7,58.9874,58.9956,0,0.088,0.439,0.264,0.176,0.527,0.088,-1.055,1.846,0.439,0.088,0.439,0.088,0.088,0.176,0.088,0.088,0.527,0.264,0.088,0.439,0.264,0.176,0.527,0.088,-1.055,0.912,0.439,0.088,0.439,0.088,0.088,0.176,0.088,0.088,0.527,0.264,0.013,3.6,11.90,31.0
59.0272,1276,9,move,7,59.0272,59.0350,0,0.088,0.439,0.264,0.176,0.527,0.088,-1.055,1.494,0.439,0.088,0.439,0.088,0.088,0.176,0.088,0.088,0.527,0.264,0.088,0.439,0.264,0.176,0.527,0.088,-1.055,0.426,0.439,0.088,0.439,0.088,0.088,0.176,0.088,0.088,0.527,0.264,0.013,3.6,11.90,31.0
59.0672,1277,9,move,7,59.0672,59.0752,0,0.088,0.439,0.264,0.176,0.527,0.088,-1.055,1.055,0.439,0.088,0.439,0.088,0.088,0.176,0.088,0.088,0.527,0.264,0.088,0.439,0.264,0.176,0.527,0.088,-1.055,-0.075,0.439,0.088,0.439,0.088,0.088,0.176,0.088,0.088,0.527,0.264,0.019,5.6,11.90,31.0
59.1071,1278,9,move,7,59.1071,59.1152,0,0.088,0.439,0.264,0.176,0.527,0.088,-1.055,0.703,0.439,0.088,0.439,0.088,0.088,0.176,0.088,0.088,0.527,0.264,0.088,0.439,0.264,0.176,0.527,0.088,-1.055,-0.560,0.439,0.088,0.439,0.088,0.088,0.176,0.088,0.088,0.527,0.264,0.019,5.6,11.90,31.0
59.1472,1279,9,move,7,59.1472,59.1552,0,0.088,0.439,0.264,0.176,0.527,0.088,-1.055,0.176,0.439,0.088,0.439,0.088,0.088,0.176,0.088,0.088,0.527,0.264,0.088,0.439,0.264,0.176,0.527,0.088,-1.055,-1.000,0.439,0.088,0.439,0.088,0.088,0.176,0.088,0.088,0.527,0.264,0.019,5.6,11.90,31.0
59.1872,1280,9,move,7,59.1872,59.1955,0,0.088,0.439,0.264,0.176,0.527,0.088,-1.055,-0.264,0.439,0.088,0.439,0.088,0.088,0.176,0.088,0.088,0.527,0.264,0.088,0.439,0.264,0.176,0.527,0.088,-1.055,-1.365,0.439,0.088,0.439,0.088,0.088,0.176,0.088,0.088,0.527,0.264,0.019,5.6,11.90,31.0
59.2272,1281,9,move,7,59.2272,59.2377,0,0.088,0.439,0.264,0.176,0.527,0.088,-1.055,-0.703,0.439,0.088,0.439,0.088,0.088,0.176,0.088,0.088,0.527,0.264,0.088,0.439,0.264,0.176,0.527,0.088,-1.055,-1.634,0.439,0.088,0.439,0.088,0.088,0.176,0.088,0.088,0.527,0.264,0.019,5.6,11.90,31.0
59.2672,1282,9,move,7,59.2672,59.2753,0,0.088,0.439,0.264,0.176,0.527,0.088,-1.055,-1.143,0.439,0.088,0.439,0.088,0.088,0.176,0.088,0.088,0.527,0.264,0.088,0.439,0.264,0.176,0.527,0.088,-1.055,-1.789,0.439,0.088,0.439,0.088,0.088,0.176,0.088,0.088,0.527,0.264,0.019,5.6,11.90,31.0
59.3072,1283,9,move,7,59.3072,59.3152,0,0.088,0.439,0.264,0.176,0.527,0.088,-1.055,-1.494,0.439,0.088,0.439,0.088,0.088,0.176,0.088,0.088,0.527,0.264,0.088,0.439,0.264,0.176,0.527,0.088,-1.055,-1.820,0.439,0.088,0.439,0.088,0.088,0.176,0.088,0.088,0.527,0.264,0.006,3.2,11.90,31.0
59.3471,1284,9,move,7,59.3471,59.3552,0,0.088,0.439,0.264,0.176,0.527,0.088,-1.055,-1.582,0.439,0.088,0.439,0.088,0.088,0.176,0.088,0.088,0.527,0.264,0.088,0.439,0.264,0.176,0.527,0.088,-1.055,-1.726,0.439,0.088,0.439,0.088,0.088,0.176,0.088,0.088,0.527,0.264,0.006,3.2,11.90,31.0
59.3872,1285,9,move,7,59.3872,59.3952,0,0.088,0.439,0.264,0.176,0.527,0.088,-1.055,-1.582,0.439,0.088,0.439,0.088,0.088,0.176,0.088,0.088,0.527,0.264,0.088,0.439,0.264,0.176,0.527,0.088,-1.055,-1.513,0.439,0.088,0.439,0.088,0.088,0.176,0.088,0.088,0.527,0.264,0.006,3.2,11.90,31.0
59.4272,1286,9,move,7,59.4272,59.4360,0,0.088,0.439,0.264,0.176,0.527,0.088,-1.055,-1.582,0.439,0.088,0.439,0.088,0.088,0.176,0.088,0.088,0.527,0.264,0.088,0.439,0.264,0.176,0.527,0.088,-1.055,-1.193,0.439,0.088,0.439,0.088,0.088,0.176,0.088,0.088,0.527,0.264,0.000,0.0,11.90,31.0
59.4674,1287,9,move,7,59.4674,59.4760,0,0.088,0.439,0.264,0.176,0.527,0.088,-1.055,-1.406,0.439,0.088,0.439,0.088,0.088,0.176,0.088,0.088,0.527,0.264,0.088,0.439,0.264,0.176,0.527,0.088,-1.055,-0.788,0.439,0.088,0.439,0.088,0.088,0.176,0.088,0.088,0.527,0.264,0.000,0.0,11.90,31.0
59.5074,1288,9,move,7,59.5074,59.5161,0,0.088,0.439,0.264,0.176,0.527,0.088,-1.055,-1.143,0.439,0.088,0.439,0.088,0.088,0.176,0.088,0.088,0.527,0.264,0.088,0.439,0.264,0.176,0.527,0.088,-1.055,-0.322,0.439,0.088,0.439,0.088,0.088,0.176,0.088,0.088,0.527,0.264,0.000,0.0,11.90,31.0
59.5474,1289,9,rest,7,59.5474,59.5560,0,0.088,0.439,0.264,0.176,0.527,0.088,-1.055,-0.791,0.439,0.088,0.439,0.088,0.088,0.176,0.088,0.088,0.527,0.264,0.088,0.439,0.264,0.176,0.527,0.088,-1.055,0.176,0.439,0.088,0.439,0.088,0.088,0.176,0.088,0.088,0.527,0.264,0.000,2.0,11.90,31.0
59.5874,1290,9,rest,7,59.5874,59.5960,0,0.088,0.439,0.264,0.176,0.527,0.088,-1.055,-0.352,0.439,0.088,0.439,0.088,0.088,0.176,0.088,0.088,0.527,0.264,0.088,0.439,0.264,0.176,0.527,0.088,-1.055,0.176,0.439,0.088,0.439,0.088,0.088,0.176,0.088,0.088,0.527,0.264,0.000,2.0,11.90,31.0
59.6274,1291,9,rest,7,59.6274,59.6358,0,0.088,0.439,0.264,0.176,0.527,0.088,-1.055,0.088,0.439,0.088,0.439,0.088,0.088,0.176,0.088,0.088,0.527,0.264,0.088,0.439,0.264,0.176,0.527,0.088,-1.055,0.176,0.439,0.088,0.439,0.088,0.088,0.176,0.088,0.088,0.527,0.264,0.000,2.0,11.90,31.0
59.6671,1292,9,rest,7,59.6671,59.6752,0,0.088,0.439,0.264,0.176,0.527,0.088,-1.055,0.088,0.439,0.088,0.439,0.088,0.088,0.176,0.088,0.088,0.527,0.264,0.088,0.439,0.264,0.176,0.527,0.088,-1.055,0.176,0.439,0.088,0.439,0.088,0.088,0.176,0.088,0.088,0.527,0.264,0.000,0.0,11.90,31.0
59.7072,1293,9,rest,7,59.7072,59.7153,0,0.088,0.439,0.264,0.176,0.527,0.088,-1.055,0.088,0.439,0.088,0.439,0.088,0.088,0.176,0.088,0.088,0.527,0.264,0.088,0.439,0.264,0.176,0.527,0.088,-1.055,0.176,0.439,0.088,0.439,0.088,0.088,0.176,0.088,0.088,0.527,0.264,0.000,0.0,11.90,31.0
59.7472,1294,9,rest,7,59.7472,59.7558,0,0.088,0.439,0.264,0.176,0.527,0.088,-1.055,0.088,0.439,0.088,0.439,0.088,0.088,0.176,0.088,0.088,0.527,0.264,0.088,0.439,0.264,0.176,0.527,0.088,-1.055,0.176,0.439,0.088,0.439,0.088,0.088,0.176,0.088,0.088,0.527,0.264,0.000,0.0,11.90,31.0
59.7872,1295,9,rest,7,59.7872,59.7954,0,0.088,0.439,0.264,0.176,0.527,0.088,-1.055,0.088,0.439,0.088,0.439,0.088,0.088,0.176,0.088,0.088,0.527,0.264,0.088,0.439,0.264,0.176,0.527,0.088,-1.055,0.176,0.439,0.088,0.439,0.088,0.088,0.176,0.088,0.088,0.527,0.264,0.000,0.0,11.90,31.0
59.8272,1296,9,rest,7,59.8272,59.8356,0,0.088,0.439,0.264,0.176,0.527,0.088,-1.055,0.088,0.439,0.088,0.439,0.088,0.088,0.176,0.088,0.088,0.527,0.264,0.088,0.439,0.264,0.176,0.527,0.088,-1.055,0.176,0.439,0.088,0.439,0.088,0.088,0.176,0.088,0.088,0.527,0.264,0.000,0.0,11.90,31.0
59.8672,1297,9,rest,7,59.8672,59.8752,0,0.088,0.439,0.264,0.176,0.527,0.088,-1.055,0.088,0.439,0.088,0.439,0.088,0.088,0.176,0.088,0.088,0.527,0.264,0.088,0.439,0.264,0.176,0.527,0.088,-1.055,0.176,0.439,0.088,0.439,0.088,0.088,0.176,0.088,0.088,0.527,0.264,0.000,0.0,11.90,31.0
59.9072,1298,9,rest,7,59.9072,59.9152,0,0.088,0.439,0.264,0.176,0.527,0.088,-1.055,0.088,0.439,0.088,0.439,0.088,0.088,0.176,0.088,0.088,0.527,0.264,0.088,0.439,0.264,0.176,0.527,0.088,-1.055,0.176,0.439,0.088,0.439,0.088,0.088,0.176,0.088,0.088,0.527,0.264,0.000,0.0,11.90,31.0
59.9472,1299,9,rest,7,59.9472,59.9552,0,0.088,0.439,0.264,0.176,0.527,0.088,-1.055,0.088,0.439,0.088,0.439,0.088,0.088,0.176,0.088,0.088,0.527,0.264,0.088,0.439,0.264,0.176,0.527,0.088,-1.055,0.176,0.439,0.088,0.439,0.088,0.088,0.176,0.088,0.088,0.527,0.264,0.000,0.0,11.90,31.0
59.9872,1300,9,rest,7,59.9872,59.9954,0,0.088,0.439,0.264,0.176,0.527,0.088,-1.055,0.088,0.439,0.088,0.439,0.088,0.088,0.176,0.088,0.088,0.527,0.264,0.088,0.439,0.264,0.176,0.527,0.088,-1.055,0.176,0.439,0.088,0.439,0.088,0.088,0.176,0.088,0.088,0.527,0.264,0.000,0.0,11.90,31.0
60.0272,1301,9,rest,7,60.0272,60.0352,0,0.088,0.439,0.264,0.176,0.527,0.088,-1.055,0.088,0.439,0.088,0.439,0.088,0.088,0.176,0.088,0.088,0.527,0.264,0.088,0.439,0.264,0.176,0.527,0.088,-1.055,0.176,0.439,0.088,0.439,0.088,0.088,0.176,0.088,0.088,0.527,0.264,0.000,0.0,11.90,31.0
60.0674,1302,9,rest,7,60.0674,60.0754,0,0.088,0.439,0.264,0.176,0.527,0.088,-1.055,0.088,0.439,0.088,0.439,0.088,0.088,0.176,0.088,0.088,0.527,0.264,0.088,0.439,0.264,0.176,0.527,0.088,-1.055,0.176,0.439,0.088,0.439,0.088,0.088,0.176,0.088,0.088,0.527,0.264,0.000,0.0,11.90,31.0
60.1071,1303,9,rest,7,60.1071,60.1152,0,0.088,0.439,0.264,0.176,0.527,0.088,-1.055,0.088,0.439,0.088,0.439,0.088,0.088,0.176,0.088,0.088,0.527,0.264,0.088,0.439,0.264,0.176,0.527,0.088,-1.055,0.176,0.439,0.088,0.439,0.088,0.088,0.176,0.088,0.088,0.527,0.264,0.000,0.0,11.90,31.0
60.1472,1304,9,rest,7,60.1472,60.1552,0,0.088,0.439,0.264,0.176,0.527,0.088,-1.055,0.088,0.439,0.088,0.439,0.088,0.088,0.176,0.088,0.088,0.527,0.264,0.088,0.439,0.264,0.176,0.527,0.088,-1.055,0.176,0.439,0.088,0.439,0.088,0.088,0.176,0.088,0.088,0.527,0.264,0.000,0.0,11.90,31.0
60.1874,1305,9,rest,7,60.1874,60.1956,0,0.088,0.439,0.264,0.176,0.527,0.088,-1.055,0.088,0.439,0.088,0.439,0.088,0.088,0.176,0.088,0.088,0.527,0.264,0.088,0.439,0.264,0.176,0.527,0.088,-1.055,0.176,0.439,0.088,0.439,0.088,0.088,0.176,0.088,0.088,0.527,0.264,0.000,0.0,11.90,31.0
60.2272,1306,9,rest,7,60.2272,60.2356,0,0.088,0.439,0.264,0.176,0.527,0.088,-1.055,0.088,0.439,0.088,0.439,0.088,0.088,0.176,0.088,0.088,0.527,0.264,0.088,0.439,0.264,0.176,0.527,0.088,-1.055,0.176,0.439,0.088,0.439,0.088,0.088,0.176,0.088,0.088,0.527,0.264,0.000,0.0,11.90,31.0
60.2672,1307,9,rest,7,60.2672,60.2758,0,0.088,0.439,0.264,0.176,0.527,0.088,-1.055,0.088,0.439,0.088,0.439,0.088,0.088,0.176,0.088,0.088,0.527,0.264,0.088,0.439,0.264,0.176,0.527,0.088,-1.055,0.176,0.439,0.088,0.439,0.088,0.088,0.176,0.088,0.088,0.527,0.264,0.000,0.0,11.90,31.0
60.3071,1308,9,rest,7,60.3071,60.3155,0,0.088,0.439,0.264,0.176,0.527,0.088,-1.055,0.088,0.439,0.088,0.439,0.088,0.088,0.176,0.088,0.088,0.527,0.264,0.088,0.439,0.264,0.176,0.527,0.088,-1.055,0.176,0.439,0.088,0.439,0.088,0.088,0.176,0.088,0.088,0.527,0.264,0.000,0.0,11.90,31.0
60.3526,1309,10,pre,7,60.3526,60.3606,0,0.088,0.439,0.264,0.176,0.527,0.088,-1.055,0.088,0.439,0.088,0.439,0.088,0.088,0.176,0.088,0.088,0.527,0.264,0.088,0.439,0.264,0.176,0.527,0.088,-1.055,0.088,0.439,0.088,0.439,0.088,0.088,0.176,0.088,0.088,0.527,0.264,0.000,0.0,11.90,31.0
60.3871,1310,10,pre,7,60.3871,60.3958,0,0.088,0.439,0.264,0.176,0.527,0.088,-1.055,0.088,0.439,0.088,0.439,0.088,0.088,0.176,0.088,0.088,0.527,0.264,0.088,0.439,0.264,0.176,0.527,0.088,-1.055,0.088,0.439,0.088,0.439,0.088,0.088,0.176,0.088,0.088,0.527,0.264,0.000,0.0,11.90,31.0
60.4274,1311,10,pre,7,60.4274,60.4355,0,0.088,0.439,0.264,0.176,0.527,0.088,-1.055,0.088,0.439,0.088,0.439,0.088,0.088,0.176,0.088,0.088,0.527,0.264,0.088,0.439,0.264,0.176,0.527,0.088,-1.055,0.088,0.439,0.088,0.439,0.088,0.088,0.176,0.088,0.088,0.527,0.264,0.000,0.0,11.90,31.0
60.4674,1312,10,pre,7,60.4674,60.4769,0,0.088,0.439,0.264,0.176,0.527,0.088,-1.055,0.088,0.439,0.088,0.439,0.088,0.088,0.176,0.088,0.088,0.527,0.264,0.088,0.439,0.264,0.176,0.527,0.088,-1.055,0.088,0.439,0.088,0.439,0.088,0.088,0.176,0.088,0.088,0.527,0.264,0.000,0.0,11.90,31.0
60.5072,1313,10,pre,7,60.5072,60.5152,0,0.088,0.439,0.264,0.176,0.527,0.088,-1.055,0.088,0.439,0.088,0.439,0.088,0.088,0.176,0.088,0.088,0.527,0.264,0.088,0.439,0.264,0.176,0.527,0.088,-1.055,0.088,0.439,0.088,0.439,0.088,0.088,0.176,0.088,0.088,0.527,0.264,0.000,0.0,11.90,31.0
60.5472,1314,10,pre,7,60.5472,60.5549,0,0.088,0.439,0.264,0.176,0.527,0.088,-1.055,0.088,0.439,0.088,0.439,0.088,0.088,0.176,0.088,0.088,0.527,0.264,0.088,0.439,0.264,0.176,0.527,0.088,-1.055,0.088,0.439,0.088,0.439,0.088,0.088,0.176,0.088,0.088,0.527,0.264,0.000,0.0,11.90,31.0
60.5872,1315,10,pre,7,60.5872,60.5952,0,0.088,0.439,0.264,0.176,0.527,0.088,-1.055,0.088,0.439,0.088,0.439,0.088,0.088,0.176,0.088,0.088,0.527,0.264,0.088,0.439,0.264,0.176,0.527,0.088,-1.055,0.088,0.439,0.088,0.439,0.088,0.088,0.176,0.088,0.088,0.527,0.264,0.000,0.0,11.90,31.0
60.6274,1316,10,pre,7,60.6274,60.6356,0,0.088,0.439,0.264,0.176,0.527,0.088,-1.055,0.088,0.439,0.088,0.439,0.088,0.088,0.176,0.088,0.088,0.527,0.264,0.088,0.439,0.264,0.176,0.527,0.088,-1.055,0.088,0.439,0.088,0.439,0.088,0.088,0.176,0.088,0.088,0.527,0.264,0.000,0.0,11.90,31.0
60.6674,1317,10,pre,7,60.6674,60.6756,0,0.088,0.439,0.264,0.176,0.527,0.088,-1.055,0.088,0.439,0.088,0.439,0.088,0.088,0.176,0.088,0.088,0.527,0.264,0.088,0.439,0.264,0.176,0.527,0.088,-1.055,0.088,0.439,0.088,0.439,0.088,0.088,0.176,0.088,0.088,0.527,0.264,0.000,0.0,11.90,31.0
60.7074,1318,10,pre,7,60.7074,60.7154,0,0.088,0.439,0.264,0.176,0.527,0.088,-1.055,0.088,0.439,0.088,0.439,0.088,0.088,0.176,0.088,0.088,0.527,0.264,0.088,0.439,0.264,0.176,0.527,0.088,-1.055,0.088,0.439,0.088,0.439,0.088,0.088,0.176,0.088,0.088,0.527,0.264,0.000,0.0,11.90,31.0
60.7472,1319,10,pre,7,60.7472,60.7553,0,0.088,0.439,0.264,0.176,0.527,0.088,-1.055,0.088,0.439,0.088,0.439,0.088,0.088,0.176,0.088,0.088,0.527,0.264,0.088,0.439,0.264,0.176,0.527,0.088,-1.055,0.088,0.439,0.088,0.439,0.088,0.088,0.176,0.088,0.088,0.527,0.264,0.000,0.0,11.90,31.0
60.7871,1320,10,pre,7,60.7871,60.7953,0,0.088,0.439,0.264,0.176,0.527,0.088,-1.055,0.088,0.439,0.088,0.439,0.088,0.088,0.176,0.088,0.088,0.527,0.264,0.088,0.439,0.264,0.176,0.527,0.088,-1.055,0.088,0.439,0.088,0.439,0.088,0.088,0.176,0.088,0.088,0.527,0.264,0.000,0.0,11.90,31.0
60.8272,1321,10,pre,7,60.8272,60.8359,0,0.088,0.439,0.264,0.176,0.527,0.088,-1.055,0.088,0.439,0.088,0.439,0.088,0.088,0.176,0.088,0.088,0.527,0.264,0.088,0.439,0.264,0.176,0.527,0.088,-1.055,0.088,0.439,0.088,0.439,0.088,0.088,0.176,0.088,0.088,0.527,0.264,0.000,0.0,11.90,31.0
60.8672,1322,10,pre,7,60.8672,60.8759,0,0.088,0.439,0.264,0.176,0.527,0.088,-1.055,0.088,0.439,0.088,0.439,0.088,0.088,0.176,0.088,0.088,0.527,0.264,0.088,0.439,0.264,0.176,0.527,0.088,-1.055,0.088,0.439,0.088,0.439,0.088,0.088,0.176,0.088,0.088,0.527,0.264,0.000,0.0,11.90,31.0
60.9071,1323,10,pre,7,60.9071,60.9158,0,0.088,0.439,0.264,0.176,0.527,0.088,-1.055,0.088,0.439,0.088,0.439,0.088,0.088,0.176,0.088,0.088,0.527,0.264,0.088,0.439,0.264,0.176,0.527,0.088,-1.055,0.088,0.439,0.088,0.439,0.088,0.088,0.176,0.088,0.088,0.527,0.264,0.000,0.0,11.90,31.0
60.9472,1324,10,move,7,60.9472,60.9558,0,0.088,0.439,0.264,0.176,0.527,0.088,-1.055,0.088,0.439,0.088,0.439,0.088,0.088,0.176,0.088,0.088,0.527,0.264,0.088,0.439,0.264,0.176,0.527,0.088,-1.055,0.088,0.439,0.088,0.439,0.088,0.088,0.176,0.088,0.088,0.527,0.264,0.000,0.0,11.90,31.0
60.9872,1325,10,move,7,60.9872,60.9953,0,0.088,0.439,0.264,0.176,0.527,0.088,-1.055,0.088,0.439,0.088,0.439,0.088,0.088,0.176,0.088,0.088,0.527,0.264,0.088,0.439,0.264,0.176,0.527,0.088,-1.055,0.824,0.439,0.088,0.439,0.088,0.088,0.176,0.088,0.088,0.527,0.264,0.000,0.0,11.90,31.0
61.0271,1326,10,move,7,61.0271,61.0352,0,0.088,0.439,0.264,0.176,0.527,0.088,-1.055,0.088,0.439,0.088,0.439,0.088,0.088,0.176,0.088,0.088,0.527,0.264,0.088,0.439,0.264,0.176,0.527,0.088,-1.055,1.457,0.439,0.088,0.439,0.088,0.088,0.176,0.088,0.088,0.527,0.264,0.000,0.0,11.90,31.0
61.0672,1327,10,move,7,61.0672,61.0754,0,0.088,0.439,0.264,0.176,0.527,0.088,-1.055,0.615,0.439,0.088,0.439,0.088,0.088,0.176,0.088,0.088,0.527,0.264,0.088,0.439,0.264,0.176,0.527,0.088,-1.055,1.898,0.439,0.088,0.439,0.088,0.088,0.176,0.088,0.088,0.527,0.264,0.000,0.0,11.90,31.0
61.1074,1328,10,move,7,61.1074,61.1154,0,0.088,0.439,0.264,0.176,0.527,0.088,-1.055,1.406,0.439,0.088,0.439,0.088,0.088,0.176,0.088,0.088,0.527,0.264,0.088,0.439,0.264,0.176,0.527,0.088,-1.055,2.084,0.439,0.088,0.439,0.088,0.088,0.176,0.088,0.088,0.527,0.264,0.000,0.0,11.90,31.0
61.1472,1329,10,move,7,61.1472,61.1552,0,0.088,0.439,0.264,0.176,0.527,0.088,-1.055,1.670,0.439,0.088,0.439,0.088,0.088,0.176,0.088,0.088,0.527,0.264,0.088,0.439,0.264,0.176,0.527,0.088,-1.055,1.990,0.439,0.088,0.439,0.088,0.088,0.176,0.088,0.088,0.527,0.264,0.000,0.0,11.90,31.0
61.1874,1330,10,move,7,61.1874,61.1956,0,0.088,0.439,0.264,0.176,0.527,0.088,-1.055,2.109,0.439,0.088,0.439,0.088,0.088,0.176,0.088,0.088,0.527,0.264,0.088,0.439,0.264,0.176,0.527,0.088,-1.055,1.629,0.439,0.088,0.439,0.088,0.088,0.176,0.088,0.088,0.527,0.264,0.000,0.0,11.90,31.0
61.2271,1331,10,move,7,61.2271,61.2376,0,0.088,0.439,0.264,0.176,0.527,0.088,-1.055,2.109,0.439,0.088,0.439,0.088,0.088,0.176,0.088,0.088,0.527,0.264,0.088,0.439,0.264,0.176,0.527,0.088,-1.055,1.051,0.439,0.088,0.439,0.088,0.088,0.176,0.088,0.088,0.527,0.264,0.013,5.6,11.90,31.0
61.2671,1332,10,move,7,61.2671,61.2754,0,0.088,0.439,0.264,0.176,0.527,0.088,-1.055,1.758,0.439,0.088,0.439,0.088,0.088,0.176,0.088,0.088,0.527,0.264,0.088,0.439,0.264,0.176,0.527,0.088,-1.055,0.339,0.439,0.088,0.439,0.088,0.088,0.176,0.088,0.088,0.527,0.264,0.013,5.6,11.90,31.0
61.3071,1333,10,move,7,61.3071,61.3158,0,0.088,0.439,0.264,0.176,0.527,0.088,-1.055,1.318,0.439,0.088,0.439,0.088,0.176,0.176,0.088,0.088,0.527,0.264,0.088,0.439,0.264,0.176,0.527,0.088,-1.055,-0.409,0.439,0.088,0.439,0.088,0.088,0.176,0.088,0.088,0.527,0.264,0.013,5.6,11.90,31.0
61.3471,1334,10,move,7,61.3471,61.3555,0,0.088,0.439,0.264,0.176,0.527,0.088,-1.055,0.791,0.439,0.088,0.439,0.088,0.176,0.176,0.088,0.088,0.527,0.264,0.088,0.439,0.264,0.176,0.527,0.088,-1.055,-1.088,0.439,0.088,0.439,0.088,0.088,0.176,0.088,0.088,0.527,0.264,0.026,7.2,11.90,31.0
61.3872,1335,10,move,7,61.3872,61.3951,0,0.088,0.439,0.264,0.176,0.527,0.088,-1.055,0.088,0.439,0.088,0.439,0.088,0.088,0.176,0.088,0.088,0.527,0.264,0.088,0.439,0.264,0.176,0.527,0.088,-1.055,-1.601,0.439,0.088,0.439,0.088,0.088,0.176,0.088,0.088,0.527,0.264,0.026,7.2,11.90,31.0
61.4272,1336,10,move,7,61.4272,61.4350,0,0.088,0.439,0.264,0.176,0.527,0.088,-1.055,-0.615,0.439,0.088,0.439,0.088,0.088,0.176,0.088,0.088,0.527,0.264,0.088,0.439,0.264,0.176,0.527,0.088,-1.055,-1.877,0.439,0.088,0.439,0.088,0.088,0.176,0.088,0.088,0.527,0.264,0.026,7.2,11.90,31.0
61.4671,1337,10,move,7,61.4671,61.4750,0,0.088,0.439,0.264,0.176,0.527,0.088,-1.055,-1.143,0.439,0.088,0.439,0.088,0.088,0.176,0.088,0.088,0.527,0.264,0.088,0.439,0.264,0.176,0.527,0.088,-1.055,-1.877,0.439,0.088,0.439,0.088,0.088,0.176,0.088,0.088,0.527,0.264,0.019,5.6,11.90,31.0
61.5071,1338,10,move,7,61.5071,61.5150,0,0.088,0.439,0.264,0.176,0.527,0.088,-1.055,-1.582,0.439,0.088,0.439,0.088,0.088,0.176,0.088,0.088,0.527,0.264,0.088,0.439,0.264,0.176,0.527,0.088,-1.055,-1.601,0.439,0.088,0.439,0.088,0.088,0.176,0.088,0.088,0.527,0.264,0.019,5.6,11.90,31.0
61.5472,1339,10,move,7,61.5472,61.5552,0,0.088,0.439,0.264,0.176,0.527,0.088,-1.055,-1.582,0.439,0.088,0.439,0.088,0.088,0.176,0.088,0.088,0.527,0.264,0.088,0.439,0.264,0.176,0.527,0.088,-1.055,-1.088,0.439,0.088,0.439,0.088,0.088,0.176,0.088,0.088,0.527,0.264,0.019,5.6,11.90,31.0
61.5872,1340,10,move,7,61.5872,61.5950,0,0.088,0.439,0.264,0.176,0.527,0.088,-1.055,-1.318,0.439,0.088,0.439,0.088,0.088,0.176,0.088,0.088,0.527,0.264,0.088,0.439,0.264,0.176,0.527,0.088,-1.055,-0.409,0.439,0.088,0.439,0.088,0.088,0.176,0.088,0.088,0.527,0.264,0.000,0.0,11.90,31.0
61.6272,1341,10,move,7,61.6272,61.6351,0,0.088,0.439,0.264,0.176,0.527,0.088,-1.055,-1.055,0.439,0.088,0.439,0.088,0.088,0.176,0.088,0.088,0.527,0.264,0.088,0.439,0.264,0.176,0.527,0.088,-1.055,0.339,0.439,0.088,0.439,0.088,0.088,0.176,0.088,0.088,0.527,0.264,0.000,0.0,11.90,31.0
61.6674,1342,10,move,7,61.6674,61.6756,0,0.088,0.439,0.264,0.176,0.527,0.088,-1.055,-0.439,0.439,0.088,0.439,0.088,0.088,0.176,0.088,0.088,0.527,0.264,0.088,0.439,0.264,0.176,0.527,0.088,-1.055,1.051,0.439,0.088,0.439,0.088,0.088,0.176,0.088,0.088,0.527,0.264,0.000,0.0,11.90,31.0
61.7072,1343,10,move,7,61.7072,61.7151,0,0.088,0.439,0.264,0.176,0.527,0.088,-1.055,0.176,0.439,0.088,0.439,0.088,0.088,0.176,0.088,0.088,0.527,0.264,0.088,0.439,0.264,0.176,0.527,0.088,-1.055,1.629,0.439,0.088,0.439,0.088,0.088,0.176,0.088,0.088,0.527,0.264,0.006,3.2,11.90,31.0
61.7472,1344,10,move,7,61.7472,61.7683,0,0.088,0.439,0.264,0.176,0.527,0.088,-1.055,1.143,0.439,0.088,0.439,0.088,0.088,0.176,0.088,0.088,0.527,0.264,0.088,0.439,0.264,0.176,0.527,0.088,-1.055,1.990,0.439,0.088,0.439,0.088,0.088,0.176,0.088,0.088,0.527,0.264,0.006,3.2,11.90,31.0
61.7872,1345,10,move,7,61.7872,61.7957,0,0.088,0.439,0.264,0.176,0.527,0.088,-1.055,1.406,0.439,0.088,0.439,0.088,0.088,0.176,0.088,0.088,0.527,0.264,0.088,0.439,0.264,0.176,0.527,0.088,-1.055,2.084,0.439,0.088,0.439,0.088,0.088,0.176,0.088,0.088,0.527,0.264,0.006,3.2,11.90,31.0
61.8272,1346,10,move,7,61.8272,61.8346,0,0.088,0.439,0.264,0.176,0.527,0.088,-1.055,1.934,0.439,0.088,0.439,0.088,0.088,0.176,0.088,0.088,0.527,0.264,0.088,0.439,0.264,0.176,0.527,0.088,-1.055,1.898,0.439,0.088,0.439,0.088,0.088,0.176,0.088,0.088,0.527,0.264,0.006,2.0,11.90,31.0
61.8674,1347,10,move,7,61.8674,61.8754,0,0.088,0.439,0.264,0.176,0.527,0.088,-1.055,2.021,0.439,0.088,0.439,0.088,0.088,0.176,0.088,0.088,0.527,0.264,0.088,0.439,0.264,0.176,0.527,0.088,-1.055,1.457,0.439,0.088,0.439,0.088,0.088,0.176,0.088,0.088,0.527,0.264,0.006,2.0,11.90,31.0
61.9074,1348,10,move,7,61.9074,61.9153,0,0.088,0.439,0.264,0.176,0.527,0.088,-1.055,1.934,0.439,0.088,0.439,0.088,0.088,0.176,0.088,0.088,0.527,0.264,0.088,0.439,0.264,0.176,0.527,0.088,-1.055,0.824,0.439,0.088,0.439,0.088,0.088,0.176,0.088,0.088,0.527,0.264,0.006,2.0,11.90,31.0
61.9472,1349,10,move,7,61.9472,61.9552,0,0.088,0.439,0.264,0.176,0.527,0.088,-1.055,1.582,0.439,0.088,0.439,0.088,0.088,0.176,0.088,0.088,0.527,0.264,0.088,0.439,0.264,0.176,0.527,0.088,-1.055,0.088,0.439,0.088,0.439,0.088,0.088,0.176,0.088,0.088,0.527,0.264,0.019,5.2,11.90,31.0
61.9880,1350,10,move,7,61.9880,61.9960,0,0.088,0.439,0.264,0.176,0.527,0.088,-1.055,1.143,0.439,0.088,0.439,0.088,0.088,0.176,0.088,0.088,0.527,0.264,0.088,0.439,0.264,0.176,0.527,0.088,-1.055,-0.648,0.439,0.088,0.439,0.088,0.088,0.176,0.088,0.088,0.527,0.264,0.019,5.2,11.90,31.0
62.0274,1351,10,move,7,62.0274,62.0356,0,0.088,0.439,0.264,0.176,0.527,0.088,-1.055,0.527,0.439,0.088,0.439,0.088,0.088,0.176,0.088,0.088,0.527,0.264,0.088,0.439,0.264,0.176,0.527,0.088,-1.055,-1.281,0.439,0.088,0.439,0.088,0.088,0.176,0.088,0.088,0.527,0.264,0.019,5.2,11.90,31.0
62.0674,1352,10,move,7,62.0674,62.0756,0,0.088,0.439,0.264,0.176,0.527,0.088,-1.055,-0.176,0.439,0.088,0.439,0.088,0.088,0.176,0.088,0.088,0.527,0.264,0.088,0.439,0.264,0.176,0.527,0.088,-1.055,-1.722,0.439,0.088,0.439,0.088,0.088,0.176,0.088,0.088,0.527,0.264,0.026,7.2,11.90,31.0
62.1072,1353,10,move,7,62.1072,62.1154,0,0.088,0.439,0.264,0.176,0.527,0.088,-1.055,-0.791,0.439,0.088,0.439,0.088,0.088,0.176,0.088,0.088,0.527,0.264,0.088,0.439,0.264,0.176,0.527,0.088,-1.055,-1.908,0.439,0.088,0.439,0.088,0.088,0.176,0.088,0.088,0.527,0.264,0.026,7.2,11.90,31.0
62.1472,1354,10,move,7,62.1472,62.1552,0,0.088,0.439,0.264,0.176,0.527,0.088,-1.055,-1.318,0.439,0.088,0.439,0.088,0.088,0.176,0.088,0.088,0.527,0.264,0.088,0.439,0.264,0.176,0.527,0.088,-1.055,-1.814,0.439,0.088,0.439,0.088,0.088,0.176,0.088,0.088,0.527,0.264,0.026,7.2,11.90,31.0
62.1872,1355,10,move,7,62.1872,62.1954,0,0.088,0.439,0.264,0.176,0.527,0.088,-1.055,-1.670,0.439,0.088,0.439,0.088,0.088,0.176,0.088,0.088,0.527,0.264,0.088,0.439,0.264,0.176,0.527,0.088,-1.055,-1.453,0.439,0.088,0.439,0.088,0.088,0.176,0.088,0.088,0.527,0.264,0.000,0.0,11.90,31.0
62.2272,1356,10,move,7,62.2272,62.2353,0,0.088,0.439,0.264,0.176,0.527,0.088,-1.055,-1.494,0.439,0.088,0.439,0.088,0.088,0.176,0.088,0.088,0.527,0.264,0.088,0.439,0.264,0.176,0.527,0.088,-1.055,-0.876,0.439,0.088,0.439,0.088,0.088,0.176,0.088,0.088,0.527,0.264,0.000,0.0,11.90,31.0
62.2685,1357,10,move,7,62.2685,62.2873,0,0.088,0.439,0.264,0.176,0.527,0.088,-1.055,-1.318,0.439,0.088,0.439,0.088,0.088,0.176,0.088,0.088,0.527,0.264,0.088,0.439,0.264,0.176,0.527,0.088,-1.055,-0.163,0.439,0.088,0.439,0.088,0.088,0.176,0.088,0.088,0.527,0.264,0.000,0.0,11.90,31.0
62.3072,1358,10,move,7,62.3072,62.3151,0,0.088,0.439,0.264,0.176,0.527,0.088,-1.055,-1.143,0.439,0.088,0.439,0.088,0.088,0.176,0.088,0.088,0.527,0.264,0.088,0.439,0.264,0.176,0.527,0.088,-1.055,0.585,0.439,0.088,0.439,0.088,0.088,0.176,0.088,0.088,0.527,0.264,0.006,5.2,11.90,31.0
62.3471,1359,10,move,7,62.3471,62.3552,0,0.088,0.439,0.264,0.176,0.527,0.088,-1.055,-0.352,0.439,0.088,0.439,0.088,0.088,0.176,0.088,0.088,0.527,0.264,0.088,0.439,0.264,0.176,0.527,0.088,-1.055,1.263,0.439,0.088,0.439,0.088,0.088,0.176,0.088,0.088,0.527,0.264,0.006,5.2,11.90,31.0
62.3872,1360,10,move,7,62.3872,62.3953,0,0.088,0.439,0.264,0.176,0.527,0.088,-1.055,0.352,0.439,0.088,0.439,0.088,0.088,0.176,0.088,0.088,0.527,0.264,0.088,0.439,0.264,0.176,0.527,0.088,-1.055,1.777,0.439,0.088,0.439,0.088,0.088,0.176,0.088,0.088,0.527,0.264,0.006,5.2,11.90,31.0
62.4274,1361,10,move,7,62.4274,62.4354,0,0.088,0.439,0.264,0.176,0.527,0.088,-1.055,1.055,0.439,0.088,0.439,0.088,0.088,0.176,0.088,0.088,0.527,0.264,0.088,0.439,0.264,0.176,0.527,0.088,-1.055,2.052,0.439,0.088,0.439,0.088,0.088,0.176,0.088,0.088,0.527,0.264,0.000,2.0,11.90,31.0
62.4671,1362,10,move,7,62.4671,62.4753,0,0.088,0.439,0.264,0.176,0.527,0.088,-1.055,1.670,0.439,0.088,0.439,0.088,0.088,0.176,0.088,0.088,0.527,0.264,0.088,0.439,0.264,0.176,0.527,0.088,-1.055,2.052,0.439,0.088,0.439,0.088,0.088,0.176,0.088,0.088,0.527,0.264,0.000,2.0,11.90,31.0
62.5072,1363,10,move,7,62.5072,62.5154,0,0.088,0.439,0.264,0.176,0.527,0.088,-1.055,1.846,0.439,0.088,0.439,0.088,0.088,0.176,0.088,0.088,0.527,0.264,0.088,0.439,0.264,0.176,0.527,0.088,-1.055,1.777,0.439,0.088,0.439,0.088,0.088,0.176,0.088,0.088,0.527,0.264,0.000,2.0,11.90,31.0
62.5474,1364,10,move,7,62.5474,62.5561,0,0.088,0.439,0.264,0.176,0.527,0.088,-1.055,2.021,0.439,0.088,0.439,0.088,0.088,0.176,0.088,0.088,0.527,0.264,0.088,0.439,0.264,0.176,0.527,0.088,-1.055,1.263,0.439,0.088,0.439,0.088,0.088,0.176,0.088,0.088,0.527,0.264,0.013,4.8,11.90,31.0
62.5874,1365,10,move,7,62.5874,62.5957,0,0.088,0.439,0.264,0.176,0.527,0.088,-1.055,1.670,0.439,0.088,0.439,0.088,0.088,0.176,0.088,0.088,0.527,0.264,0.088,0.439,0.264,0.176,0.527,0.088,-1.055,0.585,0.439,0.088,0.439,0.088,0.088,0.176,0.088,0.088,0.527,0.264,0.013,4.8,11.90,31.0
62.6274,1366,10,move,7,62.6274,62.6357,0,0.088,0.439,0.264,0.176,0.527,0.088,-1.055,1.406,0.439,0.088,0.439,0.088,0.088,0.176,0.088,0.088,0.527,0.264,0.088,0.439,0.264,0.176,0.527,0.088,-1.055,-0.163,0.439,0.088,0.439,0.088,0.088,0.176,0.088,0.088,0.527,0.264,0.013,4.8,11.90,31.0
62.6674,1367,10,move,7,62.6674,62.6760,0,0.088,0.439,0.264,0.176,0.527,0.088,-1.055,0.967,0.439,0.088,0.439,0.088,0.088,0.176,0.088,0.088,0.527,0.264,0.088,0.439,0.264,0.176,0.527,0.088,-1.055,-0.876,0.439,0.088,0.439,0.088,0.088,0.176,0.088,0.088,0.527,0.264,0.026,7.6,11.90,31.0
62.7074,1368,10,move,7,62.7074,62.7160,0,0.088,0.439,0.264,0.176,0.527,0.088,-1.055,0.264,0.439,0.088,0.439,0.088,0.088,0.176,0.088,0.088,0.527,0.264,0.088,0.439,0.264,0.176,0.527,0.088,-1.055,-1.453,0.439,0.088,0.439,0.088,0.088,0.176,0.088,0.088,0.527,0.264,0.026,7.6,11.90,31.0
62.7471,1369,10,move,7,62.7471,62.7552,0,0.088,0.439,0.264,0.176,0.527,0.088,-1.055,-0.439,0.439,0.088,0.439,0.088,0.088,0.176,0.088,0.088,0.527,0.264,0.088,0.439,0.264,0.176,0.527,0.088,-1.055,-1.814,0.439,0.088,0.439,0.088,0.088,0.176,0.088,0.088,0.527,0.264,0.026,7.6,11.90,31.0
62.7874,1370,10,move,7,62.7874,62.7956,0,0.088,0.439,0.264,0.176,0.527,0.088,-1.055,-0.967,0.439,0.088,0.439,0.088,0.088,0.176,0.088,0.088,0.527,0.264,0.088,0.439,0.264,0.176,0.527,0.088,-1.055,-1.908,0.439,0.088,0.439,0.088,0.088,0.176,0.088,0.088,0.527,0.264,0.019,6.4,11.90,31.0
62.8271,1371,10,move,7,62.8271,62.8352,0,0.088,0.439,0.264,0.176,0.527,0.088,-1.055,-1.494,0.439,0.088,0.439,0.088,0.088,0.176,0.088,0.088,0.527,0.264,0.088,0.439,0.264,0.176,0.527,0.088,-1.055,-1.722,0.439,0.088,0.439,0.088,0.088,0.176,0.088,0.088,0.527,0.264,0.019,6.4,11.90,31.0
62.8674,1372,10,move,7,62.8674,62.8756,0,0.088,0.439,0.264,0.176,0.527,0.088,-1.055,-1.670,0.439,0.088,0.439,0.088,0.088,0.176,0.088,0.088,0.527,0.264,0.088,0.439,0.264,0.176,0.527,0.088,-1.055,-1.281,0.439,0.088,0.439,0.088,0.088,0.176,0.088,0.088,0.527,0.264,0.019,6.4,11.90,31.0
62.9075,1373,10,move,7,62.9075,62.9154,0,0.088,0.439,0.264,0.176,0.527,0.088,-1.055,-1.494,0.439,0.088,0.439,0.088,0.088,0.176,0.088,0.088,0.527,0.264,0.088,0.439,0.264,0.176,0.527,0.088,-1.055,-0.648,0.439,0.088,0.439,0.088,0.088,0.176,0.088,0.088,0.527,0.264,0.006,2.0,11.90,31.0
62.9474,1374,10,move,7,62.9474,62.9555,0,0.088,0.439,0.264,0.176,0.527,0.088,-1.055,-1.318,0.439,0.088,0.439,0.088,0.088,0.176,0.088,0.088,0.527,0.264,0.088,0.439,0.264,0.176,0.527,0.088,-1.055,0.088,0.439,0.088,0.439,0.088,0.088,0.176,0.088,0.088,0.527,0.264,0.006,2.0,11.90,31.0
62.9874,1375,10,move,7,62.9874,62.9954,0,0.088,0.439,0.264,0.176,0.527,0.088,-1.055,-0.615,0.439,0.088,0.439,0.088,0.088,0.176,0.088,0.088,0.527,0.264,0.088,0.439,0.264,0.176,0.527,0.088,-1.055,0.824,0.439,0.088,0.439,0.088,0.088,0.176,0.088,0.088,0.527,0.264,0.006,2.0,11.90,31.0
63.0272,1376,10,move,7,63.0272,63.0352,0,0.088,0.439,0.264,0.176,0.527,0.088,-1.055,0.000,0.439,0.088,0.439,0.088,0.088,0.176,0.088,0.088,0.527,0.264,0.088,0.439,0.264,0.176,0.527,0.088,-1.055,1.457,0.439,0.088,0.439,0.088,0.088,0.176,0.088,0.088,0.527,0.264,0.006,3.6,11.90,31.0
63.0671,1377,10,move,7,63.0671,63.0752,0,0.088,0.439,0.264,0.176,0.527,0.088,-1.055,0.615,0.439,0.088,0.439,0.088,0.088,0.176,0.088,0.088,0.527,0.264,0.088,0.439,0.264,0.176,0.527,0.088,-1.055,1.898,0.439,0.088,0.439,0.088,0.088,0.176,0.088,0.088,0.527,0.264,0.006,3.6,11.90,31.0
63.1071,1378,10,move,7,63.1071,63.1153,0,0.088,0.439,0.264,0.176,0.527,0.088,-1.055,1.318,0.439,0.088,0.439,0.088,0.088,0.176,0.088,0.088,0.527,0.264,0.088,0.439,0.264,0.176,0.527,0.088,-1.055,2.084,0.439,0.088,0.439,0.088,0.088,0.176,0.088,0.088,0.527,0.264,0.006,3.6,11.90,31.0
63.1474,1379,10,move,7,63.1474,63.1552,0,0.088,0.439,0.264,0.176,0.527,0.088,-1.055,1.758,0.439,0.088,0.439,0.088,0.088,0.176,0.088,0.088,0.527,0.264,0.088,0.439,0.264,0.176,0.527,0.088,-1.055,1.990,0.439,0.088,0.439,0.088,0.088,0.176,0.088,0.088,0.527,0.264,0.006,0.0,11.90,31.0
63.1872,1380,10,move,7,63.1872,63.1952,0,0.088,0.439,0.264,0.176,0.527,0.088,-1.055,2.021,0.439,0.088,0.439,0.088,0.088,0.176,0.088,0.088,0.527,0.264,0.088,0.439,0.264,0.176,0.527,0.088,-1.055,1.629,0.439,0.088,0.439,0.088,0.088,0.176,0.088,0.088,0.527,0.264,0.006,0.0,11.90,31.0
63.2274,1381,10,move,7,63.2274,63.2364,0,0.088,0.439,0.264,0.176,0.527,0.088,-1.055,2.021,0.439,0.088,0.439,0.088,0.088,0.176,0.088,0.088,0.527,0.264,0.088,0.439,0.264,0.176,0.527,0.088,-1.055,1.051,0.439,0.088,0.439,0.088,0.088,0.176,0.088,0.088,0.527,0.264,0.006,0.0,11.90,31.0
63.2672,1382,10,move,7,63.2672,63.2756,0,0.088,0.439,0.264,0.176,0.527,0.088,-1.055,1.758,0.439,0.088,0.439,0.088,0.088,0.176,0.088,0.088,0.527,0.264,0.088,0.439,0.264,0.176,0.527,0.088,-1.055,0.339,0.439,0.088,0.439,0.088,0.088,0.176,0.088,0.088,0.527,0.264,0.013,5.6,11.90,31.0
63.3072,1383,10,move,7,63.3072,63.3153,0,0.088,0.439,0.264,0.176,0.527,0.088,-1.055,1.318,0.439,0.088,0.439,0.088,0.088,0.176,0.088,0.088,0.527,0.264,0.088,0.439,0.264,0.176,0.527,0.088,-1.055,-0.409,0.439,0.088,0.439,0.088,0.088,0.176,0.088,0.088,0.527,0.264,0.013,5.6,11.90,31.0
63.3474,1384,10,move,7,63.3474,63.3557,0,0.088,0.439,0.264,0.176,0.527,0.088,-1.055,0.791,0.439,0.088,0.439,0.088,0.088,0.176,0.088,0.088,0.527,0.264,0.088,0.439,0.264,0.176,0.527,0.088,-1.055,-1.088,0.439,0.088,0.439,0.088,0.088,0.176,0.088,0.088,0.527,0.264,0.013,5.6,11.90,31.0
63.3874,1385,10,move,7,63.3874,63.3958,0,0.088,0.439,0.264,0.176,0.527,0.088,-1.055,0.088,0.439,0.088,0.439,0.088,0.088,0.176,0.088,0.088,0.527,0.264,0.088,0.439,0.264,0.176,0.527,0.088,-1.055,-1.601,0.439,0.088,0.439,0.088,0.088,0.176,0.088,0.088,0.527,0.264,0.019,6.4,11.90,31.0
63.4272,1386,10,move,7,63.4272,63.4357,0,0.088,0.439,0.264,0.176,0.527,0.088,-1.055,-0.615,0.439,0.088,0.439,0.088,0.088,0.176,0.088,0.088,0.527,0.264,0.088,0.439,0.264,0.176,0.527,0.088,-1.055,-1.877,0.439,0.088,0.439,0.088,0.088,0.176,0.088,0.088,0.527,0.264,0.019,6.4,11.90,31.0
63.4674,1387,10,move,7,63.4674,63.4757,0,0.088,0.439,0.264,0.176,0.527,0.088,-1.055,-1.143,0.439,0.088,0.439,0.088,0.088,0.176,0.088,0.088,0.527,0.264,0.088,0.439,0.264,0.176,0.527,0.088,-1.055,-1.877,0.439,0.088,0.439,0.088,0.088,0.176,0.088,0.088,0.527,0.264,0.019,6.4,11.90,31.0
63.5072,1388,10,move,7,63.5072,63.5157,0,0.088,0.439,0.264,0.176,0.527,0.088,-1.055,-1.582,0.439,0.088,0.439,0.088,0.088,0.176,0.088,0.088,0.527,0.264,0.088,0.439,0.264,0.176,0.527,0.088,-1.055,-1.601,0.439,0.088,0.439,0.088,0.088,0.176,0.088,0.088,0.527,0.264,0.006,2.4,11.90,31.0
63.5472,1389,10,move,7,63.5472,63.5551,0,0.088,0.439,0.264,0.176,0.527,0.088,-1.055,-1.582,0.439,0.088,0.439,0.088,0.088,0.176,0.088,0.088,0.527,0.264,0.088,0.439,0.264,0.176,0.527,0.088,-1.055,-1.088,0.439,0.088,0.439,0.088,0.088,0.176,0.088,0.088,0.527,0.264,0.006,2.4,11.90,31.0
63.5872,1390,10,move,7,63.5872,63.5957,0,0.088,0.439,0.264,0.176,0.527,0.088,-1.055,-1.406,0.439,0.088,0.439,0.088,0.088,0.176,0.088,0.088,0.527,0.264,0.088,0.439,0.264,0.176,0.527,0.088,-1.055,-0.409,0.439,0.088,0.439,0.088,0.088,0.176,0.088,0.088,0.527,0.264,0.006,2.4,11.90,31.0
63.6272,1391,10,rest,7,63.6272,63.6359,0,0.088,0.439,0.264,0.176,0.527,0.088,-1.055,-1.055,0.439,0.088,0.439,0.088,0.088,0.176,0.088,0.088,0.527,0.264,0.088,0.439,0.264,0.176,0.527,0.088,-1.055,0.088,0.439,0.088,0.439,0.088,0.088,0.176,0.088,0.088,0.527,0.264,0.000,3.2,11.90,31.0
63.6672,1392,10,rest,7,63.6672,63.6756,0,0.088,0.439,0.264,0.176,0.527,0.088,-1.055,-0.439,0.439,0.088,0.439,0.088,0.088,0.176,0.088,0.088,0.527,0.264,0.088,0.439,0.264,0.176,0.527,0.088,-1.055,0.088,0.439,0.088,0.439,0.088,0.088,0.176,0.088,0.088,0.527,0.264,0.000,3.2,11.90,31.0
63.7071,1393,10,rest,7,63.7071,63.7156,0,0.088,0.439,0.264,0.176,0.527,0.088,-1.055,-0.088,0.439,0.088,0.439,0.088,0.088,0.176,0.088,0.088,0.527,0.264,0.088,0.439,0.264,0.176,0.527,0.088,-1.055,0.088,0.439,0.088,0.439,0.088,0.088,0.176,0.088,0.088,0.527,0.264,0.000,3.2,11.90,31.0
63.7474,1394,10,rest,7,63.7474,63.7562,0,0.088,0.439,0.264,0.176,0.527,0.088,-1.055,0.088,0.439,0.088,0.439,0.088,0.088,0.176,0.088,0.088,0.527,0.264,0.088,0.439,0.264,0.176,0.527,0.088,-1.055,0.088,0.439,0.088,0.439,0.088,0.088,0.176,0.088,0.088,0.527,0.264,0.000,0.0,11.90,31.0
63.7874,1395,10,rest,7,63.7874,63.7961,0,0.088,0.439,0.264,0.176,0.527,0.088,-1.055,0.088,0.439,0.088,0.439,0.088,0.088,0.176,0.088,0.088,0.527,0.264,0.088,0.439,0.264,0.176,0.527,0.088,-1.055,0.088,0.439,0.088,0.439,0.088,0.088,0.176,0.088,0.088,0.527,0.264,0.000,0.0,11.90,31.0
63.8274,1396,10,rest,7,63.8274,63.8357,0,0.088,0.439,0.264,0.176,0.527,0.088,-1.055,0.088,0.439,0.088,0.439,0.088,0.088,0.176,0.088,0.088,0.527,0.264,0.088,0.439,0.264,0.176,0.527,0.088,-1.055,0.088,0.439,0.088,0.439,0.088,0.088,0.176,0.088,0.088,0.527,0.264,0.000,0.0,11.90,31.0
63.8702,1397,10,rest,7,63.8702,63.8774,0,0.088,0.439,0.264,0.176,0.527,0.088,-1.055,0.088,0.439,0.088,0.439,0.088,0.088,0.176,0.088,0.088,0.527,0.264,0.088,0.439,0.264,0.176,0.527,0.088,-1.055,0.088,0.439,0.088,0.439,0.088,0.088,0.176,0.088,0.088,0.527,0.264,0.000,0.0,11.90,31.0
63.9071,1398,10,rest,7,63.9071,63.9152,0,0.088,0.439,0.264,0.176,0.527,0.088,-1.055,0.088,0.439,0.088,0.439,0.088,0.088,0.176,0.088,0.088,0.527,0.264,0.088,0.439,0.264,0.176,0.527,0.088,-1.055,0.088,0.439,0.088,0.439,0.088,0.088,0.176,0.088,0.088,0.527,0.264,0.000,0.0,11.90,31.0
63.9474,1399,10,rest,7,63.9474,63.9559,0,0.088,0.439,0.264,0.176,0.527,0.088,-1.055,0.088,0.439,0.088,0.439,0.088,0.088,0.176,0.088,0.088,0.527,0.264,0.088,0.439,0.264,0.176,0.527,0.088,-1.055,0.088,0.439,0.088,0.439,0.088,0.088,0.176,0.088,0.088,0.527,0.264,0.000,0.0,11.90,31.0
63.9871,1400,10,rest,7,63.9871,63.9959,0,0.088,0.439,0.264,0.176,0.527,0.088,-1.055,0.088,0.439,0.088,0.439,0.088,0.088,0.176,0.088,0.088,0.527,0.264,0.088,0.439,0.264,0.176,0.527,0.088,-1.055,0.088,0.439,0.088,0.439,0.088,0.088,0.176,0.088,0.088,0.527,0.264,0.000,0.0,11.90,31.0
64.0271,1401,10,rest,7,64.0271,64.0351,0,0.088,0.439,0.264,0.176,0.527,0.088,-1.055,0.088,0.439,0.088,0.439,0.088,0.088,0.176,0.088,0.088,0.527,0.264,0.088,0.439,0.264,0.176,0.527,0.088,-1.055,0.088,0.439,0.088,0.439,0.088,0.088,0.176,0.088,0.088,0.527,0.264,0.000,0.0,11.90,31.0
64.0674,1402,10,rest,7,64.0674,64.0756,0,0.088,0.439,0.264,0.176,0.527,0.088,-1.055,0.088,0.439,0.088,0.439,0.088,0.088,0.176,0.088,0.088,0.527,0.264,0.088,0.439,0.264,0.176,0.527,0.088,-1.055,0.088,0.439,0.088,0.439,0.088,0.088,0.176,0.088,0.088,0.527,0.264,0.000,0.0,11.90,31.0
64.1074,1403,10,rest,7,64.1074,64.1154,0,0.088,0.439,0.264,0.176,0.527,0.088,-1.055,0.088,0.439,0.088,0.439,0.088,0.088,0.176,0.088,0.088,0.527,0.264,0.088,0.439,0.264,0.176,0.527,0.088,-1.055,0.088,0.439,0.088,0.439,0.088,0.088,0.176,0.088,0.088,0.527,0.264,0.000,0.0,11.90,31.0
64.1474,1404,10,rest,7,64.1474,64.1556,0,0.088,0.439,0.264,0.176,0.527,0.088,-1.055,0.088,0.439,0.088,0.439,0.088,0.088,0.176,0.088,0.088,0.527,0.264,0.088,0.439,0.264,0.176,0.527,0.088,-1.055,0.088,0.439,0.088,0.439,0.088,0.088,0.176,0.088,0.088,0.527,0.264,0.000,0.0,11.90,31.0
64.1872,1405,10,rest,7,64.1872,64.1952,0,0.088,0.439,0.264,0.176,0.527,0.088,-1.055,0.088,0.439,0.088,0.439,0.088,0.088,0.176,0.088,0.088,0.527,0.264,0.088,0.439,0.264,0.176,0.527,0.088,-1.055,0.088,0.439,0.088,0.439,0.088,0.088,0.176,0.088,0.088,0.527,0.264,0.000,0.0,11.90,31.0
64.2274,1406,10,rest,7,64.2274,64.2356,0,0.088,0.439,0.264,0.176,0.527,0.088,-1.055,0.088,0.439,0.088,0.439,0.088,0.088,0.176,0.088,0.088,0.527,0.264,0.088,0.439,0.264,0.176,0.527,0.088,-1.055,0.088,0.439,0.088,0.439,0.088,0.088,0.176,0.088,0.088,0.527,0.264,0.000,0.0,11.90,31.0
64.2674,1407,10,rest,7,64.2674,64.2760,0,0.088,0.439,0.264,0.176,0.527,0.088,-1.055,0.088,0.439,0.088,0.439,0.088,0.088,0.176,0.088,0.088,0.527,0.264,0.088,0.439,0.264,0.176,0.527,0.088,-1.055,0.088,0.439,0.088,0.439,0.088,0.088,0.176,0.088,0.088,0.527,0.264,0.000,0.0,11.90,31.0
64.3074,1408,10,rest,7,64.3074,64.3160,0,0.088,0.439,0.264,0.176,0.527,0.088,-1.055,0.088,0.439,0.088,0.439,0.088,0.088,0.176,0.088,0.088,0.527,0.264,0.088,0.439,0.264,0.176,0.527,0.088,-1.055,0.088,0.439,0.088,0.439,0.088,0.088,0.176,0.088,0.088,0.527,0.264,0.000,0.0,11.90,31.0
64.3472,1409,10,rest,7,64.3472,64.3555,0,0.088,0.439,0.264,0.176,0.527,0.088,-1.055,0.088,0.439,0.088,0.439,0.088,0.088,0.176,0.088,0.088,0.527,0.264,0.088,0.439,0.264,0.176,0.527,0.088,-1.055,0.088,0.439,0.088,0.439,0.088,0.088,0.176,0.088,0.088,0.527,0.264,0.000,0.0,11.90,31.0
64.3874,1410,10,rest,7,64.3874,64.3961,0,0.088,0.439,0.264,0.176,0.527,0.088,-1.055,0.088,0.439,0.088,0.439,0.088,0.088,0.176,0.088,0.088,0.527,0.264,0.088,0.439,0.264,0.176,0.527,0.088,-1.055,0.088,0.439,0.088,0.439,0.088,0.088,0.176,0.088,0.088,0.527,0.264,0.000,0.0,11.90,31.0
64.4326,1411,11,pre,7,64.4326,64.4407,0,0.088,0.439,0.264,0.176,0.527,0.088,-1.055,0.088,0.439,0.088,0.439,0.088,0.088,0.176,0.088,0.088,0.527,0.264,0.088,0.439,0.264,0.176,0.527,0.088,-1.055,0.088,0.439,0.088,0.439,0.088,0.088,0.176,0.088,0.088,0.527,0.264,0.000,0.0,11.90,31.0
64.4672,1412,11,pre,7,64.4672,64.4752,0,0.088,0.439,0.264,0.176,0.527,0.088,-1.055,0.088,0.439,0.088,0.439,0.088,0.088,0.176,0.088,0.088,0.527,0.264,0.088,0.439,0.264,0.176,0.527,0.088,-1.055,0.088,0.439,0.088,0.439,0.088,0.088,0.176,0.088,0.088,0.527,0.264,0.000,0.0,11.90,31.0
64.5074,1413,11,pre,7,64.5074,64.5155,0,0.088,0.439,0.264,0.176,0.527,0.088,-1.055,0.088,0.439,0.088,0.439,0.088,0.088,0.176,0.088,0.088,0.527,0.264,0.088,0.439,0.264,0.176,0.527,0.088,-1.055,0.088,0.439,0.088,0.439,0.088,0.088,0.176,0.088,0.088,0.527,0.264,0.000,0.0,11.90,31.0
64.5474,1414,11,pre,7,64.5474,64.5552,0,0.088,0.439,0.264,0.176,0.527,0.088,-1.055,0.088,0.439,0.088,0.439,0.088,0.088,0.176,0.088,0.088,0.527,0.264,0.088,0.439,0.264,0.176,0.527,0.088,-1.055,0.088,0.439,0.088,0.439,0.088,0.088,0.176,0.088,0.088,0.527,0.264,0.000,0.0,11.90,31.0
64.5874,1415,11,pre,7,64.5874,64.5961,0,0.088,0.439,0.264,0.176,0.527,0.088,-1.055,0.088,0.439,0.088,0.439,0.088,0.088,0.176,0.088,0.088,0.527,0.264,0.088,0.439,0.264,0.176,0.527,0.088,-1.055,0.088,0.439,0.088,0.439,0.088,0.088,0.176,0.088,0.088,0.527,0.264,0.000,0.0,11.90,31.0
64.6271,1416,11,pre,7,64.6271,64.6357,0,0.088,0.439,0.264,0.176,0.527,0.088,-1.055,0.088,0.439,0.088,0.439,0.088,0.088,0.176,0.088,0.088,0.527,0.264,0.088,0.439,0.264,0.176,0.527,0.088,-1.055,0.088,0.439,0.088,0.439,0.088,0.088,0.176,0.088,0.088,0.527,0.264,0.000,0.0,11.90,31.0
64.6672,1417,11,pre,7,64.6672,64.6758,0,0.088,0.439,0.264,0.176,0.527,0.088,-1.055,0.088,0.439,0.088,0.439,0.088,0.088,0.176,0.088,0.088,0.527,0.264,0.088,0.439,0.264,0.176,0.527,0.088,-1.055,0.088,0.439,0.088,0.439,0.088,0.088,0.176,0.088,0.088,0.527,0.264,0.000,0.0,11.90,31.0
64.7071,1418,11,pre,7,64.7071,64.7158,0,0.088,0.439,0.264,0.176,0.527,0.088,-1.055,0.088,0.439,0.088,0.439,0.088,0.088,0.176,0.088,0.088,0.527,0.264,0.088,0.439,0.264,0.176,0.527,0.088,-1.055,0.088,0.439,0.088,0.439,0.088,0.088,0.176,0.088,0.088,0.527,0.264,0.000,0.0,11.90,31.0
64.7472,1419,11,pre,7,64.7472,64.7557,0,0.088,0.439,0.264,0.176,0.527,0.088,-1.055,0.088,0.439,0.088,0.439,0.088,0.088,0.176,0.088,0.088,0.527,0.264,0.088,0.439,0.264,0.176,0.527,0.088,-1.055,0.088,0.439,0.088,0.439,0.088,0.088,0.176,0.088,0.088,0.527,0.264,0.000,0.0,11.90,31.0
64.7872,1420,11,pre,7,64.7872,64.7958,0,0.088,0.439,0.264,0.176,0.527,0.088,-1.055,0.088,0.439,0.088,0.439,0.088,0.088,0.176,0.088,0.088,0.527,0.264,0.088,0.439,0.264,0.176,0.527,0.088,-1.055,0.088,0.439,0.088,0.439,0.088,0.088,0.176,0.088,0.088,0.527,0.264,0.000,0.0,11.90,31.0
64.8272,1421,11,pre,7,64.8272,64.8343,0,0.088,0.439,0.264,0.176,0.527,0.088,-1.055,0.088,0.439,0.088,0.439,0.088,0.088,0.176,0.088,0.088,0.527,0.264,0.088,0.439,0.264,0.176,0.527,0.088,-1.055,0.088,0.439,0.088,0.439,0.088,0.088,0.176,0.088,0.088,0.527,0.264,0.000,0.0,11.90,31.0
64.8672,1422,11,pre,7,64.8672,64.8758,0,0.088,0.439,0.264,0.176,0.527,0.088,-1.055,0.088,0.439,0.088,0.439,0.088,0.088,0.176,0.088,0.088,0.527,0.264,0.088,0.439,0.264,0.176,0.527,0.088,-1.055,0.088,0.439,0.088,0.439,0.088,0.088,0.176,0.088,0.088,0.527,0.264,0.000,0.0,11.90,31.0
64.9072,1423,11,pre,7,64.9072,64.9157,0,0.088,0.439,0.264,0.176,0.527,0.088,-1.055,0.088,0.439,0.088,0.439,0.088,0.088,0.176,0.088,0.088,0.527,0.264,0.088,0.439,0.264,0.176,0.527,0.088,-1.055,0.088,0.439,0.088,0.439,0.088,0.088,0.176,0.088,0.088,0.527,0.264,0.000,0.0,11.90,31.0
64.9471,1424,11,pre,7,64.9471,64.9557,0,0.088,0.439,0.264,0.176,0.527,0.088,-1.055,0.088,0.439,0.088,0.439,0.088,0.088,0.176,0.088,0.088,0.527,0.264,0.088,0.439,0.264,0.176,0.527,0.088,-1.055,0.088,0.439,0.088,0.439,0.088,0.088,0.176,0.088,0.088,0.527,0.264,0.000,0.0,11.90,31.0
64.9874,1425,11,pre,7,64.9874,64.9959,0,0.088,0.439,0.264,0.176,0.527,0.088,-1.055,0.088,0.439,0.088,0.439,0.088,0.088,0.176,0.088,0.088,0.527,0.264,0.088,0.439,0.264,0.176,0.527,0.088,-1.055,0.088,0.439,0.088,0.439,0.088,0.088,0.176,0.088,0.088,0.527,0.264,0.000,0.0,11.90,31.0
65.0272,1426,11,move,7,65.0272,65.0360,0,0.088,0.439,0.264,0.176,0.527,0.088,-1.055,0.088,0.439,0.088,0.439,0.088,0.088,0.176,0.088,0.088,0.527,0.264,0.088,0.439,0.264,0.176,0.527,0.088,-1.055,0.088,0.439,0.088,0.439,0.088,0.088,0.176,0.088,0.088,0.527,0.264,0.000,0.0,11.90,31.0
65.0672,1427,11,move,7,65.0672,65.0758,0,0.088,0.439,0.264,0.176,0.527,0.088,-1.055,0.088,0.439,0.088,0.439,0.088,0.088,0.176,0.088,0.088,0.527,0.264,0.088,0.439,0.264,0.176,0.527,0.088,-1.055,1.051,0.439,0.088,0.439,0.088,0.088,0.176,0.088,0.088,0.527,0.264,0.000,0.0,11.90,31.0
65.1074,1428,11,move,7,65.1074,65.1160,0,0.088,0.439,0.264,0.176,0.527,0.088,-1.055,0.088,0.439,0.088,0.439,0.088,0.088,0.176,0.088,0.088,0.527,0.264,0.088,0.439,0.264,0.176,0.527,0.088,-1.055,1.777,0.439,0.088,0.439,0.088,0.088,0.176,0.088,0.088,0.527,0.264,0.000,0.0,11.90,31.0
65.1471,1429,11,move,7,65.1471,65.1558,0,0.088,0.439,0.264,0.176,0.527,0.088,-1.055,0.703,0.439,0.088,0.439,0.088,0.088,0.176,0.088,0.088,0.527,0.264,0.088,0.439,0.264,0.176,0.527,0.088,-1.055,2.084,0.439,0.088,0.439,0.088,0.088,0.176,0.088,0.088,0.527,0.264,0.000,0.0,11.90,31.0
65.1874,1430,11,move,7,65.1874,65.1959,0,0.088,0.439,0.264,0.176,0.527,0.088,-1.055,1.494,0.439,0.088,0.439,0.088,0.088,0.176,0.088,0.088,0.527,0.264,0.088,0.439,0.264,0.176,0.527,0.088,-1.055,1.898,0.439,0.088,0.439,0.088,0.088,0.176,0.088,0.088,0.527,0.264,0.000,2.8,11.90,32.0
65.2271,1431,11,move,7,65.2271,65.2357,0,0.088,0.439,0.264,0.176,0.527,0.088,-1.055,1.934,0.439,0.088,0.439,0.088,0.088,0.176,0.088,0.088,0.527,0.264,0.088,0.439,0.264,0.176,0.527,0.088,-1.055,1.263,0.439,0.088,0.439,0.088,0.088,0.176,0.088,0.088,0.527,0.264,0.000,2.8,11.90,32.0
65.2672,1432,11,move,7,65.2672,65.2767,0,0.088,0.439,0.264,0.176,0.527,0.088,-1.055,1.934,0.439,0.088,0.439,0.088,0.088,0.176,0.088,0.088,0.527,0.264,0.088,0.439,0.264,0.176,0.527,0.088,-1.055,0.339,0.439,0.088,0.439,0.088,0.088,0.176,0.088,0.088,0.527,0.264,0.000,2.8,11.90,32.0
65.3074,1433,11,move,7,65.3074,65.3160,0,0.088,0.439,0.264,0.176,0.527,0.088,-1.055,1.846,0.439,0.088,0.439,0.088,0.088,0.176,0.088,0.088,0.527,0.264,0.088,0.439,0.264,0.176,0.527,0.088,-1.055,-0.648,0.439,0.088,0.439,0.088,0.088,0.176,0.088,0.088,0.527,0.264,0.026,7.6,11.90,31.0
65.3471,1434,11,move,7,65.3471,65.3724,0,0.088,0.439,0.264,0.176,0.527,0.088,-1.055,0.703,0.439,0.088,0.439,0.088,0.088,0.176,0.088,0.088,0.527,0.264,0.088,0.439,0.264,0.176,0.527,0.088,-1.055,-1.453,0.439,0.088,0.439,0.088,0.088,0.176,0.088,0.088,0.527,0.264,0.026,7.6,11.90,31.0
65.3871,1435,11,move,7,65.3871,65.3960,0,0.088,0.439,0.264,0.176,0.527,0.088,-1.055,0.352,0.439,0.088,0.439,0.088,0.088,0.176,0.088,0.088,0.527,0.264,0.088,0.439,0.264,0.176,0.527,0.088,-1.055,-1.877,0.439,0.088,0.439,0.088,0.088,0.176,0.088,0.088,0.527,0.264,0.026,7.6,11.90,31.0
65.4274,1436,11,move,7,65.4274,65.4362,0,0.088,0.439,0.264,0.176,0.527,0.088,-1.055,-0.527,0.439,0.088,0.439,0.088,0.088,0.176,0.088,0.088,0.527,0.264,0.088,0.439,0.264,0.176,0.527,0.088,-1.055,-1.814,0.439,0.088,0.439,0.088,0.088,0.176,0.088,0.088,0.527,0.264,0.019,6.0,11.90,31.0
65.4674,1437,11,move,7,65.4674,65.4762,0,0.088,0.439,0.264,0.176,0.527,0.088,-1.055,-1.143,0.439,0.088,0.439,0.088,0.088,0.176,0.088,0.088,0.527,0.264,0.088,0.439,0.264,0.176,0.527,0.088,-1.055,-1.281,0.439,0.088,0.439,0.088,0.088,0.176,0.088,0.088,0.527,0.264,0.019,6.0,11.90,31.0
65.5071,1438,11,move,7,65.5071,65.5158,0,0.088,0.439,0.264,0.176,0.527,0.088,-1.055,-1.582,0.439,0.088,0.439,0.088,0.088,0.176,0.088,0.088,0.527,0.264,0.088,0.439,0.264,0.176,0.527,0.088,-1.055,-0.409,0.439,0.088,0.439,0.088,0.088,0.176,0.088,0.088,0.527,0.264,0.019,6.0,11.90,31.0
65.5471,1439,11,move,7,65.5471,65.5558,0,0.088,0.439,0.264,0.176,0.527,0.088,-1.055,-1.494,0.439,0.088,0.439,0.088,0.088,0.176,0.088,0.088,0.527,0.264,0.088,0.439,0.264,0.176,0.527,0.088,-1.055,0.585,0.439,0.088,0.439,0.088,0.088,0.176,0.088,0.088,0.527,0.264,0.000,0.0,11.90,31.0
65.5872,1440,11,move,7,65.5872,65.5957,0,0.088,0.439,0.264,0.176,0.527,0.088,-1.055,-0.967,0.439,0.088,0.439,0.088,0.088,0.176,0.088,0.088,0.527,0.264,0.088,0.439,0.264,0.176,0.527,0.088,-1.055,1.457,0.439,0.088,0.439,0.088,0.088,0.176,0.088,0.088,0.527,0.264,0.000,0.0,11.90,31.0
65.6274,1441,11,move,7,65.6274,65.6361,0,0.088,0.439,0.264,0.176,0.527,0.088,-1.055,-0.176,0.439,0.088,0.439,0.088,0.088,0.176,0.088,0.088,0.527,0.264,0.088,0.439,0.264,0.176,0.527,0.088,-1.055,1.990,0.439,0.088,0.439,0.088,0.088,0.176,0.088,0.088,0.527,0.264,0.000,0.0,11.90,31.0
65.6672,1442,11,move,7,65.6672,65.6757,0,0.088,0.439,0.264,0.176,0.527,0.088,-1.055,0.791,0.439,0.088,0.439,0.088,0.088,0.176,0.088,0.088,0.527,0.264,0.088,0.439,0.264,0.176,0.527,0.088,-1.055,2.052,0.439,0.088,0.439,0.088,0.088,0.176,0.088,0.088,0.527,0.264,0.000,3.2,11.90,31.0
65.7071,1443,11,move,7,65.7071,65.7158,0,0.088,0.439,0.264,0.176,0.527,0.088,-1.055,1.494,0.439,0.088,0.439,0.088,0.088,0.176,0.088,0.088,0.527,0.264,0.088,0.439,0.264,0.176,0.527,0.088,-1.055,1.629,0.439,0.088,0.439,0.088,0.088,0.176,0.088,0.088,0.527,0.264,0.000,3.2,11.90,31.0
65.7474,1444,11,move,7,65.7474,65.7559,0,0.088,0.439,0.264,0.176,0.527,0.088,-1.055,1.846,0.439,0.088,0.439,0.088,0.088,0.176,0.088,0.088,0.527,0.264,0.088,0.439,0.264,0.176,0.527,0.088,-1.055,0.824,0.439,0.088,0.439,0.088,0.088,0.176,0.088,0.088,0.527,0.264,0.000,3.2,11.90,31.0
65.7874,1445,11,move,7,65.7874,65.7958,0,0.088,0.439,0.264,0.176,0.527,0.088,-1.055,1.934,0.439,0.088,0.439,0.088,0.088,0.176,0.088,0.088,0.527,0.264,0.088,0.439,0.264,0.176,0.527,0.088,-1.055,-0.163,0.439,0.088,0.439,0.088,0.088,0.176,0.088,0.088,0.527,0.264,0.019,5.2,11.90,31.0
65.8272,1446,11,move,7,65.8272,65.8356,0,0.088,0.439,0.264,0.176,0.527,0.088,-1.055,1.494,0.439,0.088,0.439,0.088,0.088,0.176,0.088,0.088,0.527,0.264,0.088,0.439,0.264,0.176,0.527,0.088,-1.055,-1.088,0.439,0.088,0.439,0.088,0.088,0.176,0.088,0.088,0.527,0.264,0.019,5.2,11.90,31.0
65.8674,1447,11,move,7,65.8674,65.8758,0,0.088,0.439,0.264,0.176,0.527,0.088,-1.055,0.703,0.439,0.088,0.439,0.088,0.088,0.176,0.088,0.088,0.527,0.264,0.088,0.439,0.264,0.176,0.527,0.088,-1.055,-1.722,0.439,0.088,0.439,0.088,0.088,0.176,0.088,0.088,0.527,0.264,0.019,5.2,11.90,31.0
65.9074,1448,11,move,7,65.9074,65.9186,0,0.088,0.439,0.264,0.176,0.527,0.088,-1.055,-0.088,0.439,0.088,0.439,0.088,0.088,0.176,0.088,0.088,0.527,0.264,0.088,0.439,0.264,0.176,0.527,0.088,-1.055,-1.908,0.439,0.088,0.439,0.088,0.088,0.176,0.088,0.088,0.527,0.264,0.019,7.2,11.90,31.0
65.9472,1449,11,move,7,65.9472,65.9560,0,0.088,0.439,0.264,0.176,0.527,0.088,-1.055,-0.879,0.439,0.088,0.439,0.088,0.088,0.176,0.088,0.088,0.527,0.264,0.088,0.439,0.264,0.176,0.527,0.088,-1.055,-1.601,0.439,0.088,0.439,0.088,0.088,0.176,0.088,0.088,0.527,0.264,0.019,7.2,11.90,31.0
65.9874,1450,11,move,7,65.9874,65.9956,0,0.088,0.439,0.264,0.176,0.527,0.088,-1.055,-1.494,0.439,0.088,0.439,0.088,0.088,0.176,0.088,0.088,0.527,0.264,0.088,0.439,0.264,0.176,0.527,0.088,-1.055,-0.876,0.439,0.088,0.439,0.088,0.088,0.176,0.088,0.088,0.527,0.264,0.019,7.2,11.90,31.0
66.0274,1451,11,move,7,66.0274,66.0362,0,0.088,0.439,0.264,0.176,0.527,0.088,-1.055,-1.670,0.439,0.088,0.439,0.088,0.088,0.176,0.088,0.088,0.527,0.264,0.088,0.439,0.264,0.176,0.527,0.088,-1.055,0.088,0.439,0.088,0.439,0.088,0.088,0.176,0.088,0.088,0.527,0.264,0.000,2.0,11.90,31.0
66.0674,1452,11,move,7,66.0674,66.0761,0,0.088,0.439,0.264,0.176,0.527,0.088,-1.055,-1.230,0.439,0.088,0.439,0.088,0.088,0.176,0.088,0.088,0.527,0.264,0.088,0.439,0.264,0.176,0.527,0.088,-1.055,1.051,0.439,0.088,0.439,0.088,0.088,0.176,0.088,0.088,0.527,0.264,0.000,2.0,11.90,31.0
66.1074,1453,11,move,7,66.1074,66.1160,0,0.088,0.439,0.264,0.176,0.527,0.088,-1.055,-0.879,0.439,0.088,0.439,0.088,0.088,0.176,0.088,0.088,0.527,0.264,0.088,0.439,0.264,0.176,0.527,0.088,-1.055,1.777,0.439,0.088,0.439,0.088,0.088,0.176,0.088,0.088,0.527,0.264,0.000,2.0,11.90,31.0
66.1474,1454,11,move,7,66.1474,66.1560,0,0.088,0.439,0.264,0.176,0.527,0.088,-1.055,0.176,0.439,0.088,0.439,0.088,0.088,0.176,0.088,0.088,0.527,0.264,0.088,0.439,0.264,0.176,0.527,0.088,-1.055,2.084,0.439,0.088,0.439,0.088,0.088,0.176,0.088,0.088,0.527,0.264,0.006,4.0,11.90,31.0
66.1874,1455,11,move,7,66.1874,66.1960,0,0.088,0.439,0.264,0.176,0.527,0.088,-1.055,1.143,0.439,0.088,0.439,0.088,0.088,0.176,0.088,0.088,0.527,0.264,0.088,0.439,0.264,0.176,0.527,0.088,-1.055,1.898,0.439,0.088,0.439,0.088,0.088,0.176,0.088,0.088,0.527,0.264,0.006,4.0,11.90,31.0
66.2274,1456,11,move,7,66.2274,66.2360,0,0.088,0.439,0.264,0.176,0.527,0.088,-1.055,1.758,0.439,0.088,0.439,0.088,0.088,0.176,0.088,0.088,0.527,0.264,0.088,0.439,0.264,0.176,0.527,0.088,-1.055,1.263,0.439,0.088,0.439,0.088,0.088,0.176,0.088,0.088,0.527,0.264,0.006,4.0,11.90,31.0
66.2674,1457,11,move,7,66.2674,66.2761,0,0.088,0.439,0.264,0.176,0.527,0.088,-1.055,1.934,0.439,0.088,0.439,0.088,0.088,0.176,0.088,0.088,0.527,0.264,0.088,0.439,0.264,0.176,0.527,0.088,-1.055,0.339,0.439,0.088,0.439,0.088,0.088,0.176,0.088,0.088,0.527,0.264,0.000,0.0,11.90,31.0
66.3074,1458,11,move,7,66.3074,66.3160,0,0.088,0.439,0.264,0.176,0.527,0.088,-1.055,1.934,0.439,0.088,0.439,0.088,0.088,0.176,0.088,0.088,0.527,0.264,0.088,0.439,0.264,0.176,0.527,0.088,-1.055,-0.648,0.439,0.088,0.439,0.088,0.088,0.176,0.088,0.088,0.527,0.264,0.000,0.0,11.90,31.0
66.3474,1459,11,move,7,66.3474,66.3556,0,0.088,0.439,0.264,0.176,0.527,0.088,-1.055,1.494,0.439,0.088,0.439,0.088,0.088,0.176,0.088,0.088,0.527,0.264,0.088,0.439,0.264,0.176,0.527,0.088,-1.055,-1.453,0.439,0.088,0.439,0.088,0.088,0.176,0.088,0.088,0.527,0.264,0.000,0.0,11.90,31.0
66.3874,1460,11,move,7,66.3874,66.3962,0,0.088,0.439,0.264,0.176,0.527,0.088,-1.055,0.703,0.439,0.088,0.439,0.088,0.088,0.176,0.088,0.088,0.527,0.264,0.088,0.439,0.264,0.176,0.527,0.088,-1.055,-1.877,0.439,0.088,0.439,0.088,0.088,0.176,0.088,0.088,0.527,0.264,0.026,8.4,11.90,31.0
66.4272,1461,11,move,7,66.4272,66.4452,0,0.088,0.439,0.264,0.176,0.527,0.088,-1.055,-0.439,0.439,0.088,0.439,0.088,0.088,0.176,0.088,0.088,0.527,0.264,0.088,0.439,0.264,0.176,0.527,0.088,-1.055,-1.814,0.439,0.088,0.439,0.088,0.088,0.176,0.088,0.088,0.527,0.264,0.026,8.4,11.90,31.0
66.4672,1462,11,move,7,66.4672,66.4756,0,0.088,0.439,0.264,0.176,0.527,0.088,-1.055,-0.967,0.439,0.088,0.439,0.088,0.088,0.176,0.088,0.088,0.527,0.264,0.088,0.439,0.264,0.176,0.527,0.088,-1.055,-1.281,0.439,0.088,0.439,0.088,0.088,0.176,0.088,0.088,0.527,0.264,0.026,8.4,11.90,31.0
66.5074,1463,11,move,7,66.5074,66.5161,0,0.088,0.439,0.264,0.176,0.527,0.088,-1.055,-1.494,0.439,0.088,0.439,0.088,0.088,0.176,0.088,0.088,0.527,0.264,0.088,0.439,0.264,0.176,0.527,0.088,-1.055,-0.409,0.439,0.088,0.439,0.088,0.088,0.176,0.088,0.088,0.527,0.264,0.006,2.4,11.90,31.0
66.5472,1464,11,move,7,66.5472,66.5559,0,0.088,0.439,0.264,0.176,0.527,0.088,-1.055,-1.582,0.439,0.088,0.439,0.088,0.088,0.176,0.088,0.088,0.527,0.264,0.088,0.439,0.264,0.176,0.527,0.088,-1.055,0.585,0.439,0.088,0.439,0.088,0.088,0.176,0.088,0.088,0.527,0.264,0.006,2.4,11.90,31.0
66.5874,1465,11,move,7,66.5874,66.5960,0,0.088,0.439,0.264,0.176,0.527,0.088,-1.055,-1.143,0.439,0.088,0.439,0.088,0.088,0.176,0.088,0.088,0.527,0.264,0.088,0.439,0.264,0.176,0.527,0.088,-1.055,1.457,0.439,0.088,0.439,0.088,0.088,0.176,0.088,0.088,0.527,0.264,0.006,2.4,11.90,31.0
66.6274,1466,11,move,7,66.6274,66.6362,0,0.088,0.439,0.264,0.176,0.527,0.088,-1.055,-0.352,0.439,0.088,0.439,0.088,0.088,0.176,0.088,0.088,0.527,0.264,0.088,0.439,0.264,0.176,0.527,0.088,-1.055,1.990,0.439,0.088,0.439,0.088,0.088,0.176,0.088,0.088,0.527,0.264,0.006,5.2,11.90,31.0
66.6674,1467,11,move,7,66.6674,66.6760,0,0.088,0.439,0.264,0.176,0.527,0.088,-1.055,0.527,0.439,0.088,0.439,0.088,0.088,0.176,0.088,0.088,0.527,0.264,0.088,0.439,0.264,0.176,0.527,0.088,-1.055,2.052,0.439,0.088,0.439,0.088,0.088,0.176,0.088,0.088,0.527,0.264,0.006,5.2,11.90,31.0
66.7074,1468,11,move,7,66.7074,66.7160,0,0.088,0.439,0.264,0.176,0.527,0.088,-1.055,1.406,0.439,0.088,0.439,0.088,0.088,0.176,0.088,0.088,0.527,0.264,0.088,0.439,0.264,0.176,0.527,0.088,-1.055,1.629,0.439,0.088,0.439,0.088,0.088,0.176,0.088,0.088,0.527,0.264,0.006,5.2,11.90,31.0
66.7474,1469,11,move,7,66.7474,66.7560,0,0.088,0.439,0.264,0.176,0.527,0.088,-1.055,1.670,0.439,0.088,0.439,0.088,0.088,0.176,0.088,0.088,0.527,0.264,0.088,0.439,0.264,0.176,0.527,0.088,-1.055,0.824,0.439,0.088,0.439,0.088,0.088,0.176,0.088,0.088,0.527,0.264,0.006,3.2,11.90,31.0
66.7874,1470,11,move,7,66.7874,66.7955,0,0.088,0.439,0.264,0.176,0.527,0.088,-1.055,2.021,0.439,0.088,0.439,0.088,0.088,0.176,0.088,0.088,0.527,0.264,0.088,0.439,0.264,0.176,0.527,0.088,-1.055,-0.163,0.439,0.088,0.439,0.088,0.088,0.176,0.088,0.088,0.527,0.264,0.006,3.2,11.90,31.0
66.8274,1471,11,move,7,66.8274,66.8361,0,0.088,0.439,0.264,0.176,0.527,0.088,-1.055,1.582,0.439,0.088,0.439,0.088,0.088,0.176,0.088,0.088,0.527,0.264,0.088,0.439,0.264,0.176,0.527,0.088,-1.055,-1.088,0.439,0.088,0.439,0.088,0.088,0.176,0.088,0.088,0.527,0.264,0.006,3.2,11.90,31.0
66.8672,1472,11,move,7,66.8672,66.8759,0,0.088,0.439,0.264,0.176,0.527,0.088,-1.055,0.967,0.439,0.088,0.439,0.088,0.088,0.176,0.088,0.088,0.527,0.264,0.088,0.439,0.264,0.176,0.527,0.088,-1.055,-1.722,0.439,0.088,0.439,0.088,0.088,0.176,0.088,0.088,0.527,0.264,0.039,9.6,11.90,31.0
66.9074,1473,11,move,7,66.9074,66.9162,0,0.088,0.439,0.264,0.176,0.527,0.088,-1.055,0.088,0.439,0.088,0.439,0.088,0.088,0.176,0.088,0.088,0.527,0.264,0.088,0.439,0.264,0.176,0.527,0.088,-1.055,-1.908,0.439,0.088,0.439,0.088,0.088,0.176,0.088,0.088,0.527,0.264,0.039,9.6,11.90,31.0
66.9477,1474,11,move,7,66.9477,66.9557,0,0.088,0.439,0.264,0.176,0.527,0.088,-1.055,-0.791,0.439,0.088,0.439,0.088,0.088,0.176,0.088,0.088,0.527,0.264,0.088,0.439,0.264,0.176,0.527,0.088,-1.055,-1.601,0.439,0.088,0.439,0.088,0.088,0.176,0.088,0.088,0.527,0.264,0.039,9.6,11.90,31.0
66.9872,1475,11,move,7,66.9872,66.9954,0,0.088,0.439,0.264,0.176,0.527,0.088,-1.055,-1.406,0.439,0.088,0.439,0.088,0.088,0.176,0.088,0.088,0.527,0.264,0.088,0.439,0.264,0.176,0.527,0.088,-1.055,-0.876,0.439,0.088,0.439,0.088,0.088,0.176,0.088,0.088,0.527,0.264,0.019,4.8,11.90,31.0
67.0274,1476,11,move,7,67.0274,67.0352,0,0.088,0.439,0.264,0.176,0.527,0.088,-1.055,-1.670,0.439,0.088,0.439,0.088,0.088,0.176,0.088,0.088,0.527,0.264,0.088,0.439,0.264,0.176,0.527,0.088,-1.055,0.088,0.439,0.088,0.439,0.088,0.088,0.176,0.088,0.088,0.527,0.264,0.019,4.8,11.90,31.0
67.0672,1477,11,move,7,67.0672,67.0752,0,0.088,0.439,0.264,0.176,0.527,0.088,-1.055,-1.406,0.439,0.088,0.439,0.088,0.088,0.176,0.088,0.088,0.527,0.264,0.088,0.439,0.264,0.176,0.527,0.088,-1.055,1.051,0.439,0.088,0.439,0.088,0.088,0.176,0.088,0.088,0.527,0.264,0.019,4.8,11.90,31.0
67.1074,1478,11,move,7,67.1074,67.1152,0,0.088,0.439,0.264,0.176,0.527,0.088,-1.055,-0.967,0.439,0.088,0.439,0.088,0.088,0.176,0.088,0.088,0.527,0.264,0.088,0.439,0.264,0.176,0.527,0.088,-1.055,1.777,0.439,0.088,0.439,0.088,0.088,0.176,0.088,0.088,0.527,0.264,0.013,5.6,11.90,31.0
67.1476,1479,11,move,7,67.1476,67.1557,0,0.088,0.439,0.264,0.176,0.527,0.088,-1.055,0.000,0.439,0.088,0.439,0.088,0.088,0.176,0.088,0.088,0.527,0.264,0.088,0.439,0.264,0.176,0.527,0.088,-1.055,2.084,0.439,0.088,0.439,0.088,0.088,0.176,0.088,0.088,0.527,0.264,0.013,5.6,11.90,31.0
67.1874,1480,11,move,7,67.1874,67.1956,0,0.088,0.439,0.264,0.176,0.527,0.088,-1.055,0.967,0.439,0.088,0.439,0.088,0.088,0.176,0.088,0.088,0.527,0.264,0.088,0.439,0.264,0.176,0.527,0.088,-1.055,1.898,0.439,0.088,0.439,0.088,0.088,0.176,0.088,0.088,0.527,0.264,0.013,5.6,11.90,31.0
67.2274,1481,11,move,7,67.2274,67.2359,0,0.088,0.439,0.264,0.176,0.527,0.088,-1.055,1.670,0.439,0.088,0.439,0.088,0.088,0.176,0.088,0.088,0.527,0.264,0.088,0.439,0.264,0.176,0.527,0.088,-1.055,1.263,0.439,0.088,0.439,0.088,0.088,0.176,0.088,0.088,0.527,0.264,0.006,2.0,11.90,31.0
67.2674,1482,11,move,7,67.2674,67.2759,0,0.088,0.439,0.264,0.176,0.527,0.088,-1.055,1.934,0.439,0.088,0.439,0.088,0.088,0.176,0.088,0.088,0.527,0.264,0.088,0.439,0.264,0.176,0.527,0.088,-1.055,0.339,0.439,0.088,0.439,0.088,0.088,0.176,0.088,0.088,0.527,0.264,0.006,2.0,11.90,31.0
67.3074,1483,11,move,7,67.3074,67.3154,0,0.088,0.439,0.264,0.176,0.527,0.088,-1.055,2.021,0.439,0.088,0.439,0.088,0.088,0.176,0.088,0.088,0.527,0.264,0.088,0.439,0.264,0.176,0.527,0.088,-1.055,-0.648,0.439,0.088,0.439,0.088,0.088,0.176,0.088,0.088,0.527,0.264,0.006,2.0,11.90,31.0
67.3474,1484,11,move,7,67.3474,67.3559,0,0.088,0.439,0.264,0.176,0.527,0.088,-1.055,1.494,0.439,0.088,0.439,0.088,0.088,0.176,0.088,0.088,0.527,0.264,0.088,0.439,0.264,0.176,0.527,0.088,-1.055,-1.453,0.439,0.088,0.439,0.088,0.088,0.176,0.088,0.088,0.527,0.264,0.013,6.4,11.90,31.0
67.3874,1485,11,move,7,67.3874,67.3958,0,0.088,0.439,0.264,0.176,0.527,0.088,-1.055,0.879,0.439,0.088,0.439,0.088,0.088,0.176,0.088,0.088,0.527,0.264,0.088,0.439,0.264,0.176,0.527,0.088,-1.055,-1.877,0.439,0.088,0.439,0.088,0.088,0.176,0.088,0.088,0.527,0.264,0.013,6.4,11.90,31.0
67.4272,1486,11,move,7,67.4272,67.4354,0,0.088,0.439,0.264,0.176,0.527,0.088,-1.055,-0.088,0.439,0.088,0.439,0.088,0.088,0.176,0.088,0.088,0.527,0.264,0.088,0.439,0.264,0.176,0.527,0.088,-1.055,-1.814,0.439,0.088,0.439,0.088,0.088,0.176,0.088,0.088,0.527,0.264,0.013,6.4,11.90,31.0
67.4674,1487,11,move,7,67.4674,67.4756,0,0.088,0.439,0.264,0.176,0.527,0.088,-1.055,-0.879,0.439,0.088,0.439,0.088,0.088,0.176,0.088,0.088,0.527,0.264,0.088,0.439,0.264,0.176,0.527,0.088,-1.055,-1.281,0.439,0.088,0.439,0.088,0.088,0.176,0.088,0.088,0.527,0.264,0.013,4.8,11.90,31.0
67.5074,1488,11,move,7,67.5074,67.5155,0,0.088,0.439,0.264,0.176,0.527,0.088,-1.055,-1.406,0.439,0.088,0.439,0.088,0.088,0.176,0.088,0.088,0.527,0.264,0.088,0.439,0.264,0.176,0.527,0.088,-1.055,-0.409,0.439,0.088,0.439,0.088,0.088,0.176,0.088,0.088,0.527,0.264,0.013,4.8,11.90,31.0
67.5474,1489,11,move,7,67.5474,67.5551,0,0.088,0.439,0.264,0.176,0.527,0.088,-1.055,-1.582,0.439,0.088,0.439,0.088,0.088,0.176,0.088,0.088,0.527,0.264,0.088,0.439,0.264,0.176,0.527,0.088,-1.055,0.585,0.439,0.088,0.439,0.088,0.088,0.176,0.088,0.088,0.527,0.264,0.013,4.8,11.90,31.0
67.5874,1490,11,move,7,67.5874,67.5955,0,0.088,0.439,0.264,0.176,0.527,0.088,-1.055,-1.230,0.439,0.088,0.439,0.088,0.088,0.176,0.088,0.088,0.527,0.264,0.088,0.439,0.264,0.176,0.527,0.088,-1.055,1.457,0.439,0.088,0.439,0.088,0.088,0.176,0.088,0.088,0.527,0.264,0.006,4.0,11.90,31.0
67.6274,1491,11,move,7,67.6274,67.6355,0,0.088,0.439,0.264,0.176,0.527,0.088,-1.055,-0.527,0.439,0.088,0.439,0.088,0.088,0.176,0.088,0.088,0.527,0.264,0.088,0.439,0.264,0.176,0.527,0.088,-1.055,1.990,0.439,0.088,0.439,0.088,0.088,0.176,0.088,0.088,0.527,0.264,0.006,4.0,11.90,31.0
67.6674,1492,11,move,7,67.6674,67.6754,0,0.088,0.439,0.264,0.176,0.527,0.088,-1.055,0.439,0.439,0.088,0.439,0.088,0.088,0.176,0.088,0.088,0.527,0.264,0.088,0.439,0.264,0.176,0.527,0.088,-1.055,2.052,0.439,0.088,0.439,0.088,0.088,0.176,0.088,0.088,0.527,0.264,0.006,4.0,11.90,31.0
67.7074,1493,11,move,7,67.7074,67.7155,0,0.088,0.439,0.264,0.176,0.527,0.088,-1.055,1.318,0.439,0.088,0.439,0.088,0.088,0.176,0.088,0.088,0.527,0.264,0.088,0.439,0.264,0.176,0.527,0.088,-1.055,1.629,0.439,0.088,0.439,0.088,0.088,0.176,0.088,0.088,0.527,0.264,0.000,0.0,11.90,31.0
67.7474,1494,11,move,7,67.7474,67.7557,0,0.088,0.439,0.264,0.176,0.527,0.088,-1.055,1.758,0.439,0.088,0.439,0.088,0.088,0.176,0.088,0.088,0.527,0.264,0.088,0.439,0.264,0.176,0.527,0.088,-1.055,0.824,0.439,0.088,0.439,0.088,0.088,0.176,0.088,0.088,0.527,0.264,0.000,0.0,11.90,31.0
67.7874,1495,11,move,7,67.7874,67.7954,0,0.176,0.439,0.264,0.176,0.527,0.088,-1.055,2.021,0.439,0.088,0.439,0.088,0.088,0.176,0.088,0.088,0.527,0.264,0.088,0.439,0.264,0.176,0.527,0.088,-1.055,-0.163,0.439,0.088,0.439,0.088,0.088,0.176,0.088,0.088,0.527,0.264,0.000,0.0,11.90,31.0
67.8274,1496,11,move,7,67.8274,67.8355,0,0.088,0.439,0.264,0.176,0.527,0.088,-1.055,1.670,0.439,0.088,0.439,0.088,0.088,0.176,0.088,0.088,0.527,0.264,0.088,0.439,0.264,0.176,0.527,0.088,-1.055,-1.088,0.439,0.088,0.439,0.088,0.088,0.176,0.088,0.088,0.527,0.264,0.006,5.2,11.90,31.0
67.8674,1497,11,move,7,67.8674,67.8755,0,0.088,0.439,0.264,0.176,0.527,0.088,-1.055,1.143,0.439,0.088,0.439,0.088,0.088,0.176,0.088,0.088,0.527,0.264,0.088,0.439,0.264,0.176,0.527,0.088,-1.055,-1.722,0.439,0.088,0.439,0.088,0.088,0.176,0.088,0.088,0.527,0.264,0.006,5.2,11.90,31.0
67.9072,1498,11,move,7,67.9072,67.9152,0,0.088,0.439,0.264,0.176,0.527,0.088,-1.055,0.264,0.439,0.088,0.439,0.088,0.088,0.176,0.088,0.088,0.527,0.264,0.088,0.439,0.264,0.176,0.527,0.088,-1.055,-1.908,0.439,0.088,0.439,0.088,0.088,0.176,0.088,0.088,0.527,0.264,0.006,5.2,11.90,31.0
67.9474,1499,11,move,7,67.9474,67.9554,0,0.088,0.439,0.264,0.176,0.527,0.088,-1.055,-0.615,0.439,0.088,0.439,0.088,0.088,0.176,0.088,0.088,0.527,0.264,0.088,0.439,0.264,0.176,0.527,0.088,-1.055,-1.601,0.439,0.088,0.439,0.088,0.088,0.176,0.088,0.088,0.527,0.264,0.013,6.0,11.90,31.0
67.9872,1500,11,move,7,67.9872,67.9948,0,0.088,0.439,0.264,0.176,0.527,0.088,-1.055,-1.318,0.439,0.088,0.439,0.088,0.088,0.176,0.088,0.088,0.527,0.264,0.088,0.439,0.264,0.176,0.527,0.088,-1.055,-0.876,0.439,0.088,0.439,0.088,0.088,0.176,0.088,0.088,0.527,0.264,0.013,6.0,11.90,31.0
68.0275,1501,11,rest,7,68.0275,68.0358,0,0.088,0.439,0.264,0.176,0.527,0.088,-1.055,-1.670,0.439,0.088,0.439,0.088,0.088,0.176,0.088,0.088,0.527,0.264,0.088,0.439,0.264,0.176,0.527,0.088,-1.055,0.088,0.439,0.088,0.439,0.088,0.088,0.176,0.088,0.088,0.527,0.264,0.013,6.0,11.90,31.0
68.0674,1502,11,rest,7,68.0674,68.0757,0,0.088,0.439,0.264,0.176,0.527,0.088,-1.055,-1.494,0.439,0.088,0.439,0.088,0.088,0.176,0.088,0.088,0.527,0.264,0.088,0.439,0.264,0.176,0.527,0.088,-1.055,0.088,0.439,0.088,0.439,0.088,0.088,0.176,0.088,0.088,0.527,0.264,0.006,0.0,11.90,31.0
68.1074,1503,11,rest,7,68.1074,68.1159,0,0.088,0.439,0.264,0.176,0.527,0.088,-1.055,-1.055,0.439,0.088,0.439,0.088,0.088,0.176,0.088,0.088,0.527,0.264,0.088,0.439,0.264,0.176,0.527,0.088,-1.055,0.088,0.439,0.088,0.439,0.088,0.088,0.176,0.088,0.088,0.527,0.264,0.006,0.0,11.90,31.0
68.1474,1504,11,rest,7,68.1474,68.1561,0,0.088,0.439,0.264,0.176,0.527,0.088,-1.055,-0.352,0.439,0.088,0.439,0.088,0.088,0.176,0.088,0.088,0.527,0.264,0.088,0.439,0.264,0.176,0.527,0.088,-1.055,0.088,0.439,0.088,0.439,0.088,0.088,0.176,0.088,0.088,0.527,0.264,0.006,0.0,11.90,31.0
68.1872,1505,11,rest,7,68.1872,68.1958,0,0.088,0.439,0.264,0.176,0.527,0.088,-1.055,-0.088,0.439,0.088,0.439,0.088,0.088,0.176,0.088,0.088,0.527,0.264,0.088,0.439,0.264,0.176,0.527,0.088,-1.055,0.088,0.439,0.088,0.439,0.088,0.088,0.176,0.088,0.088,0.527,0.264,0.000,2.8,11.90,31.0
68.2274,1506,11,rest,7,68.2274,68.2355,0,0.088,0.439,0.264,0.176,0.527,0.088,-1.055,0.088,0.439,0.088,0.439,0.088,0.088,0.176,0.088,0.088,0.527,0.264,0.088,0.439,0.264,0.176,0.527,0.088,-1.055,0.088,0.439,0.088,0.439,0.088,0.088,0.176,0.088,0.088,0.527,0.264,0.000,2.8,11.90,31.0
68.2674,1507,11,rest,7,68.2674,68.2760,0,0.088,0.439,0.264,0.176,0.527,0.088,-1.055,0.088,0.439,0.088,0.439,0.088,0.088,0.176,0.088,0.088,0.527,0.264,0.088,0.439,0.264,0.176,0.527,0.088,-1.055,0.088,0.439,0.088,0.439,0.088,0.088,0.176,0.088,0.088,0.527,0.264,0.000,2.8,11.90,31.0
68.3072,1508,11,rest,7,68.3072,68.3155,0,0.088,0.439,0.264,0.176,0.527,0.088,-1.055,0.176,0.439,0.088,0.439,0.088,0.088,0.176,0.088,0.088,0.527,0.264,0.088,0.439,0.264,0.176,0.527,0.088,-1.055,0.088,0.439,0.088,0.439,0.088,0.088,0.176,0.088,0.088,0.527,0.264,0.000,0.0,11.90,31.0
68.3472,1509,11,rest,7,68.3472,68.3556,0,0.088,0.439,0.264,0.176,0.527,0.088,-1.055,0.176,0.439,0.088,0.439,0.088,0.088,0.176,0.088,0.088,0.527,0.264,0.088,0.439,0.264,0.176,0.527,0.088,-1.055,0.088,0.439,0.088,0.439,0.088,0.088,0.176,0.088,0.088,0.527,0.264,0.000,0.0,11.90,31.0
68.3874,1510,11,rest,7,68.3874,68.3959,0,0.088,0.439,0.264,0.176,0.527,0.088,-1.055,0.176,0.439,0.088,0.439,0.088,0.088,0.176,0.088,0.088,0.527,0.264,0.088,0.439,0.264,0.176,0.527,0.088,-1.055,0.088,0.439,0.088,0.439,0.088,0.088,0.176,0.088,0.088,0.527,0.264,0.000,0.0,11.90,31.0
68.4274,1511,11,rest,7,68.4274,68.4354,0,0.088,0.439,0.264,0.176,0.527,0.088,-1.055,0.176,0.439,0.088,0.439,0.088,0.088,0.176,0.088,0.088,0.527,0.264,0.088,0.439,0.264,0.176,0.527,0.088,-1.055,0.088,0.439,0.088,0.439,0.088,0.088,0.176,0.088,0.088,0.527,0.264,0.000,0.0,11.90,31.0
68.4671,1512,11,rest,7,68.4671,68.4752,0,0.088,0.439,0.264,0.176,0.527,0.088,-1.055,0.176,0.439,0.088,0.439,0.088,0.088,0.176,0.088,0.088,0.527,0.264,0.088,0.439,0.264,0.176,0.527,0.088,-1.055,0.088,0.439,0.088,0.439,0.088,0.088,0.176,0.088,0.088,0.527,0.264,0.000,0.0,11.90,31.0
68.5074,1513,11,rest,7,68.5074,68.5155,0,0.088,0.439,0.264,0.176,0.527,0.088,-1.055,0.176,0.439,0.088,0.439,0.088,0.088,0.176,0.088,0.088,0.527,0.264,0.088,0.439,0.264,0.176,0.527,0.088,-1.055,0.088,0.439,0.088,0.439,0.088,0.088,0.176,0.088,0.088,0.527,0.264,0.000,0.0,11.90,31.0
68.5472,1514,11,rest,7,68.5472,68.5552,0,0.088,0.439,0.264,0.176,0.527,0.088,-1.055,0.176,0.439,0.088,0.439,0.088,0.088,0.176,0.088,0.088,0.527,0.264,0.088,0.439,0.264,0.176,0.527,0.088,-1.055,0.088,0.439,0.088,0.439,0.088,0.088,0.176,0.088,0.088,0.527,0.264,0.000,0.0,11.90,31.0
68.5872,1515,11,rest,7,68.5872,68.5953,0,0.088,0.439,0.264,0.176,0.527,0.088,-1.055,0.176,0.439,0.088,0.439,0.088,0.088,0.176,0.088,0.088,0.527,0.264,0.088,0.439,0.264,0.176,0.527,0.088,-1.055,0.088,0.439,0.088,0.439,0.088,0.088,0.176,0.088,0.088,0.527,0.264,0.000,0.0,11.90,31.0
68.6272,1516,11,rest,7,68.6272,68.6352,0,0.088,0.439,0.264,0.176,0.527,0.088,-1.055,0.176,0.439,0.088,0.439,0.088,0.088,0.176,0.088,0.088,0.527,0.264,0.088,0.439,0.264,0.176,0.527,0.088,-1.055,0.088,0.439,0.088,0.439,0.088,0.088,0.176,0.088,0.088,0.527,0.264,0.000,0.0,11.90,31.0
68.6672,1517,11,rest,7,68.6672,68.6754,0,0.088,0.439,0.264,0.176,0.527,0.088,-1.055,0.176,0.439,0.088,0.439,0.088,0.088,0.176,0.088,0.088,0.527,0.264,0.088,0.439,0.264,0.176,0.527,0.088,-1.055,0.088,0.439,0.088,0.439,0.088,0.088,0.176,0.088,0.088,0.527,0.264,0.000,0.0,11.90,31.0
68.7071,1518,11,rest,7,68.7071,68.7152,0,0.088,0.439,0.264,0.176,0.527,0.088,-1.055,0.176,0.439,0.088,0.439,0.088,0.088,0.176,0.088,0.088,0.527,0.264,0.088,0.439,0.264,0.176,0.527,0.088,-1.055,0.088,0.439,0.088,0.439,0.088,0.088,0.176,0.088,0.088,0.527,0.264,0.000,0.0,11.90,31.0
68.7472,1519,11,rest,7,68.7472,68.7552,0,0.088,0.439,0.264,0.176,0.527,0.088,-1.055,0.176,0.439,0.088,0.439,0.088,0.088,0.176,0.088,0.088,0.527,0.264,0.088,0.439,0.264,0.176,0.527,0.088,-1.055,0.088,0.439,0.088,0.439,0.088,0.088,0.176,0.088,0.088,0.527,0.264,0.000,0.0,11.90,31.0
68.7872,1520,11,rest,7,68.7872,68.7952,0,0.088,0.439,0.264,0.176,0.527,0.088,-1.055,0.176,0.439,0.088,0.439,0.088,0.088,0.176,0.088,0.088,0.527,0.264,0.088,0.439,0.264,0.176,0.527,0.088,-1.055,0.088,0.439,0.088,0.439,0.088,0.088,0.176,0.088,0.088,0.527,0.264,0.000,0.0,11.90,31.0
68.8322,1521,12,pre,7,68.8322,68.8402,0,0.088,0.439,0.264,0.176,0.527,0.088,-1.055,0.176,0.439,0.088,0.439,0.088,0.088,0.176,0.088,0.088,0.527,0.264,0.088,0.439,0.264,0.176,0.527,0.088,-1.055,0.176,0.439,0.088,0.439,0.088,0.088,0.176,0.088,0.088,0.527,0.264,0.000,0.0,11.90,31.0
68.8672,1522,12,pre,7,68.8672,68.8752,0,0.088,0.439,0.264,0.176,0.527,0.088,-1.055,0.176,0.439,0.088,0.439,0.088,0.088,0.176,0.088,0.088,0.527,0.264,0.088,0.439,0.264,0.176,0.527,0.088,-1.055,0.176,0.439,0.088,0.439,0.088,0.088,0.176,0.088,0.088,0.527,0.264,0.000,0.0,11.90,31.0
68.9074,1523,12,pre,7,68.9074,68.9154,0,0.088,0.439,0.264,0.176,0.527,0.088,-1.055,0.176,0.439,0.088,0.439,0.088,0.088,0.176,0.088,0.088,0.527,0.264,0.088,0.439,0.264,0.176,0.527,0.088,-1.055,0.176,0.439,0.088,0.439,0.088,0.088,0.176,0.088,0.088,0.527,0.264,0.000,0.0,11.90,31.0
68.9472,1524,12,pre,7,68.9472,68.9767,0,0.088,0.439,0.264,0.176,0.527,0.088,-1.055,0.176,0.439,0.088,0.439,0.088,0.088,0.176,0.088,0.088,0.527,0.264,0.088,0.439,0.264,0.176,0.527,0.088,-1.055,0.176,0.439,0.088,0.439,0.088,0.088,0.176,0.088,0.088,0.527,0.264,0.000,0.0,11.90,31.0
68.9872,1525,12,pre,7,68.9872,68.9949,0,0.088,0.439,0.264,0.176,0.527,0.088,-1.055,0.176,0.439,0.088,0.439,0.088,0.088,0.176,0.088,0.088,0.527,0.264,0.088,0.439,0.264,0.176,0.527,0.088,-1.055,0.176,0.439,0.088,0.439,0.088,0.088,0.176,0.088,0.088,0.527,0.264,0.000,0.0,11.90,31.0
69.0274,1526,12,pre,7,69.0274,69.0357,0,0.088,0.439,0.264,0.176,0.527,0.088,-1.055,0.176,0.439,0.088,0.439,0.088,0.088,0.176,0.088,0.088,0.527,0.264,0.088,0.439,0.264,0.176,0.527,0.088,-1.055,0.176,0.439,0.088,0.439,0.088,0.088,0.176,0.088,0.088,0.527,0.264,0.000,0.0,11.90,31.0
69.0672,1527,12,pre,7,69.0672,69.0753,0,0.088,0.439,0.264,0.176,0.527,0.088,-1.055,0.176,0.439,0.088,0.439,0.088,0.088,0.176,0.088,0.088,0.527,0.264,0.088,0.439,0.264,0.176,0.527,0.088,-1.055,0.176,0.439,0.088,0.439,0.088,0.088,0.176,0.088,0.088,0.527,0.264,0.000,0.0,11.90,31.0
69.1074,1528,12,pre,7,69.1074,69.1150,0,0.088,0.439,0.264,0.176,0.527,0.088,-1.055,0.176,0.439,0.088,0.439,0.088,0.088,0.176,0.088,0.088,0.527,0.264,0.088,0.439,0.264,0.176,0.527,0.088,-1.055,0.176,0.439,0.088,0.439,0.088,0.088,0.176,0.088,0.088,0.527,0.264,0.000,0.0,11.90,31.0
69.1472,1529,12,pre,7,69.1472,69.1550,0,0.088,0.439,0.264,0.176,0.527,0.088,-1.055,0.176,0.439,0.088,0.439,0.088,0.088,0.176,0.088,0.088,0.527,0.264,0.088,0.439,0.264,0.176,0.527,0.088,-1.055,0.176,0.439,0.088,0.439,0.088,0.088,0.176,0.088,0.088,0.527,0.264,0.000,0.0,11.90,31.0
69.1872,1530,12,pre,7,69.1872,69.1953,0,0.088,0.439,0.264,0.176,0.527,0.088,-1.055,0.176,0.439,0.088,0.439,0.088,0.088,0.176,0.088,0.088,0.527,0.264,0.088,0.439,0.264,0.176,0.527,0.088,-1.055,0.176,0.439,0.088,0.439,0.088,0.088,0.176,0.088,0.088,0.527,0.264,0.000,0.0,11.90,31.0
69.2272,1531,12,pre,7,69.2272,69.2352,0,0.088,0.439,0.264,0.176,0.527,0.088,-1.055,0.176,0.439,0.088,0.439,0.088,0.088,0.176,0.088,0.088,0.527,0.264,0.088,0.439,0.264,0.176,0.527,0.088,-1.055,0.176,0.439,0.088,0.439,0.088,0.088,0.176,0.088,0.088,0.527,0.264,0.000,0.0,11.90,31.0
69.2672,1532,12,pre,7,69.2672,69.2752,0,0.088,0.439,0.264,0.176,0.527,0.088,-1.055,0.176,0.439,0.088,0.439,0.088,0.088,0.176,0.088,0.088,0.527,0.264,0.088,0.439,0.264,0.176,0.527,0.088,-1.055,0.176,0.439,0.088,0.439,0.088,0.088,0.176,0.088,0.088,0.527,0.264,0.000,0.0,11.90,31.0
69.3071,1533,12,pre,7,69.3071,69.3152,0,0.088,0.439,0.264,0.176,0.527,0.088,-1.055,0.176,0.439,0.088,0.439,0.088,0.088,0.176,0.088,0.088,0.527,0.264,0.088,0.439,0.264,0.176,0.527,0.088,-1.055,0.176,0.439,0.088,0.439,0.088,0.088,0.176,0.088,0.088,0.527,0.264,0.000,0.0,11.90,31.0
69.3471,1534,12,pre,7,69.3471,69.3552,0,0.088,0.439,0.264,0.176,0.527,0.088,-1.055,0.176,0.439,0.088,0.439,0.088,0.088,0.176,0.088,0.088,0.527,0.264,0.088,0.439,0.264,0.176,0.527,0.088,-1.055,0.176,0.439,0.088,0.439,0.088,0.088,0.176,0.088,0.088,0.527,0.264,0.000,0.0,11.90,31.0
69.3872,1535,12,pre,7,69.3872,69.3952,0,0.088,0.439,0.264,0.176,0.527,0.088,-1.055,0.176,0.439,0.088,0.439,0.088,0.088,0.176,0.088,0.088,0.527,0.264,0.088,0.439,0.264,0.176,0.527,0.088,-1.055,0.176,0.439,0.088,0.439,0.088,0.088,0.176,0.088,0.088,0.527,0.264,0.000,0.0,11.90,31.0
69.4271,1536,12,move,7,69.4271,69.4352,0,0.088,0.439,0.264,0.176,0.527,0.088,-1.055,0.176,0.439,0.088,0.439,0.088,0.088,0.176,0.088,0.088,0.527,0.264,0.088,0.439,0.264,0.176,0.527,0.088,-1.055,0.176,0.439,0.088,0.439,0.088,0.088,0.176,0.088,0.088,0.527,0.264,0.000,0.0,11.90,31.0
69.4672,1537,12,move,7,69.4672,69.4754,0,0.088,0.439,0.264,0.176,0.527,0.088,-1.055,0.176,0.439,0.088,0.439,0.088,0.088,0.176,0.088,0.088,0.527,0.264,0.088,0.439,0.264,0.176,0.527,0.088,-1.055,0.552,0.439,0.088,0.439,0.088,0.088,0.176,0.088,0.088,0.527,0.264,0.000,0.0,11.90,31.0
69.5074,1538,12,move,7,69.5074,69.5156,0,0.088,0.439,0.264,0.176,0.527,0.088,-1.055,0.176,0.439,0.088,0.439,0.088,0.088,0.176,0.088,0.088,0.527,0.264,0.088,0.439,0.264,0.176,0.527,0.088,-1.055,0.922,0.439,0.088,0.439,0.088,0.088,0.176,0.088,0.088,0.527,0.264,0.013,3.6,11.90,31.0
69.5471,1539,12,move,7,69.5471,69.5552,0,0.088,0.439,0.264,0.176,0.527,0.088,-1.055,0.615,0.439,0.088,0.439,0.088,0.088,0.176,0.088,0.088,0.527,0.264,0.088,0.439,0.264,0.176,0.527,0.088,-1.055,1.280,0.439,0.088,0.439,0.088,0.088,0.176,0.088,0.088,0.527,0.264,0.013,3.6,11.90,31.0
69.5872,1540,12,move,7,69.5872,69.5954,0,0.088,0.439,0.264,0.176,0.527,0.088,-1.055,0.879,0.439,0.088,0.439,0.088,0.088,0.176,0.088,0.088,0.527,0.264,0.088,0.439,0.264,0.176,0.527,0.088,-1.055,1.621,0.439,0.088,0.439,0.088,0.088,0.176,0.088,0.088,0.527,0.264,0.013,3.6,11.90,31.0
69.6272,1541,12,move,7,69.6272,69.6352,0,0.088,0.439,0.264,0.176,0.527,0.088,-1.055,1.318,0.439,0.088,0.439,0.088,0.088,0.176,0.088,0.088,0.527,0.264,0.088,0.439,0.264,0.176,0.527,0.088,-1.055,1.939,0.439,0.088,0.439,0.088,0.088,0.176,0.088,0.088,0.527,0.264,0.006,2.0,11.90,31.0
69.6672,1542,12,move,7,69.6672,69.6750,0,0.088,0.439,0.264,0.176,0.527,0.088,-1.055,1.494,0.439,0.088,0.439,0.088,0.088,0.176,0.088,0.088,0.527,0.264,0.088,0.439,0.264,0.176,0.527,0.088,-1.055,2.229,0.439,0.088,0.439,0.088,0.088,0.176,0.088,0.088,0.527,0.264,0.006,2.0,11.90,31.0
69.7072,1543,12,move,7,69.7072,69.7152,0,0.088,0.439,0.264,0.176,0.527,0.088,-1.055,1.934,0.439,0.088,0.439,0.088,0.088,0.176,0.088,0.088,0.527,0.264,0.088,0.439,0.264,0.176,0.527,0.088,-1.055,2.487,0.439,0.088,0.439,0.088,0.088,0.176,0.088,0.088,0.527,0.264,0.006,2.0,11.90,31.0
69.7472,1544,12,move,7,69.7472,69.7552,0,0.088,0.439,0.264,0.176,0.527,0.088,-1.055,2.021,0.439,0.088,0.439,0.088,0.088,0.176,0.088,0.088,0.527,0.264,0.088,0.439,0.264,0.176,0.527,0.088,-1.055,2.709,0.439,0.088,0.439,0.088,0.088,0.176,0.088,0.088,0.527,0.264,0.000,3.6,11.90,31.0
69.7874,1545,12,move,7,69.7874,69.7956,0,0.088,0.439,0.264,0.176,0.527,0.088,-1.055,2.637,0.439,0.088,0.439,0.088,0.088,0.176,0.088,0.088,0.527,0.264,0.088,0.439,0.264,0.176,0.527,0.088,-1.055,2.890,0.439,0.088,0.439,0.088,0.088,0.176,0.088,0.088,0.527,0.264,0.000,3.6,11.90,31.0
69.8274,1546,12,move,7,69.8274,69.8356,0,0.088,0.439,0.264,0.176,0.527,0.088,-1.055,2.637,0.439,0.088,0.439,0.088,0.088,0.176,0.088,0.088,0.527,0.264,0.088,0.439,0.264,0.176,0.527,0.088,-1.055,3.029,0.439,0.088,0.439,0.088,0.088,0.176,0.088,0.088,0.527,0.264,0.000,3.6,11.90,31.0
69.8674,1547,12,move,7,69.8674,69.8751,0,0.088,0.439,0.264,0.176,0.527,0.088,-1.055,2.988,0.439,0.088,0.439,0.088,0.088,0.176,0.088,0.088,0.527,0.264,0.088,0.439,0.264,0.176,0.527,0.088,-1.055,3.123,0.439,0.088,0.439,0.088,0.088,0.176,0.088,0.088,0.527,0.264,0.000,2.0,11.90,31.0
69.9074,1548,12,move,7,69.9074,69.9156,0,0.088,0.439,0.264,0.176,0.527,0.088,-1.055,2.988,0.439,0.088,0.439,0.088,0.088,0.176,0.088,0.088,0.527,0.264,0.088,0.439,0.264,0.176,0.527,0.088,-1.055,3.170,0.439,0.088,0.439,0.088,0.088,0.176,0.088,0.088,0.527,0.264,0.000,2.0,11.90,31.0
69.9474,1549,12,move,7,69.9474,69.9554,0,0.088,0.439,0.264,0.176,0.527,0.088,-1.055,3.252,0.439,0.088,0.439,0.088,0.088,0.176,0.088,0.088,0.527,0.264,0.088,0.439,0.264,0.176,0.527,0.088,-1.055,3.170,0.439,0.088,0.439,0.088,0.088,0.176,0.088,0.088,0.527,0.264,0.000,2.0,11.90,31.0
69.9874,1550,12,move,7,69.9874,69.9959,0,0.088,0.439,0.264,0.176,0.527,0.088,-1.055,3.252,0.439,0.088,0.439,0.088,0.088,0.176,0.088,0.088,0.527,0.264,0.088,0.439,0.264,0.176,0.527,0.088,-1.055,3.123,0.439,0.088,0.439,0.088,0.088,0.176,0.088,0.088,0.527,0.264,0.000,0.0,11.90,31.0
70.0272,1551,12,move,7,70.0272,70.0349,0,0.088,0.439,0.264,0.176,0.527,0.088,-1.055,3.252,0.439,0.088,0.439,0.088,0.088,0.176,0.088,0.088,0.527,0.264,0.088,0.439,0.264,0.176,0.527,0.088,-1.055,3.029,0.439,0.088,0.439,0.088,0.088,0.176,0.088,0.088,0.527,0.264,0.000,0.0,11.90,31.0
70.0674,1552,12,move,7,70.0674,70.0755,0,0.088,0.439,0.264,0.176,0.527,0.088,-1.055,3.164,0.439,0.088,0.439,0.088,0.088,0.176,0.088,0.088,0.527,0.264,0.088,0.439,0.264,0.176,0.527,0.088,-1.055,2.890,0.439,0.088,0.439,0.088,0.088,0.176,0.088,0.088,0.527,0.264,0.000,0.0,11.90,31.0
70.1074,1553,12,move,7,70.1074,70.1158,0,0.088,0.439,0.264,0.176,0.527,0.088,-1.055,3.164,0.439,0.088,0.439,0.088,0.088,0.176,0.088,0.088,0.527,0.264,0.088,0.439,0.264,0.176,0.527,0.088,-1.055,2.709,0.439,0.088,0.439,0.088,0.088,0.176,0.088,0.088,0.527,0.264,0.013,4.0,11.90,31.0
70.1474,1554,12,move,7,70.1474,70.1554,0,0.088,0.439,0.264,0.176,0.527,0.088,-1.055,2.900,0.439,0.088,0.439,0.088,0.088,0.176,0.088,0.088,0.527,0.264,0.088,0.439,0.264,0.176,0.527,0.088,-1.055,2.487,0.439,0.088,0.439,0.088,0.088,0.176,0.088,0.088,0.527,0.264,0.013,4.0,11.90,31.0
70.1874,1555,12,move,7,70.1874,70.1954,0,0.088,0.439,0.264,0.176,0.527,0.088,-1.055,2.812,0.439,0.088,0.439,0.088,0.088,0.176,0.088,0.088,0.527,0.264,0.088,0.439,0.264,0.176,0.527,0.088,-1.055,2.229,0.439,0.088,0.439,0.088,0.088,0.176,0.088,0.088,0.527,0.264,0.013,4.0,11.90,31.0
70.2274,1556,12,move,7,70.2274,70.2354,0,0.088,0.439,0.264,0.176,0.527,0.088,-1.055,2.637,0.439,0.088,0.439,0.088,0.088,0.176,0.088,0.088,0.527,0.264,0.088,0.439,0.264,0.176,0.527,0.088,-1.055,1.939,0.439,0.088,0.439,0.088,0.088,0.176,0.088,0.088,0.527,0.264,0.013,4.0,11.90,31.0
70.2674,1557,12,move,7,70.2674,70.2754,0,0.088,0.439,0.264,0.176,0.527,0.088,-1.055,2.373,0.439,0.088,0.439,0.088,0.088,0.176,0.088,0.088,0.527,0.264,0.088,0.439,0.264,0.176,0.527,0.088,-1.055,1.621,0.439,0.088,0.439,0.088,0.088,0.176,0.088,0.088,0.527,0.264,0.013,4.0,11.90,31.0
70.3074,1558,12,move,7,70.3074,70.3157,0,0.088,0.439,0.264,0.176,0.527,0.088,-1.055,2.109,0.439,0.088,0.439,0.088,0.088,0.176,0.088,0.088,0.527,0.264,0.088,0.439,0.264,0.176,0.527,0.088,-1.055,1.280,0.439,0.088,0.439,0.088,0.088,0.176,0.088,0.088,0.527,0.264,0.013,4.0,11.90,31.0
70.3474,1559,12,move,7,70.3474,70.3552,0,0.088,0.439,0.264,0.176,0.527,0.088,-1.055,1.758,0.439,0.088,0.439,0.088,0.088,0.176,0.088,0.088,0.527,0.264,0.088,0.439,0.264,0.176,0.527,0.088,-1.055,0.922,0.439,0.088,0.439,0.088,0.088,0.176,0.088,0.088,0.527,0.264,0.019,3.6,11.90,31.0
70.3874,1560,12,move,7,70.3874,70.3956,0,0.088,0.439,0.264,0.176,0.527,0.088,-1.055,1.494,0.439,0.088,0.439,0.088,0.088,0.176,0.088,0.088,0.527,0.264,0.088,0.439,0.264,0.176,0.527,0.088,-1.055,0.552,0.439,0.088,0.439,0.088,0.088,0.176,0.088,0.088,0.527,0.264,0.019,3.6,11.90,31.0
70.4271,1561,12,move,7,70.4271,70.4352,0,0.088,0.439,0.264,0.176,0.527,0.088,-1.055,1.143,0.439,0.088,0.439,0.088,0.088,0.176,0.088,0.088,0.527,0.264,0.088,0.439,0.264,0.176,0.527,0.088,-1.055,0.176,0.439,0.088,0.439,0.088,0.088,0.176,0.088,0.088,0.527,0.264,0.019,3.6,11.90,31.0
70.4672,1562,12,move,7,70.4672,70.4752,0,0.088,0.439,0.264,0.176,0.527,0.088,-1.055,0.791,0.439,0.088,0.439,0.088,0.088,0.176,0.088,0.088,0.527,0.264,0.088,0.439,0.264,0.176,0.527,0.088,-1.055,-0.200,0.439,0.088,0.439,0.088,0.088,0.176,0.088,0.088,0.527,0.264,0.019,5.6,11.90,31.0
70.5072,1563,12,move,7,70.5072,70.5151,0,0.088,0.439,0.264,0.176,0.527,0.088,-1.055,0.352,0.439,0.088,0.439,0.088,0.088,0.176,0.088,0.088,0.527,0.264,0.088,0.439,0.264,0.176,0.527,0.088,-1.055,-0.570,0.439,0.088,0.439,0.088,0.088,0.176,0.088,0.088,0.527,0.264,0.019,5.6,11.90,31.0
70.5472,1564,12,move,7,70.5472,70.5552,0,0.088,0.439,0.264,0.176,0.527,0.088,-1.055,0.000,0.439,0.088,0.439,0.088,0.088,0.176,0.088,0.088,0.527,0.264,0.088,0.439,0.264,0.176,0.527,0.088,-1.055,-0.929,0.439,0.088,0.439,0.088,0.088,0.176,0.088,0.088,0.527,0.264,0.019,5.6,11.90,31.0
70.5872,1565,12,move,7,70.5872,70.5955,0,0.088,0.439,0.264,0.176,0.527,0.088,-1.055,-0.352,0.439,0.088,0.439,0.088,0.088,0.176,0.088,0.088,0.527,0.264,0.088,0.439,0.264,0.176,0.527,0.088,-1.055,-1.269,0.439,0.088,0.439,0.088,0.088,0.176,0.088,0.088,0.527,0.264,0.019,5.6,11.90,31.0
70.6274,1566,12,move,7,70.6274,70.6354,0,0.088,0.439,0.264,0.176,0.527,0.088,-1.055,-0.703,0.439,0.088,0.439,0.088,0.088,0.176,0.088,0.088,0.527,0.264,0.088,0.439,0.264,0.176,0.527,0.088,-1.055,-1.588,0.439,0.088,0.439,0.088,0.088,0.176,0.088,0.088,0.527,0.264,0.019,5.6,11.90,31.0
70.6674,1567,12,move,7,70.6674,70.6752,0,0.088,0.439,0.264,0.176,0.527,0.088,-1.055,-1.055,0.439,0.088,0.439,0.088,0.088,0.176,0.088,0.088,0.527,0.264,0.088,0.439,0.264,0.176,0.527,0.088,-1.055,-1.878,0.439,0.088,0.439,0.088,0.088,0.176,0.088,0.088,0.527,0.264,0.019,5.6,11.90,31.0
70.7074,1568,12,move,7,70.7074,70.7154,0,0.088,0.439,0.264,0.176,0.527,0.088,-1.055,-1.318,0.439,0.088,0.439,0.088,0.088,0.176,0.088,0.088,0.527,0.264,0.088,0.439,0.264,0.176,0.527,0.088,-1.055,-2.136,0.439,0.088,0.439,0.088,0.088,0.176,0.088,0.088,0.527,0.264,0.019,5.2,11.90,31.0
70.7474,1569,12,move,7,70.7474,70.7571,0,0.088,0.439,0.264,0.176,0.527,0.088,-1.055,-1.670,0.439,0.088,0.439,0.088,0.088,0.176,0.088,0.088,0.527,0.264,0.088,0.439,0.264,0.176,0.527,0.088,-1.055,-2.357,0.439,0.088,0.439,0.088,0.088,0.176,0.088,0.088,0.527,0.264,0.019,5.2,11.90,31.0
70.7872,1570,12,move,7,70.7872,70.7953,0,0.088,0.439,0.264,0.176,0.527,0.088,-1.055,-1.934,0.439,0.088,0.439,0.088,0.088,0.176,0.088,0.088,0.527,0.264,0.088,0.439,0.264,0.176,0.527,0.088,-1.055,-2.539,0.439,0.088,0.439,0.088,0.088,0.176,0.088,0.088,0.527,0.264,0.019,5.2,11.90,31.0
70.8274,1571,12,move,7,70.8274,70.8354,0,0.088,0.439,0.264,0.176,0.527,0.088,-1.055,-2.109,0.439,0.088,0.439,0.088,0.088,0.176,0.088,0.088,0.527,0.264,0.088,0.439,0.264,0.176,0.527,0.088,-1.055,-2.677,0.439,0.088,0.439,0.088,0.088,0.176,0.088,0.088,0.527,0.264,0.026,6.4,11.90,32.0
70.8674,1572,12,move,7,70.8674,70.8754,0,0.088,0.439,0.264,0.176,0.527,0.088,-1.055,-2.285,0.439,0.088,0.439,0.088,0.088,0.176,0.088,0.088,0.527,0.264,0.088,0.439,0.264,0.176,0.527,0.088,-1.055,-2.771,0.439,0.088,0.439,0.088,0.088,0.176,0.088,0.088,0.527,0.264,0.026,6.4,11.90,32.0
70.9074,1573,12,move,7,70.9074,70.9156,0,0.088,0.439,0.264,0.176,0.527,0.088,-1.055,-2.461,0.439,0.088,0.439,0.088,0.088,0.176,0.088,0.088,0.527,0.264,0.088,0.439,0.264,0.176,0.527,0.088,-1.055,-2.818,0.439,0.088,0.439,0.088,0.088,0.176,0.088,0.088,0.527,0.264,0.026,6.4,11.90,32.0
70.9474,1574,12,move,7,70.9474,70.9554,0,0.088,0.439,0.264,0.176,0.527,0.088,-1.055,-2.461,0.439,0.088,0.439,0.088,0.088,0.176,0.088,0.088,0.527,0.264,0.088,0.439,0.264,0.176,0.527,0.088,-1.055,-2.818,0.439,0.088,0.439,0.088,0.088,0.176,0.088,0.088,0.527,0.264,0.013,4.0,11.90,31.0
70.9874,1575,12,move,7,70.9874,70.9954,0,0.088,0.439,0.264,0.176,0.527,0.088,-1.055,-2.461,0.439,0.088,0.439,0.088,0.088,0.176,0.088,0.088,0.527,0.264,0.088,0.439,0.264,0.176,0.527,0.088,-1.055,-2.771,0.439,0.088,0.439,0.088,0.088,0.176,0.088,0.088,0.527,0.264,0.013,4.0,11.90,31.0
71.0274,1576,12,move,7,71.0274,71.0356,0,0.088,0.439,0.264,0.176,0.527,0.088,-1.055,-2.461,0.439,0.088,0.439,0.088,0.088,0.176,0.088,0.088,0.527,0.264,0.088,0.439,0.264,0.176,0.527,0.088,-1.055,-2.677,0.439,0.088,0.439,0.088,0.088,0.176,0.088,0.088,0.527,0.264,0.013,4.0,11.90,31.0
71.0674,1577,12,move,7,71.0674,71.0756,0,0.088,0.439,0.264,0.176,0.527,0.088,-1.055,-2.461,0.439,0.088,0.439,0.088,0.088,0.176,0.088,0.088,0.527,0.264,0.088,0.439,0.264,0.176,0.527,0.088,-1.055,-2.539,0.439,0.088,0.439,0.088,0.088,0.176,0.088,0.088,0.527,0.264,0.000,2.0,11.90,31.0
71.1074,1578,12,move,7,71.1074,71.1155,0,0.088,0.439,0.264,0.176,0.527,0.088,-1.055,-2.373,0.439,0.088,0.439,0.088,0.088,0.176,0.088,0.088,0.527,0.264,0.088,0.439,0.264,0.176,0.527,0.088,-1.055,-2.357,0.439,0.088,0.439,0.088,0.088,0.176,0.088,0.088,0.527,0.264,0.000,2.0,11.90,31.0
71.1471,1579,12,move,7,71.1471,71.1552,0,0.088,0.439,0.264,0.176,0.527,0.088,-1.055,-2.373,0.439,0.088,0.439,0.088,0.088,0.176,0.088,0.088,0.527,0.264,0.088,0.439,0.264,0.176,0.527,0.088,-1.055,-2.136,0.439,0.088,0.439,0.088,0.088,0.176,0.088,0.088,0.527,0.264,0.000,2.0,11.90,31.0
71.1871,1580,12,move,7,71.1871,71.1952,0,0.088,0.439,0.264,0.176,0.527,0.088,-1.055,-2.373,0.439,0.088,0.439,0.088,0.088,0.176,0.088,0.088,0.527,0.264,0.088,0.439,0.264,0.176,0.527,0.088,-1.055,-1.878,0.439,0.088,0.439,0.088,0.088,0.176,0.088,0.088,0.527,0.264,0.000,2.8,11.90,31.0
71.2274,1581,12,move,7,71.2274,71.2361,0,0.088,0.439,0.264,0.176,0.527,0.088,-1.055,-1.934,0.439,0.088,0.439,0.088,0.088,0.176,0.088,0.088,0.527,0.264,0.088,0.439,0.264,0.176,0.527,0.088,-1.055,-1.588,0.439,0.088,0.439,0.088,0.088,0.176,0.088,0.088,0.527,0.264,0.000,2.8,11.90,31.0
71.2672,1582,12,move,7,71.2672,71.2756,0,0.088,0.439,0.264,0.176,0.527,0.088,-1.055,-1.846,0.439,0.088,0.439,0.088,0.088,0.176,0.088,0.088,0.527,0.264,0.088,0.439,0.264,0.176,0.527,0.088,-1.055,-1.269,0.439,0.088,0.439,0.088,0.088,0.176,0.088,0.088,0.527,0.264,0.000,2.8,11.90,31.0
71.3072,1583,12,move,7,71.3072,71.3154,0,0.088,0.439,0.264,0.176,0.527,0.088,-1.055,-1.582,0.439,0.088,0.439,0.088,0.088,0.176,0.088,0.088,0.527,0.264,0.088,0.439,0.264,0.176,0.527,0.088,-1.055,-0.929,0.439,0.088,0.439,0.088,0.088,0.176,0.088,0.088,0.527,0.264,0.000,2.4,11.90,31.0
71.3471,1584,12,move,7,71.3471,71.3556,0,0.088,0.439,0.264,0.176,0.527,0.088,-1.055,-1.230,0.439,0.088,0.439,0.088,0.088,0.176,0.088,0.088,0.527,0.264,0.088,0.439,0.264,0.176,0.527,0.088,-1.055,-0.570,0.439,0.088,0.439,0.088,0.088,0.176,0.088,0.088,0.527,0.264,0.000,2.4,11.90,31.0
71.3874,1585,12,move,7,71.3874,71.3960,0,0.088,0.439,0.264,0.176,0.527,0.088,-1.055,-0.967,0.439,0.088,0.439,0.088,0.088,0.176,0.088,0.088,0.527,0.264,0.088,0.439,0.264,0.176,0.527,0.088,-1.055,-0.200,0.439,0.088,0.439,0.088,0.088,0.176,0.088,0.088,0.527,0.264,0.000,2.4,11.90,31.0
71.4274,1586,12,move,7,71.4274,71.4358,0,0.088,0.439,0.264,0.176,0.527,0.088,-1.055,-0.439,0.439,0.088,0.439,0.088,0.088,0.176,0.088,0.088,0.527,0.264,0.088,0.439,0.264,0.176,0.527,0.088,-1.055,0.176,0.439,0.088,0.439,0.088,0.088,0.176,0.088,0.088,0.527,0.264,0.000,2.4,11.90,31.0
71.4674,1587,12,move,7,71.4674,71.4760,0,0.088,0.439,0.264,0.176,0.527,0.088,-1.055,-0.176,0.439,0.088,0.439,0.088,0.088,0.176,0.088,0.088,0.527,0.264,0.088,0.439,0.264,0.176,0.527,0.088,-1.055,0.552,0.439,0.088,0.439,0.088,0.088,0.176,0.088,0.088,0.527,0.264,0.000,2.4,11.90,31.0
71.5074,1588,12,move,7,71.5074,71.5161,0,0.088,0.439,0.264,0.176,0.527,0.088,-1.055,0.264,0.439,0.088,0.439,0.088,0.088,0.176,0.088,0.088,0.527,0.264,0.088,0.439,0.264,0.176,0.527,0.088,-1.055,0.922,0.439,0.088,0.439,0.088,0.088,0.176,0.088,0.088,0.527,0.264,0.000,2.4,11.90,31.0
71.5474,1589,12,move,7,71.5474,71.5560,0,0.088,0.439,0.264,0.176,0.527,0.088,-1.055,0.615,0.439,0.088,0.439,0.088,0.088,0.176,0.088,0.088,0.527,0.264,0.088,0.439,0.264,0.176,0.527,0.088,-1.055,1.280,0.439,0.088,0.439,0.088,0.088,0.176,0.088,0.088,0.527,0.264,0.006,2.4,11.90,31.0
71.5874,1590,12,move,7,71.5874,71.5960,0,0.088,0.439,0.264,0.176,0.527,0.088,-1.055,0.879,0.439,0.088,0.439,0.088,0.088,0.176,0.088,0.088,0.527,0.264,0.088,0.439,0.264,0.176,0.527,0.088,-1.055,1.621,0.439,0.088,0.439,0.088,0.088,0.176,0.088,0.088,0.527,0.264,0.006,2.4,11.90,31.0
71.6274,1591,12,move,7,71.6274,71.6360,0,0.088,0.439,0.264,0.176,0.527,0.088,-1.055,1.318,0.439,0.088,0.439,0.088,0.088,0.176,0.088,0.088,0.527,0.264,0.088,0.439,0.264,0.176,0.527,0.088,-1.055,1.939,0.439,0.088,0.439,0.088,0.088,0.176,0.088,0.088,0.527,0.264,0.006,2.4,11.90,31.0
71.6672,1592,12,move,7,71.6672,71.6756,0,0.088,0.439,0.264,0.176,0.527,0.088,-1.055,1.494,0.439,0.088,0.439,0.088,0.088,0.176,0.088,0.088,0.527,0.264,0.088,0.439,0.264,0.176,0.527,0.088,-1.055,2.229,0.439,0.088,0.439,0.088,0.088,0.176,0.088,0.088,0.527,0.264,0.006,4.0,11.90,31.0
71.7074,1593,12,move,7,71.7074,71.7159,0,0.088,0.439,0.264,0.176,0.527,0.088,-1.055,2.021,0.439,0.088,0.439,0.088,0.088,0.176,0.088,0.088,0.527,0.264,0.088,0.439,0.264,0.176,0.527,0.088,-1.055,2.487,0.439,0.088,0.439,0.088,0.088,0.176,0.088,0.088,0.527,0.264,0.006,4.0,11.90,31.0
71.7474,1594,12,move,7,71.7474,71.7560,0,0.088,0.439,0.264,0.176,0.527,0.088,-1.055,2.197,0.439,0.088,0.439,0.088,0.088,0.176,0.088,0.088,0.527,0.264,0.088,0.439,0.264,0.176,0.527,0.088,-1.055,2.709,0.439,0.088,0.439,0.088,0.088,0.176,0.088,0.088,0.527,0.264,0.006,4.0,11.90,31.0
71.7874,1595,12,move,7,71.7874,71.7960,0,0.088,0.439,0.264,0.176,0.527,0.088,-1.055,2.461,0.439,0.088,0.439,0.088,0.088,0.176,0.088,0.088,0.527,0.264,0.088,0.439,0.264,0.176,0.527,0.088,-1.055,2.890,0.439,0.088,0.439,0.088,0.088,0.176,0.088,0.088,0.527,0.264,0.006,2.8,11.90,31.0
71.8274,1596,12,move,7,71.8274,71.8360,0,0.088,0.439,0.264,0.176,0.527,0.088,-1.055,2.725,0.439,0.088,0.439,0.088,0.088,0.176,0.088,0.088,0.527,0.264,0.088,0.439,0.264,0.176,0.527,0.088,-1.055,3.029,0.439,0.088,0.439,0.088,0.088,0.176,0.088,0.088,0.527,0.264,0.006,2.8,11.90,31.0
71.8674,1597,12,move,7,71.8674,71.8758,0,0.088,0.439,0.264,0.176,0.527,0.088,-1.055,2.900,0.439,0.088,0.439,0.088,0.088,0.176,0.088,0.088,0.527,0.264,0.088,0.439,0.264,0.176,0.527,0.088,-1.055,3.123,0.439,0.088,0.439,0.088,0.088,0.176,0.088,0.088,0.527,0.264,0.006,2.8,11.90,31.0
71.9074,1598,12,move,7,71.9074,71.9159,0,0.088,0.439,0.264,0.176,0.527,0.088,-1.055,2.988,0.439,0.088,0.439,0.088,0.088,0.176,0.088,0.088,0.527,0.264,0.088,0.439,0.264,0.176,0.527,0.088,-1.055,3.170,0.439,0.088,0.439,0.088,0.088,0.176,0.088,0.088,0.527,0.264,0.006,2.4,11.90,31.0
71.9472,1599,12,move,7,71.9472,71.9559,0,0.088,0.439,0.264,0.176,0.527,0.088,-1.055,3.164,0.439,0.088,0.439,0.088,0.088,0.176,0.088,0.088,0.527,0.264,0.088,0.439,0.264,0.176,0.527,0.088,-1.055,3.170,0.439,0.088,0.439,0.088,0.088,0.176,0.088,0.088,0.527,0.264,0.006,2.4,11.90,31.0
71.9872,1600,12,move,7,71.9872,71.9958,0,0.088,0.439,0.264,0.176,0.527,0.088,-1.055,3.164,0.439,0.088,0.439,0.088,0.088,0.176,0.088,0.088,0.527,0.264,0.088,0.439,0.264,0.176,0.527,0.088,-1.055,3.123,0.439,0.088,0.439,0.088,0.088,0.176,0.088,0.088,0.527,0.264,0.006,2.4,11.90,31.0
72.0272,1601,12,move,7,72.0272,72.0359,0,0.088,0.439,0.264,0.176,0.527,0.088,-1.055,3.164,0.439,0.088,0.439,0.088,0.088,0.176,0.088,0.088,0.527,0.264,0.088,0.439,0.264,0.176,0.527,0.088,-1.055,3.029,0.439,0.088,0.439,0.088,0.088,0.176,0.088,0.088,0.527,0.264,0.000,0.0,11.90,31.0
72.0674,1602,12,move,7,72.0674,72.0750,0,0.088,0.439,0.264,0.176,0.527,0.088,-1.055,3.164,0.439,0.088,0.439,0.088,0.088,0.176,0.088,0.088,0.527,0.264,0.088,0.439,0.264,0.176,0.527,0.088,-1.055,2.890,0.439,0.088,0.439,0.088,0.088,0.176,0.088,0.088,0.527,0.264,0.000,0.0,11.90,31.0
72.1074,1603,12,move,7,72.1074,72.1160,0,0.088,0.439,0.264,0.176,0.527,0.088,-1.055,3.164,0.439,0.088,0.439,0.088,0.088,0.176,0.088,0.088,0.527,0.264,0.088,0.439,0.264,0.176,0.527,0.088,-1.055,2.709,0.439,0.088,0.439,0.088,0.088,0.176,0.088,0.088,0.527,0.264,0.000,0.0,11.90,31.0
72.1474,1604,12,move,7,72.1474,72.1560,0,0.088,0.439,0.264,0.176,0.527,0.088,-1.055,2.900,0.439,0.088,0.439,0.088,0.088,0.176,0.088,0.088,0.527,0.264,0.088,0.439,0.264,0.176,0.527,0.088,-1.055,2.487,0.439,0.088,0.439,0.088,0.088,0.176,0.088,0.088,0.527,0.264,0.006,3.2,11.90,31.0
72.1871,1605,12,move,7,72.1871,72.1955,0,0.088,0.439,0.264,0.176,0.527,0.088,-1.055,2.812,0.439,0.088,0.439,0.088,0.088,0.176,0.088,0.088,0.527,0.264,0.088,0.439,0.264,0.176,0.527,0.088,-1.055,2.229,0.439,0.088,0.439,0.088,0.088,0.176,0.088,0.088,0.527,0.264,0.006,3.2,11.90,31.0
72.2274,1606,12,move,7,72.2274,72.2357,0,0.088,0.439,0.264,0.176,0.527,0.088,-1.055,2.549,0.439,0.088,0.439,0.088,0.088,0.176,0.088,0.088,0.527,0.264,0.088,0.439,0.264,0.176,0.527,0.088,-1.055,1.939,0.439,0.088,0.439,0.088,0.088,0.176,0.088,0.088,0.527,0.264,0.006,3.2,11.90,31.0
72.2674,1607,12,move,7,72.2674,72.2760,0,0.088,0.439,0.264,0.176,0.527,0.088,-1.055,2.373,0.439,0.088,0.439,0.088,0.088,0.176,0.088,0.088,0.527,0.264,0.088,0.439,0.264,0.176,0.527,0.088,-1.055,1.621,0.439,0.088,0.439,0.088,0.088,0.176,0.088,0.088,0.527,0.264,0.013,4.0,11.90,31.0
72.3072,1608,12,move,7,72.3072,72.3213,0,0.088,0.439,0.264,0.176,0.527,0.088,-1.055,2.021,0.439,0.088,0.439,0.088,0.088,0.176,0.088,0.088,0.527,0.264,0.088,0.439,0.264,0.176,0.527,0.088,-1.055,1.280,0.439,0.088,0.439,0.088,0.088,0.176,0.088,0.088,0.527,0.264,0.013,4.0,11.90,31.0
72.3472,1609,12,move,7,72.3472,72.3558,0,0.088,0.439,0.264,0.176,0.527,0.088,-1.055,1.758,0.439,0.088,0.439,0.088,0.088,0.176,0.088,0.088,0.527,0.264,0.088,0.439,0.264,0.176,0.527,0.088,-1.055,0.922,0.439,0.088,0.439,0.088,0.088,0.176,0.088,0.088,0.527,0.264,0.013,4.0,11.90,31.0
72.3874,1610,12,move,7,72.3874,72.3960,0,0.088,0.439,0.264,0.176,0.527,0.088,-1.055,1.494,0.439,0.088,0.439,0.088,0.088,0.176,0.088,0.088,0.527,0.264,0.088,0.439,0.264,0.176,0.527,0.088,-1.055,0.552,0.439,0.088,0.439,0.088,0.088,0.176,0.088,0.088,0.527,0.264,0.026,5.6,11.90,31.0
72.4274,1611,12,move,7,72.4274,72.4358,0,0.088,0.439,0.264,0.176,0.527,0.088,-1.055,1.143,0.439,0.088,0.439,0.088,0.088,0.176,0.088,0.088,0.527,0.264,0.088,0.439,0.264,0.176,0.527,0.088,-1.055,0.176,0.439,0.088,0.439,0.088,0.088,0.176,0.088,0.088,0.527,0.264,0.026,5.6,11.90,31.0
72.4674,1612,12,move,7,72.4674,72.4757,0,0.088,0.439,0.264,0.176,0.527,0.088,-1.055,0.703,0.439,0.088,0.439,0.088,0.088,0.176,0.088,0.088,0.527,0.264,0.088,0.439,0.264,0.176,0.527,0.088,-1.055,-0.200,0.439,0.088,0.439,0.088,0.088,0.176,0.088,0.088,0.527,0.264,0.026,5.6,11.90,31.0
72.5074,1613,12,move,7,72.5074,72.5160,0,0.088,0.439,0.264,0.176,0.527,0.088,-1.055,0.439,0.439,0.088,0.439,0.088,0.088,0.176,0.088,0.088,0.527,0.264,0.088,0.439,0.264,0.176,0.527,0.088,-1.055,-0.570,0.439,0.088,0.439,0.088,0.088,0.176,0.088,0.088,0.527,0.264,0.019,5.6,11.90,31.0
72.5472,1614,12,move,7,72.5472,72.5573,0,0.088,0.439,0.264,0.176,0.527,0.088,-1.055,0.000,0.439,0.088,0.439,0.088,0.088,0.176,0.088,0.088,0.527,0.264,0.088,0.439,0.264,0.176,0.527,0.088,-1.055,-0.929,0.439,0.088,0.439,0.088,0.088,0.176,0.088,0.088,0.527,0.264,0.019,5.6,11.90,31.0
72.5871,1615,12,move,7,72.5871,72.5952,0,0.088,0.439,0.264,0.176,0.527,0.088,-1.055,-0.352,0.439,0.088,0.439,0.088,0.088,0.176,0.088,0.088,0.527,0.264,0.088,0.439,0.264,0.176,0.527,0.088,-1.055,-1.269,0.439,0.088,0.439,0.088,0.088,0.176,0.088,0.088,0.527,0.264,0.019,5.6,11.90,31.0
72.6274,1616,12,move,7,72.6274,72.6357,0,0.088,0.439,0.264,0.176,0.527,0.088,-1.055,-0.703,0.439,0.088,0.439,0.088,0.088,0.176,0.088,0.088,0.527,0.264,0.088,0.439,0.264,0.176,0.527,0.088,-1.055,-1.588,0.439,0.088,0.439,0.088,0.088,0.176,0.088,0.088,0.527,0.264,0.019,5.6,11.90,31.0
72.6672,1617,12,move,7,72.6672,72.6756,0,0.088,0.439,0.264,0.176,0.527,0.088,-1.055,-1.055,0.439,0.088,0.439,0.088,0.088,0.176,0.088,0.088,0.527,0.264,0.088,0.439,0.264,0.176,0.527,0.088,-1.055,-1.878,0.439,0.088,0.439,0.088,0.088,0.176,0.088,0.088,0.527,0.264,0.019,5.6,11.90,31.0
72.7071,1618,12,move,7,72.7071,72.7158,0,0.088,0.439,0.264,0.176,0.527,0.088,-1.055,-1.406,0.439,0.088,0.439,0.088,0.088,0.176,0.088,0.088,0.527,0.264,0.088,0.439,0.264,0.176,0.527,0.088,-1.055,-2.136,0.439,0.088,0.439,0.088,0.088,0.176,0.088,0.088,0.527,0.264,0.019,5.6,11.90,31.0
72.7472,1619,12,move,7,72.7472,72.7558,0,0.088,0.439,0.264,0.176,0.527,0.088,-1.055,-1.670,0.439,0.088,0.439,0.088,0.088,0.176,0.088,0.088,0.527,0.264,0.088,0.439,0.264,0.176,0.527,0.088,-1.055,-2.357,0.439,0.088,0.439,0.088,0.088,0.176,0.088,0.088,0.527,0.264,0.013,4.8,11.90,31.0
72.7872,1620,12,move,7,72.7872,72.7959,0,0.088,0.439,0.264,0.176,0.527,0.088,-1.055,-1.934,0.439,0.088,0.439,0.088,0.088,0.176,0.088,0.088,0.527,0.264,0.088,0.439,0.264,0.176,0.527,0.088,-1.055,-2.539,0.439,0.088,0.439,0.088,0.088,0.176,0.088,0.088,0.527,0.264,0.013,4.8,11.90,31.0
72.8274,1621,12,move,7,72.8274,72.8360,0,0.088,0.439,0.264,0.176,0.527,0.088,-1.055,-2.285,0.439,0.088,0.439,0.088,0.088,0.176,0.088,0.088,0.527,0.264,0.088,0.439,0.264,0.176,0.527,0.088,-1.055,-2.677,0.439,0.088,0.439,0.088,0.088,0.176,0.088,0.088,0.527,0.264,0.013,4.8,11.90,31.0
72.8672,1622,12,move,7,72.8672,72.8759,0,0.088,0.439,0.264,0.176,0.527,0.088,-1.055,-2.285,0.439,0.088,0.439,0.088,0.088,0.176,0.088,0.088,0.527,0.264,0.088,0.439,0.264,0.176,0.527,0.088,-1.055,-2.771,0.439,0.088,0.439,0.088,0.088,0.176,0.088,0.088,0.527,0.264,0.019,5.2,11.90,31.0
72.9072,1623,12,move,7,72.9072,72.9156,0,0.088,0.439,0.264,0.176,0.527,0.088,-1.055,-2.461,0.439,0.088,0.439,0.088,0.088,0.176,0.088,0.088,0.527,0.264,0.088,0.439,0.264,0.176,0.527,0.088,-1.055,-2.818,0.439,0.088,0.439,0.088,0.088,0.176,0.088,0.088,0.527,0.264,0.019,5.2,11.90,31.0
72.9472,1624,12,move,7,72.9472,72.9556,0,0.088,0.439,0.264,0.176,0.527,0.088,-1.055,-2.549,0.439,0.088,0.439,0.088,0.088,0.176,0.088,0.088,0.527,0.264,0.088,0.439,0.264,0.176,0.527,0.088,-1.055,-2.818,0.439,0.088,0.439,0.088,0.088,0.176,0.088,0.088,0.527,0.264,0.019,5.2,11.90,31.0
72.9874,1625,12,move,7,72.9874,72.9959,0,0.088,0.439,0.264,0.176,0.527,0.088,-1.055,-2.549,0.439,0.088,0.439,0.088,0.088,0.176,0.088,0.088,0.527,0.264,0.088,0.439,0.264,0.176,0.527,0.088,-1.055,-2.771,0.439,0.088,0.439,0.088,0.088,0.176,0.088,0.088,0.527,0.264,0.013,3.2,11.90,31.0
73.0272,1626,12,move,7,73.0272,73.0361,0,0.088,0.439,0.264,0.176,0.527,0.088,-1.055,-2.637,0.439,0.088,0.439,0.088,0.088,0.176,0.088,0.088,0.527,0.264,0.088,0.439,0.264,0.176,0.527,0.088,-1.055,-2.677,0.439,0.088,0.439,0.088,0.088,0.176,0.088,0.088,0.527,0.264,0.013,3.2,11.90,31.0
73.0674,1627,12,move,7,73.0674,73.0759,0,0.088,0.439,0.264,0.176,0.527,0.088,-1.055,-2.637,0.439,0.088,0.439,0.088,0.088,0.176,0.088,0.088,0.527,0.264,0.088,0.439,0.264,0.176,0.527,0.088,-1.055,-2.539,0.439,0.088,0.439,0.088,0.088,0.176,0.088,0.088,0.527,0.264,0.013,3.2,11.90,31.0
73.1072,1628,12,move,7,73.1072,73.1158,0,0.088,0.439,0.264,0.176,0.527,0.088,-1.055,-2.461,0.439,0.088,0.439,0.088,0.088,0.176,0.088,0.088,0.527,0.264,0.088,0.439,0.264,0.176,0.527,0.088,-1.055,-2.357,0.439,0.088,0.439,0.088,0.088,0.176,0.088,0.088,0.527,0.264,0.000,0.0,11.90,31.0
73.1474,1629,12,move,7,73.1474,73.1559,0,0.088,0.439,0.264,0.176,0.527,0.088,-1.055,-2.461,0.439,0.088,0.439,0.088,0.088,0.176,0.088,0.088,0.527,0.264,0.088,0.439,0.264,0.176,0.527,0.088,-1.055,-2.136,0.439,0.088,0.439,0.088,0.088,0.176,0.088,0.088,0.527,0.264,0.000,0.0,11.90,31.0
73.1874,1630,12,move,7,73.1874,73.1959,0,0.088,0.439,0.264,0.176,0.527,0.088,-1.055,-2.285,0.439,0.088,0.439,0.088,0.088,0.176,0.088,0.088,0.527,0.264,0.088,0.439,0.264,0.176,0.527,0.088,-1.055,-1.878,0.439,0.088,0.439,0.088,0.088,0.176,0.088,0.088,0.527,0.264,0.000,0.0,11.90,31.0
73.2274,1631,12,move,7,73.2274,73.2359,0,0.088,0.439,0.264,0.176,0.527,0.088,-1.055,-2.021,0.439,0.088,0.439,0.088,0.088,0.176,0.088,0.088,0.527,0.264,0.088,0.439,0.264,0.176,0.527,0.088,-1.055,-1.588,0.439,0.088,0.439,0.088,0.088,0.176,0.088,0.088,0.527,0.264,0.000,0.0,11.90,31.0
73.2674,1632,12,move,7,73.2674,73.2759,0,0.088,0.439,0.264,0.176,0.527,0.088,-1.055,-1.934,0.439,0.088,0.439,0.088,0.088,0.176,0.088,0.088,0.527,0.264,0.088,0.439,0.264,0.176,0.527,0.088,-1.055,-1.269,0.439,0.088,0.439,0.088,0.088,0.176,0.088,0.088,0.527,0.264,0.000,0.0,11.90,31.0
73.3074,1633,12,move,7,73.3074,73.3159,0,0.088,0.439,0.264,0.176,0.527,0.088,-1.055,-1.582,0.439,0.088,0.439,0.088,0.088,0.176,0.088,0.088,0.527,0.264,0.088,0.439,0.264,0.176,0.527,0.088,-1.055,-0.929,0.439,0.088,0.439,0.088,0.088,0.176,0.088,0.088,0.527,0.264,0.000,0.0,11.90,31.0
73.3474,1634,12,move,7,73.3474,73.3556,0,0.088,0.439,0.264,0.176,0.527,0.088,-1.055,-1.230,0.439,0.088,0.439,0.088,0.088,0.176,0.088,0.088,0.527,0.264,0.088,0.439,0.264,0.176,0.527,0.088,-1.055,-0.570,0.439,0.088,0.439,0.088,0.088,0.176,0.088,0.088,0.527,0.264,0.006,2.4,11.90,31.0
73.3874,1635,12,move,7,73.3874,73.3960,0,0.088,0.439,0.264,0.176,0.527,0.088,-1.055,-0.967,0.439,0.088,0.439,0.088,0.088,0.176,0.088,0.088,0.527,0.264,0.088,0.439,0.264,0.176,0.527,0.088,-1.055,-0.200,0.439,0.088,0.439,0.088,0.088,0.176,0.088,0.088,0.527,0.264,0.006,2.4,11.90,31.0
73.4274,1636,12,move,7,73.4274,73.4360,0,0.088,0.439,0.264,0.176,0.527,0.088,-1.055,-0.527,0.439,0.088,0.439,0.088,0.088,0.176,0.088,0.088,0.527,0.264,0.088,0.439,0.264,0.176,0.527,0.088,-1.055,0.176,0.439,0.088,0.439,0.088,0.088,0.176,0.088,0.088,0.527,0.264,0.006,2.4,11.90,31.0
73.4674,1637,12,move,7,73.4674,73.4760,0,0.088,0.439,0.264,0.176,0.527,0.088,-1.055,-0.176,0.439,0.088,0.439,0.088,0.088,0.176,0.088,0.088,0.527,0.264,0.088,0.439,0.264,0.176,0.527,0.088,-1.055,0.552,0.439,0.088,0.439,0.088,0.088,0.176,0.088,0.088,0.527,0.264,0.000,2.4,11.90,31.0
73.5074,1638,12,move,7,73.5074,73.5160,0,0.088,0.439,0.264,0.176,0.527,0.088,-1.055,0.264,0.439,0.088,0.439,0.088,0.088,0.176,0.088,0.088,0.527,0.264,0.088,0.439,0.264,0.176,0.527,0.088,-1.055,0.922,0.439,0.088,0.439,0.088,0.088,0.176,0.088,0.088,0.527,0.264,0.000,2.4,11.90,31.0
73.5474,1639,12,move,7,73.5474,73.5561,0,0.088,0.439,0.264,0.176,0.527,0.088,-1.055,0.615,0.439,0.088,0.439,0.088,0.088,0.176,0.088,0.088,0.527,0.264,0.088,0.439,0.264,0.176,0.527,0.088,-1.055,1.280,0.439,0.088,0.439,0.088,0.088,0.176,0.088,0.088,0.527,0.264,0.000,2.4,11.90,31.0
73.5874,1640,12,move,7,73.5874,73.5959,0,0.088,0.439,0.264,0.176,0.527,0.088,-1.055,0.879,0.439,0.088,0.439,0.088,0.088,0.176,0.088,0.088,0.527,0.264,0.088,0.439,0.264,0.176,0.527,0.088,-1.055,1.621,0.439,0.088,0.439,0.088,0.088,0.176,0.088,0.088,0.527,0.264,0.006,2.4,11.90,31.0
73.6274,1641,12,move,7,73.6274,73.6354,0,0.088,0.439,0.264,0.176,0.527,0.088,-1.055,1.318,0.439,0.088,0.439,0.088,0.088,0.176,0.088,0.088,0.527,0.264,0.088,0.439,0.264,0.176,0.527,0.088,-1.055,1.939,0.439,0.088,0.439,0.088,0.088,0.176,0.088,0.088,0.527,0.264,0.006,2.4,11.90,31.0
73.6674,1642,12,move,7,73.6674,73.6752,0,0.088,0.439,0.264,0.176,0.527,0.088,-1.055,1.670,0.439,0.088,0.439,0.088,0.088,0.176,0.088,0.088,0.527,0.264,0.088,0.439,0.264,0.176,0.527,0.088,-1.055,2.229,0.439,0.088,0.439,0.088,0.088,0.176,0.088,0.088,0.527,0.264,0.006,2.4,11.90,31.0
73.7071,1643,12,move,7,73.7071,73.7152,0,0.088,0.439,0.264,0.176,0.527,0.088,-1.055,1.934,0.439,0.088,0.439,0.088,0.088,0.176,0.088,0.088,0.527,0.264,0.088,0.439,0.264,0.176,0.527,0.088,-1.055,2.487,0.439,0.088,0.439,0.088,0.088,0.176,0.088,0.088,0.527,0.264,0.006,2.8,11.90,31.0
73.7472,1644,12,move,7,73.7472,73.7552,0,0.088,0.439,0.264,0.176,0.527,0.088,-1.055,2.197,0.439,0.088,0.439,0.088,0.088,0.176,0.088,0.088,0.527,0.264,0.088,0.439,0.264,0.176,0.527,0.088,-1.055,2.709,0.439,0.088,0.439,0.088,0.088,0.176,0.088,0.088,0.527,0.264,0.006,2.8,11.90,31.0
73.7874,1645,12,move,7,73.7874,73.7952,0,0.088,0.439,0.264,0.176,0.527,0.088,-1.055,2.549,0.439,0.088,0.439,0.088,0.088,0.176,0.088,0.088,0.527,0.264,0.088,0.439,0.264,0.176,0.527,0.088,-1.055,2.890,0.439,0.088,0.439,0.088,0.088,0.176,0.088,0.088,0.527,0.264,0.006,2.8,11.90,31.0
73.8272,1646,12,move,7,73.8272,73.8352,0,0.088,0.439,0.264,0.176,0.527,0.088,-1.055,2.637,0.439,0.088,0.439,0.088,0.088,0.176,0.088,0.088,0.527,0.264,0.088,0.439,0.264,0.176,0.527,0.088,-1.055,3.029,0.439,0.088,0.439,0.088,0.088,0.176,0.088,0.088,0.527,0.264,0.006,2.4,11.90,31.0
73.8674,1647,12,move,7,73.8674,73.8754,0,0.088,0.439,0.264,0.176,0.527,0.088,-1.055,2.988,0.439,0.088,0.439,0.088,0.088,0.176,0.088,0.088,0.527,0.264,0.088,0.439,0.264,0.176,0.527,0.088,-1.055,3.123,0.439,0.088,0.439,0.088,0.088,0.176,0.088,0.088,0.527,0.264,0.006,2.4,11.90,31.0
73.9074,1648,12,move,7,73.9074,73.9155,0,0.088,0.439,0.264,0.176,0.527,0.088,-1.055,2.988,0.439,0.088,0.439,0.088,0.088,0.176,0.088,0.088,0.527,0.264,0.088,0.439,0.264,0.176,0.527,0.088,-1.055,3.170,0.439,0.088,0.439,0.088,0.088,0.176,0.088,0.088,0.527,0.264,0.006,2.4,11.90,31.0
73.9474,1649,12,move,7,73.9474,73.9555,0,0.088,0.439,0.264,0.176,0.527,0.088,-1.055,3.164,0.439,0.088,0.439,0.088,0.088,0.176,0.088,0.088,0.527,0.264,0.088,0.439,0.264,0.176,0.527,0.088,-1.055,3.170,0.439,0.088,0.439,0.088,0.088,0.176,0.088,0.088,0.527,0.264,0.000,2.0,11.90,31.0
73.9874,1650,12,move,7,73.9874,74.0050,0,0.088,0.439,0.264,0.176,0.527,0.088,-1.055,3.164,0.439,0.088,0.439,0.088,0.088,0.176,0.088,0.088,0.527,0.264,0.088,0.439,0.264,0.176,0.527,0.088,-1.055,3.123,0.439,0.088,0.439,0.088,0.088,0.176,0.088,0.088,0.527,0.264,0.000,2.0,11.90,31.0
74.0272,1651,12,move,7,74.0272,74.0352,0,0.088,0.439,0.264,0.176,0.527,0.088,-1.055,3.164,0.439,0.088,0.439,0.088,0.088,0.176,0.088,0.088,0.527,0.264,0.088,0.439,0.264,0.176,0.527,0.088,-1.055,3.029,0.439,0.088,0.439,0.088,0.088,0.176,0.088,0.088,0.527,0.264,0.000,2.0,11.90,31.0
74.0674,1652,12,move,7,74.0674,74.0759,0,0.088,0.439,0.264,0.176,0.527,0.088,-1.055,3.164,0.439,0.088,0.439,0.088,0.088,0.176,0.088,0.088,0.527,0.264,0.088,0.439,0.264,0.176,0.527,0.088,-1.055,2.890,0.439,0.088,0.439,0.088,0.088,0.176,0.088,0.088,0.527,0.264,0.006,3.6,11.90,31.0
74.1071,1653,12,move,7,74.1071,74.1156,0,0.088,0.439,0.264,0.176,0.527,0.088,-1.055,3.164,0.439,0.088,0.439,0.088,0.088,0.176,0.088,0.088,0.527,0.264,0.088,0.439,0.264,0.176,0.527,0.088,-1.055,2.709,0.439,0.088,0.439,0.088,0.088,0.176,0.088,0.088,0.527,0.264,0.006,3.6,11.90,31.0
74.1472,1654,12,move,7,74.1472,74.1557,0,0.088,0.439,0.264,0.176,0.527,0.088,-1.055,2.900,0.439,0.088,0.439,0.088,0.088,0.176,0.088,0.088,0.527,0.264,0.088,0.439,0.264,0.176,0.527,0.088,-1.055,2.487,0.439,0.088,0.439,0.088,0.088,0.176,0.088,0.088,0.527,0.264,0.006,3.6,11.90,31.0
74.1872,1655,12,move,7,74.1872,74.1960,0,0.088,0.439,0.264,0.176,0.527,0.088,-1.055,2.812,0.439,0.088,0.439,0.088,0.088,0.176,0.088,0.088,0.527,0.264,0.088,0.439,0.264,0.176,0.527,0.088,-1.055,2.229,0.439,0.088,0.439,0.088,0.088,0.176,0.088,0.088,0.527,0.264,0.019,5.6,11.90,31.0
74.2272,1656,12,move,7,74.2272,74.2358,0,0.088,0.439,0.264,0.176,0.527,0.088,-1.055,2.549,0.439,0.088,0.439,0.088,0.088,0.176,0.088,0.088,0.527,0.264,0.088,0.439,0.264,0.176,0.527,0.088,-1.055,1.939,0.439,0.088,0.439,0.088,0.088,0.176,0.088,0.088,0.527,0.264,0.019,5.6,11.90,31.0
74.2674,1657,12,move,7,74.2674,74.2761,0,0.088,0.439,0.264,0.176,0.527,0.088,-1.055,2.373,0.439,0.088,0.439,0.088,0.088,0.176,0.088,0.088,0.527,0.264,0.088,0.439,0.264,0.176,0.527,0.088,-1.055,1.621,0.439,0.088,0.439,0.088,0.088,0.176,0.088,0.088,0.527,0.264,0.019,5.6,11.90,31.0
74.3074,1658,12,move,7,74.3074,74.3160,0,0.088,0.439,0.264,0.176,0.527,0.088,-1.055,2.109,0.439,0.088,0.439,0.088,0.088,0.176,0.088,0.088,0.527,0.264,0.088,0.439,0.264,0.176,0.527,0.088,-1.055,1.280,0.439,0.088,0.439,0.088,0.088,0.176,0.088,0.088,0.527,0.264,0.013,5.2,11.90,31.0
74.3476,1659,12,move,7,74.3476,74.3580,0,0.088,0.439,0.264,0.176,0.527,0.088,-1.055,1.758,0.439,0.088,0.439,0.088,0.088,0.176,0.088,0.088,0.527,0.264,0.088,0.439,0.264,0.176,0.527,0.088,-1.055,0.922,0.439,0.088,0.439,0.088,0.088,0.176,0.088,0.088,0.527,0.264,0.013,5.2,11.90,31.0
74.3872,1660,12,move,7,74.3872,74.3957,0,0.088,0.439,0.264,0.176,0.527,0.088,-1.055,1.494,0.439,0.088,0.439,0.088,0.088,0.176,0.088,0.088,0.527,0.264,0.088,0.439,0.264,0.176,0.527,0.088,-1.055,0.552,0.439,0.088,0.439,0.088,0.088,0.176,0.088,0.088,0.527,0.264,0.013,5.2,11.90,31.0
74.4274,1661,12,move,7,74.4274,74.4360,0,0.088,0.439,0.264,0.176,0.527,0.088,-1.055,1.230,0.439,0.088,0.439,0.088,0.088,0.176,0.088,0.088,0.527,0.264,0.088,0.439,0.264,0.176,0.527,0.088,-1.055,0.176,0.439,0.088,0.439,0.088,0.088,0.176,0.088,0.088,0.527,0.264,0.019,6.0,11.90,31.0
74.4674,1662,12,move,7,74.4674,74.4760,0,0.088,0.439,0.264,0.176,0.527,0.088,-1.055,0.703,0.439,0.088,0.439,0.088,0.088,0.176,0.088,0.088,0.527,0.264,0.088,0.439,0.264,0.176,0.527,0.088,-1.055,-0.200,0.439,0.088,0.439,0.088,0.088,0.176,0.088,0.088,0.527,0.264,0.019,6.0,11.90,31.0
74.5074,1663,12,move,7,74.5074,74.5162,0,0.088,0.439,0.264,0.176,0.527,0.088,-1.055,0.439,0.439,0.088,0.439,0.088,0.088,0.176,0.088,0.088,0.527,0.264,0.088,0.439,0.264,0.176,0.527,0.088,-1.055,-0.570,0.439,0.088,0.439,0.088,0.088,0.176,0.088,0.088,0.527,0.264,0.019,6.0,11.90,31.0
74.5474,1664,12,move,7,74.5474,74.5560,0,0.088,0.439,0.264,0.176,0.527,0.088,-1.055,0.000,0.439,0.088,0.439,0.088,0.088,0.176,0.088,0.088,0.527,0.264,0.088,0.439,0.264,0.176,0.527,0.088,-1.055,-0.929,0.439,0.088,0.439,0.088,0.088,0.176,0.088,0.088,0.527,0.264,0.019,5.6,11.90,31.0
74.5874,1665,12,move,7,74.5874,74.5959,0,0.088,0.439,0.264,0.176,0.527,0.088,-1.055,-0.352,0.439,0.088,0.439,0.088,0.088,0.176,0.088,0.088,0.527,0.264,0.088,0.439,0.264,0.176,0.527,0.088,-1.055,-1.269,0.439,0.088,0.439,0.088,0.088,0.176,0.088,0.088,0.527,0.264,0.019,5.6,11.90,31.0
74.6274,1666,12,move,7,74.6274,74.6360,0,0.088,0.439,0.264,0.176,0.527,0.088,-1.055,-0.703,0.439,0.088,0.439,0.088,0.088,0.176,0.088,0.088,0.527,0.264,0.088,0.439,0.264,0.176,0.527,0.088,-1.055,-1.588,0.439,0.088,0.439,0.088,0.088,0.176,0.088,0.088,0.527,0.264,0.019,5.6,11.90,31.0
74.6674,1667,12,move,7,74.6674,74.6760,0,0.088,0.439,0.264,0.176,0.527,0.088,-1.055,-1.055,0.439,0.088,0.439,0.088,0.088,0.176,0.088,0.088,0.527,0.264,0.088,0.439,0.264,0.176,0.527,0.088,-1.055,-1.878,0.439,0.088,0.439,0.088,0.088,0.176,0.088,0.088,0.527,0.264,0.019,5.6,11.90,31.0
74.7074,1668,12,move,7,74.7074,74.7160,0,0.088,0.439,0.264,0.176,0.527,0.088,-1.055,-1.406,0.439,0.088,0.439,0.088,0.088,0.176,0.088,0.088,0.527,0.264,0.088,0.439,0.264,0.176,0.527,0.088,-1.055,-2.136,0.439,0.088,0.439,0.088,0.088,0.176,0.088,0.088,0.527,0.264,0.019,5.6,11.90,31.0
74.7474,1669,12,move,7,74.7474,74.7560,0,0.088,0.439,0.264,0.176,0.527,0.088,-1.055,-1.670,0.439,0.088,0.439,0.088,0.088,0.176,0.088,0.088,0.527,0.264,0.088,0.439,0.264,0.176,0.527,0.088,-1.055,-2.357,0.439,0.088,0.439,0.088,0.088,0.176,0.088,0.088,0.527,0.264,0.019,5.6,11.90,31.0
74.7874,1670,12,move,7,74.7874,74.7962,0,0.088,0.439,0.264,0.176,0.527,0.088,-1.055,-1.934,0.439,0.088,0.439,0.088,0.088,0.176,0.088,0.088,0.527,0.264,0.088,0.439,0.264,0.176,0.527,0.088,-1.055,-2.539,0.439,0.088,0.439,0.088,0.088,0.176,0.088,0.088,0.527,0.264,0.013,3.6,11.90,31.0
74.8274,1671,12,move,7,74.8274,74.8360,0,0.088,0.439,0.264,0.176,0.527,0.088,-1.055,-2.197,0.439,0.088,0.439,0.088,0.088,0.176,0.088,0.088,0.527,0.264,0.088,0.439,0.264,0.176,0.527,0.088,-1.055,-2.677,0.439,0.088,0.439,0.088,0.088,0.176,0.088,0.088,0.527,0.264,0.013,3.6,11.90,31.0
74.8671,1672,12,move,7,74.8671,74.8759,0,0.088,0.439,0.264,0.176,0.527,0.088,-1.055,-2.373,0.439,0.088,0.439,0.088,0.088,0.176,0.088,0.088,0.527,0.264,0.088,0.439,0.264,0.176,0.527,0.088,-1.055,-2.771,0.439,0.088,0.439,0.088,0.088,0.176,0.088,0.088,0.527,0.264,0.013,3.6,11.90,31.0
74.9074,1673,12,move,7,74.9074,74.9161,0,0.088,0.439,0.264,0.176,0.527,0.088,-1.055,-2.461,0.439,0.088,0.439,0.088,0.088,0.176,0.088,0.088,0.527,0.264,0.088,0.439,0.264,0.176,0.527,0.088,-1.055,-2.818,0.439,0.088,0.439,0.088,0.088,0.176,0.088,0.088,0.527,0.264,0.013,4.0,11.90,31.0
74.9472,1674,12,move,7,74.9472,74.9556,0,0.088,0.439,0.264,0.176,0.527,0.088,-1.055,-2.461,0.439,0.088,0.439,0.088,0.088,0.176,0.088,0.088,0.527,0.264,0.088,0.439,0.264,0.176,0.527,0.088,-1.055,-2.818,0.439,0.088,0.439,0.088,0.088,0.176,0.088,0.088,0.527,0.264,0.013,4.0,11.90,31.0
74.9872,1675,12,move,7,74.9872,74.9956,0,0.088,0.439,0.264,0.176,0.527,0.088,-1.055,-2.461,0.439,0.088,0.439,0.088,0.088,0.176,0.088,0.088,0.527,0.264,0.088,0.439,0.264,0.176,0.527,0.088,-1.055,-2.771,0.439,0.088,0.439,0.088,0.088,0.176,0.088,0.088,0.527,0.264,0.013,4.0,11.90,31.0
75.0274,1676,12,move,7,75.0274,75.0361,0,0.088,0.439,0.264,0.176,0.527,0.088,-1.055,-2.461,0.439,0.088,0.439,0.088,0.088,0.176,0.088,0.088,0.527,0.264,0.088,0.439,0.264,0.176,0.527,0.088,-1.055,-2.677,0.439,0.088,0.439,0.088,0.088,0.176,0.088,0.088,0.527,0.264,0.019,4.0,11.90,31.0
75.0671,1677,12,move,7,75.0671,75.0758,0,0.088,0.439,0.264,0.176,0.527,0.088,-1.055,-2.461,0.439,0.088,0.439,0.088,0.088,0.176,0.088,0.088,0.527,0.264,0.088,0.439,0.264,0.176,0.527,0.088,-1.055,-2.539,0.439,0.088,0.439,0.088,0.088,0.176,0.088,0.088,0.527,0.264,0.019,4.0,11.90,31.0
75.1074,1678,12,move,7,75.1074,75.1160,0,0.088,0.439,0.264,0.176,0.527,0.088,-1.055,-2.373,0.439,0.088,0.439,0.088,0.088,0.176,0.088,0.088,0.527,0.264,0.088,0.439,0.264,0.176,0.527,0.088,-1.055,-2.357,0.439,0.088,0.439,0.088,0.088,0.176,0.088,0.088,0.527,0.264,0.019,4.0,11.90,31.0
75.1474,1679,12,move,7,75.1474,75.1576,0,0.088,0.439,0.264,0.176,0.527,0.088,-1.055,-2.285,0.439,0.088,0.439,0.088,0.088,0.176,0.088,0.088,0.527,0.264,0.088,0.439,0.264,0.176,0.527,0.088,-1.055,-2.136,0.439,0.088,0.439,0.088,0.088,0.176,0.088,0.088,0.527,0.264,0.000,0.0,11.90,31.0
75.1872,1680,12,move,7,75.1872,75.1957,0,0.088,0.439,0.264,0.176,0.527,0.088,-1.055,-2.197,0.439,0.088,0.439,0.088,0.088,0.176,0.088,0.088,0.527,0.264,0.088,0.439,0.264,0.176,0.527,0.088,-1.055,-1.878,0.439,0.088,0.439,0.088,0.088,0.176,0.088,0.088,0.527,0.264,0.000,0.0,11.90,31.0
75.2274,1681,12,move,7,75.2274,75.2360,0,0.088,0.439,0.264,0.176,0.527,0.088,-1.055,-2.109,0.439,0.088,0.439,0.088,0.088,0.176,0.088,0.088,0.527,0.264,0.088,0.439,0.264,0.176,0.527,0.088,-1.055,-1.588,0.439,0.088,0.439,0.088,0.088,0.176,0.088,0.088,0.527,0.264,0.000,0.0,11.90,31.0
75.2672,1682,12,move,7,75.2672,75.2758,0,0.088,0.439,0.264,0.176,0.527,0.088,-1.055,-1.758,0.439,0.088,0.439,0.088,0.088,0.176,0.088,0.088,0.527,0.264,0.088,0.439,0.264,0.176,0.527,0.088,-1.055,-1.269,0.439,0.088,0.439,0.088,0.088,0.176,0.088,0.088,0.527,0.264,0.013,2.4,11.90,31.0
75.3074,1683,12,move,7,75.3074,75.3159,0,0.088,0.439,0.264,0.176,0.527,0.088,-1.055,-1.670,0.439,0.088,0.439,0.088,0.088,0.176,0.088,0.088,0.527,0.264,0.088,0.439,0.264,0.176,0.527,0.088,-1.055,-0.929,0.439,0.088,0.439,0.088,0.088,0.176,0.088,0.088,0.527,0.264,0.013,2.4,11.90,31.0
75.3474,1684,12,move,7,75.3474,75.3560,0,0.088,0.439,0.264,0.176,0.527,0.088,-1.055,-1.143,0.439,0.088,0.439,0.088,0.088,0.176,0.088,0.088,0.527,0.264,0.088,0.439,0.264,0.176,0.527,0.088,-1.055,-0.570,0.439,0.088,0.439,0.088,0.088,0.176,0.088,0.088,0.527,0.264,0.013,2.4,11.90,31.0
75.3874,1685,12,move,7,75.3874,75.3959,0,0.088,0.439,0.264,0.176,0.527,0.088,-1.055,-1.055,0.439,0.088,0.439,0.088,0.088,0.176,0.088,0.088,0.527,0.264,0.088,0.439,0.264,0.176,0.527,0.088,-1.055,-0.200,0.439,0.088,0.439,0.088,0.088,0.176,0.088,0.088,0.527,0.264,0.006,4.4,11.90,31.0
75.4274,1686,12,rest,7,75.4274,75.4355,0,0.088,0.439,0.264,0.176,0.527,0.088,-1.055,-0.527,0.439,0.088,0.439,0.088,0.088,0.176,0.088,0.088,0.527,0.264,0.088,0.439,0.264,0.176,0.527,0.088,-1.055,0.176,0.439,0.088,0.439,0.088,0.088,0.176,0.088,0.088,0.527,0.264,0.006,4.4,11.90,31.0
75.4674,1687,12,rest,7,75.4674,75.4757,0,0.088,0.439,0.264,0.176,0.527,0.088,-1.055,-0.264,0.439,0.088,0.439,0.088,0.088,0.176,0.088,0.088,0.527,0.264,0.088,0.439,0.264,0.176,0.527,0.088,-1.055,0.176,0.439,0.088,0.439,0.088,0.088,0.176,0.088,0.088,0.527,0.264,0.006,4.4,11.90,31.0
75.5074,1688,12,rest,7,75.5074,75.5156,0,0.088,0.439,0.264,0.176,0.527,0.088,-1.055,0.088,0.439,0.088,0.439,0.088,0.088,0.176,0.088,0.088,0.527,0.264,0.088,0.439,0.264,0.176,0.527,0.088,-1.055,0.176,0.439,0.088,0.439,0.088,0.088,0.176,0.088,0.088,0.527,0.264,0.013,2.4,11.90,31.0
75.5472,1689,12,rest,7,75.5472,75.5552,0,0.088,0.439,0.264,0.176,0.527,0.088,-1.055,0.176,0.439,0.088,0.439,0.088,0.088,0.176,0.088,0.088,0.527,0.264,0.088,0.439,0.264,0.176,0.527,0.088,-1.055,0.176,0.439,0.088,0.439,0.088,0.088,0.176,0.088,0.088,0.527,0.264,0.013,2.4,11.90,31.0
75.5874,1690,12,rest,7,75.5874,75.5956,0,0.088,0.439,0.264,0.176,0.527,0.088,-1.055,0.176,0.439,0.088,0.439,0.088,0.088,0.176,0.088,0.088,0.527,0.264,0.088,0.439,0.264,0.176,0.527,0.088,-1.055,0.176,0.439,0.088,0.439,0.088,0.088,0.176,0.088,0.088,0.527,0.264,0.013,2.4,11.90,31.0
75.6274,1691,12,rest,7,75.6274,75.6355,0,0.088,0.439,0.264,0.176,0.527,0.088,-1.055,0.176,0.439,0.088,0.439,0.088,0.088,0.176,0.088,0.088,0.527,0.264,0.088,0.439,0.264,0.176,0.527,0.088,-1.055,0.176,0.439,0.088,0.439,0.088,0.088,0.176,0.088,0.088,0.527,0.264,0.000,0.0,11.90,31.0
75.6672,1692,12,rest,7,75.6672,75.6755,0,0.088,0.439,0.264,0.176,0.527,0.088,-1.055,0.176,0.439,0.088,0.439,0.088,0.088,0.176,0.088,0.088,0.527,0.264,0.088,0.439,0.264,0.176,0.527,0.088,-1.055,0.176,0.439,0.088,0.439,0.088,0.088,0.176,0.088,0.088,0.527,0.264,0.000,0.0,11.90,31.0
75.7072,1693,12,rest,7,75.7072,75.7152,0,0.088,0.439,0.264,0.176,0.527,0.088,-1.055,0.176,0.439,0.088,0.439,0.088,0.088,0.176,0.088,0.088,0.527,0.264,0.088,0.439,0.264,0.176,0.527,0.088,-1.055,0.176,0.439,0.088,0.439,0.088,0.088,0.176,0.088,0.088,0.527,0.264,0.000,0.0,11.90,31.0
75.7474,1694,12,rest,7,75.7474,75.7557,0,0.088,0.439,0.264,0.176,0.527,0.088,-1.055,0.176,0.439,0.088,0.439,0.088,0.088,0.176,0.088,0.088,0.527,0.264,0.088,0.439,0.264,0.176,0.527,0.088,-1.055,0.176,0.439,0.088,0.439,0.088,0.088,0.176,0.088,0.088,0.527,0.264,0.000,0.0,11.90,31.0
75.7872,1695,12,rest,7,75.7872,75.7952,0,0.088,0.439,0.264,0.176,0.527,0.088,-1.055,0.176,0.439,0.088,0.439,0.088,0.088,0.176,0.088,0.088,0.527,0.264,0.088,0.439,0.264,0.176,0.527,0.088,-1.055,0.176,0.439,0.088,0.439,0.088,0.088,0.176,0.088,0.088,0.527,0.264,0.000,0.0,11.90,31.0
75.8274,1696,12,rest,7,75.8274,75.8350,0,0.088,0.439,0.264,0.176,0.527,0.088,-1.055,0.176,0.439,0.088,0.439,0.088,0.088,0.176,0.088,0.088,0.527,0.264,0.088,0.439,0.264,0.176,0.527,0.088,-1.055,0.176,0.439,0.088,0.439,0.088,0.088,0.176,0.088,0.088,0.527,0.264,0.000,0.0,11.90,31.0
75.8672,1697,12,rest,7,75.8672,75.8752,0,0.088,0.439,0.264,0.176,0.527,0.088,-1.055,0.176,0.439,0.088,0.439,0.088,0.088,0.176,0.088,0.088,0.527,0.264,0.088,0.439,0.264,0.176,0.527,0.088,-1.055,0.176,0.439,0.088,0.439,0.088,0.088,0.176,0.088,0.088,0.527,0.264,0.000,0.0,11.90,31.0
75.9072,1698,12,rest,7,75.9072,75.9152,0,0.088,0.439,0.264,0.176,0.527,0.088,-1.055,0.176,0.439,0.088,0.439,0.088,0.088,0.176,0.088,0.088,0.527,0.264,0.088,0.439,0.264,0.176,0.527,0.088,-1.055,0.176,0.439,0.088,0.439,0.088,0.088,0.176,0.088,0.088,0.527,0.264,0.000,0.0,11.90,31.0
75.9472,1699,12,rest,7,75.9472,75.9552,0,0.088,0.439,0.264,0.176,0.527,0.088,-1.055,0.176,0.439,0.088,0.439,0.088,0.088,0.176,0.088,0.088,0.527,0.264,0.088,0.439,0.264,0.176,0.527,0.088,-1.055,0.176,0.439,0.088,0.439,0.088,0.088,0.176,0.088,0.088,0.527,0.264,0.000,0.0,11.90,31.0
75.9872,1700,12,rest,7,75.9872,75.9952,0,0.088,0.439,0.264,0.176,0.527,0.088,-1.055,0.176,0.439,0.088,0.439,0.088,0.088,0.176,0.088,0.088,0.527,0.264,0.088,0.439,0.264,0.176,0.527,0.088,-1.055,0.176,0.439,0.088,0.439,0.088,0.088,0.176,0.088,0.088,0.527,0.264,0.000,0.0,11.90,31.0
76.0272,1701,12,rest,7,76.0272,76.0353,0,0.088,0.439,0.264,0.176,0.527,0.088,-1.055,0.176,0.439,0.088,0.439,0.088,0.088,0.176,0.088,0.088,0.527,0.264,0.088,0.439,0.264,0.176,0.527,0.088,-1.055,0.176,0.439,0.088,0.439,0.088,0.088,0.176,0.088,0.088,0.527,0.264,0.000,0.0,11.90,31.0
76.0671,1702,12,rest,7,76.0671,76.0752,0,0.088,0.439,0.264,0.176,0.527,0.088,-1.055,0.176,0.439,0.088,0.439,0.088,0.088,0.176,0.088,0.088,0.527,0.264,0.088,0.439,0.264,0.176,0.527,0.088,-1.055,0.176,0.439,0.088,0.439,0.088,0.088,0.176,0.088,0.088,0.527,0.264,0.000,0.0,11.90,31.0
76.1071,1703,12,rest,7,76.1071,76.1152,0,0.088,0.439,0.264,0.176,0.527,0.088,-1.055,0.176,0.439,0.088,0.439,0.088,0.088,0.176,0.088,0.088,0.527,0.264,0.088,0.439,0.264,0.176,0.527,0.088,-1.055,0.176,0.439,0.088,0.439,0.088,0.088,0.176,0.088,0.088,0.527,0.264,0.000,0.0,11.90,31.0
76.1472,1704,12,rest,7,76.1472,76.1575,0,0.088,0.439,0.264,0.176,0.527,0.088,-1.055,0.176,0.439,0.088,0.439,0.088,0.088,0.176,0.088,0.088,0.527,0.264,0.088,0.439,0.264,0.176,0.527,0.088,-1.055,0.176,0.439,0.088,0.439,0.088,0.088,0.176,0.088,0.088,0.527,0.264,0.000,0.0,11.90,31.0
76.1871,1705,12,rest,7,76.1871,76.1946,0,0.088,0.439,0.264,0.176,0.527,0.088,-1.055,0.176,0.439,0.088,0.439,0.088,0.088,0.176,0.088,0.088,0.527,0.264,0.088,0.439,0.264,0.176,0.527,0.088,-1.055,0.176,0.439,0.088,0.439,0.088,0.088,0.176,0.088,0.088,0.527,0.264,0.000,0.0,11.90,31.0
76.2325,1706,13,pre,7,76.2325,76.2406,0,0.088,0.439,0.264,0.176,0.527,0.088,-1.055,0.176,0.439,0.088,0.439,0.088,0.088,0.176,0.088,0.088,0.527,0.264,0.088,0.439,0.264,0.176,0.527,0.088,-1.055,0.176,0.439,0.088,0.439,0.088,0.088,0.176,0.088,0.088,0.527,0.264,0.000,0.0,11.90,31.0
76.2671,1707,13,pre,7,76.2671,76.2755,0,0.088,0.439,0.264,0.176,0.527,0.088,-1.055,0.176,0.439,0.088,0.439,0.088,0.088,0.176,0.088,0.088,0.527,0.264,0.088,0.439,0.264,0.176,0.527,0.088,-1.055,0.176,0.439,0.088,0.439,0.088,0.088,0.176,0.088,0.088,0.527,0.264,0.000,0.0,11.90,31.0
76.3074,1708,13,pre,7,76.3074,76.3156,0,0.088,0.439,0.264,0.176,0.527,0.088,-1.055,0.176,0.439,0.088,0.439,0.088,0.088,0.176,0.088,0.088,0.527,0.264,0.088,0.439,0.264,0.176,0.527,0.088,-1.055,0.176,0.439,0.088,0.439,0.088,0.088,0.176,0.088,0.088,0.527,0.264,0.000,0.0,11.90,31.0
76.3472,1709,13,pre,7,76.3472,76.3558,0,0.088,0.439,0.264,0.176,0.527,0.088,-1.055,0.176,0.439,0.088,0.439,0.088,0.088,0.176,0.088,0.088,0.527,0.264,0.088,0.439,0.264,0.176,0.527,0.088,-1.055,0.176,0.439,0.088,0.439,0.088,0.088,0.176,0.088,0.088,0.527,0.264,0.000,0.0,11.90,31.0
76.3872,1710,13,pre,7,76.3872,76.3957,0,0.088,0.439,0.264,0.176,0.527,0.088,-1.055,0.176,0.439,0.088,0.439,0.088,0.088,0.176,0.088,0.088,0.527,0.264,0.088,0.439,0.264,0.176,0.527,0.088,-1.055,0.176,0.439,0.088,0.439,0.088,0.088,0.176,0.088,0.088,0.527,0.264,0.000,0.0,11.90,31.0
76.4272,1711,13,pre,7,76.4272,76.4348,0,0.088,0.439,0.264,0.176,0.527,0.088,-1.055,0.176,0.439,0.088,0.439,0.088,0.088,0.176,0.088,0.088,0.527,0.264,0.088,0.439,0.264,0.176,0.527,0.088,-1.055,0.176,0.439,0.088,0.439,0.088,0.088,0.176,0.088,0.088,0.527,0.264,0.000,0.0,11.90,31.0
76.4671,1712,13,pre,7,76.4671,76.4758,0,0.088,0.439,0.264,0.176,0.527,0.088,-1.055,0.176,0.439,0.088,0.439,0.088,0.088,0.176,0.088,0.088,0.527,0.264,0.088,0.439,0.264,0.176,0.527,0.088,-1.055,0.176,0.439,0.088,0.439,0.088,0.088,0.176,0.088,0.088,0.527,0.264,0.000,0.0,11.90,31.0
76.5071,1713,13,pre,7,76.5071,76.5158,0,0.088,0.439,0.264,0.176,0.527,0.088,-1.055,0.176,0.439,0.088,0.439,0.088,0.088,0.176,0.088,0.088,0.527,0.264,0.088,0.439,0.264,0.176,0.527,0.088,-1.055,0.176,0.439,0.088,0.439,0.088,0.088,0.176,0.088,0.088,0.527,0.264,0.000,0.0,11.90,31.0
76.5472,1714,13,pre,7,76.5472,76.5558,0,0.088,0.439,0.264,0.176,0.527,0.088,-1.055,0.176,0.439,0.088,0.439,0.088,0.088,0.176,0.088,0.088,0.527,0.264,0.088,0.439,0.264,0.176,0.527,0.088,-1.055,0.176,0.439,0.088,0.439,0.088,0.088,0.176,0.088,0.088,0.527,0.264,0.000,0.0,11.90,31.0
76.5872,1715,13,pre,7,76.5872,76.5958,0,0.088,0.439,0.264,0.176,0.527,0.088,-1.055,0.176,0.439,0.088,0.439,0.088,0.088,0.176,0.088,0.088,0.527,0.264,0.088,0.439,0.264,0.176,0.527,0.088,-1.055,0.176,0.439,0.088,0.439,0.088,0.088,0.176,0.088,0.088,0.527,0.264,0.000,0.0,11.90,31.0
76.6271,1716,13,pre,7,76.6271,76.6353,0,0.088,0.439,0.264,0.176,0.527,0.088,-1.055,0.176,0.439,0.088,0.439,0.088,0.088,0.176,0.088,0.088,0.527,0.264,0.088,0.439,0.264,0.176,0.527,0.088,-1.055,0.176,0.439,0.088,0.439,0.088,0.088,0.176,0.088,0.088,0.527,0.264,0.000,0.0,11.90,31.0
76.6671,1717,13,pre,7,76.6671,76.6759,0,0.088,0.439,0.264,0.176,0.527,0.088,-1.055,0.176,0.439,0.088,0.439,0.088,0.088,0.176,0.088,0.088,0.527,0.264,0.088,0.439,0.264,0.176,0.527,0.088,-1.055,0.176,0.439,0.088,0.439,0.088,0.088,0.176,0.088,0.088,0.527,0.264,0.000,0.0,11.90,31.0
76.7074,1718,13,pre,7,76.7074,76.7159,0,0.088,0.439,0.264,0.176,0.527,0.088,-1.055,0.176,0.439,0.088,0.439,0.088,0.088,0.176,0.088,0.088,0.527,0.264,0.088,0.439,0.264,0.176,0.527,0.088,-1.055,0.176,0.439,0.088,0.439,0.088,0.088,0.176,0.088,0.088,0.527,0.264,0.000,0.0,11.90,31.0
76.7472,1719,13,pre,7,76.7472,76.7558,0,0.088,0.439,0.264,0.176,0.527,0.088,-1.055,0.176,0.439,0.088,0.439,0.088,0.088,0.176,0.088,0.088,0.527,0.264,0.088,0.439,0.264,0.176,0.527,0.088,-1.055,0.176,0.439,0.088,0.439,0.088,0.088,0.176,0.088,0.088,0.527,0.264,0.000,0.0,11.90,31.0
76.7871,1720,13,pre,7,76.7871,76.7957,0,0.088,0.439,0.264,0.176,0.527,0.088,-1.055,0.176,0.439,0.088,0.439,0.088,0.088,0.176,0.088,0.088,0.527,0.264,0.088,0.439,0.264,0.176,0.527,0.088,-1.055,0.176,0.439,0.088,0.439,0.088,0.088,0.176,0.088,0.088,0.527,0.264,0.000,0.0,11.90,31.0
76.8271,1721,13,move,7,76.8271,76.8353,0,0.088,0.439,0.264,0.176,0.527,0.088,-1.055,0.176,0.439,0.088,0.439,0.088,0.088,0.176,0.088,0.088,0.527,0.264,0.088,0.439,0.264,0.176,0.527,0.088,-1.055,0.176,0.439,0.088,0.439,0.088,0.088,0.176,0.088,0.088,0.527,0.264,0.000,0.0,11.90,31.0
76.8672,1722,13,move,7,76.8672,76.8758,0,0.088,0.439,0.264,0.176,0.527,0.088,-1.055,0.176,0.439,0.088,0.439,0.088,0.088,0.176,0.088,0.088,0.527,0.264,0.088,0.439,0.264,0.176,0.527,0.088,-1.055,0.922,0.439,0.088,0.439,0.088,0.088,0.176,0.088,0.088,0.527,0.264,0.000,0.0,11.90,31.0
76.9072,1723,13,move,7,76.9072,76.9159,0,0.088,0.439,0.264,0.176,0.527,0.088,-1.055,0.176,0.439,0.088,0.439,0.088,0.088,0.176,0.088,0.088,0.527,0.264,0.088,0.439,0.264,0.176,0.527,0.088,-1.055,1.621,0.439,0.088,0.439,0.088,0.088,0.176,0.088,0.088,0.527,0.264,0.000,0.0,11.90,31.0
76.9472,1724,13,move,7,76.9472,76.9558,0,0.088,0.439,0.264,0.176,0.527,0.088,-1.055,0.791,0.439,0.088,0.439,0.088,0.088,0.176,0.088,0.088,0.527,0.264,0.088,0.439,0.264,0.176,0.527,0.088,-1.055,2.229,0.439,0.088,0.439,0.088,0.088,0.176,0.088,0.088,0.527,0.264,0.000,2.8,11.90,31.0
76.9872,1725,13,move,7,76.9872,76.9958,0,0.088,0.439,0.264,0.176,0.527,0.088,-1.055,1.494,0.439,0.088,0.439,0.088,0.088,0.176,0.088,0.088,0.527,0.264,0.088,0.439,0.264,0.176,0.527,0.088,-1.055,2.709,0.439,0.088,0.439,0.088,0.088,0.176,0.088,0.088,0.527,0.264,0.000,2.8,11.90,31.0
77.0272,1726,13,move,7,77.0272,77.0359,0,0.088,0.439,0.264,0.176,0.527,0.088,-1.055,2.109,0.439,0.088,0.439,0.088,0.088,0.176,0.088,0.088,0.527,0.264,0.088,0.439,0.264,0.176,0.527,0.088,-1.055,3.029,0.439,0.088,0.439,0.088,0.088,0.176,0.088,0.088,0.527,0.264,0.000,2.8,11.90,31.0
77.0672,1727,13,move,7,77.0672,77.0757,0,0.088,0.439,0.264,0.176,0.527,0.088,-1.055,2.637,0.439,0.088,0.439,0.088,0.088,0.176,0.088,0.088,0.527,0.264,0.088,0.439,0.264,0.176,0.527,0.088,-1.055,3.170,0.439,0.088,0.439,0.088,0.088,0.176,0.088,0.088,0.527,0.264,0.000,0.0,11.90,31.0
77.1072,1728,13,move,7,77.1072,77.1159,0,0.088,0.439,0.264,0.176,0.527,0.088,-1.055,2.900,0.439,0.088,0.439,0.088,0.088,0.176,0.088,0.088,0.527,0.264,0.088,0.439,0.264,0.176,0.527,0.088,-1.055,3.123,0.439,0.088,0.439,0.088,0.088,0.176,0.088,0.088,0.527,0.264,0.000,0.0,11.90,31.0
77.1472,1729,13,move,7,77.1472,77.1558,0,0.088,0.439,0.264,0.176,0.527,0.088,-1.055,3.164,0.439,0.088,0.439,0.088,0.088,0.176,0.088,0.088,0.527,0.264,0.088,0.439,0.264,0.176,0.527,0.088,-1.055,2.890,0.439,0.088,0.439,0.088,0.088,0.176,0.088,0.088,0.527,0.264,0.000,0.0,11.90,31.0
77.1872,1730,13,move,7,77.1872,77.1956,0,0.088,0.439,0.264,0.176,0.527,0.088,-1.055,3.164,0.439,0.088,0.439,0.088,0.088,0.176,0.088,0.088,0.527,0.264,0.088,0.439,0.264,0.176,0.527,0.088,-1.055,2.487,0.439,0.088,0.439,0.088,0.088,0.176,0.088,0.088,0.527,0.264,0.013,4.4,11.90,31.0
77.2272,1731,13,move,7,77.2272,77.2356,0,0.088,0.439,0.264,0.176,0.527,0.088,-1.055,2.900,0.439,0.088,0.439,0.088,0.088,0.176,0.088,0.088,0.527,0.264,0.088,0.439,0.264,0.176,0.527,0.088,-1.055,1.939,0.439,0.088,0.439,0.088,0.088,0.176,0.088,0.088,0.527,0.264,0.013,4.4,11.90,31.0
77.2672,1732,13,move,7,77.2672,77.2760,0,0.088,0.439,0.264,0.176,0.527,0.088,-1.055,2.549,0.439,0.088,0.439,0.088,0.088,0.176,0.088,0.088,0.527,0.264,0.088,0.439,0.264,0.176,0.527,0.088,-1.055,1.280,0.439,0.088,0.439,0.088,0.088,0.176,0.088,0.088,0.527,0.264,0.013,4.4,11.90,31.0
77.3078,1733,13,move,7,77.3078,77.3162,0,0.088,0.439,0.264,0.176,0.527,0.088,-1.055,2.109,0.439,0.088,0.439,0.088,0.088,0.176,0.088,0.088,0.527,0.264,0.088,0.439,0.264,0.176,0.527,0.088,-1.055,0.552,0.439,0.088,0.439,0.088,0.088,0.176,0.088,0.088,0.527,0.264,0.019,5.6,11.90,31.0
77.3472,1734,13,move,7,77.3472,77.3557,0,0.088,0.439,0.264,0.176,0.527,0.088,-1.055,1.670,0.439,0.088,0.439,0.088,0.088,0.176,0.088,0.088,0.527,0.264,0.088,0.439,0.264,0.176,0.527,0.088,-1.055,-0.200,0.439,0.088,0.439,0.088,0.088,0.176,0.088,0.088,0.527,0.264,0.019,5.6,11.90,31.0
77.3871,1735,13,move,7,77.3871,77.3956,0,0.088,0.439,0.264,0.176,0.527,0.088,-1.055,1.055,0.439,0.088,0.439,0.088,0.088,0.176,0.088,0.088,0.527,0.264,0.088,0.439,0.264,0.176,0.527,0.088,-1.055,-0.929,0.439,0.088,0.439,0.088,0.088,0.176,0.088,0.088,0.527,0.264,0.019,5.6,11.90,31.0
77.4274,1736,13,move,7,77.4274,77.4361,0,0.088,0.439,0.264,0.176,0.527,0.088,-1.055,0.352,0.439,0.088,0.439,0.088,0.088,0.176,0.088,0.088,0.527,0.264,0.088,0.439,0.264,0.176,0.527,0.088,-1.055,-1.588,0.439,0.088,0.439,0.088,0.088,0.176,0.088,0.088,0.527,0.264,0.026,7.2,11.90,31.0
77.4671,1737,13,move,7,77.4671,77.4749,0,0.088,0.439,0.264,0.176,0.527,0.088,-1.055,-0.439,0.439,0.088,0.439,0.088,0.088,0.176,0.088,0.088,0.527,0.264,0.088,0.439,0.264,0.176,0.527,0.088,-1.055,-2.136,0.439,0.088,0.439,0.088,0.088,0.176,0.088,0.088,0.527,0.264,0.026,7.2,11.90,31.0
77.5072,1738,13,move,7,77.5072,77.5152,0,0.088,0.439,0.264,0.176,0.527,0.088,-1.055,-1.055,0.439,0.088,0.439,0.088,0.088,0.176,0.088,0.088,0.527,0.264,0.088,0.439,0.264,0.176,0.527,0.088,-1.055,-2.539,0.439,0.088,0.439,0.088,0.088,0.176,0.088,0.088,0.527,0.264,0.026,7.2,11.90,31.0
77.5474,1739,13,move,7,77.5474,77.5558,0,0.088,0.439,0.264,0.176,0.527,0.088,-1.055,-1.670,0.439,0.088,0.439,0.088,0.088,0.176,0.088,0.088,0.527,0.264,0.088,0.439,0.264,0.176,0.527,0.088,-1.055,-2.771,0.439,0.088,0.439,0.088,0.088,0.176,0.088,0.088,0.527,0.264,0.019,5.6,11.90,31.0
77.5871,1740,13,move,7,77.5871,77.5958,0,0.088,0.439,0.264,0.176,0.527,0.088,-1.055,-2.197,0.439,0.088,0.439,0.088,0.088,0.176,0.088,0.088,0.527,0.264,0.088,0.439,0.264,0.176,0.527,0.088,-1.055,-2.818,0.439,0.088,0.439,0.088,0.088,0.176,0.088,0.088,0.527,0.264,0.019,5.6,11.90,31.0
77.6274,1741,13,move,7,77.6274,77.6360,0,0.088,0.439,0.264,0.176,0.527,0.088,-1.055,-2.549,0.439,0.088,0.439,0.088,0.088,0.176,0.088,0.088,0.527,0.264,0.088,0.439,0.264,0.176,0.527,0.088,-1.055,-2.677,0.439,0.088,0.439,0.088,0.088,0.176,0.088,0.088,0.527,0.264,0.019,5.6,11.90,31.0
77.6674,1742,13,move,7,77.6674,77.6759,0,0.088,0.439,0.264,0.176,0.527,0.088,-1.055,-2.461,0.439,0.088,0.439,0.088,0.088,0.176,0.088,0.088,0.527,0.264,0.088,0.439,0.264,0.176,0.527,0.088,-1.055,-2.357,0.439,0.088,0.439,0.088,0.088,0.176,0.088,0.088,0.527,0.264,0.006,2.4,11.90,31.0
77.7071,1743,13,move,7,77.7071,77.7160,0,0.088,0.439,0.264,0.176,0.527,0.088,-1.055,-2.373,0.439,0.088,0.439,0.088,0.088,0.176,0.088,0.088,0.527,0.264,0.088,0.439,0.264,0.176,0.527,0.088,-1.055,-1.878,0.439,0.088,0.439,0.088,0.088,0.176,0.088,0.088,0.527,0.264,0.006,2.4,11.90,31.0
77.7474,1744,13,move,7,77.7474,77.7560,0,0.088,0.439,0.264,0.176,0.527,0.088,-1.055,-2.373,0.439,0.088,0.439,0.088,0.088,0.176,0.088,0.088,0.527,0.264,0.088,0.439,0.264,0.176,0.527,0.088,-1.055,-1.269,0.439,0.088,0.439,0.088,0.088,0.176,0.088,0.088,0.527,0.264,0.006,2.4,11.90,31.0
77.7874,1745,13,move,7,77.7874,77.7955,0,0.088,0.439,0.264,0.176,0.527,0.088,-1.055,-1.846,0.439,0.088,0.439,0.088,0.088,0.176,0.088,0.088,0.527,0.264,0.088,0.439,0.264,0.176,0.527,0.088,-1.055,-0.570,0.439,0.088,0.439,0.088,0.088,0.176,0.088,0.088,0.527,0.264,0.006,3.2,11.90,31.0
77.8274,1746,13,move,7,77.8274,77.8356,0,0.088,0.439,0.264,0.176,0.527,0.088,-1.055,-1.230,0.439,0.088,0.439,0.088,0.088,0.176,0.088,0.088,0.527,0.264,0.088,0.439,0.264,0.176,0.527,0.088,-1.055,0.176,0.439,0.088,0.439,0.088,0.088,0.176,0.088,0.088,0.527,0.264,0.006,3.2,11.90,31.0
77.8672,1747,13,move,7,77.8672,77.8749,0,0.088,0.439,0.264,0.176,0.527,0.088,-1.055,-0.615,0.439,0.088,0.439,0.088,0.088,0.176,0.088,0.088,0.527,0.264,0.088,0.439,0.264,0.176,0.527,0.088,-1.055,0.922,0.439,0.088,0.439,0.088,0.088,0.176,0.088,0.088,0.527,0.264,0.006,3.2,11.90,31.0
77.9074,1748,13,move,7,77.9074,77.9155,0,0.088,0.439,0.264,0.176,0.527,0.088,-1.055,0.000,0.439,0.088,0.439,0.088,0.088,0.176,0.088,0.088,0.527,0.264,0.088,0.439,0.264,0.176,0.527,0.088,-1.055,1.621,0.439,0.088,0.439,0.088,0.088,0.176,0.088,0.088,0.527,0.264,0.000,3.2,11.90,31.0
77.9474,1749,13,move,7,77.9474,77.9740,0,0.088,0.439,0.264,0.176,0.527,0.088,-1.055,1.055,0.439,0.088,0.439,0.088,0.088,0.176,0.088,0.088,0.527,0.264,0.088,0.439,0.264,0.176,0.527,0.088,-1.055,2.229,0.439,0.088,0.439,0.088,0.088,0.176,0.088,0.088,0.527,0.264,0.000,3.2,11.90,31.0
77.9872,1750,13,move,7,77.9872,77.9952,0,0.088,0.439,0.264,0.176,0.527,0.088,-1.055,1.406,0.439,0.088,0.439,0.088,0.088,0.176,0.088,0.088,0.527,0.264,0.088,0.439,0.264,0.176,0.527,0.088,-1.055,2.709,0.439,0.088,0.439,0.088,0.088,0.176,0.088,0.088,0.527,0.264,0.000,3.2,11.90,31.0
78.0272,1751,13,move,7,78.0272,78.0350,0,0.088,0.439,0.264,0.176,0.527,0.088,-1.055,2.021,0.439,0.088,0.439,0.088,0.088,0.176,0.088,0.088,0.527,0.264,0.088,0.439,0.264,0.176,0.527,0.088,-1.055,3.029,0.439,0.088,0.439,0.088,0.088,0.176,0.088,0.088,0.527,0.264,0.006,2.8,12.00,31.0
78.0672,1752,13,move,7,78.0672,78.0755,0,0.088,0.439,0.264,0.176,0.527,0.088,-1.055,2.637,0.439,0.088,0.439,0.088,0.088,0.176,0.088,0.088,0.527,0.264,0.088,0.439,0.264,0.176,0.527,0.088,-1.055,3.170,0.439,0.088,0.439,0.088,0.088,0.176,0.088,0.088,0.527,0.264,0.006,2.8,12.00,31.0
78.1074,1753,13,move,7,78.1074,78.1160,0,0.088,0.439,0.264,0.176,0.527,0.088,-1.055,2.900,0.439,0.088,0.439,0.088,0.088,0.176,0.088,0.088,0.527,0.264,0.088,0.439,0.264,0.176,0.527,0.088,-1.055,3.123,0.439,0.088,0.439,0.088,0.088,0.176,0.088,0.088,0.527,0.264,0.006,2.8,12.00,31.0
78.1474,1754,13,move,7,78.1474,78.1560,0,0.088,0.439,0.264,0.176,0.527,0.088,-1.055,3.252,0.439,0.088,0.439,0.088,0.088,0.176,0.088,0.088,0.527,0.264,0.088,0.439,0.264,0.176,0.527,0.088,-1.055,2.890,0.439,0.088,0.439,0.088,0.088,0.176,0.088,0.088,0.527,0.264,0.000,2.4,11.90,31.0
78.1871,1755,13,move,7,78.1871,78.1957,0,0.088,0.439,0.264,0.176,0.527,0.088,-1.055,3.164,0.439,0.088,0.439,0.088,0.088,0.176,0.088,0.088,0.527,0.264,0.088,0.439,0.264,0.176,0.527,0.088,-1.055,2.487,0.439,0.088,0.439,0.088,0.088,0.176,0.088,0.088,0.527,0.264,0.000,2.4,11.90,31.0
78.2274,1756,13,move,7,78.2274,78.2362,0,0.088,0.439,0.264,0.176,0.527,0.088,-1.055,2.900,0.439,0.088,0.439,0.088,0.088,0.176,0.088,0.088,0.527,0.264,0.088,0.439,0.264,0.176,0.527,0.088,-1.055,1.939,0.439,0.088,0.439,0.088,0.088,0.176,0.088,0.088,0.527,0.264,0.000,2.4,11.90,31.0
78.2674,1757,13,move,7,78.2674,78.2758,0,0.088,0.439,0.264,0.176,0.527,0.088,-1.055,2.637,0.439,0.088,0.439,0.088,0.088,0.176,0.088,0.088,0.527,0.264,0.088,0.439,0.264,0.176,0.527,0.088,-1.055,1.280,0.439,0.088,0.439,0.088,0.088,0.176,0.088,0.088,0.527,0.264,0.013,5.2,11.90,31.0
78.3071,1758,13,move,7,78.3071,78.3158,0,0.088,0.439,0.264,0.176,0.527,0.088,-1.055,2.197,0.439,0.088,0.439,0.088,0.088,0.176,0.088,0.088,0.527,0.264,0.088,0.439,0.264,0.176,0.527,0.088,-1.055,0.552,0.439,0.088,0.439,0.088,0.088,0.176,0.088,0.088,0.527,0.264,0.013,5.2,11.90,31.0
78.3474,1759,13,move,7,78.3474,78.3559,0,0.088,0.439,0.264,0.176,0.527,0.088,-1.055,1.670,0.439,0.088,0.439,0.088,0.088,0.176,0.088,0.088,0.527,0.264,0.088,0.439,0.264,0.176,0.527,0.088,-1.055,-0.200,0.439,0.088,0.439,0.088,0.088,0.176,0.088,0.088,0.527,0.264,0.013,5.2,11.90,31.0
78.3874,1760,13,move,7,78.3874,78.3960,0,0.088,0.439,0.264,0.176,0.527,0.088,-1.055,0.967,0.439,0.088,0.439,0.088,0.088,0.176,0.088,0.088,0.527,0.264,0.088,0.439,0.264,0.176,0.527,0.088,-1.055,-0.929,0.439,0.088,0.439,0.088,0.088,0.176,0.088,0.088,0.527,0.264,0.026,7.2,11.90,31.0
78.4271,1761,13,move,7,78.4271,78.4356,0,0.088,0.439,0.264,0.176,0.527,0.088,-1.055,0.352,0.439,0.088,0.439,0.088,0.088,0.176,0.088,0.088,0.527,0.264,0.088,0.439,0.264,0.176,0.527,0.088,-1.055,-1.588,0.439,0.088,0.439,0.088,0.088,0.176,0.088,0.088,0.527,0.264,0.026,7.2,11.90,31.0
78.4674,1762,13,move,7,78.4674,78.4755,0,0.088,0.439,0.264,0.176,0.527,0.088,-1.055,-0.439,0.439,0.088,0.439,0.088,0.088,0.176,0.088,0.088,0.527,0.264,0.088,0.439,0.264,0.176,0.527,0.088,-1.055,-2.136,0.439,0.088,0.439,0.088,0.088,0.176,0.088,0.088,0.527,0.264,0.026,7.2,11.90,31.0
78.5074,1763,13,move,7,78.5074,78.5159,0,0.088,0.439,0.264,0.176,0.527,0.088,-1.055,-1.143,0.439,0.088,0.439,0.088,0.088,0.176,0.088,0.088,0.527,0.264,0.088,0.439,0.264,0.176,0.527,0.088,-1.055,-2.539,0.439,0.088,0.439,0.088,0.088,0.176,0.088,0.088,0.527,0.264,0.019,6.4,11.90,31.0
78.5474,1764,13,move,7,78.5474,78.5560,0,0.088,0.439,0.264,0.176,0.527,0.088,-1.055,-1.670,0.439,0.088,0.439,0.088,0.088,0.176,0.088,0.088,0.527,0.264,0.088,0.439,0.264,0.176,0.527,0.088,-1.055,-2.771,0.439,0.088,0.439,0.088,0.088,0.176,0.088,0.088,0.527,0.264,0.019,6.4,11.90,31.0
78.5874,1765,13,move,7,78.5874,78.5960,0,0.088,0.439,0.264,0.176,0.527,0.088,-1.055,-2.285,0.439,0.088,0.439,0.088,0.088,0.176,0.088,0.088,0.527,0.264,0.088,0.439,0.264,0.176,0.527,0.088,-1.055,-2.818,0.439,0.088,0.439,0.088,0.088,0.176,0.088,0.088,0.527,0.264,0.019,6.4,11.90,31.0
78.6274,1766,13,move,7,78.6274,78.6360,0,0.088,0.439,0.264,0.176,0.527,0.088,-1.055,-2.549,0.439,0.088,0.439,0.088,0.088,0.176,0.088,0.088,0.527,0.264,0.088,0.439,0.264,0.176,0.527,0.088,-1.055,-2.677,0.439,0.088,0.439,0.088,0.088,0.176,0.088,0.088,0.527,0.264,0.006,2.8,11.90,31.0
78.6674,1767,13,move,7,78.6674,78.6759,0,0.088,0.439,0.264,0.176,0.527,0.088,-1.055,-2.549,0.439,0.088,0.439,0.088,0.088,0.176,0.088,0.088,0.527,0.264,0.088,0.439,0.264,0.176,0.527,0.088,-1.055,-2.357,0.439,0.088,0.439,0.088,0.088,0.176,0.088,0.088,0.527,0.264,0.006,2.8,11.90,31.0
78.7074,1768,13,move,7,78.7074,78.7159,0,0.088,0.439,0.264,0.176,0.527,0.088,-1.055,-2.373,0.439,0.088,0.439,0.088,0.088,0.176,0.088,0.088,0.527,0.264,0.088,0.439,0.264,0.176,0.527,0.088,-1.055,-1.878,0.439,0.088,0.439,0.088,0.088,0.176,0.088,0.088,0.527,0.264,0.006,2.8,11.90,31.0
78.7474,1769,13,move,7,78.7474,78.7557,0,0.088,0.439,0.264,0.176,0.527,0.088,-1.055,-2.197,0.439,0.088,0.439,0.088,0.088,0.176,0.088,0.088,0.527,0.264,0.088,0.439,0.264,0.176,0.527,0.088,-1.055,-1.269,0.439,0.088,0.439,0.088,0.088,0.176,0.088,0.088,0.527,0.264,0.000,2.4,11.90,31.0
78.7874,1770,13,move,7,78.7874,78.7961,0,0.088,0.439,0.264,0.176,0.527,0.088,-1.055,-1.934,0.439,0.088,0.439,0.088,0.088,0.176,0.088,0.088,0.527,0.264,0.088,0.439,0.264,0.176,0.527,0.088,-1.055,-0.570,0.439,0.088,0.439,0.088,0.088,0.176,0.088,0.088,0.527,0.264,0.000,2.4,11.90,31.0
78.8274,1771,13,move,7,78.8274,78.8359,0,0.088,0.439,0.264,0.176,0.527,0.088,-1.055,-1.230,0.439,0.088,0.439,0.088,0.088,0.176,0.088,0.088,0.527,0.264,0.088,0.439,0.264,0.176,0.527,0.088,-1.055,0.176,0.439,0.088,0.439,0.088,0.088,0.176,0.088,0.088,0.527,0.264,0.000,2.4,11.90,31.0
78.8674,1772,13,move,7,78.8674,78.8759,0,0.088,0.439,0.264,0.176,0.527,0.088,-1.055,-0.615,0.439,0.088,0.439,0.088,0.088,0.176,0.088,0.088,0.527,0.264,0.088,0.439,0.264,0.176,0.527,0.088,-1.055,0.922,0.439,0.088,0.439,0.088,0.088,0.176,0.088,0.088,0.527,0.264,0.000,2.8,11.90,31.0
78.9074,1773,13,move,7,78.9074,78.9160,0,0.088,0.439,0.264,0.176,0.527,0.088,-1.055,0.000,0.439,0.088,0.439,0.088,0.088,0.176,0.088,0.088,0.527,0.264,0.088,0.439,0.264,0.176,0.527,0.088,-1.055,1.621,0.439,0.088,0.439,0.088,0.088,0.176,0.088,0.088,0.527,0.264,0.000,2.8,11.90,31.0
78.9474,1774,13,move,7,78.9474,78.9559,0,0.088,0.439,0.264,0.176,0.527,0.088,-1.055,0.703,0.439,0.088,0.439,0.088,0.088,0.176,0.088,0.088,0.527,0.264,0.088,0.439,0.264,0.176,0.527,0.088,-1.055,2.229,0.439,0.088,0.439,0.088,0.088,0.176,0.088,0.088,0.527,0.264,0.000,2.8,11.90,31.0
78.9874,1775,13,move,7,78.9874,78.9958,0,0.088,0.439,0.264,0.176,0.527,0.088,-1.055,1.406,0.439,0.088,0.439,0.088,0.088,0.176,0.088,0.088,0.527,0.264,0.088,0.439,0.264,0.176,0.527,0.088,-1.055,2.709,0.439,0.088,0.439,0.088,0.088,0.176,0.088,0.088,0.527,0.264,0.000,2.0,11.90,31.0
79.0274,1776,13,move,7,79.0274,79.0357,0,0.088,0.439,0.264,0.176,0.527,0.088,-1.055,2.021,0.439,0.088,0.439,0.088,0.088,0.176,0.088,0.088,0.527,0.264,0.088,0.439,0.264,0.176,0.527,0.088,-1.055,3.029,0.439,0.088,0.439,0.088,0.088,0.176,0.088,0.088,0.527,0.264,0.000,2.0,11.90,31.0
79.0674,1777,13,move,7,79.0674,79.0760,0,0.088,0.439,0.264,0.176,0.527,0.088,-1.055,2.637,0.439,0.088,0.439,0.088,0.088,0.176,0.088,0.088,0.527,0.264,0.088,0.439,0.264,0.176,0.527,0.088,-1.055,3.170,0.439,0.088,0.439,0.088,0.088,0.176,0.088,0.088,0.527,0.264,0.000,2.0,11.90,31.0
79.1074,1778,13,move,7,79.1074,79.1162,0,0.088,0.439,0.264,0.176,0.527,0.088,-1.055,2.988,0.439,0.088,0.439,0.088,0.088,0.176,0.088,0.088,0.527,0.264,0.088,0.439,0.264,0.176,0.527,0.088,-1.055,3.123,0.439,0.088,0.439,0.088,0.088,0.176,0.088,0.088,0.527,0.264,0.000,0.0,11.90,31.0
79.1471,1779,13,move,7,79.1471,79.1554,0,0.088,0.439,0.264,0.176,0.527,0.088,-1.055,3.076,0.439,0.088,0.439,0.088,0.088,0.176,0.088,0.088,0.527,0.264,0.088,0.439,0.264,0.176,0.527,0.088,-1.055,2.890,0.439,0.088,0.439,0.088,0.088,0.176,0.088,0.088,0.527,0.264,0.000,0.0,11.90,31.0
79.1874,1780,13,move,7,79.1874,79.1961,0,0.088,0.439,0.264,0.176,0.527,0.088,-1.055,3.164,0.439,0.088,0.439,0.088,0.088,0.176,0.088,0.088,0.527,0.264,0.088,0.439,0.264,0.176,0.527,0.088,-1.055,2.487,0.439,0.088,0.439,0.088,0.088,0.176,0.088,0.088,0.527,0.264,0.000,0.0,11.90,31.0
79.2272,1781,13,move,7,79.2272,79.2359,0,0.088,0.439,0.264,0.176,0.527,0.088,-1.055,2.812,0.439,0.088,0.439,0.088,0.088,0.176,0.088,0.088,0.527,0.264,0.088,0.439,0.264,0.176,0.527,0.088,-1.055,1.939,0.439,0.088,0.439,0.088,0.088,0.176,0.088,0.088,0.527,0.264,0.006,3.2,11.90,31.0
79.2687,1782,13,move,7,79.2687,79.2761,0,0.088,0.439,0.264,0.176,0.527,0.088,-1.055,2.549,0.439,0.088,0.439,0.088,0.088,0.176,0.088,0.088,0.527,0.264,0.088,0.439,0.264,0.176,0.527,0.088,-1.055,1.280,0.439,0.088,0.439,0.088,0.088,0.176,0.088,0.088,0.527,0.264,0.006,3.2,11.90,31.0
79.3072,1783,13,move,7,79.3072,79.3150,0,0.088,0.439,0.264,0.176,0.527,0.088,-1.055,2.197,0.439,0.088,0.439,0.088,0.088,0.176,0.088,0.088,0.527,0.264,0.088,0.439,0.264,0.176,0.527,0.088,-1.055,0.552,0.439,0.088,0.439,0.088,0.088,0.176,0.088,0.088,0.527,0.264,0.006,3.2,11.90,31.0
79.3472,1784,13,move,7,79.3472,79.3550,0,0.088,0.439,0.264,0.176,0.527,0.088,-1.055,1.670,0.439,0.088,0.439,0.088,0.088,0.176,0.088,0.088,0.527,0.264,0.088,0.439,0.264,0.176,0.527,0.088,-1.055,-0.200,0.439,0.088,0.439,0.088,0.088,0.176,0.088,0.088,0.527,0.264,0.026,7.2,11.90,31.0
79.3874,1785,13,move,7,79.3874,79.3954,0,0.088,0.439,0.264,0.176,0.527,0.088,-1.055,0.967,0.439,0.088,0.439,0.088,0.088,0.176,0.088,0.088,0.527,0.264,0.088,0.439,0.264,0.176,0.527,0.088,-1.055,-0.929,0.439,0.088,0.439,0.088,0.088,0.176,0.088,0.088,0.527,0.264,0.026,7.2,11.90,31.0
79.4274,1786,13,move,7,79.4274,79.4354,0,0.088,0.439,0.264,0.176,0.527,0.088,-1.055,0.352,0.439,0.088,0.439,0.088,0.088,0.176,0.088,0.088,0.527,0.264,0.088,0.439,0.264,0.176,0.527,0.088,-1.055,-1.588,0.439,0.088,0.439,0.088,0.088,0.176,0.088,0.088,0.527,0.264,0.026,7.2,11.90,31.0
79.4674,1787,13,move,7,79.4674,79.4754,0,0.088,0.439,0.264,0.176,0.527,0.088,-1.055,-0.439,0.439,0.088,0.439,0.088,0.088,0.176,0.088,0.088,0.527,0.264,0.088,0.439,0.264,0.176,0.527,0.088,-1.055,-2.136,0.439,0.088,0.439,0.088,0.088,0.176,0.088,0.088,0.527,0.264,0.019,6.8,11.90,31.0
79.5074,1788,13,move,7,79.5074,79.5156,0,0.088,0.439,0.264,0.176,0.527,0.088,-1.055,-1.055,0.439,0.088,0.439,0.088,0.088,0.176,0.088,0.088,0.527,0.264,0.088,0.439,0.264,0.176,0.527,0.088,-1.055,-2.539,0.439,0.088,0.439,0.088,0.088,0.176,0.088,0.088,0.527,0.264,0.019,6.8,11.90,31.0
79.5474,1789,13,move,7,79.5474,79.5556,0,0.088,0.439,0.264,0.176,0.527,0.088,-1.055,-1.670,0.439,0.088,0.439,0.088,0.088,0.176,0.088,0.088,0.527,0.264,0.088,0.439,0.264,0.176,0.527,0.088,-1.055,-2.771,0.439,0.088,0.439,0.088,0.088,0.176,0.088,0.088,0.527,0.264,0.019,6.8,11.90,31.0
79.5874,1790,13,move,7,79.5874,79.5954,0,0.088,0.439,0.264,0.176,0.527,0.088,-1.055,-2.285,0.439,0.088,0.439,0.088,0.088,0.176,0.088,0.088,0.527,0.264,0.088,0.439,0.264,0.176,0.527,0.088,-1.055,-2.818,0.439,0.088,0.439,0.088,0.088,0.176,0.088,0.088,0.527,0.264,0.013,4.0,11.90,31.0
79.6274,1791,13,move,7,79.6274,79.6354,0,0.088,0.439,0.264,0.176,0.527,0.088,-1.055,-2.461,0.439,0.088,0.439,0.088,0.088,0.176,0.088,0.088,0.527,0.264,0.088,0.439,0.264,0.176,0.527,0.088,-1.055,-2.677,0.439,0.088,0.439,0.088,0.088,0.176,0.088,0.088,0.527,0.264,0.013,4.0,11.90,31.0
79.6674,1792,13,move,7,79.6674,79.6755,0,0.088,0.439,0.264,0.176,0.527,0.088,-1.055,-2.637,0.439,0.088,0.439,0.088,0.088,0.176,0.088,0.088,0.527,0.264,0.088,0.439,0.264,0.176,0.527,0.088,-1.055,-2.357,0.439,0.088,0.439,0.088,0.088,0.176,0.088,0.088,0.527,0.264,0.013,4.0,11.90,31.0
79.7074,1793,13,move,7,79.7074,79.7156,0,0.088,0.439,0.264,0.176,0.527,0.088,-1.055,-2.285,0.439,0.088,0.439,0.088,0.088,0.176,0.088,0.088,0.527,0.264,0.088,0.439,0.264,0.176,0.527,0.088,-1.055,-1.878,0.439,0.088,0.439,0.088,0.088,0.176,0.088,0.088,0.527,0.264,0.000,2.0,11.90,31.0
79.7474,1794,13,move,7,79.7474,79.7583,0,0.088,0.439,0.264,0.176,0.527,0.088,-1.055,-2.285,0.439,0.088,0.439,0.088,0.088,0.176,0.088,0.088,0.527,0.264,0.088,0.439,0.264,0.176,0.527,0.088,-1.055,-1.269,0.439,0.088,0.439,0.088,0.088,0.176,0.088,0.088,0.527,0.264,0.000,2.0,11.90,31.0
79.7874,1795,13,move,7,79.7874,79.7954,0,0.088,0.439,0.264,0.176,0.527,0.088,-1.055,-1.846,0.439,0.088,0.439,0.088,0.088,0.176,0.088,0.088,0.527,0.264,0.088,0.439,0.264,0.176,0.527,0.088,-1.055,-0.570,0.439,0.088,0.439,0.088,0.088,0.176,0.088,0.088,0.527,0.264,0.000,2.0,11.90,31.0
79.8275,1796,13,rest,7,79.8275,79.8357,0,0.088,0.439,0.264,0.176,0.527,0.088,-1.055,-1.230,0.439,0.088,0.439,0.088,0.088,0.176,0.088,0.088,0.527,0.264,0.088,0.439,0.264,0.176,0.527,0.088,-1.055,0.176,0.439,0.088,0.439,0.088,0.088,0.176,0.088,0.088,0.527,0.264,0.000,2.0,11.90,31.0
79.8674,1797,13,rest,7,79.8674,79.8756,0,0.088,0.439,0.264,0.176,0.527,0.088,-1.055,-0.615,0.439,0.088,0.439,0.088,0.088,0.176,0.088,0.088,0.527,0.264,0.088,0.439,0.264,0.176,0.527,0.088,-1.055,0.176,0.439,0.088,0.439,0.088,0.088,0.176,0.088,0.088,0.527,0.264,0.000,2.0,11.90,31.0
79.9072,1798,13,rest,7,79.9072,79.9156,0,0.088,0.439,0.264,0.176,0.527,0.088,-1.055,-0.088,0.439,0.088,0.439,0.088,0.088,0.176,0.088,0.088,0.527,0.264,0.088,0.439,0.264,0.176,0.527,0.088,-1.055,0.176,0.439,0.088,0.439,0.088,0.088,0.176,0.088,0.088,0.527,0.264,0.000,2.0,11.90,31.0
79.9474,1799,13,rest,7,79.9474,79.9560,0,0.088,0.439,0.264,0.176,0.527,0.088,-1.055,0.088,0.439,0.088,0.439,0.088,0.088,0.176,0.088,0.088,0.527,0.264,0.088,0.439,0.264,0.176,0.527,0.088,-1.055,0.176,0.439,0.088,0.439,0.088,0.088,0.176,0.088,0.088,0.527,0.264,0.006,2.0,11.90,31.0
79.9874,1800,13,rest,7,79.9874,79.9960,0,0.088,0.439,0.264,0.176,0.527,0.088,-1.055,0.176,0.439,0.088,0.439,0.088,0.088,0.176,0.088,0.088,0.527,0.264,0.088,0.439,0.264,0.176,0.527,0.088,-1.055,0.176,0.439,0.088,0.439,0.088,0.088,0.176,0.088,0.088,0.527,0.264,0.006,2.0,11.90,31.0
80.0272,1801,13,rest,7,80.0272,80.0358,0,0.088,0.439,0.264,0.176,0.527,0.088,-1.055,0.176,0.439,0.088,0.439,0.088,0.088,0.176,0.088,0.088,0.527,0.264,0.088,0.439,0.264,0.176,0.527,0.088,-1.055,0.176,0.439,0.088,0.439,0.088,0.088,0.176,0.088,0.088,0.527,0.264,0.006,2.0,11.90,31.0
80.0674,1802,13,rest,7,80.0674,80.0761,0,0.088,0.439,0.264,0.176,0.527,0.088,-1.055,0.176,0.439,0.088,0.439,0.088,0.088,0.176,0.088,0.088,0.527,0.264,0.088,0.439,0.264,0.176,0.527,0.088,-1.055,0.176,0.439,0.088,0.439,0.088,0.088,0.176,0.088,0.088,0.527,0.264,0.000,0.0,11.90,31.0
80.1071,1803,13,rest,7,80.1071,80.1156,0,0.088,0.439,0.264,0.176,0.527,0.088,-1.055,0.176,0.439,0.088,0.439,0.088,0.088,0.176,0.088,0.088,0.527,0.264,0.088,0.439,0.264,0.176,0.527,0.088,-1.055,0.176,0.439,0.088,0.439,0.088,0.088,0.176,0.088,0.088,0.527,0.264,0.000,0.0,11.90,31.0
80.1474,1804,13,rest,7,80.1474,80.1561,0,0.088,0.439,0.264,0.176,0.527,0.088,-1.055,0.176,0.439,0.088,0.439,0.088,0.088,0.176,0.088,0.088,0.527,0.264,0.088,0.439,0.264,0.176,0.527,0.088,-1.055,0.176,0.439,0.088,0.439,0.088,0.088,0.176,0.088,0.088,0.527,0.264,0.000,0.0,11.90,31.0
80.1874,1805,13,rest,7,80.1874,80.1956,0,0.088,0.439,0.264,0.176,0.527,0.088,-1.055,0.176,0.439,0.088,0.439,0.088,0.088,0.176,0.088,0.088,0.527,0.264,0.088,0.439,0.264,0.176,0.527,0.088,-1.055,0.176,0.439,0.088,0.439,0.088,0.088,0.176,0.088,0.088,0.527,0.264,0.000,0.0,11.90,31.0
80.2272,1806,13,rest,7,80.2272,80.2351,0,0.088,0.439,0.264,0.176,0.527,0.088,-1.055,0.176,0.439,0.088,0.439,0.088,0.088,0.176,0.088,0.088,0.527,0.264,0.088,0.439,0.264,0.176,0.527,0.088,-1.055,0.176,0.439,0.088,0.439,0.088,0.088,0.176,0.088,0.088,0.527,0.264,0.000,0.0,11.90,31.0
80.2674,1807,13,rest,7,80.2674,80.2754,0,0.088,0.439,0.264,0.176,0.527,0.088,-1.055,0.176,0.439,0.088,0.439,0.088,0.088,0.176,0.088,0.088,0.527,0.264,0.088,0.439,0.264,0.176,0.527,0.088,-1.055,0.176,0.439,0.088,0.439,0.088,0.088,0.176,0.088,0.088,0.527,0.264,0.000,0.0,11.90,31.0
80.3074,1808,13,rest,7,80.3074,80.3148,0,0.088,0.439,0.264,0.176,0.527,0.088,-1.055,0.176,0.439,0.088,0.439,0.088,0.088,0.176,0.088,0.088,0.527,0.264,0.088,0.439,0.264,0.176,0.527,0.088,-1.055,0.176,0.439,0.088,0.439,0.088,0.088,0.176,0.088,0.088,0.527,0.264,0.000,0.0,11.90,31.0
80.3472,1809,13,rest,7,80.3472,80.3554,0,0.088,0.439,0.264,0.176,0.527,0.088,-1.055,0.176,0.439,0.088,0.439,0.088,0.088,0.176,0.088,0.088,0.527,0.264,0.088,0.439,0.264,0.176,0.527,0.088,-1.055,0.176,0.439,0.088,0.439,0.088,0.088,0.176,0.088,0.088,0.527,0.264,0.000,0.0,11.90,31.0
80.3874,1810,13,rest,7,80.3874,80.3954,0,0.088,0.439,0.264,0.176,0.527,0.088,-1.055,0.176,0.439,0.088,0.439,0.088,0.088,0.176,0.088,0.088,0.527,0.264,0.088,0.439,0.264,0.176,0.527,0.088,-1.055,0.176,0.439,0.088,0.439,0.088,0.088,0.176,0.088,0.088,0.527,0.264,0.000,0.0,11.90,31.0
80.4274,1811,13,rest,7,80.4274,80.4354,0,0.088,0.439,0.264,0.176,0.527,0.088,-1.055,0.176,0.439,0.088,0.439,0.088,0.088,0.176,0.088,0.088,0.527,0.264,0.088,0.439,0.264,0.176,0.527,0.088,-1.055,0.176,0.439,0.088,0.439,0.088,0.088,0.176,0.088,0.088,0.527,0.264,0.000,0.0,11.90,31.0
80.4674,1812,13,rest,7,80.4674,80.4754,0,0.088,0.439,0.264,0.176,0.527,0.088,-1.055,0.176,0.439,0.088,0.439,0.088,0.088,0.176,0.088,0.088,0.527,0.264,0.088,0.439,0.264,0.176,0.527,0.088,-1.055,0.176,0.439,0.088,0.439,0.088,0.088,0.176,0.088,0.088,0.527,0.264,0.000,0.0,11.90,31.0
80.5074,1813,13,rest,7,80.5074,80.5153,0,0.088,0.439,0.264,0.176,0.527,0.088,-1.055,0.176,0.439,0.088,0.439,0.088,0.088,0.176,0.088,0.088,0.527,0.264,0.088,0.439,0.264,0.176,0.527,0.088,-1.055,0.176,0.439,0.088,0.439,0.088,0.088,0.176,0.088,0.088,0.527,0.264,0.000,0.0,11.90,31.0
80.5472,1814,13,rest,7,80.5472,80.5550,0,0.088,0.439,0.264,0.176,0.527,0.088,-1.055,0.176,0.439,0.088,0.439,0.088,0.088,0.176,0.088,0.088,0.527,0.264,0.088,0.439,0.264,0.176,0.527,0.088,-1.055,0.176,0.439,0.088,0.439,0.088,0.088,0.176,0.088,0.088,0.527,0.264,0.000,0.0,11.90,31.0
80.5874,1815,13,rest,7,80.5874,80.5954,0,0.088,0.439,0.264,0.176,0.527,0.088,-1.055,0.176,0.439,0.088,0.439,0.088,0.088,0.176,0.088,0.088,0.527,0.264,0.088,0.439,0.264,0.176,0.527,0.088,-1.055,0.176,0.439,0.088,0.439,0.088,0.088,0.176,0.088,0.088,0.527,0.264,0.000,0.0,11.90,31.0
80.6324,1816,14,pre,7,80.6324,80.6401,0,0.088,0.439,0.264,0.176,0.527,0.088,-1.055,0.176,0.439,0.088,0.439,0.088,0.088,0.176,0.088,0.088,0.527,0.264,0.088,0.439,0.264,0.176,0.527,0.088,-1.055,0.176,0.439,0.088,0.439,0.088,0.088,0.176,0.088,0.088,0.527,0.264,0.000,0.0,11.90,31.0
80.6671,1817,14,pre,7,80.6671,80.6756,0,0.088,0.439,0.264,0.176,0.527,0.088,-1.055,0.176,0.439,0.088,0.439,0.088,0.088,0.176,0.088,0.088,0.527,0.264,0.088,0.439,0.264,0.176,0.527,0.088,-1.055,0.176,0.439,0.088,0.439,0.088,0.088,0.176,0.088,0.088,0.527,0.264,0.000,0.0,11.90,31.0
80.7076,1818,14,pre,7,80.7076,80.7157,0,0.088,0.439,0.264,0.176,0.527,0.088,-1.055,0.176,0.439,0.088,0.439,0.088,0.088,0.176,0.088,0.088,0.527,0.264,0.088,0.439,0.264,0.176,0.527,0.088,-1.055,0.176,0.439,0.088,0.439,0.088,0.088,0.176,0.088,0.088,0.527,0.264,0.000,0.0,11.90,31.0
80.7474,1819,14,pre,7,80.7474,80.7555,0,0.088,0.439,0.264,0.176,0.527,0.088,-1.055,0.176,0.439,0.088,0.439,0.088,0.088,0.176,0.088,0.088,0.527,0.264,0.088,0.439,0.264,0.176,0.527,0.088,-1.055,0.176,0.439,0.088,0.439,0.088,0.088,0.176,0.088,0.088,0.527,0.264,0.000,0.0,11.90,31.0
80.7874,1820,14,pre,7,80.7874,80.7956,0,0.088,0.439,0.264,0.176,0.527,0.088,-1.055,0.176,0.439,0.088,0.439,0.088,0.088,0.176,0.088,0.088,0.527,0.264,0.088,0.439,0.264,0.176,0.527,0.088,-1.055,0.176,0.439,0.088,0.439,0.088,0.088,0.176,0.088,0.088,0.527,0.264,0.000,0.0,11.90,31.0
80.8274,1821,14,pre,7,80.8274,80.8356,0,0.088,0.439,0.264,0.176,0.527,0.088,-1.055,0.176,0.439,0.088,0.439,0.088,0.088,0.176,0.088,0.088,0.527,0.264,0.088,0.439,0.264,0.176,0.527,0.088,-1.055,0.176,0.439,0.088,0.439,0.088,0.088,0.176,0.088,0.088,0.527,0.264,0.000,0.0,11.90,31.0
80.8674,1822,14,pre,7,80.8674,80.8755,0,0.088,0.439,0.264,0.176,0.527,0.088,-1.055,0.176,0.439,0.088,0.439,0.088,0.088,0.176,0.088,0.088,0.527,0.264,0.088,0.439,0.264,0.176,0.527,0.088,-1.055,0.176,0.439,0.088,0.439,0.088,0.088,0.176,0.088,0.088,0.527,0.264,0.000,0.0,11.90,31.0
80.9074,1823,14,pre,7,80.9074,80.9155,0,0.088,0.439,0.264,0.176,0.527,0.088,-1.055,0.176,0.439,0.088,0.439,0.088,0.088,0.176,0.088,0.088,0.527,0.264,0.088,0.439,0.264,0.176,0.527,0.088,-1.055,0.176,0.439,0.088,0.439,0.088,0.088,0.176,0.088,0.088,0.527,0.264,0.000,0.0,11.90,31.0
80.9474,1824,14,pre,7,80.9474,80.9557,0,0.088,0.439,0.264,0.176,0.527,0.088,-1.055,0.176,0.439,0.088,0.439,0.088,0.088,0.176,0.088,0.088,0.527,0.264,0.088,0.439,0.264,0.176,0.527,0.088,-1.055,0.176,0.439,0.088,0.439,0.088,0.088,0.176,0.088,0.088,0.527,0.264,0.000,0.0,11.90,31.0
80.9874,1825,14,pre,7,80.9874,80.9955,0,0.088,0.439,0.264,0.176,0.527,0.088,-1.055,0.176,0.439,0.088,0.439,0.088,0.088,0.176,0.088,0.088,0.527,0.264,0.088,0.439,0.264,0.176,0.527,0.088,-1.055,0.176,0.439,0.088,0.439,0.088,0.088,0.176,0.088,0.088,0.527,0.264,0.000,0.0,11.90,31.0
81.0274,1826,14,pre,7,81.0274,81.0355,0,0.088,0.439,0.264,0.176,0.527,0.088,-1.055,0.176,0.439,0.088,0.439,0.088,0.088,0.176,0.088,0.088,0.527,0.264,0.088,0.439,0.264,0.176,0.527,0.088,-1.055,0.176,0.439,0.088,0.439,0.088,0.088,0.176,0.088,0.088,0.527,0.264,0.000,0.0,11.90,31.0
81.0674,1827,14,pre,7,81.0674,81.0754,0,0.088,0.439,0.264,0.176,0.527,0.088,-1.055,0.176,0.439,0.088,0.439,0.088,0.088,0.176,0.088,0.088,0.527,0.264,0.088,0.439,0.264,0.176,0.527,0.088,-1.055,0.176,0.439,0.088,0.439,0.088,0.088,0.176,0.088,0.088,0.527,0.264,0.000,0.0,11.90,31.0
81.1074,1828,14,pre,7,81.1074,81.1154,0,0.088,0.439,0.264,0.176,0.527,0.088,-1.055,0.176,0.439,0.088,0.439,0.088,0.088,0.176,0.088,0.088,0.527,0.264,0.088,0.439,0.264,0.176,0.527,0.088,-1.055,0.176,0.439,0.088,0.439,0.088,0.088,0.176,0.088,0.088,0.527,0.264,0.000,0.0,11.90,31.0
81.1474,1829,14,pre,7,81.1474,81.1556,0,0.088,0.439,0.264,0.176,0.527,0.088,-1.055,0.176,0.439,0.088,0.439,0.088,0.088,0.176,0.088,0.088,0.527,0.264,0.088,0.439,0.264,0.176,0.527,0.088,-1.055,0.176,0.439,0.088,0.439,0.088,0.088,0.176,0.088,0.088,0.527,0.264,0.000,0.0,11.90,31.0
81.1874,1830,14,pre,7,81.1874,81.1952,0,0.088,0.439,0.264,0.176,0.527,0.088,-1.055,0.176,0.439,0.088,0.439,0.088,0.088,0.176,0.088,0.088,0.527,0.264,0.088,0.439,0.264,0.176,0.527,0.088,-1.055,0.176,0.439,0.088,0.439,0.088,0.088,0.176,0.088,0.088,0.527,0.264,0.000,0.0,11.90,31.0
81.2274,1831,14,move,7,81.2274,81.2356,0,0.088,0.439,0.264,0.176,0.527,0.088,-1.055,0.176,0.439,0.088,0.439,0.088,0.088,0.176,0.088,0.088,0.527,0.264,0.088,0.439,0.264,0.176,0.527,0.088,-1.055,0.176,0.439,0.088,0.439,0.088,0.088,0.176,0.088,0.088,0.527,0.264,0.000,0.0,11.90,31.0
81.2674,1832,14,move,7,81.2674,81.2775,0,0.088,0.439,0.264,0.176,0.527,0.088,-1.055,0.176,0.439,0.088,0.439,0.088,0.088,0.176,0.088,0.088,0.527,0.264,0.088,0.439,0.264,0.176,0.527,0.088,-1.055,1.280,0.439,0.088,0.439,0.088,0.088,0.176,0.088,0.088,0.527,0.264,0.000,0.0,11.90,31.0
81.3074,1833,14,move,7,81.3074,81.3154,0,0.088,0.439,0.264,0.176,0.527,0.088,-1.055,0.176,0.439,0.088,0.439,0.088,0.088,0.176,0.088,0.088,0.527,0.264,0.088,0.439,0.264,0.176,0.527,0.088,-1.055,2.229,0.439,0.088,0.439,0.088,0.088,0.176,0.088,0.088,0.527,0.264,0.000,0.0,11.90,31.0
81.3474,1834,14,move,7,81.3474,81.3554,0,0.088,0.439,0.264,0.176,0.527,0.088,-1.055,0.791,0.439,0.088,0.439,0.088,0.088,0.176,0.088,0.088,0.527,0.264,0.088,0.439,0.264,0.176,0.527,0.088,-1.055,2.890,0.439,0.088,0.439,0.088,0.088,0.176,0.088,0.088,0.527,0.264,0.000,0.0,11.90,31.0
81.3874,1835,14,move,7,81.3874,81.3954,0,0.088,0.439,0.264,0.176,0.527,0.088,-1.055,1.582,0.439,0.088,0.439,0.088,0.088,0.176,0.088,0.088,0.527,0.264,0.088,0.439,0.264,0.176,0.527,0.088,-1.055,3.170,0.439,0.088,0.439,0.088,0.088,0.176,0.088,0.088,0.527,0.264,0.000,3.2,11.90,31.0
81.4274,1836,14,move,7,81.4274,81.4354,0,0.088,0.439,0.264,0.176,0.527,0.088,-1.055,2.461,0.439,0.088,0.439,0.088,0.088,0.176,0.088,0.088,0.527,0.264,0.088,0.439,0.264,0.176,0.527,0.088,-1.055,3.029,0.439,0.088,0.439,0.088,0.088,0.176,0.088,0.088,0.527,0.264,0.000,3.2,11.90,31.0
81.4672,1837,14,move,7,81.4672,81.4759,0,0.088,0.439,0.264,0.176,0.527,0.088,-1.055,2.900,0.439,0.088,0.439,0.088,0.088,0.176,0.088,0.088,0.527,0.264,0.088,0.439,0.264,0.176,0.527,0.088,-1.055,2.487,0.439,0.088,0.439,0.088,0.088,0.176,0.088,0.088,0.527,0.264,0.000,3.2,11.90,31.0
81.5074,1838,14,move,7,81.5074,81.5252,0,0.088,0.439,0.264,0.176,0.527,0.088,-1.055,2.988,0.439,0.088,0.439,0.088,0.088,0.176,0.088,0.088,0.527,0.264,0.088,0.439,0.264,0.176,0.527,0.088,-1.055,1.621,0.439,0.088,0.439,0.088,0.088,0.176,0.088,0.088,0.527,0.264,0.006,3.6,11.90,31.0
81.5472,1839,14,move,7,81.5472,81.5729,0,0.088,0.439,0.264,0.176,0.527,0.088,-1.055,2.637,0.439,0.088,0.439,0.088,0.088,0.176,0.088,0.088,0.527,0.264,0.088,0.439,0.264,0.176,0.527,0.088,-1.055,0.552,0.439,0.088,0.439,0.088,0.088,0.176,0.088,0.088,0.527,0.264,0.006,3.6,11.90,31.0
81.5872,1840,14,move,7,81.5872,81.5955,0,0.088,0.439,0.264,0.176,0.527,0.088,-1.055,2.285,0.439,0.088,0.439,0.088,0.088,0.176,0.088,0.088,0.527,0.264,0.088,0.439,0.264,0.176,0.527,0.088,-1.055,-0.570,0.439,0.088,0.439,0.088,0.088,0.176,0.088,0.088,0.527,0.264,0.006,3.6,11.90,31.0
81.6274,1841,14,move,7,81.6274,81.6360,0,0.088,0.439,0.264,0.176,0.527,0.088,-1.055,1.494,0.439,0.088,0.439,0.088,0.088,0.176,0.088,0.088,0.527,0.264,0.088,0.439,0.264,0.176,0.527,0.088,-1.055,-1.588,0.439,0.088,0.439,0.088,0.088,0.176,0.088,0.088,0.527,0.264,0.026,8.4,11.90,31.0
81.6672,1842,14,move,7,81.6672,81.6758,0,0.088,0.439,0.264,0.176,0.527,0.088,-1.055,0.527,0.439,0.088,0.439,0.088,0.088,0.176,0.088,0.088,0.527,0.264,0.088,0.439,0.264,0.176,0.527,0.088,-1.055,-2.357,0.439,0.088,0.439,0.088,0.088,0.176,0.088,0.088,0.527,0.264,0.026,8.4,11.90,31.0
81.7074,1843,14,move,7,81.7074,81.7160,0,0.088,0.439,0.264,0.176,0.527,0.088,-1.055,-0.439,0.439,0.088,0.439,0.088,0.088,0.176,0.088,0.088,0.527,0.264,0.088,0.439,0.264,0.176,0.527,0.088,-1.055,-2.771,0.439,0.088,0.439,0.088,0.088,0.176,0.088,0.088,0.527,0.264,0.026,8.4,11.90,31.0
81.7474,1844,14,move,7,81.7474,81.7553,0,0.088,0.439,0.264,0.176,0.527,0.088,-1.055,-1.318,0.439,0.088,0.439,0.088,0.088,0.176,0.088,0.088,0.527,0.264,0.088,0.439,0.264,0.176,0.527,0.088,-1.055,-2.771,0.439,0.088,0.439,0.088,0.088,0.176,0.088,0.088,0.527,0.264,0.019,6.4,11.90,31.0
81.7872,1845,14,move,7,81.7872,81.7954,0,0.088,0.439,0.264,0.176,0.527,0.088,-1.055,-2.109,0.439,0.088,0.439,0.088,0.088,0.176,0.088,0.088,0.527,0.264,0.088,0.439,0.264,0.176,0.527,0.088,-1.055,-2.357,0.439,0.088,0.439,0.088,0.088,0.176,0.088,0.088,0.527,0.264,0.019,6.4,11.90,31.0
81.8274,1846,14,move,7,81.8274,81.8355,0,0.088,0.439,0.264,0.176,0.527,0.088,-1.055,-2.549,0.439,0.088,0.439,0.088,0.088,0.176,0.088,0.088,0.527,0.264,0.088,0.439,0.264,0.176,0.527,0.088,-1.055,-1.588,0.439,0.088,0.439,0.088,0.088,0.176,0.088,0.088,0.527,0.264,0.019,6.4,11.90,31.0
81.8672,1847,14,move,7,81.8672,81.8753,0,0.088,0.439,0.264,0.176,0.527,0.088,-1.055,-2.549,0.439,0.088,0.439,0.088,0.088,0.176,0.088,0.088,0.527,0.264,0.088,0.439,0.264,0.176,0.527,0.088,-1.055,-0.570,0.439,0.088,0.439,0.088,0.088,0.176,0.088,0.088,0.527,0.264,0.000,2.4,11.90,31.0
81.9074,1848,14,move,7,81.9074,81.9156,0,0.088,0.439,0.264,0.176,0.527,0.088,-1.055,-2.109,0.439,0.088,0.439,0.088,0.088,0.176,0.088,0.088,0.527,0.264,0.088,0.439,0.264,0.176,0.527,0.088,-1.055,0.552,0.439,0.088,0.439,0.088,0.088,0.176,0.088,0.088,0.527,0.264,0.000,2.4,11.90,31.0
81.9471,1849,14,move,7,81.9471,81.9551,0,0.088,0.439,0.264,0.176,0.527,0.088,-1.055,-1.230,0.439,0.088,0.439,0.088,0.088,0.176,0.088,0.088,0.527,0.264,0.088,0.439,0.264,0.176,0.527,0.088,-1.055,1.621,0.439,0.088,0.439,0.088,0.088,0.176,0.088,0.088,0.527,0.264,0.000,2.4,11.90,31.0
81.9874,1850,14,move,7,81.9874,81.9956,0,0.088,0.439,0.264,0.176,0.527,0.088,-1.055,-0.264,0.439,0.088,0.439,0.088,0.088,0.176,0.088,0.088,0.527,0.264,0.088,0.439,0.264,0.176,0.527,0.088,-1.055,2.487,0.439,0.088,0.439,0.088,0.088,0.176,0.088,0.088,0.527,0.264,0.006,5.2,11.90,31.0
82.0274,1851,14,move,7,82.0274,82.0357,0,0.088,0.439,0.264,0.176,0.527,0.088,-1.055,0.703,0.439,0.088,0.439,0.088,0.088,0.176,0.088,0.088,0.527,0.264,0.088,0.439,0.264,0.176,0.527,0.088,-1.055,3.029,0.439,0.088,0.439,0.088,0.088,0.176,0.088,0.088,0.527,0.264,0.006,5.2,11.90,31.0
82.0674,1852,14,move,7,82.0674,82.0756,0,0.088,0.439,0.264,0.176,0.527,0.088,-1.055,1.670,0.439,0.088,0.439,0.088,0.088,0.176,0.088,0.088,0.527,0.264,0.088,0.439,0.264,0.176,0.527,0.088,-1.055,3.170,0.439,0.088,0.439,0.088,0.088,0.176,0.088,0.088,0.527,0.264,0.006,5.2,11.90,31.0
82.1074,1853,14,move,7,82.1074,82.1157,0,0.088,0.439,0.264,0.176,0.527,0.088,-1.055,2.461,0.439,0.088,0.439,0.088,0.088,0.176,0.088,0.088,0.527,0.264,0.088,0.439,0.264,0.176,0.527,0.088,-1.055,2.890,0.439,0.088,0.439,0.088,0.088,0.176,0.088,0.088,0.527,0.264,0.000,2.4,11.90,31.0
82.1471,1854,14,move,7,82.1471,82.1552,0,0.088,0.439,0.264,0.176,0.527,0.088,-1.055,2.900,0.439,0.088,0.439,0.088,0.088,0.176,0.088,0.088,0.527,0.264,0.088,0.439,0.264,0.176,0.527,0.088,-1.055,2.229,0.439,0.088,0.439,0.088,0.088,0.176,0.088,0.088,0.527,0.264,0.000,2.4,11.90,31.0
82.1874,1855,14,move,7,82.1874,82.1955,0,0.088,0.439,0.264,0.176,0.527,0.088,-1.055,3.076,0.439,0.088,0.439,0.088,0.088,0.176,0.088,0.088,0.527,0.264,0.088,0.439,0.264,0.176,0.527,0.088,-1.055,1.280,0.439,0.088,0.439,0.088,0.088,0.176,0.088,0.088,0.527,0.264,0.000,2.4,11.90,31.0
82.2274,1856,14,move,7,82.2274,82.2355,0,0.088,0.439,0.264,0.176,0.527,0.088,-1.055,2.812,0.439,0.088,0.439,0.088,0.088,0.176,0.088,0.088,0.527,0.264,0.088,0.439,0.264,0.176,0.527,0.088,-1.055,0.176,0.439,0.088,0.439,0.088,0.088,0.176,0.088,0.088,0.527,0.264,0.013,6.0,11.90,31.0
82.2674,1857,14,move,7,82.2674,82.2755,0,0.088,0.439,0.264,0.176,0.527,0.088,-1.055,2.109,0.439,0.088,0.439,0.088,0.088,0.176,0.088,0.088,0.527,0.264,0.088,0.439,0.264,0.176,0.527,0.088,-1.055,-0.929,0.439,0.088,0.439,0.088,0.088,0.176,0.088,0.088,0.527,0.264,0.013,6.0,11.90,31.0
82.3074,1858,14,move,7,82.3074,82.3155,0,0.088,0.439,0.264,0.176,0.527,0.088,-1.055,1.318,0.439,0.088,0.439,0.088,0.088,0.176,0.088,0.088,0.527,0.264,0.088,0.439,0.264,0.176,0.527,0.088,-1.055,-1.878,0.439,0.088,0.439,0.088,0.088,0.176,0.088,0.088,0.527,0.264,0.013,6.0,11.90,31.0
82.3472,1859,14,move,7,82.3472,82.3657,0,0.088,0.439,0.264,0.176,0.527,0.088,-1.055,0.000,0.439,0.088,0.439,0.088,0.088,0.176,0.088,0.088,0.527,0.264,0.088,0.439,0.264,0.176,0.527,0.088,-1.055,-2.539,0.439,0.088,0.439,0.088,0.088,0.176,0.088,0.088,0.527,0.264,0.019,7.6,11.90,31.0
82.3872,1860,14,move,7,82.3872,82.3956,0,0.088,0.439,0.264,0.176,0.527,0.088,-1.055,-0.703,0.439,0.088,0.439,0.088,0.088,0.176,0.088,0.088,0.527,0.264,0.088,0.439,0.264,0.176,0.527,0.088,-1.055,-2.818,0.439,0.088,0.439,0.088,0.088,0.176,0.088,0.088,0.527,0.264,0.019,7.6,11.90,31.0
82.4272,1861,14,move,7,82.4272,82.4358,0,0.088,0.439,0.264,0.176,0.527,0.088,-1.055,-1.494,0.439,0.088,0.439,0.088,0.088,0.176,0.088,0.088,0.527,0.264,0.088,0.439,0.264,0.176,0.527,0.088,-1.055,-2.677,0.439,0.088,0.439,0.088,0.088,0.176,0.088,0.088,0.527,0.264,0.019,7.6,11.90,31.0
82.4674,1862,14,move,7,82.4674,82.4755,0,0.088,0.439,0.264,0.176,0.527,0.088,-1.055,-2.197,0.439,0.088,0.439,0.088,0.088,0.176,0.088,0.088,0.527,0.264,0.088,0.439,0.264,0.176,0.527,0.088,-1.055,-2.136,0.439,0.088,0.439,0.088,0.088,0.176,0.088,0.088,0.527,0.264,0.013,4.4,11.90,31.0
82.5074,1863,14,move,7,82.5074,82.5154,0,0.088,0.439,0.264,0.176,0.527,0.088,-1.055,-2.461,0.439,0.088,0.439,0.088,0.088,0.176,0.088,0.088,0.527,0.264,0.088,0.439,0.264,0.176,0.527,0.088,-1.055,-1.269,0.439,0.088,0.439,0.088,0.088,0.176,0.088,0.088,0.527,0.264,0.013,4.4,11.90,31.0
82.5474,1864,14,move,7,82.5474,82.5559,0,0.088,0.439,0.264,0.176,0.527,0.088,-1.055,-2.373,0.439,0.088,0.439,0.088,0.088,0.176,0.088,0.088,0.527,0.264,0.088,0.439,0.264,0.176,0.527,0.088,-1.055,-0.200,0.439,0.088,0.439,0.088,0.088,0.176,0.088,0.088,0.527,0.264,0.013,4.4,11.90,31.0
82.5874,1865,14,move,7,82.5874,82.5954,0,0.088,0.439,0.264,0.176,0.527,0.088,-1.055,-1.846,0.439,0.088,0.439,0.088,0.088,0.176,0.088,0.088,0.527,0.264,0.088,0.439,0.264,0.176,0.527,0.088,-1.055,0.922,0.439,0.088,0.439,0.088,0.088,0.176,0.088,0.088,0.527,0.264,0.006,4.4,11.90,31.0
82.6274,1866,14,move,7,82.6274,82.6354,0,0.088,0.439,0.264,0.176,0.527,0.088,-1.055,-1.055,0.439,0.088,0.439,0.088,0.088,0.176,0.088,0.088,0.527,0.264,0.088,0.439,0.264,0.176,0.527,0.088,-1.055,1.939,0.439,0.088,0.439,0.088,0.088,0.176,0.088,0.088,0.527,0.264,0.006,4.4,11.90,31.0
82.6674,1867,14,move,7,82.6674,82.6754,0,0.088,0.439,0.264,0.176,0.527,0.088,-1.055,0.000,0.439,0.088,0.439,0.088,0.088,0.176,0.088,0.088,0.527,0.264,0.088,0.439,0.264,0.176,0.527,0.088,-1.055,2.709,0.439,0.088,0.439,0.088,0.088,0.176,0.088,0.088,0.527,0.264,0.006,4.4,11.90,31.0
82.7074,1868,14,move,7,82.7074,82.7157,0,0.088,0.439,0.264,0.176,0.527,0.088,-1.055,1.055,0.439,0.088,0.439,0.088,0.088,0.176,0.088,0.088,0.527,0.264,0.088,0.439,0.264,0.176,0.527,0.088,-1.055,3.123,0.439,0.088,0.439,0.088,0.088,0.176,0.088,0.088,0.527,0.264,0.006,4.0,11.90,31.0
82.7474,1869,14,move,7,82.7474,82.7554,0,0.088,0.439,0.264,0.176,0.527,0.088,-1.055,2.021,0.439,0.088,0.439,0.088,0.088,0.176,0.088,0.088,0.527,0.264,0.088,0.439,0.264,0.176,0.527,0.088,-1.055,3.123,0.439,0.088,0.439,0.088,0.088,0.176,0.088,0.088,0.527,0.264,0.006,4.0,11.90,31.0
82.7874,1870,14,move,7,82.7874,82.7959,0,0.088,0.439,0.264,0.176,0.527,0.088,-1.055,2.637,0.439,0.088,0.439,0.088,0.088,0.176,0.088,0.088,0.527,0.264,0.088,0.439,0.264,0.176,0.527,0.088,-1.055,2.709,0.439,0.088,0.439,0.088,0.088,0.176,0.088,0.088,0.527,0.264,0.006,4.0,11.90,31.0
82.8271,1871,14,move,7,82.8271,82.8356,0,0.088,0.439,0.264,0.176,0.527,0.088,-1.055,2.988,0.439,0.088,0.439,0.088,0.088,0.176,0.088,0.088,0.527,0.264,0.088,0.439,0.264,0.176,0.527,0.088,-1.055,1.939,0.439,0.088,0.439,0.088,0.088,0.176,0.088,0.088,0.527,0.264,0.006,2.0,11.90,31.0
82.8671,1872,14,move,7,82.8671,82.8756,0,0.088,0.439,0.264,0.176,0.527,0.088,-1.055,3.164,0.439,0.088,0.439,0.088,0.088,0.176,0.088,0.088,0.527,0.264,0.088,0.439,0.264,0.176,0.527,0.088,-1.055,0.922,0.439,0.088,0.439,0.088,0.088,0.176,0.088,0.088,0.527,0.264,0.006,2.0,11.90,31.0
82.9074,1873,14,move,7,82.9074,82.9158,0,0.088,0.439,0.264,0.176,0.527,0.088,-1.055,2.549,0.439,0.088,0.439,0.088,0.088,0.176,0.088,0.088,0.527,0.264,0.088,0.439,0.264,0.176,0.527,0.088,-1.055,-0.200,0.439,0.088,0.439,0.088,0.088,0.176,0.088,0.088,0.527,0.264,0.006,2.0,11.90,31.0
82.9474,1874,14,move,7,82.9474,82.9556,0,0.088,0.439,0.264,0.176,0.527,0.088,-1.055,1.934,0.439,0.088,0.439,0.088,0.088,0.176,0.088,0.088,0.527,0.264,0.088,0.439,0.264,0.176,0.527,0.088,-1.055,-1.269,0.439,0.088,0.439,0.088,0.088,0.176,0.088,0.088,0.527,0.264,0.026,8.4,11.90,31.0
82.9872,1875,14,move,7,82.9872,82.9954,0,0.088,0.439,0.264,0.176,0.527,0.088,-1.055,0.967,0.439,0.088,0.439,0.088,0.088,0.176,0.088,0.088,0.527,0.264,0.088,0.439,0.264,0.176,0.527,0.088,-1.055,-2.136,0.439,0.088,0.439,0.088,0.088,0.176,0.088,0.088,0.527,0.264,0.026,8.4,11.90,31.0
83.0274,1876,14,move,7,83.0274,83.0360,0,0.088,0.439,0.264,0.176,0.527,0.088,-1.055,0.000,0.439,0.088,0.439,0.088,0.088,0.176,0.088,0.088,0.527,0.264,0.088,0.439,0.264,0.176,0.527,0.088,-1.055,-2.677,0.439,0.088,0.439,0.088,0.088,0.176,0.088,0.088,0.527,0.264,0.026,8.4,11.90,31.0
83.0674,1877,14,move,7,83.0674,83.0760,0,0.088,0.439,0.264,0.176,0.527,0.088,-1.055,-0.967,0.439,0.088,0.439,0.088,0.088,0.176,0.088,0.088,0.527,0.264,0.088,0.439,0.264,0.176,0.527,0.088,-1.055,-2.818,0.439,0.088,0.439,0.088,0.088,0.176,0.088,0.088,0.527,0.264,0.026,7.2,11.90,31.0
83.1074,1878,14,move,7,83.1074,83.1157,0,0.088,0.439,0.264,0.176,0.527,0.088,-1.055,-1.758,0.439,0.088,0.439,0.088,0.088,0.176,0.088,0.088,0.527,0.264,0.088,0.439,0.264,0.176,0.527,0.088,-1.055,-2.539,0.439,0.088,0.439,0.088,0.088,0.176,0.088,0.088,0.527,0.264,0.026,7.2,11.90,31.0
83.1474,1879,14,move,7,83.1474,83.1560,0,0.088,0.439,0.264,0.176,0.527,0.088,-1.055,-2.285,0.439,0.088,0.439,0.088,0.088,0.176,0.088,0.088,0.527,0.264,0.088,0.439,0.264,0.176,0.527,0.088,-1.055,-1.878,0.439,0.088,0.439,0.088,0.088,0.176,0.088,0.088,0.527,0.264,0.026,7.2,11.90,31.0
83.1874,1880,14,move,7,83.1874,83.1959,0,0.088,0.439,0.264,0.176,0.527,0.088,-1.055,-2.549,0.439,0.088,0.439,0.088,0.088,0.176,0.088,0.088,0.527,0.264,0.088,0.439,0.264,0.176,0.527,0.088,-1.055,-0.929,0.439,0.088,0.439,0.088,0.088,0.176,0.088,0.088,0.527,0.264,0.006,2.8,11.90,31.0
83.2274,1881,14,move,7,83.2274,83.2357,0,0.088,0.439,0.264,0.176,0.527,0.088,-1.055,-2.197,0.439,0.088,0.439,0.088,0.088,0.176,0.088,0.088,0.527,0.264,0.088,0.439,0.264,0.176,0.527,0.088,-1.055,0.176,0.439,0.088,0.439,0.088,0.088,0.176,0.088,0.088,0.527,0.264,0.006,2.8,11.90,31.0
83.2674,1882,14,move,7,83.2674,83.2771,0,0.088,0.439,0.264,0.176,0.527,0.088,-1.055,-1.670,0.439,0.088,0.439,0.088,0.088,0.176,0.088,0.088,0.527,0.264,0.088,0.439,0.264,0.176,0.527,0.088,-1.055,1.280,0.439,0.088,0.439,0.088,0.088,0.176,0.088,0.088,0.527,0.264,0.006,2.8,11.90,31.0
83.3074,1883,14,move,7,83.3074,83.3156,0,0.088,0.439,0.264,0.176,0.527,0.088,-1.055,-0.615,0.439,0.088,0.439,0.088,0.088,0.176,0.088,0.088,0.527,0.264,0.088,0.439,0.264,0.176,0.527,0.088,-1.055,2.229,0.439,0.088,0.439,0.088,0.088,0.176,0.088,0.088,0.527,0.264,0.006,5.2,11.90,31.0
83.3474,1884,14,move,7,83.3474,83.3579,0,0.088,0.439,0.264,0.176,0.527,0.088,-1.055,0.439,0.439,0.088,0.439,0.088,0.088,0.176,0.088,0.088,0.527,0.264,0.088,0.439,0.264,0.176,0.527,0.088,-1.055,2.890,0.439,0.088,0.439,0.088,0.088,0.176,0.088,0.088,0.527,0.264,0.006,5.2,11.90,31.0
83.3874,1885,14,move,7,83.3874,83.3954,0,0.088,0.439,0.264,0.176,0.527,0.088,-1.055,1.406,0.439,0.088,0.439,0.088,0.088,0.176,0.088,0.088,0.527,0.264,0.088,0.439,0.264,0.176,0.527,0.088,-1.055,3.170,0.439,0.088,0.439,0.088,0.088,0.176,0.088,0.088,0.527,0.264,0.006,5.2,11.90,31.0
83.4272,1886,14,move,7,83.4272,83.4352,0,0.088,0.439,0.264,0.176,0.527,0.088,-1.055,2.285,0.439,0.088,0.439,0.088,0.088,0.176,0.088,0.088,0.527,0.264,0.088,0.439,0.264,0.176,0.527,0.088,-1.055,3.029,0.439,0.088,0.439,0.088,0.088,0.176,0.088,0.088,0.527,0.264,0.000,3.6,11.90,31.0
83.4672,1887,14,move,7,83.4672,83.4752,0,0.088,0.439,0.264,0.176,0.527,0.088,-1.055,2.812,0.439,0.088,0.439,0.088,0.088,0.176,0.088,0.088,0.527,0.264,0.088,0.439,0.264,0.176,0.527,0.088,-1.055,2.487,0.439,0.088,0.439,0.088,0.088,0.176,0.088,0.088,0.527,0.264,0.000,3.6,11.90,31.0
83.5072,1888,14,move,7,83.5072,83.5158,0,0.088,0.439,0.264,0.176,0.527,0.088,-1.055,2.988,0.439,0.088,0.439,0.088,0.088,0.176,0.088,0.088,0.527,0.264,0.088,0.439,0.264,0.176,0.527,0.088,-1.055,1.621,0.439,0.088,0.439,0.088,0.088,0.176,0.088,0.088,0.527,0.264,0.000,3.6,11.90,31.0
83.5474,1889,14,move,7,83.5474,83.5561,0,0.088,0.439,0.264,0.176,0.527,0.088,-1.055,2.988,0.439,0.088,0.439,0.088,0.088,0.176,0.088,0.088,0.527,0.264,0.088,0.439,0.264,0.176,0.527,0.088,-1.055,0.552,0.439,0.088,0.439,0.088,0.088,0.176,0.088,0.088,0.527,0.264,0.026,6.8,11.90,31.0
83.5871,1890,14,move,7,83.5871,83.5955,0,0.088,0.439,0.264,0.176,0.527,0.088,-1.055,2.461,0.439,0.088,0.439,0.088,0.088,0.176,0.088,0.088,0.527,0.264,0.088,0.439,0.264,0.176,0.527,0.088,-1.055,-0.570,0.439,0.088,0.439,0.088,0.088,0.176,0.088,0.088,0.527,0.264,0.026,6.8,11.90,31.0
83.6274,1891,14,move,7,83.6274,83.6358,0,0.088,0.439,0.264,0.176,0.527,0.088,-1.055,1.670,0.439,0.088,0.439,0.088,0.088,0.176,0.088,0.088,0.527,0.264,0.088,0.439,0.264,0.176,0.527,0.088,-1.055,-1.588,0.439,0.088,0.439,0.088,0.088,0.176,0.088,0.088,0.527,0.264,0.026,6.8,11.90,31.0
83.6674,1892,14,move,7,83.6674,83.6760,0,0.088,0.439,0.264,0.176,0.527,0.088,-1.055,0.615,0.439,0.088,0.439,0.088,0.088,0.176,0.088,0.088,0.527,0.264,0.088,0.439,0.264,0.176,0.527,0.088,-1.055,-2.357,0.439,0.088,0.439,0.088,0.088,0.176,0.088,0.088,0.527,0.264,0.026,8.0,11.90,31.0
83.7074,1893,14,move,7,83.7074,83.7160,0,0.088,0.439,0.264,0.176,0.527,0.088,-1.055,-0.352,0.439,0.088,0.439,0.088,0.088,0.176,0.088,0.088,0.527,0.264,0.088,0.439,0.264,0.176,0.527,0.088,-1.055,-2.771,0.439,0.088,0.439,0.088,0.088,0.176,0.088,0.088,0.527,0.264,0.026,8.0,11.90,31.0
83.7474,1894,14,move,7,83.7474,83.7561,0,0.088,0.439,0.264,0.176,0.527,0.088,-1.055,-1.230,0.439,0.088,0.439,0.088,0.088,0.176,0.088,0.088,0.527,0.264,0.088,0.439,0.264,0.176,0.527,0.088,-1.055,-2.771,0.439,0.088,0.439,0.088,0.088,0.176,0.088,0.088,0.527,0.264,0.026,8.0,11.90,31.0
83.7874,1895,14,move,7,83.7874,83.7959,0,0.088,0.439,0.264,0.176,0.527,0.088,-1.055,-2.021,0.439,0.088,0.439,0.088,0.088,0.176,0.088,0.088,0.527,0.264,0.088,0.439,0.264,0.176,0.527,0.088,-1.055,-2.357,0.439,0.088,0.439,0.088,0.088,0.176,0.088,0.088,0.527,0.264,0.006,4.4,11.90,31.0
83.8274,1896,14,move,7,83.8274,83.8356,0,0.088,0.439,0.264,0.176,0.527,0.088,-1.055,-2.461,0.439,0.088,0.439,0.088,0.088,0.176,0.088,0.088,0.527,0.264,0.088,0.439,0.264,0.176,0.527,0.088,-1.055,-1.588,0.439,0.088,0.439,0.088,0.088,0.176,0.088,0.088,0.527,0.264,0.006,4.4,11.90,31.0
83.8674,1897,14,move,7,83.8674,83.8755,0,0.088,0.439,0.264,0.176,0.527,0.088,-1.055,-2.549,0.439,0.088,0.439,0.088,0.088,0.176,0.088,0.088,0.527,0.264,0.088,0.439,0.264,0.176,0.527,0.088,-1.055,-0.570,0.439,0.088,0.439,0.088,0.088,0.176,0.088,0.088,0.527,0.264,0.006,4.4,11.90,31.0
83.9072,1898,14,rest,7,83.9072,83.9152,0,0.088,0.439,0.264,0.176,0.527,0.088,-1.055,-2.197,0.439,0.088,0.439,0.088,0.088,0.176,0.088,0.088,0.527,0.264,0.088,0.439,0.264,0.176,0.527,0.088,-1.055,0.176,0.439,0.088,0.439,0.088,0.088,0.176,0.088,0.088,0.527,0.264,0.006,4.8,11.90,31.0
83.9472,1899,14,rest,7,83.9472,83.9552,0,0.088,0.439,0.264,0.176,0.527,0.088,-1.055,-1.318,0.439,0.088,0.439,0.088,0.088,0.176,0.088,0.088,0.527,0.264,0.088,0.439,0.264,0.176,0.527,0.088,-1.055,0.176,0.439,0.088,0.439,0.088,0.088,0.176,0.088,0.088,0.527,0.264,0.006,4.8,11.90,31.0
83.9872,1900,14,rest,7,83.9872,83.9953,0,0.088,0.439,0.264,0.176,0.527,0.088,-1.055,-0.527,0.439,0.088,0.439,0.088,0.088,0.176,0.088,0.088,0.527,0.264,0.088,0.439,0.264,0.176,0.527,0.088,-1.055,0.176,0.439,0.088,0.439,0.088,0.088,0.176,0.088,0.088,0.527,0.264,0.006,4.8,11.90,31.0
84.0274,1901,14,rest,7,84.0274,84.0356,0,0.088,0.439,0.264,0.176,0.527,0.088,-1.055,-0.088,0.439,0.088,0.439,0.088,0.088,0.176,0.088,0.088,0.527,0.264,0.088,0.439,0.264,0.176,0.527,0.088,-1.055,0.176,0.439,0.088,0.439,0.088,0.088,0.176,0.088,0.088,0.527,0.264,0.000,0.0,11.90,31.0
84.0674,1902,14,rest,7,84.0674,84.0754,0,0.088,0.439,0.264,0.176,0.527,0.088,-1.055,0.088,0.439,0.088,0.439,0.088,0.088,0.176,0.088,0.088,0.527,0.264,0.088,0.439,0.264,0.176,0.527,0.088,-1.055,0.176,0.439,0.088,0.439,0.088,0.088,0.176,0.088,0.088,0.527,0.264,0.000,0.0,11.90,31.0
84.1074,1903,14,rest,7,84.1074,84.1160,0,0.088,0.439,0.264,0.176,0.527,0.088,-1.055,0.088,0.439,0.088,0.439,0.088,0.088,0.176,0.088,0.088,0.527,0.264,0.088,0.439,0.264,0.176,0.527,0.088,-1.055,0.176,0.439,0.088,0.439,0.088,0.088,0.176,0.088,0.088,0.527,0.264,0.000,0.0,11.90,31.0
84.1471,1904,14,rest,7,84.1471,84.1555,0,0.088,0.439,0.264,0.176,0.527,0.088,-1.055,0.088,0.439,0.088,0.439,0.088,0.088,0.176,0.088,0.088,0.527,0.264,0.088,0.439,0.264,0.176,0.527,0.088,-1.055,0.176,0.439,0.088,0.439,0.088,0.088,0.176,0.088,0.088,0.527,0.264,0.000,0.0,11.90,31.0
84.1874,1905,14,rest,7,84.1874,84.1960,0,0.088,0.439,0.264,0.176,0.527,0.088,-1.055,0.088,0.439,0.088,0.439,0.088,0.088,0.176,0.088,0.088,0.527,0.264,0.088,0.439,0.264,0.176,0.527,0.088,-1.055,0.176,0.439,0.088,0.439,0.088,0.088,0.176,0.088,0.088,0.527,0.264,0.000,0.0,11.90,31.0
84.2272,1906,14,rest,7,84.2272,84.2359,0,0.088,0.439,0.264,0.176,0.527,0.088,-1.055,0.088,0.439,0.088,0.439,0.088,0.088,0.176,0.088,0.088,0.527,0.264,0.088,0.439,0.264,0.176,0.527,0.088,-1.055,0.176,0.439,0.088,0.439,0.088,0.088,0.176,0.088,0.088,0.527,0.264,0.000,0.0,11.90,31.0
84.2674,1907,14,rest,7,84.2674,84.2759,0,0.088,0.439,0.264,0.176,0.527,0.088,-1.055,0.088,0.439,0.088,0.439,0.088,0.088,0.176,0.088,0.088,0.527,0.264,0.088,0.439,0.264,0.176,0.527,0.088,-1.055,0.176,0.439,0.088,0.439,0.088,0.088,0.176,0.088,0.088,0.527,0.264,0.000,0.0,11.90,31.0
84.3074,1908,14,rest,7,84.3074,84.3159,0,0.088,0.439,0.264,0.176,0.527,0.088,-1.055,0.088,0.439,0.088,0.439,0.088,0.088,0.176,0.088,0.088,0.527,0.264,0.088,0.439,0.264,0.176,0.527,0.088,-1.055,0.176,0.439,0.088,0.439,0.088,0.088,0.176,0.088,0.088,0.527,0.264,0.000,0.0,11.90,31.0
84.3474,1909,14,rest,7,84.3474,84.3560,0,0.088,0.439,0.264,0.176,0.527,0.088,-1.055,0.088,0.439,0.088,0.439,0.088,0.088,0.176,0.088,0.088,0.527,0.264,0.088,0.439,0.264,0.176,0.527,0.088,-1.055,0.176,0.439,0.088,0.439,0.088,0.088,0.176,0.088,0.088,0.527,0.264,0.000,0.0,11.90,31.0
84.3874,1910,14,rest,7,84.3874,84.3960,0,0.088,0.439,0.264,0.176,0.527,0.088,-1.055,0.088,0.439,0.088,0.439,0.088,0.088,0.176,0.088,0.088,0.527,0.264,0.088,0.439,0.264,0.176,0.527,0.088,-1.055,0.176,0.439,0.088,0.439,0.088,0.088,0.176,0.088,0.088,0.527,0.264,0.000,0.0,11.90,31.0
84.4272,1911,14,rest,7,84.4272,84.4358,0,0.088,0.439,0.264,0.176,0.527,0.088,-1.055,0.088,0.439,0.088,0.439,0.088,0.088,0.176,0.088,0.088,0.527,0.264,0.088,0.439,0.264,0.176,0.527,0.088,-1.055,0.176,0.439,0.088,0.439,0.088,0.088,0.176,0.088,0.088,0.527,0.264,0.000,0.0,11.90,31.0
84.4674,1912,14,rest,7,84.4674,84.4761,0,0.088,0.439,0.264,0.176,0.527,0.088,-1.055,0.088,0.439,0.088,0.439,0.088,0.088,0.176,0.088,0.088,0.527,0.264,0.088,0.439,0.264,0.176,0.527,0.088,-1.055,0.176,0.439,0.088,0.439,0.088,0.088,0.176,0.088,0.088,0.527,0.264,0.000,0.0,11.90,31.0
84.5074,1913,14,rest,7,84.5074,84.5158,0,0.088,0.439,0.264,0.176,0.527,0.088,-1.055,0.088,0.439,0.088,0.439,0.088,0.088,0.176,0.088,0.088,0.527,0.264,0.088,0.439,0.264,0.176,0.527,0.088,-1.055,0.176,0.439,0.088,0.439,0.088,0.088,0.176,0.088,0.088,0.527,0.264,0.000,0.0,11.90,31.0
84.5472,1914,14,rest,7,84.5472,84.5557,0,0.088,0.439,0.264,0.176,0.527,0.088,-1.055,0.088,0.439,0.088,0.439,0.088,0.088,0.176,0.088,0.088,0.527,0.264,0.088,0.439,0.264,0.176,0.527,0.088,-1.055,0.176,0.439,0.088,0.439,0.088,0.088,0.176,0.088,0.088,0.527,0.264,0.000,0.0,11.90,31.0
84.5874,1915,14,rest,7,84.5874,84.5960,0,0.088,0.439,0.264,0.176,0.527,0.088,-1.055,0.088,0.439,0.088,0.439,0.088,0.088,0.176,0.088,0.088,0.527,0.264,0.088,0.439,0.264,0.176,0.527,0.088,-1.055,0.176,0.439,0.088,0.439,0.088,0.088,0.176,0.088,0.088,0.527,0.264,0.000,0.0,11.90,31.0
84.6275,1916,14,rest,7,84.6275,84.6358,0,0.088,0.439,0.264,0.176,0.527,0.088,-1.055,0.088,0.439,0.088,0.439,0.088,0.088,0.176,0.088,0.088,0.527,0.264,0.088,0.439,0.264,0.176,0.527,0.088,-1.055,0.176,0.439,0.088,0.439,0.088,0.088,0.176,0.088,0.088,0.527,0.264,0.000,0.0,11.90,31.0
84.6674,1917,14,rest,7,84.6674,84.6761,0,0.088,0.439,0.264,0.176,0.527,0.088,-1.055,0.088,0.439,0.088,0.439,0.088,0.088,0.176,0.088,0.088,0.527,0.264,0.088,0.439,0.264,0.176,0.527,0.088,-1.055,0.176,0.439,0.088,0.439,0.088,0.088,0.176,0.088,0.088,0.527,0.264,0.000,0.0,11.90,31.0
84.7126,1918,15,pre,7,84.7126,84.7208,0,0.088,0.439,0.264,0.176,0.527,0.088,-1.055,0.088,0.439,0.088,0.439,0.088,0.088,0.176,0.088,0.088,0.527,0.264,0.088,0.439,0.264,0.176,0.527,0.088,-1.055,0.088,0.439,0.088,0.439,0.088,0.088,0.176,0.088,0.088,0.527,0.264,0.000,0.0,11.90,31.0
84.7471,1919,15,pre,7,84.7471,84.7556,0,0.088,0.439,0.264,0.176,0.527,0.088,-1.055,0.088,0.439,0.088,0.439,0.088,0.088,0.176,0.088,0.088,0.527,0.264,0.088,0.439,0.264,0.176,0.527,0.088,-1.055,0.088,0.439,0.088,0.439,0.088,0.088,0.176,0.088,0.088,0.527,0.264,0.000,0.0,11.90,31.0
84.7872,1920,15,pre,7,84.7872,84.7952,0,0.088,0.439,0.264,0.176,0.527,0.088,-1.055,0.088,0.439,0.088,0.439,0.088,0.088,0.176,0.088,0.088,0.527,0.264,0.088,0.439,0.264,0.176,0.527,0.088,-1.055,0.088,0.439,0.088,0.439,0.088,0.088,0.176,0.088,0.088,0.527,0.264,0.000,0.0,11.90,31.0
84.8272,1921,15,pre,7,84.8272,84.8356,0,0.088,0.439,0.264,0.176,0.527,0.088,-1.055,0.088,0.439,0.088,0.439,0.088,0.088,0.176,0.088,0.088,0.527,0.264,0.088,0.439,0.264,0.176,0.527,0.088,-1.055,0.088,0.439,0.088,0.439,0.088,0.088,0.176,0.088,0.088,0.527,0.264,0.000,0.0,11.90,31.0
84.8672,1922,15,pre,7,84.8672,84.8756,0,0.088,0.439,0.264,0.176,0.527,0.088,-1.055,0.088,0.439,0.088,0.439,0.088,0.088,0.176,0.088,0.088,0.527,0.264,0.088,0.439,0.264,0.176,0.527,0.088,-1.055,0.088,0.439,0.088,0.439,0.088,0.088,0.176,0.088,0.088,0.527,0.264,0.000,0.0,11.90,31.0
84.9072,1923,15,pre,7,84.9072,84.9154,0,0.088,0.439,0.264,0.176,0.527,0.088,-1.055,0.088,0.439,0.088,0.439,0.088,0.088,0.176,0.088,0.088,0.527,0.264,0.088,0.439,0.264,0.176,0.527,0.088,-1.055,0.088,0.439,0.088,0.439,0.088,0.088,0.176,0.088,0.088,0.527,0.264,0.000,0.0,11.90,31.0
84.9472,1924,15,pre,7,84.9472,84.9559,0,0.088,0.439,0.264,0.176,0.527,0.088,-1.055,0.088,0.439,0.088,0.439,0.088,0.088,0.176,0.088,0.088,0.527,0.264,0.088,0.439,0.264,0.176,0.527,0.088,-1.055,0.088,0.439,0.088,0.439,0.088,0.088,0.176,0.088,0.088,0.527,0.264,0.000,0.0,11.90,31.0
84.9872,1925,15,pre,7,84.9872,84.9950,0,0.088,0.439,0.264,0.176,0.527,0.088,-1.055,0.088,0.439,0.088,0.439,0.088,0.088,0.176,0.088,0.088,0.527,0.264,0.088,0.439,0.264,0.176,0.527,0.088,-1.055,0.088,0.439,0.088,0.439,0.088,0.088,0.176,0.088,0.088,0.527,0.264,0.000,0.0,11.90,31.0
85.0275,1926,15,pre,7,85.0275,85.0354,0,0.088,0.439,0.264,0.176,0.527,0.088,-1.055,0.088,0.439,0.088,0.439,0.088,0.088,0.176,0.088,0.088,0.527,0.264,0.088,0.439,0.264,0.176,0.527,0.088,-1.055,0.088,0.439,0.088,0.439,0.088,0.088,0.176,0.088,0.088,0.527,0.264,0.000,0.0,11.90,31.0
85.0674,1927,15,pre,7,85.0674,85.0761,0,0.088,0.439,0.264,0.176,0.527,0.088,-1.055,0.088,0.439,0.088,0.439,0.088,0.088,0.176,0.088,0.088,0.527,0.264,0.088,0.439,0.264,0.176,0.527,0.088,-1.055,0.088,0.439,0.088,0.439,0.088,0.088,0.176,0.088,0.088,0.527,0.264,0.000,0.0,11.90,31.0
85.1072,1928,15,pre,7,85.1072,85.1156,0,0.088,0.439,0.264,0.176,0.527,0.088,-1.055,0.088,0.439,0.088,0.439,0.088,0.088,0.176,0.088,0.088,0.527,0.264,0.088,0.439,0.264,0.176,0.527,0.088,-1.055,0.088,0.439,0.088,0.439,0.088,0.088,0.176,0.088,0.088,0.527,0.264,0.000,0.0,11.90,31.0
85.1472,1929,15,pre,7,85.1472,85.1555,0,0.088,0.439,0.264,0.176,0.527,0.088,-1.055,0.088,0.439,0.088,0.439,0.088,0.088,0.176,0.088,0.088,0.527,0.264,0.088,0.439,0.264,0.176,0.527,0.088,-1.055,0.088,0.439,0.088,0.439,0.088,0.088,0.176,0.088,0.088,0.527,0.264,0.000,0.0,11.90,31.0
85.1872,1930,15,pre,7,85.1872,85.1957,0,0.088,0.439,0.264,0.176,0.527,0.088,-1.055,0.088,0.439,0.088,0.439,0.088,0.088,0.176,0.088,0.088,0.527,0.264,0.088,0.439,0.264,0.176,0.527,0.088,-1.055,0.088,0.439,0.088,0.439,0.088,0.088,0.176,0.088,0.088,0.527,0.264,0.000,0.0,11.90,31.0
85.2274,1931,15,pre,7,85.2274,85.2359,0,0.088,0.439,0.264,0.176,0.527,0.088,-1.055,0.088,0.439,0.088,0.439,0.088,0.088,0.176,0.088,0.088,0.527,0.264,0.088,0.439,0.264,0.176,0.527,0.088,-1.055,0.088,0.439,0.088,0.439,0.088,0.088,0.176,0.088,0.088,0.527,0.264,0.000,0.0,11.90,31.0
85.2671,1932,15,pre,7,85.2671,85.2753,0,0.088,0.439,0.264,0.176,0.527,0.088,-1.055,0.088,0.439,0.088,0.439,0.088,0.088,0.176,0.088,0.088,0.527,0.264,0.088,0.439,0.264,0.176,0.527,0.088,-1.055,0.088,0.439,0.088,0.439,0.088,0.088,0.176,0.088,0.088,0.527,0.264,0.000,0.0,11.90,31.0
85.3074,1933,15,move,7,85.3074,85.3158,0,0.088,0.439,0.264,0.176,0.527,0.088,-1.055,0.088,0.439,0.088,0.439,0.088,0.088,0.176,0.088,0.088,0.527,0.264,0.088,0.439,0.264,0.176,0.527,0.088,-1.055,0.088,0.439,0.088,0.439,0.088,0.088,0.176,0.088,0.088,0.527,0.264,0.000,0.0,11.90,31.0
85.3474,1934,15,move,7,85.3474,85.3559,0,0.088,0.439,0.264,0.176,0.527,0.088,-1.055,0.088,0.439,0.088,0.439,0.088,0.088,0.176,0.088,0.088,0.527,0.264,0.088,0.439,0.264,0.176,0.527,0.088,-1.055,1.533,0.439,0.088,0.439,0.088,0.088,0.176,0.088,0.088,0.527,0.264,0.000,0.0,11.90,31.0
85.3872,1935,15,move,7,85.3872,85.3953,0,0.088,0.439,0.264,0.176,0.527,0.088,-1.055,0.088,0.439,0.088,0.439,0.088,0.088,0.176,0.088,0.088,0.527,0.264,0.088,0.439,0.264,0.176,0.527,0.088,-1.055,2.621,0.439,0.088,0.439,0.088,0.088,0.176,0.088,0.088,0.527,0.264,0.000,0.0,11.90,31.0
85.4272,1936,15,move,7,85.4272,85.4382,0,0.088,0.439,0.264,0.176,0.527,0.088,-1.055,0.615,0.439,0.088,0.439,0.088,0.088,0.176,0.088,0.088,0.527,0.264,0.088,0.439,0.264,0.176,0.527,0.088,-1.055,3.082,0.439,0.088,0.439,0.088,0.088,0.176,0.088,0.088,0.527,0.264,0.000,0.0,11.90,31.0
85.4674,1937,15,move,7,85.4674,85.4754,0,0.088,0.439,0.264,0.176,0.527,0.088,-1.055,1.582,0.439,0.088,0.439,0.088,0.088,0.176,0.088,0.088,0.527,0.264,0.088,0.439,0.264,0.176,0.527,0.088,-1.055,2.802,0.439,0.088,0.439,0.088,0.088,0.176,0.088,0.088,0.527,0.264,0.000,3.6,11.90,31.0
85.5074,1938,15,move,7,85.5074,85.5152,0,0.088,0.439,0.264,0.176,0.527,0.088,-1.055,2.373,0.439,0.088,0.439,0.088,0.088,0.176,0.088,0.088,0.527,0.264,0.088,0.439,0.264,0.176,0.527,0.088,-1.055,1.851,0.439,0.088,0.439,0.088,0.088,0.176,0.088,0.088,0.527,0.264,0.000,3.6,11.90,31.0
85.5472,1939,15,move,7,85.5472,85.5555,0,0.088,0.439,0.264,0.176,0.527,0.088,-1.055,2.812,0.439,0.088,0.439,0.088,0.088,0.176,0.088,0.088,0.527,0.264,0.088,0.439,0.264,0.176,0.527,0.088,-1.055,0.464,0.439,0.088,0.439,0.088,0.088,0.176,0.088,0.088,0.527,0.264,0.000,3.6,11.90,31.0
85.5871,1940,15,move,7,85.5871,85.5952,0,0.088,0.439,0.264,0.176,0.527,0.088,-1.055,2.900,0.439,0.088,0.439,0.088,0.088,0.176,0.088,0.088,0.527,0.264,0.088,0.439,0.264,0.176,0.527,0.088,-1.055,-1.016,0.439,0.088,0.439,0.088,0.088,0.176,0.088,0.088,0.527,0.264,0.006,2.8,11.90,30.0
85.6274,1941,15,move,7,85.6274,85.6356,0,0.088,0.439,0.264,0.176,0.527,0.088,-1.055,2.900,0.439,0.088,0.439,0.088,0.088,0.176,0.088,0.088,0.527,0.264,0.088,0.439,0.264,0.176,0.527,0.088,-1.055,-2.224,0.439,0.088,0.439,0.088,0.088,0.176,0.088,0.088,0.527,0.264,0.006,2.8,11.90,30.0
85.6672,1942,15,move,7,85.6672,85.6752,0,0.088,0.439,0.264,0.176,0.527,0.088,-1.055,2.109,0.439,0.088,0.439,0.088,0.088,0.176,0.088,0.088,0.527,0.264,0.088,0.439,0.264,0.176,0.527,0.088,-1.055,-2.859,0.439,0.088,0.439,0.088,0.088,0.176,0.088,0.088,0.527,0.264,0.006,2.8,11.90,30.0
85.7072,1943,15,move,7,85.7072,85.7150,0,0.088,0.439,0.264,0.176,0.527,0.088,-1.055,1.318,0.439,0.088,0.439,0.088,0.088,0.176,0.088,0.088,0.527,0.264,0.088,0.439,0.264,0.176,0.527,0.088,-1.055,-2.765,0.439,0.088,0.439,0.088,0.088,0.176,0.088,0.088,0.527,0.264,0.039,10.4,11.90,31.0
85.7472,1944,15,move,7,85.7472,85.7551,0,0.088,0.439,0.264,0.176,0.527,0.088,-1.055,0.088,0.439,0.088,0.439,0.088,0.088,0.176,0.088,0.088,0.527,0.264,0.088,0.439,0.264,0.176,0.527,0.088,-1.055,-1.966,0.439,0.088,0.439,0.088,0.088,0.176,0.088,0.088,0.527,0.264,0.039,10.4,11.90,31.0
85.7871,1945,15,move,7,85.7871,85.7952,0,0.088,0.439,0.264,0.176,0.527,0.088,-1.055,-1.055,0.439,0.088,0.439,0.088,0.088,0.176,0.088,0.088,0.527,0.264,0.088,0.439,0.264,0.176,0.527,0.088,-1.055,-0.658,0.439,0.088,0.439,0.088,0.088,0.176,0.088,0.088,0.527,0.264,0.039,10.4,11.90,31.0
85.8272,1946,15,move,7,85.8272,85.8352,0,0.088,0.439,0.264,0.176,0.527,0.088,-1.055,-1.758,0.439,0.088,0.439,0.088,0.088,0.176,0.088,0.088,0.527,0.264,0.088,0.439,0.264,0.176,0.527,0.088,-1.055,0.834,0.439,0.088,0.439,0.088,0.088,0.176,0.088,0.088,0.527,0.264,0.019,6.4,11.90,31.0
85.8672,1947,15,move,7,85.8672,85.8754,0,0.088,0.439,0.264,0.176,0.527,0.088,-1.055,-2.285,0.439,0.088,0.439,0.088,0.088,0.176,0.088,0.088,0.527,0.264,0.088,0.439,0.264,0.176,0.527,0.088,-1.055,2.142,0.439,0.088,0.439,0.088,0.088,0.176,0.088,0.088,0.527,0.264,0.019,6.4,11.90,31.0
85.9072,1948,15,move,7,85.9072,85.9154,0,0.088,0.439,0.264,0.176,0.527,0.088,-1.055,-2.461,0.439,0.088,0.439,0.088,0.088,0.176,0.088,0.088,0.527,0.264,0.088,0.439,0.264,0.176,0.527,0.088,-1.055,2.941,0.439,0.088,0.439,0.088,0.088,0.176,0.088,0.088,0.527,0.264,0.019,6.4,11.90,31.0
85.9475,1949,15,move,7,85.9475,85.9557,0,0.088,0.439,0.264,0.176,0.527,0.088,-1.055,-2.021,0.439,0.088,0.439,0.088,0.088,0.176,0.088,0.088,0.527,0.264,0.088,0.439,0.264,0.176,0.527,0.088,-1.055,3.035,0.439,0.088,0.439,0.088,0.088,0.176,0.088,0.088,0.527,0.264,0.006,2.8,11.90,31.0
85.9872,1950,15,move,7,85.9872,85.9952,0,0.088,0.439,0.264,0.176,0.527,0.088,-1.055,-1.494,0.439,0.088,0.439,0.088,0.088,0.176,0.088,0.088,0.527,0.264,0.088,0.439,0.264,0.176,0.527,0.088,-1.055,2.399,0.439,0.088,0.439,0.088,0.088,0.176,0.088,0.088,0.527,0.264,0.006,2.8,11.90,31.0
86.0272,1951,15,move,7,86.0272,86.0352,0,0.088,0.439,0.264,0.176,0.527,0.088,-1.055,-0.352,0.439,0.088,0.439,0.088,0.088,0.176,0.088,0.088,0.527,0.264,0.088,0.439,0.264,0.176,0.527,0.088,-1.055,1.192,0.439,0.088,0.439,0.088,0.088,0.176,0.088,0.088,0.527,0.264,0.006,2.8,11.90,31.0
86.0672,1952,15,move,7,86.0672,86.0751,0,0.088,0.439,0.264,0.176,0.527,0.088,-1.055,0.791,0.439,0.088,0.439,0.088,0.088,0.176,0.088,0.088,0.527,0.264,0.088,0.439,0.264,0.176,0.527,0.088,-1.055,-0.288,0.439,0.088,0.439,0.088,0.088,0.176,0.088,0.088,0.527,0.264,0.006,4.0,11.90,31.0
86.1074,1953,15,move,7,86.1074,86.1156,0,0.088,0.439,0.264,0.176,0.527,0.088,-1.055,1.670,0.439,0.088,0.439,0.088,0.088,0.176,0.088,0.088,0.527,0.264,0.088,0.439,0.264,0.176,0.527,0.088,-1.055,-1.675,0.439,0.088,0.439,0.088,0.088,0.176,0.088,0.088,0.527,0.264,0.006,4.0,11.90,31.0
86.1472,1954,15,move,7,86.1472,86.1551,0,0.088,0.439,0.264,0.176,0.527,0.088,-1.055,2.021,0.439,0.088,0.439,0.088,0.088,0.176,0.088,0.088,0.527,0.264,0.088,0.439,0.264,0.176,0.527,0.088,-1.055,-2.627,0.439,0.088,0.439,0.088,0.088,0.176,0.088,0.088,0.527,0.264,0.006,4.0,11.90,31.0
86.1872,1955,15,move,7,86.1872,86.1952,0,0.088,0.439,0.264,0.176,0.527,0.088,-1.055,2.285,0.439,0.088,0.439,0.088,0.088,0.176,0.088,0.088,0.527,0.264,0.088,0.439,0.264,0.176,0.527,0.088,-1.055,-2.906,0.439,0.088,0.439,0.088,0.088,0.176,0.088,0.088,0.527,0.264,0.006,2.8,11.90,31.0
86.2272,1956,15,move,7,86.2272,86.2356,0,0.000,0.439,0.264,0.176,0.527,0.088,-1.055,2.109,0.439,0.088,0.439,0.088,0.088,0.176,0.088,0.088,0.527,0.264,0.088,0.439,0.264,0.176,0.527,0.088,-1.055,-2.445,0.439,0.088,0.439,0.088,0.088,0.176,0.088,0.088,0.527,0.264,0.006,2.8,11.90,31.0
86.2672,1957,15,move,7,86.2672,86.2754,0,0.088,0.439,0.264,0.176,0.527,0.088,-1.055,1.494,0.439,0.088,0.439,0.088,0.088,0.176,0.088,0.088,0.527,0.264,0.088,0.439,0.264,0.176,0.527,0.088,-1.055,-1.357,0.439,0.088,0.439,0.088,0.088,0.176,0.088,0.088,0.527,0.264,0.006,2.8,11.90,31.0
86.3072,1958,15,move,7,86.3072,86.3154,0,0.088,0.439,0.264,0.176,0.527,0.088,-1.055,0.703,0.439,0.088,0.439,0.088,0.088,0.176,0.088,0.088,0.527,0.264,0.088,0.439,0.264,0.176,0.527,0.088,-1.055,0.088,0.439,0.088,0.439,0.088,0.088,0.176,0.088,0.088,0.527,0.264,0.026,8.8,11.90,31.0
86.3472,1959,15,move,7,86.3472,86.3554,0,0.088,0.439,0.264,0.176,0.527,0.088,-1.055,-0.264,0.439,0.088,0.439,0.088,0.088,0.176,0.088,0.088,0.527,0.264,0.088,0.439,0.264,0.176,0.527,0.088,-1.055,1.533,0.439,0.088,0.439,0.088,0.088,0.176,0.088,0.088,0.527,0.264,0.026,8.8,11.90,31.0
86.3872,1960,15,move,7,86.3872,86.3958,0,0.088,0.439,0.264,0.176,0.527,0.088,-1.055,-0.791,0.439,0.088,0.439,0.088,0.088,0.176,0.088,0.088,0.527,0.264,0.088,0.439,0.264,0.176,0.527,0.088,-1.055,2.621,0.439,0.088,0.439,0.088,0.088,0.176,0.088,0.088,0.527,0.264,0.026,8.8,11.90,31.0
86.4271,1961,15,move,7,86.4271,86.4354,0,0.088,0.439,0.264,0.176,0.527,0.088,-1.055,-0.967,0.439,0.088,0.439,0.088,0.088,0.176,0.088,0.088,0.527,0.264,0.088,0.439,0.264,0.176,0.527,0.088,-1.055,3.082,0.439,0.088,0.439,0.088,0.088,0.176,0.088,0.088,0.527,0.264,0.006,2.0,11.90,31.0
86.4695,1962,15,move,7,86.4695,86.4777,0,0.088,0.439,0.264,0.176,0.527,0.088,-1.055,-0.703,0.439,0.088,0.439,0.088,0.088,0.176,0.088,0.088,0.527,0.264,0.088,0.439,0.264,0.176,0.527,0.088,-1.055,2.802,0.439,0.088,0.439,0.088,0.088,0.176,0.088,0.088,0.527,0.264,0.006,2.0,11.90,31.0
86.5072,1963,15,move,7,86.5072,86.5159,0,0.088,0.439,0.264,0.176,0.527,0.088,-1.055,-0.264,0.439,0.088,0.439,0.088,0.088,0.176,0.088,0.088,0.527,0.264,0.088,0.439,0.264,0.176,0.527,0.088,-1.055,1.851,0.439,0.088,0.439,0.088,0.088,0.176,0.088,0.088,0.527,0.264,0.006,2.0,11.90,31.0
86.5474,1964,15,move,7,86.5474,86.5560,0,0.088,0.439,0.264,0.176,0.527,0.088,-1.055,0.615,0.439,0.088,0.439,0.088,0.088,0.176,0.088,0.088,0.527,0.264,0.088,0.439,0.264,0.176,0.527,0.088,-1.055,0.464,0.439,0.088,0.439,0.088,0.088,0.176,0.088,0.088,0.527,0.264,0.000,2.4,11.90,31.0
86.5874,1965,15,move,7,86.5874,86.5961,0,0.088,0.439,0.264,0.176,0.527,0.088,-1.055,1.406,0.439,0.088,0.439,0.088,0.088,0.176,0.088,0.088,0.527,0.264,0.088,0.439,0.264,0.176,0.527,0.088,-1.055,-1.016,0.439,0.088,0.439,0.088,0.088,0.176,0.088,0.088,0.527,0.264,0.000,2.4,11.90,31.0
86.6274,1966,15,move,7,86.6274,86.6359,0,0.088,0.439,0.264,0.176,0.527,0.088,-1.055,1.670,0.439,0.088,0.439,0.088,0.088,0.176,0.088,0.088,0.527,0.264,0.088,0.439,0.264,0.176,0.527,0.088,-1.055,-2.224,0.439,0.088,0.439,0.088,0.088,0.176,0.088,0.088,0.527,0.264,0.000,2.4,11.90,31.0
86.6674,1967,15,move,7,86.6674,86.6761,0,0.088,0.439,0.264,0.176,0.527,0.088,-1.055,1.758,0.439,0.088,0.439,0.088,0.088,0.176,0.088,0.088,0.527,0.264,0.088,0.439,0.264,0.176,0.527,0.088,-1.055,-2.859,0.439,0.088,0.439,0.088,0.088,0.176,0.088,0.088,0.527,0.264,0.019,5.6,11.90,31.0
86.7071,1968,15,move,7,86.7071,86.7156,0,0.088,0.439,0.264,0.176,0.527,0.088,-1.055,1.318,0.439,0.088,0.439,0.088,0.088,0.176,0.088,0.088,0.527,0.264,0.088,0.439,0.264,0.176,0.527,0.088,-1.055,-2.765,0.439,0.088,0.439,0.088,0.088,0.176,0.088,0.088,0.527,0.264,0.019,5.6,11.90,31.0
86.7474,1969,15,move,7,86.7474,86.7560,0,0.088,0.439,0.264,0.176,0.527,0.088,-1.055,0.527,0.439,0.088,0.439,0.088,0.088,0.176,0.088,0.088,0.527,0.264,0.088,0.439,0.264,0.176,0.527,0.088,-1.055,-1.966,0.439,0.088,0.439,0.088,0.088,0.176,0.088,0.088,0.527,0.264,0.019,5.6,11.90,31.0
86.7874,1970,15,move,7,86.7874,86.7956,0,0.088,0.439,0.264,0.176,0.527,0.088,-1.055,-0.352,0.439,0.088,0.439,0.088,0.088,0.176,0.088,0.088,0.527,0.264,0.088,0.439,0.264,0.176,0.527,0.088,-1.055,-0.658,0.439,0.088,0.439,0.088,0.088,0.176,0.088,0.088,0.527,0.264,0.026,8.0,11.90,31.0
86.8272,1971,15,move,7,86.8272,86.8358,0,0.088,0.439,0.264,0.176,0.527,0.088,-1.055,-1.143,0.439,0.088,0.439,0.088,0.088,0.176,0.088,0.088,0.527,0.264,0.088,0.439,0.264,0.176,0.527,0.088,-1.055,0.834,0.439,0.088,0.439,0.088,0.088,0.176,0.088,0.088,0.527,0.264,0.026,8.0,11.90,31.0
86.8672,1972,15,move,7,86.8672,86.8756,0,0.088,0.439,0.264,0.176,0.527,0.088,-1.055,-1.582,0.439,0.088,0.439,0.088,0.088,0.176,0.088,0.088,0.527,0.264,0.088,0.439,0.264,0.176,0.527,0.088,-1.055,2.142,0.439,0.088,0.439,0.088,0.088,0.176,0.088,0.088,0.527,0.264,0.026,8.0,11.90,31.0
86.9072,1973,15,move,7,86.9072,86.9154,0,0.088,0.439,0.264,0.176,0.527,0.088,-1.055,-1.758,0.439,0.088,0.439,0.088,0.088,0.176,0.088,0.088,0.527,0.264,0.088,0.439,0.264,0.176,0.527,0.088,-1.055,2.941,0.439,0.088,0.439,0.088,0.088,0.176,0.088,0.088,0.527,0.264,0.006,2.8,11.90,31.0
86.9472,1974,15,move,7,86.9472,86.9559,0,0.088,0.439,0.264,0.176,0.527,0.088,-1.055,-1.318,0.439,0.088,0.439,0.088,0.088,0.176,0.088,0.088,0.527,0.264,0.088,0.439,0.264,0.176,0.527,0.088,-1.055,3.035,0.439,0.088,0.439,0.088,0.088,0.176,0.088,0.088,0.527,0.264,0.006,2.8,11.90,31.0
86.9872,1975,15,move,7,86.9872,86.9956,0,0.088,0.439,0.264,0.176,0.527,0.088,-1.055,-0.703,0.439,0.088,0.439,0.088,0.088,0.176,0.088,0.088,0.527,0.264,0.088,0.439,0.264,0.176,0.527,0.088,-1.055,2.399,0.439,0.088,0.439,0.088,0.088,0.176,0.088,0.088,0.527,0.264,0.006,2.8,11.90,31.0
87.0274,1976,15,move,7,87.0274,87.0358,0,0.088,0.439,0.264,0.176,0.527,0.088,-1.055,0.264,0.439,0.088,0.439,0.088,0.088,0.176,0.088,0.088,0.527,0.264,0.088,0.439,0.264,0.176,0.527,0.088,-1.055,1.192,0.439,0.088,0.439,0.088,0.088,0.176,0.088,0.088,0.527,0.264,0.000,4.4,11.90,31.0
87.0674,1977,15,move,7,87.0674,87.0758,0,0.088,0.439,0.264,0.176,0.527,0.088,-1.055,1.406,0.439,0.088,0.439,0.088,0.088,0.176,0.088,0.088,0.527,0.264,0.088,0.439,0.264,0.176,0.527,0.088,-1.055,-0.288,0.439,0.088,0.439,0.088,0.088,0.176,0.088,0.088,0.527,0.264,0.000,4.4,11.90,31.0
87.1071,1978,15,move,7,87.1071,87.1156,0,0.088,0.439,0.264,0.176,0.527,0.088,-1.055,1.934,0.439,0.088,0.439,0.088,0.088,0.176,0.088,0.088,0.527,0.264,0.088,0.439,0.264,0.176,0.527,0.088,-1.055,-1.675,0.439,0.088,0.439,0.088,0.088,0.176,0.088,0.088,0.527,0.264,0.000,4.4,11.90,31.0
87.1474,1979,15,move,7,87.1474,87.1559,0,0.088,0.439,0.264,0.176,0.527,0.088,-1.055,2.285,0.439,0.088,0.439,0.088,0.088,0.176,0.088,0.088,0.527,0.264,0.088,0.439,0.264,0.176,0.527,0.088,-1.055,-2.627,0.439,0.088,0.439,0.088,0.088,0.176,0.088,0.088,0.527,0.264,0.000,0.0,11.90,31.0
87.1874,1980,15,move,7,87.1874,87.1959,0,0.088,0.439,0.264,0.176,0.527,0.088,-1.055,2.285,0.439,0.088,0.439,0.088,0.088,0.176,0.088,0.088,0.527,0.264,0.088,0.439,0.264,0.176,0.527,0.088,-1.055,-2.906,0.439,0.088,0.439,0.088,0.088,0.176,0.088,0.088,0.527,0.264,0.000,0.0,11.90,31.0
87.2274,1981,15,move,7,87.2274,87.2356,0,0.088,0.439,0.264,0.176,0.527,0.088,-1.055,1.758,0.439,0.088,0.439,0.088,0.088,0.176,0.088,0.088,0.527,0.264,0.088,0.439,0.264,0.176,0.527,0.088,-1.055,-2.445,0.439,0.088,0.439,0.088,0.088,0.176,0.088,0.088,0.527,0.264,0.000,0.0,11.90,31.0
87.2674,1982,15,move,7,87.2674,87.2753,0,0.088,0.439,0.264,0.176,0.527,0.088,-1.055,1.055,0.439,0.088,0.439,0.088,0.088,0.176,0.088,0.088,0.527,0.264,0.088,0.439,0.264,0.176,0.527,0.088,-1.055,-1.357,0.439,0.088,0.439,0.088,0.088,0.176,0.088,0.088,0.527,0.264,0.033,9.2,11.90,31.0
87.3072,1983,15,move,7,87.3072,87.3159,0,0.088,0.439,0.264,0.176,0.527,0.088,-1.055,0.088,0.439,0.088,0.439,0.088,0.088,0.176,0.088,0.088,0.527,0.264,0.088,0.439,0.264,0.176,0.527,0.088,-1.055,0.088,0.439,0.088,0.439,0.088,0.088,0.176,0.088,0.088,0.527,0.264,0.033,9.2,11.90,31.0
87.3472,1984,15,move,7,87.3472,87.3555,0,0.088,0.439,0.264,0.176,0.527,0.088,-1.055,-0.791,0.439,0.088,0.439,0.088,0.088,0.176,0.088,0.088,0.527,0.264,0.088,0.439,0.264,0.176,0.527,0.088,-1.055,1.533,0.439,0.088,0.439,0.088,0.088,0.176,0.088,0.088,0.527,0.264,0.033,9.2,11.90,31.0
87.3874,1985,15,move,7,87.3874,87.4000,0,0.088,0.439,0.264,0.176,0.527,0.088,-1.055,-1.230,0.439,0.088,0.439,0.088,0.088,0.176,0.088,0.088,0.527,0.264,0.088,0.439,0.264,0.176,0.527,0.088,-1.055,2.621,0.439,0.088,0.439,0.088,0.088,0.176,0.088,0.088,0.527,0.264,0.013,3.2,11.90,31.0
87.4272,1986,15,move,7,87.4272,87.4355,0,0.088,0.439,0.264,0.176,0.527,0.088,-1.055,-1.318,0.439,0.088,0.439,0.088,0.088,0.176,0.088,0.088,0.527,0.264,0.088,0.439,0.264,0.176,0.527,0.088,-1.055,3.082,0.439,0.088,0.439,0.088,0.088,0.176,0.088,0.088,0.527,0.264,0.013,3.2,11.90,31.0
87.4674,1987,15,move,7,87.4674,87.4760,0,0.088,0.439,0.264,0.176,0.527,0.088,-1.055,-0.967,0.439,0.088,0.439,0.088,0.088,0.176,0.088,0.088,0.527,0.264,0.088,0.439,0.264,0.176,0.527,0.088,-1.055,2.802,0.439,0.088,0.439,0.088,0.088,0.176,0.088,0.088,0.527,0.264,0.013,3.2,11.90,31.0
87.5072,1988,15,move,7,87.5072,87.5154,0,0.088,0.439,0.264,0.176,0.527,0.088,-1.055,-0.352,0.439,0.088,0.439,0.088,0.088,0.176,0.088,0.088,0.527,0.264,0.088,0.439,0.264,0.176,0.527,0.088,-1.055,1.851,0.439,0.088,0.439,0.088,0.088,0.176,0.088,0.088,0.527,0.264,0.013,5.2,11.90,31.0
87.5472,1989,15,move,7,87.5472,87.5556,0,0.088,0.439,0.264,0.176,0.527,0.088,-1.055,0.615,0.439,0.088,0.439,0.088,0.088,0.176,0.088,0.088,0.527,0.264,0.088,0.439,0.264,0.176,0.527,0.088,-1.055,0.464,0.439,0.088,0.439,0.088,0.088,0.176,0.088,0.088,0.527,0.264,0.013,5.2,11.90,31.0
87.5874,1990,15,move,7,87.5874,87.5959,0,0.088,0.439,0.264,0.176,0.527,0.088,-1.055,1.318,0.439,0.088,0.439,0.088,0.088,0.176,0.088,0.088,0.527,0.264,0.088,0.439,0.264,0.176,0.527,0.088,-1.055,-1.016,0.439,0.088,0.439,0.088,0.088,0.176,0.088,0.088,0.527,0.264,0.013,5.2,11.90,31.0
87.6274,1991,15,move,7,87.6274,87.6360,0,0.088,0.439,0.264,0.176,0.527,0.088,-1.055,1.758,0.439,0.088,0.439,0.088,0.088,0.176,0.088,0.088,0.527,0.264,0.088,0.439,0.264,0.176,0.527,0.088,-1.055,-2.224,0.439,0.088,0.439,0.088,0.088,0.176,0.088,0.088,0.527,0.264,0.006,2.0,11.90,31.0
87.6674,1992,15,move,7,87.6674,87.6761,0,0.088,0.439,0.264,0.176,0.527,0.088,-1.055,1.758,0.439,0.088,0.439,0.088,0.088,0.176,0.088,0.088,0.527,0.264,0.088,0.439,0.264,0.176,0.527,0.088,-1.055,-2.859,0.439,0.088,0.439,0.088,0.088,0.176,0.088,0.088,0.527,0.264,0.006,2.0,11.90,31.0
87.7074,1993,15,move,7,87.7074,87.7160,0,0.088,0.439,0.264,0.176,0.527,0.088,-1.055,1.230,0.439,0.088,0.439,0.088,0.088,0.176,0.088,0.088,0.527,0.264,0.088,0.439,0.264,0.176,0.527,0.088,-1.055,-2.765,0.439,0.088,0.439,0.088,0.088,0.176,0.088,0.088,0.527,0.264,0.006,2.0,11.90,31.0
87.7474,1994,15,move,7,87.7474,87.7560,0,0.088,0.439,0.264,0.176,0.527,0.088,-1.055,0.615,0.439,0.088,0.439,0.088,0.088,0.176,0.088,0.088,0.527,0.264,0.088,0.439,0.264,0.176,0.527,0.088,-1.055,-1.966,0.439,0.088,0.439,0.088,0.088,0.176,0.088,0.088,0.527,0.264,0.039,9.6,11.90,31.0
87.7874,1995,15,move,7,87.7874,87.7959,0,0.088,0.439,0.264,0.176,0.527,0.088,-1.055,-0.352,0.439,0.088,0.439,0.088,0.088,0.176,0.088,0.088,0.527,0.264,0.088,0.439,0.264,0.176,0.527,0.088,-1.055,-0.658,0.439,0.088,0.439,0.088,0.088,0.176,0.088,0.088,0.527,0.264,0.039,9.6,11.90,31.0
87.8274,1996,15,move,7,87.8274,87.8372,0,0.088,0.439,0.264,0.176,0.527,0.088,-1.055,-1.230,0.439,0.088,0.439,0.088,0.088,0.176,0.088,0.088,0.527,0.264,0.088,0.439,0.264,0.176,0.527,0.088,-1.055,0.834,0.439,0.088,0.439,0.088,0.088,0.176,0.088,0.088,0.527,0.264,0.039,9.6,11.90,31.0
87.8672,1997,15,move,7,87.8672,87.8757,0,0.088,0.439,0.264,0.176,0.527,0.088,-1.055,-1.582,0.439,0.088,0.439,0.088,0.088,0.176,0.088,0.088,0.527,0.264,0.088,0.439,0.264,0.176,0.527,0.088,-1.055,2.142,0.439,0.088,0.439,0.088,0.088,0.176,0.088,0.088,0.527,0.264,0.013,3.6,11.90,31.0
87.9074,1998,15,move,7,87.9074,87.9159,0,0.088,0.439,0.264,0.176,0.527,0.088,-1.055,-1.758,0.439,0.088,0.439,0.088,0.088,0.176,0.088,0.088,0.527,0.264,0.088,0.439,0.264,0.176,0.527,0.088,-1.055,2.941,0.439,0.088,0.439,0.088,0.088,0.176,0.088,0.088,0.527,0.264,0.013,3.6,11.90,31.0
87.9474,1999,15,move,7,87.9474,87.9561,0,0.088,0.439,0.264,0.176,0.527,0.088,-1.055,-1.406,0.439,0.088,0.439,0.088,0.088,0.176,0.088,0.088,0.527,0.264,0.088,0.439,0.264,0.176,0.527,0.088,-1.055,3.035,0.439,0.088,0.439,0.088,0.088,0.176,0.088,0.088,0.527,0.264,0.013,3.6,11.90,31.0
87.9872,2000,15,move,7,87.9872,87.9961,0,0.088,0.439,0.264,0.176,0.527,0.088,-1.055,-0.615,0.439,0.088,0.439,0.088,0.088,0.176,0.088,0.088,0.527,0.264,0.088,0.439,0.264,0.176,0.527,0.088,-1.055,2.399,0.439,0.088,0.439,0.088,0.088,0.176,0.088,0.088,0.527,0.264,0.006,4.8,11.90,31.0
88.0272,2001,15,move,7,88.0272,88.0356,0,0.088,0.439,0.264,0.176,0.527,0.088,-1.055,0.352,0.439,0.088,0.439,0.088,0.088,0.176,0.088,0.088,0.527,0.264,0.088,0.439,0.264,0.176,0.527,0.088,-1.055,1.192,0.439,0.088,0.439,0.088,0.088,0.176,0.088,0.088,0.527,0.264,0.006,4.8,11.90,31.0
88.0674,2002,15,move,7,88.0674,88.0761,0,0.088,0.439,0.264,0.176,0.527,0.088,-1.055,1.406,0.439,0.088,0.439,0.088,0.088,0.176,0.088,0.088,0.527,0.264,0.088,0.439,0.264,0.176,0.527,0.088,-1.055,-0.288,0.439,0.088,0.439,0.088,0.088,0.176,0.088,0.088,0.527,0.264,0.006,4.8,11.90,31.0
88.1072,2003,15,move,7,88.1072,88.1158,0,0.088,0.439,0.264,0.176,0.527,0.088,-1.055,1.934,0.439,0.088,0.439,0.088,0.088,0.176,0.088,0.088,0.527,0.264,0.088,0.439,0.264,0.176,0.527,0.088,-1.055,-1.675,0.439,0.088,0.439,0.088,0.088,0.176,0.088,0.088,0.527,0.264,0.006,3.6,11.90,31.0
88.1474,2004,15,move,7,88.1474,88.1561,0,0.088,0.439,0.264,0.176,0.527,0.088,-1.055,2.197,0.439,0.088,0.439,0.088,0.088,0.176,0.088,0.088,0.527,0.264,0.088,0.439,0.264,0.176,0.527,0.088,-1.055,-2.627,0.439,0.088,0.439,0.088,0.088,0.176,0.088,0.088,0.527,0.264,0.006,3.6,11.90,31.0
88.1874,2005,15,move,7,88.1874,88.1961,0,0.088,0.439,0.264,0.176,0.527,0.088,-1.055,2.285,0.439,0.088,0.439,0.088,0.088,0.176,0.088,0.088,0.527,0.264,0.088,0.439,0.264,0.176,0.527,0.088,-1.055,-2.906,0.439,0.088,0.439,0.088,0.088,0.176,0.088,0.088,0.527,0.264,0.006,3.6,11.90,31.0
88.2274,2006,15,move,7,88.2274,88.2360,0,0.088,0.439,0.264,0.176,0.527,0.088,-1.055,1.670,0.439,0.088,0.439,0.088,0.088,0.176,0.088,0.088,0.527,0.264,0.088,0.439,0.264,0.176,0.527,0.088,-1.055,-2.445,0.439,0.088,0.439,0.088,0.088,0.176,0.088,0.088,0.527,0.264,0.013,6.8,11.90,31.0
88.2674,2007,15,move,7,88.2674,88.2761,0,0.088,0.439,0.264,0.176,0.527,0.088,-1.055,0.967,0.439,0.088,0.439,0.088,0.088,0.176,0.088,0.088,0.527,0.264,0.088,0.439,0.264,0.176,0.527,0.088,-1.055,-1.357,0.439,0.088,0.439,0.088,0.088,0.176,0.088,0.088,0.527,0.264,0.013,6.8,11.90,31.0
88.3072,2008,15,rest,7,88.3072,88.3156,0,0.088,0.439,0.264,0.176,0.527,0.088,-1.055,0.000,0.439,0.088,0.439,0.088,0.088,0.176,0.088,0.088,0.527,0.264,0.088,0.439,0.264,0.176,0.527,0.088,-1.055,0.088,0.439,0.088,0.439,0.088,0.088,0.176,0.088,0.088,0.527,0.264,0.013,6.8,11.90,31.0
88.3474,2009,15,rest,7,88.3474,88.3561,0,0.088,0.439,0.264,0.176,0.527,0.088,-1.055,-0.879,0.439,0.088,0.439,0.088,0.088,0.176,0.088,0.088,0.527,0.264,0.088,0.439,0.264,0.176,0.527,0.088,-1.055,0.088,0.439,0.088,0.439,0.088,0.088,0.176,0.088,0.088,0.527,0.264,0.013,6.4,11.90,31.0
88.3874,2010,15,rest,7,88.3874,88.3960,0,0.088,0.439,0.264,0.176,0.527,0.088,-1.055,-1.406,0.439,0.088,0.439,0.088,0.088,0.176,0.088,0.088,0.527,0.264,0.088,0.439,0.264,0.176,0.527,0.088,-1.055,0.088,0.439,0.088,0.439,0.088,0.088,0.176,0.088,0.088,0.527,0.264,0.013,6.4,11.90,31.0
88.4274,2011,15,rest,7,88.4274,88.4359,0,0.088,0.439,0.264,0.176,0.527,0.088,-1.055,-1.582,0.439,0.088,0.439,0.088,0.088,0.176,0.088,0.088,0.527,0.264,0.088,0.439,0.264,0.176,0.527,0.088,-1.055,0.088,0.439,0.088,0.439,0.088,0.088,0.176,0.088,0.088,0.527,0.264,0.013,6.4,11.90,31.0
88.4671,2012,15,rest,7,88.4671,88.4758,0,0.088,0.439,0.264,0.176,0.527,0.088,-1.055,-1.230,0.439,0.088,0.439,0.088,0.088,0.176,0.088,0.088,0.527,0.264,0.088,0.439,0.264,0.176,0.527,0.088,-1.055,0.088,0.439,0.088,0.439,0.088,0.088,0.176,0.088,0.088,0.527,0.264,0.000,2.8,11.90,31.0
88.5074,2013,15,rest,7,88.5074,88.5162,0,0.088,0.439,0.264,0.176,0.527,0.088,-1.055,-0.703,0.439,0.088,0.439,0.088,0.088,0.176,0.088,0.088,0.527,0.264,0.088,0.439,0.264,0.176,0.527,0.088,-1.055,0.088,0.439,0.088,0.439,0.088,0.088,0.176,0.088,0.088,0.527,0.264,0.000,2.8,11.90,31.0
88.5474,2014,15,rest,7,88.5474,88.5557,0,0.088,0.439,0.264,0.176,0.527,0.088,-1.055,-0.176,0.439,0.088,0.439,0.088,0.088,0.176,0.088,0.088,0.527,0.264,0.088,0.439,0.264,0.176,0.527,0.088,-1.055,0.088,0.439,0.088,0.439,0.088,0.088,0.176,0.088,0.088,0.527,0.264,0.000,2.8,11.90,31.0
88.5872,2015,15,rest,7,88.5872,88.5959,0,0.088,0.439,0.264,0.176,0.527,0.088,-1.055,0.000,0.439,0.088,0.439,0.088,0.088,0.176,0.088,0.088,0.527,0.264,0.088,0.439,0.264,0.176,0.527,0.088,-1.055,0.088,0.439,0.088,0.439,0.088,0.088,0.176,0.088,0.088,0.527,0.264,0.006,2.0,11.90,31.0
88.6274,2016,15,rest,7,88.6274,88.6360,0,0.088,0.439,0.264,0.176,0.527,0.088,-1.055,0.176,0.439,0.088,0.439,0.088,0.088,0.176,0.088,0.088,0.527,0.264,0.088,0.439,0.264,0.176,0.527,0.088,-1.055,0.088,0.439,0.088,0.439,0.088,0.088,0.176,0.088,0.088,0.527,0.264,0.006,2.0,11.90,31.0
88.6671,2017,15,rest,7,88.6671,88.6758,0,0.088,0.439,0.264,0.176,0.527,0.088,-1.055,0.176,0.439,0.088,0.439,0.088,0.088,0.176,0.088,0.088,0.527,0.264,0.088,0.439,0.264,0.176,0.527,0.088,-1.055,0.088,0.439,0.088,0.439,0.088,0.088,0.176,0.088,0.088,0.527,0.264,0.006,2.0,11.90,31.0
88.7074,2018,15,rest,7,88.7074,88.7158,0,0.088,0.439,0.264,0.176,0.527,0.088,-1.055,0.176,0.439,0.088,0.439,0.088,0.088,0.176,0.088,0.088,0.527,0.264,0.088,0.439,0.264,0.176,0.527,0.088,-1.055,0.088,0.439,0.088,0.439,0.088,0.088,0.176,0.088,0.088,0.527,0.264,0.000,0.0,11.90,31.0
88.7474,2019,15,rest,7,88.7474,88.7560,0,0.088,0.439,0.264,0.176,0.527,0.088,-1.055,0.176,0.439,0.088,0.439,0.088,0.088,0.176,0.088,0.088,0.527,0.264,0.088,0.439,0.264,0.176,0.527,0.088,-1.055,0.088,0.439,0.088,0.439,0.088,0.088,0.176,0.088,0.088,0.527,0.264,0.000,0.0,11.90,31.0
88.7874,2020,15,rest,7,88.7874,88.7955,0,0.088,0.439,0.264,0.176,0.527,0.088,-1.055,0.176,0.439,0.088,0.439,0.088,0.088,0.176,0.088,0.088,0.527,0.264,0.088,0.439,0.264,0.176,0.527,0.088,-1.055,0.088,0.439,0.088,0.439,0.088,0.088,0.176,0.088,0.088,0.527,0.264,0.000,0.0,11.90,31.0
88.8274,2021,15,rest,7,88.8274,88.8359,0,0.088,0.439,0.264,0.176,0.527,0.088,-1.055,0.176,0.439,0.088,0.439,0.088,0.088,0.176,0.088,0.088,0.527,0.264,0.088,0.439,0.264,0.176,0.527,0.088,-1.055,0.088,0.439,0.088,0.439,0.088,0.088,0.176,0.088,0.088,0.527,0.264,0.000,0.0,11.90,31.0
88.8673,2022,15,rest,7,88.8673,88.8754,0,0.088,0.439,0.264,0.176,0.527,0.088,-1.055,0.176,0.439,0.088,0.439,0.088,0.088,0.176,0.088,0.088,0.527,0.264,0.088,0.439,0.264,0.176,0.527,0.088,-1.055,0.088,0.439,0.088,0.439,0.088,0.088,0.176,0.088,0.088,0.527,0.264,0.000,0.0,11.90,31.0
88.9072,2023,15,rest,7,88.9072,88.9152,0,0.088,0.439,0.264,0.176,0.527,0.088,-1.055,0.176,0.439,0.088,0.439,0.088,0.088,0.176,0.088,0.088,0.527,0.264,0.088,0.439,0.264,0.176,0.527,0.088,-1.055,0.088,0.439,0.088,0.439,0.088,0.088,0.176,0.088,0.088,0.527,0.264,0.000,0.0,11.90,31.0
88.9474,2024,15,rest,7,88.9474,88.9555,0,0.088,0.439,0.264,0.176,0.527,0.088,-1.055,0.176,0.439,0.088,0.439,0.088,0.088,0.176,0.088,0.088,0.527,0.264,0.088,0.439,0.264,0.176,0.527,0.088,-1.055,0.088,0.439,0.088,0.439,0.088,0.088,0.176,0.088,0.088,0.527,0.264,0.000,0.0,11.90,31.0
88.9874,2025,15,rest,7,88.9874,88.9956,0,0.088,0.439,0.264,0.176,0.527,0.088,-1.055,0.176,0.439,0.088,0.439,0.088,0.088,0.176,0.088,0.088,0.527,0.264,0.088,0.439,0.264,0.176,0.527,0.088,-1.055,0.088,0.439,0.088,0.439,0.088,0.088,0.176,0.088,0.088,0.527,0.264,0.000,0.0,11.90,31.0
89.0272,2026,15,rest,7,89.0272,89.0446,0,0.088,0.439,0.264,0.176,0.527,0.088,-1.055,0.176,0.439,0.088,0.439,0.088,0.088,0.176,0.088,0.088,0.527,0.264,0.088,0.439,0.264,0.176,0.527,0.088,-1.055,0.088,0.439,0.088,0.439,0.088,0.088,0.176,0.088,0.088,0.527,0.264,0.000,0.0,11.90,31.0
89.0672,2027,15,rest,7,89.0672,89.0752,0,0.088,0.439,0.264,0.176,0.527,0.088,-1.055,0.176,0.439,0.088,0.439,0.088,0.088,0.176,0.088,0.088,0.527,0.264,0.088,0.439,0.264,0.176,0.527,0.088,-1.055,0.088,0.439,0.088,0.439,0.088,0.088,0.176,0.088,0.088,0.527,0.264,0.000,0.0,11.90,31.0
89.1123,2028,16,pre,8,89.1123,89.1196,0,0.088,0.439,0.264,0.176,0.527,0.088,-1.055,0.176,0.439,0.088,0.439,0.088,0.088,0.176,0.088,0.088,0.527,0.264,0.088,0.439,0.264,0.176,0.527,0.088,-1.055,0.176,0.439,0.088,0.439,0.088,0.088,0.176,0.088,0.088,0.527,0.264,0.013,4.8,12.00,33.0
89.1472,2029,16,pre,8,89.1472,89.1552,0,0.088,0.439,0.264,0.176,0.527,0.088,-1.055,0.176,0.439,0.088,0.439,0.088,0.088,0.176,0.088,0.088,0.527,0.264,0.088,0.439,0.264,0.176,0.527,0.088,-1.055,0.176,0.439,0.088,0.439,0.088,0.088,0.176,0.088,0.088,0.527,0.264,0.013,4.8,12.00,33.0
89.1871,2030,16,pre,8,89.1871,89.1953,0,0.088,0.439,0.264,0.176,0.527,0.088,-1.055,0.176,0.439,0.088,0.439,0.088,0.088,0.176,0.088,0.088,0.527,0.264,0.088,0.439,0.264,0.176,0.527,0.088,-1.055,0.176,0.439,0.088,0.439,0.088,0.088,0.176,0.088,0.088,0.527,0.264,0.000,0.0,12.00,33.0
89.2272,2031,16,pre,8,89.2272,89.2353,0,0.088,0.439,0.264,0.176,0.527,0.088,-1.055,0.176,0.439,0.088,0.439,0.088,0.088,0.176,0.088,0.088,0.527,0.264,0.088,0.439,0.264,0.176,0.527,0.088,-1.055,0.176,0.439,0.088,0.439,0.088,0.088,0.176,0.088,0.088,0.527,0.264,0.000,0.0,12.00,33.0
89.2672,2032,16,pre,8,89.2672,89.2752,0,0.088,0.439,0.264,0.176,0.527,0.088,-1.055,0.176,0.439,0.088,0.439,0.088,0.088,0.176,0.088,0.088,0.527,0.264,0.088,0.439,0.264,0.176,0.527,0.088,-1.055,0.176,0.439,0.088,0.439,0.088,0.088,0.176,0.088,0.088,0.527,0.264,0.000,0.0,12.00,33.0
89.3074,2033,16,pre,8,89.3074,89.3155,0,0.088,0.439,0.264,0.176,0.527,0.088,-1.055,0.176,0.439,0.088,0.439,0.088,0.088,0.176,0.088,0.088,0.527,0.264,0.088,0.439,0.264,0.176,0.527,0.088,-1.055,0.176,0.439,0.088,0.439,0.088,0.088,0.176,0.088,0.088,0.527,0.264,0.000,0.0,12.00,33.0
89.3472,2034,16,pre,8,89.3472,89.3550,0,0.088,0.439,0.264,0.176,0.527,0.088,-1.055,0.176,0.439,0.088,0.439,0.088,0.088,0.176,0.088,0.088,0.527,0.264,0.088,0.439,0.264,0.176,0.527,0.088,-1.055,0.176,0.439,0.088,0.439,0.088,0.088,0.176,0.088,0.088,0.527,0.264,0.000,0.0,12.00,33.0
89.3874,2035,16,pre,8,89.3874,89.3955,0,0.088,0.439,0.264,0.176,0.527,0.088,-1.055,0.176,0.439,0.088,0.439,0.088,0.088,0.176,0.088,0.088,0.527,0.264,0.088,0.439,0.264,0.176,0.527,0.088,-1.055,0.176,0.439,0.088,0.439,0.088,0.088,0.176,0.088,0.088,0.527,0.264,0.000,0.0,12.00,33.0
89.4274,2036,16,pre,8,89.4274,89.4357,0,0.088,0.439,0.264,0.176,0.527,0.088,-1.055,0.176,0.439,0.088,0.439,0.088,0.088,0.176,0.088,0.088,0.527,0.264,0.088,0.439,0.264,0.176,0.527,0.088,-1.055,0.176,0.439,0.088,0.439,0.088,0.088,0.176,0.088,0.088,0.527,0.264,0.000,0.0,12.00,33.0
89.4674,2037,16,pre,8,89.4674,89.4761,0,0.088,0.439,0.264,0.176,0.527,0.088,-1.055,0.176,0.439,0.088,0.439,0.088,0.088,0.176,0.088,0.088,0.527,0.264,0.088,0.439,0.264,0.176,0.527,0.088,-1.055,0.176,0.439,0.088,0.439,0.088,0.088,0.176,0.088,0.088,0.527,0.264,0.000,0.0,12.00,33.0
89.5071,2038,16,pre,8,89.5071,89.5155,0,0.088,0.439,0.264,0.176,0.527,0.088,-1.055,0.176,0.439,0.088,0.439,0.088,0.088,0.176,0.088,0.088,0.527,0.264,0.088,0.439,0.264,0.176,0.527,0.088,-1.055,0.176,0.439,0.088,0.439,0.088,0.088,0.176,0.088,0.088,0.527,0.264,0.000,0.0,12.00,33.0
89.5474,2039,16,pre,8,89.5474,89.5558,0,0.088,0.439,0.264,0.176,0.527,0.088,-1.055,0.176,0.439,0.088,0.439,0.088,0.088,0.176,0.088,0.088,0.527,0.264,0.088,0.439,0.264,0.176,0.527,0.088,-1.055,0.176,0.439,0.088,0.439,0.088,0.088,0.176,0.088,0.088,0.527,0.264,0.000,0.0,12.00,33.0
89.5874,2040,16,pre,8,89.5874,89.5957,0,0.088,0.439,0.264,0.176,0.527,0.088,-1.055,0.176,0.439,0.088,0.439,0.088,0.088,0.176,0.088,0.088,0.527,0.264,0.088,0.439,0.264,0.176,0.527,0.088,-1.055,0.176,0.439,0.088,0.439,0.088,0.088,0.176,0.088,0.088,0.527,0.264,0.000,0.0,12.00,33.0
89.6274,2041,16,pre,8,89.6274,89.6355,0,0.088,0.439,0.264,0.176,0.527,0.088,-1.055,0.176,0.439,0.088,0.439,0.088,0.088,0.176,0.088,0.088,0.527,0.264,0.088,0.439,0.264,0.176,0.527,0.088,-1.055,0.176,0.439,0.088,0.439,0.088,0.088,0.176,0.088,0.088,0.527,0.264,0.000,0.0,12.00,33.0
89.6674,2042,16,pre,8,89.6674,89.6755,0,0.088,0.439,0.264,0.176,0.527,0.088,-1.055,0.176,0.439,0.088,0.439,0.088,0.088,0.176,0.088,0.088,0.527,0.264,0.088,0.439,0.264,0.176,0.527,0.088,-1.055,0.176,0.439,0.088,0.439,0.088,0.088,0.176,0.088,0.088,0.527,0.264,0.000,0.0,12.00,33.0
89.7074,2043,16,move,8,89.7074,89.7155,0,0.088,0.439,0.264,0.176,0.527,0.088,-1.055,0.176,0.439,0.088,0.439,0.088,0.088,0.176,0.088,0.088,0.527,0.264,0.088,0.439,0.264,0.176,0.527,0.088,-1.055,0.176,0.439,0.088,0.439,0.088,0.088,0.176,0.088,0.088,0.527,0.264,0.000,0.0,12.00,33.0
89.7474,2044,16,move,8,89.7474,89.7556,0,0.088,0.439,0.264,0.176,0.527,0.088,-1.055,0.176,0.439,0.088,0.439,0.088,0.088,0.176,0.088,0.088,0.527,0.264,0.088,0.439,0.264,0.176,0.527,0.088,-1.055,0.176,0.690,0.088,0.439,0.088,0.088,0.176,0.088,0.088,0.527,0.264,0.000,0.0,12.00,33.0
89.7874,2045,16,move,8,89.7874,89.7961,0,0.088,0.439,0.264,0.176,0.527,0.088,-1.055,0.176,0.439,0.088,0.439,0.088,0.088,0.176,0.088,0.088,0.527,0.264,0.088,0.439,0.264,0.176,0.527,0.088,-1.055,0.176,0.937,0.088,0.439,0.088,0.088,0.176,0.088,0.088,0.527,0.264,0.000,3.6,12.00,33.0
89.8272,2046,16,move,8,89.8272,89.8358,0,0.088,0.439,0.264,0.176,0.527,0.088,-1.055,0.176,0.527,0.088,0.439,0.088,0.088,0.176,0.088,0.088,0.527,0.264,0.088,0.439,0.264,0.176,0.527,0.088,-1.055,0.176,1.176,0.088,0.439,0.088,0.088,0.176,0.088,0.088,0.527,0.264,0.000,3.6,12.00,33.0
89.8674,2047,16,move,8,89.8674,89.8755,0,0.088,0.439,0.264,0.176,0.527,0.088,-1.055,0.176,0.791,0.088,0.439,0.088,0.088,0.176,0.088,0.088,0.527,0.264,0.088,0.439,0.264,0.176,0.527,0.088,-1.055,0.176,1.403,0.088,0.439,0.088,0.088,0.176,0.088,0.088,0.527,0.264,0.000,3.6,12.00,33.0
89.9074,2048,16,move,8,89.9074,89.9155,0,0.088,0.439,0.264,0.176,0.527,0.088,-1.055,0.176,1.055,0.088,0.439,0.088,0.088,0.176,0.088,0.088,0.527,0.264,0.088,0.439,0.264,0.176,0.527,0.088,-1.055,0.176,1.615,0.088,0.439,0.088,0.088,0.176,0.088,0.088,0.527,0.264,0.000,3.6,12.00,33.0
89.9474,2049,16,move,8,89.9474,89.9554,0,0.088,0.439,0.264,0.176,0.527,0.088,-1.055,0.176,1.143,0.088,0.439,0.088,0.088,0.176,0.088,0.088,0.527,0.264,0.088,0.439,0.264,0.176,0.527,0.088,-1.055,0.176,1.809,0.088,0.439,0.088,0.088,0.176,0.088,0.088,0.527,0.264,0.000,3.6,12.00,33.0
89.9874,2050,16,move,8,89.9874,89.9955,0,0.088,0.439,0.264,0.176,0.527,0.088,-1.055,0.176,1.230,0.088,0.439,0.088,0.088,0.176,0.088,0.088,0.527,0.264,0.088,0.439,0.264,0.176,0.527,0.088,-1.055,0.176,1.980,0.088,0.439,0.088,0.088,0.176,0.088,0.088,0.527,0.264,0.000,3.6,12.00,33.0
90.0274,2051,16,move,8,90.0274,90.0354,0,0.088,0.439,0.264,0.176,0.527,0.088,-1.055,0.176,1.318,0.088,0.439,0.088,0.088,0.176,0.088,0.088,0.527,0.264,0.088,0.439,0.264,0.176,0.527,0.088,-1.055,0.176,2.128,0.088,0.439,0.088,0.088,0.176,0.088,0.088,0.527,0.264,0.013,6.8,12.00,33.0
90.0674,2052,16,move,8,90.0674,90.0754,0,0.088,0.439,0.264,0.176,0.527,0.088,-1.055,0.176,1.758,0.088,0.439,0.088,0.088,0.176,0.088,0.088,0.527,0.264,0.088,0.439,0.264,0.176,0.527,0.088,-1.055,0.176,2.249,0.088,0.439,0.088,0.088,0.176,0.088,0.088,0.527,0.264,0.013,6.8,12.00,33.0
90.1074,2053,16,move,8,90.1074,90.1154,0,0.088,0.439,0.264,0.176,0.527,0.088,-1.055,0.176,1.846,0.088,0.439,0.088,0.088,0.176,0.088,0.088,0.527,0.264,0.088,0.439,0.264,0.176,0.527,0.088,-1.055,0.176,2.342,0.088,0.439,0.088,0.088,0.176,0.088,0.088,0.527,0.264,0.013,6.8,12.00,33.0
90.1472,2054,16,move,8,90.1472,90.1554,0,0.088,0.439,0.264,0.176,0.527,0.088,-1.055,0.176,2.021,0.088,0.439,0.088,0.088,0.176,0.088,0.088,0.527,0.264,0.088,0.439,0.264,0.176,0.527,0.088,-1.055,0.176,2.404,0.088,0.439,0.088,0.088,0.176,0.088,0.088,0.527,0.264,0.006,3.2,12.00,33.0
90.1874,2055,16,move,8,90.1874,90.1954,0,0.088,0.439,0.264,0.176,0.527,0.088,-1.055,0.176,2.109,0.088,0.439,0.088,0.088,0.176,0.088,0.088,0.527,0.264,0.088,0.439,0.264,0.176,0.527,0.088,-1.055,0.176,2.436,0.088,0.439,0.088,0.088,0.176,0.088,0.088,0.527,0.264,0.006,3.2,12.00,33.0
90.2274,2056,16,move,8,90.2274,90.2354,0,0.088,0.439,0.264,0.176,0.527,0.088,-1.055,0.176,2.109,0.088,0.439,0.088,0.088,0.176,0.088,0.088,0.527,0.264,0.088,0.439,0.264,0.176,0.527,0.088,-1.055,0.176,2.436,0.088,0.439,0.088,0.088,0.176,0.088,0.088,0.527,0.264,0.006,3.2,12.00,33.0
90.2674,2057,16,move,8,90.2674,90.2756,0,0.088,0.439,0.264,0.176,0.527,0.088,-1.055,0.176,2.109,0.088,0.439,0.088,0.088,0.176,0.088,0.088,0.527,0.264,0.088,0.439,0.264,0.176,0.527,0.088,-1.055,0.176,2.404,0.088,0.439,0.088,0.088,0.176,0.088,0.088,0.527,0.264,0.000,2.8,12.00,33.0
90.3071,2058,16,move,8,90.3071,90.3153,0,0.088,0.439,0.264,0.176,0.527,0.088,-1.055,0.176,2.109,0.088,0.439,0.088,0.088,0.176,0.088,0.088,0.527,0.264,0.088,0.439,0.264,0.176,0.527,0.088,-1.055,0.176,2.342,0.088,0.439,0.088,0.088,0.176,0.088,0.088,0.527,0.264,0.000,2.8,12.00,33.0
90.3474,2059,16,move,8,90.3474,90.3560,0,0.088,0.439,0.264,0.176,0.527,0.088,-1.055,0.176,2.109,0.088,0.439,0.088,0.088,0.176,0.088,0.088,0.527,0.264,0.088,0.439,0.264,0.176,0.527,0.088,-1.055,0.176,2.249,0.088,0.439,0.088,0.088,0.176,0.088,0.088,0.527,0.264,0.000,2.8,12.00,33.0
90.3872,2060,16,move,8,90.3872,90.3952,0,0.088,0.439,0.264,0.176,0.527,0.088,-1.055,0.176,2.109,0.088,0.439,0.088,0.088,0.176,0.088,0.088,0.527,0.264,0.088,0.439,0.264,0.176,0.527,0.088,-1.055,0.176,2.128,0.088,0.439,0.088,0.088,0.176,0.088,0.088,0.527,0.264,0.000,2.0,12.00,33.0
90.4274,2061,16,move,8,90.4274,90.4356,0,0.088,0.439,0.264,0.176,0.527,0.088,-1.055,0.176,2.109,0.088,0.439,0.088,0.088,0.176,0.088,0.088,0.527,0.264,0.088,0.439,0.264,0.176,0.527,0.088,-1.055,0.176,1.980,0.088,0.439,0.088,0.088,0.176,0.088,0.088,0.527,0.264,0.000,2.0,12.00,33.0
90.4672,2062,16,move,8,90.4672,90.4754,0,0.088,0.439,0.264,0.176,0.527,0.088,-1.055,0.176,2.109,0.088,0.439,0.088,0.088,0.176,0.088,0.088,0.527,0.264,0.088,0.439,0.264,0.176,0.527,0.088,-1.055,0.176,1.809,0.088,0.439,0.088,0.088,0.176,0.088,0.088,0.527,0.264,0.000,2.0,12.00,33.0
90.5072,2063,16,move,8,90.5072,90.5152,0,0.088,0.439,0.264,0.176,0.527,0.088,-1.055,0.176,2.109,0.088,0.439,0.088,0.088,0.176,0.088,0.088,0.527,0.264,0.088,0.439,0.264,0.176,0.527,0.088,-1.055,0.176,1.615,0.088,0.439,0.088,0.088,0.176,0.088,0.088,0.527,0.264,0.006,4.4,12.00,33.0
90.5474,2064,16,move,8,90.5474,90.5560,0,0.088,0.439,0.264,0.176,0.527,0.088,-1.055,0.176,1.934,0.088,0.439,0.088,0.088,0.176,0.088,0.088,0.527,0.264,0.088,0.439,0.264,0.176,0.527,0.088,-1.055,0.176,1.403,0.088,0.439,0.088,0.088,0.176,0.088,0.088,0.527,0.264,0.006,4.4,12.00,33.0
90.5874,2065,16,move,8,90.5874,90.6161,0,0.088,0.439,0.264,0.176,0.527,0.088,-1.055,0.176,1.846,0.088,0.439,0.088,0.088,0.176,0.088,0.088,0.527,0.264,0.088,0.439,0.264,0.176,0.527,0.088,-1.055,0.176,1.176,0.088,0.439,0.088,0.088,0.176,0.088,0.088,0.527,0.264,0.000,5.6,12.00,33.0
90.6271,2066,16,move,8,90.6271,90.6352,0,0.088,0.439,0.264,0.176,0.527,0.088,-1.055,0.176,1.758,0.088,0.439,0.088,0.088,0.176,0.088,0.088,0.527,0.264,0.088,0.439,0.264,0.176,0.527,0.088,-1.055,0.176,0.937,0.088,0.439,0.088,0.088,0.176,0.088,0.088,0.527,0.264,0.000,5.6,12.00,33.0
90.6675,2067,16,move,8,90.6675,90.6754,0,0.088,0.439,0.264,0.176,0.527,0.088,-1.055,0.176,1.494,0.088,0.439,0.088,0.088,0.176,0.088,0.088,0.527,0.264,0.088,0.439,0.264,0.176,0.527,0.088,-1.055,0.176,0.690,0.088,0.439,0.088,0.088,0.176,0.088,0.088,0.527,0.264,0.000,5.6,12.00,33.0
90.7074,2068,16,move,8,90.7074,90.7156,0,0.088,0.439,0.264,0.176,0.527,0.088,-1.055,0.176,1.230,0.088,0.439,0.088,0.088,0.176,0.088,0.088,0.527,0.264,0.088,0.439,0.264,0.176,0.527,0.088,-1.055,0.176,0.439,0.088,0.439,0.088,0.088,0.176,0.088,0.088,0.527,0.264,0.000,5.6,12.00,33.0
90.7474,2069,16,move,8,90.7474,90.7556,0,0.088,0.439,0.264,0.176,0.527,0.088,-1.055,0.176,0.967,0.088,0.439,0.088,0.088,0.176,0.088,0.088,0.527,0.264,0.088,0.439,0.264,0.176,0.527,0.088,-1.055,0.176,0.189,0.088,0.439,0.088,0.088,0.176,0.088,0.088,0.527,0.264,0.006,6.0,12.00,33.0
90.7874,2070,16,move,8,90.7874,90.7956,0,0.088,0.439,0.264,0.176,0.527,0.088,-1.055,0.176,0.791,0.088,0.439,0.088,0.088,0.176,0.088,0.088,0.527,0.264,0.088,0.439,0.264,0.176,0.527,0.088,-1.055,0.176,-0.058,0.088,0.439,0.088,0.088,0.176,0.088,0.088,0.527,0.264,0.006,6.0,12.00,33.0
90.8274,2071,16,move,8,90.8274,90.8360,0,0.088,0.439,0.264,0.176,0.527,0.088,-1.055,0.176,0.527,0.088,0.439,0.088,0.088,0.176,0.088,0.088,0.527,0.264,0.088,0.439,0.264,0.176,0.527,0.088,-1.055,0.176,-0.297,0.088,0.439,0.088,0.088,0.176,0.088,0.088,0.527,0.264,0.006,6.0,12.00,33.0
90.8674,2072,16,move,8,90.8674,90.8759,0,0.088,0.439,0.264,0.176,0.527,0.088,-1.055,0.176,0.264,0.088,0.439,0.088,0.088,0.176,0.088,0.088,0.527,0.264,0.088,0.439,0.264,0.176,0.527,0.088,-1.055,0.176,-0.524,0.088,0.439,0.088,0.088,0.176,0.088,0.088,0.527,0.264,0.013,6.0,12.00,33.0
90.9071,2073,16,move,8,90.9071,90.9156,0,0.088,0.439,0.264,0.176,0.527,0.088,-1.055,0.176,0.088,0.088,0.439,0.088,0.088,0.176,0.088,0.088,0.527,0.264,0.088,0.439,0.264,0.176,0.527,0.088,-1.055,0.176,-0.736,0.088,0.439,0.088,0.088,0.176,0.088,0.088,0.527,0.264,0.013,6.0,12.00,33.0
90.9474,2074,16,move,8,90.9474,90.9560,0,0.088,0.439,0.264,0.176,0.527,0.088,-1.055,0.176,-0.176,0.088,0.439,0.088,0.088,0.176,0.088,0.088,0.527,0.264,0.088,0.439,0.264,0.176,0.527,0.088,-1.055,0.176,-0.930,0.088,0.439,0.088,0.088,0.176,0.088,0.088,0.527,0.264,0.013,6.0,12.00,33.0
90.9874,2075,16,move,8,90.9874,90.9953,0,0.088,0.439,0.264,0.176,0.527,0.088,-1.055,0.176,-0.352,0.088,0.439,0.088,0.088,0.176,0.088,0.088,0.527,0.264,0.088,0.439,0.264,0.176,0.527,0.088,-1.055,0.176,-1.102,0.088,0.439,0.088,0.088,0.176,0.088,0.088,0.527,0.264,0.019,6.4,12.00,33.0
91.0272,2076,16,move,8,91.0272,91.0352,0,0.088,0.439,0.264,0.176,0.527,0.088,-1.055,0.176,-0.615,0.088,0.439,0.088,0.088,0.176,0.088,0.088,0.527,0.264,0.088,0.439,0.264,0.176,0.527,0.088,-1.055,0.176,-1.249,0.088,0.439,0.088,0.088,0.176,0.088,0.088,0.527,0.264,0.019,6.4,12.00,33.0
91.0674,2077,16,move,8,91.0674,91.0753,0,0.088,0.439,0.264,0.176,0.527,0.088,-1.055,0.176,-0.791,0.088,0.439,0.088,0.088,0.176,0.088,0.088,0.527,0.264,0.088,0.439,0.264,0.176,0.527,0.088,-1.055,0.176,-1.370,0.088,0.439,0.088,0.088,0.176,0.088,0.088,0.527,0.264,0.019,6.4,12.00,33.0
91.1071,2078,16,move,8,91.1071,91.1153,0,0.088,0.439,0.264,0.176,0.527,0.088,-1.055,0.176,-0.879,0.088,0.439,0.088,0.088,0.176,0.088,0.088,0.527,0.264,0.088,0.439,0.264,0.176,0.527,0.088,-1.055,0.176,-1.463,0.088,0.439,0.088,0.088,0.176,0.088,0.088,0.527,0.264,0.013,6.4,12.00,33.0
91.1474,2079,16,move,8,91.1474,91.1556,0,0.088,0.439,0.264,0.176,0.527,0.088,-1.055,0.176,-0.967,0.088,0.439,0.088,0.088,0.176,0.088,0.088,0.527,0.264,0.088,0.439,0.264,0.176,0.527,0.088,-1.055,0.176,-1.525,0.088,0.439,0.088,0.088,0.176,0.088,0.088,0.527,0.264,0.013,6.4,12.00,33.0
91.1874,2080,16,move,8,91.1874,91.1955,0,0.088,0.439,0.264,0.176,0.527,0.088,-1.055,0.176,-1.055,0.088,0.439,0.088,0.088,0.176,0.088,0.088,0.527,0.264,0.088,0.439,0.264,0.176,0.527,0.088,-1.055,0.176,-1.557,0.088,0.439,0.088,0.088,0.176,0.088,0.088,0.527,0.264,0.013,6.4,12.00,33.0
91.2274,2081,16,move,8,91.2274,91.2355,0,0.088,0.439,0.264,0.176,0.527,0.088,-1.055,0.176,-1.143,0.088,0.439,0.088,0.088,0.176,0.088,0.088,0.527,0.264,0.088,0.439,0.264,0.176,0.527,0.088,-1.055,0.176,-1.557,0.088,0.439,0.088,0.088,0.176,0.088,0.088,0.527,0.264,0.006,4.8,12.00,33.0
91.2674,2082,16,move,8,91.2674,91.2754,0,0.088,0.439,0.264,0.176,0.527,0.088,-1.055,0.176,-1.143,0.088,0.439,0.088,0.088,0.176,0.088,0.088,0.527,0.264,0.088,0.439,0.264,0.176,0.527,0.088,-1.055,0.176,-1.525,0.088,0.439,0.088,0.088,0.176,0.088,0.088,0.527,0.264,0.006,4.8,12.00,33.0
91.3072,2083,16,move,8,91.3072,91.3153,0,0.088,0.439,0.264,0.176,0.527,0.088,-1.055,0.176,-1.143,0.088,0.439,0.088,0.088,0.176,0.088,0.088,0.527,0.264,0.088,0.439,0.264,0.176,0.527,0.088,-1.055,0.176,-1.463,0.088,0.439,0.088,0.088,0.176,0.088,0.088,0.527,0.264,0.006,4.8,12.00,33.0
91.3474,2084,16,move,8,91.3474,91.3555,0,0.088,0.439,0.264,0.176,0.527,0.088,-1.055,0.176,-1.143,0.088,0.439,0.088,0.088,0.176,0.088,0.088,0.527,0.264,0.088,0.439,0.264,0.176,0.527,0.088,-1.055,0.176,-1.370,0.088,0.439,0.088,0.088,0.176,0.088,0.088,0.527,0.264,0.000,4.0,12.00,33.0
91.3874,2085,16,move,8,91.3874,91.3955,0,0.088,0.439,0.264,0.176,0.527,0.088,-1.055,0.176,-1.143,0.088,0.439,0.088,0.088,0.176,0.088,0.088,0.527,0.264,0.088,0.439,0.264,0.176,0.527,0.088,-1.055,0.176,-1.249,0.088,0.439,0.088,0.088,0.176,0.088,0.088,0.527,0.264,0.000,4.0,12.00,33.0
91.4274,2086,16,move,8,91.4274,91.4361,0,0.088,0.439,0.264,0.176,0.527,0.088,-1.055,0.176,-1.143,0.088,0.439,0.088,0.088,0.176,0.088,0.088,0.527,0.264,0.088,0.439,0.264,0.176,0.527,0.088,-1.055,0.176,-1.102,0.088,0.439,0.088,0.088,0.176,0.088,0.088,0.527,0.264,0.000,4.0,12.00,33.0
91.4672,2087,16,move,8,91.4672,91.4759,0,0.088,0.439,0.264,0.176,0.527,0.088,-1.055,0.176,-1.143,0.088,0.439,0.088,0.088,0.176,0.088,0.088,0.527,0.264,0.088,0.439,0.264,0.176,0.527,0.088,-1.055,0.176,-0.930,0.088,0.439,0.088,0.088,0.176,0.088,0.088,0.527,0.264,0.000,0.0,12.00,33.0
91.5074,2088,16,move,8,91.5074,91.5157,0,0.088,0.439,0.264,0.176,0.527,0.088,-1.055,0.176,-1.143,0.088,0.439,0.088,0.088,0.176,0.088,0.088,0.527,0.264,0.088,0.439,0.264,0.176,0.527,0.088,-1.055,0.176,-0.736,0.088,0.439,0.088,0.088,0.176,0.088,0.088,0.527,0.264,0.000,0.0,12.00,33.0
91.5474,2089,16,move,8,91.5474,91.5556,0,0.088,0.439,0.264,0.176,0.527,0.088,-1.055,0.176,-1.055,0.088,0.439,0.088,0.088,0.176,0.088,0.088,0.527,0.264,0.088,0.439,0.264,0.176,0.527,0.088,-1.055,0.176,-0.524,0.088,0.439,0.088,0.088,0.176,0.088,0.088,0.527,0.264,0.000,0.0,12.00,33.0
91.5874,2090,16,move,8,91.5874,91.5956,0,0.088,0.439,0.264,0.176,0.527,0.088,-1.055,0.176,-0.791,0.088,0.439,0.088,0.088,0.176,0.088,0.088,0.527,0.264,0.088,0.439,0.264,0.176,0.527,0.088,-1.055,0.176,-0.297,0.088,0.439,0.088,0.088,0.176,0.088,0.088,0.527,0.264,0.000,2.8,12.00,33.0
91.6274,2091,16,move,8,91.6274,91.6356,0,0.088,0.439,0.264,0.176,0.527,0.088,-1.055,0.176,-0.615,0.088,0.439,0.088,0.088,0.176,0.088,0.088,0.527,0.264,0.088,0.439,0.264,0.176,0.527,0.088,-1.055,0.176,-0.058,0.088,0.439,0.088,0.088,0.176,0.088,0.088,0.527,0.264,0.000,2.8,12.00,33.0
91.6674,2092,16,move,8,91.6674,91.6755,0,0.088,0.439,0.264,0.176,0.527,0.088,-1.055,0.176,-0.439,0.088,0.439,0.088,0.088,0.176,0.088,0.088,0.527,0.264,0.088,0.439,0.264,0.176,0.527,0.088,-1.055,0.176,0.189,0.088,0.439,0.088,0.088,0.176,0.088,0.088,0.527,0.264,0.000,2.8,12.00,33.0
91.7074,2093,16,move,8,91.7074,91.7156,0,0.088,0.439,0.264,0.176,0.527,0.088,-1.055,0.176,-0.264,0.088,0.439,0.088,0.088,0.176,0.088,0.088,0.527,0.264,0.088,0.439,0.264,0.176,0.527,0.088,-1.055,0.176,0.439,0.088,0.439,0.088,0.088,0.176,0.088,0.088,0.527,0.264,0.006,5.2,12.00,33.0
91.7472,2094,16,move,8,91.7472,91.7552,0,0.088,0.439,0.264,0.176,0.527,0.088,-1.055,0.176,-0.176,0.088,0.439,0.088,0.088,0.176,0.088,0.088,0.527,0.264,0.088,0.439,0.264,0.176,0.527,0.088,-1.055,0.176,0.690,0.088,0.439,0.088,0.088,0.176,0.088,0.088,0.527,0.264,0.006,5.2,12.00,33.0
91.7874,2095,16,move,8,91.7874,91.7955,0,0.088,0.439,0.264,0.176,0.527,0.088,-1.055,0.176,-0.088,0.088,0.439,0.088,0.088,0.176,0.088,0.088,0.527,0.264,0.088,0.439,0.264,0.176,0.527,0.088,-1.055,0.176,0.937,0.088,0.439,0.088,0.088,0.176,0.088,0.088,0.527,0.264,0.006,5.2,12.00,33.0
91.8274,2096,16,move,8,91.8274,91.8354,0,0.088,0.439,0.264,0.176,0.527,0.088,-1.055,0.176,0.352,0.088,0.439,0.088,0.088,0.176,0.088,0.088,0.527,0.264,0.088,0.439,0.264,0.176,0.527,0.088,-1.055,0.176,1.176,0.088,0.439,0.088,0.088,0.176,0.088,0.088,0.527,0.264,0.006,5.6,12.00,33.0
91.8674,2097,16,move,8,91.8674,91.8755,0,0.088,0.439,0.264,0.176,0.527,0.088,-1.055,0.176,0.615,0.088,0.439,0.088,0.088,0.176,0.088,0.088,0.527,0.264,0.088,0.439,0.264,0.176,0.527,0.088,-1.055,0.176,1.403,0.088,0.439,0.088,0.088,0.176,0.088,0.088,0.527,0.264,0.006,5.6,12.00,33.0
91.9074,2098,16,move,8,91.9074,91.9159,0,0.088,0.439,0.264,0.176,0.527,0.088,-1.055,0.176,0.791,0.088,0.439,0.088,0.088,0.176,0.088,0.088,0.527,0.264,0.088,0.439,0.264,0.176,0.527,0.088,-1.055,0.176,1.615,0.088,0.439,0.088,0.088,0.176,0.088,0.088,0.527,0.264,0.006,5.6,12.00,33.0
91.9472,2099,16,move,8,91.9472,91.9554,0,0.088,0.439,0.264,0.176,0.527,0.088,-1.055,0.176,1.143,0.088,0.439,0.088,0.088,0.176,0.088,0.088,0.527,0.264,0.088,0.439,0.264,0.176,0.527,0.088,-1.055,0.176,1.809,0.088,0.439,0.088,0.088,0.176,0.088,0.088,0.527,0.264,0.006,4.4,12.00,33.0
91.9874,2100,16,move,8,91.9874,91.9956,0,0.088,0.439,0.264,0.176,0.527,0.088,-1.055,0.176,1.230,0.088,0.439,0.088,0.088,0.176,0.088,0.088,0.527,0.264,0.088,0.439,0.264,0.176,0.527,0.088,-1.055,0.176,1.980,0.088,0.439,0.088,0.088,0.176,0.088,0.088,0.527,0.264,0.006,4.4,12.00,33.0
92.0272,2101,16,move,8,92.0272,92.0355,0,0.088,0.439,0.264,0.176,0.527,0.088,-1.055,0.176,1.406,0.088,0.439,0.088,0.088,0.176,0.088,0.088,0.527,0.264,0.088,0.439,0.264,0.176,0.527,0.088,-1.055,0.176,2.128,0.088,0.439,0.088,0.088,0.176,0.088,0.088,0.527,0.264,0.006,4.4,12.00,33.0
92.0674,2102,16,move,8,92.0674,92.0754,0,0.088,0.439,0.264,0.176,0.527,0.088,-1.055,0.176,1.670,0.088,0.439,0.088,0.088,0.176,0.088,0.088,0.527,0.264,0.088,0.439,0.264,0.176,0.527,0.088,-1.055,0.176,2.249,0.088,0.439,0.088,0.088,0.176,0.088,0.088,0.527,0.264,0.006,4.4,12.00,33.0
92.1074,2103,16,move,8,92.1074,92.1161,0,0.088,0.439,0.264,0.176,0.527,0.088,-1.055,0.176,1.758,0.088,0.439,0.088,0.088,0.176,0.088,0.088,0.527,0.264,0.088,0.439,0.264,0.176,0.527,0.088,-1.055,0.176,2.342,0.088,0.439,0.088,0.088,0.176,0.088,0.088,0.527,0.264,0.006,4.4,12.00,33.0
92.1471,2104,16,move,8,92.1471,92.1557,0,0.088,0.439,0.264,0.176,0.527,0.088,-1.055,0.176,1.934,0.088,0.439,0.088,0.088,0.176,0.088,0.088,0.527,0.264,0.088,0.439,0.264,0.176,0.527,0.088,-1.055,0.176,2.404,0.088,0.439,0.088,0.088,0.176,0.088,0.088,0.527,0.264,0.006,4.4,12.00,33.0
92.1874,2105,16,move,8,92.1874,92.1959,0,0.088,0.439,0.264,0.176,0.527,0.088,-1.055,0.176,2.021,0.088,0.439,0.088,0.088,0.176,0.088,0.088,0.527,0.264,0.088,0.439,0.264,0.176,0.527,0.088,-1.055,0.176,2.436,0.088,0.439,0.088,0.088,0.176,0.088,0.088,0.527,0.264,0.006,3.6,12.00,33.0
92.2272,2106,16,move,8,92.2272,92.2358,0,0.088,0.439,0.264,0.176,0.527,0.088,-1.055,0.176,2.109,0.088,0.439,0.088,0.088,0.176,0.088,0.088,0.527,0.264,0.088,0.439,0.264,0.176,0.527,0.088,-1.055,0.176,2.436,0.088,0.439,0.088,0.088,0.176,0.088,0.088,0.527,0.264,0.006,3.6,12.00,33.0
92.2674,2107,16,move,8,92.2674,92.2759,0,0.088,0.439,0.264,0.176,0.527,0.088,-1.055,0.176,2.109,0.088,0.439,0.088,0.088,0.176,0.088,0.088,0.527,0.264,0.088,0.439,0.264,0.176,0.527,0.088,-1.055,0.176,2.404,0.088,0.439,0.088,0.088,0.176,0.088,0.088,0.527,0.264,0.006,3.6,12.00,33.0
92.3074,2108,16,move,8,92.3074,92.3156,0,0.088,0.439,0.264,0.176,0.527,0.088,-1.055,0.176,2.197,0.088,0.439,0.088,0.088,0.176,0.088,0.088,0.527,0.264,0.088,0.439,0.264,0.176,0.527,0.088,-1.055,0.176,2.342,0.088,0.439,0.088,0.088,0.176,0.088,0.088,0.527,0.264,0.000,2.4,12.00,33.0
92.3517,2109,16,move,8,92.3517,92.3637,0,0.088,0.439,0.264,0.176,0.527,0.088,-1.055,0.176,2.197,0.088,0.439,0.088,0.088,0.176,0.088,0.088,0.527,0.264,0.088,0.439,0.264,0.176,0.527,0.088,-1.055,0.176,2.249,0.088,0.439,0.088,0.088,0.176,0.088,0.088,0.527,0.264,0.000,2.4,12.00,33.0
92.3872,2110,16,move,8,92.3872,92.3955,0,0.088,0.439,0.264,0.176,0.527,0.088,-1.055,0.176,2.197,0.088,0.439,0.088,0.088,0.176,0.088,0.088,0.527,0.264,0.088,0.439,0.264,0.176,0.527,0.088,-1.055,0.176,2.128,0.088,0.439,0.088,0.088,0.176,0.088,0.088,0.527,0.264,0.000,2.4,12.00,33.0
92.4274,2111,16,move,8,92.4274,92.4360,0,0.088,0.439,0.264,0.176,0.527,0.088,-1.055,0.176,2.197,0.088,0.439,0.088,0.088,0.176,0.088,0.088,0.527,0.264,0.088,0.439,0.264,0.176,0.527,0.088,-1.055,0.176,1.980,0.088,0.439,0.088,0.088,0.176,0.088,0.088,0.527,0.264,0.006,2.4,12.00,33.0
92.4671,2112,16,move,8,92.4671,92.4758,0,0.088,0.439,0.264,0.176,0.527,0.088,-1.055,0.176,2.197,0.088,0.439,0.088,0.088,0.176,0.088,0.088,0.527,0.264,0.088,0.439,0.264,0.176,0.527,0.088,-1.055,0.176,1.809,0.088,0.439,0.088,0.088,0.176,0.088,0.088,0.527,0.264,0.006,2.4,12.00,33.0
92.5074,2113,16,move,8,92.5074,92.5160,0,0.088,0.439,0.264,0.176,0.527,0.088,-1.055,0.176,2.109,0.088,0.439,0.088,0.088,0.176,0.088,0.088,0.527,0.264,0.088,0.439,0.264,0.176,0.527,0.088,-1.055,0.176,1.615,0.088,0.439,0.088,0.088,0.176,0.088,0.088,0.527,0.264,0.006,2.4,12.00,33.0
92.5472,2114,16,move,8,92.5472,92.5558,0,0.088,0.439,0.264,0.176,0.527,0.088,-1.055,0.176,1.934,0.088,0.439,0.088,0.088,0.176,0.088,0.088,0.527,0.264,0.088,0.439,0.264,0.176,0.527,0.088,-1.055,0.176,1.403,0.088,0.439,0.088,0.088,0.176,0.088,0.088,0.527,0.264,0.000,4.4,12.00,33.0
92.5874,2115,16,move,8,92.5874,92.5960,0,0.088,0.439,0.264,0.176,0.527,0.088,-1.055,0.176,1.670,0.088,0.439,0.088,0.088,0.176,0.088,0.088,0.527,0.264,0.088,0.439,0.264,0.176,0.527,0.088,-1.055,0.176,1.176,0.088,0.439,0.088,0.088,0.176,0.088,0.088,0.527,0.264,0.000,4.4,12.00,33.0
92.6271,2116,16,move,8,92.6271,92.6358,0,0.088,0.439,0.264,0.176,0.527,0.088,-1.055,0.176,1.670,0.088,0.439,0.088,0.088,0.176,0.088,0.088,0.527,0.264,0.088,0.439,0.264,0.176,0.527,0.088,-1.055,0.176,0.937,0.088,0.439,0.088,0.088,0.176,0.088,0.088,0.527,0.264,0.000,4.4,12.00,33.0
92.6674,2117,16,move,8,92.6674,92.6757,0,0.088,0.439,0.264,0.176,0.527,0.088,-1.055,0.176,1.494,0.088,0.439,0.088,0.088,0.176,0.088,0.088,0.527,0.264,0.088,0.439,0.264,0.176,0.527,0.088,-1.055,0.176,0.690,0.088,0.439,0.088,0.088,0.176,0.088,0.088,0.527,0.264,0.006,6.4,12.00,33.0
92.7075,2118,16,move,8,92.7075,92.7150,0,0.088,0.439,0.264,0.176,0.527,0.088,-1.055,0.176,1.230,0.088,0.439,0.088,0.088,0.176,0.088,0.088,0.527,0.264,0.088,0.439,0.264,0.176,0.527,0.088,-1.055,0.176,0.439,0.088,0.439,0.088,0.088,0.176,0.088,0.088,0.527,0.264,0.006,6.4,12.00,33.0
92.7474,2119,16,move,8,92.7474,92.7552,0,0.088,0.439,0.264,0.176,0.527,0.088,-1.055,0.176,0.879,0.088,0.439,0.088,0.088,0.176,0.088,0.088,0.527,0.264,0.088,0.439,0.264,0.176,0.527,0.088,-1.055,0.176,0.189,0.088,0.439,0.088,0.088,0.176,0.088,0.088,0.527,0.264,0.006,6.4,12.00,33.0
92.7874,2120,16,move,8,92.7874,92.7956,0,0.088,0.439,0.264,0.176,0.527,0.088,-1.055,0.176,0.703,0.088,0.439,0.088,0.088,0.176,0.088,0.088,0.527,0.264,0.088,0.439,0.264,0.176,0.527,0.088,-1.055,0.176,-0.058,0.088,0.439,0.088,0.088,0.176,0.088,0.088,0.527,0.264,0.006,5.6,12.00,33.0
92.8271,2121,16,move,8,92.8271,92.8352,0,0.088,0.439,0.264,0.176,0.527,0.088,-1.055,0.176,0.439,0.088,0.439,0.088,0.088,0.176,0.088,0.088,0.527,0.264,0.088,0.439,0.264,0.176,0.527,0.088,-1.055,0.176,-0.297,0.088,0.439,0.088,0.088,0.176,0.088,0.088,0.527,0.264,0.006,5.6,12.00,33.0
92.8674,2122,16,move,8,92.8674,92.8754,0,0.088,0.439,0.264,0.176,0.527,0.088,-1.055,0.176,0.264,0.088,0.439,0.088,0.088,0.176,0.088,0.088,0.527,0.264,0.088,0.439,0.264,0.176,0.527,0.088,-1.055,0.176,-0.524,0.088,0.439,0.088,0.088,0.176,0.088,0.088,0.527,0.264,0.006,5.6,12.00,33.0
92.9072,2123,16,move,8,92.9072,92.9155,0,0.088,0.439,0.264,0.176,0.527,0.088,-1.055,0.176,0.000,0.088,0.439,0.088,0.088,0.176,0.088,0.088,0.527,0.264,0.088,0.439,0.264,0.176,0.527,0.088,-1.055,0.176,-0.736,0.088,0.439,0.088,0.088,0.176,0.088,0.088,0.527,0.264,0.013,6.8,12.00,33.0
92.9474,2124,16,move,8,92.9474,92.9554,0,0.088,0.439,0.264,0.176,0.527,0.088,-1.055,0.176,-0.176,0.088,0.439,0.088,0.088,0.176,0.088,0.088,0.527,0.264,0.088,0.439,0.264,0.176,0.527,0.088,-1.055,0.176,-0.930,0.088,0.439,0.088,0.088,0.176,0.088,0.088,0.527,0.264,0.013,6.8,12.00,33.0
92.9874,2125,16,move,8,92.9874,92.9955,0,0.088,0.439,0.264,0.176,0.527,0.088,-1.055,0.176,-0.352,0.088,0.439,0.088,0.088,0.176,0.088,0.088,0.527,0.264,0.088,0.439,0.264,0.176,0.527,0.088,-1.055,0.176,-1.102,0.088,0.439,0.088,0.088,0.176,0.088,0.088,0.527,0.264,0.013,6.8,12.00,33.0
93.0274,2126,16,move,8,93.0274,93.0354,0,0.088,0.439,0.264,0.176,0.527,0.088,-1.055,0.176,-0.527,0.088,0.439,0.088,0.088,0.176,0.088,0.088,0.527,0.264,0.088,0.439,0.264,0.176,0.527,0.088,-1.055,0.176,-1.249,0.088,0.439,0.088,0.088,0.176,0.088,0.088,0.527,0.264,0.013,6.0,12.00,33.0
93.0674,2127,16,move,8,93.0674,93.0755,0,0.088,0.439,0.264,0.176,0.527,0.088,-1.055,0.176,-0.791,0.088,0.439,0.088,0.088,0.176,0.088,0.088,0.527,0.264,0.088,0.439,0.264,0.176,0.527,0.088,-1.055,0.176,-1.370,0.088,0.439,0.088,0.088,0.176,0.088,0.088,0.527,0.264,0.013,6.0,12.00,33.0
93.1074,2128,16,move,8,93.1074,93.1156,0,0.088,0.439,0.264,0.176,0.527,0.088,-1.055,0.176,-0.791,0.088,0.439,0.088,0.088,0.176,0.088,0.088,0.527,0.264,0.088,0.439,0.264,0.176,0.527,0.088,-1.055,0.176,-1.463,0.088,0.439,0.088,0.088,0.176,0.088,0.088,0.527,0.264,0.013,6.0,12.00,33.0
93.1474,2129,16,move,8,93.1474,93.1555,0,0.088,0.439,0.264,0.176,0.527,0.088,-1.055,0.176,-0.967,0.088,0.439,0.088,0.088,0.176,0.088,0.088,0.527,0.264,0.088,0.439,0.264,0.176,0.527,0.088,-1.055,0.176,-1.525,0.088,0.439,0.088,0.088,0.176,0.088,0.088,0.527,0.264,0.013,5.2,12.00,33.0
93.1874,2130,16,move,8,93.1874,93.1954,0,0.088,0.439,0.264,0.176,0.527,0.088,-1.055,0.176,-0.967,0.088,0.439,0.088,0.088,0.176,0.088,0.088,0.527,0.264,0.088,0.439,0.264,0.176,0.527,0.088,-1.055,0.176,-1.557,0.088,0.439,0.088,0.088,0.176,0.088,0.088,0.527,0.264,0.013,5.2,12.00,33.0
93.2272,2131,16,move,8,93.2272,93.2354,0,0.088,0.439,0.264,0.176,0.527,0.088,-1.055,0.176,-1.055,0.088,0.439,0.088,0.088,0.176,0.088,0.088,0.527,0.264,0.088,0.439,0.264,0.176,0.527,0.088,-1.055,0.176,-1.557,0.088,0.439,0.088,0.088,0.176,0.088,0.088,0.527,0.264,0.013,5.2,12.00,33.0
93.2674,2132,16,move,8,93.2674,93.2755,0,0.088,0.439,0.264,0.176,0.527,0.088,-1.055,0.176,-1.143,0.088,0.439,0.088,0.088,0.176,0.088,0.088,0.527,0.264,0.088,0.439,0.264,0.176,0.527,0.088,-1.055,0.176,-1.525,0.088,0.439,0.088,0.088,0.176,0.088,0.088,0.527,0.264,0.013,4.8,12.00,33.0
93.3074,2133,16,move,8,93.3074,93.3158,0,0.088,0.439,0.264,0.176,0.527,0.088,-1.055,0.176,-1.143,0.088,0.439,0.088,0.088,0.176,0.088,0.088,0.527,0.264,0.088,0.439,0.264,0.176,0.527,0.088,-1.055,0.176,-1.463,0.088,0.439,0.088,0.088,0.176,0.088,0.088,0.527,0.264,0.013,4.8,12.00,33.0
93.3474,2134,16,move,8,93.3474,93.3556,0,0.088,0.439,0.264,0.176,0.527,0.088,-1.055,0.176,-1.143,0.088,0.439,0.088,0.088,0.176,0.088,0.088,0.527,0.264,0.088,0.439,0.264,0.176,0.527,0.088,-1.055,0.176,-1.370,0.088,0.439,0.088,0.088,0.176,0.088,0.088,0.527,0.264,0.013,4.8,12.00,33.0
93.3874,2135,16,move,8,93.3874,93.3954,0,0.088,0.439,0.264,0.176,0.527,0.088,-1.055,0.176,-1.143,0.088,0.439,0.088,0.088,0.176,0.088,0.088,0.527,0.264,0.088,0.439,0.264,0.176,0.527,0.088,-1.055,0.176,-1.249,0.088,0.439,0.088,0.088,0.176,0.088,0.088,0.527,0.264,0.000,3.2,12.00,33.0
93.4274,2136,16,move,8,93.4274,93.4356,0,0.088,0.439,0.264,0.176,0.527,0.088,-1.055,0.176,-1.143,0.088,0.439,0.088,0.088,0.176,0.088,0.088,0.527,0.264,0.088,0.439,0.264,0.176,0.527,0.088,-1.055,0.176,-1.102,0.088,0.439,0.088,0.088,0.176,0.088,0.088,0.527,0.264,0.000,3.2,12.00,33.0
93.4674,2137,16,move,8,93.4674,93.4755,0,0.088,0.439,0.264,0.176,0.527,0.088,-1.055,0.176,-1.143,0.088,0.439,0.088,0.088,0.176,0.088,0.088,0.527,0.264,0.088,0.439,0.264,0.176,0.527,0.088,-1.055,0.176,-0.930,0.088,0.439,0.088,0.088,0.176,0.088,0.088,0.527,0.264,0.000,3.2,12.00,33.0
93.5074,2138,16,move,8,93.5074,93.5156,0,0.088,0.439,0.264,0.176,0.527,0.088,-1.055,0.176,-1.143,0.088,0.439,0.088,0.088,0.176,0.088,0.088,0.527,0.264,0.088,0.439,0.264,0.176,0.527,0.088,-1.055,0.176,-0.736,0.088,0.439,0.088,0.088,0.176,0.088,0.088,0.527,0.264,0.000,2.8,12.00,33.0
93.5474,2139,16,move,8,93.5474,93.5555,0,0.088,0.439,0.264,0.176,0.527,0.088,-1.055,0.176,-0.967,0.088,0.439,0.088,0.088,0.176,0.088,0.088,0.527,0.264,0.088,0.439,0.264,0.176,0.527,0.088,-1.055,0.176,-0.524,0.088,0.439,0.088,0.088,0.176,0.088,0.088,0.527,0.264,0.000,2.8,12.00,33.0
93.5874,2140,16,move,8,93.5874,93.5956,0,0.088,0.439,0.264,0.176,0.527,0.088,-1.055,0.176,-0.791,0.088,0.439,0.088,0.088,0.176,0.088,0.088,0.527,0.264,0.088,0.439,0.264,0.176,0.527,0.088,-1.055,0.176,-0.297,0.088,0.439,0.088,0.088,0.176,0.088,0.088,0.527,0.264,0.000,2.8,12.00,33.0
93.6274,2141,16,move,8,93.6274,93.6356,0,0.088,0.439,0.264,0.176,0.527,0.088,-1.055,0.176,-0.615,0.088,0.439,0.088,0.088,0.176,0.088,0.088,0.527,0.264,0.088,0.439,0.264,0.176,0.527,0.088,-1.055,0.176,-0.058,0.088,0.439,0.088,0.088,0.176,0.088,0.088,0.527,0.264,0.000,4.0,12.00,33.0
93.6672,2142,16,move,8,93.6672,93.6748,0,0.088,0.439,0.264,0.176,0.527,0.088,-1.055,0.176,-0.439,0.088,0.439,0.088,0.088,0.176,0.088,0.088,0.527,0.264,0.088,0.439,0.264,0.176,0.527,0.088,-1.055,0.176,0.189,0.088,0.439,0.088,0.088,0.176,0.088,0.088,0.527,0.264,0.000,4.0,12.00,33.0
93.7072,2143,16,move,8,93.7072,93.7153,0,0.088,0.439,0.264,0.176,0.527,0.088,-1.055,0.176,-0.264,0.088,0.439,0.088,0.088,0.176,0.088,0.088,0.527,0.264,0.088,0.439,0.264,0.176,0.527,0.088,-1.055,0.176,0.439,0.088,0.439,0.088,0.088,0.176,0.088,0.088,0.527,0.264,0.000,4.0,12.00,33.0
93.7474,2144,16,move,8,93.7474,93.7556,0,0.088,0.439,0.264,0.176,0.527,0.088,-1.055,0.176,-0.088,0.088,0.439,0.088,0.088,0.176,0.088,0.088,0.527,0.264,0.088,0.439,0.264,0.176,0.527,0.088,-1.055,0.176,0.690,0.088,0.439,0.088,0.088,0.176,0.088,0.088,0.527,0.264,0.006,4.8,12.00,33.0
93.7874,2145,16,move,8,93.7874,93.7955,0,0.088,0.439,0.264,0.176,0.527,0.088,-1.055,0.176,-0.088,0.088,0.439,0.088,0.088,0.176,0.088,0.088,0.527,0.264,0.088,0.439,0.264,0.176,0.527,0.088,-1.055,0.176,0.937,0.088,0.439,0.088,0.088,0.176,0.088,0.088,0.527,0.264,0.006,4.8,12.00,33.0
93.8274,2146,16,move,8,93.8274,93.8355,0,0.088,0.439,0.264,0.176,0.527,0.088,-1.055,0.176,0.264,0.088,0.439,0.088,0.088,0.176,0.088,0.088,0.527,0.264,0.088,0.439,0.264,0.176,0.527,0.088,-1.055,0.176,1.176,0.088,0.439,0.088,0.088,0.176,0.088,0.088,0.527,0.264,0.006,4.8,12.00,33.0
93.8674,2147,16,move,8,93.8674,93.8759,0,0.088,0.439,0.264,0.176,0.527,0.088,-1.055,0.176,0.615,0.088,0.439,0.088,0.088,0.176,0.088,0.088,0.527,0.264,0.088,0.439,0.264,0.176,0.527,0.088,-1.055,0.176,1.403,0.088,0.439,0.088,0.088,0.176,0.088,0.088,0.527,0.264,0.000,4.8,12.00,33.0
93.9071,2148,16,move,8,93.9071,93.9152,0,0.088,0.439,0.264,0.176,0.527,0.088,-1.055,0.176,0.879,0.088,0.439,0.088,0.088,0.176,0.088,0.088,0.527,0.264,0.088,0.439,0.264,0.176,0.527,0.088,-1.055,0.176,1.615,0.088,0.439,0.088,0.088,0.176,0.088,0.088,0.527,0.264,0.000,4.8,12.00,33.0
93.9474,2149,16,move,8,93.9474,93.9555,0,0.088,0.439,0.264,0.176,0.527,0.088,-1.055,0.176,1.143,0.088,0.439,0.088,0.088,0.176,0.088,0.088,0.527,0.264,0.088,0.439,0.264,0.176,0.527,0.088,-1.055,0.176,1.809,0.088,0.439,0.088,0.088,0.176,0.088,0.088,0.527,0.264,0.000,4.8,12.00,33.0
93.9874,2150,16,move,8,93.9874,93.9956,0,0.088,0.439,0.264,0.176,0.527,0.088,-1.055,0.176,1.230,0.088,0.439,0.088,0.088,0.176,0.088,0.088,0.527,0.264,0.088,0.439,0.264,0.176,0.527,0.088,-1.055,0.176,1.980,0.088,0.439,0.088,0.088,0.176,0.088,0.088,0.527,0.264,0.013,6.8,12.00,33.0
94.0274,2151,16,move,8,94.0274,94.0355,0,0.088,0.439,0.264,0.176,0.527,0.088,-1.055,0.176,1.494,0.088,0.439,0.088,0.088,0.176,0.088,0.088,0.527,0.264,0.088,0.439,0.264,0.176,0.527,0.088,-1.055,0.176,2.128,0.088,0.439,0.088,0.088,0.176,0.088,0.088,0.527,0.264,0.013,6.8,12.00,33.0
94.0674,2152,16,move,8,94.0674,94.0757,0,0.088,0.439,0.264,0.176,0.527,0.088,-1.055,0.176,1.758,0.088,0.439,0.088,0.088,0.176,0.088,0.088,0.527,0.264,0.088,0.439,0.264,0.176,0.527,0.088,-1.055,0.176,2.249,0.088,0.439,0.088,0.088,0.176,0.088,0.088,0.527,0.264,0.013,6.8,12.00,33.0
94.1074,2153,16,move,8,94.1074,94.1157,0,0.088,0.439,0.264,0.176,0.527,0.088,-1.055,0.176,1.758,0.088,0.439,0.088,0.088,0.176,0.088,0.088,0.527,0.264,0.088,0.439,0.264,0.176,0.527,0.088,-1.055,0.176,2.342,0.088,0.439,0.088,0.088,0.176,0.088,0.088,0.527,0.264,0.013,6.0,12.00,45.0
94.1474,2154,16,move,8,94.1474,94.1553,0,0.088,0.439,0.264,0.176,0.527,0.088,-1.055,0.176,1.934,0.088,0.439,0.088,0.088,0.176,0.088,0.088,0.527,0.264,0.088,0.439,0.264,0.176,0.527,0.088,-1.055,0.176,2.404,0.088,0.439,0.088,0.088,0.176,0.088,0.088,0.527,0.264,0.013,6.0,12.00,45.0
94.1874,2155,16,move,8,94.1874,94.1956,0,0.088,0.439,0.264,0.176,0.527,0.088,-1.055,0.176,2.021,0.088,0.439,0.088,0.088,0.176,0.088,0.088,0.527,0.264,0.088,0.439,0.264,0.176,0.527,0.088,-1.055,0.176,2.436,0.088,0.439,0.088,0.088,0.176,0.088,0.088,0.527,0.264,0.013,6.0,12.00,45.0
94.2272,2156,16,move,8,94.2272,94.2354,0,0.088,0.439,0.264,0.176,0.527,0.088,-1.055,0.176,2.021,0.088,0.439,0.088,0.088,0.176,0.088,0.088,0.527,0.264,0.088,0.439,0.264,0.176,0.527,0.088,-1.055,0.176,2.436,0.088,0.439,0.088,0.088,0.176,0.088,0.088,0.527,0.264,0.006,5.2,12.00,33.0
94.2672,2157,16,move,8,94.2672,94.2758,0,0.088,0.439,0.264,0.176,0.527,0.088,-1.055,0.176,2.109,0.088,0.439,0.088,0.088,0.176,0.088,0.088,0.527,0.264,0.088,0.439,0.264,0.176,0.527,0.088,-1.055,0.176,2.404,0.088,0.439,0.088,0.088,0.176,0.088,0.088,0.527,0.264,0.006,5.2,12.00,33.0
94.3071,2158,16,move,8,94.3071,94.3158,0,0.088,0.439,0.264,0.176,0.527,0.088,-1.055,0.176,2.197,0.088,0.439,0.088,0.088,0.176,0.088,0.088,0.527,0.264,0.088,0.439,0.264,0.176,0.527,0.088,-1.055,0.176,2.342,0.088,0.439,0.088,0.088,0.176,0.088,0.088,0.527,0.264,0.006,5.2,12.00,33.0
94.3472,2159,16,move,8,94.3472,94.3560,0,0.088,0.439,0.264,0.176,0.527,0.088,-1.055,0.176,2.197,0.088,0.439,0.088,0.088,0.176,0.088,0.088,0.527,0.264,0.088,0.439,0.264,0.176,0.527,0.088,-1.055,0.176,2.249,0.088,0.439,0.088,0.088,0.176,0.088,0.088,0.527,0.264,0.000,0.0,12.00,33.0
94.3874,2160,16,move,8,94.3874,94.3959,0,0.088,0.439,0.264,0.176,0.527,0.088,-1.055,0.176,2.197,0.088,0.439,0.088,0.088,0.176,0.088,0.088,0.527,0.264,0.088,0.439,0.264,0.176,0.527,0.088,-1.055,0.176,2.128,0.088,0.439,0.088,0.088,0.176,0.088,0.088,0.527,0.264,0.000,0.0,12.00,33.0
94.4274,2161,16,move,8,94.4274,94.4358,0,0.088,0.439,0.264,0.176,0.527,0.088,-1.055,0.176,2.197,0.088,0.439,0.088,0.088,0.176,0.088,0.088,0.527,0.264,0.088,0.439,0.264,0.176,0.527,0.088,-1.055,0.176,1.980,0.088,0.439,0.088,0.088,0.176,0.088,0.088,0.527,0.264,0.000,0.0,12.00,33.0
94.4674,2162,16,move,8,94.4674,94.4762,0,0.088,0.439,0.264,0.176,0.527,0.088,-1.055,0.176,2.197,0.088,0.439,0.088,0.088,0.176,0.088,0.088,0.527,0.264,0.088,0.439,0.264,0.176,0.527,0.088,-1.055,0.176,1.809,0.088,0.439,0.088,0.088,0.176,0.088,0.088,0.527,0.264,0.000,3.2,12.00,33.0
94.5071,2163,16,move,8,94.5071,94.5158,0,0.088,0.439,0.264,0.176,0.527,0.088,-1.055,0.176,2.109,0.088,0.439,0.088,0.088,0.176,0.088,0.088,0.527,0.264,0.088,0.439,0.264,0.176,0.527,0.088,-1.055,0.176,1.615,0.088,0.439,0.088,0.088,0.176,0.088,0.088,0.527,0.264,0.000,3.2,12.00,33.0
94.5474,2164,16,move,8,94.5474,94.5560,0,0.088,0.439,0.264,0.176,0.527,0.088,-1.055,0.176,1.846,0.088,0.439,0.088,0.088,0.176,0.088,0.088,0.527,0.264,0.088,0.439,0.264,0.176,0.527,0.088,-1.055,0.176,1.403,0.088,0.439,0.088,0.088,0.176,0.088,0.088,0.527,0.264,0.000,3.2,12.00,33.0
94.5874,2165,16,move,8,94.5874,94.5957,0,0.088,0.439,0.264,0.176,0.527,0.088,-1.055,0.176,1.758,0.088,0.439,0.088,0.088,0.176,0.088,0.088,0.527,0.264,0.088,0.439,0.264,0.176,0.527,0.088,-1.055,0.176,1.176,0.088,0.439,0.088,0.088,0.176,0.088,0.088,0.527,0.264,0.006,4.4,12.00,33.0
94.6274,2166,16,move,8,94.6274,94.6355,0,0.088,0.439,0.264,0.176,0.527,0.088,-1.055,0.176,1.670,0.088,0.439,0.088,0.088,0.176,0.088,0.088,0.527,0.264,0.088,0.439,0.264,0.176,0.527,0.088,-1.055,0.176,0.937,0.088,0.439,0.088,0.088,0.176,0.088,0.088,0.527,0.264,0.006,4.4,12.00,33.0
94.6672,2167,16,move,8,94.6672,94.6753,0,0.088,0.439,0.264,0.176,0.527,0.088,-1.055,0.176,1.494,0.088,0.439,0.088,0.088,0.176,0.088,0.088,0.527,0.264,0.088,0.439,0.264,0.176,0.527,0.088,-1.055,0.176,0.690,0.088,0.439,0.088,0.088,0.176,0.088,0.088,0.527,0.264,0.006,4.4,12.00,33.0
94.7074,2168,16,move,8,94.7074,94.7156,0,0.088,0.439,0.264,0.176,0.527,0.088,-1.055,0.176,1.143,0.088,0.439,0.088,0.088,0.176,0.088,0.088,0.527,0.264,0.088,0.439,0.264,0.176,0.527,0.088,-1.055,0.176,0.439,0.088,0.439,0.088,0.088,0.176,0.088,0.088,0.527,0.264,0.006,5.2,12.00,33.0
94.7474,2169,16,move,8,94.7474,94.7555,0,0.088,0.439,0.264,0.176,0.527,0.088,-1.055,0.176,0.879,0.088,0.439,0.088,0.088,0.176,0.088,0.088,0.527,0.264,0.088,0.439,0.264,0.176,0.527,0.088,-1.055,0.176,0.189,0.088,0.439,0.088,0.088,0.176,0.088,0.088,0.527,0.264,0.006,5.2,12.00,33.0
94.7872,2170,16,move,8,94.7872,94.7953,0,0.088,0.439,0.264,0.176,0.527,0.088,-1.055,0.176,0.703,0.088,0.439,0.088,0.088,0.176,0.088,0.088,0.527,0.264,0.088,0.439,0.264,0.176,0.527,0.088,-1.055,0.176,-0.058,0.088,0.439,0.088,0.088,0.176,0.088,0.088,0.527,0.264,0.006,5.2,12.00,33.0
94.8274,2171,16,move,8,94.8274,94.8356,0,0.088,0.439,0.264,0.176,0.527,0.088,-1.055,0.176,0.439,0.088,0.439,0.088,0.088,0.176,0.088,0.088,0.527,0.264,0.088,0.439,0.264,0.176,0.527,0.088,-1.055,0.176,-0.297,0.088,0.439,0.088,0.088,0.176,0.088,0.088,0.527,0.264,0.006,6.0,12.00,33.0
94.8674,2172,16,move,8,94.8674,94.8754,0,0.088,0.439,0.264,0.176,0.527,0.088,-1.055,0.176,0.264,0.088,0.439,0.088,0.088,0.176,0.088,0.088,0.527,0.264,0.088,0.439,0.264,0.176,0.527,0.088,-1.055,0.176,-0.524,0.088,0.439,0.088,0.088,0.176,0.088,0.088,0.527,0.264,0.006,6.0,12.00,33.0
94.9072,2173,16,move,8,94.9072,94.9153,0,0.088,0.439,0.264,0.176,0.527,0.088,-1.055,0.176,0.000,0.088,0.439,0.088,0.088,0.176,0.088,0.088,0.527,0.264,0.088,0.439,0.264,0.176,0.527,0.088,-1.055,0.176,-0.736,0.088,0.439,0.088,0.088,0.176,0.088,0.088,0.527,0.264,0.006,6.0,12.00,33.0
94.9474,2174,16,move,8,94.9474,94.9555,0,0.088,0.439,0.264,0.176,0.527,0.088,-1.055,0.176,-0.176,0.088,0.439,0.088,0.088,0.176,0.088,0.088,0.527,0.264,0.088,0.439,0.264,0.176,0.527,0.088,-1.055,0.176,-0.930,0.088,0.439,0.088,0.088,0.176,0.088,0.088,0.527,0.264,0.013,6.4,12.00,33.0
94.9872,2175,16,move,8,94.9872,94.9963,0,0.088,0.439,0.264,0.176,0.527,0.088,-1.055,0.176,-0.439,0.088,0.439,0.088,0.088,0.176,0.088,0.088,0.527,0.264,0.088,0.439,0.264,0.176,0.527,0.088,-1.055,0.176,-1.102,0.088,0.439,0.088,0.088,0.176,0.088,0.088,0.527,0.264,0.013,6.4,12.00,33.0
95.0272,2176,16,move,8,95.0272,95.0357,0,0.088,0.439,0.264,0.176,0.527,0.088,-1.055,0.176,-0.615,0.088,0.439,0.088,0.088,0.176,0.088,0.088,0.527,0.264,0.088,0.439,0.264,0.176,0.527,0.088,-1.055,0.176,-1.249,0.088,0.439,0.088,0.088,0.176,0.088,0.088,0.527,0.264,0.013,6.4,12.00,33.0
95.0674,2177,16,move,8,95.0674,95.0756,0,0.088,0.439,0.264,0.176,0.527,0.088,-1.055,0.176,-0.791,0.088,0.439,0.088,0.088,0.176,0.088,0.088,0.527,0.264,0.088,0.439,0.264,0.176,0.527,0.088,-1.055,0.176,-1.370,0.088,0.439,0.088,0.088,0.176,0.088,0.088,0.527,0.264,0.013,4.8,12.00,33.0
95.1074,2178,16,move,8,95.1074,95.1155,0,0.088,0.439,0.264,0.176,0.527,0.088,-1.055,0.176,-0.791,0.088,0.439,0.088,0.088,0.176,0.088,0.088,0.527,0.264,0.088,0.439,0.264,0.176,0.527,0.088,-1.055,0.176,-1.463,0.088,0.439,0.088,0.088,0.176,0.088,0.088,0.527,0.264,0.013,4.8,12.00,33.0
95.1474,2179,16,move,8,95.1474,95.1556,0,0.088,0.439,0.264,0.176,0.527,0.088,-1.055,0.176,-0.967,0.088,0.439,0.088,0.088,0.176,0.088,0.088,0.527,0.264,0.088,0.439,0.264,0.176,0.527,0.088,-1.055,0.176,-1.525,0.088,0.439,0.088,0.088,0.176,0.088,0.088,0.527,0.264,0.013,4.8,12.00,33.0
95.1874,2180,16,move,8,95.1874,95.1956,0,0.088,0.439,0.264,0.176,0.527,0.088,-1.055,0.176,-1.055,0.088,0.439,0.088,0.088,0.176,0.088,0.088,0.527,0.264,0.088,0.439,0.264,0.176,0.527,0.088,-1.055,0.176,-1.557,0.088,0.439,0.088,0.088,0.176,0.088,0.088,0.527,0.264,0.013,5.2,12.00,33.0
95.2272,2181,16,move,8,95.2272,95.2356,0,0.088,0.439,0.264,0.176,0.527,0.088,-1.055,0.176,-1.055,0.088,0.439,0.088,0.088,0.176,0.088,0.088,0.527,0.264,0.088,0.439,0.264,0.176,0.527,0.088,-1.055,0.176,-1.557,0.088,0.439,0.088,0.088,0.176,0.088,0.088,0.527,0.264,0.013,5.2,12.00,33.0
95.2674,2182,16,move,8,95.2674,95.2760,0,0.088,0.439,0.264,0.176,0.527,0.088,-1.055,0.176,-1.143,0.088,0.439,0.088,0.088,0.176,0.088,0.088,0.527,0.264,0.088,0.439,0.264,0.176,0.527,0.088,-1.055,0.176,-1.525,0.088,0.439,0.088,0.088,0.176,0.088,0.088,0.527,0.264,0.013,5.2,12.00,33.0
95.3074,2183,16,move,8,95.3074,95.3161,0,0.088,0.439,0.264,0.176,0.527,0.088,-1.055,0.176,-1.143,0.088,0.439,0.088,0.088,0.176,0.088,0.088,0.527,0.264,0.088,0.439,0.264,0.176,0.527,0.088,-1.055,0.176,-1.463,0.088,0.439,0.088,0.088,0.176,0.088,0.088,0.527,0.264,0.006,3.6,12.00,33.0
95.3474,2184,16,move,8,95.3474,95.3569,0,0.088,0.439,0.264,0.176,0.527,0.088,-1.055,0.176,-1.143,0.088,0.439,0.088,0.088,0.176,0.088,0.088,0.527,0.264,0.088,0.439,0.264,0.176,0.527,0.088,-1.055,0.176,-1.370,0.088,0.439,0.088,0.088,0.176,0.088,0.088,0.527,0.264,0.006,3.6,12.00,33.0
95.3874,2185,16,move,8,95.3874,95.3955,0,0.088,0.439,0.264,0.176,0.527,0.088,-1.055,0.176,-1.143,0.088,0.439,0.088,0.088,0.176,0.088,0.088,0.527,0.264,0.088,0.439,0.264,0.176,0.527,0.088,-1.055,0.176,-1.249,0.088,0.439,0.088,0.088,0.176,0.088,0.088,0.527,0.264,0.006,3.6,12.00,33.0
95.4272,2186,16,move,8,95.4272,95.4354,0,0.088,0.439,0.264,0.176,0.527,0.088,-1.055,0.176,-1.143,0.088,0.439,0.088,0.088,0.176,0.088,0.088,0.527,0.264,0.088,0.439,0.264,0.176,0.527,0.088,-1.055,0.176,-1.102,0.088,0.439,0.088,0.088,0.176,0.088,0.088,0.527,0.264,0.000,2.0,12.00,33.0
95.4672,2187,16,move,8,95.4672,95.4752,0,0.088,0.439,0.264,0.176,0.527,0.088,-1.055,0.176,-1.143,0.088,0.439,0.088,0.088,0.176,0.088,0.088,0.527,0.264,0.088,0.439,0.264,0.176,0.527,0.088,-1.055,0.176,-0.930,0.088,0.439,0.088,0.088,0.176,0.088,0.088,0.527,0.264,0.000,2.0,12.00,33.0
95.5072,2188,16,move,8,95.5072,95.5152,0,0.088,0.439,0.264,0.176,0.527,0.088,-1.055,0.176,-1.143,0.088,0.439,0.088,0.088,0.176,0.088,0.088,0.527,0.264,0.088,0.439,0.264,0.176,0.527,0.088,-1.055,0.176,-0.736,0.088,0.439,0.088,0.088,0.176,0.088,0.088,0.527,0.264,0.000,2.0,12.00,33.0
95.5474,2189,16,move,8,95.5474,95.5557,0,0.088,0.439,0.264,0.176,0.527,0.088,-1.055,0.176,-1.055,0.088,0.439,0.088,0.088,0.176,0.088,0.088,0.527,0.264,0.088,0.439,0.264,0.176,0.527,0.088,-1.055,0.176,-0.524,0.088,0.439,0.088,0.088,0.176,0.088,0.088,0.527,0.264,0.000,3.6,12.00,33.0
95.5872,2190,16,move,8,95.5872,95.5950,0,0.088,0.439,0.264,0.176,0.527,0.088,-1.055,0.176,-0.791,0.088,0.439,0.088,0.088,0.176,0.088,0.088,0.527,0.264,0.088,0.439,0.264,0.176,0.527,0.088,-1.055,0.176,-0.297,0.088,0.439,0.088,0.088,0.176,0.088,0.088,0.527,0.264,0.000,3.6,12.00,33.0
95.6272,2191,16,move,8,95.6272,95.6352,0,0.088,0.439,0.264,0.176,0.527,0.088,-1.055,0.176,-0.615,0.088,0.439,0.088,0.088,0.176,0.088,0.088,0.527,0.264,0.088,0.439,0.264,0.176,0.527,0.088,-1.055,0.176,-0.058,0.088,0.439,0.088,0.088,0.176,0.088,0.088,0.527,0.264,0.000,3.6,12.00,33.0
95.6672,2192,16,move,8,95.6672,95.6752,0,0.088,0.439,0.264,0.176,0.527,0.088,-1.055,0.176,-0.439,0.088,0.439,0.088,0.088,0.176,0.088,0.088,0.527,0.264,0.088,0.439,0.264,0.176,0.527,0.088,-1.055,0.176,0.189,0.088,0.439,0.088,0.088,0.176,0.088,0.088,0.527,0.264,0.006,4.0,12.00,33.0
95.7072,2193,16,rest,8,95.7072,95.7162,0,0.088,0.439,0.264,0.176,0.527,0.088,-1.055,0.176,-0.264,0.088,0.439,0.088,0.088,0.176,0.088,0.088,0.527,0.264,0.088,0.439,0.264,0.176,0.527,0.088,-1.055,0.176,0.439,0.088,0.439,0.088,0.088,0.176,0.088,0.088,0.527,0.264,0.006,4.0,12.00,33.0
95.7474,2194,16,rest,8,95.7474,95.7556,0,0.088,0.439,0.264,0.176,0.527,0.088,-1.055,0.176,-0.088,0.088,0.439,0.088,0.088,0.176,0.088,0.088,0.527,0.264,0.088,0.439,0.264,0.176,0.527,0.088,-1.055,0.176,0.439,0.088,0.439,0.088,0.088,0.176,0.088,0.088,0.527,0.264,0.006,4.0,12.00,33.0
95.7874,2195,16,rest,8,95.7874,95.7956,0,0.088,0.439,0.264,0.176,0.527,0.088,-1.055,0.176,-0.088,0.088,0.439,0.088,0.088,0.176,0.088,0.088,0.527,0.264,0.088,0.439,0.264,0.176,0.527,0.088,-1.055,0.176,0.439,0.088,0.439,0.088,0.088,0.176,0.088,0.088,0.527,0.264,0.006,5.2,12.00,33.0
95.8274,2196,16,rest,8,95.8274,95.8357,0,0.088,0.439,0.264,0.176,0.527,0.088,-1.055,0.176,0.088,0.088,0.439,0.088,0.088,0.176,0.088,0.088,0.527,0.264,0.088,0.439,0.264,0.176,0.527,0.088,-1.055,0.176,0.439,0.088,0.439,0.088,0.088,0.176,0.088,0.088,0.527,0.264,0.006,5.2,12.00,33.0
95.8672,2197,16,rest,8,95.8672,95.8752,0,0.088,0.439,0.264,0.176,0.527,0.088,-1.055,0.176,0.176,0.088,0.439,0.088,0.088,0.176,0.088,0.088,0.527,0.264,0.088,0.439,0.264,0.176,0.527,0.088,-1.055,0.176,0.439,0.088,0.439,0.088,0.088,0.176,0.088,0.088,0.527,0.264,0.006,5.2,12.00,33.0
95.9072,2198,16,rest,8,95.9072,95.9154,0,0.088,0.439,0.264,0.176,0.527,0.088,-1.055,0.176,0.264,0.088,0.439,0.088,0.088,0.176,0.088,0.088,0.527,0.264,0.088,0.439,0.264,0.176,0.527,0.088,-1.055,0.176,0.439,0.088,0.439,0.088,0.088,0.176,0.088,0.088,0.527,0.264,0.000,2.0,12.00,33.0
95.9471,2199,16,rest,8,95.9471,95.9552,0,0.088,0.439,0.264,0.176,0.527,0.088,-1.055,0.176,0.264,0.088,0.439,0.088,0.088,0.176,0.088,0.088,0.527,0.264,0.088,0.439,0.264,0.176,0.527,0.088,-1.055,0.176,0.439,0.088,0.439,0.088,0.088,0.176,0.088,0.088,0.527,0.264,0.000,2.0,12.00,33.0
95.9874,2200,16,rest,8,95.9874,95.9957,0,0.088,0.439,0.264,0.176,0.527,0.088,-1.055,0.176,0.264,0.088,0.439,0.088,0.088,0.176,0.088,0.088,0.527,0.264,0.088,0.439,0.264,0.176,0.527,0.088,-1.055,0.176,0.439,0.088,0.439,0.088,0.088,0.176,0.088,0.088,0.527,0.264,0.000,2.0,12.00,33.0
96.0272,2201,16,rest,8,96.0272,96.0350,0,0.088,0.439,0.264,0.176,0.527,0.088,-1.055,0.176,0.264,0.088,0.439,0.088,0.088,0.176,0.088,0.088,0.527,0.264,0.088,0.439,0.264,0.176,0.527,0.088,-1.055,0.176,0.439,0.088,0.439,0.088,0.088,0.176,0.088,0.088,0.527,0.264,0.000,2.4,12.00,33.0
96.0672,2202,16,rest,8,96.0672,96.0750,0,0.088,0.439,0.264,0.176,0.527,0.088,-1.055,0.176,0.264,0.088,0.439,0.088,0.088,0.176,0.088,0.088,0.527,0.264,0.088,0.439,0.264,0.176,0.527,0.088,-1.055,0.176,0.439,0.088,0.439,0.088,0.088,0.176,0.088,0.088,0.527,0.264,0.000,2.4,12.00,33.0
96.1074,2203,16,rest,8,96.1074,96.1156,0,0.088,0.439,0.264,0.176,0.527,0.088,-1.055,0.176,0.264,0.088,0.439,0.088,0.088,0.176,0.088,0.088,0.527,0.264,0.088,0.439,0.264,0.176,0.527,0.088,-1.055,0.176,0.439,0.088,0.439,0.088,0.088,0.176,0.088,0.088,0.527,0.264,0.000,2.4,12.00,33.0
96.1474,2204,16,rest,8,96.1474,96.1555,0,0.088,0.439,0.264,0.176,0.527,0.088,-1.055,0.176,0.264,0.088,0.439,0.088,0.088,0.176,0.088,0.088,0.527,0.264,0.088,0.439,0.264,0.176,0.527,0.088,-1.055,0.176,0.439,0.088,0.439,0.088,0.088,0.176,0.088,0.088,0.527,0.264,0.006,2.4,12.00,33.0
96.1874,2205,16,rest,8,96.1874,96.1954,0,0.088,0.439,0.264,0.176,0.527,0.088,-1.055,0.176,0.264,0.088,0.439,0.088,0.088,0.176,0.088,0.088,0.527,0.264,0.088,0.439,0.264,0.176,0.527,0.088,-1.055,0.176,0.439,0.088,0.439,0.088,0.088,0.176,0.088,0.088,0.527,0.264,0.006,2.4,12.00,33.0
96.2274,2206,16,rest,8,96.2274,96.2355,0,0.088,0.439,0.264,0.176,0.527,0.088,-1.055,0.176,0.264,0.088,0.439,0.088,0.088,0.176,0.088,0.088,0.527,0.264,0.088,0.439,0.264,0.176,0.527,0.088,-1.055,0.176,0.439,0.088,0.439,0.088,0.088,0.176,0.088,0.088,0.527,0.264,0.006,2.4,12.00,33.0
96.2671,2207,16,rest,8,96.2671,96.2752,0,0.088,0.439,0.264,0.176,0.527,0.088,-1.055,0.176,0.264,0.088,0.439,0.088,0.088,0.176,0.088,0.088,0.527,0.264,0.088,0.439,0.264,0.176,0.527,0.088,-1.055,0.176,0.439,0.088,0.439,0.088,0.088,0.176,0.088,0.088,0.527,0.264,0.006,2.4,12.00,33.0
96.3074,2208,16,rest,8,96.3074,96.3156,0,0.088,0.439,0.264,0.176,0.527,0.088,-1.055,0.176,0.264,0.088,0.439,0.088,0.088,0.176,0.088,0.088,0.527,0.264,0.088,0.439,0.264,0.176,0.527,0.088,-1.055,0.176,0.439,0.088,0.439,0.088,0.088,0.176,0.088,0.088,0.527,0.264,0.006,2.4,12.00,33.0
96.3474,2209,16,rest,8,96.3474,96.3554,0,0.088,0.439,0.264,0.176,0.527,0.088,-1.055,0.176,0.264,0.088,0.439,0.088,0.088,0.176,0.088,0.088,0.527,0.264,0.088,0.439,0.264,0.176,0.527,0.088,-1.055,0.176,0.439,0.088,0.439,0.088,0.088,0.176,0.088,0.088,0.527,0.264,0.006,2.4,12.00,33.0
96.3872,2210,16,rest,8,96.3872,96.3952,0,0.088,0.439,0.264,0.176,0.527,0.088,-1.055,0.176,0.264,0.088,0.439,0.088,0.088,0.176,0.088,0.088,0.527,0.264,0.088,0.439,0.264,0.176,0.527,0.088,-1.055,0.176,0.439,0.088,0.439,0.088,0.088,0.176,0.088,0.088,0.527,0.264,0.000,2.4,12.00,33.0
96.4272,2211,16,rest,8,96.4272,96.4352,0,0.088,0.439,0.264,0.176,0.527,0.088,-1.055,0.176,0.264,0.088,0.439,0.088,0.088,0.176,0.088,0.088,0.527,0.264,0.088,0.439,0.264,0.176,0.527,0.088,-1.055,0.176,0.439,0.088,0.439,0.088,0.088,0.176,0.088,0.088,0.527,0.264,0.000,2.4,12.00,33.0
96.4672,2212,16,rest,8,96.4672,96.4752,0,0.088,0.439,0.264,0.176,0.527,0.088,-1.055,0.176,0.264,0.088,0.439,0.088,0.088,0.176,0.088,0.088,0.527,0.264,0.088,0.439,0.264,0.176,0.527,0.088,-1.055,0.176,0.439,0.088,0.439,0.088,0.088,0.176,0.088,0.088,0.527,0.264,0.000,2.4,12.00,33.0
96.5123,2213,17,pre,8,96.5123,96.5201,0,0.088,0.439,0.264,0.176,0.527,0.088,-1.055,0.176,0.264,0.088,0.439,0.088,0.088,0.176,0.088,0.088,0.527,0.264,0.088,0.439,0.264,0.176,0.527,0.088,-1.055,0.176,0.264,0.088,0.439,0.088,0.088,0.176,0.088,0.088,0.527,0.264,0.000,2.0,12.00,33.0
96.5471,2214,17,pre,8,96.5471,96.5552,0,0.088,0.439,0.264,0.176,0.527,0.088,-1.055,0.176,0.264,0.088,0.439,0.088,0.088,0.176,0.088,0.088,0.527,0.264,0.088,0.439,0.264,0.176,0.527,0.088,-1.055,0.176,0.264,0.088,0.439,0.088,0.088,0.176,0.088,0.088,0.527,0.264,0.000,2.0,12.00,33.0
96.5872,2215,17,pre,8,96.5872,96.6050,0,0.088,0.439,0.264,0.176,0.527,0.088,-1.055,0.176,0.264,0.088,0.439,0.088,0.088,0.176,0.088,0.088,0.527,0.264,0.088,0.439,0.264,0.176,0.527,0.088,-1.055,0.176,0.264,0.088,0.439,0.088,0.088,0.176,0.088,0.088,0.527,0.264,0.000,2.0,12.00,33.0
96.6272,2216,17,pre,8,96.6272,96.6357,0,0.088,0.439,0.264,0.176,0.527,0.088,-1.055,0.176,0.264,0.088,0.439,0.088,0.088,0.176,0.088,0.088,0.527,0.264,0.088,0.439,0.264,0.176,0.527,0.088,-1.055,0.176,0.264,0.088,0.439,0.088,0.088,0.176,0.088,0.088,0.527,0.264,0.000,0.0,12.00,33.0
96.6672,2217,17,pre,8,96.6672,96.6758,0,0.088,0.439,0.264,0.176,0.527,0.088,-1.055,0.176,0.264,0.088,0.439,0.088,0.088,0.176,0.088,0.088,0.527,0.264,0.088,0.439,0.264,0.176,0.527,0.088,-1.055,0.176,0.264,0.088,0.439,0.088,0.088,0.176,0.088,0.088,0.527,0.264,0.000,0.0,12.00,33.0
96.7072,2218,17,pre,8,96.7072,96.7155,0,0.088,0.439,0.264,0.176,0.527,0.088,-1.055,0.176,0.264,0.088,0.439,0.088,0.088,0.176,0.088,0.088,0.527,0.264,0.088,0.439,0.264,0.176,0.527,0.088,-1.055,0.176,0.264,0.088,0.439,0.088,0.088,0.176,0.088,0.088,0.527,0.264,0.000,0.0,12.00,33.0
96.7481,2219,17,pre,8,96.7481,96.7563,0,0.088,0.439,0.264,0.176,0.527,0.088,-1.055,0.176,0.264,0.088,0.439,0.088,0.088,0.176,0.088,0.088,0.527,0.264,0.088,0.439,0.264,0.176,0.527,0.088,-1.055,0.176,0.264,0.088,0.439,0.088,0.088,0.176,0.088,0.088,0.527,0.264,0.000,0.0,12.00,33.0
96.7872,2220,17,pre,8,96.7872,96.7960,0,0.088,0.439,0.264,0.176,0.527,0.088,-1.055,0.176,0.264,0.088,0.439,0.088,0.088,0.176,0.088,0.088,0.527,0.264,0.088,0.439,0.264,0.176,0.527,0.088,-1.055,0.176,0.264,0.088,0.439,0.088,0.088,0.176,0.088,0.088,0.527,0.264,0.000,0.0,12.00,33.0
96.8274,2221,17,pre,8,96.8274,96.8360,0,0.088,0.439,0.264,0.176,0.527,0.088,-1.055,0.176,0.264,0.088,0.439,0.088,0.088,0.176,0.088,0.088,0.527,0.264,0.088,0.439,0.264,0.176,0.527,0.088,-1.055,0.176,0.264,0.088,0.439,0.088,0.088,0.176,0.088,0.088,0.527,0.264,0.000,0.0,12.00,33.0
96.8672,2222,17,pre,8,96.8672,96.8758,0,0.088,0.439,0.264,0.176,0.527,0.088,-1.055,0.176,0.264,0.088,0.439,0.088,0.088,0.176,0.088,0.088,0.527,0.264,0.088,0.439,0.264,0.176,0.527,0.088,-1.055,0.176,0.264,0.088,0.439,0.088,0.088,0.176,0.088,0.088,0.527,0.264,0.000,0.0,12.00,33.0
96.9089,2223,17,pre,8,96.9089,96.9172,0,0.088,0.439,0.264,0.176,0.527,0.088,-1.055,0.176,0.264,0.088,0.439,0.088,0.088,0.176,0.088,0.088,0.527,0.264,0.088,0.439,0.264,0.176,0.527,0.088,-1.055,0.176,0.264,0.088,0.439,0.088,0.088,0.176,0.088,0.088,0.527,0.264,0.000,0.0,12.00,33.0
96.9471,2224,17,pre,8,96.9471,96.9556,0,0.088,0.439,0.264,0.176,0.527,0.088,-1.055,0.176,0.264,0.088,0.439,0.088,0.088,0.176,0.088,0.088,0.527,0.264,0.088,0.439,0.264,0.176,0.527,0.088,-1.055,0.176,0.264,0.088,0.439,0.088,0.088,0.176,0.088,0.088,0.527,0.264,0.000,0.0,12.00,33.0
96.9872,2225,17,pre,8,96.9872,96.9957,0,0.088,0.439,0.264,0.176,0.527,0.088,-1.055,0.176,0.264,0.088,0.439,0.088,0.088,0.176,0.088,0.088,0.527,0.264,0.088,0.439,0.264,0.176,0.527,0.088,-1.055,0.176,0.264,0.088,0.439,0.088,0.088,0.176,0.088,0.088,0.527,0.264,0.000,0.0,12.00,33.0
97.0272,2226,17,pre,8,97.0272,97.0358,0,0.088,0.439,0.264,0.176,0.527,0.088,-1.055,0.176,0.264,0.088,0.439,0.088,0.088,0.176,0.088,0.088,0.527,0.264,0.088,0.439,0.264,0.176,0.527,0.088,-1.055,0.176,0.264,0.088,0.439,0.088,0.088,0.176,0.088,0.088,0.527,0.264,0.000,0.0,12.00,33.0
97.0674,2227,17,pre,8,97.0674,97.0755,0,0.088,0.439,0.264,0.176,0.527,0.088,-1.055,0.176,0.264,0.088,0.439,0.088,0.088,0.176,0.088,0.088,0.527,0.264,0.088,0.439,0.264,0.176,0.527,0.088,-1.055,0.176,0.264,0.088,0.439,0.088,0.088,0.176,0.088,0.088,0.527,0.264,0.000,0.0,12.00,33.0
97.1074,2228,17,move,8,97.1074,97.1154,0,0.088,0.439,0.264,0.176,0.527,0.088,-1.055,0.176,0.264,0.088,0.439,0.088,0.088,0.176,0.088,0.088,0.527,0.264,0.088,0.439,0.264,0.176,0.527,0.088,-1.055,0.176,0.264,0.088,0.439,0.088,0.088,0.176,0.088,0.088,0.527,0.264,0.000,0.0,12.00,33.0
97.1474,2229,17,move,8,97.1474,97.1552,0,0.088,0.439,0.264,0.176,0.527,0.088,-1.055,0.176,0.264,0.088,0.439,0.088,0.088,0.176,0.088,0.088,0.527,0.264,0.088,0.439,0.264,0.176,0.527,0.088,-1.055,0.176,0.761,0.088,0.439,0.088,0.088,0.176,0.088,0.088,0.527,0.264,0.000,0.0,12.00,33.0
97.1874,2230,17,move,8,97.1874,97.1956,0,0.088,0.439,0.264,0.176,0.527,0.088,-1.055,0.176,0.264,0.088,0.439,0.088,0.088,0.176,0.088,0.088,0.527,0.264,0.088,0.439,0.264,0.176,0.527,0.088,-1.055,0.176,1.227,0.088,0.439,0.088,0.088,0.176,0.088,0.088,0.527,0.264,0.000,0.0,12.00,33.0
97.2274,2231,17,move,8,97.2274,97.2361,0,0.088,0.439,0.264,0.176,0.527,0.088,-1.055,0.176,0.352,0.088,0.439,0.088,0.088,0.176,0.088,0.088,0.527,0.264,0.088,0.439,0.264,0.176,0.527,0.088,-1.055,0.176,1.633,0.088,0.439,0.088,0.088,0.176,0.088,0.088,0.527,0.264,0.006,6.8,12.00,33.0
97.2674,2232,17,move,8,97.2674,97.2759,0,0.088,0.439,0.264,0.176,0.527,0.088,-1.055,0.176,0.791,0.088,0.439,0.088,0.088,0.176,0.088,0.088,0.527,0.264,0.088,0.439,0.264,0.176,0.527,0.088,-1.055,0.176,1.952,0.088,0.439,0.088,0.088,0.176,0.088,0.088,0.527,0.264,0.006,6.8,12.00,33.0
97.3074,2233,17,move,8,97.3074,97.3158,0,0.088,0.439,0.264,0.176,0.527,0.088,-1.055,0.176,1.230,0.088,0.439,0.088,0.088,0.176,0.088,0.088,0.527,0.264,0.088,0.439,0.264,0.176,0.527,0.088,-1.055,0.176,2.166,0.088,0.439,0.088,0.088,0.176,0.088,0.088,0.527,0.264,0.006,6.8,12.00,33.0
97.3472,2234,17,move,8,97.3472,97.3555,0,0.088,0.439,0.264,0.176,0.527,0.088,-1.055,0.176,1.494,0.088,0.439,0.088,0.088,0.176,0.088,0.088,0.527,0.264,0.088,0.439,0.264,0.176,0.527,0.088,-1.055,0.176,2.260,0.088,0.439,0.088,0.088,0.176,0.088,0.088,0.527,0.264,0.013,6.8,12.00,33.0
97.3872,2235,17,move,8,97.3872,97.3959,0,0.088,0.439,0.264,0.176,0.527,0.088,-1.055,0.176,1.846,0.088,0.439,0.088,0.088,0.176,0.088,0.088,0.527,0.264,0.088,0.439,0.264,0.176,0.527,0.088,-1.055,0.176,2.228,0.088,0.439,0.088,0.088,0.176,0.088,0.088,0.527,0.264,0.013,6.8,12.00,33.0
97.4272,2236,17,move,8,97.4272,97.4353,0,0.088,0.439,0.264,0.176,0.527,0.088,-1.055,0.176,1.934,0.088,0.439,0.088,0.088,0.176,0.088,0.088,0.527,0.264,0.088,0.439,0.264,0.176,0.527,0.088,-1.055,0.176,2.073,0.088,0.439,0.088,0.088,0.176,0.088,0.088,0.527,0.264,0.013,6.8,12.00,33.0
97.4671,2237,17,move,8,97.4671,97.4756,0,0.088,0.439,0.264,0.176,0.527,0.088,-1.055,0.176,1.934,0.088,0.439,0.088,0.088,0.176,0.088,0.088,0.527,0.264,0.088,0.439,0.264,0.176,0.527,0.088,-1.055,0.176,1.805,0.088,0.439,0.088,0.088,0.176,0.088,0.088,0.527,0.264,0.000,2.0,12.00,33.0
97.5072,2238,17,move,8,97.5072,97.5158,0,0.088,0.439,0.264,0.176,0.527,0.088,-1.055,0.176,1.934,0.088,0.439,0.088,0.088,0.176,0.088,0.088,0.527,0.264,0.088,0.439,0.264,0.176,0.527,0.088,-1.055,0.176,1.439,0.088,0.439,0.088,0.088,0.176,0.088,0.088,0.527,0.264,0.000,2.0,12.00,33.0
97.5472,2239,17,move,8,97.5472,97.5558,0,0.088,0.439,0.264,0.176,0.527,0.088,-1.055,0.176,1.846,0.088,0.439,0.088,0.088,0.176,0.088,0.088,0.527,0.264,0.088,0.439,0.264,0.176,0.527,0.088,-1.055,0.176,1.000,0.088,0.439,0.088,0.088,0.176,0.088,0.088,0.527,0.264,0.000,2.0,12.00,33.0
97.5872,2240,17,move,8,97.5872,97.5958,0,0.088,0.439,0.264,0.176,0.527,0.088,-1.055,0.176,1.582,0.088,0.439,0.088,0.088,0.176,0.088,0.088,0.527,0.264,0.088,0.439,0.264,0.176,0.527,0.088,-1.055,0.176,0.514,0.088,0.439,0.088,0.088,0.176,0.088,0.088,0.527,0.264,0.000,4.8,12.00,33.0
97.6272,2241,17,move,8,97.6272,97.6354,0,0.088,0.439,0.264,0.176,0.527,0.088,-1.055,0.176,1.406,0.088,0.439,0.088,0.088,0.176,0.088,0.088,0.527,0.264,0.088,0.439,0.264,0.176,0.527,0.088,-1.055,0.176,0.013,0.088,0.439,0.088,0.088,0.176,0.088,0.088,0.527,0.264,0.000,4.8,12.00,33.0
97.6672,2242,17,move,8,97.6672,97.6757,0,0.088,0.439,0.264,0.176,0.527,0.088,-1.055,0.176,1.143,0.088,0.439,0.088,0.088,0.176,0.088,0.088,0.527,0.264,0.088,0.439,0.264,0.176,0.527,0.088,-1.055,0.176,-0.473,0.088,0.439,0.088,0.088,0.176,0.088,0.088,0.527,0.264,0.000,4.8,12.00,33.0
97.7072,2243,17,move,8,97.7072,97.7158,0,0.088,0.439,0.264,0.176,0.527,0.088,-1.055,0.176,0.527,0.088,0.439,0.088,0.088,0.176,0.088,0.088,0.527,0.264,0.088,0.439,0.264,0.176,0.527,0.088,-1.055,0.176,-0.912,0.088,0.439,0.088,0.088,0.176,0.088,0.088,0.527,0.264,0.006,8.0,12.00,33.0
97.7471,2244,17,move,8,97.7471,97.7564,0,0.088,0.439,0.264,0.176,0.527,0.088,-1.055,0.176,0.000,0.088,0.439,0.088,0.088,0.176,0.088,0.088,0.527,0.264,0.088,0.439,0.264,0.176,0.527,0.088,-1.055,0.176,-1.277,0.088,0.439,0.088,0.088,0.176,0.088,0.088,0.527,0.264,0.006,8.0,12.00,33.0
97.7872,2245,17,move,8,97.7872,97.7950,0,0.088,0.439,0.264,0.176,0.527,0.088,-1.055,0.176,-0.352,0.088,0.439,0.088,0.088,0.176,0.088,0.088,0.527,0.264,0.088,0.439,0.264,0.176,0.527,0.088,-1.055,0.176,-1.546,0.088,0.439,0.088,0.088,0.176,0.088,0.088,0.527,0.264,0.006,8.0,12.00,33.0
97.8272,2246,17,move,8,97.8272,97.8348,0,0.088,0.439,0.264,0.176,0.527,0.088,-1.055,0.176,-0.791,0.088,0.439,0.088,0.088,0.176,0.088,0.088,0.527,0.264,0.088,0.439,0.264,0.176,0.527,0.088,-1.055,0.176,-1.701,0.088,0.439,0.088,0.088,0.176,0.088,0.088,0.527,0.264,0.013,7.6,12.00,33.0
97.8674,2247,17,move,8,97.8674,97.8754,0,0.088,0.439,0.264,0.176,0.527,0.088,-1.055,0.176,-1.143,0.088,0.439,0.088,0.088,0.176,0.088,0.088,0.527,0.264,0.088,0.439,0.264,0.176,0.527,0.088,-1.055,0.176,-1.732,0.088,0.439,0.088,0.088,0.176,0.088,0.088,0.527,0.264,0.013,7.6,12.00,33.0
97.9074,2248,17,move,8,97.9074,97.9154,0,0.088,0.439,0.264,0.176,0.527,0.088,-1.055,0.176,-1.230,0.088,0.439,0.088,0.088,0.176,0.088,0.088,0.527,0.264,0.088,0.439,0.264,0.176,0.527,0.088,-1.055,0.176,-1.638,0.088,0.439,0.088,0.088,0.176,0.088,0.088,0.527,0.264,0.013,7.6,12.00,33.0
97.9474,2249,17,move,8,97.9474,97.9556,0,0.088,0.439,0.264,0.176,0.527,0.088,-1.055,0.176,-1.318,0.088,0.439,0.088,0.088,0.176,0.088,0.088,0.527,0.264,0.088,0.439,0.264,0.176,0.527,0.088,-1.055,0.176,-1.425,0.088,0.439,0.088,0.088,0.176,0.088,0.088,0.527,0.264,0.006,3.6,12.00,33.0
97.9874,2250,17,move,8,97.9874,97.9955,0,0.088,0.439,0.264,0.176,0.527,0.088,-1.055,0.176,-1.318,0.088,0.439,0.088,0.088,0.176,0.088,0.088,0.527,0.264,0.088,0.439,0.264,0.176,0.527,0.088,-1.055,0.176,-1.105,0.088,0.439,0.088,0.088,0.176,0.088,0.088,0.527,0.264,0.006,3.6,12.00,33.0
98.0274,2251,17,move,8,98.0274,98.0356,0,0.088,0.439,0.264,0.176,0.527,0.088,-1.055,0.176,-1.318,0.088,0.439,0.088,0.088,0.176,0.088,0.088,0.527,0.264,0.088,0.439,0.264,0.176,0.527,0.088,-1.055,0.176,-0.700,0.088,0.439,0.088,0.088,0.176,0.088,0.088,0.527,0.264,0.006,3.6,12.00,33.0
98.0671,2252,17,move,8,98.0671,98.0752,0,0.088,0.439,0.264,0.176,0.527,0.088,-1.055,0.176,-1.318,0.088,0.439,0.088,0.088,0.176,0.088,0.088,0.527,0.264,0.088,0.439,0.264,0.176,0.527,0.088,-1.055,0.176,-0.234,0.088,0.439,0.088,0.088,0.176,0.088,0.088,0.527,0.264,0.013,5.6,12.00,33.0
98.1071,2253,17,move,8,98.1071,98.1152,0,0.088,0.439,0.264,0.176,0.527,0.088,-1.055,0.176,-0.967,0.088,0.439,0.088,0.088,0.176,0.088,0.088,0.527,0.264,0.088,0.439,0.264,0.176,0.527,0.088,-1.055,0.176,0.264,0.088,0.439,0.088,0.088,0.176,0.088,0.088,0.527,0.264,0.013,5.6,12.00,33.0
98.1472,2254,17,move,8,98.1472,98.1553,0,0.088,0.439,0.264,0.176,0.527,0.088,-1.055,0.176,-0.527,0.088,0.439,0.088,0.088,0.176,0.088,0.088,0.527,0.264,0.088,0.439,0.264,0.176,0.527,0.088,-1.055,0.176,0.761,0.088,0.439,0.088,0.088,0.176,0.088,0.088,0.527,0.264,0.013,5.6,12.00,33.0
98.1874,2255,17,move,8,98.1874,98.1956,0,0.088,0.439,0.264,0.176,0.527,0.088,-1.055,0.176,-0.264,0.088,0.439,0.088,0.088,0.176,0.088,0.088,0.527,0.264,0.088,0.439,0.264,0.176,0.527,0.088,-1.055,0.176,1.227,0.088,0.439,0.088,0.088,0.176,0.088,0.088,0.527,0.264,0.013,8.8,12.00,33.0
98.2272,2256,17,move,8,98.2272,98.2354,0,0.088,0.439,0.264,0.176,0.527,0.088,-1.055,0.176,0.000,0.088,0.439,0.088,0.088,0.176,0.088,0.088,0.527,0.264,0.088,0.439,0.264,0.176,0.527,0.088,-1.055,0.176,1.633,0.088,0.439,0.088,0.088,0.176,0.088,0.088,0.527,0.264,0.013,8.8,12.00,33.0
98.2674,2257,17,move,8,98.2674,98.2754,0,0.088,0.439,0.264,0.176,0.527,0.088,-1.055,0.176,0.703,0.088,0.439,0.088,0.088,0.176,0.088,0.088,0.527,0.264,0.088,0.439,0.264,0.176,0.527,0.088,-1.055,0.176,1.952,0.088,0.439,0.088,0.088,0.176,0.088,0.088,0.527,0.264,0.013,8.8,12.00,33.0
98.3074,2258,17,move,8,98.3074,98.3157,0,0.088,0.439,0.264,0.176,0.527,0.088,-1.055,0.176,1.143,0.088,0.439,0.088,0.088,0.176,0.088,0.088,0.527,0.264,0.088,0.439,0.264,0.176,0.527,0.088,-1.055,0.176,2.166,0.088,0.439,0.088,0.088,0.176,0.088,0.088,0.527,0.264,0.006,6.0,12.00,33.0
98.3474,2259,17,move,8,98.3474,98.3555,0,0.088,0.439,0.264,0.176,0.527,0.088,-1.055,0.176,1.494,0.088,0.439,0.088,0.088,0.176,0.088,0.088,0.527,0.264,0.088,0.439,0.264,0.176,0.527,0.088,-1.055,0.176,2.260,0.088,0.439,0.088,0.088,0.176,0.088,0.088,0.527,0.264,0.006,6.0,12.00,33.0
98.3872,2260,17,move,8,98.3872,98.3954,0,0.088,0.439,0.264,0.176,0.527,0.088,-1.055,0.176,1.846,0.088,0.439,0.088,0.088,0.176,0.088,0.088,0.527,0.264,0.088,0.439,0.264,0.176,0.527,0.088,-1.055,0.176,2.228,0.088,0.439,0.088,0.088,0.176,0.088,0.088,0.527,0.264,0.006,6.0,12.00,33.0
98.4272,2261,17,move,8,98.4272,98.4355,0,0.088,0.439,0.264,0.176,0.527,0.088,-1.055,0.176,1.934,0.088,0.439,0.088,0.088,0.176,0.088,0.088,0.527,0.264,0.088,0.439,0.264,0.176,0.527,0.088,-1.055,0.176,2.073,0.088,0.439,0.088,0.088,0.176,0.088,0.088,0.527,0.264,0.000,2.0,12.00,33.0
98.4674,2262,17,move,8,98.4674,98.4754,0,0.088,0.439,0.264,0.176,0.527,0.088,-1.055,0.176,1.934,0.088,0.439,0.088,0.088,0.176,0.088,0.088,0.527,0.264,0.088,0.439,0.264,0.176,0.527,0.088,-1.055,0.176,1.805,0.088,0.439,0.088,0.088,0.176,0.088,0.088,0.527,0.264,0.000,2.0,12.00,33.0
98.5074,2263,17,move,8,98.5074,98.5158,0,0.088,0.439,0.264,0.176,0.527,0.088,-1.055,0.176,1.934,0.088,0.439,0.088,0.088,0.176,0.088,0.088,0.527,0.264,0.088,0.439,0.264,0.176,0.527,0.088,-1.055,0.176,1.439,0.088,0.439,0.088,0.088,0.176,0.088,0.088,0.527,0.264,0.000,2.0,12.00,33.0
98.5472,2264,17,move,8,98.5472,98.5553,0,0.088,0.439,0.264,0.176,0.527,0.088,-1.055,0.176,1.846,0.088,0.439,0.088,0.088,0.176,0.088,0.088,0.527,0.264,0.088,0.439,0.264,0.176,0.527,0.088,-1.055,0.176,1.000,0.088,0.439,0.088,0.088,0.176,0.088,0.088,0.527,0.264,0.006,4.4,12.00,33.0
98.5874,2265,17,move,8,98.5874,98.5954,0,0.088,0.439,0.264,0.176,0.527,0.088,-1.055,0.176,1.582,0.088,0.439,0.088,0.088,0.176,0.088,0.088,0.527,0.264,0.088,0.439,0.264,0.176,0.527,0.088,-1.055,0.176,0.514,0.088,0.439,0.088,0.088,0.176,0.088,0.088,0.527,0.264,0.006,4.4,12.00,33.0
98.6272,2266,17,move,8,98.6272,98.6352,0,0.088,0.439,0.264,0.176,0.527,0.088,-1.055,0.176,1.406,0.088,0.439,0.088,0.088,0.176,0.088,0.088,0.527,0.264,0.088,0.439,0.264,0.176,0.527,0.088,-1.055,0.176,0.013,0.088,0.439,0.088,0.088,0.176,0.088,0.088,0.527,0.264,0.006,4.4,12.00,33.0
98.6672,2267,17,move,8,98.6672,98.6750,0,0.088,0.439,0.264,0.176,0.527,0.088,-1.055,0.176,1.143,0.088,0.439,0.088,0.088,0.176,0.088,0.088,0.527,0.264,0.088,0.439,0.264,0.176,0.527,0.088,-1.055,0.176,-0.473,0.088,0.439,0.088,0.088,0.176,0.088,0.088,0.527,0.264,0.006,9.2,12.00,33.0
98.7074,2268,17,move,8,98.7074,98.7152,0,0.088,0.439,0.264,0.176,0.527,0.088,-1.055,0.176,0.527,0.088,0.439,0.088,0.088,0.176,0.088,0.088,0.527,0.264,0.088,0.439,0.264,0.176,0.527,0.088,-1.055,0.176,-0.912,0.088,0.439,0.088,0.088,0.176,0.088,0.088,0.527,0.264,0.006,9.2,12.00,33.0
98.7474,2269,17,move,8,98.7474,98.7555,0,0.088,0.439,0.264,0.176,0.527,0.088,-1.055,0.176,0.000,0.088,0.439,0.088,0.088,0.176,0.088,0.088,0.527,0.264,0.088,0.439,0.264,0.176,0.527,0.088,-1.055,0.176,-1.277,0.088,0.439,0.088,0.088,0.176,0.088,0.088,0.527,0.264,0.006,9.2,12.00,33.0
98.7872,2270,17,move,8,98.7872,98.7950,0,0.088,0.439,0.264,0.176,0.527,0.088,-1.055,0.176,-0.352,0.088,0.439,0.088,0.088,0.176,0.088,0.088,0.527,0.264,0.088,0.439,0.264,0.176,0.527,0.088,-1.055,0.176,-1.546,0.088,0.439,0.088,0.088,0.176,0.088,0.088,0.527,0.264,0.006,7.6,12.00,33.0
98.8272,2271,17,move,8,98.8272,98.8352,0,0.088,0.439,0.264,0.176,0.527,0.088,-1.055,0.176,-0.791,0.088,0.439,0.088,0.088,0.176,0.088,0.088,0.527,0.264,0.088,0.439,0.264,0.176,0.527,0.088,-1.055,0.176,-1.701,0.088,0.439,0.088,0.088,0.176,0.088,0.088,0.527,0.264,0.006,7.6,12.00,33.0
98.8674,2272,17,move,8,98.8674,98.8756,0,0.088,0.439,0.264,0.176,0.527,0.088,-1.055,0.176,-1.143,0.088,0.439,0.088,0.088,0.176,0.088,0.088,0.527,0.264,0.088,0.439,0.264,0.176,0.527,0.088,-1.055,0.176,-1.732,0.088,0.439,0.088,0.088,0.176,0.088,0.088,0.527,0.264,0.006,7.6,12.00,33.0
98.9074,2273,17,move,8,98.9074,98.9155,0,0.088,0.439,0.264,0.176,0.527,0.088,-1.055,0.176,-1.230,0.088,0.439,0.088,0.088,0.176,0.088,0.088,0.527,0.264,0.088,0.439,0.264,0.176,0.527,0.088,-1.055,0.176,-1.638,0.088,0.439,0.088,0.088,0.176,0.088,0.088,0.527,0.264,0.013,5.6,12.00,33.0
98.9474,2274,17,move,8,98.9474,98.9554,0,0.088,0.439,0.264,0.176,0.527,0.088,-1.055,0.176,-1.318,0.088,0.439,0.088,0.088,0.176,0.088,0.088,0.527,0.264,0.088,0.439,0.264,0.176,0.527,0.088,-1.055,0.176,-1.425,0.088,0.439,0.088,0.088,0.176,0.088,0.088,0.527,0.264,0.013,5.6,12.00,33.0
98.9872,2275,17,move,8,98.9872,98.9959,0,0.088,0.439,0.264,0.176,0.527,0.088,-1.055,0.176,-1.318,0.088,0.439,0.088,0.088,0.176,0.088,0.088,0.527,0.264,0.088,0.439,0.264,0.176,0.527,0.088,-1.055,0.176,-1.105,0.088,0.439,0.088,0.088,0.176,0.088,0.088,0.527,0.264,0.013,5.6,12.00,33.0
99.0274,2276,17,move,8,99.0274,99.0361,0,0.088,0.439,0.264,0.176,0.527,0.088,-1.055,0.176,-1.318,0.088,0.439,0.088,0.088,0.176,0.088,0.088,0.527,0.264,0.088,0.439,0.264,0.176,0.527,0.088,-1.055,0.176,-0.700,0.088,0.439,0.088,0.088,0.176,0.088,0.088,0.527,0.264,0.000,0.0,12.00,33.0
99.0673,2277,17,move,8,99.0673,99.0759,0,0.088,0.439,0.264,0.176,0.527,0.088,-1.055,0.176,-1.318,0.088,0.439,0.088,0.088,0.176,0.088,0.088,0.527,0.264,0.088,0.439,0.264,0.176,0.527,0.088,-1.055,0.176,-0.234,0.088,0.439,0.088,0.088,0.176,0.088,0.088,0.527,0.264,0.000,0.0,12.00,33.0
99.1074,2278,17,move,8,99.1074,99.1157,0,0.088,0.439,0.264,0.176,0.527,0.088,-1.055,0.176,-0.967,0.088,0.439,0.088,0.088,0.176,0.088,0.088,0.527,0.264,0.088,0.439,0.264,0.176,0.527,0.088,-1.055,0.176,0.264,0.088,0.439,0.088,0.088,0.176,0.088,0.088,0.527,0.264,0.000,0.0,12.00,33.0
99.1474,2279,17,move,8,99.1474,99.1559,0,0.088,0.439,0.264,0.176,0.527,0.088,-1.055,0.176,-0.527,0.088,0.439,0.088,0.088,0.176,0.088,0.088,0.527,0.264,0.088,0.439,0.264,0.176,0.527,0.088,-1.055,0.176,0.761,0.088,0.439,0.088,0.088,0.176,0.088,0.088,0.527,0.264,0.006,4.8,12.00,33.0
99.1871,2280,17,move,8,99.1871,99.1952,0,0.088,0.439,0.264,0.176,0.527,0.088,-1.055,0.176,-0.264,0.088,0.439,0.088,0.088,0.176,0.088,0.088,0.527,0.264,0.088,0.439,0.264,0.176,0.527,0.088,-1.055,0.176,1.227,0.088,0.439,0.088,0.088,0.176,0.088,0.088,0.527,0.264,0.006,4.8,12.00,33.0
99.2272,2281,17,move,8,99.2272,99.2354,0,0.088,0.439,0.264,0.176,0.527,0.088,-1.055,0.176,-0.088,0.088,0.439,0.088,0.088,0.176,0.088,0.088,0.527,0.264,0.088,0.439,0.264,0.176,0.527,0.088,-1.055,0.176,1.633,0.088,0.439,0.088,0.088,0.176,0.088,0.088,0.527,0.264,0.006,4.8,12.00,33.0
99.2674,2282,17,move,8,99.2674,99.2754,0,0.088,0.439,0.264,0.176,0.527,0.088,-1.055,0.176,0.703,0.088,0.439,0.088,0.088,0.176,0.088,0.088,0.527,0.264,0.088,0.439,0.264,0.176,0.527,0.088,-1.055,0.176,1.952,0.088,0.439,0.088,0.088,0.176,0.088,0.088,0.527,0.264,0.013,7.6,12.00,33.0
99.3072,2283,17,move,8,99.3072,99.3169,0,0.088,0.439,0.264,0.176,0.527,0.088,-1.055,0.176,1.143,0.088,0.439,0.088,0.088,0.176,0.088,0.088,0.527,0.264,0.088,0.439,0.264,0.176,0.527,0.088,-1.055,0.176,2.166,0.088,0.439,0.088,0.088,0.176,0.088,0.088,0.527,0.264,0.013,7.6,12.00,33.0
99.3472,2284,17,move,8,99.3472,99.3555,0,0.088,0.439,0.264,0.176,0.527,0.088,-1.055,0.176,1.494,0.088,0.439,0.088,0.088,0.176,0.088,0.088,0.527,0.264,0.088,0.439,0.264,0.176,0.527,0.088,-1.055,0.176,2.260,0.088,0.439,0.088,0.088,0.176,0.088,0.088,0.527,0.264,0.013,7.6,12.00,33.0
99.3874,2285,17,move,8,99.3874,99.3955,0,0.088,0.439,0.264,0.176,0.527,0.088,-1.055,0.176,1.758,0.088,0.439,0.088,0.088,0.176,0.088,0.088,0.527,0.264,0.088,0.439,0.264,0.176,0.527,0.088,-1.055,0.176,2.228,0.088,0.439,0.088,0.088,0.176,0.088,0.088,0.527,0.264,0.000,4.0,12.00,33.0
99.4274,2286,17,move,8,99.4274,99.4354,0,0.088,0.439,0.264,0.176,0.527,0.088,-1.055,0.176,1.934,0.088,0.439,0.088,0.088,0.176,0.088,0.088,0.527,0.264,0.088,0.439,0.264,0.176,0.527,0.088,-1.055,0.176,2.073,0.088,0.439,0.088,0.088,0.176,0.088,0.088,0.527,0.264,0.000,4.0,12.00,33.0
99.4674,2287,17,move,8,99.4674,99.4754,0,0.088,0.439,0.264,0.176,0.527,0.088,-1.055,0.176,1.934,0.088,0.439,0.088,0.088,0.176,0.088,0.088,0.527,0.264,0.088,0.439,0.264,0.176,0.527,0.088,-1.055,0.176,1.805,0.088,0.439,0.088,0.088,0.176,0.088,0.088,0.527,0.264,0.000,4.0,12.00,33.0
99.5074,2288,17,move,8,99.5074,99.5156,0,0.088,0.439,0.264,0.176,0.527,0.088,-1.055,0.176,1.934,0.088,0.439,0.088,0.088,0.176,0.088,0.088,0.527,0.264,0.088,0.439,0.264,0.176,0.527,0.088,-1.055,0.176,1.439,0.088,0.439,0.088,0.088,0.176,0.088,0.088,0.527,0.264,0.000,2.4,12.00,33.0
99.5474,2289,17,move,8,99.5474,99.5555,0,0.088,0.439,0.264,0.176,0.527,0.088,-1.055,0.176,1.846,0.088,0.439,0.088,0.088,0.176,0.088,0.088,0.527,0.264,0.088,0.439,0.264,0.176,0.527,0.088,-1.055,0.176,1.000,0.088,0.439,0.088,0.088,0.176,0.088,0.088,0.527,0.264,0.000,2.4,12.00,33.0
99.5874,2290,17,move,8,99.5874,99.5956,0,0.088,0.439,0.264,0.176,0.527,0.088,-1.055,0.176,1.582,0.088,0.439,0.088,0.088,0.176,0.088,0.088,0.527,0.264,0.088,0.439,0.264,0.176,0.527,0.088,-1.055,0.176,0.514,0.088,0.439,0.088,0.088,0.176,0.088,0.088,0.527,0.264,0.000,2.4,12.00,33.0
99.6274,2291,17,move,8,99.6274,99.6356,0,0.088,0.439,0.264,0.176,0.527,0.088,-1.055,0.176,1.406,0.088,0.439,0.088,0.088,0.176,0.088,0.088,0.527,0.264,0.088,0.439,0.264,0.176,0.527,0.088,-1.055,0.176,0.013,0.088,0.439,0.088,0.088,0.176,0.088,0.088,0.527,0.264,0.006,8.8,12.00,33.0
99.6674,2292,17,move,8,99.6674,99.6761,0,0.088,0.439,0.264,0.176,0.527,0.088,-1.055,0.176,1.143,0.088,0.439,0.088,0.088,0.176,0.088,0.088,0.527,0.264,0.088,0.439,0.264,0.176,0.527,0.088,-1.055,0.176,-0.473,0.088,0.439,0.088,0.088,0.176,0.088,0.088,0.527,0.264,0.006,8.8,12.00,33.0
99.7071,2293,17,move,8,99.7071,99.7158,0,0.088,0.439,0.264,0.176,0.527,0.088,-1.055,0.176,0.527,0.088,0.439,0.088,0.088,0.176,0.088,0.088,0.527,0.264,0.088,0.439,0.264,0.176,0.527,0.088,-1.055,0.176,-0.912,0.088,0.439,0.088,0.088,0.176,0.088,0.088,0.527,0.264,0.006,8.8,12.00,33.0
99.7474,2294,17,move,8,99.7474,99.7560,0,0.088,0.439,0.264,0.176,0.527,0.088,-1.055,0.176,0.000,0.088,0.439,0.088,0.088,0.176,0.088,0.088,0.527,0.264,0.088,0.439,0.264,0.176,0.527,0.088,-1.055,0.176,-1.277,0.088,0.439,0.088,0.088,0.176,0.088,0.088,0.527,0.264,0.013,8.0,12.00,33.0
99.7872,2295,17,move,8,99.7872,99.7959,0,0.088,0.439,0.264,0.176,0.527,0.088,-1.055,0.176,-0.352,0.088,0.439,0.088,0.088,0.176,0.088,0.088,0.527,0.264,0.088,0.439,0.264,0.176,0.527,0.088,-1.055,0.176,-1.546,0.088,0.439,0.088,0.088,0.176,0.088,0.088,0.527,0.264,0.013,8.0,12.00,33.0
99.8274,2296,17,move,8,99.8274,99.8379,0,0.088,0.439,0.264,0.176,0.527,0.088,-1.055,0.176,-0.791,0.088,0.439,0.088,0.088,0.176,0.088,0.088,0.527,0.264,0.088,0.439,0.264,0.176,0.527,0.088,-1.055,0.176,-1.701,0.088,0.439,0.088,0.088,0.176,0.088,0.088,0.527,0.264,0.013,8.0,12.00,33.0
99.8683,2297,17,move,8,99.8683,99.8761,0,0.088,0.439,0.264,0.176,0.527,0.088,-1.055,0.176,-1.143,0.088,0.439,0.088,0.088,0.176,0.088,0.088,0.527,0.264,0.088,0.439,0.264,0.176,0.527,0.088,-1.055,0.176,-1.732,0.088,0.439,0.088,0.088,0.176,0.088,0.088,0.527,0.264,0.013,6.4,12.00,33.0
99.9074,2298,17,move,8,99.9074,99.9156,0,0.088,0.439,0.264,0.176,0.527,0.088,-1.055,0.176,-1.143,0.088,0.439,0.088,0.088,0.176,0.088,0.088,0.527,0.264,0.088,0.439,0.264,0.176,0.527,0.088,-1.055,0.176,-1.638,0.088,0.439,0.088,0.088,0.176,0.088,0.088,0.527,0.264,0.013,6.4,12.00,33.0
99.9474,2299,17,move,8,99.9474,99.9554,0,0.088,0.439,0.264,0.176,0.527,0.088,-1.055,0.176,-1.230,0.088,0.439,0.088,0.088,0.176,0.088,0.088,0.527,0.264,0.088,0.439,0.264,0.176,0.527,0.088,-1.055,0.176,-1.425,0.088,0.439,0.088,0.088,0.176,0.088,0.088,0.527,0.264,0.013,6.4,12.00,33.0
99.9872,2300,17,move,8,99.9872,99.9953,0,0.088,0.439,0.264,0.176,0.527,0.088,-1.055,0.176,-1.318,0.088,0.439,0.088,0.088,0.176,0.088,0.088,0.527,0.264,0.088,0.439,0.264,0.176,0.527,0.088,-1.055,0.176,-1.105,0.088,0.439,0.088,0.088,0.176,0.088,0.088,0.527,0.264,0.000,2.4,12.00,33.0
100.0274,2301,17,move,8,100.0274,100.0356,0,0.088,0.439,0.264,0.176,0.527,0.088,-1.055,0.176,-1.318,0.088,0.439,0.088,0.088,0.176,0.088,0.088,0.527,0.264,0.088,0.439,0.264,0.176,0.527,0.088,-1.055,0.176,-0.700,0.088,0.439,0.088,0.088,0.176,0.088,0.088,0.527,0.264,0.000,2.4,12.00,33.0
100.0672,2302,17,move,8,100.0672,100.0750,0,0.088,0.439,0.264,0.176,0.527,0.088,-1.055,0.176,-1.318,0.088,0.439,0.088,0.088,0.176,0.088,0.088,0.527,0.264,0.088,0.439,0.264,0.176,0.527,0.088,-1.055,0.176,-0.234,0.088,0.439,0.088,0.088,0.176,0.088,0.088,0.527,0.264,0.000,2.4,12.00,33.0
100.1072,2303,17,rest,8,100.1072,100.1154,0,0.088,0.439,0.264,0.176,0.527,0.088,-1.055,0.176,-0.879,0.088,0.439,0.088,0.088,0.176,0.088,0.088,0.527,0.264,0.088,0.439,0.264,0.176,0.527,0.088,-1.055,0.176,0.264,0.088,0.439,0.088,0.088,0.176,0.088,0.088,0.527,0.264,0.000,4.4,12.00,33.0
100.1472,2304,17,rest,8,100.1472,100.1553,0,0.088,0.439,0.264,0.176,0.527,0.088,-1.055,0.176,-0.527,0.088,0.439,0.088,0.088,0.176,0.088,0.088,0.527,0.264,0.088,0.439,0.264,0.176,0.527,0.088,-1.055,0.176,0.264,0.088,0.439,0.088,0.088,0.176,0.088,0.088,0.527,0.264,0.000,4.4,12.00,33.0
100.1874,2305,17,rest,8,100.1874,100.1956,0,0.088,0.439,0.264,0.176,0.527,0.088,-1.055,0.176,-0.264,0.088,0.439,0.088,0.088,0.176,0.088,0.088,0.527,0.264,0.088,0.439,0.264,0.176,0.527,0.088,-1.055,0.176,0.264,0.088,0.439,0.088,0.088,0.176,0.088,0.088,0.527,0.264,0.000,4.4,12.00,33.0
100.2272,2306,17,rest,8,100.2272,100.2353,0,0.088,0.439,0.264,0.176,0.527,0.088,-1.055,0.176,-0.264,0.088,0.439,0.088,0.088,0.176,0.088,0.088,0.527,0.264,0.088,0.439,0.264,0.176,0.527,0.088,-1.055,0.176,0.264,0.088,0.439,0.088,0.088,0.176,0.088,0.088,0.527,0.264,0.006,5.6,12.00,33.0
100.2672,2307,17,rest,8,100.2672,100.2753,0,0.088,0.439,0.264,0.176,0.527,0.088,-1.055,0.176,-0.088,0.088,0.439,0.088,0.088,0.176,0.088,0.088,0.527,0.264,0.088,0.439,0.264,0.176,0.527,0.088,-1.055,0.176,0.264,0.088,0.439,0.088,0.088,0.176,0.088,0.088,0.527,0.264,0.006,5.6,12.00,33.0
100.3072,2308,17,rest,8,100.3072,100.3154,0,0.088,0.439,0.264,0.176,0.527,0.088,-1.055,0.176,0.000,0.088,0.439,0.088,0.088,0.176,0.088,0.088,0.527,0.264,0.088,0.439,0.264,0.176,0.527,0.088,-1.055,0.176,0.264,0.088,0.439,0.088,0.088,0.176,0.088,0.088,0.527,0.264,0.006,5.6,12.00,33.0
100.3472,2309,17,rest,8,100.3472,100.3552,0,0.088,0.439,0.264,0.176,0.527,0.088,-1.055,0.176,0.088,0.088,0.439,0.088,0.088,0.176,0.088,0.088,0.527,0.264,0.088,0.439,0.264,0.176,0.527,0.088,-1.055,0.176,0.264,0.088,0.439,0.088,0.088,0.176,0.088,0.088,0.527,0.264,0.006,2.4,12.00,33.0
100.3874,2310,17,rest,8,100.3874,100.3954,0,0.088,0.439,0.264,0.176,0.527,0.088,-1.055,0.176,0.088,0.088,0.439,0.088,0.088,0.176,0.088,0.088,0.527,0.264,0.088,0.439,0.264,0.176,0.527,0.088,-1.055,0.176,0.264,0.088,0.439,0.088,0.088,0.176,0.088,0.088,0.527,0.264,0.006,2.4,12.00,33.0
100.4274,2311,17,rest,8,100.4274,100.4356,0,0.088,0.439,0.264,0.176,0.527,0.088,-1.055,0.176,0.088,0.088,0.439,0.088,0.088,0.176,0.088,0.088,0.527,0.264,0.088,0.439,0.264,0.176,0.527,0.088,-1.055,0.176,0.264,0.088,0.439,0.088,0.088,0.176,0.088,0.088,0.527,0.264,0.006,2.4,12.00,33.0
100.4674,2312,17,rest,8,100.4674,100.4756,0,0.088,0.439,0.264,0.176,0.527,0.088,-1.055,0.176,0.088,0.088,0.439,0.088,0.088,0.176,0.088,0.088,0.527,0.264,0.088,0.439,0.264,0.176,0.527,0.088,-1.055,0.176,0.264,0.088,0.439,0.088,0.088,0.176,0.088,0.088,0.527,0.264,0.006,2.4,12.00,33.0
100.5072,2313,17,rest,8,100.5072,100.5153,0,0.088,0.439,0.264,0.176,0.527,0.088,-1.055,0.176,0.088,0.088,0.439,0.088,0.088,0.176,0.088,0.088,0.527,0.264,0.088,0.439,0.264,0.176,0.527,0.088,-1.055,0.176,0.264,0.088,0.439,0.088,0.088,0.176,0.088,0.088,0.527,0.264,0.006,2.4,12.00,33.0
100.5474,2314,17,rest,8,100.5474,100.5556,0,0.088,0.439,0.264,0.176,0.527,0.088,-1.055,0.176,0.088,0.088,0.439,0.088,0.088,0.176,0.088,0.088,0.527,0.264,0.088,0.439,0.264,0.176,0.527,0.088,-1.055,0.176,0.264,0.088,0.439,0.088,0.088,0.176,0.088,0.088,0.527,0.264,0.006,2.4,12.00,33.0
100.5872,2315,17,rest,8,100.5872,100.5955,0,0.088,0.439,0.264,0.176,0.527,0.088,-1.055,0.176,0.088,0.088,0.439,0.088,0.088,0.176,0.088,0.088,0.527,0.264,0.088,0.439,0.264,0.176,0.527,0.088,-1.055,0.176,0.264,0.088,0.439,0.088,0.088,0.176,0.088,0.088,0.527,0.264,0.006,2.4,12.00,33.0
100.6271,2316,17,rest,8,100.6271,100.6352,0,0.088,0.439,0.264,0.176,0.527,0.088,-1.055,0.176,0.088,0.088,0.439,0.088,0.088,0.176,0.088,0.088,0.527,0.264,0.088,0.439,0.264,0.176,0.527,0.088,-1.055,0.176,0.264,0.088,0.439,0.088,0.088,0.176,0.088,0.088,0.527,0.264,0.006,2.4,12.00,33.0
100.6672,2317,17,rest,8,100.6672,100.6751,0,0.088,0.439,0.264,0.176,0.527,0.088,-1.055,0.176,0.088,0.088,0.439,0.088,0.088,0.176,0.088,0.088,0.527,0.264,0.088,0.439,0.264,0.176,0.527,0.088,-1.055,0.176,0.264,0.088,0.439,0.088,0.088,0.176,0.088,0.088,0.527,0.264,0.006,2.4,12.00,33.0
100.7074,2318,17,rest,8,100.7074,100.7156,0,0.088,0.439,0.264,0.176,0.527,0.088,-1.055,0.176,0.088,0.088,0.439,0.088,0.088,0.176,0.088,0.088,0.527,0.264,0.088,0.439,0.264,0.176,0.527,0.088,-1.055,0.176,0.264,0.088,0.439,0.088,0.088,0.176,0.088,0.088,0.527,0.264,0.006,2.4,12.00,33.0
100.7472,2319,17,rest,8,100.7472,100.7558,0,0.088,0.439,0.264,0.176,0.527,0.088,-1.055,0.176,0.088,0.088,0.439,0.088,0.088,0.176,0.088,0.088,0.527,0.264,0.088,0.439,0.264,0.176,0.527,0.088,-1.055,0.176,0.264,0.088,0.439,0.088,0.088,0.176,0.088,0.088,0.527,0.264,0.006,2.4,12.00,33.0
100.7872,2320,17,rest,8,100.7872,100.7957,0,0.088,0.439,0.264,0.176,0.527,0.088,-1.055,0.176,0.088,0.088,0.439,0.088,0.088,0.176,0.088,0.088,0.527,0.264,0.088,0.439,0.264,0.176,0.527,0.088,-1.055,0.176,0.264,0.088,0.439,0.088,0.088,0.176,0.088,0.088,0.527,0.264,0.006,2.4,12.00,33.0
100.8274,2321,17,rest,8,100.8274,100.8352,0,0.088,0.439,0.264,0.176,0.527,0.088,-1.055,0.176,0.088,0.088,0.439,0.088,0.088,0.176,0.088,0.088,0.527,0.264,0.088,0.439,0.264,0.176,0.527,0.088,-1.055,0.176,0.264,0.088,0.439,0.088,0.088,0.176,0.088,0.088,0.527,0.264,0.000,2.4,12.00,33.0
100.8682,2322,17,rest,8,100.8682,100.8759,0,0.088,0.439,0.264,0.176,0.527,0.088,-1.055,0.176,0.088,0.088,0.439,0.088,0.088,0.176,0.088,0.088,0.527,0.264,0.088,0.439,0.264,0.176,0.527,0.088,-1.055,0.176,0.264,0.088,0.439,0.088,0.088,0.176,0.088,0.088,0.527,0.264,0.000,2.4,12.00,33.0
100.9121,2323,18,pre,8,100.9121,100.9203,0,0.088,0.439,0.264,0.176,0.527,0.088,-1.055,0.176,0.088,0.088,0.439,0.088,0.088,0.176,0.088,0.088,0.527,0.264,0.088,0.439,0.264,0.176,0.527,0.088,-1.055,0.176,0.088,0.088,0.439,0.088,0.088,0.176,0.088,0.088,0.527,0.264,0.000,2.4,12.00,33.0
100.9471,2324,18,pre,8,100.9471,100.9557,0,0.088,0.439,0.264,0.176,0.527,0.088,-1.055,0.176,0.088,0.088,0.439,0.088,0.088,0.176,0.088,0.088,0.527,0.264,0.088,0.439,0.264,0.176,0.527,0.088,-1.055,0.176,0.088,0.088,0.439,0.088,0.088,0.176,0.088,0.088,0.527,0.264,0.000,0.0,12.00,33.0
100.9872,2325,18,pre,8,100.9872,100.9957,0,0.088,0.439,0.264,0.176,0.527,0.088,-1.055,0.176,0.088,0.088,0.439,0.088,0.088,0.176,0.088,0.088,0.527,0.264,0.088,0.439,0.264,0.176,0.527,0.088,-1.055,0.176,0.088,0.088,0.439,0.088,0.088,0.176,0.088,0.088,0.527,0.264,0.000,0.0,12.00,33.0
101.0274,2326,18,pre,8,101.0274,101.0355,0,0.088,0.439,0.264,0.176,0.527,0.088,-1.055,0.176,0.088,0.088,0.439,0.088,0.088,0.176,0.088,0.088,0.527,0.264,0.088,0.439,0.264,0.176,0.527,0.088,-1.055,0.176,0.088,0.088,0.439,0.088,0.088,0.176,0.088,0.088,0.527,0.264,0.000,0.0,12.00,33.0
101.0674,2327,18,pre,8,101.0674,101.0759,0,0.088,0.439,0.264,0.176,0.527,0.088,-1.055,0.176,0.088,0.088,0.439,0.088,0.088,0.176,0.088,0.088,0.527,0.264,0.088,0.439,0.264,0.176,0.527,0.088,-1.055,0.176,0.088,0.088,0.439,0.088,0.088,0.176,0.088,0.088,0.527,0.264,0.000,0.0,12.00,33.0
101.1075,2328,18,pre,8,101.1075,101.1155,0,0.088,0.439,0.264,0.176,0.527,0.088,-1.055,0.176,0.088,0.088,0.439,0.088,0.088,0.176,0.088,0.088,0.527,0.264,0.088,0.439,0.264,0.176,0.527,0.088,-1.055,0.176,0.088,0.088,0.439,0.088,0.088,0.176,0.088,0.088,0.527,0.264,0.000,0.0,12.00,33.0
101.1472,2329,18,pre,8,101.1472,101.1553,0,0.088,0.439,0.264,0.176,0.527,0.088,-1.055,0.176,0.088,0.088,0.439,0.088,0.088,0.176,0.088,0.088,0.527,0.264,0.088,0.439,0.264,0.176,0.527,0.088,-1.055,0.176,0.088,0.088,0.439,0.088,0.088,0.176,0.088,0.088,0.527,0.264,0.000,0.0,12.00,33.0
101.1871,2330,18,pre,8,101.1871,101.1952,0,0.088,0.439,0.264,0.176,0.527,0.088,-1.055,0.176,0.088,0.088,0.439,0.088,0.088,0.176,0.088,0.088,0.527,0.264,0.088,0.439,0.264,0.176,0.527,0.088,-1.055,0.176,0.088,0.088,0.439,0.088,0.088,0.176,0.088,0.088,0.527,0.264,0.000,0.0,12.00,33.0
101.2272,2331,18,pre,8,101.2272,101.2354,0,0.088,0.439,0.264,0.176,0.527,0.088,-1.055,0.176,0.088,0.088,0.439,0.088,0.088,0.176,0.088,0.088,0.527,0.264,0.088,0.439,0.264,0.176,0.527,0.088,-1.055,0.176,0.088,0.088,0.439,0.088,0.088,0.176,0.088,0.088,0.527,0.264,0.000,0.0,12.00,33.0
101.2672,2332,18,pre,8,101.2672,101.2752,0,0.088,0.439,0.264,0.176,0.527,0.088,-1.055,0.176,0.088,0.088,0.439,0.088,0.088,0.176,0.088,0.088,0.527,0.264,0.088,0.439,0.264,0.176,0.527,0.088,-1.055,0.176,0.088,0.088,0.439,0.088,0.088,0.176,0.088,0.088,0.527,0.264,0.000,0.0,12.00,33.0
101.3072,2333,18,pre,8,101.3072,101.3154,0,0.088,0.439,0.264,0.176,0.527,0.088,-1.055,0.176,0.088,0.088,0.439,0.088,0.088,0.176,0.088,0.088,0.527,0.264,0.088,0.439,0.264,0.176,0.527,0.088,-1.055,0.176,0.088,0.088,0.439,0.088,0.088,0.176,0.088,0.088,0.527,0.264,0.000,0.0,12.00,33.0
101.3474,2334,18,pre,8,101.3474,101.3556,0,0.088,0.439,0.264,0.176,0.527,0.088,-1.055,0.176,0.088,0.088,0.439,0.088,0.088,0.176,0.088,0.088,0.527,0.264,0.088,0.439,0.264,0.176,0.527,0.088,-1.055,0.176,0.088,0.088,0.439,0.088,0.088,0.176,0.088,0.088,0.527,0.264,0.000,0.0,12.00,33.0
101.3872,2335,18,pre,8,101.3872,101.3954,0,0.088,0.439,0.264,0.176,0.527,0.088,-1.055,0.176,0.088,0.088,0.439,0.088,0.088,0.176,0.088,0.088,0.527,0.264,0.088,0.439,0.264,0.176,0.527,0.088,-1.055,0.176,0.088,0.088,0.439,0.088,0.088,0.176,0.088,0.088,0.527,0.264,0.000,0.0,12.00,33.0
101.4274,2336,18,pre,8,101.4274,101.4359,0,0.088,0.439,0.264,0.176,0.527,0.088,-1.055,0.176,0.088,0.088,0.439,0.088,0.088,0.176,0.088,0.088,0.527,0.264,0.088,0.439,0.264,0.176,0.527,0.088,-1.055,0.176,0.088,0.088,0.439,0.088,0.088,0.176,0.088,0.088,0.527,0.264,0.000,0.0,12.00,33.0
101.4692,2337,18,pre,8,101.4692,101.4775,0,0.088,0.439,0.264,0.176,0.527,0.088,-1.055,0.176,0.088,0.088,0.439,0.088,0.088,0.176,0.088,0.088,0.527,0.264,0.088,0.439,0.264,0.176,0.527,0.088,-1.055,0.176,0.088,0.088,0.439,0.088,0.088,0.176,0.088,0.088,0.527,0.264,0.000,0.0,12.00,33.0
101.5072,2338,18,move,8,101.5072,101.5157,0,0.088,0.439,0.264,0.176,0.527,0.088,-1.055,0.176,0.088,0.088,0.439,0.088,0.088,0.176,0.088,0.088,0.527,0.264,0.088,0.439,0.264,0.176,0.527,0.088,-1.055,0.176,0.088,0.088,0.439,0.088,0.088,0.176,0.088,0.088,0.527,0.264,0.000,0.0,12.00,33.0
101.5474,2339,18,move,8,101.5474,101.5560,0,0.088,0.439,0.264,0.176,0.527,0.088,-1.055,0.176,0.088,0.088,0.439,0.088,0.088,0.176,0.088,0.088,0.527,0.264,0.088,0.439,0.264,0.176,0.527,0.088,-1.055,0.176,0.824,0.088,0.439,0.088,0.088,0.176,0.088,0.088,0.527,0.264,0.000,0.0,12.00,33.0
101.5874,2340,18,move,8,101.5874,101.5960,0,0.088,0.439,0.264,0.176,0.527,0.088,-1.055,0.176,0.088,0.088,0.439,0.088,0.088,0.176,0.088,0.088,0.527,0.264,0.088,0.439,0.264,0.176,0.527,0.088,-1.055,0.176,1.457,0.088,0.439,0.088,0.088,0.176,0.088,0.088,0.527,0.264,0.000,0.0,12.00,33.0
101.6274,2341,18,move,8,101.6274,101.6360,0,0.088,0.439,0.264,0.176,0.527,0.088,-1.055,0.176,0.264,0.088,0.439,0.088,0.088,0.176,0.088,0.088,0.527,0.264,0.088,0.439,0.264,0.176,0.527,0.088,-1.055,0.176,1.898,0.088,0.439,0.088,0.088,0.176,0.088,0.088,0.527,0.264,0.000,0.0,12.00,33.0
101.6674,2342,18,move,8,101.6674,101.6760,0,0.088,0.439,0.264,0.176,0.527,0.088,-1.055,0.176,0.791,0.088,0.439,0.088,0.088,0.176,0.088,0.088,0.527,0.264,0.088,0.439,0.264,0.176,0.527,0.088,-1.055,0.176,2.084,0.088,0.439,0.088,0.088,0.176,0.088,0.088,0.527,0.264,0.013,7.2,12.00,33.0
101.7072,2343,18,move,8,101.7072,101.7159,0,0.088,0.439,0.264,0.176,0.527,0.088,-1.055,0.176,1.318,0.088,0.439,0.088,0.088,0.176,0.088,0.088,0.527,0.264,0.088,0.439,0.264,0.176,0.527,0.088,-1.055,0.176,1.990,0.088,0.439,0.088,0.088,0.176,0.088,0.088,0.527,0.264,0.013,7.2,12.00,33.0
101.7474,2344,18,move,8,101.7474,101.7557,0,0.088,0.439,0.264,0.176,0.527,0.088,-1.055,0.176,1.582,0.088,0.439,0.088,0.088,0.176,0.088,0.088,0.527,0.264,0.088,0.439,0.264,0.176,0.527,0.088,-1.055,0.176,1.629,0.088,0.439,0.088,0.088,0.176,0.088,0.088,0.527,0.264,0.013,7.2,12.00,33.0
101.7872,2345,18,move,8,101.7872,101.7952,0,0.088,0.439,0.264,0.176,0.527,0.088,-1.055,0.176,1.670,0.088,0.439,0.088,0.088,0.176,0.088,0.088,0.527,0.264,0.088,0.439,0.264,0.176,0.527,0.088,-1.055,0.176,1.051,0.088,0.439,0.088,0.088,0.176,0.088,0.088,0.527,0.264,0.000,2.0,12.00,33.0
101.8272,2346,18,move,8,101.8272,101.8354,0,0.088,0.439,0.264,0.176,0.527,0.088,-1.055,0.176,1.670,0.088,0.439,0.088,0.088,0.176,0.088,0.088,0.527,0.264,0.088,0.439,0.264,0.176,0.527,0.088,-1.055,0.176,0.339,0.088,0.439,0.088,0.088,0.176,0.088,0.088,0.527,0.264,0.000,2.0,12.00,33.0
101.8674,2347,18,move,8,101.8674,101.8755,0,0.088,0.439,0.264,0.176,0.527,0.088,-1.055,0.176,1.318,0.088,0.439,0.088,0.088,0.176,0.088,0.088,0.527,0.264,0.088,0.439,0.264,0.176,0.527,0.088,-1.055,0.176,-0.409,0.088,0.439,0.088,0.088,0.176,0.088,0.088,0.527,0.264,0.000,2.0,12.00,33.0
101.9072,2348,18,move,8,101.9072,101.9149,0,0.088,0.439,0.264,0.176,0.527,0.088,-1.055,0.176,1.143,0.088,0.439,0.088,0.088,0.176,0.088,0.088,0.527,0.264,0.088,0.439,0.264,0.176,0.527,0.088,-1.055,0.176,-1.088,0.088,0.439,0.088,0.088,0.176,0.088,0.088,0.527,0.264,0.019,12.4,12.00,33.0
101.9472,2349,18,move,8,101.9472,101.9559,0,0.088,0.439,0.264,0.176,0.527,0.088,-1.055,0.176,0.439,0.088,0.439,0.088,0.088,0.176,0.088,0.088,0.527,0.264,0.088,0.439,0.264,0.176,0.527,0.088,-1.055,0.176,-1.601,0.088,0.439,0.088,0.088,0.176,0.088,0.088,0.527,0.264,0.019,12.4,12.00,33.0
101.9874,2350,18,move,8,101.9874,101.9959,0,0.088,0.439,0.264,0.176,0.527,0.088,-1.055,0.176,-0.264,0.088,0.439,0.088,0.088,0.176,0.088,0.088,0.527,0.264,0.088,0.439,0.264,0.176,0.527,0.088,-1.055,0.176,-1.877,0.088,0.439,0.088,0.088,0.176,0.088,0.088,0.527,0.264,0.019,12.4,12.00,33.0
102.0274,2351,18,move,8,102.0274,102.0362,0,0.088,0.439,0.264,0.176,0.527,0.088,-1.055,0.176,-0.791,0.088,0.439,0.088,0.088,0.176,0.088,0.088,0.527,0.264,0.088,0.439,0.264,0.176,0.527,0.088,-1.055,0.176,-1.877,0.088,0.439,0.088,0.088,0.176,0.088,0.088,0.527,0.264,0.013,8.8,12.00,33.0
102.0671,2352,18,move,8,102.0671,102.0758,0,0.088,0.439,0.264,0.176,0.527,0.088,-1.055,0.176,-1.230,0.088,0.439,0.088,0.088,0.176,0.088,0.088,0.527,0.264,0.088,0.439,0.264,0.176,0.527,0.088,-1.055,0.176,-1.601,0.088,0.439,0.088,0.088,0.176,0.088,0.088,0.527,0.264,0.013,8.8,12.00,33.0
102.1074,2353,18,move,8,102.1074,102.1162,0,0.088,0.439,0.264,0.176,0.527,0.088,-1.055,0.176,-1.318,0.088,0.439,0.088,0.088,0.176,0.088,0.088,0.527,0.264,0.088,0.439,0.264,0.176,0.527,0.088,-1.055,0.176,-1.088,0.088,0.439,0.088,0.088,0.176,0.088,0.088,0.527,0.264,0.013,8.8,12.00,33.0
102.1472,2354,18,move,8,102.1472,102.1556,0,0.088,0.439,0.264,0.176,0.527,0.088,-1.055,0.176,-1.406,0.088,0.439,0.088,0.088,0.176,0.088,0.088,0.527,0.264,0.088,0.439,0.264,0.176,0.527,0.088,-1.055,0.176,-0.409,0.088,0.439,0.088,0.088,0.176,0.088,0.088,0.527,0.264,0.000,2.8,12.00,33.0
102.1874,2355,18,move,8,102.1874,102.1958,0,0.088,0.439,0.264,0.176,0.527,0.088,-1.055,0.176,-1.230,0.088,0.439,0.088,0.088,0.176,0.088,0.088,0.527,0.264,0.088,0.439,0.264,0.176,0.527,0.088,-1.055,0.176,0.339,0.088,0.439,0.088,0.088,0.176,0.088,0.088,0.527,0.264,0.000,2.8,12.00,33.0
102.2272,2356,18,move,8,102.2272,102.2356,0,0.088,0.439,0.264,0.176,0.527,0.088,-1.055,0.176,-0.791,0.088,0.439,0.088,0.088,0.176,0.088,0.088,0.527,0.264,0.088,0.439,0.264,0.176,0.527,0.088,-1.055,0.176,1.051,0.088,0.439,0.088,0.088,0.176,0.088,0.088,0.527,0.264,0.000,2.8,12.00,33.0
102.2674,2357,18,move,8,102.2674,102.2760,0,0.088,0.439,0.264,0.176,0.527,0.088,-1.055,0.176,-0.352,0.088,0.439,0.088,0.088,0.176,0.088,0.088,0.527,0.264,0.088,0.439,0.264,0.176,0.527,0.088,-1.055,0.176,1.629,0.088,0.439,0.088,0.088,0.176,0.088,0.088,0.527,0.264,0.013,9.2,12.00,33.0
102.3074,2358,18,move,8,102.3074,102.3161,0,0.088,0.439,0.264,0.176,0.527,0.088,-1.055,0.176,-0.088,0.088,0.439,0.088,0.088,0.176,0.088,0.088,0.527,0.264,0.088,0.439,0.264,0.176,0.527,0.088,-1.055,0.176,1.990,0.088,0.439,0.088,0.088,0.176,0.088,0.088,0.527,0.264,0.013,9.2,12.00,33.0
102.3474,2359,18,move,8,102.3474,102.3562,0,0.088,0.439,0.264,0.176,0.527,0.088,-1.055,0.176,0.791,0.088,0.439,0.088,0.088,0.176,0.088,0.088,0.527,0.264,0.088,0.439,0.264,0.176,0.527,0.088,-1.055,0.176,2.084,0.088,0.439,0.088,0.088,0.176,0.088,0.088,0.527,0.264,0.013,9.2,12.00,33.0
102.3871,2360,18,move,8,102.3871,102.3957,0,0.088,0.439,0.264,0.176,0.527,0.088,-1.055,0.176,1.406,0.088,0.439,0.088,0.088,0.176,0.088,0.088,0.527,0.264,0.088,0.439,0.264,0.176,0.527,0.088,-1.055,0.176,1.898,0.088,0.439,0.088,0.088,0.176,0.088,0.088,0.527,0.264,0.006,6.0,12.00,33.0
102.4271,2361,18,move,8,102.4271,102.4490,0,0.088,0.439,0.264,0.176,0.527,0.088,-1.055,0.176,1.670,0.088,0.439,0.088,0.088,0.176,0.088,0.088,0.527,0.264,0.088,0.439,0.264,0.176,0.527,0.088,-1.055,0.176,1.457,0.088,0.439,0.088,0.088,0.176,0.088,0.088,0.527,0.264,0.006,6.0,12.00,33.0
102.4671,2362,18,move,8,102.4671,102.4752,0,0.088,0.439,0.264,0.176,0.527,0.088,-1.055,0.176,1.670,0.088,0.439,0.088,0.088,0.176,0.088,0.088,0.527,0.264,0.088,0.439,0.264,0.176,0.527,0.088,-1.055,0.176,0.824,0.088,0.439,0.088,0.088,0.176,0.088,0.088,0.527,0.264,0.006,6.0,12.00,33.0
102.5074,2363,18,move,8,102.5074,102.5154,0,0.088,0.439,0.264,0.176,0.527,0.088,-1.055,0.176,1.670,0.088,0.439,0.088,0.088,0.176,0.088,0.088,0.527,0.264,0.088,0.439,0.264,0.176,0.527,0.088,-1.055,0.176,0.088,0.088,0.439,0.088,0.088,0.176,0.088,0.088,0.527,0.264,0.006,6.8,12.00,33.0
102.5474,2364,18,move,8,102.5474,102.5556,0,0.088,0.439,0.264,0.176,0.527,0.088,-1.055,0.176,1.230,0.088,0.439,0.088,0.088,0.176,0.088,0.088,0.527,0.264,0.088,0.439,0.264,0.176,0.527,0.088,-1.055,0.176,-0.648,0.088,0.439,0.088,0.088,0.176,0.088,0.088,0.527,0.264,0.006,6.8,12.00,33.0
102.5874,2365,18,move,8,102.5874,102.5955,0,0.088,0.439,0.264,0.176,0.527,0.088,-1.055,0.176,0.967,0.088,0.439,0.088,0.088,0.176,0.088,0.088,0.527,0.264,0.088,0.439,0.264,0.176,0.527,0.088,-1.055,0.176,-1.281,0.088,0.439,0.088,0.088,0.176,0.088,0.088,0.527,0.264,0.006,6.8,12.00,33.0
102.6274,2366,18,move,8,102.6274,102.6354,0,0.088,0.439,0.264,0.176,0.527,0.088,-1.055,0.176,0.264,0.088,0.439,0.088,0.088,0.176,0.088,0.088,0.527,0.264,0.088,0.439,0.264,0.176,0.527,0.088,-1.055,0.176,-1.722,0.088,0.439,0.088,0.088,0.176,0.088,0.088,0.527,0.264,0.006,10.0,12.00,33.0
102.6674,2367,18,move,8,102.6674,102.6752,0,0.088,0.439,0.264,0.176,0.527,0.088,-1.055,0.176,-0.439,0.088,0.439,0.088,0.088,0.176,0.088,0.088,0.527,0.264,0.088,0.439,0.264,0.176,0.527,0.088,-1.055,0.176,-1.908,0.088,0.439,0.088,0.088,0.176,0.088,0.088,0.527,0.264,0.006,10.0,12.00,33.0
102.7074,2368,18,move,8,102.7074,102.7155,0,0.088,0.439,0.264,0.176,0.527,0.088,-1.055,0.176,-1.055,0.088,0.439,0.088,0.088,0.176,0.088,0.088,0.527,0.264,0.088,0.439,0.264,0.176,0.527,0.088,-1.055,0.176,-1.814,0.088,0.439,0.088,0.088,0.176,0.088,0.088,0.527,0.264,0.006,10.0,12.00,33.0
102.7474,2369,18,move,8,102.7474,102.7550,0,0.088,0.439,0.264,0.176,0.527,0.088,-1.055,0.176,-1.318,0.088,0.439,0.088,0.088,0.176,0.088,0.088,0.527,0.264,0.088,0.439,0.264,0.176,0.527,0.088,-1.055,0.176,-1.453,0.088,0.439,0.088,0.088,0.176,0.088,0.088,0.527,0.264,0.006,3.6,12.00,33.0
102.7874,2370,18,move,8,102.7874,102.7956,0,0.088,0.439,0.264,0.176,0.527,0.088,-1.055,0.176,-1.406,0.088,0.439,0.088,0.088,0.176,0.088,0.088,0.527,0.264,0.088,0.439,0.264,0.176,0.527,0.088,-1.055,0.176,-0.876,0.088,0.439,0.088,0.088,0.176,0.088,0.088,0.527,0.264,0.006,3.6,12.00,33.0
102.8274,2371,18,move,8,102.8274,102.8354,0,0.088,0.439,0.264,0.176,0.527,0.088,-1.055,0.176,-1.406,0.088,0.439,0.088,0.088,0.176,0.088,0.088,0.527,0.264,0.088,0.439,0.264,0.176,0.527,0.088,-1.055,0.176,-0.163,0.088,0.439,0.088,0.088,0.176,0.088,0.088,0.527,0.264,0.006,3.6,12.00,33.0
102.8674,2372,18,move,8,102.8674,102.8775,0,0.088,0.439,0.264,0.176,0.527,0.088,-1.055,0.176,-1.230,0.088,0.439,0.088,0.088,0.176,0.088,0.088,0.527,0.264,0.088,0.439,0.264,0.176,0.527,0.088,-1.055,0.176,0.585,0.088,0.439,0.088,0.088,0.176,0.088,0.088,0.527,0.264,0.006,7.6,12.00,33.0
102.9074,2373,18,move,8,102.9074,102.9178,0,0.088,0.439,0.264,0.176,0.527,0.088,-1.055,0.176,-0.703,0.088,0.439,0.088,0.088,0.176,0.088,0.088,0.527,0.264,0.088,0.439,0.264,0.176,0.527,0.088,-1.055,0.176,1.263,0.088,0.439,0.088,0.088,0.176,0.088,0.088,0.527,0.264,0.006,7.6,12.00,33.0
102.9472,2374,18,move,8,102.9472,102.9549,0,0.088,0.439,0.264,0.176,0.527,0.088,-1.055,0.176,-0.352,0.088,0.439,0.088,0.088,0.176,0.088,0.088,0.527,0.264,0.088,0.439,0.264,0.176,0.527,0.088,-1.055,0.176,1.777,0.088,0.439,0.088,0.088,0.176,0.088,0.088,0.527,0.264,0.006,7.6,12.00,33.0
102.9874,2375,18,move,8,102.9874,102.9951,0,0.088,0.439,0.264,0.176,0.527,0.088,-1.055,0.176,0.176,0.088,0.439,0.088,0.088,0.176,0.088,0.088,0.527,0.264,0.088,0.439,0.264,0.176,0.527,0.088,-1.055,0.176,2.052,0.088,0.439,0.088,0.088,0.176,0.088,0.088,0.527,0.264,0.006,10.4,12.00,33.0
103.0272,2376,18,move,8,103.0272,103.0352,0,0.088,0.439,0.264,0.176,0.527,0.088,-1.055,0.176,0.967,0.088,0.439,0.088,0.088,0.176,0.088,0.088,0.527,0.264,0.088,0.439,0.264,0.176,0.527,0.088,-1.055,0.176,2.052,0.088,0.439,0.088,0.088,0.176,0.088,0.088,0.527,0.264,0.006,10.4,12.00,33.0
103.0672,2377,18,move,8,103.0672,103.0752,0,0.088,0.439,0.264,0.176,0.527,0.088,-1.055,0.176,1.406,0.088,0.439,0.088,0.088,0.176,0.088,0.088,0.527,0.264,0.088,0.439,0.264,0.176,0.527,0.088,-1.055,0.176,1.777,0.088,0.439,0.088,0.088,0.176,0.088,0.088,0.527,0.264,0.006,10.4,12.00,33.0
103.1072,2378,18,move,8,103.1072,103.1152,0,0.088,0.439,0.264,0.176,0.527,0.088,-1.055,0.176,1.582,0.088,0.439,0.088,0.088,0.176,0.088,0.088,0.527,0.264,0.088,0.439,0.264,0.176,0.527,0.088,-1.055,0.176,1.263,0.088,0.439,0.088,0.088,0.176,0.088,0.088,0.527,0.264,0.000,2.8,12.00,33.0
103.1472,2379,18,move,8,103.1472,103.1555,0,0.088,0.439,0.264,0.176,0.527,0.088,-1.055,0.176,1.494,0.088,0.439,0.088,0.088,0.176,0.088,0.088,0.527,0.264,0.088,0.439,0.264,0.176,0.527,0.088,-1.055,0.176,0.585,0.088,0.439,0.088,0.088,0.176,0.088,0.088,0.527,0.264,0.000,2.8,12.00,33.0
103.1872,2380,18,move,8,103.1872,103.1955,0,0.088,0.439,0.264,0.176,0.527,0.088,-1.055,0.176,1.494,0.088,0.439,0.088,0.088,0.176,0.088,0.088,0.527,0.264,0.088,0.439,0.264,0.176,0.527,0.088,-1.055,0.176,-0.163,0.088,0.439,0.088,0.088,0.176,0.088,0.088,0.527,0.264,0.000,2.8,12.00,33.0
103.2274,2381,18,move,8,103.2274,103.2359,0,0.088,0.439,0.264,0.176,0.527,0.088,-1.055,0.176,1.055,0.088,0.439,0.088,0.088,0.176,0.088,0.088,0.527,0.264,0.088,0.439,0.264,0.176,0.527,0.088,-1.055,0.176,-0.876,0.088,0.439,0.088,0.088,0.176,0.088,0.088,0.527,0.264,0.013,10.0,12.00,33.0
103.2674,2382,18,move,8,103.2674,103.2755,0,0.088,0.439,0.264,0.176,0.527,0.088,-1.055,0.176,0.791,0.088,0.439,0.088,0.088,0.176,0.088,0.088,0.527,0.264,0.088,0.439,0.264,0.176,0.527,0.088,-1.055,0.176,-1.453,0.088,0.439,0.088,0.088,0.176,0.088,0.088,0.527,0.264,0.013,10.0,12.00,33.0
103.3074,2383,18,move,8,103.3074,103.3172,0,0.088,0.439,0.264,0.176,0.527,0.088,-1.055,0.176,0.000,0.088,0.439,0.088,0.088,0.176,0.088,0.088,0.527,0.264,0.088,0.439,0.264,0.176,0.527,0.088,-1.055,0.176,-1.814,0.088,0.439,0.088,0.088,0.176,0.088,0.088,0.527,0.264,0.013,10.0,12.00,33.0
103.3472,2384,18,move,8,103.3472,103.3555,0,0.088,0.439,0.264,0.176,0.527,0.088,-1.055,0.176,-0.703,0.088,0.439,0.088,0.088,0.176,0.088,0.088,0.527,0.264,0.088,0.439,0.264,0.176,0.527,0.088,-1.055,0.176,-1.908,0.088,0.439,0.088,0.088,0.176,0.088,0.088,0.527,0.264,0.019,9.6,12.00,33.0
103.3871,2385,18,move,8,103.3871,103.3954,0,0.088,0.439,0.264,0.176,0.527,0.088,-1.055,0.176,-1.143,0.088,0.439,0.088,0.088,0.176,0.088,0.088,0.527,0.264,0.088,0.439,0.264,0.176,0.527,0.088,-1.055,0.176,-1.722,0.088,0.439,0.088,0.088,0.176,0.088,0.088,0.527,0.264,0.019,9.6,12.00,33.0
103.4274,2386,18,move,8,103.4274,103.4352,0,0.088,0.439,0.264,0.176,0.527,0.088,-1.055,0.176,-1.406,0.088,0.439,0.088,0.088,0.176,0.088,0.088,0.527,0.264,0.088,0.439,0.264,0.176,0.527,0.088,-1.055,0.176,-1.281,0.088,0.439,0.088,0.088,0.176,0.088,0.088,0.527,0.264,0.019,9.6,12.00,33.0
103.4674,2387,18,move,8,103.4674,103.4755,0,0.088,0.439,0.264,0.176,0.527,0.088,-1.055,0.176,-1.406,0.088,0.439,0.088,0.088,0.176,0.088,0.088,0.527,0.264,0.088,0.439,0.264,0.176,0.527,0.088,-1.055,0.176,-0.648,0.088,0.439,0.088,0.088,0.176,0.088,0.088,0.527,0.264,0.000,2.0,12.00,33.0
103.5074,2388,18,move,8,103.5074,103.5154,0,0.088,0.439,0.264,0.176,0.527,0.088,-1.055,0.176,-1.406,0.088,0.439,0.088,0.088,0.176,0.088,0.088,0.527,0.264,0.088,0.439,0.264,0.176,0.527,0.088,-1.055,0.176,0.088,0.088,0.439,0.088,0.088,0.176,0.088,0.088,0.527,0.264,0.000,2.0,12.00,33.0
103.5474,2389,18,move,8,103.5474,103.5554,0,0.088,0.439,0.264,0.176,0.527,0.088,-1.055,0.176,-1.055,0.088,0.439,0.088,0.088,0.176,0.088,0.088,0.527,0.264,0.088,0.439,0.264,0.176,0.527,0.088,-1.055,0.176,0.824,0.088,0.439,0.088,0.088,0.176,0.088,0.088,0.527,0.264,0.000,2.0,12.00,33.0
103.5874,2390,18,move,8,103.5874,103.5956,0,0.088,0.439,0.264,0.176,0.527,0.088,-1.055,0.176,-0.527,0.088,0.439,0.088,0.088,0.176,0.088,0.088,0.527,0.264,0.088,0.439,0.264,0.176,0.527,0.088,-1.055,0.176,1.457,0.088,0.439,0.088,0.088,0.176,0.088,0.088,0.527,0.264,0.006,7.6,12.00,33.0
103.6274,2391,18,move,8,103.6274,103.6356,0,0.088,0.439,0.264,0.176,0.527,0.088,-1.055,0.176,-0.352,0.088,0.439,0.088,0.088,0.176,0.088,0.088,0.527,0.264,0.088,0.439,0.264,0.176,0.527,0.088,-1.055,0.176,1.898,0.088,0.439,0.088,0.088,0.176,0.088,0.088,0.527,0.264,0.006,7.6,12.00,33.0
103.6674,2392,18,move,8,103.6674,103.6756,0,0.088,0.439,0.264,0.176,0.527,0.088,-1.055,0.176,0.527,0.088,0.439,0.088,0.088,0.176,0.088,0.088,0.527,0.264,0.088,0.439,0.264,0.176,0.527,0.088,-1.055,0.176,2.084,0.088,0.439,0.088,0.088,0.176,0.088,0.088,0.527,0.264,0.006,7.6,12.00,33.0
103.7074,2393,18,move,8,103.7074,103.7156,0,0.088,0.439,0.264,0.176,0.527,0.088,-1.055,0.176,1.230,0.088,0.439,0.088,0.088,0.176,0.088,0.088,0.527,0.264,0.088,0.439,0.264,0.176,0.527,0.088,-1.055,0.176,1.990,0.088,0.439,0.088,0.088,0.176,0.088,0.088,0.527,0.264,0.006,6.4,12.00,33.0
103.7472,2394,18,move,8,103.7472,103.7553,0,0.088,0.439,0.264,0.176,0.527,0.088,-1.055,0.176,1.582,0.088,0.439,0.088,0.088,0.176,0.088,0.088,0.527,0.264,0.088,0.439,0.264,0.176,0.527,0.088,-1.055,0.176,1.629,0.088,0.439,0.088,0.088,0.176,0.088,0.088,0.527,0.264,0.006,6.4,12.00,33.0
103.7872,2395,18,move,8,103.7872,103.7955,0,0.088,0.439,0.264,0.176,0.527,0.088,-1.055,0.176,1.670,0.088,0.439,0.088,0.088,0.176,0.088,0.088,0.527,0.264,0.088,0.439,0.264,0.176,0.527,0.088,-1.055,0.176,1.051,0.088,0.439,0.088,0.088,0.176,0.088,0.088,0.527,0.264,0.006,6.4,12.00,33.0
103.8274,2396,18,move,8,103.8274,103.8362,0,0.088,0.439,0.264,0.176,0.527,0.088,-1.055,0.176,1.670,0.088,0.439,0.088,0.088,0.176,0.088,0.088,0.527,0.264,0.088,0.439,0.264,0.176,0.527,0.088,-1.055,0.176,0.339,0.088,0.439,0.088,0.088,0.176,0.088,0.088,0.527,0.264,0.013,5.6,12.00,33.0
103.8672,2397,18,move,8,103.8672,103.8754,0,0.088,0.439,0.264,0.176,0.527,0.088,-1.055,0.176,1.318,0.088,0.439,0.088,0.088,0.176,0.088,0.088,0.527,0.264,0.088,0.439,0.264,0.176,0.527,0.088,-1.055,0.176,-0.409,0.088,0.439,0.088,0.088,0.176,0.088,0.088,0.527,0.264,0.013,5.6,12.00,33.0
103.9072,2398,18,move,8,103.9072,103.9152,0,0.088,0.439,0.264,0.176,0.527,0.088,-1.055,0.176,1.143,0.088,0.439,0.088,0.088,0.176,0.088,0.088,0.527,0.264,0.088,0.439,0.264,0.176,0.527,0.088,-1.055,0.176,-1.088,0.088,0.439,0.088,0.088,0.176,0.088,0.088,0.527,0.264,0.013,5.6,12.00,33.0
103.9472,2399,18,move,8,103.9472,103.9541,0,0.088,0.439,0.264,0.176,0.527,0.088,-1.055,0.176,0.527,0.088,0.439,0.088,0.088,0.176,0.088,0.088,0.527,0.264,0.088,0.439,0.264,0.176,0.527,0.088,-1.055,0.176,-1.601,0.088,0.439,0.088,0.088,0.176,0.088,0.088,0.527,0.264,0.006,10.0,12.00,33.0
103.9872,2400,18,move,8,103.9872,103.9954,0,0.088,0.439,0.264,0.176,0.527,0.088,-1.055,0.176,-0.264,0.088,0.439,0.088,0.088,0.176,0.088,0.088,0.527,0.264,0.088,0.439,0.264,0.176,0.527,0.088,-1.055,0.176,-1.877,0.088,0.439,0.088,0.088,0.176,0.088,0.088,0.527,0.264,0.006,10.0,12.00,33.0
104.0274,2401,18,move,8,104.0274,104.0354,0,0.088,0.439,0.264,0.176,0.527,0.088,-1.055,0.176,-0.879,0.088,0.439,0.088,0.088,0.176,0.088,0.088,0.527,0.264,0.088,0.439,0.264,0.176,0.527,0.088,-1.055,0.176,-1.877,0.088,0.439,0.088,0.088,0.176,0.088,0.088,0.527,0.264,0.006,10.0,12.00,33.0
104.0672,2402,18,move,8,104.0672,104.0750,0,0.088,0.439,0.264,0.176,0.527,0.088,-1.055,0.176,-1.230,0.088,0.439,0.088,0.088,0.176,0.088,0.088,0.527,0.264,0.088,0.439,0.264,0.176,0.527,0.088,-1.055,0.176,-1.601,0.088,0.439,0.088,0.088,0.176,0.088,0.088,0.527,0.264,0.006,5.6,12.00,33.0
104.1071,2403,18,move,8,104.1071,104.1244,0,0.088,0.439,0.264,0.176,0.527,0.088,-1.055,0.176,-1.406,0.088,0.439,0.088,0.088,0.176,0.088,0.088,0.527,0.264,0.088,0.439,0.264,0.176,0.527,0.088,-1.055,0.176,-1.088,0.088,0.439,0.088,0.088,0.176,0.088,0.088,0.527,0.264,0.006,5.6,12.00,33.0
104.1472,2404,18,move,8,104.1472,104.1554,0,0.088,0.439,0.264,0.176,0.527,0.088,-1.055,0.176,-1.406,0.088,0.439,0.088,0.088,0.176,0.088,0.088,0.527,0.264,0.088,0.439,0.264,0.176,0.527,0.088,-1.055,0.176,-0.409,0.088,0.439,0.088,0.088,0.176,0.088,0.088,0.527,0.264,0.006,5.6,12.00,33.0
104.1872,2405,18,rest,8,104.1872,104.1951,0,0.088,0.439,0.264,0.176,0.527,0.088,-1.055,0.176,-1.230,0.088,0.439,0.088,0.088,0.176,0.088,0.088,0.527,0.264,0.088,0.439,0.264,0.176,0.527,0.088,-1.055,0.176,0.088,0.088,0.439,0.088,0.088,0.176,0.088,0.088,0.527,0.264,0.000,5.2,12.00,33.0
104.2272,2406,18,rest,8,104.2272,104.2351,0,0.088,0.439,0.264,0.176,0.527,0.088,-1.055,0.176,-0.791,0.088,0.439,0.088,0.088,0.176,0.088,0.088,0.527,0.264,0.088,0.439,0.264,0.176,0.527,0.088,-1.055,0.176,0.088,0.088,0.439,0.088,0.088,0.176,0.088,0.088,0.527,0.264,0.000,5.2,12.00,33.0
104.2674,2407,18,rest,8,104.2674,104.2754,0,0.088,0.439,0.264,0.176,0.527,0.088,-1.055,0.176,-0.439,0.088,0.439,0.088,0.088,0.176,0.088,0.088,0.527,0.264,0.088,0.439,0.264,0.176,0.527,0.088,-1.055,0.176,0.088,0.088,0.439,0.088,0.088,0.176,0.088,0.088,0.527,0.264,0.000,5.2,12.00,33.0
104.3072,2408,18,rest,8,104.3072,104.3153,0,0.088,0.439,0.264,0.176,0.527,0.088,-1.055,0.176,-0.352,0.088,0.439,0.088,0.088,0.176,0.088,0.088,0.527,0.264,0.088,0.439,0.264,0.176,0.527,0.088,-1.055,0.176,0.088,0.088,0.439,0.088,0.088,0.176,0.088,0.088,0.527,0.264,0.006,4.8,12.00,33.0
104.3472,2409,18,rest,8,104.3472,104.3552,0,0.088,0.439,0.264,0.176,0.527,0.088,-1.055,0.176,-0.352,0.088,0.439,0.088,0.088,0.176,0.088,0.088,0.527,0.264,0.088,0.439,0.264,0.176,0.527,0.088,-1.055,0.176,0.088,0.088,0.439,0.088,0.088,0.176,0.088,0.088,0.527,0.264,0.006,4.8,12.00,33.0
104.3872,2410,18,rest,8,104.3872,104.3945,0,0.088,0.439,0.264,0.176,0.527,0.088,-1.055,0.176,-0.176,0.088,0.439,0.088,0.088,0.176,0.088,0.088,0.527,0.264,0.088,0.439,0.264,0.176,0.527,0.088,-1.055,0.176,0.088,0.088,0.439,0.088,0.088,0.176,0.088,0.088,0.527,0.264,0.006,4.8,12.00,33.0
104.4272,2411,18,rest,8,104.4272,104.4352,0,0.088,0.439,0.264,0.176,0.527,0.088,-1.055,0.176,-0.176,0.088,0.439,0.088,0.088,0.176,0.088,0.088,0.527,0.264,0.088,0.439,0.264,0.176,0.527,0.088,-1.055,0.176,0.088,0.088,0.439,0.088,0.088,0.176,0.088,0.088,0.527,0.264,0.006,3.2,12.00,33.0
104.4672,2412,18,rest,8,104.4672,104.4750,0,0.088,0.439,0.264,0.176,0.527,0.088,-1.055,0.176,-0.176,0.088,0.439,0.088,0.088,0.176,0.088,0.088,0.527,0.264,0.088,0.439,0.264,0.176,0.527,0.088,-1.055,0.176,0.088,0.088,0.439,0.088,0.088,0.176,0.088,0.088,0.527,0.264,0.006,3.2,12.00,33.0
104.5072,2413,18,rest,8,104.5072,104.5154,0,0.088,0.439,0.264,0.176,0.527,0.088,-1.055,0.176,-0.176,0.088,0.439,0.088,0.088,0.176,0.088,0.088,0.527,0.264,0.088,0.439,0.264,0.176,0.527,0.088,-1.055,0.176,0.088,0.088,0.439,0.088,0.088,0.176,0.088,0.088,0.527,0.264,0.006,3.2,12.00,33.0
104.5472,2414,18,rest,8,104.5472,104.5554,0,0.088,0.439,0.264,0.176,0.527,0.088,-1.055,0.176,-0.176,0.088,0.439,0.088,0.088,0.176,0.088,0.088,0.527,0.264,0.088,0.439,0.264,0.176,0.527,0.088,-1.055,0.176,0.088,0.088,0.439,0.088,0.088,0.176,0.088,0.088,0.527,0.264,0.006,3.2,12.00,33.0
104.5872,2415,18,rest,8,104.5872,104.5956,0,0.088,0.439,0.264,0.176,0.527,0.088,-1.055,0.176,-0.176,0.088,0.439,0.088,0.088,0.176,0.088,0.088,0.527,0.264,0.088,0.439,0.264,0.176,0.527,0.088,-1.055,0.176,0.088,0.088,0.439,0.088,0.088,0.176,0.088,0.088,0.527,0.264,0.006,3.2,12.00,33.0
104.6274,2416,18,rest,8,104.6274,104.6358,0,0.088,0.439,0.264,0.176,0.527,0.088,-1.055,0.176,-0.176,0.088,0.439,0.088,0.088,0.176,0.088,0.088,0.527,0.264,0.088,0.439,0.264,0.176,0.527,0.088,-1.055,0.176,0.088,0.088,0.439,0.088,0.088,0.176,0.088,0.088,0.527,0.264,0.006,3.2,12.00,33.0
104.6674,2417,18,rest,8,104.6674,104.6759,0,0.088,0.439,0.264,0.176,0.527,0.088,-1.055,0.176,-0.176,0.088,0.439,0.088,0.088,0.176,0.088,0.088,0.527,0.264,0.088,0.439,0.264,0.176,0.527,0.088,-1.055,0.176,0.088,0.088,0.439,0.088,0.088,0.176,0.088,0.088,0.527,0.264,0.000,3.2,12.00,33.0
104.7074,2418,18,rest,8,104.7074,104.7160,0,0.088,0.439,0.264,0.176,0.527,0.088,-1.055,0.176,-0.176,0.088,0.439,0.088,0.088,0.176,0.088,0.088,0.527,0.264,0.088,0.439,0.264,0.176,0.527,0.088,-1.055,0.176,0.088,0.088,0.439,0.088,0.088,0.176,0.088,0.088,0.527,0.264,0.000,3.2,12.00,33.0
104.7474,2419,18,rest,8,104.7474,104.7561,0,0.088,0.439,0.264,0.176,0.527,0.088,-1.055,0.176,-0.176,0.088,0.439,0.088,0.088,0.176,0.088,0.088,0.527,0.264,0.088,0.439,0.264,0.176,0.527,0.088,-1.055,0.176,0.088,0.088,0.439,0.088,0.088,0.176,0.088,0.088,0.527,0.264,0.000,3.2,12.00,33.0
104.7872,2420,18,rest,8,104.7872,104.7955,0,0.088,0.439,0.264,0.176,0.527,0.088,-1.055,0.176,-0.176,0.088,0.439,0.088,0.088,0.176,0.088,0.088,0.527,0.264,0.088,0.439,0.264,0.176,0.527,0.088,-1.055,0.176,0.088,0.088,0.439,0.088,0.088,0.176,0.088,0.088,0.527,0.264,0.006,3.2,12.00,33.0
104.8272,2421,18,rest,8,104.8272,104.8353,0,0.088,0.439,0.264,0.176,0.527,0.088,-1.055,0.176,-0.176,0.088,0.439,0.088,0.088,0.176,0.088,0.088,0.527,0.264,0.088,0.439,0.264,0.176,0.527,0.088,-1.055,0.176,0.088,0.088,0.439,0.088,0.088,0.176,0.088,0.088,0.527,0.264,0.006,3.2,12.00,33.0
104.8674,2422,18,rest,8,104.8674,104.8755,0,0.088,0.439,0.264,0.176,0.527,0.088,-1.055,0.176,-0.176,0.088,0.439,0.088,0.088,0.176,0.088,0.088,0.527,0.264,0.088,0.439,0.264,0.176,0.527,0.088,-1.055,0.176,0.088,0.088,0.439,0.088,0.088,0.176,0.088,0.088,0.527,0.264,0.006,3.2,12.00,33.0
104.9074,2423,18,rest,8,104.9074,104.9156,0,0.088,0.439,0.264,0.176,0.527,0.088,-1.055,0.176,-0.176,0.088,0.439,0.088,0.088,0.176,0.088,0.088,0.527,0.264,0.088,0.439,0.264,0.176,0.527,0.088,-1.055,0.176,0.088,0.088,0.439,0.088,0.088,0.176,0.088,0.088,0.527,0.264,0.006,3.2,12.00,33.0
104.9474,2424,18,rest,8,104.9474,104.9556,0,0.088,0.439,0.264,0.176,0.527,0.088,-1.055,0.176,-0.176,0.088,0.439,0.088,0.088,0.176,0.088,0.088,0.527,0.264,0.088,0.439,0.264,0.176,0.527,0.088,-1.055,0.176,0.088,0.088,0.439,0.088,0.088,0.176,0.088,0.088,0.527,0.264,0.006,3.2,12.00,33.0
104.9916,2425,19,pre,8,104.9916,104.9987,0,0.088,0.439,0.264,0.176,0.527,0.088,-1.055,0.176,-0.176,0.088,0.439,0.088,0.088,0.176,0.088,0.088,0.527,0.264,0.088,0.439,0.264,0.176,0.527,0.088,-1.055,0.176,-0.176,0.088,0.439,0.088,0.088,0.176,0.088,0.088,0.527,0.264,0.006,3.2,12.00,33.0
105.0274,2426,19,pre,8,105.0274,105.0356,0,0.088,0.439,0.264,0.176,0.527,0.088,-1.055,0.176,-0.176,0.088,0.439,0.088,0.088,0.176,0.088,0.088,0.527,0.264,0.088,0.439,0.264,0.176,0.527,0.088,-1.055,0.176,-0.176,0.088,0.439,0.088,0.088,0.176,0.088,0.088,0.527,0.264,0.000,2.0,11.90,33.0
105.0674,2427,19,pre,8,105.0674,105.0754,0,0.088,0.439,0.264,0.176,0.527,0.088,-1.055,0.176,-0.176,0.088,0.439,0.088,0.088,0.176,0.088,0.088,0.527,0.264,0.088,0.439,0.264,0.176,0.527,0.088,-1.055,0.176,-0.176,0.088,0.439,0.088,0.088,0.176,0.088,0.088,0.527,0.264,0.000,2.0,11.90,33.0
105.1074,2428,19,pre,8,105.1074,105.1155,0,0.088,0.439,0.264,0.176,0.527,0.088,-1.055,0.176,-0.176,0.088,0.439,0.088,0.088,0.176,0.088,0.088,0.527,0.264,0.088,0.439,0.264,0.176,0.527,0.088,-1.055,0.176,-0.176,0.088,0.439,0.088,0.088,0.176,0.088,0.088,0.527,0.264,0.000,2.0,11.90,33.0
105.1474,2429,19,pre,8,105.1474,105.1554,0,0.088,0.439,0.264,0.176,0.527,0.088,-1.055,0.176,-0.176,0.088,0.439,0.088,0.088,0.176,0.088,0.088,0.527,0.264,0.088,0.439,0.264,0.176,0.527,0.088,-1.055,0.176,-0.176,0.088,0.439,0.088,0.088,0.176,0.088,0.088,0.527,0.264,0.000,0.0,12.00,33.0
105.1874,2430,19,pre,8,105.1874,105.1955,0,0.088,0.439,0.264,0.176,0.527,0.088,-1.055,0.176,-0.176,0.088,0.439,0.088,0.088,0.176,0.088,0.088,0.527,0.264,0.088,0.439,0.264,0.176,0.527,0.088,-1.055,0.176,-0.176,0.088,0.439,0.088,0.088,0.176,0.088,0.088,0.527,0.264,0.000,0.0,12.00,33.0
105.2272,2431,19,pre,8,105.2272,105.2354,0,0.088,0.439,0.264,0.176,0.527,0.088,-1.055,0.176,-0.176,0.088,0.439,0.088,0.088,0.176,0.088,0.088,0.527,0.264,0.088,0.439,0.264,0.176,0.527,0.088,-1.055,0.176,-0.176,0.088,0.439,0.088,0.088,0.176,0.088,0.088,0.527,0.264,0.000,0.0,12.00,33.0
105.2672,2432,19,pre,8,105.2672,105.2752,0,0.088,0.439,0.264,0.176,0.527,0.088,-1.055,0.176,-0.176,0.088,0.439,0.088,0.088,0.176,0.088,0.088,0.527,0.264,0.088,0.439,0.264,0.176,0.527,0.088,-1.055,0.176,-0.176,0.088,0.439,0.088,0.088,0.176,0.088,0.088,0.527,0.264,0.000,0.0,12.00,33.0
105.3072,2433,19,pre,8,105.3072,105.3153,0,0.088,0.439,0.264,0.176,0.527,0.088,-1.055,0.176,-0.176,0.088,0.439,0.088,0.088,0.176,0.088,0.088,0.527,0.264,0.088,0.439,0.264,0.176,0.527,0.088,-1.055,0.176,-0.176,0.088,0.439,0.088,0.088,0.176,0.088,0.088,0.527,0.264,0.000,0.0,12.00,33.0
105.3472,2434,19,pre,8,105.3472,105.3554,0,0.088,0.439,0.264,0.176,0.527,0.088,-1.055,0.176,-0.176,0.088,0.439,0.088,0.088,0.176,0.088,0.088,0.527,0.264,0.088,0.439,0.264,0.176,0.527,0.088,-1.055,0.176,-0.176,0.088,0.439,0.088,0.088,0.176,0.088,0.088,0.527,0.264,0.000,0.0,12.00,33.0
105.3872,2435,19,pre,8,105.3872,105.3953,0,0.088,0.439,0.264,0.176,0.527,0.088,-1.055,0.176,-0.176,0.088,0.439,0.088,0.088,0.176,0.088,0.088,0.527,0.264,0.088,0.439,0.264,0.176,0.527,0.088,-1.055,0.176,-0.176,0.088,0.439,0.088,0.088,0.176,0.088,0.088,0.527,0.264,0.000,0.0,12.00,33.0
105.4272,2436,19,pre,8,105.4272,105.4355,0,0.088,0.439,0.264,0.176,0.527,0.088,-1.055,0.176,-0.176,0.088,0.439,0.088,0.088,0.176,0.088,0.088,0.527,0.264,0.088,0.439,0.264,0.176,0.527,0.088,-1.055,0.176,-0.176,0.088,0.439,0.088,0.088,0.176,0.088,0.088,0.527,0.264,0.000,0.0,12.00,33.0
105.4674,2437,19,pre,8,105.4674,105.4752,0,0.088,0.439,0.264,0.176,0.527,0.088,-1.055,0.176,-0.176,0.088,0.439,0.088,0.088,0.176,0.088,0.088,0.527,0.264,0.088,0.439,0.264,0.176,0.527,0.088,-1.055,0.176,-0.176,0.088,0.439,0.088,0.088,0.176,0.088,0.088,0.527,0.264,0.000,0.0,12.00,33.0
105.5074,2438,19,pre,8,105.5074,105.5152,0,0.088,0.439,0.264,0.176,0.527,0.088,-1.055,0.176,-0.176,0.088,0.439,0.088,0.088,0.176,0.088,0.088,0.527,0.264,0.088,0.439,0.264,0.176,0.527,0.088,-1.055,0.176,-0.176,0.088,0.439,0.088,0.088,0.176,0.088,0.088,0.527,0.264,0.000,0.0,12.00,33.0
105.5474,2439,19,pre,8,105.5474,105.5556,0,0.088,0.439,0.264,0.176,0.527,0.088,-1.055,0.176,-0.176,0.088,0.439,0.088,0.088,0.176,0.088,0.088,0.527,0.264,0.088,0.439,0.264,0.176,0.527,0.088,-1.055,0.176,-0.176,0.088,0.439,0.088,0.088,0.176,0.088,0.088,0.527,0.264,0.000,0.0,12.00,33.0
105.5874,2440,19,move,8,105.5874,105.5956,0,0.088,0.439,0.264,0.176,0.527,0.088,-1.055,0.176,-0.176,0.088,0.439,0.088,0.088,0.176,0.088,0.088,0.527,0.264,0.088,0.439,0.264,0.176,0.527,0.088,-1.055,0.176,-0.176,0.088,0.439,0.088,0.088,0.176,0.088,0.088,0.527,0.264,0.000,0.0,12.00,33.0
105.6274,2441,19,move,8,105.6274,105.6357,0,0.088,0.439,0.264,0.176,0.527,0.088,-1.055,0.176,-0.176,0.088,0.439,0.088,0.088,0.176,0.088,0.088,0.527,0.264,0.088,0.439,0.264,0.176,0.527,0.088,-1.055,0.176,0.788,0.088,0.439,0.088,0.088,0.176,0.088,0.088,0.527,0.264,0.000,0.0,12.00,33.0
105.6671,2442,19,move,8,105.6671,105.6752,0,0.088,0.439,0.264,0.176,0.527,0.088,-1.055,0.176,-0.176,0.088,0.439,0.088,0.088,0.176,0.088,0.088,0.527,0.264,0.088,0.439,0.264,0.176,0.527,0.088,-1.055,0.176,1.513,0.088,0.439,0.088,0.088,0.176,0.088,0.088,0.527,0.264,0.000,0.0,12.00,33.0
105.7072,2443,19,move,8,105.7072,105.7156,0,0.088,0.439,0.264,0.176,0.527,0.088,-1.055,0.176,0.000,0.088,0.439,0.088,0.088,0.176,0.088,0.088,0.527,0.264,0.088,0.439,0.264,0.176,0.527,0.088,-1.055,0.176,1.820,0.088,0.439,0.088,0.088,0.176,0.088,0.088,0.527,0.264,0.000,0.0,12.00,33.0
105.7474,2444,19,move,8,105.7474,105.7557,0,0.088,0.439,0.264,0.176,0.527,0.088,-1.055,0.176,0.615,0.088,0.439,0.088,0.088,0.176,0.088,0.088,0.527,0.264,0.088,0.439,0.264,0.176,0.527,0.088,-1.055,0.176,1.634,0.088,0.439,0.088,0.088,0.176,0.088,0.088,0.527,0.264,0.006,7.2,12.00,33.0
105.7874,2445,19,move,8,105.7874,105.7954,0,0.088,0.439,0.264,0.176,0.527,0.088,-1.055,0.176,1.143,0.088,0.439,0.088,0.088,0.176,0.088,0.088,0.527,0.264,0.088,0.439,0.264,0.176,0.527,0.088,-1.055,0.176,1.000,0.088,0.439,0.088,0.088,0.176,0.088,0.088,0.527,0.264,0.006,7.2,12.00,33.0
105.8274,2446,19,move,8,105.8274,105.8357,0,0.088,0.439,0.264,0.176,0.527,0.088,-1.055,0.176,1.406,0.088,0.439,0.088,0.088,0.176,0.088,0.088,0.527,0.264,0.088,0.439,0.264,0.176,0.527,0.088,-1.055,0.176,0.075,0.088,0.439,0.088,0.088,0.176,0.088,0.088,0.527,0.264,0.006,7.2,12.00,33.0
105.8672,2447,19,move,8,105.8672,105.8752,0,0.088,0.439,0.264,0.176,0.527,0.088,-1.055,0.176,1.318,0.088,0.439,0.088,0.088,0.176,0.088,0.088,0.527,0.264,0.088,0.439,0.264,0.176,0.527,0.088,-1.055,0.176,-0.912,0.088,0.439,0.088,0.088,0.176,0.088,0.088,0.527,0.264,0.006,5.6,12.00,33.0
105.9074,2448,19,move,8,105.9074,105.9156,0,0.088,0.439,0.264,0.176,0.527,0.088,-1.055,0.176,0.967,0.088,0.439,0.088,0.088,0.176,0.088,0.088,0.527,0.264,0.088,0.439,0.264,0.176,0.527,0.088,-1.055,0.176,-1.717,0.088,0.439,0.088,0.088,0.176,0.088,0.088,0.527,0.264,0.006,5.6,12.00,33.0
105.9474,2449,19,move,8,105.9474,105.9561,0,0.088,0.439,0.264,0.176,0.527,0.088,-1.055,0.176,0.703,0.088,0.439,0.088,0.088,0.176,0.088,0.088,0.527,0.264,0.088,0.439,0.264,0.176,0.527,0.088,-1.055,0.176,-2.140,0.088,0.439,0.088,0.088,0.176,0.088,0.088,0.527,0.264,0.006,5.6,12.00,33.0
105.9872,2450,19,move,8,105.9872,105.9979,0,0.088,0.439,0.264,0.176,0.527,0.088,-1.055,0.176,-0.352,0.088,0.439,0.088,0.088,0.176,0.088,0.088,0.527,0.264,0.088,0.439,0.264,0.176,0.527,0.088,-1.055,0.176,-2.078,0.088,0.439,0.088,0.088,0.176,0.088,0.088,0.527,0.264,0.013,9.6,12.00,33.0
106.0275,2451,19,move,8,106.0275,106.0378,0,0.088,0.439,0.264,0.176,0.527,0.088,-1.055,0.176,-1.143,0.088,0.439,0.088,0.088,0.176,0.088,0.088,0.527,0.264,0.088,0.439,0.264,0.176,0.527,0.088,-1.055,0.176,-1.545,0.088,0.439,0.088,0.088,0.176,0.088,0.088,0.527,0.264,0.013,9.6,12.00,33.0
106.0674,2452,19,move,8,106.0674,106.0761,0,0.088,0.439,0.264,0.176,0.527,0.088,-1.055,0.176,-1.494,0.088,0.439,0.088,0.088,0.176,0.088,0.088,0.527,0.264,0.088,0.439,0.264,0.176,0.527,0.088,-1.055,0.176,-0.673,0.088,0.439,0.088,0.088,0.176,0.088,0.088,0.527,0.264,0.013,9.6,12.00,33.0
106.1072,2453,19,move,8,106.1072,106.1156,0,0.088,0.439,0.264,0.176,0.527,0.088,-1.055,0.176,-1.582,0.088,0.439,0.088,0.088,0.176,0.088,0.088,0.527,0.264,0.088,0.439,0.264,0.176,0.527,0.088,-1.055,0.176,0.322,0.088,0.439,0.088,0.088,0.176,0.088,0.088,0.527,0.264,0.000,2.4,12.00,33.0
106.1474,2454,19,move,8,106.1474,106.1559,0,0.088,0.439,0.264,0.176,0.527,0.088,-1.055,0.176,-1.582,0.088,0.439,0.088,0.088,0.176,0.088,0.088,0.527,0.264,0.088,0.439,0.264,0.176,0.527,0.088,-1.055,0.176,1.193,0.088,0.439,0.088,0.088,0.176,0.088,0.088,0.527,0.264,0.000,2.4,12.00,33.0
106.1874,2455,19,move,8,106.1874,106.1960,0,0.088,0.439,0.264,0.176,0.527,0.088,-1.055,0.176,-0.879,0.088,0.439,0.088,0.088,0.176,0.088,0.088,0.527,0.264,0.088,0.439,0.264,0.176,0.527,0.088,-1.055,0.176,1.726,0.088,0.439,0.088,0.088,0.176,0.088,0.088,0.527,0.264,0.000,2.4,12.00,33.0
106.2274,2456,19,move,8,106.2274,106.2361,0,0.088,0.439,0.264,0.176,0.527,0.088,-1.055,0.176,-0.527,0.088,0.439,0.088,0.088,0.176,0.088,0.088,0.527,0.264,0.088,0.439,0.264,0.176,0.527,0.088,-1.055,0.176,1.789,0.088,0.439,0.088,0.088,0.176,0.088,0.088,0.527,0.264,0.026,15.6,12.00,33.0
106.2672,2457,19,move,8,106.2672,106.2756,0,0.088,0.439,0.264,0.176,0.527,0.088,-1.055,0.176,0.439,0.088,0.439,0.088,0.088,0.176,0.088,0.088,0.527,0.264,0.088,0.439,0.264,0.176,0.527,0.088,-1.055,0.176,1.365,0.088,0.439,0.088,0.088,0.176,0.088,0.088,0.527,0.264,0.026,15.6,12.00,33.0
106.3074,2458,19,move,8,106.3074,106.3160,0,0.088,0.439,0.264,0.176,0.527,0.088,-1.055,0.176,1.055,0.088,0.439,0.088,0.088,0.176,0.088,0.088,0.527,0.264,0.088,0.439,0.264,0.176,0.527,0.088,-1.055,0.176,0.560,0.088,0.439,0.088,0.088,0.176,0.088,0.088,0.527,0.264,0.026,15.6,12.00,33.0
106.3474,2459,19,move,8,106.3474,106.3562,0,0.088,0.439,0.264,0.176,0.527,0.088,-1.055,0.176,1.230,0.088,0.439,0.088,0.088,0.176,0.088,0.088,0.527,0.264,0.088,0.439,0.264,0.176,0.527,0.088,-1.055,0.176,-0.426,0.088,0.439,0.088,0.088,0.176,0.088,0.088,0.527,0.264,0.000,2.8,12.00,33.0
106.3871,2460,19,move,8,106.3871,106.3957,0,0.088,0.439,0.264,0.176,0.527,0.088,-1.055,0.176,1.143,0.088,0.439,0.088,0.088,0.176,0.088,0.088,0.527,0.264,0.088,0.439,0.264,0.176,0.527,0.088,-1.055,0.176,-1.351,0.088,0.439,0.088,0.088,0.176,0.088,0.088,0.527,0.264,0.000,2.8,12.00,33.0
106.4274,2461,19,move,8,106.4274,106.4362,0,0.088,0.439,0.264,0.176,0.527,0.088,-1.055,0.176,0.703,0.088,0.439,0.088,0.088,0.176,0.088,0.088,0.527,0.264,0.088,0.439,0.264,0.176,0.527,0.088,-1.055,0.176,-1.985,0.088,0.439,0.088,0.088,0.176,0.088,0.088,0.527,0.264,0.000,2.8,12.00,33.0
106.4671,2462,19,move,8,106.4671,106.4758,0,0.088,0.439,0.264,0.176,0.527,0.088,-1.055,0.176,0.352,0.088,0.439,0.088,0.088,0.176,0.088,0.088,0.527,0.264,0.088,0.439,0.264,0.176,0.527,0.088,-1.055,0.176,-2.172,0.088,0.439,0.088,0.088,0.176,0.088,0.088,0.527,0.264,0.013,14.4,12.00,33.0
106.5074,2463,19,move,8,106.5074,106.5160,0,0.088,0.439,0.264,0.176,0.527,0.088,-1.055,0.176,-0.703,0.088,0.439,0.088,0.088,0.176,0.088,0.088,0.527,0.264,0.088,0.439,0.264,0.176,0.527,0.088,-1.055,0.176,-1.864,0.088,0.439,0.088,0.088,0.176,0.088,0.088,0.527,0.264,0.013,14.4,12.00,33.0
106.5474,2464,19,move,8,106.5474,106.5561,0,0.088,0.439,0.264,0.176,0.527,0.088,-1.055,0.176,-1.318,0.088,0.439,0.088,0.088,0.176,0.088,0.088,0.527,0.264,0.088,0.439,0.264,0.176,0.527,0.088,-1.055,0.176,-1.139,0.088,0.439,0.088,0.088,0.176,0.088,0.088,0.527,0.264,0.013,14.4,12.00,33.0
106.5871,2465,19,move,8,106.5871,106.5956,0,0.088,0.439,0.264,0.176,0.527,0.088,-1.055,0.176,-1.582,0.088,0.439,0.088,0.088,0.176,0.088,0.088,0.527,0.264,0.088,0.439,0.264,0.176,0.527,0.088,-1.055,0.176,-0.176,0.088,0.439,0.088,0.088,0.176,0.088,0.088,0.527,0.264,0.000,0.0,12.00,33.0
106.6274,2466,19,move,8,106.6274,106.6360,0,0.088,0.439,0.264,0.176,0.527,0.088,-1.055,0.176,-1.670,0.088,0.439,0.088,0.088,0.176,0.088,0.088,0.527,0.264,0.088,0.439,0.264,0.176,0.527,0.088,-1.055,0.176,0.788,0.088,0.439,0.088,0.088,0.176,0.088,0.088,0.527,0.264,0.000,0.0,12.00,33.0
106.6671,2467,19,move,8,106.6671,106.6758,0,0.088,0.439,0.264,0.176,0.527,0.088,-1.055,0.176,-1.318,0.088,0.439,0.088,0.088,0.176,0.088,0.088,0.527,0.264,0.088,0.439,0.264,0.176,0.527,0.088,-1.055,0.176,1.513,0.088,0.439,0.088,0.088,0.176,0.088,0.088,0.527,0.264,0.000,0.0,12.00,33.0
106.7074,2468,19,move,8,106.7074,106.7160,0,0.088,0.439,0.264,0.176,0.527,0.088,-1.055,0.176,-0.703,0.088,0.439,0.088,0.088,0.176,0.088,0.088,0.527,0.264,0.088,0.439,0.264,0.176,0.527,0.088,-1.055,0.176,1.820,0.088,0.439,0.088,0.088,0.176,0.088,0.088,0.527,0.264,0.006,10.8,12.00,33.0
106.7474,2469,19,move,8,106.7474,106.7560,0,0.088,0.439,0.264,0.176,0.527,0.088,-1.055,0.176,-0.352,0.088,0.439,0.088,0.088,0.176,0.088,0.088,0.527,0.264,0.088,0.439,0.264,0.176,0.527,0.088,-1.055,0.176,1.634,0.088,0.439,0.088,0.088,0.176,0.088,0.088,0.527,0.264,0.006,10.8,12.00,33.0
106.7872,2470,19,move,8,106.7872,106.7958,0,0.088,0.439,0.264,0.176,0.527,0.088,-1.055,0.176,0.703,0.088,0.439,0.088,0.088,0.176,0.088,0.088,0.527,0.264,0.088,0.439,0.264,0.176,0.527,0.088,-1.055,0.176,1.000,0.088,0.439,0.088,0.088,0.176,0.088,0.088,0.527,0.264,0.006,10.8,12.00,33.0
106.8274,2471,19,move,8,106.8274,106.8360,0,0.088,0.439,0.264,0.176,0.527,0.088,-1.055,0.176,1.230,0.088,0.439,0.088,0.088,0.176,0.088,0.088,0.527,0.264,0.088,0.439,0.264,0.176,0.527,0.088,-1.055,0.176,0.075,0.088,0.439,0.088,0.088,0.176,0.088,0.088,0.527,0.264,0.006,3.6,12.00,33.0
106.8671,2472,19,move,8,106.8671,106.8758,0,0.088,0.439,0.264,0.176,0.527,0.088,-1.055,0.176,1.318,0.088,0.439,0.088,0.088,0.176,0.088,0.088,0.527,0.264,0.088,0.439,0.264,0.176,0.527,0.088,-1.055,0.176,-0.912,0.088,0.439,0.088,0.088,0.176,0.088,0.088,0.527,0.264,0.006,3.6,12.00,33.0
106.9074,2473,19,move,8,106.9074,106.9161,0,0.088,0.439,0.264,0.176,0.527,0.088,-1.055,0.176,1.230,0.088,0.439,0.088,0.088,0.176,0.088,0.088,0.527,0.264,0.088,0.439,0.264,0.176,0.527,0.088,-1.055,0.176,-1.717,0.088,0.439,0.088,0.088,0.176,0.088,0.088,0.527,0.264,0.006,3.6,12.00,33.0
106.9474,2474,19,move,8,106.9474,106.9562,0,0.088,0.439,0.264,0.176,0.527,0.088,-1.055,0.176,0.791,0.088,0.439,0.088,0.088,0.176,0.088,0.088,0.527,0.264,0.088,0.439,0.264,0.176,0.527,0.088,-1.055,0.176,-2.140,0.088,0.439,0.088,0.088,0.176,0.088,0.088,0.527,0.264,0.019,14.4,12.00,33.0
106.9872,2475,19,move,8,106.9872,106.9957,0,0.088,0.439,0.264,0.176,0.527,0.088,-1.055,0.176,0.088,0.088,0.439,0.088,0.088,0.176,0.088,0.088,0.527,0.264,0.088,0.439,0.264,0.176,0.527,0.088,-1.055,0.176,-2.078,0.088,0.439,0.088,0.088,0.176,0.088,0.088,0.527,0.264,0.019,14.4,12.00,33.0
107.0274,2476,19,move,8,107.0274,107.0356,0,0.088,0.439,0.264,0.176,0.527,0.088,-1.055,0.176,-0.879,0.088,0.439,0.088,0.088,0.176,0.088,0.088,0.527,0.264,0.088,0.439,0.264,0.176,0.527,0.088,-1.055,0.176,-1.545,0.088,0.439,0.088,0.088,0.176,0.088,0.088,0.527,0.264,0.019,14.4,12.00,33.0
107.0672,2477,19,move,8,107.0672,107.0759,0,0.088,0.439,0.264,0.176,0.527,0.088,-1.055,0.176,-1.318,0.088,0.439,0.088,0.088,0.176,0.088,0.088,0.527,0.264,0.088,0.439,0.264,0.176,0.527,0.088,-1.055,0.176,-0.673,0.088,0.439,0.088,0.088,0.176,0.088,0.088,0.527,0.264,0.013,6.8,12.00,33.0
107.1071,2478,19,move,8,107.1071,107.1158,0,0.088,0.439,0.264,0.176,0.527,0.088,-1.055,0.176,-1.582,0.088,0.439,0.088,0.088,0.176,0.088,0.088,0.527,0.264,0.088,0.439,0.264,0.176,0.527,0.088,-1.055,0.176,0.322,0.088,0.439,0.088,0.088,0.176,0.088,0.088,0.527,0.264,0.013,6.8,12.00,33.0
107.1474,2479,19,move,8,107.1474,107.1560,0,0.088,0.439,0.264,0.176,0.527,0.088,-1.055,0.176,-1.582,0.088,0.439,0.088,0.088,0.176,0.088,0.088,0.527,0.264,0.088,0.439,0.264,0.176,0.527,0.088,-1.055,0.176,1.193,0.088,0.439,0.088,0.088,0.176,0.088,0.088,0.527,0.264,0.013,6.8,12.00,33.0
107.1871,2480,19,move,8,107.1871,107.1958,0,0.088,0.439,0.264,0.176,0.527,0.088,-1.055,0.176,-1.143,0.088,0.439,0.088,0.088,0.176,0.088,0.088,0.527,0.264,0.088,0.439,0.264,0.176,0.527,0.088,-1.055,0.176,1.726,0.088,0.439,0.088,0.088,0.176,0.088,0.088,0.527,0.264,0.006,9.6,12.00,33.0
107.2274,2481,19,move,8,107.2274,107.2361,0,0.088,0.439,0.264,0.176,0.527,0.088,-1.055,0.176,-0.527,0.088,0.439,0.088,0.088,0.176,0.088,0.088,0.527,0.264,0.088,0.439,0.264,0.176,0.527,0.088,-1.055,0.176,1.789,0.088,0.439,0.088,0.088,0.176,0.088,0.088,0.527,0.264,0.006,9.6,12.00,33.0
107.2674,2482,19,move,8,107.2674,107.2761,0,0.088,0.439,0.264,0.176,0.527,0.088,-1.055,0.176,0.176,0.088,0.439,0.088,0.088,0.176,0.088,0.088,0.527,0.264,0.088,0.439,0.264,0.176,0.527,0.088,-1.055,0.176,1.365,0.088,0.439,0.088,0.088,0.176,0.088,0.088,0.527,0.264,0.006,9.6,12.00,33.0
107.3072,2483,19,move,8,107.3072,107.3159,0,0.088,0.439,0.264,0.176,0.527,0.088,-1.055,0.176,0.967,0.088,0.439,0.088,0.088,0.176,0.088,0.088,0.527,0.264,0.088,0.439,0.264,0.176,0.527,0.088,-1.055,0.176,0.560,0.088,0.439,0.088,0.088,0.176,0.088,0.088,0.527,0.264,0.006,5.6,12.00,33.0
107.3529,2484,19,move,8,107.3529,107.3612,0,0.088,0.439,0.264,0.176,0.527,0.088,-1.055,0.176,1.230,0.088,0.439,0.088,0.088,0.176,0.088,0.088,0.527,0.264,0.088,0.439,0.264,0.176,0.527,0.088,-1.055,0.176,-0.426,0.088,0.439,0.088,0.088,0.176,0.088,0.088,0.527,0.264,0.006,5.6,12.00,33.0
107.3882,2485,19,move,8,107.3882,107.3969,0,0.088,0.439,0.264,0.176,0.527,0.088,-1.055,0.176,1.143,0.088,0.439,0.088,0.088,0.176,0.088,0.088,0.527,0.264,0.088,0.439,0.264,0.176,0.527,0.088,-1.055,0.176,-1.351,0.088,0.439,0.088,0.088,0.176,0.088,0.088,0.527,0.264,0.006,5.6,12.00,33.0
107.4272,2486,19,move,8,107.4272,107.4357,0,0.088,0.439,0.264,0.176,0.527,0.088,-1.055,0.176,0.879,0.088,0.439,0.088,0.088,0.176,0.088,0.088,0.527,0.264,0.088,0.439,0.264,0.176,0.527,0.088,-1.055,0.176,-1.985,0.088,0.439,0.088,0.088,0.176,0.088,0.088,0.527,0.264,0.013,8.8,12.00,33.0
107.4674,2487,19,move,8,107.4674,107.4809,0,0.088,0.439,0.264,0.176,0.527,0.088,-1.055,0.176,0.527,0.088,0.439,0.088,0.088,0.176,0.088,0.088,0.527,0.264,0.088,0.439,0.264,0.176,0.527,0.088,-1.055,0.176,-2.172,0.088,0.439,0.088,0.088,0.176,0.088,0.088,0.527,0.264,0.013,8.8,12.00,33.0
107.5072,2488,19,move,8,107.5072,107.5156,0,0.088,0.439,0.264,0.176,0.527,0.088,-1.055,0.176,-0.439,0.088,0.439,0.088,0.088,0.176,0.088,0.088,0.527,0.264,0.088,0.439,0.264,0.176,0.527,0.088,-1.055,0.176,-1.864,0.088,0.439,0.088,0.088,0.176,0.088,0.088,0.527,0.264,0.013,8.8,12.00,33.0
107.5474,2489,19,move,8,107.5474,107.5579,0,0.088,0.439,0.264,0.176,0.527,0.088,-1.055,0.176,-1.230,0.088,0.439,0.088,0.088,0.176,0.088,0.088,0.527,0.264,0.088,0.439,0.264,0.176,0.527,0.088,-1.055,0.176,-1.139,0.088,0.439,0.088,0.088,0.176,0.088,0.088,0.527,0.264,0.013,8.4,12.00,33.0
107.5872,2490,19,move,8,107.5872,107.5959,0,0.088,0.439,0.264,0.176,0.527,0.088,-1.055,0.176,-1.582,0.088,0.439,0.088,0.088,0.176,0.088,0.088,0.527,0.264,0.088,0.439,0.264,0.176,0.527,0.088,-1.055,0.176,-0.176,0.088,0.439,0.088,0.088,0.176,0.088,0.088,0.527,0.264,0.013,8.4,12.00,33.0
107.6272,2491,19,move,8,107.6272,107.6357,0,0.088,0.439,0.264,0.176,0.527,0.088,-1.055,0.176,-1.670,0.088,0.439,0.088,0.088,0.176,0.088,0.088,0.527,0.264,0.088,0.439,0.264,0.176,0.527,0.088,-1.055,0.176,0.788,0.088,0.439,0.088,0.088,0.176,0.088,0.088,0.527,0.264,0.013,8.4,12.00,33.0
107.6674,2492,19,move,8,107.6674,107.6759,0,0.088,0.439,0.264,0.176,0.527,0.088,-1.055,0.176,-1.406,0.088,0.439,0.088,0.088,0.176,0.088,0.088,0.527,0.264,0.088,0.439,0.264,0.176,0.527,0.088,-1.055,0.176,1.513,0.088,0.439,0.088,0.088,0.176,0.088,0.088,0.527,0.264,0.006,7.6,12.00,33.0
107.7071,2493,19,move,8,107.7071,107.7152,0,0.088,0.439,0.264,0.176,0.527,0.088,-1.055,0.176,-0.879,0.088,0.439,0.088,0.088,0.176,0.088,0.088,0.527,0.264,0.088,0.439,0.264,0.176,0.527,0.088,-1.055,0.176,1.820,0.088,0.439,0.088,0.088,0.176,0.088,0.088,0.527,0.264,0.006,7.6,12.00,33.0
107.7474,2494,19,move,8,107.7474,107.7555,0,0.088,0.439,0.264,0.176,0.527,0.088,-1.055,0.176,-0.527,0.088,0.439,0.088,0.088,0.176,0.088,0.088,0.527,0.264,0.088,0.439,0.264,0.176,0.527,0.088,-1.055,0.176,1.634,0.088,0.439,0.088,0.088,0.176,0.088,0.088,0.527,0.264,0.006,7.6,12.00,33.0
107.7872,2495,19,move,8,107.7872,107.7952,0,0.088,0.439,0.264,0.176,0.527,0.088,-1.055,0.176,0.527,0.088,0.439,0.088,0.088,0.176,0.088,0.088,0.527,0.264,0.088,0.439,0.264,0.176,0.527,0.088,-1.055,0.176,1.000,0.088,0.439,0.088,0.088,0.176,0.088,0.088,0.527,0.264,0.006,7.6,12.00,33.0
107.8274,2496,19,move,8,107.8274,107.8354,0,0.088,0.439,0.264,0.176,0.527,0.088,-1.055,0.176,1.143,0.088,0.439,0.088,0.088,0.176,0.088,0.088,0.527,0.264,0.088,0.439,0.264,0.176,0.527,0.088,-1.055,0.176,0.075,0.088,0.439,0.088,0.088,0.176,0.088,0.088,0.527,0.264,0.006,7.6,12.00,33.0
107.8672,2497,19,move,8,107.8672,107.8755,0,0.088,0.439,0.264,0.176,0.527,0.088,-1.055,0.176,1.318,0.088,0.439,0.088,0.088,0.176,0.088,0.088,0.527,0.264,0.088,0.439,0.264,0.176,0.527,0.088,-1.055,0.176,-0.912,0.088,0.439,0.088,0.088,0.176,0.088,0.088,0.527,0.264,0.006,7.6,12.00,33.0
107.9072,2498,19,move,8,107.9072,107.9153,0,0.088,0.439,0.264,0.176,0.527,0.088,-1.055,0.176,1.318,0.088,0.439,0.088,0.088,0.176,0.088,0.088,0.527,0.264,0.088,0.439,0.264,0.176,0.527,0.088,-1.055,0.176,-1.717,0.088,0.439,0.088,0.088,0.176,0.088,0.088,0.527,0.264,0.019,8.0,12.00,33.0
107.9472,2499,19,move,8,107.9472,107.9552,0,0.088,0.439,0.264,0.176,0.527,0.088,-1.055,0.176,0.791,0.088,0.439,0.088,0.088,0.176,0.088,0.088,0.527,0.264,0.088,0.439,0.264,0.176,0.527,0.088,-1.055,0.176,-2.140,0.088,0.439,0.088,0.088,0.176,0.088,0.088,0.527,0.264,0.019,8.0,12.00,33.0
107.9874,2500,19,move,8,107.9874,107.9955,0,0.088,0.439,0.264,0.176,0.527,0.088,-1.055,0.176,0.439,0.088,0.439,0.088,0.088,0.176,0.088,0.088,0.527,0.264,0.088,0.439,0.264,0.176,0.527,0.088,-1.055,0.176,-2.078,0.088,0.439,0.088,0.088,0.176,0.088,0.088,0.527,0.264,0.019,8.0,12.00,33.0
108.0271,2501,19,move,8,108.0271,108.0351,0,0.088,0.439,0.264,0.176,0.527,0.088,-1.055,0.176,-0.615,0.088,0.439,0.088,0.088,0.176,0.088,0.088,0.527,0.264,0.088,0.439,0.264,0.176,0.527,0.088,-1.055,0.176,-1.545,0.088,0.439,0.088,0.088,0.176,0.088,0.088,0.527,0.264,0.013,8.8,12.00,33.0
108.0672,2502,19,move,8,108.0672,108.0758,0,0.088,0.439,0.264,0.176,0.527,0.088,-1.055,0.176,-1.230,0.088,0.439,0.088,0.088,0.176,0.088,0.088,0.527,0.264,0.088,0.439,0.264,0.176,0.527,0.088,-1.055,0.176,-0.673,0.088,0.439,0.088,0.088,0.176,0.088,0.088,0.527,0.264,0.013,8.8,12.00,33.0
108.1074,2503,19,move,8,108.1074,108.1160,0,0.088,0.439,0.264,0.176,0.527,0.088,-1.055,0.176,-1.582,0.088,0.439,0.088,0.088,0.176,0.088,0.088,0.527,0.264,0.088,0.439,0.264,0.176,0.527,0.088,-1.055,0.176,0.322,0.088,0.439,0.088,0.088,0.176,0.088,0.088,0.527,0.264,0.013,8.8,12.00,33.0
108.1471,2504,19,move,8,108.1471,108.1558,0,0.088,0.439,0.264,0.176,0.527,0.088,-1.055,0.176,-1.582,0.088,0.439,0.088,0.088,0.176,0.088,0.088,0.527,0.264,0.088,0.439,0.264,0.176,0.527,0.088,-1.055,0.176,1.193,0.088,0.439,0.088,0.088,0.176,0.088,0.088,0.527,0.264,0.000,3.6,12.00,32.0
108.1874,2505,19,move,8,108.1874,108.1960,0,0.088,0.439,0.264,0.176,0.527,0.088,-1.055,0.176,-1.318,0.088,0.439,0.088,0.088,0.176,0.088,0.088,0.527,0.264,0.088,0.439,0.264,0.176,0.527,0.088,-1.055,0.176,1.726,0.088,0.439,0.088,0.088,0.176,0.088,0.088,0.527,0.264,0.000,3.6,12.00,32.0
108.2272,2506,19,move,8,108.2272,108.2357,0,0.088,0.439,0.264,0.176,0.527,0.088,-1.055,0.176,-0.615,0.088,0.439,0.088,0.088,0.176,0.088,0.088,0.527,0.264,0.088,0.439,0.264,0.176,0.527,0.088,-1.055,0.176,1.789,0.088,0.439,0.088,0.088,0.176,0.088,0.088,0.527,0.264,0.000,3.6,12.00,32.0
108.2672,2507,19,move,8,108.2672,108.2754,0,0.088,0.439,0.264,0.176,0.527,0.088,-1.055,0.176,-0.176,0.088,0.439,0.088,0.088,0.176,0.088,0.088,0.527,0.264,0.088,0.439,0.264,0.176,0.527,0.088,-1.055,0.176,1.365,0.088,0.439,0.088,0.088,0.176,0.088,0.088,0.527,0.264,0.006,12.0,12.00,40.0
108.3071,2508,19,move,8,108.3071,108.3156,0,0.088,0.439,0.264,0.176,0.527,0.088,-1.055,0.176,0.791,0.088,0.439,0.088,0.088,0.176,0.088,0.088,0.527,0.264,0.088,0.439,0.264,0.176,0.527,0.088,-1.055,0.176,0.560,0.088,0.439,0.088,0.088,0.176,0.088,0.088,0.527,0.264,0.006,12.0,12.00,40.0
108.3474,2509,19,move,8,108.3474,108.3559,0,0.088,0.439,0.264,0.176,0.527,0.088,-1.055,0.176,1.230,0.088,0.439,0.088,0.088,0.176,0.088,0.088,0.527,0.264,0.088,0.439,0.264,0.176,0.527,0.088,-1.055,0.176,-0.426,0.088,0.439,0.088,0.088,0.176,0.088,0.088,0.527,0.264,0.006,12.0,12.00,40.0
108.3872,2510,19,move,8,108.3872,108.3958,0,0.088,0.439,0.264,0.176,0.527,0.088,-1.055,0.176,1.143,0.088,0.439,0.088,0.088,0.176,0.088,0.088,0.527,0.264,0.088,0.439,0.264,0.176,0.527,0.088,-1.055,0.176,-1.351,0.088,0.439,0.088,0.088,0.176,0.088,0.088,0.527,0.264,0.000,2.4,12.00,33.0
108.4271,2511,19,move,8,108.4271,108.4358,0,0.088,0.439,0.264,0.176,0.527,0.088,-1.055,0.176,0.967,0.088,0.439,0.088,0.088,0.176,0.088,0.088,0.527,0.264,0.088,0.439,0.264,0.176,0.527,0.088,-1.055,0.176,-1.985,0.088,0.439,0.088,0.088,0.176,0.088,0.088,0.527,0.264,0.000,2.4,12.00,33.0
108.4671,2512,19,move,8,108.4671,108.4759,0,0.088,0.439,0.264,0.176,0.527,0.088,-1.055,0.176,0.703,0.088,0.439,0.088,0.088,0.176,0.088,0.088,0.527,0.264,0.088,0.439,0.264,0.176,0.527,0.088,-1.055,0.176,-2.172,0.088,0.439,0.088,0.088,0.176,0.088,0.088,0.527,0.264,0.000,2.4,12.00,33.0
108.5072,2513,19,move,8,108.5072,108.5150,0,0.088,0.439,0.264,0.176,0.527,0.088,-1.055,0.176,-0.352,0.088,0.439,0.088,0.088,0.176,0.088,0.088,0.527,0.264,0.088,0.439,0.264,0.176,0.527,0.088,-1.055,0.176,-1.864,0.088,0.439,0.088,0.088,0.176,0.088,0.088,0.527,0.264,0.006,10.0,12.00,33.0
108.5472,2514,19,move,8,108.5472,108.5552,0,0.088,0.439,0.264,0.176,0.527,0.088,-1.055,0.176,-1.143,0.088,0.439,0.088,0.088,0.176,0.088,0.088,0.527,0.264,0.088,0.439,0.264,0.176,0.527,0.088,-1.055,0.176,-1.139,0.088,0.439,0.088,0.088,0.176,0.088,0.088,0.527,0.264,0.006,10.0,12.00,33.0
108.5872,2515,19,rest,8,108.5872,108.5957,0,0.088,0.439,0.264,0.176,0.527,0.088,-1.055,0.176,-1.582,0.088,0.439,0.088,0.088,0.176,0.088,0.088,0.527,0.264,0.088,0.439,0.264,0.176,0.527,0.088,-1.055,0.176,-0.176,0.088,0.439,0.088,0.088,0.176,0.088,0.088,0.527,0.264,0.006,10.0,12.00,33.0
108.6274,2516,19,rest,8,108.6274,108.6358,0,0.088,0.439,0.264,0.176,0.527,0.088,-1.055,0.176,-1.670,0.088,0.439,0.088,0.088,0.176,0.088,0.088,0.527,0.264,0.088,0.439,0.264,0.176,0.527,0.088,-1.055,0.176,-0.176,0.088,0.439,0.088,0.088,0.176,0.088,0.088,0.527,0.264,0.000,2.4,12.00,33.0
108.6674,2517,19,rest,8,108.6674,108.6756,0,0.088,0.439,0.264,0.176,0.527,0.088,-1.055,0.176,-1.494,0.088,0.439,0.088,0.088,0.176,0.088,0.088,0.527,0.264,0.088,0.439,0.264,0.176,0.527,0.088,-1.055,0.176,-0.176,0.088,0.439,0.088,0.088,0.176,0.088,0.088,0.527,0.264,0.000,2.4,12.00,33.0
108.7072,2518,19,rest,8,108.7072,108.7160,0,0.088,0.439,0.264,0.176,0.527,0.088,-1.055,0.176,-1.055,0.088,0.439,0.088,0.088,0.176,0.088,0.088,0.527,0.264,0.088,0.439,0.264,0.176,0.527,0.088,-1.055,0.176,-0.176,0.088,0.439,0.088,0.088,0.176,0.088,0.088,0.527,0.264,0.000,2.4,12.00,33.0
108.7474,2519,19,rest,8,108.7474,108.7558,0,0.088,0.439,0.264,0.176,0.527,0.088,-1.055,0.176,-0.703,0.088,0.439,0.088,0.088,0.176,0.088,0.088,0.527,0.264,0.088,0.439,0.264,0.176,0.527,0.088,-1.055,0.176,-0.176,0.088,0.439,0.088,0.088,0.176,0.088,0.088,0.527,0.264,0.000,4.4,12.00,33.0
108.7874,2520,19,rest,8,108.7874,108.7954,0,0.088,0.439,0.264,0.176,0.527,0.088,-1.055,0.176,-0.615,0.088,0.439,0.088,0.088,0.176,0.088,0.088,0.527,0.264,0.088,0.439,0.264,0.176,0.527,0.088,-1.055,0.176,-0.176,0.088,0.439,0.088,0.088,0.176,0.088,0.088,0.527,0.264,0.000,4.4,12.00,33.0
108.8274,2521,19,rest,8,108.8274,108.8354,0,0.088,0.439,0.264,0.176,0.527,0.088,-1.055,0.176,-0.527,0.088,0.439,0.088,0.088,0.176,0.088,0.088,0.527,0.264,0.088,0.439,0.264,0.176,0.527,0.088,-1.055,0.176,-0.176,0.088,0.439,0.088,0.088,0.176,0.088,0.088,0.527,0.264,0.000,4.4,12.00,33.0
108.8672,2522,19,rest,8,108.8672,108.8752,0,0.088,0.439,0.264,0.176,0.527,0.088,-1.055,0.176,-0.527,0.088,0.439,0.088,0.088,0.176,0.088,0.088,0.527,0.264,0.088,0.439,0.264,0.176,0.527,0.088,-1.055,0.176,-0.176,0.088,0.439,0.088,0.088,0.176,0.088,0.088,0.527,0.264,0.006,4.0,12.00,33.0
108.9072,2523,19,rest,8,108.9072,108.9154,0,0.088,0.439,0.264,0.176,0.527,0.088,-1.055,0.176,-0.352,0.088,0.439,0.088,0.088,0.176,0.088,0.088,0.527,0.264,0.088,0.439,0.264,0.176,0.527,0.088,-1.055,0.176,-0.176,0.088,0.439,0.088,0.088,0.176,0.088,0.088,0.527,0.264,0.006,4.0,12.00,33.0
108.9471,2524,19,rest,8,108.9471,108.9554,0,0.088,0.439,0.264,0.176,0.527,0.088,-1.055,0.176,-0.352,0.088,0.439,0.088,0.088,0.176,0.088,0.088,0.527,0.264,0.088,0.439,0.264,0.176,0.527,0.088,-1.055,0.176,-0.176,0.088,0.439,0.088,0.088,0.176,0.088,0.088,0.527,0.264,0.006,4.0,12.00,33.0
108.9874,2525,19,rest,8,108.9874,108.9957,0,0.088,0.439,0.264,0.176,0.527,0.088,-1.055,0.176,-0.352,0.088,0.439,0.088,0.088,0.176,0.088,0.088,0.527,0.264,0.088,0.439,0.264,0.176,0.527,0.088,-1.055,0.176,-0.176,0.088,0.439,0.088,0.088,0.176,0.088,0.088,0.527,0.264,0.006,2.4,12.00,33.0
109.0272,2526,19,rest,8,109.0272,109.0354,0,0.088,0.439,0.264,0.176,0.527,0.088,-1.055,0.176,-0.352,0.088,0.439,0.088,0.088,0.176,0.088,0.088,0.527,0.264,0.088,0.439,0.264,0.176,0.527,0.088,-1.055,0.176,-0.176,0.088,0.439,0.088,0.088,0.176,0.088,0.088,0.527,0.264,0.006,2.4,12.00,33.0
109.0691,2527,19,rest,8,109.0691,109.0769,0,0.088,0.439,0.264,0.176,0.527,0.088,-1.055,0.176,-0.352,0.088,0.439,0.088,0.088,0.176,0.088,0.088,0.527,0.264,0.088,0.439,0.264,0.176,0.527,0.088,-1.055,0.176,-0.176,0.088,0.439,0.088,0.088,0.176,0.088,0.088,0.527,0.264,0.006,2.4,12.00,33.0
109.1072,2528,19,rest,8,109.1072,109.1155,0,0.088,0.439,0.264,0.176,0.527,0.088,-1.055,0.176,-0.352,0.088,0.439,0.088,0.088,0.176,0.088,0.088,0.527,0.264,0.088,0.439,0.264,0.176,0.527,0.088,-1.055,0.176,-0.176,0.088,0.439,0.088,0.088,0.176,0.088,0.088,0.527,0.264,0.000,2.4,12.00,33.0
109.1474,2529,19,rest,8,109.1474,109.1552,0,0.088,0.439,0.264,0.176,0.527,0.088,-1.055,0.176,-0.352,0.088,0.439,0.088,0.088,0.176,0.088,0.088,0.527,0.264,0.088,0.439,0.264,0.176,0.527,0.088,-1.055,0.176,-0.176,0.088,0.439,0.088,0.088,0.176,0.088,0.088,0.527,0.264,0.000,2.4,12.00,33.0
109.1872,2530,19,rest,8,109.1872,109.1952,0,0.088,0.439,0.264,0.176,0.527,0.088,-1.055,0.176,-0.352,0.088,0.439,0.088,0.088,0.176,0.088,0.088,0.527,0.264,0.088,0.439,0.264,0.176,0.527,0.088,-1.055,0.176,-0.176,0.088,0.439,0.088,0.088,0.176,0.088,0.088,0.527,0.264,0.000,2.4,12.00,33.0
109.2272,2531,19,rest,8,109.2272,109.2352,0,0.088,0.439,0.264,0.176,0.527,0.088,-1.055,0.176,-0.352,0.088,0.439,0.088,0.088,0.176,0.088,0.088,0.527,0.264,0.088,0.439,0.264,0.176,0.527,0.088,-1.055,0.176,-0.176,0.088,0.439,0.088,0.088,0.176,0.088,0.088,0.527,0.264,0.000,2.4,12.00,33.0
109.2671,2532,19,rest,8,109.2671,109.2752,0,0.088,0.439,0.264,0.176,0.527,0.088,-1.055,0.176,-0.352,0.088,0.439,0.088,0.088,0.176,0.088,0.088,0.527,0.264,0.088,0.439,0.264,0.176,0.527,0.088,-1.055,0.176,-0.176,0.088,0.439,0.088,0.088,0.176,0.088,0.088,0.527,0.264,0.000,2.4,12.00,33.0
109.3074,2533,19,rest,8,109.3074,109.3154,0,0.088,0.439,0.264,0.176,0.527,0.088,-1.055,0.176,-0.352,0.088,0.439,0.088,0.088,0.176,0.088,0.088,0.527,0.264,0.088,0.439,0.264,0.176,0.527,0.088,-1.055,0.176,-0.176,0.088,0.439,0.088,0.088,0.176,0.088,0.088,0.527,0.264,0.000,2.4,12.00,33.0
109.3474,2534,19,rest,8,109.3474,109.3557,0,0.088,0.439,0.264,0.176,0.527,0.088,-1.055,0.176,-0.352,0.088,0.439,0.088,0.088,0.176,0.088,0.088,0.527,0.264,0.088,0.439,0.264,0.176,0.527,0.088,-1.055,0.176,-0.176,0.088,0.439,0.088,0.088,0.176,0.088,0.088,0.527,0.264,0.000,2.4,12.00,33.0
109.3920,2535,20,pre,8,109.3920,109.3995,0,0.088,0.439,0.264,0.176,0.527,0.088,-1.055,0.176,-0.352,0.088,0.439,0.088,0.088,0.176,0.088,0.088,0.527,0.264,0.088,0.439,0.264,0.176,0.527,0.088,-1.055,0.176,-0.352,0.088,0.439,0.088,0.088,0.176,0.088,0.088,0.527,0.264,0.000,2.4,12.00,33.0
109.4272,2536,20,pre,8,109.4272,109.4352,0,0.088,0.439,0.264,0.176,0.527,0.088,-1.055,0.176,-0.352,0.088,0.439,0.088,0.088,0.176,0.088,0.088,0.527,0.264,0.088,0.439,0.264,0.176,0.527,0.088,-1.055,0.176,-0.352,0.088,0.439,0.088,0.088,0.176,0.088,0.088,0.527,0.264,0.000,2.4,12.00,33.0
109.4672,2537,20,pre,8,109.4672,109.4752,0,0.088,0.439,0.264,0.176,0.527,0.088,-1.055,0.176,-0.352,0.088,0.439,0.088,0.088,0.176,0.088,0.088,0.527,0.264,0.088,0.439,0.264,0.176,0.527,0.088,-1.055,0.176,-0.352,0.088,0.439,0.088,0.088,0.176,0.088,0.088,0.527,0.264,0.000,0.0,12.00,33.0
109.5072,2538,20,pre,8,109.5072,109.5154,0,0.088,0.439,0.264,0.176,0.527,0.088,-1.055,0.176,-0.352,0.088,0.439,0.088,0.088,0.176,0.088,0.088,0.527,0.264,0.088,0.439,0.264,0.176,0.527,0.088,-1.055,0.176,-0.352,0.088,0.439,0.088,0.088,0.176,0.088,0.088,0.527,0.264,0.000,0.0,12.00,33.0
109.5474,2539,20,pre,8,109.5474,109.5554,0,0.088,0.439,0.264,0.176,0.527,0.088,-1.055,0.176,-0.352,0.088,0.439,0.088,0.088,0.176,0.088,0.088,0.527,0.264,0.088,0.439,0.264,0.176,0.527,0.088,-1.055,0.176,-0.352,0.088,0.439,0.088,0.088,0.176,0.088,0.088,0.527,0.264,0.000,0.0,12.00,33.0
109.5874,2540,20,pre,8,109.5874,109.5956,0,0.088,0.439,0.264,0.176,0.527,0.088,-1.055,0.176,-0.352,0.088,0.439,0.088,0.088,0.176,0.088,0.088,0.527,0.264,0.088,0.439,0.264,0.176,0.527,0.088,-1.055,0.176,-0.352,0.088,0.439,0.088,0.088,0.176,0.088,0.088,0.527,0.264,0.000,0.0,12.00,33.0
109.6272,2541,20,pre,8,109.6272,109.6352,0,0.088,0.439,0.264,0.176,0.527,0.088,-1.055,0.176,-0.352,0.088,0.439,0.088,0.088,0.176,0.088,0.088,0.527,0.264,0.088,0.439,0.264,0.176,0.527,0.088,-1.055,0.176,-0.352,0.088,0.439,0.088,0.088,0.176,0.088,0.088,0.527,0.264,0.000,0.0,12.00,33.0
109.6672,2542,20,pre,8,109.6672,109.6752,0,0.088,0.439,0.264,0.176,0.527,0.088,-1.055,0.176,-0.352,0.088,0.439,0.088,0.088,0.176,0.088,0.088,0.527,0.264,0.088,0.439,0.264,0.176,0.527,0.088,-1.055,0.176,-0.352,0.088,0.439,0.088,0.088,0.176,0.088,0.088,0.527,0.264,0.000,0.0,12.00,33.0
109.7074,2543,20,pre,8,109.7074,109.7155,0,0.088,0.439,0.264,0.176,0.527,0.088,-1.055,0.176,-0.352,0.088,0.439,0.088,0.088,0.176,0.088,0.088,0.527,0.264,0.088,0.439,0.264,0.176,0.527,0.088,-1.055,0.176,-0.352,0.088,0.439,0.088,0.088,0.176,0.088,0.088,0.527,0.264,0.000,0.0,12.00,33.0
109.7471,2544,20,pre,8,109.7471,109.7552,0,0.088,0.439,0.264,0.176,0.527,0.088,-1.055,0.176,-0.352,0.088,0.439,0.088,0.088,0.176,0.088,0.088,0.527,0.264,0.088,0.439,0.264,0.176,0.527,0.088,-1.055,0.176,-0.352,0.088,0.439,0.088,0.088,0.176,0.088,0.088,0.527,0.264,0.000,0.0,12.00,33.0
109.7872,2545,20,pre,8,109.7872,109.7954,0,0.088,0.439,0.264,0.176,0.527,0.088,-1.055,0.176,-0.352,0.088,0.439,0.088,0.088,0.176,0.088,0.088,0.527,0.264,0.088,0.439,0.264,0.176,0.527,0.088,-1.055,0.176,-0.352,0.088,0.439,0.088,0.088,0.176,0.088,0.088,0.527,0.264,0.000,0.0,12.00,33.0
109.8272,2546,20,pre,8,109.8272,109.8354,0,0.088,0.439,0.264,0.176,0.527,0.088,-1.055,0.176,-0.352,0.088,0.439,0.088,0.088,0.176,0.088,0.088,0.527,0.264,0.088,0.439,0.264,0.176,0.527,0.088,-1.055,0.176,-0.352,0.088,0.439,0.088,0.088,0.176,0.088,0.088,0.527,0.264,0.000,0.0,12.00,33.0
109.8672,2547,20,pre,8,109.8672,109.8753,0,0.088,0.439,0.264,0.176,0.527,0.088,-1.055,0.176,-0.352,0.088,0.439,0.088,0.088,0.176,0.088,0.088,0.527,0.264,0.088,0.439,0.264,0.176,0.527,0.088,-1.055,0.176,-0.352,0.088,0.439,0.088,0.088,0.176,0.088,0.088,0.527,0.264,0.000,0.0,12.00,33.0
109.9072,2548,20,pre,8,109.9072,109.9154,0,0.088,0.439,0.264,0.176,0.527,0.088,-1.055,0.176,-0.352,0.088,0.439,0.088,0.088,0.176,0.088,0.088,0.527,0.264,0.088,0.439,0.264,0.176,0.527,0.088,-1.055,0.176,-0.352,0.088,0.439,0.088,0.088,0.176,0.088,0.088,0.527,0.264,0.000,0.0,12.00,33.0
109.9472,2549,20,pre,8,109.9472,109.9550,0,0.088,0.439,0.264,0.176,0.527,0.088,-1.055,0.176,-0.352,0.088,0.439,0.088,0.088,0.176,0.088,0.088,0.527,0.264,0.088,0.439,0.264,0.176,0.527,0.088,-1.055,0.176,-0.352,0.088,0.439,0.088,0.088,0.176,0.088,0.088,0.527,0.264,0.000,0.0,12.00,33.0
109.9872,2550,20,move,8,109.9872,109.9950,0,0.088,0.439,0.264,0.176,0.527,0.088,-1.055,0.176,-0.352,0.088,0.439,0.088,0.088,0.176,0.088,0.088,0.527,0.264,0.088,0.439,0.264,0.176,0.527,0.088,-1.055,0.176,-0.352,0.088,0.439,0.088,0.088,0.176,0.088,0.088,0.527,0.264,0.000,0.0,12.00,33.0
110.0272,2551,20,move,8,110.0272,110.0352,0,0.088,0.439,0.264,0.176,0.527,0.088,-1.055,0.176,-0.352,0.088,0.439,0.088,0.088,0.176,0.088,0.088,0.527,0.264,0.088,0.439,0.264,0.176,0.527,0.088,-1.055,0.176,0.024,0.088,0.439,0.088,0.088,0.176,0.088,0.088,0.527,0.264,0.000,0.0,12.00,33.0
110.0671,2552,20,move,8,110.0671,110.0753,0,0.088,0.439,0.264,0.176,0.527,0.088,-1.055,0.176,-0.352,0.088,0.439,0.088,0.088,0.176,0.088,0.088,0.527,0.264,0.088,0.439,0.264,0.176,0.527,0.088,-1.055,0.176,0.395,0.088,0.439,0.088,0.088,0.176,0.088,0.088,0.527,0.264,0.006,3.6,12.00,33.0
110.1072,2553,20,move,8,110.1072,110.1148,0,0.088,0.439,0.264,0.176,0.527,0.088,-1.055,0.176,-0.352,0.088,0.439,0.088,0.088,0.176,0.088,0.088,0.527,0.264,0.088,0.439,0.264,0.176,0.527,0.088,-1.055,0.176,0.753,0.088,0.439,0.088,0.088,0.176,0.088,0.088,0.527,0.264,0.006,3.6,12.00,33.0
110.1472,2554,20,move,8,110.1472,110.1550,0,0.088,0.439,0.264,0.176,0.527,0.088,-1.055,0.176,0.088,0.088,0.439,0.088,0.088,0.176,0.088,0.088,0.527,0.264,0.088,0.439,0.264,0.176,0.527,0.088,-1.055,0.176,1.094,0.088,0.439,0.088,0.088,0.176,0.088,0.088,0.527,0.264,0.006,3.6,12.00,33.0
110.1871,2555,20,move,8,110.1871,110.1952,0,0.088,0.439,0.264,0.176,0.527,0.088,-1.055,0.176,0.352,0.088,0.439,0.088,0.088,0.176,0.088,0.088,0.527,0.264,0.088,0.439,0.264,0.176,0.527,0.088,-1.055,0.176,1.412,0.088,0.439,0.088,0.088,0.176,0.088,0.088,0.527,0.264,0.013,5.6,12.00,33.0
110.2272,2556,20,move,8,110.2272,110.2354,0,0.088,0.439,0.264,0.176,0.527,0.088,-1.055,0.176,0.703,0.088,0.439,0.088,0.088,0.176,0.088,0.088,0.527,0.264,0.088,0.439,0.264,0.176,0.527,0.088,-1.055,0.176,1.702,0.088,0.439,0.088,0.088,0.176,0.088,0.088,0.527,0.264,0.013,5.6,12.00,33.0
110.2672,2557,20,move,8,110.2672,110.2753,0,0.088,0.439,0.264,0.176,0.527,0.088,-1.055,0.176,0.967,0.088,0.439,0.088,0.088,0.176,0.088,0.088,0.527,0.264,0.088,0.439,0.264,0.176,0.527,0.088,-1.055,0.176,1.960,0.088,0.439,0.088,0.088,0.176,0.088,0.088,0.527,0.264,0.013,5.6,12.00,33.0
110.3072,2558,20,move,8,110.3072,110.3152,0,0.088,0.439,0.264,0.176,0.527,0.088,-1.055,0.176,1.230,0.088,0.439,0.088,0.088,0.176,0.088,0.088,0.527,0.264,0.088,0.439,0.264,0.176,0.527,0.088,-1.055,0.176,2.181,0.088,0.439,0.088,0.088,0.176,0.088,0.088,0.527,0.264,0.006,5.6,12.00,37.0
110.3472,2559,20,move,8,110.3472,110.3552,0,0.088,0.439,0.264,0.176,0.527,0.088,-1.055,0.176,1.494,0.088,0.439,0.088,0.088,0.176,0.088,0.088,0.527,0.264,0.088,0.439,0.264,0.176,0.527,0.088,-1.055,0.176,2.363,0.088,0.439,0.088,0.088,0.176,0.088,0.088,0.527,0.264,0.006,5.6,12.00,37.0
110.3872,2560,20,move,8,110.3872,110.3976,0,0.088,0.439,0.264,0.176,0.527,0.088,-1.055,0.176,1.846,0.088,0.439,0.088,0.088,0.176,0.088,0.088,0.527,0.264,0.088,0.439,0.264,0.176,0.527,0.088,-1.055,0.176,2.502,0.088,0.439,0.088,0.088,0.176,0.088,0.088,0.527,0.264,0.006,5.6,12.00,37.0
110.4274,2561,20,move,8,110.4274,110.4356,0,0.088,0.439,0.264,0.176,0.527,0.088,-1.055,0.176,2.021,0.088,0.439,0.088,0.088,0.176,0.088,0.088,0.527,0.264,0.088,0.439,0.264,0.176,0.527,0.088,-1.055,0.176,2.595,0.088,0.439,0.088,0.088,0.176,0.088,0.088,0.527,0.264,0.006,3.6,12.00,33.0
110.4674,2562,20,move,8,110.4674,110.4754,0,0.088,0.439,0.264,0.176,0.527,0.088,-1.055,0.176,2.197,0.088,0.439,0.088,0.088,0.176,0.088,0.088,0.527,0.264,0.088,0.439,0.264,0.176,0.527,0.088,-1.055,0.176,2.643,0.088,0.439,0.088,0.088,0.176,0.088,0.088,0.527,0.264,0.006,3.6,12.00,33.0
110.5074,2563,20,move,8,110.5074,110.5156,0,0.088,0.439,0.264,0.176,0.527,0.088,-1.055,0.176,2.197,0.088,0.439,0.088,0.088,0.176,0.088,0.088,0.527,0.264,0.088,0.439,0.264,0.176,0.527,0.088,-1.055,0.176,2.643,0.088,0.439,0.088,0.088,0.176,0.088,0.088,0.527,0.264,0.006,3.6,12.00,33.0
110.5472,2564,20,move,8,110.5472,110.5552,0,0.088,0.439,0.264,0.176,0.527,0.088,-1.055,0.176,2.197,0.088,0.439,0.088,0.088,0.176,0.088,0.088,0.527,0.264,0.088,0.439,0.264,0.176,0.527,0.088,-1.055,0.176,2.595,0.088,0.439,0.088,0.088,0.176,0.088,0.088,0.527,0.264,0.006,4.8,12.00,33.0
110.5872,2565,20,move,8,110.5872,110.5976,0,0.088,0.439,0.264,0.176,0.527,0.088,-1.055,0.176,2.197,0.088,0.439,0.088,0.088,0.176,0.088,0.088,0.527,0.264,0.088,0.439,0.264,0.176,0.527,0.088,-1.055,0.176,2.502,0.088,0.439,0.088,0.088,0.176,0.088,0.088,0.527,0.264,0.006,4.8,12.00,33.0
110.6272,2566,20,move,8,110.6272,110.6354,0,0.088,0.439,0.264,0.176,0.527,0.088,-1.055,0.176,2.197,0.088,0.439,0.088,0.088,0.176,0.088,0.088,0.527,0.264,0.088,0.439,0.264,0.176,0.527,0.088,-1.055,0.176,2.363,0.088,0.439,0.088,0.088,0.176,0.088,0.088,0.527,0.264,0.006,4.8,12.00,33.0
110.6674,2567,20,move,8,110.6674,110.6754,0,0.088,0.439,0.264,0.176,0.527,0.088,-1.055,0.176,2.197,0.088,0.439,0.088,0.088,0.176,0.088,0.088,0.527,0.264,0.088,0.439,0.264,0.176,0.527,0.088,-1.055,0.176,2.181,0.088,0.439,0.088,0.088,0.176,0.088,0.088,0.527,0.264,0.000,2.0,12.00,33.0
110.7074,2568,20,move,8,110.7074,110.7155,0,0.088,0.439,0.264,0.176,0.527,0.088,-1.055,0.176,2.197,0.088,0.439,0.088,0.088,0.176,0.088,0.088,0.527,0.264,0.088,0.439,0.264,0.176,0.527,0.088,-1.055,0.176,1.960,0.088,0.439,0.088,0.088,0.176,0.088,0.088,0.527,0.264,0.000,2.0,12.00,33.0
110.7474,2569,20,move,8,110.7474,110.7554,0,0.088,0.439,0.264,0.176,0.527,0.088,-1.055,0.176,2.197,0.088,0.439,0.088,0.088,0.176,0.088,0.088,0.527,0.264,0.088,0.439,0.264,0.176,0.527,0.088,-1.055,0.176,1.702,0.088,0.439,0.088,0.088,0.176,0.088,0.088,0.527,0.264,0.000,2.0,12.00,33.0
110.7872,2570,20,move,8,110.7872,110.7953,0,0.088,0.439,0.264,0.176,0.527,0.088,-1.055,0.176,2.021,0.088,0.439,0.088,0.088,0.176,0.088,0.088,0.527,0.264,0.088,0.439,0.264,0.176,0.527,0.088,-1.055,0.176,1.412,0.088,0.439,0.088,0.088,0.176,0.088,0.088,0.527,0.264,0.000,3.6,12.00,33.0
110.8274,2571,20,move,8,110.8274,110.8355,0,0.088,0.439,0.264,0.176,0.527,0.088,-1.055,0.176,1.846,0.088,0.439,0.088,0.088,0.176,0.088,0.088,0.527,0.264,0.088,0.439,0.264,0.176,0.527,0.088,-1.055,0.176,1.094,0.088,0.439,0.088,0.088,0.176,0.088,0.088,0.527,0.264,0.000,3.6,12.00,33.0
110.8674,2572,20,move,8,110.8674,110.8755,0,0.088,0.439,0.264,0.176,0.527,0.088,-1.055,0.176,1.758,0.088,0.439,0.088,0.088,0.176,0.088,0.088,0.527,0.264,0.088,0.439,0.264,0.176,0.527,0.088,-1.055,0.176,0.753,0.088,0.439,0.088,0.088,0.176,0.088,0.088,0.527,0.264,0.000,3.6,12.00,33.0
110.9072,2573,20,move,8,110.9072,110.9153,0,0.088,0.439,0.264,0.176,0.527,0.088,-1.055,0.176,1.494,0.088,0.439,0.088,0.088,0.176,0.088,0.088,0.527,0.264,0.088,0.439,0.264,0.176,0.527,0.088,-1.055,0.176,0.395,0.088,0.439,0.088,0.088,0.176,0.088,0.088,0.527,0.264,0.006,6.0,12.00,33.0
110.9472,2574,20,move,8,110.9472,110.9554,0,0.088,0.439,0.264,0.176,0.527,0.088,-1.055,0.176,1.055,0.088,0.439,0.088,0.088,0.176,0.088,0.088,0.527,0.264,0.088,0.439,0.264,0.176,0.527,0.088,-1.055,0.176,0.024,0.088,0.439,0.088,0.088,0.176,0.088,0.088,0.527,0.264,0.006,6.0,12.00,33.0
110.9872,2575,20,move,8,110.9872,110.9953,0,0.088,0.439,0.264,0.176,0.527,0.088,-1.055,0.176,0.703,0.088,0.439,0.088,0.088,0.176,0.088,0.088,0.527,0.264,0.088,0.439,0.264,0.176,0.527,0.088,-1.055,0.176,-0.352,0.088,0.439,0.088,0.088,0.176,0.088,0.088,0.527,0.264,0.006,6.0,12.00,33.0
111.0274,2576,20,move,8,111.0274,111.0356,0,0.088,0.439,0.264,0.176,0.527,0.088,-1.055,0.176,0.352,0.088,0.439,0.088,0.088,0.176,0.088,0.088,0.527,0.264,0.088,0.439,0.264,0.176,0.527,0.088,-1.055,0.176,-0.728,0.088,0.439,0.088,0.088,0.176,0.088,0.088,0.527,0.264,0.006,7.2,12.00,33.0
111.0672,2577,20,move,8,111.0672,111.0752,0,0.088,0.439,0.264,0.176,0.527,0.088,-1.055,0.176,0.000,0.088,0.439,0.088,0.088,0.176,0.088,0.088,0.527,0.264,0.088,0.439,0.264,0.176,0.527,0.088,-1.055,0.176,-1.098,0.088,0.439,0.088,0.088,0.176,0.088,0.088,0.527,0.264,0.006,7.2,12.00,33.0
111.1074,2578,20,move,8,111.1074,111.1156,0,0.088,0.439,0.264,0.176,0.527,0.088,-1.055,0.176,-0.264,0.088,0.439,0.088,0.088,0.176,0.088,0.088,0.527,0.264,0.088,0.439,0.264,0.176,0.527,0.088,-1.055,0.176,-1.456,0.088,0.439,0.088,0.088,0.176,0.088,0.088,0.527,0.264,0.006,7.2,12.00,33.0
111.1472,2579,20,move,8,111.1472,111.1555,0,0.088,0.439,0.264,0.176,0.527,0.088,-1.055,0.176,-0.615,0.088,0.439,0.088,0.088,0.176,0.088,0.088,0.527,0.264,0.088,0.439,0.264,0.176,0.527,0.088,-1.055,0.176,-1.797,0.088,0.439,0.088,0.088,0.176,0.088,0.088,0.527,0.264,0.019,7.6,12.00,33.0
111.1871,2580,20,move,8,111.1871,111.1957,0,0.088,0.439,0.264,0.176,0.527,0.088,-1.055,0.176,-0.967,0.088,0.439,0.088,0.088,0.176,0.088,0.088,0.527,0.264,0.088,0.439,0.264,0.176,0.527,0.088,-1.055,0.176,-2.115,0.088,0.439,0.088,0.088,0.176,0.088,0.088,0.527,0.264,0.019,7.6,12.00,33.0
111.2272,2581,20,move,8,111.2272,111.2357,0,0.088,0.439,0.264,0.176,0.527,0.088,-1.055,0.176,-1.318,0.088,0.439,0.088,0.088,0.176,0.088,0.088,0.527,0.264,0.088,0.439,0.264,0.176,0.527,0.088,-1.055,0.176,-2.405,0.088,0.439,0.088,0.088,0.176,0.088,0.088,0.527,0.264,0.019,7.6,12.00,33.0
111.2674,2582,20,move,8,111.2674,111.2760,0,0.088,0.439,0.264,0.176,0.527,0.088,-1.055,0.176,-1.670,0.088,0.439,0.088,0.088,0.176,0.088,0.088,0.527,0.264,0.088,0.439,0.264,0.176,0.527,0.088,-1.055,0.176,-2.663,0.088,0.439,0.088,0.088,0.176,0.088,0.088,0.527,0.264,0.013,7.2,12.00,33.0
111.3074,2583,20,move,8,111.3074,111.3160,0,0.088,0.439,0.264,0.176,0.527,0.088,-1.055,0.176,-1.934,0.088,0.439,0.088,0.088,0.176,0.088,0.088,0.527,0.264,0.088,0.439,0.264,0.176,0.527,0.088,-1.055,0.176,-2.885,0.088,0.439,0.088,0.088,0.176,0.088,0.088,0.527,0.264,0.013,7.2,12.00,33.0
111.3472,2584,20,move,8,111.3472,111.3554,0,0.088,0.439,0.264,0.176,0.527,0.088,-1.055,0.176,-2.197,0.088,0.439,0.088,0.088,0.176,0.088,0.088,0.527,0.264,0.088,0.439,0.264,0.176,0.527,0.088,-1.055,0.176,-3.066,0.088,0.439,0.088,0.088,0.176,0.088,0.088,0.527,0.264,0.013,7.2,12.00,33.0
111.3874,2585,20,move,8,111.3874,111.3953,0,0.088,0.439,0.264,0.176,0.527,0.088,-1.055,0.176,-2.461,0.088,0.439,0.088,0.088,0.176,0.088,0.088,0.527,0.264,0.088,0.439,0.264,0.176,0.527,0.088,-1.055,0.176,-3.205,0.088,0.439,0.088,0.088,0.176,0.088,0.088,0.527,0.264,0.019,7.2,12.00,33.0
111.4274,2586,20,move,8,111.4274,111.4360,0,0.088,0.439,0.264,0.176,0.527,0.088,-1.055,0.176,-2.637,0.088,0.439,0.088,0.088,0.176,0.088,0.088,0.527,0.264,0.088,0.439,0.264,0.176,0.527,0.088,-1.055,0.176,-3.298,0.088,0.439,0.088,0.088,0.176,0.088,0.088,0.527,0.264,0.019,7.2,12.00,33.0
111.4674,2587,20,move,8,111.4674,111.4759,0,0.088,0.439,0.264,0.176,0.527,0.088,-1.055,0.176,-2.812,0.088,0.439,0.088,0.088,0.176,0.088,0.088,0.527,0.264,0.088,0.439,0.264,0.176,0.527,0.088,-1.055,0.176,-3.346,0.088,0.439,0.088,0.088,0.176,0.088,0.088,0.527,0.264,0.019,7.2,12.00,33.0
111.5072,2588,20,move,8,111.5072,111.5158,0,0.088,0.439,0.264,0.176,0.527,0.088,-1.055,0.176,-2.812,0.088,0.439,0.088,0.088,0.176,0.088,0.088,0.527,0.264,0.088,0.439,0.264,0.176,0.527,0.088,-1.055,0.176,-3.346,0.088,0.439,0.088,0.088,0.176,0.088,0.088,0.527,0.264,0.013,5.6,12.00,33.0
111.5472,2589,20,move,8,111.5472,111.5553,0,0.088,0.439,0.264,0.176,0.527,0.088,-1.055,0.176,-2.812,0.088,0.439,0.088,0.088,0.176,0.088,0.088,0.527,0.264,0.088,0.439,0.264,0.176,0.527,0.088,-1.055,0.176,-3.298,0.088,0.439,0.088,0.088,0.176,0.088,0.088,0.527,0.264,0.013,5.6,12.00,33.0
111.5872,2590,20,move,8,111.5872,111.5958,0,0.088,0.439,0.264,0.176,0.527,0.088,-1.055,0.176,-2.812,0.088,0.439,0.088,0.088,0.176,0.088,0.088,0.527,0.264,0.088,0.439,0.264,0.176,0.527,0.088,-1.055,0.176,-3.205,0.088,0.439,0.088,0.088,0.176,0.088,0.088,0.527,0.264,0.013,5.6,12.00,33.0
111.6271,2591,20,move,8,111.6271,111.6358,0,0.088,0.439,0.264,0.176,0.527,0.088,-1.055,0.176,-2.812,0.088,0.439,0.088,0.088,0.176,0.088,0.088,0.527,0.264,0.088,0.439,0.264,0.176,0.527,0.088,-1.055,0.176,-3.066,0.088,0.439,0.088,0.088,0.176,0.088,0.088,0.527,0.264,0.006,3.6,12.00,33.0
111.6672,2592,20,move,8,111.6672,111.6849,0,0.088,0.439,0.264,0.176,0.527,0.088,-1.055,0.176,-2.812,0.088,0.439,0.088,0.088,0.176,0.088,0.088,0.527,0.264,0.088,0.439,0.264,0.176,0.527,0.088,-1.055,0.176,-2.885,0.088,0.439,0.088,0.088,0.176,0.088,0.088,0.527,0.264,0.006,3.6,12.00,33.0
111.7071,2593,20,move,8,111.7071,111.7159,0,0.088,0.439,0.264,0.176,0.527,0.088,-1.055,0.176,-2.812,0.088,0.439,0.088,0.088,0.176,0.088,0.088,0.527,0.264,0.088,0.439,0.264,0.176,0.527,0.088,-1.055,0.176,-2.663,0.088,0.439,0.088,0.088,0.176,0.088,0.088,0.527,0.264,0.006,3.6,12.00,33.0
111.7472,2594,20,move,8,111.7472,111.7555,0,0.088,0.439,0.264,0.176,0.527,0.088,-1.055,0.176,-2.812,0.088,0.439,0.088,0.088,0.176,0.088,0.088,0.527,0.264,0.088,0.439,0.264,0.176,0.527,0.088,-1.055,0.176,-2.405,0.088,0.439,0.088,0.088,0.176,0.088,0.088,0.527,0.264,0.000,2.4,12.00,33.0
111.7874,2595,20,move,8,111.7874,111.7960,0,0.088,0.439,0.264,0.176,0.527,0.088,-1.055,0.176,-2.812,0.088,0.439,0.088,0.088,0.176,0.088,0.088,0.527,0.264,0.088,0.439,0.264,0.176,0.527,0.088,-1.055,0.176,-2.115,0.088,0.439,0.088,0.088,0.176,0.088,0.088,0.527,0.264,0.000,2.4,12.00,33.0
111.8271,2596,20,move,8,111.8271,111.8357,0,0.088,0.439,0.264,0.176,0.527,0.088,-1.055,0.176,-2.549,0.088,0.439,0.088,0.088,0.176,0.088,0.088,0.527,0.264,0.088,0.439,0.264,0.176,0.527,0.088,-1.055,0.176,-1.797,0.088,0.439,0.088,0.088,0.176,0.088,0.088,0.527,0.264,0.000,2.4,12.00,33.0
111.8672,2597,20,move,8,111.8672,111.8758,0,0.088,0.439,0.264,0.176,0.527,0.088,-1.055,0.176,-2.285,0.088,0.439,0.088,0.088,0.176,0.088,0.088,0.527,0.264,0.088,0.439,0.264,0.176,0.527,0.088,-1.055,0.176,-1.456,0.088,0.439,0.088,0.088,0.176,0.088,0.088,0.527,0.264,0.006,5.2,12.00,33.0
111.9083,2598,20,move,8,111.9083,111.9167,0,0.088,0.439,0.264,0.176,0.527,0.088,-1.055,0.176,-2.021,0.088,0.439,0.088,0.088,0.176,0.088,0.088,0.527,0.264,0.088,0.439,0.264,0.176,0.527,0.088,-1.055,0.176,-1.098,0.088,0.439,0.088,0.088,0.176,0.088,0.088,0.527,0.264,0.006,5.2,12.00,33.0
111.9472,2599,20,move,8,111.9472,111.9555,0,0.088,0.439,0.264,0.176,0.527,0.088,-1.055,0.176,-1.846,0.088,0.439,0.088,0.088,0.176,0.088,0.088,0.527,0.264,0.088,0.439,0.264,0.176,0.527,0.088,-1.055,0.176,-0.728,0.088,0.439,0.088,0.088,0.176,0.088,0.088,0.527,0.264,0.006,5.2,12.00,33.0
111.9874,2600,20,move,8,111.9874,111.9957,0,0.088,0.439,0.264,0.176,0.527,0.088,-1.055,0.176,-1.758,0.088,0.439,0.088,0.088,0.176,0.088,0.088,0.527,0.264,0.088,0.439,0.264,0.176,0.527,0.088,-1.055,0.176,-0.352,0.088,0.439,0.088,0.088,0.176,0.088,0.088,0.527,0.264,0.006,9.6,12.00,33.0
112.0272,2601,20,move,8,112.0272,112.0355,0,0.088,0.439,0.264,0.176,0.527,0.088,-1.055,0.176,-1.143,0.088,0.439,0.088,0.088,0.176,0.088,0.088,0.527,0.264,0.088,0.439,0.264,0.176,0.527,0.088,-1.055,0.176,0.024,0.088,0.439,0.088,0.088,0.176,0.088,0.088,0.527,0.264,0.006,9.6,12.00,33.0
112.0674,2602,20,move,8,112.0674,112.0756,0,0.088,0.439,0.264,0.176,0.527,0.088,-1.055,0.176,-0.791,0.088,0.439,0.088,0.088,0.176,0.088,0.088,0.527,0.264,0.088,0.439,0.264,0.176,0.527,0.088,-1.055,0.176,0.395,0.088,0.439,0.088,0.088,0.176,0.088,0.088,0.527,0.264,0.006,9.6,12.00,33.0
112.1074,2603,20,move,8,112.1074,112.1158,0,0.088,0.439,0.264,0.176,0.527,0.088,-1.055,0.176,-0.439,0.088,0.439,0.088,0.088,0.176,0.088,0.088,0.527,0.264,0.088,0.439,0.264,0.176,0.527,0.088,-1.055,0.176,0.753,0.088,0.439,0.088,0.088,0.176,0.088,0.088,0.527,0.264,0.013,6.4,12.00,33.0
112.1474,2604,20,move,8,112.1474,112.1557,0,0.088,0.439,0.264,0.176,0.527,0.088,-1.055,0.176,0.000,0.088,0.439,0.088,0.088,0.176,0.088,0.088,0.527,0.264,0.088,0.439,0.264,0.176,0.527,0.088,-1.055,0.176,1.094,0.088,0.439,0.088,0.088,0.176,0.088,0.088,0.527,0.264,0.013,6.4,12.00,33.0
112.1872,2605,20,move,8,112.1872,112.1952,0,0.088,0.439,0.264,0.176,0.527,0.088,-1.055,0.176,0.264,0.088,0.439,0.088,0.088,0.176,0.088,0.088,0.527,0.264,0.088,0.439,0.264,0.176,0.527,0.088,-1.055,0.176,1.412,0.088,0.439,0.088,0.088,0.176,0.088,0.088,0.527,0.264,0.013,6.4,12.00,33.0
112.2274,2606,20,move,8,112.2274,112.2362,0,0.088,0.439,0.264,0.176,0.527,0.088,-1.055,0.176,0.703,0.088,0.439,0.088,0.088,0.176,0.088,0.088,0.527,0.264,0.088,0.439,0.264,0.176,0.527,0.088,-1.055,0.176,1.702,0.088,0.439,0.088,0.088,0.176,0.088,0.088,0.527,0.264,0.013,6.4,12.00,33.0
112.2672,2607,20,move,8,112.2672,112.2758,0,0.088,0.439,0.264,0.176,0.527,0.088,-1.055,0.176,1.055,0.088,0.439,0.088,0.088,0.176,0.088,0.088,0.527,0.264,0.088,0.439,0.264,0.176,0.527,0.088,-1.055,0.176,1.960,0.088,0.439,0.088,0.088,0.176,0.088,0.088,0.527,0.264,0.013,6.4,12.00,33.0
112.3074,2608,20,move,8,112.3074,112.3160,0,0.088,0.439,0.264,0.176,0.527,0.088,-1.055,0.176,1.318,0.088,0.439,0.088,0.088,0.176,0.088,0.088,0.527,0.264,0.088,0.439,0.264,0.176,0.527,0.088,-1.055,0.176,2.181,0.088,0.439,0.088,0.088,0.176,0.088,0.088,0.527,0.264,0.013,6.4,12.00,33.0
112.3474,2609,20,move,8,112.3474,112.3561,0,0.088,0.439,0.264,0.176,0.527,0.088,-1.055,0.176,1.582,0.088,0.439,0.088,0.088,0.176,0.088,0.088,0.527,0.264,0.088,0.439,0.264,0.176,0.527,0.088,-1.055,0.176,2.363,0.088,0.439,0.088,0.088,0.176,0.088,0.088,0.527,0.264,0.006,6.0,12.00,43.0
112.3872,2610,20,move,8,112.3872,112.3956,0,0.088,0.439,0.264,0.176,0.527,0.088,-1.055,0.176,1.846,0.088,0.439,0.088,0.088,0.176,0.088,0.088,0.527,0.264,0.088,0.439,0.264,0.176,0.527,0.088,-1.055,0.176,2.502,0.088,0.439,0.088,0.088,0.176,0.088,0.088,0.527,0.264,0.006,6.0,12.00,43.0
112.4272,2611,20,move,8,112.4272,112.4359,0,0.088,0.439,0.264,0.176,0.527,0.088,-1.055,0.176,2.021,0.088,0.439,0.088,0.088,0.176,0.088,0.088,0.527,0.264,0.088,0.439,0.264,0.176,0.527,0.088,-1.055,0.176,2.595,0.088,0.439,0.088,0.088,0.176,0.088,0.088,0.527,0.264,0.006,6.0,12.00,43.0
112.4671,2612,20,move,8,112.4671,112.4760,0,0.088,0.439,0.264,0.176,0.527,0.088,-1.055,0.176,2.197,0.088,0.439,0.088,0.088,0.176,0.088,0.088,0.527,0.264,0.088,0.439,0.264,0.176,0.527,0.088,-1.055,0.176,2.643,0.088,0.439,0.088,0.088,0.176,0.088,0.088,0.527,0.264,0.013,4.8,12.00,33.0
112.5074,2613,20,move,8,112.5074,112.5160,0,0.088,0.439,0.264,0.176,0.527,0.088,-1.055,0.176,2.197,0.088,0.439,0.088,0.088,0.176,0.088,0.088,0.527,0.264,0.088,0.439,0.264,0.176,0.527,0.088,-1.055,0.176,2.643,0.088,0.439,0.088,0.088,0.176,0.088,0.088,0.527,0.264,0.013,4.8,12.00,33.0
112.5474,2614,20,move,8,112.5474,112.5560,0,0.088,0.439,0.264,0.176,0.527,0.088,-1.055,0.176,2.197,0.088,0.439,0.088,0.088,0.176,0.088,0.088,0.527,0.264,0.088,0.439,0.264,0.176,0.527,0.088,-1.055,0.176,2.595,0.088,0.439,0.088,0.088,0.176,0.088,0.088,0.527,0.264,0.013,4.8,12.00,33.0
112.5872,2615,20,move,8,112.5872,112.5959,0,0.088,0.439,0.264,0.176,0.527,0.088,-1.055,0.176,2.373,0.088,0.439,0.088,0.088,0.176,0.088,0.088,0.527,0.264,0.088,0.439,0.264,0.176,0.527,0.088,-1.055,0.176,2.502,0.088,0.439,0.088,0.088,0.176,0.088,0.088,0.527,0.264,0.000,2.0,12.00,33.0
112.6272,2616,20,move,8,112.6272,112.6358,0,0.088,0.439,0.264,0.176,0.527,0.088,-1.055,0.176,2.373,0.088,0.439,0.088,0.088,0.176,0.088,0.088,0.527,0.264,0.088,0.439,0.264,0.176,0.527,0.088,-1.055,0.176,2.363,0.088,0.439,0.088,0.088,0.176,0.088,0.088,0.527,0.264,0.000,2.0,12.00,33.0
112.6672,2617,20,move,8,112.6672,112.6756,0,0.088,0.439,0.264,0.176,0.527,0.088,-1.055,0.176,2.373,0.088,0.439,0.088,0.088,0.176,0.088,0.088,0.527,0.264,0.088,0.439,0.264,0.176,0.527,0.088,-1.055,0.176,2.181,0.088,0.439,0.088,0.088,0.176,0.088,0.088,0.527,0.264,0.000,2.0,12.00,33.0
112.7072,2618,20,move,8,112.7072,112.7158,0,0.088,0.439,0.264,0.176,0.527,0.088,-1.055,0.176,2.373,0.088,0.439,0.088,0.088,0.176,0.088,0.088,0.527,0.264,0.088,0.439,0.264,0.176,0.527,0.088,-1.055,0.176,1.960,0.088,0.439,0.088,0.088,0.176,0.088,0.088,0.527,0.264,0.006,3.6,12.00,33.0
112.7471,2619,20,move,8,112.7471,112.7550,0,0.088,0.439,0.264,0.176,0.527,0.088,-1.055,0.176,2.285,0.088,0.439,0.088,0.088,0.176,0.088,0.088,0.527,0.264,0.088,0.439,0.264,0.176,0.527,0.088,-1.055,0.176,1.702,0.088,0.439,0.088,0.088,0.176,0.088,0.088,0.527,0.264,0.006,3.6,12.00,33.0
112.7872,2620,20,move,8,112.7872,112.7958,0,0.088,0.439,0.264,0.176,0.527,0.088,-1.055,0.176,2.021,0.088,0.439,0.088,0.088,0.176,0.088,0.088,0.527,0.264,0.088,0.439,0.264,0.176,0.527,0.088,-1.055,0.176,1.412,0.088,0.439,0.088,0.088,0.176,0.088,0.088,0.527,0.264,0.006,3.6,12.00,33.0
112.8272,2621,20,move,8,112.8272,112.8358,0,0.088,0.439,0.264,0.176,0.527,0.088,-1.055,0.176,1.934,0.088,0.439,0.088,0.088,0.176,0.088,0.088,0.527,0.264,0.088,0.439,0.264,0.176,0.527,0.088,-1.055,0.176,1.094,0.088,0.439,0.088,0.088,0.176,0.088,0.088,0.527,0.264,0.000,5.6,12.00,33.0
112.8674,2622,20,move,8,112.8674,112.8760,0,0.088,0.439,0.264,0.176,0.527,0.088,-1.055,0.176,1.846,0.088,0.439,0.088,0.088,0.176,0.088,0.088,0.527,0.264,0.088,0.439,0.264,0.176,0.527,0.088,-1.055,0.176,0.753,0.088,0.439,0.088,0.088,0.176,0.088,0.088,0.527,0.264,0.000,5.6,12.00,33.0
112.9072,2623,20,move,8,112.9072,112.9160,0,0.088,0.439,0.264,0.176,0.527,0.088,-1.055,0.176,1.406,0.088,0.439,0.088,0.088,0.176,0.088,0.088,0.527,0.264,0.088,0.439,0.264,0.176,0.527,0.088,-1.055,0.176,0.395,0.088,0.439,0.088,0.088,0.176,0.088,0.088,0.527,0.264,0.000,5.6,12.00,33.0
112.9472,2624,20,move,8,112.9472,112.9558,0,0.088,0.439,0.264,0.176,0.527,0.088,-1.055,0.176,1.055,0.088,0.439,0.088,0.088,0.176,0.088,0.088,0.527,0.264,0.088,0.439,0.264,0.176,0.527,0.088,-1.055,0.176,0.024,0.088,0.439,0.088,0.088,0.176,0.088,0.088,0.527,0.264,0.006,5.6,12.00,33.0
112.9874,2625,20,move,8,112.9874,112.9954,0,0.088,0.439,0.264,0.176,0.527,0.088,-1.055,0.176,0.791,0.088,0.439,0.088,0.088,0.176,0.088,0.088,0.527,0.264,0.088,0.439,0.264,0.176,0.527,0.088,-1.055,0.176,-0.352,0.088,0.439,0.088,0.088,0.176,0.088,0.088,0.527,0.264,0.006,5.6,12.00,33.0
113.0274,2626,20,move,8,113.0274,113.0361,0,0.088,0.439,0.264,0.176,0.527,0.088,-1.055,0.176,0.352,0.088,0.439,0.088,0.088,0.176,0.088,0.088,0.527,0.264,0.088,0.439,0.264,0.176,0.527,0.088,-1.055,0.176,-0.728,0.088,0.439,0.088,0.088,0.176,0.088,0.088,0.527,0.264,0.006,5.6,12.00,33.0
113.0674,2627,20,move,8,113.0674,113.0760,0,0.088,0.439,0.264,0.176,0.527,0.088,-1.055,0.176,0.088,0.088,0.439,0.088,0.088,0.176,0.088,0.088,0.527,0.264,0.088,0.439,0.264,0.176,0.527,0.088,-1.055,0.176,-1.098,0.088,0.439,0.088,0.088,0.176,0.088,0.088,0.527,0.264,0.013,7.6,12.00,33.0
113.1074,2628,20,move,8,113.1074,113.1159,0,0.088,0.439,0.264,0.176,0.527,0.088,-1.055,0.176,-0.264,0.088,0.439,0.088,0.088,0.176,0.088,0.088,0.527,0.264,0.088,0.439,0.264,0.176,0.527,0.088,-1.055,0.176,-1.456,0.088,0.439,0.088,0.088,0.176,0.088,0.088,0.527,0.264,0.013,7.6,12.00,33.0
113.1471,2629,20,move,8,113.1471,113.1553,0,0.088,0.439,0.264,0.176,0.527,0.088,-1.055,0.176,-0.615,0.088,0.439,0.088,0.088,0.176,0.088,0.088,0.527,0.264,0.088,0.439,0.264,0.176,0.527,0.088,-1.055,0.176,-1.797,0.088,0.439,0.088,0.088,0.176,0.088,0.088,0.527,0.264,0.013,7.6,12.00,33.0
113.1872,2630,20,move,8,113.1872,113.1980,0,0.088,0.439,0.264,0.176,0.527,0.088,-1.055,0.176,-1.055,0.088,0.439,0.088,0.088,0.176,0.088,0.088,0.527,0.264,0.088,0.439,0.264,0.176,0.527,0.088,-1.055,0.176,-2.115,0.088,0.439,0.088,0.088,0.176,0.088,0.088,0.527,0.264,0.013,7.2,12.00,33.0
113.2272,2631,20,move,8,113.2272,113.2350,0,0.088,0.439,0.264,0.176,0.527,0.088,-1.055,0.176,-1.318,0.088,0.439,0.088,0.088,0.176,0.088,0.088,0.527,0.264,0.088,0.439,0.264,0.176,0.527,0.088,-1.055,0.176,-2.405,0.088,0.439,0.088,0.088,0.176,0.088,0.088,0.527,0.264,0.013,7.2,12.00,33.0
113.2672,2632,20,move,8,113.2672,113.2752,0,0.088,0.439,0.264,0.176,0.527,0.088,-1.055,0.176,-1.670,0.088,0.439,0.088,0.088,0.176,0.088,0.088,0.527,0.264,0.088,0.439,0.264,0.176,0.527,0.088,-1.055,0.176,-2.663,0.088,0.439,0.088,0.088,0.176,0.088,0.088,0.527,0.264,0.013,7.2,12.00,33.0
113.3072,2633,20,move,8,113.3072,113.3159,0,0.088,0.439,0.264,0.176,0.527,0.088,-1.055,0.176,-1.934,0.088,0.439,0.088,0.088,0.176,0.088,0.088,0.527,0.264,0.088,0.439,0.264,0.176,0.527,0.088,-1.055,0.176,-2.885,0.088,0.439,0.088,0.088,0.176,0.088,0.088,0.527,0.264,0.013,6.4,12.00,33.0
113.3472,2634,20,move,8,113.3472,113.3555,0,0.088,0.439,0.264,0.176,0.527,0.088,-1.055,0.176,-2.197,0.088,0.439,0.088,0.088,0.176,0.088,0.088,0.527,0.264,0.088,0.439,0.264,0.176,0.527,0.088,-1.055,0.176,-3.066,0.088,0.439,0.088,0.088,0.176,0.088,0.088,0.527,0.264,0.013,6.4,12.00,33.0
113.3874,2635,20,move,8,113.3874,113.3958,0,0.088,0.439,0.264,0.176,0.527,0.088,-1.055,0.176,-2.461,0.088,0.439,0.088,0.088,0.176,0.088,0.088,0.527,0.264,0.088,0.439,0.264,0.176,0.527,0.088,-1.055,0.176,-3.205,0.088,0.439,0.088,0.088,0.176,0.088,0.088,0.527,0.264,0.013,6.4,12.00,33.0
113.4272,2636,20,move,8,113.4272,113.4356,0,0.088,0.439,0.264,0.176,0.527,0.088,-1.055,0.176,-2.637,0.088,0.439,0.088,0.088,0.176,0.088,0.088,0.527,0.264,0.088,0.439,0.264,0.176,0.527,0.088,-1.055,0.176,-3.298,0.088,0.439,0.088,0.088,0.176,0.088,0.088,0.527,0.264,0.013,5.6,12.00,33.0
113.4671,2637,20,move,8,113.4671,113.4758,0,0.088,0.439,0.264,0.176,0.527,0.088,-1.055,0.176,-2.812,0.088,0.439,0.088,0.088,0.176,0.088,0.088,0.527,0.264,0.088,0.439,0.264,0.176,0.527,0.088,-1.055,0.176,-3.346,0.088,0.439,0.088,0.088,0.176,0.088,0.088,0.527,0.264,0.013,5.6,12.00,33.0
113.5074,2638,20,move,8,113.5074,113.5157,0,0.088,0.439,0.264,0.176,0.527,0.088,-1.055,0.176,-2.812,0.088,0.439,0.088,0.088,0.176,0.088,0.088,0.527,0.264,0.088,0.439,0.264,0.176,0.527,0.088,-1.055,0.176,-3.346,0.088,0.439,0.088,0.088,0.176,0.088,0.088,0.527,0.264,0.013,5.6,12.00,33.0
113.5474,2639,20,move,8,113.5474,113.5554,0,0.088,0.439,0.264,0.176,0.527,0.088,-1.055,0.176,-2.812,0.088,0.439,0.088,0.088,0.176,0.088,0.088,0.527,0.264,0.088,0.439,0.264,0.176,0.527,0.088,-1.055,0.176,-3.298,0.088,0.439,0.088,0.088,0.176,0.088,0.088,0.527,0.264,0.013,5.6,12.00,33.0
113.5874,2640,20,move,8,113.5874,113.5952,0,0.088,0.439,0.264,0.176,0.527,0.088,-1.055,0.176,-2.812,0.088,0.439,0.088,0.088,0.176,0.088,0.088,0.527,0.264,0.088,0.439,0.264,0.176,0.527,0.088,-1.055,0.176,-3.205,0.088,0.439,0.088,0.088,0.176,0.088,0.088,0.527,0.264,0.013,5.6,12.00,33.0
113.6274,2641,20,move,8,113.6274,113.6376,0,0.088,0.439,0.264,0.176,0.527,0.088,-1.055,0.176,-2.812,0.088,0.439,0.088,0.088,0.176,0.088,0.088,0.527,0.264,0.088,0.439,0.264,0.176,0.527,0.088,-1.055,0.176,-3.066,0.088,0.439,0.088,0.088,0.176,0.088,0.088,0.527,0.264,0.013,5.6,12.00,33.0
113.6672,2642,20,move,8,113.6672,113.6752,0,0.088,0.439,0.264,0.176,0.527,0.088,-1.055,0.176,-2.812,0.088,0.439,0.088,0.088,0.176,0.088,0.088,0.527,0.264,0.088,0.439,0.264,0.176,0.527,0.088,-1.055,0.176,-2.885,0.088,0.439,0.088,0.088,0.176,0.088,0.088,0.527,0.264,0.000,2.8,12.00,33.0
113.7074,2643,20,move,8,113.7074,113.7156,0,0.088,0.439,0.264,0.176,0.527,0.088,-1.055,0.176,-2.812,0.088,0.439,0.088,0.088,0.176,0.088,0.088,0.527,0.264,0.088,0.439,0.264,0.176,0.527,0.088,-1.055,0.176,-2.663,0.088,0.439,0.088,0.088,0.176,0.088,0.088,0.527,0.264,0.000,2.8,12.00,33.0
113.7474,2644,20,move,8,113.7474,113.7554,0,0.088,0.439,0.264,0.176,0.527,0.088,-1.055,0.176,-2.812,0.088,0.439,0.088,0.088,0.176,0.088,0.088,0.527,0.264,0.088,0.439,0.264,0.176,0.527,0.088,-1.055,0.176,-2.405,0.088,0.439,0.088,0.088,0.176,0.088,0.088,0.527,0.264,0.000,2.8,12.00,33.0
113.7874,2645,20,move,8,113.7874,113.7956,0,0.088,0.439,0.264,0.176,0.527,0.088,-1.055,0.176,-2.812,0.088,0.439,0.088,0.088,0.176,0.088,0.088,0.527,0.264,0.088,0.439,0.264,0.176,0.527,0.088,-1.055,0.176,-2.115,0.088,0.439,0.088,0.088,0.176,0.088,0.088,0.527,0.264,0.000,4.4,12.00,33.0
113.8274,2646,20,move,8,113.8274,113.8354,0,0.088,0.439,0.264,0.176,0.527,0.088,-1.055,0.176,-2.549,0.088,0.439,0.088,0.088,0.176,0.088,0.088,0.527,0.264,0.088,0.439,0.264,0.176,0.527,0.088,-1.055,0.176,-1.797,0.088,0.439,0.088,0.088,0.176,0.088,0.088,0.527,0.264,0.000,4.4,12.00,33.0
113.8671,2647,20,move,8,113.8671,113.8752,0,0.088,0.439,0.264,0.176,0.527,0.088,-1.055,0.176,-2.373,0.088,0.439,0.088,0.088,0.176,0.088,0.088,0.527,0.264,0.088,0.439,0.264,0.176,0.527,0.088,-1.055,0.176,-1.456,0.088,0.439,0.088,0.088,0.176,0.088,0.088,0.527,0.264,0.000,4.4,12.00,33.0
113.9072,2648,20,move,8,113.9072,113.9154,0,0.088,0.439,0.264,0.176,0.527,0.088,-1.055,0.176,-2.021,0.088,0.439,0.088,0.088,0.176,0.088,0.088,0.527,0.264,0.088,0.439,0.264,0.176,0.527,0.088,-1.055,0.176,-1.098,0.088,0.439,0.088,0.088,0.176,0.088,0.088,0.527,0.264,0.000,3.6,12.00,33.0
113.9474,2649,20,move,8,113.9474,113.9559,0,0.088,0.439,0.264,0.176,0.527,0.088,-1.055,0.176,-1.846,0.088,0.439,0.088,0.088,0.176,0.088,0.088,0.527,0.264,0.088,0.439,0.264,0.176,0.527,0.088,-1.055,0.176,-0.728,0.088,0.439,0.088,0.088,0.176,0.088,0.088,0.527,0.264,0.000,3.6,12.00,33.0
113.9872,2650,20,move,8,113.9872,113.9953,0,0.088,0.439,0.264,0.176,0.527,0.088,-1.055,0.176,-1.846,0.088,0.439,0.088,0.088,0.176,0.088,0.088,0.527,0.264,0.088,0.439,0.264,0.176,0.527,0.088,-1.055,0.176,-0.352,0.088,0.439,0.088,0.088,0.176,0.088,0.088,0.527,0.264,0.000,3.6,12.00,33.0
114.0272,2651,20,move,8,114.0272,114.0354,0,0.088,0.439,0.264,0.176,0.527,0.088,-1.055,0.176,-1.143,0.088,0.439,0.088,0.088,0.176,0.088,0.088,0.527,0.264,0.088,0.439,0.264,0.176,0.527,0.088,-1.055,0.176,0.024,0.088,0.439,0.088,0.088,0.176,0.088,0.088,0.527,0.264,0.006,6.8,12.00,33.0
114.0671,2652,20,move,8,114.0671,114.0752,0,0.088,0.439,0.264,0.176,0.527,0.088,-1.055,0.176,-0.791,0.088,0.439,0.088,0.088,0.176,0.088,0.088,0.527,0.264,0.088,0.439,0.264,0.176,0.527,0.088,-1.055,0.176,0.395,0.088,0.439,0.088,0.088,0.176,0.088,0.088,0.527,0.264,0.006,6.8,12.00,33.0
114.1072,2653,20,move,8,114.1072,114.1158,0,0.088,0.439,0.264,0.176,0.527,0.088,-1.055,0.176,-0.439,0.088,0.439,0.088,0.088,0.176,0.088,0.088,0.527,0.264,0.088,0.439,0.264,0.176,0.527,0.088,-1.055,0.176,0.753,0.088,0.439,0.088,0.088,0.176,0.088,0.088,0.527,0.264,0.006,6.8,12.00,33.0
114.1472,2654,20,move,8,114.1472,114.1556,0,0.088,0.439,0.264,0.176,0.527,0.088,-1.055,0.176,0.000,0.088,0.439,0.088,0.088,0.176,0.088,0.088,0.527,0.264,0.088,0.439,0.264,0.176,0.527,0.088,-1.055,0.176,1.094,0.088,0.439,0.088,0.088,0.176,0.088,0.088,0.527,0.264,0.006,6.0,12.00,33.0
114.1871,2655,20,move,8,114.1871,114.1958,0,0.088,0.439,0.264,0.176,0.527,0.088,-1.055,0.176,0.264,0.088,0.439,0.088,0.088,0.176,0.088,0.088,0.527,0.264,0.088,0.439,0.264,0.176,0.527,0.088,-1.055,0.176,1.412,0.088,0.439,0.088,0.088,0.176,0.088,0.088,0.527,0.264,0.006,6.0,12.00,33.0
114.2271,2656,20,move,8,114.2271,114.2354,0,0.088,0.439,0.264,0.176,0.527,0.088,-1.055,0.176,0.615,0.088,0.439,0.088,0.088,0.176,0.088,0.088,0.527,0.264,0.088,0.439,0.264,0.176,0.527,0.088,-1.055,0.176,1.702,0.088,0.439,0.088,0.088,0.176,0.088,0.088,0.527,0.264,0.006,6.0,12.00,33.0
114.2672,2657,20,move,8,114.2672,114.2756,0,0.088,0.439,0.264,0.176,0.527,0.088,-1.055,0.176,1.055,0.088,0.439,0.088,0.088,0.176,0.088,0.088,0.527,0.264,0.088,0.439,0.264,0.176,0.527,0.088,-1.055,0.176,1.960,0.088,0.439,0.088,0.088,0.176,0.088,0.088,0.527,0.264,0.006,4.8,12.00,33.0
114.3074,2658,20,move,8,114.3074,114.3162,0,0.088,0.439,0.264,0.176,0.527,0.088,-1.055,0.176,1.230,0.088,0.439,0.088,0.088,0.176,0.088,0.088,0.527,0.264,0.088,0.439,0.264,0.176,0.527,0.088,-1.055,0.176,2.181,0.088,0.439,0.088,0.088,0.176,0.088,0.088,0.527,0.264,0.006,4.8,12.00,33.0
114.3475,2659,20,move,8,114.3475,114.3558,0,0.088,0.439,0.264,0.176,0.527,0.088,-1.055,0.176,1.582,0.088,0.439,0.088,0.088,0.176,0.088,0.088,0.527,0.264,0.088,0.439,0.264,0.176,0.527,0.088,-1.055,0.176,2.363,0.088,0.439,0.088,0.088,0.176,0.088,0.088,0.527,0.264,0.006,4.8,12.00,33.0
114.3872,2660,20,move,8,114.3872,114.3951,0,0.088,0.439,0.264,0.176,0.527,0.088,-1.055,0.176,1.846,0.088,0.439,0.088,0.088,0.176,0.088,0.088,0.527,0.264,0.088,0.439,0.264,0.176,0.527,0.088,-1.055,0.176,2.502,0.088,0.439,0.088,0.088,0.176,0.088,0.088,0.527,0.264,0.006,5.6,12.00,40.0
114.4272,2661,20,move,8,114.4272,114.4346,0,0.088,0.439,0.264,0.176,0.527,0.088,-1.055,0.176,2.021,0.088,0.439,0.088,0.088,0.176,0.088,0.088,0.527,0.264,0.088,0.439,0.264,0.176,0.527,0.088,-1.055,0.176,2.595,0.088,0.439,0.088,0.088,0.176,0.088,0.088,0.527,0.264,0.006,5.6,12.00,40.0
114.4676,2662,20,move,8,114.4676,114.4747,0,0.088,0.439,0.264,0.176,0.527,0.088,-1.055,0.176,2.197,0.088,0.439,0.088,0.088,0.176,0.088,0.088,0.527,0.264,0.088,0.439,0.264,0.176,0.527,0.088,-1.055,0.176,2.643,0.088,0.439,0.088,0.088,0.176,0.088,0.088,0.527,0.264,0.006,5.6,12.00,40.0
114.5074,2663,20,move,8,114.5074,114.5158,0,0.088,0.439,0.264,0.176,0.527,0.088,-1.055,0.176,2.197,0.088,0.439,0.088,0.088,0.176,0.088,0.088,0.527,0.264,0.088,0.439,0.264,0.176,0.527,0.088,-1.055,0.176,2.643,0.088,0.439,0.088,0.088,0.176,0.088,0.088,0.527,0.264,0.006,4.8,12.00,33.0
114.5472,2664,20,move,8,114.5472,114.5552,0,0.088,0.439,0.264,0.176,0.527,0.088,-1.055,0.176,2.197,0.088,0.439,0.088,0.088,0.176,0.088,0.088,0.527,0.264,0.088,0.439,0.264,0.176,0.527,0.088,-1.055,0.176,2.595,0.088,0.439,0.088,0.088,0.176,0.088,0.088,0.527,0.264,0.006,4.8,12.00,33.0
114.5874,2665,20,move,8,114.5874,114.5956,0,0.088,0.439,0.264,0.176,0.527,0.088,-1.055,0.176,2.197,0.088,0.439,0.088,0.088,0.176,0.088,0.088,0.527,0.264,0.088,0.439,0.264,0.176,0.527,0.088,-1.055,0.176,2.502,0.088,0.439,0.088,0.088,0.176,0.088,0.088,0.527,0.264,0.006,4.8,12.00,33.0
114.6272,2666,20,move,8,114.6272,114.6353,0,0.088,0.439,0.264,0.176,0.527,0.088,-1.055,0.176,2.197,0.088,0.439,0.088,0.088,0.176,0.088,0.088,0.527,0.264,0.088,0.439,0.264,0.176,0.527,0.088,-1.055,0.176,2.363,0.088,0.439,0.088,0.088,0.176,0.088,0.088,0.527,0.264,0.000,2.0,12.00,33.0
114.6671,2667,20,move,8,114.6671,114.6754,0,0.088,0.439,0.264,0.176,0.527,0.088,-1.055,0.176,2.197,0.088,0.439,0.088,0.088,0.176,0.088,0.088,0.527,0.264,0.088,0.439,0.264,0.176,0.527,0.088,-1.055,0.176,2.181,0.088,0.439,0.088,0.088,0.176,0.088,0.088,0.527,0.264,0.000,2.0,12.00,33.0
114.7072,2668,20,move,8,114.7072,114.7152,0,0.088,0.439,0.264,0.176,0.527,0.088,-1.055,0.176,2.197,0.088,0.439,0.088,0.088,0.176,0.088,0.088,0.527,0.264,0.088,0.439,0.264,0.176,0.527,0.088,-1.055,0.176,1.960,0.088,0.439,0.088,0.088,0.176,0.088,0.088,0.527,0.264,0.000,2.0,12.00,33.0
114.7474,2669,20,move,8,114.7474,114.7556,0,0.088,0.439,0.264,0.176,0.527,0.088,-1.055,0.176,2.197,0.088,0.439,0.088,0.088,0.176,0.088,0.088,0.527,0.264,0.088,0.439,0.264,0.176,0.527,0.088,-1.055,0.176,1.702,0.088,0.439,0.088,0.088,0.176,0.088,0.088,0.527,0.264,0.006,4.4,12.00,33.0
114.7872,2670,20,move,8,114.7872,114.7953,0,0.088,0.439,0.264,0.176,0.527,0.088,-1.055,0.176,2.021,0.088,0.439,0.088,0.088,0.176,0.088,0.088,0.527,0.264,0.088,0.439,0.264,0.176,0.527,0.088,-1.055,0.176,1.412,0.088,0.439,0.088,0.088,0.176,0.088,0.088,0.527,0.264,0.006,4.4,12.00,33.0
114.8272,2671,20,move,8,114.8272,114.8350,0,0.088,0.439,0.264,0.176,0.527,0.088,-1.055,0.176,1.846,0.088,0.439,0.088,0.088,0.176,0.088,0.088,0.527,0.264,0.088,0.439,0.264,0.176,0.527,0.088,-1.055,0.176,1.094,0.088,0.439,0.088,0.088,0.176,0.088,0.088,0.527,0.264,0.006,4.4,12.00,33.0
114.8672,2672,20,move,8,114.8672,114.8753,0,0.088,0.439,0.264,0.176,0.527,0.088,-1.055,0.176,1.758,0.088,0.439,0.088,0.088,0.176,0.088,0.088,0.527,0.264,0.088,0.439,0.264,0.176,0.527,0.088,-1.055,0.176,0.753,0.088,0.439,0.088,0.088,0.176,0.088,0.088,0.527,0.264,0.006,7.6,12.00,33.0
114.9082,2673,20,move,8,114.9082,114.9165,0,0.088,0.439,0.264,0.176,0.527,0.088,-1.055,0.176,1.494,0.088,0.439,0.088,0.088,0.176,0.088,0.088,0.527,0.264,0.088,0.439,0.264,0.176,0.527,0.088,-1.055,0.176,0.395,0.088,0.439,0.088,0.088,0.176,0.088,0.088,0.527,0.264,0.006,7.6,12.00,33.0
114.9472,2674,20,move,8,114.9472,114.9554,0,0.088,0.439,0.264,0.176,0.527,0.088,-1.055,0.176,1.055,0.088,0.439,0.088,0.088,0.176,0.088,0.088,0.527,0.264,0.088,0.439,0.264,0.176,0.527,0.088,-1.055,0.176,0.024,0.088,0.439,0.088,0.088,0.176,0.088,0.088,0.527,0.264,0.006,7.6,12.00,33.0
114.9872,2675,20,move,8,114.9872,114.9955,0,0.088,0.439,0.264,0.176,0.527,0.088,-1.055,0.176,0.791,0.088,0.439,0.088,0.088,0.176,0.088,0.088,0.527,0.264,0.088,0.439,0.264,0.176,0.527,0.088,-1.055,0.176,-0.352,0.088,0.439,0.088,0.088,0.176,0.088,0.088,0.527,0.264,0.006,7.6,12.00,33.0
115.0271,2676,20,move,8,115.0271,115.0351,0,0.088,0.439,0.264,0.176,0.527,0.088,-1.055,0.176,0.352,0.088,0.439,0.088,0.088,0.176,0.088,0.088,0.527,0.264,0.088,0.439,0.264,0.176,0.527,0.088,-1.055,0.176,-0.728,0.088,0.439,0.088,0.088,0.176,0.088,0.088,0.527,0.264,0.006,7.6,12.00,33.0
115.0672,2677,20,move,8,115.0672,115.0753,0,0.088,0.439,0.264,0.176,0.527,0.088,-1.055,0.176,0.088,0.088,0.439,0.088,0.088,0.176,0.088,0.088,0.527,0.264,0.088,0.439,0.264,0.176,0.527,0.088,-1.055,0.176,-1.098,0.088,0.439,0.088,0.088,0.176,0.088,0.088,0.527,0.264,0.006,7.6,12.00,33.0
115.1074,2678,20,move,8,115.1074,115.1158,0,0.088,0.439,0.264,0.176,0.527,0.088,-1.055,0.176,-0.264,0.088,0.439,0.088,0.088,0.176,0.088,0.088,0.527,0.264,0.088,0.439,0.264,0.176,0.527,0.088,-1.055,0.176,-1.456,0.088,0.439,0.088,0.088,0.176,0.088,0.088,0.527,0.264,0.013,7.2,12.00,33.0
115.1474,2679,20,move,8,115.1474,115.1569,0,0.088,0.439,0.264,0.176,0.527,0.088,-1.055,0.176,-0.615,0.088,0.439,0.088,0.088,0.176,0.088,0.088,0.527,0.264,0.088,0.439,0.264,0.176,0.527,0.088,-1.055,0.176,-1.797,0.088,0.439,0.088,0.088,0.176,0.088,0.088,0.527,0.264,0.013,7.2,12.00,33.0
115.1872,2680,20,move,8,115.1872,115.1951,0,0.088,0.439,0.264,0.176,0.527,0.088,-1.055,0.176,-1.055,0.088,0.439,0.088,0.088,0.176,0.088,0.088,0.527,0.264,0.088,0.439,0.264,0.176,0.527,0.088,-1.055,0.176,-2.115,0.088,0.439,0.088,0.088,0.176,0.088,0.088,0.527,0.264,0.013,7.2,12.00,33.0
115.2272,2681,20,move,8,115.2272,115.2350,0,0.088,0.439,0.264,0.176,0.527,0.088,-1.055,0.176,-1.318,0.088,0.439,0.088,0.088,0.176,0.088,0.088,0.527,0.264,0.088,0.439,0.264,0.176,0.527,0.088,-1.055,0.176,-2.405,0.088,0.439,0.088,0.088,0.176,0.088,0.088,0.527,0.264,0.013,8.4,12.00,33.0
115.2674,2682,20,move,8,115.2674,115.2751,0,0.088,0.439,0.264,0.176,0.527,0.088,-1.055,0.176,-1.670,0.088,0.439,0.088,0.088,0.176,0.088,0.088,0.527,0.264,0.088,0.439,0.264,0.176,0.527,0.088,-1.055,0.176,-2.663,0.088,0.439,0.088,0.088,0.176,0.088,0.088,0.527,0.264,0.013,8.4,12.00,33.0
115.3074,2683,20,move,8,115.3074,115.3156,0,0.088,0.439,0.264,0.176,0.527,0.088,-1.055,0.176,-1.934,0.088,0.439,0.088,0.088,0.176,0.088,0.088,0.527,0.264,0.088,0.439,0.264,0.176,0.527,0.088,-1.055,0.176,-2.885,0.088,0.439,0.088,0.088,0.176,0.088,0.088,0.527,0.264,0.013,8.4,12.00,33.0
115.3474,2684,20,move,8,115.3474,115.3557,0,0.088,0.439,0.264,0.176,0.527,0.088,-1.055,0.176,-2.197,0.088,0.439,0.088,0.088,0.176,0.088,0.088,0.527,0.264,0.088,0.439,0.264,0.176,0.527,0.088,-1.055,0.176,-3.066,0.088,0.439,0.088,0.088,0.176,0.088,0.088,0.527,0.264,0.013,6.8,12.00,33.0
115.3874,2685,20,move,8,115.3874,115.3954,0,0.088,0.439,0.264,0.176,0.527,0.088,-1.055,0.176,-2.461,0.088,0.439,0.088,0.088,0.176,0.088,0.088,0.527,0.264,0.088,0.439,0.264,0.176,0.527,0.088,-1.055,0.176,-3.205,0.088,0.439,0.088,0.088,0.176,0.088,0.088,0.527,0.264,0.013,6.8,12.00,33.0
115.4274,2686,20,move,8,115.4274,115.4356,0,0.088,0.439,0.264,0.176,0.527,0.088,-1.055,0.176,-2.637,0.088,0.439,0.088,0.088,0.176,0.088,0.088,0.527,0.264,0.088,0.439,0.264,0.176,0.527,0.088,-1.055,0.176,-3.298,0.088,0.439,0.088,0.088,0.176,0.088,0.088,0.527,0.264,0.013,6.8,12.00,33.0
115.4672,2687,20,move,8,115.4672,115.4756,0,0.088,0.439,0.264,0.176,0.527,0.088,-1.055,0.176,-2.812,0.088,0.439,0.088,0.088,0.176,0.088,0.088,0.527,0.264,0.088,0.439,0.264,0.176,0.527,0.088,-1.055,0.176,-3.346,0.088,0.439,0.088,0.088,0.176,0.088,0.088,0.527,0.264,0.013,4.8,12.00,33.0
115.5072,2688,20,move,8,115.5072,115.5158,0,0.088,0.439,0.264,0.176,0.527,0.088,-1.055,0.176,-2.900,0.088,0.439,0.088,0.088,0.176,0.088,0.088,0.527,0.264,0.088,0.439,0.264,0.176,0.527,0.088,-1.055,0.176,-3.346,0.088,0.439,0.088,0.088,0.176,0.088,0.088,0.527,0.264,0.013,4.8,12.00,33.0
115.5472,2689,20,move,8,115.5472,115.5554,0,0.088,0.439,0.264,0.176,0.527,0.088,-1.055,0.176,-2.900,0.088,0.439,0.088,0.088,0.176,0.088,0.088,0.527,0.264,0.088,0.439,0.264,0.176,0.527,0.088,-1.055,0.176,-3.298,0.088,0.439,0.088,0.088,0.176,0.088,0.088,0.527,0.264,0.013,4.8,12.00,33.0
115.5871,2690,20,move,8,115.5871,115.5952,0,0.088,0.439,0.264,0.176,0.527,0.088,-1.055,0.176,-2.900,0.088,0.439,0.088,0.088,0.176,0.088,0.088,0.527,0.264,0.088,0.439,0.264,0.176,0.527,0.088,-1.055,0.176,-3.205,0.088,0.439,0.088,0.088,0.176,0.088,0.088,0.527,0.264,0.006,4.8,12.00,33.0
115.6271,2691,20,move,8,115.6271,115.6352,0,0.088,0.439,0.264,0.176,0.527,0.088,-1.055,0.176,-2.900,0.088,0.439,0.088,0.088,0.176,0.088,0.088,0.527,0.264,0.088,0.439,0.264,0.176,0.527,0.088,-1.055,0.176,-3.066,0.088,0.439,0.088,0.088,0.176,0.088,0.088,0.527,0.264,0.006,4.8,12.00,33.0
115.6672,2692,20,move,8,115.6672,115.6752,0,0.088,0.439,0.264,0.176,0.527,0.088,-1.055,0.176,-2.900,0.088,0.439,0.088,0.088,0.176,0.088,0.088,0.527,0.264,0.088,0.439,0.264,0.176,0.527,0.088,-1.055,0.176,-2.885,0.088,0.439,0.088,0.088,0.176,0.088,0.088,0.527,0.264,0.006,4.8,12.00,33.0
115.7072,2693,20,move,8,115.7072,115.7152,0,0.088,0.439,0.264,0.176,0.527,0.088,-1.055,0.176,-2.900,0.088,0.439,0.088,0.088,0.176,0.088,0.088,0.527,0.264,0.088,0.439,0.264,0.176,0.527,0.088,-1.055,0.176,-2.663,0.088,0.439,0.088,0.088,0.176,0.088,0.088,0.527,0.264,0.000,0.0,12.00,33.0
115.7472,2694,20,move,8,115.7472,115.7554,0,0.088,0.439,0.264,0.176,0.527,0.088,-1.055,0.176,-2.812,0.088,0.439,0.088,0.088,0.176,0.088,0.088,0.527,0.264,0.088,0.439,0.264,0.176,0.527,0.088,-1.055,0.176,-2.405,0.088,0.439,0.088,0.088,0.176,0.088,0.088,0.527,0.264,0.000,0.0,12.00,33.0
115.7872,2695,20,move,8,115.7872,115.7954,0,0.088,0.439,0.264,0.176,0.527,0.088,-1.055,0.176,-2.812,0.088,0.439,0.088,0.088,0.176,0.088,0.088,0.527,0.264,0.088,0.439,0.264,0.176,0.527,0.088,-1.055,0.176,-2.115,0.088,0.439,0.088,0.088,0.176,0.088,0.088,0.527,0.264,0.000,0.0,12.00,33.0
115.8274,2696,20,move,8,115.8274,115.8355,0,0.088,0.439,0.264,0.176,0.527,0.088,-1.055,0.176,-2.549,0.088,0.439,0.088,0.088,0.176,0.088,0.088,0.527,0.264,0.088,0.439,0.264,0.176,0.527,0.088,-1.055,0.176,-1.797,0.088,0.439,0.088,0.088,0.176,0.088,0.088,0.527,0.264,0.006,3.2,12.00,33.0
115.8672,2697,20,move,8,115.8672,115.8751,0,0.088,0.439,0.264,0.176,0.527,0.088,-1.055,0.176,-2.285,0.088,0.439,0.088,0.088,0.176,0.088,0.088,0.527,0.264,0.088,0.439,0.264,0.176,0.527,0.088,-1.055,0.176,-1.456,0.088,0.439,0.088,0.088,0.176,0.088,0.088,0.527,0.264,0.006,3.2,12.00,33.0
115.9072,2698,20,move,8,115.9072,115.9152,0,0.088,0.439,0.264,0.176,0.527,0.088,-1.055,0.176,-2.021,0.088,0.439,0.088,0.088,0.176,0.088,0.088,0.527,0.264,0.088,0.439,0.264,0.176,0.527,0.088,-1.055,0.176,-1.098,0.088,0.439,0.088,0.088,0.176,0.088,0.088,0.527,0.264,0.006,3.2,12.00,33.0
115.9472,2699,20,move,8,115.9472,115.9552,0,0.088,0.439,0.264,0.176,0.527,0.088,-1.055,0.176,-1.846,0.088,0.439,0.088,0.088,0.176,0.088,0.088,0.527,0.264,0.088,0.439,0.264,0.176,0.527,0.088,-1.055,0.176,-0.728,0.088,0.439,0.088,0.088,0.176,0.088,0.088,0.527,0.264,0.006,7.2,12.00,33.0
115.9872,2700,20,rest,8,115.9872,115.9951,0,0.088,0.439,0.264,0.176,0.527,0.088,-1.055,0.176,-1.758,0.088,0.439,0.088,0.088,0.176,0.088,0.088,0.527,0.264,0.088,0.439,0.264,0.176,0.527,0.088,-1.055,0.176,-0.352,0.088,0.439,0.088,0.088,0.176,0.088,0.088,0.527,0.264,0.006,7.2,12.00,33.0
116.0272,2701,20,rest,8,116.0272,116.0352,0,0.088,0.439,0.264,0.176,0.527,0.088,-1.055,0.176,-1.143,0.088,0.439,0.088,0.088,0.176,0.088,0.088,0.527,0.264,0.088,0.439,0.264,0.176,0.527,0.088,-1.055,0.176,-0.352,0.088,0.439,0.088,0.088,0.176,0.088,0.088,0.527,0.264,0.006,7.2,12.00,33.0
116.0674,2702,20,rest,8,116.0674,116.0754,0,0.088,0.439,0.264,0.176,0.527,0.088,-1.055,0.176,-0.791,0.088,0.439,0.088,0.088,0.176,0.088,0.088,0.527,0.264,0.088,0.439,0.264,0.176,0.527,0.088,-1.055,0.176,-0.352,0.088,0.439,0.088,0.088,0.176,0.088,0.088,0.527,0.264,0.006,4.8,12.00,33.0
116.1072,2703,20,rest,8,116.1072,116.1152,0,0.088,0.439,0.264,0.176,0.527,0.088,-1.055,0.176,-0.703,0.088,0.439,0.088,0.088,0.176,0.088,0.088,0.527,0.264,0.088,0.439,0.264,0.176,0.527,0.088,-1.055,0.176,-0.352,0.088,0.439,0.088,0.088,0.176,0.088,0.088,0.527,0.264,0.006,4.8,12.00,33.0
116.1472,2704,20,rest,8,116.1472,116.1554,0,0.088,0.439,0.264,0.176,0.527,0.088,-1.055,0.176,-0.703,0.088,0.439,0.088,0.088,0.176,0.088,0.088,0.527,0.264,0.088,0.439,0.264,0.176,0.527,0.088,-1.055,0.176,-0.352,0.088,0.439,0.088,0.088,0.176,0.088,0.088,0.527,0.264,0.006,4.8,12.00,33.0
116.1874,2705,20,rest,8,116.1874,116.1956,0,0.088,0.439,0.264,0.176,0.527,0.088,-1.055,0.176,-0.703,0.088,0.439,0.088,0.088,0.176,0.088,0.088,0.527,0.264,0.088,0.439,0.264,0.176,0.527,0.088,-1.055,0.176,-0.352,0.088,0.439,0.088,0.088,0.176,0.088,0.088,0.527,0.264,0.006,4.0,12.00,33.0
116.2271,2706,20,rest,8,116.2271,116.2350,0,0.088,0.439,0.264,0.176,0.527,0.088,-1.055,0.176,-0.703,0.088,0.439,0.088,0.088,0.176,0.088,0.088,0.527,0.264,0.088,0.439,0.264,0.176,0.527,0.088,-1.055,0.176,-0.352,0.088,0.439,0.088,0.088,0.176,0.088,0.088,0.527,0.264,0.006,4.0,12.00,33.0
116.2672,2707,20,rest,8,116.2672,116.2773,0,0.088,0.439,0.264,0.176,0.527,0.088,-1.055,0.176,-0.703,0.088,0.439,0.088,0.088,0.176,0.088,0.088,0.527,0.264,0.088,0.439,0.264,0.176,0.527,0.088,-1.055,0.176,-0.352,0.088,0.439,0.088,0.088,0.176,0.088,0.088,0.527,0.264,0.006,4.0,12.00,33.0
116.3072,2708,20,rest,8,116.3072,116.3151,0,0.088,0.439,0.264,0.176,0.527,0.088,-1.055,0.176,-0.703,0.088,0.439,0.088,0.088,0.176,0.088,0.088,0.527,0.264,0.088,0.439,0.264,0.176,0.527,0.088,-1.055,0.176,-0.352,0.088,0.439,0.088,0.088,0.176,0.088,0.088,0.527,0.264,0.006,4.0,12.00,33.0
116.3471,2709,20,rest,8,116.3471,116.3549,0,0.088,0.439,0.264,0.176,0.527,0.088,-1.055,0.176,-0.703,0.088,0.439,0.088,0.088,0.176,0.088,0.088,0.527,0.264,0.088,0.439,0.264,0.176,0.527,0.088,-1.055,0.176,-0.352,0.088,0.439,0.088,0.088,0.176,0.088,0.088,0.527,0.264,0.006,4.0,12.00,33.0
116.3874,2710,20,rest,8,116.3874,116.3954,0,0.088,0.439,0.264,0.176,0.527,0.088,-1.055,0.176,-0.703,0.088,0.439,0.088,0.088,0.176,0.088,0.088,0.527,0.264,0.088,0.439,0.264,0.176,0.527,0.088,-1.055,0.176,-0.352,0.088,0.439,0.088,0.088,0.176,0.088,0.088,0.527,0.264,0.006,4.0,12.00,33.0
116.4272,2711,20,rest,8,116.4272,116.4354,0,0.088,0.439,0.264,0.176,0.527,0.088,-1.055,0.176,-0.703,0.088,0.439,0.088,0.088,0.176,0.088,0.088,0.527,0.264,0.088,0.439,0.264,0.176,0.527,0.088,-1.055,0.176,-0.352,0.088,0.439,0.088,0.088,0.176,0.088,0.088,0.527,0.264,0.006,4.0,12.00,33.0
116.4672,2712,20,rest,8,116.4672,116.4756,0,0.088,0.439,0.264,0.176,0.527,0.088,-1.055,0.176,-0.703,0.088,0.439,0.088,0.088,0.176,0.088,0.088,0.527,0.264,0.088,0.439,0.264,0.176,0.527,0.088,-1.055,0.176,-0.352,0.088,0.439,0.088,0.088,0.176,0.088,0.088,0.527,0.264,0.006,4.0,12.00,33.0
116.5072,2713,20,rest,8,116.5072,116.5156,0,0.088,0.439,0.264,0.176,0.527,0.088,-1.055,0.176,-0.703,0.088,0.439,0.088,0.088,0.176,0.088,0.088,0.527,0.264,0.088,0.439,0.264,0.176,0.527,0.088,-1.055,0.176,-0.352,0.088,0.439,0.088,0.088,0.176,0.088,0.088,0.527,0.264,0.006,4.0,12.00,33.0
116.5474,2714,20,rest,8,116.5474,116.5558,0,0.088,0.439,0.264,0.176,0.527,0.088,-1.055,0.176,-0.703,0.088,0.439,0.088,0.088,0.176,0.088,0.088,0.527,0.264,0.088,0.439,0.264,0.176,0.527,0.088,-1.055,0.176,-0.352,0.088,0.439,0.088,0.088,0.176,0.088,0.088,0.527,0.264,0.006,4.0,12.00,33.0
116.5874,2715,20,rest,8,116.5874,116.5960,0,0.088,0.439,0.264,0.176,0.527,0.088,-1.055,0.176,-0.703,0.088,0.439,0.088,0.088,0.176,0.088,0.088,0.527,0.264,0.088,0.439,0.264,0.176,0.527,0.088,-1.055,0.176,-0.352,0.088,0.439,0.088,0.088,0.176,0.088,0.088,0.527,0.264,0.006,4.0,12.00,33.0
116.6274,2716,20,rest,8,116.6274,116.6360,0,0.088,0.439,0.264,0.176,0.527,0.088,-1.055,0.176,-0.703,0.088,0.439,0.088,0.088,0.176,0.088,0.088,0.527,0.264,0.088,0.439,0.264,0.176,0.527,0.088,-1.055,0.176,-0.352,0.088,0.439,0.088,0.088,0.176,0.088,0.088,0.527,0.264,0.006,4.0,12.00,33.0
116.6674,2717,20,rest,8,116.6674,116.6759,0,0.088,0.439,0.264,0.176,0.527,0.088,-1.055,0.176,-0.703,0.088,0.439,0.088,0.088,0.176,0.088,0.088,0.527,0.264,0.088,0.439,0.264,0.176,0.527,0.088,-1.055,0.176,-0.352,0.088,0.439,0.088,0.088,0.176,0.088,0.088,0.527,0.264,0.006,4.0,12.00,33.0
116.7071,2718,20,rest,8,116.7071,116.7157,0,0.088,0.439,0.264,0.176,0.527,0.088,-1.055,0.176,-0.703,0.088,0.439,0.088,0.088,0.176,0.088,0.088,0.527,0.264,0.088,0.439,0.264,0.176,0.527,0.088,-1.055,0.176,-0.352,0.088,0.439,0.088,0.088,0.176,0.088,0.088,0.527,0.264,0.006,4.0,12.00,33.0
116.7472,2719,20,rest,8,116.7472,116.7559,0,0.088,0.439,0.264,0.176,0.527,0.088,-1.055,0.176,-0.703,0.088,0.439,0.088,0.088,0.176,0.088,0.088,0.527,0.264,0.088,0.439,0.264,0.176,0.527,0.088,-1.055,0.176,-0.352,0.088,0.439,0.088,0.088,0.176,0.088,0.088,0.527,0.264,0.006,4.0,12.00,33.0
116.7927,2720,21,pre,8,116.7927,116.8011,0,0.088,0.439,0.264,0.176,0.527,0.088,-1.055,0.176,-0.703,0.088,0.439,0.088,0.088,0.176,0.088,0.088,0.527,0.264,0.088,0.439,0.264,0.176,0.527,0.088,-1.055,0.176,-0.703,0.088,0.439,0.088,0.088,0.176,0.088,0.088,0.527,0.264,0.000,2.8,12.00,33.0
116.8272,2721,21,pre,8,116.8272,116.8357,0,0.088,0.439,0.264,0.176,0.527,0.088,-1.055,0.176,-0.703,0.088,0.439,0.088,0.088,0.176,0.088,0.088,0.527,0.264,0.088,0.439,0.264,0.176,0.527,0.088,-1.055,0.176,-0.703,0.088,0.439,0.088,0.088,0.176,0.088,0.088,0.527,0.264,0.000,2.8,12.00,33.0
116.8674,2722,21,pre,8,116.8674,116.8762,0,0.088,0.439,0.264,0.176,0.527,0.088,-1.055,0.176,-0.703,0.088,0.439,0.088,0.088,0.176,0.088,0.088,0.527,0.264,0.088,0.439,0.264,0.176,0.527,0.088,-1.055,0.176,-0.703,0.088,0.439,0.088,0.088,0.176,0.088,0.088,0.527,0.264,0.000,2.8,12.00,33.0
116.9074,2723,21,pre,8,116.9074,116.9161,0,0.088,0.439,0.264,0.176,0.527,0.088,-1.055,0.176,-0.703,0.088,0.439,0.088,0.088,0.176,0.088,0.088,0.527,0.264,0.088,0.439,0.264,0.176,0.527,0.088,-1.055,0.176,-0.703,0.088,0.439,0.088,0.088,0.176,0.088,0.088,0.527,0.264,0.000,0.0,12.00,33.0
116.9471,2724,21,pre,8,116.9471,116.9558,0,0.088,0.439,0.264,0.176,0.527,0.088,-1.055,0.176,-0.703,0.088,0.439,0.088,0.088,0.176,0.088,0.088,0.527,0.264,0.088,0.439,0.264,0.176,0.527,0.088,-1.055,0.176,-0.703,0.088,0.439,0.088,0.088,0.176,0.088,0.088,0.527,0.264,0.000,0.0,12.00,33.0
116.9874,2725,21,pre,8,116.9874,116.9960,0,0.088,0.439,0.264,0.176,0.527,0.088,-1.055,0.176,-0.703,0.088,0.439,0.088,0.088,0.176,0.088,0.088,0.527,0.264,0.088,0.439,0.264,0.176,0.527,0.088,-1.055,0.176,-0.703,0.088,0.439,0.088,0.088,0.176,0.088,0.088,0.527,0.264,0.000,0.0,12.00,33.0
117.0272,2726,21,pre,8,117.0272,117.0358,0,0.088,0.439,0.264,0.176,0.527,0.088,-1.055,0.176,-0.703,0.088,0.439,0.088,0.088,0.176,0.088,0.088,0.527,0.264,0.088,0.439,0.264,0.176,0.527,0.088,-1.055,0.176,-0.703,0.088,0.439,0.088,0.088,0.176,0.088,0.088,0.527,0.264,0.000,0.0,12.00,33.0
117.0674,2727,21,pre,8,117.0674,117.0760,0,0.088,0.439,0.264,0.176,0.527,0.088,-1.055,0.176,-0.703,0.088,0.439,0.088,0.088,0.176,0.088,0.088,0.527,0.264,0.088,0.439,0.264,0.176,0.527,0.088,-1.055,0.176,-0.703,0.088,0.439,0.088,0.088,0.176,0.088,0.088,0.527,0.264,0.000,0.0,12.00,33.0
117.1072,2728,21,pre,8,117.1072,117.1160,0,0.088,0.439,0.264,0.176,0.527,0.088,-1.055,0.176,-0.703,0.088,0.439,0.088,0.088,0.176,0.088,0.088,0.527,0.264,0.088,0.439,0.264,0.176,0.527,0.088,-1.055,0.176,-0.703,0.088,0.439,0.088,0.088,0.176,0.088,0.088,0.527,0.264,0.000,0.0,12.00,33.0
117.1474,2729,21,pre,8,117.1474,117.1560,0,0.088,0.439,0.264,0.176,0.527,0.088,-1.055,0.176,-0.703,0.088,0.439,0.088,0.088,0.176,0.088,0.088,0.527,0.264,0.088,0.439,0.264,0.176,0.527,0.088,-1.055,0.176,-0.703,0.088,0.439,0.088,0.088,0.176,0.088,0.088,0.527,0.264,0.000,0.0,12.00,33.0
117.1872,2730,21,pre,8,117.1872,117.1956,0,0.088,0.439,0.264,0.176,0.527,0.088,-1.055,0.176,-0.703,0.088,0.439,0.088,0.088,0.176,0.088,0.088,0.527,0.264,0.088,0.439,0.264,0.176,0.527,0.088,-1.055,0.176,-0.703,0.088,0.439,0.088,0.088,0.176,0.088,0.088,0.527,0.264,0.000,0.0,12.00,33.0
117.2274,2731,21,pre,8,117.2274,117.2361,0,0.088,0.439,0.264,0.176,0.527,0.088,-1.055,0.176,-0.703,0.088,0.439,0.088,0.088,0.176,0.088,0.088,0.527,0.264,0.088,0.439,0.264,0.176,0.527,0.088,-1.055,0.176,-0.703,0.088,0.439,0.088,0.088,0.176,0.088,0.088,0.527,0.264,0.000,0.0,12.00,33.0
117.2672,2732,21,pre,8,117.2672,117.2759,0,0.088,0.439,0.264,0.176,0.527,0.088,-1.055,0.176,-0.703,0.088,0.439,0.088,0.088,0.176,0.088,0.088,0.527,0.264,0.088,0.439,0.264,0.176,0.527,0.088,-1.055,0.176,-0.703,0.088,0.439,0.088,0.088,0.176,0.088,0.088,0.527,0.264,0.000,0.0,12.00,33.0
117.3074,2733,21,pre,8,117.3074,117.3163,0,0.088,0.439,0.264,0.176,0.527,0.088,-1.055,0.176,-0.703,0.088,0.439,0.088,0.088,0.176,0.088,0.088,0.527,0.264,0.088,0.439,0.264,0.176,0.527,0.088,-1.055,0.176,-0.703,0.088,0.439,0.088,0.088,0.176,0.088,0.088,0.527,0.264,0.000,0.0,12.00,33.0
117.3472,2734,21,pre,8,117.3472,117.3556,0,0.088,0.439,0.264,0.176,0.527,0.088,-1.055,0.176,-0.703,0.088,0.439,0.088,0.088,0.176,0.088,0.088,0.527,0.264,0.088,0.439,0.264,0.176,0.527,0.088,-1.055,0.176,-0.703,0.088,0.439,0.088,0.088,0.176,0.088,0.088,0.527,0.264,0.000,0.0,12.00,33.0
117.3872,2735,21,move,8,117.3872,117.3960,0,0.088,0.439,0.264,0.176,0.527,0.088,-1.055,0.176,-0.703,0.088,0.439,0.088,0.088,0.176,0.088,0.088,0.527,0.264,0.088,0.439,0.264,0.176,0.527,0.088,-1.055,0.176,-0.703,0.088,0.439,0.088,0.088,0.176,0.088,0.088,0.527,0.264,0.000,0.0,12.00,33.0
117.4274,2736,21,move,8,117.4274,117.4360,0,0.088,0.439,0.264,0.176,0.527,0.088,-1.055,0.176,-0.703,0.088,0.439,0.088,0.088,0.176,0.088,0.088,0.527,0.264,0.088,0.439,0.264,0.176,0.527,0.088,-1.055,0.176,0.043,0.088,0.439,0.088,0.088,0.176,0.088,0.088,0.527,0.264,0.000,0.0,12.00,33.0
117.4674,2737,21,move,8,117.4674,117.4761,0,0.088,0.439,0.264,0.176,0.527,0.088,-1.055,0.176,-0.703,0.088,0.439,0.088,0.088,0.176,0.088,0.088,0.527,0.264,0.088,0.439,0.264,0.176,0.527,0.088,-1.055,0.176,0.742,0.088,0.439,0.088,0.088,0.176,0.088,0.088,0.527,0.264,0.000,0.0,12.00,33.0
117.5072,2738,21,move,8,117.5072,117.5259,0,0.088,0.439,0.264,0.176,0.527,0.088,-1.055,0.176,-0.439,0.088,0.439,0.088,0.088,0.176,0.088,0.088,0.527,0.264,0.088,0.439,0.264,0.176,0.527,0.088,-1.055,0.176,1.351,0.088,0.439,0.088,0.088,0.176,0.088,0.088,0.527,0.264,0.013,8.8,12.00,33.0
117.5471,2739,21,move,8,117.5471,117.5555,0,0.088,0.439,0.264,0.176,0.527,0.088,-1.055,0.176,0.000,0.088,0.439,0.088,0.088,0.176,0.088,0.088,0.527,0.264,0.088,0.439,0.264,0.176,0.527,0.088,-1.055,0.176,1.830,0.088,0.439,0.088,0.088,0.176,0.088,0.088,0.527,0.264,0.013,8.8,12.00,33.0
117.5872,2740,21,move,8,117.5872,117.5960,0,0.088,0.439,0.264,0.176,0.527,0.088,-1.055,0.176,0.527,0.088,0.439,0.088,0.088,0.176,0.088,0.088,0.527,0.264,0.088,0.439,0.264,0.176,0.527,0.088,-1.055,0.176,2.150,0.088,0.439,0.088,0.088,0.176,0.088,0.088,0.527,0.264,0.013,8.8,12.00,33.0
117.6272,2741,21,move,8,117.6272,117.6358,0,0.088,0.439,0.264,0.176,0.527,0.088,-1.055,0.176,1.143,0.088,0.439,0.088,0.088,0.176,0.088,0.088,0.527,0.264,0.088,0.439,0.264,0.176,0.527,0.088,-1.055,0.176,2.291,0.088,0.439,0.088,0.088,0.176,0.088,0.088,0.527,0.264,0.006,6.8,12.00,33.0
117.6672,2742,21,move,8,117.6672,117.6752,0,0.088,0.439,0.264,0.176,0.527,0.088,-1.055,0.176,1.582,0.088,0.439,0.088,0.088,0.176,0.088,0.088,0.527,0.264,0.088,0.439,0.264,0.176,0.527,0.088,-1.055,0.176,2.244,0.088,0.439,0.088,0.088,0.176,0.088,0.088,0.527,0.264,0.006,6.8,12.00,33.0
117.7072,2743,21,move,8,117.7072,117.7159,0,0.088,0.439,0.264,0.176,0.527,0.088,-1.055,0.176,1.846,0.088,0.439,0.088,0.088,0.176,0.088,0.088,0.527,0.264,0.088,0.439,0.264,0.176,0.527,0.088,-1.055,0.176,2.011,0.088,0.439,0.088,0.088,0.176,0.088,0.088,0.527,0.264,0.006,6.8,12.00,33.0
117.7474,2744,21,move,8,117.7474,117.7559,0,0.088,0.439,0.264,0.176,0.527,0.088,-1.055,0.176,1.934,0.088,0.439,0.088,0.088,0.176,0.088,0.088,0.527,0.264,0.088,0.439,0.264,0.176,0.527,0.088,-1.055,0.176,1.608,0.088,0.439,0.088,0.088,0.176,0.088,0.088,0.527,0.264,0.000,2.0,12.00,33.0
117.7871,2745,21,move,8,117.7871,117.7957,0,0.088,0.439,0.264,0.176,0.527,0.088,-1.055,0.176,1.934,0.088,0.439,0.088,0.088,0.176,0.088,0.088,0.527,0.264,0.088,0.439,0.264,0.176,0.527,0.088,-1.055,0.176,1.060,0.088,0.439,0.088,0.088,0.176,0.088,0.088,0.527,0.264,0.000,2.0,12.00,33.0
117.8274,2746,21,move,8,117.8274,117.8361,0,0.088,0.439,0.264,0.176,0.527,0.088,-1.055,0.176,1.758,0.088,0.439,0.088,0.088,0.176,0.088,0.088,0.527,0.264,0.088,0.439,0.264,0.176,0.527,0.088,-1.055,0.176,0.401,0.088,0.439,0.088,0.088,0.176,0.088,0.088,0.527,0.264,0.000,2.0,12.00,33.0
117.8672,2747,21,move,8,117.8672,117.8757,0,0.088,0.439,0.264,0.176,0.527,0.088,-1.055,0.176,1.494,0.088,0.439,0.088,0.088,0.176,0.088,0.088,0.527,0.264,0.088,0.439,0.264,0.176,0.527,0.088,-1.055,0.176,-0.327,0.088,0.439,0.088,0.088,0.176,0.088,0.088,0.527,0.264,0.013,8.8,12.00,33.0
117.9072,2748,21,move,8,117.9072,117.9167,0,0.088,0.439,0.264,0.176,0.527,0.088,-1.055,0.176,1.230,0.088,0.439,0.088,0.088,0.176,0.088,0.088,0.527,0.264,0.088,0.439,0.264,0.176,0.527,0.088,-1.055,0.176,-1.079,0.088,0.439,0.088,0.088,0.176,0.088,0.088,0.527,0.264,0.013,8.8,12.00,33.0
117.9474,2749,21,move,8,117.9474,117.9561,0,0.088,0.439,0.264,0.176,0.527,0.088,-1.055,0.176,0.439,0.088,0.439,0.088,0.088,0.176,0.088,0.088,0.527,0.264,0.088,0.439,0.264,0.176,0.527,0.088,-1.055,0.176,-1.807,0.088,0.439,0.088,0.088,0.176,0.088,0.088,0.527,0.264,0.013,8.8,12.00,33.0
117.9872,2750,21,move,8,117.9872,117.9956,0,0.088,0.439,0.264,0.176,0.527,0.088,-1.055,0.176,-0.264,0.088,0.439,0.088,0.088,0.176,0.088,0.088,0.527,0.264,0.088,0.439,0.264,0.176,0.527,0.088,-1.055,0.176,-2.466,0.088,0.439,0.088,0.088,0.176,0.088,0.088,0.527,0.264,0.013,9.6,12.00,33.0
118.0272,2751,21,move,8,118.0272,118.0357,0,0.088,0.439,0.264,0.176,0.527,0.088,-1.055,0.176,-0.879,0.088,0.439,0.088,0.088,0.176,0.088,0.088,0.527,0.264,0.088,0.439,0.264,0.176,0.527,0.088,-1.055,0.176,-3.015,0.088,0.439,0.088,0.088,0.176,0.088,0.088,0.527,0.264,0.013,9.6,12.00,33.0
118.0672,2752,21,move,8,118.0672,118.0757,0,0.088,0.439,0.264,0.176,0.527,0.088,-1.055,0.176,-1.582,0.088,0.439,0.088,0.088,0.176,0.088,0.088,0.527,0.264,0.088,0.439,0.264,0.176,0.527,0.088,-1.055,0.176,-3.418,0.088,0.439,0.088,0.088,0.176,0.088,0.088,0.527,0.264,0.013,9.6,12.00,33.0
118.1074,2753,21,move,8,118.1074,118.1162,0,0.088,0.439,0.264,0.176,0.527,0.088,-1.055,0.176,-2.197,0.088,0.439,0.088,0.088,0.176,0.088,0.088,0.527,0.264,0.088,0.439,0.264,0.176,0.527,0.088,-1.055,0.176,-3.650,0.088,0.439,0.088,0.088,0.176,0.088,0.088,0.527,0.264,0.013,8.4,12.00,33.0
118.1471,2754,21,move,8,118.1471,118.1556,0,0.088,0.439,0.264,0.176,0.527,0.088,-1.055,0.176,-2.725,0.088,0.439,0.088,0.088,0.176,0.088,0.088,0.527,0.264,0.088,0.439,0.264,0.176,0.527,0.088,-1.055,0.176,-3.697,0.088,0.439,0.088,0.088,0.176,0.088,0.088,0.527,0.264,0.013,8.4,12.00,33.0
118.1874,2755,21,move,8,118.1874,118.1978,0,0.088,0.439,0.264,0.176,0.527,0.088,-1.055,0.176,-3.164,0.088,0.439,0.088,0.088,0.176,0.088,0.088,0.527,0.264,0.088,0.439,0.264,0.176,0.527,0.088,-1.055,0.176,-3.556,0.088,0.439,0.088,0.088,0.176,0.088,0.088,0.527,0.264,0.013,8.4,12.00,33.0
118.2272,2756,21,move,8,118.2272,118.2357,0,0.088,0.439,0.264,0.176,0.527,0.088,-1.055,0.176,-3.164,0.088,0.439,0.088,0.088,0.176,0.088,0.088,0.527,0.264,0.088,0.439,0.264,0.176,0.527,0.088,-1.055,0.176,-3.236,0.088,0.439,0.088,0.088,0.176,0.088,0.088,0.527,0.264,0.006,3.6,12.00,33.0
118.2672,2757,21,move,8,118.2672,118.2758,0,0.088,0.439,0.264,0.176,0.527,0.088,-1.055,0.176,-3.164,0.088,0.439,0.088,0.088,0.176,0.088,0.088,0.527,0.264,0.088,0.439,0.264,0.176,0.527,0.088,-1.055,0.176,-2.757,0.088,0.439,0.088,0.088,0.176,0.088,0.088,0.527,0.264,0.006,3.6,12.00,33.0
118.3074,2758,21,move,8,118.3074,118.3156,0,0.088,0.439,0.264,0.176,0.527,0.088,-1.055,0.176,-3.164,0.088,0.439,0.088,0.088,0.176,0.088,0.088,0.527,0.264,0.088,0.439,0.264,0.176,0.527,0.088,-1.055,0.176,-2.148,0.088,0.439,0.088,0.088,0.176,0.088,0.088,0.527,0.264,0.006,3.6,12.00,33.0
118.3472,2759,21,move,8,118.3472,118.3556,0,0.088,0.439,0.264,0.176,0.527,0.088,-1.055,0.176,-2.988,0.088,0.439,0.088,0.088,0.176,0.088,0.088,0.527,0.264,0.088,0.439,0.264,0.176,0.527,0.088,-1.055,0.176,-1.449,0.088,0.439,0.088,0.088,0.176,0.088,0.088,0.527,0.264,0.000,5.2,12.00,33.0
118.3874,2760,21,move,8,118.3874,118.3960,0,0.088,0.439,0.264,0.176,0.527,0.088,-1.055,0.176,-2.549,0.088,0.439,0.088,0.088,0.176,0.088,0.088,0.527,0.264,0.088,0.439,0.264,0.176,0.527,0.088,-1.055,0.176,-0.703,0.088,0.439,0.088,0.088,0.176,0.088,0.088,0.527,0.264,0.000,5.2,12.00,33.0
118.4274,2761,21,move,8,118.4274,118.4360,0,0.088,0.439,0.264,0.176,0.527,0.088,-1.055,0.176,-2.197,0.088,0.439,0.088,0.088,0.176,0.088,0.088,0.527,0.264,0.088,0.439,0.264,0.176,0.527,0.088,-1.055,0.176,0.043,0.088,0.439,0.088,0.088,0.176,0.088,0.088,0.527,0.264,0.000,5.2,12.00,33.0
118.4671,2762,21,move,8,118.4671,118.4758,0,0.088,0.439,0.264,0.176,0.527,0.088,-1.055,0.176,-1.758,0.088,0.439,0.088,0.088,0.176,0.088,0.088,0.527,0.264,0.088,0.439,0.264,0.176,0.527,0.088,-1.055,0.176,0.742,0.088,0.439,0.088,0.088,0.176,0.088,0.088,0.527,0.264,0.006,11.2,12.00,33.0
118.5074,2763,21,move,8,118.5074,118.5160,0,0.088,0.439,0.264,0.176,0.527,0.088,-1.055,0.176,-0.879,0.088,0.439,0.088,0.088,0.176,0.088,0.088,0.527,0.264,0.088,0.439,0.264,0.176,0.527,0.088,-1.055,0.176,1.351,0.088,0.439,0.088,0.088,0.176,0.088,0.088,0.527,0.264,0.006,11.2,12.00,33.0
118.5474,2764,21,move,8,118.5474,118.5564,0,0.088,0.439,0.264,0.176,0.527,0.088,-1.055,0.176,-0.176,0.088,0.439,0.088,0.088,0.176,0.088,0.088,0.527,0.264,0.088,0.439,0.264,0.176,0.527,0.088,-1.055,0.176,1.830,0.088,0.439,0.088,0.088,0.176,0.088,0.088,0.527,0.264,0.006,11.2,12.00,33.0
118.5874,2765,21,move,8,118.5874,118.5959,0,0.088,0.439,0.264,0.176,0.527,0.088,-1.055,0.176,0.527,0.088,0.439,0.088,0.088,0.176,0.088,0.088,0.527,0.264,0.088,0.439,0.264,0.176,0.527,0.088,-1.055,0.176,2.150,0.088,0.439,0.088,0.088,0.176,0.088,0.088,0.527,0.264,0.006,8.8,12.00,33.0
118.6274,2766,21,move,8,118.6274,118.6362,0,0.088,0.439,0.264,0.176,0.527,0.088,-1.055,0.176,1.143,0.088,0.439,0.088,0.088,0.176,0.088,0.088,0.527,0.264,0.088,0.439,0.264,0.176,0.527,0.088,-1.055,0.176,2.291,0.088,0.439,0.088,0.088,0.176,0.088,0.088,0.527,0.264,0.006,8.8,12.00,33.0
118.6672,2767,21,move,8,118.6672,118.6758,0,0.088,0.439,0.264,0.176,0.527,0.088,-1.055,0.176,1.582,0.088,0.439,0.088,0.088,0.176,0.088,0.088,0.527,0.264,0.088,0.439,0.264,0.176,0.527,0.088,-1.055,0.176,2.244,0.088,0.439,0.088,0.088,0.176,0.088,0.088,0.527,0.264,0.006,8.8,12.00,33.0
118.7074,2768,21,move,8,118.7074,118.7160,0,0.088,0.439,0.264,0.176,0.527,0.088,-1.055,0.176,1.846,0.088,0.439,0.088,0.088,0.176,0.088,0.088,0.527,0.264,0.088,0.439,0.264,0.176,0.527,0.088,-1.055,0.176,2.011,0.088,0.439,0.088,0.088,0.176,0.088,0.088,0.527,0.264,0.006,2.8,12.00,33.0
118.7472,2769,21,move,8,118.7472,118.7553,0,0.088,0.439,0.264,0.176,0.527,0.088,-1.055,0.176,1.934,0.088,0.439,0.088,0.088,0.176,0.088,0.088,0.527,0.264,0.088,0.439,0.264,0.176,0.527,0.088,-1.055,0.176,1.608,0.088,0.439,0.088,0.088,0.176,0.088,0.088,0.527,0.264,0.006,2.8,12.00,33.0
118.7874,2770,21,move,8,118.7874,118.7954,0,0.088,0.439,0.264,0.176,0.527,0.088,-1.055,0.176,1.846,0.088,0.439,0.088,0.088,0.176,0.088,0.088,0.527,0.264,0.088,0.439,0.264,0.176,0.527,0.088,-1.055,0.176,1.060,0.088,0.439,0.088,0.088,0.176,0.088,0.088,0.527,0.264,0.006,2.8,12.00,33.0
118.8274,2771,21,move,8,118.8274,118.8361,0,0.088,0.439,0.264,0.176,0.527,0.088,-1.055,0.176,1.846,0.088,0.439,0.088,0.088,0.176,0.088,0.088,0.527,0.264,0.088,0.439,0.264,0.176,0.527,0.088,-1.055,0.176,0.401,0.088,0.439,0.088,0.088,0.176,0.088,0.088,0.527,0.264,0.006,6.4,12.00,33.0
118.8671,2772,21,move,8,118.8671,118.8758,0,0.088,0.439,0.264,0.176,0.527,0.088,-1.055,0.176,1.494,0.088,0.439,0.088,0.088,0.176,0.088,0.088,0.527,0.264,0.088,0.439,0.264,0.176,0.527,0.088,-1.055,0.176,-0.327,0.088,0.439,0.088,0.088,0.176,0.088,0.088,0.527,0.264,0.006,6.4,12.00,33.0
118.9074,2773,21,move,8,118.9074,118.9160,0,0.088,0.439,0.264,0.176,0.527,0.088,-1.055,0.176,1.230,0.088,0.439,0.088,0.088,0.176,0.088,0.088,0.527,0.264,0.088,0.439,0.264,0.176,0.527,0.088,-1.055,0.176,-1.079,0.088,0.439,0.088,0.088,0.176,0.088,0.088,0.527,0.264,0.006,6.4,12.00,33.0
118.9474,2774,21,move,8,118.9474,118.9560,0,0.088,0.439,0.264,0.176,0.527,0.088,-1.055,0.176,0.439,0.088,0.439,0.088,0.088,0.176,0.088,0.088,0.527,0.264,0.088,0.439,0.264,0.176,0.527,0.088,-1.055,0.176,-1.807,0.088,0.439,0.088,0.088,0.176,0.088,0.088,0.527,0.264,0.013,9.6,12.00,33.0
118.9872,2775,21,move,8,118.9872,118.9958,0,0.088,0.439,0.264,0.176,0.527,0.088,-1.055,0.176,-0.264,0.088,0.439,0.088,0.088,0.176,0.088,0.088,0.527,0.264,0.088,0.439,0.264,0.176,0.527,0.088,-1.055,0.176,-2.466,0.088,0.439,0.088,0.088,0.176,0.088,0.088,0.527,0.264,0.013,9.6,12.00,33.0
119.0274,2776,21,move,8,119.0274,119.0361,0,0.088,0.439,0.264,0.176,0.527,0.088,-1.055,0.176,-0.967,0.088,0.439,0.088,0.088,0.176,0.088,0.088,0.527,0.264,0.088,0.439,0.264,0.176,0.527,0.088,-1.055,0.176,-3.015,0.088,0.439,0.088,0.088,0.176,0.088,0.088,0.527,0.264,0.013,9.6,12.00,33.0
119.0671,2777,21,move,8,119.0671,119.0758,0,0.088,0.439,0.264,0.176,0.527,0.088,-1.055,0.176,-1.582,0.088,0.439,0.088,0.088,0.176,0.088,0.088,0.527,0.264,0.088,0.439,0.264,0.176,0.527,0.088,-1.055,0.176,-3.418,0.088,0.439,0.088,0.088,0.176,0.088,0.088,0.527,0.264,0.019,9.2,12.00,33.0
119.1074,2778,21,move,8,119.1074,119.1160,0,0.088,0.439,0.264,0.176,0.527,0.088,-1.055,0.176,-2.197,0.088,0.439,0.088,0.088,0.176,0.088,0.088,0.527,0.264,0.088,0.439,0.264,0.176,0.527,0.088,-1.055,0.176,-3.650,0.088,0.439,0.088,0.088,0.176,0.088,0.088,0.527,0.264,0.019,9.2,12.00,33.0
119.1474,2779,21,move,8,119.1474,119.1558,0,0.088,0.439,0.264,0.176,0.527,0.088,-1.055,0.176,-2.725,0.088,0.439,0.088,0.088,0.176,0.088,0.088,0.527,0.264,0.088,0.439,0.264,0.176,0.527,0.088,-1.055,0.176,-3.697,0.088,0.439,0.088,0.088,0.176,0.088,0.088,0.527,0.264,0.019,9.2,12.00,33.0
119.1874,2780,21,move,8,119.1874,119.1960,0,0.088,0.439,0.264,0.176,0.527,0.088,-1.055,0.176,-3.164,0.088,0.439,0.088,0.088,0.176,0.088,0.088,0.527,0.264,0.088,0.439,0.264,0.176,0.527,0.088,-1.055,0.176,-3.556,0.088,0.439,0.088,0.088,0.176,0.088,0.088,0.527,0.264,0.006,4.8,12.00,33.0
119.2274,2781,21,move,8,119.2274,119.2452,0,0.088,0.439,0.264,0.176,0.527,0.088,-1.055,0.176,-3.164,0.088,0.439,0.088,0.088,0.176,0.088,0.088,0.527,0.264,0.088,0.439,0.264,0.176,0.527,0.088,-1.055,0.176,-3.236,0.088,0.439,0.088,0.088,0.176,0.088,0.088,0.527,0.264,0.006,4.8,12.00,33.0
119.2672,2782,21,move,8,119.2672,119.2756,0,0.088,0.439,0.264,0.176,0.527,0.088,-1.055,0.176,-3.164,0.088,0.439,0.088,0.088,0.176,0.088,0.088,0.527,0.264,0.088,0.439,0.264,0.176,0.527,0.088,-1.055,0.176,-2.757,0.088,0.439,0.088,0.088,0.176,0.088,0.088,0.527,0.264,0.006,4.8,12.00,33.0
119.3074,2783,21,move,8,119.3074,119.3160,0,0.088,0.439,0.264,0.176,0.527,0.088,-1.055,0.176,-3.164,0.088,0.439,0.088,0.088,0.176,0.088,0.088,0.527,0.264,0.088,0.439,0.264,0.176,0.527,0.088,-1.055,0.176,-2.148,0.088,0.439,0.088,0.088,0.176,0.088,0.088,0.527,0.264,0.006,3.2,12.00,33.0
119.3484,2784,21,move,8,119.3484,119.3569,0,0.088,0.439,0.264,0.176,0.527,0.088,-1.055,0.176,-2.988,0.088,0.439,0.088,0.088,0.176,0.088,0.088,0.527,0.264,0.088,0.439,0.264,0.176,0.527,0.088,-1.055,0.176,-1.449,0.088,0.439,0.088,0.088,0.176,0.088,0.088,0.527,0.264,0.006,3.2,12.00,33.0
119.3872,2785,21,move,8,119.3872,119.3955,0,0.088,0.439,0.264,0.176,0.527,0.088,-1.055,0.176,-2.549,0.088,0.439,0.088,0.088,0.176,0.088,0.088,0.527,0.264,0.088,0.439,0.264,0.176,0.527,0.088,-1.055,0.176,-0.703,0.088,0.439,0.088,0.088,0.176,0.088,0.088,0.527,0.264,0.006,3.2,12.00,33.0
119.4274,2786,21,move,8,119.4274,119.4355,0,0.088,0.439,0.264,0.176,0.527,0.088,-1.055,0.176,-2.197,0.088,0.439,0.088,0.088,0.176,0.088,0.088,0.527,0.264,0.088,0.439,0.264,0.176,0.527,0.088,-1.055,0.176,0.043,0.088,0.439,0.088,0.088,0.176,0.088,0.088,0.527,0.264,0.006,9.6,12.00,33.0
119.4672,2787,21,move,8,119.4672,119.4753,0,0.088,0.439,0.264,0.176,0.527,0.088,-1.055,0.176,-1.758,0.088,0.439,0.088,0.088,0.176,0.088,0.088,0.527,0.264,0.088,0.439,0.264,0.176,0.527,0.088,-1.055,0.176,0.742,0.088,0.439,0.088,0.088,0.176,0.088,0.088,0.527,0.264,0.006,9.6,12.00,33.0
119.5074,2788,21,move,8,119.5074,119.5154,0,0.088,0.439,0.264,0.176,0.527,0.088,-1.055,0.176,-0.879,0.088,0.439,0.088,0.088,0.176,0.088,0.088,0.527,0.264,0.088,0.439,0.264,0.176,0.527,0.088,-1.055,0.176,1.351,0.088,0.439,0.088,0.088,0.176,0.088,0.088,0.527,0.264,0.006,9.6,12.00,33.0
119.5472,2789,21,move,8,119.5472,119.5557,0,0.088,0.439,0.264,0.176,0.527,0.088,-1.055,0.176,-0.176,0.088,0.439,0.088,0.088,0.176,0.088,0.088,0.527,0.264,0.088,0.439,0.264,0.176,0.527,0.088,-1.055,0.176,1.830,0.088,0.439,0.088,0.088,0.176,0.088,0.088,0.527,0.264,0.013,9.2,12.00,33.0
119.5872,2790,21,move,8,119.5872,119.5958,0,0.088,0.439,0.264,0.176,0.527,0.088,-1.055,0.176,0.527,0.088,0.439,0.088,0.088,0.176,0.088,0.088,0.527,0.264,0.088,0.439,0.264,0.176,0.527,0.088,-1.055,0.176,2.150,0.088,0.439,0.088,0.088,0.176,0.088,0.088,0.527,0.264,0.013,9.2,12.00,33.0
119.6272,2791,21,move,8,119.6272,119.6356,0,0.088,0.439,0.264,0.176,0.527,0.088,-1.055,0.176,1.143,0.088,0.439,0.088,0.088,0.176,0.088,0.088,0.527,0.264,0.088,0.439,0.264,0.176,0.527,0.088,-1.055,0.176,2.291,0.088,0.439,0.088,0.088,0.176,0.088,0.088,0.527,0.264,0.013,9.2,12.00,33.0
119.6672,2792,21,move,8,119.6672,119.6758,0,0.088,0.439,0.264,0.176,0.527,0.088,-1.055,0.176,1.582,0.088,0.439,0.088,0.088,0.176,0.088,0.088,0.527,0.264,0.088,0.439,0.264,0.176,0.527,0.088,-1.055,0.176,2.244,0.088,0.439,0.088,0.088,0.176,0.088,0.088,0.527,0.264,0.000,5.2,12.00,33.0
119.7087,2793,21,move,8,119.7087,119.7167,0,0.088,0.439,0.264,0.176,0.527,0.088,-1.055,0.176,1.934,0.088,0.439,0.088,0.088,0.176,0.088,0.088,0.527,0.264,0.088,0.439,0.264,0.176,0.527,0.088,-1.055,0.176,2.011,0.088,0.439,0.088,0.088,0.176,0.088,0.088,0.527,0.264,0.000,5.2,12.00,33.0
119.7472,2794,21,move,8,119.7472,119.7555,0,0.088,0.439,0.264,0.176,0.527,0.088,-1.055,0.176,1.934,0.088,0.439,0.088,0.088,0.176,0.088,0.088,0.527,0.264,0.088,0.439,0.264,0.176,0.527,0.088,-1.055,0.176,1.608,0.088,0.439,0.088,0.088,0.176,0.088,0.088,0.527,0.264,0.000,5.2,12.00,33.0
119.7874,2795,21,move,8,119.7874,119.7960,0,0.088,0.439,0.264,0.176,0.527,0.088,-1.055,0.176,1.846,0.088,0.439,0.088,0.088,0.176,0.088,0.088,0.527,0.264,0.088,0.439,0.264,0.176,0.527,0.088,-1.055,0.176,1.060,0.088,0.439,0.088,0.088,0.176,0.088,0.088,0.527,0.264,0.000,2.4,12.00,33.0
119.8274,2796,21,move,8,119.8274,119.8360,0,0.088,0.439,0.264,0.176,0.527,0.088,-1.055,0.176,1.846,0.088,0.439,0.088,0.088,0.176,0.088,0.088,0.527,0.264,0.088,0.439,0.264,0.176,0.527,0.088,-1.055,0.176,0.401,0.088,0.439,0.088,0.088,0.176,0.088,0.088,0.527,0.264,0.000,2.4,12.00,33.0
119.8674,2797,21,move,8,119.8674,119.8760,0,0.088,0.439,0.264,0.176,0.527,0.088,-1.055,0.176,1.494,0.088,0.439,0.088,0.088,0.176,0.088,0.088,0.527,0.264,0.088,0.439,0.264,0.176,0.527,0.088,-1.055,0.176,-0.327,0.088,0.439,0.088,0.088,0.176,0.088,0.088,0.527,0.264,0.000,2.4,12.00,33.0
119.9074,2798,21,move,8,119.9074,119.9160,0,0.088,0.439,0.264,0.176,0.527,0.088,-1.055,0.176,1.230,0.088,0.439,0.088,0.088,0.176,0.088,0.088,0.527,0.264,0.088,0.439,0.264,0.176,0.527,0.088,-1.055,0.176,-1.079,0.088,0.439,0.088,0.088,0.176,0.088,0.088,0.527,0.264,0.013,11.6,12.00,33.0
119.9472,2799,21,move,8,119.9472,119.9556,0,0.088,0.439,0.264,0.176,0.527,0.088,-1.055,0.176,0.439,0.088,0.439,0.088,0.088,0.176,0.088,0.088,0.527,0.264,0.088,0.439,0.264,0.176,0.527,0.088,-1.055,0.176,-1.807,0.088,0.439,0.088,0.088,0.176,0.088,0.088,0.527,0.264,0.013,11.6,12.00,33.0
119.9874,2800,21,move,8,119.9874,119.9960,0,0.088,0.439,0.264,0.176,0.527,0.088,-1.055,0.176,-0.264,0.088,0.439,0.088,0.088,0.176,0.088,0.088,0.527,0.264,0.088,0.439,0.264,0.176,0.527,0.088,-1.055,0.176,-2.466,0.088,0.439,0.088,0.088,0.176,0.088,0.088,0.527,0.264,0.013,11.6,12.00,33.0
120.0271,2801,21,move,8,120.0271,120.0358,0,0.088,0.439,0.264,0.176,0.527,0.088,-1.055,0.176,-0.879,0.088,0.439,0.088,0.088,0.176,0.088,0.088,0.527,0.264,0.088,0.439,0.264,0.176,0.527,0.088,-1.055,0.176,-3.015,0.088,0.439,0.088,0.088,0.176,0.088,0.088,0.527,0.264,0.013,9.6,12.00,33.0
120.0674,2802,21,move,8,120.0674,120.0754,0,0.088,0.439,0.264,0.176,0.527,0.088,-1.055,0.176,-1.582,0.088,0.439,0.088,0.088,0.176,0.088,0.088,0.527,0.264,0.088,0.439,0.264,0.176,0.527,0.088,-1.055,0.176,-3.418,0.088,0.439,0.088,0.088,0.176,0.088,0.088,0.527,0.264,0.013,9.6,12.00,33.0
120.1072,2803,21,move,8,120.1072,120.1152,0,0.088,0.439,0.264,0.176,0.527,0.088,-1.055,0.176,-2.197,0.088,0.439,0.088,0.088,0.176,0.088,0.088,0.527,0.264,0.088,0.439,0.264,0.176,0.527,0.088,-1.055,0.176,-3.650,0.088,0.439,0.088,0.088,0.176,0.088,0.088,0.527,0.264,0.013,9.6,12.00,33.0
120.1474,2804,21,move,8,120.1474,120.1552,0,0.088,0.439,0.264,0.176,0.527,0.088,-1.055,0.176,-2.725,0.088,0.439,0.088,0.088,0.176,0.088,0.088,0.527,0.264,0.088,0.439,0.264,0.176,0.527,0.088,-1.055,0.176,-3.697,0.088,0.439,0.088,0.088,0.176,0.088,0.088,0.527,0.264,0.013,8.4,12.00,33.0
120.1874,2805,21,move,8,120.1874,120.1956,0,0.088,0.439,0.264,0.176,0.527,0.088,-1.055,0.176,-3.076,0.088,0.439,0.088,0.088,0.176,0.088,0.088,0.527,0.264,0.088,0.439,0.264,0.176,0.527,0.088,-1.055,0.176,-3.556,0.088,0.439,0.088,0.088,0.176,0.088,0.088,0.527,0.264,0.013,8.4,12.00,33.0
120.2274,2806,21,move,8,120.2274,120.2356,0,0.088,0.439,0.264,0.176,0.527,0.088,-1.055,0.176,-3.164,0.088,0.439,0.088,0.088,0.176,0.088,0.088,0.527,0.264,0.088,0.439,0.264,0.176,0.527,0.088,-1.055,0.176,-3.236,0.088,0.439,0.088,0.088,0.176,0.088,0.088,0.527,0.264,0.013,8.4,12.00,33.0
120.2674,2807,21,move,8,120.2674,120.2757,0,0.088,0.439,0.264,0.176,0.527,0.088,-1.055,0.176,-3.164,0.088,0.439,0.088,0.088,0.176,0.088,0.088,0.527,0.264,0.088,0.439,0.264,0.176,0.527,0.088,-1.055,0.176,-2.757,0.088,0.439,0.088,0.088,0.176,0.088,0.088,0.527,0.264,0.000,2.4,12.00,33.0
120.3074,2808,21,move,8,120.3074,120.3154,0,0.088,0.439,0.264,0.176,0.527,0.088,-1.055,0.176,-3.164,0.088,0.439,0.088,0.088,0.176,0.088,0.088,0.527,0.264,0.088,0.439,0.264,0.176,0.527,0.088,-1.055,0.176,-2.148,0.088,0.439,0.088,0.088,0.176,0.088,0.088,0.527,0.264,0.000,2.4,12.00,33.0
120.3474,2809,21,move,8,120.3474,120.3556,0,0.088,0.439,0.264,0.176,0.527,0.088,-1.055,0.176,-2.988,0.088,0.439,0.088,0.088,0.176,0.088,0.088,0.527,0.264,0.088,0.439,0.264,0.176,0.527,0.088,-1.055,0.176,-1.449,0.088,0.439,0.088,0.088,0.176,0.088,0.088,0.527,0.264,0.000,2.4,12.00,33.0
120.3874,2810,21,rest,8,120.3874,120.3979,0,0.088,0.439,0.264,0.176,0.527,0.088,-1.055,0.176,-2.461,0.088,0.439,0.088,0.088,0.176,0.088,0.088,0.527,0.264,0.088,0.439,0.264,0.176,0.527,0.088,-1.055,0.176,-0.703,0.088,0.439,0.088,0.088,0.176,0.088,0.088,0.527,0.264,0.006,8.0,12.00,33.0
120.4274,2811,21,rest,8,120.4274,120.4354,0,0.088,0.439,0.264,0.176,0.527,0.088,-1.055,0.176,-2.197,0.088,0.439,0.088,0.088,0.176,0.088,0.088,0.527,0.264,0.088,0.439,0.264,0.176,0.527,0.088,-1.055,0.176,-0.703,0.088,0.439,0.088,0.088,0.176,0.088,0.088,0.527,0.264,0.006,8.0,12.00,33.0
120.4674,2812,21,rest,8,120.4674,120.4760,0,0.088,0.439,0.264,0.176,0.527,0.088,-1.055,0.176,-1.846,0.088,0.439,0.088,0.088,0.176,0.088,0.088,0.527,0.264,0.088,0.439,0.264,0.176,0.527,0.088,-1.055,0.176,-0.703,0.088,0.439,0.088,0.088,0.176,0.088,0.088,0.527,0.264,0.006,8.0,12.00,33.0
120.5071,2813,21,rest,8,120.5071,120.5158,0,0.088,0.439,0.264,0.176,0.527,0.088,-1.055,0.176,-1.230,0.088,0.439,0.088,0.088,0.176,0.088,0.088,0.527,0.264,0.088,0.439,0.264,0.176,0.527,0.088,-1.055,0.176,-0.703,0.088,0.439,0.088,0.088,0.176,0.088,0.088,0.527,0.264,0.000,3.6,12.00,33.0
120.5474,2814,21,rest,8,120.5474,120.5558,0,0.088,0.439,0.264,0.176,0.527,0.088,-1.055,0.176,-1.055,0.088,0.439,0.088,0.088,0.176,0.088,0.088,0.527,0.264,0.088,0.439,0.264,0.176,0.527,0.088,-1.055,0.176,-0.703,0.088,0.439,0.088,0.088,0.176,0.088,0.088,0.527,0.264,0.000,3.6,12.00,33.0
120.5874,2815,21,rest,8,120.5874,120.5954,0,0.088,0.439,0.264,0.176,0.527,0.088,-1.055,0.176,-1.055,0.088,0.439,0.088,0.088,0.176,0.088,0.088,0.527,0.264,0.088,0.439,0.264,0.176,0.527,0.088,-1.055,0.176,-0.703,0.088,0.439,0.088,0.088,0.176,0.088,0.088,0.527,0.264,0.000,3.6,12.00,33.0
120.6274,2816,21,rest,8,120.6274,120.6361,0,0.088,0.439,0.264,0.176,0.527,0.088,-1.055,0.176,-1.055,0.088,0.439,0.088,0.088,0.176,0.088,0.088,0.527,0.264,0.088,0.439,0.264,0.176,0.527,0.088,-1.055,0.176,-0.703,0.088,0.439,0.088,0.088,0.176,0.088,0.088,0.527,0.264,0.006,4.0,12.00,33.0
120.6672,2817,21,rest,8,120.6672,120.6756,0,0.088,0.439,0.264,0.176,0.527,0.088,-1.055,0.176,-1.055,0.088,0.439,0.088,0.088,0.176,0.088,0.088,0.527,0.264,0.088,0.439,0.264,0.176,0.527,0.088,-1.055,0.176,-0.703,0.088,0.439,0.088,0.088,0.176,0.088,0.088,0.527,0.264,0.006,4.0,12.00,33.0
120.7074,2818,21,rest,8,120.7074,120.7159,0,0.088,0.439,0.264,0.176,0.527,0.088,-1.055,0.176,-1.055,0.088,0.439,0.088,0.088,0.176,0.088,0.088,0.527,0.264,0.088,0.439,0.264,0.176,0.527,0.088,-1.055,0.176,-0.703,0.088,0.439,0.088,0.088,0.176,0.088,0.088,0.527,0.264,0.006,4.0,12.00,33.0
120.7474,2819,21,rest,8,120.7474,120.7560,0,0.088,0.439,0.264,0.176,0.527,0.088,-1.055,0.176,-1.055,0.088,0.439,0.088,0.088,0.176,0.088,0.088,0.527,0.264,0.088,0.439,0.264,0.176,0.527,0.088,-1.055,0.176,-0.703,0.088,0.439,0.088,0.088,0.176,0.088,0.088,0.527,0.264,0.006,4.0,12.00,33.0
120.7872,2820,21,rest,8,120.7872,120.7958,0,0.088,0.439,0.264,0.176,0.527,0.088,-1.055,0.176,-1.055,0.088,0.439,0.088,0.088,0.176,0.088,0.088,0.527,0.264,0.088,0.439,0.264,0.176,0.527,0.088,-1.055,0.176,-0.703,0.088,0.439,0.088,0.088,0.176,0.088,0.088,0.527,0.264,0.006,4.0,12.00,33.0
120.8271,2821,21,rest,8,120.8271,120.8358,0,0.088,0.439,0.264,0.176,0.527,0.088,-1.055,0.176,-1.055,0.088,0.439,0.088,0.088,0.176,0.088,0.088,0.527,0.264,0.088,0.439,0.264,0.176,0.527,0.088,-1.055,0.176,-0.703,0.088,0.439,0.088,0.088,0.176,0.088,0.088,0.527,0.264,0.006,4.0,12.00,33.0
120.8672,2822,21,rest,8,120.8672,120.8759,0,0.088,0.439,0.264,0.176,0.527,0.088,-1.055,0.176,-1.055,0.088,0.439,0.088,0.088,0.176,0.088,0.088,0.527,0.264,0.088,0.439,0.264,0.176,0.527,0.088,-1.055,0.176,-0.703,0.088,0.439,0.088,0.088,0.176,0.088,0.088,0.527,0.264,0.000,4.0,12.00,33.0
120.9072,2823,21,rest,8,120.9072,120.9156,0,0.088,0.439,0.264,0.176,0.527,0.088,-1.055,0.176,-1.055,0.088,0.439,0.088,0.088,0.176,0.088,0.088,0.527,0.264,0.088,0.439,0.264,0.176,0.527,0.088,-1.055,0.176,-0.703,0.088,0.439,0.088,0.088,0.176,0.088,0.088,0.527,0.264,0.000,4.0,12.00,33.0
120.9472,2824,21,rest,8,120.9472,120.9560,0,0.088,0.439,0.264,0.176,0.527,0.088,-1.055,0.176,-1.055,0.088,0.439,0.088,0.088,0.176,0.088,0.088,0.527,0.264,0.088,0.439,0.264,0.176,0.527,0.088,-1.055,0.176,-0.703,0.088,0.439,0.088,0.088,0.176,0.088,0.088,0.527,0.264,0.000,4.0,12.00,33.0
120.9872,2825,21,rest,8,120.9872,120.9957,0,0.088,0.439,0.264,0.176,0.527,0.088,-1.055,0.176,-1.055,0.088,0.439,0.088,0.088,0.176,0.088,0.088,0.527,0.264,0.088,0.439,0.264,0.176,0.527,0.088,-1.055,0.176,-0.703,0.088,0.439,0.088,0.088,0.176,0.088,0.088,0.527,0.264,0.006,4.0,12.00,33.0
121.0272,2826,21,rest,8,121.0272,121.0356,0,0.088,0.439,0.264,0.176,0.527,0.088,-1.055,0.176,-1.055,0.088,0.439,0.088,0.088,0.176,0.088,0.088,0.527,0.264,0.088,0.439,0.264,0.176,0.527,0.088,-1.055,0.176,-0.703,0.088,0.439,0.088,0.088,0.176,0.088,0.088,0.527,0.264,0.006,4.0,12.00,33.0
121.0672,2827,21,rest,8,121.0672,121.0759,0,0.088,0.439,0.264,0.176,0.527,0.088,-1.055,0.176,-1.055,0.088,0.439,0.088,0.088,0.176,0.088,0.088,0.527,0.264,0.088,0.439,0.264,0.176,0.527,0.088,-1.055,0.176,-0.703,0.088,0.439,0.088,0.088,0.176,0.088,0.088,0.527,0.264,0.006,4.0,12.00,33.0
121.1074,2828,21,rest,8,121.1074,121.1159,0,0.088,0.439,0.264,0.176,0.527,0.088,-1.055,0.176,-1.055,0.088,0.439,0.088,0.088,0.176,0.088,0.088,0.527,0.264,0.088,0.439,0.264,0.176,0.527,0.088,-1.055,0.176,-0.703,0.088,0.439,0.088,0.088,0.176,0.088,0.088,0.527,0.264,0.006,4.0,12.00,33.0
121.1474,2829,21,rest,8,121.1474,121.1559,0,0.088,0.439,0.264,0.176,0.527,0.088,-1.055,0.176,-1.055,0.088,0.439,0.088,0.088,0.176,0.088,0.088,0.527,0.264,0.088,0.439,0.264,0.176,0.527,0.088,-1.055,0.176,-0.703,0.088,0.439,0.088,0.088,0.176,0.088,0.088,0.527,0.264,0.006,4.0,12.00,33.0
121.1923,2830,22,pre,8,121.1923,121.2002,0,0.088,0.439,0.264,0.176,0.527,0.088,-1.055,0.176,-1.055,0.088,0.439,0.088,0.088,0.176,0.088,0.088,0.527,0.264,0.088,0.439,0.264,0.176,0.527,0.088,-1.055,0.176,-1.055,0.088,0.439,0.088,0.088,0.176,0.088,0.088,0.527,0.264,0.006,4.0,12.00,33.0
121.2272,2831,22,pre,8,121.2272,121.2350,0,0.088,0.439,0.264,0.176,0.527,0.088,-1.055,0.176,-1.055,0.088,0.439,0.088,0.088,0.176,0.088,0.088,0.527,0.264,0.088,0.439,0.264,0.176,0.527,0.088,-1.055,0.176,-1.055,0.088,0.439,0.088,0.088,0.176,0.088,0.088,0.527,0.264,0.000,2.0,12.00,33.0
121.2674,2832,22,pre,8,121.2674,121.2761,0,0.088,0.439,0.264,0.176,0.527,0.088,-1.055,0.176,-1.055,0.088,0.439,0.088,0.088,0.176,0.088,0.088,0.527,0.264,0.088,0.439,0.264,0.176,0.527,0.088,-1.055,0.176,-1.055,0.088,0.439,0.088,0.088,0.176,0.088,0.088,0.527,0.264,0.000,2.0,12.00,33.0
121.3071,2833,22,pre,8,121.3071,121.3154,0,0.088,0.439,0.264,0.176,0.527,0.088,-1.055,0.176,-1.055,0.088,0.439,0.088,0.088,0.176,0.088,0.088,0.527,0.264,0.088,0.439,0.264,0.176,0.527,0.088,-1.055,0.176,-1.055,0.088,0.439,0.088,0.088,0.176,0.088,0.088,0.527,0.264,0.000,2.0,12.00,33.0
121.3472,2834,22,pre,8,121.3472,121.3583,0,0.088,0.439,0.264,0.176,0.527,0.088,-1.055,0.176,-1.055,0.088,0.439,0.088,0.088,0.176,0.088,0.088,0.527,0.264,0.088,0.439,0.264,0.176,0.527,0.088,-1.055,0.176,-1.055,0.088,0.439,0.088,0.088,0.176,0.088,0.088,0.527,0.264,0.000,0.0,12.00,33.0
121.3872,2835,22,pre,8,121.3872,121.3959,0,0.088,0.439,0.264,0.176,0.527,0.088,-1.055,0.176,-1.055,0.088,0.439,0.088,0.088,0.176,0.088,0.088,0.527,0.264,0.088,0.439,0.264,0.176,0.527,0.088,-1.055,0.176,-1.055,0.088,0.439,0.088,0.088,0.176,0.088,0.088,0.527,0.264,0.000,0.0,12.00,33.0
121.4271,2836,22,pre,8,121.4271,121.4355,0,0.088,0.439,0.264,0.176,0.527,0.088,-1.055,0.176,-1.055,0.088,0.439,0.088,0.088,0.176,0.088,0.088,0.527,0.264,0.088,0.439,0.264,0.176,0.527,0.088,-1.055,0.176,-1.055,0.088,0.439,0.088,0.088,0.176,0.088,0.088,0.527,0.264,0.000,0.0,12.00,33.0
121.4674,2837,22,pre,8,121.4674,121.4760,0,0.088,0.439,0.264,0.176,0.527,0.088,-1.055,0.176,-1.055,0.088,0.439,0.088,0.088,0.176,0.088,0.088,0.527,0.264,0.088,0.439,0.264,0.176,0.527,0.088,-1.055,0.176,-1.055,0.088,0.439,0.088,0.088,0.176,0.088,0.088,0.527,0.264,0.000,0.0,12.00,33.0
121.5071,2838,22,pre,8,121.5071,121.5157,0,0.088,0.439,0.264,0.176,0.527,0.088,-1.055,0.176,-1.055,0.088,0.439,0.088,0.088,0.176,0.088,0.088,0.527,0.264,0.088,0.439,0.264,0.176,0.527,0.088,-1.055,0.176,-1.055,0.088,0.439,0.088,0.088,0.176,0.088,0.088,0.527,0.264,0.000,0.0,12.00,33.0
121.5474,2839,22,pre,8,121.5474,121.5560,0,0.088,0.439,0.264,0.176,0.527,0.088,-1.055,0.176,-1.055,0.088,0.439,0.088,0.088,0.176,0.088,0.088,0.527,0.264,0.088,0.439,0.264,0.176,0.527,0.088,-1.055,0.176,-1.055,0.088,0.439,0.088,0.088,0.176,0.088,0.088,0.527,0.264,0.000,0.0,12.00,33.0
121.5874,2840,22,pre,8,121.5874,121.5961,0,0.088,0.439,0.264,0.176,0.527,0.088,-1.055,0.176,-1.055,0.088,0.439,0.088,0.088,0.176,0.088,0.088,0.527,0.264,0.088,0.439,0.264,0.176,0.527,0.088,-1.055,0.176,-1.055,0.088,0.439,0.088,0.088,0.176,0.088,0.088,0.527,0.264,0.000,0.0,12.00,33.0
121.6274,2841,22,pre,8,121.6274,121.6360,0,0.088,0.439,0.264,0.176,0.527,0.088,-1.055,0.176,-1.055,0.088,0.439,0.088,0.088,0.176,0.088,0.088,0.527,0.264,0.088,0.439,0.264,0.176,0.527,0.088,-1.055,0.176,-1.055,0.088,0.439,0.088,0.088,0.176,0.088,0.088,0.527,0.264,0.000,0.0,12.00,33.0
121.6674,2842,22,pre,8,121.6674,121.6760,0,0.088,0.439,0.264,0.176,0.527,0.088,-1.055,0.176,-1.055,0.088,0.439,0.088,0.088,0.176,0.088,0.088,0.527,0.264,0.088,0.439,0.264,0.176,0.527,0.088,-1.055,0.176,-1.055,0.088,0.439,0.088,0.088,0.176,0.088,0.088,0.527,0.264,0.000,0.0,12.00,33.0
121.7072,2843,22,pre,8,121.7072,121.7158,0,0.088,0.439,0.264,0.176,0.527,0.088,-1.055,0.176,-1.055,0.088,0.439,0.088,0.088,0.176,0.088,0.088,0.527,0.264,0.088,0.439,0.264,0.176,0.527,0.088,-1.055,0.176,-1.055,0.088,0.439,0.088,0.088,0.176,0.088,0.088,0.527,0.264,0.000,0.0,12.00,33.0
121.7472,2844,22,pre,8,121.7472,121.7557,0,0.088,0.439,0.264,0.176,0.527,0.088,-1.055,0.176,-1.055,0.088,0.439,0.088,0.088,0.176,0.088,0.088,0.527,0.264,0.088,0.439,0.264,0.176,0.527,0.088,-1.055,0.176,-1.055,0.088,0.439,0.088,0.088,0.176,0.088,0.088,0.527,0.264,0.000,0.0,12.00,33.0
121.7874,2845,22,move,8,121.7874,121.7962,0,0.088,0.439,0.264,0.176,0.527,0.088,-1.055,0.176,-1.055,0.088,0.439,0.088,0.088,0.176,0.088,0.088,0.527,0.264,0.088,0.439,0.264,0.176,0.527,0.088,-1.055,0.176,-1.055,0.088,0.439,0.088,0.088,0.176,0.088,0.088,0.527,0.264,0.000,0.0,12.00,33.0
121.8274,2846,22,move,8,121.8274,121.8359,0,0.088,0.439,0.264,0.176,0.527,0.088,-1.055,0.176,-1.055,0.088,0.439,0.088,0.088,0.176,0.088,0.088,0.527,0.264,0.088,0.439,0.264,0.176,0.527,0.088,-1.055,0.176,0.050,0.088,0.439,0.088,0.088,0.176,0.088,0.088,0.527,0.264,0.000,0.0,12.00,33.0
121.8674,2847,22,move,8,121.8674,121.8759,0,0.088,0.439,0.264,0.176,0.527,0.088,-1.055,0.176,-1.055,0.088,0.439,0.088,0.088,0.176,0.088,0.088,0.527,0.264,0.088,0.439,0.264,0.176,0.527,0.088,-1.055,0.176,0.999,0.088,0.439,0.088,0.088,0.176,0.088,0.088,0.527,0.264,0.000,0.0,12.00,33.0
121.9072,2848,22,move,8,121.9072,121.9158,0,0.088,0.439,0.264,0.176,0.527,0.088,-1.055,0.176,-0.879,0.088,0.439,0.088,0.088,0.176,0.088,0.088,0.527,0.264,0.088,0.439,0.264,0.176,0.527,0.088,-1.055,0.176,1.660,0.088,0.439,0.088,0.088,0.176,0.088,0.088,0.527,0.264,0.000,0.0,12.00,33.0
121.9471,2849,22,move,8,121.9471,121.9558,0,0.088,0.439,0.264,0.176,0.527,0.088,-1.055,0.176,-0.264,0.088,0.439,0.088,0.088,0.176,0.088,0.088,0.527,0.264,0.088,0.439,0.264,0.176,0.527,0.088,-1.055,0.176,1.939,0.088,0.439,0.088,0.088,0.176,0.088,0.088,0.527,0.264,0.013,10.4,12.00,33.0
121.9872,2850,22,move,8,121.9872,121.9955,0,0.088,0.439,0.264,0.176,0.527,0.088,-1.055,0.176,0.527,0.088,0.439,0.088,0.088,0.176,0.088,0.088,0.527,0.264,0.088,0.439,0.264,0.176,0.527,0.088,-1.055,0.176,1.798,0.088,0.439,0.088,0.088,0.176,0.088,0.088,0.527,0.264,0.013,10.4,12.00,33.0
122.0272,2851,22,move,8,122.0272,122.0359,0,0.088,0.439,0.264,0.176,0.527,0.088,-1.055,0.176,1.055,0.088,0.439,0.088,0.088,0.176,0.088,0.088,0.527,0.264,0.088,0.439,0.264,0.176,0.527,0.088,-1.055,0.176,1.257,0.088,0.439,0.088,0.088,0.176,0.088,0.088,0.527,0.264,0.013,10.4,12.00,33.0
122.0674,2852,22,move,8,122.0674,122.0761,0,0.088,0.439,0.264,0.176,0.527,0.088,-1.055,0.176,1.406,0.088,0.439,0.088,0.088,0.176,0.088,0.088,0.527,0.264,0.088,0.439,0.264,0.176,0.527,0.088,-1.055,0.176,0.391,0.088,0.439,0.088,0.088,0.176,0.088,0.088,0.527,0.264,0.006,2.0,12.00,33.0
122.1072,2853,22,move,8,122.1072,122.1158,0,0.088,0.439,0.264,0.176,0.527,0.088,-1.055,0.176,1.406,0.088,0.439,0.088,0.088,0.176,0.088,0.088,0.527,0.264,0.088,0.439,0.264,0.176,0.527,0.088,-1.055,0.176,-0.679,0.088,0.439,0.088,0.088,0.176,0.088,0.088,0.527,0.264,0.006,2.0,12.00,33.0
122.1471,2854,22,move,8,122.1471,122.1557,0,0.088,0.439,0.264,0.176,0.527,0.088,-1.055,0.176,1.055,0.088,0.439,0.088,0.088,0.176,0.088,0.088,0.527,0.264,0.088,0.439,0.264,0.176,0.527,0.088,-1.055,0.176,-1.801,0.088,0.439,0.088,0.088,0.176,0.088,0.088,0.527,0.264,0.006,2.0,12.00,33.0
122.1871,2855,22,move,8,122.1871,122.1958,0,0.088,0.439,0.264,0.176,0.527,0.088,-1.055,0.176,0.879,0.088,0.439,0.088,0.088,0.176,0.088,0.088,0.527,0.264,0.088,0.439,0.264,0.176,0.527,0.088,-1.055,0.176,-2.818,0.088,0.439,0.088,0.088,0.176,0.088,0.088,0.527,0.264,0.019,16.0,12.00,33.0
122.2272,2856,22,move,8,122.2272,122.2354,0,0.088,0.439,0.264,0.176,0.527,0.088,-1.055,0.176,-0.176,0.088,0.439,0.088,0.088,0.176,0.088,0.088,0.527,0.264,0.088,0.439,0.264,0.176,0.527,0.088,-1.055,0.176,-3.588,0.088,0.439,0.088,0.088,0.176,0.088,0.088,0.527,0.264,0.019,16.0,12.00,33.0
122.2672,2857,22,move,8,122.2672,122.2754,0,0.088,0.439,0.264,0.176,0.527,0.088,-1.055,0.176,-1.230,0.088,0.439,0.088,0.088,0.176,0.088,0.088,0.527,0.264,0.088,0.439,0.264,0.176,0.527,0.088,-1.055,0.176,-4.002,0.088,0.439,0.088,0.088,0.176,0.088,0.088,0.527,0.264,0.019,16.0,12.00,33.0
122.3072,2858,22,move,8,122.3072,122.3158,0,0.088,0.439,0.264,0.176,0.527,0.088,-1.055,0.176,-2.109,0.088,0.439,0.088,0.088,0.176,0.088,0.088,0.527,0.264,0.088,0.439,0.264,0.176,0.527,0.088,-1.055,0.176,-4.002,0.088,0.439,0.088,0.088,0.176,0.088,0.088,0.527,0.264,0.019,11.2,12.00,33.0
122.3471,2859,22,move,8,122.3471,122.3554,0,0.088,0.439,0.264,0.176,0.527,0.088,-1.055,0.176,-2.812,0.088,0.439,0.088,0.088,0.176,0.088,0.088,0.527,0.264,0.088,0.439,0.264,0.176,0.527,0.088,-1.055,0.176,-3.588,0.088,0.439,0.088,0.088,0.176,0.088,0.088,0.527,0.264,0.019,11.2,12.00,33.0
122.3872,2860,22,move,8,122.3872,122.3956,0,0.088,0.439,0.264,0.176,0.527,0.088,-1.055,0.176,-3.340,0.088,0.439,0.088,0.088,0.176,0.088,0.088,0.527,0.264,0.088,0.439,0.264,0.176,0.527,0.088,-1.055,0.176,-2.818,0.088,0.439,0.088,0.088,0.176,0.088,0.088,0.527,0.264,0.019,11.2,12.00,33.0
122.4272,2861,22,move,8,122.4272,122.4355,0,0.088,0.439,0.264,0.176,0.527,0.088,-1.055,0.176,-3.516,0.088,0.439,0.088,0.088,0.176,0.088,0.088,0.527,0.264,0.088,0.439,0.264,0.176,0.527,0.088,-1.055,0.176,-1.801,0.088,0.439,0.088,0.088,0.176,0.088,0.088,0.527,0.264,0.000,2.4,12.00,33.0
122.4672,2862,22,move,8,122.4672,122.4747,0,0.088,0.439,0.264,0.176,0.527,0.088,-1.055,0.176,-3.516,0.088,0.439,0.088,0.088,0.176,0.088,0.088,0.527,0.264,0.088,0.439,0.264,0.176,0.527,0.088,-1.055,0.176,-0.679,0.088,0.439,0.088,0.088,0.176,0.088,0.088,0.527,0.264,0.000,2.4,12.00,33.0
122.5072,2863,22,move,8,122.5072,122.5158,0,0.088,0.439,0.264,0.176,0.527,0.088,-1.055,0.176,-2.900,0.088,0.439,0.088,0.088,0.176,0.088,0.088,0.527,0.264,0.088,0.439,0.264,0.176,0.527,0.088,-1.055,0.176,0.391,0.088,0.439,0.088,0.088,0.176,0.088,0.088,0.527,0.264,0.000,2.4,12.00,33.0
122.5472,2864,22,move,8,122.5472,122.5558,0,0.088,0.439,0.264,0.176,0.527,0.088,-1.055,0.176,-2.461,0.088,0.439,0.088,0.088,0.176,0.088,0.088,0.527,0.264,0.088,0.439,0.264,0.176,0.527,0.088,-1.055,0.176,1.257,0.088,0.439,0.088,0.088,0.176,0.088,0.088,0.527,0.264,0.026,15.6,12.00,50.0
122.5871,2865,22,move,8,122.5871,122.5956,0,0.088,0.439,0.264,0.176,0.527,0.088,-1.055,0.176,-1.494,0.088,0.439,0.088,0.088,0.176,0.088,0.088,0.527,0.264,0.088,0.439,0.264,0.176,0.527,0.088,-1.055,0.176,1.798,0.088,0.439,0.088,0.088,0.176,0.088,0.088,0.527,0.264,0.026,15.6,12.00,50.0
122.6272,2866,22,move,8,122.6272,122.6358,0,0.088,0.439,0.264,0.176,0.527,0.088,-1.055,0.176,-0.352,0.088,0.439,0.088,0.088,0.176,0.088,0.088,0.527,0.264,0.088,0.439,0.264,0.176,0.527,0.088,-1.055,0.176,1.939,0.088,0.439,0.088,0.088,0.176,0.088,0.088,0.527,0.264,0.026,15.6,12.00,50.0
122.6672,2867,22,move,8,122.6672,122.6752,0,0.088,0.439,0.264,0.176,0.527,0.088,-1.055,0.176,0.439,0.088,0.439,0.088,0.088,0.176,0.088,0.088,0.527,0.264,0.088,0.439,0.264,0.176,0.527,0.088,-1.055,0.176,1.660,0.088,0.439,0.088,0.088,0.176,0.088,0.088,0.527,0.264,0.013,9.2,12.00,33.0
122.7074,2868,22,move,8,122.7074,122.7155,0,0.088,0.439,0.264,0.176,0.527,0.088,-1.055,0.176,1.143,0.088,0.439,0.088,0.088,0.176,0.088,0.088,0.527,0.264,0.088,0.439,0.264,0.176,0.527,0.088,-1.055,0.176,0.999,0.088,0.439,0.088,0.088,0.176,0.088,0.088,0.527,0.264,0.013,9.2,12.00,33.0
122.7474,2869,22,move,8,122.7474,122.7558,0,0.088,0.439,0.264,0.176,0.527,0.088,-1.055,0.176,1.406,0.088,0.439,0.088,0.088,0.176,0.088,0.088,0.527,0.264,0.088,0.439,0.264,0.176,0.527,0.088,-1.055,0.176,0.050,0.088,0.439,0.088,0.088,0.176,0.088,0.088,0.527,0.264,0.013,9.2,12.00,33.0
122.7872,2870,22,move,8,122.7872,122.7958,0,0.088,0.439,0.264,0.176,0.527,0.088,-1.055,0.176,1.318,0.088,0.439,0.088,0.088,0.176,0.088,0.088,0.527,0.264,0.088,0.439,0.264,0.176,0.527,0.088,-1.055,0.176,-1.055,0.088,0.439,0.088,0.088,0.176,0.088,0.088,0.527,0.264,0.000,3.6,12.00,33.0
122.8272,2871,22,move,8,122.8272,122.8356,0,0.088,0.439,0.264,0.176,0.527,0.088,-1.055,0.176,1.055,0.088,0.439,0.088,0.088,0.176,0.088,0.088,0.527,0.264,0.088,0.439,0.264,0.176,0.527,0.088,-1.055,0.176,-2.159,0.088,0.439,0.088,0.088,0.176,0.088,0.088,0.527,0.264,0.000,3.6,12.00,33.0
122.8674,2872,22,move,8,122.8674,122.8760,0,0.088,0.439,0.264,0.176,0.527,0.088,-1.055,0.176,0.791,0.088,0.439,0.088,0.088,0.176,0.088,0.088,0.527,0.264,0.088,0.439,0.264,0.176,0.527,0.088,-1.055,0.176,-3.108,0.088,0.439,0.088,0.088,0.176,0.088,0.088,0.527,0.264,0.000,3.6,12.00,33.0
122.9074,2873,22,move,8,122.9074,122.9158,0,0.088,0.439,0.264,0.176,0.527,0.088,-1.055,0.176,-0.352,0.088,0.439,0.088,0.088,0.176,0.088,0.088,0.527,0.264,0.088,0.439,0.264,0.176,0.527,0.088,-1.055,0.176,-3.769,0.088,0.439,0.088,0.088,0.176,0.088,0.088,0.527,0.264,0.013,12.8,12.00,33.0
122.9474,2874,22,move,8,122.9474,122.9560,0,0.088,0.439,0.264,0.176,0.527,0.088,-1.055,0.176,-1.406,0.088,0.439,0.088,0.088,0.176,0.088,0.088,0.527,0.264,0.088,0.439,0.264,0.176,0.527,0.088,-1.055,0.176,-4.049,0.088,0.439,0.088,0.088,0.176,0.088,0.088,0.527,0.264,0.013,12.8,12.00,33.0
122.9872,2875,22,move,8,122.9872,122.9956,0,0.088,0.439,0.264,0.176,0.527,0.088,-1.055,0.176,-2.285,0.088,0.439,0.088,0.088,0.176,0.088,0.088,0.527,0.264,0.088,0.439,0.264,0.176,0.527,0.088,-1.055,0.176,-3.908,0.088,0.439,0.088,0.088,0.176,0.088,0.088,0.527,0.264,0.013,12.8,12.00,33.0
123.0272,2876,22,move,8,123.0272,123.0354,0,0.088,0.439,0.264,0.176,0.527,0.088,-1.055,0.176,-2.988,0.088,0.439,0.088,0.088,0.176,0.088,0.088,0.527,0.264,0.088,0.439,0.264,0.176,0.527,0.088,-1.055,0.176,-3.366,0.088,0.439,0.088,0.088,0.176,0.088,0.088,0.527,0.264,0.013,8.4,12.00,33.0
123.0674,2877,22,move,8,123.0674,123.0760,0,0.088,0.439,0.264,0.176,0.527,0.088,-1.055,0.176,-3.428,0.088,0.439,0.088,0.088,0.176,0.088,0.088,0.527,0.264,0.088,0.439,0.264,0.176,0.527,0.088,-1.055,0.176,-2.500,0.088,0.439,0.088,0.088,0.176,0.088,0.088,0.527,0.264,0.013,8.4,12.00,33.0
123.1074,2878,22,move,8,123.1074,123.1160,0,0.088,0.439,0.264,0.176,0.527,0.088,-1.055,0.176,-3.516,0.088,0.439,0.088,0.088,0.176,0.088,0.088,0.527,0.264,0.088,0.439,0.264,0.176,0.527,0.088,-1.055,0.176,-1.431,0.088,0.439,0.088,0.088,0.176,0.088,0.088,0.527,0.264,0.013,8.4,12.00,33.0
123.1474,2879,22,move,8,123.1474,123.1560,0,0.088,0.439,0.264,0.176,0.527,0.088,-1.055,0.176,-3.340,0.088,0.439,0.088,0.088,0.176,0.088,0.088,0.527,0.264,0.088,0.439,0.264,0.176,0.527,0.088,-1.055,0.176,-0.309,0.088,0.439,0.088,0.088,0.176,0.088,0.088,0.527,0.264,0.006,8.0,12.00,33.0
123.1874,2880,22,move,8,123.1874,123.1958,0,0.088,0.439,0.264,0.176,0.527,0.088,-1.055,0.176,-2.725,0.088,0.439,0.088,0.088,0.176,0.088,0.088,0.527,0.264,0.088,0.439,0.264,0.176,0.527,0.088,-1.055,0.176,0.709,0.088,0.439,0.088,0.088,0.176,0.088,0.088,0.527,0.264,0.006,8.0,12.00,33.0
123.2274,2881,22,move,8,123.2274,123.2360,0,0.088,0.439,0.264,0.176,0.527,0.088,-1.055,0.176,-2.461,0.088,0.439,0.088,0.088,0.176,0.088,0.088,0.527,0.264,0.088,0.439,0.264,0.176,0.527,0.088,-1.055,0.176,1.478,0.088,0.439,0.088,0.088,0.176,0.088,0.088,0.527,0.264,0.006,8.0,12.00,33.0
123.2672,2882,22,move,8,123.2672,123.2757,0,0.088,0.439,0.264,0.176,0.527,0.088,-1.055,0.176,-1.143,0.088,0.439,0.088,0.088,0.176,0.088,0.088,0.527,0.264,0.088,0.439,0.264,0.176,0.527,0.088,-1.055,0.176,1.892,0.088,0.439,0.088,0.088,0.176,0.088,0.088,0.527,0.264,0.006,11.2,12.00,33.0
123.3072,2883,22,move,8,123.3072,123.3156,0,0.088,0.439,0.264,0.176,0.527,0.088,-1.055,0.176,-0.088,0.088,0.439,0.088,0.088,0.176,0.088,0.088,0.527,0.264,0.088,0.439,0.264,0.176,0.527,0.088,-1.055,0.176,1.892,0.088,0.439,0.088,0.088,0.176,0.088,0.088,0.527,0.264,0.006,11.2,12.00,33.0
123.3474,2884,22,move,8,123.3474,123.3568,0,0.088,0.439,0.264,0.176,0.527,0.088,-1.055,0.176,0.703,0.088,0.439,0.088,0.088,0.176,0.088,0.088,0.527,0.264,0.088,0.439,0.264,0.176,0.527,0.088,-1.055,0.176,1.478,0.088,0.439,0.088,0.088,0.176,0.088,0.088,0.527,0.264,0.006,11.2,12.00,33.0
123.3874,2885,22,move,8,123.3874,123.3961,0,0.088,0.439,0.264,0.176,0.527,0.088,-1.055,0.176,1.318,0.088,0.439,0.088,0.088,0.176,0.088,0.088,0.527,0.264,0.088,0.439,0.264,0.176,0.527,0.088,-1.055,0.176,0.709,0.088,0.439,0.088,0.088,0.176,0.088,0.088,0.527,0.264,0.006,4.4,12.00,33.0
123.4272,2886,22,move,8,123.4272,123.4353,0,0.088,0.439,0.264,0.176,0.527,0.088,-1.055,0.176,1.406,0.088,0.439,0.088,0.088,0.176,0.088,0.088,0.527,0.264,0.088,0.439,0.264,0.176,0.527,0.088,-1.055,0.176,-0.309,0.088,0.439,0.088,0.088,0.176,0.088,0.088,0.527,0.264,0.006,4.4,12.00,33.0
123.4674,2887,22,move,8,123.4674,123.4779,0,0.088,0.439,0.264,0.176,0.527,0.088,-1.055,0.176,1.318,0.088,0.439,0.088,0.088,0.176,0.088,0.088,0.527,0.264,0.088,0.439,0.264,0.176,0.527,0.088,-1.055,0.176,-1.431,0.088,0.439,0.088,0.088,0.176,0.088,0.088,0.527,0.264,0.006,4.4,12.00,33.0
123.5072,2888,22,move,8,123.5072,123.5154,0,0.088,0.439,0.264,0.176,0.527,0.088,-1.055,0.176,0.967,0.088,0.439,0.088,0.088,0.176,0.088,0.088,0.527,0.264,0.088,0.439,0.264,0.176,0.527,0.088,-1.055,0.176,-2.500,0.088,0.439,0.088,0.088,0.176,0.088,0.088,0.527,0.264,0.019,12.0,12.00,33.0
123.5474,2889,22,move,8,123.5474,123.5559,0,0.088,0.439,0.264,0.176,0.527,0.088,-1.055,0.176,0.352,0.088,0.439,0.088,0.088,0.176,0.088,0.088,0.527,0.264,0.088,0.439,0.264,0.176,0.527,0.088,-1.055,0.176,-3.366,0.088,0.439,0.088,0.088,0.176,0.088,0.088,0.527,0.264,0.019,12.0,12.00,33.0
123.5874,2890,22,move,8,123.5874,123.5961,0,0.088,0.439,0.264,0.176,0.527,0.088,-1.055,0.176,-0.791,0.088,0.439,0.088,0.088,0.176,0.088,0.088,0.527,0.264,0.088,0.439,0.264,0.176,0.527,0.088,-1.055,0.176,-3.908,0.088,0.439,0.088,0.088,0.176,0.088,0.088,0.527,0.264,0.019,12.0,12.00,33.0
123.6274,2891,22,move,8,123.6274,123.6359,0,0.088,0.439,0.264,0.176,0.527,0.088,-1.055,0.176,-1.670,0.088,0.439,0.088,0.088,0.176,0.088,0.088,0.527,0.264,0.088,0.439,0.264,0.176,0.527,0.088,-1.055,0.176,-4.049,0.088,0.439,0.088,0.088,0.176,0.088,0.088,0.527,0.264,0.013,12.0,12.00,33.0
123.6672,2892,22,move,8,123.6672,123.6758,0,0.088,0.439,0.264,0.176,0.527,0.088,-1.055,0.176,-2.549,0.088,0.439,0.088,0.088,0.176,0.088,0.088,0.527,0.264,0.088,0.439,0.264,0.176,0.527,0.088,-1.055,0.176,-3.769,0.088,0.439,0.088,0.088,0.176,0.088,0.088,0.527,0.264,0.013,12.0,12.00,33.0
123.7074,2893,22,move,8,123.7074,123.7161,0,0.088,0.439,0.264,0.176,0.527,0.088,-1.055,0.176,-3.164,0.088,0.439,0.088,0.088,0.176,0.088,0.088,0.527,0.264,0.088,0.439,0.264,0.176,0.527,0.088,-1.055,0.176,-3.108,0.088,0.439,0.088,0.088,0.176,0.088,0.088,0.527,0.264,0.013,12.0,12.00,33.0
123.7474,2894,22,move,8,123.7474,123.7560,0,0.088,0.439,0.264,0.176,0.527,0.088,-1.055,0.176,-3.516,0.088,0.439,0.088,0.088,0.176,0.088,0.088,0.527,0.264,0.088,0.439,0.264,0.176,0.527,0.088,-1.055,0.176,-2.159,0.088,0.439,0.088,0.088,0.176,0.088,0.088,0.527,0.264,0.000,0.0,12.00,33.0
123.7871,2895,22,move,8,123.7871,123.7956,0,0.088,0.439,0.264,0.176,0.527,0.088,-1.055,0.176,-3.516,0.088,0.439,0.088,0.088,0.176,0.088,0.088,0.527,0.264,0.088,0.439,0.264,0.176,0.527,0.088,-1.055,0.176,-1.055,0.088,0.439,0.088,0.088,0.176,0.088,0.088,0.527,0.264,0.000,0.0,12.00,33.0
123.8274,2896,22,move,8,123.8274,123.8362,0,0.088,0.439,0.264,0.176,0.527,0.088,-1.055,0.176,-3.252,0.088,0.439,0.088,0.088,0.176,0.088,0.088,0.527,0.264,0.088,0.439,0.264,0.176,0.527,0.088,-1.055,0.176,0.050,0.088,0.439,0.088,0.088,0.176,0.088,0.088,0.527,0.264,0.000,0.0,12.00,33.0
123.8674,2897,22,move,8,123.8674,123.8760,0,0.088,0.439,0.264,0.176,0.527,0.088,-1.055,0.176,-2.549,0.088,0.439,0.088,0.088,0.176,0.088,0.088,0.527,0.264,0.088,0.439,0.264,0.176,0.527,0.088,-1.055,0.176,0.999,0.088,0.439,0.088,0.088,0.176,0.088,0.088,0.527,0.264,0.013,12.8,12.00,33.0
123.9071,2898,22,move,8,123.9071,123.9158,0,0.088,0.439,0.264,0.176,0.527,0.088,-1.055,0.176,-2.109,0.088,0.439,0.088,0.088,0.176,0.088,0.088,0.527,0.264,0.088,0.439,0.264,0.176,0.527,0.088,-1.055,0.176,1.660,0.088,0.439,0.088,0.088,0.176,0.088,0.088,0.527,0.264,0.013,12.8,12.00,33.0
123.9474,2899,22,move,8,123.9474,123.9560,0,0.088,0.439,0.264,0.176,0.527,0.088,-1.055,0.176,-0.703,0.088,0.439,0.088,0.088,0.176,0.088,0.088,0.527,0.264,0.088,0.439,0.264,0.176,0.527,0.088,-1.055,0.176,1.939,0.088,0.439,0.088,0.088,0.176,0.088,0.088,0.527,0.264,0.013,12.8,12.00,33.0
123.9872,2900,22,move,8,123.9872,123.9959,0,0.088,0.439,0.264,0.176,0.527,0.088,-1.055,0.176,0.176,0.088,0.439,0.088,0.088,0.176,0.088,0.088,0.527,0.264,0.088,0.439,0.264,0.176,0.527,0.088,-1.055,0.176,1.798,0.088,0.439,0.088,0.088,0.176,0.088,0.088,0.527,0.264,0.013,10.4,12.00,33.0
124.0272,2901,22,move,8,124.0272,124.0357,0,0.088,0.439,0.264,0.176,0.527,0.088,-1.055,0.176,0.879,0.088,0.439,0.088,0.088,0.176,0.088,0.088,0.527,0.264,0.088,0.439,0.264,0.176,0.527,0.088,-1.055,0.176,1.257,0.088,0.439,0.088,0.088,0.176,0.088,0.088,0.527,0.264,0.013,10.4,12.00,33.0
124.0674,2902,22,move,8,124.0674,124.0761,0,0.088,0.439,0.264,0.176,0.527,0.088,-1.055,0.176,1.406,0.088,0.439,0.088,0.088,0.176,0.088,0.088,0.527,0.264,0.088,0.439,0.264,0.176,0.527,0.088,-1.055,0.176,0.391,0.088,0.439,0.088,0.088,0.176,0.088,0.088,0.527,0.264,0.013,10.4,12.00,33.0
124.1071,2903,22,move,8,124.1071,124.1157,0,0.088,0.439,0.264,0.176,0.527,0.088,-1.055,0.176,1.406,0.088,0.439,0.088,0.088,0.176,0.088,0.088,0.527,0.264,0.088,0.439,0.264,0.176,0.527,0.088,-1.055,0.176,-0.679,0.088,0.439,0.088,0.088,0.176,0.088,0.088,0.527,0.264,0.000,3.6,12.00,33.0
124.1472,2904,22,move,8,124.1472,124.1557,0,0.088,0.439,0.264,0.176,0.527,0.088,-1.055,0.176,1.230,0.088,0.439,0.088,0.088,0.176,0.088,0.088,0.527,0.264,0.088,0.439,0.264,0.176,0.527,0.088,-1.055,0.176,-1.801,0.088,0.439,0.088,0.088,0.176,0.088,0.088,0.527,0.264,0.000,3.6,12.00,33.0
124.1874,2905,22,move,8,124.1874,124.1960,0,0.088,0.439,0.264,0.176,0.527,0.088,-1.055,0.176,0.967,0.088,0.439,0.088,0.088,0.176,0.088,0.088,0.527,0.264,0.088,0.439,0.264,0.176,0.527,0.088,-1.055,0.176,-2.818,0.088,0.439,0.088,0.088,0.176,0.088,0.088,0.527,0.264,0.000,3.6,12.00,33.0
124.2272,2906,22,move,8,124.2272,124.2356,0,0.088,0.439,0.264,0.176,0.527,0.088,-1.055,0.176,0.088,0.088,0.439,0.088,0.088,0.176,0.088,0.088,0.527,0.264,0.088,0.439,0.264,0.176,0.527,0.088,-1.055,0.176,-3.588,0.088,0.439,0.088,0.088,0.176,0.088,0.088,0.527,0.264,0.013,14.0,12.00,33.0
124.2672,2907,22,move,8,124.2672,124.2754,0,0.088,0.439,0.264,0.176,0.527,0.088,-1.055,0.176,-1.055,0.088,0.439,0.088,0.088,0.176,0.088,0.088,0.527,0.264,0.088,0.439,0.264,0.176,0.527,0.088,-1.055,0.176,-4.002,0.088,0.439,0.088,0.088,0.176,0.088,0.088,0.527,0.264,0.013,14.0,12.00,33.0
124.3074,2908,22,move,8,124.3074,124.3161,0,0.088,0.439,0.264,0.176,0.527,0.088,-1.055,0.176,-2.021,0.088,0.439,0.088,0.088,0.176,0.088,0.088,0.527,0.264,0.088,0.439,0.264,0.176,0.527,0.088,-1.055,0.176,-4.002,0.088,0.439,0.088,0.088,0.176,0.088,0.088,0.527,0.264,0.013,14.0,12.00,33.0
124.3472,2909,22,move,8,124.3472,124.3557,0,0.088,0.439,0.264,0.176,0.527,0.088,-1.055,0.176,-2.812,0.088,0.439,0.088,0.088,0.176,0.088,0.088,0.527,0.264,0.088,0.439,0.264,0.176,0.527,0.088,-1.055,0.176,-3.588,0.088,0.439,0.088,0.088,0.176,0.088,0.088,0.527,0.264,0.013,8.8,12.00,33.0
124.3874,2910,22,move,8,124.3874,124.3960,0,0.088,0.439,0.264,0.176,0.527,0.088,-1.055,0.176,-3.340,0.088,0.439,0.088,0.088,0.176,0.088,0.088,0.527,0.264,0.088,0.439,0.264,0.176,0.527,0.088,-1.055,0.176,-2.818,0.088,0.439,0.088,0.088,0.176,0.088,0.088,0.527,0.264,0.013,8.8,12.00,33.0
124.4271,2911,22,move,8,124.4271,124.4354,0,0.088,0.439,0.264,0.176,0.527,0.088,-1.055,0.176,-3.516,0.088,0.439,0.088,0.088,0.176,0.088,0.088,0.527,0.264,0.088,0.439,0.264,0.176,0.527,0.088,-1.055,0.176,-1.801,0.088,0.439,0.088,0.088,0.176,0.088,0.088,0.527,0.264,0.013,8.8,12.00,33.0
124.4672,2912,22,rest,8,124.4672,124.4754,0,0.088,0.439,0.264,0.176,0.527,0.088,-1.055,0.176,-3.428,0.088,0.439,0.088,0.088,0.176,0.088,0.088,0.527,0.264,0.088,0.439,0.264,0.176,0.527,0.088,-1.055,0.176,-1.055,0.088,0.439,0.088,0.088,0.176,0.088,0.088,0.527,0.264,0.006,6.0,12.00,43.0
124.5074,2913,22,rest,8,124.5074,124.5152,0,0.088,0.439,0.264,0.176,0.527,0.088,-1.055,0.176,-2.988,0.088,0.439,0.088,0.088,0.176,0.088,0.088,0.527,0.264,0.088,0.439,0.264,0.176,0.527,0.088,-1.055,0.176,-1.055,0.088,0.439,0.088,0.088,0.176,0.088,0.088,0.527,0.264,0.006,6.0,12.00,43.0
124.5474,2914,22,rest,8,124.5474,124.5555,0,0.088,0.439,0.264,0.176,0.527,0.088,-1.055,0.176,-2.461,0.088,0.439,0.088,0.088,0.176,0.088,0.088,0.527,0.264,0.088,0.439,0.264,0.176,0.527,0.088,-1.055,0.176,-1.055,0.088,0.439,0.088,0.088,0.176,0.088,0.088,0.527,0.264,0.006,6.0,12.00,43.0
124.5875,2915,22,rest,8,124.5875,124.5953,0,0.088,0.439,0.264,0.176,0.527,0.088,-1.055,0.176,-2.197,0.088,0.439,0.088,0.088,0.176,0.088,0.088,0.527,0.264,0.088,0.439,0.264,0.176,0.527,0.088,-1.055,0.176,-1.055,0.088,0.439,0.088,0.088,0.176,0.088,0.088,0.527,0.264,0.006,8.0,12.00,33.0
124.6274,2916,22,rest,8,124.6274,124.6354,0,0.088,0.439,0.264,0.176,0.527,0.088,-1.055,0.176,-1.494,0.088,0.439,0.088,0.088,0.176,0.088,0.088,0.527,0.264,0.088,0.439,0.264,0.176,0.527,0.088,-1.055,0.176,-1.055,0.088,0.439,0.088,0.088,0.176,0.088,0.088,0.527,0.264,0.006,8.0,12.00,33.0
124.6674,2917,22,rest,8,124.6674,124.6756,0,0.088,0.439,0.264,0.176,0.527,0.088,-1.055,0.176,-1.406,0.088,0.439,0.088,0.088,0.176,0.088,0.088,0.527,0.264,0.088,0.439,0.264,0.176,0.527,0.088,-1.055,0.176,-1.055,0.088,0.439,0.088,0.088,0.176,0.088,0.088,0.527,0.264,0.006,8.0,12.00,33.0
124.7074,2918,22,rest,8,124.7074,124.7154,0,0.088,0.439,0.264,0.176,0.527,0.088,-1.055,0.176,-1.406,0.088,0.439,0.088,0.088,0.176,0.088,0.088,0.527,0.264,0.088,0.439,0.264,0.176,0.527,0.088,-1.055,0.176,-1.055,0.088,0.439,0.088,0.088,0.176,0.088,0.088,0.527,0.264,0.000,4.0,12.00,33.0
124.7474,2919,22,rest,8,124.7474,124.7554,0,0.088,0.439,0.264,0.176,0.527,0.088,-1.055,0.176,-1.406,0.088,0.439,0.088,0.088,0.176,0.088,0.088,0.527,0.264,0.088,0.439,0.264,0.176,0.527,0.088,-1.055,0.176,-1.055,0.088,0.439,0.088,0.088,0.176,0.088,0.088,0.527,0.264,0.000,4.0,12.00,33.0
124.7872,2920,22,rest,8,124.7872,124.7956,0,0.088,0.439,0.264,0.176,0.527,0.088,-1.055,0.176,-1.406,0.088,0.439,0.088,0.088,0.176,0.088,0.088,0.527,0.264,0.088,0.439,0.264,0.176,0.527,0.088,-1.055,0.176,-1.055,0.088,0.439,0.088,0.088,0.176,0.088,0.088,0.527,0.264,0.000,4.0,12.00,33.0
124.8274,2921,22,rest,8,124.8274,124.8355,0,0.088,0.439,0.264,0.176,0.527,0.088,-1.055,0.176,-1.406,0.088,0.439,0.088,0.088,0.176,0.088,0.088,0.527,0.264,0.088,0.439,0.264,0.176,0.527,0.088,-1.055,0.176,-1.055,0.088,0.439,0.088,0.088,0.176,0.088,0.088,0.527,0.264,0.006,4.0,12.00,33.0
124.8672,2922,22,rest,8,124.8672,124.8754,0,0.088,0.439,0.264,0.176,0.527,0.088,-1.055,0.176,-1.406,0.088,0.439,0.088,0.088,0.176,0.088,0.088,0.527,0.264,0.088,0.439,0.264,0.176,0.527,0.088,-1.055,0.176,-1.055,0.088,0.439,0.088,0.088,0.176,0.088,0.088,0.527,0.264,0.006,4.0,12.00,33.0
124.9074,2923,22,rest,8,124.9074,124.9156,0,0.088,0.439,0.264,0.176,0.527,0.088,-1.055,0.176,-1.406,0.088,0.439,0.088,0.088,0.176,0.088,0.088,0.527,0.264,0.088,0.439,0.264,0.176,0.527,0.088,-1.055,0.176,-1.055,0.088,0.439,0.088,0.088,0.176,0.088,0.088,0.527,0.264,0.006,4.0,12.00,33.0
124.9471,2924,22,rest,8,124.9471,124.9552,0,0.088,0.439,0.264,0.176,0.527,0.088,-1.055,0.176,-1.406,0.088,0.439,0.088,0.088,0.176,0.088,0.088,0.527,0.264,0.088,0.439,0.264,0.176,0.527,0.088,-1.055,0.176,-1.055,0.088,0.439,0.088,0.088,0.176,0.088,0.088,0.527,0.264,0.006,4.0,12.00,33.0
124.9872,2925,22,rest,8,124.9872,124.9956,0,0.088,0.439,0.264,0.176,0.527,0.088,-1.055,0.176,-1.406,0.088,0.439,0.088,0.088,0.176,0.088,0.088,0.527,0.264,0.088,0.439,0.264,0.176,0.527,0.088,-1.055,0.176,-1.055,0.088,0.439,0.088,0.088,0.176,0.088,0.088,0.527,0.264,0.006,4.0,12.00,33.0
125.0274,2926,22,rest,8,125.0274,125.0356,0,0.088,0.439,0.264,0.176,0.527,0.088,-1.055,0.176,-1.406,0.088,0.439,0.088,0.088,0.176,0.088,0.088,0.527,0.264,0.088,0.439,0.264,0.176,0.527,0.088,-1.055,0.176,-1.055,0.088,0.439,0.088,0.088,0.176,0.088,0.088,0.527,0.264,0.006,4.0,12.00,33.0
125.0672,2927,22,rest,8,125.0672,125.0752,0,0.088,0.439,0.264,0.176,0.527,0.088,-1.055,0.176,-1.406,0.088,0.439,0.088,0.088,0.176,0.088,0.088,0.527,0.264,0.088,0.439,0.264,0.176,0.527,0.088,-1.055,0.176,-1.055,0.088,0.439,0.088,0.088,0.176,0.088,0.088,0.527,0.264,0.006,4.0,12.00,33.0
125.1074,2928,22,rest,8,125.1074,125.1155,0,0.088,0.439,0.264,0.176,0.527,0.088,-1.055,0.176,-1.406,0.088,0.439,0.088,0.088,0.176,0.088,0.088,0.527,0.264,0.088,0.439,0.264,0.176,0.527,0.088,-1.055,0.176,-1.055,0.088,0.439,0.088,0.088,0.176,0.088,0.088,0.527,0.264,0.006,4.0,12.00,33.0
125.1472,2929,22,rest,8,125.1472,125.1552,0,0.088,0.439,0.264,0.176,0.527,0.088,-1.055,0.176,-1.406,0.088,0.439,0.088,0.088,0.176,0.088,0.088,0.527,0.264,0.088,0.439,0.264,0.176,0.527,0.088,-1.055,0.176,-1.055,0.088,0.439,0.088,0.088,0.176,0.088,0.088,0.527,0.264,0.006,4.0,12.00,33.0
125.1872,2930,22,rest,8,125.1872,125.1952,0,0.088,0.439,0.264,0.176,0.527,0.088,-1.055,0.176,-1.406,0.088,0.439,0.088,0.088,0.176,0.088,0.088,0.527,0.264,0.088,0.439,0.264,0.176,0.527,0.088,-1.055,0.176,-1.055,0.088,0.439,0.088,0.088,0.176,0.088,0.088,0.527,0.264,0.000,4.0,12.00,33.0
125.2272,2931,22,rest,8,125.2272,125.2353,0,0.088,0.439,0.264,0.176,0.527,0.088,-1.055,0.176,-1.406,0.088,0.439,0.088,0.088,0.176,0.088,0.088,0.527,0.264,0.088,0.439,0.264,0.176,0.527,0.088,-1.055,0.176,-1.055,0.088,0.439,0.088,0.088,0.176,0.088,0.088,0.527,0.264,0.000,4.0,12.00,33.0
125.2725,2932,23,pre,8,125.2725,125.2805,0,0.088,0.439,0.264,0.176,0.527,0.088,-1.055,0.176,-1.406,0.088,0.439,0.088,0.088,0.176,0.088,0.088,0.527,0.264,0.088,0.439,0.264,0.176,0.527,0.088,-1.055,0.176,-1.406,0.088,0.439,0.088,0.088,0.176,0.088,0.088,0.527,0.264,0.000,4.0,12.00,33.0
125.3072,2933,23,pre,8,125.3072,125.3152,0,0.088,0.439,0.264,0.176,0.527,0.088,-1.055,0.176,-1.406,0.088,0.439,0.088,0.088,0.176,0.088,0.088,0.527,0.264,0.088,0.439,0.264,0.176,0.527,0.088,-1.055,0.176,-1.406,0.088,0.439,0.088,0.088,0.176,0.088,0.088,0.527,0.264,0.000,2.0,12.00,33.0
125.3471,2934,23,pre,8,125.3471,125.3558,0,0.088,0.439,0.264,0.176,0.527,0.088,-1.055,0.176,-1.406,0.088,0.439,0.088,0.088,0.176,0.088,0.088,0.527,0.264,0.088,0.439,0.264,0.176,0.527,0.088,-1.055,0.176,-1.406,0.088,0.439,0.088,0.088,0.176,0.088,0.088,0.527,0.264,0.000,2.0,12.00,33.0
125.3872,2935,23,pre,8,125.3872,125.3955,0,0.088,0.439,0.264,0.176,0.527,0.088,-1.055,0.176,-1.406,0.088,0.439,0.088,0.088,0.176,0.088,0.088,0.527,0.264,0.088,0.439,0.264,0.176,0.527,0.088,-1.055,0.176,-1.406,0.088,0.439,0.088,0.088,0.176,0.088,0.088,0.527,0.264,0.000,2.0,12.00,33.0
125.4272,2936,23,pre,8,125.4272,125.4376,0,0.088,0.439,0.264,0.176,0.527,0.088,-1.055,0.176,-1.406,0.088,0.439,0.088,0.088,0.176,0.088,0.088,0.527,0.264,0.088,0.439,0.264,0.176,0.527,0.088,-1.055,0.176,-1.406,0.088,0.439,0.088,0.088,0.176,0.088,0.088,0.527,0.264,0.000,0.0,12.00,33.0
125.4672,2937,23,pre,8,125.4672,125.4751,0,0.088,0.439,0.264,0.176,0.527,0.088,-1.055,0.176,-1.406,0.088,0.439,0.088,0.088,0.176,0.088,0.088,0.527,0.264,0.088,0.439,0.264,0.176,0.527,0.088,-1.055,0.176,-1.406,0.088,0.439,0.088,0.088,0.176,0.088,0.088,0.527,0.264,0.000,0.0,12.00,33.0
125.5074,2938,23,pre,8,125.5074,125.5156,0,0.088,0.439,0.264,0.176,0.527,0.088,-1.055,0.176,-1.406,0.088,0.439,0.088,0.088,0.176,0.088,0.088,0.527,0.264,0.088,0.439,0.264,0.176,0.527,0.088,-1.055,0.176,-1.406,0.088,0.439,0.088,0.088,0.176,0.088,0.088,0.527,0.264,0.000,0.0,12.00,33.0
125.5474,2939,23,pre,8,125.5474,125.5552,0,0.088,0.439,0.264,0.176,0.527,0.088,-1.055,0.176,-1.406,0.088,0.439,0.088,0.088,0.176,0.088,0.088,0.527,0.264,0.088,0.439,0.264,0.176,0.527,0.088,-1.055,0.176,-1.406,0.088,0.439,0.088,0.088,0.176,0.088,0.088,0.527,0.264,0.000,0.0,12.00,33.0
125.5872,2940,23,pre,8,125.5872,125.5953,0,0.088,0.439,0.264,0.176,0.527,0.088,-1.055,0.176,-1.406,0.088,0.439,0.088,0.088,0.176,0.088,0.088,0.527,0.264,0.088,0.439,0.264,0.176,0.527,0.088,-1.055,0.176,-1.406,0.088,0.439,0.088,0.088,0.176,0.088,0.088,0.527,0.264,0.000,0.0,12.00,33.0
125.6272,2941,23,pre,8,125.6272,125.6352,0,0.088,0.439,0.264,0.176,0.527,0.088,-1.055,0.176,-1.406,0.088,0.439,0.088,0.088,0.176,0.088,0.088,0.527,0.264,0.088,0.439,0.264,0.176,0.527,0.088,-1.055,0.176,-1.406,0.088,0.439,0.088,0.088,0.176,0.088,0.088,0.527,0.264,0.000,0.0,12.00,33.0
125.6671,2942,23,pre,8,125.6671,125.6752,0,0.088,0.439,0.264,0.176,0.527,0.088,-1.055,0.176,-1.406,0.088,0.439,0.088,0.088,0.176,0.088,0.088,0.527,0.264,0.088,0.439,0.264,0.176,0.527,0.088,-1.055,0.176,-1.406,0.088,0.439,0.088,0.088,0.176,0.088,0.088,0.527,0.264,0.000,0.0,12.00,33.0
125.7072,2943,23,pre,8,125.7072,125.7152,0,0.088,0.439,0.264,0.176,0.527,0.088,-1.055,0.176,-1.406,0.088,0.439,0.088,0.088,0.176,0.088,0.088,0.527,0.264,0.088,0.439,0.264,0.176,0.527,0.088,-1.055,0.176,-1.406,0.088,0.439,0.088,0.088,0.176,0.088,0.088,0.527,0.264,0.000,0.0,12.00,33.0
125.7472,2944,23,pre,8,125.7472,125.7552,0,0.088,0.439,0.264,0.176,0.527,0.088,-1.055,0.176,-1.406,0.088,0.439,0.088,0.088,0.176,0.088,0.088,0.527,0.264,0.088,0.439,0.264,0.176,0.527,0.088,-1.055,0.176,-1.406,0.088,0.439,0.088,0.088,0.176,0.088,0.088,0.527,0.264,0.000,0.0,12.00,33.0
125.7872,2945,23,pre,8,125.7872,125.7955,0,0.088,0.439,0.264,0.176,0.527,0.088,-1.055,0.176,-1.406,0.088,0.439,0.088,0.088,0.176,0.088,0.088,0.527,0.264,0.088,0.439,0.264,0.176,0.527,0.088,-1.055,0.176,-1.406,0.088,0.439,0.088,0.088,0.176,0.088,0.088,0.527,0.264,0.000,0.0,12.00,33.0
125.8271,2946,23,pre,8,125.8271,125.8358,0,0.088,0.439,0.264,0.176,0.527,0.088,-1.055,0.176,-1.406,0.088,0.439,0.088,0.088,0.176,0.088,0.088,0.527,0.264,0.088,0.439,0.264,0.176,0.527,0.088,-1.055,0.176,-1.406,0.088,0.439,0.088,0.088,0.176,0.088,0.088,0.527,0.264,0.000,0.0,12.00,33.0
125.8672,2947,23,move,8,125.8672,125.8756,0,0.088,0.439,0.264,0.176,0.527,0.088,-1.055,0.176,-1.406,0.088,0.439,0.088,0.088,0.176,0.088,0.088,0.527,0.264,0.088,0.439,0.264,0.176,0.527,0.088,-1.055,0.176,-1.406,0.088,0.439,0.088,0.088,0.176,0.088,0.088,0.527,0.264,0.000,0.0,12.00,33.0
125.9074,2948,23,move,8,125.9074,125.9156,0,0.088,0.439,0.264,0.176,0.527,0.088,-1.055,0.176,-1.406,0.088,0.439,0.088,0.088,0.176,0.088,0.088,0.527,0.264,0.088,0.439,0.264,0.176,0.527,0.088,-1.055,0.176,0.039,0.088,0.439,0.088,0.088,0.176,0.088,0.088,0.527,0.264,0.000,0.0,12.00,33.0
125.9471,2949,23,move,8,125.9471,125.9552,0,0.088,0.439,0.264,0.176,0.527,0.088,-1.055,0.176,-1.406,0.088,0.439,0.088,0.088,0.176,0.088,0.088,0.527,0.264,0.088,0.439,0.264,0.176,0.527,0.088,-1.055,0.176,1.127,0.088,0.439,0.088,0.088,0.176,0.088,0.088,0.527,0.264,0.000,0.0,12.00,33.0
125.9872,2950,23,move,8,125.9872,125.9952,0,0.088,0.439,0.264,0.176,0.527,0.088,-1.055,0.176,-1.318,0.088,0.439,0.088,0.088,0.176,0.088,0.088,0.527,0.264,0.088,0.439,0.264,0.176,0.527,0.088,-1.055,0.176,1.588,0.088,0.439,0.088,0.088,0.176,0.088,0.088,0.527,0.264,0.000,0.0,12.00,33.0
126.0272,2951,23,move,8,126.0272,126.0352,0,0.088,0.439,0.264,0.176,0.527,0.088,-1.055,0.176,-0.615,0.088,0.439,0.088,0.088,0.176,0.088,0.088,0.527,0.264,0.088,0.439,0.264,0.176,0.527,0.088,-1.055,0.176,1.308,0.088,0.439,0.088,0.088,0.176,0.088,0.088,0.527,0.264,0.006,10.0,12.00,33.0
126.0672,2952,23,move,8,126.0672,126.0752,0,0.088,0.439,0.264,0.176,0.527,0.088,-1.055,0.176,0.176,0.088,0.439,0.088,0.088,0.176,0.088,0.088,0.527,0.264,0.088,0.439,0.264,0.176,0.527,0.088,-1.055,0.176,0.357,0.088,0.439,0.088,0.088,0.176,0.088,0.088,0.527,0.264,0.006,10.0,12.00,33.0
126.1072,2953,23,move,8,126.1072,126.1154,0,0.088,0.439,0.264,0.176,0.527,0.088,-1.055,0.176,0.791,0.088,0.439,0.088,0.088,0.176,0.088,0.088,0.527,0.264,0.088,0.439,0.264,0.176,0.527,0.088,-1.055,0.176,-1.030,0.088,0.439,0.088,0.088,0.176,0.088,0.088,0.527,0.264,0.006,10.0,12.00,33.0
126.1472,2954,23,move,8,126.1472,126.1554,0,0.088,0.439,0.264,0.176,0.527,0.088,-1.055,0.176,1.143,0.088,0.439,0.088,0.088,0.176,0.088,0.088,0.527,0.264,0.088,0.439,0.264,0.176,0.527,0.088,-1.055,0.176,-2.511,0.088,0.439,0.088,0.088,0.176,0.088,0.088,0.527,0.264,0.000,3.2,12.00,33.0
126.1872,2955,23,move,8,126.1872,126.1952,0,0.088,0.439,0.264,0.176,0.527,0.088,-1.055,0.176,1.143,0.088,0.439,0.088,0.088,0.176,0.088,0.088,0.527,0.264,0.088,0.439,0.264,0.176,0.527,0.088,-1.055,0.176,-3.718,0.088,0.439,0.088,0.088,0.176,0.088,0.088,0.527,0.264,0.000,3.2,12.00,33.0
126.2272,2956,23,move,8,126.2272,126.2352,0,0.088,0.439,0.264,0.176,0.527,0.088,-1.055,0.176,0.791,0.088,0.439,0.088,0.088,0.176,0.088,0.088,0.527,0.264,0.088,0.439,0.264,0.176,0.527,0.088,-1.055,0.176,-4.353,0.088,0.439,0.088,0.088,0.176,0.088,0.088,0.527,0.264,0.000,3.2,12.00,33.0
126.2672,2957,23,move,8,126.2672,126.2757,0,0.088,0.439,0.264,0.176,0.527,0.088,-1.055,0.176,0.439,0.088,0.439,0.088,0.088,0.176,0.088,0.088,0.527,0.264,0.088,0.439,0.264,0.176,0.527,0.088,-1.055,0.176,-4.259,0.088,0.439,0.088,0.088,0.176,0.088,0.088,0.527,0.264,0.033,18.4,12.00,33.0
126.3072,2958,23,move,8,126.3072,126.3159,0,0.088,0.439,0.264,0.176,0.527,0.088,-1.055,0.176,-0.791,0.088,0.439,0.088,0.088,0.176,0.088,0.088,0.527,0.264,0.088,0.439,0.264,0.176,0.527,0.088,-1.055,0.176,-3.460,0.088,0.439,0.088,0.088,0.176,0.088,0.088,0.527,0.264,0.033,18.4,12.00,33.0
126.3472,2959,23,move,8,126.3472,126.3555,0,0.088,0.439,0.264,0.176,0.527,0.088,-1.055,0.176,-1.934,0.088,0.439,0.088,0.088,0.176,0.088,0.088,0.527,0.264,0.088,0.439,0.264,0.176,0.527,0.088,-1.055,0.176,-2.152,0.088,0.439,0.088,0.088,0.176,0.088,0.088,0.527,0.264,0.033,18.4,12.00,33.0
126.3874,2960,23,move,8,126.3874,126.3960,0,0.088,0.439,0.264,0.176,0.527,0.088,-1.055,0.176,-2.812,0.088,0.439,0.088,0.088,0.176,0.088,0.088,0.527,0.264,0.088,0.439,0.264,0.176,0.527,0.088,-1.055,0.176,-0.660,0.088,0.439,0.088,0.088,0.176,0.088,0.088,0.527,0.264,0.013,10.4,12.00,33.0
126.4274,2961,23,move,8,126.4274,126.4360,0,0.088,0.439,0.264,0.176,0.527,0.088,-1.055,0.176,-3.428,0.088,0.439,0.088,0.088,0.176,0.088,0.088,0.527,0.264,0.088,0.439,0.264,0.176,0.527,0.088,-1.055,0.176,0.647,0.088,0.439,0.088,0.088,0.176,0.088,0.088,0.527,0.264,0.013,10.4,12.00,33.0
126.4674,2962,23,move,8,126.4674,126.4761,0,0.088,0.439,0.264,0.176,0.527,0.088,-1.055,0.176,-3.604,0.088,0.439,0.088,0.088,0.176,0.088,0.088,0.527,0.264,0.088,0.439,0.264,0.176,0.527,0.088,-1.055,0.176,1.447,0.088,0.439,0.088,0.088,0.176,0.088,0.088,0.527,0.264,0.013,10.4,12.00,33.0
126.5072,2963,23,move,8,126.5072,126.5157,0,0.088,0.439,0.264,0.176,0.527,0.088,-1.055,0.176,-3.691,0.088,0.439,0.088,0.088,0.176,0.088,0.088,0.527,0.264,0.088,0.439,0.264,0.176,0.527,0.088,-1.055,0.176,1.541,0.088,0.439,0.088,0.088,0.176,0.088,0.088,0.527,0.264,0.006,5.6,12.00,33.0
126.5491,2964,23,move,8,126.5491,126.5567,0,0.088,0.439,0.264,0.176,0.527,0.088,-1.055,0.176,-3.252,0.088,0.439,0.088,0.088,0.176,0.088,0.088,0.527,0.264,0.088,0.439,0.264,0.176,0.527,0.088,-1.055,0.176,0.905,0.088,0.439,0.088,0.088,0.176,0.088,0.088,0.527,0.264,0.006,5.6,12.00,33.0
126.5872,2965,23,move,8,126.5872,126.5947,0,0.088,0.439,0.264,0.176,0.527,0.088,-1.055,0.176,-2.637,0.088,0.439,0.088,0.088,0.176,0.088,0.088,0.527,0.264,0.088,0.439,0.264,0.176,0.527,0.088,-1.055,0.176,-0.302,0.088,0.439,0.088,0.088,0.176,0.088,0.088,0.527,0.264,0.006,5.6,12.00,33.0
126.6272,2966,23,move,8,126.6272,126.6352,0,0.088,0.439,0.264,0.176,0.527,0.088,-1.055,0.176,-1.846,0.088,0.439,0.088,0.088,0.176,0.088,0.088,0.527,0.264,0.088,0.439,0.264,0.176,0.527,0.088,-1.055,0.176,-1.782,0.088,0.439,0.088,0.088,0.176,0.088,0.088,0.527,0.264,0.006,14.4,12.00,33.0
126.6674,2967,23,move,8,126.6674,126.6753,0,0.088,0.439,0.264,0.176,0.527,0.088,-1.055,0.176,-0.703,0.088,0.439,0.088,0.088,0.176,0.088,0.088,0.527,0.264,0.088,0.439,0.264,0.176,0.527,0.088,-1.055,0.176,-3.170,0.088,0.439,0.088,0.088,0.176,0.088,0.088,0.527,0.264,0.006,14.4,12.00,33.0
126.7074,2968,23,move,8,126.7074,126.7246,0,0.088,0.439,0.264,0.176,0.527,0.088,-1.055,0.176,0.088,0.088,0.439,0.088,0.088,0.176,0.088,0.088,0.527,0.264,0.088,0.439,0.264,0.176,0.527,0.088,-1.055,0.176,-4.121,0.088,0.439,0.088,0.088,0.176,0.088,0.088,0.527,0.264,0.006,14.4,12.00,33.0
126.7472,2969,23,move,8,126.7472,126.7553,0,0.088,0.439,0.264,0.176,0.527,0.088,-1.055,0.176,0.352,0.088,0.439,0.088,0.088,0.176,0.088,0.088,0.527,0.264,0.088,0.439,0.264,0.176,0.527,0.088,-1.055,0.176,-4.400,0.088,0.439,0.088,0.088,0.176,0.088,0.088,0.527,0.264,0.000,2.0,12.00,33.0
126.7872,2970,23,move,8,126.7872,126.7952,0,0.088,0.439,0.264,0.176,0.527,0.088,-1.055,0.176,0.352,0.088,0.439,0.088,0.088,0.176,0.088,0.088,0.527,0.264,0.088,0.439,0.264,0.176,0.527,0.088,-1.055,0.176,-3.939,0.088,0.439,0.088,0.088,0.176,0.088,0.088,0.527,0.264,0.000,2.0,12.00,33.0
126.8274,2971,23,move,8,126.8274,126.8355,0,0.088,0.439,0.264,0.176,0.527,0.088,-1.055,0.176,0.088,0.088,0.439,0.088,0.088,0.176,0.088,0.088,0.527,0.264,0.088,0.439,0.264,0.176,0.527,0.088,-1.055,0.176,-2.852,0.088,0.439,0.088,0.088,0.176,0.088,0.088,0.527,0.264,0.000,2.0,12.00,33.0
126.8674,2972,23,move,8,126.8674,126.8754,0,0.088,0.439,0.264,0.176,0.527,0.088,-1.055,0.176,-0.176,0.088,0.439,0.088,0.088,0.176,0.088,0.088,0.527,0.264,0.088,0.439,0.264,0.176,0.527,0.088,-1.055,0.176,-1.406,0.088,0.439,0.088,0.088,0.176,0.088,0.088,0.527,0.264,0.026,15.2,12.00,33.0
126.9074,2973,23,move,8,126.9074,126.9154,0,0.088,0.439,0.264,0.176,0.527,0.088,-1.055,0.176,-1.230,0.088,0.439,0.088,0.088,0.176,0.088,0.088,0.527,0.264,0.088,0.439,0.264,0.176,0.527,0.088,-1.055,0.176,0.039,0.088,0.439,0.088,0.088,0.176,0.088,0.088,0.527,0.264,0.026,15.2,12.00,33.0
126.9474,2974,23,move,8,126.9474,126.9554,0,0.088,0.439,0.264,0.176,0.527,0.088,-1.055,0.176,-1.846,0.088,0.439,0.088,0.088,0.176,0.088,0.088,0.527,0.264,0.088,0.439,0.264,0.176,0.527,0.088,-1.055,0.176,1.127,0.088,0.439,0.088,0.088,0.176,0.088,0.088,0.527,0.264,0.026,15.2,12.00,33.0
126.9872,2975,23,move,8,126.9872,126.9952,0,0.088,0.439,0.264,0.176,0.527,0.088,-1.055,0.176,-2.285,0.088,0.439,0.088,0.088,0.176,0.088,0.088,0.527,0.264,0.088,0.439,0.264,0.176,0.527,0.088,-1.055,0.176,1.588,0.088,0.439,0.088,0.088,0.176,0.088,0.088,0.527,0.264,0.000,2.8,12.00,33.0
127.0274,2976,23,move,8,127.0274,127.0357,0,0.088,0.439,0.264,0.176,0.527,0.088,-1.055,0.176,-2.285,0.088,0.439,0.088,0.088,0.176,0.088,0.088,0.527,0.264,0.088,0.439,0.264,0.176,0.527,0.088,-1.055,0.176,1.308,0.088,0.439,0.088,0.088,0.176,0.088,0.088,0.527,0.264,0.000,2.8,12.00,33.0
127.0674,2977,23,move,8,127.0674,127.0760,0,0.088,0.439,0.264,0.176,0.527,0.088,-1.055,0.176,-2.197,0.088,0.439,0.088,0.088,0.176,0.088,0.088,0.527,0.264,0.088,0.439,0.264,0.176,0.527,0.088,-1.055,0.176,0.357,0.088,0.439,0.088,0.088,0.176,0.088,0.088,0.527,0.264,0.000,2.8,12.00,33.0
127.1072,2978,23,move,8,127.1072,127.1154,0,0.088,0.439,0.264,0.176,0.527,0.088,-1.055,0.176,-1.494,0.088,0.439,0.088,0.088,0.176,0.088,0.088,0.527,0.264,0.088,0.439,0.264,0.176,0.527,0.088,-1.055,0.176,-1.030,0.088,0.439,0.088,0.088,0.176,0.088,0.088,0.527,0.264,0.006,9.2,12.00,33.0
127.1474,2979,23,move,8,127.1474,127.1556,0,0.088,0.439,0.264,0.176,0.527,0.088,-1.055,0.176,-1.318,0.088,0.439,0.088,0.088,0.176,0.088,0.088,0.527,0.264,0.088,0.439,0.264,0.176,0.527,0.088,-1.055,0.176,-2.511,0.088,0.439,0.088,0.088,0.176,0.088,0.088,0.527,0.264,0.006,9.2,12.00,33.0
127.1871,2980,23,move,8,127.1871,127.1952,0,0.088,0.439,0.264,0.176,0.527,0.088,-1.055,0.176,-0.352,0.088,0.439,0.088,0.088,0.176,0.088,0.088,0.527,0.264,0.088,0.439,0.264,0.176,0.527,0.088,-1.055,0.176,-3.718,0.088,0.439,0.088,0.088,0.176,0.088,0.088,0.527,0.264,0.006,9.2,12.00,33.0
127.2274,2981,23,move,8,127.2274,127.2354,0,0.088,0.439,0.264,0.176,0.527,0.088,-1.055,0.176,-0.176,0.088,0.439,0.088,0.088,0.176,0.088,0.088,0.527,0.264,0.088,0.439,0.264,0.176,0.527,0.088,-1.055,0.176,-4.353,0.088,0.439,0.088,0.088,0.176,0.088,0.088,0.527,0.264,0.000,2.4,12.00,33.0
127.2674,2982,23,move,8,127.2674,127.2755,0,0.088,0.439,0.264,0.176,0.527,0.088,-1.055,0.176,-0.176,0.088,0.439,0.088,0.088,0.176,0.088,0.088,0.527,0.264,0.088,0.439,0.264,0.176,0.527,0.088,-1.055,0.176,-4.259,0.088,0.439,0.088,0.088,0.176,0.088,0.088,0.527,0.264,0.000,2.4,12.00,33.0
127.3072,2983,23,move,8,127.3072,127.3153,0,0.088,0.439,0.264,0.176,0.527,0.088,-1.055,0.176,-0.615,0.088,0.439,0.088,0.088,0.176,0.088,0.088,0.527,0.264,0.088,0.439,0.264,0.176,0.527,0.088,-1.055,0.176,-3.460,0.088,0.439,0.088,0.088,0.176,0.088,0.088,0.527,0.264,0.000,2.4,12.00,33.0
127.3474,2984,23,move,8,127.3474,127.3557,0,0.088,0.439,0.264,0.176,0.527,0.088,-1.055,0.176,-1.143,0.088,0.439,0.088,0.088,0.176,0.088,0.088,0.527,0.264,0.088,0.439,0.264,0.176,0.527,0.088,-1.055,0.176,-2.152,0.088,0.439,0.088,0.088,0.176,0.088,0.088,0.527,0.264,0.013,14.0,12.00,33.0
127.3872,2985,23,move,8,127.3872,127.3956,0,0.088,0.439,0.264,0.176,0.527,0.088,-1.055,0.176,-2.109,0.088,0.439,0.088,0.088,0.176,0.088,0.088,0.527,0.264,0.088,0.439,0.264,0.176,0.527,0.088,-1.055,0.176,-0.660,0.088,0.439,0.088,0.088,0.176,0.088,0.088,0.527,0.264,0.013,14.0,12.00,33.0
127.4272,2986,23,move,8,127.4272,127.4352,0,0.088,0.439,0.264,0.176,0.527,0.088,-1.055,0.176,-2.637,0.088,0.439,0.088,0.088,0.176,0.088,0.088,0.527,0.264,0.088,0.439,0.264,0.176,0.527,0.088,-1.055,0.176,0.647,0.088,0.439,0.088,0.088,0.176,0.088,0.088,0.527,0.264,0.013,14.0,12.00,33.0
127.4672,2987,23,move,8,127.4672,127.4750,0,0.088,0.439,0.264,0.176,0.527,0.088,-1.055,0.176,-2.900,0.088,0.439,0.088,0.088,0.176,0.088,0.088,0.527,0.264,0.088,0.439,0.264,0.176,0.527,0.088,-1.055,0.176,1.447,0.088,0.439,0.088,0.088,0.176,0.088,0.088,0.527,0.264,0.000,2.0,12.00,33.0
127.5072,2988,23,move,8,127.5072,127.5153,0,0.088,0.439,0.264,0.176,0.527,0.088,-1.055,0.176,-2.812,0.088,0.439,0.088,0.088,0.176,0.088,0.088,0.527,0.264,0.088,0.439,0.264,0.176,0.527,0.088,-1.055,0.176,1.541,0.088,0.439,0.088,0.088,0.176,0.088,0.088,0.527,0.264,0.000,2.0,12.00,33.0
127.5471,2989,23,move,8,127.5471,127.5596,0,0.088,0.439,0.264,0.176,0.527,0.088,-1.055,0.176,-2.461,0.088,0.439,0.088,0.088,0.176,0.088,0.088,0.527,0.264,0.088,0.439,0.264,0.176,0.527,0.088,-1.055,0.176,0.905,0.088,0.439,0.088,0.088,0.176,0.088,0.088,0.527,0.264,0.000,2.0,12.00,33.0
127.5872,2990,23,move,8,127.5872,127.5958,0,0.088,0.439,0.264,0.176,0.527,0.088,-1.055,0.176,-1.846,0.088,0.439,0.088,0.088,0.176,0.088,0.088,0.527,0.264,0.088,0.439,0.264,0.176,0.527,0.088,-1.055,0.176,-0.302,0.088,0.439,0.088,0.088,0.176,0.088,0.088,0.527,0.264,0.013,12.8,12.00,33.0
127.6272,2991,23,move,8,127.6272,127.6352,0,0.088,0.439,0.264,0.176,0.527,0.088,-1.055,0.176,-1.230,0.088,0.439,0.088,0.088,0.176,0.088,0.088,0.527,0.264,0.088,0.439,0.264,0.176,0.527,0.088,-1.055,0.176,-1.782,0.088,0.439,0.088,0.088,0.176,0.088,0.088,0.527,0.264,0.013,12.8,12.00,33.0
127.6674,2992,23,move,8,127.6674,127.6755,0,0.088,0.439,0.264,0.176,0.527,0.088,-1.055,0.176,-0.264,0.088,0.439,0.088,0.088,0.176,0.088,0.088,0.527,0.264,0.088,0.439,0.264,0.176,0.527,0.088,-1.055,0.176,-3.170,0.088,0.439,0.088,0.088,0.176,0.088,0.088,0.527,0.264,0.013,12.8,12.00,33.0
127.7074,2993,23,move,8,127.7074,127.7154,0,0.088,0.439,0.264,0.176,0.527,0.088,-1.055,0.176,0.264,0.088,0.439,0.088,0.088,0.176,0.088,0.088,0.527,0.264,0.088,0.439,0.264,0.176,0.527,0.088,-1.055,0.176,-4.121,0.088,0.439,0.088,0.088,0.176,0.088,0.088,0.527,0.264,0.000,4.0,12.00,33.0
127.7472,2994,23,move,8,127.7472,127.7552,0,0.088,0.439,0.264,0.176,0.527,0.088,-1.055,0.176,0.352,0.088,0.439,0.088,0.088,0.176,0.088,0.088,0.527,0.264,0.088,0.439,0.264,0.176,0.527,0.088,-1.055,0.176,-4.400,0.088,0.439,0.088,0.088,0.176,0.088,0.088,0.527,0.264,0.000,4.0,12.00,33.0
127.7874,2995,23,move,8,127.7874,127.7958,0,0.088,0.439,0.264,0.176,0.527,0.088,-1.055,0.176,0.264,0.088,0.439,0.088,0.088,0.176,0.088,0.088,0.527,0.264,0.088,0.439,0.264,0.176,0.527,0.088,-1.055,0.176,-3.939,0.088,0.439,0.088,0.088,0.176,0.088,0.088,0.527,0.264,0.000,4.0,12.00,33.0
127.8274,2996,23,move,8,127.8274,127.8354,0,0.088,0.439,0.264,0.176,0.527,0.088,-1.055,0.176,-0.176,0.088,0.439,0.088,0.088,0.176,0.088,0.088,0.527,0.264,0.088,0.439,0.264,0.176,0.527,0.088,-1.055,0.176,-2.852,0.088,0.439,0.088,0.088,0.176,0.088,0.088,0.527,0.264,0.026,12.8,12.00,33.0
127.8674,2997,23,move,8,127.8674,127.8756,0,0.088,0.439,0.264,0.176,0.527,0.088,-1.055,0.176,-0.879,0.088,0.439,0.088,0.088,0.176,0.088,0.088,0.527,0.264,0.088,0.439,0.264,0.176,0.527,0.088,-1.055,0.176,-1.406,0.088,0.439,0.088,0.088,0.176,0.088,0.088,0.527,0.264,0.026,12.8,12.00,33.0
127.9074,2998,23,move,8,127.9074,127.9152,0,0.088,0.439,0.264,0.176,0.527,0.088,-1.055,0.176,-1.846,0.088,0.439,0.088,0.088,0.176,0.088,0.088,0.527,0.264,0.088,0.439,0.264,0.176,0.527,0.088,-1.055,0.176,0.039,0.088,0.439,0.088,0.088,0.176,0.088,0.088,0.527,0.264,0.026,12.8,12.00,33.0
127.9474,2999,23,move,8,127.9474,127.9560,0,0.088,0.439,0.264,0.176,0.527,0.088,-1.055,0.176,-2.461,0.088,0.439,0.088,0.088,0.176,0.088,0.088,0.527,0.264,0.088,0.439,0.264,0.176,0.527,0.088,-1.055,0.176,1.127,0.088,0.439,0.088,0.088,0.176,0.088,0.088,0.527,0.264,0.013,7.6,12.00,33.0
127.9871,3000,23,move,8,127.9871,127.9956,0,0.088,0.439,0.264,0.176,0.527,0.088,-1.055,0.176,-2.637,0.088,0.439,0.088,0.088,0.176,0.088,0.088,0.527,0.264,0.088,0.439,0.264,0.176,0.527,0.088,-1.055,0.176,1.588,0.088,0.439,0.088,0.088,0.176,0.088,0.088,0.527,0.264,0.013,7.6,12.00,33.0
128.0274,3001,23,move,8,128.0274,128.0360,0,0.088,0.439,0.264,0.176,0.527,0.088,-1.055,0.176,-2.637,0.088,0.439,0.088,0.088,0.176,0.088,0.088,0.527,0.264,0.088,0.439,0.264,0.176,0.527,0.088,-1.055,0.176,1.308,0.088,0.439,0.088,0.088,0.176,0.088,0.088,0.527,0.264,0.013,7.6,12.00,33.0
128.0674,3002,23,move,8,128.0674,128.0760,0,0.088,0.439,0.264,0.176,0.527,0.088,-1.055,0.176,-2.373,0.088,0.439,0.088,0.088,0.176,0.088,0.088,0.527,0.264,0.088,0.439,0.264,0.176,0.527,0.088,-1.055,0.176,0.357,0.088,0.439,0.088,0.088,0.176,0.088,0.088,0.527,0.264,0.013,8.8,12.00,33.0
128.1074,3003,23,move,8,128.1074,128.1159,0,0.088,0.439,0.264,0.176,0.527,0.088,-1.055,0.176,-1.670,0.088,0.439,0.088,0.088,0.176,0.088,0.088,0.527,0.264,0.088,0.439,0.264,0.176,0.527,0.088,-1.055,0.176,-1.030,0.088,0.439,0.088,0.088,0.176,0.088,0.088,0.527,0.264,0.013,8.8,12.00,33.0
128.1474,3004,23,move,8,128.1474,128.1554,0,0.088,0.439,0.264,0.176,0.527,0.088,-1.055,0.176,-1.318,0.088,0.439,0.088,0.088,0.176,0.088,0.088,0.527,0.264,0.088,0.439,0.264,0.176,0.527,0.088,-1.055,0.176,-2.511,0.088,0.439,0.088,0.088,0.176,0.088,0.088,0.527,0.264,0.013,8.8,12.00,33.0
128.1872,3005,23,move,8,128.1872,128.1950,0,0.088,0.439,0.264,0.176,0.527,0.088,-1.055,0.176,-0.439,0.088,0.439,0.088,0.088,0.176,0.088,0.088,0.527,0.264,0.088,0.439,0.264,0.176,0.527,0.088,-1.055,0.176,-3.718,0.088,0.439,0.088,0.088,0.176,0.088,0.088,0.527,0.264,0.006,5.6,12.00,33.0
128.2274,3006,23,move,8,128.2274,128.2358,0,0.088,0.439,0.264,0.176,0.527,0.088,-1.055,0.176,-0.176,0.088,0.439,0.088,0.088,0.176,0.088,0.088,0.527,0.264,0.088,0.439,0.264,0.176,0.527,0.088,-1.055,0.176,-4.353,0.088,0.439,0.088,0.088,0.176,0.088,0.088,0.527,0.264,0.006,5.6,12.00,33.0
128.2674,3007,23,move,8,128.2674,128.2756,0,0.088,0.439,0.264,0.176,0.527,0.088,-1.055,0.176,-0.264,0.088,0.439,0.088,0.088,0.176,0.088,0.088,0.527,0.264,0.088,0.439,0.264,0.176,0.527,0.088,-1.055,0.176,-4.259,0.088,0.439,0.088,0.088,0.176,0.088,0.088,0.527,0.264,0.006,5.6,12.00,33.0
128.3074,3008,23,move,8,128.3074,128.3159,0,0.088,0.439,0.264,0.176,0.527,0.088,-1.055,0.176,-0.527,0.088,0.439,0.088,0.088,0.176,0.088,0.088,0.527,0.264,0.088,0.439,0.264,0.176,0.527,0.088,-1.055,0.176,-3.460,0.088,0.439,0.088,0.088,0.176,0.088,0.088,0.527,0.264,0.013,10.4,12.00,33.0
128.3474,3009,23,move,8,128.3474,128.3559,0,0.088,0.439,0.264,0.176,0.527,0.088,-1.055,0.176,-0.879,0.088,0.439,0.088,0.088,0.176,0.088,0.088,0.527,0.264,0.088,0.439,0.264,0.176,0.527,0.088,-1.055,0.176,-2.152,0.088,0.439,0.088,0.088,0.176,0.088,0.088,0.527,0.264,0.013,10.4,12.00,33.0
128.3872,3010,23,move,8,128.3872,128.3955,0,0.088,0.439,0.264,0.176,0.527,0.088,-1.055,0.176,-1.934,0.088,0.439,0.088,0.088,0.176,0.088,0.088,0.527,0.264,0.088,0.439,0.264,0.176,0.527,0.088,-1.055,0.176,-0.660,0.088,0.439,0.088,0.088,0.176,0.088,0.088,0.527,0.264,0.013,10.4,12.00,33.0
128.4274,3011,23,move,8,128.4274,128.4356,0,0.088,0.439,0.264,0.176,0.527,0.088,-1.055,0.176,-2.549,0.088,0.439,0.088,0.088,0.176,0.088,0.088,0.527,0.264,0.088,0.439,0.264,0.176,0.527,0.088,-1.055,0.176,0.647,0.088,0.439,0.088,0.088,0.176,0.088,0.088,0.527,0.264,0.006,8.0,12.00,33.0
128.4674,3012,23,move,8,128.4674,128.4760,0,0.088,0.439,0.264,0.176,0.527,0.088,-1.055,0.176,-2.900,0.088,0.439,0.088,0.088,0.176,0.088,0.088,0.527,0.264,0.088,0.439,0.264,0.176,0.527,0.088,-1.055,0.176,1.447,0.088,0.439,0.088,0.088,0.176,0.088,0.088,0.527,0.264,0.006,8.0,12.00,33.0
128.5071,3013,23,move,8,128.5071,128.5156,0,0.088,0.439,0.264,0.176,0.527,0.088,-1.055,0.176,-2.900,0.088,0.439,0.088,0.088,0.176,0.088,0.088,0.527,0.264,0.088,0.439,0.264,0.176,0.527,0.088,-1.055,0.176,1.541,0.088,0.439,0.088,0.088,0.176,0.088,0.088,0.527,0.264,0.006,8.0,12.00,33.0
128.5475,3014,23,move,8,128.5475,128.5555,0,0.088,0.439,0.264,0.176,0.527,0.088,-1.055,0.176,-2.549,0.088,0.439,0.088,0.088,0.176,0.088,0.088,0.527,0.264,0.088,0.439,0.264,0.176,0.527,0.088,-1.055,0.176,0.905,0.088,0.439,0.088,0.088,0.176,0.088,0.088,0.527,0.264,0.013,8.4,12.00,33.0
128.5874,3015,23,move,8,128.5874,128.5954,0,0.088,0.439,0.264,0.176,0.527,0.088,-1.055,0.176,-1.934,0.088,0.439,0.088,0.088,0.176,0.088,0.088,0.527,0.264,0.088,0.439,0.264,0.176,0.527,0.088,-1.055,0.176,-0.302,0.088,0.439,0.088,0.088,0.176,0.088,0.088,0.527,0.264,0.013,8.4,12.00,33.0
128.6274,3016,23,move,8,128.6274,128.6351,0,0.088,0.439,0.264,0.176,0.527,0.088,-1.055,0.176,-1.406,0.088,0.439,0.088,0.088,0.176,0.088,0.088,0.527,0.264,0.088,0.439,0.264,0.176,0.527,0.088,-1.055,0.176,-1.782,0.088,0.439,0.088,0.088,0.176,0.088,0.088,0.527,0.264,0.013,8.4,12.00,33.0
128.6674,3017,23,move,8,128.6674,128.6756,0,0.088,0.439,0.264,0.176,0.527,0.088,-1.055,0.176,-0.352,0.088,0.439,0.088,0.088,0.176,0.088,0.088,0.527,0.264,0.088,0.439,0.264,0.176,0.527,0.088,-1.055,0.176,-3.170,0.088,0.439,0.088,0.088,0.176,0.088,0.088,0.527,0.264,0.000,8.0,12.00,33.0
128.7074,3018,23,move,8,128.7074,128.7156,0,0.088,0.439,0.264,0.176,0.527,0.088,-1.055,0.176,0.264,0.088,0.439,0.088,0.088,0.176,0.088,0.088,0.527,0.264,0.088,0.439,0.264,0.176,0.527,0.088,-1.055,0.176,-4.121,0.088,0.439,0.088,0.088,0.176,0.088,0.088,0.527,0.264,0.000,8.0,12.00,33.0
128.7474,3019,23,move,8,128.7474,128.7560,0,0.088,0.439,0.264,0.176,0.527,0.088,-1.055,0.176,0.352,0.088,0.439,0.088,0.088,0.176,0.088,0.088,0.527,0.264,0.088,0.439,0.264,0.176,0.527,0.088,-1.055,0.176,-4.400,0.088,0.439,0.088,0.088,0.176,0.088,0.088,0.527,0.264,0.000,8.0,12.00,33.0
128.7874,3020,23,move,8,128.7874,128.7960,0,0.088,0.439,0.264,0.176,0.527,0.088,-1.055,0.176,0.264,0.088,0.439,0.088,0.088,0.176,0.088,0.088,0.527,0.264,0.088,0.439,0.264,0.176,0.527,0.088,-1.055,0.176,-3.939,0.088,0.439,0.088,0.088,0.176,0.088,0.088,0.527,0.264,0.013,7.2,12.00,33.0
128.8272,3021,23,move,8,128.8272,128.8360,0,0.088,0.439,0.264,0.176,0.527,0.088,-1.055,0.176,-0.176,0.088,0.439,0.088,0.088,0.176,0.088,0.088,0.527,0.264,0.088,0.439,0.264,0.176,0.527,0.088,-1.055,0.176,-2.852,0.088,0.439,0.088,0.088,0.176,0.088,0.088,0.527,0.264,0.013,7.2,12.00,33.0
128.8672,3022,23,rest,8,128.8672,128.8756,0,0.088,0.439,0.264,0.176,0.527,0.088,-1.055,0.176,-0.615,0.088,0.439,0.088,0.088,0.176,0.088,0.088,0.527,0.264,0.088,0.439,0.264,0.176,0.527,0.088,-1.055,0.176,-1.406,0.088,0.439,0.088,0.088,0.176,0.088,0.088,0.527,0.264,0.013,7.2,12.00,33.0
128.9074,3023,23,rest,8,128.9074,128.9160,0,0.088,0.439,0.264,0.176,0.527,0.088,-1.055,0.176,-1.582,0.088,0.439,0.088,0.088,0.176,0.088,0.088,0.527,0.264,0.088,0.439,0.264,0.176,0.527,0.088,-1.055,0.176,-1.406,0.088,0.439,0.088,0.088,0.176,0.088,0.088,0.527,0.264,0.013,8.8,12.00,33.0
128.9472,3024,23,rest,8,128.9472,128.9558,0,0.088,0.439,0.264,0.176,0.527,0.088,-1.055,0.176,-2.109,0.088,0.439,0.088,0.088,0.176,0.088,0.088,0.527,0.264,0.088,0.439,0.264,0.176,0.527,0.088,-1.055,0.176,-1.406,0.088,0.439,0.088,0.088,0.176,0.088,0.088,0.527,0.264,0.013,8.8,12.00,33.0
128.9872,3025,23,rest,8,128.9872,128.9958,0,0.088,0.439,0.264,0.176,0.527,0.088,-1.055,0.176,-2.285,0.088,0.439,0.088,0.088,0.176,0.088,0.088,0.527,0.264,0.088,0.439,0.264,0.176,0.527,0.088,-1.055,0.176,-1.406,0.088,0.439,0.088,0.088,0.176,0.088,0.088,0.527,0.264,0.013,8.8,12.00,33.0
129.0271,3026,23,rest,8,129.0271,129.0356,0,0.088,0.439,0.264,0.176,0.527,0.088,-1.055,0.176,-2.373,0.088,0.439,0.088,0.088,0.176,0.088,0.088,0.527,0.264,0.088,0.439,0.264,0.176,0.527,0.088,-1.055,0.176,-1.406,0.088,0.439,0.088,0.088,0.176,0.088,0.088,0.527,0.264,0.006,6.4,12.00,33.0
129.0672,3027,23,rest,8,129.0672,129.0758,0,0.088,0.439,0.264,0.176,0.527,0.088,-1.055,0.176,-1.934,0.088,0.439,0.088,0.088,0.176,0.088,0.088,0.527,0.264,0.088,0.439,0.264,0.176,0.527,0.088,-1.055,0.176,-1.406,0.088,0.439,0.088,0.088,0.176,0.088,0.088,0.527,0.264,0.006,6.4,12.00,33.0
129.1071,3028,23,rest,8,129.1071,129.1157,0,0.088,0.439,0.264,0.176,0.527,0.088,-1.055,0.176,-1.670,0.088,0.439,0.088,0.088,0.176,0.088,0.088,0.527,0.264,0.088,0.439,0.264,0.176,0.527,0.088,-1.055,0.176,-1.406,0.088,0.439,0.088,0.088,0.176,0.088,0.088,0.527,0.264,0.006,6.4,12.00,33.0
129.1472,3029,23,rest,8,129.1472,129.1558,0,0.088,0.439,0.264,0.176,0.527,0.088,-1.055,0.176,-1.582,0.088,0.439,0.088,0.088,0.176,0.088,0.088,0.527,0.264,0.088,0.439,0.264,0.176,0.527,0.088,-1.055,0.176,-1.406,0.088,0.439,0.088,0.088,0.176,0.088,0.088,0.527,0.264,0.000,2.4,12.00,33.0
129.1872,3030,23,rest,8,129.1872,129.1956,0,0.088,0.439,0.264,0.176,0.527,0.088,-1.055,0.176,-1.494,0.088,0.439,0.088,0.088,0.176,0.088,0.088,0.527,0.264,0.088,0.439,0.264,0.176,0.527,0.088,-1.055,0.176,-1.406,0.088,0.439,0.088,0.088,0.176,0.088,0.088,0.527,0.264,0.000,2.4,12.00,33.0
129.2274,3031,23,rest,8,129.2274,129.2360,0,0.088,0.439,0.264,0.176,0.527,0.088,-1.055,0.176,-1.494,0.088,0.439,0.088,0.088,0.176,0.088,0.088,0.527,0.264,0.088,0.439,0.264,0.176,0.527,0.088,-1.055,0.176,-1.406,0.088,0.439,0.088,0.088,0.176,0.088,0.088,0.527,0.264,0.000,2.4,12.00,33.0
129.2672,3032,23,rest,8,129.2672,129.2754,0,0.088,0.439,0.264,0.176,0.527,0.088,-1.055,0.176,-1.494,0.088,0.439,0.088,0.088,0.176,0.088,0.088,0.527,0.264,0.088,0.439,0.264,0.176,0.527,0.088,-1.055,0.176,-1.406,0.088,0.439,0.088,0.088,0.176,0.088,0.088,0.527,0.264,0.000,0.0,12.00,32.0
129.3072,3033,23,rest,8,129.3072,129.3150,0,0.088,0.439,0.264,0.176,0.527,0.088,-1.055,0.176,-1.494,0.088,0.439,0.088,0.088,0.176,0.088,0.088,0.527,0.264,0.088,0.439,0.264,0.176,0.527,0.088,-1.055,0.176,-1.406,0.088,0.439,0.088,0.088,0.176,0.088,0.088,0.527,0.264,0.000,0.0,12.00,32.0
129.3472,3034,23,rest,8,129.3472,129.3554,0,0.088,0.439,0.264,0.176,0.527,0.088,-1.055,0.176,-1.494,0.088,0.439,0.088,0.088,0.176,0.088,0.088,0.527,0.264,0.088,0.439,0.264,0.176,0.527,0.088,-1.055,0.176,-1.406,0.088,0.439,0.088,0.088,0.176,0.088,0.088,0.527,0.264,0.000,0.0,12.00,32.0
129.3872,3035,23,rest,8,129.3872,129.3954,0,0.088,0.439,0.264,0.176,0.527,0.088,-1.055,0.176,-1.494,0.088,0.439,0.088,0.088,0.176,0.088,0.088,0.527,0.264,0.088,0.439,0.264,0.176,0.527,0.088,-1.055,0.176,-1.406,0.088,0.439,0.088,0.088,0.176,0.088,0.088,0.527,0.264,0.000,0.0,12.00,33.0
129.4271,3036,23,rest,8,129.4271,129.4353,0,0.088,0.439,0.264,0.176,0.527,0.088,-1.055,0.176,-1.494,0.088,0.439,0.088,0.088,0.176,0.088,0.088,0.527,0.264,0.088,0.439,0.264,0.176,0.527,0.088,-1.055,0.176,-1.406,0.088,0.439,0.088,0.088,0.176,0.088,0.088,0.527,0.264,0.000,0.0,12.00,33.0
129.4674,3037,23,rest,8,129.4674,129.4759,0,0.088,0.439,0.264,0.176,0.527,0.088,-1.055,0.176,-1.494,0.088,0.439,0.088,0.088,0.176,0.088,0.088,0.527,0.264,0.088,0.439,0.264,0.176,0.527,0.088,-1.055,0.176,-1.406,0.088,0.439,0.088,0.088,0.176,0.088,0.088,0.527,0.264,0.000,0.0,12.00,33.0
129.5072,3038,23,rest,8,129.5072,129.5157,0,0.088,0.439,0.264,0.176,0.527,0.088,-1.055,0.176,-1.494,0.088,0.439,0.088,0.088,0.176,0.088,0.088,0.527,0.264,0.088,0.439,0.264,0.176,0.527,0.088,-1.055,0.176,-1.406,0.088,0.439,0.088,0.088,0.176,0.088,0.088,0.527,0.264,0.000,0.0,12.00,33.0
129.5472,3039,23,rest,8,129.5472,129.5558,0,0.088,0.439,0.264,0.176,0.527,0.088,-1.055,0.176,-1.494,0.088,0.439,0.088,0.088,0.176,0.088,0.088,0.527,0.264,0.088,0.439,0.264,0.176,0.527,0.088,-1.055,0.176,-1.406,0.088,0.439,0.088,0.088,0.176,0.088,0.088,0.527,0.264,0.000,0.0,12.00,33.0
129.5872,3040,23,rest,8,129.5872,129.5959,0,0.088,0.439,0.264,0.176,0.527,0.088,-1.055,0.176,-1.494,0.088,0.439,0.088,0.088,0.176,0.088,0.088,0.527,0.264,0.088,0.439,0.264,0.176,0.527,0.088,-1.055,0.176,-1.406,0.088,0.439,0.088,0.088,0.176,0.088,0.088,0.527,0.264,0.000,0.0,12.00,33.0
129.6274,3041,23,rest,8,129.6274,129.6369,0,0.088,0.439,0.264,0.176,0.527,0.088,-1.055,0.176,-1.494,0.088,0.439,0.088,0.088,0.176,0.088,0.088,0.527,0.264,0.088,0.439,0.264,0.176,0.527,0.088,-1.055,0.176,-1.406,0.088,0.439,0.088,0.088,0.176,0.088,0.088,0.527,0.264,0.000,0.0,12.00,33.0
