t_s,phase,roll_deg,pitch_deg,gyro_x_dps,gyro_y_dps,gyro_z_dps,height_ref_mm,vx_ref_mps,vy_ref_mps,max_cur_a,q0_deg,q1_deg,q2_deg,q3_deg,q4_deg,q5_deg,q6_deg,q7_deg,q8_deg,q9_deg,q10_deg,q11_deg,q12_deg,q13_deg,q14_deg,q15_deg,q16_deg,q17_deg,cmd0_deg,cmd1_deg,cmd2_deg,cmd3_deg,cmd4_deg,cmd5_deg,cmd6_deg,cmd7_deg,cmd8_deg,cmd9_deg,cmd10_deg,cmd11_deg,cmd12_deg,cmd13_deg,cmd14_deg,cmd15_deg,cmd16_deg,cmd17_deg,act0,act1,act2,act3,act4,act5,act6,act7,act8,act9,act10,act11,act12,act13,act14,act15,act16,act17,cur0_a,cur1_a,cur2_a,cur3_a,cur4_a,cur5_a,cur6_a,cur7_a,cur8_a,cur9_a,cur10_a,cur11_a,cur12_a,cur13_a,cur14_a,cur15_a,cur16_a,cur17_a,obs0,obs1,obs2,obs3,obs4,obs5,obs6,obs7,obs8,obs9,obs10,obs11,obs12,obs13,obs14,obs15,obs16,obs17,obs18,obs19,obs20,obs21,obs22,obs23,obs24,obs25,obs26,obs27,obs28,obs29,obs30,obs31,obs32,obs33,obs34,obs35,obs36,obs37,obs38,obs39,obs40,obs41,obs42,obs43,obs44,obs45,obs46,obs47,obs48,obs49,obs50,obs51,obs52,obs53,obs54,obs55,obs56,obs57,obs58,obs59,obs60,obs61,obs62,obs63,obs64,obs65,obs66,obs67,rot60_k
0.0,run,0.05,3.33,0.02,0.0,0.12,0.0,0.0,0.0,0.019,0.0,0.44,0.18,0.18,0.44,0.26,0.09,0.18,0.62,0.09,0.44,0.26,-0.09,0.09,0.09,0.0,0.35,0.18,-0.0,-1.15,1.68,1.68,-0.96,1.68,1.59,-1.32,2.03,-1.41,1.85,1.68,1.41,-1.41,1.59,1.5,-1.07,1.68,-0.0001,0.3331,-0.0874,0.1328,0.4371,-0.319,0.1656,-0.0846,-0.2038,-0.2255,0.5728,-0.087,0.0702,-0.032,-0.2556,0.4159,0.4351,-0.1814,0.0,0.006,0.0,0.006,0.006,0.006,0.0,0.013,0.006,0.019,0.0,0.006,0.006,0.019,0.013,0.013,0.006,0.006,0.0,0.0015,0.0,0.0,0.0015,0.0015,0.0,0.0031,0.0015,0.0,0.0015,0.0015,0.0,0.0,0.0,0.0,0.0,0.0,0.0,0.0038,0.0,0.0,0.0038,0.0032,0.0,0.0069,0.0038,0.0,0.0038,0.0032,0.0,0.0,0.0,0.0,0.0,0.0,0.0,0.0,-0.0029,0.0002,0.0019,0.0,0.0,0.0,0.0,0.0,0.0,0.0,0.0,0.0,0.0,0.0,0.0,0.0,0.0,0.0,0.0,0.0,0.0,0.0,0.0,0.0,0.0,0.0,0.0,0.0,0.0,0.0,
0.04,run,0.05,3.33,-0.07,-0.03,-0.01,0.0,0.0,0.0,0.019,0.0,0.44,0.26,0.18,0.44,0.35,0.09,-0.09,0.7,-0.18,0.53,0.26,0.09,-0.18,0.35,0.0,0.35,0.26,-0.46,0.35,3.18,3.18,0.54,3.18,3.09,-2.82,3.53,-2.11,3.35,3.18,2.91,-2.91,3.09,3.0,0.43,3.18,-0.0131,0.5432,-0.2898,0.1651,0.5594,-0.4461,0.1796,0.1611,-0.1711,-0.0603,0.6159,-0.4064,0.137,0.132,-0.0312,0.3355,0.5769,-0.5208,0.0,0.006,0.0,0.006,0.006,0.006,0.0,0.013,0.006,0.019,0.0,0.006,0.006,0.019,0.013,0.013,0.006,0.006,0.0,0.0015,0.0,0.0,0.0015,0.0015,0.0,0.0,0.0015,0.0,0.0015,0.0015,0.0,0.0,0.0,0.0,0.0,0.0,0.0,0.0026,0.0,0.0,0.0026,0.0022,0.0,-0.0002,0.0026,0.0,0.0026,0.0022,0.0,0.0,0.0,0.0,0.0,0.0,-0.0001,0.0,0.0004,0.0001,0.002,-0.0001,0.3331,-0.0874,0.1328,0.4371,-0.319,0.1656,-0.0846,-0.2038,-0.2255,0.5728,-0.087,0.0702,-0.032,-0.2556,0.4159,0.4351,-0.1814,0.0,0.0,0.0,0.0,0.0,0.0,0.0,0.0,0.0,
0.08,run,0.04,3.34,-0.22,0.31,1.64,0.0,0.0,0.0,0.019,0.0,0.0,0.88,0.44,0.0,1.14,0.62,-0.7,1.23,-1.05,1.14,0.97,0.88,-0.88,1.05,1.14,0.0,0.88,-0.37,1.85,4.68,4.68,2.04,4.68,4.59,-4.32,5.03,-0.61,4.85,4.68,4.41,-4.41,4.59,4.5,1.93,4.68,-0.0104,0.6074,-0.3755,0.1901,0.6317,-0.4846,0.2016,0.1749,-0.0913,-0.0165,0.6293,-0.4604,0.1602,0.1745,-0.0838,0.2857,0.558,-0.5136,0.0,0.006,0.0,0.006,0.006,0.006,0.0,0.013,0.006,0.019,0.0,0.006,0.006,0.019,0.013,0.013,0.006,0.006,0.0,0.0015,0.0015,0.0,0.0015,0.0031,0.0,-0.0046,0.0031,-0.0046,0.0031,0.0015,0.0031,-0.0046,0.0046,0.0,0.0,0.0015,0.0,0.0018,0.0058,0.0,0.0018,0.0073,0.0,-0.0174,0.0076,-0.0173,0.0076,0.0016,0.0115,-0.0173,0.0173,0.0,0.0,0.0058,0.0002,-0.0003,-0.0012,-0.0006,-0.0002,-0.0131,0.5432,-0.2898,0.1651,0.5594,-0.4461,0.1796,0.1611,-0.1711,-0.0603,0.6159,-0.4064,0.137,0.132,-0.0312,0.3355,0.5769,-0.5208,0.0,0.0,0.0,0.0,0.0,0.0,0.0,0.0,0.0,
0.12,run,0.03,3.3,-0.84,-1.0,-1.66,0.0,0.0,0.0,0.039,-0.44,-0.35,1.67,1.49,-0.26,2.2,1.58,-1.49,1.58,-1.76,2.02,2.2,1.67,-1.67,2.11,1.93,-0.26,1.67,-0.52,3.35,6.18,6.14,3.54,6.18,6.09,-5.82,6.53,0.03,6.35,6.18,4.99,-5.91,6.09,6.0,3.43,6.18,-0.0149,0.5885,-0.3841,0.1754,0.626,-0.4936,0.1916,0.1815,-0.1215,0.0009,0.6237,-0.475,0.1426,0.1941,-0.1467,0.2716,0.5747,-0.5427,0.006,0.006,0.013,0.013,0.0,0.013,0.019,0.039,0.033,0.006,0.006,0.013,0.013,0.026,0.013,0.039,0.0,0.013,0.0,-0.0061,0.0123,0.0046,-0.0061,0.0169,0.0092,-0.0153,0.0123,-0.0199,0.0138,0.0138,0.0169,-0.0169,0.0169,0.0199,-0.0061,0.0123,0.0,-0.0274,0.0442,0.0172,-0.0274,0.0568,0.0345,-0.0524,0.0398,-0.0695,0.0455,0.047,0.0598,-0.0581,0.0581,0.0747,-0.023,0.0442,-0.0006,0.0007,-0.0039,0.0054,0.0286,-0.0104,0.6074,-0.3755,0.1901,0.6317,-0.4846,0.2016,0.1749,-0.0913,-0.0165,0.6293,-0.4604,0.1602,0.1745,-0.0838,0.2857,0.558,-0.5136,0.0,0.0,0.0,0.0,0.0,0.0,0.0,0.0,0.0,
0.16,run,0.03,3.3,0.12,0.25,2.2,0.0,0.0,0.0,0.039,-0.79,-0.26,2.81,2.64,-0.26,3.34,2.64,-2.72,2.72,-2.02,3.08,3.34,2.99,-2.9,3.34,3.08,-0.26,2.81,-1.08,4.85,7.68,5.71,5.04,7.68,5.85,-7.32,8.03,0.03,7.42,7.68,3.74,-7.41,7.59,7.5,4.93,7.68,-0.0309,0.5609,-0.4043,0.1631,0.5852,-0.5033,0.1671,0.2091,-0.2025,0.0008,0.5894,-0.4951,0.1067,0.2171,-0.2707,0.2648,0.5748,-0.5943,0.006,0.006,0.013,0.013,0.0,0.013,0.019,0.039,0.033,0.006,0.006,0.013,0.013,0.026,0.013,0.039,0.0,0.013,-0.0077,-0.0123,0.0261,0.023,-0.0107,0.0353,0.0261,-0.0291,0.0184,-0.0322,0.0291,0.0353,0.0307,-0.0307,0.0353,0.0337,-0.0107,0.0261,-0.0286,-0.0421,0.0825,0.0807,-0.0364,0.1084,0.0871,-0.0882,0.0507,-0.0945,0.0891,0.113,0.0933,-0.0921,0.1093,0.1038,-0.0332,0.0825,-0.0019,-0.0029,-0.0146,-0.0174,-0.029,-0.0149,0.5885,-0.3841,0.1754,0.626,-0.4936,0.1916,0.1815,-0.1215,0.0009,0.6237,-0.475,0.1426,0.1941,-0.1467,0.2716,0.5747,-0.5427,0.0,0.0,0.0,0.0,0.0,0.0,0.0,0.0,0.0,
0.2,run,0.04,3.3,-0.35,-0.48,-1.88,0.0,0.0,0.0,0.039,-0.53,0.09,4.04,3.78,0.0,4.66,3.78,-4.04,4.13,-2.29,4.39,4.66,3.87,-4.13,4.66,4.75,0.09,4.04,-2.03,3.65,9.18,5.62,3.95,9.18,4.78,-8.82,9.53,-0.05,5.92,9.18,2.24,-8.91,9.09,9.0,5.83,9.08,-0.0581,0.521,-0.4274,0.1605,0.5263,-0.5074,0.1366,0.2578,-0.3249,-0.0014,0.5316,-0.4995,0.0506,0.2614,-0.4446,0.2593,0.5606,-0.6579,0.006,0.006,0.013,0.013,0.0,0.013,0.019,0.039,0.033,0.006,0.006,0.013,0.013,0.026,0.013,0.039,0.0,0.013,-0.0138,-0.0107,0.046,0.043,-0.0107,0.0552,0.0445,-0.0506,0.0383,-0.0368,0.0476,0.0552,0.0537,-0.0522,0.0568,0.0537,-0.0107,0.046,-0.0432,-0.0237,0.1329,0.1317,-0.0255,0.1511,0.1303,-0.1427,0.1107,-0.0835,0.1317,0.1543,0.1521,-0.1454,0.1575,0.1478,-0.0233,0.1329,-0.0021,-0.0021,0.0021,0.0043,0.0384,-0.0309,0.5609,-0.4043,0.1631,0.5852,-0.5033,0.1671,0.2091,-0.2025,0.0008,0.5894,-0.4951,0.1067,0.2171,-0.2707,0.2648,0.5748,-0.5943,0.0,0.0,0.0,0.0,0.0,0.0,0.0,0.0,0.0,
0.24,run,0.03,3.26,-0.09,-0.13,1.25,0.0,0.0,0.0,0.039,-1.23,0.97,5.36,4.75,0.88,6.06,4.66,-5.36,5.45,-1.23,5.45,6.06,4.48,-5.54,5.98,5.62,0.97,5.36,-2.69,2.27,10.68,5.82,2.45,10.68,3.89,-8.32,11.03,-0.55,4.42,10.68,0.74,-8.91,10.59,9.38,4.6,7.58,-0.0769,0.4958,-0.4642,0.1662,0.4551,-0.5181,0.111,0.3032,-0.4341,-0.0157,0.467,-0.5213,0.0104,0.2925,-0.5831,0.2681,0.5382,-0.7204,0.0,0.006,0.013,0.0,0.006,0.013,0.006,0.019,0.019,0.013,0.0,0.006,0.006,0.019,0.006,0.0,0.013,0.006,-0.0092,-0.0046,0.0675,0.0629,-0.0061,0.0782,0.0644,-0.0736,0.0629,-0.0414,0.0706,0.0782,0.069,-0.0736,0.0798,0.0828,-0.0046,0.0675,-0.0129,0.0065,0.1737,0.1671,-0.0005,0.1922,0.1661,-0.1863,0.1696,-0.0757,0.1786,0.1944,0.164,-0.1825,0.1966,0.2129,0.0068,0.1737,-0.0012,-0.0028,-0.0061,-0.0083,-0.0327,-0.0581,0.521,-0.4274,0.1605,0.5263,-0.5074,0.1366,0.2578,-0.3249,-0.0014,0.5316,-0.4995,0.0506,0.2614,-0.4446,0.2593,0.5606,-0.6579,0.0,0.0,0.0,0.0,0.0,0.0,0.0,0.0,0.0,
0.28,run,0.07,3.28,0.53,0.24,-0.71,0.0,0.0,0.0,0.039,-2.29,1.93,6.77,5.36,1.85,7.47,5.36,-6.59,6.86,-0.7,6.33,7.38,4.83,-6.77,7.38,7.56,2.02,6.59,-2.98,0.77,12.18,6.04,0.95,12.18,3.85,-7.22,12.53,-0.59,2.92,12.18,-0.25,-8.58,11.24,9.88,3.1,6.08,-0.0853,0.4533,-0.5049,0.1725,0.3973,-0.5269,0.1099,0.3232,-0.4955,-0.0168,0.4023,-0.5335,-0.0071,0.2985,-0.6325,0.2823,0.4896,-0.7614,0.0,0.006,0.013,0.0,0.006,0.013,0.006,0.019,0.019,0.013,0.0,0.006,0.006,0.019,0.006,0.0,0.013,0.006,-0.0215,0.0107,0.0905,0.0798,0.0092,0.1028,0.0798,-0.0966,0.0859,-0.023,0.089,0.1028,0.0798,-0.0982,0.1028,0.0982,0.0107,0.0905,-0.055,0.0619,0.2076,0.1801,0.057,0.2263,0.1737,-0.2165,0.2048,0.0159,0.1939,0.2279,0.155,-0.2195,0.2237,0.2064,0.0621,0.2076,-0.0016,-0.0059,-0.0016,-0.0023,0.0219,-0.0769,0.4958,-0.4642,0.1662,0.4551,-0.5181,0.111,0.3032,-0.4341,-0.0157,0.467,-0.5213,0.0104,0.2925,-0.5831,0.2681,0.5382,-0.7204,0.0,0.0,0.0,0.0,0.0,0.0,0.0,0.0,0.0,
0.32,run,0.06,3.27,-0.57,0.08,0.87,0.0,0.0,0.0,0.039,-2.11,2.72,8.09,5.71,2.64,8.79,5.71,-7.56,8.26,-0.7,6.94,8.79,4.75,-7.73,8.7,8.0,3.08,7.65,-3.03,-0.73,13.68,5.54,-0.55,13.68,4.13,-8.08,14.03,-0.34,1.42,13.68,-0.27,-10.08,10.25,10.77,1.6,4.58,-0.0866,0.3894,-0.5396,0.1583,0.3251,-0.5314,0.1179,0.3077,-0.5271,-0.0097,0.337,-0.5472,-0.0077,0.2708,-0.6441,0.3076,0.4426,-0.7964,0.0,0.006,0.013,0.0,0.006,0.013,0.006,0.019,0.019,0.013,0.0,0.006,0.006,0.019,0.006,0.0,0.013,0.006,-0.0399,0.0276,0.115,0.0905,0.0261,0.1273,0.092,-0.1181,0.1104,-0.0138,0.1043,0.1258,0.0859,-0.1197,0.1273,0.1319,0.0291,0.112,-0.1077,0.1068,0.2376,0.1664,0.1033,0.2507,0.1677,-0.2323,0.2357,0.0457,0.1934,0.246,0.1316,-0.2344,0.2489,0.2714,0.1127,0.2261,0.0016,-0.0047,0.0093,0.0042,-0.0125,-0.0853,0.4533,-0.5049,0.1725,0.3973,-0.5269,0.1099,0.3232,-0.4955,-0.0168,0.4023,-0.5335,-0.0071,0.2985,-0.6325,0.2823,0.4896,-0.7614,0.0,0.0,0.0,0.0,0.0,0.0,0.0,0.0,0.0,
0.36,run,0.03,3.28,-0.26,-0.16,2.63,0.0,0.0,0.0,0.039,-3.16,3.16,9.49,5.8,3.08,10.2,5.71,-8.09,9.58,-0.7,7.21,10.28,4.31,-8.53,9.76,9.14,3.78,8.26,-3.4,-2.23,15.18,4.81,-2.05,15.18,4.45,-9.31,15.53,0.1,-0.08,15.18,-0.11,-11.58,11.1,11.8,0.1,3.08,-0.0971,0.3116,-0.5585,0.1374,0.2516,-0.5243,0.1272,0.2852,-0.5447,0.0029,0.2661,-0.5403,-0.0032,0.2403,-0.6341,0.337,0.3862,-0.8112,0.013,0.0,0.013,0.006,0.0,0.013,0.013,0.019,0.019,0.006,0.0,0.013,0.013,0.026,0.0,0.0,0.0,0.006,-0.0368,0.0414,0.1381,0.0966,0.0399,0.1503,0.0982,-0.135,0.135,-0.0138,0.115,0.1503,0.0844,-0.1365,0.1503,0.1396,0.0476,0.1304,-0.0639,0.1265,0.2526,0.1395,0.1241,0.2618,0.1404,-0.2259,0.257,0.032,0.1756,0.2642,0.0863,-0.2274,0.2605,0.2187,0.1479,0.2273,0.001,-0.0052,-0.01,0.0014,0.0152,-0.0866,0.3894,-0.5396,0.1583,0.3251,-0.5314,0.1179,0.3077,-0.5271,-0.0097,0.337,-0.5472,-0.0077,0.2708,-0.6441,0.3076,0.4426,-0.7964,0.0,0.0,0.0,0.0,0.0,0.0,0.0,0.0,0.0,
0.4,run,0.02,3.29,-0.45,-0.29,0.14,0.0,0.0,0.0,0.039,-3.43,3.34,11.07,5.62,3.25,11.69,5.62,-8.61,11.07,-0.09,7.21,11.6,3.25,-9.58,10.63,10.28,4.31,8.7,-3.39,-3.73,16.56,4.41,-3.55,16.68,4.95,-10.81,17.03,0.15,-1.58,16.68,0.22,-13.08,12.6,12.78,-1.4,1.58,-0.0967,0.242,-0.5698,0.1261,0.1856,-0.5233,0.1413,0.251,-0.5516,0.0043,0.219,-0.5368,0.0064,0.1911,-0.6109,0.3653,0.3461,-0.8241,0.013,0.0,0.013,0.006,0.0,0.013,0.013,0.019,0.019,0.006,0.0,0.013,0.013,0.026,0.0,0.0,0.0,0.006,-0.0552,0.0491,0.1626,0.0982,0.0476,0.1749,0.0982,-0.1442,0.158,-0.0138,0.1197,0.1764,0.0767,-0.1503,0.1687,0.1595,0.0598,0.1411,-0.1137,0.1173,0.2689,0.1034,0.1156,0.2753,0.0983,-0.1926,0.2662,0.0224,0.1402,0.2828,0.0317,-0.2109,0.2514,0.2279,0.1495,0.1994,-0.0015,-0.0044,-0.0045,-0.0029,0.0459,-0.0971,0.3116,-0.5585,0.1374,0.2516,-0.5243,0.1272,0.2852,-0.5447,0.0029,0.2661,-0.5403,-0.0032,0.2403,-0.6341,0.337,0.3862,-0.8112,0.0,0.0,0.0,0.0,0.0,0.0,0.0,0.0,0.0,
0.44,run,0.0,3.3,-0.25,-0.22,0.16,0.0,0.0,0.0,0.039,-3.25,3.34,12.3,5.54,3.25,13.01,5.01,-9.05,12.48,0.26,6.68,13.01,2.29,-10.55,11.16,10.81,4.31,8.7,-3.52,-5.23,16.78,3.81,-5.05,18.18,5.47,-12.31,18.0,0.53,-3.08,18.18,0.7,-14.58,14.1,13.54,-2.9,0.08,-0.1006,0.1778,-0.5673,0.109,0.128,-0.5215,0.1563,0.2105,-0.553,0.0151,0.1801,-0.5299,0.0199,0.1455,-0.5936,0.3869,0.3185,-0.8375,0.013,0.0,0.013,0.006,0.0,0.013,0.013,0.019,0.019,0.006,0.0,0.013,0.013,0.026,0.0,0.0,0.0,0.006,-0.0598,0.0522,0.1902,0.0951,0.0506,0.201,0.0966,-0.1534,0.1841,-0.0031,0.1197,0.1994,0.0583,-0.1687,0.1841,0.1795,0.069,0.1488,-0.0969,0.0936,0.2917,0.0609,0.0924,0.2905,0.063,-0.1693,0.2841,0.0559,0.0981,0.2842,-0.0469,-0.2167,0.2335,0.2343,0.1392,0.1683,-0.0026,-0.0032,-0.0078,-0.0051,0.0024,-0.0967,0.242,-0.5698,0.1261,0.1856,-0.5233,0.1413,0.251,-0.5516,0.0043,0.219,-0.5368,0.0064,0.1911,-0.6109,0.3653,0.3461,-0.8241,0.0,0.0,0.0,0.0,0.0,0.0,0.0,0.0,0.0,
0.48,run,0.05,3.3,1.16,0.73,-0.11,0.0,0.0,0.0,0.045,-3.78,2.72,13.71,4.66,2.64,14.5,4.75,-9.76,13.89,0.26,5.8,14.5,1.23,-11.78,12.04,12.48,4.13,8.44,-3.7,-6.73,18.28,3.32,-6.55,19.68,5.83,-13.81,18.13,0.82,-4.58,19.68,1.13,-16.08,15.34,14.05,-4.4,-1.42,-0.1056,0.1269,-0.5466,0.0948,0.0913,-0.5195,0.1665,0.1811,-0.5515,0.0235,0.1595,-0.5203,0.0324,0.1144,-0.5843,0.4013,0.3059,-0.8364,0.0,0.019,0.006,0.0,0.026,0.013,0.006,0.045,0.013,0.006,0.026,0.013,0.0,0.019,0.013,0.006,0.019,0.006,-0.0568,0.0522,0.2117,0.0936,0.0506,0.224,0.0859,-0.1611,0.2086,0.0031,0.1104,0.224,0.0414,-0.1856,0.1933,0.1887,0.069,0.1488,-0.0563,0.0655,0.2848,0.0369,0.0647,0.2897,0.0038,-0.1473,0.291,0.0622,0.0342,0.2911,-0.0961,-0.215,0.198,0.1985,0.0974,0.1178,-0.0042,-0.0023,-0.0044,-0.0038,0.0028,-0.1006,0.1778,-0.5673,0.109,0.128,-0.5215,0.1563,0.2105,-0.553,0.0151,0.1801,-0.5299,0.0199,0.1455,-0.5936,0.3869,0.3185,-0.8375,0.0,0.0,0.0,0.0,0.0,0.0,0.0,0.0,0.0,
0.52,run,-0.0,3.27,-0.83,-0.15,2.71,0.0,0.0,0.0,0.045,-3.6,1.76,14.94,3.52,1.76,15.91,4.75,-10.81,15.21,0.53,4.66,15.91,0.62,-13.1,13.27,12.74,3.52,7.65,-3.76,-8.23,19.78,3.03,-8.05,20.71,6.34,-15.31,18.39,1.02,-6.08,20.74,1.54,-17.58,15.68,14.52,-5.9,-2.92,-0.1074,0.0911,-0.5308,0.0866,0.0626,-0.521,0.1811,0.1515,-0.5483,0.0292,0.1573,-0.5208,0.044,0.0818,-0.5802,0.4147,0.3123,-0.8443,0.0,0.019,0.006,0.0,0.026,0.013,0.006,0.045,0.013,0.006,0.026,0.013,0.0,0.019,0.013,0.006,0.019,0.006,-0.066,0.0414,0.2362,0.0782,0.0399,0.25,0.0813,-0.1733,0.2332,0.0031,0.0951,0.25,0.023,-0.2071,0.2086,0.2178,0.066,0.1442,-0.0738,0.0057,0.2912,-0.0316,0.0051,0.3003,-0.0145,-0.149,0.2955,0.0435,-0.0335,0.3013,-0.1362,-0.2308,0.196,0.248,0.0567,0.0653,-0.0001,-0.0025,0.0203,0.0127,-0.002,-0.1056,0.1269,-0.5466,0.0948,0.0913,-0.5195,0.1665,0.1811,-0.5515,0.0235,0.1595,-0.5203,0.0324,0.1144,-0.5843,0.4013,0.3059,-0.8364,0.0,0.0,0.0,0.0,0.0,0.0,0.0,0.0,0.0,
0.56,run,0.0,3.25,-0.02,-0.31,-2.01,0.0,0.0,0.0,0.045,-3.69,0.53,16.17,3.43,0.44,17.4,5.1,-12.13,16.26,0.88,3.34,17.23,0.26,-14.41,14.33,13.8,2.55,6.59,-3.94,-9.73,21.28,2.64,-9.55,20.37,6.9,-16.81,19.72,1.46,-7.58,20.75,2.14,-19.08,17.18,14.94,-7.23,-4.42,-0.1125,0.0625,-0.5049,0.0754,0.0516,-0.5251,0.1972,0.1376,-0.5327,0.0418,0.1591,-0.5206,0.0612,0.0665,-0.5596,0.4269,0.3231,-0.8398,0.0,0.019,0.006,0.0,0.026,0.013,0.006,0.045,0.013,0.006,0.026,0.013,0.0,0.019,0.013,0.006,0.019,0.006,-0.0629,0.0245,0.2577,0.0583,0.0245,0.2746,0.0813,-0.1917,0.2562,0.0077,0.0752,0.2746,0.0123,-0.2301,0.2301,0.2224,0.0552,0.1304,-0.0402,-0.0593,0.2844,-0.097,-0.054,0.3023,-0.0102,-0.1734,0.2932,0.0477,-0.0983,0.303,-0.1356,-0.2479,0.2178,0.1909,-0.0006,-0.0061,-0.0048,-0.0048,-0.0145,-0.0026,0.0473,-0.1074,0.0911,-0.5308,0.0866,0.0626,-0.521,0.1811,0.1515,-0.5483,0.0292,0.1573,-0.5208,0.044,0.0818,-0.5802,0.4147,0.3123,-0.8443,0.0,0.0,0.0,0.0,0.0,0.0,0.0,0.0,0.0,
0.6,run,-0.01,3.27,-0.2,-0.0,0.9,0.0,0.0,0.0,0.045,-4.13,-0.88,17.58,3.43,-0.88,18.63,5.89,-13.45,17.23,1.05,1.93,18.63,0.26,-15.73,15.29,14.41,1.41,5.27,-3.86,-11.23,22.78,1.88,-11.05,19.4,7.45,-18.31,21.02,2.03,-9.08,20.0,2.83,-20.58,17.61,15.43,-6.02,-5.92,-0.1102,0.0389,-0.4787,0.0538,0.0339,-0.5365,0.2128,0.1148,-0.5175,0.0581,0.1607,-0.5294,0.0809,0.0432,-0.5575,0.4409,0.3452,-0.849,0.013,0.026,0.006,0.019,0.033,0.0,0.006,0.033,0.019,0.006,0.026,0.0,0.019,0.026,0.006,0.019,0.033,0.013,-0.0644,0.0031,0.2792,0.0568,0.0015,0.3007,0.0874,-0.2148,0.2746,0.0138,0.0522,0.2976,0.0061,-0.2531,0.2485,0.2408,0.0383,0.112,-0.0339,-0.1217,0.2793,-0.0736,-0.1237,0.309,0.0158,-0.2073,0.274,0.0563,-0.1547,0.298,-0.1178,-0.2594,0.2212,0.2023,-0.0634,-0.073,-0.0042,-0.0067,-0.0004,-0.0054,-0.0351,-0.1125,0.0625,-0.5049,0.0754,0.0516,-0.5251,0.1972,0.1376,-0.5327,0.0418,0.1591,-0.5206,0.0612,0.0665,-0.5596,0.4269,0.3231,-0.8398,0.0,0.0,0.0,0.0,0.0,0.0,0.0,0.0,0.0,
0.64,run,-0.02,3.26,-0.05,-0.03,0.3,0.0,0.0,0.0,0.045,-3.87,-2.29,18.9,2.99,-2.29,19.6,6.5,-14.85,18.28,1.76,0.53,19.51,0.88,-17.14,16.35,14.59,0.0,3.87,-3.69,-12.73,24.28,1.25,-12.55,18.31,7.94,-19.51,22.16,2.5,-10.58,19.61,3.39,-22.08,18.49,15.84,-4.97,-6.95,-0.1053,0.0167,-0.4531,0.0357,0.0291,-0.5493,0.2268,0.0998,-0.5039,0.0715,0.1686,-0.534,0.0969,0.0254,-0.5471,0.4527,0.3642,-0.8465,0.013,0.026,0.006,0.019,0.033,0.0,0.006,0.033,0.019,0.006,0.026,0.0,0.019,0.026,0.006,0.019,0.033,0.013,-0.0721,-0.0215,0.3037,0.0568,-0.0215,0.3221,0.1012,-0.2378,0.2915,0.0169,0.0276,0.3221,0.0061,-0.2761,0.2654,0.2516,0.0184,0.089,-0.0526,-0.1777,0.288,-0.0515,-0.1733,0.2973,0.0631,-0.2318,0.2554,0.051,-0.2008,0.3011,-0.0825,-0.2684,0.2184,0.1821,-0.1196,-0.1379,-0.005,-0.0049,-0.0035,-0.0001,0.0158,-0.1102,0.0389,-0.4787,0.0538,0.0339,-0.5365,0.2128,0.1148,-0.5175,0.0581,0.1607,-0.5294,0.0809,0.0432,-0.5575,0.4409,0.3452,-0.849,0.0,0.0,0.0,0.0,0.0,0.0,0.0,0.0,0.0,
0.68,run,0.04,3.28,0.79,0.43,-1.6,0.0,0.0,0.0,0.045,-3.6,-3.69,20.3,1.67,-3.78,20.21,7.03,-16.26,19.34,1.76,-0.88,20.21,1.85,-18.54,17.23,15.73,-1.41,2.55,-3.58,-14.23,25.78,0.52,-14.05,17.43,8.49,-20.48,23.55,3.19,-12.08,18.88,4.04,-23.58,19.99,16.26,-3.86,-7.18,-0.1024,0.0011,-0.4254,0.0149,0.025,-0.5596,0.2425,0.0822,-0.4877,0.091,0.1764,-0.5426,0.1153,0.0096,-0.5291,0.4647,0.3843,-0.8492,0.013,0.026,0.006,0.019,0.033,0.0,0.006,0.033,0.019,0.006,0.026,0.0,0.019,0.026,0.006,0.019,0.033,0.013,-0.0675,-0.046,0.3267,0.0491,-0.046,0.339,0.112,-0.2623,0.3099,0.0291,0.0031,0.3375,0.0169,-0.3007,0.2838,0.2546,-0.0061,0.0644,-0.0196,-0.2161,0.2876,-0.0647,-0.2131,0.2711,0.0843,-0.254,0.2476,0.0816,-0.2323,0.2681,-0.0176,-0.2796,0.2217,0.139,-0.1754,-0.1882,-0.0062,-0.006,-0.0009,-0.0005,0.0052,-0.1053,0.0167,-0.4531,0.0357,0.0291,-0.5493,0.2268,0.0998,-0.5039,0.0715,0.1686,-0.534,0.0969,0.0254,-0.5471,0.4527,0.3642,-0.8465,0.0,0.0,0.0,0.0,0.0,0.0,0.0,0.0,0.0,
0.72,run,0.02,3.27,-0.86,-0.24,1.0,0.0,0.0,0.0,0.045,-3.78,-5.1,21.71,1.41,-5.19,20.48,7.65,-17.58,20.48,2.72,-2.29,20.48,2.72,-19.95,18.11,15.73,-2.55,1.14,-3.49,-15.73,27.28,-0.21,-15.55,16.78,8.95,-21.91,24.79,3.93,-13.58,17.99,4.61,-25.08,20.92,16.7,-2.36,-8.07,-0.0998,-0.0119,-0.4013,-0.0061,0.0165,-0.5673,0.2558,0.0562,-0.4731,0.1123,0.19,-0.5531,0.1318,-0.0126,-0.5185,0.4771,0.4138,-0.8596,0.019,0.026,0.013,0.019,0.026,0.006,0.006,0.026,0.019,0.0,0.033,0.006,0.013,0.026,0.006,0.019,0.019,0.013,-0.0629,-0.0706,0.3513,0.0261,-0.0721,0.3497,0.1212,-0.2869,0.3283,0.0291,-0.0215,0.3497,0.0337,-0.3252,0.2991,0.2746,-0.0307,0.0414,0.0035,-0.2433,0.2933,-0.1316,-0.2469,0.2301,0.0935,-0.2698,0.2423,0.0571,-0.2546,0.2337,0.0509,-0.2877,0.2127,0.172,-0.2148,-0.218,-0.0011,-0.0046,0.0137,0.0075,-0.0279,-0.1024,0.0011,-0.4254,0.0149,0.025,-0.5596,0.2425,0.0822,-0.4877,0.091,0.1764,-0.5426,0.1153,0.0096,-0.5291,0.4647,0.3843,-0.8492,0.0,0.0,0.0,0.0,0.0,0.0,0.0,0.0,0.0,
0.76,run,0.01,3.31,0.37,0.43,0.11,0.0,0.0,0.0,0.045,-3.78,-6.5,23.03,1.32,-6.59,20.57,8.17,-18.9,21.71,3.16,-3.78,20.57,3.6,-21.36,19.25,16.35,-3.52,-0.35,-3.3,-17.23,28.78,-0.99,-17.05,16.09,9.45,-23.03,26.29,4.62,-14.18,18.03,5.13,-26.58,22.42,16.9,-1.29,-7.89,-0.0944,-0.0269,-0.3726,-0.0282,0.0243,-0.5754,0.27,0.0359,-0.4534,0.132,0.1967,-0.5526,0.1466,-0.0322,-0.4947,0.483,0.431,-0.8575,0.019,0.026,0.013,0.019,0.026,0.006,0.006,0.026,0.019,0.0,0.033,0.006,0.013,0.026,0.006,0.019,0.019,0.013,-0.066,-0.0951,0.3758,0.0215,-0.0966,0.3543,0.1319,-0.3099,0.3482,0.046,-0.046,0.3543,0.0491,-0.3497,0.3145,0.2746,-0.0506,0.0169,-0.0091,-0.2626,0.2976,-0.1094,-0.2651,0.1783,0.1058,-0.2754,0.2446,0.1034,-0.2705,0.1809,0.0933,-0.2937,0.2065,0.1204,-0.2253,-0.2449,-0.0031,-0.0051,-0.015,-0.0042,0.0175,-0.0998,-0.0119,-0.4013,-0.0061,0.0165,-0.5673,0.2558,0.0562,-0.4731,0.1123,0.19,-0.5531,0.1318,-0.0126,-0.5185,0.4771,0.4138,-0.8596,0.0,0.0,0.0,0.0,0.0,0.0,0.0,0.0,0.0,
0.8,run,0.04,3.34,0.63,0.29,-0.71,0.0,0.0,0.0,0.045,-3.16,-7.91,24.43,0.26,-8.0,20.04,8.7,-20.13,22.85,3.87,-5.19,20.13,4.22,-22.85,20.21,16.79,-4.13,-1.76,-3.06,-18.73,30.28,-1.84,-18.55,15.26,9.8,-24.53,27.79,5.37,-13.62,17.44,5.67,-28.08,23.92,17.14,0.02,-8.54,-0.0876,-0.0425,-0.3486,-0.0524,0.0275,-0.5852,0.2801,0.0026,-0.4328,0.1533,0.207,-0.5595,0.1621,-0.06,-0.4805,0.4898,0.4549,-0.8652,0.019,0.026,0.013,0.019,0.026,0.006,0.006,0.026,0.019,0.0,0.033,0.006,0.013,0.026,0.006,0.019,0.019,0.013,-0.066,-0.1197,0.3988,0.0199,-0.1212,0.3559,0.1411,-0.3329,0.3697,0.0537,-0.0721,0.3559,0.0644,-0.3743,0.3344,0.2853,-0.0675,-0.0092,-0.0064,-0.2769,0.2956,-0.0824,-0.2786,0.1307,0.109,-0.28,0.2526,0.1015,-0.2882,0.1324,0.1235,-0.2986,0.2202,0.125,-0.2217,-0.2703,-0.0033,-0.0014,0.0064,0.0075,0.0019,-0.0944,-0.0269,-0.3726,-0.0282,0.0243,-0.5754,0.27,0.0359,-0.4534,0.132,0.1967,-0.5526,0.1466,-0.0322,-0.4947,0.483,0.431,-0.8575,0.0,0.0,0.0,0.0,0.0,0.0,0.0,0.0,0.0,
0.84,run,-0.01,3.32,-0.95,-0.32,2.17,0.0,0.0,0.0,0.045,-3.43,-9.32,25.93,-0.88,-9.32,19.16,9.14,-21.36,24.08,4.57,-6.59,19.16,4.92,-24.17,21.45,16.61,-4.39,-3.16,-3.01,-20.23,31.78,-2.7,-20.05,15.03,10.14,-26.03,29.29,6.27,-13.26,17.24,6.16,-29.58,25.42,17.37,1.0,-9.2,-0.0859,-0.0561,-0.3223,-0.0772,0.0327,-0.5879,0.2898,-0.029,-0.4094,0.1792,0.2134,-0.5619,0.176,-0.0873,-0.4542,0.4964,0.4728,-0.8729,0.026,0.026,0.013,0.006,0.019,0.013,0.006,0.033,0.019,0.019,0.026,0.006,0.006,0.026,0.013,0.013,0.0,0.013,-0.0552,-0.1442,0.4234,0.0015,-0.1457,0.3467,0.1503,-0.3543,0.3896,0.066,-0.0966,0.3482,0.0752,-0.4004,0.3513,0.293,-0.0782,-0.0337,0.0354,-0.2848,0.2979,-0.1259,-0.2861,0.0573,0.1104,-0.2757,0.2508,0.1165,-0.2928,0.0643,0.1263,-0.3058,0.2167,0.116,-0.195,-0.2802,-0.0008,0.0013,0.0109,0.0051,-0.0125,-0.0876,-0.0425,-0.3486,-0.0524,0.0275,-0.5852,0.2801,0.0026,-0.4328,0.1533,0.207,-0.5595,0.1621,-0.06,-0.4805,0.4898,0.4549,-0.8652,0.0,0.0,0.0,0.0,0.0,0.0,0.0,0.0,0.0,
0.88,run,0.01,3.35,0.6,0.55,-1.39,0.0,0.0,0.0,0.045,-3.08,-10.81,27.33,-1.23,-10.81,18.02,9.58,-22.76,25.4,5.27,-8.0,18.28,5.54,-25.58,22.76,17.31,-4.31,-4.66,-2.81,-21.73,33.28,-3.4,-21.55,14.88,10.65,-27.53,30.79,6.9,-12.83,17.24,6.56,-31.08,26.92,17.56,1.98,-9.3,-0.0803,-0.07,-0.2973,-0.0972,0.0481,-0.5896,0.3043,-0.0619,-0.3822,0.1972,0.2212,-0.5618,0.1875,-0.1152,-0.4209,0.5017,0.4905,-0.8741,0.026,0.026,0.013,0.006,0.019,0.013,0.006,0.033,0.019,0.019,0.026,0.006,0.006,0.026,0.013,0.013,0.0,0.013,-0.0598,-0.1687,0.4495,-0.0184,-0.1687,0.3313,0.158,-0.3758,0.4111,0.0782,-0.1212,0.3313,0.0874,-0.4234,0.3728,0.2899,-0.0828,-0.0583,0.0075,-0.2914,0.3063,-0.1629,-0.2865,-0.0174,0.1061,-0.2735,0.2561,0.1276,-0.297,-0.0183,0.1344,-0.3003,0.2322,0.0697,-0.1538,-0.2882,-0.005,-0.0005,-0.0165,-0.0057,0.0379,-0.0859,-0.0561,-0.3223,-0.0772,0.0327,-0.5879,0.2898,-0.029,-0.4094,0.1792,0.2134,-0.5619,0.176,-0.0873,-0.4542,0.4964,0.4728,-0.8729,0.0,0.0,0.0,0.0,0.0,0.0,0.0,0.0,0.0,
0.92,run,-0.19,3.27,-1.1,-0.52,2.32,0.0,0.0,0.0,0.045,-3.08,-17.49,32.61,-3.52,-17.49,14.94,10.46,-27.16,30.06,6.86,-12.3,17.31,6.5,-30.59,26.72,17.58,0.0,-9.05,-2.55,-23.23,34.78,-4.29,-21.91,14.14,10.97,-29.03,32.29,7.7,-12.42,16.51,7.09,-32.58,28.42,17.8,3.07,-10.44,-0.0727,-0.0811,-0.2792,-0.1227,0.0561,-0.5983,0.3134,-0.1041,-0.3498,0.2199,0.2288,-0.5704,0.2025,-0.1486,-0.395,0.5085,0.5103,-0.8876,0.0,0.019,0.0,0.0,0.019,0.006,0.0,0.013,0.006,0.006,0.0,0.006,0.0,0.006,0.006,0.0,0.006,0.006,-0.0537,-0.1948,0.474,-0.0245,-0.1948,0.3114,0.1657,-0.4004,0.4341,0.0905,-0.1457,0.316,0.0982,-0.4479,0.3958,0.3022,-0.0813,-0.0844,0.0283,-0.302,0.3066,-0.1371,-0.2985,-0.0871,0.103,-0.2836,0.2657,0.1354,-0.3001,-0.0704,0.1344,-0.3024,0.249,0.0949,-0.1019,-0.2997,-0.0034,0.0022,0.0104,0.0095,-0.0242,-0.0803,-0.07,-0.2973,-0.0972,0.0481,-0.5896,0.3043,-0.0619,-0.3822,0.1972,0.2212,-0.5618,0.1875,-0.1152,-0.4209,0.5017,0.4905,-0.8741,0.0,0.0,0.0,0.0,0.0,0.0,0.0,0.0,0.0,
0.96,run,-0.16,3.3,0.43,0.42,-0.3,0.0,0.0,0.0,0.045,-2.46,-18.81,33.05,-3.52,-18.72,14.94,10.46,-27.25,30.41,6.86,-12.39,17.31,6.5,-30.94,26.89,17.58,0.88,-9.23,-1.7,-24.73,36.28,-5.79,-20.41,13.06,12.41,-30.53,33.79,8.76,-11.18,15.01,7.93,-34.08,29.92,18.8,4.57,-11.75,-0.0485,-0.1069,-0.2491,-0.1655,0.1074,-0.611,0.3546,-0.2015,-0.2516,0.2503,0.2512,-0.5973,0.2266,-0.21,-0.2942,0.537,0.5533,-0.903,0.0,0.019,0.0,0.0,0.019,0.006,0.0,0.013,0.006,0.006,0.0,0.006,0.0,0.006,0.006,0.0,0.006,0.006,-0.0537,-0.3114,0.566,-0.0644,-0.3114,0.2577,0.181,-0.4771,0.5154,0.1181,-0.2209,0.2991,0.115,-0.5354,0.4648,0.3068,-0.0061,-0.1611,0.0198,-0.3042,0.288,-0.1277,-0.3018,-0.1037,0.0844,-0.2596,0.2508,0.1168,-0.2699,-0.0627,0.1075,-0.2813,0.2293,0.0701,-0.0114,-0.2709,-0.0215,-0.0053,-0.0192,-0.0091,0.0404,-0.0727,-0.0811,-0.2792,-0.1227,0.0561,-0.5983,0.3134,-0.1041,-0.3498,0.2199,0.2288,-0.5704,0.2025,-0.1486,-0.395,0.5085,0.5103,-0.8876,0.0,0.0,0.0,0.0,0.0,0.0,0.0,0.0,0.0,
1.0,run,-0.18,3.29,-0.98,-0.75,1.29,0.0,0.0,0.0,0.045,-2.55,-20.13,33.57,-3.52,-19.86,14.33,10.72,-27.69,30.76,7.29,-12.39,16.7,7.03,-31.55,27.51,17.84,1.93,-9.58,-1.8,-26.23,37.78,-7.09,-18.91,14.56,12.15,-32.03,35.29,9.34,-10.98,15.83,7.95,-35.58,31.42,18.25,5.93,-12.28,-0.0513,-0.1268,-0.2101,-0.2026,0.1153,-0.5895,0.347,-0.2281,-0.2334,0.2669,0.2549,-0.5784,0.227,-0.2218,-0.2902,0.5214,0.5623,-0.9092,0.0,0.019,0.0,0.0,0.019,0.006,0.0,0.013,0.006,0.006,0.0,0.006,0.0,0.006,0.006,0.0,0.006,0.006,-0.043,-0.3344,0.5737,-0.0644,-0.3329,0.2577,0.181,-0.4786,0.5216,0.1181,-0.2224,0.2991,0.115,-0.5415,0.4679,0.3068,0.0092,-0.1641,0.0538,-0.2985,0.2301,-0.0894,-0.2911,-0.0726,0.059,-0.1875,0.1983,0.0817,-0.1947,-0.0439,0.0753,-0.2198,0.1719,0.049,0.049,-0.201,-0.0184,-0.0026,0.0075,0.0073,-0.0052,-0.0485,-0.1069,-0.2491,-0.1655,0.1074,-0.611,0.3546,-0.2015,-0.2516,0.2503,0.2512,-0.5973,0.2266,-0.21,-0.2942,0.537,0.5533,-0.903,0.0,0.0,0.0,0.0,0.0,0.0,0.0,0.0,0.0,
1.04,run,-0.17,3.3,-0.05,0.04,-0.91,0.0,0.0,0.0,0.045,-2.11,-21.62,34.37,-4.04,-20.65,13.8,11.25,-28.48,31.46,8.09,-11.87,16.0,7.65,-32.43,28.21,18.19,3.08,-10.28,-1.58,-27.73,39.28,-7.38,-17.88,14.19,12.32,-33.53,36.79,9.45,-10.42,14.87,7.99,-37.08,32.92,18.42,6.2,-12.66,-0.0451,-0.1339,-0.2034,-0.2109,0.1295,-0.5978,0.3521,-0.258,-0.2123,0.2699,0.265,-0.5897,0.2284,-0.2428,-0.2633,0.5264,0.5674,-0.9137,0.0,0.019,0.006,0.006,0.006,0.006,0.006,0.033,0.019,0.0,0.0,0.006,0.006,0.019,0.013,0.006,0.006,0.013,-0.0445,-0.3574,0.5829,-0.0644,-0.3528,0.247,0.1856,-0.4863,0.5277,0.1258,-0.2224,0.2884,0.1243,-0.5522,0.4786,0.3114,0.0276,-0.1703,0.0319,-0.2952,0.1956,-0.0626,-0.2786,-0.0911,0.0586,-0.16,0.1618,0.086,-0.1363,-0.071,0.0872,-0.1941,0.1606,0.0516,0.1033,-0.1637,-0.0203,-0.0034,-0.017,-0.0131,0.0224,-0.0513,-0.1268,-0.2101,-0.2026,0.1153,-0.5895,0.347,-0.2281,-0.2334,0.2669,0.2549,-0.5784,0.227,-0.2218,-0.2902,0.5214,0.5623,-0.9092,0.0,0.0,0.0,0.0,0.0,0.0,0.0,0.0,0.0,
1.08,run,-0.13,3.32,0.87,0.84,-0.82,0.0,0.0,0.0,0.045,-1.32,-23.2,35.6,-5.8,-21.27,13.89,11.78,-29.71,32.52,8.88,-11.16,15.56,7.91,-33.84,29.44,18.28,4.31,-11.25,-1.61,-29.23,40.78,-7.72,-17.33,14.19,12.39,-35.03,38.29,9.76,-10.08,14.6,7.89,-38.58,34.42,18.34,6.46,-13.46,-0.0459,-0.1383,-0.1927,-0.2207,0.1394,-0.5978,0.3541,-0.2811,-0.1979,0.2789,0.2712,-0.5929,0.2254,-0.2542,-0.2533,0.524,0.572,-0.923,0.0,0.019,0.006,0.006,0.006,0.006,0.006,0.033,0.019,0.0,0.0,0.006,0.006,0.019,0.013,0.006,0.006,0.013,-0.0368,-0.3835,0.5967,-0.0736,-0.3666,0.2378,0.1948,-0.5001,0.54,0.1396,-0.2132,0.2761,0.135,-0.5676,0.4909,0.3175,0.0476,-0.1825,0.0508,-0.3035,0.1882,-0.078,-0.2463,-0.098,0.0752,-0.1633,0.1589,0.1115,-0.0612,-0.0953,0.1009,-0.1929,0.158,0.0589,0.1464,-0.1602,-0.0192,-0.0025,-0.0009,0.0007,-0.0159,-0.0451,-0.1339,-0.2034,-0.2109,0.1295,-0.5978,0.3521,-0.258,-0.2123,0.2699,0.265,-0.5897,0.2284,-0.2428,-0.2633,0.5264,0.5674,-0.9137,0.0,0.0,0.0,0.0,0.0,0.0,0.0,0.0,0.0,
1.12,run,-0.14,3.31,-0.59,-0.45,1.44,0.0,0.0,0.0,0.045,-1.93,-24.61,36.83,-6.5,-21.27,13.89,12.04,-31.11,33.75,9.23,-10.72,14.94,7.82,-35.07,30.76,18.37,5.19,-11.95,-1.72,-30.73,42.28,-7.88,-16.43,14.23,12.52,-36.53,39.79,10.16,-9.58,14.08,7.7,-39.57,35.92,18.22,6.7,-14.0,-0.049,-0.1424,-0.1841,-0.2252,0.1559,-0.5972,0.3577,-0.3041,-0.1827,0.2902,0.2804,-0.5991,0.2201,-0.2649,-0.2373,0.5206,0.5764,-0.9294,0.0,0.019,0.006,0.006,0.006,0.006,0.006,0.033,0.019,0.0,0.0,0.006,0.006,0.019,0.013,0.006,0.006,0.013,-0.023,-0.4111,0.6182,-0.1043,-0.3774,0.2393,0.204,-0.5216,0.5584,0.1534,-0.201,0.2684,0.1396,-0.5921,0.5123,0.3191,0.069,-0.1994,0.0809,-0.303,0.2022,-0.1552,-0.2076,-0.0635,0.0828,-0.1847,0.1716,0.1233,-0.0026,-0.0919,0.0857,-0.2155,0.181,0.0463,0.1729,-0.1675,-0.0159,-0.0005,0.0152,0.0147,-0.0143,-0.0459,-0.1383,-0.1927,-0.2207,0.1394,-0.5978,0.3541,-0.2811,-0.1979,0.2789,0.2712,-0.5929,0.2254,-0.2542,-0.2533,0.524,0.572,-0.923,0.0,0.0,0.0,0.0,0.0,0.0,0.0,0.0,0.0,
1.16,run,-0.11,3.31,-0.14,0.14,-0.94,0.0,0.0,0.0,0.045,-1.49,-26.02,38.23,-6.5,-21.27,14.06,12.22,-32.61,35.16,9.76,-10.2,14.41,7.82,-36.39,32.26,18.11,5.98,-12.74,-1.58,-32.23,43.78,-8.05,-15.3,13.71,12.82,-38.03,41.29,10.33,-8.82,13.34,7.59,-40.09,37.42,18.11,7.28,-14.19,-0.0452,-0.1509,-0.1757,-0.2301,0.1764,-0.6035,0.3663,-0.3298,-0.1619,0.2951,0.2942,-0.6077,0.2169,-0.2744,-0.2241,0.5175,0.5869,-0.9316,0.006,0.026,0.013,0.013,0.013,0.0,0.006,0.026,0.019,0.006,0.006,0.006,0.013,0.026,0.0,0.006,0.006,0.006,-0.0337,-0.4357,0.6397,-0.1166,-0.3774,0.2393,0.2086,-0.5461,0.5798,0.1595,-0.1933,0.2577,0.1381,-0.6136,0.5354,0.3206,0.0844,-0.2117,0.0166,-0.3036,0.2215,-0.1544,-0.1453,-0.0445,0.0751,-0.2208,0.2001,0.1092,0.0268,-0.1043,0.0543,-0.2309,0.2125,0.0381,0.1782,-0.163,-0.0166,-0.0015,-0.0104,-0.0079,0.0251,-0.049,-0.1424,-0.1841,-0.2252,0.1559,-0.5972,0.3577,-0.3041,-0.1827,0.2902,0.2804,-0.5991,0.2201,-0.2649,-0.2373,0.5206,0.5764,-0.9294,0.0,0.0,0.0,0.0,0.0,0.0,0.0,0.0,0.0,
1.2,run,-0.11,3.3,0.29,-0.29,0.83,0.0,0.0,0.0,0.045,-1.58,-27.42,39.55,-7.56,-20.65,13.97,12.3,-34.01,36.56,10.2,-9.67,13.89,7.73,-37.53,33.66,18.11,6.5,-13.45,-1.43,-33.55,45.28,-8.34,-14.1,13.15,12.97,-39.53,42.79,10.6,-8.05,12.47,7.55,-40.85,38.92,18.0,7.67,-14.53,-0.0409,-0.1554,-0.1676,-0.2382,0.1982,-0.6099,0.3706,-0.3591,-0.1364,0.3029,0.3082,-0.618,0.2157,-0.2883,-0.2128,0.5141,0.5941,-0.9356,0.006,0.026,0.013,0.013,0.013,0.0,0.006,0.026,0.019,0.006,0.006,0.006,0.013,0.026,0.0,0.006,0.006,0.006,-0.0261,-0.4602,0.6642,-0.1166,-0.3774,0.2424,0.2117,-0.5722,0.6044,0.1687,-0.1841,0.2485,0.1381,-0.6366,0.5614,0.316,0.0982,-0.2255,0.0404,-0.3046,0.2471,-0.1081,-0.1017,-0.0196,0.0641,-0.2523,0.2321,0.1109,0.0533,-0.1075,0.038,-0.2479,0.2465,0.0094,0.1765,-0.1659,-0.0142,-0.002,-0.0025,0.0025,-0.0163,-0.0452,-0.1509,-0.1757,-0.2301,0.1764,-0.6035,0.3663,-0.3298,-0.1619,0.2951,0.2942,-0.6077,0.2169,-0.2744,-0.2241,0.5175,0.5869,-0.9316,0.0,0.0,0.0,0.0,0.0,0.0,0.0,0.0,0.0,
1.24,run,-0.16,3.27,-1.03,-0.58,2.64,0.0,0.0,0.0,0.045,-1.67,-28.83,40.96,-8.17,-19.69,13.54,12.57,-35.42,37.97,10.2,-9.05,13.36,7.65,-38.5,35.16,18.11,7.03,-13.89,-1.37,-33.89,46.78,-8.51,-13.0,13.08,13.14,-41.03,44.29,10.93,-7.19,11.9,7.45,-41.35,40.42,17.7,8.0,-14.79,-0.039,-0.1616,-0.1557,-0.2431,0.2182,-0.6109,0.3755,-0.3811,-0.1174,0.3122,0.3238,-0.6247,0.213,-0.2973,-0.1972,0.5058,0.6001,-0.9387,0.006,0.026,0.013,0.013,0.013,0.0,0.006,0.026,0.019,0.006,0.006,0.006,0.013,0.026,0.0,0.006,0.006,0.006,-0.0276,-0.4847,0.6872,-0.135,-0.3666,0.2408,0.2132,-0.5967,0.6289,0.1764,-0.1749,0.2393,0.1365,-0.6565,0.586,0.316,0.1074,-0.2378,0.0225,-0.3055,0.2595,-0.1449,-0.0308,-0.0195,0.0506,-0.2689,0.2548,0.1065,0.0719,-0.1099,0.0208,-0.2485,0.2649,0.0066,0.1582,-0.1622,-0.0143,-0.0022,0.0051,-0.005,0.0146,-0.0409,-0.1554,-0.1676,-0.2382,0.1982,-0.6099,0.3706,-0.3591,-0.1364,0.3029,0.3082,-0.618,0.2157,-0.2883,-0.2128,0.5141,0.5941,-0.9356,0.0,0.0,0.0,0.0,0.0,0.0,0.0,0.0,0.0,
1.28,run,-0.1,3.29,0.56,0.78,-2.63,0.0,0.0,0.0,0.045,-1.14,-30.32,42.45,-8.17,-18.46,13.18,12.83,-36.83,39.38,10.63,-8.35,12.57,7.47,-39.46,36.56,17.75,7.47,-14.33,-1.13,-34.22,48.28,-8.67,-11.67,12.56,13.36,-42.53,45.79,11.09,-6.09,10.79,7.44,-42.02,41.92,17.52,8.38,-15.03,-0.0324,-0.1676,-0.1488,-0.2476,0.2424,-0.617,0.3818,-0.4101,-0.0926,0.3169,0.3438,-0.6378,0.2125,-0.3094,-0.1785,0.5007,0.6069,-0.9415,0.0,0.019,0.013,0.013,0.013,0.006,0.0,0.026,0.026,0.006,0.006,0.006,0.006,0.045,0.013,0.0,0.006,0.0,-0.0291,-0.5093,0.7118,-0.1457,-0.3497,0.2332,0.2178,-0.6213,0.6535,0.1764,-0.1641,0.2301,0.135,-0.6734,0.6121,0.316,0.1166,-0.2454,0.01,-0.3057,0.2735,-0.1416,0.0416,-0.0424,0.0527,-0.2801,0.2702,0.0746,0.0905,-0.1114,0.0088,-0.2371,0.283,0.0046,0.1452,-0.1423,-0.0186,-0.0048,-0.018,-0.0101,0.0461,-0.039,-0.1616,-0.1557,-0.2431,0.2182,-0.6109,0.3755,-0.3811,-0.1174,0.3122,0.3238,-0.6247,0.213,-0.2973,-0.1972,0.5058,0.6001,-0.9387,0.0,0.0,0.0,0.0,0.0,0.0,0.0,0.0,0.0,
1.32,run,-0.15,3.3,-0.53,-0.47,1.12,0.0,0.0,0.0,0.045,-1.49,-31.46,43.77,-8.17,-16.96,12.83,13.01,-38.14,40.78,10.81,-7.56,11.78,7.47,-40.25,37.97,17.4,7.91,-14.68,-0.93,-34.38,49.78,-8.97,-10.36,12.18,13.4,-44.03,47.29,11.45,-5.14,9.93,7.49,-43.14,43.42,17.26,8.7,-15.47,-0.0267,-0.1706,-0.1388,-0.2562,0.2662,-0.6214,0.3828,-0.4427,-0.0643,0.3272,0.3611,-0.6479,0.2139,-0.3297,-0.1661,0.4932,0.6127,-0.9467,0.0,0.019,0.013,0.013,0.013,0.006,0.0,0.026,0.026,0.006,0.006,0.006,0.006,0.045,0.013,0.0,0.006,0.0,-0.0199,-0.5354,0.7378,-0.1457,-0.3283,0.227,0.2224,-0.6458,0.678,0.1841,-0.1519,0.2163,0.1319,-0.6903,0.6366,0.3099,0.1243,-0.2531,0.0415,-0.3118,0.2893,-0.0991,0.1096,-0.0527,0.0541,-0.2881,0.2812,0.081,0.1094,-0.1297,-0.0053,-0.2293,0.2901,-0.0198,0.1304,-0.1284,-0.0133,-0.0032,0.0097,0.0137,-0.0459,-0.0324,-0.1676,-0.1488,-0.2476,0.2424,-0.617,0.3818,-0.4101,-0.0926,0.3169,0.3438,-0.6378,0.2125,-0.3094,-0.1785,0.5007,0.6069,-0.9415,0.0,0.0,0.0,0.0,0.0,0.0,0.0,0.0,0.0,
1.36,run,-0.11,3.29,0.47,0.36,0.63,0.0,0.0,0.0,0.045,-1.14,-32.52,45.18,-8.53,-15.56,12.48,13.18,-39.64,42.19,11.16,-6.77,11.07,7.47,-41.04,39.38,17.4,8.26,-14.94,-0.67,-34.82,51.28,-9.1,-8.92,11.58,13.61,-45.53,48.79,11.6,-4.11,8.87,7.47,-43.95,44.92,17.03,8.94,-15.56,-0.019,-0.1786,-0.1295,-0.26,0.2924,-0.6284,0.3888,-0.4715,-0.0401,0.3313,0.3798,-0.6604,0.2133,-0.3446,-0.1446,0.4866,0.617,-0.9478,0.0,0.019,0.013,0.013,0.013,0.006,0.0,0.026,0.026,0.006,0.006,0.006,0.006,0.045,0.013,0.0,0.006,0.0,-0.0261,-0.5553,0.7609,-0.1457,-0.3022,0.2209,0.2255,-0.6688,0.7026,0.1871,-0.1381,0.2025,0.1319,-0.7041,0.6611,0.3037,0.1319,-0.2592,0.006,-0.2933,0.2891,-0.0694,0.1749,-0.06,0.0494,-0.2883,0.2892,0.0682,0.1285,-0.1428,-0.0037,-0.2124,0.2955,-0.0369,0.1201,-0.1129,-0.0174,-0.0021,-0.0093,-0.0082,0.0196,-0.0267,-0.1706,-0.1388,-0.2562,0.2662,-0.6214,0.3828,-0.4427,-0.0643,0.3272,0.3611,-0.6479,0.2139,-0.3297,-0.1661,0.4932,0.6127,-0.9467,0.0,0.0,0.0,0.0,0.0,0.0,0.0,0.0,0.0,
1.4,run,-0.1,3.32,0.22,0.08,-1.65,0.0,0.0,0.0,0.052,-0.53,-33.4,46.67,-8.96,-14.15,12.04,13.18,-41.04,43.59,11.43,-5.89,10.2,7.47,-41.92,40.78,16.96,8.61,-15.38,-0.43,-34.97,52.78,-9.24,-7.69,11.09,13.69,-47.03,50.29,11.94,-3.09,7.72,7.6,-44.99,46.42,16.78,9.11,-16.06,-0.0122,-0.1814,-0.1242,-0.2639,0.3148,-0.6342,0.3912,-0.4999,-0.0153,0.3411,0.3984,-0.6738,0.2172,-0.3634,-0.1236,0.4795,0.6201,-0.9536,0.006,0.013,0.006,0.0,0.006,0.006,0.006,0.039,0.026,0.0,0.006,0.013,0.0,0.052,0.006,0.0,0.0,0.0,-0.0199,-0.5737,0.7854,-0.1519,-0.2777,0.2148,0.2286,-0.6949,0.7271,0.1933,-0.1243,0.1902,0.1319,-0.7179,0.6857,0.3037,0.1381,-0.2638,0.0271,-0.274,0.2939,-0.0715,0.214,-0.0649,0.0461,-0.2991,0.294,0.0706,0.1415,-0.1457,-0.0026,-0.2002,0.2984,-0.0259,0.107,-0.0962,-0.0141,-0.003,0.0083,0.0062,0.011,-0.019,-0.1786,-0.1295,-0.26,0.2924,-0.6284,0.3888,-0.4715,-0.0401,0.3313,0.3798,-0.6604,0.2133,-0.3446,-0.1446,0.4866,0.617,-0.9478,0.0,0.0,0.0,0.0,0.0,0.0,0.0,0.0,0.0,
1.44,run,-0.1,3.31,-0.25,0.01,0.87,0.0,0.0,0.0,0.052,-0.53,-34.37,48.96,-8.96,-11.95,11.25,13.54,-43.15,45.97,11.87,-4.31,8.7,7.47,-43.33,43.15,16.88,9.05,-15.73,-0.16,-35.05,54.28,-9.36,-6.5,10.73,13.74,-48.53,51.79,12.27,-2.17,6.68,7.8,-46.08,47.92,16.53,9.28,-16.13,-0.0045,-0.1828,-0.1174,-0.2675,0.3364,-0.6385,0.3927,-0.5272,0.0141,0.3507,0.415,-0.6861,0.2227,-0.3833,-0.0976,0.4723,0.6232,-0.9545,0.006,0.013,0.006,0.0,0.006,0.006,0.006,0.039,0.026,0.0,0.006,0.013,0.0,0.052,0.006,0.0,0.0,0.0,-0.0092,-0.589,0.8115,-0.1595,-0.2531,0.2071,0.2286,-0.7194,0.7517,0.1979,-0.1089,0.1749,0.1319,-0.7332,0.7102,0.2961,0.1442,-0.2715,0.0592,-0.2494,0.3036,-0.0788,0.2419,-0.0742,0.0322,-0.3015,0.2979,0.0667,0.1566,-0.1596,-0.0018,-0.1977,0.301,-0.0469,0.0979,-0.0961,-0.013,-0.0007,0.0039,0.0014,-0.0287,-0.0122,-0.1814,-0.1242,-0.2639,0.3148,-0.6342,0.3912,-0.4999,-0.0153,0.3411,0.3984,-0.6738,0.2172,-0.3634,-0.1236,0.4795,0.6201,-0.9536,0.0,0.0,0.0,0.0,0.0,0.0,0.0,0.0,0.0,
1.48,run,-0.07,3.32,0.76,0.38,-1.31,0.0,0.0,0.0,0.052,0.0,-34.54,50.1,-8.96,-10.72,10.99,13.54,-44.38,47.11,11.95,-3.69,8.09,7.47,-43.95,44.3,16.7,9.05,-16.0,0.41,-34.86,54.75,-9.17,-5.0,9.23,14.06,-50.03,53.29,12.4,-0.67,5.18,8.12,-47.58,49.42,16.42,9.48,-16.36,0.0118,-0.1793,-0.1206,-0.2621,0.3749,-0.6585,0.4016,-0.5684,0.0552,0.3543,0.4457,-0.7146,0.232,-0.4156,-0.0549,0.4691,0.6269,-0.9572,0.006,0.013,0.006,0.0,0.006,0.006,0.006,0.039,0.026,0.0,0.006,0.013,0.0,0.052,0.006,0.0,0.0,0.0,-0.0092,-0.6059,0.8514,-0.1595,-0.2148,0.1933,0.2347,-0.7563,0.7931,0.2056,-0.0813,0.1488,0.1319,-0.7578,0.7517,0.2945,0.1519,-0.2777,0.0415,-0.2146,0.3073,-0.0552,0.2604,-0.0847,0.0371,-0.2985,0.3069,0.0649,0.1752,-0.1737,-0.0013,-0.1967,0.3091,-0.0365,0.0868,-0.0819,-0.0129,-0.0016,-0.0044,0.0002,0.0152,-0.0045,-0.1828,-0.1174,-0.2675,0.3364,-0.6385,0.3927,-0.5272,0.0141,0.3507,0.415,-0.6861,0.2227,-0.3833,-0.0976,0.4723,0.6232,-0.9545,0.0,0.0,0.0,0.0,0.0,0.0,0.0,0.0,0.0,
1.52,run,-0.11,3.31,-0.74,-0.48,2.54,0.0,0.0,0.0,0.111,-0.44,-34.54,51.42,-9.05,-9.23,10.63,13.54,-45.7,48.52,12.22,-2.81,7.21,7.82,-44.74,45.7,16.44,9.14,-16.08,0.7,-35.26,55.46,-9.47,-3.62,8.92,14.08,-51.53,54.79,12.89,0.12,3.68,8.52,-48.91,50.92,16.14,9.65,-16.76,0.0199,-0.1866,-0.1122,-0.2706,0.3887,-0.6598,0.4024,-0.5914,0.0807,0.3684,0.4566,-0.7234,0.2435,-0.4347,-0.0318,0.4612,0.6301,-0.9619,0.019,0.013,0.006,0.006,0.013,0.019,0.006,0.039,0.026,0.006,0.006,0.013,0.006,0.111,0.013,0.006,0.006,0.006,0.0,-0.609,0.8713,-0.1595,-0.1933,0.1887,0.2347,-0.7777,0.813,0.2071,-0.0706,0.1381,0.1319,-0.7685,0.7716,0.2915,0.1519,-0.2823,0.0676,-0.1631,0.2987,-0.0386,0.2723,-0.0786,0.026,-0.299,0.2985,0.0519,0.1677,-0.1666,-0.0009,-0.1827,0.3,-0.0384,0.0607,-0.0766,-0.0108,-0.0005,0.0133,0.0066,-0.0229,0.0118,-0.1793,-0.1206,-0.2621,0.3749,-0.6585,0.4016,-0.5684,0.0552,0.3543,0.4457,-0.7146,0.232,-0.4156,-0.0549,0.4691,0.6269,-0.9572,0.0,0.0,0.0,0.0,0.0,0.0,0.0,0.0,0.0,
1.56,run,-0.05,3.34,1.54,0.54,-2.05,0.0,0.0,0.0,0.111,0.7,-34.54,52.73,-9.14,-7.82,9.84,13.8,-47.11,49.92,12.48,-1.85,5.98,8.26,-45.79,47.2,16.26,9.49,-16.44,1.09,-35.21,55.41,-9.32,-2.39,7.81,14.29,-53.03,56.29,12.97,1.05,2.18,8.81,-50.11,52.42,16.05,9.78,-16.77,0.0311,-0.1856,-0.1128,-0.2663,0.4111,-0.6728,0.4084,-0.6127,0.1042,0.3704,0.4737,-0.7404,0.2517,-0.4566,-0.0019,0.4585,0.6323,-0.962,0.019,0.013,0.006,0.006,0.013,0.019,0.006,0.039,0.026,0.006,0.006,0.013,0.006,0.111,0.013,0.006,0.006,0.006,-0.0077,-0.609,0.8943,-0.1611,-0.1672,0.1825,0.2347,-0.8007,0.8376,0.2117,-0.0552,0.1227,0.1381,-0.7823,0.7961,0.2869,0.1534,-0.2838,0.0186,-0.1142,0.2954,-0.0328,0.2885,-0.078,0.0182,-0.2956,0.301,0.0536,0.1749,-0.1742,0.0224,-0.1797,0.3021,-0.0441,0.0483,-0.0594,-0.0141,-0.0018,-0.0129,-0.0083,0.0444,0.0199,-0.1866,-0.1122,-0.2706,0.3887,-0.6598,0.4024,-0.5914,0.0807,0.3684,0.4566,-0.7234,0.2435,-0.4347,-0.0318,0.4612,0.6301,-0.9619,0.0,0.0,0.0,0.0,0.0,0.0,0.0,0.0,0.0,
1.6,run,-0.11,3.3,-1.16,-0.81,0.06,0.0,0.0,0.0,0.111,0.97,-34.72,53.79,-9.23,-6.33,9.14,13.89,-48.6,51.33,12.83,-0.97,4.83,8.53,-47.02,48.69,16.08,9.58,-16.52,1.42,-34.58,54.9,-9.06,-1.36,6.86,14.31,-54.53,57.79,13.08,1.95,0.68,9.21,-51.49,53.92,16.05,9.81,-16.75,0.0406,-0.1742,-0.1188,-0.2589,0.4299,-0.684,0.4088,-0.6352,0.1322,0.3738,0.49,-0.7569,0.2632,-0.4817,0.029,0.4585,0.6329,-0.9618,0.019,0.013,0.006,0.006,0.013,0.019,0.006,0.039,0.026,0.006,0.006,0.013,0.006,0.111,0.013,0.006,0.006,0.006,0.0123,-0.609,0.9173,-0.1626,-0.1427,0.1687,0.2393,-0.8253,0.8621,0.2163,-0.0383,0.1012,0.1457,-0.8007,0.8222,0.2838,0.1595,-0.2899,0.0881,-0.0799,0.2935,-0.0287,0.2944,-0.1066,0.0301,-0.2994,0.3031,0.0548,0.186,-0.2028,0.0446,-0.1951,0.3097,-0.0425,0.0569,-0.0647,-0.0092,0.0006,0.0269,0.0094,-0.0358,0.0311,-0.1856,-0.1128,-0.2663,0.4111,-0.6728,0.4084,-0.6127,0.1042,0.3704,0.4737,-0.7404,0.2517,-0.4566,-0.0019,0.4585,0.6323,-0.962,0.0,0.0,0.0,0.0,0.0,0.0,0.0,0.0,0.0,
1.64,run,-0.12,3.33,-0.62,-0.25,2.51,0.0,0.0,0.0,0.111,1.05,-34.72,54.49,-9.23,-5.01,8.26,14.06,-50.01,52.73,12.83,0.09,3.52,8.88,-48.25,49.92,16.08,9.76,-16.52,1.84,-34.29,54.69,-8.84,-0.33,5.97,14.57,-56.03,59.29,13.07,2.85,-0.52,9.58,-52.35,55.42,16.03,9.91,-16.35,0.0525,-0.1689,-0.1212,-0.2527,0.4485,-0.6945,0.4163,-0.6505,0.1578,0.3735,0.5063,-0.7708,0.2737,-0.4972,0.0623,0.458,0.6348,-0.9571,0.0,0.0,0.006,0.006,0.013,0.013,0.006,0.039,0.019,0.006,0.006,0.006,0.006,0.065,0.006,0.0,0.0,0.0,0.0169,-0.6121,0.9357,-0.1641,-0.1166,0.1565,0.2408,-0.8514,0.8866,0.2224,-0.023,0.0813,0.1503,-0.8222,0.8483,0.2807,0.1611,-0.2915,0.0781,-0.0669,0.2711,-0.0256,0.2991,-0.1184,0.0265,-0.3026,0.2998,0.0603,0.1849,-0.2131,0.0476,-0.2132,0.3098,-0.0407,0.0453,-0.0507,-0.0137,-0.0021,-0.0202,-0.014,0.0011,0.0406,-0.1742,-0.1188,-0.2589,0.4299,-0.684,0.4088,-0.6352,0.1322,0.3738,0.49,-0.7569,0.2632,-0.4817,0.029,0.4585,0.6329,-0.9618,0.0,0.0,0.0,0.0,0.0,0.0,0.0,0.0,0.0,
1.68,run,-0.08,3.35,-0.01,0.56,-1.52,0.0,0.0,0.0,0.111,1.85,-34.72,54.67,-9.23,-3.69,7.29,14.24,-51.42,54.14,13.01,1.05,2.2,9.32,-49.48,51.5,16.08,9.84,-16.52,2.2,-33.92,54.28,-8.62,0.84,4.94,14.78,-57.53,60.79,13.03,3.8,-1.85,9.91,-53.32,56.92,16.1,10.16,-16.24,0.0628,-0.1622,-0.1262,-0.2463,0.4698,-0.7066,0.4223,-0.6673,0.1803,0.3724,0.5237,-0.7864,0.2831,-0.5149,0.093,0.4601,0.6393,-0.9557,0.0,0.0,0.006,0.006,0.013,0.013,0.006,0.039,0.019,0.006,0.006,0.006,0.006,0.065,0.006,0.0,0.0,0.0,0.0184,-0.6121,0.948,-0.1641,-0.0936,0.1411,0.2439,-0.8759,0.9112,0.2224,-0.0046,0.0583,0.1565,-0.8437,0.8698,0.2807,0.1641,-0.2915,0.0607,-0.0468,0.2381,-0.0179,0.3,-0.1433,0.0307,-0.3085,0.3066,0.0422,0.202,-0.2398,0.0575,-0.2339,0.3015,-0.0285,0.0438,-0.0355,-0.0146,0.0003,-0.0108,-0.0043,0.0437,0.0525,-0.1689,-0.1212,-0.2527,0.4485,-0.6945,0.4163,-0.6505,0.1578,0.3735,0.5063,-0.7708,0.2737,-0.4972,0.0623,0.458,0.6348,-0.9571,0.0,0.0,0.0,0.0,0.0,0.0,0.0,0.0,0.0,
1.72,run,-0.09,3.4,-0.22,0.42,1.35,0.0,0.0,0.0,0.111,2.02,-34.45,55.02,-9.23,-2.37,6.42,14.41,-52.91,55.55,12.83,2.02,0.88,9.49,-50.54,52.82,16.08,9.84,-16.44,2.54,-33.1,53.66,-8.24,1.79,3.85,14.9,-59.03,62.29,12.94,4.62,-3.06,10.37,-54.45,58.42,16.19,10.17,-15.96,0.0727,-0.1473,-0.1334,-0.2355,0.487,-0.7194,0.4256,-0.6833,0.2064,0.3696,0.5385,-0.8007,0.2962,-0.5354,0.1239,0.4626,0.6394,-0.9525,0.0,0.0,0.006,0.006,0.013,0.013,0.006,0.039,0.019,0.006,0.006,0.006,0.006,0.065,0.006,0.0,0.0,0.0,0.0322,-0.6121,0.9511,-0.1641,-0.0706,0.1243,0.247,-0.9004,0.9357,0.2255,0.0123,0.0353,0.1641,-0.8652,0.8974,0.2807,0.1657,-0.2915,0.0946,-0.0328,0.1783,-0.0125,0.2969,-0.1641,0.033,-0.3087,0.3073,0.0411,0.2051,-0.2548,0.0692,-0.2448,0.3153,-0.0199,0.0365,-0.0249,-0.0116,0.0018,-0.0001,0.0098,-0.0265,0.0628,-0.1622,-0.1262,-0.2463,0.4698,-0.7066,0.4223,-0.6673,0.1803,0.3724,0.5237,-0.7864,0.2831,-0.5149,0.093,0.4601,0.6393,-0.9557,0.0,0.0,0.0,0.0,0.0,0.0,0.0,0.0,0.0,
1.76,run,-0.11,3.41,-0.05,-0.43,1.36,0.0,0.0,0.0,0.111,2.02,-33.93,55.02,-9.14,-1.14,5.45,14.59,-54.32,56.95,12.83,2.9,-0.35,10.02,-51.77,54.32,16.08,10.02,-16.26,2.88,-32.62,53.06,-7.92,2.84,2.78,15.08,-60.53,63.79,12.79,5.45,-4.28,10.76,-55.23,59.92,16.25,10.32,-15.65,0.0823,-0.1385,-0.1405,-0.2262,0.5062,-0.7319,0.431,-0.6944,0.2268,0.3654,0.5537,-0.8151,0.3073,-0.5496,0.1531,0.4643,0.6422,-0.9489,0.0,0.0,0.019,0.013,0.013,0.006,0.0,0.039,0.019,0.0,0.0,0.006,0.006,0.065,0.006,0.006,0.0,0.0,0.0353,-0.6075,0.9572,-0.1641,-0.0476,0.1089,0.25,-0.9265,0.9603,0.2224,0.0291,0.0123,0.1672,-0.8836,0.9204,0.2807,0.1657,-0.2899,0.0778,-0.0057,0.1478,-0.0088,0.2942,-0.1724,0.0346,-0.314,0.3072,0.0173,0.2069,-0.2647,0.06,-0.2405,0.3071,-0.0139,0.0255,-0.0116,-0.0124,0.0058,-0.0039,0.0074,0.0236,0.0727,-0.1473,-0.1334,-0.2355,0.487,-0.7194,0.4256,-0.6833,0.2064,0.3696,0.5385,-0.8007,0.2962,-0.5354,0.1239,0.4626,0.6394,-0.9525,0.0,0.0,0.0,0.0,0.0,0.0,0.0,0.0,0.0,
1.8,run,-0.08,3.39,0.03,-0.08,-1.17,0.0,0.0,0.0,0.111,3.08,-33.4,54.49,-8.44,0.09,4.39,14.77,-55.81,58.45,12.83,3.87,-1.76,10.37,-52.91,55.72,16.08,10.11,-16.0,3.21,-31.8,52.27,-7.42,3.75,1.63,15.24,-62.03,65.29,12.51,6.22,-5.49,11.13,-56.12,61.42,16.38,10.39,-15.3,0.0917,-0.1237,-0.1498,-0.2119,0.5227,-0.7456,0.4356,-0.7045,0.2471,0.3575,0.5676,-0.8293,0.318,-0.5658,0.1797,0.4681,0.6435,-0.9447,0.0,0.0,0.019,0.013,0.013,0.006,0.0,0.039,0.019,0.0,0.0,0.006,0.006,0.065,0.006,0.006,0.0,0.0,0.0353,-0.5983,0.9572,-0.1626,-0.0261,0.092,0.2531,-0.9511,0.9848,0.2224,0.0445,-0.0092,0.1764,-0.905,0.9465,0.2807,0.1687,-0.2869,0.0544,0.0303,0.1035,-0.0004,0.2859,-0.1835,0.0357,-0.3111,0.3064,0.0121,0.202,-0.2653,0.0762,-0.2483,0.3121,-0.0098,0.0293,0.0033,-0.0139,0.0069,-0.0008,-0.0075,0.0238,0.0823,-0.1385,-0.1405,-0.2262,0.5062,-0.7319,0.431,-0.6944,0.2268,0.3654,0.5537,-0.8151,0.3073,-0.5496,0.1531,0.4643,0.6422,-0.9489,0.0,0.0,0.0,0.0,0.0,0.0,0.0,0.0,0.0,
1.84,run,-0.12,3.38,-0.8,-0.81,0.99,0.0,0.0,0.0,0.111,2.72,-32.87,53.61,-7.82,1.23,3.43,14.94,-57.3,59.77,12.83,4.66,-2.9,10.72,-53.88,57.13,16.26,10.2,-15.73,3.52,-30.84,51.06,-6.84,4.67,0.31,15.32,-63.53,66.79,12.18,6.98,-6.82,11.57,-56.91,62.92,16.57,10.3,-14.82,0.1006,-0.1061,-0.164,-0.1954,0.5395,-0.7611,0.4378,-0.7138,0.2696,0.3479,0.5814,-0.8449,0.3306,-0.5802,0.2075,0.4734,0.6418,-0.9391,0.0,0.0,0.019,0.013,0.013,0.006,0.0,0.039,0.019,0.0,0.0,0.006,0.006,0.065,0.006,0.006,0.0,0.0,0.0537,-0.589,0.948,-0.1503,-0.0046,0.0736,0.2562,-0.9771,1.0109,0.2224,0.0614,-0.0337,0.1825,-0.925,0.971,0.2807,0.1703,-0.2823,0.107,0.0556,0.038,0.0456,0.2805,-0.1973,0.0365,-0.3154,0.3121,0.0085,0.2045,-0.2775,0.0763,-0.2484,0.3103,-0.0068,0.0262,0.0195,-0.0112,0.0056,0.0005,-0.0014,-0.0203,0.0917,-0.1237,-0.1498,-0.2119,0.5227,-0.7456,0.4356,-0.7045,0.2471,0.3575,0.5676,-0.8293,0.318,-0.5658,0.1797,0.4681,0.6435,-0.9447,0.0,0.0,0.0,0.0,0.0,0.0,0.0,0.0,0.0,
1.88,run,-0.11,3.43,0.47,0.55,0.8,0.0,0.0,0.0,0.111,3.25,-32.17,52.82,-7.73,2.37,2.37,15.12,-58.71,61.26,12.3,5.54,-4.22,11.25,-54.84,58.62,16.44,10.2,-15.38,3.81,-30.04,50.16,-6.29,5.58,-0.9,15.55,-64.53,68.29,11.7,7.73,-7.84,11.94,-57.42,64.42,16.72,10.4,-14.32,0.109,-0.0916,-0.1745,-0.1798,0.556,-0.7753,0.4442,-0.7187,0.2864,0.3344,0.5951,-0.857,0.3411,-0.5895,0.2307,0.4778,0.6437,-0.9332,0.006,0.006,0.006,0.019,0.006,0.013,0.006,0.026,0.019,0.0,0.006,0.013,0.006,0.039,0.013,0.006,0.0,0.006,0.0476,-0.5798,0.9327,-0.1396,0.0153,0.0568,0.2592,-1.0032,1.0339,0.2224,0.0752,-0.0537,0.1887,-0.9419,0.9956,0.2838,0.1718,-0.2777,0.0518,0.0736,-0.0312,0.0724,0.2715,-0.2017,0.0371,-0.319,0.3051,0.0059,0.1952,-0.2694,0.0765,-0.2374,0.3096,0.0068,0.0241,0.031,-0.0152,0.0048,-0.014,-0.0142,0.0172,0.1006,-0.1061,-0.164,-0.1954,0.5395,-0.7611,0.4378,-0.7138,0.2696,0.3479,0.5814,-0.8449,0.3306,-0.5802,0.2075,0.4734,0.6418,-0.9391,0.0,0.0,0.0,0.0,0.0,0.0,0.0,0.0,0.0,
1.92,run,-0.1,3.4,-0.23,-0.46,-0.39,0.0,0.0,0.0,0.111,3.78,-31.03,51.5,-7.12,3.78,0.7,15.12,-60.82,63.19,11.78,6.68,-5.98,11.78,-56.07,60.64,16.79,10.2,-14.77,4.03,-29.02,49.0,-5.71,6.42,-2.08,15.62,-64.82,69.79,11.31,8.45,-8.88,12.33,-58.01,65.92,16.91,10.48,-13.9,0.1152,-0.0732,-0.1882,-0.1631,0.5713,-0.7891,0.4462,-0.7241,0.3014,0.3232,0.6082,-0.8692,0.3522,-0.6002,0.2542,0.4832,0.6451,-0.9282,0.006,0.006,0.006,0.019,0.006,0.013,0.006,0.026,0.019,0.0,0.006,0.013,0.006,0.039,0.013,0.006,0.0,0.006,0.0568,-0.5676,0.9189,-0.1381,0.0353,0.0383,0.2623,-1.0278,1.06,0.2132,0.0905,-0.0767,0.1979,-0.9587,1.0216,0.2869,0.1718,-0.2715,0.0707,0.0975,-0.0736,0.0564,0.2648,-0.2102,0.0374,-0.3153,0.3113,-0.0303,0.1941,-0.2748,0.0881,-0.2295,0.3145,0.0162,0.0169,0.0447,-0.0139,0.0085,0.0083,0.0095,0.0139,0.109,-0.0916,-0.1745,-0.1798,0.556,-0.7753,0.4442,-0.7187,0.2864,0.3344,0.5951,-0.857,0.3411,-0.5895,0.2307,0.4778,0.6437,-0.9332,0.0,0.0,0.0,0.0,0.0,0.0,0.0,0.0,0.0,
1.96,run,-0.14,3.38,-0.77,-0.68,2.32,0.0,0.0,0.0,0.111,3.52,-30.5,50.8,-6.15,4.66,-0.18,15.38,-62.23,64.69,11.69,7.38,-6.94,11.95,-56.69,62.05,16.79,10.2,-14.5,4.35,-27.57,47.5,-4.82,7.43,-3.58,15.74,-65.04,71.29,10.68,9.33,-10.31,12.83,-58.69,67.42,17.17,10.41,-13.09,0.1243,-0.0468,-0.2086,-0.1377,0.5897,-0.8089,0.4498,-0.7281,0.3238,0.3051,0.6242,-0.886,0.3667,-0.6125,0.2843,0.4907,0.6438,-0.9188,0.006,0.006,0.006,0.019,0.006,0.013,0.006,0.026,0.019,0.0,0.006,0.013,0.006,0.039,0.013,0.006,0.0,0.006,0.066,-0.5476,0.8958,-0.1273,0.0598,0.0092,0.2623,-1.0646,1.0937,0.204,0.1104,-0.1074,0.2071,-0.9802,1.0569,0.293,0.1718,-0.2608,0.0738,0.1209,-0.1122,0.0678,0.2501,-0.224,0.0262,-0.3179,0.307,-0.0455,0.1885,-0.2733,0.0859,-0.2173,0.3132,0.0276,0.0118,0.0596,-0.0137,0.0064,-0.004,-0.0081,-0.0068,0.1152,-0.0732,-0.1882,-0.1631,0.5713,-0.7891,0.4462,-0.7241,0.3014,0.3232,0.6082,-0.8692,0.3522,-0.6002,0.2542,0.4832,0.6451,-0.9282,0.0,0.0,0.0,0.0,0.0,0.0,0.0,0.0,0.0,
2.0,run,-0.08,3.39,1.09,0.84,-0.75,0.0,0.0,0.0,0.111,4.66,-29.79,50.01,-6.06,5.54,-1.23,15.47,-63.28,66.09,11.16,8.09,-8.09,12.3,-57.48,63.46,16.88,10.2,-14.06,4.57,-26.86,46.2,-4.27,8.18,-4.85,15.91,-65.06,72.79,10.11,9.92,-11.1,13.16,-58.92,68.92,17.32,10.5,-12.56,0.1306,-0.0338,-0.2212,-0.122,0.6032,-0.8218,0.4545,-0.7283,0.3363,0.289,0.635,-0.8953,0.376,-0.6167,0.3008,0.4947,0.6455,-0.9125,0.006,0.006,0.006,0.013,0.006,0.013,0.006,0.013,0.019,0.006,0.006,0.013,0.0,0.026,0.006,0.0,0.006,0.006,0.0614,-0.5384,0.8836,-0.1104,0.0752,-0.0061,0.2669,-1.0891,1.1198,0.2025,0.1227,-0.1243,0.2102,-0.991,1.0815,0.293,0.1718,-0.2562,0.0346,0.1189,-0.1242,0.1102,0.2321,-0.2139,0.0355,-0.3138,0.3119,-0.0376,0.1776,-0.2541,0.0716,-0.192,0.3105,0.0193,0.0083,0.0588,-0.0164,0.0047,-0.0134,-0.0119,0.0404,0.1243,-0.0468,-0.2086,-0.1377,0.5897,-0.8089,0.4498,-0.7281,0.3238,0.3051,0.6242,-0.886,0.3667,-0.6125,0.2843,0.4907,0.6438,-0.9188,0.0,0.0,0.0,0.0,0.0,0.0,0.0,0.0,0.0,
2.04,run,-0.1,3.35,-0.4,-0.37,0.38,0.0,0.0,0.0,0.111,4.39,-28.83,48.96,-5.98,6.5,-2.55,15.47,-64.07,67.41,10.46,8.79,-9.23,12.83,-58.1,64.86,17.23,10.28,-13.54,4.71,-25.79,44.95,-3.66,8.73,-5.8,15.86,-65.2,74.29,9.75,10.39,-11.8,13.49,-59.39,70.42,17.51,10.5,-12.14,0.1345,-0.0143,-0.2359,-0.1047,0.6132,-0.8329,0.4531,-0.7308,0.3474,0.2784,0.6435,-0.9035,0.3853,-0.6253,0.3174,0.5003,0.6454,-0.9076,0.006,0.006,0.006,0.013,0.006,0.013,0.006,0.013,0.019,0.006,0.006,0.013,0.0,0.026,0.006,0.0,0.006,0.006,0.0813,-0.5262,0.8698,-0.1089,0.0905,-0.0245,0.2684,-1.1075,1.1443,0.1933,0.135,-0.1442,0.2163,-1.0048,1.106,0.2945,0.1718,-0.2485,0.0989,0.1292,-0.1387,0.0829,0.22,-0.2187,0.0306,-0.2886,0.3103,-0.0608,0.1703,-0.2526,0.0731,-0.1862,0.3094,0.0193,0.0058,0.0699,-0.0111,0.0057,0.0191,0.0147,-0.0131,0.1306,-0.0338,-0.2212,-0.122,0.6032,-0.8218,0.4545,-0.7283,0.3363,0.289,0.635,-0.8953,0.376,-0.6167,0.3008,0.4947,0.6455,-0.9125,0.0,0.0,0.0,0.0,0.0,0.0,0.0,0.0,0.0,
2.08,run,-0.16,3.34,-0.67,0.05,-0.01,0.0,0.0,0.0,0.111,4.57,-27.95,47.81,-4.92,7.29,-3.69,15.64,-64.69,68.91,10.11,9.49,-10.28,13.18,-58.54,66.27,17.23,10.28,-12.92,4.92,-24.67,43.78,-2.99,9.3,-6.59,15.93,-65.13,75.79,9.11,10.97,-12.44,13.75,-59.63,71.92,17.67,10.57,-11.42,0.1406,0.006,-0.2497,-0.0855,0.6236,-0.8422,0.4553,-0.7296,0.3578,0.2603,0.654,-0.911,0.3929,-0.6296,0.3332,0.5048,0.6467,-0.899,0.006,0.006,0.006,0.013,0.006,0.013,0.006,0.013,0.019,0.006,0.006,0.013,0.0,0.026,0.006,0.0,0.006,0.006,0.0767,-0.5093,0.8514,-0.1074,0.1074,-0.0476,0.2684,-1.1213,1.1674,0.181,0.1473,-0.1641,0.2255,-1.0155,1.1305,0.3007,0.1733,-0.2393,0.052,0.1538,-0.1662,0.0638,0.2174,-0.2395,0.0214,-0.2539,0.3037,-0.0887,0.1653,-0.2517,0.0858,-0.1707,0.3088,0.0365,0.0098,0.0835,-0.013,0.0017,-0.0071,-0.0065,0.0066,0.1345,-0.0143,-0.2359,-0.1047,0.6132,-0.8329,0.4531,-0.7308,0.3474,0.2784,0.6435,-0.9035,0.3853,-0.6253,0.3174,0.5003,0.6454,-0.9076,0.0,0.0,0.0,0.0,0.0,0.0,0.0,0.0,0.0,
2.12,run,-0.08,3.37,1.35,0.73,-2.36,0.0,0.0,0.0,0.111,5.19,-26.89,46.58,-4.22,8.09,-4.83,15.64,-65.04,70.31,9.49,10.2,-11.25,13.54,-58.97,67.76,17.67,10.37,-12.3,5.09,-23.56,42.43,-2.32,10.01,-7.66,15.92,-65.08,77.29,8.45,11.47,-13.09,14.02,-59.89,73.42,17.85,10.57,-10.82,0.1455,0.0261,-0.2655,-0.0664,0.6365,-0.8549,0.4548,-0.7288,0.3692,0.2414,0.663,-0.9187,0.4007,-0.6344,0.3469,0.5101,0.6468,-0.8921,0.013,0.0,0.006,0.019,0.006,0.006,0.0,0.0,0.019,0.006,0.0,0.013,0.006,0.026,0.0,0.0,0.006,0.0,0.0798,-0.4939,0.8314,-0.089,0.1212,-0.0675,0.2715,-1.1321,1.1934,0.1749,0.1595,-0.1825,0.2316,-1.0232,1.1551,0.3007,0.1733,-0.2286,0.0478,0.1648,-0.1907,0.1132,0.2036,-0.242,0.0264,-0.2177,0.3097,-0.0849,0.1614,-0.2448,0.0829,-0.148,0.3076,0.0256,0.0069,0.0985,-0.0181,0.001,-0.0117,0.0009,-0.0002,0.1406,0.006,-0.2497,-0.0855,0.6236,-0.8422,0.4553,-0.7296,0.3578,0.2603,0.654,-0.911,0.3929,-0.6296,0.3332,0.5048,0.6467,-0.899,0.0,0.0,0.0,0.0,0.0,0.0,0.0,0.0,0.0,
2.16,run,-0.16,3.34,-1.35,-0.75,1.62,0.0,0.0,0.0,0.111,4.66,-25.75,45.44,-3.52,8.88,-5.8,15.64,-64.86,71.72,8.96,10.81,-12.04,13.8,-59.33,69.17,17.67,10.46,-11.69,5.21,-22.24,40.93,-1.53,10.6,-8.78,15.77,-65.02,78.79,7.81,11.93,-13.74,14.31,-60.21,74.92,18.05,10.61,-10.25,0.1488,0.0502,-0.286,-0.0437,0.6473,-0.8679,0.4507,-0.7277,0.3773,0.223,0.6715,-0.9264,0.4088,-0.6401,0.3595,0.5157,0.6474,-0.8853,0.013,0.0,0.006,0.019,0.006,0.006,0.0,0.0,0.019,0.006,0.0,0.013,0.006,0.026,0.0,0.0,0.006,0.0,0.0905,-0.4755,0.8099,-0.0767,0.135,-0.0874,0.2715,-1.1382,1.218,0.1641,0.1718,-0.1994,0.2378,-1.0308,1.1812,0.3083,0.1749,-0.2178,0.0738,0.1845,-0.2141,0.1253,0.1944,-0.2443,0.0185,-0.1755,0.309,-0.0998,0.1591,-0.2347,0.0811,-0.1324,0.3132,0.0467,0.0106,0.1093,-0.0116,0.0034,0.0236,0.0127,-0.0413,0.1455,0.0261,-0.2655,-0.0664,0.6365,-0.8549,0.4548,-0.7288,0.3692,0.2414,0.663,-0.9187,0.4007,-0.6344,0.3469,0.5101,0.6468,-0.8921,0.0,0.0,0.0,0.0,0.0,0.0,0.0,0.0,0.0,
2.2,run,-0.12,3.37,0.85,0.97,-1.33,0.0,0.0,0.0,0.111,5.19,-24.79,44.21,-2.81,9.58,-6.94,15.64,-64.86,73.12,8.44,11.25,-12.83,14.06,-59.68,70.58,17.93,10.46,-11.16,5.39,-21.09,39.43,-0.77,11.08,-9.34,15.78,-64.51,80.29,7.01,12.34,-14.07,14.46,-60.03,76.42,18.11,10.63,-9.23,0.1539,0.0712,-0.3033,-0.0221,0.656,-0.8746,0.4507,-0.7183,0.3834,0.2001,0.6788,-0.9303,0.4131,-0.6369,0.369,0.5175,0.6478,-0.8733,0.013,0.0,0.006,0.019,0.006,0.006,0.0,0.0,0.019,0.006,0.0,0.013,0.006,0.026,0.0,0.0,0.006,0.0,0.0813,-0.4556,0.79,-0.0644,0.1488,-0.1043,0.2715,-1.1351,1.2425,0.1549,0.1825,-0.2132,0.2424,-1.037,1.2057,0.3083,0.1764,-0.2071,0.017,0.2042,-0.225,0.134,0.188,-0.2345,0.0129,-0.1113,0.3087,-0.1045,0.1518,-0.2163,0.0741,-0.1158,0.3117,0.0327,0.0132,0.1169,-0.0181,0.0008,-0.0236,-0.0131,0.0283,0.1488,0.0502,-0.286,-0.0437,0.6473,-0.8679,0.4507,-0.7277,0.3773,0.223,0.6715,-0.9264,0.4088,-0.6401,0.3595,0.5157,0.6474,-0.8853,0.0,0.0,0.0,0.0,0.0,0.0,0.0,0.0,0.0,
2.24,run,-0.12,3.36,-0.26,-0.08,-1.62,0.0,0.0,0.0,0.111,5.54,-23.64,42.98,-2.11,10.28,-7.91,15.64,-64.69,74.53,7.73,11.78,-13.54,14.33,-59.85,72.07,18.02,10.46,-10.46,5.48,-19.78,37.93,-0.06,11.59,-10.38,15.62,-64.34,81.79,6.42,12.69,-14.51,14.7,-60.28,77.92,18.27,10.68,-8.74,0.1565,0.0949,-0.3222,-0.0016,0.6653,-0.8868,0.4463,-0.7152,0.3895,0.1833,0.6853,-0.9355,0.42,-0.6414,0.3779,0.5221,0.6487,-0.8676,0.006,0.006,0.013,0.013,0.006,0.013,0.0,0.0,0.026,0.013,0.0,0.006,0.006,0.019,0.006,0.006,0.006,0.006,0.0905,-0.4387,0.7685,-0.0522,0.1611,-0.1243,0.2715,-1.1351,1.2671,0.1457,0.1902,-0.227,0.247,-1.0431,1.2303,0.3129,0.1764,-0.1979,0.0462,0.2059,-0.2376,0.1395,0.1774,-0.2385,0.0091,-0.0779,0.3076,-0.1075,0.1349,-0.2029,0.069,-0.1039,0.3097,0.04,0.0092,0.1162,-0.0151,0.004,0.0148,0.017,-0.0231,0.1539,0.0712,-0.3033,-0.0221,0.656,-0.8746,0.4507,-0.7183,0.3834,0.2001,0.6788,-0.9303,0.4131,-0.6369,0.369,0.5175,0.6478,-0.8733,0.0,0.0,0.0,0.0,0.0,0.0,0.0,0.0,0.0,
2.28,run,-0.14,3.36,-0.55,-0.34,2.06,0.0,0.0,0.0,0.111,4.92,-22.5,41.57,-1.32,10.81,-8.88,15.64,-64.42,75.94,7.03,12.22,-14.15,14.5,-59.94,73.39,18.11,10.55,-9.76,5.61,-18.49,36.43,0.74,11.94,-11.06,15.5,-63.83,83.29,5.73,12.99,-14.92,14.88,-60.18,79.42,18.36,10.61,-7.75,0.1601,0.1183,-0.343,0.0211,0.6717,-0.8949,0.4429,-0.706,0.3952,0.1637,0.6908,-0.9403,0.4253,-0.6396,0.3868,0.5247,0.6475,-0.8559,0.006,0.006,0.013,0.013,0.006,0.013,0.0,0.0,0.026,0.013,0.0,0.006,0.006,0.019,0.006,0.006,0.006,0.006,0.0966,-0.4188,0.747,-0.0399,0.1733,-0.1411,0.2715,-1.1321,1.2916,0.1335,0.1994,-0.2393,0.2516,-1.0462,1.2563,0.3145,0.1764,-0.1856,0.0554,0.2189,-0.2468,0.1437,0.1702,-0.2303,0.0063,-0.043,0.3074,-0.1212,0.1289,-0.188,0.0656,-0.0843,0.3146,0.0338,0.0065,0.1273,-0.0149,0.0031,-0.0045,-0.0014,-0.0283,0.1565,0.0949,-0.3222,-0.0016,0.6653,-0.8868,0.4463,-0.7152,0.3895,0.1833,0.6853,-0.9355,0.42,-0.6414,0.3779,0.5221,0.6487,-0.8676,0.0,0.0,0.0,0.0,0.0,0.0,0.0,0.0,0.0,
2.32,run,-0.1,3.35,0.57,0.55,-1.21,0.0,0.0,0.0,0.111,5.62,-21.45,40.25,-0.7,11.34,-9.76,15.64,-64.25,77.34,6.42,12.57,-14.59,14.5,-59.94,74.88,18.28,10.55,-9.14,5.73,-17.22,34.93,1.5,12.47,-11.59,15.43,-63.14,84.79,4.93,13.43,-15.21,14.99,-59.85,80.92,18.39,10.68,-6.77,0.1638,0.1414,-0.3635,0.0428,0.6813,-0.9011,0.4409,-0.6934,0.3979,0.1408,0.6988,-0.9436,0.4282,-0.6336,0.3933,0.5255,0.6488,-0.8443,0.006,0.006,0.013,0.013,0.006,0.013,0.0,0.0,0.026,0.013,0.0,0.006,0.006,0.019,0.006,0.006,0.006,0.006,0.0859,-0.3988,0.7225,-0.0261,0.1825,-0.158,0.2715,-1.1275,1.3162,0.1212,0.2071,-0.25,0.2546,-1.0477,1.2793,0.316,0.1779,-0.1733,-0.0015,0.2279,-0.2647,0.1523,0.1536,-0.2244,0.0044,-0.0129,0.3071,-0.1308,0.119,-0.1718,0.0574,-0.0647,0.3064,0.0294,0.0103,0.1351,-0.0169,0.0029,-0.0096,-0.0059,0.0359,0.1601,0.1183,-0.343,0.0211,0.6717,-0.8949,0.4429,-0.706,0.3952,0.1637,0.6908,-0.9403,0.4253,-0.6396,0.3868,0.5247,0.6475,-0.8559,0.0,0.0,0.0,0.0,0.0,0.0,0.0,0.0,0.0,
2.36,run,-0.1,3.32,-0.45,-0.29,-0.26,0.0,0.0,0.0,0.111,5.71,-20.13,38.94,0.09,11.87,-10.63,15.64,-63.81,78.75,5.71,13.01,-15.03,14.85,-59.85,76.38,18.28,10.55,-8.35,5.81,-15.94,33.43,2.23,12.76,-12.34,15.24,-62.66,86.29,4.39,13.65,-15.61,15.18,-59.84,82.42,18.48,10.58,-6.09,0.1659,0.1648,-0.3849,0.0638,0.6866,-0.9099,0.4354,-0.6847,0.4019,0.1253,0.7027,-0.9484,0.4337,-0.6334,0.3993,0.5281,0.6468,-0.8363,0.013,0.006,0.006,0.013,0.006,0.006,0.006,0.006,0.019,0.006,0.0,0.006,0.0,0.0,0.013,0.006,0.0,0.006,0.0982,-0.3804,0.6995,-0.0153,0.1917,-0.1733,0.2715,-1.1244,1.3407,0.1104,0.2132,-0.2577,0.2546,-1.0477,1.3054,0.3191,0.1779,-0.1626,0.0451,0.2288,-0.2718,0.147,0.1421,-0.2147,0.0031,0.0025,0.3072,-0.132,0.1063,-0.1491,0.0402,-0.0453,0.3125,0.0321,0.0072,0.1349,-0.013,0.0021,0.01,0.0097,-0.0211,0.1638,0.1414,-0.3635,0.0428,0.6813,-0.9011,0.4409,-0.6934,0.3979,0.1408,0.6988,-0.9436,0.4282,-0.6336,0.3933,0.5255,0.6488,-0.8443,0.0,0.0,0.0,0.0,0.0,0.0,0.0,0.0,0.0,
2.4,run,-0.16,3.3,-1.09,-0.58,1.87,0.0,0.0,0.0,0.111,5.36,-18.9,37.53,0.79,12.3,-11.43,15.64,-62.93,80.16,4.92,13.36,-15.38,15.03,-59.68,77.78,18.37,10.55,-7.47,5.95,-14.53,31.93,3.05,13.12,-12.83,15.06,-61.87,87.79,3.67,13.95,-15.97,15.28,-59.56,83.92,18.51,10.49,-4.96,0.1699,0.1903,-0.4078,0.087,0.693,-0.9157,0.4303,-0.6704,0.4051,0.1048,0.7082,-0.9526,0.4366,-0.6283,0.4053,0.5288,0.6452,-0.8231,0.013,0.006,0.006,0.013,0.006,0.006,0.006,0.006,0.019,0.006,0.0,0.006,0.0,0.0,0.013,0.006,0.0,0.006,0.0997,-0.3574,0.6765,-0.0015,0.201,-0.1887,0.2715,-1.1167,1.3652,0.0982,0.2209,-0.2654,0.2608,-1.0462,1.3315,0.3191,0.1779,-0.1488,0.0374,0.2467,-0.2768,0.1548,0.1341,-0.208,0.0022,0.0306,0.3074,-0.1385,0.1033,-0.1332,0.0512,-0.0259,0.3168,0.0225,0.005,0.1464,-0.0136,-0.0011,-0.0078,-0.005,-0.0045,0.1659,0.1648,-0.3849,0.0638,0.6866,-0.9099,0.4354,-0.6847,0.4019,0.1253,0.7027,-0.9484,0.4337,-0.6334,0.3993,0.5281,0.6468,-0.8363,0.0,0.0,0.0,0.0,0.0,0.0,0.0,0.0,0.0,
2.44,run,-0.1,3.3,0.54,0.13,-0.94,0.0,0.0,0.0,0.111,6.15,-17.67,36.04,1.49,12.66,-12.04,15.47,-62.75,81.56,4.31,13.62,-15.73,15.03,-59.59,79.19,18.37,10.55,-6.68,6.1,-13.03,30.43,3.83,13.53,-13.1,14.85,-60.92,89.29,2.92,14.29,-16.12,15.33,-59.16,85.42,18.49,10.44,-3.79,0.1744,0.2176,-0.431,0.1095,0.7005,-0.9188,0.4243,-0.6532,0.4068,0.0834,0.7144,-0.9544,0.4379,-0.6211,0.4092,0.5282,0.6443,-0.8093,0.013,0.006,0.006,0.013,0.006,0.006,0.006,0.006,0.019,0.006,0.0,0.006,0.0,0.0,0.013,0.006,0.0,0.006,0.0936,-0.3359,0.6519,0.0107,0.2086,-0.2025,0.2715,-1.1014,1.3898,0.0844,0.227,-0.2715,0.2638,-1.0431,1.356,0.3206,0.1779,-0.1335,0.003,0.2536,-0.2863,0.1546,0.1228,-0.1977,0.0015,0.0793,0.3077,-0.149,0.0954,-0.1164,0.0474,-0.0066,0.3143,0.0215,0.0035,0.1603,-0.0188,-0.0022,-0.019,-0.0102,0.0327,0.1699,0.1903,-0.4078,0.087,0.693,-0.9157,0.4303,-0.6704,0.4051,0.1048,0.7082,-0.9526,0.4366,-0.6283,0.4053,0.5288,0.6452,-0.8231,0.0,0.0,0.0,0.0,0.0,0.0,0.0,0.0,0.0,
2.48,run,-0.12,3.3,-0.43,-0.35,0.72,0.0,0.0,0.0,0.111,5.98,-16.44,34.72,2.29,13.01,-12.74,15.03,-61.96,82.97,3.6,13.97,-16.08,15.03,-59.5,80.6,18.37,10.55,-5.8,6.15,-11.75,28.93,4.54,13.79,-13.7,14.61,-60.23,90.79,2.47,14.45,-16.51,15.44,-59.01,86.92,18.55,10.27,-2.98,0.1758,0.241,-0.4533,0.1298,0.7053,-0.9259,0.4174,-0.6406,0.4084,0.0705,0.7172,-0.9589,0.4412,-0.6184,0.4132,0.53,0.6413,-0.7997,0.013,0.006,0.006,0.013,0.0,0.006,0.006,0.0,0.026,0.006,0.0,0.006,0.019,0.006,0.006,0.013,0.006,0.006,0.1074,-0.3145,0.6259,0.023,0.2148,-0.2132,0.2684,-1.0983,1.4143,0.0736,0.2316,-0.2777,0.2638,-1.0416,1.3806,0.3206,0.1779,-0.1197,0.0536,0.2577,-0.2978,0.1541,0.1089,-0.1785,-0.0104,0.0669,0.307,-0.1444,0.084,-0.1044,0.0332,0.0011,0.3117,0.0151,0.0025,0.1638,-0.0135,-0.0024,0.0095,0.0023,-0.0163,0.1744,0.2176,-0.431,0.1095,0.7005,-0.9188,0.4243,-0.6532,0.4068,0.0834,0.7144,-0.9544,0.4379,-0.6211,0.4092,0.5282,0.6443,-0.8093,0.0,0.0,0.0,0.0,0.0,0.0,0.0,0.0,0.0,
2.52,run,-0.1,3.34,0.39,0.56,-0.76,0.0,0.0,0.0,0.111,6.24,-14.41,32.43,3.52,13.62,-13.45,14.77,-60.73,85.25,2.64,14.33,-16.44,15.29,-58.97,82.88,18.46,10.55,-4.31,6.29,-10.36,27.43,5.26,14.12,-13.87,14.38,-59.3,92.29,1.88,14.65,-16.63,15.46,-58.67,88.42,18.5,10.15,-1.8,0.1797,0.2661,-0.475,0.1503,0.7112,-0.9279,0.411,-0.6236,0.411,0.0536,0.7209,-0.9603,0.4418,-0.6122,0.4161,0.5285,0.639,-0.7858,0.013,0.006,0.006,0.013,0.0,0.006,0.006,0.0,0.026,0.006,0.0,0.006,0.019,0.006,0.006,0.013,0.006,0.006,0.1043,-0.293,0.6029,0.0368,0.2209,-0.2255,0.2608,-1.0845,1.4389,0.0614,0.2378,-0.2838,0.2638,-1.04,1.4051,0.3206,0.1779,-0.1043,0.0261,0.2609,-0.2947,0.1596,0.0992,-0.1709,-0.036,0.0986,0.3069,-0.1471,0.0818,-0.0961,0.0232,0.0065,0.3101,0.0105,0.0017,0.1721,-0.0154,-0.0027,-0.0075,-0.0061,0.0126,0.1758,0.241,-0.4533,0.1298,0.7053,-0.9259,0.4174,-0.6406,0.4084,0.0705,0.7172,-0.9589,0.4412,-0.6184,0.4132,0.53,0.6413,-0.7997,0.0,0.0,0.0,0.0,0.0,0.0,0.0,0.0,0.0,
2.56,run,-0.11,3.32,-0.63,-0.48,-0.47,0.0,0.0,0.0,0.111,6.42,-13.27,31.2,4.04,13.71,-13.8,14.68,-60.29,86.57,2.55,14.33,-16.52,15.38,-58.97,84.29,18.46,10.55,-3.6,6.4,-8.86,25.93,6.27,14.53,-14.34,13.92,-58.08,93.79,1.14,14.84,-16.76,15.54,-58.44,89.92,18.44,9.88,-0.51,0.1829,0.3033,-0.5064,0.1791,0.7187,-0.9335,0.3977,-0.6015,0.4114,0.0324,0.7243,-0.9619,0.4441,-0.6081,0.42,0.5267,0.6341,-0.7707,0.006,0.013,0.013,0.013,0.0,0.013,0.006,0.006,0.026,0.026,0.0,0.013,0.006,0.0,0.006,0.0,0.013,0.006,0.1089,-0.2577,0.563,0.0583,0.2316,-0.2378,0.2562,-1.063,1.4788,0.0445,0.2439,-0.2899,0.2684,-1.0308,1.445,0.3221,0.1779,-0.0782,0.0293,0.2671,-0.3018,0.1631,0.0952,-0.149,-0.0362,0.1205,0.3104,-0.1434,0.0719,-0.0819,0.0273,0.0266,0.3126,0.0111,0.0012,0.1829,-0.0129,0.0006,0.0068,0.0098,-0.0133,0.1797,0.2661,-0.475,0.1503,0.7112,-0.9279,0.411,-0.6236,0.411,0.0536,0.7209,-0.9603,0.4418,-0.6122,0.4161,0.5285,0.639,-0.7858,0.0,0.0,0.0,0.0,0.0,0.0,0.0,0.0,0.0,
2.6,run,-0.12,3.32,-0.2,0.0,2.19,0.0,0.0,0.0,0.111,5.98,-12.13,29.79,4.66,14.15,-14.06,14.33,-59.5,88.07,1.85,14.68,-16.52,15.38,-58.62,85.78,18.46,10.28,-2.81,6.51,-7.36,24.43,6.87,14.6,-14.53,13.74,-57.09,95.29,0.73,14.93,-16.88,15.56,-58.04,91.42,18.37,9.56,0.48,0.1859,0.3243,-0.5262,0.1964,0.7201,-0.9356,0.3927,-0.5834,0.412,0.0209,0.7261,-0.9633,0.4447,-0.6008,0.4225,0.5248,0.6283,-0.759,0.006,0.013,0.013,0.013,0.0,0.013,0.006,0.006,0.026,0.026,0.0,0.013,0.006,0.0,0.006,0.0,0.013,0.006,0.112,-0.2378,0.5415,0.0675,0.2332,-0.2439,0.2546,-1.0554,1.5018,0.043,0.2439,-0.2915,0.27,-1.0308,1.4696,0.3221,0.1779,-0.066,0.0318,0.2608,-0.2908,0.1483,0.0723,-0.127,-0.031,0.1127,0.3024,-0.106,0.0504,-0.063,0.0248,0.0186,0.3097,0.0077,0.0008,0.1735,-0.0139,-0.0003,-0.0109,-0.0085,-0.0082,0.1829,0.3033,-0.5064,0.1791,0.7187,-0.9335,0.3977,-0.6015,0.4114,0.0324,0.7243,-0.9619,0.4441,-0.6081,0.42,0.5267,0.6341,-0.7707,0.0,0.0,0.0,0.0,0.0,0.0,0.0,0.0,0.0,
2.64,run,-0.11,3.32,0.16,0.16,-0.75,0.0,0.0,0.0,0.111,6.5,-10.9,28.48,5.36,14.41,-14.33,13.97,-58.62,89.56,1.14,14.77,-16.88,15.38,-58.45,87.19,18.46,10.11,-1.85,6.59,-5.95,22.93,7.49,14.87,-14.57,13.48,-56.03,96.79,0.28,15.06,-16.94,15.55,-57.65,92.92,18.23,9.29,1.38,0.1882,0.3463,-0.5483,0.2139,0.7249,-0.9361,0.385,-0.5642,0.4106,0.008,0.7283,-0.9639,0.4443,-0.5937,0.4241,0.521,0.6234,-0.7485,0.006,0.013,0.013,0.013,0.0,0.013,0.006,0.006,0.026,0.026,0.0,0.013,0.006,0.0,0.006,0.0,0.013,0.006,0.1043,-0.2178,0.517,0.0782,0.2408,-0.2485,0.2485,-1.0416,1.5278,0.0307,0.25,-0.2915,0.27,-1.0247,1.4956,0.3221,0.1733,-0.0522,-0.0057,0.2554,-0.2932,0.143,0.0786,-0.1057,-0.0442,0.1294,0.307,-0.1191,0.0577,-0.0441,0.0173,0.0355,0.3121,0.0054,-0.0162,0.1719,-0.015,-0.0006,-0.0035,0.0001,0.0381,0.1859,0.3243,-0.5262,0.1964,0.7201,-0.9356,0.3927,-0.5834,0.412,0.0209,0.7261,-0.9633,0.4447,-0.6008,0.4225,0.5248,0.6283,-0.759,0.0,0.0,0.0,0.0,0.0,0.0,0.0,0.0,0.0,
2.68,run,-0.12,3.32,-0.25,-0.23,-0.17,0.0,0.0,0.0,0.111,6.68,-9.58,27.16,6.15,14.59,-14.33,13.8,-57.66,90.97,0.62,14.85,-16.79,15.38,-58.18,88.59,18.19,9.93,-0.79,6.64,-4.73,21.43,8.04,14.98,-14.78,13.14,-55.27,98.29,0.01,15.03,-17.0,15.57,-57.56,94.42,18.21,9.01,2.16,0.1897,0.3685,-0.5665,0.2296,0.7268,-0.9386,0.3754,-0.5503,0.4104,0.0003,0.7278,-0.9648,0.445,-0.592,0.4239,0.5203,0.6183,-0.7393,0.006,0.006,0.013,0.006,0.0,0.013,0.006,0.013,0.019,0.006,0.0,0.006,0.006,0.0,0.006,0.006,0.013,0.013,0.1135,-0.1963,0.4939,0.0905,0.2454,-0.2531,0.2424,-1.0262,1.5539,0.0184,0.2516,-0.2976,0.27,-1.0216,1.5202,0.3221,0.1703,-0.0353,0.0302,0.2587,-0.2909,0.1458,0.0722,-0.0911,-0.0537,0.1476,0.312,-0.129,0.0461,-0.0537,0.0121,0.0362,0.3098,0.0038,-0.0228,0.1831,-0.0141,-0.0008,0.0028,0.0029,-0.0131,0.1882,0.3463,-0.5483,0.2139,0.7249,-0.9361,0.385,-0.5642,0.4106,0.008,0.7283,-0.9639,0.4443,-0.5937,0.4241,0.521,0.6234,-0.7485,0.0,0.0,0.0,0.0,0.0,0.0,0.0,0.0,0.0,
2.72,run,-0.13,3.31,-0.37,-0.08,2.25,0.0,0.0,0.0,0.111,6.33,-8.26,25.75,6.86,14.77,-14.68,13.36,-56.6,92.29,0.18,14.94,-16.79,15.38,-57.66,90.0,18.19,9.67,0.18,6.69,-3.68,19.93,8.57,15.01,-14.67,12.82,-54.23,99.74,-0.28,14.95,-16.85,15.53,-57.2,95.92,18.07,8.61,3.05,0.191,0.3876,-0.585,0.2449,0.7275,-0.9372,0.3663,-0.5314,0.4087,-0.0081,0.7263,-0.9629,0.4438,-0.5854,0.4235,0.5162,0.611,-0.7288,0.006,0.006,0.013,0.006,0.0,0.013,0.006,0.013,0.019,0.006,0.0,0.006,0.006,0.0,0.006,0.006,0.013,0.013,0.1166,-0.1733,0.4709,0.1043,0.2485,-0.2531,0.2393,-1.0094,1.5785,0.0092,0.2531,-0.2961,0.27,-1.017,1.5447,0.3175,0.1672,-0.0169,0.0327,0.2674,-0.2899,0.1538,0.062,-0.0638,-0.0491,0.1666,0.3104,-0.1248,0.038,-0.0319,0.0085,0.0426,0.3089,-0.0146,-0.0274,0.1972,-0.0147,-0.0005,-0.0044,-0.0041,-0.003,0.1897,0.3685,-0.5665,0.2296,0.7268,-0.9386,0.3754,-0.5503,0.4104,0.0003,0.7278,-0.9648,0.445,-0.592,0.4239,0.5203,0.6183,-0.7393,0.0,0.0,0.0,0.0,0.0,0.0,0.0,0.0,0.0,
2.76,run,-0.11,3.32,0.06,0.22,-1.61,0.0,0.0,0.0,0.111,6.86,-6.94,24.26,7.47,14.85,-14.5,13.18,-55.72,93.78,-0.18,14.94,-16.88,15.29,-57.57,91.49,18.19,9.4,1.14,6.74,-2.69,18.43,9.07,15.1,-14.42,12.54,-53.21,99.57,-0.57,14.87,-16.64,15.49,-56.88,97.42,17.86,8.22,3.72,0.1926,0.4056,-0.6037,0.259,0.7291,-0.9343,0.3583,-0.5128,0.4067,-0.0163,0.7249,-0.9605,0.4425,-0.5796,0.4223,0.5103,0.604,-0.721,0.006,0.006,0.013,0.006,0.0,0.013,0.006,0.013,0.019,0.006,0.0,0.006,0.006,0.0,0.006,0.006,0.013,0.013,0.1104,-0.1503,0.4464,0.1166,0.2516,-0.2592,0.2316,-0.991,1.6015,0.0015,0.2546,-0.2961,0.27,-1.0078,1.5693,0.3175,0.1626,0.0,-0.0001,0.2735,-0.295,0.1537,0.0549,-0.0677,-0.0631,0.1857,0.3036,-0.1161,0.0324,-0.0223,0.0059,0.0644,0.3083,-0.0102,-0.0365,0.2013,-0.016,-0.002,-0.0064,-0.0014,0.0393,0.191,0.3876,-0.585,0.2449,0.7275,-0.9372,0.3663,-0.5314,0.4087,-0.0081,0.7263,-0.9629,0.4438,-0.5854,0.4235,0.5162,0.611,-0.7288,0.0,0.0,0.0,0.0,0.0,0.0,0.0,0.0,0.0,
2.8,run,-0.12,3.29,-0.06,-0.19,-0.44,0.0,0.0,0.0,0.111,6.86,-5.71,22.94,8.09,14.94,-14.5,12.83,-54.76,95.19,-0.53,14.94,-16.7,15.38,-57.04,92.9,17.84,9.05,2.11,6.68,-1.82,16.93,9.46,14.95,-14.6,12.22,-52.58,99.24,-0.69,14.61,-16.47,15.51,-56.86,98.92,17.76,7.74,4.09,0.1909,0.4214,-0.6174,0.2703,0.7263,-0.9365,0.349,-0.5014,0.4029,-0.0197,0.7202,-0.9585,0.4431,-0.5793,0.4197,0.5074,0.5953,-0.7166,0.0,0.006,0.013,0.006,0.0,0.0,0.006,0.006,0.026,0.006,0.006,0.0,0.0,0.0,0.006,0.006,0.019,0.006,0.1197,-0.1273,0.4203,0.1273,0.2531,-0.2562,0.2286,-0.9756,1.6276,-0.0046,0.2546,-0.2976,0.2684,-1.0063,1.5953,0.3175,0.158,0.0169,0.0344,0.2776,-0.3042,0.1478,0.0442,-0.0359,-0.0557,0.1874,0.3102,-0.1043,0.0227,-0.0214,-0.0016,0.0508,0.3135,-0.0072,-0.0428,0.2042,-0.0145,-0.0007,0.0011,0.0038,-0.0281,0.1926,0.4056,-0.6037,0.259,0.7291,-0.9343,0.3583,-0.5128,0.4067,-0.0163,0.7249,-0.9605,0.4425,-0.5796,0.4223,0.5103,0.604,-0.721,0.0,0.0,0.0,0.0,0.0,0.0,0.0,0.0,0.0,
2.84,run,-0.14,3.28,-0.7,-0.45,1.74,0.0,0.0,0.0,0.111,6.24,-4.39,21.45,8.61,14.94,-14.5,12.57,-53.7,96.42,-0.7,14.94,-16.61,15.38,-57.04,94.31,17.58,8.7,2.9,6.68,-1.11,15.43,9.86,14.82,-14.36,11.96,-51.7,98.96,-0.84,14.35,-16.18,15.47,-56.66,100.42,17.53,7.22,4.58,0.1908,0.4343,-0.6321,0.2816,0.7239,-0.9337,0.3418,-0.4854,0.3995,-0.024,0.7155,-0.955,0.4421,-0.5757,0.418,0.501,0.5858,-0.7108,0.0,0.006,0.013,0.006,0.0,0.0,0.006,0.006,0.026,0.006,0.006,0.0,0.0,0.0,0.006,0.006,0.019,0.006,0.1197,-0.1058,0.3973,0.1381,0.2546,-0.2562,0.2224,-0.9587,1.6521,-0.0107,0.2546,-0.2945,0.27,-0.9971,1.6199,0.3114,0.1519,0.0337,0.0241,0.2749,-0.2992,0.1437,0.0367,-0.0251,-0.062,0.1945,0.3092,-0.096,0.0159,-0.0034,0.0046,0.0701,0.3115,-0.028,-0.053,0.2062,-0.0148,-0.0034,-0.0011,-0.0034,-0.0077,0.1909,0.4214,-0.6174,0.2703,0.7263,-0.9365,0.349,-0.5014,0.4029,-0.0197,0.7202,-0.9585,0.4431,-0.5793,0.4197,0.5074,0.5953,-0.7166,0.0,0.0,0.0,0.0,0.0,0.0,0.0,0.0,0.0,
2.88,run,-0.13,3.26,0.12,0.03,-2.01,0.0,0.0,0.0,0.111,6.86,-3.34,20.04,9.05,14.94,-14.5,12.22,-52.91,97.56,-0.88,14.94,-16.44,15.29,-56.87,95.71,17.58,8.26,3.6,6.68,-0.43,13.93,10.21,14.69,-14.18,11.73,-50.81,98.65,-0.99,14.09,-15.69,15.4,-56.48,100.23,17.25,6.69,5.05,0.1908,0.4468,-0.6449,0.2916,0.7217,-0.9315,0.3352,-0.4693,0.3959,-0.0283,0.7107,-0.9493,0.4399,-0.5724,0.4145,0.4928,0.5761,-0.7053,0.0,0.006,0.013,0.006,0.0,0.0,0.006,0.006,0.026,0.006,0.006,0.0,0.0,0.0,0.006,0.006,0.019,0.006,0.1089,-0.0828,0.3712,0.1473,0.2546,-0.2562,0.2178,-0.9403,1.6736,-0.0138,0.2546,-0.293,0.27,-0.9971,1.6444,0.3068,0.1457,0.0476,-0.0234,0.2788,-0.3073,0.1352,0.0257,-0.0176,-0.0607,0.2052,0.297,-0.0787,0.0111,0.0033,0.0033,0.0491,0.3102,-0.0369,-0.0601,0.1961,-0.0171,-0.0043,-0.0122,-0.0079,0.0303,0.1908,0.4343,-0.6321,0.2816,0.7239,-0.9337,0.3418,-0.4854,0.3995,-0.024,0.7155,-0.955,0.4421,-0.5757,0.418,0.501,0.5858,-0.7108,0.0,0.0,0.0,0.0,0.0,0.0,0.0,0.0,0.0,
2.92,run,-0.1,3.25,0.26,0.38,-0.39,0.0,0.0,0.0,0.111,6.86,-2.29,18.54,9.49,14.94,-14.33,11.95,-52.03,98.35,-0.97,14.59,-15.91,15.29,-56.6,97.12,17.4,7.73,4.22,6.53,0.1,12.43,10.46,14.38,-14.29,11.48,-50.38,98.21,-0.99,13.69,-15.5,15.45,-56.53,99.94,17.11,6.09,5.07,0.1867,0.4563,-0.6546,0.2988,0.7161,-0.9328,0.3279,-0.4614,0.3908,-0.0282,0.7034,-0.947,0.4413,-0.5733,0.411,0.4888,0.5653,-0.7051,0.0,0.006,0.013,0.013,0.006,0.006,0.0,0.006,0.013,0.0,0.013,0.006,0.006,0.0,0.0,0.0,0.019,0.0,0.1197,-0.0644,0.3467,0.1549,0.2546,-0.2562,0.2117,-0.9265,1.6935,-0.0169,0.2546,-0.2899,0.2684,-0.994,1.669,0.3068,0.1381,0.0598,0.0238,0.2641,-0.3071,0.1234,0.018,-0.0123,-0.0655,0.1954,0.2826,-0.0666,0.0078,0.0138,-0.0035,0.0458,0.3091,-0.0258,-0.0708,0.1833,-0.0163,-0.0062,0.002,0.0005,-0.0351,0.1908,0.4468,-0.6449,0.2916,0.7217,-0.9315,0.3352,-0.4693,0.3959,-0.0283,0.7107,-0.9493,0.4399,-0.5724,0.4145,0.4928,0.5761,-0.7053,0.0,0.0,0.0,0.0,0.0,0.0,0.0,0.0,0.0,
2.96,run,-0.14,3.23,-0.86,-0.51,2.48,0.0,0.0,0.0,0.111,6.06,-1.32,17.14,9.84,14.94,-14.33,11.78,-51.15,98.88,-0.97,14.33,-15.64,15.29,-56.69,98.35,16.88,7.21,4.66,6.45,0.49,10.93,10.71,14.04,-14.08,11.28,-49.58,97.59,-1.02,13.29,-15.04,15.43,-56.34,99.58,16.83,5.42,5.18,0.1844,0.4635,-0.6654,0.306,0.7098,-0.9304,0.3222,-0.447,0.3834,-0.0291,0.6961,-0.9416,0.4409,-0.5697,0.4069,0.481,0.5531,-0.7038,0.0,0.006,0.013,0.013,0.006,0.006,0.0,0.006,0.013,0.0,0.013,0.006,0.006,0.0,0.0,0.0,0.019,0.0,0.1197,-0.046,0.3206,0.1626,0.2546,-0.2531,0.2071,-0.9112,1.7073,-0.0184,0.2485,-0.2807,0.2684,-0.9894,1.6935,0.3037,0.1289,0.0706,0.0167,0.2534,-0.312,0.1149,0.0126,0.0028,-0.063,0.1939,0.2492,-0.0523,-0.0174,0.0439,-0.0024,0.0492,0.3077,-0.0295,-0.0838,0.1683,-0.0133,-0.0069,0.0045,0.0066,-0.0068,0.1867,0.4563,-0.6546,0.2988,0.7161,-0.9328,0.3279,-0.4614,0.3908,-0.0282,0.7034,-0.947,0.4413,-0.5733,0.411,0.4888,0.5653,-0.7051,0.0,0.0,0.0,0.0,0.0,0.0,0.0,0.0,0.0,
3.0,run,-0.07,3.25,0.93,0.97,-1.9,0.0,0.0,0.0,0.111,6.5,-0.53,15.82,10.2,14.94,-14.33,11.51,-50.54,98.96,-0.97,14.06,-15.38,15.29,-56.43,99.32,16.88,6.68,5.01,6.43,0.93,9.43,10.94,13.82,-13.98,11.15,-48.8,97.22,-1.08,12.96,-14.5,15.37,-56.23,99.26,16.52,4.79,5.53,0.1836,0.4714,-0.6746,0.3127,0.7058,-0.9291,0.3184,-0.4327,0.3791,-0.0309,0.6901,-0.9353,0.4391,-0.5678,0.4031,0.4721,0.5417,-0.6996,0.0,0.006,0.013,0.013,0.006,0.006,0.0,0.006,0.013,0.0,0.013,0.006,0.006,0.0,0.0,0.0,0.019,0.0,0.1058,-0.0291,0.2961,0.1687,0.2546,-0.2531,0.204,-0.8958,1.7165,-0.0184,0.2439,-0.2761,0.2684,-0.991,1.715,0.2945,0.1197,0.0782,-0.0406,0.2412,-0.3113,0.1036,0.0088,0.002,-0.0557,0.1937,0.2093,-0.0366,-0.0296,0.0482,-0.0017,0.0286,0.2966,-0.0555,-0.0935,0.1468,-0.0164,-0.0084,-0.015,-0.009,0.0432,0.1844,0.4635,-0.6654,0.306,0.7098,-0.9304,0.3222,-0.447,0.3834,-0.0291,0.6961,-0.9416,0.4409,-0.5697,0.4069,0.481,0.5531,-0.7038,0.0,0.0,0.0,0.0,0.0,0.0,0.0,0.0,0.0,
3.04,run,-0.1,3.24,-0.47,-0.27,-0.46,0.0,0.0,0.0,0.111,6.5,0.09,14.41,10.46,14.5,-14.24,11.25,-49.75,98.88,-0.97,13.62,-14.85,15.29,-56.34,99.84,16.79,6.06,5.19,6.22,1.1,7.93,10.99,13.37,-14.11,10.94,-48.63,96.44,-0.98,12.49,-14.3,15.46,-56.34,98.77,16.43,4.26,5.09,0.1778,0.4746,-0.6791,0.314,0.6977,-0.9307,0.3126,-0.4297,0.3699,-0.0281,0.6817,-0.933,0.4418,-0.5698,0.3973,0.4694,0.5319,-0.7049,0.0,0.0,0.006,0.006,0.013,0.006,0.006,0.0,0.006,0.0,0.019,0.0,0.006,0.006,0.006,0.0,0.026,0.0,0.1135,-0.0153,0.273,0.1749,0.2546,-0.2531,0.1994,-0.8851,1.7181,-0.0184,0.2393,-0.2715,0.2684,-0.9863,1.7319,0.2945,0.1104,0.0844,0.0003,0.2204,-0.3039,0.0955,0.0062,0.0014,-0.0562,0.1757,0.1522,-0.0256,-0.0379,0.0509,-0.0012,0.0372,0.2707,-0.0388,-0.0998,0.1257,-0.0109,-0.0066,0.0163,0.0169,-0.0331,0.1836,0.4714,-0.6746,0.3127,0.7058,-0.9291,0.3184,-0.4327,0.3791,-0.0309,0.6901,-0.9353,0.4391,-0.5678,0.4031,0.4721,0.5417,-0.6996,0.0,0.0,0.0,0.0,0.0,0.0,0.0,0.0,0.0,
3.08,run,-0.1,3.25,-0.35,-0.29,2.14,0.0,0.0,0.0,0.111,5.8,0.7,12.92,10.63,14.15,-14.15,11.25,-49.04,98.35,-0.97,13.18,-14.5,15.29,-56.43,100.02,16.26,5.54,5.19,6.14,1.35,6.82,11.15,13.08,-14.09,10.86,-48.05,96.1,-1.02,12.26,-13.97,15.49,-56.16,98.42,16.24,3.74,5.54,0.1755,0.4791,-0.6845,0.3186,0.6923,-0.9305,0.3104,-0.4191,0.3659,-0.0292,0.6774,-0.929,0.4424,-0.5665,0.3932,0.464,0.5225,-0.6996,0.0,0.0,0.006,0.006,0.013,0.006,0.006,0.0,0.006,0.0,0.019,0.0,0.006,0.006,0.006,0.0,0.026,0.0,0.1135,-0.0046,0.2485,0.1795,0.247,-0.2516,0.1948,-0.8713,1.7165,-0.0184,0.2316,-0.2623,0.2684,-0.9848,1.7411,0.293,0.0997,0.0874,0.0002,0.1947,-0.305,0.0841,-0.0245,0.0067,-0.0566,0.1749,0.1008,-0.0179,-0.0554,0.0702,-0.0008,0.0318,0.2241,-0.0329,-0.1102,0.0995,-0.013,-0.0073,-0.0081,-0.0047,-0.0081,0.1778,0.4746,-0.6791,0.314,0.6977,-0.9307,0.3126,-0.4297,0.3699,-0.0281,0.6817,-0.933,0.4418,-0.5698,0.3973,0.4694,0.5319,-0.7049,0.0,0.0,0.0,0.0,0.0,0.0,0.0,0.0,0.0,
3.12,run,-0.03,3.28,1.3,1.31,-1.49,0.0,0.0,0.0,0.111,6.15,1.05,11.51,10.63,13.8,-14.15,11.07,-48.6,98.0,-0.97,12.83,-14.33,15.38,-56.43,99.93,16.26,4.92,5.19,6.1,1.42,6.46,11.19,12.83,-13.94,10.79,-47.42,95.54,-1.0,12.02,-13.51,15.44,-55.95,98.01,16.02,3.28,5.73,0.1744,0.4804,-0.6887,0.3197,0.6879,-0.9287,0.3082,-0.4076,0.3593,-0.0285,0.6731,-0.9237,0.441,-0.5628,0.3884,0.4577,0.5143,-0.6973,0.0,0.0,0.006,0.006,0.013,0.006,0.006,0.0,0.006,0.0,0.019,0.0,0.006,0.006,0.006,0.0,0.026,0.0,0.1012,0.0061,0.2224,0.1825,0.2408,-0.25,0.1948,-0.859,1.7073,-0.0184,0.224,-0.2562,0.2684,-0.9863,1.7441,0.2838,0.0905,0.0874,-0.0459,0.1766,-0.3113,0.0704,-0.0402,0.0105,-0.0396,0.1685,0.036,-0.0126,-0.0675,0.0722,-0.0006,0.0165,0.1684,-0.0576,-0.1117,0.0697,-0.0129,-0.0071,-0.0061,-0.005,0.0373,0.1755,0.4791,-0.6845,0.3186,0.6923,-0.9305,0.3104,-0.4191,0.3659,-0.0292,0.6774,-0.929,0.4424,-0.5665,0.3932,0.464,0.5225,-0.6996,0.0,0.0,0.0,0.0,0.0,0.0,0.0,0.0,0.0,
3.16,run,-0.08,3.26,-0.67,-0.41,-0.35,0.0,0.0,0.0,0.111,6.15,1.32,10.11,10.72,13.54,-14.15,11.07,-47.99,97.12,-0.97,12.48,-13.8,15.38,-56.07,99.23,16.26,4.39,5.27,5.94,1.42,6.45,11.09,12.45,-14.24,10.7,-47.41,94.78,-0.89,11.74,-13.51,15.51,-55.99,97.56,16.03,2.97,5.4,0.1697,0.4803,-0.6889,0.317,0.6809,-0.9323,0.3056,-0.4074,0.3504,-0.0255,0.668,-0.9237,0.4432,-0.5634,0.383,0.458,0.5086,-0.7011,0.006,0.0,0.006,0.006,0.019,0.0,0.006,0.006,0.013,0.0,0.006,0.006,0.0,0.006,0.006,0.006,0.019,0.0,0.1074,0.0123,0.1979,0.1825,0.2347,-0.25,0.1917,-0.8514,1.7012,-0.0184,0.2178,-0.2531,0.27,-0.9863,1.7426,0.2838,0.0798,0.0874,-0.0091,0.1466,-0.31,0.0493,-0.0511,0.0073,-0.0392,0.1467,0.0022,-0.0088,-0.0703,0.062,0.0053,0.0116,0.1121,-0.0403,-0.1185,0.0488,-0.007,-0.0042,0.0227,0.0229,-0.0261,0.1744,0.4804,-0.6887,0.3197,0.6879,-0.9287,0.3082,-0.4076,0.3593,-0.0285,0.6731,-0.9237,0.441,-0.5628,0.3884,0.4577,0.5143,-0.6973,0.0,0.0,0.0,0.0,0.0,0.0,0.0,0.0,0.0,
3.2,run,-0.06,3.28,0.01,0.09,2.93,0.0,0.0,0.0,0.111,5.62,1.32,8.79,10.81,13.18,-14.15,10.9,-47.55,96.24,-0.97,12.3,-13.62,15.29,-56.07,98.44,16.0,3.87,5.36,5.89,1.4,6.26,11.14,12.19,-13.96,10.66,-47.03,94.42,-0.94,11.67,-13.36,15.55,-55.7,97.19,15.9,2.63,5.76,0.1681,0.48,-0.6911,0.3184,0.6762,-0.929,0.3045,-0.4005,0.3461,-0.0269,0.6668,-0.9219,0.4444,-0.5582,0.3787,0.4543,0.5024,-0.697,0.006,0.0,0.006,0.006,0.019,0.0,0.006,0.006,0.013,0.0,0.006,0.006,0.0,0.006,0.006,0.006,0.019,0.0,0.1074,0.0169,0.1733,0.1841,0.2301,-0.25,0.1917,-0.8406,1.6858,-0.0184,0.2117,-0.2439,0.27,-0.9802,1.7303,0.2838,0.0706,0.089,-0.0064,0.1199,-0.309,0.0402,-0.0531,0.0051,-0.0275,0.143,-0.056,-0.0062,-0.0722,0.0779,0.0037,0.0311,0.0325,-0.0282,-0.1174,0.0399,-0.0111,-0.0057,-0.0117,-0.0071,-0.0061,0.1697,0.4803,-0.6889,0.317,0.6809,-0.9323,0.3056,-0.4074,0.3504,-0.0255,0.668,-0.9237,0.4432,-0.5634,0.383,0.458,0.5086,-0.7011,0.0,0.0,0.0,0.0,0.0,0.0,0.0,0.0,0.0,
3.24,run,-0.02,3.29,0.62,0.55,-1.74,0.0,0.0,0.0,0.111,6.15,1.32,7.82,10.81,12.92,-14.15,10.72,-47.37,95.62,-0.97,12.22,-13.45,15.38,-55.99,97.73,16.0,3.52,5.36,5.85,1.17,6.18,11.08,12.07,-13.66,10.64,-46.67,93.9,-0.87,11.56,-13.11,15.51,-55.44,96.75,15.77,2.45,5.75,0.1671,0.4757,-0.692,0.3165,0.6741,-0.9254,0.3039,-0.394,0.34,-0.0249,0.6648,-0.919,0.4432,-0.5535,0.3735,0.4505,0.4991,-0.6971,0.006,0.0,0.006,0.006,0.019,0.0,0.006,0.006,0.013,0.0,0.006,0.006,0.0,0.006,0.006,0.006,0.019,0.0,0.0982,0.0169,0.1503,0.1856,0.224,-0.25,0.1887,-0.833,1.6705,-0.0184,0.2086,-0.2408,0.2684,-0.9802,1.7165,0.2792,0.0614,0.0905,-0.039,0.0839,-0.3026,0.0339,-0.0601,0.0036,-0.0307,0.1288,-0.0967,-0.0043,-0.062,0.0661,-0.0031,0.0218,-0.029,-0.037,-0.1167,0.0337,-0.0093,-0.004,0.0001,0.0015,0.0512,0.1681,0.48,-0.6911,0.3184,0.6762,-0.929,0.3045,-0.4005,0.3461,-0.0269,0.6668,-0.9219,0.4444,-0.5582,0.3787,0.4543,0.5024,-0.697,0.0,0.0,0.0,0.0,0.0,0.0,0.0,0.0,0.0,
3.28,run,-0.04,3.27,-0.4,-0.21,-0.32,0.0,0.0,0.0,0.111,5.8,1.32,7.12,10.81,12.57,-13.97,10.72,-46.93,95.01,-0.97,11.95,-13.18,15.29,-55.63,97.12,15.73,3.16,5.54,5.72,1.09,6.38,10.97,11.77,-13.9,10.6,-46.93,93.38,-0.82,11.43,-13.3,15.61,-55.48,96.35,15.88,2.35,5.49,0.1633,0.4743,-0.6897,0.3134,0.6686,-0.9283,0.3029,-0.3988,0.3339,-0.0233,0.6623,-0.9212,0.4459,-0.5543,0.3689,0.4537,0.4972,-0.7001,0.006,0.006,0.006,0.0,0.013,0.013,0.0,0.006,0.019,0.006,0.013,0.0,0.006,0.006,0.006,0.0,0.019,0.0,0.1074,0.0169,0.1335,0.1856,0.2194,-0.25,0.1856,-0.8299,1.6598,-0.0184,0.2071,-0.2378,0.27,-0.9787,1.7043,0.2792,0.0552,0.0905,0.0072,0.0587,-0.2751,0.0237,-0.0594,0.0025,-0.033,0.1017,-0.108,-0.003,-0.0492,0.0578,0.0036,0.021,-0.0664,-0.0259,-0.1047,0.0236,-0.006,-0.0035,0.0108,0.0095,-0.0303,0.1671,0.4757,-0.692,0.3165,0.6741,-0.9254,0.3039,-0.394,0.34,-0.0249,0.6648,-0.919,0.4432,-0.5535,0.3735,0.4505,0.4991,-0.6971,0.0,0.0,0.0,0.0,0.0,0.0,0.0,0.0,0.0,
3.32,run,-0.03,3.3,0.15,0.22,1.36,0.0,0.0,0.0,0.111,5.62,1.32,6.5,10.81,12.39,-13.71,10.72,-46.76,94.39,-0.97,11.95,-13.18,15.47,-55.55,96.59,15.73,2.99,5.54,5.74,0.99,6.33,10.97,11.69,-13.64,10.61,-46.71,93.14,-0.83,11.41,-13.09,15.59,-55.33,96.01,15.77,2.22,5.74,0.1639,0.4726,-0.6902,0.3133,0.667,-0.9252,0.3031,-0.3947,0.3311,-0.0237,0.662,-0.9187,0.4455,-0.5514,0.3648,0.4504,0.4948,-0.6972,0.006,0.006,0.006,0.0,0.013,0.013,0.0,0.006,0.019,0.006,0.013,0.0,0.006,0.006,0.006,0.0,0.019,0.0,0.1012,0.0169,0.1212,0.1856,0.2132,-0.247,0.1856,-0.8222,1.649,-0.0184,0.2025,-0.2332,0.2684,-0.9725,1.6935,0.2746,0.0491,0.0936,-0.0179,0.0411,-0.2386,0.0166,-0.0646,0.0133,-0.0231,0.0999,-0.1158,-0.0021,-0.0517,0.0577,-0.0033,0.0377,-0.0867,-0.0354,-0.0963,0.028,-0.0082,-0.0051,-0.0069,-0.0037,-0.0056,0.1633,0.4743,-0.6897,0.3134,0.6686,-0.9283,0.3029,-0.3988,0.3339,-0.0233,0.6623,-0.9212,0.4459,-0.5543,0.3689,0.4537,0.4972,-0.7001,0.0,0.0,0.0,0.0,0.0,0.0,0.0,0.0,0.0,
3.36,run,-0.04,3.31,-0.34,0.08,-1.33,0.0,0.0,0.0,0.111,6.06,1.32,6.5,10.81,12.22,-13.8,10.72,-46.93,93.96,-0.79,11.95,-13.18,15.47,-55.46,96.33,15.73,2.99,5.54,5.71,0.87,6.25,10.94,11.59,-13.47,10.56,-46.61,92.67,-0.82,11.36,-13.02,15.58,-55.19,95.68,15.72,2.14,5.62,0.1633,0.4703,-0.6911,0.3125,0.6652,-0.9231,0.3018,-0.3929,0.3255,-0.0235,0.6611,-0.9179,0.445,-0.5489,0.3609,0.449,0.4934,-0.6986,0.006,0.006,0.006,0.0,0.013,0.013,0.0,0.006,0.019,0.006,0.013,0.0,0.006,0.006,0.006,0.0,0.019,0.0,0.0982,0.0169,0.1104,0.1856,0.2102,-0.2424,0.1856,-0.8191,1.6383,-0.0184,0.2025,-0.2332,0.2715,-0.971,1.6843,0.2746,0.046,0.0936,-0.0223,0.0288,-0.2013,0.0116,-0.055,0.024,-0.0162,0.0797,-0.1154,-0.0015,-0.0362,0.0404,0.0075,0.0313,-0.0901,-0.0248,-0.0772,0.0196,-0.0068,-0.0027,0.0025,0.0038,0.0238,0.1639,0.4726,-0.6902,0.3133,0.667,-0.9252,0.3031,-0.3947,0.3311,-0.0237,0.662,-0.9187,0.4455,-0.5514,0.3648,0.4504,0.4948,-0.6972,0.0,0.0,0.0,0.0,0.0,0.0,0.0,0.0,0.0,
3.4,run,-0.04,3.31,0.4,-0.03,0.98,0.0,0.0,0.0,0.111,5.36,1.32,6.42,10.81,12.22,-13.54,10.72,-46.67,93.52,-0.62,11.95,-13.18,15.47,-55.46,96.06,15.73,2.81,5.54,5.65,0.9,6.34,10.92,11.46,-13.61,10.57,-46.82,92.58,-0.83,11.3,-13.12,15.63,-55.2,95.45,15.78,2.1,5.56,0.1614,0.471,-0.6901,0.312,0.6629,-0.9248,0.3019,-0.3967,0.3244,-0.0236,0.6599,-0.919,0.4466,-0.5491,0.3583,0.451,0.4928,-0.6993,0.013,0.013,0.0,0.0,0.019,0.0,0.006,0.013,0.013,0.0,0.013,0.0,0.006,0.006,0.006,0.0,0.019,0.0,0.1058,0.0169,0.1104,0.1856,0.2071,-0.2439,0.1856,-0.8222,1.6306,-0.0153,0.2025,-0.2332,0.2715,-0.9695,1.6797,0.2746,0.046,0.0936,0.0128,0.0201,-0.1409,0.0081,-0.0499,0.0111,-0.0113,0.0444,-0.1092,0.0104,-0.0253,0.0283,0.0053,0.0276,-0.0801,-0.0173,-0.054,0.0137,-0.0082,-0.0016,-0.0059,0.0014,-0.0233,0.1633,0.4703,-0.6911,0.3125,0.6652,-0.9231,0.3018,-0.3929,0.3255,-0.0235,0.6611,-0.9179,0.445,-0.5489,0.3609,0.449,0.4934,-0.6986,0.0,0.0,0.0,0.0,0.0,0.0,0.0,0.0,0.0,
3.44,run,-0.03,3.33,0.19,0.42,0.26,0.0,0.0,0.0,0.111,5.62,1.32,6.42,10.81,12.04,-13.54,10.72,-46.85,93.16,-0.88,11.95,-13.18,15.47,-55.46,95.54,15.73,2.72,5.54,5.71,0.76,6.25,10.91,11.48,-13.4,10.55,-46.72,92.23,-0.86,11.28,-12.96,15.55,-55.19,95.13,15.65,2.04,5.5,0.163,0.4684,-0.6912,0.3117,0.6633,-0.9224,0.3014,-0.3949,0.3203,-0.0244,0.6597,-0.9172,0.4443,-0.549,0.3544,0.4473,0.4916,-0.7,0.013,0.013,0.0,0.0,0.019,0.0,0.006,0.013,0.013,0.0,0.013,0.0,0.006,0.006,0.006,0.0,0.019,0.0,0.0936,0.0169,0.1089,0.1856,0.2071,-0.2393,0.1856,-0.8176,1.623,-0.0123,0.2025,-0.2332,0.2715,-0.9695,1.6751,0.2746,0.043,0.0936,-0.037,0.0141,-0.1044,0.0057,-0.0349,0.025,-0.0079,0.0484,-0.1052,0.0188,-0.0177,0.0198,0.0037,0.0193,-0.0734,-0.0121,-0.0493,0.0096,-0.008,-0.0018,0.0069,-0.0005,0.0171,0.1614,0.471,-0.6901,0.312,0.6629,-0.9248,0.3019,-0.3967,0.3244,-0.0236,0.6599,-0.919,0.4466,-0.5491,0.3583,0.451,0.4928,-0.6993,0.0,0.0,0.0,0.0,0.0,0.0,0.0,0.0,0.0,
3.48,run,-0.04,3.33,0.41,-0.13,-1.54,0.0,0.0,0.0,0.111,5.89,1.32,6.42,10.81,11.95,-13.54,10.72,-46.85,92.99,-0.88,11.87,-13.18,15.56,-55.46,95.36,15.73,2.72,5.54,5.67,0.72,6.37,10.86,11.43,-13.49,10.56,-46.82,92.15,-0.84,11.32,-13.08,15.59,-55.09,94.96,15.76,2.18,5.55,0.162,0.4676,-0.6898,0.3103,0.6625,-0.9234,0.3017,-0.3968,0.3194,-0.0239,0.6604,-0.9186,0.4454,-0.5471,0.3524,0.4502,0.4942,-0.6994,0.013,0.013,0.0,0.0,0.019,0.0,0.006,0.013,0.013,0.0,0.013,0.0,0.006,0.006,0.006,0.0,0.019,0.0,0.0982,0.0169,0.1089,0.1856,0.204,-0.2393,0.1856,-0.8207,1.6168,-0.0169,0.2025,-0.2332,0.2715,-0.9695,1.6659,0.2746,0.0414,0.0936,-0.0113,0.0099,-0.0731,0.004,-0.0342,0.0175,-0.0056,0.0241,-0.0932,-0.0015,-0.0124,0.0138,0.0026,0.0135,-0.0806,-0.0085,-0.0394,0.0067,-0.0072,-0.0002,0.0033,0.0074,0.0046,0.163,0.4684,-0.6912,0.3117,0.6633,-0.9224,0.3014,-0.3949,0.3203,-0.0244,0.6597,-0.9172,0.4443,-0.549,0.3544,0.4473,0.4916,-0.7,0.0,0.0,0.0,0.0,0.0,0.0,0.0,0.0,0.0,
3.52,run,-0.03,3.34,0.2,0.11,2.22,0.0,0.0,0.0,0.111,5.36,1.32,6.42,10.81,11.87,-13.54,10.72,-46.85,92.72,-0.88,11.69,-13.18,15.56,-55.46,95.01,15.73,2.72,5.54,5.67,0.75,6.39,10.85,11.4,-13.6,10.56,-46.96,92.13,-0.84,11.33,-13.19,15.61,-55.17,94.88,15.82,2.21,5.55,0.1619,0.4682,-0.6896,0.31,0.6618,-0.9247,0.3016,-0.3992,0.3191,-0.0239,0.6606,-0.9199,0.446,-0.5485,0.3515,0.452,0.4948,-0.6995,0.006,0.006,0.0,0.0,0.006,0.0,0.0,0.0,0.006,0.0,0.0,0.0,0.0,0.0,0.0,0.0,0.013,0.0,0.1028,0.0169,0.1089,0.1856,0.2025,-0.2393,0.1856,-0.8207,1.6137,-0.0169,0.201,-0.2332,0.273,-0.9695,1.6628,0.2746,0.0414,0.0936,0.0092,0.0069,-0.0511,0.0028,-0.0296,0.0123,-0.0039,0.0169,-0.0766,-0.0011,-0.0144,0.0097,0.0075,0.0095,-0.0678,-0.0059,-0.0276,0.0047,-0.0079,-0.0001,0.0072,-0.0023,-0.0269,0.162,0.4676,-0.6898,0.3103,0.6625,-0.9234,0.3017,-0.3968,0.3194,-0.0239,0.6604,-0.9186,0.4454,-0.5471,0.3524,0.4502,0.4942,-0.6994,0.0,0.0,0.0,0.0,0.0,0.0,0.0,0.0,0.0,
3.56,run,-0.03,3.33,-0.08,0.17,-1.07,0.0,0.0,0.0,0.111,5.8,1.23,6.42,10.81,11.87,-13.54,10.72,-46.85,92.72,-0.88,11.69,-13.18,15.56,-55.28,95.01,15.73,2.72,5.54,5.74,0.66,6.35,10.86,11.51,-13.34,10.58,-46.75,92.08,-0.87,11.41,-13.04,15.55,-55.0,94.77,15.73,2.3,5.65,0.1639,0.4665,-0.69,0.3103,0.6638,-0.9217,0.3023,-0.3955,0.3186,-0.0248,0.662,-0.9181,0.4441,-0.5455,0.3503,0.4494,0.4963,-0.6982,0.006,0.006,0.0,0.0,0.006,0.0,0.0,0.0,0.006,0.0,0.0,0.0,0.0,0.0,0.0,0.0,0.013,0.0,0.0936,0.0169,0.1089,0.1856,0.201,-0.2393,0.1856,-0.8207,1.6091,-0.0169,0.1979,-0.2332,0.273,-0.9695,1.6567,0.2746,0.0414,0.0936,-0.028,0.0048,-0.0358,0.002,-0.0265,0.0086,-0.0027,0.0118,-0.0709,-0.0007,-0.0216,0.0068,0.0052,0.0066,-0.0705,-0.0042,-0.0193,0.0033,-0.0071,0.0009,0.0035,0.0019,0.0387,0.1619,0.4682,-0.6896,0.31,0.6618,-0.9247,0.3016,-0.3992,0.3191,-0.0239,0.6606,-0.9199,0.446,-0.5485,0.3515,0.452,0.4948,-0.6995,0.0,0.0,0.0,0.0,0.0,0.0,0.0,0.0,0.0,
3.6,run,-0.01,3.35,0.44,0.15,-0.49,0.0,0.0,0.0,0.111,5.89,1.14,6.42,10.81,11.87,-13.54,10.72,-46.85,92.72,-0.88,11.69,-13.18,15.56,-55.37,94.92,15.73,2.72,5.54,5.69,0.7,6.4,10.84,11.43,-13.57,10.58,-47.0,92.12,-0.84,11.38,-13.24,15.61,-55.15,94.82,15.84,2.29,5.49,0.1626,0.4673,-0.6894,0.3096,0.6624,-0.9244,0.3022,-0.4,0.3191,-0.0241,0.6615,-0.9205,0.4461,-0.5481,0.3508,0.4525,0.4962,-0.7002,0.006,0.006,0.0,0.0,0.006,0.0,0.0,0.0,0.006,0.0,0.0,0.0,0.0,0.0,0.0,0.0,0.013,0.0,0.1012,0.0153,0.1089,0.1856,0.201,-0.2393,0.1856,-0.8207,1.6091,-0.0169,0.1979,-0.2332,0.273,-0.9664,1.6567,0.2746,0.0414,0.0936,0.0093,-0.0024,-0.0251,0.0014,-0.0185,0.006,-0.0019,0.0083,-0.0496,-0.0005,-0.0151,0.0047,0.0037,0.0162,-0.0493,-0.0029,-0.0135,0.0023,-0.0069,0.0003,-0.0015,0.003,-0.0186,0.1639,0.4665,-0.69,0.3103,0.6638,-0.9217,0.3023,-0.3955,0.3186,-0.0248,0.662,-0.9181,0.4441,-0.5455,0.3503,0.4494,0.4963,-0.6982,0.0,0.0,0.0,0.0,0.0,0.0,0.0,0.0,0.0,
3.64,run,-0.02,3.34,-0.14,-0.03,1.22,0.0,0.0,0.0,0.111,5.27,1.14,6.42,10.81,11.87,-13.54,10.72,-46.93,92.72,-0.88,11.69,-13.18,15.56,-55.28,94.83,15.73,2.72,5.54,5.71,0.65,6.4,10.83,11.43,-13.51,10.56,-46.99,92.07,-0.84,11.36,-13.22,15.58,-55.13,94.76,15.81,2.28,5.5,0.1631,0.4663,-0.6894,0.3094,0.6624,-0.9237,0.3018,-0.3998,0.3185,-0.0239,0.6611,-0.9202,0.4451,-0.5478,0.3501,0.4517,0.496,-0.7,0.019,0.013,0.0,0.0,0.006,0.006,0.0,0.006,0.013,0.0,0.0,0.0,0.0,0.0,0.0,0.0,0.006,0.0,0.1028,0.0138,0.1089,0.1856,0.201,-0.2393,0.1856,-0.8207,1.6091,-0.0169,0.1979,-0.2332,0.273,-0.9679,1.6552,0.2746,0.0414,0.0936,0.0122,-0.0074,-0.0175,0.001,-0.013,0.0042,-0.0013,0.0058,-0.0347,-0.0004,-0.0106,0.0033,0.0026,0.0056,-0.0403,-0.002,-0.0095,0.0016,-0.0057,0.0015,0.0076,0.0026,-0.0085,0.1626,0.4673,-0.6894,0.3096,0.6624,-0.9244,0.3022,-0.4,0.3191,-0.0241,0.6615,-0.9205,0.4461,-0.5481,0.3508,0.4525,0.4962,-0.7002,0.0,0.0,0.0,0.0,0.0,0.0,0.0,0.0,0.0,
3.68,run,-0.01,3.37,0.41,0.53,-0.99,0.0,0.0,0.0,0.111,5.89,1.14,6.42,10.81,11.87,-13.54,10.72,-47.02,92.64,-0.88,11.69,-13.18,15.56,-55.2,94.92,15.73,2.72,5.54,5.75,0.63,6.37,10.86,11.56,-13.45,10.6,-46.95,92.12,-0.91,11.45,-13.18,15.55,-55.13,94.69,15.75,2.35,5.56,0.1644,0.4661,-0.6898,0.3103,0.6647,-0.9229,0.3029,-0.3991,0.3191,-0.0259,0.6628,-0.9197,0.4442,-0.5479,0.3493,0.4501,0.4973,-0.6993,0.019,0.013,0.0,0.0,0.006,0.006,0.0,0.006,0.013,0.0,0.0,0.0,0.0,0.0,0.0,0.0,0.006,0.0,0.092,0.0138,0.1089,0.1856,0.201,-0.2393,0.1856,-0.8222,1.6091,-0.0169,0.1979,-0.2332,0.273,-0.9664,1.6536,0.2746,0.0414,0.0936,-0.0317,-0.0052,-0.0123,0.0007,-0.0091,0.0029,-0.0009,-0.0017,-0.0243,-0.0003,-0.0074,0.0023,0.0018,0.0097,-0.0339,-0.0014,-0.0066,0.0011,-0.0066,0.0006,-0.0024,-0.0006,0.0214,0.1631,0.4663,-0.6894,0.3094,0.6624,-0.9237,0.3018,-0.3998,0.3185,-0.0239,0.6611,-0.9202,0.4451,-0.5478,0.3501,0.4517,0.496,-0.7,0.0,0.0,0.0,0.0,0.0,0.0,0.0,0.0,0.0,
3.72,run,0.01,3.37,0.31,0.16,-0.98,0.0,0.0,0.0,0.111,5.71,1.14,6.42,10.81,11.87,-13.54,10.72,-47.02,92.55,-0.88,11.69,-13.18,15.56,-55.28,94.66,15.73,2.72,5.54,5.7,0.6,6.43,10.81,11.44,-13.58,10.58,-47.11,92.09,-0.83,11.36,-13.32,15.6,-55.18,94.76,15.85,2.33,5.37,0.1628,0.4654,-0.6891,0.3088,0.6626,-0.9245,0.3022,-0.402,0.3187,-0.0237,0.6611,-0.9214,0.4458,-0.5487,0.3501,0.4528,0.4968,-0.7015,0.019,0.013,0.0,0.0,0.006,0.006,0.0,0.006,0.013,0.0,0.0,0.0,0.0,0.0,0.0,0.0,0.006,0.0,0.1028,0.0138,0.1089,0.1856,0.201,-0.2393,0.1856,-0.8237,1.6076,-0.0169,0.1979,-0.2332,0.273,-0.9649,1.6552,0.2746,0.0414,0.0936,0.0183,-0.0036,-0.0086,0.0005,-0.0064,0.0021,-0.0007,-0.007,-0.0228,-0.0002,-0.0052,0.0016,0.0013,0.0125,-0.018,-0.001,-0.0046,0.0008,-0.005,0.0033,0.0072,0.0093,-0.0173,0.1644,0.4661,-0.6898,0.3103,0.6647,-0.9229,0.3029,-0.3991,0.3191,-0.0259,0.6628,-0.9197,0.4442,-0.5479,0.3493,0.4501,0.4973,-0.6993,0.0,0.0,0.0,0.0,0.0,0.0,0.0,0.0,0.0,
3.76,run,-0.01,3.37,-0.59,-0.27,2.13,0.0,0.0,0.0,0.111,5.36,1.14,6.42,10.81,11.87,-13.54,10.72,-47.02,92.55,-0.88,11.69,-13.18,15.56,-55.37,94.66,15.73,2.72,5.54,5.72,0.57,6.5,10.8,11.45,-13.56,10.58,-47.14,92.04,-0.86,11.39,-13.28,15.58,-55.18,94.63,15.84,2.38,5.45,0.1634,0.4649,-0.6882,0.3085,0.6628,-0.9242,0.3024,-0.4025,0.3181,-0.0246,0.6617,-0.9209,0.4452,-0.5488,0.3486,0.4526,0.4979,-0.7006,0.0,0.019,0.0,0.0,0.006,0.0,0.006,0.0,0.006,0.0,0.0,0.0,0.0,0.0,0.0,0.0,0.006,0.0,0.0997,0.0138,0.1089,0.1856,0.201,-0.2393,0.1856,-0.8237,1.6061,-0.0169,0.1979,-0.2332,0.273,-0.9664,1.6506,0.2746,0.0414,0.0936,0.0014,-0.0025,-0.006,0.0003,-0.0045,0.0014,-0.0005,-0.0049,-0.0217,-0.0001,-0.0036,0.0011,0.0009,0.0031,-0.0297,-0.0007,-0.0032,0.0006,-0.0035,0.0035,0.0055,0.0029,-0.0171,0.1628,0.4654,-0.6891,0.3088,0.6626,-0.9245,0.3022,-0.402,0.3187,-0.0237,0.6611,-0.9214,0.4458,-0.5487,0.3501,0.4528,0.4968,-0.7015,0.0,0.0,0.0,0.0,0.0,0.0,0.0,0.0,0.0,
3.8,run,0.01,3.36,-0.04,-0.05,-2.4,0.0,0.0,0.0,0.111,6.15,1.14,6.42,10.81,11.87,-13.54,10.72,-47.02,92.55,-0.88,11.69,-13.18,15.56,-55.37,94.66,15.73,2.72,5.54,5.77,0.6,6.39,10.86,11.58,-13.43,10.61,-46.96,92.17,-0.91,11.47,-13.2,15.53,-55.06,94.7,15.77,2.38,5.63,0.1648,0.4654,-0.6895,0.3102,0.665,-0.9227,0.3031,-0.3992,0.3197,-0.0259,0.6631,-0.92,0.4437,-0.5466,0.3494,0.4506,0.4979,-0.6984,0.0,0.019,0.0,0.0,0.006,0.0,0.006,0.0,0.006,0.0,0.0,0.0,0.0,0.0,0.0,0.0,0.006,0.0,0.0936,0.0138,0.1089,0.1856,0.201,-0.2393,0.1856,-0.8237,1.6061,-0.0169,0.1979,-0.2332,0.273,-0.9679,1.6506,0.2746,0.0414,0.0936,-0.0221,-0.0018,-0.0042,0.0002,-0.0031,0.001,-0.0003,-0.0034,-0.0152,-0.0001,-0.0025,0.0008,0.0006,-0.0036,-0.0208,-0.0005,-0.0023,0.0004,-0.0054,0.0036,-0.0104,-0.0047,0.0372,0.1634,0.4649,-0.6882,0.3085,0.6628,-0.9242,0.3024,-0.4025,0.3181,-0.0246,0.6617,-0.9209,0.4452,-0.5488,0.3486,0.4526,0.4979,-0.7006,0.0,0.0,0.0,0.0,0.0,0.0,0.0,0.0,0.0,
3.84,run,-0.02,3.34,-0.5,-0.37,1.33,0.0,0.0,0.0,0.111,5.54,1.14,6.42,10.81,11.87,-13.54,10.72,-47.02,92.55,-0.88,11.69,-13.18,15.56,-55.28,94.66,15.73,2.72,5.54,5.7,0.62,6.49,10.79,11.4,-13.68,10.57,-47.22,92.1,-0.83,11.38,-13.41,15.61,-55.19,94.71,15.92,2.36,5.45,0.1628,0.4658,-0.6884,0.3084,0.6619,-0.9256,0.3021,-0.4039,0.3188,-0.0238,0.6615,-0.9224,0.446,-0.5489,0.3496,0.4547,0.4975,-0.7006,0.0,0.019,0.0,0.0,0.006,0.0,0.006,0.0,0.006,0.0,0.0,0.0,0.0,0.0,0.0,0.0,0.006,0.0,0.1074,0.0138,0.1089,0.1856,0.201,-0.2393,0.1856,-0.8237,1.6061,-0.0169,0.1979,-0.2332,0.273,-0.9679,1.6506,0.2746,0.0414,0.0936,0.0361,-0.0012,-0.0029,0.0002,-0.0022,0.0007,-0.0002,-0.0024,-0.0106,-0.0001,-0.0018,0.0006,0.0004,-0.0025,-0.0146,-0.0003,-0.0016,0.0003,-0.0038,0.0028,-0.0007,-0.0009,-0.0419,0.1648,0.4654,-0.6895,0.3102,0.665,-0.9227,0.3031,-0.3992,0.3197,-0.0259,0.6631,-0.92,0.4437,-0.5466,0.3494,0.4506,0.4979,-0.6984,0.0,0.0,0.0,0.0,0.0,0.0,0.0,0.0,0.0,
3.88,run,-0.01,3.37,0.22,0.57,0.81,0.0,0.0,0.0,0.111,5.71,1.14,6.42,10.81,11.87,-13.54,10.72,-47.02,92.55,-0.88,11.69,-13.36,15.56,-55.37,94.66,15.73,2.72,5.54,5.77,0.59,6.38,10.85,11.57,-13.44,10.6,-47.0,92.2,-0.9,11.47,-13.25,15.54,-55.11,94.7,15.77,2.36,5.62,0.165,0.4652,-0.6897,0.3101,0.6649,-0.9228,0.3029,-0.3999,0.32,-0.0257,0.6631,-0.9206,0.4439,-0.5474,0.3494,0.4506,0.4975,-0.6986,0.006,0.013,0.0,0.0,0.006,0.006,0.0,0.0,0.006,0.0,0.0,0.0,0.0,0.006,0.0,0.0,0.0,0.0,0.0966,0.0138,0.1089,0.1856,0.201,-0.2393,0.1856,-0.8237,1.6061,-0.0169,0.1979,-0.2332,0.273,-0.9664,1.6506,0.2746,0.0414,0.0936,-0.0151,-0.0009,-0.0021,0.0001,-0.0015,0.0005,-0.0002,-0.0017,-0.0074,-0.0,-0.0012,0.0004,0.0003,0.004,-0.0102,-0.0002,-0.0011,0.0002,-0.0061,0.0011,-0.0086,-0.0065,0.0232,0.1628,0.4658,-0.6884,0.3084,0.6619,-0.9256,0.3021,-0.4039,0.3188,-0.0238,0.6615,-0.9224,0.446,-0.5489,0.3496,0.4547,0.4975,-0.7006,0.0,0.0,0.0,0.0,0.0,0.0,0.0,0.0,0.0,
3.92,run,-0.01,3.35,-0.04,-0.52,-1.89,0.0,0.0,0.0,0.111,6.06,1.14,6.42,10.81,11.87,-13.54,10.72,-47.02,92.55,-0.88,11.69,-13.27,15.56,-55.37,94.66,15.73,2.72,5.54,5.75,0.57,6.44,10.8,11.55,-13.53,10.58,-47.05,92.13,-0.84,11.43,-13.27,15.54,-55.12,94.71,15.81,2.39,5.47,0.1643,0.4649,-0.689,0.3086,0.6646,-0.9239,0.3022,-0.4009,0.3192,-0.0241,0.6624,-0.9208,0.444,-0.5477,0.3495,0.4518,0.498,-0.7004,0.006,0.013,0.0,0.0,0.006,0.006,0.0,0.0,0.006,0.0,0.0,0.0,0.0,0.006,0.0,0.0,0.0,0.0,0.0997,0.0138,0.1089,0.1856,0.201,-0.2393,0.1856,-0.8237,1.6061,-0.0169,0.1979,-0.2362,0.273,-0.9679,1.6506,0.2746,0.0414,0.0936,0.0009,-0.0006,-0.0014,0.0001,-0.0011,0.0003,-0.0001,-0.0012,-0.0052,-0.0,-0.0009,-0.0112,0.0002,-0.0029,-0.0071,-0.0002,-0.0008,0.0001,-0.0053,0.0033,0.0039,0.0099,0.0142,0.165,0.4652,-0.6897,0.3101,0.6649,-0.9228,0.3029,-0.3999,0.32,-0.0257,0.6631,-0.9206,0.4439,-0.5474,0.3494,0.4506,0.4975,-0.6986,0.0,0.0,0.0,0.0,0.0,0.0,0.0,0.0,0.0,
3.96,run,-0.02,3.35,-0.06,0.07,1.96,0.0,0.0,0.0,0.111,5.36,1.14,6.42,10.81,11.87,-13.54,10.72,-47.02,92.55,-0.88,11.69,-13.27,15.56,-55.2,94.66,15.73,2.72,5.54,5.73,0.63,6.46,10.81,11.47,-13.66,10.58,-47.2,92.17,-0.85,11.42,-13.4,15.59,-55.22,94.71,15.88,2.37,5.52,0.1636,0.466,-0.6887,0.3089,0.6631,-0.9254,0.3023,-0.4037,0.3197,-0.0244,0.6622,-0.9223,0.4453,-0.5495,0.3495,0.4538,0.4977,-0.6998,0.006,0.013,0.0,0.0,0.006,0.006,0.0,0.0,0.006,0.0,0.0,0.0,0.0,0.006,0.0,0.0,0.0,0.0,0.1058,0.0138,0.1089,0.1856,0.201,-0.2393,0.1856,-0.8237,1.6061,-0.0169,0.1979,-0.2347,0.273,-0.9679,1.6506,0.2746,0.0414,0.0936,0.0237,-0.0004,-0.001,0.0001,-0.0007,0.0002,-0.0001,-0.0008,-0.0036,-0.0,-0.0006,-0.0021,0.0001,-0.0021,-0.005,-0.0001,-0.0005,0.0001,-0.0057,0.0022,-0.0007,-0.0091,-0.033,0.1643,0.4649,-0.689,0.3086,0.6646,-0.9239,0.3022,-0.4009,0.3192,-0.0241,0.6624,-0.9208,0.444,-0.5477,0.3495,0.4518,0.498,-0.7004,0.0,0.0,0.0,0.0,0.0,0.0,0.0,0.0,0.0,
4.0,run,-0.01,3.37,0.28,0.4,-0.47,0.0,0.0,0.0,0.111,5.71,1.14,6.42,10.81,11.87,-13.54,10.72,-47.11,92.55,-0.88,11.69,-13.27,15.56,-55.2,94.66,15.73,2.72,5.54,5.79,0.54,6.38,10.84,11.63,-13.4,10.6,-47.0,92.2,-0.9,11.48,-13.23,15.52,-55.14,94.69,15.75,2.4,5.53,0.1655,0.4644,-0.6897,0.3096,0.6659,-0.9224,0.3029,-0.4,0.32,-0.0256,0.6634,-0.9204,0.4434,-0.548,0.3493,0.45,0.4982,-0.6997,0.006,0.013,0.0,0.0,0.0,0.0,0.0,0.0,0.0,0.0,0.0,0.0,0.0,0.0,0.0,0.006,0.006,0.0,0.0936,0.0138,0.1089,0.1856,0.201,-0.2393,0.1856,-0.8237,1.6061,-0.0169,0.1979,-0.2347,0.273,-0.9649,1.6506,0.2746,0.0414,0.0936,-0.0292,-0.0003,-0.0007,0.0,-0.0005,0.0002,-0.0001,-0.0006,-0.0026,-0.0,-0.0004,-0.0015,0.0001,0.01,-0.0035,-0.0001,-0.0004,0.0001,-0.0059,0.002,-0.0011,0.0011,0.0343,0.1636,0.466,-0.6887,0.3089,0.6631,-0.9254,0.3023,-0.4037,0.3197,-0.0244,0.6622,-0.9223,0.4453,-0.5495,0.3495,0.4538,0.4977,-0.6998,0.0,0.0,0.0,0.0,0.0,0.0,0.0,0.0,0.0,
4.04,run,-0.0,3.39,0.37,0.02,-0.81,0.0,0.0,0.0,0.111,5.98,0.97,6.42,10.81,11.87,-13.54,10.72,-47.11,92.55,-0.88,11.69,-13.27,15.56,-55.2,94.66,15.73,2.72,5.54,5.74,0.56,6.48,10.79,11.54,-13.59,10.59,-47.17,92.15,-0.85,11.43,-13.35,15.57,-55.21,94.7,15.85,2.42,5.39,0.164,0.4646,-0.6884,0.3084,0.6644,-0.9246,0.3025,-0.4031,0.3194,-0.0244,0.6624,-0.9218,0.4448,-0.5493,0.3494,0.4528,0.4986,-0.7013,0.006,0.013,0.0,0.0,0.0,0.0,0.0,0.0,0.0,0.0,0.0,0.0,0.0,0.0,0.0,0.006,0.006,0.0,0.0997,0.0138,0.1089,0.1856,0.201,-0.2393,0.1856,-0.8253,1.6061,-0.0169,0.1979,-0.2347,0.273,-0.9649,1.6506,0.2746,0.0414,0.0936,0.0025,-0.0002,-0.0005,0.0,-0.0004,0.0001,-0.0,-0.0061,-0.0018,-0.0,-0.0003,-0.001,0.0001,0.007,-0.0024,-0.0001,-0.0003,0.0,-0.0055,0.004,0.0049,0.007,-0.0082,0.1655,0.4644,-0.6897,0.3096,0.6659,-0.9224,0.3029,-0.4,0.32,-0.0256,0.6634,-0.9204,0.4434,-0.548,0.3493,0.45,0.4982,-0.6997,0.0,0.0,0.0,0.0,0.0,0.0,0.0,0.0,0.0,
4.08,run,-0.02,3.39,-0.21,-0.0,1.81,0.0,0.0,0.0,0.111,5.27,0.97,6.42,10.81,11.87,-13.54,10.72,-47.11,92.55,-0.88,11.69,-13.27,15.56,-55.2,94.66,15.73,2.72,5.54,5.73,0.56,6.49,10.79,11.52,-13.61,10.59,-47.19,92.18,-0.84,11.43,-13.38,15.58,-55.21,94.75,15.87,2.41,5.42,0.1637,0.4647,-0.6884,0.3084,0.664,-0.9249,0.3027,-0.4034,0.3198,-0.024,0.6623,-0.9221,0.4451,-0.5492,0.35,0.4533,0.4983,-0.7009,0.006,0.013,0.0,0.0,0.0,0.0,0.0,0.0,0.0,0.0,0.0,0.0,0.0,0.0,0.0,0.006,0.006,0.0,0.1043,0.0107,0.1089,0.1856,0.201,-0.2393,0.1856,-0.8253,1.6061,-0.0169,0.1979,-0.2347,0.273,-0.9649,1.6506,0.2746,0.0414,0.0936,0.019,-0.0117,-0.0003,0.0,-0.0003,0.0001,-0.0,-0.0043,-0.0012,-0.0,-0.0002,-0.0007,0.0001,0.0049,-0.0017,-0.0,-0.0002,0.0,-0.0048,0.0049,0.0065,0.0003,-0.0142,0.164,0.4646,-0.6884,0.3084,0.6644,-0.9246,0.3025,-0.4031,0.3194,-0.0244,0.6624,-0.9218,0.4448,-0.5493,0.3494,0.4528,0.4986,-0.7013,0.0,0.0,0.0,0.0,0.0,0.0,0.0,0.0,0.0,
4.12,run,-0.0,3.41,0.3,0.39,-0.91,0.0,0.0,0.0,0.111,5.8,0.97,6.42,10.81,11.87,-13.54,10.72,-47.11,92.55,-0.88,11.69,-13.27,15.56,-55.2,94.66,15.73,2.72,5.54,5.79,0.56,6.46,10.83,11.66,-13.5,10.62,-47.07,92.25,-0.9,11.51,-13.25,15.53,-55.18,94.72,15.78,2.46,5.53,0.1654,0.4647,-0.6888,0.3093,0.6666,-0.9236,0.3035,-0.4013,0.3206,-0.0259,0.6638,-0.9205,0.4437,-0.5487,0.3496,0.4509,0.4993,-0.6997,0.013,0.006,0.0,0.0,0.006,0.0,0.0,0.0,0.0,0.0,0.006,0.0,0.0,0.0,0.0,0.006,0.006,0.0,0.092,0.0107,0.1089,0.1856,0.201,-0.2393,0.1856,-0.8253,1.6061,-0.0169,0.1979,-0.2347,0.273,-0.9649,1.6506,0.2746,0.0414,0.0936,-0.0327,-0.0082,-0.0002,0.0,-0.0002,0.0001,-0.0,-0.003,-0.0009,-0.0,-0.0001,-0.0005,0.0,0.0034,-0.0012,-0.0,-0.0001,0.0,-0.006,0.0054,-0.0036,-0.0001,0.0316,0.1637,0.4647,-0.6884,0.3084,0.664,-0.9249,0.3027,-0.4034,0.3198,-0.024,0.6623,-0.9221,0.4451,-0.5492,0.35,0.4533,0.4983,-0.7009,0.0,0.0,0.0,0.0,0.0,0.0,0.0,0.0,0.0,
4.16,run,0.0,3.42,0.44,0.26,-0.82,0.0,0.0,0.0,0.111,5.89,0.97,6.42,10.81,11.87,-13.54,10.72,-47.11,92.55,-0.88,11.69,-13.27,15.56,-55.2,94.66,15.73,2.72,5.54,5.74,0.56,6.55,10.77,11.55,-13.67,10.59,-47.24,92.2,-0.84,11.44,-13.38,15.58,-55.24,94.75,15.89,2.46,5.38,0.1639,0.4647,-0.6877,0.3079,0.6645,-0.9255,0.3026,-0.4044,0.32,-0.0241,0.6625,-0.9221,0.4452,-0.5498,0.35,0.4539,0.4993,-0.7014,0.013,0.006,0.0,0.0,0.006,0.0,0.0,0.0,0.0,0.0,0.006,0.0,0.0,0.0,0.0,0.006,0.006,0.0,0.1012,0.0107,0.1089,0.1856,0.201,-0.2393,0.1856,-0.8253,1.6061,-0.0169,0.1979,-0.2347,0.273,-0.9649,1.6506,0.2746,0.0414,0.0936,0.0116,-0.0057,-0.0002,0.0,-0.0001,0.0,-0.0,-0.0021,-0.0006,-0.0,-0.0001,-0.0004,0.0,0.0024,-0.0008,-0.0,-0.0001,0.0,-0.0048,0.007,0.0052,0.0069,-0.0158,0.1654,0.4647,-0.6888,0.3093,0.6666,-0.9236,0.3035,-0.4013,0.3206,-0.0259,0.6638,-0.9205,0.4437,-0.5487,0.3496,0.4509,0.4993,-0.6997,0.0,0.0,0.0,0.0,0.0,0.0,0.0,0.0,0.0,
4.2,run,-0.0,3.43,-0.07,0.03,2.09,0.0,0.0,0.0,0.111,5.27,0.97,6.42,10.81,11.87,-13.54,10.72,-47.11,92.55,-0.88,11.69,-13.27,15.56,-55.2,94.66,15.73,2.72,5.54,5.74,0.54,6.56,10.77,11.53,-13.65,10.59,-47.24,92.2,-0.84,11.42,-13.36,15.58,-55.24,94.74,15.88,2.45,5.41,0.164,0.4644,-0.6876,0.3078,0.6642,-0.9253,0.3026,-0.4044,0.32,-0.024,0.6622,-0.9219,0.445,-0.5498,0.3499,0.4536,0.499,-0.7011,0.013,0.006,0.0,0.0,0.006,0.0,0.0,0.0,0.0,0.0,0.006,0.0,0.0,0.0,0.0,0.006,0.006,0.0,0.1028,0.0107,0.1089,0.1856,0.201,-0.2393,0.1856,-0.8253,1.6061,-0.0169,0.1979,-0.2347,0.273,-0.9649,1.6506,0.2746,0.0414,0.0936,0.0139,-0.004,-0.0001,0.0,-0.0001,0.0,-0.0,-0.0015,-0.0004,-0.0,-0.0001,-0.0002,0.0,0.0017,-0.0006,-0.0,-0.0001,0.0,-0.0041,0.0078,0.0076,0.0046,-0.0143,0.1639,0.4647,-0.6877,0.3079,0.6645,-0.9255,0.3026,-0.4044,0.32,-0.0241,0.6625,-0.9221,0.4452,-0.5498,0.35,0.4539,0.4993,-0.7014,0.0,0.0,0.0,0.0,0.0,0.0,0.0,0.0,0.0,
4.24,run,0.03,3.44,0.48,0.71,-1.89,0.0,0.0,0.0,0.111,5.89,0.97,6.42,10.81,11.87,-13.54,10.72,-47.11,92.55,-0.88,11.69,-13.27,15.56,-55.2,94.66,15.91,2.72,5.54,5.79,0.54,6.47,10.81,11.67,-13.51,10.62,-47.09,92.27,-0.9,11.5,-13.25,15.53,-55.18,94.74,15.8,2.49,5.52,0.1655,0.4644,-0.6885,0.309,0.6666,-0.9237,0.3033,-0.4017,0.3208,-0.0257,0.6636,-0.9206,0.4436,-0.5487,0.3499,0.4513,0.4998,-0.6998,0.006,0.006,0.006,0.0,0.0,0.0,0.0,0.0,0.0,0.0,0.0,0.0,0.0,0.0,0.0,0.0,0.006,0.006,0.092,0.0107,0.1089,0.1856,0.201,-0.2393,0.1856,-0.8253,1.6061,-0.0169,0.1979,-0.2347,0.273,-0.9649,1.6506,0.2746,0.0414,0.0936,-0.0303,-0.0028,-0.0001,0.0,-0.0001,0.0,-0.0,-0.001,-0.0003,-0.0,-0.0001,-0.0002,0.0,0.0012,-0.0004,-0.0,-0.0,0.0,-0.0047,0.0088,-0.0012,0.0006,0.0364,0.164,0.4644,-0.6876,0.3078,0.6642,-0.9253,0.3026,-0.4044,0.32,-0.024,0.6622,-0.9219,0.445,-0.5498,0.3499,0.4536,0.499,-0.7011,0.0,0.0,0.0,0.0,0.0,0.0,0.0,0.0,0.0,
4.28,run,0.01,3.42,-0.4,-0.22,-0.23,0.0,0.0,0.0,0.111,5.8,0.97,6.42,10.81,11.87,-13.54,10.72,-47.2,92.55,-0.88,11.69,-13.27,15.56,-55.2,94.66,15.82,2.72,5.54,5.72,0.56,6.58,10.76,11.51,-13.75,10.58,-47.36,92.14,-0.85,11.43,-13.44,15.61,-55.29,94.7,15.93,2.5,5.28,0.1634,0.4647,-0.6873,0.3074,0.6638,-0.9264,0.3023,-0.4065,0.3193,-0.0242,0.6623,-0.9228,0.446,-0.5508,0.3494,0.4551,0.5,-0.7026,0.006,0.006,0.006,0.0,0.0,0.0,0.0,0.0,0.0,0.0,0.0,0.0,0.0,0.0,0.0,0.0,0.006,0.006,0.1028,0.0107,0.1089,0.1856,0.201,-0.2393,0.1856,-0.8253,1.6061,-0.0169,0.1979,-0.2347,0.273,-0.9649,1.6506,0.2777,0.0414,0.0936,0.0192,-0.002,-0.0001,0.0,-0.0,0.0,-0.0,-0.0007,-0.0002,-0.0,-0.0,-0.0001,0.0,0.0008,-0.0003,0.0115,-0.0,0.0,-0.0023,0.0096,0.0084,0.0125,-0.033,0.1655,0.4644,-0.6885,0.309,0.6666,-0.9237,0.3033,-0.4017,0.3208,-0.0257,0.6636,-0.9206,0.4436,-0.5487,0.3499,0.4513,0.4998,-0.6998,0.0,0.0,0.0,0.0,0.0,0.0,0.0,0.0,0.0,
4.32,run,0.0,3.42,-0.27,-0.13,1.93,0.0,0.0,0.0,0.111,5.54,0.97,6.42,10.81,11.87,-13.62,10.72,-47.2,92.55,-0.88,11.69,-13.27,15.56,-55.2,94.66,15.82,2.72,5.54,5.75,0.57,6.52,10.81,11.56,-13.66,10.62,-47.22,92.28,-0.88,11.48,-13.38,15.59,-55.21,94.78,15.88,2.46,5.53,0.1643,0.465,-0.688,0.3088,0.6648,-0.9254,0.3034,-0.404,0.321,-0.0252,0.6633,-0.9221,0.4453,-0.5492,0.3503,0.4538,0.4994,-0.6996,0.006,0.006,0.006,0.0,0.0,0.0,0.0,0.0,0.0,0.0,0.0,0.0,0.0,0.0,0.0,0.0,0.006,0.006,0.1012,0.0107,0.1089,0.1856,0.201,-0.2393,0.1856,-0.8268,1.6061,-0.0169,0.1979,-0.2347,0.273,-0.9649,1.6506,0.2761,0.0414,0.0936,0.0076,-0.0014,-0.0,0.0,-0.0,0.0,-0.0,-0.0063,-0.0001,-0.0,-0.0,-0.0001,0.0,0.0006,-0.0002,0.0023,-0.0,0.0,-0.004,0.0079,-0.0069,-0.0039,-0.0041,0.1634,0.4647,-0.6873,0.3074,0.6638,-0.9264,0.3023,-0.4065,0.3193,-0.0242,0.6623,-0.9228,0.446,-0.5508,0.3494,0.4551,0.5,-0.7026,0.0,0.0,0.0,0.0,0.0,0.0,0.0,0.0,0.0,
4.36,run,0.03,3.42,0.27,0.03,-1.66,0.0,0.0,0.0,0.111,6.06,0.97,6.42,10.81,11.87,-13.62,10.72,-47.2,92.55,-0.88,11.69,-13.27,15.56,-55.2,94.66,15.82,2.72,5.54,5.79,0.57,6.43,10.82,11.66,-13.53,10.62,-47.09,92.34,-0.89,11.52,-13.32,15.55,-55.14,94.83,15.83,2.49,5.55,0.1653,0.4649,-0.6891,0.3093,0.6666,-0.9239,0.3034,-0.4017,0.3216,-0.0256,0.664,-0.9215,0.4443,-0.548,0.351,0.4523,0.4998,-0.6994,0.006,0.006,0.0,0.0,0.0,0.0,0.006,0.0,0.0,0.0,0.006,0.0,0.0,0.0,0.006,0.0,0.006,0.0,0.0966,0.0107,0.1089,0.1856,0.201,-0.2408,0.1856,-0.8268,1.6061,-0.0169,0.1979,-0.2347,0.273,-0.9649,1.6506,0.2761,0.0414,0.0936,-0.0118,-0.001,-0.0,0.0,-0.0,-0.0057,-0.0,-0.0044,-0.0001,-0.0,-0.0,-0.0001,0.0,0.0004,-0.0001,0.0016,-0.0,0.0,-0.0045,0.0084,-0.0048,-0.0022,0.0336,0.1643,0.465,-0.688,0.3088,0.6648,-0.9254,0.3034,-0.404,0.321,-0.0252,0.6633,-0.9221,0.4453,-0.5492,0.3503,0.4538,0.4994,-0.6996,0.0,0.0,0.0,0.0,0.0,0.0,0.0,0.0,0.0,
4.4,run,-0.01,3.41,-0.4,-0.27,1.43,0.0,0.0,0.0,0.111,5.54,0.97,6.42,10.81,11.87,-13.62,10.72,-47.2,92.55,-0.88,11.69,-13.27,15.56,-55.2,94.75,15.82,2.72,5.54,5.73,0.58,6.52,10.78,11.53,-13.73,10.6,-47.31,92.26,-0.84,11.46,-13.47,15.61,-55.26,94.82,15.94,2.49,5.4,0.1638,0.4652,-0.688,0.3079,0.6642,-0.9262,0.3028,-0.4056,0.3207,-0.0241,0.6628,-0.9232,0.4461,-0.5501,0.3508,0.4555,0.4999,-0.7012,0.006,0.006,0.0,0.0,0.0,0.0,0.006,0.0,0.0,0.0,0.006,0.0,0.0,0.0,0.006,0.0,0.006,0.0,0.1058,0.0107,0.1089,0.1856,0.201,-0.2408,0.1856,-0.8268,1.6061,-0.0169,0.1979,-0.2347,0.273,-0.9649,1.6506,0.2761,0.0414,0.0936,0.0264,-0.0007,-0.0,0.0,-0.0,-0.004,-0.0,-0.0031,-0.0001,-0.0,-0.0,-0.0,0.0,0.0003,-0.0001,0.0011,-0.0,0.0,-0.0023,0.0083,0.0047,0.0005,-0.029,0.1653,0.4649,-0.6891,0.3093,0.6666,-0.9239,0.3034,-0.4017,0.3216,-0.0256,0.664,-0.9215,0.4443,-0.548,0.351,0.4523,0.4998,-0.6994,0.0,0.0,0.0,0.0,0.0,0.0,0.0,0.0,0.0,
4.44,run,0.0,3.43,0.41,0.55,0.07,0.0,0.0,0.0,0.111,5.71,0.97,6.42,10.81,11.87,-13.62,10.72,-47.2,92.55,-0.79,11.69,-13.27,15.56,-55.2,94.83,15.82,2.72,5.54,5.79,0.59,6.42,10.83,11.65,-13.56,10.62,-47.11,92.36,-0.9,11.52,-13.33,15.55,-55.17,94.83,15.83,2.47,5.57,0.1654,0.4652,-0.6891,0.3095,0.6664,-0.9242,0.3035,-0.4021,0.3219,-0.0256,0.664,-0.9216,0.4444,-0.5486,0.351,0.4523,0.4994,-0.6991,0.006,0.006,0.0,0.0,0.0,0.0,0.006,0.0,0.0,0.0,0.006,0.0,0.0,0.0,0.006,0.0,0.006,0.0,0.0966,0.0107,0.1089,0.1856,0.201,-0.2408,0.1856,-0.8268,1.6061,-0.0169,0.1979,-0.2347,0.273,-0.9649,1.6521,0.2761,0.0414,0.0936,-0.0107,-0.0005,-0.0,0.0,-0.0,-0.0028,-0.0,-0.0022,-0.0001,-0.0,-0.0,-0.0,0.0,0.0002,0.0048,0.0008,-0.0,0.0,-0.005,0.0071,-0.0069,-0.0047,0.025,0.1638,0.4652,-0.688,0.3079,0.6642,-0.9262,0.3028,-0.4056,0.3207,-0.0241,0.6628,-0.9232,0.4461,-0.5501,0.3508,0.4555,0.4999,-0.7012,0.0,0.0,0.0,0.0,0.0,0.0,0.0,0.0,0.0,
4.48,run,0.0,3.44,0.21,0.09,-0.73,0.0,0.0,0.0,0.111,5.98,0.97,6.42,10.81,11.87,-13.62,10.72,-47.2,92.55,-0.79,11.69,-13.27,15.56,-55.2,94.83,15.82,2.72,5.54,5.76,0.56,6.5,10.79,11.6,-13.65,10.59,-47.22,92.26,-0.85,11.44,-13.36,15.57,-55.25,94.8,15.86,2.46,5.35,0.1645,0.4647,-0.6883,0.3082,0.6654,-0.9253,0.3026,-0.4039,0.3207,-0.0243,0.6625,-0.9219,0.4448,-0.5499,0.3506,0.4532,0.4992,-0.7017,0.0,0.013,0.0,0.0,0.006,0.0,0.0,0.0,0.0,0.0,0.006,0.0,0.0,0.0,0.0,0.0,0.0,0.0,0.0997,0.0107,0.1089,0.1856,0.201,-0.2408,0.1856,-0.8268,1.6061,-0.0153,0.1979,-0.2347,0.273,-0.9649,1.6536,0.2761,0.0414,0.0936,0.004,-0.0003,-0.0,0.0,-0.0,-0.002,-0.0,-0.0015,-0.0,0.0057,-0.0,-0.0,0.0,0.0001,0.0091,0.0005,-0.0,0.0,-0.0043,0.0093,0.0071,0.0095,0.0012,0.1654,0.4652,-0.6891,0.3095,0.6664,-0.9242,0.3035,-0.4021,0.3219,-0.0256,0.664,-0.9216,0.4444,-0.5486,0.351,0.4523,0.4994,-0.6991,0.0,0.0,0.0,0.0,0.0,0.0,0.0,0.0,0.0,
4.52,run,-0.0,3.45,0.01,0.13,1.4,0.0,0.0,0.0,0.111,5.45,0.97,6.42,10.81,11.87,-13.62,10.72,-47.2,92.55,-0.79,11.69,-13.27,15.56,-55.2,94.83,15.82,2.72,5.54,5.74,0.58,6.52,10.79,11.55,-13.7,10.59,-47.26,92.28,-0.85,11.42,-13.4,15.59,-55.26,94.82,15.89,2.44,5.41,0.1641,0.4651,-0.688,0.3083,0.6646,-0.9259,0.3026,-0.4047,0.321,-0.0242,0.6622,-0.9223,0.4453,-0.5502,0.3508,0.454,0.4988,-0.701,0.0,0.013,0.0,0.0,0.006,0.0,0.0,0.0,0.0,0.0,0.006,0.0,0.0,0.0,0.0,0.0,0.0,0.0,0.1043,0.0107,0.1089,0.1856,0.201,-0.2408,0.1856,-0.8268,1.6061,-0.0153,0.1979,-0.2347,0.273,-0.9649,1.6536,0.2761,0.0414,0.0936,0.02,-0.0002,-0.0,0.0,-0.0,-0.0014,-0.0,-0.0011,-0.0,0.004,-0.0,-0.0,0.0,0.0001,0.0064,0.0004,-0.0,0.0,-0.0045,0.0099,0.0036,0.0015,-0.0127,0.1645,0.4647,-0.6883,0.3082,0.6654,-0.9253,0.3026,-0.4039,0.3207,-0.0243,0.6625,-0.9219,0.4448,-0.5499,0.3506,0.4532,0.4992,-0.7017,0.0,0.0,0.0,0.0,0.0,0.0,0.0,0.0,0.0,
4.56,run,0.01,3.48,0.5,0.52,-0.72,0.0,0.0,0.0,0.111,5.8,0.97,6.42,10.81,11.87,-13.62,10.72,-47.2,92.55,-0.79,11.69,-13.27,15.56,-55.2,94.83,15.82,2.72,5.54,5.79,0.57,6.48,10.81,11.66,-13.6,10.61,-47.16,92.31,-0.89,11.48,-13.29,15.54,-55.23,94.79,15.82,2.48,5.47,0.1653,0.4649,-0.6885,0.3089,0.6665,-0.9247,0.3031,-0.4029,0.3213,-0.0255,0.6632,-0.921,0.4441,-0.5496,0.3504,0.452,0.4996,-0.7003,0.0,0.013,0.0,0.0,0.006,0.0,0.0,0.0,0.0,0.0,0.006,0.0,0.0,0.0,0.0,0.0,0.0,0.0,0.0951,0.0107,0.1089,0.1856,0.201,-0.2408,0.1856,-0.8268,1.6061,-0.0153,0.1979,-0.2347,0.273,-0.9649,1.6536,0.2761,0.0414,0.0936,-0.0203,-0.0002,-0.0,0.0,-0.0,-0.001,-0.0,-0.0007,-0.0,0.0028,-0.0,-0.0,0.0,0.0001,0.0045,0.0003,-0.0,0.0,-0.0047,0.0108,0.0001,0.0022,0.0244,0.1641,0.4651,-0.688,0.3083,0.6646,-0.9259,0.3026,-0.4047,0.321,-0.0242,0.6622,-0.9223,0.4453,-0.5502,0.3508,0.454,0.4988,-0.701,0.0,0.0,0.0,0.0,0.0,0.0,0.0,0.0,0.0,
4.6,run,0.01,3.46,-0.27,-0.1,-0.06,0.0,0.0,0.0,0.111,5.89,0.97,6.42,10.81,11.87,-13.62,10.72,-47.2,92.55,-0.79,11.69,-13.27,15.56,-55.2,94.83,15.82,2.72,5.54,5.74,0.57,6.57,10.77,11.57,-13.73,10.59,-47.3,92.25,-0.85,11.42,-13.38,15.58,-55.3,94.79,15.9,2.49,5.33,0.1641,0.4648,-0.6874,0.3076,0.6649,-0.9263,0.3025,-0.4055,0.3206,-0.0243,0.6621,-0.9221,0.4453,-0.5509,0.3505,0.4542,0.4998,-0.7019,0.0,0.013,0.0,0.0,0.0,0.0,0.0,0.0,0.006,0.0,0.006,0.0,0.0,0.0,0.0,0.0,0.0,0.0,0.1012,0.0107,0.1089,0.1856,0.201,-0.2408,0.1856,-0.8268,1.6061,-0.0153,0.1979,-0.2347,0.273,-0.9649,1.6536,0.2761,0.0414,0.0936,0.0088,-0.0001,-0.0,0.0,-0.0,-0.0007,-0.0,-0.0005,-0.0,0.002,-0.0,-0.0,0.0,0.0,0.0031,0.0002,-0.0,0.0,-0.0035,0.0128,0.0087,0.0091,-0.0126,0.1653,0.4649,-0.6885,0.3089,0.6665,-0.9247,0.3031,-0.4029,0.3213,-0.0255,0.6632,-0.921,0.4441,-0.5496,0.3504,0.452,0.4996,-0.7003,0.0,0.0,0.0,0.0,0.0,0.0,0.0,0.0,0.0,
4.64,run,-0.0,3.45,-0.49,-0.16,1.48,0.0,0.0,0.0,0.111,5.27,0.97,6.42,10.81,11.87,-13.62,10.72,-47.2,92.55,-0.79,11.69,-13.27,15.56,-55.2,94.83,15.82,2.72,5.54,5.76,0.6,6.51,10.8,11.57,-13.69,10.61,-47.24,92.34,-0.87,11.45,-13.38,15.59,-55.24,94.87,15.89,2.45,5.49,0.1644,0.4654,-0.6881,0.3086,0.665,-0.9258,0.303,-0.4043,0.3216,-0.0249,0.6627,-0.9221,0.4454,-0.5497,0.3514,0.4539,0.4992,-0.7001,0.0,0.013,0.0,0.0,0.0,0.0,0.0,0.0,0.006,0.0,0.006,0.0,0.0,0.0,0.0,0.0,0.0,0.0,0.1028,0.0107,0.1089,0.1856,0.201,-0.2408,0.1856,-0.8268,1.6061,-0.0153,0.1979,-0.2347,0.273,-0.9649,1.6536,0.2761,0.0414,0.0936,0.0119,-0.0001,-0.0,0.0,-0.0,-0.0005,-0.0,-0.0004,-0.0,0.0014,-0.0,-0.0,0.0,0.0,0.0022,0.0001,-0.0,0.0,-0.0038,0.0112,-0.0048,-0.0017,-0.001,0.1641,0.4648,-0.6874,0.3076,0.6649,-0.9263,0.3025,-0.4055,0.3206,-0.0243,0.6621,-0.9221,0.4453,-0.5509,0.3505,0.4542,0.4998,-0.7019,0.0,0.0,0.0,0.0,0.0,0.0,0.0,0.0,0.0,
4.68,run,0.02,3.45,0.12,0.26,-1.52,0.0,0.0,0.0,0.111,5.98,0.97,6.42,10.81,11.87,-13.62,10.72,-47.2,92.55,-0.79,11.69,-13.27,15.56,-55.2,94.83,15.82,2.72,5.54,5.8,0.61,6.47,10.83,11.68,-13.62,10.63,-47.17,92.36,-0.92,11.52,-13.3,15.55,-55.24,94.81,15.83,2.51,5.53,0.1657,0.4655,-0.6886,0.3093,0.667,-0.9249,0.3036,-0.403,0.3219,-0.0264,0.664,-0.9211,0.4444,-0.5499,0.3507,0.4522,0.5001,-0.6996,0.0,0.013,0.0,0.0,0.0,0.0,0.0,0.0,0.006,0.0,0.006,0.0,0.0,0.0,0.0,0.0,0.0,0.0,0.092,0.0107,0.1089,0.1856,0.201,-0.2408,0.1856,-0.8268,1.6061,-0.0153,0.1979,-0.2347,0.273,-0.9649,1.6536,0.2761,0.0414,0.0936,-0.0321,-0.0001,-0.0,0.0,-0.0,-0.0003,-0.0,-0.0003,-0.0,0.001,-0.0,-0.0,0.0,0.0,0.0015,0.0001,-0.0,0.0,-0.0045,0.0103,-0.0085,-0.0027,0.0258,0.1644,0.4654,-0.6881,0.3086,0.665,-0.9258,0.303,-0.4043,0.3216,-0.0249,0.6627,-0.9221,0.4454,-0.5497,0.3514,0.4539,0.4992,-0.7001,0.0,0.0,0.0,0.0,0.0,0.0,0.0,0.0,0.0,
4.72,run,-0.0,3.42,-0.88,-0.5,0.64,0.0,0.0,0.0,0.111,5.71,0.97,6.42,10.81,11.87,-13.62,10.72,-47.2,92.55,-0.88,11.69,-13.27,15.56,-55.2,94.83,15.82,2.72,5.54,5.74,0.6,6.55,10.78,11.53,-13.77,10.59,-47.33,92.28,-0.85,11.43,-13.44,15.61,-55.29,94.85,15.94,2.47,5.38,0.1639,0.4654,-0.6876,0.3079,0.6643,-0.9267,0.3027,-0.406,0.321,-0.0242,0.6624,-0.9228,0.4461,-0.5507,0.3512,0.4553,0.4995,-0.7014,0.013,0.0,0.0,0.0,0.006,0.006,0.0,0.0,0.0,0.0,0.006,0.006,0.0,0.0,0.0,0.0,0.006,0.0,0.1043,0.0107,0.1089,0.1856,0.201,-0.2408,0.1856,-0.8268,1.6061,-0.0153,0.1979,-0.2347,0.273,-0.9649,1.6536,0.2761,0.0414,0.0936,0.0236,-0.0,-0.0,0.0,-0.0,-0.0002,-0.0,-0.0002,-0.0,0.0007,-0.0,-0.0,0.0,0.0,0.0011,0.0001,-0.0,0.0,-0.0031,0.0106,0.002,0.0045,-0.0266,0.1657,0.4655,-0.6886,0.3093,0.667,-0.9249,0.3036,-0.403,0.3219,-0.0264,0.664,-0.9211,0.4444,-0.5499,0.3507,0.4522,0.5001,-0.6996,0.0,0.0,0.0,0.0,0.0,0.0,0.0,0.0,0.0,
4.76,run,-0.02,3.4,-0.72,-0.45,1.41,0.0,0.0,0.0,0.111,5.36,0.97,6.42,10.81,11.87,-13.71,10.72,-47.2,92.55,-0.88,11.69,-13.36,15.56,-55.2,94.83,15.82,2.72,5.54,5.78,0.64,6.44,10.84,11.62,-13.64,10.62,-47.17,92.4,-0.91,11.52,-13.37,15.59,-55.2,94.9,15.87,2.46,5.63,0.1651,0.4662,-0.6889,0.3097,0.6658,-0.9252,0.3035,-0.403,0.3224,-0.0259,0.664,-0.922,0.4453,-0.549,0.3517,0.4535,0.4993,-0.6985,0.013,0.0,0.0,0.0,0.006,0.006,0.0,0.0,0.0,0.0,0.006,0.006,0.0,0.0,0.0,0.0,0.006,0.0,0.0997,0.0107,0.1089,0.1856,0.201,-0.2408,0.1856,-0.8268,1.6061,-0.0169,0.1979,-0.2347,0.273,-0.9649,1.6536,0.2761,0.0414,0.0936,-0.0006,-0.0,-0.0,0.0,-0.0,-0.0002,-0.0,-0.0001,-0.0,-0.0052,-0.0,-0.0,0.0,0.0,0.0007,0.0,-0.0,0.0,-0.0049,0.0079,-0.0153,-0.0087,0.0112,0.1639,0.4654,-0.6876,0.3079,0.6643,-0.9267,0.3027,-0.406,0.321,-0.0242,0.6624,-0.9228,0.4461,-0.5507,0.3512,0.4553,0.4995,-0.7014,0.0,0.0,0.0,0.0,0.0,0.0,0.0,0.0,0.0,
4.8,run,0.0,3.39,0.21,0.07,-1.91,0.0,0.0,0.0,0.111,6.15,0.97,6.42,10.81,11.87,-13.62,10.72,-47.2,92.55,-0.88,11.69,-13.36,15.56,-55.2,94.83,15.82,2.72,5.54,5.81,0.66,6.39,10.85,11.71,-13.61,10.63,-47.13,92.45,-0.92,11.57,-13.35,15.57,-55.21,94.89,15.84,2.51,5.62,0.1659,0.4666,-0.6895,0.31,0.6675,-0.9249,0.3038,-0.4023,0.3229,-0.0264,0.665,-0.9218,0.4447,-0.5493,0.3517,0.4526,0.5002,-0.6986,0.013,0.0,0.0,0.0,0.006,0.006,0.0,0.0,0.0,0.0,0.006,0.006,0.0,0.0,0.0,0.0,0.006,0.0,0.0936,0.0107,0.1089,0.1856,0.201,-0.2424,0.1856,-0.8268,1.6061,-0.0169,0.1979,-0.2362,0.273,-0.9649,1.6536,0.2761,0.0414,0.0936,-0.0236,-0.0,-0.0,0.0,-0.0,-0.0059,-0.0,-0.0001,-0.0,-0.0037,-0.0,-0.0058,0.0,0.0,0.0005,0.0,-0.0,0.0,-0.0064,0.0063,-0.0126,-0.0078,0.0247,0.1651,0.4662,-0.6889,0.3097,0.6658,-0.9252,0.3035,-0.403,0.3224,-0.0259,0.664,-0.922,0.4453,-0.549,0.3517,0.4535,0.4993,-0.6985,0.0,0.0,0.0,0.0,0.0,0.0,0.0,0.0,0.0,
4.84,run,-0.02,3.38,-0.53,-0.21,0.99,0.0,0.0,0.0,0.111,5.71,0.97,6.42,10.81,11.87,-13.62,10.72,-47.2,92.55,-0.97,11.69,-13.36,15.56,-55.2,94.83,15.82,2.72,5.54,5.74,0.62,6.47,10.79,11.53,-13.74,10.59,-47.29,92.29,-0.83,11.46,-13.49,15.62,-55.26,94.9,15.95,2.45,5.43,0.1639,0.4659,-0.6885,0.3082,0.6641,-0.9264,0.3026,-0.4053,0.3211,-0.0239,0.6629,-0.9234,0.4464,-0.5502,0.3518,0.4557,0.4991,-0.7009,0.019,0.006,0.0,0.0,0.006,0.0,0.0,0.0,0.006,0.0,0.0,0.006,0.0,0.0,0.0,0.0,0.0,0.0,0.1074,0.0107,0.1089,0.1856,0.201,-0.2408,0.1856,-0.8268,1.6061,-0.0169,0.1979,-0.2362,0.273,-0.9649,1.6536,0.2761,0.0414,0.0936,0.0355,-0.0,-0.0,0.0,-0.0,0.0016,-0.0,-0.0001,-0.0,-0.0026,-0.0,-0.0041,0.0,0.0,0.0004,0.0,-0.0,0.0,-0.0043,0.0056,0.0036,0.0013,-0.0333,0.1659,0.4666,-0.6895,0.31,0.6675,-0.9249,0.3038,-0.4023,0.3229,-0.0264,0.665,-0.9218,0.4447,-0.5493,0.3517,0.4526,0.5002,-0.6986,0.0,0.0,0.0,0.0,0.0,0.0,0.0,0.0,0.0,
4.88,run,-0.03,3.37,-0.56,-0.08,1.65,0.0,0.0,0.0,0.111,5.45,0.97,6.42,10.81,11.87,-13.62,10.72,-47.2,92.55,-0.97,11.69,-13.36,15.56,-55.2,94.83,15.82,2.72,5.54,5.78,0.64,6.39,10.84,11.64,-13.58,10.62,-47.1,92.37,-0.89,11.53,-13.36,15.57,-55.17,94.88,15.85,2.45,5.62,0.1652,0.4661,-0.6895,0.3098,0.6661,-0.9245,0.3034,-0.4019,0.322,-0.0255,0.6643,-0.9218,0.4449,-0.5485,0.3515,0.4528,0.4991,-0.6986,0.019,0.006,0.0,0.0,0.006,0.0,0.0,0.0,0.006,0.0,0.0,0.006,0.0,0.0,0.0,0.0,0.0,0.0,0.0997,0.0107,0.1089,0.1856,0.201,-0.2408,0.1856,-0.8268,1.6061,-0.0184,0.1979,-0.2362,0.273,-0.9649,1.6536,0.2761,0.0414,0.0936,-0.0037,-0.0,-0.0,0.0,-0.0,0.0011,-0.0,-0.0,-0.0,-0.0075,-0.0,-0.0028,0.0,0.0,0.0003,0.0,-0.0,0.0,-0.0059,0.0041,-0.0092,-0.0037,0.0172,0.1639,0.4659,-0.6885,0.3082,0.6641,-0.9264,0.3026,-0.4053,0.3211,-0.0239,0.6629,-0.9234,0.4464,-0.5502,0.3518,0.4557,0.4991,-0.7009,0.0,0.0,0.0,0.0,0.0,0.0,0.0,0.0,0.0,
4.92,run,-0.01,3.37,-0.14,-0.01,-1.81,0.0,0.0,0.0,0.111,6.15,0.97,6.42,10.81,11.87,-13.62,10.72,-47.2,92.55,-0.97,11.69,-13.45,15.56,-55.2,94.83,15.82,2.72,5.54,5.8,0.64,6.37,10.85,11.69,-13.56,10.62,-47.07,92.38,-0.91,11.56,-13.33,15.56,-55.16,94.87,15.83,2.48,5.6,0.1656,0.4663,-0.6898,0.31,0.6671,-0.9242,0.3035,-0.4013,0.3221,-0.026,0.6648,-0.9216,0.4444,-0.5484,0.3515,0.4523,0.4996,-0.6989,0.019,0.006,0.0,0.0,0.006,0.0,0.0,0.0,0.006,0.0,0.0,0.006,0.0,0.0,0.0,0.0,0.0,0.0,0.0951,0.0107,0.1089,0.1856,0.201,-0.2408,0.1856,-0.8268,1.6061,-0.0184,0.1979,-0.2362,0.273,-0.9649,1.6536,0.2761,0.0414,0.0936,-0.02,-0.0,-0.0,0.0,-0.0,0.0008,-0.0,-0.0,-0.0,-0.0052,-0.0,-0.002,0.0,0.0,0.0002,0.0,-0.0,0.0,-0.007,0.0038,-0.0097,-0.0014,0.0288,0.1652,0.4661,-0.6895,0.3098,0.6661,-0.9245,0.3034,-0.4019,0.322,-0.0255,0.6643,-0.9218,0.4449,-0.5485,0.3515,0.4528,0.4991,-0.6986,0.0,0.0,0.0,0.0,0.0,0.0,0.0,0.0,0.0,
4.96,run,-0.04,3.35,-0.48,-0.53,1.16,0.0,0.0,0.0,0.111,5.54,0.97,6.42,10.81,11.87,-13.62,10.72,-47.2,92.55,-0.97,11.69,-13.36,15.56,-55.2,94.83,15.82,2.72,5.54,5.74,0.66,6.45,10.8,11.55,-13.76,10.6,-47.26,92.33,-0.84,11.49,-13.48,15.62,-55.25,94.91,15.94,2.45,5.49,0.1639,0.4666,-0.6888,0.3087,0.6645,-0.9265,0.3028,-0.4048,0.3216,-0.0241,0.6634,-0.9234,0.4463,-0.55,0.3519,0.4556,0.499,-0.7001,0.013,0.006,0.0,0.0,0.006,0.0,0.0,0.0,0.006,0.0,0.0,0.0,0.0,0.0,0.0,0.0,0.006,0.0,0.1074,0.0107,0.1089,0.1856,0.201,-0.2408,0.1856,-0.8268,1.6061,-0.0184,0.1979,-0.2378,0.273,-0.9649,1.6536,0.2761,0.0414,0.0936,0.0317,-0.0,-0.0,0.0,-0.0,0.0006,-0.0,-0.0,-0.0,-0.0037,-0.0,-0.0071,0.0,0.0,0.0001,0.0,-0.0,0.0,-0.0058,0.0035,-0.0025,-0.0002,-0.0315,0.1656,0.4663,-0.6898,0.31,0.6671,-0.9242,0.3035,-0.4013,0.3221,-0.026,0.6648,-0.9216,0.4444,-0.5484,0.3515,0.4523,0.4996,-0.6989,0.0,0.0,0.0,0.0,0.0,0.0,0.0,0.0,0.0,
5.0,run,-0.03,3.37,0.34,0.37,-0.55,0.0,0.0,0.0,0.111,5.8,0.97,6.42,10.81,11.87,-13.71,10.72,-47.2,92.55,-0.97,11.69,-13.36,15.56,-55.2,94.83,15.82,2.72,5.54,5.8,0.65,6.36,10.86,11.68,-13.55,10.62,-47.08,92.39,-0.92,11.56,-13.34,15.55,-55.19,94.85,15.82,2.45,5.64,0.1657,0.4663,-0.6899,0.3103,0.6669,-0.9241,0.3036,-0.4015,0.3222,-0.0262,0.6648,-0.9217,0.4443,-0.5489,0.3511,0.4519,0.499,-0.6983,0.013,0.006,0.0,0.0,0.006,0.0,0.0,0.0,0.006,0.0,0.0,0.0,0.0,0.0,0.0,0.0,0.006,0.0,0.0966,0.0107,0.1089,0.1856,0.201,-0.2408,0.1856,-0.8268,1.6061,-0.0184,0.1979,-0.2362,0.273,-0.9649,1.6536,0.2761,0.0414,0.0936,-0.0181,-0.0,-0.0,0.0,-0.0,0.0004,-0.0,-0.0,-0.0,-0.0026,-0.0,0.0008,0.0,0.0,0.0001,0.0,-0.0,0.0,-0.0082,0.0018,-0.0084,-0.0093,0.0202,0.1639,0.4666,-0.6888,0.3087,0.6645,-0.9265,0.3028,-0.4048,0.3216,-0.0241,0.6634,-0.9234,0.4463,-0.55,0.3519,0.4556,0.499,-0.7001,0.0,0.0,0.0,0.0,0.0,0.0,0.0,0.0,0.0,
5.04,run,-0.02,3.37,0.37,0.13,-1.23,0.7,0.0,0.0,0.111,5.8,0.97,6.42,10.81,11.87,-13.71,10.72,-47.2,92.55,-0.97,11.69,-13.36,15.56,-55.2,94.83,15.82,2.72,5.54,5.86,1.04,6.16,10.95,12.05,-13.9,10.71,-47.14,93.01,-0.9,11.89,-13.6,15.6,-55.22,96.02,16.03,2.73,5.65,0.1674,0.4734,-0.6922,0.3127,0.6737,-0.9282,0.306,-0.4026,0.3295,-0.0258,0.6707,-0.9247,0.4456,-0.5494,0.3649,0.458,0.5042,-0.6983,0.013,0.006,0.0,0.0,0.006,0.0,0.0,0.0,0.006,0.0,0.0,0.0,0.0,0.0,0.0,0.0,0.006,0.0,0.1012,0.0107,0.1089,0.1856,0.201,-0.2424,0.1856,-0.8268,1.6061,-0.0184,0.1979,-0.2362,0.273,-0.9649,1.6536,0.2761,0.0414,0.0936,0.0015,-0.0,-0.0,0.0,-0.0,-0.0045,-0.0,-0.0,-0.0,-0.0018,-0.0,0.0005,0.0,0.0,0.0001,0.0,-0.0,0.0,-0.0069,0.0037,0.006,0.0065,-0.0095,0.1657,0.4663,-0.6899,0.3103,0.6669,-0.9241,0.3036,-0.4015,0.3222,-0.0262,0.6648,-0.9217,0.4443,-0.5489,0.3511,0.4519,0.499,-0.6983,0.0,0.0,0.0148,0.0,0.0,0.0,0.0,0.0,0.0,
5.08,run,-0.02,3.39,0.01,0.15,2.39,1.5,0.0,0.0,0.111,5.54,0.97,6.42,10.81,11.87,-13.71,10.72,-47.2,92.55,-0.97,11.69,-13.45,15.56,-55.2,94.83,15.82,2.81,5.54,5.98,1.43,5.84,11.06,12.47,-14.11,10.83,-47.11,93.8,-0.93,12.31,-13.83,15.66,-55.19,97.35,16.23,3.04,5.92,0.171,0.4805,-0.696,0.3159,0.6812,-0.9307,0.3095,-0.402,0.3388,-0.0267,0.6783,-0.9274,0.4475,-0.5489,0.3805,0.4636,0.5098,-0.695,0.006,0.0,0.006,0.006,0.0,0.013,0.0,0.0,0.006,0.0,0.006,0.0,0.0,0.0,0.019,0.013,0.0,0.006,0.1012,0.0107,0.1089,0.1856,0.201,-0.2424,0.1856,-0.8268,1.6061,-0.0184,0.1979,-0.2362,0.273,-0.9649,1.6536,0.2761,0.0414,0.0936,0.0011,-0.0,-0.0,0.0,-0.0,-0.0031,-0.0,-0.0,-0.0,-0.0013,-0.0,0.0004,0.0,0.0,0.0,0.0,-0.0,0.0,-0.0062,0.0037,0.0065,0.0022,-0.0215,0.1674,0.4734,-0.6922,0.3127,0.6737,-0.9282,0.306,-0.4026,0.3295,-0.0258,0.6707,-0.9247,0.4456,-0.5494,0.3649,0.458,0.5042,-0.6983,0.0,0.0,0.0296,0.0,0.0,0.0,0.0,0.0,0.0,
5.12,run,-0.01,3.4,0.02,0.16,-1.13,2.2,0.0,0.0,0.111,6.24,1.05,6.24,10.81,11.95,-14.06,10.72,-47.2,92.81,-0.97,11.78,-13.8,15.56,-55.2,95.71,16.08,2.9,5.54,6.14,1.8,5.38,11.21,12.97,-14.01,10.96,-46.8,94.59,-0.99,12.75,-13.87,15.66,-54.94,98.75,16.34,3.33,6.32,0.1755,0.4873,-0.7014,0.3204,0.6904,-0.9296,0.3131,-0.3964,0.3481,-0.0282,0.6864,-0.9279,0.4475,-0.5443,0.3971,0.4669,0.515,-0.6904,0.006,0.0,0.006,0.006,0.0,0.013,0.0,0.0,0.006,0.0,0.006,0.0,0.0,0.0,0.019,0.013,0.0,0.006,0.0966,0.0107,0.1089,0.1856,0.201,-0.2424,0.1856,-0.8268,1.6061,-0.0184,0.1979,-0.2378,0.273,-0.9649,1.6536,0.2761,0.043,0.0936,-0.0165,-0.0,-0.0,0.0,-0.0,-0.0022,-0.0,-0.0,-0.0,-0.0009,-0.0,-0.0055,0.0,0.0,0.0,0.0,0.0058,0.0,-0.0059,0.0055,0.0001,0.0026,0.0417,0.171,0.4805,-0.696,0.3159,0.6812,-0.9307,0.3095,-0.402,0.3388,-0.0267,0.6783,-0.9274,0.4475,-0.5489,0.3805,0.4636,0.5098,-0.695,0.0,0.0,0.0444,0.0,0.0,0.0,0.0,0.0,0.0,
5.16,run,0.0,3.39,-0.08,-0.28,-0.72,3.0,0.0,0.0,0.111,6.15,1.32,5.89,10.81,12.39,-14.06,10.72,-47.2,93.34,-0.97,12.3,-13.71,15.56,-55.2,96.59,16.26,2.99,5.62,6.21,2.42,4.87,11.37,13.32,-14.46,11.02,-46.95,95.48,-1.0,13.04,-14.26,15.78,-55.1,100.14,16.59,3.48,6.4,0.1773,0.4985,-0.7074,0.3249,0.6967,-0.9348,0.3148,-0.399,0.3586,-0.0285,0.6917,-0.9324,0.4508,-0.5473,0.4134,0.474,0.5177,-0.6894,0.006,0.0,0.006,0.006,0.0,0.013,0.0,0.0,0.006,0.0,0.006,0.0,0.0,0.0,0.019,0.013,0.0,0.006,0.1089,0.0123,0.1058,0.1856,0.2025,-0.2485,0.1856,-0.8268,1.6107,-0.0184,0.1994,-0.2439,0.273,-0.9649,1.669,0.2807,0.0445,0.0936,0.0347,0.0058,-0.0116,0.0,0.0058,-0.0247,-0.0,-0.0,0.0174,-0.0006,0.0058,-0.027,0.0,0.0,0.0579,0.0174,0.0098,0.0,-0.0051,0.0066,0.0003,0.0029,-0.0197,0.1755,0.4873,-0.7014,0.3204,0.6904,-0.9296,0.3131,-0.3964,0.3481,-0.0282,0.6864,-0.9279,0.4475,-0.5443,0.3971,0.4669,0.515,-0.6904,0.0,0.0,0.0592,0.0,0.0,0.0,0.0,0.0,0.0,
5.2,run,-0.01,3.38,-0.44,-0.1,2.45,3.7,0.0,0.0,0.111,5.98,1.76,5.45,10.9,12.83,-14.15,10.72,-46.93,93.52,-0.97,12.66,-14.15,15.56,-55.2,97.73,16.44,3.34,6.15,6.32,2.82,4.15,11.62,13.61,-14.34,11.05,-46.81,96.04,-1.12,13.25,-14.38,15.77,-55.09,101.3,16.62,3.42,6.55,0.1806,0.5059,-0.7159,0.332,0.702,-0.9334,0.3156,-0.3965,0.3652,-0.0319,0.6954,-0.9339,0.4507,-0.547,0.4271,0.4749,0.5168,-0.6876,0.0,0.006,0.006,0.013,0.006,0.006,0.006,0.0,0.026,0.006,0.0,0.0,0.006,0.006,0.013,0.006,0.006,0.006,0.1074,0.0169,0.0997,0.1856,0.2102,-0.2485,0.1856,-0.8268,1.6199,-0.0184,0.2086,-0.2424,0.273,-0.9649,1.6843,0.2838,0.046,0.0951,0.0186,0.0211,-0.0309,0.0,0.0325,-0.0173,-0.0,-0.0,0.0463,-0.0004,0.0382,-0.0132,0.0,0.0,0.0975,0.0235,0.0126,0.0057,-0.0043,0.0049,-0.0013,-0.0049,-0.0126,0.1773,0.4985,-0.7074,0.3249,0.6967,-0.9348,0.3148,-0.399,0.3586,-0.0285,0.6917,-0.9324,0.4508,-0.5473,0.4134,0.474,0.5177,-0.6894,0.0,0.0,0.074,0.0,0.0,0.0,0.0,0.0,0.0,
5.24,run,0.02,3.35,-0.13,-0.36,-2.69,4.4,0.0,0.0,0.111,6.68,2.37,4.83,11.16,13.27,-14.33,10.72,-46.93,94.66,-1.05,13.1,-14.33,15.56,-55.28,99.23,16.61,3.34,6.33,6.42,3.37,3.27,11.92,13.89,-13.83,11.02,-46.32,96.46,-1.2,13.34,-14.1,15.72,-54.86,102.38,16.56,3.28,6.75,0.1834,0.5158,-0.7262,0.3406,0.7071,-0.9274,0.3148,-0.3877,0.3701,-0.0342,0.6971,-0.9305,0.4491,-0.543,0.4398,0.4731,0.5143,-0.6853,0.0,0.006,0.006,0.013,0.006,0.006,0.006,0.0,0.026,0.006,0.0,0.0,0.006,0.006,0.013,0.006,0.006,0.006,0.1043,0.0245,0.092,0.1871,0.2178,-0.25,0.1856,-0.8222,1.623,-0.0184,0.2148,-0.25,0.273,-0.9649,1.7043,0.2869,0.0522,0.1043,0.0015,0.0436,-0.0504,0.0058,0.0516,-0.0178,-0.0,0.0173,0.044,-0.0003,0.0498,-0.038,0.0,0.0,0.1432,0.028,0.0318,0.0386,-0.0054,0.0042,-0.0077,-0.0017,0.0428,0.1806,0.5059,-0.7159,0.332,0.702,-0.9334,0.3156,-0.3965,0.3652,-0.0319,0.6954,-0.9339,0.4507,-0.547,0.4271,0.4749,0.5168,-0.6876,0.0,0.0,0.0888,0.0,0.0,0.0,0.0,0.0,0.0,
5.28,run,0.04,3.35,-0.04,0.24,1.57,5.2,0.0,0.0,0.111,6.06,2.72,4.48,11.34,13.54,-14.24,10.72,-46.85,95.27,-1.14,13.18,-14.33,15.56,-55.11,100.28,16.61,3.34,6.5,6.4,4.03,2.59,12.18,14.01,-14.34,10.96,-46.38,96.91,-1.26,13.36,-14.36,15.78,-55.13,103.28,16.71,3.14,6.73,0.1828,0.5278,-0.7343,0.3481,0.7093,-0.9334,0.3133,-0.3888,0.3754,-0.0359,0.6975,-0.9337,0.4508,-0.5478,0.4503,0.4776,0.5116,-0.6855,0.0,0.006,0.006,0.013,0.006,0.006,0.006,0.0,0.026,0.006,0.0,0.0,0.006,0.006,0.013,0.006,0.006,0.006,0.1166,0.0353,0.0813,0.1917,0.2255,-0.2531,0.1856,-0.8222,1.6429,-0.0199,0.2224,-0.2531,0.273,-0.9664,1.7303,0.2899,0.0522,0.1074,0.0397,0.0644,-0.0691,0.0185,0.0603,-0.0222,-0.0,0.0121,0.0936,-0.005,0.059,-0.0363,0.0,-0.0048,0.1824,0.0293,0.0223,0.0367,-0.0031,0.0018,-0.0023,-0.0063,-0.047,0.1834,0.5158,-0.7262,0.3406,0.7071,-0.9274,0.3148,-0.3877,0.3701,-0.0342,0.6971,-0.9305,0.4491,-0.543,0.4398,0.4731,0.5143,-0.6853,0.0,0.0,0.1036,0.0,0.0,0.0,0.0,0.0,0.0,
5.32,run,0.01,3.38,0.06,0.31,-0.17,5.9,0.0,0.0,0.111,6.33,3.16,3.87,11.6,13.8,-14.15,10.81,-46.58,95.8,-1.14,13.18,-14.33,15.56,-55.2,101.43,16.61,3.34,6.59,6.5,4.45,1.81,12.44,14.28,-14.07,11.02,-45.81,97.16,-1.36,13.52,-14.09,15.73,-54.91,104.11,16.65,3.1,6.95,0.1857,0.5355,-0.7434,0.3555,0.7142,-0.9302,0.3148,-0.3784,0.3784,-0.0388,0.7004,-0.9305,0.4493,-0.5438,0.4601,0.4757,0.5108,-0.683,0.006,0.0,0.013,0.006,0.0,0.0,0.006,0.0,0.013,0.006,0.0,0.006,0.0,0.006,0.006,0.0,0.006,0.006,0.1058,0.0414,0.0752,0.1948,0.2301,-0.2516,0.1856,-0.8207,1.6536,-0.0215,0.224,-0.2531,0.273,-0.9633,1.7487,0.2899,0.0522,0.1104,-0.0121,0.0678,-0.0712,0.0244,0.0593,-0.0098,-0.0,0.0142,0.1054,-0.0092,0.047,-0.0254,0.0,0.008,0.196,0.0205,0.0156,0.0371,-0.001,0.0017,-0.0007,0.0042,0.0274,0.1828,0.5278,-0.7343,0.3481,0.7093,-0.9334,0.3133,-0.3888,0.3754,-0.0359,0.6975,-0.9337,0.4508,-0.5478,0.4503,0.4776,0.5116,-0.6855,0.0,0.0,0.1184,0.0,0.0,0.0,0.0,0.0,0.0,
5.36,run,0.03,3.37,0.21,-0.16,-1.16,6.7,0.0,0.0,0.111,6.77,3.78,3.16,11.95,13.97,-14.15,10.81,-46.23,96.33,-1.32,13.27,-14.24,15.56,-55.11,102.48,16.61,3.34,6.59,6.48,5.01,1.29,12.64,14.38,-14.28,10.98,-45.57,97.43,-1.37,13.54,-13.99,15.72,-54.9,104.88,16.73,2.96,7.04,0.1852,0.5457,-0.7496,0.3613,0.7159,-0.9327,0.3137,-0.374,0.3815,-0.0392,0.7008,-0.9292,0.4492,-0.5436,0.4692,0.4781,0.5084,-0.6819,0.006,0.0,0.013,0.006,0.0,0.0,0.006,0.0,0.013,0.006,0.0,0.006,0.0,0.006,0.006,0.0,0.006,0.006,0.1104,0.0491,0.0644,0.1994,0.2347,-0.25,0.1871,-0.8161,1.6628,-0.0215,0.224,-0.2531,0.273,-0.9649,1.7687,0.2899,0.0522,0.112,0.0089,0.0764,-0.0904,0.0344,0.0589,-0.0011,0.0058,0.0273,0.1085,-0.0065,0.0329,-0.0178,0.0,-0.0002,0.2125,0.0143,0.0109,0.0317,-0.0033,0.0042,0.0011,0.0054,-0.0029,0.1857,0.5355,-0.7434,0.3555,0.7142,-0.9302,0.3148,-0.3784,0.3784,-0.0388,0.7004,-0.9305,0.4493,-0.5438,0.4601,0.4757,0.5108,-0.683,0.0,0.0,0.1332,0.0,0.0,0.0,0.0,0.0,0.0,
5.4,run,0.0,3.35,-0.69,-0.39,1.23,7.4,0.0,0.0,0.111,6.06,4.31,2.46,12.13,14.15,-14.06,10.81,-45.79,96.59,-1.32,13.45,-14.06,15.56,-55.02,103.54,16.61,3.34,6.59,6.47,5.47,0.69,12.87,14.41,-14.27,10.93,-45.28,97.7,-1.4,13.55,-13.93,15.72,-54.83,105.59,16.8,2.82,7.19,0.1848,0.554,-0.7566,0.3676,0.7166,-0.9326,0.3124,-0.3688,0.3847,-0.0399,0.7008,-0.9286,0.4491,-0.5423,0.4775,0.48,0.5058,-0.6801,0.006,0.0,0.013,0.006,0.0,0.0,0.006,0.0,0.013,0.006,0.0,0.006,0.0,0.006,0.006,0.0,0.006,0.006,0.1181,0.0598,0.0522,0.2056,0.2378,-0.25,0.1871,-0.8099,1.672,-0.0245,0.2255,-0.2516,0.273,-0.9633,1.7871,0.2899,0.0522,0.112,0.0351,0.0939,-0.1094,0.0472,0.0528,-0.0008,0.0041,0.0422,0.1106,-0.0161,0.0288,-0.0067,0.0,0.0056,0.218,0.01,0.0076,0.0222,-0.0015,0.0035,0.0037,-0.0029,-0.0202,0.1852,0.5457,-0.7496,0.3613,0.7159,-0.9327,0.3137,-0.374,0.3815,-0.0392,0.7008,-0.9292,0.4492,-0.5436,0.4692,0.4781,0.5084,-0.6819,0.0,0.0,0.148,0.0,0.0,0.0,0.0,0.0,0.0,
5.44,run,0.03,3.38,0.71,0.88,-0.49,8.1,0.0,0.0,0.111,6.59,4.83,1.76,12.39,14.33,-14.06,10.81,-45.44,97.03,-1.32,13.45,-14.06,15.56,-54.93,104.41,16.61,3.34,6.94,6.53,6.0,-0.07,13.15,14.56,-13.98,10.96,-44.75,97.92,-1.53,13.63,-13.59,15.67,-54.68,106.26,16.71,2.67,7.44,0.1865,0.5636,-0.7656,0.3757,0.7193,-0.9292,0.3132,-0.359,0.3873,-0.0436,0.7024,-0.9245,0.4478,-0.5396,0.4854,0.4775,0.5031,-0.6772,0.0,0.006,0.006,0.013,0.0,0.0,0.0,0.006,0.019,0.006,0.0,0.0,0.0,0.006,0.0,0.0,0.013,0.0,0.1058,0.069,0.0399,0.2086,0.2408,-0.2485,0.1871,-0.8023,1.6766,-0.0245,0.2286,-0.2485,0.273,-0.9618,1.8055,0.2899,0.0522,0.112,-0.0212,0.1001,-0.1224,0.0445,0.0484,0.0052,0.0028,0.0581,0.0946,-0.0112,0.0316,0.0068,0.0,0.0097,0.2212,0.007,0.0054,0.0155,-0.0043,0.0022,-0.0121,-0.0067,0.0215,0.1848,0.554,-0.7566,0.3676,0.7166,-0.9326,0.3124,-0.3688,0.3847,-0.0399,0.7008,-0.9286,0.4491,-0.5423,0.4775,0.48,0.5058,-0.6801,0.0,0.0,0.1628,0.0,0.0,0.0,0.0,0.0,0.0,
5.48,run,0.03,3.38,-0.04,0.05,-0.83,8.9,0.0,0.0,0.111,6.68,5.36,1.05,12.66,14.41,-14.15,10.81,-45.18,97.29,-1.41,13.54,-13.71,15.56,-54.93,105.29,16.61,3.16,7.21,6.46,6.39,-0.57,13.3,14.52,-13.87,10.88,-44.47,97.91,-1.46,13.51,-13.36,15.66,-54.53,106.89,16.78,2.52,7.32,0.1847,0.5707,-0.7714,0.38,0.7186,-0.9278,0.3107,-0.354,0.3872,-0.0417,0.7002,-0.9218,0.4474,-0.537,0.4928,0.4793,0.5004,-0.6786,0.0,0.006,0.006,0.013,0.0,0.0,0.0,0.006,0.019,0.006,0.0,0.0,0.0,0.006,0.0,0.0,0.013,0.0,0.115,0.0782,0.0276,0.2132,0.2439,-0.2485,0.1871,-0.7961,1.6843,-0.0245,0.2286,-0.2485,0.273,-0.9603,1.8208,0.2899,0.0522,0.1181,0.02,0.1048,-0.132,0.0485,0.0454,0.0036,0.002,0.0639,0.0952,-0.0079,0.0221,0.0047,0.0,0.0126,0.2128,0.0049,0.0037,0.0341,-0.0015,0.0049,0.0124,0.0154,-0.0085,0.1865,0.5636,-0.7656,0.3757,0.7193,-0.9292,0.3132,-0.359,0.3873,-0.0436,0.7024,-0.9245,0.4478,-0.5396,0.4854,0.4775,0.5031,-0.6772,0.0,0.0,0.1776,0.0,0.0,0.0,0.0,0.0,0.0,
5.52,run,0.01,3.36,-0.17,-0.43,2.22,9.6,0.0,0.0,0.111,6.15,5.8,0.44,12.83,14.41,-14.06,10.81,-44.65,97.38,-1.41,13.54,-13.54,15.56,-54.93,106.0,16.61,2.99,7.21,6.46,6.91,-1.2,13.55,14.6,-13.85,10.88,-44.12,98.2,-1.53,13.56,-13.21,15.65,-54.42,107.47,16.8,2.4,7.62,0.1846,0.5802,-0.7788,0.3872,0.7201,-0.9276,0.3109,-0.3476,0.3906,-0.0438,0.7011,-0.9201,0.4472,-0.5349,0.4996,0.4801,0.4981,-0.6751,0.0,0.006,0.006,0.013,0.0,0.0,0.0,0.006,0.019,0.006,0.0,0.0,0.0,0.006,0.0,0.0,0.013,0.0,0.1166,0.0874,0.0153,0.2178,0.2454,-0.25,0.1871,-0.7915,1.6889,-0.0261,0.2301,-0.2424,0.273,-0.9603,1.8362,0.2899,0.0491,0.1227,0.0197,0.1077,-0.1382,0.0511,0.0375,-0.0032,0.0014,0.0619,0.0838,-0.0112,0.0212,0.0262,0.0,0.0088,0.2062,0.0034,-0.0088,0.041,-0.0023,0.0046,-0.0007,0.0009,-0.0145,0.1847,0.5707,-0.7714,0.38,0.7186,-0.9278,0.3107,-0.354,0.3872,-0.0417,0.7002,-0.9218,0.4474,-0.537,0.4928,0.4793,0.5004,-0.6786,0.0,0.0,0.1924,0.0,0.0,0.0,0.0,0.0,0.0,
5.56,run,0.06,3.37,0.34,0.4,-2.1,10.4,0.0,0.0,0.111,6.86,6.33,-0.26,13.01,14.41,-13.97,10.81,-44.3,97.47,-1.49,13.54,-13.18,15.56,-54.58,106.79,16.7,2.9,7.29,6.52,7.38,-1.98,13.81,14.75,-13.59,10.92,-43.53,98.27,-1.63,13.69,-12.9,15.6,-54.18,108.05,16.77,2.32,7.93,0.1863,0.5888,-0.788,0.3946,0.7228,-0.9246,0.3121,-0.3369,0.3915,-0.0467,0.7035,-0.9164,0.4456,-0.5306,0.5065,0.4791,0.4966,-0.6715,0.013,0.0,0.006,0.013,0.0,0.006,0.0,0.013,0.013,0.006,0.0,0.006,0.0,0.006,0.006,0.0,0.013,0.006,0.1074,0.0951,0.0046,0.2209,0.2454,-0.2485,0.1871,-0.7823,1.6904,-0.0261,0.2301,-0.2393,0.273,-0.9603,1.8484,0.2899,0.046,0.1227,-0.0207,0.1042,-0.137,0.0473,0.0263,0.0035,0.001,0.0778,0.0644,-0.0079,0.0148,0.0298,0.0,0.0062,0.1904,0.0024,-0.0177,0.0287,-0.0033,0.0031,-0.0029,-0.0075,0.0388,0.1846,0.5802,-0.7788,0.3872,0.7201,-0.9276,0.3109,-0.3476,0.3906,-0.0438,0.7011,-0.9201,0.4472,-0.5349,0.4996,0.4801,0.4981,-0.6751,0.0,0.0,0.2072,0.0,0.0,0.0,0.0,0.0,0.0,
5.6,run,0.05,3.35,-0.3,-0.5,0.45,11.1,0.0,0.0,0.111,6.33,6.86,-0.88,13.27,14.41,-13.89,10.81,-43.95,97.65,-1.49,13.54,-13.18,15.56,-54.4,107.49,16.7,2.9,7.56,6.42,7.78,-2.38,13.94,14.6,-13.61,10.87,-43.43,98.3,-1.59,13.6,-12.83,15.65,-54.08,108.66,16.91,2.18,7.79,0.1834,0.5961,-0.7927,0.3982,0.7201,-0.9248,0.3107,-0.3352,0.3917,-0.0455,0.7017,-0.9157,0.4472,-0.5287,0.5136,0.4831,0.4942,-0.673,0.013,0.0,0.006,0.013,0.0,0.006,0.0,0.013,0.013,0.006,0.0,0.006,0.0,0.006,0.006,0.0,0.013,0.006,0.1197,0.1043,-0.0077,0.224,0.2454,-0.247,0.1871,-0.7762,1.692,-0.0276,0.2301,-0.2332,0.273,-0.9541,1.8623,0.2915,0.0445,0.1243,0.0315,0.1074,-0.1419,0.0446,0.0184,0.0082,0.0007,0.0775,0.0508,-0.0113,0.0104,0.0439,0.0,0.0273,0.185,0.0074,-0.0181,0.0259,0.0008,0.004,0.0059,0.007,-0.0366,0.1863,0.5888,-0.788,0.3946,0.7228,-0.9246,0.3121,-0.3369,0.3915,-0.0467,0.7035,-0.9164,0.4456,-0.5306,0.5065,0.4791,0.4966,-0.6715,0.0,0.0,0.222,0.0,0.0,0.0,0.0,0.0,0.0,
5.64,run,0.03,3.37,-0.34,0.03,3.21,11.8,0.0,0.0,0.111,6.06,7.29,-1.49,13.45,14.5,-13.62,10.81,-43.51,97.82,-1.67,13.54,-12.83,15.56,-54.4,108.02,16.79,2.9,7.65,6.47,8.3,-3.17,14.23,14.77,-13.27,10.91,-42.9,98.43,-1.74,13.71,-12.45,15.6,-53.87,109.15,16.84,2.1,8.18,0.185,0.6054,-0.802,0.4067,0.7231,-0.9208,0.3117,-0.3254,0.3933,-0.0496,0.7038,-0.9112,0.4456,-0.525,0.5194,0.4813,0.4927,-0.6684,0.013,0.0,0.006,0.013,0.0,0.006,0.0,0.013,0.013,0.006,0.0,0.006,0.0,0.006,0.006,0.0,0.013,0.006,0.1104,0.1135,-0.0184,0.2286,0.2454,-0.2454,0.1871,-0.7701,1.695,-0.0276,0.2301,-0.2332,0.273,-0.9511,1.8745,0.2915,0.0445,0.1289,-0.0126,0.1098,-0.1397,0.0485,0.0129,0.0115,0.0005,0.0773,0.0471,-0.0079,0.0073,0.0307,0.0,0.0307,0.1757,0.0052,-0.0127,0.0354,-0.0005,0.0021,-0.0053,-0.0087,0.0079,0.1834,0.5961,-0.7927,0.3982,0.7201,-0.9248,0.3107,-0.3352,0.3917,-0.0455,0.7017,-0.9157,0.4472,-0.5287,0.5136,0.4831,0.4942,-0.673,0.0,0.0,0.2368,0.0,0.0,0.0,0.0,0.0,0.0,
5.68,run,0.06,3.38,0.09,-0.16,-2.77,12.6,0.0,0.0,0.111,6.94,7.73,-2.11,13.71,14.5,-13.54,10.81,-43.33,97.82,-1.67,13.54,-12.74,15.56,-54.23,108.63,16.79,2.64,7.65,6.47,8.72,-3.83,14.48,14.81,-12.92,10.9,-42.34,98.33,-1.81,13.76,-12.08,15.53,-53.51,109.67,16.83,2.01,8.4,0.185,0.6131,-0.8098,0.4137,0.7238,-0.9167,0.3114,-0.3152,0.3921,-0.0518,0.7047,-0.9068,0.4437,-0.5184,0.5255,0.4808,0.4911,-0.6659,0.013,0.0,0.006,0.006,0.006,0.006,0.0,0.006,0.013,0.006,0.006,0.006,0.0,0.006,0.006,0.0,0.013,0.006,0.1058,0.1212,-0.0291,0.2316,0.247,-0.2408,0.1871,-0.7624,1.6981,-0.0307,0.2301,-0.227,0.273,-0.9511,1.8837,0.293,0.0445,0.1304,-0.026,0.1056,-0.138,0.0454,0.0147,0.0253,0.0003,0.0828,0.0445,-0.017,0.0051,0.0445,0.0,0.0215,0.1574,0.0094,-0.0089,0.0305,-0.0019,0.0038,-0.006,0.0005,0.056,0.185,0.6054,-0.802,0.4067,0.7231,-0.9208,0.3117,-0.3254,0.3933,-0.0496,0.7038,-0.9112,0.4456,-0.525,0.5194,0.4813,0.4927,-0.6684,0.0,0.0,0.2516,0.0,0.0,0.0,0.0,0.0,0.0,
5.72,run,0.03,3.33,-0.59,-0.86,1.18,13.3,0.0,0.0,0.111,6.24,8.17,-2.81,13.97,14.68,-13.1,10.81,-42.71,97.82,-1.76,13.62,-12.22,15.56,-53.88,109.25,16.79,2.64,8.09,6.36,9.15,-4.13,14.57,14.72,-13.38,10.88,-42.42,98.52,-1.76,13.71,-12.2,15.59,-53.52,110.3,17.05,1.89,8.4,0.1816,0.6209,-0.8132,0.4162,0.7222,-0.9221,0.311,-0.3167,0.3943,-0.0503,0.7039,-0.9083,0.4453,-0.5185,0.5329,0.4872,0.489,-0.6659,0.013,0.0,0.006,0.006,0.006,0.006,0.0,0.006,0.013,0.006,0.006,0.006,0.0,0.006,0.006,0.0,0.013,0.006,0.1212,0.1289,-0.0399,0.2362,0.247,-0.2393,0.1871,-0.7593,1.6981,-0.0307,0.2301,-0.2255,0.273,-0.948,1.8945,0.293,0.0399,0.1304,0.0393,0.1026,-0.1368,0.0491,0.0103,0.0234,0.0002,0.0695,0.0311,-0.0119,0.0036,0.0369,0.0,0.0265,0.1504,0.0066,-0.0235,0.0214,0.0006,0.0041,0.0016,-0.0027,-0.0483,0.185,0.6131,-0.8098,0.4137,0.7238,-0.9167,0.3114,-0.3152,0.3921,-0.0518,0.7047,-0.9068,0.4437,-0.5184,0.5255,0.4808,0.4911,-0.6659,0.0,0.0,0.2664,0.0,0.0,0.0,0.0,0.0,0.0,
5.76,run,0.02,3.37,-0.16,0.83,1.19,14.1,0.0,0.0,0.111,6.24,8.61,-3.34,14.24,14.68,-13.01,10.81,-42.45,97.82,-1.85,13.71,-12.13,15.56,-53.79,109.78,16.79,2.64,8.26,6.42,9.47,-4.97,14.85,14.74,-12.53,10.88,-41.74,98.33,-1.9,13.76,-11.68,15.51,-53.16,110.66,16.89,1.72,8.63,0.1835,0.6267,-0.8232,0.4244,0.7226,-0.9122,0.311,-0.3044,0.3922,-0.0544,0.7047,-0.9021,0.4432,-0.512,0.5372,0.4826,0.4859,-0.6632,0.013,0.0,0.006,0.006,0.006,0.006,0.0,0.006,0.013,0.006,0.006,0.006,0.0,0.006,0.006,0.0,0.013,0.006,0.1089,0.1365,-0.0522,0.2408,0.25,-0.2316,0.1871,-0.7486,1.6981,-0.0322,0.2316,-0.2163,0.273,-0.9419,1.9052,0.293,0.0399,0.1381,-0.0187,0.1008,-0.142,0.0517,0.0188,0.0453,0.0002,0.0891,0.0218,-0.0141,0.0083,0.0605,0.0,0.0417,0.1458,0.0046,-0.0164,0.0439,-0.002,0.0003,-0.0102,-0.015,0.0206,0.1816,0.6209,-0.8132,0.4162,0.7222,-0.9221,0.311,-0.3167,0.3943,-0.0503,0.7039,-0.9083,0.4453,-0.5185,0.5329,0.4872,0.489,-0.6659,0.0,0.0,0.2812,0.0,0.0,0.0,0.0,0.0,0.0,
5.8,run,0.02,3.38,0.43,-0.03,-2.1,14.8,0.0,0.0,0.111,6.68,9.05,-3.96,14.33,14.68,-13.18,10.81,-42.28,97.82,-1.85,13.71,-12.13,15.56,-53.61,110.3,16.79,2.55,8.35,6.35,9.89,-5.34,15.01,14.78,-12.46,10.87,-41.42,98.35,-1.89,13.74,-11.27,15.47,-52.93,111.18,16.93,1.67,8.68,0.1815,0.6344,-0.8275,0.4288,0.7232,-0.9112,0.3107,-0.2985,0.3923,-0.0541,0.7043,-0.8973,0.4421,-0.5079,0.5433,0.4838,0.4849,-0.6625,0.0,0.006,0.006,0.013,0.0,0.006,0.0,0.006,0.006,0.0,0.0,0.013,0.0,0.013,0.0,0.006,0.019,0.006,0.1089,0.1442,-0.0614,0.2454,0.25,-0.2301,0.1871,-0.744,1.6981,-0.0337,0.2332,-0.2148,0.273,-0.9403,1.9144,0.293,0.0399,0.1411,-0.0131,0.0991,-0.1338,0.0534,0.0132,0.0374,0.0001,0.0795,0.0153,-0.0156,0.0115,0.0481,0.0,0.0349,0.1364,0.0032,-0.0115,0.0422,-0.0031,0.0037,-0.0028,0.0145,0.0207,0.1835,0.6267,-0.8232,0.4244,0.7226,-0.9122,0.311,-0.3044,0.3922,-0.0544,0.7047,-0.9021,0.4432,-0.512,0.5372,0.4826,0.4859,-0.6632,0.0,0.0,0.296,0.0,0.0,0.0,0.0,0.0,0.0,
5.84,run,0.0,3.39,-0.02,0.13,2.99,15.5,0.0,0.0,0.111,5.8,9.49,-4.57,14.5,14.68,-13.1,10.81,-41.66,97.82,-1.85,13.71,-11.51,15.56,-53.35,110.83,16.79,2.37,8.35,6.32,10.37,-5.83,15.17,14.82,-12.56,10.9,-41.3,98.6,-1.93,13.76,-11.25,15.47,-52.84,111.76,17.06,1.63,8.92,0.1806,0.6432,-0.8333,0.4333,0.724,-0.9125,0.3114,-0.2963,0.3953,-0.0552,0.7047,-0.897,0.4421,-0.5062,0.5501,0.4873,0.4842,-0.6598,0.0,0.006,0.006,0.013,0.0,0.006,0.0,0.006,0.006,0.0,0.0,0.013,0.0,0.013,0.0,0.006,0.019,0.006,0.1166,0.1519,-0.0721,0.247,0.25,-0.2332,0.1871,-0.7409,1.6981,-0.0337,0.2332,-0.2148,0.273,-0.9373,1.9236,0.293,0.0383,0.1427,0.0196,0.0981,-0.1339,0.0431,0.0092,0.0147,0.0001,0.0672,0.0107,-0.0109,0.0081,0.0337,0.0,0.0359,0.13,0.0023,-0.0138,0.0353,-0.0024,0.0043,0.0075,-0.0005,-0.0366,0.1815,0.6344,-0.8275,0.4288,0.7232,-0.9112,0.3107,-0.2985,0.3923,-0.0541,0.7043,-0.8973,0.4421,-0.5079,0.5433,0.4838,0.4849,-0.6625,0.0,0.0,0.3108,0.0,0.0,0.0,0.0,0.0,0.0,
5.88,run,0.0,3.41,0.5,0.86,-1.4,16.3,0.0,0.0,0.111,6.59,9.84,-5.1,14.77,14.68,-12.57,10.81,-41.48,97.82,-1.85,13.71,-11.34,15.56,-53.09,111.27,16.96,2.29,8.61,6.4,10.66,-6.51,15.39,14.91,-11.97,10.97,-40.65,98.46,-2.06,13.87,-10.75,15.39,-52.52,112.12,16.95,1.6,9.1,0.1828,0.6484,-0.8413,0.4398,0.7256,-0.9055,0.3133,-0.2845,0.3936,-0.0587,0.7068,-0.8911,0.4398,-0.5003,0.5544,0.4842,0.4837,-0.6577,0.0,0.006,0.006,0.013,0.0,0.006,0.0,0.006,0.006,0.0,0.0,0.013,0.0,0.013,0.0,0.006,0.019,0.006,0.1012,0.1595,-0.0828,0.25,0.25,-0.2316,0.1871,-0.7302,1.6981,-0.0337,0.2332,-0.204,0.273,-0.9327,1.9328,0.293,0.0353,0.1427,-0.0442,0.0976,-0.1342,0.0417,0.0064,0.0161,0.0001,0.0875,0.0075,-0.0076,0.0056,0.0641,0.0,0.0425,0.1257,0.0016,-0.0212,0.0247,-0.0042,0.005,-0.0004,0.0023,0.0521,0.1806,0.6432,-0.8333,0.4333,0.724,-0.9125,0.3114,-0.2963,0.3953,-0.0552,0.7047,-0.897,0.4421,-0.5062,0.5501,0.4873,0.4842,-0.6598,0.0,0.0,0.3256,0.0,0.0,0.0,0.0,0.0,0.0,
5.92,run,-0.01,3.39,-0.02,-0.52,-0.68,17.0,0.0,0.0,0.111,6.5,10.28,-5.62,14.85,14.77,-12.48,10.81,-41.22,97.91,-1.93,13.71,-11.07,15.47,-53.09,111.88,16.88,2.29,8.88,6.26,11.07,-6.77,15.51,14.8,-12.15,10.92,-40.6,98.43,-2.02,13.82,-10.64,15.42,-52.3,112.71,17.12,1.48,9.16,0.1788,0.6559,-0.8443,0.4431,0.7236,-0.9076,0.3119,-0.2837,0.3933,-0.0578,0.7058,-0.8899,0.4405,-0.4964,0.5613,0.4891,0.4815,-0.657,0.006,0.0,0.006,0.006,0.0,0.013,0.0,0.0,0.013,0.0,0.0,0.0,0.0,0.026,0.006,0.006,0.019,0.0,0.115,0.1657,-0.092,0.2546,0.25,-0.2224,0.1871,-0.7271,1.6981,-0.0337,0.2332,-0.201,0.273,-0.9281,1.9405,0.2961,0.0337,0.1473,0.0206,0.0912,-0.1283,0.0464,0.0045,0.0456,0.0,0.0727,0.0052,-0.0054,0.004,0.0563,0.0,0.0469,0.1166,0.0125,-0.0206,0.0344,-0.0044,0.0073,0.0087,0.015,-0.0245,0.1828,0.6484,-0.8413,0.4398,0.7256,-0.9055,0.3133,-0.2845,0.3936,-0.0587,0.7068,-0.8911,0.4398,-0.5003,0.5544,0.4842,0.4837,-0.6577,0.0,0.0,0.3404,0.0,0.0,0.0,0.0,0.0,0.0,
5.96,run,-0.01,3.38,-0.58,-0.22,2.96,17.8,0.0,0.0,0.111,5.71,10.63,-6.15,15.12,14.77,-12.13,10.81,-40.69,97.91,-1.93,13.71,-10.72,15.47,-52.73,112.32,16.88,2.29,9.05,6.29,11.54,-7.43,15.75,14.86,-11.86,10.96,-40.17,98.57,-2.13,13.88,-10.34,15.36,-52.03,113.19,17.1,1.39,9.62,0.1798,0.6643,-0.8521,0.4499,0.7248,-0.9042,0.3131,-0.2758,0.395,-0.0609,0.707,-0.8864,0.439,-0.4914,0.5669,0.4886,0.4798,-0.6515,0.006,0.0,0.006,0.006,0.0,0.013,0.0,0.0,0.013,0.0,0.0,0.0,0.0,0.026,0.006,0.006,0.019,0.0,0.1135,0.1733,-0.1012,0.2562,0.2516,-0.2209,0.1871,-0.7225,1.6997,-0.0353,0.2332,-0.1963,0.2715,-0.9281,1.9512,0.2945,0.0337,0.1519,0.0087,0.0925,-0.1242,0.0382,0.0089,0.0376,0.0,0.0681,0.0094,-0.0095,0.0028,0.0566,-0.0057,0.0328,0.1217,0.0031,-0.0144,0.0413,-0.0057,0.0057,-0.0004,-0.0091,-0.0119,0.1788,0.6559,-0.8443,0.4431,0.7236,-0.9076,0.3119,-0.2837,0.3933,-0.0578,0.7058,-0.8899,0.4405,-0.4964,0.5613,0.4891,0.4815,-0.657,0.0,0.0,0.3552,0.0,0.0,0.0,0.0,0.0,0.0,
6.0,run,0.03,3.38,0.77,0.75,-2.99,18.5,0.0,0.0,0.111,6.68,10.99,-6.5,15.12,14.77,-12.13,10.81,-40.52,97.91,-2.02,13.71,-10.72,15.47,-52.56,112.76,17.05,2.29,9.05,6.32,11.92,-8.12,15.99,14.95,-11.32,11.02,-39.59,98.34,-2.27,14.01,-9.83,15.29,-51.67,113.57,17.04,1.37,9.79,0.1806,0.6712,-0.8602,0.457,0.7264,-0.8979,0.3148,-0.2652,0.3923,-0.0647,0.7092,-0.8804,0.4368,-0.4849,0.5714,0.487,0.4795,-0.6495,0.006,0.0,0.006,0.006,0.0,0.013,0.0,0.0,0.013,0.0,0.0,0.0,0.0,0.026,0.006,0.006,0.019,0.0,0.0997,0.1795,-0.1104,0.2608,0.2516,-0.2148,0.1871,-0.7133,1.6997,-0.0353,0.2332,-0.1902,0.2715,-0.9219,1.9589,0.2945,0.0337,0.1549,-0.0462,0.088,-0.1217,0.0441,0.0062,0.0496,0.0,0.0825,0.0066,-0.0066,0.0019,0.0628,-0.004,0.0462,0.1142,0.0021,-0.0101,0.0405,-0.0055,0.0047,-0.0101,-0.0039,0.0516,0.1798,0.6643,-0.8521,0.4499,0.7248,-0.9042,0.3131,-0.2758,0.395,-0.0609,0.707,-0.8864,0.439,-0.4914,0.5669,0.4886,0.4798,-0.6515,0.0,0.0,0.37,0.0,0.0,0.0,0.0,0.0,0.0,
6.04,run,0.06,3.48,0.66,0.88,-0.38,19.2,0.0,0.0,0.111,6.06,11.95,-7.73,15.73,14.77,-11.43,10.81,-39.55,97.91,-2.11,13.89,-9.93,15.38,-51.94,113.91,17.05,2.02,9.76,6.2,12.39,-8.39,16.08,14.85,-11.55,11.0,-39.62,98.47,-2.22,13.94,-9.85,15.31,-51.48,114.23,17.25,1.33,9.9,0.1772,0.6798,-0.8634,0.4594,0.7246,-0.9006,0.3144,-0.2659,0.3938,-0.0635,0.7081,-0.8806,0.4374,-0.4814,0.5792,0.4929,0.4787,-0.6483,0.013,0.006,0.006,0.006,0.0,0.0,0.006,0.0,0.013,0.0,0.0,0.006,0.0,0.019,0.006,0.006,0.013,0.0,0.1166,0.1856,-0.1166,0.2608,0.2516,-0.2148,0.1871,-0.7102,1.6997,-0.0368,0.2332,-0.1902,0.2715,-0.9189,1.9666,0.2976,0.0337,0.1549,0.0306,0.0845,-0.1081,0.0309,0.0044,0.0347,0.0,0.0692,0.0046,-0.0104,0.0014,0.044,-0.0028,0.0438,0.1086,0.0129,-0.0071,0.0284,-0.0019,0.0044,0.0135,0.0131,-0.0522,0.1806,0.6712,-0.8602,0.457,0.7264,-0.8979,0.3148,-0.2652,0.3923,-0.0647,0.7092,-0.8804,0.4368,-0.4849,0.5714,0.487,0.4795,-0.6495,0.0,0.0,0.3848,0.0,0.0,0.0,0.0,0.0,0.0,
6.08,run,0.08,3.47,0.47,0.16,-2.4,20.0,0.0,0.0,0.111,6.5,12.3,-8.09,15.82,14.77,-11.51,10.81,-39.46,97.91,-2.11,13.89,-9.93,15.38,-51.94,114.08,17.14,2.02,9.76,6.12,12.64,-8.99,16.29,14.6,-10.88,10.91,-38.96,98.18,-2.22,13.7,-9.03,15.26,-51.16,114.5,17.08,1.04,9.93,0.1749,0.6844,-0.8704,0.4655,0.72,-0.8927,0.3117,-0.2539,0.3904,-0.0634,0.7036,-0.8709,0.436,-0.4756,0.5823,0.488,0.4735,-0.6479,0.013,0.006,0.006,0.006,0.0,0.0,0.006,0.0,0.013,0.0,0.0,0.006,0.0,0.019,0.006,0.006,0.013,0.0,0.1058,0.2025,-0.1381,0.2715,0.2516,-0.2025,0.1871,-0.6934,1.6997,-0.0383,0.2362,-0.1764,0.27,-0.9081,1.9865,0.2976,0.0291,0.1672,0.0031,0.0879,-0.1123,0.0399,0.003,0.0452,0.0,0.0772,0.0032,-0.0099,0.0062,0.0543,-0.0046,0.049,0.11,0.0091,-0.0128,0.0408,0.0006,0.0133,0.0115,0.0154,-0.0066,0.1772,0.6798,-0.8634,0.4594,0.7246,-0.9006,0.3144,-0.2659,0.3938,-0.0635,0.7081,-0.8806,0.4374,-0.4814,0.5792,0.4929,0.4787,-0.6483,0.0,0.0,0.3996,0.0,0.0,0.0,0.0,0.0,0.0,
6.12,run,0.04,3.46,-0.79,-0.43,3.53,20.7,0.0,0.0,0.111,5.71,12.39,-8.09,15.82,14.77,-11.51,10.81,-39.55,97.91,-2.02,13.89,-9.84,15.38,-51.86,114.17,17.14,1.93,9.76,6.09,13.21,-9.52,16.51,14.69,-11.06,10.95,-38.75,98.4,-2.32,13.81,-8.99,15.23,-50.95,115.08,17.2,1.02,10.35,0.1741,0.6948,-0.8767,0.4716,0.7216,-0.8949,0.3129,-0.25,0.3929,-0.0662,0.7056,-0.8705,0.4351,-0.4718,0.5891,0.4916,0.4731,-0.643,0.013,0.006,0.006,0.006,0.0,0.0,0.006,0.0,0.013,0.0,0.0,0.006,0.0,0.019,0.006,0.006,0.013,0.0,0.1135,0.2086,-0.1442,0.273,0.2516,-0.204,0.1871,-0.6918,1.6997,-0.0383,0.2362,-0.1764,0.27,-0.9081,1.9896,0.2991,0.0291,0.1672,0.0267,0.0812,-0.0982,0.0329,0.0021,0.0267,0.0,0.0589,0.0023,-0.0069,0.0043,0.038,-0.0032,0.0343,0.0868,0.0113,-0.009,0.0285,0.0029,0.0125,0.0081,0.0029,-0.0419,0.1749,0.6844,-0.8704,0.4655,0.72,-0.8927,0.3117,-0.2539,0.3904,-0.0634,0.7036,-0.8709,0.436,-0.4756,0.5823,0.488,0.4735,-0.6479,0.0,0.0,0.4144,0.0,0.0,0.0,0.0,0.0,0.0,
6.16,run,0.06,3.46,-0.07,0.02,-1.33,21.5,0.0,0.0,0.111,6.5,12.57,-8.53,15.91,14.77,-11.25,10.81,-39.02,97.91,-2.37,13.89,-9.32,15.29,-51.5,114.79,17.14,1.67,9.93,6.21,13.69,-10.23,16.8,15.06,-10.79,11.16,-38.14,98.51,-2.56,14.21,-8.65,15.15,-50.5,115.63,17.22,1.19,11.0,0.1775,0.7034,-0.885,0.4801,0.7284,-0.8916,0.3188,-0.239,0.3943,-0.0733,0.7129,-0.8664,0.4329,-0.4636,0.5956,0.4921,0.4762,-0.6353,0.013,0.006,0.006,0.013,0.0,0.006,0.006,0.0,0.013,0.006,0.0,0.006,0.0,0.019,0.006,0.0,0.006,0.006,0.0997,0.2102,-0.1442,0.273,0.2516,-0.204,0.1871,-0.6934,1.6997,-0.0368,0.2362,-0.1749,0.27,-0.9066,1.9911,0.2991,0.0276,0.1672,-0.0327,0.0625,-0.0688,0.023,0.0015,0.0187,0.0,0.0355,0.0016,0.0009,0.003,0.0323,-0.0022,0.0297,0.0665,0.0079,-0.012,0.02,-0.0008,0.0114,-0.0137,-0.0075,0.0616,0.1741,0.6948,-0.8767,0.4716,0.7216,-0.8949,0.3129,-0.25,0.3929,-0.0662,0.7056,-0.8705,0.4351,-0.4718,0.5891,0.4916,0.4731,-0.643,0.0,0.0,0.4292,0.0,0.0,0.0,0.0,0.0,0.0,
6.2,run,0.08,3.47,0.34,-0.13,0.35,22.2,0.0,0.0,0.111,5.89,13.1,-9.14,16.26,14.77,-10.99,10.81,-38.58,97.91,-2.37,13.89,-8.79,15.21,-51.15,115.22,17.14,1.67,10.37,6.1,14.01,-10.42,16.84,14.91,-10.78,11.17,-38.17,98.48,-2.48,14.18,-8.56,15.17,-50.23,116.26,17.42,1.15,11.05,0.1743,0.7093,-0.8873,0.4812,0.7256,-0.8915,0.3193,-0.2395,0.3939,-0.0709,0.7123,-0.8655,0.4334,-0.4588,0.603,0.4976,0.4754,-0.6347,0.013,0.006,0.006,0.013,0.0,0.006,0.006,0.0,0.013,0.006,0.0,0.006,0.0,0.019,0.006,0.0,0.006,0.006,0.1135,0.2132,-0.1519,0.2746,0.2516,-0.1994,0.1871,-0.6842,1.6997,-0.043,0.2362,-0.1657,0.2684,-0.9004,2.0018,0.2991,0.023,0.1703,0.0286,0.0552,-0.0768,0.0218,0.001,0.0303,0.0,0.0592,0.0011,-0.0223,0.0021,0.057,-0.0073,0.0437,0.0866,0.0055,-0.0256,0.0254,0.0011,0.0114,-0.0012,0.0003,-0.0231,0.1775,0.7034,-0.885,0.4801,0.7284,-0.8916,0.3188,-0.239,0.3943,-0.0733,0.7129,-0.8664,0.4329,-0.4636,0.5956,0.4921,0.4762,-0.6353,0.0,0.0,0.444,0.0,0.0,0.0,0.0,0.0,0.0,
6.24,run,0.06,3.47,0.02,0.74,1.28,22.9,0.0,0.0,0.111,5.98,13.54,-9.76,16.52,14.77,-10.9,10.99,-38.14,97.91,-2.55,13.97,-8.7,15.21,-50.89,115.75,17.14,1.67,10.72,6.11,14.22,-10.87,17.01,14.92,-10.13,11.19,-37.76,98.21,-2.56,14.19,-8.02,15.09,-49.96,116.42,17.34,1.15,11.09,0.1745,0.713,-0.8926,0.486,0.7259,-0.8839,0.3197,-0.2319,0.3907,-0.0732,0.7126,-0.8591,0.4312,-0.4537,0.605,0.4953,0.4755,-0.6342,0.013,0.006,0.006,0.013,0.0,0.006,0.006,0.0,0.013,0.006,0.0,0.006,0.0,0.019,0.006,0.0,0.006,0.006,0.1028,0.2224,-0.1626,0.2807,0.2516,-0.1948,0.1871,-0.6765,1.6997,-0.043,0.2362,-0.1565,0.2669,-0.8943,2.0095,0.2991,0.023,0.1779,-0.0206,0.0735,-0.0944,0.0385,0.0007,0.0386,0.0,0.0705,0.0008,-0.0156,0.0015,0.0747,-0.0109,0.0538,0.0897,0.0039,-0.0179,0.0468,0.0021,0.012,0.0059,-0.0022,0.006,0.1743,0.7093,-0.8873,0.4812,0.7256,-0.8915,0.3193,-0.2395,0.3939,-0.0709,0.7123,-0.8655,0.4334,-0.4588,0.603,0.4976,0.4754,-0.6347,0.0,0.0,0.4588,0.0,0.0,0.0,0.0,0.0,0.0,
6.28,run,0.08,3.47,0.44,-0.19,-2.7,23.7,0.0,0.0,0.111,6.33,13.89,-10.2,16.52,14.77,-10.63,10.99,-38.14,97.91,-2.55,14.06,-8.44,15.21,-50.54,116.19,17.23,1.67,10.9,6.06,14.63,-11.21,17.17,14.97,-9.92,11.19,-37.37,98.2,-2.57,14.25,-7.53,15.03,-49.65,116.93,17.33,1.08,11.34,0.1731,0.7206,-0.8966,0.4906,0.7267,-0.8815,0.3198,-0.225,0.3905,-0.0735,0.7137,-0.8533,0.4295,-0.4481,0.6109,0.4953,0.4741,-0.6314,0.006,0.0,0.006,0.013,0.0,0.013,0.0,0.013,0.0,0.0,0.006,0.006,0.006,0.026,0.0,0.0,0.019,0.006,0.1043,0.2301,-0.1733,0.2853,0.2516,-0.1933,0.1902,-0.6688,1.6997,-0.046,0.2378,-0.1549,0.2669,-0.8897,2.0187,0.2991,0.023,0.1841,-0.0087,0.0801,-0.1061,0.0441,0.0005,0.0327,0.0114,0.078,0.0005,-0.0224,0.0068,0.058,-0.0076,0.0548,0.0971,0.0027,-0.0125,0.0557,0.0003,0.0126,0.0003,0.013,0.0223,0.1745,0.713,-0.8926,0.486,0.7259,-0.8839,0.3197,-0.2319,0.3907,-0.0732,0.7126,-0.8591,0.4312,-0.4537,0.605,0.4953,0.4755,-0.6342,0.0,0.0,0.4736,0.0,0.0,0.0,0.0,0.0,0.0,
6.32,run,0.05,3.45,-0.74,-0.23,3.45,24.4,0.0,0.0,0.111,5.54,14.33,-10.72,16.7,14.77,-10.11,10.99,-37.53,97.91,-2.55,14.06,-7.82,15.21,-50.27,116.63,17.23,1.67,10.99,6.0,15.09,-11.74,17.34,14.93,-9.91,11.25,-37.27,98.29,-2.67,14.28,-7.54,15.03,-49.36,117.51,17.48,1.04,11.64,0.1714,0.729,-0.9029,0.4955,0.726,-0.8813,0.3213,-0.2231,0.3917,-0.0762,0.7142,-0.8534,0.4295,-0.4428,0.6178,0.4993,0.4735,-0.6277,0.006,0.0,0.006,0.013,0.0,0.013,0.0,0.013,0.0,0.0,0.006,0.006,0.006,0.026,0.0,0.0,0.019,0.006,0.1104,0.2362,-0.181,0.2853,0.2516,-0.1887,0.1902,-0.6688,1.6997,-0.046,0.2393,-0.1503,0.2669,-0.8836,2.0264,0.3007,0.023,0.1871,0.0169,0.0791,-0.1031,0.0309,0.0004,0.0402,0.008,0.0546,0.0004,-0.0157,0.0105,0.0579,-0.0053,0.0614,0.0967,0.0076,-0.0088,0.0505,0.0021,0.012,0.0077,-0.0033,-0.0471,0.1731,0.7206,-0.8966,0.4906,0.7267,-0.8815,0.3198,-0.225,0.3905,-0.0735,0.7137,-0.8533,0.4295,-0.4481,0.6109,0.4953,0.4741,-0.6314,0.0,0.0,0.4884,0.0,0.0,0.0,0.0,0.0,0.0,
6.36,run,0.08,3.45,0.37,0.35,-1.92,25.2,0.0,0.0,0.111,6.33,14.59,-11.07,16.88,14.77,-10.11,10.99,-37.35,97.91,-2.55,14.15,-7.65,15.03,-50.01,117.07,17.31,1.67,11.25,6.04,15.37,-12.23,17.57,14.97,-9.26,11.34,-36.53,97.96,-2.81,14.46,-6.83,14.93,-48.84,117.84,17.37,1.03,12.04,0.1725,0.7341,-0.9086,0.5021,0.7267,-0.8736,0.3241,-0.2096,0.3878,-0.0803,0.7175,-0.8451,0.4266,-0.4334,0.6217,0.4962,0.4733,-0.6231,0.006,0.0,0.006,0.013,0.0,0.013,0.0,0.013,0.0,0.0,0.006,0.006,0.006,0.026,0.0,0.0,0.019,0.006,0.0966,0.2439,-0.1902,0.2884,0.2516,-0.1795,0.1902,-0.6581,1.6997,-0.046,0.2393,-0.1396,0.2669,-0.879,2.0341,0.3007,0.023,0.1887,-0.0399,0.0841,-0.1067,0.0331,0.0003,0.0626,0.0056,0.0785,0.0003,-0.011,0.0073,0.0808,-0.0037,0.0602,0.0965,0.0054,-0.0061,0.0411,-0.0005,0.0107,-0.0129,-0.0041,0.0603,0.1714,0.729,-0.9029,0.4955,0.726,-0.8813,0.3213,-0.2231,0.3917,-0.0762,0.7142,-0.8534,0.4295,-0.4428,0.6178,0.4993,0.4735,-0.6277,0.0,0.0,0.5032,0.0,0.0,0.0,0.0,0.0,0.0,
6.4,run,0.05,3.44,-0.55,-0.66,0.5,25.9,0.0,0.0,0.111,6.06,15.03,-11.51,16.88,14.77,-9.76,11.07,-37.18,97.91,-2.81,14.24,-7.47,15.03,-49.66,117.6,17.23,1.67,11.51,5.92,15.84,-12.55,17.68,14.91,-9.37,11.35,-36.53,98.16,-2.77,14.39,-6.73,14.94,-48.57,118.54,17.54,0.95,12.2,0.169,0.7425,-0.9123,0.5052,0.7256,-0.8749,0.3243,-0.2097,0.3901,-0.0792,0.7162,-0.8439,0.4268,-0.4286,0.6299,0.501,0.4718,-0.6212,0.013,0.0,0.006,0.013,0.006,0.0,0.0,0.006,0.006,0.006,0.0,0.006,0.0,0.033,0.006,0.006,0.019,0.006,0.1104,0.2485,-0.1963,0.2915,0.2516,-0.1795,0.1902,-0.655,1.6997,-0.046,0.2408,-0.1365,0.2638,-0.8744,2.0417,0.3022,0.023,0.1933,0.0238,0.0761,-0.0977,0.0347,0.0002,0.0439,0.0039,0.0664,0.0002,-0.0077,0.0109,0.0681,-0.0141,0.0594,0.0963,0.0095,-0.0043,0.046,0.0025,0.0106,0.0065,0.0061,-0.0335,0.1725,0.7341,-0.9086,0.5021,0.7267,-0.8736,0.3241,-0.2096,0.3878,-0.0803,0.7175,-0.8451,0.4266,-0.4334,0.6217,0.4962,0.4733,-0.6231,0.0,0.0,0.518,0.0,0.0,0.0,0.0,0.0,0.0,
6.44,run,0.05,3.43,-0.17,-0.19,1.96,26.6,0.0,0.0,0.111,5.62,15.38,-12.04,17.23,14.77,-9.4,11.16,-36.56,97.91,-2.81,14.24,-6.86,15.03,-49.22,118.04,17.49,1.67,11.87,5.93,16.25,-13.05,17.9,15.0,-9.04,11.47,-36.04,98.13,-2.91,14.59,-6.32,14.88,-48.14,119.0,17.54,0.97,12.79,0.1694,0.7499,-0.9182,0.5114,0.7273,-0.8711,0.3276,-0.2007,0.3898,-0.0832,0.7197,-0.839,0.425,-0.4207,0.6353,0.5012,0.4722,-0.6143,0.013,0.0,0.006,0.013,0.006,0.0,0.0,0.006,0.006,0.006,0.0,0.006,0.0,0.033,0.006,0.006,0.019,0.006,0.1058,0.2562,-0.204,0.2915,0.2516,-0.1733,0.1917,-0.6519,1.6997,-0.0506,0.2424,-0.1335,0.2638,-0.8682,2.0509,0.3007,0.023,0.1979,-0.0006,0.0822,-0.0973,0.0243,0.0001,0.0538,0.0085,0.0581,0.0001,-0.0227,0.0134,0.0592,-0.0099,0.0647,0.1021,0.0009,-0.003,0.0496,0.0002,0.0093,-0.0096,-0.0115,0.0087,0.169,0.7425,-0.9123,0.5052,0.7256,-0.8749,0.3243,-0.2097,0.3901,-0.0792,0.7162,-0.8439,0.4268,-0.4286,0.6299,0.501,0.4718,-0.6212,0.0,0.0,0.5328,0.0,0.0,0.0,0.0,0.0,0.0,
6.48,run,0.08,3.45,0.73,0.78,-1.92,27.4,0.0,0.0,0.111,6.33,15.73,-12.39,17.4,14.77,-9.32,11.16,-36.56,97.91,-2.81,14.24,-6.68,14.85,-49.04,118.65,17.49,1.67,12.22,5.9,16.6,-13.51,18.1,15.04,-8.52,11.49,-35.59,97.78,-3.01,14.66,-5.78,14.8,-47.76,119.23,17.5,0.99,12.88,0.1686,0.7563,-0.9236,0.517,0.7279,-0.8649,0.3283,-0.1925,0.3857,-0.086,0.721,-0.8327,0.4227,-0.4138,0.638,0.4999,0.4725,-0.6132,0.013,0.0,0.006,0.013,0.006,0.0,0.0,0.006,0.006,0.006,0.0,0.006,0.0,0.033,0.006,0.006,0.019,0.006,0.0982,0.2623,-0.2132,0.2976,0.2516,-0.1672,0.1933,-0.6412,1.6997,-0.0506,0.2424,-0.1227,0.2638,-0.8606,2.0586,0.3053,0.023,0.204,-0.0291,0.0804,-0.1024,0.0399,0.0001,0.0606,0.0117,0.0807,0.0001,-0.0159,0.0094,0.0815,-0.0069,0.0739,0.1001,0.0178,-0.0021,0.0576,-0.0003,0.0092,-0.0031,-0.0033,0.0342,0.1694,0.7499,-0.9182,0.5114,0.7273,-0.8711,0.3276,-0.2007,0.3898,-0.0832,0.7197,-0.839,0.425,-0.4207,0.6353,0.5012,0.4722,-0.6143,0.0,0.0,0.5476,0.0,0.0,0.0,0.0,0.0,0.0,
6.52,run,0.07,3.4,-0.46,-0.42,1.28,28.1,0.0,0.0,0.111,5.36,16.17,-12.83,17.58,14.94,-8.88,11.34,-35.95,97.91,-2.9,14.5,-6.06,14.77,-48.52,119.09,17.49,1.67,12.48,5.79,17.04,-13.77,18.2,14.98,-8.66,11.53,-35.48,98.0,-2.96,14.6,-5.57,14.79,-47.44,120.0,17.64,0.89,13.12,0.1654,0.7644,-0.9267,0.52,0.7269,-0.8666,0.3293,-0.1906,0.3882,-0.0845,0.72,-0.8303,0.4227,-0.4079,0.6471,0.504,0.4707,-0.6103,0.019,0.0,0.013,0.006,0.0,0.0,0.006,0.013,0.0,0.0,0.0,0.0,0.0,0.019,0.006,0.0,0.013,0.006,0.1104,0.2684,-0.2194,0.3007,0.2516,-0.1657,0.1933,-0.6412,1.6997,-0.0506,0.2424,-0.1197,0.2608,-0.8575,2.0693,0.3053,0.023,0.2102,0.0256,0.0793,-0.0947,0.0394,0.0001,0.0481,0.0082,0.0565,0.0001,-0.0111,0.0066,0.0685,-0.0163,0.0632,0.1102,0.0124,-0.0015,0.0633,0.0021,0.0106,0.0128,0.0137,-0.0335,0.1686,0.7563,-0.9236,0.517,0.7279,-0.8649,0.3283,-0.1925,0.3857,-0.086,0.721,-0.8327,0.4227,-0.4138,0.638,0.4999,0.4725,-0.6132,0.0,0.0,0.5624,0.0,0.0,0.0,0.0,0.0,0.0,
6.56,run,0.06,3.42,0.62,1.27,-1.39,28.9,0.0,0.0,0.111,6.06,16.61,-13.36,17.75,14.94,-8.61,11.34,-35.6,97.91,-2.9,14.5,-5.71,14.77,-48.08,119.44,17.49,1.58,12.83,5.82,17.28,-14.31,18.41,15.0,-7.97,11.62,-34.93,97.66,-3.13,14.76,-5.08,14.7,-47.01,120.16,17.54,0.91,13.4,0.1664,0.7687,-0.9331,0.5259,0.7272,-0.8584,0.3321,-0.1806,0.3843,-0.0895,0.723,-0.8244,0.4201,-0.4001,0.6489,0.5012,0.471,-0.607,0.019,0.0,0.013,0.006,0.0,0.0,0.006,0.013,0.0,0.0,0.0,0.0,0.0,0.019,0.006,0.0,0.013,0.006,0.0936,0.2761,-0.227,0.3037,0.2546,-0.158,0.1963,-0.6305,1.6997,-0.0522,0.247,-0.1089,0.2592,-0.8483,2.077,0.3053,0.023,0.2148,-0.046,0.0845,-0.0953,0.0392,0.0117,0.0627,0.0173,0.0802,0.0,-0.0136,0.022,0.0886,-0.0172,0.0791,0.1062,0.0087,-0.001,0.0617,0.0013,0.0063,-0.008,-0.0074,0.0223,0.1654,0.7644,-0.9267,0.52,0.7269,-0.8666,0.3293,-0.1906,0.3882,-0.0845,0.72,-0.8303,0.4227,-0.4079,0.6471,0.504,0.4707,-0.6103,0.0,0.0,0.5772,0.0,0.0,0.0,0.0,0.0,0.0,
6.6,run,0.05,3.38,-0.62,-0.73,-1.49,29.6,0.0,0.0,0.111,5.89,16.96,-13.62,17.84,14.94,-8.7,11.34,-35.42,97.91,-3.16,14.59,-5.62,14.77,-47.9,119.97,17.49,1.49,13.01,5.68,17.65,-14.39,18.48,14.87,-7.94,11.64,-34.74,97.65,-3.04,14.7,-4.64,14.68,-46.59,120.88,17.65,0.83,13.6,0.1623,0.7755,-0.934,0.5279,0.7249,-0.8581,0.3325,-0.177,0.3841,-0.087,0.7219,-0.8193,0.4195,-0.3926,0.6574,0.5044,0.4696,-0.6047,0.019,0.0,0.013,0.006,0.0,0.0,0.006,0.013,0.0,0.0,0.0,0.0,0.0,0.019,0.006,0.0,0.013,0.006,0.1058,0.2838,-0.2362,0.3068,0.2546,-0.1534,0.1963,-0.6243,1.6997,-0.0522,0.247,-0.1028,0.2592,-0.8406,2.0831,0.3053,0.0215,0.2209,0.0137,0.0878,-0.1011,0.0389,0.0082,0.0611,0.0121,0.0791,0.0,-0.0095,0.0154,0.085,-0.0121,0.084,0.0973,0.0061,-0.0065,0.0661,0.0005,0.0079,0.0108,0.0222,-0.0242,0.1664,0.7687,-0.9331,0.5259,0.7272,-0.8584,0.3321,-0.1806,0.3843,-0.0895,0.723,-0.8244,0.4201,-0.4001,0.6489,0.5012,0.471,-0.607,0.0,0.0,0.592,0.0,0.0,0.0,0.0,0.0,0.0,
6.64,run,0.03,3.39,-0.62,-0.32,4.1,30.3,0.0,0.0,0.111,5.27,17.31,-13.97,17.93,14.94,-8.09,11.34,-34.89,97.73,-3.16,14.59,-4.83,14.77,-47.46,120.32,17.58,1.49,13.36,5.7,18.15,-14.92,18.69,15.02,-7.9,11.78,-34.47,97.9,-3.2,14.9,-4.5,14.64,-46.3,121.3,17.75,0.87,14.22,0.1627,0.7845,-0.9402,0.534,0.7277,-0.8576,0.3364,-0.1722,0.3871,-0.0915,0.7254,-0.8177,0.4182,-0.3873,0.6623,0.507,0.4704,-0.5975,0.0,0.0,0.006,0.006,0.0,0.006,0.0,0.006,0.0,0.0,0.0,0.006,0.0,0.026,0.006,0.0,0.013,0.0,0.1028,0.2899,-0.2408,0.3083,0.2546,-0.1549,0.1963,-0.6213,1.6997,-0.0568,0.2485,-0.1012,0.2592,-0.8376,2.0923,0.3053,0.0199,0.224,-0.0019,0.0845,-0.0881,0.033,0.0057,0.037,0.0085,0.0669,0.0,-0.0239,0.0165,0.0652,-0.0084,0.0703,0.1027,0.0043,-0.0103,0.0578,-0.0001,0.0044,-0.0108,-0.0127,-0.0259,0.1623,0.7755,-0.934,0.5279,0.7249,-0.8581,0.3325,-0.177,0.3841,-0.087,0.7219,-0.8193,0.4195,-0.3926,0.6574,0.5044,0.4696,-0.6047,0.0,0.0,0.6068,0.0,0.0,0.0,0.0,0.0,0.0,
6.68,run,0.08,3.4,0.53,0.2,-3.13,31.1,0.0,0.0,0.111,6.15,17.75,-14.41,18.19,14.94,-8.0,11.51,-34.54,97.73,-3.16,14.68,-4.83,14.77,-47.02,121.03,17.67,1.49,13.62,5.69,18.38,-15.21,18.88,15.05,-7.17,11.89,-33.77,97.41,-3.31,15.09,-3.71,14.54,-45.64,121.67,17.67,0.97,14.57,0.1625,0.7887,-0.9437,0.5395,0.7282,-0.8491,0.3398,-0.1594,0.3813,-0.0947,0.7289,-0.8083,0.4154,-0.3753,0.6667,0.5049,0.4722,-0.5932,0.0,0.0,0.006,0.006,0.0,0.006,0.0,0.006,0.0,0.0,0.0,0.006,0.0,0.026,0.006,0.0,0.013,0.0,0.092,0.2961,-0.247,0.3099,0.2546,-0.1442,0.1963,-0.6121,1.6966,-0.0568,0.2485,-0.0874,0.2592,-0.8299,2.0985,0.3068,0.0199,0.2301,-0.0414,0.0821,-0.0845,0.0288,0.004,0.066,0.0059,0.0811,-0.0114,-0.0168,0.0116,0.0972,-0.0059,0.0779,0.0947,0.0087,-0.0072,0.0634,-0.0022,0.0054,-0.0108,-0.0055,0.0716,0.1627,0.7845,-0.9402,0.534,0.7277,-0.8576,0.3364,-0.1722,0.3871,-0.0915,0.7254,-0.8177,0.4182,-0.3873,0.6623,0.507,0.4704,-0.5975,0.0,0.0,0.6216,0.0,0.0,0.0,0.0,0.0,0.0,
6.72,run,0.07,3.38,-0.3,-0.26,2.32,31.8,0.0,0.0,0.111,5.27,18.02,-14.68,18.37,14.94,-7.91,11.6,-34.45,97.73,-3.16,14.94,-4.39,14.77,-46.85,121.2,17.67,1.49,14.06,5.53,18.93,-15.57,18.97,14.93,-7.37,11.88,-33.81,97.64,-3.25,14.95,-3.61,14.54,-45.38,122.39,17.84,0.81,14.76,0.158,0.7987,-0.9479,0.5419,0.726,-0.8515,0.3393,-0.1601,0.384,-0.093,0.7264,-0.8072,0.4155,-0.3705,0.6752,0.5098,0.4693,-0.5911,0.0,0.0,0.006,0.006,0.0,0.006,0.0,0.006,0.0,0.0,0.0,0.006,0.0,0.026,0.006,0.0,0.013,0.0,0.1074,0.3037,-0.2546,0.3145,0.2546,-0.1427,0.1994,-0.6059,1.6966,-0.0568,0.25,-0.0874,0.2592,-0.8222,2.1108,0.3083,0.0199,0.2347,0.02,0.082,-0.0837,0.0349,0.0028,0.0511,0.014,0.0764,-0.008,-0.0117,0.013,0.068,-0.0041,0.079,0.1056,0.011,-0.005,0.0591,0.0021,0.0065,0.0093,0.0035,-0.0546,0.1625,0.7887,-0.9437,0.5395,0.7282,-0.8491,0.3398,-0.1594,0.3813,-0.0947,0.7289,-0.8083,0.4154,-0.3753,0.6667,0.5049,0.4722,-0.5932,0.0,0.0,0.6364,0.0,0.0,0.0,0.0,0.0,0.0,
6.76,run,0.07,3.4,-0.14,0.97,0.11,32.6,0.0,0.0,0.111,5.8,18.37,-15.12,18.54,14.94,-7.56,11.6,-34.01,97.73,-3.25,14.94,-3.96,14.5,-46.41,121.82,17.67,1.49,14.41,5.58,19.14,-15.97,19.18,15.14,-6.89,12.02,-33.25,97.47,-3.42,15.22,-3.09,14.45,-44.96,122.62,17.79,0.95,15.11,0.1594,0.8025,-0.9526,0.5481,0.7298,-0.8457,0.3435,-0.15,0.382,-0.0978,0.7313,-0.801,0.4128,-0.3628,0.6779,0.5084,0.4719,-0.5869,0.019,0.0,0.006,0.013,0.0,0.0,0.013,0.0,0.0,0.006,0.0,0.006,0.0,0.033,0.006,0.0,0.013,0.006,0.092,0.3083,-0.2592,0.3175,0.2546,-0.1411,0.201,-0.6044,1.6966,-0.0568,0.2546,-0.0798,0.2592,-0.8191,2.1138,0.3083,0.0199,0.2424,-0.043,0.0745,-0.0757,0.0358,0.002,0.0415,0.0155,0.0592,-0.0056,-0.0082,0.0262,0.0761,-0.0029,0.0667,0.0853,0.0077,-0.0035,0.0699,0.0018,0.0042,-0.0052,-0.0046,0.0404,0.158,0.7987,-0.9479,0.5419,0.726,-0.8515,0.3393,-0.1601,0.384,-0.093,0.7264,-0.8072,0.4155,-0.3705,0.6752,0.5098,0.4693,-0.5911,0.0,0.0,0.6512,0.0,0.0,0.0,0.0,0.0,0.0,
6.8,run,0.05,3.36,-0.19,-0.88,-2.23,33.3,0.0,0.0,0.111,5.54,18.81,-15.47,18.63,14.94,-7.21,11.69,-33.57,97.65,-3.34,14.94,-3.43,14.5,-45.79,122.26,17.67,1.49,14.77,5.46,19.53,-16.06,19.25,15.03,-6.75,12.09,-33.01,97.5,-3.36,15.21,-2.58,14.43,-44.47,123.35,17.88,0.87,15.43,0.156,0.8097,-0.9537,0.55,0.7279,-0.8441,0.3454,-0.1456,0.3823,-0.0961,0.731,-0.795,0.4123,-0.3539,0.6865,0.511,0.4704,-0.5832,0.019,0.0,0.006,0.013,0.0,0.0,0.013,0.0,0.0,0.006,0.0,0.006,0.0,0.033,0.006,0.0,0.013,0.006,0.1012,0.3145,-0.2669,0.3206,0.2546,-0.135,0.201,-0.5967,1.6966,-0.0583,0.2546,-0.0721,0.2546,-0.8115,2.1246,0.3083,0.0199,0.2485,0.0044,0.0751,-0.0817,0.0366,0.0014,0.052,0.0108,0.0702,-0.0039,-0.0115,0.0184,0.082,-0.0193,0.0754,0.0999,0.0054,-0.0025,0.0719,0.0014,0.0061,-0.0024,0.0169,0.0019,0.1594,0.8025,-0.9526,0.5481,0.7298,-0.8457,0.3435,-0.15,0.382,-0.0978,0.7313,-0.801,0.4128,-0.3628,0.6779,0.5084,0.4719,-0.5869,0.0,0.0,0.666,0.0,0.0,0.0,0.0,0.0,0.0,
6.84,run,0.03,3.35,-0.95,-0.15,3.48,34.0,0.0,0.0,0.111,5.1,19.07,-15.73,18.9,14.94,-6.86,11.87,-33.22,97.56,-3.34,15.03,-2.99,14.5,-45.35,122.7,17.67,1.49,15.03,5.4,19.82,-16.41,19.36,14.95,-6.31,12.18,-32.75,97.35,-3.45,15.23,-2.27,14.37,-44.02,123.57,17.93,0.89,15.81,0.1542,0.8149,-0.9578,0.5532,0.7263,-0.839,0.3481,-0.1409,0.3806,-0.0985,0.7314,-0.7915,0.4106,-0.3458,0.689,0.5124,0.4707,-0.5787,0.019,0.0,0.006,0.013,0.0,0.0,0.013,0.0,0.0,0.006,0.0,0.006,0.0,0.033,0.006,0.0,0.013,0.006,0.0966,0.3221,-0.273,0.3221,0.2546,-0.1289,0.2025,-0.589,1.695,-0.0598,0.2546,-0.0629,0.2546,-0.8007,2.1322,0.3083,0.0199,0.2546,-0.0143,0.0815,-0.0803,0.0314,0.001,0.0595,0.0134,0.078,-0.0085,-0.0138,0.0128,0.0921,-0.0135,0.0933,0.0989,0.0038,-0.0017,0.0735,0.0003,0.0028,-0.0033,-0.0154,-0.0389,0.156,0.8097,-0.9537,0.55,0.7279,-0.8441,0.3454,-0.1456,0.3823,-0.0961,0.731,-0.795,0.4123,-0.3539,0.6865,0.511,0.4704,-0.5832,0.0,0.0,0.6808,0.0,0.0,0.0,0.0,0.0,0.0,
6.88,run,0.04,3.38,0.49,-0.08,-1.49,34.8,0.0,0.0,0.111,5.8,19.42,-16.0,18.9,14.94,-6.59,11.95,-32.96,97.47,-3.34,15.12,-2.46,14.33,-44.91,123.31,17.84,1.49,15.47,5.38,20.16,-16.7,19.56,15.11,-6.05,12.32,-32.13,97.18,-3.55,15.5,-1.61,14.28,-43.48,124.14,17.9,0.91,16.15,0.1538,0.821,-0.9611,0.5589,0.7293,-0.8358,0.352,-0.1296,0.3786,-0.1013,0.7364,-0.7837,0.408,-0.336,0.6957,0.5115,0.471,-0.5747,0.013,0.0,0.006,0.019,0.0,0.006,0.006,0.006,0.006,0.006,0.006,0.006,0.006,0.026,0.006,0.006,0.013,0.0,0.089,0.3267,-0.2777,0.3267,0.2546,-0.1227,0.2056,-0.5829,1.6935,-0.0598,0.2562,-0.0552,0.2546,-0.7931,2.1399,0.3083,0.0199,0.2592,-0.0386,0.0742,-0.0734,0.0391,0.0007,0.0646,0.0208,0.0775,-0.0117,-0.0097,0.0147,0.0931,-0.0094,0.0939,0.0978,0.0026,-0.0012,0.0686,-0.0023,0.0018,-0.0166,-0.0026,0.0608,0.1542,0.8149,-0.9578,0.5532,0.7263,-0.839,0.3481,-0.1409,0.3806,-0.0985,0.7314,-0.7915,0.4106,-0.3458,0.689,0.5124,0.4707,-0.5787,0.0,0.0,0.6956,0.0,0.0,0.0,0.0,0.0,0.0,
6.92,run,0.02,3.36,-0.16,-0.52,1.27,35.5,0.0,0.0,0.111,4.92,19.86,-16.35,18.98,14.94,-6.15,11.95,-32.61,97.38,-3.43,15.21,-2.02,14.33,-44.38,123.75,17.84,1.49,15.73,5.25,20.54,-16.98,19.64,14.96,-5.84,12.35,-31.96,97.25,-3.51,15.37,-1.35,14.26,-42.97,124.71,18.02,0.84,16.53,0.15,0.8281,-0.9644,0.5611,0.7265,-0.8334,0.3528,-0.1266,0.3794,-0.1002,0.734,-0.7806,0.4075,-0.3267,0.7024,0.5148,0.4698,-0.5703,0.013,0.0,0.006,0.019,0.0,0.006,0.006,0.006,0.006,0.006,0.006,0.006,0.006,0.026,0.006,0.006,0.013,0.0,0.1012,0.3329,-0.2823,0.3267,0.2546,-0.1181,0.2071,-0.5783,1.692,-0.0598,0.2577,-0.046,0.2516,-0.7854,2.1506,0.3114,0.0199,0.2669,0.0189,0.075,-0.0686,0.0274,0.0005,0.0625,0.0203,0.0715,-0.0139,-0.0068,0.0161,0.0997,-0.0181,0.0945,0.1087,0.0133,-0.0008,0.0768,-0.0011,0.0041,0.0085,-0.0014,-0.0261,0.1538,0.821,-0.9611,0.5589,0.7293,-0.8358,0.352,-0.1296,0.3786,-0.1013,0.7364,-0.7837,0.408,-0.336,0.6957,0.5115,0.471,-0.5747,0.0,0.0,0.7104,0.0,0.0,0.0,0.0,0.0,0.0,
6.96,run,0.02,3.35,-0.05,0.32,-1.19,36.3,0.0,0.0,0.111,5.27,20.04,-16.61,19.25,14.94,-6.15,12.04,-32.08,97.29,-3.52,15.29,-1.58,14.33,-43.95,124.19,17.84,1.49,16.08,5.22,20.78,-17.19,19.77,15.01,-5.4,12.52,-31.51,96.97,-3.62,15.56,-0.76,14.18,-42.47,125.0,18.02,0.95,16.84,0.1491,0.8324,-0.967,0.5648,0.7275,-0.8282,0.3578,-0.1184,0.3762,-0.1034,0.7375,-0.7737,0.405,-0.3176,0.7059,0.5149,0.4719,-0.5666,0.013,0.0,0.006,0.019,0.0,0.006,0.006,0.006,0.006,0.006,0.006,0.006,0.006,0.026,0.006,0.006,0.013,0.0,0.0859,0.3405,-0.2884,0.3283,0.2546,-0.1104,0.2071,-0.5722,1.6904,-0.0614,0.2592,-0.0383,0.2516,-0.7762,2.1583,0.3114,0.0199,0.2715,-0.0442,0.0812,-0.071,0.0249,0.0003,0.0724,0.0142,0.073,-0.0155,-0.0105,0.017,0.0985,-0.0127,0.1006,0.1048,0.0093,-0.0006,0.071,-0.0026,0.0031,-0.0028,-0.0091,0.0222,0.15,0.8281,-0.9644,0.5611,0.7265,-0.8334,0.3528,-0.1266,0.3794,-0.1002,0.734,-0.7806,0.4075,-0.3267,0.7024,0.5148,0.4698,-0.5703,0.0,0.0,0.7252,0.0,0.0,0.0,0.0,0.0,0.0,
7.0,run,0.03,3.31,0.09,-0.51,-1.63,37.0,0.0,0.0,0.111,5.27,20.48,-16.88,19.25,14.94,-5.62,12.3,-31.99,97.21,-3.52,15.29,-1.14,14.33,-43.33,124.72,17.93,1.49,16.44,5.11,21.14,-17.35,19.83,14.96,-5.25,12.57,-31.34,97.04,-3.58,15.53,-0.34,14.14,-42.06,125.52,18.12,0.91,17.05,0.146,0.8389,-0.9689,0.5665,0.7265,-0.8264,0.3592,-0.1153,0.377,-0.1023,0.7369,-0.7687,0.404,-0.3103,0.712,0.5177,0.471,-0.5641,0.013,0.0,0.0,0.013,0.0,0.0,0.006,0.006,0.0,0.0,0.0,0.0,0.006,0.019,0.006,0.006,0.013,0.0,0.092,0.3436,-0.293,0.3329,0.2546,-0.1104,0.2086,-0.563,1.6889,-0.0629,0.2608,-0.0307,0.2516,-0.7685,2.166,0.3114,0.0199,0.2777,-0.0078,0.0684,-0.067,0.0347,0.0002,0.0507,0.0157,0.0857,-0.0166,-0.0131,0.0177,0.0978,-0.0089,0.0993,0.1022,0.0065,-0.0004,0.0727,-0.0023,0.0017,-0.0009,0.0055,-0.0207,0.1491,0.8324,-0.967,0.5648,0.7275,-0.8282,0.3578,-0.1184,0.3762,-0.1034,0.7375,-0.7737,0.405,-0.3176,0.7059,0.5149,0.4719,-0.5666,0.0,0.0,0.74,0.0,0.0,0.0,0.0,0.0,0.0,
7.04,run,0.01,3.32,-0.65,-0.1,3.29,37.7,0.0,0.0,0.111,4.48,20.83,-17.05,19.42,14.94,-5.36,12.3,-31.46,97.12,-3.52,15.29,-0.62,14.33,-42.8,125.16,18.02,1.49,16.79,5.04,21.42,-17.69,19.96,14.93,-4.99,12.68,-30.94,96.93,-3.65,15.62,-0.04,14.08,-41.48,125.97,18.18,0.88,17.53,0.1439,0.8441,-0.9728,0.5703,0.7259,-0.8235,0.3624,-0.108,0.3757,-0.1043,0.7385,-0.7652,0.4022,-0.2996,0.7173,0.5194,0.4706,-0.5585,0.013,0.0,0.0,0.013,0.0,0.0,0.006,0.006,0.0,0.0,0.0,0.0,0.006,0.019,0.006,0.006,0.013,0.0,0.092,0.3513,-0.2976,0.3329,0.2546,-0.1012,0.2132,-0.5614,1.6874,-0.0629,0.2608,-0.023,0.2516,-0.7578,2.1752,0.3129,0.0199,0.2838,-0.0055,0.0766,-0.0642,0.0243,0.0002,0.07,0.0283,0.0658,-0.0174,-0.0092,0.0124,0.0972,-0.0062,0.1097,0.1061,0.0103,-0.0003,0.0739,-0.0019,-0.0013,0.0016,-0.009,-0.0285,0.146,0.8389,-0.9689,0.5665,0.7265,-0.8264,0.3592,-0.1153,0.377,-0.1023,0.7369,-0.7687,0.404,-0.3103,0.712,0.5177,0.471,-0.5641,0.0,0.0,0.7548,0.0,0.0,0.0,0.0,0.0,0.0,
7.08,run,0.06,3.35,0.44,0.39,-2.71,38.5,0.0,0.0,0.111,5.45,21.09,-17.23,19.6,14.94,-5.36,12.3,-31.38,97.12,-3.69,15.47,-0.35,14.33,-42.45,125.6,18.02,1.49,16.96,5.01,21.67,-17.79,20.08,15.04,-4.5,12.85,-30.4,96.64,-3.74,15.85,0.75,13.98,-40.92,126.31,18.16,1.02,17.77,0.1431,0.8485,-0.974,0.5738,0.728,-0.8177,0.3672,-0.0982,0.3723,-0.1068,0.7427,-0.7559,0.3993,-0.2894,0.7213,0.5188,0.4732,-0.5556,0.013,0.0,0.0,0.013,0.0,0.0,0.006,0.006,0.0,0.0,0.0,0.0,0.006,0.019,0.006,0.006,0.013,0.0,0.0782,0.3574,-0.3007,0.3359,0.2546,-0.0966,0.2132,-0.5522,1.6858,-0.0629,0.2608,-0.0138,0.2516,-0.7486,2.1829,0.3145,0.0199,0.2899,-0.0558,0.0767,-0.0565,0.0286,0.0001,0.0663,0.0198,0.0807,-0.0179,-0.0064,0.0086,0.1027,-0.0043,0.1114,0.1031,0.013,-0.0002,0.0748,-0.0035,-0.0008,-0.0113,-0.0018,0.0573,0.1439,0.8441,-0.9728,0.5703,0.7259,-0.8235,0.3624,-0.108,0.3757,-0.1043,0.7385,-0.7652,0.4022,-0.2996,0.7173,0.5194,0.4706,-0.5585,0.0,0.0,0.7696,0.0,0.0,0.0,0.0,0.0,0.0,
7.12,run,0.04,3.35,-0.34,-0.06,1.54,39.2,0.0,0.0,0.111,4.48,21.45,-17.49,19.6,14.94,-4.75,12.39,-30.76,97.03,-3.69,15.64,0.26,14.06,-41.84,126.04,18.19,1.49,17.4,4.86,22.05,-18.05,20.13,14.93,-4.67,12.88,-30.45,97.0,-3.67,15.73,0.75,13.98,-40.51,127.07,18.39,0.95,18.08,0.1387,0.8555,-0.9771,0.5752,0.726,-0.8196,0.368,-0.0991,0.3764,-0.105,0.7405,-0.7559,0.3994,-0.2821,0.7303,0.5254,0.4718,-0.552,0.019,0.006,0.0,0.013,0.0,0.0,0.006,0.0,0.0,0.0,0.0,0.006,0.0,0.019,0.006,0.0,0.006,0.006,0.0951,0.362,-0.3037,0.339,0.2546,-0.0966,0.2132,-0.5507,1.6858,-0.066,0.2638,-0.0092,0.2516,-0.7424,2.1905,0.3145,0.0199,0.293,0.024,0.0709,-0.051,0.0315,0.0001,0.0464,0.0138,0.0622,-0.0126,-0.016,0.0175,0.089,-0.003,0.1009,0.1008,0.0091,-0.0001,0.0638,0.0006,0.0022,0.0077,0.0069,-0.0474,0.1431,0.8485,-0.974,0.5738,0.728,-0.8177,0.3672,-0.0982,0.3723,-0.1068,0.7427,-0.7559,0.3993,-0.2894,0.7213,0.5188,0.4732,-0.5556,0.0,0.0,0.7844,0.0,0.0,0.0,0.0,0.0,0.0,
7.16,run,0.03,3.4,0.05,0.59,0.65,40.0,0.0,0.0,0.111,4.92,21.71,-17.67,19.69,14.94,-4.75,12.66,-30.5,96.94,-3.69,15.64,0.62,14.06,-41.31,126.39,18.19,1.49,17.75,4.82,22.11,-18.01,20.18,14.94,-3.88,13.05,-29.85,96.52,-3.75,15.91,1.64,13.87,-39.88,127.09,18.3,1.1,18.42,0.1378,0.8566,-0.9765,0.5767,0.7262,-0.8103,0.3728,-0.0882,0.3708,-0.1072,0.7438,-0.7454,0.3962,-0.2706,0.7305,0.5228,0.4745,-0.548,0.019,0.006,0.0,0.013,0.0,0.0,0.006,0.0,0.0,0.0,0.0,0.006,0.0,0.019,0.006,0.0,0.006,0.006,0.0782,0.3682,-0.3083,0.339,0.2546,-0.0859,0.2148,-0.54,1.6843,-0.066,0.2669,0.0015,0.247,-0.7317,2.1982,0.3175,0.0199,0.3007,-0.0462,0.0725,-0.0529,0.022,0.0001,0.0726,0.0154,0.0836,-0.0145,-0.0112,0.0237,0.1024,-0.0193,0.1107,0.0992,0.0178,-0.0001,0.0733,-0.0009,0.002,-0.0059,-0.001,0.027,0.1387,0.8555,-0.9771,0.5752,0.726,-0.8196,0.368,-0.0991,0.3764,-0.105,0.7405,-0.7559,0.3994,-0.2821,0.7303,0.5254,0.4718,-0.552,0.0,0.0,0.7992,0.0,0.0,0.0,0.0,0.0,0.0,
7.2,run,0.05,3.34,-0.04,-1.01,-2.36,40.7,0.0,0.0,0.111,4.92,21.97,-17.75,19.78,14.94,-4.57,12.74,-30.32,96.94,-3.69,15.82,0.79,14.06,-40.87,126.83,18.19,1.49,17.93,4.73,22.54,-18.26,20.27,14.97,-3.84,13.12,-29.55,96.67,-3.74,15.96,2.04,13.82,-39.36,127.82,18.41,1.05,18.73,0.135,0.8644,-0.9795,0.5793,0.7268,-0.8099,0.3749,-0.0826,0.3726,-0.1068,0.7448,-0.7407,0.3948,-0.261,0.7391,0.5259,0.4737,-0.5444,0.019,0.006,0.0,0.013,0.0,0.0,0.006,0.0,0.0,0.0,0.0,0.006,0.0,0.019,0.006,0.0,0.006,0.006,0.0859,0.3728,-0.3114,0.3405,0.2546,-0.0859,0.2194,-0.5354,1.6828,-0.066,0.2669,0.0077,0.247,-0.7225,2.2043,0.3175,0.0199,0.3068,-0.0036,0.068,-0.0485,0.0212,0.0,0.0508,0.0281,0.0758,-0.0159,-0.0078,0.0166,0.0947,-0.0135,0.112,0.0925,0.0125,-0.0001,0.0743,-0.0022,0.006,0.0009,0.0103,0.0114,0.1378,0.8566,-0.9765,0.5767,0.7262,-0.8103,0.3728,-0.0882,0.3708,-0.1072,0.7438,-0.7454,0.3962,-0.2706,0.7305,0.5228,0.4745,-0.548,0.0,0.0,0.814,0.0,0.0,0.0,0.0,0.0,0.0,
7.24,run,0.01,3.35,-0.5,-0.13,3.25,41.4,0.0,0.0,0.111,4.31,22.24,-17.93,19.95,14.94,-4.04,12.83,-29.79,96.86,-3.69,15.91,1.49,13.8,-40.43,127.09,18.28,1.49,18.37,4.64,22.73,-18.55,20.33,14.92,-3.68,13.25,-29.44,96.74,-3.78,15.98,2.11,13.77,-38.89,128.19,18.56,1.05,19.14,0.1326,0.8679,-0.9829,0.5809,0.7258,-0.808,0.3787,-0.0807,0.3734,-0.108,0.745,-0.7399,0.3934,-0.2525,0.7434,0.5301,0.4737,-0.5395,0.013,0.0,0.006,0.006,0.0,0.006,0.006,0.0,0.0,0.0,0.0,0.0,0.0,0.045,0.013,0.0,0.006,0.006,0.0859,0.3774,-0.3129,0.3421,0.2546,-0.0828,0.2209,-0.5323,1.6828,-0.066,0.27,0.0107,0.247,-0.7148,2.212,0.3175,0.0199,0.3099,-0.0025,0.0649,-0.0397,0.0206,0.0,0.0471,0.0254,0.0646,-0.0111,-0.0055,0.0231,0.0778,-0.0095,0.1072,0.0935,0.0087,-0.0,0.0635,0.0,0.0009,-0.0007,-0.0176,-0.0411,0.135,0.8644,-0.9795,0.5793,0.7268,-0.8099,0.3749,-0.0826,0.3726,-0.1068,0.7448,-0.7407,0.3948,-0.261,0.7391,0.5259,0.4737,-0.5444,0.0,0.0,0.8288,0.0,0.0,0.0,0.0,0.0,0.0,
7.28,run,0.04,3.34,0.45,-0.32,-3.87,42.2,0.0,0.0,0.111,5.1,22.41,-18.19,19.95,14.94,-3.87,12.83,-29.62,96.86,-3.69,15.91,1.85,13.8,-39.99,127.62,18.37,1.49,18.72,4.6,22.85,-18.42,20.38,15.01,-3.15,13.4,-28.84,96.36,-3.81,16.19,3.04,13.66,-38.3,128.41,18.49,1.18,19.34,0.1316,0.8699,-0.9814,0.5823,0.7274,-0.8018,0.3827,-0.0698,0.369,-0.1089,0.7489,-0.7289,0.3902,-0.2418,0.746,0.5284,0.476,-0.5372,0.013,0.0,0.006,0.006,0.0,0.006,0.006,0.0,0.0,0.0,0.0,0.0,0.0,0.045,0.013,0.0,0.006,0.006,0.0752,0.382,-0.316,0.3451,0.2546,-0.0736,0.2224,-0.5231,1.6812,-0.066,0.2715,0.023,0.2424,-0.7072,2.2166,0.3191,0.0199,0.3175,-0.0421,0.0627,-0.0393,0.0259,0.0,0.0675,0.0235,0.0798,-0.0136,-0.0038,0.0219,0.1005,-0.0239,0.1038,0.0827,0.0119,-0.0,0.0733,-0.0039,0.0022,-0.0086,-0.0022,0.0568,0.1326,0.8679,-0.9829,0.5809,0.7258,-0.808,0.3787,-0.0807,0.3734,-0.108,0.745,-0.7399,0.3934,-0.2525,0.7434,0.5301,0.4737,-0.5395,0.0,0.0,0.8436,0.0,0.0,0.0,0.0,0.0,0.0,
7.32,run,0.05,3.35,0.13,0.23,2.06,42.9,0.0,0.0,0.111,3.96,22.76,-18.19,19.95,14.94,-3.52,13.01,-29.53,96.77,-3.69,15.91,2.2,13.8,-39.55,127.88,18.37,1.49,18.98,4.44,23.19,-18.73,20.39,14.82,-3.08,13.45,-28.85,96.56,-3.75,16.01,3.06,13.63,-37.77,128.99,18.7,1.06,19.67,0.127,0.8761,-0.985,0.5825,0.7239,-0.8009,0.3843,-0.0701,0.3713,-0.1071,0.7456,-0.7287,0.3895,-0.2322,0.7528,0.5344,0.4738,-0.5333,0.013,0.0,0.006,0.006,0.0,0.006,0.006,0.0,0.0,0.0,0.0,0.0,0.0,0.045,0.013,0.0,0.006,0.006,0.089,0.385,-0.3206,0.3451,0.2546,-0.0706,0.2224,-0.52,1.6812,-0.066,0.2715,0.0291,0.2424,-0.6995,2.2258,0.3206,0.0199,0.3237,0.0224,0.0554,-0.0448,0.0181,0.0,0.0588,0.0165,0.0674,-0.0095,-0.0027,0.0154,0.0934,-0.0167,0.1015,0.0925,0.0141,-0.0,0.0744,-0.0009,0.0011,0.0079,-0.0055,-0.0675,0.1316,0.8699,-0.9814,0.5823,0.7274,-0.8018,0.3827,-0.0698,0.369,-0.1089,0.7489,-0.7289,0.3902,-0.2418,0.746,0.5284,0.476,-0.5372,0.0,0.0,0.8584,0.0,0.0,0.0,0.0,0.0,0.0,
7.36,run,0.05,3.35,0.32,0.43,-1.82,43.7,0.0,0.0,0.111,4.57,22.85,-18.46,19.95,14.94,-3.25,13.18,-28.92,96.77,-3.78,15.91,2.72,13.8,-39.02,128.14,18.46,1.49,19.34,4.43,23.27,-18.7,20.47,14.99,-2.68,13.68,-28.32,96.22,-3.84,16.32,3.76,13.52,-37.19,129.32,18.71,1.3,19.84,0.1265,0.8777,-0.9847,0.5848,0.7271,-0.7963,0.3908,-0.0603,0.3673,-0.1098,0.7514,-0.7205,0.3863,-0.2216,0.7567,0.5346,0.4783,-0.5313,0.033,0.0,0.0,0.013,0.0,0.006,0.006,0.006,0.0,0.0,0.006,0.006,0.013,0.091,0.033,0.0,0.006,0.006,0.069,0.3912,-0.3206,0.3451,0.2546,-0.0644,0.2255,-0.5185,1.6797,-0.066,0.2715,0.0353,0.2424,-0.6918,2.2304,0.3206,0.0199,0.3283,-0.0588,0.0617,-0.0314,0.0127,0.0,0.0641,0.023,0.0529,-0.0124,-0.0019,0.0108,0.0883,-0.0117,0.0997,0.0819,0.0099,-0.0,0.0692,-0.0005,0.0018,0.0023,0.0041,0.036,0.127,0.8761,-0.985,0.5825,0.7239,-0.8009,0.3843,-0.0701,0.3713,-0.1071,0.7456,-0.7287,0.3895,-0.2322,0.7528,0.5344,0.4738,-0.5333,0.0,0.0,0.8732,0.0,0.0,0.0,0.0,0.0,0.0,
7.4,run,0.11,3.28,0.74,-0.85,-3.93,44.4,0.0,0.0,0.111,4.48,23.2,-18.54,19.95,14.94,-2.9,13.36,-28.83,96.77,-3.78,15.91,3.34,13.8,-38.58,128.58,18.72,1.49,19.6,4.28,23.5,-18.72,20.41,14.8,-2.34,13.72,-28.14,96.2,-3.76,16.19,4.21,13.46,-36.61,129.64,18.83,1.24,20.17,0.1222,0.8819,-0.985,0.5832,0.7237,-0.7923,0.3919,-0.0571,0.367,-0.1074,0.7489,-0.7152,0.3846,-0.2111,0.7605,0.538,0.4771,-0.5275,0.033,0.0,0.0,0.013,0.0,0.006,0.006,0.006,0.0,0.0,0.006,0.006,0.013,0.091,0.033,0.0,0.006,0.006,0.0798,0.3927,-0.3252,0.3451,0.2546,-0.0598,0.2286,-0.5077,1.6797,-0.0675,0.2715,0.0445,0.2424,-0.6826,2.235,0.3221,0.0199,0.3344,-0.0008,0.049,-0.0392,0.0089,0.0,0.0621,0.0276,0.0773,-0.0087,-0.0071,0.0075,0.0964,-0.0082,0.1043,0.0746,0.0127,-0.0,0.0715,-0.0005,0.0015,0.0056,0.0075,-0.0318,0.1265,0.8777,-0.9847,0.5848,0.7271,-0.7963,0.3908,-0.0603,0.3673,-0.1098,0.7514,-0.7205,0.3863,-0.2216,0.7567,0.5346,0.4783,-0.5313,0.0,0.0,0.888,0.0,0.0,0.0,0.0,0.0,0.0,
7.44,run,0.03,3.27,-1.62,-0.77,3.38,45.1,0.0,0.0,0.111,3.87,23.2,-18.54,20.13,14.94,-2.72,13.45,-28.21,96.59,-3.78,16.08,3.78,13.62,-38.14,128.85,18.72,1.49,19.78,4.19,23.58,-18.95,20.46,14.73,-2.07,13.81,-27.94,96.13,-3.8,16.21,4.26,13.38,-36.07,129.85,18.92,1.26,20.45,0.1196,0.8832,-0.9876,0.5846,0.7224,-0.7891,0.3945,-0.0535,0.3662,-0.1085,0.7493,-0.7146,0.3822,-0.2013,0.763,0.5406,0.4774,-0.5241,0.033,0.0,0.0,0.013,0.0,0.006,0.006,0.006,0.0,0.0,0.006,0.006,0.013,0.091,0.033,0.0,0.006,0.006,0.0782,0.3988,-0.3267,0.3451,0.2546,-0.0537,0.2316,-0.5062,1.6797,-0.0675,0.2715,0.0552,0.2424,-0.675,2.2427,0.3267,0.0199,0.339,-0.0063,0.0573,-0.0332,0.0062,0.0,0.0665,0.0308,0.0599,-0.0061,-0.0049,0.0053,0.1077,-0.0057,0.1018,0.081,0.0261,-0.0,0.0673,0.0054,-0.0045,0.0129,-0.0148,-0.0686,0.1222,0.8819,-0.985,0.5832,0.7237,-0.7923,0.3919,-0.0571,0.367,-0.1074,0.7489,-0.7152,0.3846,-0.2111,0.7605,0.538,0.4771,-0.5275,0.0,0.0,0.9028,0.0,0.0,0.0,0.0,0.0,0.0,
7.48,run,0.09,3.3,1.24,0.35,-2.65,45.9,0.0,0.0,0.13,4.75,23.38,-18.63,20.13,14.94,-2.29,13.54,-28.21,96.5,-3.78,16.08,4.04,13.45,-37.71,129.11,18.72,1.49,19.95,4.19,23.8,-18.9,20.53,14.95,-1.8,14.03,-27.37,96.06,-3.88,16.57,5.1,13.29,-35.54,130.29,18.91,1.35,20.72,0.1198,0.8872,-0.9871,0.5865,0.7264,-0.7859,0.4008,-0.0431,0.3654,-0.111,0.7557,-0.7047,0.3798,-0.1917,0.7681,0.5402,0.4792,-0.5209,0.013,0.0,0.0,0.006,0.0,0.013,0.0,0.013,0.0,0.0,0.006,0.006,0.006,0.13,0.045,0.006,0.0,0.0,0.0675,0.3988,-0.3267,0.3482,0.2546,-0.0506,0.2332,-0.4955,1.6766,-0.0675,0.2746,0.0629,0.2393,-0.6673,2.2473,0.3267,0.0199,0.3421,-0.0447,0.0401,-0.0233,0.0159,0.0,0.0581,0.0273,0.0822,-0.0158,-0.0035,0.0152,0.1042,-0.0155,0.1,0.074,0.0183,-0.0,0.0586,-0.002,-0.0051,-0.0282,-0.0134,0.0589,0.1196,0.8832,-0.9876,0.5846,0.7224,-0.7891,0.3945,-0.0535,0.3662,-0.1085,0.7493,-0.7146,0.3822,-0.2013,0.763,0.5406,0.4774,-0.5241,0.0,0.0,0.9176,0.0,0.0,0.0,0.0,0.0,0.0,
7.52,run,0.07,3.28,-0.23,-0.73,-2.9,46.6,0.0,0.0,0.13,3.78,23.64,-18.72,20.13,14.94,-2.02,13.62,-27.77,96.33,-3.78,16.17,4.39,13.45,-37.09,129.29,18.9,1.49,20.39,4.02,24.0,-19.1,20.5,14.75,-1.7,14.1,-27.27,96.1,-3.77,16.35,5.23,13.25,-34.91,130.95,19.13,1.3,20.97,0.1148,0.891,-0.9895,0.5857,0.7227,-0.7847,0.4027,-0.0412,0.3658,-0.1078,0.7519,-0.7032,0.3787,-0.1801,0.7758,0.5467,0.4782,-0.518,0.013,0.0,0.0,0.006,0.0,0.013,0.0,0.013,0.0,0.0,0.006,0.006,0.006,0.13,0.045,0.006,0.0,0.0,0.0828,0.4019,-0.3283,0.3482,0.2546,-0.043,0.2347,-0.4955,1.6751,-0.0675,0.2746,0.0675,0.2362,-0.6596,2.2519,0.3267,0.0199,0.3451,0.0262,0.0396,-0.022,0.0111,0.0,0.0694,0.0249,0.0575,-0.0168,-0.0024,0.0106,0.0902,-0.0224,0.0988,0.069,0.0128,-0.0,0.0525,0.003,-0.0023,0.0216,0.0061,-0.0462,0.1198,0.8872,-0.9871,0.5865,0.7264,-0.7859,0.4008,-0.0431,0.3654,-0.111,0.7557,-0.7047,0.3798,-0.1917,0.7681,0.5402,0.4792,-0.5209,0.0,0.0,0.9324,0.0,0.0,0.0,0.0,0.0,0.0,
7.56,run,0.05,3.28,0.35,0.42,1.17,47.4,0.0,0.0,0.13,4.04,23.73,-18.72,20.13,14.94,-1.76,13.8,-27.42,96.33,-3.78,16.35,5.01,13.36,-36.74,129.55,18.81,1.49,20.65,3.93,23.97,-18.88,20.43,14.7,-1.08,14.27,-27.07,95.83,-3.8,16.43,5.84,13.16,-34.4,130.79,19.17,1.48,21.17,0.1123,0.8905,-0.9868,0.5836,0.7218,-0.7774,0.4077,-0.0377,0.3628,-0.1086,0.7532,-0.696,0.376,-0.1709,0.774,0.5477,0.4815,-0.5156,0.013,0.0,0.0,0.006,0.0,0.013,0.0,0.013,0.0,0.0,0.006,0.006,0.006,0.13,0.045,0.006,0.0,0.0,0.066,0.4065,-0.3298,0.3482,0.2546,-0.0383,0.2362,-0.4878,1.672,-0.0675,0.2761,0.0736,0.2362,-0.6489,2.255,0.3298,0.0199,0.3528,-0.0452,0.045,-0.0212,0.0078,0.0,0.0659,0.0232,0.0691,-0.0233,-0.0017,0.0132,0.0862,-0.0157,0.1096,0.0599,0.0205,-0.0,0.0656,0.0018,-0.0045,-0.004,-0.0127,-0.0506,0.1148,0.891,-0.9895,0.5857,0.7227,-0.7847,0.4027,-0.0412,0.3658,-0.1078,0.7519,-0.7032,0.3787,-0.1801,0.7758,0.5467,0.4782,-0.518,0.0,0.0,0.9472,0.0,0.0,0.0,0.0,0.0,0.0,
7.6,run,0.08,3.22,0.37,-1.04,-4.85,48.1,0.0,0.0,0.13,3.96,23.82,-18.72,20.13,14.94,-1.49,13.8,-27.25,96.24,-3.78,16.35,5.45,13.27,-36.3,129.81,19.16,1.49,20.92,3.88,24.16,-19.0,20.47,14.79,-0.97,14.36,-26.59,95.81,-3.78,16.57,6.32,13.07,-33.83,131.43,19.21,1.46,21.26,0.1108,0.8939,-0.9882,0.5849,0.7234,-0.7761,0.4103,-0.0289,0.3624,-0.1081,0.7559,-0.6904,0.3735,-0.1605,0.7816,0.5488,0.4812,-0.5146,0.019,0.0,0.0,0.006,0.0,0.0,0.006,0.006,0.006,0.0,0.006,0.0,0.0,0.111,0.071,0.006,0.0,0.006,0.0706,0.408,-0.3298,0.3482,0.2546,-0.0337,0.2393,-0.4817,1.672,-0.0675,0.2792,0.0844,0.2347,-0.6427,2.2596,0.3283,0.0199,0.3574,-0.0144,0.0372,-0.0148,0.0054,0.0,0.0633,0.0277,0.0713,-0.0163,-0.0012,0.0207,0.1005,-0.0167,0.0996,0.0591,0.0086,-0.0,0.0631,-0.0006,-0.0039,0.0061,0.0073,0.0204,0.1123,0.8905,-0.9868,0.5836,0.7218,-0.7774,0.4077,-0.0377,0.3628,-0.1086,0.7532,-0.696,0.376,-0.1709,0.774,0.5477,0.4815,-0.5156,0.0,0.0,0.962,0.0,0.0,0.0,0.0,0.0,0.0,
7.64,run,0.07,3.25,-0.14,-0.26,0.74,48.8,0.0,0.0,0.13,3.43,23.99,-18.72,20.13,14.94,-1.05,13.97,-26.89,96.06,-3.78,16.35,5.98,13.27,-35.68,130.08,19.07,1.49,21.01,3.75,24.2,-19.01,20.41,14.61,-0.53,14.48,-26.59,95.77,-3.77,16.44,6.47,13.01,-33.28,131.41,19.36,1.52,21.67,0.1071,0.8945,-0.9884,0.583,0.7203,-0.771,0.4136,-0.029,0.362,-0.1078,0.7535,-0.6886,0.3717,-0.1505,0.7812,0.5531,0.4822,-0.5098,0.019,0.0,0.0,0.006,0.0,0.0,0.006,0.006,0.006,0.0,0.006,0.0,0.0,0.111,0.071,0.006,0.0,0.006,0.069,0.4096,-0.3298,0.3482,0.2546,-0.0291,0.2393,-0.4786,1.6705,-0.0675,0.2792,0.092,0.2332,-0.6351,2.2642,0.3344,0.0199,0.362,-0.0158,0.0318,-0.0104,0.0038,0.0,0.0616,0.0194,0.0614,-0.0172,-0.0008,0.0145,0.0991,-0.0174,0.0985,0.0586,0.029,-0.0,0.0614,0.0023,-0.0096,0.0065,-0.0182,-0.0847,0.1108,0.8939,-0.9882,0.5849,0.7234,-0.7761,0.4103,-0.0289,0.3624,-0.1081,0.7559,-0.6904,0.3735,-0.1605,0.7816,0.5488,0.4812,-0.5146,0.0,0.0,0.9768,0.0,0.0,0.0,0.0,0.0,0.0,
7.68,run,0.13,3.23,0.89,0.14,-2.29,49.6,0.0,0.0,0.13,4.22,24.08,-18.72,20.13,14.94,-1.05,14.06,-26.72,96.06,-3.78,16.35,6.33,13.1,-35.33,130.43,19.07,1.49,21.27,3.69,24.26,-18.91,20.4,14.69,-0.26,14.66,-26.09,95.55,-3.79,16.69,7.12,12.9,-32.66,131.89,19.39,1.62,21.69,0.1053,0.8956,-0.9871,0.5828,0.7216,-0.7678,0.4187,-0.0199,0.3594,-0.1083,0.7579,-0.6809,0.3685,-0.1392,0.7869,0.5541,0.4841,-0.5096,0.019,0.0,0.0,0.006,0.0,0.0,0.006,0.006,0.006,0.0,0.006,0.0,0.0,0.111,0.071,0.006,0.0,0.006,0.0598,0.4126,-0.3298,0.3482,0.2546,-0.0215,0.2424,-0.4725,1.6674,-0.0675,0.2792,0.1012,0.2332,-0.6243,2.2688,0.3329,0.0199,0.3636,-0.0456,0.0338,-0.0073,0.0027,0.0,0.0719,0.0251,0.066,-0.0235,-0.0006,0.0102,0.1039,-0.0122,0.1092,0.0583,0.0146,-0.0,0.0488,0.0019,-0.0069,-0.0024,-0.0045,0.013,0.1071,0.8945,-0.9884,0.583,0.7203,-0.771,0.4136,-0.029,0.362,-0.1078,0.7535,-0.6886,0.3717,-0.1505,0.7812,0.5531,0.4822,-0.5098,0.0,0.0,0.9916,0.0,0.0,0.0,0.0,0.0,0.0,
7.72,run,0.15,3.18,0.28,-0.99,-3.1,50.3,0.0,0.0,0.273,3.16,24.08,-18.72,20.13,14.94,-0.44,14.24,-26.63,95.89,-3.78,16.35,6.59,13.01,-34.89,130.69,19.42,1.49,21.45,3.59,24.45,-19.11,20.39,14.58,-0.14,14.72,-25.91,95.71,-3.71,16.56,7.3,12.85,-32.15,132.38,19.53,1.55,21.92,0.1025,0.8991,-0.9895,0.5827,0.7197,-0.7664,0.4206,-0.0165,0.3613,-0.1061,0.7557,-0.6789,0.3673,-0.13,0.7927,0.5581,0.4827,-0.5069,0.019,0.006,0.006,0.006,0.0,0.006,0.0,0.013,0.0,0.0,0.0,0.006,0.006,0.273,0.065,0.0,0.0,0.0,0.0736,0.4142,-0.3298,0.3482,0.2546,-0.0215,0.2439,-0.4694,1.6674,-0.0675,0.2792,0.1074,0.2301,-0.6182,2.2749,0.3329,0.0199,0.3682,0.0202,0.0294,-0.0051,0.0019,0.0,0.0503,0.0234,0.0578,-0.0165,-0.0004,0.0071,0.0959,-0.0201,0.0996,0.064,0.0102,-0.0,0.0515,0.007,-0.0087,0.0155,0.0025,-0.0399,0.1053,0.8956,-0.9871,0.5828,0.7216,-0.7678,0.4187,-0.0199,0.3594,-0.1083,0.7579,-0.6809,0.3685,-0.1392,0.7869,0.5541,0.4841,-0.5096,0.0,0.0,1.0064,0.0,0.0,0.0,0.0,0.0,0.0,
7.76,run,0.18,3.08,1.36,-0.74,-5.43,51.1,0.0,0.0,0.273,4.13,24.26,-18.72,20.13,14.94,-0.26,14.33,-26.1,95.8,-3.78,16.44,7.12,12.92,-34.45,131.22,19.42,1.49,21.71,3.5,24.4,-18.95,20.32,14.58,0.3,14.91,-25.75,95.44,-3.76,16.68,7.64,12.75,-31.59,132.3,19.62,1.71,22.2,0.1001,0.8981,-0.9877,0.5805,0.7196,-0.7612,0.426,-0.0137,0.3581,-0.1073,0.7578,-0.6748,0.3642,-0.1197,0.7917,0.5606,0.4856,-0.5035,0.019,0.006,0.006,0.006,0.0,0.006,0.0,0.013,0.0,0.0,0.0,0.006,0.006,0.273,0.065,0.0,0.0,0.0,0.0552,0.4142,-0.3298,0.3482,0.2546,-0.0107,0.247,-0.4679,1.6644,-0.0675,0.2792,0.112,0.2286,-0.6105,2.2795,0.339,0.0199,0.3712,-0.0547,0.0206,-0.0036,0.0013,0.0,0.0754,0.0278,0.0462,-0.023,-0.0003,0.005,0.0843,-0.0198,0.0984,0.062,0.0301,-0.0,0.0475,0.0084,-0.0133,0.0048,-0.0172,-0.0542,0.1025,0.8991,-0.9895,0.5827,0.7197,-0.7664,0.4206,-0.0165,0.3613,-0.1061,0.7557,-0.6789,0.3673,-0.13,0.7927,0.5581,0.4827,-0.5069,0.0,0.0,1.0212,0.0,0.0,0.0,0.0,0.0,0.0,
7.8,run,0.47,3.14,6.24,1.85,-3.59,51.8,0.0,0.0,0.273,3.08,24.26,-18.72,20.13,14.94,-0.26,14.33,-26.02,95.8,-3.78,16.44,7.29,12.92,-34.01,131.4,19.42,1.58,21.8,3.39,24.53,-19.17,20.31,14.4,0.46,14.93,-25.48,95.48,-3.66,16.51,7.86,12.68,-31.09,132.69,19.71,1.54,22.33,0.0969,0.9006,-0.9902,0.5802,0.7164,-0.7592,0.4267,-0.0087,0.3586,-0.1046,0.7548,-0.6722,0.3624,-0.1107,0.7963,0.5631,0.4825,-0.5021,0.019,0.006,0.006,0.006,0.0,0.006,0.0,0.013,0.0,0.0,0.0,0.006,0.006,0.273,0.065,0.0,0.0,0.0,0.0721,0.4172,-0.3298,0.3482,0.2546,-0.0077,0.2485,-0.4587,1.6628,-0.0675,0.2807,0.1212,0.227,-0.6029,2.2887,0.339,0.0199,0.3758,0.015,0.0241,-0.0025,0.0009,0.0,0.0625,0.0243,0.0614,-0.021,-0.0002,0.0083,0.0881,-0.0187,0.0931,0.0725,0.0211,-0.0,0.0478,0.0111,-0.0216,0.0237,-0.0129,-0.0948,0.1001,0.8981,-0.9877,0.5805,0.7196,-0.7612,0.426,-0.0137,0.3581,-0.1073,0.7578,-0.6748,0.3642,-0.1197,0.7917,0.5606,0.4856,-0.5035,0.0,0.0,1.036,0.0,0.0,0.0,0.0,0.0,0.0,
7.84,run,0.84,3.36,10.2,4.49,-0.98,52.5,0.0,0.0,0.273,3.78,24.26,-18.72,20.13,14.94,0.26,14.59,-25.84,95.8,-3.78,16.52,7.56,12.74,-33.4,131.4,19.51,1.58,21.97,3.26,24.28,-19.02,20.17,14.35,1.12,15.04,-25.3,94.9,-3.55,16.56,8.2,12.52,-30.5,132.95,19.8,1.84,21.8,0.093,0.896,-0.9884,0.5763,0.7155,-0.7515,0.4298,-0.0055,0.3518,-0.1014,0.7556,-0.6682,0.3577,-0.1,0.7994,0.5656,0.4879,-0.5082,0.033,0.0,0.0,0.0,0.013,0.0,0.0,0.013,0.013,0.006,0.0,0.006,0.006,0.169,0.149,0.0,0.0,0.006,0.0537,0.4172,-0.3298,0.3482,0.2546,-0.0077,0.2485,-0.4571,1.6628,-0.0675,0.2807,0.1243,0.227,-0.5952,2.2918,0.339,0.0215,0.3774,-0.0578,0.0169,-0.0017,0.0006,0.0,0.0437,0.017,0.0487,-0.0147,-0.0001,0.0058,0.0731,-0.0131,0.0937,0.0621,0.0147,0.0057,0.0392,0.0364,-0.016,0.1089,0.0323,-0.0626,0.0969,0.9006,-0.9902,0.5802,0.7164,-0.7592,0.4267,-0.0087,0.3586,-0.1046,0.7548,-0.6722,0.3624,-0.1107,0.7963,0.5631,0.4825,-0.5021,0.0,0.0,1.0508,0.0,0.0,0.0,0.0,0.0,0.0,
7.88,run,1.29,3.5,10.86,3.86,-2.93,53.3,0.0,0.0,0.273,3.25,24.26,-18.72,20.13,14.94,0.7,14.68,-25.49,95.62,-3.69,16.52,8.0,12.66,-32.7,131.66,19.78,1.67,21.97,3.13,24.15,-18.97,20.0,14.27,1.39,14.98,-25.0,94.74,-3.41,16.59,8.31,12.36,-29.85,133.47,19.84,1.91,21.48,0.0894,0.8936,-0.9878,0.5715,0.7141,-0.7484,0.428,0.0,0.3499,-0.0974,0.7561,-0.6669,0.3532,-0.0883,0.8055,0.567,0.4892,-0.512,0.033,0.0,0.0,0.0,0.013,0.0,0.0,0.013,0.013,0.006,0.0,0.006,0.006,0.169,0.149,0.0,0.0,0.006,0.066,0.4172,-0.3298,0.3482,0.2546,0.0015,0.2531,-0.4541,1.6628,-0.0675,0.2823,0.1289,0.224,-0.5844,2.2918,0.3405,0.0215,0.3804,0.0058,0.0118,-0.0012,0.0004,0.0,0.0653,0.0293,0.0457,-0.0103,-0.0001,0.0099,0.0685,-0.0207,0.106,0.0435,0.0161,0.004,0.039,0.0687,0.0026,0.178,0.0784,-0.0171,0.093,0.896,-0.9884,0.5763,0.7155,-0.7515,0.4298,-0.0055,0.3518,-0.1014,0.7556,-0.6682,0.3577,-0.1,0.7994,0.5656,0.4879,-0.5082,0.0,0.0,1.0656,0.0,0.0,0.0,0.0,0.0,0.0,
7.92,run,1.43,3.72,4.64,3.39,2.04,54.0,0.0,0.0,0.273,2.99,24.26,-18.72,20.13,14.85,1.14,14.68,-25.49,95.19,-3.34,16.52,8.17,12.57,-32.08,132.1,19.78,1.76,21.97,2.98,23.66,-18.51,19.69,13.97,2.11,15.0,-25.08,94.43,-3.28,16.55,8.29,12.19,-29.24,133.24,19.9,2.13,21.27,0.085,0.8847,-0.9825,0.5626,0.7086,-0.7399,0.4287,-0.0014,0.3463,-0.0936,0.7555,-0.6672,0.3483,-0.0772,0.8028,0.5687,0.4932,-0.5144,0.033,0.0,0.0,0.0,0.013,0.0,0.0,0.013,0.013,0.006,0.0,0.006,0.006,0.169,0.149,0.0,0.0,0.006,0.0568,0.4172,-0.3298,0.3482,0.2546,0.0092,0.2546,-0.4479,1.6598,-0.066,0.2823,0.1365,0.2224,-0.5722,2.2964,0.3451,0.023,0.3804,-0.0305,0.0083,-0.0009,0.0003,0.0,0.0745,0.0262,0.055,-0.0187,0.0057,0.0069,0.0767,-0.0203,0.1203,0.0477,0.0285,0.0085,0.0273,0.108,0.0147,0.1895,0.0674,-0.0511,0.0894,0.8936,-0.9878,0.5715,0.7141,-0.7484,0.428,0.0,0.3499,-0.0974,0.7561,-0.6669,0.3532,-0.0883,0.8055,0.567,0.4892,-0.512,0.0,0.0,1.0804,0.0,0.0,0.0,0.0,0.0,0.0,
7.96,run,1.61,3.69,5.12,0.61,-5.87,54.8,0.0,0.0,0.273,3.25,24.26,-18.72,20.04,14.59,1.58,14.68,-25.22,94.92,-3.25,16.52,8.17,12.48,-31.38,132.36,19.78,2.02,21.53,2.99,23.9,-18.36,19.65,14.06,1.92,15.19,-24.85,94.96,-3.37,16.93,8.43,12.15,-28.73,133.85,20.0,2.2,21.49,0.0853,0.889,-0.9807,0.5613,0.7102,-0.7421,0.4339,0.0028,0.3525,-0.0964,0.7623,-0.6655,0.347,-0.0677,0.81,0.5714,0.4945,-0.5119,0.006,0.013,0.006,0.0,0.0,0.0,0.006,0.0,0.006,0.0,0.0,0.006,0.006,0.208,0.084,0.013,0.0,0.0,0.0522,0.4172,-0.3298,0.3482,0.2531,0.0169,0.2546,-0.4479,1.6521,-0.0598,0.2823,0.1396,0.2209,-0.5614,2.304,0.3451,0.0245,0.3804,-0.0386,0.0058,-0.0006,0.0002,-0.0058,0.0809,0.0184,0.0385,-0.0418,0.027,0.0048,0.0652,-0.0199,0.1244,0.0622,0.02,0.0117,0.0191,0.1206,0.0343,0.081,0.0592,0.0356,0.085,0.8847,-0.9825,0.5626,0.7086,-0.7399,0.4287,-0.0014,0.3463,-0.0936,0.7555,-0.6672,0.3483,-0.0772,0.8028,0.5687,0.4932,-0.5144,0.0,0.0,1.0952,0.0,0.0,0.0,0.0,0.0,0.0,
8.0,run,1.76,3.81,2.63,2.37,2.84,55.5,0.0,0.0,0.273,2.55,24.26,-18.72,19.86,14.5,1.93,14.77,-25.22,94.83,-3.25,16.52,8.35,12.3,-30.85,132.45,19.86,2.02,21.53,2.79,23.58,-18.08,19.4,13.64,2.52,15.24,-24.9,94.79,-3.21,16.59,8.52,12.05,-28.15,133.55,20.16,2.22,21.88,0.0797,0.8832,-0.9774,0.5544,0.7025,-0.7351,0.4356,0.0018,0.3505,-0.0918,0.7562,-0.6645,0.3443,-0.0573,0.8065,0.5759,0.4949,-0.5072,0.006,0.013,0.006,0.0,0.0,0.0,0.006,0.0,0.006,0.0,0.0,0.006,0.006,0.208,0.084,0.013,0.0,0.0,0.0568,0.4172,-0.3298,0.3467,0.2485,0.0245,0.2546,-0.4433,1.6475,-0.0583,0.2823,0.1396,0.2194,-0.5492,2.3086,0.3451,0.0291,0.3728,-0.0097,0.0041,-0.0004,-0.0056,-0.0213,0.0854,0.0129,0.0442,-0.0466,0.0246,0.0034,0.0456,-0.0197,0.1331,0.0608,0.014,0.0255,-0.0154,0.1361,0.0317,0.0894,0.0106,-0.1024,0.0853,0.889,-0.9807,0.5613,0.7102,-0.7421,0.4339,0.0028,0.3525,-0.0964,0.7623,-0.6655,0.347,-0.0677,0.81,0.5714,0.4945,-0.5119,0.0,0.0,1.11,0.0,0.0,0.0,0.0,0.0,0.0,
8.04,run,1.89,3.85,2.88,0.15,-2.43,56.2,0.0,0.0,0.273,3.34,24.26,-18.63,19.86,14.41,1.93,14.85,-25.14,94.83,-3.25,16.7,8.35,12.3,-30.41,132.54,19.95,2.02,21.53,2.8,23.67,-17.83,19.34,13.85,2.56,15.39,-24.48,94.85,-3.28,17.0,8.9,11.92,-27.61,133.99,20.15,2.4,21.78,0.08,0.8848,-0.9745,0.5524,0.7064,-0.7346,0.4398,0.0095,0.3512,-0.0937,0.7637,-0.6599,0.3406,-0.0475,0.8116,0.5757,0.4982,-0.5085,0.006,0.013,0.006,0.0,0.0,0.0,0.006,0.0,0.006,0.0,0.0,0.006,0.006,0.208,0.084,0.013,0.0,0.0,0.0445,0.4172,-0.3298,0.3436,0.247,0.0307,0.2562,-0.4433,1.646,-0.0583,0.2823,0.1427,0.2163,-0.54,2.3102,0.3467,0.0291,0.3728,-0.0528,0.0028,-0.0003,-0.0154,-0.0206,0.0828,0.0147,0.0309,-0.0383,0.0173,0.0024,0.0434,-0.0253,0.1277,0.0483,0.0155,0.0178,-0.0108,0.1487,0.0422,0.0458,0.0414,0.0496,0.0797,0.8832,-0.9774,0.5544,0.7025,-0.7351,0.4356,0.0018,0.3505,-0.0918,0.7562,-0.6645,0.3443,-0.0573,0.8065,0.5759,0.4949,-0.5072,0.0,0.0,1.1248,0.0,0.0,0.0,0.0,0.0,0.0,
8.08,run,2.05,3.83,3.55,0.77,-2.49,57.0,0.0,0.0,0.273,2.37,24.08,-18.19,19.86,14.24,2.46,14.85,-25.05,94.83,-3.25,16.7,8.7,12.3,-29.71,132.54,20.04,2.29,21.53,2.68,23.5,-17.75,19.19,13.66,2.76,15.36,-24.57,94.99,-3.17,16.82,8.73,11.85,-27.26,133.94,20.25,2.39,22.05,0.0766,0.8818,-0.9735,0.5483,0.7029,-0.7322,0.4387,0.0078,0.3529,-0.0904,0.7604,-0.662,0.3385,-0.0411,0.8111,0.5786,0.498,-0.5053,0.019,0.013,0.0,0.006,0.013,0.006,0.0,0.006,0.0,0.0,0.0,0.013,0.019,0.169,0.149,0.006,0.006,0.006,0.0583,0.4172,-0.3283,0.3436,0.2454,0.0307,0.2577,-0.4418,1.646,-0.0583,0.2853,0.1427,0.2163,-0.5323,2.3117,0.3482,0.0291,0.3728,0.0149,0.002,0.0056,-0.0108,-0.0202,0.0579,0.0161,0.0274,-0.0268,0.0121,0.0132,0.0304,-0.0177,0.1182,0.0396,0.0166,0.0125,-0.0075,0.1605,0.0453,0.0502,0.0026,-0.0425,0.08,0.8848,-0.9745,0.5524,0.7064,-0.7346,0.4398,0.0095,0.3512,-0.0937,0.7637,-0.6599,0.3406,-0.0475,0.8116,0.5757,0.4982,-0.5085,0.0,0.0,1.1396,0.0,0.0,0.0,0.0,0.0,0.0,
8.12,run,2.15,3.95,3.07,1.51,-0.48,57.7,0.0,0.0,0.273,2.99,23.91,-18.02,19.69,14.15,2.64,15.03,-24.79,94.83,-3.25,16.7,8.88,12.3,-29.18,132.71,20.13,2.29,21.8,2.57,23.22,-17.31,18.98,13.6,3.4,15.43,-24.41,94.64,-3.1,16.85,9.14,11.67,-26.66,133.71,20.27,2.61,22.0,0.0733,0.8767,-0.9683,0.5423,0.7018,-0.7247,0.4409,0.0107,0.3488,-0.0887,0.7609,-0.6571,0.3335,-0.0302,0.8084,0.5791,0.502,-0.5058,0.019,0.013,0.0,0.006,0.013,0.006,0.0,0.006,0.0,0.0,0.0,0.013,0.019,0.169,0.149,0.006,0.006,0.006,0.0414,0.4142,-0.3206,0.3436,0.2424,0.0399,0.2577,-0.4403,1.646,-0.0583,0.2853,0.1488,0.2163,-0.52,2.3117,0.3497,0.0337,0.3728,-0.0527,-0.0101,0.0326,-0.0076,-0.0256,0.075,0.0113,0.0249,-0.0188,0.0085,0.0092,0.0443,-0.0124,0.1287,0.0277,0.0174,0.026,-0.0053,0.1748,0.0437,0.062,0.0134,-0.0434,0.0766,0.8818,-0.9735,0.5483,0.7029,-0.7322,0.4387,0.0078,0.3529,-0.0904,0.7604,-0.662,0.3385,-0.0411,0.8111,0.5786,0.498,-0.5053,0.0,0.0,1.1544,0.0,0.0,0.0,0.0,0.0,0.0,
8.16,run,2.43,4.01,6.95,3.23,-0.88,58.5,0.0,0.0,0.273,2.64,23.91,-17.84,19.25,14.15,2.81,15.03,-24.79,94.83,-3.16,16.7,8.79,11.87,-28.92,132.8,20.13,2.29,21.88,2.51,23.33,-17.2,18.86,13.63,3.53,15.41,-24.11,94.76,-3.04,16.9,9.41,11.56,-26.17,133.94,20.25,2.59,22.09,0.0717,0.8788,-0.967,0.5389,0.7025,-0.7232,0.4404,0.0163,0.3501,-0.0869,0.7619,-0.654,0.3302,-0.0212,0.8111,0.5787,0.5017,-0.5049,0.019,0.013,0.0,0.006,0.013,0.006,0.0,0.006,0.0,0.0,0.0,0.013,0.019,0.169,0.149,0.006,0.006,0.006,0.0522,0.4111,-0.3175,0.3405,0.2408,0.043,0.2608,-0.4357,1.646,-0.0583,0.2853,0.1519,0.2163,-0.5108,2.3148,0.3513,0.0337,0.3774,0.0034,-0.0186,0.0343,-0.0168,-0.0237,0.064,0.0194,0.0347,-0.0131,0.0059,0.0065,0.0425,-0.0087,0.1246,0.0309,0.0179,0.0182,0.0136,0.1832,0.054,0.0536,0.0263,-0.0083,0.0733,0.8767,-0.9683,0.5423,0.7018,-0.7247,0.4409,0.0107,0.3488,-0.0887,0.7609,-0.6571,0.3335,-0.0302,0.8084,0.5791,0.502,-0.5058,0.0,0.0,1.1692,0.0,0.0,0.0,0.0,0.0,0.0,
8.2,run,2.7,4.23,6.86,5.31,6.58,59.2,0.0,0.0,0.273,2.2,23.73,-17.49,19.16,14.15,3.34,15.03,-24.52,94.83,-3.08,16.7,9.05,11.6,-28.04,132.98,20.13,2.46,21.88,2.4,22.99,-16.82,18.58,13.52,4.06,15.44,-23.91,94.37,-2.86,16.74,9.62,11.38,-25.62,133.81,20.26,2.75,21.8,0.0686,0.8726,-0.9626,0.5308,0.7003,-0.7169,0.4413,0.0198,0.3456,-0.0816,0.7588,-0.6515,0.3252,-0.0113,0.8096,0.579,0.5046,-0.5082,0.0,0.019,0.006,0.013,0.013,0.0,0.006,0.013,0.006,0.0,0.0,0.006,0.013,0.143,0.045,0.013,0.0,0.0,0.046,0.4111,-0.3145,0.3329,0.2408,0.046,0.2608,-0.4357,1.646,-0.0568,0.2853,0.1503,0.2086,-0.5062,2.3163,0.3513,0.0337,0.3789,-0.0207,-0.013,0.0356,-0.0406,-0.0166,0.0563,0.0136,0.0243,-0.0092,0.0099,0.0045,0.024,-0.0349,0.1045,0.0274,0.0126,0.0127,0.0153,0.2076,0.0598,0.1214,0.0564,-0.0154,0.0717,0.8788,-0.967,0.5389,0.7025,-0.7232,0.4404,0.0163,0.3501,-0.0869,0.7619,-0.654,0.3302,-0.0212,0.8111,0.5787,0.5017,-0.5049,0.0,0.0,1.184,0.0,0.0,0.0,0.0,0.0,0.0,
8.24,run,2.85,4.3,3.99,1.44,-1.81,59.9,0.0,0.0,0.273,2.9,23.55,-17.23,18.98,14.15,3.6,15.12,-24.08,94.83,-3.16,16.7,9.4,11.43,-27.51,132.98,20.13,2.64,21.88,2.36,22.87,-16.43,18.31,13.63,4.41,15.41,-23.45,94.24,-2.82,16.96,9.97,11.15,-24.95,133.83,20.12,2.86,21.52,0.0674,0.8703,-0.958,0.5233,0.7024,-0.7128,0.4402,0.0283,0.344,-0.0805,0.7629,-0.6475,0.3186,0.0008,0.8098,0.5749,0.5065,-0.5115,0.0,0.019,0.006,0.013,0.013,0.0,0.006,0.013,0.006,0.0,0.0,0.006,0.013,0.143,0.045,0.013,0.0,0.0,0.0383,0.408,-0.3083,0.3313,0.2408,0.0552,0.2608,-0.431,1.646,-0.0552,0.2853,0.1549,0.204,-0.4909,2.3194,0.3513,0.0368,0.3789,-0.0431,-0.0206,0.0478,-0.0341,-0.0116,0.0738,0.0095,0.0342,-0.0064,0.0127,0.0032,0.034,-0.0416,0.1304,0.0306,0.0088,0.0204,0.0107,0.2315,0.0789,0.1197,0.0927,0.1149,0.0686,0.8726,-0.9626,0.5308,0.7003,-0.7169,0.4413,0.0198,0.3456,-0.0816,0.7588,-0.6515,0.3252,-0.0113,0.8096,0.579,0.5046,-0.5082,0.0,0.0,1.1988,0.0,0.0,0.0,0.0,0.0,0.0,
8.28,run,2.95,4.25,1.24,-0.55,-3.71,60.7,0.0,0.0,0.273,1.85,23.38,-16.96,18.63,14.15,4.13,15.12,-24.08,94.75,-2.81,16.7,9.58,11.34,-27.07,132.98,20.13,2.64,21.88,2.2,22.55,-15.91,18.02,13.23,4.93,15.28,-23.49,94.38,-2.63,16.64,10.07,11.02,-24.48,133.25,20.08,2.75,22.06,0.0628,0.8646,-0.9519,0.5148,0.6951,-0.7067,0.4366,0.0275,0.3456,-0.0752,0.7571,-0.6462,0.3149,0.0094,0.803,0.5736,0.5046,-0.5051,0.0,0.019,0.006,0.013,0.013,0.0,0.006,0.013,0.006,0.0,0.0,0.006,0.013,0.143,0.045,0.013,0.0,0.0,0.0506,0.405,-0.3037,0.3283,0.2408,0.0598,0.2623,-0.4234,1.646,-0.0568,0.2853,0.1611,0.201,-0.4817,2.3194,0.3513,0.0399,0.3789,0.016,-0.0259,0.0508,-0.0354,-0.0081,0.069,0.0124,0.0528,-0.0045,0.0031,0.0022,0.0469,-0.0407,0.1259,0.0214,0.0061,0.0258,0.0075,0.2442,0.0844,0.0696,0.0251,-0.0315,0.0674,0.8703,-0.958,0.5233,0.7024,-0.7128,0.4402,0.0283,0.344,-0.0805,0.7629,-0.6475,0.3186,0.0008,0.8098,0.5749,0.5065,-0.5115,0.0,0.0,1.2136,0.0,0.0,0.0,0.0,0.0,0.0,
8.32,run,2.99,4.31,2.8,0.61,-2.74,61.4,0.0,0.0,0.273,2.46,23.03,-16.52,18.37,13.97,4.57,15.12,-23.73,94.66,-2.46,16.7,10.02,11.34,-26.54,132.98,20.13,2.64,21.88,2.1,22.24,-15.45,17.8,13.02,5.24,15.37,-23.49,94.32,-2.57,16.63,10.12,10.91,-24.04,133.03,20.1,2.81,22.09,0.06,0.8588,-0.9465,0.5087,0.6913,-0.703,0.4391,0.0274,0.345,-0.0734,0.757,-0.6457,0.3117,0.0174,0.8004,0.5743,0.5056,-0.5049,0.026,0.013,0.006,0.0,0.013,0.006,0.006,0.0,0.006,0.0,0.0,0.0,0.013,0.169,0.0,0.0,0.006,0.0,0.0322,0.4019,-0.2991,0.3221,0.2408,0.069,0.2623,-0.4234,1.6444,-0.0506,0.2853,0.1641,0.1994,-0.474,2.3194,0.3513,0.0399,0.3789,-0.0579,-0.0297,0.0528,-0.0478,-0.0057,0.0828,0.0087,0.037,-0.0089,0.0252,0.0016,0.0443,-0.0342,0.1169,0.015,0.0043,0.0181,0.0052,0.2527,0.08,0.0216,-0.0095,-0.0647,0.0628,0.8646,-0.9519,0.5148,0.6951,-0.7067,0.4366,0.0275,0.3456,-0.0752,0.7571,-0.6462,0.3149,0.0094,0.803,0.5736,0.5046,-0.5051,0.0,0.0,1.2284,0.0,0.0,0.0,0.0,0.0,0.0,
8.36,run,3.2,4.36,5.01,1.76,-1.98,62.2,0.0,0.0,0.273,2.29,22.85,-16.08,18.02,13.62,5.1,15.12,-23.64,94.66,-2.72,16.7,10.02,11.07,-26.02,132.89,20.04,2.64,21.88,1.99,22.19,-15.23,17.63,12.95,5.6,15.31,-23.09,94.19,-2.45,16.5,10.59,10.76,-23.5,133.02,20.06,2.77,22.1,0.0569,0.8581,-0.9439,0.5036,0.69,-0.6988,0.4376,0.0347,0.3434,-0.0701,0.7546,-0.6401,0.3076,0.0273,0.8003,0.573,0.505,-0.5047,0.026,0.013,0.006,0.0,0.013,0.006,0.006,0.0,0.006,0.0,0.0,0.0,0.013,0.169,0.0,0.0,0.006,0.0,0.043,0.3958,-0.2915,0.3175,0.2378,0.0767,0.2623,-0.4172,1.6429,-0.0445,0.2853,0.1718,0.1994,-0.4648,2.3194,0.3513,0.0399,0.3789,-0.0003,-0.0437,0.0657,-0.0507,-0.0155,0.0867,0.0061,0.0488,-0.012,0.0406,0.0011,0.0597,-0.024,0.1163,0.0105,0.003,0.0126,0.0037,0.2563,0.0856,0.0489,0.0106,-0.0478,0.06,0.8588,-0.9465,0.5087,0.6913,-0.703,0.4391,0.0274,0.345,-0.0734,0.757,-0.6457,0.3117,0.0174,0.8004,0.5743,0.5056,-0.5049,0.0,0.0,1.2432,0.0,0.0,0.0,0.0,0.0,0.0,
8.4,run,3.34,4.46,3.4,2.13,1.48,62.9,0.0,0.0,0.273,1.58,22.68,-15.73,18.02,13.45,5.27,15.12,-23.64,94.57,-2.46,16.7,10.11,10.99,-25.58,132.8,20.04,2.64,21.88,1.88,21.94,-14.75,17.35,12.91,6.01,15.27,-22.75,93.95,-2.31,16.41,10.93,10.57,-22.93,132.78,19.99,2.87,21.99,0.0536,0.8534,-0.9382,0.4957,0.6893,-0.694,0.4364,0.0409,0.3406,-0.066,0.7529,-0.6361,0.302,0.0376,0.7974,0.571,0.5067,-0.506,0.026,0.013,0.006,0.0,0.013,0.006,0.006,0.0,0.006,0.0,0.0,0.0,0.013,0.169,0.0,0.0,0.006,0.0,0.0399,0.3927,-0.2838,0.3114,0.2316,0.0859,0.2623,-0.4157,1.6429,-0.0491,0.2853,0.1718,0.1948,-0.4556,2.3178,0.3497,0.0399,0.3789,-0.0117,-0.0421,0.0747,-0.0585,-0.0338,0.0952,0.0043,0.0399,-0.0084,0.0112,0.0008,0.0418,-0.034,0.1159,0.0016,-0.0036,0.0088,0.0026,0.2746,0.0897,0.0874,0.0307,-0.0346,0.0569,0.8581,-0.9439,0.5036,0.69,-0.6988,0.4376,0.0347,0.3434,-0.0701,0.7546,-0.6401,0.3076,0.0273,0.8003,0.573,0.505,-0.5047,0.0,0.0,1.258,0.0,0.0,0.0,0.0,0.0,0.0,
8.44,run,3.55,4.53,6.35,1.99,-3.22,63.6,0.0,0.0,0.273,2.37,22.5,-15.29,17.67,13.36,5.8,15.12,-23.29,94.31,-2.29,16.7,10.72,10.63,-24.96,132.36,20.04,2.64,21.88,1.84,21.85,-14.4,17.18,13.02,6.14,15.27,-22.54,94.0,-2.32,16.57,11.04,10.43,-22.51,132.71,19.93,2.97,21.87,0.0527,0.8519,-0.9341,0.4909,0.6912,-0.6925,0.4364,0.0448,0.3412,-0.0662,0.7558,-0.6348,0.298,0.0452,0.7966,0.5694,0.5085,-0.5074,0.019,0.013,0.0,0.0,0.006,0.006,0.0,0.019,0.0,0.0,0.0,0.006,0.006,0.175,0.019,0.0,0.006,0.0,0.0276,0.3896,-0.2777,0.3114,0.2286,0.089,0.2623,-0.4157,1.6414,-0.0445,0.2853,0.1733,0.1933,-0.4479,2.3163,0.3497,0.0399,0.3789,-0.0543,-0.041,0.0754,-0.0409,-0.0352,0.0781,0.003,0.0279,-0.0116,0.0251,0.0005,0.035,-0.0296,0.11,-0.0046,-0.0025,0.0062,0.0018,0.2873,0.0984,0.0593,0.0371,0.0259,0.0536,0.8534,-0.9382,0.4957,0.6893,-0.694,0.4364,0.0409,0.3406,-0.066,0.7529,-0.6361,0.302,0.0376,0.7974,0.571,0.5067,-0.506,0.0,0.0,1.2728,0.0,0.0,0.0,0.0,0.0,0.0,
8.48,run,3.87,4.62,6.22,2.1,-1.94,64.4,0.0,0.0,0.273,1.49,22.32,-14.85,17.4,13.36,5.98,15.12,-22.85,94.31,-2.29,16.7,10.81,10.63,-24.43,132.36,20.04,2.81,21.88,1.64,21.3,-13.66,16.75,12.7,6.97,15.07,-22.19,93.54,-2.03,16.1,11.53,10.2,-21.87,131.9,19.78,2.94,21.92,0.047,0.8417,-0.9254,0.4786,0.6854,-0.6827,0.4306,0.051,0.3358,-0.0581,0.7473,-0.629,0.2915,0.057,0.7871,0.565,0.508,-0.5068,0.019,0.013,0.0,0.0,0.006,0.006,0.0,0.019,0.0,0.0,0.0,0.006,0.006,0.175,0.019,0.0,0.006,0.0,0.0414,0.3866,-0.27,0.3053,0.227,0.0982,0.2623,-0.4096,1.6368,-0.0414,0.2853,0.1841,0.1871,-0.4372,2.3086,0.3497,0.0399,0.3789,0.0137,-0.0402,0.0815,-0.0517,-0.0304,0.0892,0.0021,0.0426,-0.0254,0.0291,0.0004,0.0648,-0.0437,0.1172,-0.032,-0.0018,0.0043,0.0013,0.3055,0.1051,0.1109,0.0347,-0.0562,0.0527,0.8519,-0.9341,0.4909,0.6912,-0.6925,0.4364,0.0448,0.3412,-0.0662,0.7558,-0.6348,0.298,0.0452,0.7966,0.5694,0.5085,-0.5074,0.0,0.0,1.2876,0.0,0.0,0.0,0.0,0.0,0.0,
8.52,run,3.99,4.8,4.02,3.05,2.27,65.1,0.0,0.0,0.273,1.58,22.24,-14.5,17.31,13.27,6.24,15.03,-22.76,94.13,-2.29,16.61,11.16,10.37,-23.99,132.19,19.86,2.81,21.88,1.54,21.0,-13.01,16.43,12.69,7.44,14.9,-21.94,93.34,-1.93,16.16,11.62,9.96,-21.37,131.43,19.55,3.0,21.81,0.0439,0.8364,-0.9178,0.4694,0.6853,-0.6772,0.4258,0.0557,0.3335,-0.0552,0.7483,-0.628,0.2845,0.066,0.7815,0.5586,0.5092,-0.5081,0.019,0.013,0.0,0.0,0.006,0.006,0.0,0.019,0.0,0.0,0.0,0.006,0.006,0.175,0.019,0.0,0.006,0.0,0.0261,0.3835,-0.2623,0.3007,0.227,0.1012,0.2623,-0.4019,1.6368,-0.0414,0.2853,0.1856,0.1871,-0.428,2.3086,0.3497,0.043,0.3789,-0.0479,-0.0397,0.0858,-0.0534,-0.0213,0.074,0.0015,0.0586,-0.0178,0.0204,0.0003,0.0511,-0.0306,0.1166,-0.0224,-0.0012,0.0145,0.0009,0.333,0.1123,0.1086,0.0367,-0.0339,0.047,0.8417,-0.9254,0.4786,0.6854,-0.6827,0.4306,0.051,0.3358,-0.0581,0.7473,-0.629,0.2915,0.057,0.7871,0.565,0.508,-0.5068,0.0,0.0,1.3024,0.0,0.0,0.0,0.0,0.0,0.0,
8.56,run,4.24,4.87,6.34,2.3,-1.22,65.9,0.0,0.0,0.273,1.67,21.8,-13.97,16.88,13.18,6.77,15.03,-22.41,93.78,-2.02,16.52,11.51,10.11,-23.29,131.48,19.51,2.81,21.88,1.51,21.04,-12.57,16.22,12.79,7.54,14.76,-21.4,93.45,-1.91,16.22,11.97,9.77,-20.85,131.21,19.35,2.99,21.9,0.0432,0.8371,-0.9126,0.4635,0.6871,-0.676,0.4218,0.0654,0.3347,-0.0547,0.7494,-0.6239,0.2792,0.0755,0.779,0.5528,0.5088,-0.5071,0.0,0.0,0.0,0.006,0.006,0.006,0.006,0.013,0.0,0.006,0.0,0.006,0.013,0.156,0.006,0.006,0.0,0.0,0.0276,0.382,-0.2562,0.2991,0.2255,0.1058,0.2608,-0.4004,1.6337,-0.0414,0.2838,0.1917,0.1825,-0.4203,2.3056,0.3467,0.043,0.3789,-0.0278,-0.0335,0.0831,-0.0431,-0.0206,0.069,-0.0047,0.0467,-0.0239,0.0143,-0.0056,0.0588,-0.0387,0.1104,-0.0272,-0.0124,0.0102,0.0006,0.3435,0.1285,0.0702,0.0532,0.0396,0.0439,0.8364,-0.9178,0.4694,0.6853,-0.6772,0.4258,0.0557,0.3335,-0.0552,0.7483,-0.628,0.2845,0.066,0.7815,0.5586,0.5092,-0.5081,0.0,0.0,1.3172,0.0,0.0,0.0,0.0,0.0,0.0,
8.6,run,4.56,5.06,8.02,4.35,0.38,66.6,0.0,0.0,0.273,1.05,21.45,-13.45,16.52,13.18,7.29,14.85,-22.06,93.69,-1.76,16.52,11.69,9.93,-22.68,131.04,19.51,2.81,21.88,1.27,20.31,-11.5,15.67,12.45,8.49,14.54,-20.98,92.84,-1.61,15.76,12.5,9.5,-20.06,130.23,19.13,2.97,21.86,0.0362,0.8238,-0.9,0.4477,0.6809,-0.6649,0.4155,0.0731,0.3276,-0.0459,0.7411,-0.6177,0.2715,0.0898,0.7675,0.5466,0.5085,-0.5075,0.0,0.0,0.0,0.006,0.006,0.006,0.006,0.013,0.0,0.006,0.0,0.006,0.013,0.156,0.006,0.006,0.0,0.0,0.0291,0.3743,-0.247,0.2915,0.224,0.115,0.2608,-0.3942,1.6276,-0.0368,0.2823,0.1979,0.1779,-0.408,2.2933,0.3405,0.043,0.3789,-0.0137,-0.0522,0.0927,-0.059,-0.0202,0.0829,-0.0033,0.0558,-0.0398,0.0273,-0.0097,0.0642,-0.0443,0.1233,-0.0651,-0.0317,0.0071,0.0004,0.3657,0.1346,0.1106,0.0402,-0.0213,0.0432,0.8371,-0.9126,0.4635,0.6871,-0.676,0.4218,0.0654,0.3347,-0.0547,0.7494,-0.6239,0.2792,0.0755,0.779,0.5528,0.5088,-0.5071,0.0,0.0,1.332,0.0,0.0,0.0,0.0,0.0,0.0,
8.64,run,4.76,5.19,4.37,1.76,-1.54,67.3,0.0,0.0,0.273,1.67,21.45,-12.83,16.44,13.18,7.65,14.77,-21.62,93.6,-1.76,16.52,12.13,9.67,-22.24,130.69,19.07,2.81,21.88,1.11,20.03,-10.7,15.25,12.55,9.03,14.26,-20.45,92.49,-1.48,15.71,12.85,9.2,-19.34,129.68,18.82,2.99,21.79,0.0318,0.8186,-0.8906,0.4356,0.6828,-0.6584,0.4076,0.0828,0.3234,-0.0421,0.7402,-0.6135,0.263,0.1029,0.761,0.5377,0.5089,-0.5083,0.0,0.0,0.0,0.006,0.006,0.006,0.006,0.013,0.0,0.006,0.0,0.006,0.013,0.156,0.006,0.006,0.0,0.0,0.0184,0.3682,-0.2378,0.2853,0.224,0.1243,0.2577,-0.3881,1.626,-0.0322,0.2823,0.201,0.1749,-0.3973,2.2856,0.3405,0.043,0.3789,-0.0498,-0.0596,0.0994,-0.0643,-0.0141,0.0925,-0.0138,0.062,-0.0336,0.0363,-0.0068,0.0564,-0.0425,0.1266,-0.0743,-0.0222,0.005,0.0003,0.3935,0.1511,0.1399,0.0759,0.0066,0.0362,0.8238,-0.9,0.4477,0.6809,-0.6649,0.4155,0.0731,0.3276,-0.0459,0.7411,-0.6177,0.2715,0.0898,0.7675,0.5466,0.5085,-0.5075,0.0,0.0,1.3468,0.0,0.0,0.0,0.0,0.0,0.0,
8.68,run,4.93,5.21,4.05,1.42,-0.58,68.1,0.0,0.0,0.273,0.7,20.92,-12.22,15.91,13.1,8.26,14.41,-21.18,93.16,-1.67,16.26,12.57,9.4,-21.45,129.99,19.07,2.81,21.88,1.01,19.71,-9.8,14.87,12.41,9.43,13.89,-19.94,92.57,-1.34,15.51,13.09,8.96,-18.79,128.82,18.42,2.81,22.17,0.0288,0.8129,-0.88,0.4249,0.6803,-0.6538,0.3968,0.0921,0.3243,-0.0382,0.7365,-0.6107,0.2561,0.1128,0.7508,0.5263,0.5057,-0.5039,0.019,0.006,0.013,0.006,0.013,0.0,0.006,0.019,0.006,0.0,0.013,0.006,0.013,0.163,0.0,0.013,0.0,0.0,0.0291,0.3682,-0.227,0.2838,0.224,0.1304,0.2562,-0.3804,1.6245,-0.0322,0.2823,0.2086,0.1703,-0.3896,2.2795,0.3329,0.043,0.3789,0.0054,-0.0417,0.1098,-0.0508,-0.0099,0.0878,-0.0154,0.0722,-0.0293,0.0254,-0.0047,0.0683,-0.047,0.1174,-0.075,-0.0443,0.0035,0.0002,0.4106,0.1627,0.0762,0.0307,-0.0269,0.0318,0.8186,-0.8906,0.4356,0.6828,-0.6584,0.4076,0.0828,0.3234,-0.0421,0.7402,-0.6135,0.263,0.1029,0.761,0.5377,0.5089,-0.5083,0.0,0.0,1.3616,0.0,0.0,0.0,0.0,0.0,0.0,
8.72,run,5.38,5.52,9.95,5.7,0.53,68.8,0.0,0.0,0.273,1.32,20.3,-11.25,15.29,13.01,9.05,14.41,-20.57,92.81,-1.23,16.0,13.01,9.14,-20.65,129.29,18.37,2.81,21.88,0.82,19.32,-8.56,14.4,12.32,10.43,13.66,-19.22,91.91,-1.21,15.34,13.97,8.66,-17.84,127.68,18.06,2.88,22.44,0.0235,0.8058,-0.8655,0.4113,0.6786,-0.642,0.3904,0.1051,0.3166,-0.0346,0.7335,-0.6003,0.2475,0.1302,0.7374,0.5159,0.5069,-0.5008,0.019,0.006,0.013,0.006,0.013,0.0,0.006,0.019,0.006,0.0,0.013,0.006,0.013,0.163,0.0,0.013,0.0,0.0,0.0123,0.359,-0.2163,0.2746,0.2224,0.1411,0.25,-0.3728,1.6168,-0.0307,0.2777,0.2163,0.1657,-0.3758,2.2672,0.3329,0.043,0.3789,-0.0595,-0.0637,0.1171,-0.07,-0.0127,0.1017,-0.0338,0.0793,-0.0493,0.0235,-0.0206,0.0765,-0.0502,0.1339,-0.0985,-0.031,0.0024,0.0001,0.4255,0.1641,0.0706,0.0249,-0.0101,0.0288,0.8129,-0.88,0.4249,0.6803,-0.6538,0.3968,0.0921,0.3243,-0.0382,0.7365,-0.6107,0.2561,0.1128,0.7508,0.5263,0.5057,-0.5039,0.0,0.0,1.3764,0.0,0.0,0.0,0.0,0.0,0.0,
8.76,run,5.75,5.66,8.02,3.74,-0.86,69.6,0.0,0.0,0.273,0.88,20.13,-10.55,15.03,12.83,9.32,14.06,-20.21,92.81,-1.23,15.82,13.01,9.05,-20.13,128.67,18.37,2.81,21.88,0.55,18.92,-7.42,13.77,12.41,11.25,13.12,-18.08,91.26,-0.92,14.92,14.67,8.24,-16.74,126.88,17.53,2.71,22.41,0.0158,0.7985,-0.852,0.3935,0.6802,-0.6324,0.3747,0.1259,0.3089,-0.0262,0.7258,-0.5921,0.2355,0.1501,0.728,0.5008,0.5039,-0.5011,0.019,0.006,0.013,0.006,0.013,0.0,0.006,0.019,0.006,0.0,0.013,0.006,0.013,0.163,0.0,0.013,0.0,0.0,0.023,0.3482,-0.1994,0.2638,0.2209,0.1549,0.25,-0.362,1.6107,-0.023,0.273,0.224,0.1611,-0.362,2.255,0.3206,0.043,0.3789,-0.0078,-0.0784,0.1352,-0.0829,-0.0137,0.1147,-0.0237,0.0893,-0.0538,0.0406,-0.0289,0.0777,-0.0496,0.1372,-0.1076,-0.0604,0.0017,0.0001,0.465,0.1908,0.1737,0.0995,0.0092,0.0235,0.8058,-0.8655,0.4113,0.6786,-0.642,0.3904,0.1051,0.3166,-0.0346,0.7335,-0.6003,0.2475,0.1302,0.7374,0.5159,0.5069,-0.5008,0.0,0.0,1.3912,0.0,0.0,0.0,0.0,0.0,0.0,
8.8,run,5.9,5.76,4.54,2.17,0.15,70.3,0.0,0.0,0.273,0.35,19.69,-9.67,14.59,12.74,9.93,13.71,-19.78,92.37,-1.23,15.47,13.62,8.61,-19.42,127.88,18.19,2.81,22.15,0.36,18.53,-5.92,13.27,12.57,12.12,12.59,-17.32,90.97,-0.83,14.83,15.17,7.89,-15.81,125.67,16.93,2.73,23.02,0.0102,0.7915,-0.8341,0.379,0.6831,-0.6221,0.3598,0.1397,0.3055,-0.0236,0.7242,-0.5863,0.2254,0.167,0.7138,0.4838,0.5041,-0.4938,0.0,0.013,0.006,0.006,0.0,0.006,0.006,0.026,0.013,0.013,0.013,0.006,0.006,0.182,0.0,0.0,0.0,0.006,0.0153,0.3451,-0.1871,0.2592,0.2178,0.1595,0.2439,-0.3559,1.6107,-0.023,0.27,0.224,0.1595,-0.3528,2.2442,0.3206,0.043,0.3789,-0.034,-0.0663,0.1402,-0.0751,-0.021,0.0974,-0.0394,0.0853,-0.0377,0.0285,-0.0316,0.0544,-0.0404,0.1303,-0.1152,-0.0423,0.0012,0.0001,0.4972,0.2038,0.14,0.0652,-0.015,0.0158,0.7985,-0.852,0.3935,0.6802,-0.6324,0.3747,0.1259,0.3089,-0.0262,0.7258,-0.5921,0.2355,0.1501,0.728,0.5008,0.5039,-0.5011,0.0,0.0,1.406,0.0,0.0,0.0,0.0,0.0,0.0,
8.84,run,6.34,5.94,11.69,4.94,-1.74,71.0,0.0,0.0,0.273,0.7,19.25,-8.7,14.06,12.74,10.81,13.18,-18.98,91.85,-0.79,15.29,14.41,8.17,-18.46,126.91,16.96,2.81,22.41,0.19,18.39,-4.43,12.77,12.62,13.07,12.11,-16.14,90.56,-0.78,14.67,16.21,7.53,-14.6,124.35,16.28,2.59,23.82,0.0055,0.7889,-0.8168,0.3647,0.684,-0.6109,0.3461,0.1612,0.3007,-0.0223,0.7212,-0.574,0.2153,0.1891,0.6982,0.4652,0.5017,-0.4844,0.0,0.013,0.006,0.006,0.0,0.006,0.006,0.026,0.013,0.013,0.013,0.006,0.006,0.182,0.0,0.0,0.0,0.006,0.0061,0.3375,-0.1718,0.2516,0.2163,0.1703,0.2378,-0.3482,1.603,-0.023,0.2638,0.2347,0.1519,-0.3405,2.2304,0.3175,0.043,0.3835,-0.0583,-0.0752,0.1557,-0.0813,-0.0204,0.1084,-0.0506,0.0885,-0.0551,0.0199,-0.0451,0.0783,-0.0571,0.1372,-0.1324,-0.0411,0.0008,0.0173,0.5106,0.2123,0.0793,0.0379,0.0026,0.0102,0.7915,-0.8341,0.379,0.6831,-0.6221,0.3598,0.1397,0.3055,-0.0236,0.7242,-0.5863,0.2254,0.167,0.7138,0.4838,0.5041,-0.4938,0.0,0.0,1.4208,0.0,0.0,0.0,0.0,0.0,0.0,
8.88,run,6.91,6.19,14.8,7.41,-1.49,71.8,0.0,0.0,0.273,-0.18,18.9,-7.56,13.54,12.74,11.78,12.83,-18.11,91.32,-0.53,15.12,15.03,7.91,-17.58,125.95,17.05,2.81,22.85,-0.21,17.74,-2.93,11.97,12.58,14.37,11.36,-14.64,89.54,-0.41,13.98,17.21,7.04,-13.1,123.19,15.52,2.22,24.09,-0.0059,0.7771,-0.7974,0.3419,0.6833,-0.5957,0.3246,0.1903,0.2887,-0.0118,0.7087,-0.5622,0.2011,0.2167,0.6846,0.4435,0.4949,-0.4813,0.0,0.013,0.006,0.006,0.0,0.006,0.006,0.026,0.013,0.013,0.013,0.006,0.006,0.182,0.0,0.0,0.0,0.006,0.0123,0.3298,-0.1549,0.2424,0.2163,0.1856,0.2286,-0.3344,1.5938,-0.0153,0.2608,0.2485,0.1442,-0.3237,2.2135,0.2961,0.043,0.3881,-0.0177,-0.0814,0.1723,-0.0915,-0.0143,0.1335,-0.07,0.1138,-0.0732,0.0428,-0.0431,0.1067,-0.0688,0.1594,-0.1561,-0.1094,0.0006,0.0294,0.5484,0.2276,0.204,0.0863,-0.0303,0.0055,0.7889,-0.8168,0.3647,0.684,-0.6109,0.3461,0.1612,0.3007,-0.0223,0.7212,-0.574,0.2153,0.1891,0.6982,0.4652,0.5017,-0.4844,0.0,0.0,1.4356,0.0,0.0,0.0,0.0,0.0,0.0,
8.92,run,7.45,6.49,13.19,7.06,0.13,72.5,0.0,0.0,0.273,0.09,18.54,-6.24,12.92,12.74,12.66,12.3,-17.14,90.79,-0.97,14.94,16.0,7.47,-16.35,124.8,16.17,2.81,23.38,-0.53,17.42,-1.43,11.25,13.08,15.87,10.52,-13.14,88.6,-0.27,13.86,18.43,6.5,-11.6,121.69,14.53,2.18,25.08,-0.0152,0.7713,-0.7733,0.3213,0.6923,-0.578,0.3006,0.2214,0.2776,-0.0078,0.7066,-0.5479,0.1858,0.2461,0.6664,0.415,0.4942,-0.4696,0.033,0.013,0.006,0.013,0.0,0.013,0.013,0.045,0.013,0.026,0.013,0.006,0.006,0.111,0.0,0.0,0.006,0.006,-0.0031,0.3237,-0.135,0.2332,0.2163,0.2025,0.2224,-0.3191,1.5846,-0.0107,0.2577,0.2592,0.1396,-0.3083,2.1967,0.2976,0.043,0.3958,-0.0699,-0.08,0.1953,-0.0985,-0.01,0.1567,-0.072,0.1371,-0.0857,0.0472,-0.0417,0.1149,-0.0654,0.169,-0.1725,-0.0709,0.0004,0.0493,0.5982,0.2501,0.2583,0.1293,-0.0261,-0.0059,0.7771,-0.7974,0.3419,0.6833,-0.5957,0.3246,0.1903,0.2887,-0.0118,0.7087,-0.5622,0.2011,0.2167,0.6846,0.4435,0.4949,-0.4813,0.0,0.0,1.4504,0.0,0.0,0.0,0.0,0.0,0.0,
8.96,run,8.03,6.77,14.47,7.07,-1.48,73.3,0.0,0.0,0.273,-0.26,18.11,-5.01,12.22,12.74,13.8,11.78,-16.08,90.09,-0.26,14.5,16.88,6.94,-15.03,123.66,15.47,2.55,23.91,-0.8,17.14,0.07,10.42,13.48,17.37,9.44,-11.64,87.87,-0.13,13.61,19.85,5.93,-10.1,120.19,13.28,1.93,26.46,-0.0229,0.7663,-0.7455,0.2978,0.6997,-0.5604,0.2697,0.2609,0.2691,-0.0037,0.7019,-0.5311,0.1694,0.2794,0.6427,0.3793,0.4897,-0.4535,0.033,0.013,0.006,0.013,0.0,0.013,0.013,0.045,0.013,0.026,0.013,0.006,0.006,0.111,0.0,0.0,0.006,0.006,0.0015,0.3175,-0.112,0.2224,0.2163,0.2178,0.2132,-0.3022,1.5754,-0.0184,0.2546,0.2761,0.1319,-0.2869,2.1767,0.2823,0.043,0.405,-0.0316,-0.0791,0.2233,-0.1094,-0.007,0.1674,-0.085,0.1595,-0.0946,0.0041,-0.0407,0.1439,-0.0746,0.1992,-0.1958,-0.1073,0.0003,0.0691,0.6453,0.2757,0.2302,0.1232,0.0023,-0.0152,0.7713,-0.7733,0.3213,0.6923,-0.578,0.3006,0.2214,0.2776,-0.0078,0.7066,-0.5479,0.1858,0.2461,0.6664,0.415,0.4942,-0.4696,0.0,0.0,1.4652,0.0,0.0,0.0,0.0,0.0,0.0,
9.0,run,8.61,6.98,13.49,6.09,-4.42,74.0,0.0,0.0,0.273,-1.05,17.84,-3.6,11.69,12.92,14.85,11.16,-14.94,89.3,0.0,14.15,17.84,6.5,-13.71,122.61,14.85,2.46,24.61,-1.18,16.53,1.57,9.46,13.69,18.87,8.47,-10.14,86.97,0.16,13.17,21.08,5.42,-8.6,118.69,12.19,1.65,27.5,-0.0338,0.755,-0.7157,0.2704,0.7034,-0.5412,0.242,0.2954,0.2585,0.0046,0.694,-0.5167,0.1548,0.3128,0.6215,0.3482,0.4845,-0.4412,0.033,0.013,0.006,0.013,0.0,0.013,0.013,0.045,0.013,0.026,0.013,0.006,0.006,0.111,0.0,0.0,0.006,0.006,-0.0046,0.3099,-0.0905,0.2102,0.2163,0.2378,0.204,-0.2838,1.5631,-0.0061,0.247,0.2915,0.1227,-0.2638,2.1568,0.27,0.0383,0.4142,-0.0452,-0.0842,0.2371,-0.1227,-0.0049,0.1921,-0.0941,0.1808,-0.1124,0.049,-0.0573,0.1584,-0.0868,0.2259,-0.212,-0.1213,-0.0171,0.083,0.6961,0.3001,0.2526,0.1234,-0.0258,-0.0229,0.7663,-0.7455,0.2978,0.6997,-0.5604,0.2697,0.2609,0.2691,-0.0037,0.7019,-0.5311,0.1694,0.2794,0.6427,0.3793,0.4897,-0.4535,0.0,0.0,1.48,0.0,0.0,0.0,0.0,0.0,0.0,
9.04,run,9.36,7.34,18.75,8.26,-5.87,74.7,0.0,0.0,0.273,-0.62,17.4,-2.29,10.81,13.36,16.17,10.46,-13.8,88.51,-0.26,13.89,18.98,5.89,-12.39,121.29,13.71,2.29,25.4,-1.45,15.91,3.07,8.56,13.99,20.37,7.53,-8.64,86.27,0.45,12.95,22.26,4.95,-7.1,117.19,11.12,1.59,28.82,-0.0415,0.7438,-0.6854,0.2446,0.7089,-0.5219,0.2153,0.3265,0.2502,0.0129,0.69,-0.5029,0.1415,0.3402,0.5971,0.3178,0.4834,-0.4256,0.006,0.019,0.013,0.006,0.006,0.013,0.026,0.111,0.006,0.013,0.013,0.006,0.006,0.052,0.006,0.0,0.013,0.013,-0.0184,0.3053,-0.066,0.201,0.2194,0.2562,0.1933,-0.2638,1.5493,-0.0015,0.2408,0.3083,0.115,-0.2408,2.1384,0.2592,0.0368,0.4264,-0.083,-0.076,0.2572,-0.1201,0.008,0.203,-0.1058,0.2008,-0.13,0.0514,-0.063,0.1737,-0.0893,0.2437,-0.2169,-0.1248,-0.0177,0.1038,0.7468,0.3186,0.2354,0.1063,-0.0771,-0.0338,0.755,-0.7157,0.2704,0.7034,-0.5412,0.242,0.2954,0.2585,0.0046,0.694,-0.5167,0.1548,0.3128,0.6215,0.3482,0.4845,-0.4412,0.0,0.0,1.4948,0.0,0.0,0.0,0.0,0.0,0.0,
9.08,run,10.27,7.68,20.44,8.43,-9.24,75.5,0.0,0.0,0.273,-1.76,16.88,-0.97,10.2,13.54,17.49,9.67,-12.57,87.71,0.44,13.45,20.21,5.36,-10.9,119.88,12.74,2.11,26.46,-1.67,15.02,4.57,7.53,14.34,21.87,6.56,-7.14,85.59,0.95,12.44,23.25,4.52,-5.6,115.69,10.15,1.6,29.7,-0.0478,0.7276,-0.6544,0.2151,0.7153,-0.504,0.1875,0.3544,0.2422,0.0271,0.6808,-0.4911,0.129,0.36,0.573,0.2899,0.4836,-0.4153,0.006,0.019,0.013,0.006,0.006,0.013,0.026,0.111,0.006,0.013,0.013,0.006,0.006,0.052,0.006,0.0,0.013,0.013,-0.0107,0.2976,-0.043,0.1856,0.227,0.2792,0.181,-0.2439,1.5355,-0.0061,0.2362,0.3283,0.1043,-0.2178,2.1154,0.2393,0.0337,0.4403,-0.0293,-0.082,0.2663,-0.1416,0.0343,0.2283,-0.1201,0.2153,-0.1428,0.0188,-0.0613,0.1963,-0.1028,0.2569,-0.2381,-0.1621,-0.0239,0.1244,0.8121,0.3503,0.3272,0.1441,-0.1024,-0.0415,0.7438,-0.6854,0.2446,0.7089,-0.5219,0.2153,0.3265,0.2502,0.0129,0.69,-0.5029,0.1415,0.3402,0.5971,0.3178,0.4834,-0.4256,0.0,0.0,1.5096,0.0,0.0,0.0,0.0,0.0,0.0,
9.22,tail,9.08,7.34,-10.01,-3.31,10.59,,0.0,0.0,0.273,-0.97,16.52,0.88,9.4,13.01,18.54,8.96,-13.89,87.1,0.62,13.27,22.15,5.01,-10.02,117.86,11.34,2.2,27.77,,,,,,,,,,,,,,,,,,,,,,,,,,,,,,,,,,,,,0.0,0.0,0.0,0.0,0.0,0.0,0.0,0.0,0.0,0.0,0.0,0.0,0.0,0.0,0.0,0.0,0.0,0.0,,,,,,,,,,,,,,,,,,,,,,,,,,,,,,,,,,,,,,,,,,,,,,,,,,,,,,,,,,,,,,,,,,,,,
9.32,tail,6.8,6.27,-18.98,-9.03,-0.86,,0.0,0.0,0.273,-1.05,16.52,0.97,9.4,13.71,18.28,8.96,-18.9,87.1,0.44,13.27,22.24,5.01,-14.06,118.21,11.34,2.2,27.77,,,,,,,,,,,,,,,,,,,,,,,,,,,,,,,,,,,,,0.0,0.0,0.0,0.0,0.0,0.0,0.0,0.0,0.0,0.0,0.0,0.0,0.0,0.0,0.0,0.0,0.0,0.0,,,,,,,,,,,,,,,,,,,,,,,,,,,,,,,,,,,,,,,,,,,,,,,,,,,,,,,,,,,,,,,,,,,,,
9.42,tail,3.85,5.11,-24.75,-9.81,4.28,,0.0,0.0,0.273,-1.05,16.52,0.97,9.4,13.8,18.28,8.96,-22.06,87.1,0.44,13.27,22.24,5.01,-20.21,118.3,11.34,2.2,27.77,,,,,,,,,,,,,,,,,,,,,,,,,,,,,,,,,,,,,0.0,0.0,0.0,0.0,0.0,0.0,0.0,0.0,0.0,0.0,0.0,0.0,0.0,0.0,0.0,0.0,0.0,0.0,,,,,,,,,,,,,,,,,,,,,,,,,,,,,,,,,,,,,,,,,,,,,,,,,,,,,,,,,,,,,,,,,,,,,
9.52,tail,-4.45,1.26,-59.76,-28.29,-5.07,,0.0,0.0,0.273,-1.05,16.52,0.97,9.23,13.8,18.37,8.96,-23.03,87.1,0.44,13.27,22.24,5.01,-29.53,118.04,11.25,2.2,27.77,,,,,,,,,,,,,,,,,,,,,,,,,,,,,,,,,,,,,0.0,0.0,0.0,0.0,0.0,0.0,0.0,0.0,0.0,0.0,0.0,0.0,0.0,0.0,0.0,0.0,0.0,0.0,,,,,,,,,,,,,,,,,,,,,,,,,,,,,,,,,,,,,,,,,,,,,,,,,,,,,,,,,,,,,,,,,,,,,
9.62,tail,-4.42,1.32,-0.57,0.26,-0.83,,0.0,0.0,0.273,-1.14,16.61,1.05,9.05,13.89,18.37,8.88,-23.12,87.1,0.35,13.36,22.41,4.83,-38.67,118.04,11.16,2.2,27.77,,,,,,,,,,,,,,,,,,,,,,,,,,,,,,,,,,,,,0.0,0.0,0.0,0.0,0.0,0.0,0.0,0.0,0.0,0.0,0.0,0.0,0.0,0.0,0.0,0.0,0.0,0.0,,,,,,,,,,,,,,,,,,,,,,,,,,,,,,,,,,,,,,,,,,,,,,,,,,,,,,,,,,,,,,,,,,,,,
9.72,tail,-4.33,1.33,-0.07,-0.23,-0.53,,0.0,0.0,0.273,-1.23,16.61,0.97,9.05,13.97,18.37,8.88,-23.12,87.1,0.35,13.36,22.41,4.83,-38.06,118.04,11.16,2.2,27.77,,,,,,,,,,,,,,,,,,,,,,,,,,,,,,,,,,,,,0.0,0.0,0.0,0.0,0.0,0.0,0.0,0.0,0.0,0.0,0.0,0.0,0.0,0.0,0.0,0.0,0.0,0.0,,,,,,,,,,,,,,,,,,,,,,,,,,,,,,,,,,,,,,,,,,,,,,,,,,,,,,,,,,,,,,,,,,,,,
9.82,tail,-4.23,1.37,0.04,0.04,-0.04,,0.0,0.0,0.273,-1.14,16.61,0.97,9.05,13.97,18.37,8.88,-23.12,87.1,0.35,13.36,22.41,4.83,-37.88,117.95,11.16,2.2,27.77,,,,,,,,,,,,,,,,,,,,,,,,,,,,,,,,,,,,,0.0,0.0,0.0,0.0,0.0,0.0,0.0,0.0,0.0,0.0,0.0,0.0,0.0,0.0,0.0,0.0,0.0,0.0,,,,,,,,,,,,,,,,,,,,,,,,,,,,,,,,,,,,,,,,,,,,,,,,,,,,,,,,,,,,,,,,,,,,,
9.92,tail,-4.16,1.41,-0.1,-0.03,0.09,,0.0,0.0,0.273,-1.14,16.61,0.97,9.05,13.97,18.37,8.88,-23.12,87.1,0.35,13.36,22.41,4.83,-37.88,117.95,11.16,2.2,27.77,,,,,,,,,,,,,,,,,,,,,,,,,,,,,,,,,,,,,0.0,0.0,0.0,0.0,0.0,0.0,0.0,0.0,0.0,0.0,0.0,0.0,0.0,0.0,0.0,0.0,0.0,0.0,,,,,,,,,,,,,,,,,,,,,,,,,,,,,,,,,,,,,,,,,,,,,,,,,,,,,,,,,,,,,,,,,,,,,
10.02,tail,-4.09,1.45,-0.13,0.02,0.06,,0.0,0.0,0.273,-1.14,16.61,0.97,9.05,13.97,18.37,8.88,-23.12,87.1,0.35,13.36,22.41,4.83,-37.88,117.95,11.16,2.2,27.77,,,,,,,,,,,,,,,,,,,,,,,,,,,,,,,,,,,,,0.0,0.0,0.0,0.0,0.0,0.0,0.0,0.0,0.0,0.0,0.0,0.0,0.0,0.0,0.0,0.0,0.0,0.0,,,,,,,,,,,,,,,,,,,,,,,,,,,,,,,,,,,,,,,,,,,,,,,,,,,,,,,,,,,,,,,,,,,,,
10.12,tail,-4.0,1.49,-0.03,-0.0,0.07,,0.0,0.0,0.273,-1.14,16.61,0.97,9.05,13.97,18.37,8.88,-23.12,87.1,0.35,13.36,22.41,4.83,-37.88,117.95,11.16,2.2,27.77,,,,,,,,,,,,,,,,,,,,,,,,,,,,,,,,,,,,,0.0,0.0,0.0,0.0,0.0,0.0,0.0,0.0,0.0,0.0,0.0,0.0,0.0,0.0,0.0,0.0,0.0,0.0,,,,,,,,,,,,,,,,,,,,,,,,,,,,,,,,,,,,,,,,,,,,,,,,,,,,,,,,,,,,,,,,,,,,,
10.22,tail,-3.93,1.53,-0.07,-0.0,0.0,,0.0,0.0,0.273,-1.14,16.61,0.97,9.05,13.97,18.37,8.88,-23.12,87.1,0.35,13.36,22.41,4.83,-37.88,117.95,11.16,2.2,27.77,,,,,,,,,,,,,,,,,,,,,,,,,,,,,,,,,,,,,0.0,0.0,0.0,0.0,0.0,0.0,0.0,0.0,0.0,0.0,0.0,0.0,0.0,0.0,0.0,0.0,0.0,0.0,,,,,,,,,,,,,,,,,,,,,,,,,,,,,,,,,,,,,,,,,,,,,,,,,,,,,,,,,,,,,,,,,,,,,
10.32,tail,-3.85,1.57,-0.05,0.05,0.0,,0.0,0.0,0.273,-1.14,16.61,0.97,9.05,13.97,18.37,8.88,-23.12,87.1,0.35,13.36,22.41,4.83,-37.88,117.95,11.16,2.2,27.77,,,,,,,,,,,,,,,,,,,,,,,,,,,,,,,,,,,,,0.0,0.0,0.0,0.0,0.0,0.0,0.0,0.0,0.0,0.0,0.0,0.0,0.0,0.0,0.0,0.0,0.0,0.0,,,,,,,,,,,,,,,,,,,,,,,,,,,,,,,,,,,,,,,,,,,,,,,,,,,,,,,,,,,,,,,,,,,,,
10.42,tail,-3.77,1.61,0.01,0.03,0.06,,0.0,0.0,0.273,-1.14,16.61,0.97,9.05,13.97,18.37,8.88,-23.12,87.1,0.35,13.36,22.41,4.83,-37.88,117.95,11.16,2.2,27.77,,,,,,,,,,,,,,,,,,,,,,,,,,,,,,,,,,,,,0.0,0.0,0.0,0.0,0.0,0.0,0.0,0.0,0.0,0.0,0.0,0.0,0.0,0.0,0.0,0.0,0.0,0.0,,,,,,,,,,,,,,,,,,,,,,,,,,,,,,,,,,,,,,,,,,,,,,,,,,,,,,,,,,,,,,,,,,,,,
10.52,tail,-3.7,1.65,-0.03,0.07,0.09,,0.0,0.0,0.273,-1.14,16.61,0.97,9.05,13.97,18.37,8.88,-23.12,87.1,0.35,13.36,22.41,4.83,-37.88,117.95,11.16,2.2,27.77,,,,,,,,,,,,,,,,,,,,,,,,,,,,,,,,,,,,,0.0,0.0,0.0,0.0,0.0,0.0,0.0,0.0,0.0,0.0,0.0,0.0,0.0,0.0,0.0,0.0,0.0,0.0,,,,,,,,,,,,,,,,,,,,,,,,,,,,,,,,,,,,,,,,,,,,,,,,,,,,,,,,,,,,,,,,,,,,,
10.62,tail,-3.62,1.69,0.04,0.07,0.08,,0.0,0.0,0.273,-1.14,16.61,0.97,9.05,13.97,18.37,8.88,-23.12,87.1,0.35,13.36,22.41,4.83,-37.88,117.95,11.16,2.2,27.77,,,,,,,,,,,,,,,,,,,,,,,,,,,,,,,,,,,,,0.0,0.0,0.0,0.0,0.0,0.0,0.0,0.0,0.0,0.0,0.0,0.0,0.0,0.0,0.0,0.0,0.0,0.0,,,,,,,,,,,,,,,,,,,,,,,,,,,,,,,,,,,,,,,,,,,,,,,,,,,,,,,,,,,,,,,,,,,,,
10.72,tail,-3.55,1.73,-0.05,0.0,0.03,,0.0,0.0,0.273,-1.14,16.61,0.97,9.05,13.97,18.37,8.88,-23.12,87.1,0.35,13.36,22.41,4.83,-37.88,117.95,11.16,2.2,27.77,,,,,,,,,,,,,,,,,,,,,,,,,,,,,,,,,,,,,0.0,0.0,0.0,0.0,0.0,0.0,0.0,0.0,0.0,0.0,0.0,0.0,0.0,0.0,0.0,0.0,0.0,0.0,,,,,,,,,,,,,,,,,,,,,,,,,,,,,,,,,,,,,,,,,,,,,,,,,,,,,,,,,,,,,,,,,,,,,
10.82,tail,-3.48,1.76,-0.04,0.0,0.06,,0.0,0.0,0.273,-1.14,16.61,0.97,9.05,13.97,18.37,8.88,-23.12,87.1,0.35,13.36,22.41,4.83,-37.88,117.95,11.16,2.2,27.77,,,,,,,,,,,,,,,,,,,,,,,,,,,,,,,,,,,,,0.0,0.0,0.0,0.0,0.0,0.0,0.0,0.0,0.0,0.0,0.0,0.0,0.006,0.0,0.0,0.0,0.0,0.0,,,,,,,,,,,,,,,,,,,,,,,,,,,,,,,,,,,,,,,,,,,,,,,,,,,,,,,,,,,,,,,,,,,,,
10.92,tail,-3.41,1.78,-0.05,-0.07,0.02,,0.0,0.0,0.273,-1.14,16.61,0.97,9.05,13.97,18.37,8.88,-23.12,87.1,0.35,13.36,22.41,4.83,-37.88,117.95,11.16,2.2,27.77,,,,,,,,,,,,,,,,,,,,,,,,,,,,,,,,,,,,,0.0,0.0,0.0,0.0,0.0,0.0,0.0,0.0,0.0,0.0,0.0,0.0,0.0,0.0,0.0,0.0,0.0,0.0,,,,,,,,,,,,,,,,,,,,,,,,,,,,,,,,,,,,,,,,,,,,,,,,,,,,,,,,,,,,,,,,,,,,,
11.02,tail,-3.35,1.83,-0.07,0.09,-0.01,,0.0,0.0,0.273,-1.14,16.61,0.97,9.05,13.97,18.37,8.88,-23.12,87.1,0.35,13.36,22.41,4.83,-37.88,117.95,11.16,2.2,27.77,,,,,,,,,,,,,,,,,,,,,,,,,,,,,,,,,,,,,0.0,0.0,0.0,0.0,0.0,0.0,0.0,0.0,0.0,0.0,0.0,0.0,0.0,0.0,0.0,0.0,0.0,0.0,,,,,,,,,,,,,,,,,,,,,,,,,,,,,,,,,,,,,,,,,,,,,,,,,,,,,,,,,,,,,,,,,,,,,
11.12,tail,-3.28,1.86,0.01,0.01,0.03,,0.0,0.0,0.273,-1.14,16.61,0.97,9.05,13.97,18.37,8.88,-23.12,87.1,0.35,13.36,22.41,4.83,-37.88,117.95,11.16,2.2,27.77,,,,,,,,,,,,,,,,,,,,,,,,,,,,,,,,,,,,,0.0,0.0,0.0,0.0,0.0,0.0,0.0,0.0,0.0,0.0,0.0,0.0,0.0,0.0,0.0,0.0,0.0,0.0,,,,,,,,,,,,,,,,,,,,,,,,,,,,,,,,,,,,,,,,,,,,,,,,,,,,,,,,,,,,,,,,,,,,,
11.22,tail,-3.21,1.89,-0.05,-0.01,0.05,,0.0,0.0,0.273,-1.14,16.61,0.97,9.05,13.97,18.37,8.88,-23.12,87.1,0.35,13.36,22.41,4.83,-37.88,117.95,11.16,2.2,27.77,,,,,,,,,,,,,,,,,,,,,,,,,,,,,,,,,,,,,0.0,0.0,0.0,0.0,0.0,0.0,0.0,0.0,0.0,0.0,0.0,0.0,0.0,0.0,0.0,0.0,0.0,0.0,,,,,,,,,,,,,,,,,,,,,,,,,,,,,,,,,,,,,,,,,,,,,,,,,,,,,,,,,,,,,,,,,,,,,
11.32,tail,-3.16,1.93,-0.05,0.05,0.04,,0.0,0.0,0.273,-1.14,16.61,0.97,9.05,13.97,18.37,8.88,-23.12,87.1,0.35,13.36,22.41,4.83,-37.88,117.95,11.16,2.2,27.77,,,,,,,,,,,,,,,,,,,,,,,,,,,,,,,,,,,,,0.0,0.0,0.0,0.0,0.0,0.0,0.0,0.0,0.0,0.0,0.0,0.0,0.0,0.0,0.0,0.0,0.0,0.0,,,,,,,,,,,,,,,,,,,,,,,,,,,,,,,,,,,,,,,,,,,,,,,,,,,,,,,,,,,,,,,,,,,,,
11.42,tail,-3.09,1.96,-0.01,0.03,0.03,,0.0,0.0,0.273,-1.14,16.61,0.97,9.05,13.97,18.37,8.88,-23.12,87.1,0.35,13.36,22.41,4.83,-37.88,117.95,11.16,2.2,27.77,,,,,,,,,,,,,,,,,,,,,,,,,,,,,,,,,,,,,0.0,0.0,0.0,0.0,0.0,0.0,0.0,0.0,0.0,0.0,0.0,0.0,0.0,0.0,0.0,0.0,0.0,0.0,,,,,,,,,,,,,,,,,,,,,,,,,,,,,,,,,,,,,,,,,,,,,,,,,,,,,,,,,,,,,,,,,,,,,
11.52,tail,-3.03,1.99,-0.04,0.01,0.06,,0.0,0.0,0.273,-1.14,16.61,0.97,9.05,13.97,18.37,8.88,-23.12,87.1,0.35,13.36,22.41,4.83,-37.88,117.95,11.16,2.2,27.77,,,,,,,,,,,,,,,,,,,,,,,,,,,,,,,,,,,,,0.0,0.0,0.0,0.0,0.0,0.0,0.0,0.0,0.0,0.0,0.0,0.0,0.0,0.0,0.0,0.0,0.0,0.0,,,,,,,,,,,,,,,,,,,,,,,,,,,,,,,,,,,,,,,,,,,,,,,,,,,,,,,,,,,,,,,,,,,,,
11.62,tail,-2.97,2.03,-0.05,0.05,0.09,,0.0,0.0,0.273,-1.14,16.61,0.97,9.05,13.97,18.37,8.88,-23.12,87.1,0.35,13.36,22.41,4.83,-37.88,117.95,11.16,2.2,27.77,,,,,,,,,,,,,,,,,,,,,,,,,,,,,,,,,,,,,0.0,0.0,0.0,0.0,0.0,0.0,0.0,0.0,0.0,0.0,0.0,0.0,0.0,0.0,0.0,0.0,0.0,0.0,,,,,,,,,,,,,,,,,,,,,,,,,,,,,,,,,,,,,,,,,,,,,,,,,,,,,,,,,,,,,,,,,,,,,
11.72,tail,-2.92,2.05,-0.04,0.01,0.05,,0.0,0.0,0.273,-1.14,16.61,0.97,9.05,13.97,18.37,8.88,-23.12,87.1,0.35,13.36,22.41,4.83,-37.88,117.95,11.16,2.2,27.77,,,,,,,,,,,,,,,,,,,,,,,,,,,,,,,,,,,,,0.0,0.0,0.0,0.0,0.0,0.0,0.0,0.0,0.0,0.0,0.0,0.0,0.0,0.0,0.0,0.0,0.0,0.0,,,,,,,,,,,,,,,,,,,,,,,,,,,,,,,,,,,,,,,,,,,,,,,,,,,,,,,,,,,,,,,,,,,,,
11.82,tail,-2.86,2.09,-0.05,0.08,0.04,,0.0,0.0,0.273,-1.14,16.61,0.97,9.05,13.97,18.37,8.88,-23.12,87.1,0.35,13.36,22.41,4.83,-37.88,117.95,11.16,2.2,27.77,,,,,,,,,,,,,,,,,,,,,,,,,,,,,,,,,,,,,0.0,0.0,0.0,0.0,0.0,0.0,0.0,0.0,0.0,0.0,0.0,0.0,0.0,0.0,0.006,0.0,0.0,0.0,,,,,,,,,,,,,,,,,,,,,,,,,,,,,,,,,,,,,,,,,,,,,,,,,,,,,,,,,,,,,,,,,,,,,
11.92,tail,-2.81,2.12,-0.07,-0.03,0.02,,0.0,0.0,0.273,-1.14,16.61,0.97,9.05,13.97,18.37,8.88,-23.12,87.1,0.35,13.36,22.41,4.83,-37.88,117.95,11.16,2.2,27.77,,,,,,,,,,,,,,,,,,,,,,,,,,,,,,,,,,,,,0.0,0.0,0.0,0.0,0.0,0.0,0.0,0.0,0.0,0.0,0.0,0.0,0.0,0.0,0.0,0.0,0.0,0.0,,,,,,,,,,,,,,,,,,,,,,,,,,,,,,,,,,,,,,,,,,,,,,,,,,,,,,,,,,,,,,,,,,,,,
12.02,tail,-2.75,2.14,-0.04,0.0,0.04,,0.0,0.0,0.273,-1.14,16.61,0.97,9.05,13.97,18.37,8.88,-23.12,87.1,0.35,13.36,22.41,4.83,-37.88,117.95,11.16,2.2,27.77,,,,,,,,,,,,,,,,,,,,,,,,,,,,,,,,,,,,,0.0,0.0,0.0,0.0,0.0,0.0,0.0,0.0,0.0,0.0,0.0,0.0,0.0,0.0,0.0,0.0,0.0,0.0,,,,,,,,,,,,,,,,,,,,,,,,,,,,,,,,,,,,,,,,,,,,,,,,,,,,,,,,,,,,,,,,,,,,,
12.12,tail,-2.7,2.17,-0.03,0.0,0.03,,0.0,0.0,0.273,-1.14,16.61,0.97,9.05,13.97,18.37,8.88,-23.12,87.1,0.35,13.36,22.41,4.83,-37.88,117.95,11.16,2.2,27.77,,,,,,,,,,,,,,,,,,,,,,,,,,,,,,,,,,,,,0.0,0.0,0.0,0.0,0.0,0.0,0.0,0.0,0.0,0.0,0.0,0.0,0.0,0.0,0.0,0.0,0.0,0.0,,,,,,,,,,,,,,,,,,,,,,,,,,,,,,,,,,,,,,,,,,,,,,,,,,,,,,,,,,,,,,,,,,,,,
