t_s,phase,roll_deg,pitch_deg,gyro_x_dps,gyro_y_dps,gyro_z_dps,height_ref_mm,vx_ref_mps,vy_ref_mps,max_cur_a,q0_deg,q1_deg,q2_deg,q3_deg,q4_deg,q5_deg,q6_deg,q7_deg,q8_deg,q9_deg,q10_deg,q11_deg,q12_deg,q13_deg,q14_deg,q15_deg,q16_deg,q17_deg,cmd0_deg,cmd1_deg,cmd2_deg,cmd3_deg,cmd4_deg,cmd5_deg,cmd6_deg,cmd7_deg,cmd8_deg,cmd9_deg,cmd10_deg,cmd11_deg,cmd12_deg,cmd13_deg,cmd14_deg,cmd15_deg,cmd16_deg,cmd17_deg,act0,act1,act2,act3,act4,act5,act6,act7,act8,act9,act10,act11,act12,act13,act14,act15,act16,act17,cur0_a,cur1_a,cur2_a,cur3_a,cur4_a,cur5_a,cur6_a,cur7_a,cur8_a,cur9_a,cur10_a,cur11_a,cur12_a,cur13_a,cur14_a,cur15_a,cur16_a,cur17_a,obs0,obs1,obs2,obs3,obs4,obs5,obs6,obs7,obs8,obs9,obs10,obs11,obs12,obs13,obs14,obs15,obs16,obs17,obs18,obs19,obs20,obs21,obs22,obs23,obs24,obs25,obs26,obs27,obs28,obs29,obs30,obs31,obs32,obs33,obs34,obs35,obs36,obs37,obs38,obs39,obs40,obs41,obs42,obs43,obs44,obs45,obs46,obs47,obs48,obs49,obs50,obs51,obs52,obs53,obs54,obs55,obs56,obs57,obs58,obs59,obs60,obs61,obs62,obs63,obs64,obs65,obs66,obs67,rot60_k
0.0,run,0.31,3.62,0.03,0.0,0.22,0.0,0.0,0.0,0.019,0.09,0.35,0.09,0.18,0.0,0.09,0.18,0.09,0.35,-0.09,0.44,0.0,-0.09,0.53,0.0,0.0,0.44,0.26,-0.02,-1.15,1.59,1.68,-0.79,1.59,1.68,-1.41,1.85,-1.59,1.94,1.5,1.41,-1.15,1.5,1.5,-0.98,1.76,-0.0006,0.3353,-0.0824,0.1325,0.4402,-0.3147,0.1651,-0.0815,-0.1993,-0.2262,0.5742,-0.0816,0.07,-0.0301,-0.2534,0.4157,0.4366,-0.1761,0.0,0.0,0.0,0.0,0.0,0.006,0.0,0.013,0.0,0.013,0.006,0.006,0.006,0.019,0.013,0.006,0.006,0.0,0.0,0.0,0.0,0.0,0.0,0.0,0.0,0.0,0.0,0.0,0.0,0.0,0.0,0.0031,0.0,0.0,0.0,0.0,0.0,0.0,0.0,0.0,0.0,0.0,0.0,0.0,0.0,0.0,0.0,0.0,0.0,0.0075,0.0,0.0,0.0,0.0,0.0,0.0,-0.0019,-0.0009,0.0007,0.0,0.0,0.0,0.0,0.0,0.0,0.0,0.0,0.0,0.0,0.0,0.0,0.0,0.0,0.0,0.0,0.0,0.0,0.0,0.0,0.0,0.0,0.0,0.0,0.0,0.0,0.0,
0.04,run,0.32,3.62,0.1,0.11,-0.32,0.0,0.0,0.0,0.019,0.09,0.35,0.09,0.18,0.0,0.26,0.18,0.0,0.44,-0.18,0.62,0.18,0.0,0.35,0.09,0.0,0.44,0.35,-0.43,0.35,3.09,3.18,0.71,3.09,3.18,-2.91,3.35,-2.16,3.44,3.0,2.91,-2.65,3.0,3.0,0.52,3.26,-0.0124,0.5487,-0.2843,0.166,0.5628,-0.4399,0.1797,0.1642,-0.1634,-0.0618,0.619,-0.3994,0.1386,0.1344,-0.0201,0.3336,0.5782,-0.5133,0.0,0.0,0.0,0.0,0.0,0.006,0.0,0.013,0.0,0.013,0.006,0.006,0.006,0.019,0.013,0.006,0.006,0.0,0.0,0.0,0.0,0.0,0.0,0.0,0.0,0.0,0.0,0.0,0.0,0.0,0.0,0.0031,0.0,0.0,0.0,0.0,0.0,0.0,0.0,0.0,0.0,0.0,0.0,0.0,0.0,0.0,0.0,0.0,0.0,0.0053,0.0,0.0,0.0,0.0,0.0006,-0.0001,0.0005,0.0001,0.0038,-0.0006,0.3353,-0.0824,0.1325,0.4402,-0.3147,0.1651,-0.0815,-0.1993,-0.2262,0.5742,-0.0816,0.07,-0.0301,-0.2534,0.4157,0.4366,-0.1761,0.0,0.0,0.0,0.0,0.0,0.0,0.0,0.0,0.0,
0.08,run,0.31,3.59,-0.02,0.09,0.88,0.0,0.0,0.0,0.019,-0.09,0.09,0.7,0.26,-0.26,0.79,0.26,-0.7,0.88,-1.14,1.14,0.7,0.7,-0.35,0.7,0.88,0.26,0.88,-0.27,1.85,4.59,4.68,2.21,4.59,4.68,-4.41,4.85,-0.66,4.94,4.5,4.41,-4.15,4.5,4.5,2.02,4.76,-0.0078,0.614,-0.3731,0.1932,0.6371,-0.4828,0.2039,0.1717,-0.0779,-0.018,0.6356,-0.4583,0.165,0.1708,-0.0622,0.2862,0.5579,-0.5067,0.0,0.0,0.0,0.0,0.0,0.006,0.0,0.013,0.0,0.013,0.006,0.006,0.006,0.019,0.013,0.006,0.006,0.0,0.0,0.0,0.0,0.0,0.0,0.0031,0.0,-0.0015,0.0015,-0.0015,0.0031,0.0031,0.0015,0.0,0.0015,0.0,0.0,0.0015,0.0,0.0,0.0,0.0,0.0,0.0116,0.0,-0.0058,0.0058,-0.0058,0.0116,0.0116,0.0058,-0.008,0.0058,0.0,0.0,0.0058,0.0018,0.0001,0.0017,0.0019,-0.0056,-0.0124,0.5487,-0.2843,0.166,0.5628,-0.4399,0.1797,0.1642,-0.1634,-0.0618,0.619,-0.3994,0.1386,0.1344,-0.0201,0.3336,0.5782,-0.5133,0.0,0.0,0.0,0.0,0.0,0.0,0.0,0.0,0.0,
0.12,run,0.31,3.58,-0.8,-0.61,0.55,0.0,0.0,0.0,0.033,-0.62,-0.18,1.41,1.32,-0.26,1.85,1.41,-1.41,1.14,-1.76,1.93,1.85,1.58,-1.23,1.85,1.93,0.09,1.58,-0.37,3.35,6.09,6.18,3.71,6.09,6.18,-5.91,6.35,-0.03,6.44,6.0,5.35,-5.65,6.0,6.0,3.52,6.26,-0.0104,0.5948,-0.3872,0.1799,0.6343,-0.4948,0.1996,0.1684,-0.0986,-0.0008,0.6308,-0.4777,0.153,0.1823,-0.1088,0.2786,0.5758,-0.5338,0.006,0.006,0.013,0.013,0.0,0.013,0.019,0.033,0.033,0.006,0.0,0.013,0.019,0.026,0.013,0.013,0.0,0.013,-0.0031,-0.0046,0.0107,0.0015,-0.0046,0.0123,0.0015,-0.0138,0.0092,-0.0184,0.0123,0.0123,0.0138,-0.0123,0.0123,0.0153,-0.0031,0.0107,-0.0113,-0.017,0.0397,0.0057,-0.017,0.0422,0.0057,-0.0495,0.0324,-0.0665,0.0422,0.0422,0.0495,-0.0509,0.0438,0.0567,-0.0113,0.0381,0.0009,-0.0029,-0.0004,0.0015,0.0154,-0.0078,0.614,-0.3731,0.1932,0.6371,-0.4828,0.2039,0.1717,-0.0779,-0.018,0.6356,-0.4583,0.165,0.1708,-0.0622,0.2862,0.5579,-0.5067,0.0,0.0,0.0,0.0,0.0,0.0,0.0,0.0,0.0,
0.16,run,0.28,3.62,-0.19,0.26,-0.37,0.0,0.0,0.0,0.033,-0.44,-0.09,2.46,2.46,-0.09,2.99,2.46,-2.64,2.29,-1.58,2.99,2.9,2.72,-2.37,2.99,2.81,0.18,2.64,-0.93,4.85,7.59,5.65,5.21,7.59,6.16,-7.41,7.85,0.29,7.59,7.5,4.08,-7.15,7.5,7.5,5.02,7.76,-0.0267,0.5543,-0.4058,0.1615,0.5912,-0.5059,0.1761,0.1923,-0.182,0.0083,0.5926,-0.4958,0.1167,0.2042,-0.2375,0.2715,0.5739,-0.5886,0.006,0.006,0.013,0.013,0.0,0.013,0.019,0.033,0.033,0.006,0.0,0.013,0.019,0.026,0.013,0.013,0.0,0.013,-0.0123,-0.0092,0.023,0.0199,-0.0046,0.0307,0.0215,-0.0261,0.0138,-0.0291,0.0261,0.0322,0.0291,-0.0276,0.0322,0.0337,-0.0061,0.023,-0.0423,-0.0291,0.0736,0.0727,-0.0119,0.0983,0.0784,-0.0804,0.0399,-0.0866,0.0811,0.104,0.0919,-0.0929,0.1051,0.1084,-0.0194,0.0725,0.0012,-0.0041,-0.014,-0.0106,0.0096,-0.0104,0.5948,-0.3872,0.1799,0.6343,-0.4948,0.1996,0.1684,-0.0986,-0.0008,0.6308,-0.4777,0.153,0.1823,-0.1088,0.2786,0.5758,-0.5338,0.0,0.0,0.0,0.0,0.0,0.0,0.0,0.0,0.0,
0.2,run,0.33,3.62,0.65,-0.19,-1.56,0.0,0.0,0.0,0.033,-0.26,0.44,3.78,3.6,0.44,4.31,3.69,-3.96,3.69,-2.11,4.22,4.31,3.78,-3.69,4.31,4.39,0.53,3.87,-2.02,3.5,9.09,5.44,4.12,9.09,5.03,-8.91,9.35,0.12,6.09,9.0,2.58,-8.65,9.0,9.0,5.63,9.26,-0.0578,0.5182,-0.4267,0.1554,0.5294,-0.5138,0.1438,0.2407,-0.3086,0.0034,0.5315,-0.5038,0.0585,0.2491,-0.421,0.2666,0.5569,-0.6529,0.006,0.006,0.013,0.013,0.0,0.013,0.019,0.033,0.033,0.006,0.0,0.013,0.019,0.026,0.013,0.013,0.0,0.013,-0.0092,-0.0077,0.0414,0.0399,-0.0015,0.0506,0.0399,-0.0476,0.0337,-0.0261,0.0445,0.0506,0.0491,-0.0476,0.0522,0.0491,-0.0046,0.0414,-0.018,-0.0146,0.1211,0.1262,0.0033,0.1441,0.1245,-0.1375,0.1033,-0.049,0.1263,0.1423,0.1397,-0.1404,0.1489,0.1339,-0.0078,0.1203,-0.0012,-0.0005,-0.0033,0.0046,-0.0065,-0.0267,0.5543,-0.4058,0.1615,0.5912,-0.5059,0.1761,0.1923,-0.182,0.0083,0.5926,-0.4958,0.1167,0.2042,-0.2375,0.2715,0.5739,-0.5886,0.0,0.0,0.0,0.0,0.0,0.0,0.0,0.0,0.0,
0.24,run,0.32,3.6,0.12,0.39,0.27,0.0,0.0,0.0,0.033,-1.32,1.32,5.19,4.66,1.49,5.8,4.57,-5.36,5.19,-0.97,5.36,5.71,4.57,-5.1,5.71,5.62,1.23,5.36,-2.81,2.0,10.59,5.62,2.62,10.59,3.99,-8.79,10.85,-0.35,4.59,10.5,1.08,-9.02,10.5,9.53,4.31,7.76,-0.0803,0.4877,-0.4616,0.1605,0.4544,-0.5179,0.1141,0.2947,-0.4313,-0.01,0.464,-0.519,0.0092,0.2906,-0.576,0.2723,0.533,-0.7171,0.0,0.0,0.019,0.006,0.006,0.019,0.006,0.019,0.019,0.013,0.0,0.013,0.0,0.019,0.006,0.006,0.006,0.006,-0.0061,0.0015,0.0644,0.0598,0.0077,0.0736,0.0614,-0.0706,0.0583,-0.0353,0.066,0.0752,0.0675,-0.0706,0.0752,0.0767,0.0015,0.0629,-0.0012,0.0242,0.1707,0.1628,0.0366,0.1868,0.1673,-0.1821,0.1639,-0.0687,0.1686,0.1913,0.1665,-0.1842,0.1902,0.1968,0.0175,0.1644,0.0025,0.0,0.0113,-0.0034,-0.0273,-0.0578,0.5182,-0.4267,0.1554,0.5294,-0.5138,0.1438,0.2407,-0.3086,0.0034,0.5315,-0.5038,0.0585,0.2491,-0.421,0.2666,0.5569,-0.6529,0.0,0.0,0.0,0.0,0.0,0.0,0.0,0.0,0.0,
0.28,run,0.32,3.58,-0.22,-0.71,-1.96,0.0,0.0,0.0,0.033,-1.67,2.2,6.5,5.27,2.46,7.21,5.36,-6.59,6.59,-0.26,6.33,7.03,5.01,-6.5,7.21,7.03,2.46,6.59,-3.04,0.5,12.09,5.88,1.12,12.09,3.89,-7.47,12.35,-0.55,3.09,12.0,-0.36,-8.55,11.4,9.95,2.81,6.26,-0.0869,0.4487,-0.5017,0.1679,0.3913,-0.5271,0.1112,0.3187,-0.499,-0.0156,0.3975,-0.532,-0.0104,0.2991,-0.6306,0.2843,0.4855,-0.764,0.0,0.0,0.019,0.006,0.006,0.019,0.006,0.019,0.019,0.013,0.0,0.013,0.0,0.019,0.006,0.006,0.006,0.006,-0.0245,0.0169,0.089,0.0782,0.0261,0.0997,0.0767,-0.0951,0.0844,-0.0153,0.0859,0.0997,0.0813,-0.0951,0.0997,0.0982,0.0138,0.089,-0.0698,0.0744,0.2115,0.183,0.0946,0.2285,0.1746,-0.2195,0.2125,0.0266,0.1928,0.2259,0.1683,-0.2209,0.2251,0.2182,0.0582,0.2128,0.0021,-0.0018,0.0021,0.0067,0.0047,-0.0803,0.4877,-0.4616,0.1605,0.4544,-0.5179,0.1141,0.2947,-0.4313,-0.01,0.464,-0.519,0.0092,0.2906,-0.576,0.2723,0.533,-0.7171,0.0,0.0,0.0,0.0,0.0,0.0,0.0,0.0,0.0,
0.32,run,0.36,3.56,1.23,0.71,0.32,0.0,0.0,0.0,0.033,-2.46,2.9,7.91,5.71,3.25,8.61,5.8,-7.56,7.91,-0.44,7.03,8.44,5.19,-7.56,8.53,8.09,3.25,7.56,-3.21,-1.0,13.59,5.34,-0.38,13.59,4.18,-8.15,13.85,-0.2,1.59,13.5,-0.4,-9.75,10.4,10.77,1.31,4.76,-0.0918,0.3829,-0.5365,0.1527,0.316,-0.5272,0.1194,0.3064,-0.5311,-0.0058,0.326,-0.5438,-0.0115,0.2773,-0.6424,0.3077,0.4326,-0.7957,0.0,0.0,0.019,0.006,0.006,0.019,0.006,0.019,0.019,0.013,0.0,0.013,0.0,0.019,0.006,0.006,0.006,0.006,-0.0307,0.0322,0.112,0.089,0.043,0.1243,0.0905,-0.1166,0.1089,-0.0031,0.1028,0.1227,0.089,-0.1197,0.1258,0.1227,0.0353,0.1104,-0.0718,0.1094,0.234,0.1682,0.1293,0.2517,0.1738,-0.2339,0.2405,0.0645,0.198,0.2441,0.1465,-0.2464,0.2551,0.2445,0.121,0.2293,0.002,-0.0041,-0.0039,-0.0125,-0.0342,-0.0869,0.4487,-0.5017,0.1679,0.3913,-0.5271,0.1112,0.3187,-0.499,-0.0156,0.3975,-0.532,-0.0104,0.2991,-0.6306,0.2843,0.4855,-0.764,0.0,0.0,0.0,0.0,0.0,0.0,0.0,0.0,0.0,
0.36,run,0.35,3.58,-0.07,0.26,0.34,0.0,0.0,0.0,0.033,-3.25,3.25,9.23,5.71,3.78,10.02,5.8,-8.26,9.32,0.18,7.29,9.93,4.92,-8.44,9.67,9.23,3.78,8.35,-3.34,-2.5,15.09,4.73,-1.88,15.09,4.5,-9.41,15.35,0.07,0.09,15.0,-0.3,-11.25,11.07,11.74,-0.19,3.26,-0.0954,0.3064,-0.5548,0.1351,0.2416,-0.5221,0.1286,0.2834,-0.5519,0.0021,0.2635,-0.5398,-0.0087,0.2399,-0.6344,0.3353,0.3815,-0.8155,0.0,0.006,0.013,0.006,0.0,0.013,0.013,0.013,0.019,0.006,0.0,0.006,0.006,0.019,0.006,0.013,0.0,0.0,-0.0445,0.0445,0.1365,0.0966,0.0568,0.1488,0.0982,-0.1335,0.1319,-0.0061,0.115,0.1473,0.092,-0.1381,0.1488,0.1411,0.0491,0.1273,-0.1021,0.1227,0.256,0.1465,0.1423,0.2683,0.1505,-0.2271,0.2547,0.0337,0.1847,0.263,0.1141,-0.2416,0.2649,0.2403,0.1365,0.2238,0.0055,-0.0051,0.0215,0.0123,0.0056,-0.0918,0.3829,-0.5365,0.1527,0.316,-0.5272,0.1194,0.3064,-0.5311,-0.0058,0.326,-0.5438,-0.0115,0.2773,-0.6424,0.3077,0.4326,-0.7957,0.0,0.0,0.0,0.0,0.0,0.0,0.0,0.0,0.0,
0.4,run,0.31,3.56,-0.94,-0.33,1.48,0.0,0.0,0.0,0.033,-3.16,3.25,10.72,5.71,3.87,11.43,5.8,-8.79,10.81,-0.35,7.29,11.34,4.04,-9.32,10.63,10.11,4.04,8.79,-3.44,-4.0,16.59,4.23,-3.38,16.59,5.08,-10.91,16.85,0.27,-1.41,16.5,0.16,-12.75,12.57,12.74,-1.69,1.76,-0.0981,0.2349,-0.564,0.1208,0.1717,-0.5217,0.1452,0.2471,-0.5584,0.0076,0.2106,-0.536,0.0046,0.1908,-0.6099,0.364,0.3394,-0.8318,0.0,0.006,0.013,0.006,0.0,0.013,0.013,0.013,0.019,0.006,0.0,0.006,0.006,0.019,0.006,0.013,0.0,0.0,-0.0583,0.0506,0.1595,0.0966,0.066,0.1733,0.0982,-0.1457,0.1565,0.0046,0.1197,0.1733,0.0874,-0.1534,0.1687,0.1611,0.0583,0.1411,-0.1233,0.1089,0.2656,0.1026,0.1342,0.28,0.1053,-0.2051,0.2705,0.0639,0.1466,0.2821,0.0625,-0.2267,0.2604,0.2431,0.1302,0.2085,0.0047,-0.0034,-0.0012,0.0045,0.0059,-0.0954,0.3064,-0.5548,0.1351,0.2416,-0.5221,0.1286,0.2834,-0.5519,0.0021,0.2635,-0.5398,-0.0087,0.2399,-0.6344,0.3353,0.3815,-0.8155,0.0,0.0,0.0,0.0,0.0,0.0,0.0,0.0,0.0,
0.44,run,0.37,3.57,0.41,0.15,-1.18,0.0,0.0,0.0,0.033,-3.43,3.08,12.22,5.45,3.87,12.83,5.19,-9.23,12.13,0.35,7.03,12.66,3.08,-10.37,11.25,11.07,4.04,8.88,-3.56,-5.5,17.66,3.63,-4.88,18.09,5.39,-12.41,17.39,0.58,-2.91,18.0,0.52,-14.25,13.68,13.51,-3.19,0.26,-0.1017,0.1707,-0.557,0.1036,0.1207,-0.5181,0.154,0.2116,-0.5601,0.0165,0.1758,-0.5259,0.0149,0.1487,-0.6037,0.3859,0.3161,-0.8336,0.0,0.006,0.013,0.006,0.0,0.013,0.013,0.013,0.019,0.006,0.0,0.006,0.006,0.019,0.006,0.013,0.0,0.0,-0.0568,0.0506,0.1856,0.0966,0.0675,0.1979,0.0982,-0.1549,0.1825,-0.0046,0.1197,0.1979,0.0721,-0.1687,0.1856,0.1764,0.0629,0.1488,-0.0806,0.0762,0.2838,0.0718,0.0997,0.2882,0.0737,-0.1781,0.2873,0.0102,0.1026,0.2896,-0.0138,-0.2163,0.2456,0.2278,0.1084,0.1748,0.0008,-0.0053,-0.0164,-0.0058,0.0258,-0.0981,0.2349,-0.564,0.1208,0.1717,-0.5217,0.1452,0.2471,-0.5584,0.0076,0.2106,-0.536,0.0046,0.1908,-0.6099,0.364,0.3394,-0.8318,0.0,0.0,0.0,0.0,0.0,0.0,0.0,0.0,0.0,
0.48,run,0.36,3.6,-0.02,0.55,0.94,0.0,0.0,0.0,0.033,-3.87,2.29,13.54,4.48,3.43,14.24,4.75,-10.02,13.54,0.7,6.15,14.15,2.02,-11.51,12.22,12.13,3.52,8.7,-3.72,-7.0,19.04,3.2,-6.38,19.59,5.88,-13.91,17.48,0.86,-4.41,19.5,0.99,-15.75,14.92,14.09,-4.69,-1.24,-0.1063,0.1208,-0.5407,0.0915,0.0809,-0.518,0.168,0.1752,-0.559,0.0246,0.1574,-0.5226,0.0284,0.1112,-0.5891,0.4027,0.3043,-0.8427,0.006,0.019,0.013,0.006,0.019,0.013,0.0,0.026,0.013,0.0,0.026,0.013,0.006,0.026,0.006,0.006,0.026,0.013,-0.0614,0.0476,0.2117,0.092,0.0675,0.2224,0.0874,-0.1626,0.2056,0.0077,0.115,0.2209,0.0552,-0.1871,0.1963,0.1933,0.0629,0.1503,-0.0736,0.0419,0.2963,0.033,0.0698,0.2936,0.0114,-0.1534,0.2872,0.0531,0.0546,0.2889,-0.0728,-0.2203,0.2121,0.2226,0.0759,0.1281,0.0066,-0.0045,0.0071,0.0026,-0.0206,-0.1017,0.1707,-0.557,0.1036,0.1207,-0.5181,0.154,0.2116,-0.5601,0.0165,0.1758,-0.5259,0.0149,0.1487,-0.6037,0.3859,0.3161,-0.8336,0.0,0.0,0.0,0.0,0.0,0.0,0.0,0.0,0.0,
0.52,run,0.35,3.57,-0.22,-0.23,1.03,0.0,0.0,0.0,0.033,-3.69,1.32,14.94,3.96,2.37,15.64,4.75,-11.07,14.85,0.44,5.1,15.56,1.14,-12.92,13.27,12.92,2.81,7.91,-3.87,-8.5,20.54,2.96,-7.88,20.73,6.41,-15.41,18.08,1.09,-5.91,20.89,1.54,-17.25,15.95,14.51,-6.19,-2.74,-0.1106,0.0845,-0.5201,0.0847,0.0597,-0.5208,0.1831,0.1514,-0.552,0.0313,0.155,-0.519,0.0441,0.0832,-0.577,0.4146,0.3083,-0.8437,0.006,0.019,0.013,0.006,0.019,0.013,0.0,0.026,0.013,0.0,0.026,0.013,0.006,0.026,0.006,0.006,0.026,0.013,-0.069,0.0337,0.2347,0.0752,0.0598,0.247,0.0798,-0.1764,0.2301,0.0138,0.0997,0.247,0.0368,-0.2071,0.2132,0.2117,0.0537,0.1473,-0.0803,-0.0225,0.2937,-0.0402,0.0201,0.2976,-0.0208,-0.1592,0.2931,0.0602,-0.0193,0.3,-0.12,-0.229,0.2118,0.2249,0.0186,0.0782,0.0053,-0.0021,-0.0004,0.0095,0.0164,-0.1063,0.1208,-0.5407,0.0915,0.0809,-0.518,0.168,0.1752,-0.559,0.0246,0.1574,-0.5226,0.0284,0.1112,-0.5891,0.4027,0.3043,-0.8427,0.0,0.0,0.0,0.0,0.0,0.0,0.0,0.0,0.0,
0.56,run,0.41,3.57,0.72,0.32,-1.89,0.0,0.0,0.0,0.033,-3.69,0.0,16.35,3.43,1.23,17.14,4.75,-12.22,15.82,1.05,3.69,16.96,0.7,-14.15,14.24,13.62,1.67,6.94,-3.95,-10.0,22.04,2.4,-9.38,20.37,6.82,-16.91,19.3,1.58,-7.41,20.76,2.07,-18.75,16.31,14.97,-7.03,-4.24,-0.113,0.055,-0.4936,0.0686,0.0459,-0.525,0.1948,0.1306,-0.5377,0.0452,0.1583,-0.5204,0.0592,0.0622,-0.5729,0.4276,0.3267,-0.8407,0.006,0.019,0.013,0.006,0.019,0.013,0.0,0.026,0.013,0.0,0.026,0.013,0.006,0.026,0.006,0.006,0.026,0.013,-0.066,0.0169,0.2592,0.066,0.0414,0.2715,0.0798,-0.1948,0.2531,0.0092,0.0813,0.2715,0.0215,-0.2316,0.2316,0.2255,0.0414,0.1335,-0.0447,-0.0791,0.2978,-0.0627,-0.0551,0.3005,-0.0145,-0.1806,0.2916,0.0248,-0.0827,0.3022,-0.1416,-0.2525,0.2174,0.2093,-0.0331,0.0028,0.0047,-0.0049,-0.0039,-0.0041,0.0179,-0.1106,0.0845,-0.5201,0.0847,0.0597,-0.5208,0.1831,0.1514,-0.552,0.0313,0.155,-0.519,0.0441,0.0832,-0.577,0.4146,0.3083,-0.8437,0.0,0.0,0.0,0.0,0.0,0.0,0.0,0.0,0.0,
0.6,run,0.39,3.54,-0.35,-0.42,0.29,0.0,0.0,0.0,0.033,-4.31,-1.41,17.75,3.08,-0.18,18.46,5.71,-13.62,16.88,1.41,2.29,18.37,0.62,-15.47,15.21,14.33,0.35,5.62,-3.99,-11.5,23.54,1.8,-10.88,19.6,7.4,-18.41,20.48,2.12,-8.91,20.06,2.8,-20.25,17.48,15.46,-6.04,-5.74,-0.114,0.0323,-0.4667,0.0513,0.0334,-0.5341,0.2113,0.112,-0.5238,0.0607,0.1637,-0.5287,0.08,0.0433,-0.559,0.4416,0.3447,-0.8477,0.006,0.026,0.006,0.006,0.019,0.006,0.006,0.026,0.019,0.006,0.026,0.006,0.006,0.019,0.006,0.013,0.033,0.019,-0.066,-0.0061,0.2838,0.0568,0.0215,0.2976,0.0798,-0.2148,0.27,0.0199,0.0568,0.2961,0.0138,-0.2531,0.2485,0.2378,0.0215,0.1166,-0.0313,-0.1415,0.3004,-0.0783,-0.1132,0.308,-0.0102,-0.2011,0.2673,0.0576,-0.1498,0.3035,-0.1279,-0.2572,0.2154,0.1924,-0.0978,-0.0612,0.0094,-0.0043,0.0125,0.0055,-0.033,-0.113,0.055,-0.4936,0.0686,0.0459,-0.525,0.1948,0.1306,-0.5377,0.0452,0.1583,-0.5204,0.0592,0.0622,-0.5729,0.4276,0.3267,-0.8407,0.0,0.0,0.0,0.0,0.0,0.0,0.0,0.0,0.0,
0.64,run,0.39,3.55,-0.17,0.1,1.04,0.0,0.0,0.0,0.033,-3.78,-2.81,19.16,2.46,-1.58,19.42,6.42,-15.03,17.93,1.41,0.97,19.42,0.88,-16.88,16.08,14.94,-1.05,4.31,-3.79,-13.0,25.04,1.2,-12.38,18.58,7.96,-19.58,21.65,2.62,-10.41,19.51,3.4,-21.75,18.31,15.83,-4.86,-7.08,-0.1082,0.0128,-0.4442,0.0342,0.0273,-0.5461,0.2274,0.0986,-0.51,0.0747,0.1733,-0.5352,0.0972,0.0259,-0.5493,0.4523,0.3661,-0.848,0.006,0.026,0.006,0.006,0.019,0.006,0.006,0.026,0.019,0.006,0.026,0.006,0.006,0.019,0.006,0.013,0.033,0.019,-0.0767,-0.0307,0.3083,0.0506,-0.0031,0.3206,0.0966,-0.2393,0.2884,0.0261,0.0322,0.3206,0.0123,-0.2761,0.2654,0.25,-0.0015,0.0936,-0.0621,-0.1909,0.3021,-0.0778,-0.1711,0.3017,0.056,-0.2326,0.256,0.0633,-0.1967,0.3043,-0.0953,-0.2662,0.2139,0.1806,-0.1546,-0.129,0.0079,-0.0072,-0.0061,-0.0074,0.0051,-0.114,0.0323,-0.4667,0.0513,0.0334,-0.5341,0.2113,0.112,-0.5238,0.0607,0.1637,-0.5287,0.08,0.0433,-0.559,0.4416,0.3447,-0.8477,0.0,0.0,0.0,0.0,0.0,0.0,0.0,0.0,0.0,
0.68,run,0.44,3.55,0.31,0.1,-2.59,0.0,0.0,0.0,0.033,-3.78,-4.22,20.65,1.93,-2.99,20.21,6.94,-16.35,18.98,2.29,-0.53,20.13,1.67,-18.28,17.05,15.38,-2.37,2.9,-3.7,-14.5,26.54,0.47,-13.88,17.8,8.36,-20.53,22.9,3.31,-11.91,18.88,3.95,-23.25,19.17,16.25,-3.54,-7.18,-0.1058,-0.0023,-0.4188,0.0133,0.0244,-0.5553,0.2388,0.0812,-0.4953,0.0944,0.1845,-0.5426,0.113,0.0103,-0.5392,0.4643,0.3903,-0.8492,0.006,0.026,0.006,0.006,0.019,0.006,0.006,0.026,0.019,0.006,0.026,0.006,0.006,0.019,0.006,0.013,0.033,0.019,-0.0675,-0.0552,0.3329,0.0399,-0.0276,0.3375,0.1089,-0.2638,0.3068,0.0261,0.0092,0.339,0.0169,-0.3007,0.2807,0.2608,-0.0261,0.0706,-0.0087,-0.2262,0.3041,-0.095,-0.2124,0.2749,0.0855,-0.2554,0.2487,0.0443,-0.2245,0.2824,-0.0493,-0.2789,0.2076,0.167,-0.2008,-0.1771,0.008,-0.0066,-0.0029,0.0018,0.0182,-0.1082,0.0128,-0.4442,0.0342,0.0273,-0.5461,0.2274,0.0986,-0.51,0.0747,0.1733,-0.5352,0.0972,0.0259,-0.5493,0.4523,0.3661,-0.848,0.0,0.0,0.0,0.0,0.0,0.0,0.0,0.0,0.0,
0.72,run,0.42,3.52,-0.44,-0.28,0.93,0.0,0.0,0.0,0.033,-3.96,-5.62,21.97,1.41,-4.48,20.57,7.56,-17.75,20.13,2.55,-1.93,20.57,2.55,-19.6,17.93,15.91,-3.6,1.49,-3.57,-16.0,28.04,-0.38,-15.38,17.03,8.9,-21.84,24.4,4.1,-13.41,18.21,4.59,-24.75,20.61,16.59,-2.29,-8.04,-0.1019,-0.0172,-0.3924,-0.0107,0.0184,-0.5644,0.2543,0.0575,-0.4776,0.1172,0.1902,-0.5505,0.1311,-0.0104,-0.5222,0.474,0.413,-0.8593,0.0,0.019,0.013,0.013,0.026,0.006,0.006,0.019,0.019,0.026,0.026,0.006,0.006,0.019,0.006,0.006,0.026,0.019,-0.0675,-0.0798,0.359,0.0307,-0.0522,0.3513,0.1181,-0.2869,0.3252,0.0414,-0.0169,0.3513,0.0307,-0.3252,0.2976,0.2684,-0.0491,0.046,-0.0061,-0.2501,0.3103,-0.1009,-0.2404,0.244,0.0943,-0.2648,0.2428,0.0883,-0.2546,0.2436,0.0171,-0.2869,0.2084,0.1455,-0.2266,-0.2157,0.0123,-0.0062,0.0055,0.0018,-0.0451,-0.1058,-0.0023,-0.4188,0.0133,0.0244,-0.5553,0.2388,0.0812,-0.4953,0.0944,0.1845,-0.5426,0.113,0.0103,-0.5392,0.4643,0.3903,-0.8492,0.0,0.0,0.0,0.0,0.0,0.0,0.0,0.0,0.0,
0.76,run,0.43,3.55,0.08,0.38,1.19,0.0,0.0,0.0,0.033,-3.34,-7.03,23.38,0.62,-5.8,20.57,8.09,-18.98,21.27,3.34,-3.34,20.57,3.43,-21.09,18.9,16.26,-4.48,0.09,-3.36,-17.5,29.54,-1.03,-16.88,16.34,9.36,-23.05,25.85,4.72,-13.85,17.87,5.08,-26.25,21.95,16.86,-1.07,-7.96,-0.0959,-0.0327,-0.3678,-0.0295,0.0226,-0.5724,0.2674,0.0355,-0.4606,0.1348,0.2028,-0.5545,0.1452,-0.032,-0.5064,0.4816,0.4352,-0.8583,0.0,0.019,0.013,0.013,0.026,0.006,0.006,0.019,0.019,0.026,0.026,0.006,0.006,0.019,0.006,0.006,0.026,0.019,-0.0706,-0.1043,0.382,0.0215,-0.0782,0.3574,0.1289,-0.3114,0.3451,0.046,-0.0414,0.359,0.046,-0.3482,0.3129,0.2777,-0.0706,0.0215,-0.0158,-0.2671,0.3035,-0.1051,-0.266,0.1938,0.1062,-0.2773,0.2447,0.0791,-0.2702,0.1992,0.0694,-0.2871,0.2034,0.1364,-0.2391,-0.243,0.0105,-0.0093,-0.0077,-0.0049,0.0163,-0.1019,-0.0172,-0.3924,-0.0107,0.0184,-0.5644,0.2543,0.0575,-0.4776,0.1172,0.1902,-0.5505,0.1311,-0.0104,-0.5222,0.474,0.413,-0.8593,0.0,0.0,0.0,0.0,0.0,0.0,0.0,0.0,0.0,
0.8,run,0.38,3.55,-0.81,-0.25,0.56,0.0,0.0,0.0,0.033,-3.69,-8.44,24.87,-0.18,-7.21,20.13,8.53,-20.21,22.41,4.04,-4.75,20.21,4.13,-22.5,19.86,16.7,-5.1,-1.32,-3.28,-19.0,31.04,-1.83,-18.38,15.88,9.72,-24.55,27.35,5.53,-13.44,17.64,5.55,-27.75,23.45,17.08,-0.05,-8.59,-0.0936,-0.0452,-0.3429,-0.0522,0.0271,-0.5779,0.2778,0.0079,-0.4415,0.158,0.2103,-0.5572,0.1587,-0.0549,-0.4844,0.4881,0.4537,-0.8658,0.0,0.019,0.013,0.013,0.026,0.006,0.006,0.019,0.019,0.026,0.026,0.006,0.006,0.019,0.006,0.006,0.026,0.019,-0.0598,-0.1289,0.4065,0.0077,-0.1012,0.3574,0.1381,-0.3329,0.3651,0.0598,-0.066,0.359,0.0614,-0.3743,0.3298,0.2838,-0.0859,-0.0031,0.0296,-0.2799,0.3054,-0.1259,-0.2734,0.1357,0.1092,-0.2755,0.2469,0.1077,-0.2821,0.1395,0.1067,-0.2998,0.2063,0.1187,-0.2255,-0.2631,0.0116,-0.0062,0.0013,0.0066,0.0207,-0.0959,-0.0327,-0.3678,-0.0295,0.0226,-0.5724,0.2674,0.0355,-0.4606,0.1348,0.2028,-0.5545,0.1452,-0.032,-0.5064,0.4816,0.4352,-0.8583,0.0,0.0,0.0,0.0,0.0,0.0,0.0,0.0,0.0,
0.84,run,0.37,3.57,-0.21,0.07,0.77,0.0,0.0,0.0,0.033,-3.25,-9.93,26.19,-0.26,-8.7,19.16,9.05,-21.53,23.73,4.66,-6.15,19.42,4.92,-23.91,21.09,16.96,-5.27,-2.72,-3.06,-20.5,32.54,-2.65,-19.88,15.4,10.18,-26.05,28.85,6.33,-13.07,17.44,6.05,-29.25,24.95,17.3,1.1,-9.18,-0.0874,-0.0606,-0.3175,-0.0757,0.0329,-0.5835,0.2908,-0.0253,-0.4151,0.1808,0.2169,-0.5595,0.1729,-0.0852,-0.4584,0.4942,0.4745,-0.8727,0.006,0.019,0.013,0.019,0.033,0.013,0.0,0.026,0.026,0.013,0.026,0.006,0.013,0.019,0.013,0.006,0.0,0.019,-0.066,-0.1534,0.4326,-0.0061,-0.1258,0.3497,0.1457,-0.3543,0.385,0.0721,-0.0905,0.3528,0.0736,-0.3988,0.3467,0.2915,-0.0966,-0.0276,-0.0021,-0.2875,0.311,-0.1396,-0.2829,0.0664,0.1051,-0.2729,0.2472,0.1211,-0.289,0.0747,0.1205,-0.3014,0.2073,0.1117,-0.1979,-0.2757,0.0072,-0.0062,-0.0141,-0.0043,0.0098,-0.0936,-0.0452,-0.3429,-0.0522,0.0271,-0.5779,0.2778,0.0079,-0.4415,0.158,0.2103,-0.5572,0.1587,-0.0549,-0.4844,0.4881,0.4537,-0.8658,0.0,0.0,0.0,0.0,0.0,0.0,0.0,0.0,0.0,
0.88,run,0.35,3.57,0.24,0.27,-0.76,0.0,0.0,0.0,0.033,-2.9,-11.34,27.69,-1.32,-10.11,18.11,9.49,-22.85,25.05,5.36,-7.56,18.46,5.45,-25.22,22.32,17.14,-5.27,-4.22,-2.81,-22.0,34.04,-3.52,-21.38,14.73,10.56,-27.55,30.35,7.05,-12.68,17.12,6.55,-30.75,26.45,17.55,2.09,-9.54,-0.0802,-0.0729,-0.2954,-0.1007,0.0447,-0.5915,0.3018,-0.0614,-0.3863,0.2014,0.2241,-0.5633,0.187,-0.1147,-0.4317,0.5014,0.4926,-0.8769,0.006,0.019,0.013,0.019,0.033,0.013,0.0,0.026,0.026,0.013,0.026,0.006,0.013,0.019,0.013,0.006,0.0,0.019,-0.0583,-0.1795,0.4556,-0.0077,-0.1519,0.3329,0.1549,-0.3774,0.408,0.0828,-0.115,0.339,0.0874,-0.4234,0.3682,0.2961,-0.0997,-0.0522,0.0272,-0.2989,0.3039,-0.1035,-0.2957,-0.0168,0.108,-0.2773,0.2592,0.125,-0.2943,0.0006,0.1361,-0.3029,0.2256,0.0954,-0.15,-0.2849,0.0059,-0.0049,-0.0036,0.0013,0.0135,-0.0874,-0.0606,-0.3175,-0.0757,0.0329,-0.5835,0.2908,-0.0253,-0.4151,0.1808,0.2169,-0.5595,0.1729,-0.0852,-0.4584,0.4942,0.4745,-0.8727,0.0,0.0,0.0,0.0,0.0,0.0,0.0,0.0,0.0,
0.92,run,0.31,3.56,-0.83,-0.34,1.97,0.0,0.0,0.0,0.033,-3.16,-12.74,29.09,-2.46,-11.51,16.88,9.93,-24.17,26.28,6.06,-8.96,17.75,5.98,-26.72,23.64,17.4,-4.92,-5.54,-2.66,-23.5,35.54,-4.31,-21.96,14.61,10.92,-29.05,31.85,7.79,-12.35,16.84,7.0,-32.25,27.95,17.73,3.02,-10.25,-0.0759,-0.0846,-0.2733,-0.123,0.0553,-0.5928,0.3121,-0.0965,-0.3571,0.2225,0.2299,-0.5666,0.2,-0.144,-0.4012,0.5066,0.5095,-0.8853,0.006,0.019,0.013,0.019,0.033,0.013,0.0,0.026,0.026,0.013,0.026,0.006,0.013,0.019,0.013,0.006,0.0,0.019,-0.0522,-0.204,0.4817,-0.0261,-0.1764,0.3145,0.1626,-0.4004,0.431,0.0951,-0.1396,0.3221,0.0966,-0.4464,0.3896,0.2991,-0.0997,-0.0782,0.0421,-0.3013,0.3106,-0.1415,-0.2991,-0.0808,0.1044,-0.2804,0.2678,0.1336,-0.2981,-0.0629,0.1298,-0.2984,0.2385,0.0783,-0.105,-0.2973,0.0047,-0.0044,0.0043,0.0047,-0.0133,-0.0802,-0.0729,-0.2954,-0.1007,0.0447,-0.5915,0.3018,-0.0614,-0.3863,0.2014,0.2241,-0.5633,0.187,-0.1147,-0.4317,0.5014,0.4926,-0.8769,0.0,0.0,0.0,0.0,0.0,0.0,0.0,0.0,0.0,
0.96,run,0.33,3.58,0.5,0.32,-0.89,0.0,0.0,0.0,0.033,-2.64,-14.15,30.59,-2.9,-12.92,15.82,10.37,-25.58,27.69,6.77,-10.2,17.14,6.5,-28.12,24.96,17.67,-4.13,-6.94,-2.42,-25.0,37.04,-4.85,-21.25,14.42,11.34,-30.55,33.35,8.28,-11.96,16.58,7.32,-33.75,29.45,17.88,3.85,-10.65,-0.0691,-0.0951,-0.2563,-0.1385,0.0682,-0.595,0.3239,-0.1296,-0.3291,0.2366,0.237,-0.5697,0.2093,-0.1715,-0.3686,0.511,0.5246,-0.89,0.0,0.026,0.013,0.019,0.026,0.013,0.013,0.033,0.019,0.013,0.013,0.006,0.0,0.019,0.013,0.006,0.013,0.013,-0.0568,-0.2286,0.5062,-0.046,-0.201,0.293,0.1703,-0.4234,0.4525,0.1074,-0.1641,0.3099,0.1058,-0.4725,0.4126,0.3037,-0.0936,-0.1012,0.0122,-0.303,0.3095,-0.1739,-0.3015,-0.1372,0.1019,-0.2826,0.268,0.1395,-0.3008,-0.0901,0.1254,-0.3067,0.2533,0.0721,-0.0505,-0.2945,0.0014,-0.0058,-0.0145,-0.0059,0.0344,-0.0759,-0.0846,-0.2733,-0.123,0.0553,-0.5928,0.3121,-0.0965,-0.3571,0.2225,0.2299,-0.5666,0.2,-0.144,-0.4012,0.5066,0.5095,-0.8853,0.0,0.0,0.0,0.0,0.0,0.0,0.0,0.0,0.0,
1.0,run,0.33,3.55,-0.56,-0.89,-1.87,0.0,0.0,0.0,0.033,-2.37,-15.73,32.17,-3.43,-14.59,15.03,10.81,-27.25,29.36,7.73,-11.34,16.7,7.03,-29.79,26.54,17.75,-2.81,-8.35,-2.19,-26.5,38.54,-5.53,-20.6,13.98,11.62,-32.05,34.85,8.81,-11.62,15.97,7.68,-35.25,30.95,18.05,4.65,-11.45,-0.0625,-0.1022,-0.2434,-0.1581,0.08,-0.6003,0.3319,-0.1659,-0.298,0.2517,0.2433,-0.5768,0.2194,-0.1989,-0.342,0.5158,0.5391,-0.8994,0.0,0.026,0.013,0.019,0.026,0.013,0.013,0.033,0.019,0.013,0.013,0.006,0.0,0.019,0.013,0.006,0.013,0.013,-0.0476,-0.2531,0.5323,-0.0537,-0.2255,0.2746,0.1779,-0.4479,0.4771,0.1197,-0.1856,0.2991,0.115,-0.497,0.4357,0.3083,-0.0798,-0.1258,0.0431,-0.3042,0.3145,-0.1505,-0.3031,-0.1651,0.1001,-0.2899,0.2797,0.1437,-0.2911,-0.1033,0.1223,-0.3068,0.2636,0.0677,0.0165,-0.2982,0.0032,-0.004,0.0088,0.0055,-0.0155,-0.0691,-0.0951,-0.2563,-0.1385,0.0682,-0.595,0.3239,-0.1296,-0.3291,0.2366,0.237,-0.5697,0.2093,-0.1715,-0.3686,0.511,0.5246,-0.89,0.0,0.0,0.0,0.0,0.0,0.0,0.0,0.0,0.0,
1.04,run,0.31,3.58,-0.62,0.36,3.31,0.0,0.0,0.0,0.033,-2.64,-17.23,33.57,-4.66,-16.0,14.5,11.07,-28.56,30.67,8.09,-11.87,16.61,7.29,-31.2,27.86,17.75,-1.41,-9.32,-1.95,-28.0,40.04,-6.09,-19.78,13.64,11.96,-33.55,36.35,9.21,-11.3,15.39,7.9,-36.75,32.45,18.17,5.28,-11.91,-0.0557,-0.1094,-0.2301,-0.1739,0.095,-0.6042,0.3418,-0.2004,-0.2646,0.2631,0.2492,-0.5837,0.2258,-0.2221,-0.3119,0.5191,0.5505,-0.9048,0.0,0.026,0.013,0.019,0.026,0.013,0.013,0.033,0.019,0.013,0.013,0.006,0.0,0.019,0.013,0.006,0.013,0.013,-0.043,-0.2807,0.5599,-0.0629,-0.2546,0.2608,0.1856,-0.4771,0.5062,0.1365,-0.2056,0.2915,0.1243,-0.5262,0.4633,0.3099,-0.0568,-0.1503,0.0449,-0.3012,0.3084,-0.1348,-0.3054,-0.1597,0.0946,-0.2961,0.289,0.1546,-0.2675,-0.0969,0.115,-0.3079,0.2728,0.0523,0.0851,-0.2872,0.0027,-0.0066,-0.0097,-0.0155,-0.0326,-0.0625,-0.1022,-0.2434,-0.1581,0.08,-0.6003,0.3319,-0.1659,-0.298,0.2517,0.2433,-0.5768,0.2194,-0.1989,-0.342,0.5158,0.5391,-0.8994,0.0,0.0,0.0,0.0,0.0,0.0,0.0,0.0,0.0,
1.08,run,0.34,3.61,0.75,0.62,-0.13,0.0,0.0,0.0,0.033,-1.93,-18.63,35.07,-5.36,-17.31,13.97,11.43,-29.88,31.99,8.61,-12.13,16.0,7.65,-32.61,29.18,18.11,0.0,-10.37,-1.88,-29.5,41.54,-6.44,-18.65,13.86,12.23,-35.05,37.85,9.36,-10.72,15.25,7.81,-38.05,33.95,18.18,5.98,-12.19,-0.0538,-0.1198,-0.2151,-0.1841,0.1154,-0.6017,0.3496,-0.23,-0.244,0.2673,0.2596,-0.5853,0.2232,-0.2373,-0.289,0.5195,0.5633,-0.9081,0.006,0.026,0.013,0.013,0.019,0.006,0.006,0.026,0.019,0.006,0.0,0.006,0.006,0.026,0.006,0.0,0.013,0.006,-0.0476,-0.3068,0.5844,-0.0844,-0.2792,0.2516,0.1902,-0.5001,0.5292,0.1427,-0.2148,0.2899,0.1289,-0.5507,0.4863,0.3099,-0.0322,-0.1672,0.0144,-0.3072,0.3066,-0.1737,-0.3045,-0.1458,0.0832,-0.2923,0.2873,0.1309,-0.2213,-0.0735,0.0975,-0.3063,0.276,0.0366,0.1503,-0.2634,0.001,-0.0034,-0.0108,0.0062,0.0577,-0.0557,-0.1094,-0.2301,-0.1739,0.095,-0.6042,0.3418,-0.2004,-0.2646,0.2631,0.2492,-0.5837,0.2258,-0.2221,-0.3119,0.5191,0.5505,-0.9048,0.0,0.0,0.0,0.0,0.0,0.0,0.0,0.0,0.0,
1.12,run,0.31,3.59,-0.44,-0.64,-2.32,0.0,0.0,0.0,0.033,-1.67,-20.04,36.47,-5.27,-18.46,13.71,11.78,-31.38,33.4,9.14,-12.13,15.47,7.73,-34.01,30.59,18.11,1.41,-11.16,-1.73,-31.0,43.04,-6.92,-17.81,13.51,12.39,-36.55,39.35,9.77,-10.1,14.23,7.91,-39.18,35.45,18.23,6.56,-13.09,-0.0495,-0.1236,-0.2076,-0.1978,0.1308,-0.6058,0.3539,-0.2652,-0.2154,0.2791,0.2709,-0.5972,0.2259,-0.2578,-0.2686,0.5209,0.5739,-0.9188,0.006,0.026,0.013,0.013,0.019,0.006,0.006,0.026,0.019,0.006,0.0,0.006,0.006,0.026,0.006,0.0,0.013,0.006,-0.0353,-0.3313,0.6105,-0.0966,-0.3022,0.2424,0.1963,-0.5231,0.5522,0.1519,-0.2194,0.2792,0.135,-0.5752,0.5093,0.316,-0.0077,-0.1856,0.0561,-0.3072,0.3125,-0.1677,-0.2995,-0.1366,0.0813,-0.291,0.2875,0.1262,-0.1722,-0.0917,0.0913,-0.3065,0.2796,0.0487,0.1973,-0.2535,0.0037,-0.0014,0.0131,0.0109,-0.0022,-0.0538,-0.1198,-0.2151,-0.1841,0.1154,-0.6017,0.3496,-0.23,-0.244,0.2673,0.2596,-0.5853,0.2232,-0.2373,-0.289,0.5195,0.5633,-0.9081,0.0,0.0,0.0,0.0,0.0,0.0,0.0,0.0,0.0,
1.16,run,0.32,3.59,0.2,0.72,2.09,0.0,0.0,0.0,0.033,-1.76,-21.53,37.88,-5.98,-19.16,13.71,12.04,-32.78,34.8,9.23,-11.69,15.03,7.73,-35.42,32.08,18.11,2.9,-11.78,-1.52,-32.09,44.54,-7.32,-16.71,13.06,12.6,-38.05,40.85,9.95,-9.5,13.44,7.92,-40.0,36.95,18.21,7.02,-13.33,-0.0433,-0.1288,-0.198,-0.2091,0.1508,-0.6111,0.3599,-0.2971,-0.1862,0.2843,0.2818,-0.6065,0.2262,-0.2727,-0.2516,0.5204,0.5822,-0.9215,0.006,0.026,0.013,0.013,0.019,0.006,0.006,0.026,0.019,0.006,0.0,0.006,0.006,0.026,0.006,0.0,0.013,0.006,-0.0307,-0.3559,0.6351,-0.0951,-0.3221,0.2378,0.2025,-0.5492,0.5768,0.1611,-0.2194,0.27,0.1365,-0.5998,0.5338,0.316,0.0169,-0.1994,0.0566,-0.307,0.3108,-0.1116,-0.2844,-0.1129,0.0799,-0.3014,0.2932,0.1228,-0.1205,-0.0987,0.0697,-0.3066,0.2877,0.0341,0.2301,-0.2292,0.0012,-0.0025,-0.0077,-0.0111,-0.0405,-0.0495,-0.1236,-0.2076,-0.1978,0.1308,-0.6058,0.3539,-0.2652,-0.2154,0.2791,0.2709,-0.5972,0.2259,-0.2578,-0.2686,0.5209,0.5739,-0.9188,0.0,0.0,0.0,0.0,0.0,0.0,0.0,0.0,0.0,
1.2,run,0.34,3.6,0.13,0.63,1.54,0.0,0.0,0.0,0.033,-1.67,-22.94,39.29,-7.21,-19.69,13.54,12.3,-34.19,36.21,9.76,-10.9,14.41,7.82,-36.91,33.4,18.11,4.13,-12.48,-1.48,-32.65,46.04,-7.54,-15.29,13.0,12.83,-39.55,42.35,10.04,-8.58,12.78,7.65,-40.53,38.45,18.13,7.54,-13.64,-0.0423,-0.1392,-0.1867,-0.2155,0.1766,-0.6118,0.3664,-0.3286,-0.1674,0.2868,0.2986,-0.6143,0.2186,-0.2823,-0.2379,0.5179,0.5917,-0.9252,0.0,0.026,0.013,0.0,0.013,0.0,0.006,0.019,0.019,0.0,0.006,0.013,0.0,0.026,0.006,0.0,0.013,0.006,-0.0322,-0.382,0.6596,-0.1074,-0.3344,0.2378,0.2071,-0.5737,0.6013,0.1626,-0.2117,0.2623,0.1365,-0.6243,0.5599,0.316,0.043,-0.2102,0.0338,-0.3127,0.3096,-0.1242,-0.2451,-0.079,0.0732,-0.3031,0.2973,0.0917,-0.0556,-0.0979,0.0488,-0.3067,0.2992,0.0238,0.2589,-0.2007,0.0017,-0.003,0.0035,0.0126,0.0366,-0.0433,-0.1288,-0.198,-0.2091,0.1508,-0.6111,0.3599,-0.2971,-0.1862,0.2843,0.2818,-0.6065,0.2262,-0.2727,-0.2516,0.5204,0.5822,-0.9215,0.0,0.0,0.0,0.0,0.0,0.0,0.0,0.0,0.0,
1.24,run,0.33,3.54,-0.42,-0.84,-1.35,0.0,0.0,0.0,0.033,-1.32,-24.35,40.69,-6.94,-19.86,13.01,12.48,-35.6,37.62,9.84,-10.02,13.54,7.82,-38.06,34.89,18.11,5.36,-13.1,-1.42,-32.94,47.54,-7.78,-14.09,12.89,12.96,-41.05,43.85,10.33,-7.73,11.97,7.5,-41.24,39.95,17.96,7.93,-14.12,-0.0405,-0.1444,-0.1757,-0.2223,0.1984,-0.6131,0.3703,-0.3592,-0.1441,0.2951,0.314,-0.6239,0.2142,-0.2952,-0.2196,0.5132,0.5987,-0.9308,0.0,0.026,0.013,0.0,0.013,0.0,0.006,0.019,0.019,0.0,0.006,0.013,0.0,0.026,0.006,0.0,0.013,0.006,-0.0307,-0.4065,0.6842,-0.1289,-0.3436,0.2347,0.2117,-0.5983,0.6259,0.1718,-0.1979,0.2516,0.1381,-0.6504,0.5829,0.316,0.0644,-0.2224,0.0294,-0.3109,0.3087,-0.1674,-0.2061,-0.0668,0.0685,-0.3042,0.3001,0.0987,0.0128,-0.1088,0.0399,-0.3124,0.2957,0.0167,0.2617,-0.1865,0.004,-0.0021,0.0023,0.011,0.0268,-0.0423,-0.1392,-0.1867,-0.2155,0.1766,-0.6118,0.3664,-0.3286,-0.1674,0.2868,0.2986,-0.6143,0.2186,-0.2823,-0.2379,0.5179,0.5917,-0.9252,0.0,0.0,0.0,0.0,0.0,0.0,0.0,0.0,0.0,
1.28,run,0.34,3.54,0.49,0.16,-1.16,0.0,0.0,0.0,0.033,-1.23,-25.75,42.1,-7.12,-19.86,13.1,12.66,-37.0,39.02,9.84,-9.23,12.83,7.47,-39.02,36.3,18.02,6.33,-13.45,-1.11,-33.12,49.04,-7.99,-12.71,12.2,13.15,-42.55,45.35,10.39,-6.63,10.47,7.54,-42.11,41.45,17.88,8.26,-14.31,-0.0317,-0.1476,-0.17,-0.2283,0.2234,-0.6211,0.3758,-0.3953,-0.1103,0.297,0.3341,-0.6418,0.2154,-0.3111,-0.1996,0.5107,0.6047,-0.933,0.0,0.026,0.013,0.0,0.013,0.0,0.006,0.019,0.019,0.0,0.006,0.013,0.0,0.026,0.006,0.0,0.013,0.006,-0.0245,-0.431,0.7087,-0.1243,-0.3467,0.2255,0.2148,-0.6228,0.6504,0.1733,-0.1825,0.2362,0.1381,-0.6703,0.609,0.316,0.0859,-0.2332,0.0436,-0.3097,0.3082,-0.0999,-0.1558,-0.0813,0.0594,-0.305,0.3022,0.0748,0.0665,-0.1337,0.0279,-0.2935,0.3048,0.0117,0.2638,-0.1708,0.0029,-0.0072,-0.0073,-0.0146,-0.0235,-0.0405,-0.1444,-0.1757,-0.2223,0.1984,-0.6131,0.3703,-0.3592,-0.1441,0.2951,0.314,-0.6239,0.2142,-0.2952,-0.2196,0.5132,0.5987,-0.9308,0.0,0.0,0.0,0.0,0.0,0.0,0.0,0.0,0.0,
1.32,run,0.35,3.55,0.26,0.2,0.32,0.0,0.0,0.0,0.039,-1.32,-27.16,43.59,-8.17,-19.34,12.66,12.83,-38.41,40.43,10.28,-8.35,12.04,7.47,-39.99,37.71,17.84,7.12,-13.89,-0.94,-33.56,50.54,-8.31,-11.34,12.05,13.29,-44.05,46.85,10.62,-5.64,9.64,7.5,-42.76,42.95,17.66,8.6,-14.69,-0.027,-0.1557,-0.1587,-0.2376,0.2485,-0.6229,0.3798,-0.4255,-0.0863,0.3036,0.352,-0.6513,0.2144,-0.3229,-0.1857,0.5045,0.611,-0.9376,0.006,0.026,0.013,0.0,0.013,0.0,0.006,0.026,0.019,0.0,0.0,0.013,0.0,0.039,0.006,0.006,0.0,0.006,-0.023,-0.4556,0.7332,-0.1273,-0.3467,0.227,0.2178,-0.6473,0.675,0.1733,-0.1687,0.224,0.1319,-0.6872,0.6335,0.3145,0.1028,-0.2393,0.0363,-0.3087,0.3076,-0.0814,-0.109,-0.0512,0.0531,-0.3054,0.3034,0.0524,0.0983,-0.1395,-0.0034,-0.2686,0.3053,0.0024,0.2478,-0.1426,0.0036,-0.0071,0.0085,0.0029,-0.0202,-0.0317,-0.1476,-0.17,-0.2283,0.2234,-0.6211,0.3758,-0.3953,-0.1103,0.297,0.3341,-0.6418,0.2154,-0.3111,-0.1996,0.5107,0.6047,-0.933,0.0,0.0,0.0,0.0,0.0,0.0,0.0,0.0,0.0,
1.36,run,0.31,3.55,-0.48,-0.42,0.29,0.0,0.0,0.0,0.039,-1.23,-28.56,45.0,-8.26,-18.37,12.22,13.01,-39.81,41.84,10.37,-7.38,11.07,7.47,-40.96,39.11,17.58,7.82,-14.33,-0.77,-33.87,52.04,-8.5,-10.0,11.79,13.47,-45.55,48.35,10.95,-4.66,8.79,7.5,-43.55,44.45,17.38,8.85,-15.06,-0.0219,-0.1613,-0.1482,-0.2428,0.2728,-0.626,0.3849,-0.4531,-0.0621,0.3128,0.3699,-0.6613,0.2142,-0.3373,-0.1618,0.4966,0.6154,-0.9418,0.006,0.026,0.013,0.0,0.013,0.0,0.006,0.026,0.019,0.0,0.0,0.013,0.0,0.039,0.006,0.006,0.0,0.006,-0.0245,-0.4801,0.7593,-0.1457,-0.3375,0.2194,0.2209,-0.6719,0.6995,0.181,-0.1534,0.2102,0.1319,-0.7041,0.6581,0.3114,0.1166,-0.247,0.0197,-0.3077,0.3127,-0.1257,-0.042,-0.0644,0.0486,-0.3054,0.304,0.0653,0.126,-0.1492,-0.0024,-0.251,0.3053,-0.0097,0.225,-0.1284,0.0042,-0.0062,0.0045,0.0035,0.0055,-0.027,-0.1557,-0.1587,-0.2376,0.2485,-0.6229,0.3798,-0.4255,-0.0863,0.3036,0.352,-0.6513,0.2144,-0.3229,-0.1857,0.5045,0.611,-0.9376,0.0,0.0,0.0,0.0,0.0,0.0,0.0,0.0,0.0,
1.4,run,0.35,3.58,0.28,0.18,-0.91,0.0,0.0,0.0,0.039,-0.62,-29.97,46.41,-8.0,-17.14,11.95,13.1,-41.22,43.24,10.63,-6.5,10.2,7.47,-41.66,40.61,17.58,8.35,-14.59,-0.44,-34.17,52.96,-8.7,-8.55,11.09,13.66,-47.05,49.85,11.18,-3.53,7.54,7.61,-44.48,45.95,17.18,9.11,-15.23,-0.0126,-0.1667,-0.1417,-0.2484,0.2991,-0.6342,0.3902,-0.4848,-0.0303,0.3195,0.3903,-0.676,0.2174,-0.3541,-0.1351,0.491,0.6202,-0.9439,0.006,0.026,0.013,0.0,0.013,0.0,0.006,0.026,0.019,0.0,0.0,0.013,0.0,0.039,0.006,0.006,0.0,0.006,-0.023,-0.5047,0.7839,-0.1473,-0.3206,0.2117,0.224,-0.6964,0.724,0.1825,-0.1365,0.1933,0.1319,-0.721,0.6826,0.3068,0.1289,-0.2546,0.0195,-0.3073,0.3108,-0.0937,0.0338,-0.0738,0.0455,-0.3057,0.3047,0.0515,0.1514,-0.1676,-0.0017,-0.2389,0.3056,-0.0241,0.2035,-0.1186,0.0014,-0.0065,-0.0084,-0.0074,0.005,-0.0219,-0.1613,-0.1482,-0.2428,0.2728,-0.626,0.3849,-0.4531,-0.0621,0.3128,0.3699,-0.6613,0.2142,-0.3373,-0.1618,0.4966,0.6154,-0.9418,0.0,0.0,0.0,0.0,0.0,0.0,0.0,0.0,0.0,
1.44,run,0.38,3.57,0.47,0.41,-0.54,0.0,0.0,0.0,0.078,-0.7,-31.29,47.81,-8.35,-15.73,11.51,13.27,-42.63,44.74,10.99,-5.54,9.23,7.47,-42.63,42.01,17.23,8.79,-14.85,-0.13,-34.39,53.43,-8.93,-7.2,10.43,13.72,-48.55,51.35,11.56,-2.47,6.32,7.81,-45.54,47.45,16.91,9.22,-15.7,-0.0037,-0.1708,-0.1361,-0.2552,0.3237,-0.642,0.3921,-0.5152,0.0005,0.3302,0.4096,-0.6904,0.2231,-0.3735,-0.11,0.4833,0.6222,-0.9495,0.019,0.013,0.013,0.0,0.006,0.013,0.006,0.033,0.019,0.006,0.006,0.013,0.006,0.078,0.006,0.0,0.0,0.006,-0.0123,-0.5292,0.8084,-0.1427,-0.2991,0.2071,0.2255,-0.721,0.7486,0.1871,-0.1212,0.1779,0.1319,-0.7332,0.7087,0.3068,0.1381,-0.2592,0.054,-0.3073,0.3097,-0.0483,0.1043,-0.069,0.0376,-0.3061,0.3054,0.0533,0.1636,-0.1749,-0.0012,-0.2133,0.3118,-0.0168,0.177,-0.1003,0.0044,-0.004,0.0049,0.0031,-0.0158,-0.0126,-0.1667,-0.1417,-0.2484,0.2991,-0.6342,0.3902,-0.4848,-0.0303,0.3195,0.3903,-0.676,0.2174,-0.3541,-0.1351,0.491,0.6202,-0.9439,0.0,0.0,0.0,0.0,0.0,0.0,0.0,0.0,0.0,
1.48,run,0.34,3.55,-0.41,-0.4,1.11,0.0,0.0,0.0,0.078,-0.26,-32.52,49.39,-8.7,-14.06,10.81,13.45,-44.3,46.41,11.34,-4.31,7.91,7.73,-43.59,43.68,16.88,9.05,-15.29,0.14,-34.74,54.21,-9.09,-5.87,9.93,13.91,-50.05,52.85,11.95,-1.5,5.43,7.96,-46.65,48.95,16.67,9.51,-15.93,0.004,-0.177,-0.1269,-0.2598,0.3478,-0.6479,0.3974,-0.543,0.0269,0.3414,0.4272,-0.7009,0.2274,-0.3936,-0.0846,0.4764,0.6275,-0.9521,0.019,0.013,0.013,0.0,0.006,0.013,0.006,0.033,0.019,0.006,0.006,0.013,0.006,0.078,0.006,0.0,0.0,0.006,-0.0138,-0.5522,0.833,-0.1488,-0.2746,0.1994,0.2286,-0.7455,0.7747,0.1933,-0.1043,0.1611,0.1319,-0.7501,0.7332,0.3007,0.1457,-0.2638,0.032,-0.3014,0.3088,-0.0569,0.1651,-0.077,0.0378,-0.3063,0.3116,0.0603,0.1778,-0.1857,-0.0008,-0.2126,0.3103,-0.0348,0.1527,-0.0875,0.007,-0.0047,0.0081,0.0071,-0.0094,-0.0037,-0.1708,-0.1361,-0.2552,0.3237,-0.642,0.3921,-0.5152,0.0005,0.3302,0.4096,-0.6904,0.2231,-0.3735,-0.11,0.4833,0.6222,-0.9495,0.0,0.0,0.0,0.0,0.0,0.0,0.0,0.0,0.0,
1.52,run,0.37,3.57,0.77,0.03,-1.68,0.0,0.0,0.0,0.078,0.0,-33.31,50.8,-8.79,-12.66,10.46,13.54,-45.7,47.81,11.51,-3.43,7.03,7.73,-44.38,45.09,16.88,9.14,-15.56,0.58,-34.77,54.39,-9.12,-4.37,8.93,14.15,-51.55,54.35,12.27,-0.29,3.93,8.31,-47.94,50.45,16.5,9.62,-16.07,0.0165,-0.1777,-0.1249,-0.2607,0.3761,-0.6597,0.4043,-0.572,0.0616,0.3507,0.4492,-0.7197,0.2376,-0.4172,-0.0433,0.4716,0.6295,-0.9537,0.019,0.013,0.013,0.0,0.006,0.013,0.006,0.033,0.019,0.006,0.006,0.013,0.006,0.078,0.006,0.0,0.0,0.006,-0.0061,-0.5737,0.8606,-0.1549,-0.2454,0.1871,0.2316,-0.7747,0.8038,0.1994,-0.0828,0.1381,0.1365,-0.767,0.7624,0.2945,0.1503,-0.2715,0.0469,-0.2795,0.3043,-0.0594,0.2086,-0.0931,0.0363,-0.3075,0.3112,0.0618,0.193,-0.2035,0.0141,-0.2027,0.3103,-0.044,0.1215,-0.0857,0.004,-0.0066,-0.0072,-0.007,0.0194,0.004,-0.177,-0.1269,-0.2598,0.3478,-0.6479,0.3974,-0.543,0.0269,0.3414,0.4272,-0.7009,0.2274,-0.3936,-0.0846,0.4764,0.6275,-0.9521,0.0,0.0,0.0,0.0,0.0,0.0,0.0,0.0,0.0,
1.56,run,0.33,3.58,-0.55,-0.31,1.11,0.0,0.0,0.0,0.078,-0.09,-34.01,52.03,-8.88,-11.25,9.84,13.71,-47.11,49.22,12.04,-2.46,5.98,8.17,-45.35,46.49,16.52,9.4,-15.91,0.91,-34.91,54.78,-9.3,-3.27,8.27,14.24,-53.05,55.85,12.72,0.57,2.75,8.71,-49.23,51.95,16.28,9.8,-16.49,0.0261,-0.1801,-0.1202,-0.2657,0.3951,-0.6674,0.4067,-0.5988,0.0914,0.3633,0.4649,-0.7323,0.249,-0.4406,-0.016,0.4653,0.6328,-0.9587,0.019,0.013,0.0,0.013,0.006,0.013,0.0,0.058,0.019,0.006,0.006,0.013,0.006,0.078,0.013,0.006,0.0,0.006,-0.0015,-0.5875,0.8851,-0.1565,-0.2209,0.181,0.2332,-0.7992,0.8283,0.2025,-0.0675,0.1227,0.1365,-0.7808,0.7869,0.2945,0.1519,-0.2761,0.0499,-0.2469,0.3042,-0.0473,0.2372,-0.088,0.0311,-0.3064,0.309,0.0547,0.1921,-0.1994,0.0099,-0.1932,0.3083,-0.0308,0.0908,-0.0771,0.0061,-0.0049,0.0135,0.0006,-0.0293,0.0165,-0.1777,-0.1249,-0.2607,0.3761,-0.6597,0.4043,-0.572,0.0616,0.3507,0.4492,-0.7197,0.2376,-0.4172,-0.0433,0.4716,0.6295,-0.9537,0.0,0.0,0.0,0.0,0.0,0.0,0.0,0.0,0.0,
1.6,run,0.34,3.58,0.31,0.11,0.05,0.0,0.0,0.0,0.078,1.14,-34.45,53.26,-9.14,-9.58,8.88,13.97,-48.78,50.89,12.48,-1.23,4.66,8.53,-46.58,48.25,16.26,9.58,-16.17,1.3,-34.92,54.95,-9.25,-2.0,7.3,14.49,-54.55,57.35,12.88,1.51,1.51,9.02,-50.43,53.45,16.22,9.99,-16.51,0.0372,-0.1803,-0.1182,-0.2644,0.4183,-0.6788,0.414,-0.6214,0.1174,0.368,0.482,-0.7469,0.2578,-0.4623,0.0164,0.4634,0.6362,-0.959,0.019,0.013,0.0,0.013,0.006,0.013,0.0,0.058,0.019,0.006,0.006,0.013,0.006,0.078,0.013,0.006,0.0,0.006,-0.0031,-0.5998,0.9066,-0.158,-0.1963,0.1703,0.2362,-0.8237,0.8529,0.2117,-0.0506,0.1043,0.1442,-0.7977,0.8115,0.2884,0.1565,-0.2823,0.0292,-0.2189,0.2935,-0.0388,0.2581,-0.1019,0.0333,-0.3066,0.3084,0.0728,0.1978,-0.2087,0.0357,-0.1985,0.3079,-0.0446,0.0808,-0.077,0.0026,-0.004,-0.0096,-0.0054,0.0194,0.0261,-0.1801,-0.1202,-0.2657,0.3951,-0.6674,0.4067,-0.5988,0.0914,0.3633,0.4649,-0.7323,0.249,-0.4406,-0.016,0.4653,0.6328,-0.9587,0.0,0.0,0.0,0.0,0.0,0.0,0.0,0.0,0.0,
1.64,run,0.32,3.58,-0.34,-0.38,-0.33,0.0,0.0,0.0,0.078,0.62,-34.45,53.96,-9.14,-8.09,8.44,14.06,-50.19,52.29,12.66,-0.35,3.52,8.61,-47.55,49.57,16.26,9.76,-16.35,1.71,-34.4,54.5,-9.01,-0.67,6.22,14.61,-56.05,58.85,13.06,2.56,0.01,9.48,-51.83,54.95,16.16,10.0,-16.51,0.049,-0.1709,-0.1235,-0.2574,0.4424,-0.6915,0.4175,-0.6443,0.1485,0.373,0.5011,-0.766,0.2708,-0.4878,0.055,0.4617,0.6363,-0.9589,0.019,0.013,0.0,0.013,0.006,0.013,0.0,0.058,0.019,0.006,0.006,0.013,0.006,0.078,0.013,0.006,0.0,0.006,0.0184,-0.6075,0.9281,-0.1626,-0.1672,0.1534,0.2408,-0.8529,0.882,0.2194,-0.0291,0.0813,0.1503,-0.8191,0.8422,0.2838,0.1595,-0.2869,0.088,-0.1774,0.273,-0.0417,0.2724,-0.1244,0.0378,-0.3063,0.3076,0.0751,0.206,-0.2184,0.0443,-0.2065,0.3121,-0.0457,0.0662,-0.0684,0.0039,-0.0033,0.0055,0.0019,0.0008,0.0372,-0.1803,-0.1182,-0.2644,0.4183,-0.6788,0.414,-0.6214,0.1174,0.368,0.482,-0.7469,0.2578,-0.4623,0.0164,0.4634,0.6362,-0.959,0.0,0.0,0.0,0.0,0.0,0.0,0.0,0.0,0.0,
1.68,run,0.42,3.69,0.85,0.74,1.65,0.0,0.0,0.0,0.078,1.93,-34.37,54.58,-9.14,-2.99,5.54,14.68,-55.28,57.39,12.92,2.81,-0.35,9.67,-51.59,54.58,16.17,10.11,-16.35,2.09,-34.22,54.5,-8.87,0.31,5.26,14.81,-57.55,60.35,13.1,3.39,-1.18,9.88,-52.98,56.45,16.11,10.19,-16.47,0.0596,-0.1676,-0.1235,-0.2533,0.4602,-0.7028,0.4232,-0.6637,0.173,0.3744,0.5162,-0.7786,0.2822,-0.5088,0.0804,0.4604,0.6399,-0.9585,0.006,0.0,0.0,0.0,0.006,0.006,0.006,0.019,0.019,0.0,0.0,0.0,0.006,0.039,0.006,0.0,0.0,0.0,0.0092,-0.6075,0.9403,-0.1626,-0.1411,0.1457,0.2424,-0.8774,0.9066,0.2224,-0.0138,0.0614,0.1519,-0.836,0.8652,0.2838,0.1626,-0.2899,0.0274,-0.1242,0.2367,-0.0292,0.2876,-0.1156,0.0321,-0.3057,0.3065,0.064,0.2012,-0.2271,0.0367,-0.2073,0.304,-0.032,0.0578,-0.0593,0.002,-0.0041,-0.0059,-0.0066,-0.0057,0.049,-0.1709,-0.1235,-0.2574,0.4424,-0.6915,0.4175,-0.6443,0.1485,0.373,0.5011,-0.766,0.2708,-0.4878,0.055,0.4617,0.6363,-0.9589,0.0,0.0,0.0,0.0,0.0,0.0,0.0,0.0,0.0,
1.72,run,0.39,3.66,-0.45,-0.65,-1.8,0.0,0.0,0.0,0.078,2.29,-34.28,54.58,-9.14,-1.58,5.36,14.68,-56.34,58.62,12.92,3.25,-0.97,9.67,-52.12,55.63,16.17,10.11,-16.35,3.04,-32.72,53.0,-7.37,1.81,3.76,15.22,-59.05,61.85,12.5,4.89,-2.68,10.95,-54.48,57.95,16.49,10.28,-15.55,0.087,-0.1161,-0.1568,-0.2071,0.5256,-0.7531,0.4348,-0.6993,0.2384,0.3571,0.5672,-0.8306,0.313,-0.5657,0.1714,0.4712,0.6414,-0.9477,0.006,0.0,0.0,0.0,0.006,0.006,0.006,0.019,0.019,0.0,0.0,0.0,0.006,0.039,0.006,0.0,0.0,0.0,0.0322,-0.6059,0.9511,-0.1626,-0.0522,0.0951,0.2531,-0.9664,0.9956,0.227,0.0414,-0.0061,0.1703,-0.9066,0.9526,0.2823,0.1687,-0.2899,0.0427,-0.0853,0.1767,-0.0204,0.2922,-0.1326,0.0335,-0.3048,0.3055,0.0495,0.1973,-0.2279,0.0445,-0.2172,0.3021,-0.0239,0.0467,-0.0415,0.0108,0.0055,0.0148,0.0129,0.0288,0.0596,-0.1676,-0.1235,-0.2533,0.4602,-0.7028,0.4232,-0.6637,0.173,0.3744,0.5162,-0.7786,0.2822,-0.5088,0.0804,0.4604,0.6399,-0.9585,0.0,0.0,0.0,0.0,0.0,0.0,0.0,0.0,0.0,
1.76,run,0.36,3.66,-0.48,0.08,2.3,0.0,0.0,0.0,0.078,1.85,-34.28,54.58,-9.14,-0.7,5.36,14.77,-57.13,59.33,12.92,3.34,-1.23,9.76,-52.38,56.25,16.17,10.11,-16.35,3.39,-31.57,52.03,-7.25,3.31,2.26,15.39,-60.55,63.35,12.5,6.39,-4.18,11.58,-55.98,59.45,16.41,10.47,-15.29,0.0969,-0.1194,-0.1526,-0.2071,0.5281,-0.7523,0.4396,-0.712,0.2598,0.357,0.574,-0.8324,0.331,-0.5763,0.1933,0.4689,0.6449,-0.9446,0.006,0.0,0.0,0.0,0.006,0.006,0.006,0.019,0.019,0.0,0.0,0.0,0.006,0.039,0.006,0.0,0.0,0.0,0.0383,-0.6044,0.9511,-0.1626,-0.0276,0.092,0.2531,-0.9848,1.017,0.227,0.0491,-0.0169,0.1703,-0.9158,0.971,0.2823,0.1687,-0.2899,0.0492,-0.0549,0.1237,-0.0143,0.2819,-0.1025,0.0234,-0.2714,0.2815,0.0346,0.1623,-0.1934,0.0311,-0.1811,0.2695,-0.0168,0.0327,-0.029,0.0077,0.003,-0.0078,-0.0114,-0.0314,0.087,-0.1161,-0.1568,-0.2071,0.5256,-0.7531,0.4348,-0.6993,0.2384,0.3571,0.5672,-0.8306,0.313,-0.5657,0.1714,0.4712,0.6414,-0.9477,0.0,0.0,0.0,0.0,0.0,0.0,0.0,0.0,0.0,
1.8,run,0.37,3.64,-0.27,-0.23,-0.2,0.0,0.0,0.0,0.078,2.9,-34.01,54.14,-9.05,0.35,4.75,14.94,-57.92,60.21,12.83,3.78,-1.67,10.11,-52.91,57.04,16.17,10.2,-16.17,3.57,-31.34,51.94,-7.12,4.66,0.76,15.51,-62.05,64.85,12.36,7.07,-5.68,11.8,-57.02,60.95,16.43,10.65,-15.24,0.1019,-0.1153,-0.1537,-0.2034,0.5392,-0.757,0.4431,-0.7169,0.267,0.3531,0.583,-0.8367,0.3372,-0.5822,0.2071,0.4694,0.6482,-0.944,0.006,0.006,0.006,0.019,0.013,0.013,0.0,0.039,0.026,0.0,0.0,0.013,0.013,0.065,0.006,0.0,0.0,0.006,0.0307,-0.6044,0.9511,-0.1626,-0.0123,0.092,0.2546,-0.9986,1.0293,0.227,0.0506,-0.0215,0.1718,-0.9204,0.9817,0.2823,0.1687,-0.2899,0.0059,-0.0384,0.0866,-0.01,0.2545,-0.0718,0.0221,-0.2414,0.2428,0.0242,0.1193,-0.1525,0.0275,-0.1439,0.2286,-0.0117,0.0229,-0.0203,0.0052,0.0037,-0.0084,0.0014,0.0401,0.0969,-0.1194,-0.1526,-0.2071,0.5281,-0.7523,0.4396,-0.712,0.2598,0.357,0.574,-0.8324,0.331,-0.5763,0.1933,0.4689,0.6449,-0.9446,0.0,0.0,0.0,0.0,0.0,0.0,0.0,0.0,0.0,
1.84,run,0.33,3.65,-0.68,-0.71,-0.05,0.0,0.0,0.0,0.078,3.08,-33.22,53.53,-8.26,1.49,3.96,15.12,-59.15,61.26,12.3,4.48,-2.46,10.99,-53.61,58.18,16.44,10.46,-15.73,3.72,-30.64,51.13,-6.71,5.05,0.09,15.47,-63.55,66.35,12.15,7.48,-6.87,12.05,-57.39,62.45,16.55,10.51,-14.91,0.1063,-0.1025,-0.1631,-0.1918,0.5464,-0.7637,0.4421,-0.7202,0.279,0.347,0.5905,-0.8456,0.3442,-0.589,0.224,0.4729,0.6456,-0.9402,0.006,0.006,0.006,0.019,0.013,0.013,0.0,0.039,0.026,0.0,0.0,0.013,0.013,0.065,0.006,0.0,0.0,0.006,0.0491,-0.5998,0.9434,-0.1611,0.0061,0.0813,0.2577,-1.0124,1.0446,0.2255,0.0583,-0.0291,0.1779,-0.9296,0.9956,0.2823,0.1703,-0.2869,0.0732,-0.0096,0.0318,-0.0012,0.2472,-0.0905,0.027,-0.2208,0.2275,0.0112,0.1123,-0.1355,0.0423,-0.1352,0.2118,-0.0082,0.0218,-0.0027,0.0058,0.0014,-0.0047,-0.0041,-0.0036,0.1019,-0.1153,-0.1537,-0.2034,0.5392,-0.757,0.4431,-0.7169,0.267,0.3531,0.583,-0.8367,0.3372,-0.5822,0.2071,0.4694,0.6482,-0.944,0.0,0.0,0.0,0.0,0.0,0.0,0.0,0.0,0.0,
1.88,run,0.3,3.66,-0.37,-0.0,0.38,0.0,0.0,0.0,0.078,3.43,-32.43,52.73,-7.03,2.72,2.99,15.29,-60.47,62.58,12.3,5.36,-3.52,11.51,-54.76,59.5,16.35,10.46,-15.38,3.95,-29.7,49.91,-6.1,5.72,-1.13,15.52,-64.82,67.85,11.62,8.13,-8.15,12.32,-57.82,63.95,16.8,10.51,-14.43,0.113,-0.0855,-0.1775,-0.1742,0.5585,-0.778,0.4433,-0.724,0.2935,0.3319,0.6024,-0.8606,0.3519,-0.5967,0.2433,0.4801,0.6456,-0.9345,0.006,0.006,0.006,0.019,0.013,0.013,0.0,0.039,0.026,0.0,0.0,0.013,0.013,0.065,0.006,0.0,0.0,0.006,0.0522,-0.586,0.9327,-0.1473,0.0261,0.0675,0.2608,-1.0339,1.063,0.2163,0.0706,-0.043,0.1933,-0.9419,1.0155,0.2869,0.1749,-0.2792,0.0628,0.0453,-0.0182,0.0511,0.2481,-0.1154,0.0304,-0.2354,0.2286,-0.0268,0.1248,-0.1469,0.0874,-0.1409,0.2234,0.0116,0.0326,0.027,0.0029,0.002,-0.0118,-0.0123,-0.0009,0.1063,-0.1025,-0.1631,-0.1918,0.5464,-0.7637,0.4421,-0.7202,0.279,0.347,0.5905,-0.8456,0.3442,-0.589,0.224,0.4729,0.6456,-0.9402,0.0,0.0,0.0,0.0,0.0,0.0,0.0,0.0,0.0,
1.92,run,0.34,3.7,0.94,0.39,-1.71,0.0,0.0,0.0,0.078,4.13,-31.46,51.86,-7.21,3.78,1.58,15.29,-61.88,63.9,12.04,6.42,-4.92,12.04,-55.81,60.91,16.61,10.46,-14.94,4.15,-28.79,48.64,-5.45,6.6,-2.56,15.6,-64.99,69.35,11.12,8.72,-9.3,12.6,-58.32,65.45,17.02,10.5,-13.89,0.1187,-0.0688,-0.1924,-0.1557,0.5745,-0.7949,0.4456,-0.7271,0.3083,0.3178,0.6131,-0.8741,0.3599,-0.6058,0.2621,0.4862,0.6455,-0.9281,0.0,0.006,0.006,0.019,0.006,0.013,0.006,0.019,0.019,0.006,0.006,0.006,0.006,0.045,0.013,0.006,0.0,0.006,0.0583,-0.5722,0.9189,-0.1258,0.0476,0.0506,0.2638,-1.0569,1.0861,0.2163,0.0859,-0.0614,0.2025,-0.9618,1.0385,0.2853,0.1749,-0.273,0.0669,0.0832,-0.0643,0.116,0.2539,-0.1438,0.0328,-0.2507,0.2459,-0.0188,0.1447,-0.1715,0.0955,-0.1731,0.2423,0.0024,0.0228,0.0418,0.0005,0.0036,-0.0064,-0.0001,0.0066,0.113,-0.0855,-0.1775,-0.1742,0.5585,-0.778,0.4433,-0.724,0.2935,0.3319,0.6024,-0.8606,0.3519,-0.5967,0.2433,0.4801,0.6456,-0.9345,0.0,0.0,0.0,0.0,0.0,0.0,0.0,0.0,0.0,
1.96,run,0.31,3.69,-1.42,-0.57,3.65,0.0,0.0,0.0,0.078,3.78,-30.5,50.8,-6.59,4.83,0.26,15.29,-63.11,65.3,11.34,7.29,-6.42,12.3,-56.78,62.31,16.88,10.46,-14.5,4.34,-27.65,47.36,-4.77,7.3,-3.74,15.66,-65.17,70.85,10.71,9.32,-10.31,12.93,-58.86,66.95,17.2,10.49,-13.32,0.1239,-0.0482,-0.2076,-0.1364,0.5872,-0.8087,0.4474,-0.7303,0.3225,0.3059,0.6241,-0.886,0.3694,-0.6157,0.2836,0.4915,0.6453,-0.9214,0.0,0.006,0.006,0.019,0.006,0.013,0.006,0.019,0.019,0.006,0.006,0.006,0.006,0.045,0.013,0.006,0.0,0.006,0.0706,-0.5553,0.9035,-0.1289,0.066,0.0261,0.2638,-1.0815,1.1091,0.2117,0.1043,-0.0859,0.2117,-0.9802,1.063,0.2899,0.1749,-0.2654,0.0928,0.1215,-0.1025,0.0697,0.2467,-0.1926,0.0229,-0.2675,0.2584,-0.0304,0.1702,-0.212,0.1014,-0.1901,0.2616,0.0189,0.016,0.058,0.0035,0.0066,0.0164,0.0069,-0.0298,0.1187,-0.0688,-0.1924,-0.1557,0.5745,-0.7949,0.4456,-0.7271,0.3083,0.3178,0.6131,-0.8741,0.3599,-0.6058,0.2621,0.4862,0.6455,-0.9281,0.0,0.0,0.0,0.0,0.0,0.0,0.0,0.0,0.0,
2.0,run,0.33,3.68,0.35,-0.12,-3.24,0.0,0.0,0.0,0.078,4.22,-29.71,49.83,-5.27,5.62,-0.97,15.29,-63.98,66.62,11.25,8.09,-7.65,12.48,-57.57,63.72,17.05,10.46,-14.15,4.58,-26.7,46.06,-4.13,8.16,-4.79,15.83,-65.06,72.35,10.06,10.06,-11.23,13.18,-58.9,68.45,17.34,10.59,-12.44,0.131,-0.0309,-0.2228,-0.1181,0.6029,-0.8211,0.4522,-0.7283,0.3351,0.2875,0.6374,-0.8968,0.3765,-0.6164,0.303,0.4955,0.6471,-0.9111,0.0,0.006,0.006,0.019,0.006,0.013,0.006,0.019,0.019,0.006,0.006,0.006,0.006,0.045,0.013,0.006,0.0,0.006,0.0644,-0.5384,0.8851,-0.1181,0.0844,0.0031,0.2638,-1.1029,1.1336,0.1994,0.1197,-0.112,0.2163,-0.9971,1.0876,0.2945,0.1749,-0.2577,0.0432,0.145,-0.1371,0.0869,0.2381,-0.2165,0.0161,-0.2635,0.268,-0.0649,0.1736,-0.241,0.0873,-0.193,0.2703,0.0296,0.0112,0.0678,0.0013,0.0058,-0.0248,-0.0099,0.0637,0.1239,-0.0482,-0.2076,-0.1364,0.5872,-0.8087,0.4474,-0.7303,0.3225,0.3059,0.6241,-0.886,0.3694,-0.6157,0.2836,0.4915,0.6453,-0.9214,0.0,0.0,0.0,0.0,0.0,0.0,0.0,0.0,0.0,
2.04,run,0.31,3.7,-0.63,-0.3,0.77,0.0,0.0,0.0,0.078,4.48,-28.74,48.87,-5.27,6.5,-2.29,15.56,-64.6,68.03,10.55,8.88,-8.88,12.92,-58.18,65.04,17.23,10.46,-13.62,4.77,-25.61,44.83,-3.52,8.84,-6.25,15.8,-65.5,73.85,9.61,10.5,-12.13,13.58,-59.76,69.95,17.62,10.55,-12.23,0.1363,-0.011,-0.2373,-0.1004,0.6153,-0.8383,0.4514,-0.7363,0.3532,0.2745,0.6454,-0.9074,0.388,-0.632,0.3192,0.5033,0.6463,-0.9086,0.006,0.013,0.006,0.019,0.006,0.013,0.0,0.006,0.019,0.013,0.0,0.013,0.006,0.033,0.013,0.0,0.0,0.013,0.0721,-0.5246,0.8682,-0.0951,0.0982,-0.0184,0.2638,-1.1183,1.1566,0.1979,0.1335,-0.1335,0.2194,-1.0109,1.1121,0.2976,0.1749,-0.2516,0.0587,0.1528,-0.1587,0.1464,0.218,-0.2315,0.0112,-0.2415,0.2732,-0.0511,0.1729,-0.2486,0.0725,-0.1865,0.2805,0.0321,0.0078,0.0703,0.0025,0.0051,0.0061,-0.0021,-0.0566,0.131,-0.0309,-0.2228,-0.1181,0.6029,-0.8211,0.4522,-0.7283,0.3351,0.2875,0.6374,-0.8968,0.3765,-0.6164,0.303,0.4955,0.6471,-0.9111,0.0,0.0,0.0,0.0,0.0,0.0,0.0,0.0,0.0,
2.08,run,0.29,3.7,-0.64,0.16,2.8,0.0,0.0,0.0,0.078,4.57,-27.77,47.55,-5.01,7.38,-3.6,15.64,-65.04,69.43,9.93,9.58,-10.11,13.27,-58.71,66.45,17.4,10.46,-13.01,4.95,-24.52,43.46,-2.82,9.46,-6.95,15.85,-65.18,75.35,8.96,11.09,-12.68,13.8,-59.67,71.45,17.72,10.62,-11.3,0.1413,0.0087,-0.2534,-0.0807,0.6265,-0.8465,0.4527,-0.7305,0.36,0.2559,0.6561,-0.9138,0.3942,-0.6304,0.3356,0.5062,0.6476,-0.8977,0.006,0.013,0.006,0.019,0.006,0.013,0.0,0.006,0.019,0.013,0.0,0.013,0.006,0.033,0.013,0.0,0.0,0.013,0.0767,-0.5077,0.8514,-0.0951,0.1135,-0.0414,0.2684,-1.129,1.1812,0.1856,0.1473,-0.1549,0.227,-1.0216,1.1351,0.3007,0.1749,-0.2424,0.0584,0.1703,-0.1744,0.1025,0.2101,-0.2483,0.0251,-0.2093,0.2833,-0.0818,0.1728,-0.2546,0.0795,-0.1708,0.2826,0.034,0.0055,0.0837,0.0009,0.0068,-0.011,-0.0053,0.0135,0.1363,-0.011,-0.2373,-0.1004,0.6153,-0.8383,0.4514,-0.7363,0.3532,0.2745,0.6454,-0.9074,0.388,-0.632,0.3192,0.5033,0.6463,-0.9086,0.0,0.0,0.0,0.0,0.0,0.0,0.0,0.0,0.0,
2.12,run,0.32,3.69,0.35,-0.04,-1.27,0.0,0.0,0.0,0.078,4.92,-26.72,46.49,-3.87,8.17,-4.83,15.64,-65.3,70.84,9.49,10.2,-11.07,13.45,-59.24,67.94,17.49,10.55,-12.48,5.1,-23.32,42.0,-2.11,10.14,-7.79,15.87,-64.94,76.85,8.29,11.63,-13.21,14.02,-59.73,72.95,17.85,10.69,-10.57,0.1457,0.0305,-0.2706,-0.0604,0.6389,-0.8563,0.4533,-0.7261,0.3675,0.2369,0.666,-0.9201,0.4005,-0.6315,0.3492,0.51,0.6488,-0.8891,0.006,0.013,0.006,0.019,0.006,0.013,0.0,0.006,0.019,0.013,0.0,0.013,0.006,0.033,0.013,0.0,0.0,0.013,0.0782,-0.4909,0.8283,-0.0905,0.1289,-0.0644,0.27,-1.1367,1.2057,0.1749,0.1595,-0.1764,0.2332,-1.0308,1.1597,0.3037,0.1749,-0.2316,0.0466,0.1825,-0.2084,0.089,0.2046,-0.2601,0.0233,-0.1753,0.2904,-0.0975,0.167,-0.2588,0.0787,-0.1541,0.2899,0.0353,0.0038,0.0989,-0.0011,0.0066,-0.0112,0.0029,0.0488,0.1413,0.0087,-0.2534,-0.0807,0.6265,-0.8465,0.4527,-0.7305,0.36,0.2559,0.6561,-0.9138,0.3942,-0.6304,0.3356,0.5062,0.6476,-0.8977,0.0,0.0,0.0,0.0,0.0,0.0,0.0,0.0,0.0,
2.16,run,0.3,3.66,-0.47,-0.61,-0.36,0.0,0.0,0.0,0.078,5.1,-25.66,45.26,-2.99,8.96,-5.98,15.64,-65.04,72.25,8.88,10.81,-12.04,13.89,-59.41,69.35,17.75,10.55,-11.87,5.25,-22.12,40.5,-1.38,10.67,-8.96,15.76,-64.96,78.35,7.7,11.97,-13.89,14.31,-60.23,74.45,18.05,10.66,-10.09,0.1499,0.0525,-0.2887,-0.0395,0.6486,-0.8701,0.4502,-0.7266,0.379,0.2201,0.6722,-0.9281,0.4089,-0.6405,0.3607,0.5158,0.6483,-0.8834,0.0,0.013,0.013,0.006,0.006,0.013,0.006,0.0,0.019,0.0,0.0,0.006,0.0,0.033,0.006,0.006,0.0,0.006,0.0844,-0.4725,0.8099,-0.0706,0.1427,-0.0859,0.27,-1.1413,1.2303,0.1672,0.1703,-0.1933,0.2362,-1.04,1.1858,0.3053,0.1764,-0.2224,0.0556,0.1967,-0.2149,0.1371,0.195,-0.2626,0.0163,-0.14,0.2953,-0.097,0.1572,-0.2444,0.0666,-0.1424,0.3007,0.0305,0.0084,0.1037,0.0018,0.0055,0.0061,-0.0007,-0.0222,0.1457,0.0305,-0.2706,-0.0604,0.6389,-0.8563,0.4533,-0.7261,0.3675,0.2369,0.666,-0.9201,0.4005,-0.6315,0.3492,0.51,0.6488,-0.8891,0.0,0.0,0.0,0.0,0.0,0.0,0.0,0.0,0.0,
2.2,run,0.3,3.69,-0.11,0.45,1.9,0.0,0.0,0.0,0.078,5.1,-24.61,43.95,-2.9,9.76,-7.12,15.64,-64.95,73.65,8.17,11.34,-12.92,14.06,-59.5,70.75,17.84,10.55,-11.07,5.41,-20.8,39.0,-0.57,11.18,-9.76,15.66,-64.6,79.85,6.92,12.41,-14.34,14.53,-60.22,75.95,18.18,10.68,-9.21,0.1544,0.0764,-0.309,-0.0163,0.6578,-0.8796,0.4475,-0.72,0.3852,0.1977,0.6801,-0.9334,0.4153,-0.6404,0.3716,0.5193,0.6487,-0.873,0.0,0.013,0.013,0.006,0.006,0.013,0.006,0.0,0.019,0.0,0.0,0.006,0.0,0.033,0.006,0.006,0.0,0.006,0.0874,-0.4541,0.7885,-0.0552,0.1565,-0.1058,0.27,-1.1367,1.2548,0.1565,0.181,-0.2102,0.2439,-1.0431,1.2103,0.3099,0.1764,-0.2117,0.0504,0.2067,-0.2309,0.1534,0.1882,-0.2586,0.0114,-0.0807,0.2987,-0.1082,0.1503,-0.2343,0.0754,-0.1112,0.3025,0.0386,0.0059,0.1129,0.0006,0.0034,-0.0081,-0.0107,-0.0062,0.1499,0.0525,-0.2887,-0.0395,0.6486,-0.8701,0.4502,-0.7266,0.379,0.2201,0.6722,-0.9281,0.4089,-0.6405,0.3607,0.5158,0.6483,-0.8834,0.0,0.0,0.0,0.0,0.0,0.0,0.0,0.0,0.0,
2.24,run,0.32,3.72,0.55,0.44,-0.2,0.0,0.0,0.0,0.078,5.45,-23.55,42.63,-2.02,10.37,-8.09,15.64,-64.86,75.06,7.73,11.87,-13.62,14.24,-59.94,72.25,17.93,10.55,-10.46,5.51,-19.51,37.5,0.2,11.66,-10.33,15.6,-64.04,81.35,6.19,12.79,-14.57,14.71,-60.03,77.45,18.22,10.74,-8.32,0.1575,0.0998,-0.3289,0.0057,0.6666,-0.8863,0.4457,-0.7098,0.3876,0.1767,0.6872,-0.9362,0.4203,-0.637,0.3799,0.5206,0.6498,-0.8625,0.0,0.013,0.013,0.006,0.006,0.013,0.006,0.0,0.019,0.0,0.0,0.006,0.0,0.033,0.006,0.006,0.0,0.006,0.0874,-0.4357,0.7655,-0.0537,0.1703,-0.1258,0.27,-1.1351,1.2793,0.1442,0.1902,-0.2255,0.247,-1.0446,1.2349,0.3114,0.1764,-0.1979,0.0353,0.2137,-0.2479,0.1132,0.1836,-0.2558,0.008,-0.0508,0.3011,-0.1217,0.1397,-0.2216,0.0643,-0.0836,0.3038,0.0328,0.0041,0.1308,0.0004,0.0056,-0.002,0.0078,0.0331,0.1544,0.0764,-0.309,-0.0163,0.6578,-0.8796,0.4475,-0.72,0.3852,0.1977,0.6801,-0.9334,0.4153,-0.6404,0.3716,0.5193,0.6487,-0.873,0.0,0.0,0.0,0.0,0.0,0.0,0.0,0.0,0.0,
2.28,run,0.29,3.69,-0.53,-0.52,-0.98,0.0,0.0,0.0,0.078,5.19,-22.32,41.31,-0.88,10.9,-9.05,15.64,-64.34,76.46,6.94,12.3,-14.24,14.59,-59.85,73.65,18.11,10.55,-9.76,5.6,-18.25,36.0,0.93,12.1,-11.29,15.46,-63.69,82.85,5.58,13.1,-15.05,14.9,-60.1,78.95,18.35,10.69,-7.62,0.1601,0.1227,-0.3488,0.0267,0.6745,-0.8975,0.4418,-0.7034,0.3939,0.1596,0.6927,-0.9417,0.4257,-0.6383,0.3883,0.5243,0.6488,-0.8544,0.006,0.006,0.013,0.006,0.0,0.006,0.006,0.0,0.019,0.006,0.006,0.006,0.006,0.006,0.013,0.006,0.006,0.006,0.0936,-0.4172,0.7424,-0.0383,0.181,-0.1427,0.27,-1.1336,1.3039,0.1365,0.1994,-0.2378,0.25,-1.0523,1.2609,0.3129,0.1764,-0.1871,0.0476,0.2183,-0.2594,0.1364,0.1685,-0.242,0.0056,-0.0298,0.3024,-0.1138,0.1321,-0.2009,0.0564,-0.0871,0.3099,0.0287,0.0029,0.1316,0.0018,0.0082,0.0096,0.0077,-0.0034,0.1575,0.0998,-0.3289,0.0057,0.6666,-0.8863,0.4457,-0.7098,0.3876,0.1767,0.6872,-0.9362,0.4203,-0.637,0.3799,0.5206,0.6498,-0.8625,0.0,0.0,0.0,0.0,0.0,0.0,0.0,0.0,0.0,
2.32,run,0.31,3.68,-0.01,0.23,1.42,0.0,0.0,0.0,0.078,5.8,-20.92,39.64,-0.53,11.6,-10.11,15.64,-63.9,78.05,6.06,12.74,-14.85,14.77,-59.85,75.23,18.28,10.63,-8.79,5.76,-16.91,34.5,1.71,12.5,-12.01,15.31,-63.22,84.35,4.81,13.44,-15.44,15.08,-60.09,80.45,18.45,10.71,-6.76,0.1645,0.1471,-0.3689,0.0488,0.6817,-0.906,0.4375,-0.695,0.3996,0.1374,0.6988,-0.9464,0.4308,-0.6379,0.3944,0.5271,0.6493,-0.8443,0.006,0.006,0.013,0.006,0.0,0.006,0.006,0.0,0.019,0.006,0.006,0.006,0.006,0.006,0.013,0.006,0.006,0.006,0.089,-0.3958,0.7194,-0.0184,0.1902,-0.1595,0.27,-1.1244,1.3284,0.1227,0.2071,-0.2485,0.2562,-1.0508,1.2855,0.316,0.1764,-0.1749,0.016,0.2335,-0.268,0.1704,0.1526,-0.2328,0.0039,0.0137,0.3039,-0.1316,0.1213,-0.181,0.0626,-0.0552,0.3092,0.0316,0.002,0.1382,-0.0006,0.006,-0.0093,-0.0091,-0.0171,0.1601,0.1227,-0.3488,0.0267,0.6745,-0.8975,0.4418,-0.7034,0.3939,0.1596,0.6927,-0.9417,0.4257,-0.6383,0.3883,0.5243,0.6488,-0.8544,0.0,0.0,0.0,0.0,0.0,0.0,0.0,0.0,0.0,
2.36,run,0.3,3.69,-0.65,-0.51,-0.33,0.0,0.0,0.0,0.078,5.71,-19.78,38.41,0.26,11.95,-10.9,15.64,-63.72,79.54,5.54,13.01,-15.03,14.85,-59.85,76.73,18.28,10.63,-8.17,5.86,-15.41,33.0,2.64,12.91,-12.42,15.12,-62.21,85.85,4.04,13.81,-15.71,15.18,-59.55,81.95,18.45,10.59,-5.47,0.1673,0.1761,-0.3963,0.0754,0.6893,-0.9109,0.4319,-0.6765,0.4001,0.1155,0.7056,-0.9495,0.4338,-0.6283,0.4022,0.5272,0.6471,-0.8291,0.006,0.006,0.013,0.006,0.0,0.006,0.006,0.0,0.019,0.006,0.006,0.006,0.006,0.006,0.013,0.006,0.006,0.006,0.0997,-0.3712,0.6903,-0.0123,0.2025,-0.1779,0.27,-1.1167,1.356,0.1074,0.2148,-0.2592,0.2592,-1.0508,1.3131,0.3191,0.1779,-0.158,0.0456,0.2419,-0.2808,0.1389,0.146,-0.2218,0.0027,0.0341,0.301,-0.1412,0.1094,-0.161,0.0536,-0.0386,0.3047,0.0319,0.0063,0.1507,0.0009,0.0051,-0.0001,0.0039,0.0248,0.1645,0.1471,-0.3689,0.0488,0.6817,-0.906,0.4375,-0.695,0.3996,0.1374,0.6988,-0.9464,0.4308,-0.6379,0.3944,0.5271,0.6493,-0.8443,0.0,0.0,0.0,0.0,0.0,0.0,0.0,0.0,0.0,
2.4,run,0.3,3.74,0.29,0.29,-0.15,0.0,0.0,0.0,0.078,5.8,-18.72,37.0,1.14,12.39,-11.69,15.64,-63.19,80.95,4.92,13.36,-15.56,14.94,-59.77,78.13,18.37,10.63,-7.47,5.97,-14.09,31.5,3.32,13.16,-13.09,14.99,-61.62,87.35,3.45,14.01,-16.07,15.32,-59.47,83.45,18.51,10.51,-4.7,0.1705,0.1983,-0.4155,0.0949,0.6938,-0.9187,0.4283,-0.6659,0.4049,0.0986,0.7093,-0.9537,0.4378,-0.6268,0.4067,0.5287,0.6456,-0.8201,0.006,0.013,0.013,0.006,0.0,0.019,0.006,0.006,0.026,0.006,0.0,0.006,0.0,0.0,0.006,0.006,0.0,0.013,0.0982,-0.3513,0.6688,0.0015,0.2086,-0.1917,0.27,-1.1137,1.3821,0.0982,0.2194,-0.2623,0.2608,-1.0508,1.3392,0.3191,0.1779,-0.1473,0.0262,0.244,-0.277,0.1489,0.1252,-0.207,0.0019,0.0354,0.3083,-0.1333,0.0938,-0.1242,0.0433,-0.0271,0.3109,0.0223,0.0044,0.1457,-0.0001,0.0062,-0.0113,-0.0089,-0.0058,0.1673,0.1761,-0.3963,0.0754,0.6893,-0.9109,0.4319,-0.6765,0.4001,0.1155,0.7056,-0.9495,0.4338,-0.6283,0.4022,0.5272,0.6471,-0.8291,0.0,0.0,0.0,0.0,0.0,0.0,0.0,0.0,0.0,
2.44,run,0.32,3.76,0.11,0.2,1.39,0.0,0.0,0.0,0.078,5.98,-17.31,35.6,1.76,12.83,-12.39,15.29,-62.49,82.35,4.13,13.8,-15.91,15.21,-59.59,79.45,18.46,10.63,-6.5,6.06,-12.76,30.0,4.02,13.6,-13.64,14.76,-60.94,88.85,2.84,14.3,-16.29,15.41,-59.3,84.95,18.52,10.46,-3.84,0.1732,0.2226,-0.4365,0.1147,0.7018,-0.9252,0.4217,-0.6534,0.407,0.0812,0.7145,-0.9564,0.4403,-0.6236,0.411,0.5293,0.6448,-0.8098,0.006,0.013,0.013,0.006,0.0,0.019,0.006,0.006,0.026,0.006,0.0,0.006,0.0,0.0,0.006,0.006,0.0,0.013,0.0997,-0.3329,0.6443,0.0169,0.2163,-0.2056,0.27,-1.1045,1.4067,0.0874,0.2255,-0.2715,0.2623,-1.0492,1.3637,0.3206,0.1779,-0.135,0.0241,0.2398,-0.2859,0.1617,0.1164,-0.1966,0.0013,0.0593,0.3078,-0.1335,0.0887,-0.1214,0.036,-0.0132,0.3096,0.0214,0.0031,0.148,0.0002,0.0099,0.0051,0.0051,-0.0026,0.1705,0.1983,-0.4155,0.0949,0.6938,-0.9187,0.4283,-0.6659,0.4049,0.0986,0.7093,-0.9537,0.4378,-0.6268,0.4067,0.5287,0.6456,-0.8201,0.0,0.0,0.0,0.0,0.0,0.0,0.0,0.0,0.0,
2.48,run,0.27,3.72,-1.4,-1.08,-0.62,0.0,0.0,0.0,0.078,5.8,-16.08,34.19,2.64,13.1,-13.01,15.03,-61.79,83.76,3.52,13.97,-16.17,15.21,-59.5,80.95,18.46,10.63,-5.62,6.17,-11.32,28.5,4.8,13.94,-13.88,14.49,-59.97,90.35,2.22,14.53,-16.53,15.45,-58.87,86.45,18.52,10.35,-2.64,0.1764,0.2488,-0.4608,0.1372,0.708,-0.928,0.4141,-0.6357,0.4077,0.0634,0.7188,-0.9592,0.4414,-0.6158,0.4151,0.5291,0.6428,-0.7958,0.006,0.013,0.013,0.006,0.0,0.019,0.006,0.006,0.026,0.006,0.0,0.006,0.0,0.0,0.006,0.006,0.0,0.013,0.1028,-0.3083,0.6197,0.0276,0.224,-0.2178,0.2638,-1.0922,1.4312,0.0736,0.2332,-0.2777,0.2669,-1.0462,1.3867,0.3221,0.1779,-0.1181,0.0283,0.2595,-0.2918,0.1533,0.1101,-0.1835,-0.022,0.0873,0.3071,-0.145,0.0907,-0.1079,0.0424,0.0022,0.3027,0.0207,0.0022,0.1666,0.0019,0.0123,0.0019,0.0035,0.0243,0.1732,0.2226,-0.4365,0.1147,0.7018,-0.9252,0.4217,-0.6534,0.407,0.0812,0.7145,-0.9564,0.4403,-0.6236,0.411,0.5293,0.6448,-0.8098,0.0,0.0,0.0,0.0,0.0,0.0,0.0,0.0,0.0,
2.52,run,0.3,3.73,0.42,0.41,1.1,0.0,0.0,0.0,0.078,6.15,-14.85,32.78,3.34,13.54,-13.54,14.77,-60.91,85.17,2.72,14.33,-16.35,15.29,-59.06,82.35,18.37,10.63,-4.75,6.31,-9.97,27.0,5.47,14.15,-14.19,14.29,-59.23,91.85,1.69,14.67,-16.71,15.53,-58.77,87.95,18.52,10.18,-1.67,0.1803,0.2732,-0.4801,0.1563,0.7119,-0.9317,0.4084,-0.6224,0.4118,0.0484,0.7213,-0.9613,0.4436,-0.614,0.4175,0.529,0.6396,-0.7844,0.0,0.006,0.013,0.013,0.006,0.006,0.006,0.006,0.026,0.006,0.0,0.013,0.013,0.006,0.006,0.006,0.006,0.013,0.0997,-0.2869,0.5952,0.043,0.2286,-0.2286,0.2592,-1.0799,1.4557,0.0629,0.2362,-0.2823,0.2669,-1.0446,1.4128,0.3221,0.1779,-0.1028,0.0083,0.2626,-0.2967,0.1651,0.0944,-0.1689,-0.0327,0.1073,0.3074,-0.142,0.0751,-0.0929,0.0297,0.0073,0.3101,0.0145,0.0015,0.1744,-0.0022,0.0086,-0.0244,-0.0188,-0.0109,0.1764,0.2488,-0.4608,0.1372,0.708,-0.928,0.4141,-0.6357,0.4077,0.0634,0.7188,-0.9592,0.4414,-0.6158,0.4151,0.5291,0.6428,-0.7958,0.0,0.0,0.0,0.0,0.0,0.0,0.0,0.0,0.0,
2.56,run,0.3,3.73,-0.1,-0.07,-0.06,0.0,0.0,0.0,0.078,6.24,-13.45,31.38,4.13,13.89,-13.97,14.5,-60.12,86.57,2.11,14.5,-16.61,15.29,-58.89,83.76,18.46,10.63,-3.69,6.39,-8.59,25.5,6.2,14.49,-14.27,13.94,-58.1,93.35,1.19,14.84,-16.84,15.52,-58.29,89.45,18.44,9.96,-0.61,0.1826,0.2984,-0.5053,0.177,0.7179,-0.9326,0.3984,-0.6019,0.4101,0.0339,0.7244,-0.9628,0.4435,-0.6054,0.4203,0.527,0.6357,-0.7719,0.0,0.006,0.013,0.013,0.006,0.006,0.006,0.006,0.026,0.006,0.0,0.013,0.013,0.006,0.006,0.006,0.006,0.013,0.1058,-0.2654,0.5706,0.0552,0.2362,-0.2378,0.2546,-1.0646,1.4803,0.0491,0.2424,-0.2853,0.2684,-1.037,1.4373,0.3206,0.1779,-0.0874,0.0288,0.2643,-0.2997,0.1616,0.0948,-0.1527,-0.0402,0.1326,0.3072,-0.1511,0.0755,-0.0765,0.0265,0.0339,0.3091,0.0044,0.0011,0.1796,0.0004,0.0091,0.0073,0.0071,0.0192,0.1803,0.2732,-0.4801,0.1563,0.7119,-0.9317,0.4084,-0.6224,0.4118,0.0484,0.7213,-0.9613,0.4436,-0.614,0.4175,0.529,0.6396,-0.7844,0.0,0.0,0.0,0.0,0.0,0.0,0.0,0.0,0.0,
2.6,run,0.3,3.72,-0.01,-0.02,-0.41,0.0,0.0,0.0,0.078,6.42,-12.22,29.88,4.83,14.15,-14.24,14.41,-59.41,87.98,1.58,14.68,-16.79,15.29,-58.89,85.25,18.37,10.46,-2.81,6.48,-7.26,24.0,6.85,14.66,-14.42,13.65,-57.2,94.85,0.75,14.92,-16.91,15.55,-58.05,90.95,18.39,9.71,0.35,0.1853,0.3226,-0.5262,0.1957,0.7211,-0.9343,0.39,-0.5854,0.4106,0.0213,0.7258,-0.9637,0.4442,-0.6008,0.4213,0.5254,0.6311,-0.7606,0.0,0.006,0.013,0.013,0.006,0.006,0.006,0.006,0.026,0.006,0.0,0.013,0.013,0.006,0.006,0.006,0.006,0.013,0.1074,-0.2408,0.5461,0.069,0.2424,-0.2454,0.25,-1.0508,1.5048,0.0383,0.2454,-0.2899,0.2684,-1.0339,1.4619,0.3221,0.1779,-0.069,0.0259,0.2769,-0.3016,0.1648,0.0894,-0.1356,-0.0453,0.1445,0.3069,-0.146,0.0644,-0.0708,0.0186,0.0352,0.3082,0.0088,0.0007,0.1946,-0.0001,0.009,-0.0017,-0.0013,-0.001,0.1826,0.2984,-0.5053,0.177,0.7179,-0.9326,0.3984,-0.6019,0.4101,0.0339,0.7244,-0.9628,0.4435,-0.6054,0.4203,0.527,0.6357,-0.7719,0.0,0.0,0.0,0.0,0.0,0.0,0.0,0.0,0.0,
2.64,run,0.33,3.74,0.62,0.33,0.1,0.0,0.0,0.0,0.078,6.42,-10.72,28.56,5.54,14.41,-14.24,13.97,-58.45,89.38,0.97,14.85,-16.79,15.29,-58.18,86.66,18.37,10.2,-1.76,6.55,-6.05,22.5,7.43,14.83,-14.65,13.39,-56.26,96.35,0.38,14.98,-16.96,15.55,-57.76,92.45,18.31,9.4,1.26,0.1872,0.3445,-0.5459,0.2123,0.7241,-0.9371,0.3824,-0.5683,0.4104,0.0109,0.727,-0.9643,0.4442,-0.5957,0.4229,0.5231,0.6255,-0.7499,0.006,0.006,0.013,0.006,0.0,0.013,0.006,0.006,0.026,0.006,0.0,0.0,0.013,0.006,0.006,0.0,0.013,0.006,0.1104,-0.2194,0.52,0.0813,0.247,-0.25,0.2485,-1.0385,1.5294,0.0291,0.2485,-0.293,0.2684,-1.0339,1.488,0.3206,0.1749,-0.0537,0.0297,0.2745,-0.3092,0.1615,0.0798,-0.1122,-0.0375,0.1473,0.3071,-0.1368,0.0566,-0.0611,0.013,0.0246,0.3138,0.0004,-0.011,0.1939,-0.0002,0.0088,-0.0003,-0.0003,-0.0071,0.1853,0.3226,-0.5262,0.1957,0.7211,-0.9343,0.39,-0.5854,0.4106,0.0213,0.7258,-0.9637,0.4442,-0.6008,0.4213,0.5254,0.6311,-0.7606,0.0,0.0,0.0,0.0,0.0,0.0,0.0,0.0,0.0,
2.68,run,0.32,3.71,-0.27,-0.36,-0.56,0.0,0.0,0.0,0.078,6.42,-9.4,27.16,6.24,14.68,-14.5,13.62,-57.57,90.79,0.53,14.85,-16.88,15.29,-57.92,88.07,18.37,10.02,-0.79,6.61,-4.95,21.0,8.01,14.91,-14.61,13.05,-55.25,97.85,0.04,14.94,-16.96,15.56,-57.44,93.95,18.19,9.09,2.0,0.1887,0.3645,-0.5674,0.2287,0.7257,-0.9366,0.373,-0.55,0.4073,0.0012,0.7262,-0.9643,0.4446,-0.5897,0.4225,0.5198,0.6197,-0.7412,0.006,0.006,0.013,0.006,0.0,0.013,0.006,0.006,0.026,0.006,0.0,0.0,0.013,0.006,0.006,0.0,0.013,0.006,0.1104,-0.1933,0.497,0.0936,0.2516,-0.25,0.2408,-1.0216,1.5539,0.0184,0.2516,-0.293,0.2684,-1.0216,1.5125,0.3206,0.1703,-0.0353,0.0208,0.2899,-0.3027,0.159,0.0731,-0.0786,-0.055,0.1664,0.307,-0.136,0.0511,-0.0428,0.0091,0.0632,0.3116,0.0003,-0.025,0.2047,0.0027,0.01,0.0108,0.0058,0.0018,0.1872,0.3445,-0.5459,0.2123,0.7241,-0.9371,0.3824,-0.5683,0.4104,0.0109,0.727,-0.9643,0.4442,-0.5957,0.4229,0.5231,0.6255,-0.7499,0.0,0.0,0.0,0.0,0.0,0.0,0.0,0.0,0.0,
2.72,run,0.33,3.7,0.33,0.05,-0.67,0.0,0.0,0.0,0.078,6.5,-8.17,25.66,6.86,14.77,-14.59,13.36,-56.69,92.2,0.35,14.85,-16.88,15.29,-57.74,89.47,18.37,9.84,0.18,6.66,-3.87,19.5,8.53,14.93,-14.6,12.79,-54.39,99.35,-0.26,14.87,-16.88,15.56,-57.26,95.45,18.07,8.71,2.75,0.1902,0.3841,-0.5846,0.2437,0.7261,-0.9365,0.3655,-0.5344,0.4065,-0.0073,0.725,-0.9633,0.4446,-0.5865,0.4219,0.5162,0.613,-0.7323,0.006,0.006,0.013,0.006,0.0,0.013,0.006,0.006,0.026,0.006,0.0,0.0,0.013,0.006,0.006,0.0,0.013,0.006,0.1104,-0.1703,0.4725,0.1058,0.2562,-0.2546,0.2347,-1.0063,1.5785,0.0107,0.2516,-0.2945,0.2684,-1.017,1.537,0.3206,0.1672,-0.0184,0.0145,0.2893,-0.3039,0.1574,0.0685,-0.0723,-0.0615,0.174,0.3069,-0.124,0.0358,-0.0357,0.0064,0.0615,0.3102,0.0002,-0.029,0.2066,0.0018,0.0074,-0.0047,-0.0063,-0.0098,0.1887,0.3645,-0.5674,0.2287,0.7257,-0.9366,0.373,-0.55,0.4073,0.0012,0.7262,-0.9643,0.4446,-0.5897,0.4225,0.5198,0.6197,-0.7412,0.0,0.0,0.0,0.0,0.0,0.0,0.0,0.0,0.0,
2.76,run,0.31,3.7,-0.62,-0.14,1.01,0.0,0.0,0.0,0.078,6.59,-6.94,24.26,7.56,14.77,-14.5,13.1,-55.72,93.52,-0.26,14.85,-16.88,15.29,-57.39,90.97,18.11,9.49,1.14,6.67,-2.97,18.0,8.98,14.9,-14.53,12.51,-53.52,99.29,-0.47,14.73,-16.67,15.53,-57.04,96.95,17.9,8.28,3.28,0.1906,0.4005,-0.6007,0.2566,0.7254,-0.9356,0.3575,-0.5185,0.4034,-0.0135,0.7223,-0.9608,0.4438,-0.5825,0.4206,0.5115,0.6051,-0.7261,0.0,0.006,0.013,0.013,0.0,0.0,0.006,0.0,0.026,0.006,0.0,0.0,0.013,0.0,0.006,0.006,0.019,0.006,0.112,-0.1488,0.4464,0.1166,0.2577,-0.2562,0.2301,-0.991,1.603,0.0077,0.2516,-0.2945,0.2684,-1.014,1.5616,0.3206,0.1641,-0.0015,0.0159,0.2829,-0.3104,0.1504,0.0537,-0.0563,-0.0603,0.1793,0.3068,-0.0983,0.025,-0.025,0.0045,0.0546,0.3091,0.0001,-0.0318,0.2078,0.0032,0.0069,0.0057,0.0009,-0.0117,0.1902,0.3841,-0.5846,0.2437,0.7261,-0.9365,0.3655,-0.5344,0.4065,-0.0073,0.725,-0.9633,0.4446,-0.5865,0.4219,0.5162,0.613,-0.7323,0.0,0.0,0.0,0.0,0.0,0.0,0.0,0.0,0.0,
2.8,run,0.31,3.71,0.22,0.09,-0.1,0.0,0.0,0.0,0.078,6.59,-5.71,22.94,8.09,14.77,-14.5,12.83,-54.76,95.01,-0.44,14.85,-16.79,15.29,-57.13,92.37,18.02,9.14,1.93,6.67,-2.05,16.5,9.43,14.87,-14.42,12.25,-52.5,99.12,-0.67,14.57,-16.39,15.5,-56.68,98.45,17.74,7.83,4.08,0.1905,0.4174,-0.6167,0.2694,0.725,-0.9344,0.35,-0.5,0.4014,-0.0192,0.7195,-0.9575,0.4428,-0.576,0.4195,0.5068,0.5969,-0.7167,0.0,0.006,0.013,0.013,0.0,0.0,0.006,0.0,0.026,0.006,0.0,0.0,0.013,0.0,0.006,0.006,0.019,0.006,0.1135,-0.1273,0.4218,0.1289,0.2577,-0.2546,0.2255,-0.9741,1.626,-0.0031,0.2516,-0.2945,0.2684,-1.0078,1.5877,0.316,0.158,0.0153,0.0169,0.2789,-0.3098,0.1515,0.0376,-0.0336,-0.0595,0.189,0.3014,-0.1092,0.0175,-0.0175,0.0031,0.0613,0.3146,-0.0172,-0.0454,0.209,0.0007,0.0069,-0.0108,-0.0025,0.0176,0.1906,0.4005,-0.6007,0.2566,0.7254,-0.9356,0.3575,-0.5185,0.4034,-0.0135,0.7223,-0.9608,0.4438,-0.5825,0.4206,0.5115,0.6051,-0.7261,0.0,0.0,0.0,0.0,0.0,0.0,0.0,0.0,0.0,
2.84,run,0.33,3.71,0.6,0.15,-1.55,0.0,0.0,0.0,0.078,6.59,-4.48,21.45,8.53,14.77,-14.5,12.57,-53.96,96.33,-0.53,14.85,-16.61,15.29,-57.04,93.78,17.75,8.79,2.64,6.65,-1.31,15.0,9.78,14.74,-14.44,11.98,-51.81,98.78,-0.8,14.32,-16.17,15.48,-56.65,99.95,17.56,7.36,4.33,0.1899,0.4306,-0.6302,0.2794,0.7226,-0.9346,0.3422,-0.4875,0.3974,-0.0228,0.7148,-0.9549,0.4423,-0.5754,0.4168,0.5017,0.5883,-0.7137,0.0,0.006,0.013,0.013,0.0,0.0,0.006,0.0,0.026,0.006,0.0,0.0,0.013,0.0,0.006,0.006,0.019,0.006,0.1135,-0.1058,0.3988,0.1381,0.2577,-0.2546,0.2209,-0.9572,1.6521,-0.0061,0.2516,-0.293,0.2684,-1.0032,1.6122,0.3145,0.1519,0.0291,0.0118,0.2755,-0.3028,0.1404,0.0263,-0.0236,-0.0589,0.1953,0.3084,-0.0879,0.0123,-0.0065,0.0022,0.0601,0.3119,-0.0178,-0.0547,0.1979,0.0014,0.0078,0.0039,0.0015,-0.0017,0.1905,0.4174,-0.6167,0.2694,0.725,-0.9344,0.35,-0.5,0.4014,-0.0192,0.7195,-0.9575,0.4428,-0.576,0.4195,0.5068,0.5969,-0.7167,0.0,0.0,0.0,0.0,0.0,0.0,0.0,0.0,0.0,
2.88,run,0.31,3.69,-0.43,-0.15,2.2,0.0,0.0,0.0,0.078,6.59,-3.43,20.04,9.05,14.77,-14.5,12.22,-53.0,97.38,-0.88,14.77,-16.35,15.29,-56.69,95.27,17.58,8.35,3.34,6.59,-0.73,13.5,10.07,14.52,-14.46,11.75,-51.22,98.44,-0.88,13.98,-15.88,15.47,-56.65,100.18,17.36,6.82,4.55,0.1883,0.4412,-0.6409,0.2877,0.7186,-0.9348,0.3357,-0.4767,0.3934,-0.0252,0.7087,-0.9515,0.4419,-0.5754,0.4138,0.496,0.5786,-0.7111,0.0,0.006,0.013,0.013,0.0,0.0,0.006,0.006,0.019,0.0,0.013,0.0,0.006,0.0,0.013,0.006,0.019,0.006,0.1135,-0.0844,0.3728,0.1457,0.2577,-0.2546,0.2163,-0.9434,1.6751,-0.0077,0.2516,-0.2899,0.2684,-1.0017,1.6368,0.3099,0.1457,0.0414,0.0083,0.2734,-0.3098,0.1271,0.0184,-0.0165,-0.0585,0.1885,0.3022,-0.0673,0.0086,0.007,0.0015,0.0478,0.3104,-0.0297,-0.0613,0.1846,0.0026,0.0073,0.0104,0.0026,-0.027,0.1899,0.4306,-0.6302,0.2794,0.7226,-0.9346,0.3422,-0.4875,0.3974,-0.0228,0.7148,-0.9549,0.4423,-0.5754,0.4168,0.5017,0.5883,-0.7137,0.0,0.0,0.0,0.0,0.0,0.0,0.0,0.0,0.0,
2.92,run,0.34,3.69,0.29,0.1,-1.22,0.0,0.0,0.0,0.078,6.59,-2.29,18.37,9.49,14.77,-14.5,11.95,-52.03,98.26,-0.88,14.59,-16.08,15.29,-56.78,96.86,17.4,7.82,4.04,6.55,-0.13,12.0,10.42,14.33,-14.12,11.54,-50.24,98.14,-0.99,13.69,-15.45,15.43,-56.29,100.04,17.09,6.2,5.07,0.1871,0.4522,-0.6544,0.2978,0.7151,-0.9308,0.3298,-0.4589,0.3899,-0.0282,0.7035,-0.9465,0.4409,-0.5689,0.4122,0.4884,0.5672,-0.7051,0.0,0.006,0.013,0.013,0.0,0.0,0.006,0.006,0.019,0.0,0.013,0.0,0.006,0.0,0.013,0.006,0.019,0.006,0.1135,-0.066,0.3482,0.1549,0.2577,-0.2546,0.2102,-0.9265,1.6935,-0.0138,0.25,-0.2853,0.2684,-0.9956,1.6628,0.3068,0.1381,0.0537,0.0058,0.2605,-0.309,0.1235,0.0129,-0.0115,-0.064,0.1953,0.2806,-0.0701,0.0003,0.0221,0.0011,0.0565,0.3152,-0.0323,-0.0717,0.1753,0.0006,0.0055,-0.0076,-0.0026,0.0384,0.1883,0.4412,-0.6409,0.2877,0.7186,-0.9348,0.3357,-0.4767,0.3934,-0.0252,0.7087,-0.9515,0.4419,-0.5754,0.4138,0.496,0.5786,-0.7111,0.0,0.0,0.0,0.0,0.0,0.0,0.0,0.0,0.0,
2.96,run,0.36,3.7,0.41,0.32,0.23,0.0,0.0,0.0,0.078,6.59,-1.49,16.96,9.76,14.77,-14.5,11.87,-51.42,98.61,-0.88,14.24,-15.91,15.29,-56.78,98.09,17.4,7.47,4.39,6.43,0.43,10.5,10.66,13.99,-14.26,11.29,-49.79,97.54,-1.01,13.24,-15.1,15.47,-56.44,99.6,16.9,5.56,5.0,0.1838,0.4624,-0.664,0.3045,0.7089,-0.9325,0.3227,-0.4507,0.3828,-0.0289,0.6953,-0.9424,0.4419,-0.5717,0.4071,0.4828,0.5556,-0.7059,0.0,0.006,0.013,0.013,0.0,0.0,0.006,0.006,0.019,0.0,0.013,0.0,0.006,0.0,0.013,0.006,0.019,0.006,0.1135,-0.046,0.3191,0.1626,0.2577,-0.2546,0.2056,-0.9097,1.7089,-0.0138,0.247,-0.2807,0.2684,-0.9971,1.6904,0.3037,0.1289,0.066,0.0041,0.2463,-0.3098,0.1111,0.009,-0.0081,-0.0595,0.1909,0.2457,-0.0491,-0.0097,0.0303,0.0007,0.0346,0.3092,-0.0325,-0.0797,0.1621,0.0038,0.0054,0.0051,0.0018,-0.0213,0.1871,0.4522,-0.6544,0.2978,0.7151,-0.9308,0.3298,-0.4589,0.3899,-0.0282,0.7035,-0.9465,0.4409,-0.5689,0.4122,0.4884,0.5672,-0.7051,0.0,0.0,0.0,0.0,0.0,0.0,0.0,0.0,0.0,
3.0,run,0.34,3.69,-0.19,0.02,1.05,0.0,0.0,0.0,0.078,6.5,-0.7,15.56,10.11,14.77,-14.24,11.6,-50.71,98.7,-1.05,13.97,-15.38,15.29,-56.51,99.14,16.88,6.94,4.66,6.34,0.8,9.0,10.87,13.67,-14.12,11.15,-49.12,96.98,-1.04,12.9,-14.66,15.47,-56.27,99.29,16.65,4.94,5.13,0.181,0.4691,-0.6726,0.3105,0.7032,-0.9308,0.3185,-0.4385,0.3763,-0.0298,0.6892,-0.9372,0.4419,-0.5685,0.4035,0.4757,0.5444,-0.7044,0.006,0.006,0.013,0.006,0.019,0.006,0.0,0.006,0.0,0.0,0.019,0.006,0.0,0.006,0.006,0.0,0.026,0.006,0.1135,-0.0322,0.2945,0.1672,0.2577,-0.2546,0.204,-0.8989,1.715,-0.0138,0.2408,-0.2777,0.2684,-0.9971,1.7119,0.3037,0.1227,0.0721,0.0028,0.2237,-0.3081,0.0948,0.0063,-0.0057,-0.0474,0.1735,0.1948,-0.0344,-0.0296,0.0326,0.0005,0.0242,0.2963,-0.0227,-0.0786,0.1363,0.0053,0.007,0.0071,0.0055,0.004,0.1838,0.4624,-0.664,0.3045,0.7089,-0.9325,0.3227,-0.4507,0.3828,-0.0289,0.6953,-0.9424,0.4419,-0.5717,0.4071,0.4828,0.5556,-0.7059,0.0,0.0,0.0,0.0,0.0,0.0,0.0,0.0,0.0,
3.04,run,0.36,3.72,-0.37,-0.03,0.64,0.0,0.0,0.0,0.078,6.24,0.0,14.15,10.37,14.33,-14.33,11.34,-49.92,98.53,-0.88,13.54,-14.94,15.29,-56.43,99.76,16.7,6.33,4.92,6.22,1.04,7.5,11.02,13.3,-14.02,11.01,-48.52,96.48,-1.02,12.5,-14.3,15.49,-56.13,99.05,16.46,4.29,5.24,0.1777,0.4735,-0.6797,0.3148,0.6964,-0.9296,0.3147,-0.4276,0.3703,-0.0292,0.6818,-0.9329,0.4425,-0.5659,0.4006,0.4703,0.5326,-0.703,0.006,0.006,0.013,0.006,0.019,0.006,0.0,0.006,0.0,0.0,0.019,0.006,0.0,0.006,0.006,0.0,0.026,0.006,0.112,-0.0184,0.27,0.1733,0.2577,-0.25,0.1994,-0.8866,1.7165,-0.0169,0.2362,-0.2684,0.2684,-0.9925,1.7303,0.2945,0.1135,0.0767,-0.0038,0.2084,-0.3078,0.0894,0.0044,0.0133,-0.0504,0.1675,0.1421,-0.0356,-0.038,0.0574,0.0004,0.0342,0.2765,-0.0504,-0.0896,0.1126,0.0038,0.0059,-0.0033,0.0003,0.0183,0.181,0.4691,-0.6726,0.3105,0.7032,-0.9308,0.3185,-0.4385,0.3763,-0.0298,0.6892,-0.9372,0.4419,-0.5685,0.4035,0.4757,0.5444,-0.7044,0.0,0.0,0.0,0.0,0.0,0.0,0.0,0.0,0.0,
3.08,run,0.36,3.72,0.34,-0.03,-0.63,0.0,0.0,0.0,0.078,6.24,0.53,12.66,10.63,14.06,-14.24,11.25,-49.31,97.91,-0.97,13.27,-14.59,15.29,-56.34,100.02,16.61,5.71,5.01,6.13,1.24,6.87,11.1,13.01,-14.1,10.91,-48.11,96.03,-1.01,12.18,-13.96,15.51,-56.13,98.57,16.29,3.84,5.32,0.1753,0.4772,-0.6839,0.317,0.6911,-0.9306,0.3116,-0.4203,0.3651,-0.029,0.676,-0.9289,0.4432,-0.566,0.395,0.4655,0.5244,-0.7021,0.006,0.006,0.013,0.006,0.019,0.006,0.0,0.006,0.0,0.0,0.019,0.006,0.0,0.006,0.006,0.0,0.026,0.006,0.1074,-0.0061,0.2454,0.1779,0.25,-0.2516,0.1948,-0.8728,1.7135,-0.0138,0.2286,-0.2608,0.2684,-0.991,1.7411,0.2915,0.1028,0.0813,-0.0199,0.1921,-0.3077,0.0799,-0.0258,0.0035,-0.0526,0.1692,0.0879,-0.0134,-0.0554,0.069,0.0003,0.0297,0.2339,-0.0469,-0.1031,0.0962,0.0056,0.0083,-0.0065,-0.0005,0.0112,0.1777,0.4735,-0.6797,0.3148,0.6964,-0.9296,0.3147,-0.4276,0.3703,-0.0292,0.6818,-0.9329,0.4425,-0.5659,0.4006,0.4703,0.5326,-0.703,0.0,0.0,0.0,0.0,0.0,0.0,0.0,0.0,0.0,
3.12,run,0.35,3.74,-0.11,0.48,2.07,0.0,0.0,0.0,0.078,6.24,0.97,11.25,10.63,13.71,-14.15,11.07,-48.6,97.65,-0.97,12.83,-14.15,15.29,-56.25,100.02,16.17,5.1,5.1,6.01,1.29,6.6,11.11,12.67,-14.14,10.79,-47.83,95.38,-0.97,11.91,-13.78,15.56,-56.08,98.07,16.18,3.4,5.28,0.1716,0.4779,-0.6871,0.3174,0.685,-0.9311,0.3084,-0.4151,0.3574,-0.0277,0.6711,-0.9268,0.4445,-0.5651,0.3891,0.4623,0.5163,-0.7026,0.013,0.0,0.013,0.006,0.013,0.0,0.0,0.006,0.019,0.0,0.013,0.0,0.013,0.0,0.013,0.0,0.019,0.0,0.1074,0.0031,0.2194,0.1825,0.2454,-0.25,0.1933,-0.8621,1.7027,-0.0153,0.224,-0.2546,0.2684,-0.9894,1.7457,0.2899,0.092,0.0828,-0.014,0.1688,-0.3129,0.0731,-0.0352,0.0082,-0.0426,0.1586,0.0214,-0.0151,-0.056,0.0712,0.0002,0.0266,0.1809,-0.0385,-0.1123,0.073,0.0055,0.008,0.0059,-0.0005,-0.011,0.1753,0.4772,-0.6839,0.317,0.6911,-0.9306,0.3116,-0.4203,0.3651,-0.029,0.676,-0.9289,0.4432,-0.566,0.395,0.4655,0.5244,-0.7021,0.0,0.0,0.0,0.0,0.0,0.0,0.0,0.0,0.0,
3.16,run,0.33,3.72,-0.19,-0.02,-0.06,0.0,0.0,0.0,0.078,5.89,1.14,9.32,10.63,13.18,-14.15,10.9,-47.99,96.5,-0.97,12.39,-13.8,15.29,-56.25,99.05,16.17,4.31,5.19,5.96,1.32,6.36,11.13,12.36,-13.99,10.72,-47.26,94.93,-0.91,11.63,-13.43,15.52,-55.81,97.83,16.0,2.92,5.52,0.1704,0.4785,-0.6899,0.318,0.6793,-0.9293,0.3064,-0.4046,0.3521,-0.0259,0.666,-0.9227,0.4435,-0.5602,0.3862,0.4572,0.5076,-0.6998,0.013,0.0,0.013,0.006,0.013,0.0,0.0,0.006,0.019,0.0,0.013,0.0,0.013,0.0,0.013,0.0,0.019,0.0,0.1074,0.0107,0.1948,0.1825,0.2393,-0.2485,0.1902,-0.8498,1.6981,-0.0153,0.2163,-0.247,0.2684,-0.9879,1.7457,0.2823,0.0813,0.0844,-0.0098,0.147,-0.3112,0.0512,-0.0477,0.0115,-0.0413,0.1571,-0.0023,-0.0106,-0.068,0.0786,0.0001,0.0243,0.1267,-0.0558,-0.1189,0.0569,0.0045,0.0099,-0.002,0.0083,0.0362,0.1716,0.4779,-0.6871,0.3174,0.685,-0.9311,0.3084,-0.4151,0.3574,-0.0277,0.6711,-0.9268,0.4445,-0.5651,0.3891,0.4623,0.5163,-0.7026,0.0,0.0,0.0,0.0,0.0,0.0,0.0,0.0,0.0,
3.2,run,0.33,3.72,-0.59,-0.3,-0.14,0.0,0.0,0.0,0.078,6.06,1.14,8.26,10.63,13.1,-14.15,10.9,-47.9,95.89,-0.97,12.39,-13.8,15.29,-56.16,98.35,16.17,4.04,5.19,5.87,1.24,6.37,11.05,12.1,-14.13,10.69,-47.17,94.25,-0.9,11.55,-13.41,15.59,-55.77,97.15,15.96,2.69,5.58,0.1677,0.4772,-0.6897,0.3157,0.6746,-0.9309,0.3055,-0.403,0.3441,-0.0256,0.6646,-0.9224,0.4455,-0.5594,0.3783,0.4561,0.5035,-0.699,0.013,0.0,0.013,0.006,0.013,0.0,0.0,0.006,0.019,0.0,0.013,0.0,0.013,0.0,0.013,0.0,0.019,0.0,0.1012,0.0138,0.1611,0.1825,0.2301,-0.2485,0.1871,-0.8391,1.6782,-0.0153,0.2086,-0.2408,0.2684,-0.9879,1.7288,0.2823,0.0675,0.0859,-0.0231,0.111,-0.307,0.0358,-0.0577,0.0081,-0.037,0.1383,-0.0543,-0.0074,-0.0679,0.0713,0.0001,0.017,0.044,-0.039,-0.1197,0.0439,0.0026,0.0088,-0.0033,-0.0003,-0.001,0.1704,0.4785,-0.6899,0.318,0.6793,-0.9293,0.3064,-0.4046,0.3521,-0.0259,0.666,-0.9227,0.4435,-0.5602,0.3862,0.4572,0.5076,-0.6998,0.0,0.0,0.0,0.0,0.0,0.0,0.0,0.0,0.0,
3.24,run,0.31,3.72,-0.17,0.18,0.37,0.0,0.0,0.0,0.078,5.8,1.23,7.38,10.63,12.83,-14.15,10.9,-47.46,95.36,-0.97,12.04,-13.45,15.29,-55.9,97.65,16.0,3.69,5.36,5.79,1.18,6.35,11.05,11.91,-14.01,10.67,-47.07,93.85,-0.91,11.5,-13.37,15.63,-55.58,96.88,15.93,2.48,5.61,0.1653,0.4761,-0.69,0.3156,0.671,-0.9295,0.3049,-0.4013,0.3394,-0.026,0.6636,-0.9221,0.4467,-0.5561,0.3751,0.455,0.4996,-0.6988,0.006,0.0,0.0,0.006,0.013,0.0,0.0,0.006,0.013,0.0,0.006,0.006,0.019,0.006,0.006,0.0,0.013,0.0,0.1043,0.0138,0.1427,0.1825,0.2286,-0.2485,0.1871,-0.8376,1.6674,-0.0153,0.2086,-0.2408,0.2684,-0.9863,1.7165,0.2823,0.0629,0.0859,-0.0047,0.0777,-0.2834,0.0251,-0.0461,0.0056,-0.0259,0.1025,-0.078,-0.0052,-0.0475,0.0499,0.0001,0.0176,-0.0148,-0.0273,-0.1009,0.0307,0.0025,0.0088,-0.0102,-0.0053,-0.0025,0.1677,0.4772,-0.6897,0.3157,0.6746,-0.9309,0.3055,-0.403,0.3441,-0.0256,0.6646,-0.9224,0.4455,-0.5594,0.3783,0.4561,0.5035,-0.699,0.0,0.0,0.0,0.0,0.0,0.0,0.0,0.0,0.0,
3.28,run,0.32,3.7,0.15,-0.03,-0.17,0.0,0.0,0.0,0.078,5.71,1.23,6.86,10.63,12.48,-14.15,10.81,-47.29,94.83,-0.97,11.95,-13.36,15.29,-55.9,97.12,16.0,3.25,5.54,5.78,1.07,6.36,10.99,11.77,-13.79,10.63,-46.89,93.39,-0.9,11.41,-13.2,15.61,-55.46,96.43,15.83,2.37,5.58,0.1652,0.4741,-0.6899,0.3141,0.6685,-0.927,0.3037,-0.3979,0.334,-0.0256,0.6621,-0.92,0.4461,-0.5538,0.3697,0.4523,0.4976,-0.699,0.006,0.0,0.0,0.006,0.013,0.0,0.0,0.006,0.013,0.0,0.006,0.006,0.019,0.006,0.006,0.0,0.013,0.0,0.0997,0.0153,0.1273,0.1825,0.224,-0.2485,0.1871,-0.8299,1.6582,-0.0153,0.2025,-0.2347,0.2684,-0.9817,1.7043,0.2792,0.0568,0.089,-0.0206,0.0601,-0.2559,0.0176,-0.0495,0.0039,-0.0181,0.1005,-0.0891,-0.0036,-0.0563,0.0579,0.0,0.0296,-0.0564,-0.0306,-0.0936,0.033,0.0011,0.0088,-0.0031,0.0031,0.0064,0.1653,0.4761,-0.69,0.3156,0.671,-0.9295,0.3049,-0.4013,0.3394,-0.026,0.6636,-0.9221,0.4467,-0.5561,0.3751,0.455,0.4996,-0.6988,0.0,0.0,0.0,0.0,0.0,0.0,0.0,0.0,0.0,
3.32,run,0.34,3.72,0.45,0.16,-1.21,0.0,0.0,0.0,0.078,5.8,1.23,6.59,10.72,12.22,-13.97,10.81,-47.2,94.31,-0.97,11.95,-13.36,15.47,-55.55,96.77,15.82,2.99,5.54,5.75,1.01,6.32,10.95,11.69,-13.84,10.62,-46.89,93.07,-0.88,11.42,-13.25,15.63,-55.39,96.02,15.84,2.34,5.61,0.1642,0.4729,-0.6904,0.313,0.6671,-0.9275,0.3036,-0.398,0.3303,-0.025,0.6621,-0.9206,0.4466,-0.5526,0.365,0.4526,0.4971,-0.6987,0.006,0.0,0.0,0.006,0.013,0.0,0.0,0.006,0.013,0.0,0.006,0.006,0.019,0.006,0.006,0.0,0.013,0.0,0.0982,0.0153,0.1181,0.1825,0.2178,-0.2485,0.1856,-0.8268,1.649,-0.0153,0.201,-0.2332,0.2684,-0.9817,1.695,0.2792,0.0491,0.092,-0.0201,0.0421,-0.2136,0.0123,-0.0577,0.0028,-0.0185,0.0819,-0.0969,-0.0025,-0.0451,0.0463,0.0,0.0207,-0.074,-0.0214,-0.0943,0.0346,0.0016,0.007,0.0025,-0.0006,-0.003,0.1652,0.4741,-0.6899,0.3141,0.6685,-0.927,0.3037,-0.3979,0.334,-0.0256,0.6621,-0.92,0.4461,-0.5538,0.3697,0.4523,0.4976,-0.699,0.0,0.0,0.0,0.0,0.0,0.0,0.0,0.0,0.0,
3.36,run,0.34,3.71,-0.16,-0.12,0.62,0.0,0.0,0.0,0.078,5.71,1.23,6.59,10.72,12.22,-13.89,10.81,-46.93,93.87,-0.97,11.95,-13.36,15.56,-55.55,96.24,15.82,2.99,5.54,5.71,0.89,6.35,10.88,11.59,-13.91,10.61,-46.99,92.82,-0.84,11.39,-13.34,15.68,-55.41,95.81,15.89,2.32,5.48,0.1632,0.4708,-0.69,0.311,0.6652,-0.9284,0.3032,-0.3998,0.3273,-0.0239,0.6616,-0.9216,0.4481,-0.5529,0.3625,0.4539,0.4967,-0.7002,0.0,0.006,0.0,0.006,0.013,0.0,0.0,0.0,0.013,0.0,0.013,0.0,0.006,0.013,0.006,0.0,0.019,0.0,0.0997,0.0153,0.1135,0.1841,0.2132,-0.2454,0.1856,-0.8253,1.6398,-0.0153,0.201,-0.2332,0.2715,-0.9756,1.6889,0.2761,0.0445,0.092,-0.0084,0.0295,-0.1667,0.0143,-0.0576,0.0134,-0.0129,0.063,-0.1022,-0.0018,-0.0316,0.0324,0.0115,0.0374,-0.0747,-0.0265,-0.0832,0.0242,0.0036,0.0081,0.0079,0.0027,-0.0211,0.1642,0.4729,-0.6904,0.313,0.6671,-0.9275,0.3036,-0.398,0.3303,-0.025,0.6621,-0.9206,0.4466,-0.5526,0.365,0.4526,0.4971,-0.6987,0.0,0.0,0.0,0.0,0.0,0.0,0.0,0.0,0.0,
3.4,run,0.34,3.71,-0.19,-0.04,-0.21,0.0,0.0,0.0,0.078,5.71,1.23,6.59,10.72,12.22,-13.8,10.81,-47.02,93.43,-0.97,11.95,-13.36,15.56,-55.55,95.89,15.82,2.99,5.54,5.75,0.88,6.28,10.92,11.52,-13.62,10.58,-46.89,92.6,-0.88,11.39,-13.21,15.65,-55.24,95.65,15.83,2.27,5.6,0.1642,0.4705,-0.6908,0.3119,0.664,-0.925,0.3023,-0.3979,0.3248,-0.0252,0.6615,-0.9202,0.4472,-0.5499,0.3606,0.4524,0.4958,-0.6988,0.0,0.006,0.0,0.006,0.013,0.0,0.0,0.0,0.013,0.0,0.013,0.0,0.006,0.013,0.006,0.0,0.019,0.0,0.0982,0.0153,0.1135,0.1841,0.2132,-0.2439,0.1856,-0.8207,1.6322,-0.0153,0.201,-0.2332,0.273,-0.9756,1.6797,0.2761,0.0445,0.092,-0.0116,0.0206,-0.1167,0.01,-0.0403,0.0151,-0.009,0.0613,-0.1002,-0.0012,-0.0221,0.0227,0.0138,0.0262,-0.0867,-0.0185,-0.0583,0.017,0.0039,0.0074,-0.0028,-0.0021,0.0108,0.1632,0.4708,-0.69,0.311,0.6652,-0.9284,0.3032,-0.3998,0.3273,-0.0239,0.6616,-0.9216,0.4481,-0.5529,0.3625,0.4539,0.4967,-0.7002,0.0,0.0,0.0,0.0,0.0,0.0,0.0,0.0,0.0,
3.44,run,0.33,3.71,-0.11,0.1,0.38,0.0,0.0,0.0,0.078,5.71,1.23,6.5,10.72,12.22,-13.8,10.81,-47.02,93.16,-0.97,11.95,-13.36,15.56,-55.46,95.8,15.82,2.99,5.54,5.71,0.84,6.32,10.9,11.45,-13.6,10.58,-46.97,92.39,-0.89,11.36,-13.22,15.66,-55.21,95.43,15.85,2.27,5.53,0.1633,0.4698,-0.6904,0.3114,0.6628,-0.9248,0.3023,-0.3994,0.3223,-0.0254,0.6611,-0.9203,0.4475,-0.5493,0.358,0.4529,0.4958,-0.6997,0.0,0.006,0.0,0.006,0.013,0.0,0.0,0.0,0.013,0.0,0.013,0.0,0.006,0.013,0.006,0.0,0.019,0.0,0.0982,0.0153,0.1135,0.1841,0.2132,-0.2424,0.1856,-0.8222,1.6245,-0.0153,0.201,-0.2332,0.273,-0.9756,1.6736,0.2761,0.0445,0.092,-0.0081,0.0144,-0.0817,0.007,-0.0282,0.0152,-0.0063,0.0383,-0.0932,-0.0009,-0.0155,0.0159,0.0096,0.0183,-0.0791,-0.013,-0.0408,0.0119,0.0035,0.0072,-0.0033,-0.0007,-0.0037,0.1642,0.4705,-0.6908,0.3119,0.664,-0.925,0.3023,-0.3979,0.3248,-0.0252,0.6615,-0.9202,0.4472,-0.5499,0.3606,0.4524,0.4958,-0.6988,0.0,0.0,0.0,0.0,0.0,0.0,0.0,0.0,0.0,
3.48,run,0.34,3.71,-0.08,0.06,-0.21,0.0,0.0,0.0,0.078,5.71,1.23,6.42,10.72,11.95,-13.8,10.81,-47.02,92.9,-0.97,11.87,-13.27,15.47,-55.46,95.62,15.82,2.99,5.54,5.71,0.79,6.26,10.91,11.43,-13.5,10.57,-46.94,92.31,-0.88,11.32,-13.2,15.64,-55.18,95.31,15.81,2.22,5.47,0.1632,0.469,-0.691,0.3116,0.6624,-0.9235,0.3021,-0.3989,0.3213,-0.0253,0.6604,-0.92,0.4469,-0.5487,0.3566,0.4518,0.4949,-0.7004,0.0,0.006,0.0,0.006,0.006,0.0,0.006,0.0,0.006,0.0,0.006,0.006,0.006,0.013,0.0,0.0,0.019,0.0,0.0982,0.0153,0.112,0.1841,0.2132,-0.2424,0.1856,-0.8222,1.6199,-0.0153,0.201,-0.2332,0.273,-0.9741,1.672,0.2761,0.0445,0.092,-0.0057,0.0101,-0.0629,0.0049,-0.0197,0.0106,-0.0044,0.0268,-0.0824,-0.0006,-0.0108,0.0111,0.0068,0.0186,-0.0611,-0.0091,-0.0285,0.0083,0.0031,0.0073,-0.0019,0.0018,0.0066,0.1633,0.4698,-0.6904,0.3114,0.6628,-0.9248,0.3023,-0.3994,0.3223,-0.0254,0.6611,-0.9203,0.4475,-0.5493,0.358,0.4529,0.4958,-0.6997,0.0,0.0,0.0,0.0,0.0,0.0,0.0,0.0,0.0,
3.52,run,0.33,3.71,0.18,0.07,0.12,0.0,0.0,0.0,0.078,5.71,1.23,6.42,10.72,11.87,-13.62,10.81,-47.02,92.72,-0.97,11.69,-13.27,15.56,-55.46,95.36,15.82,2.99,5.54,5.7,0.77,6.31,10.89,11.41,-13.51,10.58,-46.97,92.27,-0.88,11.31,-13.18,15.64,-55.16,95.11,15.82,2.26,5.49,0.1628,0.4685,-0.6905,0.3112,0.662,-0.9236,0.3023,-0.3995,0.3208,-0.0251,0.6601,-0.9198,0.4468,-0.5484,0.3542,0.4519,0.4956,-0.7001,0.0,0.006,0.0,0.006,0.006,0.0,0.006,0.0,0.006,0.0,0.006,0.006,0.006,0.013,0.0,0.0,0.019,0.0,0.0982,0.0153,0.1104,0.1841,0.2086,-0.2424,0.1856,-0.8222,1.6153,-0.0153,0.1994,-0.2316,0.2715,-0.9741,1.669,0.2761,0.0445,0.092,-0.004,0.0071,-0.0498,0.0034,-0.0311,0.0074,-0.0031,0.0188,-0.0749,-0.0004,-0.0133,0.0135,-0.001,0.013,-0.0543,-0.0064,-0.02,0.0058,0.0034,0.0077,-0.0013,0.001,-0.0037,0.1632,0.469,-0.691,0.3116,0.6624,-0.9235,0.3021,-0.3989,0.3213,-0.0253,0.6604,-0.92,0.4469,-0.5487,0.3566,0.4518,0.4949,-0.7004,0.0,0.0,0.0,0.0,0.0,0.0,0.0,0.0,0.0,
3.56,run,0.34,3.7,0.01,-0.03,-0.17,0.0,0.0,0.0,0.078,5.71,1.23,6.42,10.72,11.87,-13.62,10.81,-47.02,92.72,-0.97,11.69,-13.27,15.56,-55.46,95.19,15.82,2.99,5.54,5.71,0.73,6.32,10.88,11.38,-13.5,10.58,-46.94,92.1,-0.88,11.33,-13.18,15.63,-55.12,94.99,15.83,2.28,5.5,0.163,0.4678,-0.6903,0.3108,0.6615,-0.9236,0.3023,-0.399,0.3188,-0.0251,0.6605,-0.9197,0.4465,-0.5477,0.3528,0.4523,0.4961,-0.7,0.0,0.006,0.0,0.006,0.006,0.0,0.006,0.0,0.006,0.0,0.006,0.006,0.006,0.013,0.0,0.0,0.019,0.0,0.0982,0.0153,0.1104,0.1841,0.2071,-0.2393,0.1856,-0.8222,1.6122,-0.0153,0.1963,-0.2316,0.273,-0.9741,1.6644,0.2761,0.0445,0.092,-0.0028,0.005,-0.0349,0.0024,-0.0275,0.0167,-0.0022,0.0132,-0.064,-0.0003,-0.0209,0.0095,0.005,0.0091,-0.0553,-0.0045,-0.014,0.0041,0.003,0.0072,0.0032,0.0011,0.0022,0.1628,0.4685,-0.6905,0.3112,0.662,-0.9236,0.3023,-0.3995,0.3208,-0.0251,0.6601,-0.9198,0.4468,-0.5484,0.3542,0.4519,0.4956,-0.7001,0.0,0.0,0.0,0.0,0.0,0.0,0.0,0.0,0.0,
3.6,run,0.35,3.69,0.12,0.0,0.03,0.0,0.0,0.0,0.078,5.71,1.23,6.42,10.72,11.87,-13.62,10.81,-47.02,92.64,-0.97,11.69,-13.27,15.56,-55.46,95.1,15.82,2.99,5.54,5.71,0.72,6.34,10.88,11.38,-13.53,10.58,-47.0,92.08,-0.89,11.33,-13.21,15.61,-55.14,94.91,15.84,2.3,5.49,0.1632,0.4676,-0.6901,0.3108,0.6614,-0.9238,0.3023,-0.4,0.3186,-0.0255,0.6606,-0.9202,0.4461,-0.548,0.3519,0.4525,0.4963,-0.7001,0.0,0.013,0.0,0.006,0.013,0.0,0.0,0.0,0.006,0.0,0.006,0.0,0.0,0.006,0.006,0.0,0.019,0.0,0.0982,0.0153,0.1104,0.1841,0.2071,-0.2393,0.1856,-0.8222,1.6122,-0.0153,0.1963,-0.2316,0.273,-0.9741,1.6613,0.2761,0.0445,0.092,-0.0019,0.0035,-0.0244,0.0017,-0.0193,0.0117,-0.0015,0.0092,-0.0448,-0.0002,-0.0146,0.0066,0.0035,0.0064,-0.0502,-0.0031,-0.0098,0.0028,0.0034,0.0069,0.0001,-0.0006,-0.0029,0.163,0.4678,-0.6903,0.3108,0.6615,-0.9236,0.3023,-0.399,0.3188,-0.0251,0.6605,-0.9197,0.4465,-0.5477,0.3528,0.4523,0.4961,-0.7,0.0,0.0,0.0,0.0,0.0,0.0,0.0,0.0,0.0,
3.64,run,0.36,3.69,-0.02,0.03,0.12,0.0,0.0,0.0,0.078,5.71,1.23,6.42,10.72,11.87,-13.62,10.81,-47.02,92.55,-0.97,11.69,-13.27,15.56,-55.28,95.1,15.82,2.99,5.54,5.72,0.68,6.31,10.88,11.38,-13.48,10.58,-47.0,92.04,-0.89,11.33,-13.24,15.6,-55.13,94.87,15.83,2.29,5.47,0.1635,0.4669,-0.6905,0.3107,0.6614,-0.9233,0.3022,-0.4001,0.3181,-0.0255,0.6605,-0.9204,0.4457,-0.5477,0.3514,0.4522,0.4962,-0.7004,0.0,0.013,0.0,0.006,0.013,0.0,0.0,0.0,0.006,0.0,0.006,0.0,0.0,0.006,0.006,0.0,0.019,0.0,0.0982,0.0153,0.1104,0.1841,0.2071,-0.2393,0.1856,-0.8222,1.6107,-0.0153,0.1963,-0.2316,0.273,-0.9741,1.6598,0.2761,0.0445,0.092,-0.0014,0.0024,-0.0171,0.0012,-0.0135,0.0082,-0.0011,0.0064,-0.0371,-0.0001,-0.0102,0.0046,0.0025,0.0045,-0.0409,-0.0022,-0.0069,0.002,0.0044,0.0058,0.0021,0.0001,0.0004,0.1632,0.4676,-0.6901,0.3108,0.6614,-0.9238,0.3023,-0.4,0.3186,-0.0255,0.6606,-0.9202,0.4461,-0.548,0.3519,0.4525,0.4963,-0.7001,0.0,0.0,0.0,0.0,0.0,0.0,0.0,0.0,0.0,
3.68,run,0.36,3.69,0.08,0.03,-0.04,0.0,0.0,0.0,0.078,5.71,1.23,6.42,10.72,11.87,-13.62,10.81,-47.02,92.55,-0.97,11.69,-13.27,15.56,-55.28,94.92,15.82,2.99,5.54,5.72,0.66,6.27,10.88,11.38,-13.45,10.58,-47.02,92.06,-0.89,11.33,-13.27,15.61,-55.14,94.88,15.82,2.29,5.41,0.1636,0.4665,-0.6909,0.3108,0.6615,-0.9229,0.3023,-0.4004,0.3184,-0.0255,0.6605,-0.9208,0.4459,-0.548,0.3515,0.4521,0.4961,-0.701,0.0,0.013,0.0,0.006,0.013,0.0,0.0,0.0,0.006,0.0,0.006,0.0,0.0,0.006,0.006,0.0,0.019,0.0,0.0982,0.0153,0.1104,0.1841,0.2071,-0.2393,0.1856,-0.8222,1.6091,-0.0153,0.1963,-0.2316,0.273,-0.971,1.6598,0.2761,0.0445,0.092,-0.001,0.0017,-0.012,0.0008,-0.0094,0.0057,-0.0007,0.0045,-0.0318,-0.0001,-0.0072,0.0033,0.0017,0.0147,-0.0286,-0.0015,-0.0048,0.0014,0.0054,0.0055,-0.0004,0.0005,0.0022,0.1635,0.4669,-0.6905,0.3107,0.6614,-0.9233,0.3022,-0.4001,0.3181,-0.0255,0.6605,-0.9204,0.4457,-0.5477,0.3514,0.4522,0.4962,-0.7004,0.0,0.0,0.0,0.0,0.0,0.0,0.0,0.0,0.0,
3.72,run,0.35,3.69,-0.01,-0.06,0.04,0.0,0.0,0.0,0.078,5.71,1.23,6.42,10.72,11.87,-13.54,10.81,-47.02,92.55,-0.97,11.69,-13.27,15.56,-55.28,95.01,15.82,2.99,5.54,5.73,0.63,6.32,10.86,11.38,-13.46,10.58,-47.05,92.03,-0.89,11.33,-13.27,15.59,-55.14,94.81,15.83,2.31,5.42,0.1637,0.466,-0.6903,0.3104,0.6615,-0.923,0.3022,-0.401,0.318,-0.0255,0.6605,-0.9208,0.4456,-0.5481,0.3507,0.4522,0.4966,-0.7009,0.0,0.013,0.0,0.0,0.006,0.0,0.0,0.006,0.013,0.0,0.006,0.0,0.0,0.006,0.0,0.0,0.019,0.0,0.0982,0.0153,0.1104,0.1841,0.2071,-0.2393,0.1856,-0.8222,1.6091,-0.0153,0.1963,-0.2316,0.273,-0.971,1.6567,0.2761,0.0445,0.092,-0.0007,0.0012,-0.0084,0.0006,-0.0066,0.004,-0.0005,0.0032,-0.0222,-0.0001,-0.005,0.0023,0.0012,0.0103,-0.0315,-0.0011,-0.0034,0.001,0.005,0.0058,0.0015,0.0006,-0.0006,0.1636,0.4665,-0.6909,0.3108,0.6615,-0.9229,0.3023,-0.4004,0.3184,-0.0255,0.6605,-0.9208,0.4459,-0.548,0.3515,0.4521,0.4961,-0.701,0.0,0.0,0.0,0.0,0.0,0.0,0.0,0.0,0.0,
3.76,run,0.35,3.68,0.02,0.02,0.09,0.0,0.0,0.0,0.078,5.71,1.23,6.42,10.72,11.87,-13.54,10.81,-47.02,92.55,-0.97,11.69,-13.27,15.56,-55.28,94.83,15.82,2.99,5.54,5.73,0.64,6.29,10.88,11.38,-13.47,10.57,-47.05,92.02,-0.9,11.32,-13.27,15.59,-55.16,94.8,15.82,2.28,5.42,0.1637,0.4661,-0.6907,0.3107,0.6614,-0.9232,0.3021,-0.4009,0.3179,-0.0256,0.6603,-0.9209,0.4453,-0.5483,0.3506,0.452,0.496,-0.7009,0.0,0.013,0.0,0.0,0.006,0.0,0.0,0.006,0.013,0.0,0.006,0.0,0.0,0.006,0.0,0.0,0.019,0.0,0.0982,0.0153,0.1104,0.1841,0.2071,-0.2378,0.1856,-0.8222,1.6091,-0.0153,0.1963,-0.2316,0.273,-0.971,1.6582,0.2761,0.0445,0.092,-0.0005,0.0008,-0.0059,0.0004,-0.0046,0.0086,-0.0004,0.0022,-0.0156,-0.0001,-0.0035,0.0016,0.0008,0.0072,-0.0163,-0.0007,-0.0024,0.0007,0.0047,0.0055,-0.0001,-0.001,0.0007,0.1637,0.466,-0.6903,0.3104,0.6615,-0.923,0.3022,-0.401,0.318,-0.0255,0.6605,-0.9208,0.4456,-0.5481,0.3507,0.4522,0.4966,-0.7009,0.0,0.0,0.0,0.0,0.0,0.0,0.0,0.0,0.0,
3.8,run,0.36,3.68,-0.08,-0.03,0.13,0.0,0.0,0.0,0.078,5.71,1.23,6.42,10.72,11.87,-13.54,10.81,-47.02,92.55,-0.97,11.69,-13.27,15.56,-55.37,94.83,15.82,2.99,5.54,5.73,0.61,6.33,10.87,11.37,-13.45,10.57,-47.05,91.98,-0.9,11.33,-13.27,15.58,-55.13,94.75,15.82,2.3,5.43,0.1638,0.4656,-0.6903,0.3104,0.6613,-0.9229,0.3021,-0.4009,0.3175,-0.0256,0.6605,-0.9208,0.445,-0.5478,0.3499,0.452,0.4964,-0.7008,0.0,0.013,0.0,0.0,0.006,0.0,0.0,0.006,0.013,0.0,0.006,0.0,0.0,0.006,0.0,0.0,0.019,0.0,0.0982,0.0153,0.1104,0.1841,0.2071,-0.2378,0.1856,-0.8222,1.6091,-0.0153,0.1963,-0.2316,0.273,-0.971,1.6552,0.2761,0.0445,0.092,-0.0003,0.0006,-0.0041,0.0003,-0.0032,0.006,-0.0003,0.0015,-0.0109,-0.0,-0.0025,0.0011,0.0006,0.005,-0.0229,-0.0005,-0.0016,0.0005,0.0049,0.0049,0.0003,0.0003,0.0015,0.1637,0.4661,-0.6907,0.3107,0.6614,-0.9232,0.3021,-0.4009,0.3179,-0.0256,0.6603,-0.9209,0.4453,-0.5483,0.3506,0.452,0.496,-0.7009,0.0,0.0,0.0,0.0,0.0,0.0,0.0,0.0,0.0,
3.84,run,0.36,3.68,0.08,0.05,0.05,0.0,0.0,0.0,0.078,5.71,1.23,6.42,10.72,11.87,-13.54,10.81,-47.02,92.55,-0.97,11.69,-13.27,15.56,-55.37,94.83,15.82,2.99,5.54,5.73,0.62,6.33,10.87,11.38,-13.47,10.57,-47.05,91.99,-0.9,11.33,-13.27,15.56,-55.13,94.72,15.82,2.3,5.45,0.1638,0.4658,-0.6903,0.3106,0.6614,-0.9231,0.3021,-0.4009,0.3175,-0.0257,0.6605,-0.9208,0.4447,-0.5478,0.3496,0.4519,0.4964,-0.7005,0.0,0.013,0.0,0.0,0.013,0.0,0.006,0.0,0.013,0.0,0.0,0.0,0.0,0.0,0.0,0.0,0.013,0.0,0.0982,0.0153,0.1104,0.1841,0.2071,-0.2378,0.1856,-0.8222,1.6091,-0.0153,0.1963,-0.2316,0.273,-0.9725,1.6552,0.2761,0.0445,0.092,-0.0002,0.0004,-0.0029,0.0002,-0.0023,0.0042,-0.0002,0.0011,-0.0076,-0.0,-0.0017,0.0008,0.0004,-0.0022,-0.016,-0.0004,-0.0012,0.0003,0.005,0.0049,-0.0015,-0.0006,0.0023,0.1638,0.4656,-0.6903,0.3104,0.6613,-0.9229,0.3021,-0.4009,0.3175,-0.0256,0.6605,-0.9208,0.445,-0.5478,0.3499,0.452,0.4964,-0.7008,0.0,0.0,0.0,0.0,0.0,0.0,0.0,0.0,0.0,
3.88,run,0.35,3.68,-0.16,-0.07,0.17,0.0,0.0,0.0,0.078,5.71,1.23,6.42,10.72,11.87,-13.54,10.81,-47.02,92.55,-0.97,11.69,-13.27,15.56,-55.2,94.83,15.82,2.99,5.54,5.73,0.61,6.33,10.87,11.38,-13.47,10.57,-47.06,91.98,-0.9,11.32,-13.28,15.56,-55.14,94.7,15.81,2.3,5.42,0.1638,0.4656,-0.6903,0.3104,0.6615,-0.9232,0.302,-0.4011,0.3174,-0.0256,0.6604,-0.9209,0.4446,-0.548,0.3494,0.4518,0.4964,-0.7009,0.0,0.013,0.0,0.0,0.013,0.0,0.006,0.0,0.013,0.0,0.0,0.0,0.0,0.0,0.0,0.0,0.013,0.0,0.0982,0.0153,0.1104,0.1841,0.2071,-0.2378,0.1856,-0.8222,1.6091,-0.0153,0.1963,-0.2316,0.273,-0.9725,1.6552,0.2761,0.0445,0.092,-0.0002,0.0003,-0.002,0.0001,-0.0016,0.0029,-0.0001,0.0008,-0.0053,-0.0,-0.0012,0.0005,0.0003,-0.0016,-0.0112,-0.0003,-0.0008,0.0002,0.0052,0.005,0.0013,0.0009,0.0008,0.1638,0.4658,-0.6903,0.3106,0.6614,-0.9231,0.3021,-0.4009,0.3175,-0.0257,0.6605,-0.9208,0.4447,-0.5478,0.3496,0.4519,0.4964,-0.7005,0.0,0.0,0.0,0.0,0.0,0.0,0.0,0.0,0.0,
3.92,run,0.36,3.68,0.05,0.09,0.1,0.0,0.0,0.0,0.078,5.71,1.23,6.42,10.72,11.87,-13.54,10.81,-47.02,92.46,-0.97,11.69,-13.27,15.56,-55.28,94.83,15.82,2.99,5.54,5.74,0.6,6.3,10.87,11.39,-13.45,10.58,-47.06,92.03,-0.9,11.34,-13.3,15.57,-55.15,94.75,15.81,2.3,5.42,0.1639,0.4655,-0.6906,0.3107,0.6617,-0.9229,0.3022,-0.4011,0.3181,-0.0257,0.6607,-0.9212,0.445,-0.5481,0.35,0.4518,0.4964,-0.701,0.0,0.013,0.0,0.0,0.013,0.0,0.006,0.0,0.013,0.0,0.0,0.0,0.0,0.0,0.0,0.0,0.013,0.0,0.0982,0.0153,0.1104,0.1841,0.2071,-0.2378,0.1856,-0.8222,1.6091,-0.0153,0.1963,-0.2316,0.273,-0.9695,1.6552,0.2761,0.0445,0.092,-0.0001,0.0002,-0.0014,0.0001,-0.0011,0.0021,-0.0001,0.0005,-0.0037,-0.0,-0.0008,0.0004,0.0002,0.0104,-0.0079,-0.0002,-0.0006,0.0002,0.0049,0.0046,-0.0028,-0.0013,0.003,0.1638,0.4656,-0.6903,0.3104,0.6615,-0.9232,0.302,-0.4011,0.3174,-0.0256,0.6604,-0.9209,0.4446,-0.548,0.3494,0.4518,0.4964,-0.7009,0.0,0.0,0.0,0.0,0.0,0.0,0.0,0.0,0.0,
3.96,run,0.35,3.68,-0.05,-0.09,-0.01,0.0,0.0,0.0,0.078,5.71,1.23,6.42,10.72,11.87,-13.54,10.81,-47.02,92.37,-0.97,11.69,-13.27,15.56,-55.2,94.83,15.82,2.99,5.54,5.74,0.59,6.32,10.86,11.38,-13.45,10.57,-47.06,91.99,-0.89,11.32,-13.28,15.56,-55.14,94.71,15.81,2.31,5.4,0.1639,0.4653,-0.6903,0.3103,0.6615,-0.9229,0.302,-0.4011,0.3175,-0.0254,0.6603,-0.9209,0.4447,-0.548,0.3495,0.4517,0.4965,-0.7011,0.0,0.013,0.0,0.0,0.006,0.0,0.006,0.0,0.006,0.0,0.006,0.0,0.0,0.0,0.0,0.0,0.019,0.006,0.0982,0.0153,0.1104,0.1841,0.2071,-0.2378,0.1856,-0.8222,1.6076,-0.0153,0.1963,-0.2316,0.273,-0.971,1.6552,0.2761,0.0445,0.092,-0.0001,0.0001,-0.001,0.0001,-0.0008,0.0014,-0.0001,0.0004,-0.0084,-0.0,-0.0006,0.0003,0.0001,0.0015,-0.0055,-0.0001,-0.0004,0.0001,0.0054,0.0049,0.0009,0.0015,0.0018,0.1639,0.4655,-0.6906,0.3107,0.6617,-0.9229,0.3022,-0.4011,0.3181,-0.0257,0.6607,-0.9212,0.445,-0.5481,0.35,0.4518,0.4964,-0.701,0.0,0.0,0.0,0.0,0.0,0.0,0.0,0.0,0.0,
4.0,run,0.37,3.69,0.23,0.24,0.14,0.0,0.0,0.0,0.078,5.71,1.23,6.42,10.72,11.87,-13.54,10.81,-47.02,92.37,-0.97,11.69,-13.27,15.56,-55.28,94.83,15.82,2.99,5.54,5.73,0.59,6.32,10.86,11.39,-13.44,10.58,-47.07,92.02,-0.89,11.32,-13.29,15.57,-55.15,94.72,15.81,2.3,5.4,0.1638,0.4653,-0.6903,0.3103,0.6616,-0.9229,0.3022,-0.4014,0.3178,-0.0254,0.6604,-0.9211,0.4449,-0.5482,0.3496,0.4518,0.4965,-0.7012,0.0,0.013,0.0,0.0,0.006,0.0,0.006,0.0,0.006,0.0,0.006,0.0,0.0,0.0,0.0,0.0,0.019,0.006,0.0982,0.0153,0.1104,0.1841,0.2071,-0.2378,0.1856,-0.8222,1.6061,-0.0153,0.1963,-0.2316,0.273,-0.9695,1.6552,0.2761,0.0445,0.092,-0.0001,0.0001,-0.0007,0.0,-0.0005,0.001,-0.0,0.0003,-0.0116,-0.0,-0.0004,0.0002,0.0001,0.0068,-0.0038,-0.0001,-0.0003,0.0001,0.0048,0.005,-0.0009,-0.0015,-0.0002,0.1639,0.4653,-0.6903,0.3103,0.6615,-0.9229,0.302,-0.4011,0.3175,-0.0254,0.6603,-0.9209,0.4447,-0.548,0.3495,0.4517,0.4965,-0.7011,0.0,0.0,0.0,0.0,0.0,0.0,0.0,0.0,0.0,
4.04,run,0.37,3.69,0.02,-0.1,-0.05,0.0,0.0,0.0,0.078,5.71,1.23,6.42,10.72,11.87,-13.54,10.81,-47.02,92.37,-0.97,11.69,-13.27,15.56,-55.37,94.83,15.82,2.99,5.54,5.73,0.57,6.34,10.85,11.38,-13.44,10.57,-47.07,91.96,-0.88,11.3,-13.27,15.56,-55.14,94.68,15.81,2.31,5.37,0.1638,0.4649,-0.6901,0.3099,0.6614,-0.9229,0.3019,-0.4013,0.3172,-0.0251,0.66,-0.9208,0.4445,-0.5481,0.3491,0.4517,0.4965,-0.7016,0.0,0.013,0.0,0.0,0.006,0.0,0.006,0.0,0.006,0.0,0.006,0.0,0.0,0.0,0.0,0.0,0.019,0.006,0.0982,0.0153,0.1104,0.1841,0.2071,-0.2378,0.1856,-0.8222,1.6061,-0.0153,0.1963,-0.2316,0.273,-0.971,1.6552,0.2761,0.0445,0.092,-0.0,0.0001,-0.0005,0.0,-0.0004,0.0007,-0.0,0.0002,-0.0081,-0.0,-0.0003,0.0001,0.0001,-0.001,-0.0027,-0.0001,-0.0002,0.0001,0.0061,0.0061,0.004,0.0042,0.0024,0.1638,0.4653,-0.6903,0.3103,0.6616,-0.9229,0.3022,-0.4014,0.3178,-0.0254,0.6604,-0.9211,0.4449,-0.5482,0.3496,0.4518,0.4965,-0.7012,0.0,0.0,0.0,0.0,0.0,0.0,0.0,0.0,0.0,
4.08,run,0.37,3.7,0.07,0.13,0.22,0.0,0.0,0.0,0.078,5.71,1.05,6.42,10.63,11.87,-13.54,10.81,-47.02,92.37,-0.97,11.69,-13.27,15.56,-55.37,94.83,15.82,2.99,5.54,5.73,0.6,6.34,10.86,11.37,-13.48,10.57,-47.08,91.98,-0.89,11.31,-13.28,15.55,-55.15,94.66,15.82,2.31,5.42,0.1638,0.4654,-0.6901,0.3103,0.6613,-0.9233,0.302,-0.4015,0.3174,-0.0254,0.6601,-0.9209,0.4444,-0.5482,0.349,0.4519,0.4965,-0.7009,0.0,0.006,0.0,0.006,0.013,0.0,0.006,0.0,0.013,0.0,0.006,0.0,0.0,0.0,0.006,0.0,0.019,0.0,0.0982,0.0153,0.1104,0.1841,0.2071,-0.2378,0.1856,-0.8222,1.6061,-0.0153,0.1963,-0.2316,0.273,-0.9725,1.6552,0.2761,0.0445,0.092,-0.0,0.0,-0.0003,0.0,-0.0003,0.0005,-0.0,0.0001,-0.0057,-0.0,-0.0002,0.0001,0.0,-0.0064,-0.0019,-0.0,-0.0001,0.0,0.0059,0.0057,0.0003,-0.0017,-0.0009,0.1638,0.4649,-0.6901,0.3099,0.6614,-0.9229,0.3019,-0.4013,0.3172,-0.0251,0.66,-0.9208,0.4445,-0.5481,0.3491,0.4517,0.4965,-0.7016,0.0,0.0,0.0,0.0,0.0,0.0,0.0,0.0,0.0,
4.12,run,0.36,3.69,-0.21,-0.14,0.11,0.0,0.0,0.0,0.078,5.71,1.05,6.42,10.63,11.87,-13.54,10.81,-47.02,92.37,-0.97,11.69,-13.27,15.56,-55.2,94.83,15.82,2.99,5.54,5.74,0.6,6.34,10.86,11.39,-13.47,10.59,-47.06,92.0,-0.88,11.33,-13.27,15.55,-55.13,94.74,15.81,2.32,5.4,0.1639,0.4654,-0.6901,0.3102,0.6617,-0.9232,0.3025,-0.4011,0.3176,-0.0252,0.6605,-0.9208,0.4444,-0.5479,0.3499,0.4519,0.4967,-0.7011,0.0,0.006,0.0,0.006,0.013,0.0,0.006,0.0,0.013,0.0,0.006,0.0,0.0,0.0,0.006,0.0,0.019,0.0,0.0982,0.0123,0.1104,0.1825,0.2071,-0.2378,0.1856,-0.8222,1.6061,-0.0153,0.1963,-0.2316,0.273,-0.9725,1.6552,0.2761,0.0445,0.092,-0.0,-0.0115,-0.0002,-0.0058,-0.0002,0.0003,-0.0,0.0001,-0.004,-0.0,-0.0001,0.0001,0.0,-0.0045,-0.0013,-0.0,-0.0001,0.0,0.0063,0.0063,0.0012,0.0022,0.0039,0.1638,0.4654,-0.6901,0.3103,0.6613,-0.9233,0.302,-0.4015,0.3174,-0.0254,0.6601,-0.9209,0.4444,-0.5482,0.349,0.4519,0.4965,-0.7009,0.0,0.0,0.0,0.0,0.0,0.0,0.0,0.0,0.0,
4.16,run,0.38,3.69,0.21,0.2,0.18,0.0,0.0,0.0,0.078,5.71,1.05,6.42,10.63,11.87,-13.54,10.81,-47.02,92.37,-0.97,11.69,-13.27,15.56,-55.28,94.83,15.82,2.99,5.54,5.74,0.6,6.32,10.86,11.41,-13.47,10.6,-47.09,92.07,-0.89,11.36,-13.32,15.58,-55.16,94.8,15.83,2.33,5.41,0.164,0.4654,-0.6903,0.3103,0.662,-0.9232,0.3028,-0.4016,0.3185,-0.0255,0.661,-0.9214,0.4451,-0.5483,0.3506,0.4522,0.4969,-0.701,0.0,0.006,0.0,0.006,0.013,0.0,0.006,0.0,0.013,0.0,0.006,0.0,0.0,0.0,0.006,0.0,0.019,0.0,0.0982,0.0123,0.1104,0.1825,0.2071,-0.2378,0.1856,-0.8222,1.6061,-0.0153,0.1963,-0.2316,0.273,-0.9695,1.6552,0.2761,0.0445,0.092,-0.0,-0.0081,-0.0002,-0.004,-0.0001,0.0002,-0.0,0.0001,-0.0028,-0.0,-0.0001,0.0,0.0,0.0084,-0.0009,-0.0,-0.0001,0.0,0.0056,0.0057,-0.0036,-0.0025,0.0019,0.1639,0.4654,-0.6901,0.3102,0.6617,-0.9232,0.3025,-0.4011,0.3176,-0.0252,0.6605,-0.9208,0.4444,-0.5479,0.3499,0.4519,0.4967,-0.7011,0.0,0.0,0.0,0.0,0.0,0.0,0.0,0.0,0.0,
4.2,run,0.39,3.69,0.08,-0.02,0.13,0.0,0.0,0.0,0.078,5.71,1.05,6.42,10.63,11.87,-13.54,10.81,-47.02,92.37,-0.97,11.69,-13.27,15.56,-55.28,94.83,15.82,2.99,5.54,5.74,0.57,6.34,10.84,11.4,-13.46,10.59,-47.09,92.01,-0.88,11.34,-13.3,15.56,-55.15,94.75,15.83,2.34,5.37,0.1641,0.4649,-0.6901,0.3098,0.6618,-0.9231,0.3025,-0.4017,0.3177,-0.0251,0.6606,-0.9212,0.4447,-0.5481,0.35,0.4522,0.4971,-0.7015,0.0,0.013,0.0,0.0,0.006,0.0,0.006,0.0,0.013,0.0,0.006,0.0,0.0,0.0,0.0,0.0,0.013,0.006,0.0982,0.0123,0.1104,0.1825,0.2071,-0.2378,0.1856,-0.8222,1.6061,-0.0153,0.1963,-0.2316,0.273,-0.971,1.6552,0.2761,0.0445,0.092,-0.0,-0.0056,-0.0001,-0.0028,-0.0001,0.0002,-0.0,0.0,-0.002,-0.0,-0.0001,0.0,0.0,0.0001,-0.0006,-0.0,-0.0,0.0,0.0073,0.0062,0.0036,0.0035,0.0031,0.164,0.4654,-0.6903,0.3103,0.662,-0.9232,0.3028,-0.4016,0.3185,-0.0255,0.661,-0.9214,0.4451,-0.5483,0.3506,0.4522,0.4969,-0.701,0.0,0.0,0.0,0.0,0.0,0.0,0.0,0.0,0.0,
4.24,run,0.39,3.69,-0.14,0.05,0.11,0.0,0.0,0.0,0.078,5.71,1.05,6.42,10.63,11.87,-13.54,10.81,-47.02,92.37,-0.97,11.69,-13.27,15.56,-55.2,94.83,15.82,2.99,5.54,5.74,0.58,6.32,10.85,11.4,-13.47,10.59,-47.1,92.01,-0.89,11.34,-13.32,15.57,-55.15,94.75,15.83,2.34,5.39,0.1641,0.4651,-0.6903,0.3101,0.6618,-0.9231,0.3026,-0.4018,0.3178,-0.0253,0.6608,-0.9214,0.4448,-0.5481,0.35,0.4524,0.4971,-0.7013,0.0,0.013,0.0,0.0,0.006,0.0,0.006,0.0,0.013,0.0,0.006,0.0,0.0,0.0,0.0,0.0,0.013,0.006,0.0982,0.0123,0.1104,0.1825,0.2071,-0.2378,0.1856,-0.8222,1.6061,-0.0153,0.1963,-0.2316,0.273,-0.971,1.6552,0.2761,0.0445,0.092,-0.0,-0.0039,-0.0001,-0.002,-0.0001,0.0001,-0.0,0.0,-0.0014,-0.0,-0.0,0.0,0.0,0.0001,-0.0005,-0.0,-0.0,0.0,0.0079,0.0056,0.0013,-0.0003,0.0023,0.1641,0.4649,-0.6901,0.3098,0.6618,-0.9231,0.3025,-0.4017,0.3177,-0.0251,0.6606,-0.9212,0.4447,-0.5481,0.35,0.4522,0.4971,-0.7015,0.0,0.0,0.0,0.0,0.0,0.0,0.0,0.0,0.0,
4.28,run,0.38,3.68,-0.03,0.04,0.16,0.0,0.0,0.0,0.078,5.71,1.05,6.42,10.63,11.87,-13.54,10.81,-47.02,92.37,-0.97,11.69,-13.27,15.56,-55.28,94.83,15.82,2.99,5.54,5.74,0.57,6.33,10.85,11.4,-13.47,10.6,-47.11,92.04,-0.89,11.35,-13.33,15.58,-55.15,94.77,15.84,2.35,5.39,0.1641,0.465,-0.6902,0.3101,0.6618,-0.9231,0.3027,-0.402,0.3181,-0.0254,0.6609,-0.9215,0.4451,-0.5482,0.3502,0.4525,0.4972,-0.7014,0.0,0.013,0.0,0.0,0.006,0.0,0.006,0.0,0.013,0.0,0.006,0.0,0.0,0.0,0.0,0.0,0.013,0.006,0.0982,0.0123,0.1104,0.1825,0.2071,-0.2378,0.1856,-0.8222,1.6061,-0.0153,0.1963,-0.2316,0.273,-0.9695,1.6552,0.2761,0.0445,0.092,-0.0,-0.0028,-0.0001,-0.0014,-0.0,0.0001,-0.0,0.0,-0.001,-0.0,-0.0,0.0,0.0,0.0058,-0.0003,-0.0,-0.0,0.0,0.0079,0.0057,-0.0024,0.0009,0.0019,0.1641,0.4651,-0.6903,0.3101,0.6618,-0.9231,0.3026,-0.4018,0.3178,-0.0253,0.6608,-0.9214,0.4448,-0.5481,0.35,0.4524,0.4971,-0.7013,0.0,0.0,0.0,0.0,0.0,0.0,0.0,0.0,0.0,
4.32,run,0.37,3.69,-0.11,-0.01,0.15,0.0,0.0,0.0,0.078,5.71,1.05,6.42,10.63,11.87,-13.54,10.72,-47.02,92.37,-0.97,11.69,-13.27,15.56,-55.2,94.83,15.82,2.99,5.54,5.75,0.58,6.34,10.85,11.4,-13.47,10.59,-47.1,92.02,-0.89,11.35,-13.31,15.56,-55.14,94.74,15.83,2.34,5.41,0.1642,0.4651,-0.6902,0.3101,0.6618,-0.9232,0.3026,-0.4018,0.3179,-0.0254,0.6609,-0.9213,0.4447,-0.548,0.3499,0.4524,0.4971,-0.7011,0.0,0.013,0.0,0.0,0.013,0.0,0.0,0.0,0.006,0.0,0.006,0.0,0.0,0.0,0.0,0.0,0.013,0.0,0.0982,0.0123,0.1104,0.1825,0.2071,-0.2378,0.1856,-0.8222,1.6061,-0.0153,0.1963,-0.2316,0.273,-0.971,1.6552,0.2761,0.0445,0.092,-0.0,-0.0019,-0.0,-0.001,-0.0,0.0001,-0.0,0.0,-0.0007,-0.0,-0.0,0.0,0.0,-0.0016,-0.0002,-0.0,-0.0,0.0,0.0073,0.0051,-0.0005,0.0007,0.0027,0.1641,0.465,-0.6902,0.3101,0.6618,-0.9231,0.3027,-0.402,0.3181,-0.0254,0.6609,-0.9215,0.4451,-0.5482,0.3502,0.4525,0.4972,-0.7014,0.0,0.0,0.0,0.0,0.0,0.0,0.0,0.0,0.0,
4.36,run,0.38,3.69,0.12,0.03,0.19,0.0,0.0,0.0,0.078,5.71,1.05,6.42,10.63,11.87,-13.54,10.72,-47.02,92.37,-0.97,11.69,-13.27,15.56,-55.28,94.83,15.82,2.99,5.54,5.74,0.57,6.35,10.85,11.41,-13.47,10.6,-47.12,92.07,-0.89,11.35,-13.34,15.58,-55.16,94.78,15.84,2.35,5.39,0.1641,0.4649,-0.69,0.3101,0.662,-0.9232,0.3028,-0.4022,0.3184,-0.0253,0.6608,-0.9216,0.445,-0.5484,0.3504,0.4526,0.4972,-0.7012,0.0,0.013,0.0,0.0,0.013,0.0,0.0,0.0,0.006,0.0,0.006,0.0,0.0,0.0,0.0,0.0,0.013,0.0,0.0982,0.0123,0.1104,0.1825,0.2071,-0.2378,0.1841,-0.8222,1.6061,-0.0153,0.1963,-0.2316,0.273,-0.9695,1.6552,0.2761,0.0445,0.092,-0.0,-0.0014,-0.0,-0.0007,-0.0,0.0,-0.0058,0.0,-0.0005,-0.0,-0.0,0.0,0.0,0.0046,-0.0002,-0.0,-0.0,0.0,0.0067,0.0054,-0.002,-0.0002,0.0026,0.1642,0.4651,-0.6902,0.3101,0.6618,-0.9232,0.3026,-0.4018,0.3179,-0.0254,0.6609,-0.9213,0.4447,-0.548,0.3499,0.4524,0.4971,-0.7011,0.0,0.0,0.0,0.0,0.0,0.0,0.0,0.0,0.0,
4.4,run,0.37,3.7,-0.09,-0.04,-0.05,0.0,0.0,0.0,0.078,5.71,1.05,6.42,10.63,11.87,-13.54,10.72,-47.02,92.37,-0.97,11.69,-13.27,15.56,-55.28,94.83,15.82,2.99,5.54,5.75,0.56,6.35,10.85,11.4,-13.47,10.59,-47.11,92.03,-0.88,11.34,-13.32,15.56,-55.15,94.75,15.84,2.35,5.4,0.1642,0.4648,-0.69,0.31,0.6619,-0.9231,0.3026,-0.4021,0.318,-0.0252,0.6607,-0.9214,0.4447,-0.5482,0.35,0.4524,0.4972,-0.7012,0.0,0.013,0.0,0.0,0.013,0.0,0.0,0.0,0.006,0.0,0.006,0.0,0.0,0.0,0.0,0.0,0.013,0.0,0.0982,0.0123,0.1104,0.1825,0.2071,-0.2378,0.1841,-0.8222,1.6061,-0.0153,0.1963,-0.2316,0.273,-0.971,1.6552,0.2761,0.0445,0.092,-0.0,-0.0009,-0.0,-0.0005,-0.0,0.0,-0.004,0.0,-0.0003,-0.0,-0.0,0.0,0.0,-0.0025,-0.0001,-0.0,-0.0,0.0,0.007,0.0054,0.0021,0.0005,0.0032,0.1641,0.4649,-0.69,0.3101,0.662,-0.9232,0.3028,-0.4022,0.3184,-0.0253,0.6608,-0.9216,0.445,-0.5484,0.3504,0.4526,0.4972,-0.7012,0.0,0.0,0.0,0.0,0.0,0.0,0.0,0.0,0.0,
4.44,run,0.36,3.69,-0.09,0.03,0.08,0.0,0.0,0.0,0.078,5.71,1.05,6.42,10.63,11.87,-13.54,10.72,-47.02,92.37,-0.97,11.69,-13.27,15.56,-55.28,94.83,15.82,2.99,5.54,5.74,0.58,6.38,10.85,11.4,-13.5,10.59,-47.13,92.05,-0.89,11.34,-13.31,15.57,-55.17,94.75,15.84,2.35,5.42,0.1641,0.4651,-0.6897,0.3099,0.6619,-0.9236,0.3027,-0.4024,0.3183,-0.0254,0.6607,-0.9213,0.4449,-0.5485,0.35,0.4526,0.4972,-0.701,0.0,0.006,0.0,0.006,0.006,0.0,0.0,0.0,0.0,0.0,0.006,0.0,0.0,0.0,0.0,0.0,0.013,0.0,0.0982,0.0123,0.1104,0.1825,0.2071,-0.2378,0.1841,-0.8222,1.6061,-0.0153,0.1963,-0.2316,0.273,-0.971,1.6552,0.2761,0.0445,0.092,-0.0,-0.0007,-0.0,-0.0003,-0.0,0.0,-0.0028,0.0,-0.0002,-0.0,-0.0,0.0,0.0,-0.0018,-0.0001,-0.0,-0.0,0.0,0.0063,0.0063,-0.0016,-0.0007,-0.0009,0.1642,0.4648,-0.69,0.31,0.6619,-0.9231,0.3026,-0.4021,0.318,-0.0252,0.6607,-0.9214,0.4447,-0.5482,0.35,0.4524,0.4972,-0.7012,0.0,0.0,0.0,0.0,0.0,0.0,0.0,0.0,0.0,
4.48,run,0.36,3.68,-0.18,-0.11,0.11,0.0,0.0,0.0,0.078,5.71,1.05,6.42,10.63,11.87,-13.54,10.72,-47.02,92.37,-0.97,11.69,-13.27,15.56,-55.28,94.83,15.82,2.99,5.54,5.74,0.57,6.38,10.85,11.41,-13.49,10.59,-47.12,92.05,-0.89,11.34,-13.3,15.57,-55.16,94.75,15.83,2.34,5.42,0.1641,0.465,-0.6896,0.3099,0.662,-0.9234,0.3026,-0.4022,0.3183,-0.0253,0.6608,-0.9212,0.4448,-0.5484,0.35,0.4524,0.4971,-0.7009,0.0,0.006,0.0,0.006,0.006,0.0,0.0,0.0,0.0,0.0,0.006,0.0,0.0,0.0,0.0,0.0,0.013,0.0,0.0982,0.0123,0.1104,0.1825,0.2071,-0.2378,0.1841,-0.8222,1.6061,-0.0153,0.1963,-0.2316,0.273,-0.971,1.6552,0.2761,0.0445,0.092,-0.0,-0.0005,-0.0,-0.0002,-0.0,0.0,-0.002,0.0,-0.0002,-0.0,-0.0,0.0,0.0,-0.0012,-0.0001,-0.0,-0.0,0.0,0.0058,0.006,-0.0016,0.0005,0.0014,0.1641,0.4651,-0.6897,0.3099,0.6619,-0.9236,0.3027,-0.4024,0.3183,-0.0254,0.6607,-0.9213,0.4449,-0.5485,0.35,0.4526,0.4972,-0.701,0.0,0.0,0.0,0.0,0.0,0.0,0.0,0.0,0.0,
4.52,run,0.36,3.69,0.02,0.05,0.15,0.0,0.0,0.0,0.078,5.71,1.05,6.42,10.63,11.87,-13.54,10.72,-47.02,92.37,-0.97,11.69,-13.27,15.56,-55.28,94.83,15.82,2.99,5.54,5.75,0.58,6.37,10.85,11.41,-13.49,10.59,-47.11,92.07,-0.89,11.35,-13.31,15.57,-55.15,94.76,15.83,2.34,5.44,0.1642,0.4652,-0.6898,0.3101,0.662,-0.9234,0.3027,-0.402,0.3184,-0.0255,0.6609,-0.9213,0.4448,-0.5483,0.3501,0.4523,0.4971,-0.7007,0.0,0.006,0.0,0.006,0.006,0.0,0.0,0.0,0.0,0.0,0.006,0.0,0.0,0.0,0.0,0.0,0.013,0.0,0.0982,0.0123,0.1104,0.1825,0.2071,-0.2378,0.1841,-0.8222,1.6061,-0.0153,0.1963,-0.2316,0.273,-0.971,1.6552,0.2761,0.0445,0.092,-0.0,-0.0003,-0.0,-0.0002,-0.0,0.0,-0.0014,0.0,-0.0001,-0.0,-0.0,0.0,0.0,-0.0009,-0.0,-0.0,-0.0,0.0,0.0053,0.0053,-0.0032,-0.0019,0.0019,0.1641,0.465,-0.6896,0.3099,0.662,-0.9234,0.3026,-0.4022,0.3183,-0.0253,0.6608,-0.9212,0.4448,-0.5484,0.35,0.4524,0.4971,-0.7009,0.0,0.0,0.0,0.0,0.0,0.0,0.0,0.0,0.0,
4.56,run,0.35,3.68,-0.12,-0.07,0.04,0.0,0.0,0.0,0.078,5.71,1.05,6.42,10.63,11.87,-13.54,10.72,-47.02,92.37,-0.97,11.69,-13.27,15.56,-55.28,94.83,15.82,2.99,5.54,5.75,0.57,6.37,10.85,11.41,-13.48,10.59,-47.11,92.05,-0.88,11.34,-13.3,15.56,-55.15,94.74,15.83,2.34,5.42,0.1642,0.4649,-0.6898,0.3099,0.662,-0.9232,0.3025,-0.402,0.3182,-0.0253,0.6608,-0.9212,0.4447,-0.5482,0.3499,0.4522,0.497,-0.701,0.0,0.013,0.0,0.0,0.006,0.0,0.006,0.0,0.0,0.0,0.006,0.0,0.0,0.0,0.0,0.0,0.013,0.0,0.0982,0.0123,0.1104,0.1825,0.2071,-0.2378,0.1841,-0.8222,1.6061,-0.0153,0.1963,-0.2316,0.273,-0.971,1.6552,0.2761,0.0445,0.092,-0.0,-0.0002,-0.0,-0.0001,-0.0,0.0,-0.001,0.0,-0.0001,-0.0,-0.0,0.0,0.0,-0.0006,-0.0,-0.0,-0.0,0.0,0.0053,0.0054,0.0004,0.0009,0.0026,0.1642,0.4652,-0.6898,0.3101,0.662,-0.9234,0.3027,-0.402,0.3184,-0.0255,0.6609,-0.9213,0.4448,-0.5483,0.3501,0.4523,0.4971,-0.7007,0.0,0.0,0.0,0.0,0.0,0.0,0.0,0.0,0.0,
4.6,run,0.36,3.68,0.09,0.04,0.03,0.0,0.0,0.0,0.078,5.71,1.05,6.42,10.63,11.87,-13.54,10.72,-47.02,92.37,-0.97,11.69,-13.27,15.56,-55.28,94.83,15.82,2.99,5.54,5.74,0.58,6.37,10.85,11.41,-13.49,10.59,-47.11,92.06,-0.89,11.35,-13.31,15.57,-55.16,94.75,15.83,2.34,5.44,0.1641,0.4651,-0.6897,0.31,0.662,-0.9234,0.3026,-0.4021,0.3184,-0.0254,0.6609,-0.9212,0.4447,-0.5483,0.3499,0.4522,0.497,-0.7007,0.0,0.013,0.0,0.0,0.006,0.0,0.006,0.0,0.0,0.0,0.006,0.0,0.0,0.0,0.0,0.0,0.013,0.0,0.0982,0.0123,0.1104,0.1825,0.2071,-0.2378,0.1841,-0.8222,1.6061,-0.0153,0.1963,-0.2316,0.273,-0.971,1.6552,0.2761,0.0445,0.092,-0.0,-0.0002,-0.0,-0.0001,-0.0,0.0,-0.0007,0.0,-0.0001,-0.0,-0.0,0.0,0.0,-0.0004,-0.0,-0.0,-0.0,0.0,0.0048,0.0052,-0.0021,-0.0013,0.0007,0.1642,0.4649,-0.6898,0.3099,0.662,-0.9232,0.3025,-0.402,0.3182,-0.0253,0.6608,-0.9212,0.4447,-0.5482,0.3499,0.4522,0.497,-0.701,0.0,0.0,0.0,0.0,0.0,0.0,0.0,0.0,0.0,
4.64,run,0.36,3.68,-0.07,-0.05,0.04,0.0,0.0,0.0,0.078,5.71,1.05,6.42,10.63,11.87,-13.54,10.72,-47.02,92.37,-0.97,11.69,-13.27,15.56,-55.28,94.83,15.82,2.99,5.54,5.74,0.57,6.37,10.85,11.41,-13.48,10.59,-47.11,92.04,-0.88,11.34,-13.3,15.56,-55.16,94.73,15.83,2.34,5.41,0.1641,0.4649,-0.6897,0.3099,0.662,-0.9233,0.3025,-0.4021,0.3181,-0.0253,0.6608,-0.9212,0.4446,-0.5484,0.3498,0.4522,0.497,-0.7011,0.0,0.013,0.0,0.0,0.006,0.0,0.006,0.0,0.0,0.0,0.006,0.0,0.0,0.0,0.0,0.0,0.013,0.0,0.0982,0.0123,0.1104,0.1825,0.2071,-0.2378,0.1841,-0.8222,1.6061,-0.0153,0.1963,-0.2316,0.273,-0.971,1.6552,0.2761,0.0445,0.092,-0.0,-0.0001,-0.0,-0.0001,-0.0,0.0,-0.0005,0.0,-0.0,-0.0,-0.0,0.0,0.0,-0.0003,-0.0,-0.0,-0.0,0.0,0.0052,0.0051,0.0016,0.0007,0.0004,0.1641,0.4651,-0.6897,0.31,0.662,-0.9234,0.3026,-0.4021,0.3184,-0.0254,0.6609,-0.9212,0.4447,-0.5483,0.3499,0.4522,0.497,-0.7007,0.0,0.0,0.0,0.0,0.0,0.0,0.0,0.0,0.0,
4.68,run,0.36,3.68,0.03,0.03,0.03,0.0,0.0,0.0,0.078,5.71,1.05,6.42,10.63,11.87,-13.54,10.72,-47.02,92.37,-0.97,11.69,-13.27,15.56,-55.28,94.83,15.82,2.99,5.54,5.75,0.58,6.36,10.85,11.41,-13.48,10.59,-47.11,92.05,-0.89,11.35,-13.31,15.56,-55.15,94.74,15.83,2.33,5.43,0.1641,0.465,-0.6898,0.3101,0.662,-0.9233,0.3026,-0.402,0.3182,-0.0254,0.6609,-0.9213,0.4447,-0.5483,0.3499,0.4522,0.497,-0.7008,0.0,0.006,0.0,0.006,0.0,0.0,0.0,0.0,0.006,0.0,0.0,0.0,0.0,0.0,0.0,0.0,0.019,0.0,0.0982,0.0123,0.1104,0.1825,0.2071,-0.2378,0.1841,-0.8222,1.6061,-0.0153,0.1963,-0.2316,0.273,-0.971,1.6552,0.2761,0.0445,0.092,-0.0,-0.0001,-0.0,-0.0,-0.0,0.0,-0.0003,0.0,-0.0,-0.0,-0.0,0.0,0.0,-0.0002,-0.0,-0.0,-0.0,0.0,0.0052,0.0046,-0.0012,-0.0009,0.0007,0.1641,0.4649,-0.6897,0.3099,0.662,-0.9233,0.3025,-0.4021,0.3181,-0.0253,0.6608,-0.9212,0.4446,-0.5484,0.3498,0.4522,0.497,-0.7011,0.0,0.0,0.0,0.0,0.0,0.0,0.0,0.0,0.0,
4.72,run,0.36,3.67,-0.08,-0.01,0.06,0.0,0.0,0.0,0.078,5.71,1.05,6.42,10.63,11.87,-13.54,10.72,-47.02,92.37,-0.97,11.69,-13.27,15.56,-55.28,94.83,15.82,2.99,5.54,5.74,0.57,6.37,10.85,11.41,-13.47,10.59,-47.11,92.03,-0.89,11.34,-13.31,15.56,-55.15,94.73,15.82,2.33,5.41,0.1641,0.4649,-0.6898,0.31,0.662,-0.9232,0.3026,-0.402,0.3181,-0.0253,0.6608,-0.9212,0.4446,-0.5483,0.3498,0.4521,0.4969,-0.701,0.0,0.006,0.0,0.006,0.0,0.0,0.0,0.0,0.006,0.0,0.0,0.0,0.0,0.0,0.0,0.0,0.019,0.0,0.0982,0.0123,0.1104,0.1825,0.2071,-0.2378,0.1841,-0.8222,1.6061,-0.0153,0.1963,-0.2316,0.273,-0.971,1.6552,0.2761,0.0445,0.092,-0.0,-0.0001,-0.0,-0.0,-0.0,0.0,-0.0002,0.0,-0.0,-0.0,-0.0,0.0,0.0,-0.0001,-0.0,-0.0,-0.0,0.0,0.0052,0.0046,0.0005,0.0006,0.0004,0.1641,0.465,-0.6898,0.3101,0.662,-0.9233,0.3026,-0.402,0.3182,-0.0254,0.6609,-0.9213,0.4447,-0.5483,0.3499,0.4522,0.497,-0.7008,0.0,0.0,0.0,0.0,0.0,0.0,0.0,0.0,0.0,
4.76,run,0.36,3.68,0.03,0.1,0.07,0.0,0.0,0.0,0.078,5.71,1.05,6.42,10.63,11.87,-13.54,10.72,-47.02,92.37,-0.97,11.69,-13.27,15.56,-55.28,94.83,15.82,2.99,5.54,5.74,0.58,6.37,10.85,11.41,-13.48,10.59,-47.1,92.04,-0.89,11.35,-13.31,15.56,-55.15,94.73,15.82,2.33,5.43,0.1641,0.465,-0.6898,0.3101,0.662,-0.9232,0.3026,-0.4019,0.3182,-0.0254,0.6609,-0.9212,0.4447,-0.5482,0.3498,0.4521,0.4969,-0.7008,0.0,0.006,0.0,0.006,0.0,0.0,0.0,0.0,0.006,0.0,0.0,0.0,0.0,0.0,0.0,0.0,0.019,0.0,0.0982,0.0123,0.1104,0.1825,0.2071,-0.2378,0.1841,-0.8222,1.6061,-0.0153,0.1963,-0.2316,0.273,-0.971,1.6552,0.2761,0.0445,0.092,-0.0,-0.0,-0.0,-0.0,-0.0,0.0,-0.0002,0.0,-0.0,-0.0,-0.0,0.0,0.0,-0.0001,-0.0,-0.0,-0.0,0.0,0.0051,0.0045,-0.0013,-0.0002,0.001,0.1641,0.4649,-0.6898,0.31,0.662,-0.9232,0.3026,-0.402,0.3181,-0.0253,0.6608,-0.9212,0.4446,-0.5483,0.3498,0.4521,0.4969,-0.701,0.0,0.0,0.0,0.0,0.0,0.0,0.0,0.0,0.0,
4.8,run,0.36,3.68,-0.09,0.03,0.1,0.0,0.0,0.0,0.078,5.71,1.05,6.42,10.63,11.87,-13.54,10.72,-47.02,92.37,-0.97,11.69,-13.27,15.56,-55.28,94.83,15.82,2.99,5.54,5.74,0.57,6.37,10.85,11.41,-13.47,10.59,-47.11,92.03,-0.88,11.34,-13.3,15.56,-55.15,94.73,15.82,2.33,5.41,0.1641,0.4649,-0.6897,0.3099,0.662,-0.9232,0.3025,-0.402,0.318,-0.0253,0.6608,-0.9212,0.4446,-0.5482,0.3498,0.4521,0.497,-0.7011,0.0,0.013,0.0,0.006,0.006,0.0,0.0,0.0,0.0,0.0,0.0,0.0,0.0,0.0,0.0,0.0,0.013,0.0,0.0982,0.0123,0.1104,0.1825,0.2071,-0.2378,0.1841,-0.8222,1.6061,-0.0153,0.1963,-0.2316,0.273,-0.971,1.6552,0.2761,0.0445,0.092,-0.0,-0.0,-0.0,-0.0,-0.0,0.0,-0.0001,0.0,-0.0,-0.0,-0.0,0.0,0.0,-0.0001,-0.0,-0.0,-0.0,0.0,0.0053,0.005,0.0005,0.0017,0.0012,0.1641,0.465,-0.6898,0.3101,0.662,-0.9232,0.3026,-0.4019,0.3182,-0.0254,0.6609,-0.9212,0.4447,-0.5482,0.3498,0.4521,0.4969,-0.7008,0.0,0.0,0.0,0.0,0.0,0.0,0.0,0.0,0.0,
4.84,run,0.36,3.68,0.16,-0.03,0.1,0.0,0.0,0.0,0.078,5.71,1.05,6.42,10.63,11.87,-13.54,10.72,-47.02,92.37,-0.97,11.69,-13.27,15.56,-55.37,94.83,15.82,2.99,5.54,5.74,0.57,6.37,10.85,11.41,-13.48,10.59,-47.11,92.05,-0.89,11.35,-13.3,15.56,-55.15,94.74,15.83,2.33,5.43,0.1641,0.465,-0.6897,0.31,0.662,-0.9233,0.3026,-0.4019,0.3182,-0.0254,0.6608,-0.9212,0.4447,-0.5482,0.3498,0.4521,0.4969,-0.7009,0.0,0.013,0.0,0.006,0.006,0.0,0.0,0.0,0.0,0.0,0.0,0.0,0.0,0.0,0.0,0.0,0.013,0.0,0.0982,0.0123,0.1104,0.1825,0.2071,-0.2378,0.1841,-0.8222,1.6061,-0.0153,0.1963,-0.2316,0.273,-0.971,1.6552,0.2761,0.0445,0.092,-0.0,-0.0,-0.0,-0.0,-0.0,0.0,-0.0001,0.0,-0.0,-0.0,-0.0,0.0,0.0,-0.0001,-0.0,-0.0,-0.0,0.0,0.0051,0.005,-0.0016,0.0006,0.0018,0.1641,0.4649,-0.6897,0.3099,0.662,-0.9232,0.3025,-0.402,0.318,-0.0253,0.6608,-0.9212,0.4446,-0.5482,0.3498,0.4521,0.497,-0.7011,0.0,0.0,0.0,0.0,0.0,0.0,0.0,0.0,0.0,
4.88,run,0.35,3.68,-0.15,-0.06,0.02,0.0,0.0,0.0,0.078,5.71,1.05,6.42,10.63,11.87,-13.54,10.72,-47.02,92.37,-0.97,11.69,-13.27,15.56,-55.37,94.83,15.82,2.99,5.54,5.75,0.57,6.36,10.85,11.4,-13.47,10.59,-47.1,92.01,-0.89,11.34,-13.3,15.55,-55.14,94.71,15.82,2.33,5.42,0.1642,0.465,-0.6899,0.31,0.6619,-0.9232,0.3025,-0.4018,0.3178,-0.0253,0.6607,-0.9212,0.4444,-0.5481,0.3496,0.4521,0.4969,-0.7009,0.0,0.013,0.0,0.006,0.006,0.0,0.0,0.0,0.0,0.0,0.0,0.0,0.0,0.0,0.0,0.0,0.013,0.0,0.0982,0.0123,0.1104,0.1825,0.2071,-0.2378,0.1841,-0.8222,1.6061,-0.0153,0.1963,-0.2316,0.273,-0.9725,1.6552,0.2761,0.0445,0.092,-0.0,-0.0,-0.0,-0.0,-0.0,0.0,-0.0001,0.0,-0.0,-0.0,-0.0,0.0,0.0,-0.0058,-0.0,-0.0,-0.0,0.0,0.0058,0.0047,0.0028,-0.0005,0.0018,0.1641,0.465,-0.6897,0.31,0.662,-0.9233,0.3026,-0.4019,0.3182,-0.0254,0.6608,-0.9212,0.4447,-0.5482,0.3498,0.4521,0.4969,-0.7009,0.0,0.0,0.0,0.0,0.0,0.0,0.0,0.0,0.0,
4.92,run,0.36,3.67,-0.08,0.07,0.18,0.0,0.0,0.0,0.078,5.71,1.05,6.42,10.63,11.87,-13.54,10.72,-47.02,92.37,-0.97,11.69,-13.27,15.56,-55.2,94.83,15.82,2.99,5.54,5.74,0.59,6.37,10.85,11.41,-13.49,10.59,-47.1,92.04,-0.89,11.35,-13.3,15.56,-55.15,94.72,15.83,2.33,5.45,0.1641,0.4652,-0.6897,0.3101,0.6619,-0.9235,0.3026,-0.4019,0.3182,-0.0254,0.6609,-0.9212,0.4446,-0.5481,0.3497,0.4522,0.4969,-0.7006,0.0,0.006,0.0,0.0,0.006,0.0,0.0,0.0,0.006,0.0,0.006,0.0,0.0,0.006,0.0,0.0,0.013,0.0,0.0982,0.0123,0.1104,0.1825,0.2071,-0.2378,0.1841,-0.8222,1.6061,-0.0153,0.1963,-0.2316,0.273,-0.9725,1.6552,0.2761,0.0445,0.092,-0.0,-0.0,-0.0,-0.0,-0.0,0.0,-0.0,0.0,-0.0,-0.0,-0.0,0.0,0.0,-0.0041,-0.0,-0.0,-0.0,0.0,0.005,0.0047,-0.0027,-0.001,0.0003,0.1642,0.465,-0.6899,0.31,0.6619,-0.9232,0.3025,-0.4018,0.3178,-0.0253,0.6607,-0.9212,0.4444,-0.5481,0.3496,0.4521,0.4969,-0.7009,0.0,0.0,0.0,0.0,0.0,0.0,0.0,0.0,0.0,
4.96,run,0.36,3.67,0.02,0.12,0.12,0.0,0.0,0.0,0.078,5.71,1.05,6.42,10.63,11.87,-13.54,10.72,-47.02,92.37,-0.97,11.69,-13.27,15.56,-55.28,94.83,15.82,2.99,5.54,5.75,0.56,6.35,10.85,11.42,-13.45,10.59,-47.1,92.06,-0.89,11.35,-13.32,15.57,-55.15,94.77,15.82,2.33,5.4,0.1642,0.4648,-0.69,0.31,0.6621,-0.923,0.3027,-0.4018,0.3184,-0.0253,0.661,-0.9214,0.4449,-0.5482,0.3502,0.452,0.4969,-0.7012,0.0,0.006,0.0,0.0,0.006,0.0,0.0,0.0,0.006,0.0,0.006,0.0,0.0,0.006,0.0,0.0,0.013,0.0,0.0982,0.0123,0.1104,0.1825,0.2071,-0.2378,0.1841,-0.8222,1.6061,-0.0153,0.1963,-0.2316,0.273,-0.9695,1.6552,0.2761,0.0445,0.092,-0.0,-0.0,-0.0,-0.0,-0.0,0.0,-0.0,0.0,-0.0,-0.0,-0.0,0.0,0.0,0.0087,-0.0,-0.0,-0.0,0.0,0.0051,0.0044,-0.0015,0.0011,0.0031,0.1641,0.4652,-0.6897,0.3101,0.6619,-0.9235,0.3026,-0.4019,0.3182,-0.0254,0.6609,-0.9212,0.4446,-0.5481,0.3497,0.4522,0.4969,-0.7006,0.0,0.0,0.0,0.0,0.0,0.0,0.0,0.0,0.0,
5.0,run,0.36,3.68,0.06,0.04,-0.01,0.0,0.0,0.0,0.078,5.71,1.05,6.42,10.63,11.87,-13.54,10.72,-47.02,92.37,-0.97,11.69,-13.27,15.56,-55.28,94.83,15.82,2.99,5.54,5.75,0.57,6.36,10.85,11.41,-13.47,10.59,-47.1,92.03,-0.88,11.34,-13.3,15.56,-55.15,94.74,15.82,2.33,5.41,0.1642,0.4648,-0.6898,0.3099,0.6619,-0.9231,0.3026,-0.4019,0.318,-0.0253,0.6608,-0.9212,0.4447,-0.5481,0.3498,0.4521,0.497,-0.7011,0.0,0.006,0.0,0.0,0.006,0.0,0.0,0.0,0.006,0.0,0.006,0.0,0.0,0.006,0.0,0.0,0.013,0.0,0.0982,0.0123,0.1104,0.1825,0.2071,-0.2378,0.1841,-0.8222,1.6061,-0.0153,0.1963,-0.2316,0.273,-0.971,1.6552,0.2761,0.0445,0.092,-0.0,-0.0,-0.0,-0.0,-0.0,0.0,-0.0,0.0,-0.0,-0.0,-0.0,0.0,0.0,0.0003,-0.0,-0.0,-0.0,0.0,0.0058,0.0045,0.0004,0.0021,0.002,0.1642,0.4648,-0.69,0.31,0.6621,-0.923,0.3027,-0.4018,0.3184,-0.0253,0.661,-0.9214,0.4449,-0.5482,0.3502,0.452,0.4969,-0.7012,0.0,0.0,0.0,0.0,0.0,0.0,0.0,0.0,0.0,
5.04,run,0.36,3.67,-0.01,-0.06,0.04,0.7,0.0,0.0,0.078,5.71,1.05,6.42,10.63,11.87,-13.54,10.72,-47.02,92.37,-0.97,11.69,-13.27,15.56,-55.28,94.83,15.82,2.99,5.54,5.83,0.98,6.08,10.99,11.83,-13.73,10.7,-47.05,92.75,-0.92,11.73,-13.51,15.59,-55.12,95.95,15.98,2.6,5.62,0.1667,0.4724,-0.6932,0.3139,0.6697,-0.9263,0.3058,-0.4009,0.3264,-0.0263,0.6679,-0.9237,0.4454,-0.5476,0.3641,0.4567,0.5017,-0.6986,0.0,0.0,0.006,0.006,0.006,0.0,0.006,0.0,0.006,0.0,0.006,0.006,0.0,0.006,0.0,0.0,0.006,0.0,0.0982,0.0123,0.1104,0.1825,0.2071,-0.2378,0.1841,-0.8222,1.6061,-0.0153,0.1963,-0.2316,0.273,-0.971,1.6552,0.2761,0.0445,0.092,-0.0,-0.0,-0.0,-0.0,-0.0,0.0,-0.0,0.0,-0.0,-0.0,-0.0,0.0,0.0,0.0002,-0.0,-0.0,-0.0,0.0,0.0051,0.0049,0.0011,0.0007,-0.0001,0.1642,0.4648,-0.6898,0.3099,0.6619,-0.9231,0.3026,-0.4019,0.318,-0.0253,0.6608,-0.9212,0.4447,-0.5481,0.3498,0.4521,0.497,-0.7011,0.0,0.0,0.0148,0.0,0.0,0.0,0.0,0.0,0.0,
5.08,run,0.36,3.67,0.0,-0.01,0.1,1.5,0.0,0.0,0.078,5.71,1.05,6.42,10.63,11.87,-13.54,10.72,-47.02,92.37,-0.97,11.69,-13.36,15.56,-55.28,94.83,15.82,2.99,5.54,5.97,1.38,5.71,11.11,12.28,-13.9,10.82,-46.95,93.57,-0.94,12.17,-13.74,15.65,-55.04,97.33,16.17,2.9,5.91,0.1705,0.4797,-0.6975,0.3173,0.6777,-0.9283,0.3091,-0.3991,0.3361,-0.027,0.6759,-0.9263,0.447,-0.5462,0.3803,0.462,0.5073,-0.6952,0.0,0.0,0.006,0.006,0.006,0.0,0.006,0.0,0.006,0.0,0.006,0.006,0.0,0.006,0.0,0.0,0.006,0.0,0.0982,0.0123,0.1104,0.1825,0.2071,-0.2378,0.1841,-0.8222,1.6061,-0.0153,0.1963,-0.2316,0.273,-0.971,1.6552,0.2761,0.0445,0.092,-0.0,-0.0,-0.0,-0.0,-0.0,0.0,-0.0,0.0,-0.0,-0.0,-0.0,0.0,0.0,0.0001,-0.0,-0.0,-0.0,0.0,0.0052,0.0044,-0.0001,-0.001,0.0007,0.1667,0.4724,-0.6932,0.3139,0.6697,-0.9263,0.3058,-0.4009,0.3264,-0.0263,0.6679,-0.9237,0.4454,-0.5476,0.3641,0.4567,0.5017,-0.6986,0.0,0.0,0.0296,0.0,0.0,0.0,0.0,0.0,0.0,
5.12,run,0.35,3.69,-0.16,0.16,0.37,2.2,0.0,0.0,0.078,5.89,1.05,6.06,10.63,11.87,-13.8,10.72,-47.02,92.64,-0.97,11.69,-13.71,15.56,-55.2,95.71,16.08,2.99,5.54,6.09,1.77,5.37,11.21,12.71,-14.06,10.94,-46.87,94.33,-0.96,12.6,-13.93,15.7,-54.96,98.66,16.37,3.21,6.19,0.1741,0.4867,-0.7016,0.3204,0.6856,-0.9301,0.3124,-0.3976,0.345,-0.0275,0.6836,-0.9286,0.4486,-0.5447,0.396,0.4676,0.5129,-0.6919,0.0,0.0,0.006,0.006,0.006,0.0,0.006,0.0,0.006,0.0,0.006,0.006,0.0,0.006,0.0,0.0,0.006,0.0,0.0982,0.0123,0.1104,0.1825,0.2071,-0.2378,0.1841,-0.8222,1.6061,-0.0153,0.1963,-0.2332,0.273,-0.971,1.6552,0.2761,0.0445,0.092,-0.0,-0.0,-0.0,-0.0,-0.0,0.0,-0.0,0.0,-0.0,-0.0,-0.0,-0.0057,0.0,0.0001,-0.0,-0.0,-0.0,0.0,0.0058,0.004,0.0,-0.0002,0.0018,0.1705,0.4797,-0.6975,0.3173,0.6777,-0.9283,0.3091,-0.3991,0.3361,-0.027,0.6759,-0.9263,0.447,-0.5462,0.3803,0.462,0.5073,-0.6952,0.0,0.0,0.0444,0.0,0.0,0.0,0.0,0.0,0.0,
5.16,run,0.36,3.68,-0.01,-0.1,-0.86,3.0,0.0,0.0,0.078,6.15,1.32,5.71,10.72,12.22,-13.97,10.72,-46.93,93.08,-0.97,12.13,-13.97,15.64,-55.11,96.59,16.26,3.08,5.71,6.2,2.34,4.78,11.4,13.19,-14.32,11.04,-46.76,95.23,-1.01,12.97,-14.14,15.76,-54.99,100.06,16.51,3.37,6.4,0.1772,0.4971,-0.7085,0.3258,0.6943,-0.9331,0.3153,-0.3956,0.3556,-0.0288,0.6904,-0.9311,0.4503,-0.5453,0.4124,0.4718,0.5159,-0.6894,0.0,0.0,0.006,0.006,0.0,0.013,0.0,0.0,0.006,0.0,0.0,0.0,0.0,0.0,0.013,0.006,0.0,0.006,0.1012,0.0123,0.1043,0.1825,0.2071,-0.2424,0.1841,-0.8222,1.6107,-0.0153,0.1963,-0.2393,0.273,-0.9695,1.6705,0.2807,0.0445,0.092,0.0097,-0.0,-0.0195,-0.0,-0.0,-0.0146,-0.0,0.0,0.0146,-0.0,-0.0,-0.0235,0.0,0.0049,0.0487,0.0146,-0.0,0.0,0.0047,0.0054,-0.0028,0.0027,0.0064,0.1741,0.4867,-0.7016,0.3204,0.6856,-0.9301,0.3124,-0.3976,0.345,-0.0275,0.6836,-0.9286,0.4486,-0.5447,0.396,0.4676,0.5129,-0.6919,0.0,0.0,0.0592,0.0,0.0,0.0,0.0,0.0,0.0,
5.2,run,0.38,3.68,0.2,0.22,0.64,3.7,0.0,0.0,0.078,6.15,1.76,5.45,10.99,12.66,-14.24,10.72,-46.85,93.34,-0.97,12.57,-13.97,15.56,-55.2,97.65,16.26,3.16,6.15,6.3,2.79,4.12,11.6,13.5,-14.34,11.03,-46.78,95.89,-1.07,13.16,-14.39,15.78,-55.08,101.27,16.62,3.37,6.44,0.18,0.5052,-0.7163,0.3315,0.7,-0.9335,0.3151,-0.396,0.3634,-0.0304,0.6939,-0.934,0.451,-0.547,0.4267,0.4749,0.5158,-0.6889,0.0,0.0,0.006,0.006,0.0,0.013,0.0,0.0,0.006,0.0,0.0,0.0,0.0,0.0,0.013,0.006,0.0,0.006,0.1058,0.0169,0.0982,0.1841,0.2132,-0.2454,0.1841,-0.8207,1.6183,-0.0153,0.204,-0.2439,0.2746,-0.9679,1.6858,0.2838,0.046,0.0951,0.028,0.0212,-0.0419,0.0071,0.0283,-0.0244,-0.0,0.0071,0.0456,-0.0,0.0353,-0.0376,0.0071,0.0105,0.1047,0.0244,0.0071,0.0141,0.005,0.0052,-0.0001,-0.0017,-0.015,0.1772,0.4971,-0.7085,0.3258,0.6943,-0.9331,0.3153,-0.3956,0.3556,-0.0288,0.6904,-0.9311,0.4503,-0.5453,0.4124,0.4718,0.5159,-0.6894,0.0,0.0,0.074,0.0,0.0,0.0,0.0,0.0,0.0,
5.24,run,0.36,3.66,-0.31,-0.35,-0.74,4.4,0.0,0.0,0.078,6.15,2.2,5.01,11.16,13.01,-14.24,10.72,-46.93,94.22,-0.97,12.83,-14.33,15.64,-55.2,98.88,16.52,3.25,6.24,6.38,3.18,3.4,11.84,13.74,-14.04,11.0,-46.48,96.34,-1.11,13.22,-14.29,15.75,-54.95,102.25,16.61,3.27,6.52,0.1824,0.5123,-0.7247,0.3382,0.7043,-0.9299,0.3144,-0.3905,0.3687,-0.0316,0.695,-0.9328,0.4499,-0.5446,0.4383,0.4746,0.514,-0.688,0.0,0.0,0.006,0.006,0.0,0.013,0.0,0.0,0.006,0.0,0.0,0.0,0.0,0.0,0.013,0.006,0.0,0.006,0.1058,0.0245,0.0936,0.1887,0.2209,-0.25,0.1841,-0.8191,1.623,-0.0153,0.2117,-0.2439,0.273,-0.9695,1.7043,0.2838,0.0476,0.1028,0.0196,0.0433,-0.0464,0.022,0.0483,-0.0341,-0.0,0.0106,0.049,-0.0,0.0532,-0.0263,-0.0008,0.0017,0.1417,0.017,0.0106,0.0384,0.0069,0.0047,0.0035,0.0038,0.0111,0.18,0.5052,-0.7163,0.3315,0.7,-0.9335,0.3151,-0.396,0.3634,-0.0304,0.6939,-0.934,0.451,-0.547,0.4267,0.4749,0.5158,-0.6889,0.0,0.0,0.0888,0.0,0.0,0.0,0.0,0.0,0.0,
5.28,run,0.38,3.7,0.61,0.51,0.27,5.2,0.0,0.0,0.078,6.5,2.72,4.31,11.34,13.45,-14.15,10.72,-46.58,95.01,-1.14,13.1,-14.24,15.56,-55.2,100.11,16.52,3.25,6.24,6.43,3.86,2.69,12.13,14.02,-14.38,11.03,-46.37,96.82,-1.25,13.43,-14.4,15.77,-55.09,103.2,16.7,3.24,6.71,0.1837,0.5247,-0.7331,0.3466,0.7095,-0.9339,0.3151,-0.3885,0.3743,-0.0357,0.6987,-0.9342,0.4507,-0.547,0.4494,0.4772,0.5134,-0.6858,0.0,0.0,0.006,0.013,0.0,0.006,0.006,0.006,0.013,0.0,0.0,0.006,0.013,0.0,0.006,0.0,0.0,0.006,0.1058,0.0322,0.0859,0.1917,0.227,-0.25,0.1841,-0.8207,1.6383,-0.0153,0.2163,-0.25,0.2746,-0.9695,1.7257,0.2884,0.0491,0.1043,0.0137,0.0592,-0.0614,0.027,0.0569,-0.0239,-0.0,0.0017,0.0921,-0.0,0.0546,-0.0416,0.0053,0.0012,0.1801,0.0293,0.0132,0.0327,0.0051,0.0036,-0.0055,-0.0061,-0.0129,0.1824,0.5123,-0.7247,0.3382,0.7043,-0.9299,0.3144,-0.3905,0.3687,-0.0316,0.695,-0.9328,0.4499,-0.5446,0.4383,0.4746,0.514,-0.688,0.0,0.0,0.1036,0.0,0.0,0.0,0.0,0.0,0.0,
5.32,run,0.35,3.7,-0.36,0.07,0.74,5.9,0.0,0.0,0.078,6.42,3.16,3.69,11.6,13.71,-14.15,10.72,-46.58,95.62,-1.23,13.18,-14.33,15.64,-55.28,101.25,16.61,3.25,6.42,6.45,4.22,2.04,12.32,14.07,-14.21,10.96,-45.98,97.02,-1.23,13.37,-14.25,15.73,-54.92,104.11,16.7,3.02,6.72,0.1843,0.5312,-0.7407,0.352,0.7104,-0.9318,0.3132,-0.3814,0.3767,-0.0352,0.6977,-0.9324,0.4494,-0.5441,0.4602,0.4772,0.5094,-0.6857,0.0,0.0,0.006,0.013,0.0,0.006,0.006,0.006,0.013,0.0,0.0,0.006,0.013,0.0,0.006,0.0,0.0,0.006,0.112,0.0414,0.0736,0.1948,0.2347,-0.2485,0.1841,-0.8145,1.6521,-0.0184,0.2209,-0.2485,0.273,-0.9695,1.7472,0.2884,0.0491,0.1043,0.0326,0.0759,-0.0889,0.0304,0.0686,-0.011,-0.0,0.0242,0.1162,-0.0115,0.0555,-0.0233,-0.0021,0.0008,0.2065,0.0205,0.0093,0.0229,0.0068,0.0071,0.0107,0.0089,0.0047,0.1837,0.5247,-0.7331,0.3466,0.7095,-0.9339,0.3151,-0.3885,0.3743,-0.0357,0.6987,-0.9342,0.4507,-0.547,0.4494,0.4772,0.5134,-0.6858,0.0,0.0,0.1184,0.0,0.0,0.0,0.0,0.0,0.0,
5.36,run,0.35,3.7,0.34,0.15,-0.24,6.7,0.0,0.0,0.078,6.42,3.6,3.08,11.78,13.97,-14.24,10.72,-46.32,96.15,-1.14,13.27,-14.33,15.56,-55.11,102.3,16.61,3.25,6.5,6.47,4.89,1.36,12.62,14.31,-14.36,10.99,-45.62,97.41,-1.36,13.53,-14.13,15.72,-54.87,104.89,16.74,2.95,7.06,0.185,0.5434,-0.7487,0.3607,0.7146,-0.9336,0.314,-0.3748,0.3812,-0.0387,0.7006,-0.931,0.4493,-0.5431,0.4693,0.4783,0.5081,-0.6817,0.0,0.0,0.006,0.013,0.0,0.006,0.006,0.006,0.013,0.0,0.0,0.006,0.013,0.0,0.006,0.0,0.0,0.006,0.1104,0.0491,0.0629,0.1994,0.2393,-0.2485,0.1841,-0.8145,1.6628,-0.0199,0.2224,-0.25,0.2746,-0.971,1.7671,0.2899,0.0491,0.1074,0.0171,0.0819,-0.1026,0.0385,0.0653,-0.0077,-0.0,0.0169,0.1216,-0.0138,0.0446,-0.0221,0.0043,-0.0052,0.2194,0.0201,0.0065,0.0275,0.0046,0.0065,-0.0063,0.0013,0.0128,0.1843,0.5312,-0.7407,0.352,0.7104,-0.9318,0.3132,-0.3814,0.3767,-0.0352,0.6977,-0.9324,0.4494,-0.5441,0.4602,0.4772,0.5094,-0.6857,0.0,0.0,0.1332,0.0,0.0,0.0,0.0,0.0,0.0,
5.4,run,0.34,3.69,-0.66,-0.18,0.42,7.4,0.0,0.0,0.078,6.42,4.13,2.37,12.13,14.06,-14.24,10.72,-45.88,96.5,-1.41,13.27,-14.24,15.64,-54.93,103.36,16.61,3.25,6.68,6.49,5.36,0.71,12.83,14.42,-14.26,10.98,-45.32,97.65,-1.39,13.56,-13.99,15.72,-54.83,105.65,16.76,2.83,7.08,0.1855,0.552,-0.7563,0.3666,0.7167,-0.9325,0.3138,-0.3694,0.3841,-0.0399,0.701,-0.9293,0.4491,-0.5424,0.4783,0.4789,0.506,-0.6815,0.0,0.006,0.013,0.006,0.0,0.0,0.006,0.006,0.019,0.0,0.006,0.0,0.0,0.006,0.006,0.006,0.013,0.006,0.1104,0.0568,0.0522,0.2025,0.2439,-0.25,0.1841,-0.8099,1.672,-0.0184,0.224,-0.25,0.273,-0.9679,1.7856,0.2899,0.0491,0.1089,0.0119,0.0861,-0.1121,0.0385,0.063,-0.0111,-0.0,0.0291,0.1197,-0.0039,0.037,-0.0155,-0.0027,0.0079,0.2226,0.0141,0.0045,0.025,0.0047,0.0066,0.006,0.0026,-0.0042,0.185,0.5434,-0.7487,0.3607,0.7146,-0.9336,0.314,-0.3748,0.3812,-0.0387,0.7006,-0.931,0.4493,-0.5431,0.4693,0.4783,0.5081,-0.6817,0.0,0.0,0.148,0.0,0.0,0.0,0.0,0.0,0.0,
5.44,run,0.37,3.7,0.82,0.78,0.48,8.1,0.0,0.0,0.078,6.42,4.75,1.67,12.39,14.24,-14.15,10.72,-45.53,96.94,-1.32,13.27,-14.15,15.56,-55.11,104.33,16.61,3.25,6.86,6.51,5.94,0.07,13.1,14.54,-14.14,10.97,-44.9,97.93,-1.47,13.64,-13.75,15.71,-54.7,106.31,16.79,2.75,7.39,0.1859,0.5625,-0.7638,0.3743,0.719,-0.9311,0.3134,-0.3618,0.3874,-0.0421,0.7026,-0.9265,0.4489,-0.54,0.486,0.4798,0.5045,-0.6778,0.0,0.006,0.013,0.006,0.0,0.0,0.006,0.006,0.019,0.0,0.006,0.0,0.0,0.006,0.006,0.006,0.013,0.006,0.1104,0.066,0.0399,0.2086,0.2454,-0.25,0.1841,-0.8023,1.6782,-0.023,0.224,-0.2485,0.2746,-0.9649,1.804,0.2899,0.0491,0.112,0.0084,0.0949,-0.1246,0.05,0.0498,-0.0078,-0.0,0.0492,0.1068,-0.02,0.0259,-0.0051,0.0038,0.017,0.225,0.0098,0.0032,0.029,0.0036,0.0062,-0.0114,-0.0031,0.0074,0.1855,0.552,-0.7563,0.3666,0.7167,-0.9325,0.3138,-0.3694,0.3841,-0.0399,0.701,-0.9293,0.4491,-0.5424,0.4783,0.4789,0.506,-0.6815,0.0,0.0,0.1628,0.0,0.0,0.0,0.0,0.0,0.0,
5.48,run,0.32,3.68,-0.38,-0.42,-1.29,8.9,0.0,0.0,0.078,6.42,5.19,1.05,12.57,14.33,-14.15,10.72,-45.26,97.21,-1.41,13.27,-14.06,15.64,-54.93,105.21,16.7,3.25,7.12,6.49,6.32,-0.54,13.29,14.54,-13.95,10.91,-44.48,97.87,-1.46,13.55,-13.44,15.65,-54.53,106.89,16.78,2.57,7.33,0.1854,0.5695,-0.7711,0.3796,0.7189,-0.9288,0.3117,-0.3542,0.3867,-0.0416,0.7009,-0.9228,0.4472,-0.5369,0.4928,0.4794,0.5013,-0.6785,0.0,0.006,0.013,0.006,0.0,0.0,0.006,0.006,0.019,0.0,0.006,0.0,0.0,0.006,0.006,0.006,0.013,0.006,0.1104,0.0767,0.0276,0.2132,0.2485,-0.2485,0.1841,-0.7961,1.6858,-0.0215,0.224,-0.247,0.273,-0.9679,1.8208,0.2899,0.0491,0.115,0.0059,0.1067,-0.1332,0.0523,0.0464,0.0003,-0.0,0.0575,0.1035,-0.0083,0.0181,0.0022,-0.0031,0.0004,0.2208,0.0069,0.0022,0.0318,0.0059,0.007,0.0143,0.0137,0.0083,0.1859,0.5625,-0.7638,0.3743,0.719,-0.9311,0.3134,-0.3618,0.3874,-0.0421,0.7026,-0.9265,0.4489,-0.54,0.486,0.4798,0.5045,-0.6778,0.0,0.0,0.1776,0.0,0.0,0.0,0.0,0.0,0.0,
5.52,run,0.33,3.67,0.02,-0.16,1.09,9.6,0.0,0.0,0.078,6.42,5.71,0.44,12.83,14.41,-14.15,10.72,-44.74,97.38,-1.49,13.45,-13.45,15.56,-54.76,106.0,16.7,3.25,7.12,6.49,7.01,-1.22,13.58,14.66,-13.97,10.93,-44.19,98.2,-1.59,13.66,-13.33,15.67,-54.48,107.51,16.83,2.49,7.7,0.1854,0.5819,-0.779,0.388,0.7211,-0.9291,0.3122,-0.3489,0.3906,-0.0455,0.7029,-0.9215,0.4478,-0.536,0.5002,0.4809,0.4997,-0.6742,0.0,0.0,0.013,0.013,0.0,0.006,0.006,0.0,0.013,0.0,0.0,0.0,0.0,0.006,0.006,0.006,0.019,0.006,0.1104,0.0844,0.0169,0.2163,0.25,-0.2485,0.1841,-0.7915,1.6904,-0.023,0.224,-0.2454,0.2746,-0.9649,1.8362,0.2915,0.0491,0.1197,0.0041,0.1035,-0.1335,0.0481,0.0382,0.0002,-0.0,0.0575,0.0897,-0.0115,0.0127,0.0073,0.0036,0.0118,0.2121,0.0106,0.0016,0.0395,0.0021,0.0052,-0.0067,-0.0073,-0.0225,0.1854,0.5695,-0.7711,0.3796,0.7189,-0.9288,0.3117,-0.3542,0.3867,-0.0416,0.7009,-0.9228,0.4472,-0.5369,0.4928,0.4794,0.5013,-0.6785,0.0,0.0,0.1924,0.0,0.0,0.0,0.0,0.0,0.0,
5.56,run,0.35,3.69,0.12,0.39,-0.09,10.4,0.0,0.0,0.078,6.42,6.33,-0.18,13.01,14.41,-13.97,10.72,-44.38,97.47,-1.49,13.54,-13.45,15.56,-54.58,106.79,16.7,3.16,7.29,6.49,7.29,-1.93,13.8,14.62,-13.42,10.89,-43.63,98.22,-1.62,13.61,-13.0,15.62,-54.13,108.1,16.78,2.29,7.77,0.1855,0.5871,-0.7874,0.3944,0.7203,-0.9226,0.3112,-0.3386,0.3908,-0.0464,0.7021,-0.9177,0.4463,-0.5297,0.5071,0.4794,0.4961,-0.6733,0.0,0.0,0.013,0.013,0.0,0.006,0.006,0.0,0.013,0.0,0.0,0.0,0.0,0.006,0.006,0.006,0.019,0.006,0.1104,0.0936,0.0061,0.2209,0.2516,-0.2485,0.1841,-0.7823,1.6935,-0.0245,0.227,-0.2347,0.273,-0.9618,1.85,0.2915,0.0491,0.1197,0.0029,0.1066,-0.1334,0.0508,0.0325,0.0001,-0.0,0.0744,0.0742,-0.0138,0.0203,0.045,-0.0032,0.0197,0.1998,0.0074,0.0011,0.0277,0.0027,0.0039,0.0004,-0.0027,0.0191,0.1854,0.5819,-0.779,0.388,0.7211,-0.9291,0.3122,-0.3489,0.3906,-0.0455,0.7029,-0.9215,0.4478,-0.536,0.5002,0.4809,0.4997,-0.6742,0.0,0.0,0.2072,0.0,0.0,0.0,0.0,0.0,0.0,
5.6,run,0.34,3.67,0.02,-0.2,-0.03,11.1,0.0,0.0,0.078,6.42,6.77,-0.88,13.27,14.5,-13.97,10.72,-44.12,97.65,-1.49,13.54,-13.36,15.56,-54.58,107.4,16.7,2.99,7.56,6.44,7.77,-2.44,13.98,14.62,-13.41,10.88,-43.33,98.26,-1.64,13.6,-12.72,15.62,-54.01,108.69,16.83,2.18,7.85,0.1841,0.5958,-0.7935,0.3995,0.7204,-0.9224,0.3108,-0.3332,0.3913,-0.0467,0.7017,-0.9144,0.4462,-0.5274,0.514,0.4809,0.4942,-0.6724,0.0,0.0,0.013,0.013,0.0,0.006,0.006,0.0,0.013,0.0,0.0,0.0,0.0,0.006,0.006,0.006,0.019,0.006,0.1104,0.1043,-0.0046,0.224,0.2516,-0.2454,0.1841,-0.7762,1.695,-0.0245,0.2286,-0.2347,0.273,-0.9587,1.8638,0.2915,0.0476,0.1227,0.002,0.1152,-0.1339,0.0471,0.0227,0.0117,-0.0,0.0753,0.0577,-0.0096,0.02,0.0315,-0.0022,0.0254,0.192,0.0052,-0.005,0.031,0.0042,0.0057,0.0021,0.0069,-0.0016,0.1855,0.5871,-0.7874,0.3944,0.7203,-0.9226,0.3112,-0.3386,0.3908,-0.0464,0.7021,-0.9177,0.4463,-0.5297,0.5071,0.4794,0.4961,-0.6733,0.0,0.0,0.222,0.0,0.0,0.0,0.0,0.0,0.0,
5.64,run,0.34,3.68,-0.37,-0.27,0.3,11.8,0.0,0.0,0.078,6.42,7.21,-1.49,13.54,14.5,-13.71,10.72,-43.59,97.82,-1.67,13.54,-12.83,15.56,-54.32,108.11,16.7,2.81,7.65,6.45,8.24,-3.08,14.21,14.72,-13.38,10.89,-42.96,98.4,-1.7,13.67,-12.55,15.59,-53.86,109.22,16.86,2.08,8.11,0.1843,0.6044,-0.8009,0.406,0.7222,-0.9221,0.3111,-0.3266,0.3929,-0.0485,0.7031,-0.9123,0.4454,-0.5247,0.5202,0.4818,0.4923,-0.6693,0.0,0.006,0.006,0.006,0.0,0.006,0.006,0.006,0.006,0.0,0.0,0.0,0.0,0.006,0.0,0.006,0.019,0.006,0.1104,0.112,-0.0169,0.2286,0.2531,-0.2454,0.1841,-0.7716,1.6981,-0.0245,0.2286,-0.2332,0.273,-0.9587,1.8745,0.2915,0.0445,0.1273,0.0014,0.1094,-0.1397,0.0502,0.0216,0.0082,-0.0,0.0699,0.0519,-0.0068,0.014,0.0278,-0.0016,0.0177,0.1746,0.0036,-0.015,0.0389,0.0034,0.0041,0.0004,-0.0035,-0.0005,0.1841,0.5958,-0.7935,0.3995,0.7204,-0.9224,0.3108,-0.3332,0.3913,-0.0467,0.7017,-0.9144,0.4462,-0.5274,0.514,0.4809,0.4942,-0.6724,0.0,0.0,0.2368,0.0,0.0,0.0,0.0,0.0,0.0,
5.68,run,0.36,3.67,0.52,0.51,-0.23,12.6,0.0,0.0,0.078,6.42,7.65,-2.2,13.71,14.5,-13.36,10.72,-43.24,97.82,-1.67,13.54,-12.74,15.47,-54.05,108.72,16.7,2.81,7.65,6.43,8.63,-3.65,14.41,14.7,-13.17,10.88,-42.58,98.4,-1.75,13.69,-12.32,15.57,-53.64,109.72,16.89,1.97,8.25,0.1837,0.6114,-0.8076,0.4117,0.7218,-0.9197,0.311,-0.3196,0.3929,-0.0499,0.7035,-0.9096,0.4449,-0.5207,0.5261,0.4827,0.4903,-0.6677,0.0,0.006,0.006,0.006,0.0,0.006,0.006,0.006,0.006,0.0,0.0,0.0,0.0,0.006,0.0,0.006,0.019,0.006,0.1104,0.1197,-0.0276,0.2332,0.2531,-0.2408,0.1841,-0.7624,1.7012,-0.0276,0.2286,-0.224,0.273,-0.9541,1.8868,0.2915,0.0414,0.1289,0.001,0.1053,-0.1381,0.0524,0.0152,0.023,-0.0,0.0835,0.0479,-0.0162,0.0098,0.054,-0.0011,0.0297,0.1683,0.0025,-0.022,0.033,0.0041,0.0046,-0.0065,-0.0047,0.0052,0.1843,0.6044,-0.8009,0.406,0.7222,-0.9221,0.3111,-0.3266,0.3929,-0.0485,0.7031,-0.9123,0.4454,-0.5247,0.5202,0.4818,0.4923,-0.6693,0.0,0.0,0.2516,0.0,0.0,0.0,0.0,0.0,0.0,
5.72,run,0.37,3.66,0.11,-0.06,0.42,13.3,0.0,0.0,0.078,6.42,8.17,-2.72,13.89,14.5,-13.36,10.81,-42.89,97.82,-1.67,13.54,-12.48,15.47,-54.05,109.34,16.79,2.72,7.91,6.38,9.0,-4.18,14.58,14.65,-12.96,10.89,-42.21,98.29,-1.76,13.66,-11.99,15.55,-53.4,110.29,16.92,1.84,8.27,0.1822,0.6182,-0.8139,0.4165,0.7209,-0.9172,0.3111,-0.3129,0.3916,-0.0503,0.703,-0.9058,0.4443,-0.5163,0.5328,0.4834,0.488,-0.6674,0.0,0.006,0.006,0.006,0.0,0.006,0.006,0.006,0.006,0.0,0.0,0.0,0.0,0.006,0.0,0.006,0.019,0.006,0.1104,0.1273,-0.0399,0.2362,0.2531,-0.2347,0.1841,-0.7563,1.7012,-0.0276,0.2286,-0.2224,0.2715,-0.9495,1.8975,0.2915,0.0414,0.1289,0.0007,0.1025,-0.1427,0.0482,0.0106,0.0391,-0.0,0.0815,0.0335,-0.0114,0.0069,0.0436,-0.0065,0.0381,0.1581,0.0018,-0.0154,0.0231,0.0056,0.0043,0.0091,0.0089,-0.0041,0.1837,0.6114,-0.8076,0.4117,0.7218,-0.9197,0.311,-0.3196,0.3929,-0.0499,0.7035,-0.9096,0.4449,-0.5207,0.5261,0.4827,0.4903,-0.6677,0.0,0.0,0.2664,0.0,0.0,0.0,0.0,0.0,0.0,
5.76,run,0.38,3.68,0.34,0.32,0.32,14.1,0.0,0.0,0.078,6.42,8.61,-3.34,14.15,14.5,-13.01,10.81,-42.54,97.82,-1.67,13.54,-12.13,15.47,-53.79,109.86,16.7,2.64,8.17,6.39,9.5,-4.87,14.83,14.7,-12.75,10.88,-41.77,98.39,-1.84,13.71,-11.73,15.51,-53.15,110.78,16.92,1.74,8.59,0.1827,0.6273,-0.822,0.4236,0.7219,-0.9147,0.3109,-0.3048,0.3928,-0.0526,0.7038,-0.9026,0.4431,-0.5119,0.5386,0.4834,0.4861,-0.6637,0.0,0.0,0.006,0.006,0.006,0.006,0.0,0.006,0.006,0.006,0.006,0.0,0.0,0.013,0.0,0.0,0.019,0.006,0.1104,0.1365,-0.0491,0.2393,0.2531,-0.2347,0.1856,-0.7501,1.7012,-0.0276,0.2286,-0.2178,0.2715,-0.9495,1.9083,0.293,0.0399,0.1335,0.0005,0.1063,-0.1345,0.0453,0.0074,0.0274,0.0058,0.0801,0.0234,-0.008,0.0048,0.0478,-0.0046,0.0266,0.151,0.007,-0.0166,0.0334,0.0062,0.0036,0.0019,-0.001,0.0074,0.1822,0.6182,-0.8139,0.4165,0.7209,-0.9172,0.3111,-0.3129,0.3916,-0.0503,0.703,-0.9058,0.4443,-0.5163,0.5328,0.4834,0.488,-0.6674,0.0,0.0,0.2812,0.0,0.0,0.0,0.0,0.0,0.0,
5.8,run,0.38,3.69,0.13,0.1,-0.1,14.8,0.0,0.0,0.078,6.42,8.96,-3.96,14.41,14.5,-12.92,10.81,-42.19,97.82,-1.76,13.54,-11.87,15.47,-53.53,110.39,16.79,2.46,8.26,6.35,9.84,-5.37,14.99,14.66,-12.51,10.88,-41.42,98.29,-1.86,13.69,-11.41,15.48,-52.9,111.29,16.96,1.63,8.64,0.1815,0.6334,-0.8279,0.4283,0.7211,-0.9119,0.3108,-0.2985,0.3917,-0.0531,0.7034,-0.8989,0.4423,-0.5072,0.5446,0.4844,0.4842,-0.6631,0.0,0.0,0.006,0.006,0.006,0.006,0.0,0.006,0.006,0.006,0.006,0.0,0.0,0.013,0.0,0.0,0.019,0.006,0.1104,0.1442,-0.0598,0.2439,0.2531,-0.2286,0.1856,-0.744,1.7012,-0.0276,0.2286,-0.2117,0.2715,-0.9449,1.9175,0.2915,0.0383,0.1381,0.0003,0.1031,-0.1343,0.0489,0.0052,0.0421,0.004,0.079,0.0164,-0.0056,0.0034,0.0564,-0.0032,0.0359,0.1401,-0.0008,-0.0173,0.0406,0.0071,0.0051,0.0059,0.0057,0.0056,0.1827,0.6273,-0.822,0.4236,0.7219,-0.9147,0.3109,-0.3048,0.3928,-0.0526,0.7038,-0.9026,0.4431,-0.5119,0.5386,0.4834,0.4861,-0.6637,0.0,0.0,0.296,0.0,0.0,0.0,0.0,0.0,0.0,
5.84,run,0.37,3.68,-0.05,-0.06,0.12,15.5,0.0,0.0,0.078,6.42,9.4,-4.57,14.5,14.5,-12.57,10.81,-41.92,97.82,-1.85,13.54,-11.6,15.47,-53.35,110.83,16.79,2.29,8.44,6.33,10.28,-5.9,15.18,14.73,-12.47,10.91,-41.14,98.38,-1.93,13.76,-11.25,15.46,-52.74,111.75,17.01,1.59,8.81,0.1809,0.6414,-0.8342,0.4338,0.7223,-0.9114,0.3116,-0.2935,0.3927,-0.0551,0.7048,-0.897,0.4418,-0.5045,0.55,0.4861,0.4834,-0.661,0.0,0.0,0.006,0.006,0.006,0.006,0.0,0.006,0.006,0.006,0.006,0.0,0.0,0.013,0.0,0.0,0.019,0.006,0.1104,0.1503,-0.0706,0.2485,0.2531,-0.227,0.1856,-0.7378,1.7012,-0.0291,0.2286,-0.2071,0.2715,-0.9403,1.9267,0.293,0.0353,0.1396,0.0002,0.0955,-0.1349,0.0518,0.0036,0.0353,0.0028,0.0787,0.0115,-0.0097,0.0024,0.057,-0.0022,0.0426,0.1331,0.0053,-0.0238,0.0343,0.0069,0.0054,0.0023,0.0018,-0.0018,0.1815,0.6334,-0.8279,0.4283,0.7211,-0.9119,0.3108,-0.2985,0.3917,-0.0531,0.7034,-0.8989,0.4423,-0.5072,0.5446,0.4844,0.4842,-0.6631,0.0,0.0,0.3108,0.0,0.0,0.0,0.0,0.0,0.0,
5.88,run,0.39,3.68,0.02,0.0,0.07,16.3,0.0,0.0,0.078,6.42,9.84,-5.1,14.77,14.5,-12.66,10.81,-41.57,97.82,-1.85,13.62,-11.25,15.47,-53.17,111.45,16.96,2.29,8.61,6.32,10.67,-6.44,15.37,14.73,-12.31,10.95,-40.77,98.36,-1.99,13.84,-11.0,15.44,-52.45,112.29,17.07,1.52,9.11,0.1806,0.6485,-0.8405,0.4391,0.7225,-0.9095,0.3128,-0.2867,0.3925,-0.0569,0.7061,-0.8941,0.441,-0.4991,0.5564,0.4876,0.4821,-0.6575,0.0,0.0,0.006,0.006,0.006,0.006,0.0,0.013,0.006,0.006,0.0,0.0,0.0,0.019,0.006,0.0,0.026,0.0,0.1104,0.158,-0.0813,0.25,0.2531,-0.2209,0.1856,-0.7332,1.7012,-0.0307,0.2286,-0.2025,0.2715,-0.9373,1.9343,0.293,0.0322,0.1427,0.0002,0.0949,-0.1336,0.0418,0.0025,0.0471,0.002,0.0719,0.008,-0.0124,0.0016,0.0567,-0.0016,0.041,0.1212,0.0037,-0.0279,0.0352,0.0067,0.0046,-0.0008,-0.001,0.002,0.1809,0.6414,-0.8342,0.4338,0.7223,-0.9114,0.3116,-0.2935,0.3927,-0.0551,0.7048,-0.897,0.4418,-0.5045,0.55,0.4861,0.4834,-0.661,0.0,0.0,0.3256,0.0,0.0,0.0,0.0,0.0,0.0,
5.92,run,0.37,3.68,0.07,0.14,0.4,17.0,0.0,0.0,0.078,6.42,10.2,-5.71,14.94,14.5,-12.3,10.81,-41.31,97.82,-1.93,13.71,-11.25,15.47,-52.91,111.88,16.88,2.29,8.7,6.31,11.09,-7.03,15.58,14.78,-12.02,10.94,-40.46,98.43,-2.07,13.84,-10.74,15.4,-52.25,112.7,17.08,1.46,9.22,0.1804,0.6562,-0.8474,0.4453,0.7232,-0.9061,0.3126,-0.2811,0.3933,-0.0592,0.7062,-0.891,0.4401,-0.4954,0.5612,0.4879,0.4811,-0.6563,0.0,0.0,0.006,0.006,0.006,0.006,0.0,0.013,0.006,0.006,0.0,0.0,0.0,0.019,0.006,0.0,0.026,0.0,0.1104,0.1657,-0.0905,0.2546,0.2531,-0.2224,0.1856,-0.7271,1.7012,-0.0307,0.2301,-0.1963,0.2715,-0.9342,1.9451,0.2961,0.0322,0.1457,0.0001,0.0954,-0.1283,0.0467,0.0018,0.0272,0.0014,0.0735,0.0056,-0.0087,0.007,0.0629,-0.0011,0.0403,0.1255,0.0142,-0.0195,0.0362,0.0081,0.0049,0.0004,0.0001,0.0012,0.1806,0.6485,-0.8405,0.4391,0.7225,-0.9095,0.3128,-0.2867,0.3925,-0.0569,0.7061,-0.8941,0.441,-0.4991,0.5564,0.4876,0.4821,-0.6575,0.0,0.0,0.3404,0.0,0.0,0.0,0.0,0.0,0.0,
5.96,run,0.36,3.71,-0.17,0.19,0.73,17.8,0.0,0.0,0.078,6.42,10.55,-6.15,15.12,14.5,-12.3,10.81,-41.04,97.82,-2.02,13.71,-10.9,15.47,-52.82,112.32,16.88,2.29,8.96,6.27,11.48,-7.5,15.76,14.81,-11.87,10.98,-40.11,98.42,-2.12,13.91,-10.41,15.36,-51.96,113.29,17.13,1.4,9.5,0.1793,0.6633,-0.8529,0.4502,0.7239,-0.9043,0.3137,-0.2748,0.3932,-0.0606,0.7075,-0.8872,0.4389,-0.4902,0.5681,0.4894,0.48,-0.653,0.0,0.0,0.006,0.006,0.006,0.006,0.0,0.013,0.006,0.006,0.0,0.0,0.0,0.019,0.006,0.0,0.026,0.0,0.1104,0.1718,-0.1012,0.2577,0.2531,-0.2163,0.1856,-0.7225,1.7012,-0.0322,0.2316,-0.1963,0.2715,-0.9296,1.9528,0.2945,0.0322,0.1473,0.0001,0.0899,-0.1302,0.0442,0.0012,0.0421,0.001,0.0688,0.0039,-0.0118,0.0106,0.044,-0.0008,0.0455,0.1167,0.0042,-0.0136,0.0311,0.0059,0.0053,0.0012,0.0025,0.007,0.1804,0.6562,-0.8474,0.4453,0.7232,-0.9061,0.3126,-0.2811,0.3933,-0.0592,0.7062,-0.891,0.4401,-0.4954,0.5612,0.4879,0.4811,-0.6563,0.0,0.0,0.3552,0.0,0.0,0.0,0.0,0.0,0.0,
6.0,run,0.36,3.73,0.19,0.26,-0.4,18.5,0.0,0.0,0.078,6.33,10.99,-6.77,15.29,14.5,-11.95,10.81,-40.69,97.82,-2.02,13.71,-10.55,15.47,-52.38,112.85,17.05,2.29,9.32,6.27,11.91,-7.97,15.95,14.88,-11.64,11.01,-39.78,98.5,-2.19,13.97,-10.09,15.32,-51.69,113.75,17.17,1.4,9.77,0.1792,0.6711,-0.8584,0.4557,0.7251,-0.9017,0.3145,-0.2687,0.3942,-0.0627,0.7086,-0.8834,0.4378,-0.4853,0.5735,0.4904,0.48,-0.6498,0.0,0.0,0.006,0.006,0.0,0.006,0.0,0.026,0.019,0.006,0.006,0.0,0.006,0.013,0.006,0.0,0.026,0.0,0.1104,0.1779,-0.1089,0.2608,0.2531,-0.2163,0.1856,-0.7179,1.7012,-0.0337,0.2316,-0.1902,0.2715,-0.9281,1.9604,0.2945,0.0322,0.1519,0.0001,0.0859,-0.1198,0.0424,0.0009,0.0295,0.0007,0.0653,0.0028,-0.014,0.0074,0.0538,-0.0005,0.0376,0.1103,0.0029,-0.0096,0.039,0.0054,0.0077,-0.0031,0.0034,0.0127,0.1793,0.6633,-0.8529,0.4502,0.7239,-0.9043,0.3137,-0.2748,0.3932,-0.0606,0.7075,-0.8872,0.4389,-0.4902,0.5681,0.4894,0.48,-0.653,0.0,0.0,0.37,0.0,0.0,0.0,0.0,0.0,0.0,
6.04,run,0.36,3.73,-0.01,0.0,0.01,19.2,0.0,0.0,0.078,6.42,11.6,-7.38,15.56,14.68,-11.69,10.81,-40.34,97.82,-2.11,13.8,-10.28,15.38,-52.12,113.47,17.05,2.29,9.49,6.24,12.31,-8.52,16.13,14.86,-11.3,11.01,-39.48,98.36,-2.27,13.98,-9.78,15.3,-51.43,114.15,17.19,1.35,9.85,0.1782,0.6783,-0.865,0.4609,0.7248,-0.8976,0.3146,-0.2633,0.3924,-0.0649,0.7087,-0.8798,0.4371,-0.4805,0.5782,0.4911,0.4791,-0.6488,0.0,0.0,0.006,0.006,0.0,0.006,0.0,0.026,0.019,0.006,0.006,0.0,0.006,0.013,0.006,0.0,0.026,0.0,0.1089,0.1856,-0.1197,0.2638,0.2531,-0.2102,0.1856,-0.7118,1.7012,-0.0337,0.2316,-0.1841,0.2715,-0.9204,1.9696,0.2976,0.0322,0.158,-0.0057,0.0889,-0.1243,0.0412,0.0006,0.0437,0.0005,0.0688,0.0019,-0.0098,0.0052,0.0607,-0.0004,0.0552,0.1119,0.0136,-0.0067,0.0504,0.0054,0.0092,0.0033,0.0046,-0.007,0.1792,0.6711,-0.8584,0.4557,0.7251,-0.9017,0.3145,-0.2687,0.3942,-0.0627,0.7086,-0.8834,0.4378,-0.4853,0.5735,0.4904,0.48,-0.6498,0.0,0.0,0.3848,0.0,0.0,0.0,0.0,0.0,0.0,
6.08,run,0.34,3.74,-0.22,-0.08,0.14,20.0,0.0,0.0,0.078,6.24,11.87,-7.82,15.56,14.77,-11.6,10.81,-40.25,97.82,-2.29,13.89,-10.02,15.38,-52.03,113.73,17.05,2.2,9.67,6.2,12.68,-9.05,16.33,14.81,-11.06,11.01,-39.08,98.34,-2.32,13.97,-9.45,15.25,-51.11,114.66,17.19,1.2,10.1,0.177,0.6851,-0.8711,0.4665,0.7237,-0.8948,0.3145,-0.256,0.3922,-0.0663,0.7085,-0.8759,0.4357,-0.4747,0.5843,0.4912,0.4765,-0.6459,0.0,0.0,0.006,0.006,0.0,0.006,0.0,0.026,0.019,0.006,0.006,0.0,0.006,0.013,0.006,0.0,0.026,0.0,0.1104,0.1963,-0.1304,0.2684,0.2562,-0.2056,0.1856,-0.7056,1.7012,-0.0353,0.2332,-0.1795,0.27,-0.9158,1.9804,0.2976,0.0322,0.1611,0.0009,0.0965,-0.1212,0.0435,0.0102,0.0452,0.0003,0.0677,0.0014,-0.0118,0.0085,0.0572,-0.0051,0.0533,0.1125,0.0095,-0.0047,0.045,0.0051,0.0092,-0.0003,0.0001,0.0002,0.1782,0.6783,-0.865,0.4609,0.7248,-0.8976,0.3146,-0.2633,0.3924,-0.0649,0.7087,-0.8798,0.4371,-0.4805,0.5782,0.4911,0.4791,-0.6488,0.0,0.0,0.3996,0.0,0.0,0.0,0.0,0.0,0.0,
6.12,run,0.32,3.76,-0.34,-0.08,-0.03,20.7,0.0,0.0,0.078,5.89,12.22,-8.26,15.91,14.77,-11.25,10.81,-39.81,97.82,-2.2,13.89,-9.67,15.38,-51.59,114.26,17.05,1.93,9.76,6.2,13.15,-9.55,16.52,14.92,-10.97,11.09,-38.76,98.41,-2.43,14.1,-9.22,15.21,-50.83,115.16,17.26,1.24,10.46,0.177,0.6936,-0.877,0.4721,0.7258,-0.8938,0.3168,-0.2501,0.393,-0.0694,0.7109,-0.8731,0.4345,-0.4696,0.5901,0.4931,0.4771,-0.6416,0.0,0.0,0.006,0.006,0.0,0.006,0.006,0.026,0.013,0.006,0.0,0.006,0.006,0.019,0.006,0.006,0.013,0.006,0.1074,0.201,-0.1381,0.2684,0.2577,-0.204,0.1856,-0.7041,1.7012,-0.0383,0.2347,-0.1749,0.27,-0.9143,1.985,0.2976,0.0307,0.1641,-0.0108,0.0846,-0.1133,0.0305,0.0128,0.0374,0.0002,0.0531,0.0009,-0.0196,0.0117,0.0571,-0.0036,0.043,0.0958,0.0067,-0.009,0.0429,0.0035,0.01,-0.0039,-0.0014,0.0024,0.177,0.6851,-0.8711,0.4665,0.7237,-0.8948,0.3145,-0.256,0.3922,-0.0663,0.7085,-0.8759,0.4357,-0.4747,0.5843,0.4912,0.4765,-0.6459,0.0,0.0,0.4144,0.0,0.0,0.0,0.0,0.0,0.0,
6.16,run,0.32,3.79,0.2,0.24,0.7,21.5,0.0,0.0,0.078,6.33,12.66,-8.79,16.17,14.77,-11.07,10.81,-39.55,97.82,-2.46,13.89,-9.32,15.29,-51.42,114.79,17.14,1.93,10.02,6.17,13.46,-9.91,16.65,14.95,-10.86,11.15,-38.52,98.34,-2.48,14.18,-8.92,15.18,-50.63,115.56,17.31,1.23,10.54,0.1763,0.6992,-0.8813,0.4757,0.7264,-0.8925,0.3185,-0.2457,0.3923,-0.071,0.7123,-0.8696,0.4337,-0.466,0.5948,0.4945,0.477,-0.6407,0.0,0.0,0.006,0.006,0.0,0.006,0.006,0.026,0.013,0.006,0.0,0.006,0.006,0.019,0.006,0.006,0.013,0.006,0.1012,0.2071,-0.1457,0.2746,0.2577,-0.1979,0.1856,-0.6964,1.7012,-0.0368,0.2347,-0.1687,0.27,-0.9066,1.9942,0.2976,0.0261,0.1657,-0.0306,0.0823,-0.1081,0.0444,0.009,0.0492,0.0002,0.066,0.0007,-0.008,0.0082,0.063,-0.0025,0.0589,0.1016,0.0047,-0.0236,0.0358,0.0015,0.012,-0.0059,-0.0014,-0.0005,0.177,0.6936,-0.877,0.4721,0.7258,-0.8938,0.3168,-0.2501,0.393,-0.0694,0.7109,-0.8731,0.4345,-0.4696,0.5901,0.4931,0.4771,-0.6416,0.0,0.0,0.4292,0.0,0.0,0.0,0.0,0.0,0.0,
6.2,run,0.31,3.76,-0.15,-0.28,-0.59,22.2,0.0,0.0,0.078,5.89,13.01,-9.32,16.26,14.77,-11.07,10.81,-39.2,97.82,-2.37,13.89,-9.32,15.29,-51.33,115.22,17.23,1.93,10.37,6.11,13.78,-10.25,16.82,14.93,-10.59,11.14,-38.14,98.35,-2.49,14.19,-8.54,15.13,-50.24,116.06,17.35,1.18,10.86,0.1746,0.7051,-0.8852,0.4805,0.7261,-0.8893,0.3182,-0.239,0.3924,-0.071,0.7126,-0.8652,0.4323,-0.459,0.6007,0.4956,0.4761,-0.6369,0.0,0.0,0.006,0.006,0.0,0.006,0.006,0.026,0.013,0.006,0.0,0.006,0.006,0.019,0.006,0.006,0.013,0.006,0.1089,0.2148,-0.1549,0.2792,0.2577,-0.1948,0.1856,-0.6918,1.7012,-0.0414,0.2347,-0.1626,0.2684,-0.9035,2.0034,0.2991,0.0261,0.1703,0.0074,0.0864,-0.1102,0.0483,0.0063,0.0459,0.0001,0.0634,0.0005,-0.0228,0.0057,0.0671,-0.0075,0.0527,0.1057,0.009,-0.0165,0.0423,0.0021,0.0143,0.0035,0.0042,0.0123,0.1763,0.6992,-0.8813,0.4757,0.7264,-0.8925,0.3185,-0.2457,0.3923,-0.071,0.7123,-0.8696,0.4337,-0.466,0.5948,0.4945,0.477,-0.6407,0.0,0.0,0.444,0.0,0.0,0.0,0.0,0.0,0.0,
6.24,run,0.36,3.76,0.79,0.59,0.12,22.9,0.0,0.0,0.078,6.15,13.45,-9.76,16.35,14.77,-10.72,10.81,-38.94,97.82,-2.37,13.97,-8.7,15.21,-50.98,115.75,17.23,1.93,10.55,6.13,14.33,-10.85,17.02,15.05,-10.38,11.2,-37.85,98.37,-2.61,14.28,-8.22,15.08,-50.06,116.41,17.36,1.19,11.16,0.1752,0.715,-0.8923,0.4863,0.7282,-0.8868,0.32,-0.2337,0.3926,-0.0746,0.7141,-0.8614,0.4309,-0.4556,0.6048,0.4961,0.4762,-0.6334,0.013,0.006,0.006,0.013,0.006,0.006,0.006,0.058,0.013,0.006,0.0,0.0,0.0,0.026,0.006,0.0,0.019,0.0,0.1012,0.2209,-0.1641,0.2807,0.2577,-0.1948,0.1856,-0.6857,1.7012,-0.0399,0.2347,-0.1626,0.2684,-0.902,2.011,0.3007,0.0261,0.1764,-0.0236,0.0835,-0.1117,0.0396,0.0044,0.0322,0.0001,0.0674,0.0003,-0.0102,0.004,0.047,-0.0053,0.0427,0.1028,0.0121,-0.0115,0.0527,0.001,0.012,-0.0027,-0.0049,-0.0102,0.1746,0.7051,-0.8852,0.4805,0.7261,-0.8893,0.3182,-0.239,0.3924,-0.071,0.7126,-0.8652,0.4323,-0.459,0.6007,0.4956,0.4761,-0.6369,0.0,0.0,0.4588,0.0,0.0,0.0,0.0,0.0,0.0,
6.28,run,0.36,3.75,-0.37,-0.37,-1.32,23.7,0.0,0.0,0.078,6.33,13.8,-10.2,16.61,14.77,-10.55,10.81,-38.67,97.82,-2.64,14.15,-8.44,15.21,-50.71,116.19,17.31,1.93,10.9,6.07,14.55,-11.26,17.17,14.92,-9.97,11.23,-37.44,98.18,-2.61,14.26,-7.87,15.04,-49.56,117.06,17.4,1.1,11.28,0.1734,0.719,-0.8972,0.4906,0.7258,-0.882,0.3208,-0.2262,0.3904,-0.0747,0.7138,-0.8572,0.4298,-0.4465,0.6125,0.4971,0.4746,-0.632,0.013,0.006,0.006,0.013,0.006,0.006,0.006,0.058,0.013,0.006,0.0,0.0,0.0,0.026,0.006,0.0,0.019,0.0,0.1058,0.2286,-0.1718,0.2823,0.2577,-0.1887,0.1856,-0.6811,1.7012,-0.0399,0.2362,-0.1519,0.2669,-0.8958,2.0203,0.3007,0.0261,0.1795,0.0007,0.0872,-0.107,0.0335,0.0031,0.0455,0.0001,0.0645,0.0002,-0.0072,0.0086,0.0732,-0.0094,0.0529,0.1065,0.0084,-0.0081,0.0484,0.0054,0.0121,0.0139,0.0103,0.0022,0.1752,0.715,-0.8923,0.4863,0.7282,-0.8868,0.32,-0.2337,0.3926,-0.0746,0.7141,-0.8614,0.4309,-0.4556,0.6048,0.4961,0.4762,-0.6334,0.0,0.0,0.4736,0.0,0.0,0.0,0.0,0.0,0.0,
6.32,run,0.37,3.73,-0.05,0.16,1.12,24.4,0.0,0.0,0.078,5.71,14.24,-10.63,16.79,14.85,-10.28,10.99,-38.5,97.82,-2.46,14.15,-8.09,15.21,-50.45,116.54,17.23,1.93,10.99,6.02,15.04,-11.71,17.37,14.97,-9.89,11.26,-37.23,98.36,-2.71,14.36,-7.66,15.02,-49.31,117.48,17.48,1.07,11.69,0.1721,0.728,-0.9025,0.4964,0.7267,-0.8811,0.3216,-0.2224,0.3924,-0.0775,0.7156,-0.8548,0.4292,-0.442,0.6174,0.4994,0.474,-0.6271,0.013,0.006,0.006,0.013,0.006,0.006,0.006,0.058,0.013,0.006,0.0,0.0,0.0,0.026,0.006,0.0,0.019,0.0,0.1089,0.2347,-0.1795,0.2869,0.2577,-0.1856,0.1856,-0.6765,1.7012,-0.0445,0.2393,-0.1473,0.2669,-0.8912,2.0279,0.3022,0.0261,0.1856,0.0119,0.0838,-0.1034,0.0405,0.0022,0.0433,0.0,0.0622,0.0002,-0.0221,0.0174,0.0683,-0.0066,0.0541,0.103,0.0116,-0.0057,0.0567,0.005,0.011,-0.0064,-0.0065,-0.023,0.1734,0.719,-0.8972,0.4906,0.7258,-0.882,0.3208,-0.2262,0.3904,-0.0747,0.7138,-0.8572,0.4298,-0.4465,0.6125,0.4971,0.4746,-0.632,0.0,0.0,0.4884,0.0,0.0,0.0,0.0,0.0,0.0,
6.36,run,0.38,3.75,0.41,0.05,-0.32,25.2,0.0,0.0,0.078,6.24,14.59,-11.16,16.88,14.85,-10.02,11.07,-38.14,97.82,-2.64,14.24,-7.82,15.03,-50.01,117.07,17.4,1.85,11.25,6.05,15.36,-12.25,17.57,15.04,-9.54,11.35,-36.72,98.1,-2.83,14.49,-7.23,14.94,-48.92,117.93,17.45,1.08,11.86,0.1727,0.7337,-0.9089,0.5019,0.7279,-0.8769,0.3243,-0.213,0.3894,-0.0807,0.7179,-0.8497,0.4268,-0.4348,0.6227,0.4986,0.4742,-0.6252,0.006,0.0,0.006,0.013,0.006,0.006,0.0,0.052,0.006,0.006,0.006,0.006,0.0,0.026,0.006,0.0,0.013,0.0,0.0982,0.2424,-0.1871,0.2899,0.2592,-0.181,0.1887,-0.6734,1.7012,-0.0414,0.2393,-0.1411,0.2669,-0.8866,2.0341,0.3007,0.0261,0.1871,-0.0323,0.0877,-0.1014,0.04,0.0073,0.0477,0.0116,0.0552,0.0001,-0.0039,0.0122,0.071,-0.0046,0.0553,0.0953,0.0023,-0.004,0.0455,0.0067,0.0096,-0.0009,0.0029,0.0196,0.1721,0.728,-0.9025,0.4964,0.7267,-0.8811,0.3216,-0.2224,0.3924,-0.0775,0.7156,-0.8548,0.4292,-0.442,0.6174,0.4994,0.474,-0.6271,0.0,0.0,0.5032,0.0,0.0,0.0,0.0,0.0,0.0,
6.4,run,0.35,3.74,-0.37,-0.28,-0.13,25.9,0.0,0.0,0.078,5.98,15.03,-11.6,17.05,14.85,-9.76,11.16,-37.79,97.82,-2.81,14.24,-7.38,15.03,-49.66,117.69,17.4,1.76,11.51,5.97,15.77,-12.65,17.72,14.99,-9.36,11.38,-36.43,98.13,-2.84,14.52,-6.94,14.91,-48.5,118.54,17.53,1.0,12.23,0.1705,0.7414,-0.9136,0.5063,0.7271,-0.8749,0.3251,-0.2078,0.3898,-0.0811,0.7185,-0.8464,0.4261,-0.4274,0.6299,0.5009,0.4728,-0.6209,0.006,0.0,0.006,0.013,0.006,0.006,0.0,0.052,0.006,0.006,0.006,0.006,0.0,0.026,0.006,0.0,0.013,0.0,0.1074,0.2485,-0.1963,0.2915,0.2592,-0.1764,0.1902,-0.6673,1.7012,-0.0445,0.2408,-0.1365,0.2638,-0.879,2.0433,0.3037,0.0245,0.1917,0.0119,0.0844,-0.1055,0.0337,0.0051,0.0506,0.0139,0.0616,0.0001,-0.0142,0.0143,0.067,-0.0147,0.0675,0.1012,0.0131,-0.0085,0.0491,0.0069,0.0107,0.0071,0.0009,-0.0056,0.1727,0.7337,-0.9089,0.5019,0.7279,-0.8769,0.3243,-0.213,0.3894,-0.0807,0.7179,-0.8497,0.4268,-0.4348,0.6227,0.4986,0.4742,-0.6252,0.0,0.0,0.518,0.0,0.0,0.0,0.0,0.0,0.0,
6.44,run,0.35,3.77,0.41,0.21,-0.47,26.6,0.0,0.0,0.078,5.8,15.29,-12.04,17.31,14.94,-9.58,11.16,-37.71,97.82,-2.64,14.33,-7.21,15.03,-49.31,118.04,17.4,1.67,11.78,5.94,16.2,-13.05,17.9,15.03,-9.13,11.46,-36.08,98.09,-2.93,14.62,-6.53,14.87,-48.2,118.92,17.55,1.0,12.56,0.1699,0.7492,-0.9183,0.5114,0.7278,-0.8722,0.3274,-0.2014,0.3893,-0.0838,0.7204,-0.8416,0.4248,-0.4217,0.6343,0.5015,0.4728,-0.6169,0.006,0.0,0.006,0.013,0.006,0.006,0.0,0.052,0.006,0.006,0.006,0.006,0.0,0.026,0.006,0.0,0.013,0.0,0.1028,0.2562,-0.204,0.2945,0.2592,-0.1718,0.1917,-0.6611,1.7012,-0.0476,0.2408,-0.1289,0.2638,-0.8728,2.054,0.3037,0.023,0.1963,-0.0091,0.0881,-0.1028,0.0352,0.0036,0.0529,0.0155,0.0664,0.0001,-0.0216,0.01,0.0759,-0.0103,0.0704,0.1115,0.0092,-0.0118,0.0518,0.0044,0.0102,-0.0065,-0.0049,-0.0022,0.1705,0.7414,-0.9136,0.5063,0.7271,-0.8749,0.3251,-0.2078,0.3898,-0.0811,0.7185,-0.8464,0.4261,-0.4274,0.6299,0.5009,0.4728,-0.6209,0.0,0.0,0.5328,0.0,0.0,0.0,0.0,0.0,0.0,
6.48,run,0.39,3.81,0.25,0.74,-1.21,27.4,0.0,0.0,0.078,6.33,15.73,-12.57,17.49,14.94,-9.32,11.16,-37.09,97.82,-2.9,14.5,-6.68,15.03,-48.96,118.65,17.4,1.58,12.13,5.9,16.54,-13.43,18.04,15.1,-9.03,11.53,-35.86,98.04,-2.99,14.7,-6.25,14.82,-47.89,119.46,17.63,1.03,12.7,0.1686,0.7553,-0.9227,0.5153,0.7292,-0.8709,0.3295,-0.1974,0.3887,-0.0855,0.7218,-0.8383,0.4236,-0.4162,0.6407,0.5037,0.4733,-0.6153,0.006,0.006,0.006,0.006,0.0,0.006,0.0,0.065,0.0,0.0,0.006,0.0,0.006,0.026,0.0,0.006,0.013,0.006,0.0997,0.2608,-0.2117,0.2991,0.2608,-0.1687,0.1917,-0.6596,1.7012,-0.0445,0.2424,-0.1258,0.2638,-0.8667,2.0601,0.3037,0.0215,0.201,-0.0178,0.0788,-0.1005,0.0417,0.0082,0.0484,0.0109,0.0521,0.0,-0.0037,0.0127,0.0645,-0.0072,0.0721,0.1008,0.0064,-0.0139,0.0533,0.0046,0.0132,0.0072,0.0037,-0.0082,0.1699,0.7492,-0.9183,0.5114,0.7278,-0.8722,0.3274,-0.2014,0.3893,-0.0838,0.7204,-0.8416,0.4248,-0.4217,0.6343,0.5015,0.4728,-0.6169,0.0,0.0,0.5476,0.0,0.0,0.0,0.0,0.0,0.0,
6.52,run,0.3,3.85,-2.08,1.7,-0.02,28.1,0.0,0.0,0.078,5.54,16.17,-13.01,17.58,14.94,-9.14,11.25,-36.83,97.82,-2.81,14.59,-6.42,15.03,-48.6,119.09,17.58,1.58,12.39,5.81,16.82,-13.53,18.12,14.95,-8.73,11.53,-35.61,98.0,-2.95,14.68,-5.81,14.8,-47.5,119.97,17.68,0.99,12.96,0.1659,0.7603,-0.9238,0.5177,0.7264,-0.8674,0.3294,-0.1929,0.3882,-0.0842,0.7215,-0.8331,0.4228,-0.4091,0.6467,0.5051,0.4726,-0.6122,0.006,0.006,0.006,0.006,0.0,0.006,0.0,0.065,0.0,0.0,0.006,0.0,0.006,0.026,0.0,0.006,0.013,0.006,0.1089,0.2684,-0.2209,0.3022,0.2608,-0.1641,0.1917,-0.6489,1.7012,-0.0491,0.2454,-0.1166,0.2638,-0.8606,2.0709,0.3037,0.0199,0.2071,0.022,0.0838,-0.1048,0.0407,0.0057,0.0511,0.0076,0.0767,0.0,-0.0198,0.0204,0.0796,-0.0051,0.0734,0.1108,0.0045,-0.0155,0.0603,0.0076,0.0166,0.0044,0.0129,-0.0211,0.1686,0.7553,-0.9227,0.5153,0.7292,-0.8709,0.3295,-0.1974,0.3887,-0.0855,0.7218,-0.8383,0.4236,-0.4162,0.6407,0.5037,0.4733,-0.6153,0.0,0.0,0.5624,0.0,0.0,0.0,0.0,0.0,0.0,
6.56,run,0.27,3.86,-0.59,0.34,0.54,28.9,0.0,0.0,0.078,6.06,16.44,-13.27,17.75,14.94,-9.05,11.34,-36.83,97.82,-3.08,14.59,-6.33,15.03,-48.34,119.53,17.58,1.58,12.57,5.81,17.36,-13.77,18.29,15.12,-8.5,11.67,-35.22,98.04,-3.11,14.87,-5.14,14.76,-47.22,120.29,17.66,1.08,13.35,0.1659,0.7702,-0.9267,0.5227,0.7295,-0.8647,0.3333,-0.1858,0.3888,-0.0889,0.7249,-0.8252,0.4218,-0.4039,0.6505,0.5044,0.4743,-0.6076,0.006,0.006,0.006,0.006,0.0,0.006,0.0,0.065,0.0,0.0,0.006,0.0,0.006,0.026,0.0,0.006,0.013,0.006,0.0951,0.2761,-0.2286,0.3037,0.2608,-0.1611,0.1933,-0.6443,1.7012,-0.0476,0.247,-0.112,0.2638,-0.8544,2.0785,0.3068,0.0199,0.2117,-0.0365,0.0875,-0.1022,0.0343,0.004,0.0473,0.0111,0.071,0.0,-0.0081,0.02,0.073,-0.0035,0.0745,0.1064,0.0147,-0.0108,0.0595,0.0004,0.02,-0.0362,0.0296,-0.0004,0.1659,0.7603,-0.9238,0.5177,0.7264,-0.8674,0.3294,-0.1929,0.3882,-0.0842,0.7215,-0.8331,0.4228,-0.4091,0.6467,0.5051,0.4726,-0.6122,0.0,0.0,0.5772,0.0,0.0,0.0,0.0,0.0,0.0,
6.6,run,0.3,3.88,0.6,-0.02,-0.56,29.6,0.0,0.0,0.078,5.54,16.88,-13.54,17.84,14.94,-8.61,11.34,-36.39,97.82,-3.08,14.59,-5.62,14.85,-47.99,120.06,17.58,1.58,12.92,5.77,17.78,-14.3,18.51,15.26,-8.48,11.73,-34.87,98.16,-3.19,15.02,-5.03,14.7,-46.75,120.98,17.78,1.08,13.95,0.1648,0.7779,-0.933,0.529,0.732,-0.8645,0.3353,-0.1795,0.3901,-0.0912,0.7277,-0.8239,0.42,-0.3954,0.6586,0.508,0.4743,-0.6006,0.019,0.0,0.0,0.006,0.006,0.006,0.006,0.065,0.006,0.0,0.006,0.0,0.006,0.039,0.006,0.006,0.013,0.0,0.1043,0.2807,-0.2332,0.3068,0.2608,-0.1595,0.1948,-0.6443,1.7012,-0.0522,0.247,-0.1104,0.2638,-0.8498,2.0862,0.3068,0.0199,0.2148,0.009,0.0785,-0.0888,0.0355,0.0028,0.0389,0.0135,0.0497,0.0,-0.0229,0.014,0.0569,-0.0025,0.0694,0.1032,0.0103,-0.0076,0.0532,-0.0021,0.0208,-0.0104,0.0059,0.0094,0.1659,0.7702,-0.9267,0.5227,0.7295,-0.8647,0.3333,-0.1858,0.3888,-0.0889,0.7249,-0.8252,0.4218,-0.4039,0.6505,0.5044,0.4743,-0.6076,0.0,0.0,0.592,0.0,0.0,0.0,0.0,0.0,0.0,
6.64,run,0.06,3.97,-6.2,2.36,1.64,30.3,0.0,0.0,0.078,5.62,17.31,-13.8,18.11,15.03,-8.7,11.51,-36.04,97.82,-3.08,14.85,-5.27,14.77,-47.55,120.5,17.58,1.58,13.27,5.73,18.03,-14.68,18.63,15.17,-7.9,11.81,-34.55,97.82,-3.25,15.0,-4.56,14.63,-46.3,121.25,17.79,1.15,14.09,0.1638,0.7824,-0.9374,0.5322,0.7303,-0.8577,0.3373,-0.1736,0.3861,-0.0928,0.7273,-0.8184,0.4181,-0.3872,0.6617,0.5082,0.4755,-0.599,0.019,0.0,0.0,0.006,0.006,0.006,0.006,0.065,0.006,0.0,0.006,0.0,0.006,0.039,0.006,0.006,0.013,0.0,0.0951,0.2884,-0.2378,0.3083,0.2608,-0.1519,0.1948,-0.6366,1.7012,-0.0522,0.247,-0.0982,0.2608,-0.8437,2.0954,0.3068,0.0199,0.2209,-0.0282,0.0837,-0.0794,0.0306,0.002,0.056,0.0095,0.0635,0.0,-0.0161,0.0098,0.0858,-0.0132,0.0716,0.1068,0.0072,-0.0053,0.0602,0.0004,0.0222,0.0104,-0.0003,-0.0098,0.1648,0.7779,-0.933,0.529,0.732,-0.8645,0.3353,-0.1795,0.3901,-0.0912,0.7277,-0.8239,0.42,-0.3954,0.6586,0.508,0.4743,-0.6006,0.0,0.0,0.6068,0.0,0.0,0.0,0.0,0.0,0.0,
6.68,run,-0.02,4.05,-2.18,2.08,-1.78,31.1,0.0,0.0,0.078,5.89,17.67,-14.15,18.19,15.12,-8.44,11.6,-35.86,97.73,-3.16,14.94,-4.83,14.68,-47.29,121.03,17.67,1.58,13.71,5.67,18.66,-14.28,18.72,15.36,-8.05,11.94,-34.22,98.48,-3.3,15.23,-3.52,14.67,-46.06,121.85,17.77,1.1,14.8,0.162,0.7938,-0.9327,0.5348,0.7338,-0.8594,0.3411,-0.1677,0.3939,-0.0942,0.7315,-0.8061,0.4192,-0.3829,0.6689,0.5076,0.4745,-0.5906,0.019,0.0,0.0,0.006,0.006,0.006,0.006,0.065,0.006,0.0,0.006,0.0,0.006,0.039,0.006,0.006,0.013,0.0,0.0966,0.2961,-0.2424,0.3129,0.2623,-0.1534,0.1979,-0.6305,1.7012,-0.0522,0.2516,-0.092,0.2592,-0.836,2.1031,0.3068,0.0199,0.227,-0.014,0.0874,-0.0728,0.0387,0.0071,0.0334,0.0181,0.0675,0.0,-0.0112,0.0241,0.0831,-0.015,0.0789,0.1035,0.005,-0.0037,0.0652,-0.0212,0.0305,-0.1082,0.0412,0.0287,0.1638,0.7824,-0.9374,0.5322,0.7303,-0.8577,0.3373,-0.1736,0.3861,-0.0928,0.7273,-0.8184,0.4181,-0.3872,0.6617,0.5082,0.4755,-0.599,0.0,0.0,0.6216,0.0,0.0,0.0,0.0,0.0,0.0,
6.72,run,-0.07,4.03,-0.98,0.07,1.94,31.8,0.0,0.0,0.078,5.27,18.02,-14.41,18.28,15.12,-8.17,11.6,-35.33,97.73,-3.34,14.94,-4.31,14.68,-46.85,121.46,17.58,1.58,14.06,5.58,18.94,-14.61,18.81,15.33,-7.73,11.94,-34.03,98.24,-3.3,15.15,-3.25,14.61,-45.67,122.2,17.83,1.16,14.99,0.1593,0.7988,-0.9366,0.5375,0.7332,-0.8556,0.341,-0.1643,0.3911,-0.0943,0.73,-0.8029,0.4173,-0.3758,0.6729,0.5094,0.4756,-0.5884,0.0,0.006,0.0,0.006,0.006,0.006,0.0,0.058,0.013,0.0,0.0,0.006,0.0,0.026,0.006,0.006,0.013,0.006,0.1012,0.3022,-0.2485,0.3145,0.2638,-0.1488,0.1994,-0.6274,1.6997,-0.0537,0.2531,-0.0844,0.2577,-0.8314,2.1123,0.3083,0.0199,0.2347,0.0074,0.0841,-0.0739,0.0328,0.0107,0.0406,0.0184,0.0587,-0.0057,-0.0136,0.0226,0.0868,-0.0162,0.0724,0.1068,0.0093,-0.0026,0.0742,-0.0275,0.0369,-0.0381,0.0363,-0.0311,0.162,0.7938,-0.9327,0.5348,0.7338,-0.8594,0.3411,-0.1677,0.3939,-0.0942,0.7315,-0.8061,0.4192,-0.3829,0.6689,0.5076,0.4745,-0.5906,0.0,0.0,0.6364,0.0,0.0,0.0,0.0,0.0,0.0,
6.76,run,-0.15,4.05,-2.37,0.66,0.41,32.6,0.0,0.0,0.078,5.8,18.46,-14.41,18.37,15.12,-8.0,11.78,-35.07,97.73,-3.34,14.94,-3.69,14.68,-46.41,121.9,17.75,1.58,14.5,5.59,19.18,-15.15,19.0,15.41,-7.06,12.04,-33.44,97.91,-3.42,15.3,-2.73,14.47,-45.12,122.44,17.78,1.22,15.38,0.1599,0.8034,-0.943,0.5429,0.7347,-0.8478,0.344,-0.1535,0.3872,-0.0978,0.7327,-0.7968,0.4135,-0.3657,0.6757,0.5081,0.4767,-0.5838,0.0,0.006,0.0,0.006,0.006,0.006,0.0,0.058,0.013,0.0,0.0,0.006,0.0,0.026,0.006,0.006,0.013,0.006,0.0905,0.3083,-0.2531,0.316,0.2638,-0.1442,0.1994,-0.6182,1.6997,-0.0568,0.2531,-0.0752,0.2577,-0.8237,2.12,0.3068,0.0199,0.2408,-0.0353,0.082,-0.0691,0.0287,0.0075,0.0457,0.0129,0.0758,-0.004,-0.0211,0.0158,0.0954,-0.0114,0.0796,0.1037,0.0007,-0.0018,0.0751,-0.0323,0.0352,-0.0172,0.0011,0.0339,0.1593,0.7988,-0.9366,0.5375,0.7332,-0.8556,0.341,-0.1643,0.3911,-0.0943,0.73,-0.8029,0.4173,-0.3758,0.6729,0.5094,0.4756,-0.5884,0.0,0.0,0.6512,0.0,0.0,0.0,0.0,0.0,0.0,
6.8,run,-0.1,4.04,1.49,-0.33,-1.88,33.3,0.0,0.0,0.078,5.27,18.81,-14.5,18.46,15.12,-7.65,11.78,-35.07,97.73,-3.34,14.94,-3.25,14.59,-46.14,122.17,17.67,1.58,14.85,5.51,19.71,-15.3,19.15,15.43,-7.02,12.09,-33.14,98.14,-3.46,15.36,-2.23,14.46,-44.66,123.01,17.84,1.16,15.92,0.1575,0.813,-0.9447,0.547,0.7351,-0.8472,0.3454,-0.148,0.3899,-0.0988,0.7338,-0.7909,0.4131,-0.3575,0.6825,0.5098,0.4757,-0.5774,0.0,0.006,0.0,0.006,0.006,0.006,0.0,0.058,0.013,0.0,0.0,0.006,0.0,0.026,0.006,0.006,0.013,0.006,0.0997,0.316,-0.2531,0.3175,0.2638,-0.1411,0.2025,-0.6136,1.6997,-0.0568,0.2531,-0.0644,0.2577,-0.8161,2.1276,0.3099,0.0199,0.2485,0.0098,0.0861,-0.0483,0.0259,0.0053,0.0435,0.0205,0.0703,-0.0028,-0.0148,0.0111,0.1071,-0.008,0.0845,0.1013,0.012,-0.0013,0.0813,-0.0393,0.0373,-0.0413,0.0115,0.0072,0.1599,0.8034,-0.943,0.5429,0.7347,-0.8478,0.344,-0.1535,0.3872,-0.0978,0.7327,-0.7968,0.4135,-0.3657,0.6757,0.5081,0.4767,-0.5838,0.0,0.0,0.666,0.0,0.0,0.0,0.0,0.0,0.0,
6.84,run,-0.11,4.06,-1.21,0.92,0.57,34.0,0.0,0.0,0.078,5.54,19.16,-14.85,18.72,15.21,-7.21,11.78,-34.45,97.73,-3.34,15.21,-2.55,14.5,-45.62,122.61,17.75,1.58,15.29,5.46,19.86,-15.8,19.25,15.41,-6.58,12.18,-32.92,97.75,-3.51,15.34,-2.07,14.35,-44.18,123.3,17.94,1.29,16.01,0.1559,0.8156,-0.9506,0.55,0.7347,-0.8422,0.348,-0.1439,0.3852,-0.1003,0.7334,-0.7891,0.4101,-0.3488,0.6859,0.5125,0.478,-0.5764,0.013,0.0,0.0,0.006,0.0,0.006,0.006,0.078,0.0,0.006,0.0,0.006,0.006,0.026,0.006,0.0,0.006,0.006,0.0905,0.3221,-0.2546,0.3191,0.2638,-0.135,0.2025,-0.6136,1.6997,-0.0568,0.2531,-0.0568,0.2562,-0.8115,2.1322,0.3083,0.0199,0.2546,-0.0276,0.0833,-0.0396,0.0239,0.0037,0.0535,0.0144,0.0492,-0.002,-0.0103,0.0078,0.1037,-0.0113,0.0764,0.0882,0.0026,-0.0009,0.0799,-0.0351,0.0364,0.026,-0.0058,-0.0327,0.1575,0.813,-0.9447,0.547,0.7351,-0.8472,0.3454,-0.148,0.3899,-0.0988,0.7338,-0.7909,0.4131,-0.3575,0.6825,0.5098,0.4757,-0.5774,0.0,0.0,0.6808,0.0,0.0,0.0,0.0,0.0,0.0,
6.88,run,-0.18,4.08,-1.95,0.87,-2.04,34.8,0.0,0.0,0.078,5.62,19.6,-15.29,18.9,15.29,-6.86,11.87,-34.1,97.73,-3.43,15.21,-2.29,14.41,-45.09,123.13,17.75,1.58,15.64,5.38,20.17,-15.78,19.34,15.35,-6.3,12.24,-32.51,97.79,-3.52,15.47,-1.37,14.32,-43.68,123.86,17.93,1.21,16.36,0.1536,0.8213,-0.9503,0.5527,0.7337,-0.8389,0.3498,-0.1365,0.3858,-0.1005,0.7358,-0.7808,0.4093,-0.3397,0.6925,0.5122,0.4765,-0.5722,0.013,0.0,0.0,0.006,0.0,0.006,0.006,0.078,0.0,0.006,0.0,0.006,0.006,0.026,0.006,0.0,0.006,0.006,0.0951,0.3283,-0.2608,0.3237,0.2654,-0.1273,0.2025,-0.6029,1.6997,-0.0568,0.2577,-0.0445,0.2546,-0.8023,2.1399,0.3099,0.0199,0.2623,-0.0021,0.0813,-0.0507,0.0339,0.0083,0.0662,0.0101,0.0747,-0.0014,-0.0072,0.0227,0.1186,-0.0137,0.0879,0.0905,0.0076,-0.0006,0.0847,-0.0353,0.0384,-0.0212,0.0161,0.0099,0.1559,0.8156,-0.9506,0.55,0.7347,-0.8422,0.348,-0.1439,0.3852,-0.1003,0.7334,-0.7891,0.4101,-0.3488,0.6859,0.5125,0.478,-0.5764,0.0,0.0,0.6956,0.0,0.0,0.0,0.0,0.0,0.0,
6.92,run,-0.13,4.12,0.97,0.51,1.96,35.5,0.0,0.0,0.084,5.36,20.04,-15.64,18.9,15.29,-6.42,11.95,-33.75,97.73,-3.52,15.29,-1.58,14.33,-44.3,123.75,17.75,1.58,16.17,5.27,20.61,-15.91,19.43,15.33,-6.17,12.34,-32.26,97.84,-3.54,15.5,-0.84,14.29,-43.29,124.3,17.98,1.16,16.81,0.1507,0.8293,-0.9519,0.555,0.7332,-0.8373,0.3525,-0.1321,0.3863,-0.1012,0.7364,-0.7746,0.4082,-0.3325,0.6976,0.5138,0.4756,-0.5669,0.019,0.0,0.0,0.013,0.0,0.006,0.006,0.084,0.0,0.0,0.0,0.006,0.0,0.013,0.0,0.013,0.006,0.006,0.0966,0.3359,-0.2684,0.3267,0.2669,-0.1212,0.204,-0.5967,1.6997,-0.0583,0.2577,-0.0399,0.2531,-0.7931,2.1491,0.3099,0.0199,0.2684,0.0043,0.0857,-0.0643,0.0353,0.0116,0.0694,0.0128,0.0753,-0.001,-0.0108,0.0159,0.1003,-0.0153,0.0961,0.0979,0.0053,-0.0004,0.0823,-0.0417,0.0397,-0.0341,0.0153,-0.0357,0.1536,0.8213,-0.9503,0.5527,0.7337,-0.8389,0.3498,-0.1365,0.3858,-0.1005,0.7358,-0.7808,0.4093,-0.3397,0.6925,0.5122,0.4765,-0.5722,0.0,0.0,0.7104,0.0,0.0,0.0,0.0,0.0,0.0,
6.96,run,-0.28,4.19,-4.34,0.91,-1.63,36.3,0.0,0.0,0.084,5.27,20.48,-15.64,18.98,15.29,-6.15,12.04,-33.31,97.73,-3.6,15.29,-1.05,14.33,-43.77,124.1,17.75,1.58,16.61,5.2,20.81,-16.37,19.6,15.29,-5.47,12.41,-31.55,97.4,-3.58,15.56,-0.17,14.15,-42.51,124.78,17.94,1.21,17.14,0.1485,0.8329,-0.9573,0.5601,0.7325,-0.8291,0.3546,-0.119,0.3812,-0.1023,0.7375,-0.7667,0.4044,-0.3183,0.7033,0.5127,0.4765,-0.5631,0.019,0.0,0.0,0.013,0.0,0.006,0.006,0.084,0.0,0.0,0.0,0.006,0.0,0.013,0.0,0.013,0.006,0.006,0.092,0.3436,-0.2746,0.3267,0.2669,-0.1135,0.2056,-0.5906,1.6997,-0.0598,0.2592,-0.0276,0.2516,-0.7793,2.1598,0.3099,0.0199,0.2777,-0.0069,0.0765,-0.0582,0.0247,0.0081,0.065,0.0123,0.0659,-0.0007,-0.0109,0.0144,0.0965,-0.014,0.0969,0.0916,0.0037,-0.0003,0.0774,-0.0375,0.0433,0.0169,0.0089,0.0343,0.1507,0.8293,-0.9519,0.555,0.7332,-0.8373,0.3525,-0.1321,0.3863,-0.1012,0.7364,-0.7746,0.4082,-0.3325,0.6976,0.5138,0.4756,-0.5669,0.0,0.0,0.7252,0.0,0.0,0.0,0.0,0.0,0.0,
7.0,run,-0.52,4.28,-5.69,2.29,1.22,37.0,0.0,0.0,0.084,4.92,20.57,-15.73,18.98,15.29,-6.24,12.13,-33.22,97.73,-3.6,15.29,-0.97,14.33,-43.59,124.1,17.75,1.58,16.61,5.1,21.43,-16.18,19.64,15.3,-5.5,12.56,-31.42,97.84,-3.63,15.64,0.61,14.17,-42.16,125.17,18.03,1.22,17.79,0.1457,0.8442,-0.9551,0.5612,0.7328,-0.8295,0.3588,-0.1168,0.3864,-0.1038,0.739,-0.7575,0.4049,-0.312,0.7079,0.5152,0.4767,-0.5554,0.019,0.0,0.0,0.013,0.0,0.006,0.006,0.084,0.0,0.0,0.0,0.006,0.0,0.013,0.0,0.013,0.006,0.006,0.0905,0.3513,-0.2746,0.3283,0.2669,-0.1089,0.2071,-0.5829,1.6997,-0.0614,0.2592,-0.0184,0.2516,-0.7701,2.166,0.3099,0.0199,0.2853,-0.0102,0.0805,-0.0407,0.0227,0.0057,0.0617,0.014,0.0731,-0.0005,-0.013,0.0101,0.0999,-0.0098,0.1002,0.0857,0.0026,-0.0002,0.0811,-0.05,0.0497,-0.0757,0.0159,-0.0285,0.1485,0.8329,-0.9573,0.5601,0.7325,-0.8291,0.3546,-0.119,0.3812,-0.1023,0.7375,-0.7667,0.4044,-0.3183,0.7033,0.5127,0.4765,-0.5631,0.0,0.0,0.74,0.0,0.0,0.0,0.0,0.0,0.0,
7.04,run,-0.42,4.28,1.45,0.26,-0.83,37.7,0.0,0.0,0.084,5.45,20.83,-16.0,19.25,15.29,-5.71,12.13,-32.78,97.65,-3.6,15.47,-0.35,14.33,-43.33,124.72,17.75,1.58,16.96,5.08,21.91,-16.1,19.73,15.62,-5.47,12.79,-30.99,97.97,-3.75,15.9,1.53,14.13,-41.75,125.66,18.09,1.4,18.42,0.1451,0.8529,-0.9542,0.5638,0.7386,-0.829,0.3653,-0.1088,0.3878,-0.1071,0.7437,-0.7468,0.4037,-0.3045,0.7137,0.5168,0.48,-0.548,0.0,0.0,0.0,0.006,0.006,0.006,0.006,0.078,0.006,0.013,0.0,0.006,0.006,0.026,0.0,0.019,0.0,0.006,0.0844,0.3528,-0.2761,0.3283,0.2669,-0.1104,0.2086,-0.5814,1.6997,-0.0614,0.2592,-0.0169,0.2516,-0.767,2.166,0.3099,0.0199,0.2853,-0.0298,0.062,-0.0342,0.0159,0.004,0.0375,0.0154,0.0568,-0.0003,-0.0091,0.0071,0.0756,-0.0069,0.0815,0.06,0.0018,-0.0002,0.0568,-0.0713,0.057,-0.0994,0.0399,0.0214,0.1457,0.8442,-0.9551,0.5612,0.7328,-0.8295,0.3588,-0.1168,0.3864,-0.1038,0.739,-0.7575,0.4049,-0.312,0.7079,0.5152,0.4767,-0.5554,0.0,0.0,0.7548,0.0,0.0,0.0,0.0,0.0,0.0,
7.08,run,-0.52,4.31,-2.11,1.1,-0.78,38.5,0.0,0.0,0.084,4.75,21.36,-16.0,19.34,15.38,-5.62,12.39,-32.34,97.65,-3.69,15.73,0.35,14.33,-42.63,125.24,17.93,1.58,17.58,4.96,21.82,-16.65,19.8,15.41,-4.9,12.7,-30.76,97.43,-3.66,15.73,1.38,13.99,-41.14,125.99,18.16,1.36,18.37,0.1416,0.8512,-0.9605,0.5656,0.7347,-0.8223,0.3629,-0.1048,0.3816,-0.1046,0.7405,-0.7484,0.3998,-0.2935,0.7175,0.519,0.4793,-0.5486,0.0,0.0,0.0,0.006,0.006,0.006,0.006,0.078,0.006,0.013,0.0,0.006,0.006,0.026,0.0,0.019,0.0,0.006,0.0936,0.3574,-0.2807,0.3329,0.2669,-0.1012,0.2086,-0.5737,1.6981,-0.0614,0.2623,-0.0061,0.2516,-0.7624,2.1767,0.3099,0.0199,0.2915,0.0139,0.0608,-0.0413,0.0285,0.0028,0.061,0.0108,0.0687,-0.006,-0.0064,0.0165,0.0934,-0.0048,0.0744,0.0825,0.0013,-0.0001,0.0629,-0.0631,0.0576,0.0253,0.0046,-0.0145,0.1451,0.8529,-0.9542,0.5638,0.7386,-0.829,0.3653,-0.1088,0.3878,-0.1071,0.7437,-0.7468,0.4037,-0.3045,0.7137,0.5168,0.48,-0.548,0.0,0.0,0.7696,0.0,0.0,0.0,0.0,0.0,0.0,
7.12,run,-0.59,4.37,-2.69,1.42,-0.36,39.2,0.0,0.0,0.084,5.1,21.62,-16.08,19.42,15.38,-5.27,12.48,-31.99,97.65,-3.69,15.73,1.05,14.24,-42.28,125.6,18.02,1.58,18.02,4.91,22.22,-16.61,19.87,15.49,-4.5,12.81,-30.43,97.51,-3.74,15.83,2.24,13.95,-40.82,126.06,18.08,1.41,18.62,0.1404,0.8586,-0.9601,0.5677,0.7362,-0.8177,0.3661,-0.0987,0.3825,-0.1068,0.7423,-0.7383,0.3986,-0.2876,0.7183,0.5167,0.4801,-0.5457,0.0,0.0,0.0,0.006,0.006,0.006,0.006,0.078,0.006,0.013,0.0,0.006,0.006,0.026,0.0,0.019,0.0,0.006,0.0813,0.3666,-0.2807,0.3344,0.2684,-0.0997,0.2132,-0.566,1.6981,-0.0629,0.2669,0.0061,0.2516,-0.7501,2.1859,0.3129,0.0199,0.3022,-0.0363,0.077,-0.0289,0.0257,0.0077,0.0484,0.0248,0.0768,-0.0042,-0.0102,0.0288,0.1114,-0.0034,0.098,0.0922,0.0124,-0.0001,0.0842,-0.0718,0.0595,-0.0369,0.0191,-0.0135,0.1416,0.8512,-0.9605,0.5656,0.7347,-0.8223,0.3629,-0.1048,0.3816,-0.1046,0.7405,-0.7484,0.3998,-0.2935,0.7175,0.519,0.4793,-0.5486,0.0,0.0,0.7844,0.0,0.0,0.0,0.0,0.0,0.0,
7.16,run,-0.46,4.32,3.27,-0.92,-2.97,40.0,0.0,0.0,0.123,4.75,21.71,-16.35,19.42,15.38,-4.83,12.57,-31.73,97.56,-3.69,15.73,1.67,14.06,-41.75,125.86,17.93,1.58,18.37,4.83,22.54,-16.64,19.94,15.49,-4.29,12.9,-30.03,97.54,-3.74,15.91,2.85,13.9,-40.24,126.57,18.13,1.41,19.12,0.1379,0.8644,-0.9604,0.5697,0.7362,-0.8152,0.3685,-0.0914,0.3828,-0.107,0.7439,-0.7312,0.3972,-0.2771,0.7244,0.5181,0.4802,-0.5398,0.013,0.0,0.0,0.013,0.0,0.0,0.006,0.123,0.0,0.0,0.0,0.006,0.006,0.045,0.019,0.0,0.006,0.0,0.0874,0.3712,-0.2823,0.3359,0.2684,-0.0936,0.2148,-0.5599,1.6981,-0.0629,0.2669,0.0184,0.25,-0.744,2.1921,0.3145,0.0199,0.3099,-0.0025,0.0711,-0.026,0.0237,0.0054,0.0568,0.0231,0.0767,-0.0029,-0.0071,0.0202,0.1238,-0.0081,0.0915,0.0875,0.0144,-0.0001,0.0876,-0.0777,0.0653,-0.0469,0.0247,-0.0062,0.1404,0.8586,-0.9601,0.5677,0.7362,-0.8177,0.3661,-0.0987,0.3825,-0.1068,0.7423,-0.7383,0.3986,-0.2876,0.7183,0.5167,0.4801,-0.5457,0.0,0.0,0.7992,0.0,0.0,0.0,0.0,0.0,0.0,
7.2,run,-0.48,4.33,-0.36,0.29,0.06,40.7,0.0,0.0,0.123,4.66,22.32,-16.44,19.51,15.38,-4.48,12.57,-31.46,97.56,-3.69,15.82,2.37,13.97,-41.13,125.95,18.02,1.58,18.72,4.71,22.43,-17.14,19.95,15.28,-3.47,12.97,-29.75,96.88,-3.71,15.8,2.91,13.74,-39.46,126.8,18.24,1.48,19.18,0.1344,0.8623,-0.9663,0.57,0.7324,-0.8055,0.3706,-0.0863,0.375,-0.106,0.7417,-0.7305,0.3925,-0.2629,0.7271,0.5211,0.4814,-0.5391,0.013,0.0,0.0,0.013,0.0,0.0,0.006,0.123,0.0,0.0,0.0,0.006,0.006,0.045,0.019,0.0,0.006,0.0,0.0813,0.3728,-0.2869,0.3359,0.2684,-0.0859,0.2163,-0.5553,1.6966,-0.0629,0.2669,0.0291,0.247,-0.7348,2.1967,0.3129,0.0199,0.316,-0.0247,0.0555,-0.0354,0.0166,0.0038,0.0685,0.0219,0.0709,-0.0078,-0.005,0.0141,0.1269,-0.0171,0.0985,0.0785,0.0043,-0.0,0.0843,-0.0665,0.0607,0.057,-0.016,-0.0518,0.1379,0.8644,-0.9604,0.5697,0.7362,-0.8152,0.3685,-0.0914,0.3828,-0.107,0.7439,-0.7312,0.3972,-0.2771,0.7244,0.5181,0.4802,-0.5398,0.0,0.0,0.814,0.0,0.0,0.0,0.0,0.0,0.0,
7.24,run,-0.47,4.37,-0.51,0.81,-3.1,41.4,0.0,0.0,0.123,5.01,22.41,-16.61,19.6,15.38,-4.22,12.57,-31.29,97.56,-3.69,15.82,2.72,13.8,-40.96,126.3,18.02,1.58,18.9,4.65,22.82,-17.11,20.07,15.34,-3.37,13.13,-29.27,97.07,-3.78,16.01,3.67,13.71,-38.91,127.38,18.28,1.5,19.61,0.1328,0.8694,-0.966,0.5734,0.7334,-0.8044,0.3753,-0.0776,0.3773,-0.108,0.7457,-0.7216,0.3916,-0.2529,0.7339,0.5222,0.4818,-0.534,0.013,0.0,0.0,0.013,0.0,0.0,0.006,0.123,0.0,0.0,0.0,0.006,0.006,0.045,0.019,0.0,0.006,0.0,0.0798,0.3835,-0.2884,0.3375,0.2684,-0.0798,0.2163,-0.5507,1.6966,-0.0629,0.2684,0.0414,0.2454,-0.724,2.1982,0.3145,0.0199,0.3221,-0.0222,0.0735,-0.0297,0.0166,0.0026,0.0677,0.0153,0.0645,-0.0055,-0.0035,0.0148,0.1284,-0.017,0.1036,0.0599,0.008,-0.0,0.0788,-0.0683,0.0615,-0.0063,0.005,0.0011,0.1344,0.8623,-0.9663,0.57,0.7324,-0.8055,0.3706,-0.0863,0.375,-0.106,0.7417,-0.7305,0.3925,-0.2629,0.7271,0.5211,0.4814,-0.5391,0.0,0.0,0.8288,0.0,0.0,0.0,0.0,0.0,0.0,
7.28,run,-0.49,4.41,-0.79,1.7,-4.04,42.2,0.0,0.0,0.123,4.22,22.41,-16.88,19.6,15.38,-3.78,12.74,-30.76,97.12,-3.69,15.82,3.16,13.8,-40.52,126.65,18.19,1.58,19.16,4.54,23.15,-17.19,20.08,15.28,-3.31,13.26,-29.12,97.19,-3.76,16.01,4.03,13.68,-38.41,127.94,18.44,1.5,20.02,0.1297,0.8754,-0.9669,0.5737,0.7323,-0.8037,0.3788,-0.075,0.3787,-0.1073,0.7456,-0.7173,0.3908,-0.2438,0.7405,0.5268,0.4819,-0.5291,0.019,0.006,0.006,0.006,0.0,0.0,0.013,0.111,0.0,0.0,0.0,0.006,0.0,0.078,0.026,0.006,0.0,0.006,0.0859,0.385,-0.2915,0.339,0.2684,-0.0752,0.2163,-0.5476,1.6966,-0.0629,0.2684,0.0476,0.2424,-0.721,2.2043,0.3145,0.0199,0.3252,0.0072,0.0571,-0.0322,0.0173,0.0018,0.0645,0.0107,0.0566,-0.0038,-0.0024,0.0104,0.1127,-0.0233,0.0839,0.0647,0.0056,-0.0,0.0666,-0.067,0.0652,-0.0089,0.0142,-0.054,0.1328,0.8694,-0.966,0.5734,0.7334,-0.8044,0.3753,-0.0776,0.3773,-0.108,0.7457,-0.7216,0.3916,-0.2529,0.7339,0.5222,0.4818,-0.534,0.0,0.0,0.8436,0.0,0.0,0.0,0.0,0.0,0.0,
7.32,run,-0.53,4.49,-0.6,1.36,-2.01,42.9,0.0,0.0,0.123,4.92,22.76,-16.96,19.6,15.38,-3.52,12.83,-30.5,97.12,-3.69,15.82,3.78,13.8,-39.9,127.09,18.19,1.58,19.51,4.44,23.36,-17.08,20.03,15.23,-2.75,13.43,-28.83,96.8,-3.77,16.06,4.81,13.6,-37.86,128.05,18.49,1.66,20.2,0.1268,0.8793,-0.9656,0.5724,0.7314,-0.7971,0.3837,-0.0696,0.3741,-0.1078,0.7466,-0.7081,0.3885,-0.2337,0.7417,0.5282,0.4848,-0.5271,0.019,0.006,0.006,0.006,0.0,0.0,0.013,0.111,0.0,0.0,0.0,0.006,0.0,0.078,0.026,0.006,0.0,0.006,0.0721,0.385,-0.2961,0.339,0.2684,-0.0675,0.2194,-0.5384,1.6889,-0.0629,0.2684,0.0552,0.2424,-0.7133,2.2105,0.3175,0.0199,0.3298,-0.0466,0.04,-0.0398,0.0121,0.0013,0.0739,0.019,0.074,-0.0314,-0.0017,0.0073,0.1076,-0.0163,0.0875,0.0683,0.0154,-0.0,0.0638,-0.0685,0.0685,-0.0137,0.0296,-0.0704,0.1297,0.8754,-0.9669,0.5737,0.7323,-0.8037,0.3788,-0.075,0.3787,-0.1073,0.7456,-0.7173,0.3908,-0.2438,0.7405,0.5268,0.4819,-0.5291,0.0,0.0,0.8584,0.0,0.0,0.0,0.0,0.0,0.0,
7.36,run,-0.36,4.42,3.63,-1.55,-4.07,43.7,0.0,0.0,0.123,4.39,23.12,-16.96,19.6,15.38,-3.34,12.92,-30.32,97.12,-3.69,15.82,4.04,13.62,-39.38,127.44,18.37,1.58,19.86,4.35,23.61,-17.24,20.12,15.23,-2.61,13.5,-28.39,96.93,-3.77,16.16,5.21,13.54,-37.22,128.73,18.55,1.62,20.61,0.1244,0.8838,-0.9675,0.5748,0.7315,-0.7954,0.3858,-0.0617,0.3756,-0.1077,0.7483,-0.7034,0.3869,-0.2222,0.7498,0.5301,0.484,-0.5223,0.019,0.006,0.006,0.006,0.0,0.0,0.013,0.111,0.0,0.0,0.0,0.006,0.0,0.078,0.026,0.006,0.0,0.006,0.0844,0.3912,-0.2976,0.339,0.2684,-0.0629,0.2209,-0.5338,1.6889,-0.0629,0.2684,0.066,0.2424,-0.7026,2.2181,0.3175,0.0199,0.3359,0.0134,0.051,-0.0336,0.0085,0.0009,0.069,0.0191,0.0691,-0.022,-0.0012,0.0051,0.1156,-0.0114,0.1015,0.0766,0.0108,-0.0,0.0677,-0.0722,0.0755,-0.0105,0.0237,-0.0351,0.1268,0.8793,-0.9656,0.5724,0.7314,-0.7971,0.3837,-0.0696,0.3741,-0.1078,0.7466,-0.7081,0.3885,-0.2337,0.7417,0.5282,0.4848,-0.5271,0.0,0.0,0.8732,0.0,0.0,0.0,0.0,0.0,0.0,
7.4,run,-0.39,4.42,0.02,-0.03,-0.65,44.4,0.0,0.0,0.149,4.13,23.38,-16.96,19.6,15.38,-2.81,13.1,-29.97,96.94,-3.69,16.0,4.75,13.62,-38.85,127.53,18.37,1.58,20.13,4.27,23.47,-17.6,20.14,15.12,-1.9,13.59,-28.22,96.48,-3.78,16.12,5.13,13.39,-36.57,128.75,18.64,1.76,20.77,0.122,0.8812,-0.9717,0.5753,0.7295,-0.7871,0.3882,-0.0585,0.3703,-0.108,0.7477,-0.7043,0.3825,-0.2103,0.75,0.5326,0.4865,-0.5204,0.006,0.0,0.006,0.013,0.0,0.006,0.006,0.149,0.0,0.0,0.0,0.006,0.013,0.143,0.058,0.006,0.0,0.006,0.0752,0.3973,-0.2976,0.339,0.2684,-0.0598,0.2224,-0.5308,1.6889,-0.0629,0.2684,0.0706,0.2393,-0.6934,2.2243,0.3206,0.0199,0.3421,-0.0251,0.0587,-0.0235,0.0059,0.0006,0.0598,0.0191,0.0599,-0.0154,-0.0008,0.0036,0.0982,-0.0195,0.1056,0.0766,0.0191,-0.0,0.0704,-0.0576,0.0698,0.0633,-0.027,-0.0711,0.1244,0.8838,-0.9675,0.5748,0.7315,-0.7954,0.3858,-0.0617,0.3756,-0.1077,0.7483,-0.7034,0.3869,-0.2222,0.7498,0.5301,0.484,-0.5223,0.0,0.0,0.888,0.0,0.0,0.0,0.0,0.0,0.0,
7.44,run,-0.32,4.5,1.33,2.26,-2.26,45.1,0.0,0.0,0.149,4.57,23.38,-17.05,19.6,15.38,-2.46,13.27,-29.71,96.77,-3.69,16.0,5.01,13.45,-38.32,127.97,18.54,1.58,20.48,4.21,23.75,-17.52,20.18,15.17,-1.79,13.76,-27.76,96.54,-3.83,16.36,5.87,13.34,-36.01,129.31,18.69,1.79,21.01,0.1203,0.8864,-0.9708,0.5766,0.7304,-0.7858,0.3932,-0.0502,0.371,-0.1094,0.7519,-0.6956,0.3811,-0.2001,0.7566,0.534,0.487,-0.5175,0.006,0.0,0.006,0.013,0.0,0.006,0.006,0.149,0.0,0.0,0.0,0.006,0.013,0.143,0.058,0.006,0.0,0.006,0.0706,0.4019,-0.2976,0.339,0.2684,-0.0506,0.2255,-0.5246,1.6858,-0.0629,0.2715,0.0828,0.2393,-0.6842,2.2258,0.3206,0.0199,0.3467,-0.0348,0.0584,-0.0165,0.0042,0.0004,0.0764,0.0249,0.0649,-0.0223,-0.0006,0.014,0.1147,-0.0136,0.1084,0.0594,0.0133,-0.0,0.0665,-0.0602,0.0694,0.0003,-0.0006,-0.0113,0.122,0.8812,-0.9717,0.5753,0.7295,-0.7871,0.3882,-0.0585,0.3703,-0.108,0.7477,-0.7043,0.3825,-0.2103,0.75,0.5326,0.4865,-0.5204,0.0,0.0,0.9028,0.0,0.0,0.0,0.0,0.0,0.0,
7.48,run,-0.13,4.52,4.67,1.09,-1.23,45.9,0.0,0.0,0.149,3.87,23.38,-17.31,19.6,15.38,-1.93,13.27,-29.53,96.59,-3.78,16.0,5.19,13.45,-37.71,128.14,18.54,1.67,20.65,4.08,24.06,-17.57,20.17,15.12,-1.55,13.86,-27.47,96.45,-3.76,16.35,6.41,13.29,-35.38,129.92,18.82,1.82,21.19,0.1166,0.892,-0.9714,0.5764,0.7294,-0.783,0.3961,-0.045,0.37,-0.1073,0.7517,-0.6893,0.3797,-0.1887,0.7638,0.5378,0.4875,-0.5154,0.006,0.0,0.006,0.013,0.0,0.006,0.006,0.149,0.0,0.0,0.0,0.006,0.013,0.143,0.058,0.006,0.0,0.006,0.0782,0.4019,-0.2991,0.339,0.2684,-0.0445,0.2286,-0.52,1.6828,-0.0629,0.2715,0.0874,0.2362,-0.675,2.2335,0.3237,0.0199,0.3528,0.0044,0.0409,-0.0173,0.0029,0.0003,0.0765,0.0289,0.0627,-0.0271,-0.0004,0.0098,0.0976,-0.0211,0.1104,0.0703,0.0208,-0.0,0.0696,-0.0537,0.0765,0.0232,0.0394,-0.0394,0.1203,0.8864,-0.9708,0.5766,0.7304,-0.7858,0.3932,-0.0502,0.371,-0.1094,0.7519,-0.6956,0.3811,-0.2001,0.7566,0.534,0.487,-0.5175,0.0,0.0,0.9176,0.0,0.0,0.0,0.0,0.0,0.0,
7.52,run,-0.08,4.72,1.18,4.74,-1.75,46.6,0.0,0.0,0.149,4.22,23.73,-17.4,19.86,15.38,-1.67,13.27,-29.0,96.5,-3.69,16.26,5.8,13.36,-37.18,128.58,18.63,1.76,20.92,3.96,23.87,-17.67,20.1,15.0,-0.87,14.01,-27.24,95.89,-3.74,16.43,6.57,13.12,-34.6,130.19,18.95,2.01,21.21,0.113,0.8885,-0.9725,0.5742,0.7272,-0.775,0.4003,-0.0408,0.3634,-0.1068,0.7532,-0.6874,0.375,-0.1746,0.7669,0.5415,0.4911,-0.5152,0.006,0.0,0.0,0.006,0.006,0.006,0.013,0.143,0.006,0.0,0.0,0.006,0.006,0.143,0.065,0.006,0.0,0.006,0.066,0.4019,-0.3037,0.339,0.2684,-0.0353,0.2286,-0.517,1.6797,-0.0644,0.2715,0.0905,0.2362,-0.6642,2.2365,0.3237,0.0215,0.3559,-0.0429,0.0286,-0.0293,0.002,0.0002,0.088,0.0202,0.0554,-0.0305,-0.006,0.0069,0.0798,-0.0147,0.1175,0.0607,0.0146,0.0057,0.0602,-0.0376,0.078,0.0815,0.019,-0.0215,0.1166,0.892,-0.9714,0.5764,0.7294,-0.783,0.3961,-0.045,0.37,-0.1073,0.7517,-0.6893,0.3797,-0.1887,0.7638,0.5378,0.4875,-0.5154,0.0,0.0,0.9324,0.0,0.0,0.0,0.0,0.0,0.0,
7.56,run,0.24,4.8,7.28,2.04,-3.89,47.4,0.0,0.0,0.149,3.87,23.82,-17.49,19.86,15.38,-1.49,13.54,-28.74,96.24,-3.6,16.35,6.33,13.1,-36.65,129.11,18.81,1.85,21.01,3.85,24.26,-17.43,20.06,14.94,-0.9,14.06,-27.05,96.25,-3.68,16.45,7.33,13.14,-34.26,130.75,19.01,2.02,21.18,0.1099,0.8957,-0.9697,0.5731,0.7262,-0.7753,0.4016,-0.0372,0.3676,-0.1052,0.7536,-0.6785,0.3753,-0.1684,0.7735,0.5432,0.4912,-0.5156,0.006,0.0,0.0,0.006,0.006,0.006,0.013,0.143,0.006,0.0,0.0,0.006,0.006,0.143,0.065,0.006,0.0,0.006,0.0721,0.408,-0.3053,0.3436,0.2684,-0.0307,0.2286,-0.5077,1.6782,-0.0629,0.2761,0.1012,0.2347,-0.655,2.2442,0.3252,0.023,0.3605,-0.007,0.043,-0.0263,0.0187,0.0002,0.0789,0.0142,0.0733,-0.0271,0.0015,0.0221,0.0961,-0.0161,0.1168,0.0713,0.016,0.0098,0.0594,-0.0326,0.0961,0.0207,0.0827,-0.0306,0.113,0.8885,-0.9725,0.5742,0.7272,-0.775,0.4003,-0.0408,0.3634,-0.1068,0.7532,-0.6874,0.375,-0.1746,0.7669,0.5415,0.4911,-0.5152,0.0,0.0,0.9472,0.0,0.0,0.0,0.0,0.0,0.0,
7.6,run,0.44,4.85,6.39,0.62,0.4,48.1,0.0,0.0,0.149,3.6,23.82,-17.49,19.86,15.38,-0.97,13.54,-28.65,96.06,-3.78,16.35,6.5,13.1,-36.12,129.38,18.81,1.93,21.01,3.7,23.82,-17.54,19.92,14.65,0.02,14.05,-26.89,95.64,-3.58,16.3,7.16,12.94,-33.51,130.65,19.07,2.19,21.15,0.1058,0.8876,-0.9711,0.5691,0.7209,-0.7645,0.4015,-0.0343,0.3604,-0.1022,0.7509,-0.6804,0.3696,-0.1548,0.7723,0.5449,0.4944,-0.5159,0.006,0.0,0.0,0.006,0.006,0.006,0.013,0.143,0.006,0.0,0.0,0.006,0.006,0.143,0.065,0.006,0.0,0.006,0.066,0.4096,-0.3068,0.3436,0.2684,-0.0276,0.2332,-0.5031,1.6736,-0.0614,0.2777,0.1104,0.2301,-0.6458,2.2534,0.3283,0.0245,0.362,-0.0271,0.0357,-0.0239,0.0131,0.0001,0.0663,0.0266,0.0679,-0.0356,0.0066,0.021,0.1006,-0.0279,0.115,0.0832,0.0223,0.0124,0.0471,-0.0054,0.1029,0.1271,0.0356,-0.0679,0.1099,0.8957,-0.9697,0.5731,0.7262,-0.7753,0.4016,-0.0372,0.3676,-0.1052,0.7536,-0.6785,0.3753,-0.1684,0.7735,0.5432,0.4912,-0.5156,0.0,0.0,0.962,0.0,0.0,0.0,0.0,0.0,0.0,
7.64,run,0.71,5.04,6.39,5.05,0.54,48.8,0.0,0.0,0.156,4.13,23.99,-17.49,19.86,15.29,-0.79,13.54,-28.39,95.98,-3.52,16.35,7.03,13.01,-35.42,129.38,18.98,2.02,21.01,3.66,23.88,-17.7,19.92,14.68,0.12,14.2,-26.59,95.7,-3.63,16.61,7.14,12.81,-32.81,131.3,19.2,2.27,21.42,0.1044,0.8888,-0.973,0.5692,0.7215,-0.7633,0.4057,-0.0288,0.3611,-0.1038,0.7566,-0.6807,0.366,-0.142,0.78,0.5485,0.4957,-0.5127,0.006,0.0,0.0,0.0,0.013,0.006,0.013,0.156,0.0,0.006,0.0,0.013,0.006,0.13,0.117,0.006,0.006,0.006,0.0614,0.4096,-0.3068,0.3436,0.2684,-0.0184,0.2332,-0.5016,1.6705,-0.0644,0.2777,0.1135,0.2301,-0.6366,2.258,0.3283,0.0261,0.362,-0.036,0.025,-0.0168,0.0092,0.0001,0.0804,0.0186,0.0532,-0.0362,-0.0067,0.0147,0.0817,-0.0195,0.1145,0.0752,0.0156,0.0143,0.033,0.0127,0.1067,0.1115,0.0109,0.007,0.1058,0.8876,-0.9711,0.5691,0.7209,-0.7645,0.4015,-0.0343,0.3604,-0.1022,0.7509,-0.6804,0.3696,-0.1548,0.7723,0.5449,0.4944,-0.5159,0.0,0.0,0.9768,0.0,0.0,0.0,0.0,0.0,0.0,
7.68,run,0.95,5.16,6.12,3.7,0.9,49.6,0.0,0.0,0.156,3.34,23.99,-17.49,19.86,15.12,-0.18,13.62,-28.12,95.89,-3.43,16.35,7.12,12.92,-34.8,129.81,18.98,2.2,21.01,3.5,23.94,-17.39,19.8,14.53,0.5,14.28,-26.31,95.61,-3.52,16.56,7.82,12.75,-32.17,131.81,19.33,2.47,21.23,0.1001,0.8898,-0.9693,0.5657,0.7188,-0.7589,0.4079,-0.0238,0.3601,-0.1005,0.7557,-0.6727,0.3644,-0.1303,0.786,0.5521,0.4994,-0.515,0.006,0.0,0.0,0.0,0.013,0.006,0.013,0.156,0.0,0.006,0.0,0.013,0.006,0.13,0.117,0.006,0.006,0.006,0.0706,0.4126,-0.3068,0.3436,0.2669,-0.0153,0.2332,-0.497,1.669,-0.0598,0.2777,0.1227,0.2286,-0.6243,2.258,0.3313,0.0276,0.362,0.0094,0.029,-0.0117,0.0064,-0.0057,0.0678,0.013,0.0545,-0.0311,0.0126,0.0103,0.0918,-0.0194,0.1262,0.0527,0.0224,0.0158,0.0231,0.036,0.1241,0.1115,0.0881,0.0095,0.1044,0.8888,-0.973,0.5692,0.7215,-0.7633,0.4057,-0.0288,0.3611,-0.1038,0.7566,-0.6807,0.366,-0.142,0.78,0.5485,0.4957,-0.5127,0.0,0.0,0.9916,0.0,0.0,0.0,0.0,0.0,0.0,
7.72,run,1.29,5.3,9.2,3.21,-0.26,50.3,0.0,0.0,0.156,3.78,23.99,-17.49,19.86,15.12,0.09,13.62,-28.04,95.71,-3.52,16.35,7.12,12.92,-34.28,130.34,18.98,2.29,21.18,3.4,23.76,-17.21,19.62,14.41,1.01,14.42,-26.19,95.4,-3.49,16.68,7.97,12.61,-31.47,131.96,19.42,2.63,21.35,0.0971,0.8866,-0.9671,0.5607,0.7165,-0.7529,0.412,-0.0216,0.3576,-0.0997,0.7579,-0.671,0.3602,-0.1176,0.7878,0.5549,0.5023,-0.5135,0.006,0.0,0.0,0.0,0.013,0.006,0.013,0.156,0.0,0.006,0.0,0.013,0.006,0.13,0.117,0.006,0.006,0.006,0.0568,0.4126,-0.3068,0.3436,0.2638,-0.0046,0.2347,-0.4924,1.6674,-0.0583,0.2777,0.1243,0.227,-0.6136,2.2657,0.3313,0.0307,0.362,-0.0458,0.0203,-0.0082,0.0045,-0.0156,0.0882,0.0149,0.0556,-0.0276,0.0146,0.0072,0.0701,-0.0194,0.1291,0.0659,0.0157,0.0227,0.0162,0.0569,0.1339,0.1067,0.0646,0.0156,0.1001,0.8898,-0.9693,0.5657,0.7188,-0.7589,0.4079,-0.0238,0.3601,-0.1005,0.7557,-0.6727,0.3644,-0.1303,0.786,0.5521,0.4994,-0.515,0.0,0.0,1.0064,0.0,0.0,0.0,0.0,0.0,0.0,
7.76,run,1.82,5.51,13.01,5.26,0.76,51.1,0.0,0.0,0.156,3.25,23.99,-17.4,19.78,14.94,0.7,13.8,-27.69,95.45,-3.52,16.35,7.73,12.66,-33.49,130.78,19.34,2.46,21.18,3.26,23.58,-17.24,19.45,14.24,1.3,14.38,-26.16,95.3,-3.34,16.61,7.71,12.46,-30.89,132.28,19.54,2.68,21.23,0.0931,0.8832,-0.9676,0.5558,0.7135,-0.7494,0.411,-0.0212,0.3565,-0.0953,0.7566,-0.6739,0.3561,-0.1071,0.7916,0.5582,0.5033,-0.515,0.013,0.013,0.0,0.006,0.013,0.0,0.006,0.117,0.0,0.0,0.006,0.006,0.006,0.143,0.045,0.0,0.0,0.0,0.0644,0.4126,-0.3068,0.3436,0.2638,0.0,0.2347,-0.4909,1.6644,-0.0598,0.2777,0.1243,0.227,-0.6044,2.2749,0.3313,0.0322,0.3651,-0.0034,0.0142,-0.0058,0.0031,-0.0109,0.0789,0.0105,0.0447,-0.0308,0.0045,0.005,0.049,-0.0136,0.1247,0.0805,0.011,0.0216,0.0228,0.087,0.1466,0.1606,0.056,-0.0046,0.0971,0.8866,-0.9671,0.5607,0.7165,-0.7529,0.412,-0.0216,0.3576,-0.0997,0.7579,-0.671,0.3602,-0.1176,0.7878,0.5549,0.5023,-0.5135,0.0,0.0,1.0212,0.0,0.0,0.0,0.0,0.0,0.0,
7.8,run,2.32,5.72,10.97,4.71,1.75,51.8,0.0,0.0,0.156,3.25,23.99,-17.4,19.69,14.77,0.97,13.89,-27.69,95.36,-3.52,16.52,7.91,12.57,-32.61,131.22,19.34,2.64,21.18,3.09,23.02,-16.76,19.1,13.97,2.24,14.35,-25.93,94.63,-3.14,16.51,8.0,12.23,-30.11,132.07,19.51,2.97,20.72,0.0882,0.8731,-0.9619,0.5456,0.7086,-0.7384,0.41,-0.0169,0.3486,-0.0897,0.7548,-0.6705,0.3493,-0.0929,0.789,0.5575,0.5086,-0.521,0.013,0.013,0.0,0.006,0.013,0.0,0.006,0.117,0.0,0.0,0.006,0.006,0.006,0.143,0.045,0.0,0.0,0.0,0.0552,0.4126,-0.3053,0.3421,0.2608,0.0107,0.2378,-0.4847,1.6598,-0.0598,0.2777,0.135,0.2224,-0.5906,2.2826,0.3375,0.0353,0.3651,-0.0369,0.0099,0.0017,-0.0036,-0.0192,0.0955,0.0188,0.0543,-0.0388,0.0032,0.0035,0.0746,-0.0268,0.1391,0.0851,0.0307,0.0266,0.0159,0.1327,0.1644,0.227,0.0919,0.0132,0.0931,0.8832,-0.9676,0.5558,0.7135,-0.7494,0.411,-0.0212,0.3565,-0.0953,0.7566,-0.6739,0.3561,-0.1071,0.7916,0.5582,0.5033,-0.515,0.0,0.0,1.036,0.0,0.0,0.0,0.0,0.0,0.0,
7.84,run,2.74,5.78,9.47,1.34,1.97,52.5,0.0,0.0,0.156,3.34,23.99,-17.4,19.69,14.68,1.32,13.89,-27.69,95.27,-3.25,16.52,7.91,12.57,-32.08,131.4,19.34,2.64,21.18,2.99,22.8,-16.63,18.88,13.83,2.36,14.36,-25.92,94.9,-3.07,16.65,7.65,12.08,-29.51,132.49,19.59,3.04,20.57,0.0853,0.8691,-0.9604,0.5395,0.706,-0.737,0.4102,-0.0166,0.3517,-0.0876,0.7574,-0.6747,0.3452,-0.082,0.794,0.5598,0.5098,-0.5227,0.013,0.013,0.0,0.006,0.013,0.0,0.006,0.117,0.0,0.0,0.006,0.006,0.006,0.143,0.045,0.0,0.0,0.0,0.0552,0.4126,-0.3053,0.3405,0.2577,0.0153,0.2393,-0.4847,1.6582,-0.0598,0.2807,0.1381,0.2209,-0.5752,2.2902,0.3375,0.0383,0.3651,-0.0258,0.007,0.0012,-0.0074,-0.0231,0.0815,0.018,0.038,-0.032,0.0022,0.0122,0.062,-0.0236,0.146,0.0839,0.0215,0.0284,0.0112,0.1763,0.1833,0.1915,0.0823,0.0306,0.0882,0.8731,-0.9619,0.5456,0.7086,-0.7384,0.41,-0.0169,0.3486,-0.0897,0.7548,-0.6705,0.3493,-0.0929,0.789,0.5575,0.5086,-0.521,0.0,0.0,1.0508,0.0,0.0,0.0,0.0,0.0,0.0,
7.88,run,2.99,5.92,5.99,3.36,3.45,53.3,0.0,0.0,0.163,2.64,23.64,-17.05,19.6,14.41,1.85,13.89,-27.51,95.1,-3.25,16.52,7.91,12.04,-31.38,131.4,19.34,2.9,21.09,2.91,22.33,-16.39,18.65,13.62,2.58,14.36,-26.01,94.97,-2.98,16.73,7.13,11.93,-29.05,132.44,19.66,3.08,20.64,0.0831,0.8606,-0.9575,0.5328,0.7022,-0.7344,0.4104,-0.0183,0.3526,-0.0852,0.7587,-0.6808,0.3408,-0.0737,0.7934,0.5616,0.5106,-0.5219,0.0,0.019,0.0,0.006,0.013,0.006,0.013,0.163,0.0,0.006,0.0,0.013,0.006,0.078,0.071,0.006,0.0,0.006,0.0568,0.4126,-0.3053,0.3405,0.2562,0.0215,0.2393,-0.4847,1.6567,-0.0552,0.2807,0.1381,0.2209,-0.566,2.2933,0.3375,0.0383,0.3651,-0.0123,0.0049,0.0008,-0.0051,-0.0219,0.08,0.0126,0.0266,-0.0282,0.0188,0.0085,0.0434,-0.0165,0.1366,0.0702,0.015,0.0199,0.0078,0.2129,0.1879,0.1654,0.0234,0.0344,0.0853,0.8691,-0.9604,0.5395,0.706,-0.737,0.4102,-0.0166,0.3517,-0.0876,0.7574,-0.6747,0.3452,-0.082,0.794,0.5598,0.5098,-0.5227,0.0,0.0,1.0656,0.0,0.0,0.0,0.0,0.0,0.0,
7.92,run,3.21,6.01,5.26,2.37,-0.38,54.0,0.0,0.0,0.163,3.34,23.12,-16.7,18.72,14.15,2.29,13.89,-27.42,95.01,-3.08,16.52,7.47,12.04,-30.67,131.4,19.51,2.99,20.83,2.85,22.32,-15.83,18.4,13.61,2.98,14.51,-25.76,95.02,-2.94,16.87,7.8,11.8,-28.42,132.48,19.69,3.29,20.78,0.0814,0.8603,-0.9509,0.5258,0.702,-0.7297,0.4146,-0.0138,0.3532,-0.0841,0.7612,-0.6729,0.3372,-0.0621,0.7939,0.5625,0.5143,-0.5202,0.0,0.019,0.0,0.006,0.013,0.006,0.013,0.163,0.0,0.006,0.0,0.013,0.006,0.078,0.071,0.006,0.0,0.006,0.0445,0.4065,-0.2991,0.339,0.2516,0.0307,0.2393,-0.4817,1.6536,-0.0552,0.2807,0.1381,0.2117,-0.5538,2.2933,0.3375,0.043,0.3636,-0.0543,-0.0194,0.0234,-0.0093,-0.0325,0.0902,0.0088,0.03,-0.0311,0.0131,0.006,0.0304,-0.0458,0.1413,0.0492,0.0105,0.031,-0.0002,0.2351,0.2005,0.1045,0.0586,0.0603,0.0831,0.8606,-0.9575,0.5328,0.7022,-0.7344,0.4104,-0.0183,0.3526,-0.0852,0.7587,-0.6808,0.3408,-0.0737,0.7934,0.5616,0.5106,-0.5219,0.0,0.0,1.0804,0.0,0.0,0.0,0.0,0.0,0.0,
7.96,run,3.49,6.04,6.34,1.12,0.18,54.8,0.0,0.0,0.163,2.64,22.76,-16.44,18.19,14.15,2.64,13.89,-27.42,95.01,-2.81,16.7,7.12,11.95,-30.23,131.4,19.51,3.08,20.83,2.7,22.18,-15.54,18.14,13.41,3.35,14.58,-25.7,95.05,-2.79,16.73,7.91,11.69,-27.7,132.61,19.82,3.32,21.18,0.0771,0.8578,-0.9475,0.5184,0.6984,-0.7253,0.4167,-0.0127,0.3535,-0.0798,0.7587,-0.6716,0.3341,-0.0491,0.7955,0.5663,0.5149,-0.5156,0.0,0.019,0.0,0.006,0.013,0.006,0.013,0.163,0.0,0.006,0.0,0.013,0.006,0.078,0.071,0.006,0.0,0.006,0.0568,0.3973,-0.293,0.3237,0.247,0.0383,0.2393,-0.4801,1.6521,-0.0522,0.2807,0.1304,0.2117,-0.5415,2.2933,0.3405,0.0445,0.359,0.0084,-0.0484,0.0396,-0.0645,-0.0401,0.0921,0.0062,0.0268,-0.0276,0.0208,0.0042,-0.0077,-0.0321,0.1453,0.0344,0.019,0.0275,-0.0176,0.2542,0.2087,0.0918,0.0414,-0.0066,0.0814,0.8603,-0.9509,0.5258,0.702,-0.7297,0.4146,-0.0138,0.3532,-0.0841,0.7612,-0.6729,0.3372,-0.0621,0.7939,0.5625,0.5143,-0.5202,0.0,0.0,1.0952,0.0,0.0,0.0,0.0,0.0,0.0,
8.0,run,3.63,6.15,4.09,2.6,0.78,55.5,0.0,0.0,0.163,2.46,22.59,-16.08,18.19,13.97,3.08,13.97,-27.16,95.01,-2.81,16.7,7.38,11.69,-29.53,131.4,19.51,3.16,20.83,2.61,21.74,-15.2,17.85,13.3,3.78,14.63,-25.72,94.81,-2.68,16.75,7.72,11.5,-27.2,132.47,19.83,3.46,21.02,0.0747,0.8498,-0.9435,0.5101,0.6964,-0.7203,0.4179,-0.013,0.3507,-0.0766,0.759,-0.6739,0.3287,-0.04,0.7938,0.5666,0.5175,-0.5174,0.006,0.019,0.0,0.006,0.013,0.006,0.013,0.123,0.0,0.0,0.0,0.0,0.006,0.078,0.071,0.006,0.0,0.006,0.0445,0.3912,-0.2884,0.3145,0.247,0.0445,0.2393,-0.4801,1.6521,-0.0476,0.2838,0.1243,0.2102,-0.5338,2.2933,0.3405,0.046,0.359,-0.0399,-0.0567,0.0449,-0.0795,-0.0281,0.0874,0.0043,0.0188,-0.0193,0.0317,0.0144,-0.0283,-0.0282,0.1303,0.0241,0.0133,0.025,-0.0123,0.2782,0.2111,0.1106,0.0195,0.0031,0.0771,0.8578,-0.9475,0.5184,0.6984,-0.7253,0.4167,-0.0127,0.3535,-0.0798,0.7587,-0.6716,0.3341,-0.0491,0.7955,0.5663,0.5149,-0.5156,0.0,0.0,1.11,0.0,0.0,0.0,0.0,0.0,0.0,
8.04,run,3.93,6.25,7.15,2.42,-2.41,56.2,0.0,0.0,0.163,2.9,22.5,-15.64,18.19,13.71,3.52,14.06,-27.07,95.01,-2.72,16.7,7.82,11.69,-28.92,131.4,19.69,3.34,20.83,2.55,21.7,-14.82,17.67,13.3,3.98,14.63,-25.53,94.9,-2.63,16.81,8.12,11.37,-26.78,132.45,19.8,3.52,20.98,0.0729,0.849,-0.9391,0.5049,0.6965,-0.7179,0.418,-0.0096,0.3518,-0.0751,0.7602,-0.6691,0.3249,-0.0324,0.7936,0.5658,0.5185,-0.5179,0.006,0.019,0.0,0.006,0.013,0.006,0.013,0.123,0.0,0.0,0.0,0.0,0.006,0.078,0.071,0.006,0.0,0.006,0.0414,0.3881,-0.2823,0.3145,0.2439,0.0522,0.2408,-0.4755,1.6521,-0.0476,0.2838,0.1289,0.2056,-0.5216,2.2933,0.3405,0.0476,0.359,-0.0394,-0.0512,0.0544,-0.0556,-0.0312,0.0899,0.0088,0.0304,-0.0135,0.0222,0.0101,-0.0026,-0.037,0.1372,0.0169,0.0093,0.0232,-0.0086,0.2906,0.2205,0.0714,0.0454,0.0136,0.0747,0.8498,-0.9435,0.5101,0.6964,-0.7203,0.4179,-0.013,0.3507,-0.0766,0.759,-0.6739,0.3287,-0.04,0.7938,0.5666,0.5175,-0.5174,0.0,0.0,1.1248,0.0,0.0,0.0,0.0,0.0,0.0,
8.08,run,4.28,6.25,8.69,0.33,-1.07,57.0,0.0,0.0,0.163,2.2,22.15,-15.29,18.19,13.71,3.69,14.06,-27.07,95.01,-2.72,16.7,7.91,11.43,-28.48,131.4,19.6,3.34,20.83,2.38,21.24,-14.45,17.39,13.16,4.5,14.47,-25.43,94.62,-2.43,16.6,8.1,11.16,-26.28,132.09,19.76,3.59,20.83,0.0681,0.8408,-0.9347,0.4967,0.6938,-0.7118,0.4133,-0.0077,0.3485,-0.0696,0.7563,-0.6694,0.319,-0.0233,0.7892,0.5645,0.5197,-0.5196,0.006,0.019,0.0,0.006,0.013,0.006,0.013,0.123,0.0,0.0,0.0,0.0,0.006,0.078,0.071,0.006,0.0,0.006,0.0491,0.3866,-0.2746,0.3145,0.2393,0.0598,0.2424,-0.474,1.6521,-0.046,0.2838,0.1365,0.2056,-0.5108,2.2933,0.3436,0.0506,0.359,0.0001,-0.0414,0.0658,-0.0389,-0.0384,0.0906,0.0117,0.0268,-0.0095,0.0211,0.007,0.0259,-0.0259,0.1348,0.0118,0.0176,0.0273,-0.006,0.3169,0.2289,0.1248,0.0423,-0.0421,0.0729,0.849,-0.9391,0.5049,0.6965,-0.7179,0.418,-0.0096,0.3518,-0.0751,0.7602,-0.6691,0.3249,-0.0324,0.7936,0.5658,0.5185,-0.5179,0.0,0.0,1.1396,0.0,0.0,0.0,0.0,0.0,0.0,
8.12,run,4.36,6.38,1.56,3.39,0.54,57.7,0.0,0.0,0.163,2.37,21.88,-15.03,17.93,13.62,4.13,14.06,-26.81,94.83,-2.72,16.7,7.91,11.34,-27.86,131.4,19.6,3.34,20.83,2.32,20.66,-14.03,17.04,13.07,4.89,14.39,-25.41,94.4,-2.31,16.61,7.75,10.9,-25.86,131.73,19.66,3.65,20.54,0.0662,0.8302,-0.9298,0.4868,0.6921,-0.7072,0.4113,-0.0075,0.3459,-0.066,0.7565,-0.6735,0.3114,-0.0157,0.785,0.5618,0.521,-0.523,0.006,0.013,0.006,0.0,0.006,0.006,0.006,0.156,0.006,0.0,0.0,0.0,0.013,0.13,0.019,0.0,0.0,0.006,0.0368,0.3804,-0.2684,0.3145,0.2393,0.0629,0.2424,-0.474,1.6521,-0.046,0.2838,0.1381,0.201,-0.5031,2.2933,0.3421,0.0506,0.359,-0.0453,-0.0516,0.0687,-0.0273,-0.0269,0.0748,0.0082,0.0188,-0.0066,0.0147,0.0049,0.0238,-0.0351,0.1227,0.0083,0.0066,0.0191,-0.0042,0.3477,0.2288,0.1516,0.0058,-0.0187,0.0681,0.8408,-0.9347,0.4967,0.6938,-0.7118,0.4133,-0.0077,0.3485,-0.0696,0.7563,-0.6694,0.319,-0.0233,0.7892,0.5645,0.5197,-0.5196,0.0,0.0,1.1544,0.0,0.0,0.0,0.0,0.0,0.0,
8.16,run,4.64,6.39,6.76,0.76,-0.2,58.5,0.0,0.0,0.163,2.37,21.53,-14.5,17.05,13.62,4.66,14.06,-26.72,94.57,-2.29,16.7,7.91,10.99,-27.33,131.4,19.6,3.43,20.83,2.31,20.99,-13.68,16.96,13.11,4.76,14.47,-25.13,94.84,-2.32,16.78,8.32,10.87,-25.49,131.99,19.65,3.63,20.73,0.066,0.8363,-0.9256,0.4844,0.6929,-0.7087,0.4133,-0.0023,0.3511,-0.0664,0.7597,-0.6668,0.3106,-0.009,0.7881,0.5615,0.5205,-0.5208,0.006,0.013,0.006,0.0,0.006,0.006,0.006,0.156,0.006,0.0,0.0,0.0,0.013,0.13,0.019,0.0,0.0,0.006,0.0399,0.3758,-0.2638,0.3099,0.2378,0.0706,0.2424,-0.4694,1.649,-0.046,0.2838,0.1381,0.1994,-0.4924,2.2933,0.3421,0.0506,0.359,-0.0202,-0.0534,0.0654,-0.0364,-0.0246,0.0811,0.0057,0.0304,-0.0162,0.0103,0.0034,0.0167,-0.0303,0.1262,0.0058,0.0046,0.0134,-0.003,0.3546,0.2403,0.0272,0.0591,0.0095,0.0662,0.8302,-0.9298,0.4868,0.6921,-0.7072,0.4113,-0.0075,0.3459,-0.066,0.7565,-0.6735,0.3114,-0.0157,0.785,0.5618,0.521,-0.523,0.0,0.0,1.1692,0.0,0.0,0.0,0.0,0.0,0.0,
8.2,run,4.87,6.46,5.38,1.49,-1.07,59.2,0.0,0.0,0.163,2.02,21.18,-14.15,16.88,13.62,4.83,14.06,-26.72,94.48,-2.02,16.7,7.82,11.07,-26.98,131.4,19.6,3.43,20.83,2.14,20.19,-13.01,16.48,12.77,5.75,14.38,-24.83,94.11,-2.04,16.4,8.39,10.59,-24.74,131.2,19.52,3.69,20.65,0.0611,0.8217,-0.9178,0.4708,0.6866,-0.6971,0.4109,0.0031,0.3425,-0.0583,0.7527,-0.666,0.3024,0.0047,0.7788,0.5576,0.5217,-0.5218,0.006,0.013,0.006,0.0,0.006,0.006,0.006,0.156,0.006,0.0,0.0,0.0,0.013,0.13,0.019,0.0,0.0,0.006,0.0399,0.3697,-0.2546,0.2945,0.2378,0.0798,0.2424,-0.4679,1.6444,-0.0383,0.2838,0.1381,0.1933,-0.4832,2.2933,0.3421,0.0522,0.359,-0.0141,-0.0604,0.0803,-0.083,-0.0172,0.0913,0.004,0.027,-0.0286,0.036,0.0024,0.0117,-0.0442,0.1229,0.004,0.0033,0.0151,-0.0021,0.3787,0.2411,0.1179,0.0133,-0.0036,0.066,0.8363,-0.9256,0.4844,0.6929,-0.7087,0.4133,-0.0023,0.3511,-0.0664,0.7597,-0.6668,0.3106,-0.009,0.7881,0.5615,0.5205,-0.5208,0.0,0.0,1.184,0.0,0.0,0.0,0.0,0.0,0.0,
8.24,run,5.05,6.64,4.73,4.07,-0.04,59.9,0.0,0.0,0.163,2.2,21.01,-13.8,16.88,13.45,4.92,14.06,-26.46,94.48,-2.37,16.7,8.26,10.63,-26.54,131.4,19.6,3.43,20.83,2.07,20.1,-12.78,16.3,12.8,5.69,14.32,-24.83,94.32,-1.97,16.46,8.19,10.45,-24.47,131.32,19.49,3.66,20.42,0.0591,0.82,-0.9151,0.4656,0.6872,-0.6978,0.4091,0.003,0.345,-0.0563,0.7538,-0.6683,0.2985,0.0096,0.7802,0.5568,0.5211,-0.5245,0.006,0.019,0.0,0.013,0.0,0.006,0.0,0.156,0.0,0.013,0.006,0.006,0.006,0.149,0.0,0.0,0.0,0.006,0.0337,0.3636,-0.2485,0.2915,0.2378,0.0828,0.2424,-0.4679,1.6429,-0.0337,0.2838,0.1365,0.1948,-0.4771,2.2933,0.3421,0.0522,0.359,-0.0328,-0.0652,0.0791,-0.0695,-0.012,0.0754,0.0028,0.0189,-0.0257,0.0424,0.0017,0.0024,-0.0252,0.1089,0.0028,0.0023,0.0106,-0.0014,0.3988,0.2475,0.0939,0.0259,-0.0186,0.0611,0.8217,-0.9178,0.4708,0.6866,-0.6971,0.4109,0.0031,0.3425,-0.0583,0.7527,-0.666,0.3024,0.0047,0.7788,0.5576,0.5217,-0.5218,0.0,0.0,1.1988,0.0,0.0,0.0,0.0,0.0,0.0,
8.28,run,5.3,6.72,5.68,2.98,-1.07,60.7,0.0,0.0,0.163,2.2,20.57,-13.27,16.79,13.27,5.45,14.06,-26.28,94.48,-1.76,16.7,8.26,10.55,-25.93,130.87,19.6,3.6,20.83,2.01,19.98,-12.18,16.05,12.88,6.06,14.2,-24.45,94.24,-1.88,16.43,8.8,10.28,-24.05,130.93,19.33,3.79,20.46,0.0573,0.8177,-0.908,0.4586,0.6886,-0.6934,0.4057,0.01,0.344,-0.0537,0.7533,-0.6611,0.2936,0.0172,0.7756,0.5524,0.5235,-0.524,0.006,0.019,0.0,0.013,0.0,0.006,0.0,0.156,0.0,0.013,0.006,0.006,0.006,0.149,0.0,0.0,0.0,0.006,0.0368,0.3605,-0.2424,0.2915,0.2347,0.0844,0.2424,-0.4633,1.6429,-0.0399,0.2838,0.1442,0.1871,-0.4694,2.2933,0.3421,0.0522,0.359,-0.0114,-0.0572,0.0785,-0.0487,-0.02,0.0585,0.002,0.0306,-0.018,0.0066,0.0012,0.0306,-0.0465,0.1051,0.002,0.0016,0.0074,-0.001,0.415,0.2633,0.0826,0.0711,-0.0008,0.0591,0.82,-0.9151,0.4656,0.6872,-0.6978,0.4091,0.003,0.345,-0.0563,0.7538,-0.6683,0.2985,0.0096,0.7802,0.5568,0.5211,-0.5245,0.0,0.0,1.2136,0.0,0.0,0.0,0.0,0.0,0.0,
8.32,run,5.51,6.7,5.82,-1.03,-4.32,61.4,0.0,0.0,0.163,1.76,20.39,-12.92,16.61,13.27,5.62,14.06,-26.19,94.39,-1.85,16.7,8.26,10.28,-25.49,130.78,19.42,3.6,20.65,1.87,19.56,-11.6,15.7,12.79,6.6,14.05,-24.22,93.97,-1.74,16.32,8.89,10.05,-23.46,130.46,19.19,3.78,20.46,0.0534,0.8101,-0.9012,0.4484,0.6872,-0.6871,0.4013,0.0141,0.3409,-0.0498,0.7513,-0.6601,0.2871,0.0279,0.7701,0.5483,0.5233,-0.524,0.006,0.019,0.0,0.013,0.0,0.006,0.0,0.156,0.0,0.013,0.006,0.006,0.006,0.149,0.0,0.0,0.0,0.006,0.0368,0.3528,-0.2332,0.2899,0.2316,0.0936,0.2424,-0.4602,1.6429,-0.0291,0.2838,0.1442,0.1856,-0.4587,2.2841,0.3421,0.0552,0.359,-0.008,-0.0688,0.0894,-0.0398,-0.0255,0.0755,0.0014,0.0329,-0.0126,0.0448,0.0008,0.0214,-0.0383,0.1138,-0.0331,0.0011,0.0167,-0.0007,0.4366,0.2705,0.0991,0.052,-0.0187,0.0573,0.8177,-0.908,0.4586,0.6886,-0.6934,0.4057,0.01,0.344,-0.0537,0.7533,-0.6611,0.2936,0.0172,0.7756,0.5524,0.5235,-0.524,0.0,0.0,1.2284,0.0,0.0,0.0,0.0,0.0,0.0,
8.36,run,5.65,6.94,3.96,5.4,2.34,62.2,0.0,0.0,0.163,2.02,20.3,-12.39,16.08,13.27,6.24,14.06,-25.84,94.13,-2.02,16.7,8.7,10.11,-24.96,130.25,19.07,3.69,20.65,1.73,18.94,-10.88,15.31,12.53,7.07,13.89,-24.19,93.78,-1.56,16.1,8.72,9.81,-23.06,129.74,19.02,3.73,20.46,0.0493,0.7989,-0.8927,0.4373,0.6824,-0.6815,0.3969,0.0148,0.3385,-0.0446,0.7473,-0.6621,0.2802,0.0352,0.7616,0.5435,0.5223,-0.524,0.019,0.013,0.0,0.006,0.013,0.0,0.006,0.156,0.0,0.006,0.013,0.0,0.013,0.136,0.006,0.0,0.0,0.006,0.0291,0.3497,-0.227,0.2869,0.2316,0.0966,0.2424,-0.4587,1.6414,-0.0307,0.2838,0.1442,0.181,-0.451,2.2826,0.339,0.0552,0.3559,-0.0345,-0.0597,0.0857,-0.0394,-0.0178,0.0644,0.001,0.0288,-0.0146,0.0256,0.0006,0.015,-0.0442,0.1086,-0.029,-0.0108,0.0117,-0.0121,0.4547,0.2686,0.1015,-0.0179,-0.0754,0.0534,0.8101,-0.9012,0.4484,0.6872,-0.6871,0.4013,0.0141,0.3409,-0.0498,0.7513,-0.6601,0.2871,0.0279,0.7701,0.5483,0.5233,-0.524,0.0,0.0,1.2432,0.0,0.0,0.0,0.0,0.0,0.0,
8.4,run,5.91,7.03,6.18,2.6,-0.14,62.9,0.0,0.0,0.163,1.67,19.86,-11.78,15.73,13.27,6.68,14.06,-25.58,93.87,-1.49,16.61,8.79,9.93,-24.43,129.99,19.07,3.69,20.65,1.7,19.13,-10.36,15.11,12.72,7.2,13.75,-23.3,93.73,-1.51,16.18,9.62,9.63,-22.5,129.73,18.77,3.78,20.38,0.0486,0.8024,-0.8866,0.4318,0.6858,-0.68,0.393,0.031,0.3381,-0.0432,0.7487,-0.6515,0.2752,0.0455,0.7616,0.5364,0.5232,-0.525,0.019,0.013,0.0,0.006,0.013,0.0,0.006,0.156,0.0,0.006,0.013,0.0,0.013,0.136,0.006,0.0,0.0,0.006,0.0337,0.3482,-0.2178,0.2777,0.2316,0.1074,0.2424,-0.4525,1.6368,-0.0337,0.2838,0.1519,0.1779,-0.4418,2.2734,0.3329,0.0568,0.3559,-0.0069,-0.0476,0.0945,-0.0621,-0.0125,0.0853,0.0007,0.0432,-0.0275,0.0064,0.0004,0.0392,-0.0424,0.1105,-0.0548,-0.0305,0.0139,-0.0084,0.4669,0.2893,0.0692,0.0943,0.0408,0.0493,0.7989,-0.8927,0.4373,0.6824,-0.6815,0.3969,0.0148,0.3385,-0.0446,0.7473,-0.6621,0.2802,0.0352,0.7616,0.5435,0.5223,-0.524,0.0,0.0,1.258,0.0,0.0,0.0,0.0,0.0,0.0,
8.44,run,6.11,7.09,5.77,1.58,-0.98,63.6,0.0,0.0,0.163,1.58,19.42,-11.25,15.38,13.27,7.12,13.89,-25.58,93.78,-1.32,16.52,8.79,9.76,-24.08,129.38,18.81,3.69,20.65,1.49,18.43,-9.4,14.61,12.5,8.11,13.54,-23.03,93.16,-1.29,15.88,9.78,9.34,-21.74,128.79,18.54,3.78,20.42,0.0426,0.7897,-0.8753,0.4174,0.6819,-0.6693,0.3869,0.0358,0.3313,-0.0368,0.7433,-0.6497,0.267,0.0592,0.7504,0.5296,0.5233,-0.5245,0.019,0.013,0.0,0.006,0.013,0.0,0.006,0.156,0.0,0.006,0.013,0.0,0.013,0.136,0.006,0.0,0.0,0.006,0.0276,0.3405,-0.2071,0.2715,0.2316,0.115,0.2424,-0.4479,1.6322,-0.0245,0.2823,0.1534,0.1749,-0.4326,2.2688,0.3329,0.0568,0.3559,-0.0279,-0.0621,0.1065,-0.0665,-0.0087,0.0885,0.0005,0.0475,-0.0365,0.039,-0.0055,0.0332,-0.0412,0.1119,-0.0556,-0.0214,0.0097,-0.0059,0.4896,0.2971,0.1078,0.0454,-0.0025,0.0486,0.8024,-0.8866,0.4318,0.6858,-0.68,0.393,0.031,0.3381,-0.0432,0.7487,-0.6515,0.2752,0.0455,0.7616,0.5364,0.5232,-0.525,0.0,0.0,1.2728,0.0,0.0,0.0,0.0,0.0,0.0,
8.48,run,6.3,7.23,4.47,2.39,-0.54,64.4,0.0,0.0,0.169,1.76,19.16,-10.55,15.12,13.1,7.21,13.89,-25.14,93.69,-1.32,16.44,9.23,9.49,-23.47,129.11,18.46,3.69,20.65,1.36,18.06,-8.6,14.22,12.4,8.48,13.31,-22.69,93.07,-1.13,15.68,9.92,9.09,-21.24,128.25,18.29,3.68,20.45,0.0389,0.7829,-0.8659,0.4061,0.6801,-0.6649,0.3802,0.042,0.3302,-0.0324,0.7397,-0.6479,0.2598,0.0684,0.7442,0.5224,0.5215,-0.5242,0.019,0.019,0.006,0.006,0.006,0.013,0.006,0.169,0.0,0.0,0.013,0.0,0.006,0.117,0.0,0.0,0.0,0.0,0.0261,0.3329,-0.1979,0.2654,0.2316,0.1227,0.2393,-0.4479,1.6306,-0.0215,0.2807,0.1534,0.1718,-0.4264,2.258,0.3283,0.0568,0.3559,-0.0253,-0.0722,0.109,-0.0696,-0.0061,0.0907,-0.0112,0.0332,-0.0313,0.0388,-0.0096,0.0233,-0.0404,0.1013,-0.0792,-0.0322,0.0068,-0.0041,0.5072,0.3023,0.1007,0.0277,-0.0171,0.0426,0.7897,-0.8753,0.4174,0.6819,-0.6693,0.3869,0.0358,0.3313,-0.0368,0.7433,-0.6497,0.267,0.0592,0.7504,0.5296,0.5233,-0.5245,0.0,0.0,1.2876,0.0,0.0,0.0,0.0,0.0,0.0,
8.52,run,6.5,7.53,4.82,8.81,-2.78,65.1,0.0,0.0,0.169,1.23,18.72,-9.93,14.68,12.83,8.0,13.8,-24.43,93.25,-1.32,16.17,9.76,9.23,-22.76,128.5,18.46,3.69,20.65,1.26,17.88,-7.82,13.92,12.44,8.95,13.05,-22.1,92.92,-1.03,15.59,10.45,8.88,-20.65,127.63,17.98,3.67,20.64,0.0361,0.7796,-0.8567,0.3976,0.6807,-0.6595,0.373,0.0527,0.3285,-0.0295,0.7379,-0.6417,0.2536,0.079,0.7368,0.5137,0.5213,-0.5219,0.019,0.019,0.006,0.006,0.006,0.013,0.006,0.169,0.0,0.0,0.013,0.0,0.006,0.117,0.0,0.0,0.0,0.0,0.0291,0.3283,-0.1856,0.2608,0.2286,0.1243,0.2393,-0.4403,1.6291,-0.0215,0.2792,0.1611,0.1672,-0.4157,2.2534,0.3221,0.0568,0.3559,-0.0062,-0.0678,0.1223,-0.0659,-0.0158,0.0692,-0.0078,0.052,-0.0277,0.0272,-0.0125,0.045,-0.0455,0.1112,-0.0727,-0.0456,0.0048,-0.0029,0.5238,0.3151,0.0781,0.0418,-0.0094,0.0389,0.7829,-0.8659,0.4061,0.6801,-0.6649,0.3802,0.042,0.3302,-0.0324,0.7397,-0.6479,0.2598,0.0684,0.7442,0.5224,0.5215,-0.5242,0.0,0.0,1.3024,0.0,0.0,0.0,0.0,0.0,0.0,
8.56,run,6.82,7.76,9.05,5.85,-0.26,65.9,0.0,0.0,0.169,1.14,18.37,-9.23,14.33,12.83,8.44,13.45,-23.99,92.99,-1.14,16.0,10.02,9.05,-22.24,127.97,18.02,3.69,20.65,1.06,17.83,-6.76,13.52,12.68,9.75,12.86,-21.25,92.34,-0.88,15.47,11.78,8.67,-19.66,126.89,17.71,3.85,20.97,0.0304,0.7787,-0.8442,0.3862,0.685,-0.65,0.3676,0.0682,0.3216,-0.0251,0.7357,-0.6261,0.2478,0.097,0.7282,0.506,0.5246,-0.518,0.019,0.019,0.006,0.006,0.006,0.013,0.006,0.169,0.0,0.0,0.013,0.0,0.006,0.117,0.0,0.0,0.0,0.0,0.0199,0.3206,-0.1749,0.2531,0.224,0.1381,0.2378,-0.428,1.6214,-0.0215,0.2746,0.1703,0.1626,-0.4034,2.2427,0.3221,0.0568,0.3559,-0.0389,-0.0762,0.1259,-0.0749,-0.0283,0.1003,-0.0112,0.0825,-0.0481,0.019,-0.026,0.0661,-0.0491,0.1239,-0.0912,-0.0319,0.0033,-0.002,0.5411,0.3408,0.0841,0.1538,-0.0485,0.0361,0.7796,-0.8567,0.3976,0.6807,-0.6595,0.373,0.0527,0.3285,-0.0295,0.7379,-0.6417,0.2536,0.079,0.7368,0.5137,0.5213,-0.5219,0.0,0.0,1.3172,0.0,0.0,0.0,0.0,0.0,0.0,
8.6,run,6.98,7.87,3.83,2.39,0.27,66.6,0.0,0.0,0.208,1.23,18.28,-8.44,13.97,12.83,9.14,13.36,-23.47,92.72,-0.7,15.82,10.63,8.88,-21.53,127.27,17.75,3.69,20.65,0.81,17.07,-5.42,12.85,12.62,10.79,12.32,-20.42,91.58,-0.66,15.12,12.09,8.22,-18.63,125.74,17.14,3.75,21.08,0.0231,0.765,-0.8284,0.3673,0.684,-0.6378,0.3521,0.0833,0.3127,-0.0189,0.7295,-0.6225,0.2348,0.1158,0.7146,0.4897,0.5228,-0.5167,0.013,0.019,0.006,0.006,0.006,0.006,0.013,0.208,0.006,0.006,0.019,0.006,0.006,0.091,0.006,0.006,0.006,0.0,0.0184,0.3145,-0.1626,0.247,0.224,0.1457,0.2316,-0.4203,1.6168,-0.0184,0.2715,0.1749,0.1595,-0.3942,2.2335,0.3145,0.0568,0.3559,-0.033,-0.0764,0.1341,-0.0755,-0.0198,0.099,-0.0309,0.0865,-0.051,0.0248,-0.0297,0.0635,-0.0459,0.1212,-0.0983,-0.0511,0.0023,-0.0014,0.569,0.361,0.1579,0.1021,-0.0045,0.0304,0.7787,-0.8442,0.3862,0.685,-0.65,0.3676,0.0682,0.3216,-0.0251,0.7357,-0.6261,0.2478,0.097,0.7282,0.506,0.5246,-0.518,0.0,0.0,1.332,0.0,0.0,0.0,0.0,0.0,0.0,
8.64,run,7.47,8.29,10.39,9.21,-0.49,67.3,0.0,0.0,0.208,0.7,18.02,-7.65,13.45,12.83,9.93,13.01,-22.68,92.2,-0.7,15.73,11.51,8.53,-20.65,126.47,17.49,3.69,20.92,0.67,16.88,-4.26,12.45,12.53,11.43,11.84,-19.51,91.46,-0.6,14.98,12.61,7.9,-17.71,124.7,16.55,3.48,21.72,0.019,0.7614,-0.8148,0.3556,0.6824,-0.6302,0.3383,0.0999,0.3113,-0.0172,0.7269,-0.6164,0.2258,0.1325,0.7023,0.4728,0.5178,-0.5092,0.013,0.019,0.006,0.006,0.006,0.006,0.013,0.208,0.006,0.006,0.019,0.006,0.006,0.091,0.006,0.006,0.006,0.0,0.0199,0.3129,-0.1488,0.2408,0.224,0.158,0.2301,-0.4111,1.6122,-0.0107,0.2684,0.1856,0.1565,-0.382,2.2212,0.3099,0.0568,0.3559,-0.0173,-0.0592,0.1457,-0.0758,-0.0139,0.1153,-0.0274,0.0951,-0.0529,0.0461,-0.0323,0.0847,-0.0436,0.1309,-0.1149,-0.053,0.0016,-0.001,0.5835,0.3709,0.0668,0.0418,0.0047,0.0231,0.765,-0.8284,0.3673,0.684,-0.6378,0.3521,0.0833,0.3127,-0.0189,0.7295,-0.6225,0.2348,0.1158,0.7146,0.4897,0.5228,-0.5167,0.0,0.0,1.3468,0.0,0.0,0.0,0.0,0.0,0.0,
8.68,run,7.84,8.59,9.12,7.56,-0.53,68.1,0.0,0.0,0.208,0.62,17.49,-6.59,13.1,12.83,10.63,12.74,-21.97,91.67,-0.7,15.47,12.04,8.17,-19.78,125.77,16.88,3.69,21.01,0.32,16.47,-2.76,11.8,12.9,12.73,11.23,-18.07,90.32,-0.33,14.68,13.94,7.46,-16.37,123.56,15.87,3.58,22.12,0.009,0.754,-0.7966,0.3373,0.6892,-0.615,0.3209,0.126,0.2978,-0.0095,0.7214,-0.6008,0.2132,0.1569,0.6889,0.4534,0.5196,-0.5045,0.013,0.019,0.006,0.006,0.006,0.006,0.013,0.208,0.006,0.006,0.019,0.006,0.006,0.091,0.006,0.006,0.006,0.0,0.0107,0.3083,-0.135,0.2316,0.224,0.1718,0.224,-0.3973,1.603,-0.0107,0.2669,0.201,0.1503,-0.3666,2.2074,0.3053,0.0568,0.3605,-0.0413,-0.0561,0.1458,-0.0823,-0.0097,0.1245,-0.0386,0.1103,-0.0663,0.0323,-0.0275,0.108,-0.05,0.1403,-0.1242,-0.0517,0.0011,0.0139,0.6261,0.407,0.1813,0.1607,-0.0086,0.019,0.7614,-0.8148,0.3556,0.6824,-0.6302,0.3383,0.0999,0.3113,-0.0172,0.7269,-0.6164,0.2258,0.1325,0.7023,0.4728,0.5178,-0.5092,0.0,0.0,1.3616,0.0,0.0,0.0,0.0,0.0,0.0,
8.72,run,7.98,8.84,4.14,5.65,-1.21,68.8,0.0,0.0,0.208,0.62,17.23,-5.62,12.66,12.83,11.25,12.48,-21.27,91.41,-0.7,15.21,12.57,8.0,-19.07,124.98,16.79,3.69,21.36,0.03,16.09,-1.26,11.1,13.04,13.88,10.47,-16.6,89.76,-0.18,14.36,14.92,6.98,-14.88,122.11,15.0,3.3,23.01,0.0008,0.7471,-0.7747,0.3171,0.6917,-0.6014,0.299,0.1527,0.2913,-0.005,0.7157,-0.5892,0.1996,0.1841,0.6719,0.4284,0.5146,-0.494,0.019,0.013,0.006,0.006,0.006,0.006,0.026,0.182,0.006,0.013,0.013,0.013,0.013,0.091,0.006,0.019,0.006,0.006,0.0092,0.2991,-0.1166,0.2255,0.224,0.1841,0.2194,-0.385,1.5938,-0.0107,0.2623,0.2102,0.1442,-0.3513,2.1951,0.2945,0.0568,0.362,-0.0344,-0.0723,0.1682,-0.0797,-0.0068,0.1313,-0.0436,0.1214,-0.0795,0.0226,-0.0358,0.1087,-0.0571,0.1534,-0.1311,-0.0748,0.0008,0.0152,0.6583,0.4336,0.1592,0.132,-0.0093,0.009,0.754,-0.7966,0.3373,0.6892,-0.615,0.3209,0.126,0.2978,-0.0095,0.7214,-0.6008,0.2132,0.1569,0.6889,0.4534,0.5196,-0.5045,0.0,0.0,1.3764,0.0,0.0,0.0,0.0,0.0,0.0,
8.76,run,8.61,9.3,12.93,9.89,-2.81,69.6,0.0,0.0,0.208,0.09,16.7,-4.22,12.04,12.83,12.13,11.87,-20.21,90.88,-0.18,14.94,13.36,7.38,-17.93,123.66,15.64,3.69,22.06,-0.18,16.17,0.24,10.6,13.28,14.99,9.79,-15.1,89.45,-0.13,14.26,16.15,6.61,-13.44,120.74,14.14,3.13,24.38,-0.0052,0.7485,-0.7549,0.3029,0.696,-0.5883,0.2796,0.1799,0.2877,-0.0037,0.7139,-0.5747,0.1888,0.2103,0.6558,0.4039,0.5114,-0.4779,0.019,0.013,0.006,0.006,0.006,0.006,0.026,0.182,0.006,0.013,0.013,0.013,0.013,0.091,0.006,0.019,0.006,0.006,0.0092,0.2945,-0.0997,0.2178,0.224,0.1948,0.2148,-0.3728,1.5892,-0.0107,0.2577,0.2194,0.1411,-0.339,2.1813,0.293,0.0568,0.3682,-0.0241,-0.0676,0.1801,-0.0841,-0.0048,0.1316,-0.0475,0.1303,-0.0726,0.0158,-0.0421,0.1101,-0.0513,0.1527,-0.1428,-0.058,0.0006,0.0334,0.6706,0.4552,0.0722,0.0985,-0.0211,0.0008,0.7471,-0.7747,0.3171,0.6917,-0.6014,0.299,0.1527,0.2913,-0.005,0.7157,-0.5892,0.1996,0.1841,0.6719,0.4284,0.5146,-0.494,0.0,0.0,1.3912,0.0,0.0,0.0,0.0,0.0,0.0,
8.8,run,9.1,9.84,12.63,13.88,-5.3,70.3,0.0,0.0,0.208,0.0,16.52,-3.16,11.25,12.83,13.18,11.25,-19.16,90.26,0.0,14.68,14.33,7.03,-16.79,122.7,15.21,3.69,22.59,-0.68,15.37,1.74,9.61,13.54,16.49,8.82,-13.6,88.03,0.28,13.59,17.65,6.04,-11.94,119.24,13.07,2.95,25.15,-0.0193,0.7341,-0.7262,0.2746,0.7008,-0.5655,0.252,0.2167,0.271,0.008,0.7016,-0.5558,0.1725,0.2438,0.6367,0.3735,0.5082,-0.4688,0.019,0.013,0.006,0.006,0.006,0.006,0.026,0.182,0.006,0.013,0.013,0.013,0.013,0.091,0.006,0.019,0.006,0.006,0.0,0.2853,-0.0752,0.2071,0.224,0.2102,0.204,-0.3543,1.58,-0.0015,0.2531,0.2332,0.1304,-0.3191,2.1583,0.273,0.0568,0.3804,-0.0461,-0.0766,0.2041,-0.093,-0.0033,0.1409,-0.0674,0.1498,-0.0801,0.0403,-0.0441,0.121,-0.07,0.1703,-0.1731,-0.104,0.0004,0.0624,0.7252,0.4951,0.2257,0.1726,-0.0491,-0.0052,0.7485,-0.7549,0.3029,0.696,-0.5883,0.2796,0.1799,0.2877,-0.0037,0.7139,-0.5747,0.1888,0.2103,0.6558,0.4039,0.5114,-0.4779,0.0,0.0,1.406,0.0,0.0,0.0,0.0,0.0,0.0,
8.84,run,9.4,10.24,7.63,9.8,-4.06,71.0,0.0,0.0,0.267,-0.44,16.08,-2.02,10.46,13.18,14.24,10.63,-18.02,89.56,-0.26,14.41,15.29,6.59,-15.56,121.64,14.41,3.43,23.29,-0.98,15.19,3.24,8.84,13.99,17.99,7.87,-12.1,87.3,0.54,13.3,19.15,5.59,-10.44,117.74,11.98,2.78,26.53,-0.0281,0.7306,-0.7008,0.2525,0.7089,-0.5489,0.2249,0.254,0.2624,0.0154,0.6963,-0.5381,0.1597,0.2745,0.6177,0.3423,0.5052,-0.4526,0.006,0.0,0.026,0.006,0.0,0.019,0.033,0.267,0.006,0.006,0.013,0.013,0.013,0.084,0.006,0.013,0.006,0.006,-0.0015,0.2823,-0.0568,0.1933,0.224,0.2286,0.1933,-0.3359,1.5693,0.0015,0.2485,0.25,0.1243,-0.2991,2.1414,0.2654,0.0568,0.3896,-0.038,-0.0651,0.2116,-0.1166,-0.0023,0.1673,-0.0872,0.1735,-0.0961,0.0397,-0.048,0.1476,-0.0719,0.1936,-0.1841,-0.1014,0.0003,0.078,0.7681,0.5424,0.2205,0.2423,-0.0924,-0.0193,0.7341,-0.7262,0.2746,0.7008,-0.5655,0.252,0.2167,0.271,0.008,0.7016,-0.5558,0.1725,0.2438,0.6367,0.3735,0.5082,-0.4688,0.0,0.0,1.4208,0.0,0.0,0.0,0.0,0.0,0.0,
8.88,run,9.8,10.79,8.96,13.53,-6.67,71.8,0.0,0.0,0.267,-0.88,15.29,-0.7,10.28,13.45,15.38,9.84,-16.79,88.68,0.7,14.06,16.61,6.06,-14.15,120.32,13.36,3.25,24.26,-1.22,14.71,4.74,7.99,14.04,19.49,6.94,-10.6,86.7,0.78,13.01,20.6,5.17,-8.94,116.24,10.84,2.56,27.9,-0.0349,0.722,-0.6727,0.2284,0.7098,-0.5306,0.1982,0.2861,0.2552,0.0222,0.6911,-0.5224,0.1478,0.3025,0.5927,0.3097,0.501,-0.4365,0.006,0.0,0.026,0.006,0.0,0.019,0.033,0.267,0.006,0.006,0.013,0.013,0.013,0.084,0.006,0.013,0.006,0.006,-0.0092,0.2746,-0.0368,0.1795,0.2301,0.247,0.1825,-0.316,1.557,-0.0031,0.2439,0.2669,0.1166,-0.2777,2.123,0.2516,0.0522,0.4019,-0.0553,-0.0742,0.2227,-0.1333,0.0213,0.186,-0.1012,0.1961,-0.1132,0.0106,-0.0508,0.1665,-0.079,0.2159,-0.1978,-0.1227,-0.017,0.1005,0.7941,0.5774,0.1331,0.171,-0.0708,-0.0281,0.7306,-0.7008,0.2525,0.7089,-0.5489,0.2249,0.254,0.2624,0.0154,0.6963,-0.5381,0.1597,0.2745,0.6177,0.3423,0.5052,-0.4526,0.0,0.0,1.4356,0.0,0.0,0.0,0.0,0.0,0.0,
8.92,run,10.27,11.39,12.3,14.69,-8.12,72.5,0.0,0.0,0.267,-0.97,15.12,0.62,9.67,13.27,16.61,9.05,-15.38,87.89,0.44,13.62,17.75,5.62,-12.83,119.09,12.48,3.25,25.22,-1.45,14.28,6.24,7.19,14.23,20.99,6.15,-9.1,86.18,1.19,12.58,21.9,4.86,-7.44,114.74,9.97,2.33,28.96,-0.0414,0.7143,-0.6507,0.2053,0.7133,-0.5149,0.1758,0.3155,0.2492,0.034,0.6834,-0.507,0.139,0.3244,0.5767,0.2848,0.4969,-0.424,0.006,0.0,0.026,0.006,0.0,0.019,0.033,0.267,0.006,0.006,0.013,0.013,0.013,0.084,0.006,0.013,0.006,0.006,-0.0169,0.2608,-0.0138,0.1764,0.2347,0.2669,0.1687,-0.2945,1.5417,0.0138,0.2378,0.2899,0.1074,-0.2531,2.1,0.2332,0.0491,0.4188,-0.0675,-0.1038,0.2422,-0.1048,0.0322,0.205,-0.1227,0.2178,-0.1368,0.0707,-0.0586,0.2028,-0.0899,0.2432,-0.2247,-0.1549,-0.0234,0.1337,0.8293,0.6256,0.1564,0.2362,-0.1164,-0.0349,0.722,-0.6727,0.2284,0.7098,-0.5306,0.1982,0.2861,0.2552,0.0222,0.6911,-0.5224,0.1478,0.3025,0.5927,0.3097,0.501,-0.4365,0.0,0.0,1.4504,0.0,0.0,0.0,0.0,0.0,0.0,
8.96,run,10.48,11.88,5.53,11.86,-9.83,73.3,0.0,0.0,0.267,-1.41,14.59,1.93,8.88,13.62,17.93,8.17,-13.97,87.01,0.88,13.27,19.07,5.19,-11.43,117.86,11.43,2.99,26.37,-1.6,13.52,7.74,6.27,14.47,22.49,5.36,-7.6,85.45,1.67,12.12,23.36,4.52,-6.22,113.24,9.11,2.59,30.16,-0.0458,0.7004,-0.6213,0.1792,0.7177,-0.4946,0.1531,0.3417,0.2406,0.0478,0.675,-0.4899,0.1292,0.3414,0.5501,0.2604,0.5017,-0.4098,0.0,0.006,0.026,0.019,0.006,0.019,0.033,0.24,0.006,0.013,0.006,0.013,0.013,0.078,0.019,0.006,0.006,0.006,-0.0184,0.2577,0.0092,0.1657,0.2316,0.2884,0.1549,-0.27,1.5278,0.0092,0.2301,0.3099,0.0997,-0.2301,2.0785,0.2178,0.0491,0.4357,-0.053,-0.0842,0.256,-0.1137,0.011,0.2242,-0.1377,0.2446,-0.1476,0.0322,-0.0698,0.2169,-0.0917,0.2566,-0.238,-0.1661,-0.0164,0.1569,0.87,0.6776,0.2146,0.2564,-0.1417,-0.0414,0.7143,-0.6507,0.2053,0.7133,-0.5149,0.1758,0.3155,0.2492,0.034,0.6834,-0.507,0.139,0.3244,0.5767,0.2848,0.4969,-0.424,0.0,0.0,1.4652,0.0,0.0,0.0,0.0,0.0,0.0,
9.1,tail,9.75,9.28,-5.76,-21.4,21.99,,0.0,0.0,0.267,-1.41,13.89,3.34,8.0,13.89,18.81,7.29,-16.96,85.17,1.67,12.83,22.5,4.75,-11.78,115.66,9.84,2.99,28.12,,,,,,,,,,,,,,,,,,,,,,,,,,,,,,,,,,,,,0.0,0.0,0.0,0.0,0.0,0.0,0.0,0.0,0.0,0.0,0.0,0.0,0.0,0.0,0.0,0.0,0.0,0.0,,,,,,,,,,,,,,,,,,,,,,,,,,,,,,,,,,,,,,,,,,,,,,,,,,,,,,,,,,,,,,,,,,,,,
9.2,tail,6.45,7.19,-29.01,-16.22,0.61,,0.0,0.0,0.267,-1.41,14.59,3.34,8.0,13.89,16.08,7.29,-29.97,85.96,1.58,12.83,22.76,4.83,-16.26,117.42,9.93,2.99,28.12,,,,,,,,,,,,,,,,,,,,,,,,,,,,,,,,,,,,,0.0,0.0,0.0,0.0,0.0,0.0,0.0,0.0,0.0,0.0,0.0,0.0,0.0,0.0,0.0,0.0,0.0,0.0,,,,,,,,,,,,,,,,,,,,,,,,,,,,,,,,,,,,,,,,,,,,,,,,,,,,,,,,,,,,,,,,,,,,,
9.3,tail,3.04,5.21,-25.32,-14.93,0.49,,0.0,0.0,0.267,-1.41,14.68,3.43,7.91,14.85,13.97,6.86,-43.24,85.52,1.41,12.92,23.03,4.83,-23.91,122.78,9.93,2.99,28.12,,,,,,,,,,,,,,,,,,,,,,,,,,,,,,,,,,,,,0.0,0.0,0.0,0.0,0.0,0.0,0.0,0.0,0.0,0.0,0.0,0.0,0.0,0.0,0.0,0.0,0.0,0.0,,,,,,,,,,,,,,,,,,,,,,,,,,,,,,,,,,,,,,,,,,,,,,,,,,,,,,,,,,,,,,,,,,,,,
9.4,tail,-0.73,3.25,-31.65,-16.21,-1.23,,0.0,0.0,0.267,-1.41,14.77,4.04,7.38,14.94,13.89,6.68,-45.62,85.52,1.41,12.92,23.03,4.83,-33.31,129.81,9.93,2.99,28.12,,,,,,,,,,,,,,,,,,,,,,,,,,,,,,,,,,,,,0.0,0.0,0.0,0.0,0.0,0.0,0.0,0.0,0.0,0.0,0.0,0.0,0.0,0.0,0.0,0.0,0.0,0.0,,,,,,,,,,,,,,,,,,,,,,,,,,,,,,,,,,,,,,,,,,,,,,,,,,,,,,,,,,,,,,,,,,,,,
9.5,tail,-2.68,2.35,-16.82,-7.74,3.12,,0.0,0.0,0.267,-1.49,14.77,4.22,7.38,14.94,13.89,6.68,-45.62,85.52,1.58,12.83,22.85,4.83,-43.33,136.05,9.93,2.99,28.12,,,,,,,,,,,,,,,,,,,,,,,,,,,,,,,,,,,,,0.0,0.0,0.0,0.0,0.0,0.0,0.0,0.0,0.0,0.0,0.0,0.0,0.0,0.0,0.0,0.0,0.0,0.0,,,,,,,,,,,,,,,,,,,,,,,,,,,,,,,,,,,,,,,,,,,,,,,,,,,,,,,,,,,,,,,,,,,,,
9.6,tail,-2.54,2.44,0.6,0.44,0.4,,0.0,0.0,0.267,-1.49,14.77,4.22,7.47,14.94,13.89,6.94,-45.62,85.52,1.67,12.83,22.85,4.83,-47.37,135.35,9.84,2.99,28.12,,,,,,,,,,,,,,,,,,,,,,,,,,,,,,,,,,,,,0.0,0.0,0.0,0.0,0.0,0.0,0.0,0.0,0.0,0.0,0.0,0.0,0.0,0.0,0.0,0.0,0.0,0.0,,,,,,,,,,,,,,,,,,,,,,,,,,,,,,,,,,,,,,,,,,,,,,,,,,,,,,,,,,,,,,,,,,,,,
9.7,tail,-2.47,2.47,0.08,0.03,0.16,,0.0,0.0,0.267,-1.41,14.77,4.22,7.47,14.94,13.89,6.94,-45.62,85.52,1.67,12.83,22.85,4.83,-46.93,135.53,9.84,2.99,28.12,,,,,,,,,,,,,,,,,,,,,,,,,,,,,,,,,,,,,0.0,0.0,0.0,0.0,0.0,0.0,0.0,0.0,0.0,0.0,0.0,0.0,0.0,0.0,0.0,0.0,0.0,0.0,,,,,,,,,,,,,,,,,,,,,,,,,,,,,,,,,,,,,,,,,,,,,,,,,,,,,,,,,,,,,,,,,,,,,
9.8,tail,-2.44,2.48,-0.17,-0.1,-0.15,,0.0,0.0,0.267,-1.41,14.77,4.22,7.47,14.94,13.89,6.94,-45.62,85.52,1.67,12.83,22.85,4.83,-46.93,135.53,9.84,2.99,28.12,,,,,,,,,,,,,,,,,,,,,,,,,,,,,,,,,,,,,0.0,0.0,0.0,0.0,0.0,0.0,0.0,0.0,0.0,0.0,0.0,0.0,0.0,0.0,0.0,0.0,0.0,0.0,,,,,,,,,,,,,,,,,,,,,,,,,,,,,,,,,,,,,,,,,,,,,,,,,,,,,,,,,,,,,,,,,,,,,
9.9,tail,-2.37,2.5,0.08,-0.01,-0.06,,0.0,0.0,0.267,-1.41,14.77,4.22,7.47,14.94,13.89,6.94,-45.62,85.52,1.67,12.83,22.85,4.83,-46.93,135.53,9.84,2.99,28.12,,,,,,,,,,,,,,,,,,,,,,,,,,,,,,,,,,,,,0.0,0.0,0.0,0.0,0.0,0.0,0.0,0.0,0.0,0.0,0.0,0.0,0.0,0.0,0.0,0.0,0.0,0.0,,,,,,,,,,,,,,,,,,,,,,,,,,,,,,,,,,,,,,,,,,,,,,,,,,,,,,,,,,,,,,,,,,,,,
10.0,tail,-2.32,2.51,-0.03,-0.03,-0.1,,0.0,0.0,0.267,-1.41,14.77,4.22,7.47,14.94,13.89,6.94,-45.62,85.52,1.67,12.83,22.85,4.83,-46.93,135.53,9.84,2.99,28.12,,,,,,,,,,,,,,,,,,,,,,,,,,,,,,,,,,,,,0.0,0.0,0.0,0.0,0.0,0.0,0.0,0.0,0.0,0.0,0.0,0.0,0.0,0.0,0.0,0.0,0.0,0.0,,,,,,,,,,,,,,,,,,,,,,,,,,,,,,,,,,,,,,,,,,,,,,,,,,,,,,,,,,,,,,,,,,,,,
10.1,tail,-2.26,2.53,0.01,-0.01,-0.07,,0.0,0.0,0.267,-1.41,14.77,4.22,7.47,14.94,13.89,6.94,-45.62,85.52,1.67,12.83,22.85,4.83,-46.93,135.53,9.84,2.99,28.12,,,,,,,,,,,,,,,,,,,,,,,,,,,,,,,,,,,,,0.0,0.0,0.0,0.0,0.0,0.0,0.0,0.0,0.0,0.0,0.0,0.0,0.0,0.0,0.0,0.0,0.0,0.0,,,,,,,,,,,,,,,,,,,,,,,,,,,,,,,,,,,,,,,,,,,,,,,,,,,,,,,,,,,,,,,,,,,,,
10.2,tail,-2.2,2.55,0.01,-0.02,-0.07,,0.0,0.0,0.267,-1.41,14.77,4.22,7.47,14.94,13.89,6.94,-45.62,85.52,1.67,12.83,22.85,4.83,-46.93,135.53,9.84,2.99,28.12,,,,,,,,,,,,,,,,,,,,,,,,,,,,,,,,,,,,,0.0,0.0,0.0,0.0,0.0,0.0,0.0,0.0,0.0,0.0,0.0,0.0,0.0,0.0,0.0,0.0,0.0,0.0,,,,,,,,,,,,,,,,,,,,,,,,,,,,,,,,,,,,,,,,,,,,,,,,,,,,,,,,,,,,,,,,,,,,,
10.3,tail,-2.14,2.57,0.06,0.02,-0.11,,0.0,0.0,0.267,-1.41,14.77,4.22,7.47,14.94,13.89,6.94,-45.62,85.52,1.67,12.83,22.85,4.83,-46.93,135.53,9.84,2.99,28.12,,,,,,,,,,,,,,,,,,,,,,,,,,,,,,,,,,,,,0.0,0.0,0.0,0.0,0.0,0.0,0.0,0.0,0.0,0.0,0.0,0.0,0.0,0.0,0.0,0.0,0.0,0.0,,,,,,,,,,,,,,,,,,,,,,,,,,,,,,,,,,,,,,,,,,,,,,,,,,,,,,,,,,,,,,,,,,,,,
10.4,tail,-2.08,2.59,0.05,0.01,-0.06,,0.0,0.0,0.267,-1.41,14.77,4.22,7.47,14.94,13.89,6.94,-45.62,85.52,1.67,12.83,22.85,4.83,-46.93,135.53,9.84,2.99,28.12,,,,,,,,,,,,,,,,,,,,,,,,,,,,,,,,,,,,,0.0,0.0,0.0,0.0,0.0,0.0,0.0,0.0,0.0,0.0,0.0,0.0,0.0,0.0,0.0,0.0,0.0,0.0,,,,,,,,,,,,,,,,,,,,,,,,,,,,,,,,,,,,,,,,,,,,,,,,,,,,,,,,,,,,,,,,,,,,,
10.5,tail,-2.03,2.61,0.01,0.06,-0.12,,0.0,0.0,0.267,-1.41,14.77,4.22,7.47,14.94,13.89,6.94,-45.62,85.52,1.67,12.83,22.85,4.83,-46.93,135.53,9.84,2.99,28.12,,,,,,,,,,,,,,,,,,,,,,,,,,,,,,,,,,,,,0.0,0.0,0.0,0.0,0.0,0.0,0.0,0.0,0.0,0.0,0.0,0.0,0.0,0.0,0.0,0.0,0.0,0.0,,,,,,,,,,,,,,,,,,,,,,,,,,,,,,,,,,,,,,,,,,,,,,,,,,,,,,,,,,,,,,,,,,,,,
10.6,tail,-1.99,2.63,-0.03,0.03,-0.05,,0.0,0.0,0.267,-1.41,14.77,4.22,7.47,14.94,13.89,6.94,-45.62,85.52,1.67,12.83,22.85,4.83,-46.93,135.53,9.84,2.99,28.12,,,,,,,,,,,,,,,,,,,,,,,,,,,,,,,,,,,,,0.0,0.0,0.0,0.0,0.0,0.0,0.0,0.0,0.0,0.0,0.0,0.0,0.0,0.0,0.0,0.0,0.0,0.0,,,,,,,,,,,,,,,,,,,,,,,,,,,,,,,,,,,,,,,,,,,,,,,,,,,,,,,,,,,,,,,,,,,,,
10.7,tail,-1.94,2.65,-0.01,-0.04,-0.01,,0.0,0.0,0.267,-1.41,14.77,4.22,7.47,14.94,13.89,6.94,-45.62,85.52,1.67,12.83,22.85,4.83,-46.93,135.53,9.84,2.99,28.12,,,,,,,,,,,,,,,,,,,,,,,,,,,,,,,,,,,,,0.0,0.0,0.0,0.0,0.0,0.0,0.0,0.0,0.0,0.0,0.0,0.0,0.0,0.0,0.0,0.0,0.0,0.0,,,,,,,,,,,,,,,,,,,,,,,,,,,,,,,,,,,,,,,,,,,,,,,,,,,,,,,,,,,,,,,,,,,,,
10.8,tail,-1.9,2.66,-0.07,-0.07,-0.1,,0.0,0.0,0.267,-1.41,14.77,4.22,7.47,14.94,13.89,6.94,-45.62,85.52,1.67,12.83,22.85,4.83,-46.93,135.53,9.84,2.99,28.12,,,,,,,,,,,,,,,,,,,,,,,,,,,,,,,,,,,,,0.0,0.0,0.0,0.0,0.0,0.0,0.0,0.0,0.0,0.0,0.0,0.0,0.0,0.0,0.006,0.0,0.0,0.0,,,,,,,,,,,,,,,,,,,,,,,,,,,,,,,,,,,,,,,,,,,,,,,,,,,,,,,,,,,,,,,,,,,,,
10.9,tail,-1.84,2.67,0.04,0.01,-0.1,,0.0,0.0,0.267,-1.41,14.77,4.22,7.47,14.94,13.89,6.94,-45.62,85.52,1.67,12.83,22.85,4.83,-46.93,135.53,9.84,2.99,28.12,,,,,,,,,,,,,,,,,,,,,,,,,,,,,,,,,,,,,0.0,0.0,0.0,0.0,0.0,0.0,0.0,0.0,0.0,0.0,0.0,0.0,0.0,0.0,0.0,0.0,0.0,0.0,,,,,,,,,,,,,,,,,,,,,,,,,,,,,,,,,,,,,,,,,,,,,,,,,,,,,,,,,,,,,,,,,,,,,
11.0,tail,-1.79,2.69,0.07,-0.02,-0.05,,0.0,0.0,0.267,-1.41,14.77,4.22,7.47,14.94,13.89,6.94,-45.62,85.52,1.67,12.83,22.85,4.83,-46.93,135.53,9.84,2.99,28.12,,,,,,,,,,,,,,,,,,,,,,,,,,,,,,,,,,,,,0.0,0.0,0.0,0.0,0.0,0.0,0.0,0.0,0.0,0.0,0.0,0.0,0.0,0.0,0.0,0.0,0.0,0.0,,,,,,,,,,,,,,,,,,,,,,,,,,,,,,,,,,,,,,,,,,,,,,,,,,,,,,,,,,,,,,,,,,,,,
11.1,tail,-1.75,2.7,-0.05,-0.01,-0.13,,0.0,0.0,0.267,-1.41,14.77,4.22,7.47,14.94,13.89,6.94,-45.62,85.52,1.67,12.83,22.85,4.83,-46.93,135.53,9.84,2.99,28.12,,,,,,,,,,,,,,,,,,,,,,,,,,,,,,,,,,,,,0.0,0.0,0.0,0.0,0.0,0.0,0.0,0.0,0.0,0.0,0.0,0.0,0.0,0.0,0.0,0.0,0.0,0.0,,,,,,,,,,,,,,,,,,,,,,,,,,,,,,,,,,,,,,,,,,,,,,,,,,,,,,,,,,,,,,,,,,,,,
11.2,tail,-1.7,2.73,0.02,0.06,-0.07,,0.0,0.0,0.267,-1.41,14.77,4.22,7.47,14.94,13.89,6.94,-45.62,85.52,1.67,12.83,22.85,4.83,-46.93,135.53,9.84,2.99,28.12,,,,,,,,,,,,,,,,,,,,,,,,,,,,,,,,,,,,,0.0,0.0,0.0,0.0,0.0,0.0,0.0,0.0,0.0,0.0,0.0,0.0,0.0,0.0,0.0,0.0,0.0,0.0,,,,,,,,,,,,,,,,,,,,,,,,,,,,,,,,,,,,,,,,,,,,,,,,,,,,,,,,,,,,,,,,,,,,,
11.3,tail,-1.66,2.74,0.02,0.0,-0.01,,0.0,0.0,0.267,-1.41,14.77,4.22,7.47,14.94,13.89,6.94,-45.62,85.52,1.67,12.83,22.85,4.83,-46.93,135.53,9.84,2.99,28.12,,,,,,,,,,,,,,,,,,,,,,,,,,,,,,,,,,,,,0.0,0.0,0.0,0.0,0.0,0.0,0.0,0.0,0.0,0.0,0.0,0.0,0.0,0.0,0.0,0.0,0.0,0.0,,,,,,,,,,,,,,,,,,,,,,,,,,,,,,,,,,,,,,,,,,,,,,,,,,,,,,,,,,,,,,,,,,,,,
11.4,tail,-1.61,2.75,0.0,-0.04,-0.07,,0.0,0.0,0.267,-1.41,14.77,4.22,7.47,14.94,13.89,6.94,-45.62,85.52,1.67,12.83,22.85,4.83,-46.93,135.53,9.84,2.99,28.12,,,,,,,,,,,,,,,,,,,,,,,,,,,,,,,,,,,,,0.0,0.0,0.0,0.0,0.006,0.0,0.0,0.0,0.0,0.0,0.0,0.0,0.0,0.0,0.0,0.0,0.0,0.0,,,,,,,,,,,,,,,,,,,,,,,,,,,,,,,,,,,,,,,,,,,,,,,,,,,,,,,,,,,,,,,,,,,,,
11.5,tail,-1.56,2.76,0.04,-0.01,-0.1,,0.0,0.0,0.267,-1.41,14.77,4.22,7.47,14.94,13.89,6.94,-45.62,85.52,1.67,12.83,22.85,4.83,-46.93,135.53,9.84,2.99,28.12,,,,,,,,,,,,,,,,,,,,,,,,,,,,,,,,,,,,,0.0,0.0,0.0,0.0,0.0,0.0,0.0,0.0,0.0,0.0,0.0,0.0,0.0,0.0,0.0,0.0,0.0,0.0,,,,,,,,,,,,,,,,,,,,,,,,,,,,,,,,,,,,,,,,,,,,,,,,,,,,,,,,,,,,,,,,,,,,,
11.6,tail,-1.52,2.78,0.01,0.02,-0.05,,0.0,0.0,0.267,-1.41,14.77,4.22,7.47,14.94,13.89,6.94,-45.62,85.52,1.67,12.83,22.85,4.83,-46.93,135.53,9.84,2.99,28.12,,,,,,,,,,,,,,,,,,,,,,,,,,,,,,,,,,,,,0.0,0.0,0.0,0.0,0.0,0.0,0.0,0.0,0.0,0.0,0.0,0.0,0.0,0.0,0.0,0.0,0.0,0.0,,,,,,,,,,,,,,,,,,,,,,,,,,,,,,,,,,,,,,,,,,,,,,,,,,,,,,,,,,,,,,,,,,,,,
11.7,tail,-1.48,2.8,0.02,0.01,-0.04,,0.0,0.0,0.267,-1.41,14.77,4.22,7.47,14.94,13.89,6.94,-45.62,85.52,1.67,12.83,22.85,4.83,-46.93,135.53,9.84,2.99,28.12,,,,,,,,,,,,,,,,,,,,,,,,,,,,,,,,,,,,,0.0,0.0,0.0,0.0,0.0,0.0,0.0,0.0,0.0,0.0,0.0,0.0,0.0,0.0,0.0,0.0,0.0,0.0,,,,,,,,,,,,,,,,,,,,,,,,,,,,,,,,,,,,,,,,,,,,,,,,,,,,,,,,,,,,,,,,,,,,,
11.8,tail,-1.45,2.82,-0.05,0.03,-0.13,,0.0,0.0,0.267,-1.41,14.77,4.22,7.47,14.94,13.89,6.94,-45.62,85.52,1.67,12.83,22.85,4.83,-46.93,135.53,9.84,2.99,28.12,,,,,,,,,,,,,,,,,,,,,,,,,,,,,,,,,,,,,0.0,0.0,0.0,0.0,0.0,0.006,0.0,0.0,0.0,0.0,0.0,0.0,0.0,0.0,0.0,0.0,0.0,0.0,,,,,,,,,,,,,,,,,,,,,,,,,,,,,,,,,,,,,,,,,,,,,,,,,,,,,,,,,,,,,,,,,,,,,
11.9,tail,-1.42,2.84,0.01,0.07,-0.11,,0.0,0.0,0.267,-1.41,14.77,4.22,7.47,14.94,13.89,6.94,-45.62,85.52,1.67,12.83,22.85,4.83,-46.93,135.53,9.84,2.99,28.12,,,,,,,,,,,,,,,,,,,,,,,,,,,,,,,,,,,,,0.0,0.0,0.0,0.0,0.0,0.0,0.0,0.0,0.0,0.0,0.0,0.0,0.0,0.0,0.0,0.0,0.0,0.0,,,,,,,,,,,,,,,,,,,,,,,,,,,,,,,,,,,,,,,,,,,,,,,,,,,,,,,,,,,,,,,,,,,,,
12.0,tail,-1.37,2.85,0.02,-0.03,-0.07,,0.0,0.0,0.267,-1.41,14.77,4.22,7.47,14.94,13.89,6.94,-45.62,85.52,1.67,12.83,22.85,4.83,-46.93,135.53,9.84,2.99,28.12,,,,,,,,,,,,,,,,,,,,,,,,,,,,,,,,,,,,,0.0,0.0,0.0,0.0,0.0,0.0,0.0,0.0,0.0,0.0,0.0,0.0,0.0,0.0,0.0,0.0,0.0,0.0,,,,,,,,,,,,,,,,,,,,,,,,,,,,,,,,,,,,,,,,,,,,,,,,,,,,,,,,,,,,,,,,,,,,,
