t_s,phase,roll_deg,pitch_deg,gyro_x_dps,gyro_y_dps,gyro_z_dps,height_ref_mm,vx_ref_mps,vy_ref_mps,max_cur_a,q0_deg,q1_deg,q2_deg,q3_deg,q4_deg,q5_deg,q6_deg,q7_deg,q8_deg,q9_deg,q10_deg,q11_deg,q12_deg,q13_deg,q14_deg,q15_deg,q16_deg,q17_deg,cmd0_deg,cmd1_deg,cmd2_deg,cmd3_deg,cmd4_deg,cmd5_deg,cmd6_deg,cmd7_deg,cmd8_deg,cmd9_deg,cmd10_deg,cmd11_deg,cmd12_deg,cmd13_deg,cmd14_deg,cmd15_deg,cmd16_deg,cmd17_deg,act0,act1,act2,act3,act4,act5,act6,act7,act8,act9,act10,act11,act12,act13,act14,act15,act16,act17,cur0_a,cur1_a,cur2_a,cur3_a,cur4_a,cur5_a,cur6_a,cur7_a,cur8_a,cur9_a,cur10_a,cur11_a,cur12_a,cur13_a,cur14_a,cur15_a,cur16_a,cur17_a,obs0,obs1,obs2,obs3,obs4,obs5,obs6,obs7,obs8,obs9,obs10,obs11,obs12,obs13,obs14,obs15,obs16,obs17,obs18,obs19,obs20,obs21,obs22,obs23,obs24,obs25,obs26,obs27,obs28,obs29,obs30,obs31,obs32,obs33,obs34,obs35,obs36,obs37,obs38,obs39,obs40,obs41,obs42,obs43,obs44,obs45,obs46,obs47,obs48,obs49,obs50,obs51,obs52,obs53,obs54,obs55,obs56,obs57,obs58,obs59,obs60,obs61,obs62,obs63,obs64,obs65,obs66,obs67,rot60_k
0.0,run,-0.94,4.15,-0.47,-0.08,1.29,0.0,0.0,0.0,0.026,-0.26,0.62,0.18,-0.26,-0.09,0.26,0.18,0.09,0.44,-1.14,0.79,0.44,-0.09,0.35,0.0,0.0,0.53,0.35,-0.03,-0.97,1.68,1.24,-0.9,1.68,1.68,-1.41,1.94,-2.29,2.12,1.76,1.41,-1.32,1.5,1.5,-0.83,1.76,-0.0009,0.3344,-0.0886,0.1333,0.4383,-0.3203,0.1648,-0.0838,-0.2035,-0.226,0.5735,-0.0905,0.0697,-0.0346,-0.2575,0.4181,0.4394,-0.1855,0.0,0.013,0.0,0.0,0.006,0.006,0.006,0.019,0.006,0.006,0.0,0.0,0.013,0.026,0.006,0.013,0.006,0.0,0.0031,0.0015,0.0,0.0,0.0,0.0015,0.0,0.0,0.0,-0.0061,0.0031,0.0031,0.0,0.0031,0.0,0.0,0.0,0.0015,0.0062,0.003,0.0,0.0,0.0,0.0032,0.0,0.0,0.0,-0.012,0.006,0.006,0.0,0.0062,0.0,0.0,0.0,0.003,0.0,0.0,0.0105,0.0031,-0.0185,0.0,0.0,0.0,0.0,0.0,0.0,0.0,0.0,0.0,0.0,0.0,0.0,0.0,0.0,0.0,0.0,0.0,0.0,0.0,0.0,0.0,0.0,0.0,0.0,0.0,0.0,0.0,
0.04,run,-0.92,4.14,0.1,0.14,-1.32,0.0,0.0,0.0,0.026,0.26,0.62,0.26,-0.18,-0.09,0.35,0.18,-0.18,0.53,-1.41,0.88,0.7,0.0,0.09,0.18,0.26,0.53,0.35,-0.39,0.53,3.18,2.74,0.6,3.18,3.18,-2.91,3.44,-2.17,3.62,3.26,2.91,-2.82,3.0,3.0,0.67,3.26,-0.0112,0.5443,-0.294,0.1683,0.5607,-0.4487,0.1806,0.1611,-0.169,-0.0619,0.6182,-0.4086,0.1393,0.1297,-0.0266,0.3369,0.5771,-0.5218,0.0,0.013,0.0,0.0,0.006,0.006,0.006,0.019,0.006,0.006,0.0,0.0,0.013,0.026,0.006,0.013,0.006,0.0,-0.0061,0.0015,0.0,0.0,0.0,0.0015,0.0,0.0,0.0,-0.0061,0.0031,0.0031,0.0,0.0031,0.0,0.0,0.0,0.0015,-0.0108,0.0021,0.0,0.0,0.0,0.0022,0.0,0.0,0.0,-0.0084,0.0042,0.0042,0.0,0.0043,0.0,0.0,0.0,0.0021,-0.0032,-0.0001,-0.0082,-0.0014,0.0224,-0.0009,0.3344,-0.0886,0.1333,0.4383,-0.3203,0.1648,-0.0838,-0.2035,-0.226,0.5735,-0.0905,0.0697,-0.0346,-0.2575,0.4181,0.4394,-0.1855,0.0,0.0,0.0,0.0,0.0,0.0,0.0,0.0,0.0,
0.08,run,-0.89,4.17,0.21,1.26,-3.0,0.0,0.0,0.0,0.026,-0.18,0.26,0.79,0.26,-0.18,1.05,0.35,-0.79,1.05,-2.02,1.49,1.32,0.79,-0.7,0.97,1.05,0.26,0.88,-0.34,2.03,4.68,4.24,2.1,4.68,4.68,-4.41,4.94,-0.67,5.12,4.76,4.41,-4.32,4.5,4.5,2.17,4.76,-0.0098,0.6053,-0.3783,0.1888,0.6301,-0.4903,0.201,0.171,-0.0915,-0.016,0.6296,-0.4687,0.1623,0.1688,-0.0861,0.2884,0.5589,-0.5192,0.0,0.013,0.0,0.0,0.006,0.006,0.006,0.019,0.006,0.006,0.0,0.0,0.013,0.026,0.006,0.013,0.006,0.0,0.0031,0.0015,0.0015,0.0015,0.0,0.0031,0.0,-0.0046,0.0015,-0.0107,0.0046,0.0077,0.0015,-0.0015,0.0031,0.0046,0.0,0.0015,0.0269,0.0015,0.0057,0.0057,0.0,0.0073,0.0,-0.0172,0.0057,-0.0231,0.0087,0.0202,0.0057,-0.0142,0.0115,0.0172,0.0,0.0015,-0.001,-0.0009,0.0017,0.0025,-0.023,-0.0112,0.5443,-0.294,0.1683,0.5607,-0.4487,0.1806,0.1611,-0.169,-0.0619,0.6182,-0.4086,0.1393,0.1297,-0.0266,0.3369,0.5771,-0.5218,0.0,0.0,0.0,0.0,0.0,0.0,0.0,0.0,0.0,
0.12,run,-0.93,4.15,-0.52,-0.75,0.2,0.0,0.0,0.0,0.039,-0.62,-0.18,1.58,1.05,-0.26,2.2,1.58,-1.67,1.49,-2.11,2.29,2.29,1.76,-1.58,2.11,1.93,-0.09,1.76,-0.56,3.53,6.18,5.74,3.6,6.18,6.18,-5.91,6.44,-0.01,6.62,6.26,5.01,-5.82,6.0,6.0,3.67,6.26,-0.0159,0.5854,-0.3903,0.175,0.6213,-0.5056,0.1935,0.1674,-0.1227,-0.0002,0.6198,-0.4872,0.1432,0.1798,-0.151,0.2806,0.5768,-0.5537,0.006,0.0,0.013,0.026,0.0,0.019,0.019,0.039,0.039,0.0,0.006,0.013,0.013,0.033,0.013,0.013,0.006,0.019,-0.0046,-0.0046,0.0107,0.0092,-0.0015,0.0153,0.0031,-0.0153,0.0107,-0.0215,0.0153,0.0184,0.0153,-0.0153,0.0169,0.0184,-0.0046,0.0107,-0.01,-0.0221,0.0387,0.0329,-0.0058,0.0513,0.0116,-0.0525,0.0387,-0.0566,0.0465,0.0545,0.056,-0.0619,0.06,0.064,-0.0173,0.0357,0.0009,0.0016,0.0037,0.0221,-0.0523,-0.0098,0.6053,-0.3783,0.1888,0.6301,-0.4903,0.201,0.171,-0.0915,-0.016,0.6296,-0.4687,0.1623,0.1688,-0.0861,0.2884,0.5589,-0.5192,0.0,0.0,0.0,0.0,0.0,0.0,0.0,0.0,0.0,
0.16,run,-0.9,4.15,0.37,0.39,-1.23,0.0,0.0,0.0,0.039,-0.18,-0.26,2.81,2.29,-0.09,3.43,2.72,-2.9,2.64,-2.11,3.52,3.6,3.08,-2.9,3.34,3.25,-0.09,2.9,-1.2,5.03,7.68,5.74,5.1,7.68,5.96,-7.41,7.94,0.16,7.01,7.76,3.67,-7.32,7.5,7.5,5.17,7.76,-0.0342,0.5512,-0.4064,0.164,0.5804,-0.5087,0.1702,0.2063,-0.2108,0.0047,0.582,-0.496,0.1048,0.2124,-0.2802,0.268,0.568,-0.599,0.006,0.0,0.013,0.026,0.0,0.019,0.019,0.039,0.039,0.0,0.006,0.013,0.013,0.033,0.013,0.013,0.006,0.019,-0.0123,-0.0123,0.0245,0.023,-0.0031,0.0353,0.0245,-0.0307,0.0184,-0.023,0.0291,0.0353,0.0322,-0.0307,0.0368,0.0337,-0.0107,0.0261,-0.0357,-0.0441,0.0787,0.0747,-0.0098,0.1105,0.0884,-0.0941,0.0558,-0.0454,0.0842,0.1013,0.1023,-0.1007,0.1166,0.1022,-0.0351,0.0823,-0.002,0.0003,-0.009,-0.0131,0.0035,-0.0159,0.5854,-0.3903,0.175,0.6213,-0.5056,0.1935,0.1674,-0.1227,-0.0002,0.6198,-0.4872,0.1432,0.1798,-0.151,0.2806,0.5768,-0.5537,0.0,0.0,0.0,0.0,0.0,0.0,0.0,0.0,0.0,
0.2,run,-0.9,4.16,-0.62,0.02,-0.23,0.0,0.0,0.0,0.039,-0.88,0.0,4.04,3.43,0.62,4.66,3.96,-4.13,4.04,-1.85,4.66,4.66,3.87,-4.13,4.57,4.48,0.18,4.13,-2.23,3.53,9.18,5.53,3.6,9.18,4.75,-8.91,9.44,0.02,5.51,9.26,2.17,-8.82,9.0,9.0,5.51,8.57,-0.0639,0.5161,-0.4255,0.158,0.5155,-0.5116,0.1358,0.2582,-0.3377,0.0006,0.5223,-0.5032,0.0472,0.262,-0.4605,0.2618,0.5547,-0.6639,0.006,0.0,0.013,0.026,0.0,0.019,0.019,0.039,0.039,0.0,0.006,0.013,0.013,0.033,0.013,0.013,0.006,0.019,-0.0046,-0.0138,0.046,0.0445,0.0,0.0568,0.0445,-0.0522,0.0383,-0.023,0.0506,0.0583,0.0552,-0.0537,0.0583,0.0568,-0.0107,0.046,0.0023,-0.0364,0.1315,0.1286,0.0041,0.1537,0.1328,-0.1423,0.1099,-0.0317,0.1353,0.1527,0.1534,-0.1523,0.158,0.1534,-0.0246,0.1286,0.0001,0.0,0.0064,0.0067,-0.0215,-0.0342,0.5512,-0.4064,0.164,0.5804,-0.5087,0.1702,0.2063,-0.2108,0.0047,0.582,-0.496,0.1048,0.2124,-0.2802,0.268,0.568,-0.599,0.0,0.0,0.0,0.0,0.0,0.0,0.0,0.0,0.0,
0.24,run,-0.89,4.14,0.3,0.15,1.67,0.0,0.0,0.0,0.039,-1.05,0.79,5.36,4.31,1.58,5.98,4.83,-5.45,5.36,-1.05,5.62,6.06,4.57,-5.45,5.89,5.71,0.79,5.36,-2.81,2.11,10.68,5.94,2.1,10.68,4.02,-8.07,10.94,-0.53,4.01,10.76,0.67,-8.71,10.5,9.35,4.11,7.07,-0.0801,0.493,-0.4609,0.1697,0.4533,-0.5184,0.1149,0.3078,-0.4413,-0.015,0.4623,-0.5139,0.0074,0.2961,-0.5815,0.2672,0.5293,-0.7203,0.026,0.006,0.006,0.006,0.0,0.013,0.006,0.026,0.026,0.026,0.0,0.006,0.006,0.019,0.013,0.013,0.006,0.013,-0.0169,-0.0092,0.0675,0.0644,0.0123,0.0782,0.066,-0.0736,0.0629,-0.0184,0.0706,0.0767,0.069,-0.0752,0.0798,0.0782,-0.0061,0.0675,-0.0439,-0.0084,0.1717,0.1641,0.0484,0.1873,0.1727,-0.1793,0.1681,-0.0051,0.1687,0.1752,0.1586,-0.1863,0.1903,0.1871,-0.0001,0.1697,0.0005,0.0009,-0.0108,0.0003,-0.004,-0.0639,0.5161,-0.4255,0.158,0.5155,-0.5116,0.1358,0.2582,-0.3377,0.0006,0.5223,-0.5032,0.0472,0.262,-0.4605,0.2618,0.5547,-0.6639,0.0,0.0,0.0,0.0,0.0,0.0,0.0,0.0,0.0,
0.28,run,-0.84,4.16,1.05,0.89,-3.18,0.0,0.0,0.0,0.039,-1.76,1.76,6.68,5.01,2.46,7.38,5.45,-6.77,6.77,-0.7,6.33,7.56,4.83,-6.68,7.29,7.21,1.85,6.59,-3.06,0.61,12.18,5.99,0.6,12.18,3.91,-7.13,12.44,-0.43,2.51,12.26,-0.26,-8.5,11.2,9.76,2.61,5.57,-0.0874,0.4515,-0.4964,0.1711,0.3951,-0.525,0.1116,0.3249,-0.4999,-0.0123,0.4019,-0.5309,-0.0073,0.3001,-0.633,0.2788,0.4881,-0.7629,0.026,0.006,0.006,0.006,0.0,0.013,0.006,0.026,0.026,0.026,0.0,0.006,0.006,0.019,0.013,0.013,0.006,0.013,-0.0199,0.0046,0.0905,0.0798,0.0291,0.1012,0.0813,-0.0966,0.0859,-0.0046,0.0874,0.1012,0.0813,-0.0982,0.1028,0.0997,0.0046,0.089,-0.0423,0.046,0.2067,0.1725,0.0973,0.2176,0.1785,-0.212,0.2041,0.0483,0.1815,0.2149,0.1572,-0.2169,0.2197,0.2117,0.0403,0.1995,0.0012,-0.0009,0.0052,0.0026,0.0291,-0.0801,0.493,-0.4609,0.1697,0.4533,-0.5184,0.1149,0.3078,-0.4413,-0.015,0.4623,-0.5139,0.0074,0.2961,-0.5815,0.2672,0.5293,-0.7203,0.0,0.0,0.0,0.0,0.0,0.0,0.0,0.0,0.0,
0.32,run,-0.88,4.13,-0.74,-0.75,0.61,0.0,0.0,0.0,0.039,-2.9,2.46,8.09,5.45,3.08,8.79,5.8,-7.65,8.09,-0.53,6.77,8.88,4.75,-7.56,8.61,8.17,2.9,7.47,-3.17,-0.89,13.68,5.34,-0.9,13.68,4.15,-8.0,13.94,-0.15,1.01,13.76,-0.21,-9.97,10.18,10.69,1.11,4.07,-0.0905,0.3894,-0.5286,0.1527,0.3222,-0.529,0.1185,0.3091,-0.5304,-0.0042,0.3358,-0.5453,-0.0059,0.2732,-0.6449,0.3054,0.4436,-0.7989,0.026,0.006,0.006,0.006,0.0,0.013,0.006,0.026,0.026,0.026,0.0,0.006,0.006,0.019,0.013,0.013,0.006,0.013,-0.0322,0.0215,0.1135,0.092,0.0445,0.1258,0.092,-0.1197,0.1104,0.0015,0.0997,0.1273,0.0859,-0.1197,0.1273,0.1258,0.023,0.1104,-0.0756,0.0955,0.2309,0.1667,0.1256,0.2443,0.1652,-0.2346,0.2349,0.0568,0.1731,0.2482,0.1273,-0.2323,0.2458,0.2459,0.0972,0.2202,0.0059,0.0011,0.0184,0.0155,-0.0555,-0.0874,0.4515,-0.4964,0.1711,0.3951,-0.525,0.1116,0.3249,-0.4999,-0.0123,0.4019,-0.5309,-0.0073,0.3001,-0.633,0.2788,0.4881,-0.7629,0.0,0.0,0.0,0.0,0.0,0.0,0.0,0.0,0.0,
0.36,run,-0.91,4.15,0.21,0.36,1.67,0.0,0.0,0.0,0.039,-2.9,2.99,9.49,5.45,3.34,10.2,5.8,-8.26,9.49,-0.7,6.77,10.55,4.22,-8.44,9.67,9.14,3.43,8.0,-3.32,-2.39,15.18,4.83,-2.4,15.18,4.58,-9.23,15.44,0.06,-0.49,15.26,-0.04,-11.47,11.44,11.74,-0.39,2.57,-0.0949,0.3138,-0.5543,0.1381,0.2525,-0.5265,0.1308,0.2867,-0.5433,0.0017,0.2718,-0.5424,-0.0013,0.2368,-0.6302,0.3353,0.3906,-0.813,0.019,0.006,0.013,0.006,0.0,0.013,0.013,0.019,0.019,0.026,0.013,0.0,0.006,0.019,0.006,0.006,0.0,0.0,-0.0522,0.0337,0.1381,0.0997,0.0552,0.1503,0.0982,-0.135,0.1335,0.0046,0.1074,0.1503,0.0844,-0.135,0.1503,0.1427,0.0414,0.1258,-0.1277,0.1129,0.2537,0.1455,0.1282,0.2631,0.1387,-0.2218,0.2507,0.0513,0.1499,0.26,0.0833,-0.2202,0.2584,0.2354,0.1371,0.2116,0.0019,-0.0014,-0.0129,-0.0131,0.0107,-0.0905,0.3894,-0.5286,0.1527,0.3222,-0.529,0.1185,0.3091,-0.5304,-0.0042,0.3358,-0.5453,-0.0059,0.2732,-0.6449,0.3054,0.4436,-0.7989,0.0,0.0,0.0,0.0,0.0,0.0,0.0,0.0,0.0,
0.4,run,-0.85,4.14,0.5,-0.03,-1.71,0.0,0.0,0.0,0.039,-3.16,2.99,10.9,5.45,3.34,11.6,5.8,-8.7,10.99,-0.44,6.77,11.78,3.25,-9.4,10.55,10.2,3.87,8.26,-3.43,-3.89,16.68,4.28,-3.9,16.68,4.95,-10.73,16.94,0.34,-1.99,16.76,0.35,-12.97,12.93,12.73,-1.89,1.07,-0.0979,0.2454,-0.5622,0.1223,0.1874,-0.5238,0.1414,0.2546,-0.5513,0.0096,0.2234,-0.5374,0.0101,0.192,-0.6126,0.3637,0.3514,-0.8246,0.019,0.006,0.013,0.006,0.0,0.013,0.013,0.019,0.019,0.026,0.013,0.0,0.006,0.019,0.006,0.006,0.0,0.0,-0.0522,0.043,0.1626,0.0997,0.0598,0.1749,0.0982,-0.1457,0.158,0.0015,0.1074,0.1795,0.0752,-0.1503,0.1687,0.1595,0.0506,0.135,-0.0894,0.1135,0.2695,0.1018,0.107,0.2761,0.0971,-0.1955,0.2674,0.0244,0.1049,0.2912,0.0239,-0.2116,0.2498,0.228,0.1304,0.1826,-0.0007,-0.0002,0.0037,0.0062,0.0292,-0.0949,0.3138,-0.5543,0.1381,0.2525,-0.5265,0.1308,0.2867,-0.5433,0.0017,0.2718,-0.5424,-0.0013,0.2368,-0.6302,0.3353,0.3906,-0.813,0.0,0.0,0.0,0.0,0.0,0.0,0.0,0.0,0.0,
0.44,run,-0.87,4.13,-0.35,-0.03,1.12,0.0,0.0,0.0,0.039,-3.78,2.99,12.3,5.36,2.99,13.01,5.19,-9.05,12.3,-0.35,5.98,13.01,2.2,-10.46,11.25,11.07,3.87,8.26,-3.53,-5.39,17.65,3.61,-5.4,18.18,5.41,-12.23,17.99,0.69,-3.49,18.26,0.78,-14.47,14.02,13.51,-3.39,-0.43,-0.1007,0.1813,-0.557,0.1031,0.1293,-0.5214,0.1546,0.2136,-0.553,0.0197,0.1871,-0.5334,0.0223,0.147,-0.5998,0.386,0.3274,-0.8367,0.019,0.006,0.013,0.006,0.0,0.013,0.013,0.019,0.019,0.026,0.013,0.0,0.006,0.019,0.006,0.006,0.0,0.0,-0.0568,0.043,0.1871,0.0997,0.0598,0.1994,0.0982,-0.1534,0.1841,0.0061,0.1074,0.201,0.0583,-0.1672,0.1841,0.1779,0.0583,0.1396,-0.0799,0.0794,0.2809,0.0713,0.0749,0.2855,0.0679,-0.1656,0.2852,0.0344,0.0735,0.2845,-0.0467,-0.2115,0.2325,0.2287,0.1201,0.1451,0.0046,-0.0007,0.0088,-0.0005,-0.0299,-0.0979,0.2454,-0.5622,0.1223,0.1874,-0.5238,0.1414,0.2546,-0.5513,0.0096,0.2234,-0.5374,0.0101,0.192,-0.6126,0.3637,0.3514,-0.8246,0.0,0.0,0.0,0.0,0.0,0.0,0.0,0.0,0.0,
0.48,run,-0.83,4.1,0.35,0.14,-0.2,0.0,0.0,0.0,0.039,-3.25,2.37,13.89,4.66,2.2,14.5,4.83,-9.67,13.8,0.0,4.92,14.59,1.14,-11.69,12.22,12.04,3.69,7.73,-3.58,-6.89,18.94,3.27,-6.9,19.68,5.85,-13.73,18.37,0.84,-4.99,19.76,1.23,-15.97,14.92,14.09,-4.89,-1.93,-0.1022,0.1327,-0.5418,0.0933,0.098,-0.5234,0.1673,0.1829,-0.5486,0.024,0.1709,-0.5235,0.0351,0.1122,-0.5892,0.4025,0.3187,-0.8335,0.019,0.013,0.006,0.006,0.033,0.006,0.006,0.033,0.026,0.019,0.033,0.0,0.006,0.026,0.0,0.006,0.019,0.006,-0.0675,0.043,0.2117,0.0982,0.0537,0.224,0.0874,-0.1595,0.2071,0.0077,0.0936,0.2224,0.0399,-0.1856,0.1963,0.1933,0.0583,0.1396,-0.0962,0.0556,0.2886,0.0442,0.0294,0.2918,0.0073,-0.1389,0.2859,0.0298,-0.0003,0.2797,-0.1017,-0.217,0.2087,0.2176,0.0841,0.1016,0.0026,-0.0019,-0.0061,-0.0006,0.0196,-0.1007,0.1813,-0.557,0.1031,0.1293,-0.5214,0.1546,0.2136,-0.553,0.0197,0.1871,-0.5334,0.0223,0.147,-0.5998,0.386,0.3274,-0.8367,0.0,0.0,0.0,0.0,0.0,0.0,0.0,0.0,0.0,
0.52,run,-0.81,4.07,-0.08,-0.22,0.39,0.0,0.0,0.0,0.039,-3.69,1.05,15.29,3.43,0.88,16.17,4.83,-10.9,15.29,0.35,3.43,16.35,0.62,-13.27,13.54,13.18,2.81,6.68,-3.76,-8.39,20.44,2.82,-8.4,20.61,6.32,-15.23,19.01,1.28,-6.49,20.44,1.77,-17.47,15.85,14.57,-6.39,-3.43,-0.1075,0.0956,-0.5233,0.0805,0.07,-0.5222,0.1806,0.1563,-0.5411,0.0365,0.1642,-0.5242,0.0507,0.0863,-0.5782,0.4163,0.3216,-0.839,0.019,0.013,0.006,0.006,0.033,0.006,0.006,0.033,0.026,0.019,0.033,0.0,0.006,0.026,0.0,0.006,0.019,0.006,-0.0583,0.0322,0.2393,0.0859,0.0399,0.25,0.0813,-0.1703,0.2332,0.0138,0.0752,0.25,0.0215,-0.2071,0.2132,0.2102,0.0552,0.1304,-0.0328,-0.0013,0.3055,-0.0151,-0.0312,0.302,-0.0179,-0.1375,0.2979,0.0439,-0.0692,0.2993,-0.1402,-0.2324,0.2094,0.2156,0.0474,0.0366,0.0064,-0.0047,0.0061,0.0025,-0.0036,-0.1022,0.1327,-0.5418,0.0933,0.098,-0.5234,0.1673,0.1829,-0.5486,0.024,0.1709,-0.5235,0.0351,0.1122,-0.5892,0.4025,0.3187,-0.8335,0.0,0.0,0.0,0.0,0.0,0.0,0.0,0.0,0.0,
0.56,run,-0.85,4.05,-0.9,-0.79,2.95,0.0,0.0,0.0,0.039,-3.87,-0.26,16.7,3.34,-0.53,17.58,5.27,-12.04,16.44,0.44,1.93,17.58,0.44,-14.41,14.33,13.71,1.85,5.45,-3.8,-9.89,21.94,2.39,-9.9,20.01,7.04,-16.73,20.14,1.66,-7.99,19.9,2.44,-18.97,17.12,15.12,-6.41,-4.93,-0.1086,0.0643,-0.4991,0.0682,0.0494,-0.5293,0.2013,0.1333,-0.5278,0.0474,0.1685,-0.5306,0.0698,0.0611,-0.5633,0.4321,0.3381,-0.8423,0.019,0.013,0.006,0.006,0.033,0.006,0.006,0.033,0.026,0.019,0.033,0.0,0.006,0.026,0.0,0.006,0.019,0.006,-0.066,0.0092,0.2638,0.0644,0.0169,0.2792,0.0813,-0.1917,0.2592,0.0199,0.0491,0.2807,0.0123,-0.2347,0.2362,0.2301,0.0399,0.112,-0.0471,-0.0733,0.2911,-0.0781,-0.0942,0.3031,-0.0125,-0.1638,0.2906,0.05,-0.1305,0.306,-0.1271,-0.2496,0.219,0.2137,-0.0151,-0.0323,0.0085,-0.0065,-0.0015,-0.0038,0.0068,-0.1075,0.0956,-0.5233,0.0805,0.07,-0.5222,0.1806,0.1563,-0.5411,0.0365,0.1642,-0.5242,0.0507,0.0863,-0.5782,0.4163,0.3216,-0.839,0.0,0.0,0.0,0.0,0.0,0.0,0.0,0.0,0.0,
0.6,run,-1.65,3.66,-0.54,-0.26,1.08,0.0,0.0,0.0,0.039,-3.6,-10.99,23.29,1.58,-10.9,19.25,7.47,-17.93,21.18,1.58,-8.35,20.04,2.9,-20.3,17.84,15.56,-4.66,-5.98,-3.7,-11.39,23.44,1.73,-11.4,19.18,7.57,-18.23,21.45,2.09,-9.49,19.81,3.03,-20.47,17.9,15.6,-5.25,-6.19,-0.1057,0.0404,-0.4715,0.0495,0.0434,-0.539,0.2163,0.1188,-0.5123,0.0597,0.1751,-0.5316,0.0866,0.045,-0.5541,0.4457,0.359,-0.8375,0.013,0.006,0.006,0.0,0.013,0.006,0.0,0.006,0.006,0.026,0.033,0.013,0.0,0.006,0.0,0.0,0.013,0.0,-0.069,-0.0138,0.2884,0.0629,-0.0077,0.3037,0.089,-0.2117,0.2792,0.0215,0.023,0.3022,0.0092,-0.2546,0.25,0.2393,0.023,0.0905,-0.0444,-0.1369,0.295,-0.0604,-0.1572,0.3034,0.0197,-0.1888,0.2775,0.0407,-0.1883,0.2941,-0.1004,-0.2488,0.2046,0.1838,-0.0733,-0.1024,0.0051,-0.0086,-0.0157,-0.0138,0.0515,-0.1086,0.0643,-0.4991,0.0682,0.0494,-0.5293,0.2013,0.1333,-0.5278,0.0474,0.1685,-0.5306,0.0698,0.0611,-0.5633,0.4321,0.3381,-0.8423,0.0,0.0,0.0,0.0,0.0,0.0,0.0,0.0,0.0,
0.64,run,-1.61,3.7,0.47,0.42,-0.18,0.0,0.0,0.0,0.039,-3.78,-10.99,23.29,1.58,-10.9,19.34,7.47,-17.93,21.18,1.58,-8.35,20.04,2.9,-20.3,17.84,15.56,-4.66,-5.98,-2.2,-12.89,24.94,0.23,-12.9,17.68,9.07,-19.73,22.95,3.59,-10.99,18.31,4.53,-21.97,19.4,17.1,-3.75,-6.72,-0.0625,-0.0213,-0.366,-0.0244,0.0652,-0.5847,0.2801,0.0099,-0.4006,0.1441,0.2467,-0.5884,0.1758,-0.0884,-0.4579,0.5037,0.4627,-0.8437,0.013,0.006,0.006,0.0,0.013,0.006,0.0,0.006,0.006,0.026,0.033,0.013,0.0,0.006,0.0,0.0,0.013,0.0,-0.0644,-0.201,0.4034,0.0322,-0.1887,0.3329,0.1273,-0.3145,0.362,0.0414,-0.1565,0.3451,0.0522,-0.3574,0.3114,0.2715,-0.0905,-0.1089,-0.0444,-0.1369,0.295,-0.0604,-0.1572,0.3034,0.0197,-0.1888,0.2775,0.0407,-0.1883,0.2941,-0.1004,-0.2488,0.2046,0.1838,-0.0733,-0.1024,-0.065,-0.0425,-0.0094,-0.0045,0.0188,-0.1057,0.0404,-0.4715,0.0495,0.0434,-0.539,0.2163,0.1188,-0.5123,0.0597,0.1751,-0.5316,0.0866,0.045,-0.5541,0.4457,0.359,-0.8375,0.0,0.0,0.0,0.0,0.0,0.0,0.0,0.0,0.0,
0.68,run,-1.56,3.68,0.42,-0.03,-1.5,0.0,0.0,0.0,0.058,-3.43,-11.07,23.29,1.58,-10.9,19.07,7.47,-17.93,21.18,1.58,-8.35,20.04,2.9,-20.3,17.84,15.56,-4.66,-5.98,-2.56,-14.39,26.44,-1.27,-14.4,16.18,9.72,-21.23,24.45,5.09,-11.52,16.81,6.03,-23.47,20.9,17.24,-2.25,-7.41,-0.0733,-0.0568,-0.3172,-0.0784,0.0692,-0.5779,0.2778,-0.0151,-0.39,0.1739,0.2451,-0.5675,0.1836,-0.1105,-0.4423,0.4927,0.4666,-0.8518,0.006,0.026,0.006,0.006,0.019,0.006,0.013,0.039,0.013,0.045,0.058,0.045,0.019,0.033,0.013,0.019,0.0,0.006,-0.0675,-0.201,0.4034,0.0322,-0.1887,0.3344,0.1273,-0.3145,0.362,0.0414,-0.1565,0.3451,0.0522,-0.3574,0.3114,0.2715,-0.0905,-0.1089,-0.0378,-0.0958,0.2065,-0.0423,-0.11,0.2158,0.0138,-0.1322,0.1943,0.0285,-0.1318,0.2058,-0.0703,-0.1742,0.1432,0.1286,-0.0513,-0.0717,-0.0614,-0.0392,0.0083,0.0074,-0.0032,-0.0625,-0.0213,-0.366,-0.0244,0.0652,-0.5847,0.2801,0.0099,-0.4006,0.1441,0.2467,-0.5884,0.1758,-0.0884,-0.4579,0.5037,0.4627,-0.8437,0.0,0.0,0.0,0.0,0.0,0.0,0.0,0.0,0.0,
0.72,run,-1.59,3.67,-1.17,-0.24,4.58,0.0,0.0,0.0,0.058,-3.6,-11.34,23.64,1.58,-11.34,18.63,7.73,-18.46,21.36,2.02,-8.79,19.6,3.43,-20.74,18.46,16.0,-4.66,-6.42,-2.64,-15.89,27.94,-2.77,-15.9,15.81,9.73,-22.73,25.95,6.43,-11.43,16.55,6.54,-24.97,22.4,17.35,-0.75,-7.63,-0.0753,-0.0769,-0.2983,-0.094,0.0675,-0.5787,0.2779,-0.0403,-0.3846,0.1837,0.2467,-0.57,0.1869,-0.1306,-0.4336,0.4959,0.4669,-0.8545,0.006,0.026,0.006,0.006,0.019,0.006,0.013,0.039,0.013,0.045,0.058,0.045,0.019,0.033,0.013,0.019,0.0,0.006,-0.0614,-0.2025,0.4034,0.0322,-0.1887,0.3298,0.1273,-0.3145,0.362,0.0414,-0.1565,0.3451,0.0522,-0.3574,0.3114,0.2715,-0.0905,-0.1089,-0.0035,-0.0728,0.1446,-0.0296,-0.077,0.1339,0.0097,-0.0925,0.136,0.0199,-0.0923,0.1441,-0.0492,-0.1219,0.1003,0.0901,-0.0359,-0.0502,-0.0572,-0.0413,0.0073,-0.0005,-0.0262,-0.0733,-0.0568,-0.3172,-0.0784,0.0692,-0.5779,0.2778,-0.0151,-0.39,0.1739,0.2451,-0.5675,0.1836,-0.1105,-0.4423,0.4927,0.4666,-0.8518,0.0,0.0,0.0,0.0,0.0,0.0,0.0,0.0,0.0,
0.76,run,-1.6,3.69,-0.43,-0.27,6.88,0.0,0.0,0.0,0.058,-2.29,-12.13,24.35,1.32,-12.04,17.84,8.35,-19.25,22.06,2.81,-9.4,18.98,4.13,-21.62,19.25,16.79,-4.22,-6.94,-2.53,-17.39,29.44,-3.48,-17.4,15.18,9.93,-24.23,27.45,6.55,-11.3,16.86,6.63,-26.47,23.9,17.4,0.74,-7.5,-0.0723,-0.0839,-0.2904,-0.0995,0.0708,-0.5861,0.2838,-0.0522,-0.38,0.187,0.2492,-0.5664,0.1894,-0.1408,-0.4226,0.4971,0.4679,-0.8529,0.006,0.026,0.006,0.006,0.019,0.006,0.013,0.039,0.013,0.045,0.058,0.045,0.019,0.033,0.013,0.019,0.0,0.006,-0.0644,-0.2071,0.4096,0.0322,-0.1963,0.3221,0.1319,-0.3237,0.3651,0.0491,-0.1641,0.3375,0.0614,-0.3651,0.3221,0.2792,-0.0905,-0.1166,-0.014,-0.0683,0.1243,-0.0207,-0.0828,0.0648,0.0241,-0.0995,0.1068,0.0429,-0.0935,0.0719,0.0003,-0.1143,0.1107,0.092,-0.0251,-0.0641,-0.06,-0.0418,-0.0204,-0.0042,0.08,-0.0753,-0.0769,-0.2983,-0.094,0.0675,-0.5787,0.2779,-0.0403,-0.3846,0.1837,0.2467,-0.57,0.1869,-0.1306,-0.4336,0.4959,0.4669,-0.8545,0.0,0.0,0.0,0.0,0.0,0.0,0.0,0.0,0.0,
0.8,run,-1.48,3.64,-0.24,-0.48,10.9,0.0,0.0,0.0,0.058,-2.55,-13.01,25.22,-0.26,-13.01,16.88,9.05,-20.21,23.03,3.69,-9.93,18.19,5.19,-22.68,20.3,17.23,-3.43,-7.38,-2.55,-18.89,30.94,-3.86,-18.9,14.94,10.14,-25.73,28.95,6.99,-11.52,16.88,6.75,-27.97,25.4,17.53,1.01,-8.4,-0.0729,-0.0862,-0.2856,-0.1104,0.0674,-0.589,0.2896,-0.0642,-0.3717,0.1996,0.2451,-0.5662,0.1927,-0.1467,-0.4108,0.5008,0.4729,-0.8636,0.006,0.033,0.013,0.006,0.033,0.013,0.006,0.045,0.026,0.058,0.045,0.026,0.006,0.026,0.013,0.0,0.013,0.006,-0.0414,-0.2209,0.4218,0.0276,-0.2086,0.3083,0.1427,-0.3375,0.3774,0.0629,-0.1749,0.3267,0.0736,-0.3804,0.3359,0.293,-0.0828,-0.1258,0.076,-0.0993,0.1328,-0.0317,-0.1038,-0.0062,0.0569,-0.1211,0.1205,0.0815,-0.1055,0.0103,0.046,-0.1372,0.129,0.1159,0.011,-0.0792,-0.061,-0.0402,-0.0076,-0.0047,0.1201,-0.0723,-0.0839,-0.2904,-0.0995,0.0708,-0.5861,0.2838,-0.0522,-0.38,0.187,0.2492,-0.5664,0.1894,-0.1408,-0.4226,0.4971,0.4679,-0.8529,0.0,0.0,0.0,0.0,0.0,0.0,0.0,0.0,0.0,
0.84,run,-1.53,3.57,-2.37,-2.26,19.25,0.0,0.0,0.0,0.058,-2.72,-14.24,26.46,-1.32,-14.24,15.91,9.58,-21.62,24.26,4.83,-10.28,17.58,5.98,-23.91,21.62,17.4,-2.2,-7.65,-2.56,-20.39,32.44,-3.97,-20.4,14.97,10.66,-27.23,30.45,7.23,-11.53,16.64,6.85,-29.47,26.9,17.72,1.58,-9.25,-0.0731,-0.0894,-0.2823,-0.1136,0.0692,-0.5886,0.3047,-0.0808,-0.361,0.2064,0.245,-0.569,0.1956,-0.1573,-0.3864,0.5062,0.4833,-0.8735,0.006,0.033,0.013,0.006,0.033,0.013,0.006,0.045,0.026,0.058,0.045,0.026,0.006,0.026,0.013,0.0,0.013,0.006,-0.046,-0.2362,0.4372,0.0,-0.2255,0.2915,0.1549,-0.3543,0.3942,0.0782,-0.1841,0.3129,0.092,-0.3988,0.3543,0.3007,-0.069,-0.1335,0.0359,-0.127,0.1505,-0.1257,-0.1359,-0.0676,0.0859,-0.1481,0.1476,0.1146,-0.1084,-0.0446,0.1012,-0.1651,0.1593,0.1099,0.0595,-0.0842,-0.05,-0.0448,-0.0043,-0.0083,0.1903,-0.0729,-0.0862,-0.2856,-0.1104,0.0674,-0.589,0.2896,-0.0642,-0.3717,0.1996,0.2451,-0.5662,0.1927,-0.1467,-0.4108,0.5008,0.4729,-0.8636,0.0,0.0,0.0,0.0,0.0,0.0,0.0,0.0,0.0,
0.88,run,-1.53,3.64,-1.92,1.7,18.48,0.0,0.0,0.0,0.058,-2.55,-15.64,27.86,-2.11,-15.64,15.29,9.93,-23.03,25.58,5.71,-10.37,17.23,6.5,-25.4,23.03,17.4,-0.97,-8.17,-2.51,-21.89,33.94,-4.02,-20.5,14.91,11.23,-28.73,31.95,7.33,-11.68,16.59,6.91,-30.97,28.4,17.93,2.0,-9.42,-0.0718,-0.0935,-0.2792,-0.1148,0.0817,-0.5894,0.3208,-0.0971,-0.3406,0.2095,0.2422,-0.5695,0.1973,-0.1655,-0.354,0.5122,0.491,-0.8756,0.006,0.033,0.013,0.006,0.033,0.013,0.006,0.045,0.026,0.058,0.045,0.026,0.006,0.026,0.013,0.0,0.013,0.006,-0.0491,-0.2577,0.4587,-0.0184,-0.247,0.2746,0.1641,-0.3789,0.4157,0.0982,-0.1902,0.3022,0.1058,-0.4203,0.3774,0.3037,-0.0476,-0.1381,0.0137,-0.1695,0.1859,-0.1571,-0.1757,-0.1106,0.0946,-0.1957,0.1839,0.155,-0.0989,-0.0715,0.1226,-0.1961,0.1978,0.0884,0.1222,-0.0762,-0.0548,-0.0508,-0.0414,-0.0395,0.3361,-0.0731,-0.0894,-0.2823,-0.1136,0.0692,-0.5886,0.3047,-0.0808,-0.361,0.2064,0.245,-0.569,0.1956,-0.1573,-0.3864,0.5062,0.4833,-0.8735,0.0,0.0,0.0,0.0,0.0,0.0,0.0,0.0,0.0,
0.92,run,-1.59,3.6,-2.01,-1.18,5.18,0.0,0.0,0.0,0.058,-2.64,-17.05,29.36,-3.78,-16.88,15.03,10.37,-24.43,26.98,6.33,-10.63,16.96,6.68,-26.81,24.52,17.84,0.0,-8.7,-2.44,-23.39,35.44,-4.55,-19.76,14.62,11.6,-30.23,33.45,7.68,-11.6,16.47,7.05,-32.47,29.9,18.13,2.92,-10.19,-0.0696,-0.1019,-0.2666,-0.1301,0.0953,-0.5927,0.3314,-0.1307,-0.3166,0.2195,0.2436,-0.571,0.2014,-0.1808,-0.3312,0.5181,0.5077,-0.8846,0.0,0.026,0.006,0.006,0.026,0.006,0.006,0.026,0.019,0.045,0.026,0.019,0.019,0.026,0.013,0.0,0.006,0.006,-0.046,-0.2823,0.4832,-0.0322,-0.2715,0.2638,0.1703,-0.4034,0.4387,0.1135,-0.1917,0.2961,0.115,-0.4464,0.4019,0.3037,-0.0261,-0.1473,0.0211,-0.2107,0.2222,-0.1617,-0.215,-0.1177,0.0893,-0.229,0.215,0.166,-0.075,-0.073,0.1204,-0.2351,0.2305,0.0619,0.1661,-0.0878,-0.0547,-0.0447,-0.0336,0.0296,0.3226,-0.0718,-0.0935,-0.2792,-0.1148,0.0817,-0.5894,0.3208,-0.0971,-0.3406,0.2095,0.2422,-0.5695,0.1973,-0.1655,-0.354,0.5122,0.491,-0.8756,0.0,0.0,0.0,0.0,0.0,0.0,0.0,0.0,0.0,
0.96,run,-1.6,3.65,-1.24,-0.07,-0.07,0.0,0.0,0.0,0.058,-2.46,-18.46,30.67,-3.87,-18.11,14.68,10.81,-25.93,28.48,6.77,-10.63,16.88,6.68,-28.21,26.02,17.93,1.05,-9.32,-2.38,-24.89,36.94,-5.42,-20.0,14.87,11.93,-31.73,34.95,8.63,-11.86,15.77,7.36,-33.97,31.4,18.21,3.84,-11.55,-0.0681,-0.1126,-0.2466,-0.1549,0.0909,-0.5897,0.341,-0.1664,-0.2838,0.2466,0.2389,-0.5792,0.2103,-0.2047,-0.3118,0.5202,0.5243,-0.9006,0.0,0.026,0.006,0.006,0.026,0.006,0.006,0.026,0.019,0.045,0.026,0.019,0.019,0.026,0.013,0.0,0.006,0.006,-0.0476,-0.3068,0.5093,-0.0614,-0.293,0.2592,0.1779,-0.428,0.4633,0.1243,-0.1963,0.2915,0.1181,-0.4709,0.428,0.3114,-0.0092,-0.1565,0.009,-0.2392,0.253,-0.2222,-0.2308,-0.0996,0.0912,-0.2521,0.2423,0.1564,-0.0697,-0.0683,0.0957,-0.2563,0.2589,0.072,0.1793,-0.0959,-0.0595,-0.048,-0.0352,-0.0206,0.0904,-0.0696,-0.1019,-0.2666,-0.1301,0.0953,-0.5927,0.3314,-0.1307,-0.3166,0.2195,0.2436,-0.571,0.2014,-0.1808,-0.3312,0.5181,0.5077,-0.8846,0.0,0.0,0.0,0.0,0.0,0.0,0.0,0.0,0.0,
1.0,run,-1.53,3.63,1.44,-0.39,-2.5,0.0,0.0,0.0,0.058,-2.29,-19.86,32.08,-3.78,-18.98,14.68,11.25,-27.33,29.79,7.03,-10.72,16.7,7.03,-29.62,27.33,18.11,1.93,-9.84,-2.19,-26.39,38.44,-6.05,-19.24,14.29,12.17,-33.23,36.45,9.0,-11.54,15.27,7.57,-35.47,32.9,18.34,4.62,-11.89,-0.0626,-0.1217,-0.2306,-0.1727,0.1048,-0.5966,0.3478,-0.203,-0.2562,0.2572,0.2447,-0.5851,0.2164,-0.226,-0.2952,0.524,0.5385,-0.9046,0.0,0.026,0.006,0.006,0.026,0.006,0.006,0.026,0.019,0.045,0.026,0.019,0.019,0.026,0.013,0.0,0.006,0.006,-0.0445,-0.3313,0.5323,-0.0629,-0.3145,0.2531,0.1856,-0.4541,0.4893,0.1319,-0.1963,0.2899,0.1181,-0.4955,0.4541,0.3129,0.0092,-0.1672,0.0178,-0.2598,0.2636,-0.1613,-0.2423,-0.0928,0.0926,-0.2745,0.2676,0.1383,-0.0488,-0.0536,0.067,-0.2717,0.2793,0.0562,0.1948,-0.1075,-0.0603,-0.0434,-0.0217,-0.0013,-0.0012,-0.0681,-0.1126,-0.2466,-0.1549,0.0909,-0.5897,0.341,-0.1664,-0.2838,0.2466,0.2389,-0.5792,0.2103,-0.2047,-0.3118,0.5202,0.5243,-0.9006,0.0,0.0,0.0,0.0,0.0,0.0,0.0,0.0,0.0,
1.04,run,-1.48,3.62,0.18,0.14,3.49,0.0,0.0,0.0,0.091,-2.11,-21.27,33.49,-5.1,-19.6,14.68,11.69,-28.74,31.2,7.47,-10.72,16.17,7.38,-31.11,28.74,18.28,2.99,-10.63,-2.05,-27.89,39.94,-6.54,-18.64,13.97,12.39,-34.73,37.95,9.3,-11.07,14.65,7.66,-36.97,34.4,18.44,5.35,-12.54,-0.0587,-0.1291,-0.2191,-0.1868,0.1156,-0.6004,0.3539,-0.2311,-0.2365,0.2657,0.2533,-0.5923,0.2187,-0.2397,-0.2866,0.527,0.5517,-0.9122,0.0,0.026,0.013,0.0,0.013,0.013,0.0,0.026,0.013,0.091,0.013,0.026,0.006,0.026,0.006,0.0,0.006,0.013,-0.0414,-0.3559,0.5568,-0.0614,-0.3298,0.2531,0.1933,-0.4786,0.5123,0.1365,-0.1979,0.2869,0.1243,-0.52,0.4771,0.316,0.0245,-0.1764,0.024,-0.2736,0.2763,-0.1072,-0.227,-0.0649,0.0935,-0.284,0.2734,0.114,-0.0399,-0.049,0.0699,-0.282,0.2815,0.0508,0.1937,-0.1097,-0.0545,-0.0451,0.0252,-0.0069,-0.0437,-0.0626,-0.1217,-0.2306,-0.1727,0.1048,-0.5966,0.3478,-0.203,-0.2562,0.2572,0.2447,-0.5851,0.2164,-0.226,-0.2952,0.524,0.5385,-0.9046,0.0,0.0,0.0,0.0,0.0,0.0,0.0,0.0,0.0,
1.08,run,-1.52,3.53,-1.2,-0.66,8.33,0.0,0.0,0.0,0.091,-2.11,-22.94,35.24,-5.98,-19.95,14.06,11.95,-30.41,32.96,8.09,-10.72,15.47,7.56,-32.7,30.5,18.37,3.96,-11.51,-2.05,-29.39,41.44,-6.71,-17.64,13.87,12.69,-36.23,39.45,9.51,-10.38,14.34,7.56,-38.47,35.9,18.46,5.78,-12.87,-0.0586,-0.1362,-0.2106,-0.1918,0.1339,-0.6015,0.3626,-0.2547,-0.2215,0.2718,0.2658,-0.596,0.2159,-0.2462,-0.2683,0.5274,0.5596,-0.9161,0.0,0.026,0.013,0.0,0.013,0.013,0.0,0.026,0.013,0.091,0.013,0.026,0.006,0.026,0.006,0.0,0.006,0.013,-0.0383,-0.3804,0.5814,-0.0844,-0.3405,0.2531,0.201,-0.5031,0.5369,0.1442,-0.1979,0.2777,0.1304,-0.5461,0.5016,0.3191,0.043,-0.1902,0.0283,-0.2836,0.2855,-0.1613,-0.1992,-0.0455,0.0943,-0.2909,0.2835,0.1086,-0.0279,-0.0688,0.0719,-0.2952,0.2892,0.0471,0.2047,-0.1286,-0.0505,-0.0464,0.0031,0.0025,0.0609,-0.0587,-0.1291,-0.2191,-0.1868,0.1156,-0.6004,0.3539,-0.2311,-0.2365,0.2657,0.2533,-0.5923,0.2187,-0.2397,-0.2866,0.527,0.5517,-0.9122,0.0,0.0,0.0,0.0,0.0,0.0,0.0,0.0,0.0,
1.12,run,-1.53,3.54,-1.07,-0.48,7.38,0.0,0.0,0.0,0.091,-2.11,-24.35,36.65,-6.06,-19.95,13.97,12.22,-31.9,34.37,8.44,-10.72,15.12,7.56,-34.19,31.99,18.28,4.75,-12.13,-1.83,-30.89,42.94,-6.88,-16.26,13.45,13.11,-37.73,40.95,9.64,-9.47,13.4,7.55,-39.14,37.4,18.47,6.3,-13.05,-0.0524,-0.141,-0.2033,-0.1964,0.159,-0.6064,0.3745,-0.2841,-0.1961,0.2754,0.2823,-0.6071,0.2158,-0.257,-0.2464,0.5278,0.5692,-0.9183,0.0,0.026,0.013,0.0,0.013,0.013,0.0,0.026,0.013,0.091,0.013,0.026,0.006,0.026,0.006,0.0,0.006,0.013,-0.0383,-0.4096,0.6121,-0.0997,-0.3467,0.2424,0.2056,-0.5323,0.5676,0.1549,-0.1979,0.2654,0.1335,-0.5737,0.5323,0.3206,0.0598,-0.2056,0.0198,-0.2898,0.296,-0.161,-0.1587,-0.0655,0.0804,-0.2949,0.2945,0.1097,-0.0195,-0.0866,0.06,-0.2932,0.2985,0.0378,0.1961,-0.1381,-0.0537,-0.0536,-0.0209,-0.0115,0.1454,-0.0586,-0.1362,-0.2106,-0.1918,0.1339,-0.6015,0.3626,-0.2547,-0.2215,0.2718,0.2658,-0.596,0.2159,-0.2462,-0.2683,0.5274,0.5596,-0.9161,0.0,0.0,0.0,0.0,0.0,0.0,0.0,0.0,0.0,
1.16,run,-1.56,3.51,-1.1,-0.77,3.19,0.0,0.0,0.0,0.091,-2.2,-25.75,38.14,-6.42,-19.51,13.8,12.48,-33.31,35.77,8.7,-10.46,14.5,7.56,-35.6,33.4,18.37,5.36,-12.66,-1.63,-32.39,44.44,-7.27,-15.14,13.13,13.31,-39.23,42.45,9.9,-8.72,12.81,7.56,-39.8,38.9,18.36,6.92,-13.42,-0.0467,-0.1469,-0.1922,-0.2077,0.1794,-0.6103,0.3804,-0.3131,-0.1715,0.2827,0.2961,-0.614,0.2159,-0.2691,-0.2349,0.5247,0.5804,-0.9226,0.013,0.026,0.013,0.0,0.006,0.006,0.006,0.019,0.019,0.052,0.0,0.026,0.0,0.019,0.006,0.0,0.006,0.006,-0.0383,-0.4341,0.6366,-0.1012,-0.3467,0.2408,0.2102,-0.5584,0.5921,0.1611,-0.1979,0.2592,0.1335,-0.5998,0.5584,0.3191,0.0736,-0.2163,0.0139,-0.2942,0.2985,-0.1184,-0.1111,-0.0515,0.0734,-0.3034,0.2975,0.0996,-0.0137,-0.0835,0.042,-0.3022,0.306,0.0207,0.1886,-0.1366,-0.055,-0.0529,-0.0186,-0.0083,0.1289,-0.0524,-0.141,-0.2033,-0.1964,0.159,-0.6064,0.3745,-0.2841,-0.1961,0.2754,0.2823,-0.6071,0.2158,-0.257,-0.2464,0.5278,0.5692,-0.9183,0.0,0.0,0.0,0.0,0.0,0.0,0.0,0.0,0.0,
1.2,run,-1.59,3.51,-0.41,0.17,2.29,0.0,0.0,0.0,0.091,-1.41,-27.51,39.73,-6.94,-18.37,13.18,12.92,-34.98,37.44,8.96,-9.76,13.62,7.47,-37.09,35.07,18.37,6.15,-13.1,-1.44,-33.28,45.94,-7.57,-14.11,12.69,13.46,-40.73,43.95,10.21,-7.81,11.94,7.6,-40.67,40.4,18.2,7.44,-13.88,-0.0411,-0.1506,-0.1815,-0.2163,0.198,-0.6154,0.3844,-0.3436,-0.1445,0.2917,0.3126,-0.6242,0.2172,-0.285,-0.2209,0.52,0.5898,-0.928,0.013,0.026,0.013,0.0,0.006,0.006,0.006,0.019,0.019,0.052,0.0,0.026,0.0,0.019,0.006,0.0,0.006,0.006,-0.0399,-0.4587,0.6627,-0.1074,-0.339,0.2378,0.2148,-0.5829,0.6167,0.1657,-0.1933,0.2485,0.1335,-0.6243,0.5829,0.3206,0.0844,-0.2255,0.0039,-0.298,0.3068,-0.1059,-0.049,-0.0476,0.0686,-0.3045,0.3004,0.087,0.0077,-0.0987,0.0294,-0.3037,0.3063,0.0203,0.1723,-0.1302,-0.057,-0.056,-0.0192,-0.0135,0.0556,-0.0467,-0.1469,-0.1922,-0.2077,0.1794,-0.6103,0.3804,-0.3131,-0.1715,0.2827,0.2961,-0.614,0.2159,-0.2691,-0.2349,0.5247,0.5804,-0.9226,0.0,0.0,0.0,0.0,0.0,0.0,0.0,0.0,0.0,
1.24,run,-1.55,3.49,0.02,0.09,-1.91,0.0,0.0,0.0,0.091,-1.67,-28.92,41.13,-7.12,-17.23,13.1,13.01,-36.47,38.94,9.05,-9.05,13.18,7.47,-38.06,36.47,18.37,6.68,-13.36,-1.25,-33.36,47.44,-7.74,-12.61,12.3,13.59,-42.23,45.45,10.44,-6.57,10.86,7.57,-41.59,41.9,17.97,7.79,-14.18,-0.0358,-0.152,-0.1717,-0.2211,0.2267,-0.62,0.3883,-0.378,-0.1155,0.2982,0.3351,-0.637,0.2162,-0.3016,-0.2,0.5134,0.5962,-0.9315,0.013,0.026,0.013,0.0,0.006,0.006,0.006,0.019,0.019,0.052,0.0,0.026,0.0,0.019,0.006,0.0,0.006,0.006,-0.0261,-0.4893,0.6903,-0.1166,-0.3191,0.227,0.2224,-0.6121,0.6458,0.1703,-0.181,0.2332,0.1319,-0.6504,0.6121,0.3206,0.0982,-0.2332,0.0464,-0.3055,0.302,-0.1032,0.0287,-0.0672,0.0723,-0.3052,0.3023,0.0754,0.0441,-0.1176,0.0157,-0.2949,0.3065,0.0142,0.1642,-0.1153,-0.0598,-0.0557,-0.0072,0.003,0.0399,-0.0411,-0.1506,-0.1815,-0.2163,0.198,-0.6154,0.3844,-0.3436,-0.1445,0.2917,0.3126,-0.6242,0.2172,-0.285,-0.2209,0.52,0.5898,-0.928,0.0,0.0,0.0,0.0,0.0,0.0,0.0,0.0,0.0,
1.28,run,-1.54,3.51,0.12,0.22,1.9,0.0,0.0,0.0,0.104,-1.41,-30.32,42.63,-7.47,-15.91,12.66,13.18,-37.79,40.34,9.32,-8.26,12.48,7.47,-39.11,37.97,18.02,7.12,-13.71,-1.09,-33.72,48.94,-8.03,-11.4,12.19,13.64,-43.73,46.95,10.7,-5.58,10.07,7.57,-42.4,43.4,17.64,8.25,-14.57,-0.0311,-0.1585,-0.1574,-0.2294,0.2472,-0.6213,0.3896,-0.4089,-0.0891,0.3058,0.3531,-0.6462,0.2163,-0.3163,-0.1882,0.504,0.6045,-0.9361,0.006,0.019,0.013,0.006,0.013,0.0,0.006,0.026,0.019,0.104,0.0,0.026,0.0,0.065,0.006,0.006,0.006,0.006,-0.0307,-0.5139,0.7148,-0.1197,-0.2991,0.2255,0.224,-0.6381,0.6719,0.1718,-0.1687,0.2255,0.1319,-0.6673,0.6366,0.3206,0.1074,-0.2378,0.0155,-0.3042,0.3017,-0.0835,0.0935,-0.0527,0.0562,-0.3096,0.3076,0.0584,0.0761,-0.1105,0.011,-0.2686,0.3049,0.0099,0.1488,-0.0977,-0.056,-0.0572,0.0003,0.0015,-0.0334,-0.0358,-0.152,-0.1717,-0.2211,0.2267,-0.62,0.3883,-0.378,-0.1155,0.2982,0.3351,-0.637,0.2162,-0.3016,-0.2,0.5134,0.5962,-0.9315,0.0,0.0,0.0,0.0,0.0,0.0,0.0,0.0,0.0,
1.32,run,-1.54,3.49,-0.69,-0.84,-0.04,0.0,0.0,0.0,0.104,-0.79,-31.46,43.95,-7.73,-14.68,12.3,13.36,-39.2,41.66,9.49,-7.29,11.51,7.47,-40.17,39.29,17.58,7.65,-14.06,-0.88,-34.02,50.44,-8.15,-9.9,11.81,13.81,-45.23,48.45,10.91,-4.52,9.08,7.54,-43.23,44.9,17.4,8.45,-14.66,-0.0252,-0.164,-0.1487,-0.2329,0.2754,-0.6258,0.3944,-0.4378,-0.0656,0.3118,0.3724,-0.6578,0.2154,-0.3315,-0.1635,0.4972,0.6082,-0.9371,0.006,0.019,0.013,0.006,0.013,0.0,0.006,0.026,0.019,0.104,0.0,0.026,0.0,0.065,0.006,0.006,0.006,0.006,-0.0261,-0.5384,0.7409,-0.1258,-0.2761,0.2178,0.227,-0.6611,0.6964,0.1764,-0.1549,0.2132,0.1319,-0.6857,0.6627,0.3145,0.115,-0.2439,0.0283,-0.3062,0.3103,-0.0818,0.1529,-0.066,0.051,-0.3042,0.3086,0.0584,0.1057,-0.124,0.0077,-0.2579,0.3125,-0.0164,0.1333,-0.0917,-0.0557,-0.0555,0.0021,0.0038,0.0332,-0.0311,-0.1585,-0.1574,-0.2294,0.2472,-0.6213,0.3896,-0.4089,-0.0891,0.3058,0.3531,-0.6462,0.2163,-0.3163,-0.1882,0.504,0.6045,-0.9361,0.0,0.0,0.0,0.0,0.0,0.0,0.0,0.0,0.0,
1.36,run,-1.49,3.5,0.37,0.16,0.56,0.0,0.0,0.0,0.104,-1.32,-32.34,45.44,-7.91,-13.36,12.13,13.36,-40.69,43.07,9.49,-6.42,10.72,7.47,-41.13,40.78,17.58,8.09,-14.41,-0.6,-34.19,51.94,-8.33,-8.56,11.49,13.9,-46.73,49.95,11.18,-3.47,7.98,7.67,-44.16,46.4,17.17,8.67,-14.7,-0.0172,-0.167,-0.1411,-0.2381,0.2989,-0.6295,0.3971,-0.4683,-0.0346,0.3194,0.3914,-0.6708,0.2192,-0.3484,-0.1373,0.4906,0.6121,-0.9377,0.006,0.019,0.013,0.006,0.013,0.0,0.006,0.026,0.019,0.104,0.0,0.026,0.0,0.065,0.006,0.006,0.006,0.006,-0.0153,-0.5584,0.7639,-0.1304,-0.2546,0.2117,0.2301,-0.6857,0.7194,0.1795,-0.1381,0.1963,0.1319,-0.7041,0.6857,0.3068,0.1243,-0.25,0.0601,-0.289,0.3034,-0.0745,0.1874,-0.0692,0.0472,-0.3048,0.3022,0.0524,0.1372,-0.15,0.0054,-0.2495,0.3049,-0.0402,0.1278,-0.0872,-0.0557,-0.0574,-0.0121,-0.0147,-0.0008,-0.0252,-0.164,-0.1487,-0.2329,0.2754,-0.6258,0.3944,-0.4378,-0.0656,0.3118,0.3724,-0.6578,0.2154,-0.3315,-0.1635,0.4972,0.6082,-0.9371,0.0,0.0,0.0,0.0,0.0,0.0,0.0,0.0,0.0,
1.4,run,-1.48,3.54,0.13,0.67,1.12,0.0,0.0,0.0,0.104,-0.62,-33.13,46.85,-8.09,-12.04,11.6,13.54,-42.1,44.56,9.84,-5.36,9.67,7.47,-42.01,42.19,17.23,8.35,-14.41,-0.3,-34.51,53.44,-8.49,-7.18,10.78,14.06,-48.23,51.45,11.45,-2.35,6.74,7.81,-45.34,47.9,16.94,9.05,-15.19,-0.0086,-0.1729,-0.1337,-0.2426,0.324,-0.6378,0.4018,-0.5014,-0.0077,0.3272,0.4118,-0.6854,0.2232,-0.3697,-0.1159,0.484,0.619,-0.9434,0.013,0.013,0.006,0.006,0.013,0.006,0.006,0.026,0.019,0.078,0.0,0.026,0.006,0.071,0.006,0.0,0.0,0.013,-0.0245,-0.5737,0.79,-0.1335,-0.2316,0.2086,0.2301,-0.7118,0.744,0.1795,-0.1227,0.1825,0.1319,-0.721,0.7118,0.3068,0.1319,-0.2562,0.0078,-0.2594,0.3095,-0.0636,0.2169,-0.0599,0.033,-0.3105,0.3029,0.0367,0.1532,-0.1564,0.0038,-0.2375,0.3105,-0.0281,0.118,-0.0839,-0.0507,-0.057,0.0064,0.0029,0.0098,-0.0172,-0.167,-0.1411,-0.2381,0.2989,-0.6295,0.3971,-0.4683,-0.0346,0.3194,0.3914,-0.6708,0.2192,-0.3484,-0.1373,0.4906,0.6121,-0.9377,0.0,0.0,0.0,0.0,0.0,0.0,0.0,0.0,0.0,
1.44,run,-1.44,3.5,-0.23,-0.13,0.67,0.0,0.0,0.0,0.104,-0.26,-33.66,48.25,-8.35,-10.72,11.34,13.71,-43.51,46.05,10.2,-4.31,8.7,7.73,-42.98,43.59,16.79,8.7,-14.68,0.03,-34.55,54.01,-8.59,-5.78,10.19,14.15,-49.73,52.95,11.71,-1.34,5.47,8.04,-46.5,49.4,16.73,9.13,-15.41,0.0008,-0.1737,-0.1293,-0.2454,0.3495,-0.6449,0.4043,-0.5298,0.0203,0.3347,0.4301,-0.7003,0.2296,-0.3909,-0.087,0.4781,0.6206,-0.946,0.013,0.013,0.006,0.006,0.013,0.006,0.006,0.026,0.019,0.078,0.0,0.026,0.006,0.071,0.006,0.0,0.0,0.013,-0.0123,-0.5875,0.8145,-0.1365,-0.2086,0.1994,0.2332,-0.7363,0.7701,0.1856,-0.1043,0.1641,0.1319,-0.7363,0.7363,0.3007,0.1365,-0.2562,0.0515,-0.2334,0.3088,-0.056,0.2382,-0.0765,0.0346,-0.3095,0.3099,0.0487,0.1763,-0.1786,0.0026,-0.2238,0.3095,-0.0427,0.0999,-0.0587,-0.0501,-0.0534,0.0023,0.0117,0.0196,-0.0086,-0.1729,-0.1337,-0.2426,0.324,-0.6378,0.4018,-0.5014,-0.0077,0.3272,0.4118,-0.6854,0.2232,-0.3697,-0.1159,0.484,0.619,-0.9434,0.0,0.0,0.0,0.0,0.0,0.0,0.0,0.0,0.0,
1.48,run,-1.45,3.51,-0.79,0.09,2.45,0.0,0.0,0.0,0.104,-0.53,-34.1,49.66,-8.35,-9.4,10.72,13.89,-44.82,47.37,10.37,-3.34,7.73,7.73,-43.95,45.09,16.79,8.88,-15.03,0.36,-34.61,54.29,-8.6,-4.6,9.55,14.29,-51.23,54.45,11.97,-0.37,4.23,8.31,-47.64,50.9,16.56,9.28,-15.51,0.0104,-0.1748,-0.126,-0.2458,0.3708,-0.6523,0.4083,-0.556,0.0482,0.3421,0.4477,-0.7149,0.2373,-0.4116,-0.0577,0.4731,0.6233,-0.9472,0.013,0.013,0.006,0.006,0.013,0.006,0.006,0.026,0.019,0.078,0.0,0.026,0.006,0.071,0.006,0.0,0.0,0.013,-0.0061,-0.5967,0.8391,-0.1411,-0.1856,0.1948,0.2362,-0.7609,0.7961,0.1917,-0.0859,0.1473,0.1365,-0.7532,0.7609,0.293,0.1427,-0.2608,0.0591,-0.1979,0.3082,-0.0565,0.253,-0.0708,0.0358,-0.3087,0.3147,0.0571,0.1924,-0.1883,0.0191,-0.2199,0.3087,-0.0587,0.0929,-0.0583,-0.0471,-0.0565,-0.004,-0.0022,0.0118,0.0008,-0.1737,-0.1293,-0.2454,0.3495,-0.6449,0.4043,-0.5298,0.0203,0.3347,0.4301,-0.7003,0.2296,-0.3909,-0.087,0.4781,0.6206,-0.946,0.0,0.0,0.0,0.0,0.0,0.0,0.0,0.0,0.0,
1.52,run,-1.47,3.52,-0.52,0.1,2.97,0.0,0.0,0.0,0.117,0.53,-34.19,51.06,-8.35,-8.09,10.11,13.97,-46.14,48.78,10.63,-2.29,6.5,8.0,-45.0,46.49,16.61,9.14,-15.29,0.79,-34.65,54.35,-8.62,-3.31,8.51,14.52,-52.73,55.95,12.16,0.65,2.79,8.65,-48.87,52.4,16.45,9.51,-15.79,0.0226,-0.1755,-0.1253,-0.2464,0.3944,-0.6646,0.4148,-0.5829,0.0771,0.3475,0.4664,-0.7319,0.2472,-0.434,-0.027,0.4701,0.6274,-0.9504,0.006,0.006,0.0,0.006,0.006,0.013,0.006,0.045,0.019,0.104,0.006,0.026,0.006,0.117,0.006,0.013,0.0,0.006,-0.0107,-0.6044,0.8636,-0.1411,-0.1626,0.1841,0.2393,-0.7839,0.8191,0.1948,-0.069,0.1304,0.1365,-0.7701,0.7869,0.293,0.1457,-0.2669,0.0241,-0.1673,0.3078,-0.0395,0.2635,-0.0898,0.0365,-0.3024,0.3067,0.0515,0.198,-0.1951,0.0134,-0.2173,0.3139,-0.0411,0.0766,-0.0639,-0.0477,-0.0557,-0.0137,0.0015,0.0428,0.0104,-0.1748,-0.126,-0.2458,0.3708,-0.6523,0.4083,-0.556,0.0482,0.3421,0.4477,-0.7149,0.2373,-0.4116,-0.0577,0.4731,0.6233,-0.9472,0.0,0.0,0.0,0.0,0.0,0.0,0.0,0.0,0.0,
1.56,run,-1.41,3.52,0.51,-0.32,0.52,0.0,0.0,0.0,0.117,0.35,-34.19,52.29,-8.35,-6.68,9.49,14.24,-47.64,50.19,10.99,-1.23,5.36,8.44,-46.05,47.9,16.35,9.23,-15.47,1.19,-34.41,54.07,-8.53,-2.12,7.67,14.6,-54.23,57.45,12.38,1.61,1.29,9.04,-50.06,53.9,16.35,9.53,-15.86,0.0339,-0.1712,-0.1286,-0.2438,0.416,-0.6745,0.4173,-0.6055,0.1062,0.3538,0.4838,-0.7496,0.2582,-0.4556,0.0083,0.4671,0.6278,-0.9513,0.006,0.006,0.0,0.006,0.006,0.013,0.006,0.045,0.019,0.104,0.006,0.026,0.006,0.117,0.006,0.013,0.0,0.006,0.0077,-0.6059,0.8882,-0.1411,-0.1396,0.1733,0.2408,-0.8069,0.8437,0.1994,-0.0506,0.1089,0.1411,-0.7885,0.8115,0.2899,0.1503,-0.2715,0.0859,-0.1229,0.3075,-0.0277,0.2707,-0.1032,0.0313,-0.298,0.3067,0.0533,0.2077,-0.2171,0.0266,-0.2211,0.3118,-0.0403,0.0709,-0.062,-0.0495,-0.0549,-0.009,0.0017,0.0519,0.0226,-0.1755,-0.1253,-0.2464,0.3944,-0.6646,0.4148,-0.5829,0.0771,0.3475,0.4664,-0.7319,0.2472,-0.434,-0.027,0.4701,0.6274,-0.9504,0.0,0.0,0.0,0.0,0.0,0.0,0.0,0.0,0.0,
1.6,run,-1.43,3.49,-0.94,-0.3,2.74,0.0,0.0,0.0,0.117,0.79,-34.19,53.09,-8.35,-5.45,8.7,14.33,-49.04,51.59,11.16,-0.26,4.13,8.53,-47.11,49.39,16.35,9.23,-15.64,1.55,-34.11,53.97,-8.36,-1.08,6.6,14.76,-55.73,58.95,12.5,2.44,0.03,9.43,-51.4,55.4,16.3,9.72,-15.9,0.0443,-0.1657,-0.1297,-0.2389,0.4349,-0.6871,0.4218,-0.6274,0.1329,0.3572,0.4989,-0.7643,0.2694,-0.48,0.0367,0.4659,0.6312,-0.9518,0.006,0.006,0.0,0.006,0.006,0.013,0.006,0.045,0.019,0.104,0.006,0.026,0.006,0.117,0.006,0.013,0.0,0.006,0.0046,-0.6059,0.9097,-0.1411,-0.115,0.1626,0.2454,-0.833,0.8682,0.2056,-0.0322,0.089,0.1488,-0.8069,0.836,0.2853,0.1519,-0.2746,0.0486,-0.086,0.2958,-0.0194,0.2815,-0.1125,0.0392,-0.3064,0.3067,0.0603,0.2144,-0.2267,0.0474,-0.2238,0.3103,-0.0454,0.0553,-0.0549,-0.0441,-0.0551,0.0089,-0.0055,0.0091,0.0339,-0.1712,-0.1286,-0.2438,0.416,-0.6745,0.4173,-0.6055,0.1062,0.3538,0.4838,-0.7496,0.2582,-0.4556,0.0083,0.4671,0.6278,-0.9513,0.0,0.0,0.0,0.0,0.0,0.0,0.0,0.0,0.0,
1.64,run,-1.41,3.46,-0.29,0.14,0.87,0.0,0.0,0.0,0.117,1.49,-34.19,53.7,-8.35,-4.13,7.82,14.41,-50.45,53.09,11.43,0.7,2.81,9.05,-48.25,50.8,16.35,9.4,-15.82,1.97,-33.78,53.53,-8.16,0.03,5.61,14.98,-57.23,60.45,12.53,3.37,-1.38,9.86,-52.34,56.9,16.27,9.78,-15.72,0.0564,-0.1597,-0.1349,-0.2332,0.4552,-0.6988,0.428,-0.644,0.1594,0.3579,0.5159,-0.7809,0.2816,-0.497,0.0716,0.465,0.6323,-0.9496,0.0,0.0,0.006,0.0,0.006,0.013,0.013,0.033,0.019,0.091,0.0,0.026,0.0,0.078,0.006,0.0,0.0,0.0,0.0123,-0.6059,0.9235,-0.1411,-0.0936,0.1488,0.247,-0.8575,0.8928,0.2086,-0.0153,0.0675,0.1503,-0.8253,0.8621,0.2853,0.1519,-0.2777,0.0628,-0.0602,0.2588,-0.0136,0.2775,-0.1305,0.0332,-0.3064,0.3067,0.0537,0.2133,-0.2392,0.0389,-0.2256,0.3149,-0.0318,0.0387,-0.0499,-0.0456,-0.0579,-0.0164,-0.0053,0.0479,0.0443,-0.1657,-0.1297,-0.2389,0.4349,-0.6871,0.4218,-0.6274,0.1329,0.3572,0.4989,-0.7643,0.2694,-0.48,0.0367,0.4659,0.6312,-0.9518,0.0,0.0,0.0,0.0,0.0,0.0,0.0,0.0,0.0,
1.68,run,-1.39,3.43,-0.66,0.12,0.45,0.0,0.0,0.0,0.117,1.32,-34.19,53.96,-8.35,-2.9,6.94,14.5,-51.86,54.4,11.43,1.67,1.49,9.4,-49.48,52.21,16.35,9.58,-15.82,2.34,-33.17,53.04,-7.88,1.01,4.63,15.12,-58.73,61.95,12.52,4.25,-2.62,10.29,-53.44,58.4,16.32,9.86,-15.56,0.0669,-0.1486,-0.1407,-0.225,0.473,-0.7102,0.4319,-0.6611,0.1852,0.3577,0.5319,-0.7956,0.2939,-0.5171,0.1038,0.4663,0.6339,-0.9477,0.0,0.0,0.006,0.0,0.006,0.013,0.013,0.033,0.019,0.091,0.0,0.026,0.0,0.078,0.006,0.0,0.0,0.0,0.0245,-0.6059,0.9342,-0.1411,-0.0706,0.1335,0.2485,-0.882,0.9189,0.2132,0.0015,0.0445,0.1595,-0.8452,0.8866,0.2853,0.1549,-0.2807,0.09,-0.0421,0.2214,-0.0095,0.2805,-0.1488,0.029,-0.3065,0.3124,0.0549,0.2126,-0.2537,0.0618,-0.2327,0.3125,-0.0223,0.0386,-0.0464,-0.0438,-0.0599,-0.0051,0.0025,0.0152,0.0564,-0.1597,-0.1349,-0.2332,0.4552,-0.6988,0.428,-0.644,0.1594,0.3579,0.5159,-0.7809,0.2816,-0.497,0.0716,0.465,0.6323,-0.9496,0.0,0.0,0.0,0.0,0.0,0.0,0.0,0.0,0.0,
1.72,run,-1.38,3.42,0.51,0.0,-0.58,0.0,0.0,0.0,0.117,2.2,-33.93,53.96,-8.44,-1.76,6.06,14.77,-53.35,55.9,11.43,2.64,0.26,9.84,-50.62,53.61,16.35,9.67,-15.82,2.7,-32.66,52.72,-7.59,1.96,3.7,15.33,-60.23,63.45,12.39,5.09,-3.72,10.67,-54.4,59.9,16.39,10.05,-15.27,0.0772,-0.1393,-0.1444,-0.2168,0.4902,-0.7212,0.438,-0.6759,0.2079,0.3539,0.547,-0.8085,0.3047,-0.5345,0.1314,0.4684,0.6373,-0.9444,0.0,0.0,0.006,0.0,0.006,0.013,0.013,0.033,0.019,0.091,0.0,0.026,0.0,0.078,0.006,0.0,0.0,0.0,0.0215,-0.6059,0.9388,-0.1411,-0.0491,0.1181,0.25,-0.9066,0.9419,0.2132,0.0184,0.0215,0.1657,-0.8667,0.9112,0.2853,0.158,-0.2807,0.0515,-0.0295,0.1723,-0.0066,0.277,-0.1618,0.026,-0.3067,0.3051,0.0384,0.2121,-0.264,0.0663,-0.2435,0.3108,-0.0156,0.0386,-0.0325,-0.0427,-0.0629,-0.0114,0.0021,0.0078,0.0669,-0.1486,-0.1407,-0.225,0.473,-0.7102,0.4319,-0.6611,0.1852,0.3577,0.5319,-0.7956,0.2939,-0.5171,0.1038,0.4663,0.6339,-0.9477,0.0,0.0,0.0,0.0,0.0,0.0,0.0,0.0,0.0,
1.76,run,-1.39,3.42,-0.21,0.29,-1.02,0.0,0.0,0.0,0.117,2.29,-33.4,53.53,-8.44,-0.53,5.1,14.94,-54.76,57.3,11.43,3.52,-1.05,10.28,-51.77,55.02,16.35,9.76,-15.64,3.01,-31.85,51.82,-7.15,2.88,2.65,15.45,-61.73,64.95,12.24,5.9,-4.99,11.08,-55.22,61.4,16.5,10.05,-14.93,0.086,-0.1246,-0.155,-0.2042,0.5069,-0.7336,0.4413,-0.6863,0.2293,0.3498,0.5618,-0.8234,0.3165,-0.5495,0.1625,0.4714,0.6372,-0.9403,0.013,0.006,0.006,0.013,0.0,0.013,0.006,0.039,0.026,0.039,0.0,0.026,0.013,0.065,0.006,0.006,0.006,0.006,0.0368,-0.6013,0.9388,-0.1427,-0.0291,0.1028,0.2546,-0.9327,0.9679,0.2132,0.0353,0.0,0.1733,-0.8866,0.9357,0.2853,0.1595,-0.2807,0.0933,-0.0035,0.1206,-0.0104,0.2684,-0.1705,0.0354,-0.3121,0.3109,0.0269,0.2115,-0.265,0.075,-0.2449,0.3092,-0.0109,0.0327,-0.0228,-0.0416,-0.0636,0.0089,0.0001,-0.0101,0.0772,-0.1393,-0.1444,-0.2168,0.4902,-0.7212,0.438,-0.6759,0.2079,0.3539,0.547,-0.8085,0.3047,-0.5345,0.1314,0.4684,0.6373,-0.9444,0.0,0.0,0.0,0.0,0.0,0.0,0.0,0.0,0.0,
1.8,run,-1.37,3.44,-0.86,-0.34,2.32,0.0,0.0,0.0,0.117,2.72,-32.87,52.91,-7.82,0.62,4.13,15.12,-56.25,58.71,11.43,4.39,-2.37,10.72,-53.0,56.43,16.35,9.84,-15.38,3.34,-31.09,51.17,-6.71,3.77,1.53,15.61,-63.23,66.45,11.96,6.66,-6.07,11.47,-56.06,62.9,16.61,10.13,-14.57,0.0954,-0.1107,-0.1627,-0.1916,0.5232,-0.7467,0.4461,-0.697,0.2496,0.3418,0.5756,-0.8361,0.3276,-0.5648,0.1878,0.4744,0.6388,-0.9361,0.013,0.006,0.006,0.013,0.0,0.013,0.006,0.039,0.026,0.039,0.0,0.026,0.013,0.065,0.006,0.006,0.006,0.006,0.0383,-0.5921,0.9311,-0.1427,-0.0077,0.0859,0.2577,-0.9572,0.9925,0.2132,0.0506,-0.023,0.181,-0.9066,0.9603,0.2853,0.1611,-0.2777,0.0712,0.0327,0.0551,-0.0073,0.2698,-0.1837,0.0365,-0.3121,0.3113,0.0188,0.2066,-0.2733,0.0818,-0.2475,0.3101,-0.0076,0.0288,-0.0042,-0.0423,-0.0635,-0.0036,0.0051,-0.0178,0.086,-0.1246,-0.155,-0.2042,0.5069,-0.7336,0.4413,-0.6863,0.2293,0.3498,0.5618,-0.8234,0.3165,-0.5495,0.1625,0.4714,0.6372,-0.9403,0.0,0.0,0.0,0.0,0.0,0.0,0.0,0.0,0.0,
1.84,run,-1.34,3.47,0.44,0.19,-1.84,0.0,0.0,0.0,0.117,3.43,-32.26,52.29,-7.29,1.58,3.16,15.29,-57.66,60.03,11.43,5.27,-3.52,10.99,-53.79,57.92,16.61,9.93,-15.12,3.65,-30.32,50.07,-6.19,4.78,0.3,15.76,-63.67,67.95,11.62,7.47,-7.36,11.8,-56.59,64.4,16.74,10.18,-14.09,0.1044,-0.0967,-0.1757,-0.1768,0.5415,-0.7611,0.4504,-0.7031,0.2679,0.3319,0.5903,-0.8513,0.337,-0.5744,0.2146,0.4784,0.6396,-0.9304,0.013,0.006,0.006,0.013,0.0,0.013,0.006,0.039,0.026,0.039,0.0,0.026,0.013,0.065,0.006,0.006,0.006,0.006,0.046,-0.5829,0.9204,-0.1319,0.0123,0.069,0.2608,-0.9833,1.017,0.2132,0.066,-0.046,0.1887,-0.9281,0.9848,0.2853,0.1626,-0.273,0.0784,0.0572,-0.0014,0.0349,0.2631,-0.1915,0.037,-0.3156,0.3093,0.0132,0.2017,-0.277,0.0858,-0.2533,0.3085,-0.0053,0.0258,0.0142,-0.0409,-0.0615,-0.015,-0.0059,0.0404,0.0954,-0.1107,-0.1627,-0.1916,0.5232,-0.7467,0.4461,-0.697,0.2496,0.3418,0.5756,-0.8361,0.3276,-0.5648,0.1878,0.4744,0.6388,-0.9361,0.0,0.0,0.0,0.0,0.0,0.0,0.0,0.0,0.0,
1.88,run,-1.29,3.42,-0.03,-0.09,0.56,0.0,0.0,0.0,0.117,3.08,-31.55,51.59,-6.94,2.64,2.11,15.47,-59.15,61.44,11.43,6.15,-4.83,11.51,-54.84,59.41,16.7,10.02,-14.68,3.91,-29.32,48.91,-5.64,5.55,-0.99,15.79,-64.16,69.45,11.28,8.08,-8.51,12.23,-57.39,65.9,16.92,10.09,-13.85,0.1117,-0.0786,-0.1893,-0.1611,0.5554,-0.7764,0.4511,-0.7121,0.2879,0.3222,0.6015,-0.8648,0.3495,-0.5889,0.2372,0.4833,0.638,-0.9277,0.019,0.006,0.006,0.0,0.0,0.006,0.013,0.019,0.019,0.0,0.0,0.019,0.006,0.052,0.013,0.0,0.0,0.006,0.0583,-0.5722,0.9097,-0.1227,0.0291,0.0522,0.2638,-1.0078,1.04,0.2132,0.0813,-0.066,0.1933,-0.9419,1.0109,0.2899,0.1641,-0.2684,0.1006,0.08,-0.041,0.0587,0.2471,-0.1969,0.0373,-0.3124,0.3023,0.0092,0.1984,-0.2682,0.0772,-0.2287,0.3131,0.0134,0.0238,0.0271,-0.0377,-0.0596,0.0076,0.0034,-0.0322,0.1044,-0.0967,-0.1757,-0.1768,0.5415,-0.7611,0.4504,-0.7031,0.2679,0.3319,0.5903,-0.8513,0.337,-0.5744,0.2146,0.4784,0.6396,-0.9304,0.0,0.0,0.0,0.0,0.0,0.0,0.0,0.0,0.0,
1.92,run,-1.3,3.44,0.1,0.03,-1.74,0.0,0.0,0.0,0.117,3.96,-30.67,50.54,-6.33,3.87,0.79,15.47,-60.82,63.19,10.9,7.12,-6.33,11.95,-55.81,61.08,16.7,10.02,-14.24,4.18,-28.49,47.93,-5.06,6.37,-2.12,15.96,-64.38,70.95,10.81,8.79,-9.53,12.54,-57.92,67.4,17.05,10.21,-13.37,0.1194,-0.0635,-0.2008,-0.1445,0.5704,-0.7896,0.456,-0.7161,0.3013,0.3087,0.6144,-0.8768,0.3584,-0.5986,0.2574,0.4872,0.6402,-0.922,0.019,0.006,0.006,0.0,0.0,0.006,0.013,0.019,0.019,0.0,0.0,0.019,0.006,0.052,0.013,0.0,0.0,0.006,0.0522,-0.5599,0.8974,-0.1166,0.0476,0.0337,0.2669,-1.0339,1.0646,0.2132,0.0966,-0.089,0.2025,-0.9603,1.037,0.2915,0.1657,-0.2608,0.0473,0.1023,-0.0749,0.0642,0.2423,-0.2072,0.0377,-0.3169,0.3041,0.0065,0.1967,-0.2744,0.0887,-0.2295,0.3174,0.0152,0.0224,0.0479,-0.0337,-0.0633,-0.0005,-0.0015,0.0098,0.1117,-0.0786,-0.1893,-0.1611,0.5554,-0.7764,0.4511,-0.7121,0.2879,0.3222,0.6015,-0.8648,0.3495,-0.5889,0.2372,0.4833,0.638,-0.9277,0.0,0.0,0.0,0.0,0.0,0.0,0.0,0.0,0.0,
1.96,run,-1.22,3.44,1.18,0.24,-2.15,0.0,0.0,0.0,0.117,4.13,-29.88,49.75,-5.89,4.66,-0.18,15.47,-62.14,64.6,10.9,7.73,-7.29,12.13,-56.43,62.4,16.88,10.02,-14.06,4.43,-27.3,46.54,-4.38,7.24,-3.47,15.99,-64.64,72.45,10.34,9.47,-10.67,12.97,-58.56,68.9,17.27,10.16,-12.76,0.1265,-0.0419,-0.2171,-0.1251,0.5861,-0.8056,0.4568,-0.7208,0.321,0.2955,0.6267,-0.8903,0.3705,-0.6102,0.2825,0.4934,0.6393,-0.9148,0.019,0.006,0.006,0.0,0.0,0.006,0.013,0.019,0.019,0.0,0.0,0.019,0.006,0.052,0.013,0.0,0.0,0.006,0.0675,-0.5446,0.879,-0.1058,0.069,0.0107,0.2669,-1.063,1.0953,0.204,0.1135,-0.115,0.2102,-0.9771,1.0661,0.2915,0.1657,-0.2531,0.0815,0.1199,-0.1105,0.0788,0.2373,-0.2176,0.0264,-0.3137,0.3096,-0.0245,0.1909,-0.2743,0.0863,-0.2138,0.3141,0.0106,0.0157,0.0577,-0.0341,-0.0616,0.0017,0.0005,-0.0303,0.1194,-0.0635,-0.2008,-0.1445,0.5704,-0.7896,0.456,-0.7161,0.3013,0.3087,0.6144,-0.8768,0.3584,-0.5986,0.2574,0.4872,0.6402,-0.922,0.0,0.0,0.0,0.0,0.0,0.0,0.0,0.0,0.0,
2.0,run,-1.27,3.41,-1.36,-0.71,0.41,0.0,0.0,0.0,0.117,3.96,-29.18,48.87,-5.45,5.54,-1.23,15.64,-63.11,66.09,10.37,8.44,-8.53,12.57,-57.3,63.9,17.14,10.02,-13.62,4.62,-26.46,45.41,-3.82,7.88,-4.59,16.06,-64.8,73.95,9.92,9.98,-11.45,13.32,-59.03,70.4,17.39,10.23,-12.41,0.1319,-0.0266,-0.2305,-0.1091,0.5979,-0.8188,0.4589,-0.7237,0.3333,0.2834,0.636,-0.8995,0.3806,-0.6187,0.2992,0.4969,0.6405,-0.9107,0.0,0.013,0.006,0.013,0.0,0.019,0.006,0.013,0.026,0.0,0.0,0.019,0.0,0.039,0.013,0.006,0.006,0.006,0.0706,-0.5308,0.8652,-0.0982,0.0828,-0.0061,0.2669,-1.0861,1.1198,0.204,0.1243,-0.1319,0.2132,-0.9879,1.0891,0.2945,0.1657,-0.25,0.0684,0.1352,-0.1286,0.0836,0.2174,-0.2149,0.0185,-0.305,0.3078,-0.0172,0.1735,-0.2546,0.0718,-0.1895,0.3053,0.0188,0.011,0.0518,-0.0275,-0.0617,0.0207,0.0042,-0.0375,0.1265,-0.0419,-0.2171,-0.1251,0.5861,-0.8056,0.4568,-0.7208,0.321,0.2955,0.6267,-0.8903,0.3705,-0.6102,0.2825,0.4934,0.6393,-0.9148,0.0,0.0,0.0,0.0,0.0,0.0,0.0,0.0,0.0,
2.04,run,-1.23,3.45,0.63,0.57,-1.42,0.0,0.0,0.0,0.117,4.83,-28.21,47.72,-4.83,6.42,-2.46,15.82,-63.9,67.41,10.02,9.14,-9.58,13.01,-58.01,65.39,17.23,10.02,-13.1,4.86,-25.48,44.33,-3.25,8.5,-5.44,16.16,-64.74,75.45,9.35,10.62,-12.18,13.56,-59.14,71.9,17.54,10.26,-11.69,0.1387,-0.0087,-0.2432,-0.0929,0.6091,-0.8287,0.4618,-0.7225,0.3451,0.2671,0.6476,-0.9079,0.3873,-0.6207,0.3165,0.5012,0.6411,-0.9023,0.0,0.013,0.006,0.013,0.0,0.019,0.006,0.013,0.026,0.0,0.0,0.019,0.0,0.039,0.013,0.006,0.006,0.006,0.0675,-0.5185,0.8498,-0.0905,0.0982,-0.0245,0.27,-1.1029,1.1459,0.1948,0.1365,-0.1534,0.2209,-1.0032,1.1152,0.2991,0.1657,-0.2424,0.0364,0.1407,-0.1476,0.0874,0.2098,-0.2196,0.0245,-0.2769,0.3134,-0.0466,0.1675,-0.2589,0.0791,-0.1903,0.3117,0.0305,0.0077,0.0651,-0.0315,-0.0642,-0.0237,-0.0125,0.0072,0.1319,-0.0266,-0.2305,-0.1091,0.5979,-0.8188,0.4589,-0.7237,0.3333,0.2834,0.636,-0.8995,0.3806,-0.6187,0.2992,0.4969,0.6405,-0.9107,0.0,0.0,0.0,0.0,0.0,0.0,0.0,0.0,0.0,
2.08,run,-1.15,3.47,1.46,0.28,-4.71,0.0,0.0,0.0,0.117,4.75,-27.33,46.76,-4.22,7.29,-3.52,15.82,-64.42,68.82,9.67,9.76,-10.55,13.36,-58.54,66.71,17.49,10.02,-12.66,4.99,-24.27,42.83,-2.55,9.22,-6.58,16.07,-64.75,76.95,8.83,11.12,-12.97,13.85,-59.52,73.4,17.73,10.25,-11.19,0.1426,0.0132,-0.2616,-0.0728,0.6221,-0.8421,0.4592,-0.7228,0.3558,0.2522,0.6568,-0.9173,0.3956,-0.6276,0.3323,0.5065,0.6409,-0.8964,0.0,0.013,0.006,0.013,0.0,0.019,0.006,0.013,0.026,0.0,0.0,0.019,0.0,0.039,0.013,0.006,0.006,0.006,0.0828,-0.5016,0.8299,-0.0798,0.1135,-0.046,0.273,-1.1167,1.1689,0.1887,0.1488,-0.1718,0.2286,-1.0155,1.1413,0.3007,0.1657,-0.2332,0.0832,0.1621,-0.1785,0.1016,0.2046,-0.2346,0.0287,-0.2458,0.3061,-0.0557,0.1635,-0.2506,0.0842,-0.1794,0.3164,0.0271,0.0054,0.0802,-0.0283,-0.0611,0.0109,0.0099,-0.0249,0.1387,-0.0087,-0.2432,-0.0929,0.6091,-0.8287,0.4618,-0.7225,0.3451,0.2671,0.6476,-0.9079,0.3873,-0.6207,0.3165,0.5012,0.6411,-0.9023,0.0,0.0,0.0,0.0,0.0,0.0,0.0,0.0,0.0,
2.12,run,-1.16,3.45,-0.27,-0.47,-1.23,0.0,0.0,0.0,0.117,4.92,-26.37,45.62,-3.6,8.0,-4.66,15.82,-64.6,70.22,9.05,10.46,-11.51,13.62,-58.89,68.2,17.49,10.11,-12.04,5.16,-23.19,41.56,-1.91,9.72,-7.64,16.01,-64.9,78.45,8.27,11.52,-13.55,14.16,-60.08,74.9,17.9,10.35,-10.82,0.1474,0.0329,-0.2758,-0.0546,0.6313,-0.8546,0.4575,-0.7255,0.366,0.2364,0.6641,-0.9241,0.4045,-0.6378,0.3441,0.5114,0.6426,-0.892,0.013,0.0,0.013,0.006,0.006,0.019,0.006,0.006,0.026,0.006,0.0,0.013,0.006,0.026,0.006,0.006,0.006,0.006,0.0813,-0.4863,0.813,-0.069,0.1289,-0.0644,0.273,-1.1259,1.1934,0.1825,0.1595,-0.1887,0.2347,-1.0247,1.1643,0.3053,0.1657,-0.2255,0.0526,0.1707,-0.1879,0.1112,0.2005,-0.2329,0.0201,-0.2064,0.3058,-0.0619,0.1545,-0.2384,0.0819,-0.16,0.3073,0.0361,0.0038,0.0848,-0.0218,-0.0594,0.0255,0.0049,-0.0823,0.1426,0.0132,-0.2616,-0.0728,0.6221,-0.8421,0.4592,-0.7228,0.3558,0.2522,0.6568,-0.9173,0.3956,-0.6276,0.3323,0.5065,0.6409,-0.8964,0.0,0.0,0.0,0.0,0.0,0.0,0.0,0.0,0.0,
2.16,run,-1.08,3.52,1.56,1.38,-4.8,0.0,0.0,0.0,0.117,5.36,-25.14,44.21,-2.9,8.88,-5.98,15.82,-64.69,71.98,8.44,11.07,-12.57,13.97,-59.41,69.96,17.84,10.2,-11.43,5.33,-22.05,40.06,-1.18,10.31,-8.27,15.99,-64.48,79.95,7.57,12.0,-14.09,14.33,-59.94,76.4,17.99,10.33,-9.83,0.1522,0.0537,-0.2941,-0.0336,0.642,-0.862,0.4567,-0.7179,0.3736,0.2162,0.6727,-0.9304,0.4094,-0.6353,0.3569,0.514,0.6424,-0.8803,0.013,0.0,0.013,0.006,0.006,0.019,0.006,0.006,0.026,0.006,0.0,0.013,0.006,0.026,0.006,0.006,0.006,0.006,0.0844,-0.4694,0.7931,-0.0583,0.1411,-0.0844,0.273,-1.129,1.218,0.1718,0.1718,-0.2056,0.2393,-1.0308,1.1904,0.3053,0.1672,-0.2148,0.0483,0.1828,-0.2063,0.1181,0.1864,-0.2379,0.0141,-0.156,0.3062,-0.0836,0.1542,-0.2302,0.0746,-0.135,0.313,0.0253,0.0084,0.0996,-0.0221,-0.0608,-0.0047,-0.0082,-0.0215,0.1474,0.0329,-0.2758,-0.0546,0.6313,-0.8546,0.4575,-0.7255,0.366,0.2364,0.6641,-0.9241,0.4045,-0.6378,0.3441,0.5114,0.6426,-0.892,0.0,0.0,0.0,0.0,0.0,0.0,0.0,0.0,0.0,
2.2,run,-1.05,3.52,-0.11,-0.04,-1.95,0.0,0.0,0.0,0.117,5.01,-24.26,43.15,-2.29,9.4,-6.94,15.82,-64.69,73.39,8.26,11.51,-13.18,14.06,-59.68,71.37,17.84,10.2,-11.07,5.46,-20.55,38.56,-0.35,10.94,-9.52,15.81,-64.4,81.45,6.87,12.44,-14.64,14.63,-60.38,77.9,18.17,10.4,-9.28,0.1559,0.0817,-0.315,-0.0099,0.6535,-0.8767,0.4516,-0.7163,0.3823,0.1964,0.6808,-0.9369,0.4179,-0.6433,0.3689,0.5191,0.6436,-0.8738,0.013,0.0,0.013,0.006,0.006,0.019,0.006,0.006,0.026,0.006,0.0,0.013,0.006,0.026,0.006,0.006,0.006,0.006,0.092,-0.4479,0.7685,-0.046,0.1565,-0.1074,0.273,-1.1305,1.2487,0.1611,0.1825,-0.224,0.2454,-1.04,1.221,0.3114,0.1687,-0.204,0.0579,0.1955,-0.2216,0.1213,0.1787,-0.2388,0.0098,-0.114,0.3108,-0.0923,0.1417,-0.219,0.0715,-0.1234,0.3155,0.037,0.0107,0.1035,-0.0157,-0.0552,0.0272,0.0241,-0.0838,0.1522,0.0537,-0.2941,-0.0336,0.642,-0.862,0.4567,-0.7179,0.3736,0.2162,0.6727,-0.9304,0.4094,-0.6353,0.3569,0.514,0.6424,-0.8803,0.0,0.0,0.0,0.0,0.0,0.0,0.0,0.0,0.0,
2.24,run,-1.07,3.5,-0.06,-0.24,-1.06,0.0,0.0,0.0,0.117,5.54,-23.29,41.92,-1.76,10.02,-7.82,15.82,-64.51,74.79,7.47,11.95,-13.89,14.41,-59.77,72.69,18.11,10.2,-10.55,5.61,-19.48,37.06,0.34,11.34,-10.16,15.82,-63.89,82.95,6.2,12.79,-15.01,14.79,-60.2,79.4,18.2,10.4,-8.4,0.1604,0.1004,-0.3327,0.0096,0.6606,-0.8843,0.4519,-0.7071,0.3879,0.177,0.6872,-0.9413,0.4226,-0.6401,0.3778,0.5201,0.6436,-0.8636,0.0,0.006,0.013,0.019,0.006,0.013,0.0,0.006,0.019,0.006,0.0,0.019,0.006,0.019,0.006,0.006,0.006,0.013,0.0859,-0.4326,0.7501,-0.0353,0.1657,-0.1243,0.273,-1.1305,1.2732,0.158,0.1902,-0.2347,0.247,-1.0446,1.2456,0.3114,0.1687,-0.1979,0.0177,0.1939,-0.2236,0.1248,0.1593,-0.23,0.0069,-0.0798,0.3088,-0.076,0.1277,-0.1932,0.0557,-0.1035,0.3122,0.0259,0.0075,0.0953,-0.0129,-0.0552,-0.002,-0.0007,-0.0341,0.1559,0.0817,-0.315,-0.0099,0.6535,-0.8767,0.4516,-0.7163,0.3823,0.1964,0.6808,-0.9369,0.4179,-0.6433,0.3689,0.5191,0.6436,-0.8738,0.0,0.0,0.0,0.0,0.0,0.0,0.0,0.0,0.0,
2.28,run,-1.01,3.51,0.7,0.82,-4.87,0.0,0.0,0.0,0.117,5.27,-22.15,40.69,-0.97,10.63,-8.88,15.82,-64.25,76.2,6.77,12.48,-14.5,14.59,-59.94,74.18,18.11,10.2,-9.93,5.72,-18.16,35.56,1.09,11.77,-10.78,15.68,-63.32,84.45,5.54,13.2,-15.43,14.94,-59.96,80.9,18.31,10.36,-7.48,0.1635,0.1244,-0.3542,0.0312,0.6685,-0.8915,0.4479,-0.6968,0.3915,0.1582,0.6946,-0.9463,0.4269,-0.6356,0.3868,0.523,0.6429,-0.8527,0.0,0.006,0.013,0.019,0.006,0.013,0.0,0.006,0.019,0.006,0.0,0.019,0.006,0.019,0.006,0.006,0.006,0.013,0.0951,-0.4157,0.7286,-0.0261,0.1764,-0.1396,0.273,-1.1275,1.2977,0.1442,0.1979,-0.247,0.2531,-1.0462,1.2686,0.316,0.1687,-0.1887,0.0471,0.1993,-0.2375,0.1221,0.152,-0.2188,0.0048,-0.0443,0.3087,-0.1053,0.1183,-0.1815,0.0622,-0.0782,0.3053,0.0355,0.0052,0.1014,-0.0143,-0.0565,-0.0011,-0.0042,-0.0185,0.1604,0.1004,-0.3327,0.0096,0.6606,-0.8843,0.4519,-0.7071,0.3879,0.177,0.6872,-0.9413,0.4226,-0.6401,0.3778,0.5201,0.6436,-0.8636,0.0,0.0,0.0,0.0,0.0,0.0,0.0,0.0,0.0,
2.32,run,-1.02,3.53,-0.14,-0.04,-1.47,0.0,0.0,0.0,0.117,5.62,-21.01,39.38,-0.35,11.16,-9.67,15.82,-63.81,77.61,6.15,12.83,-15.03,14.68,-59.94,75.59,18.19,10.2,-9.14,5.85,-16.86,34.06,1.79,12.2,-11.66,15.49,-63.09,85.95,4.91,13.47,-15.85,15.15,-60.28,82.4,18.41,10.43,-6.93,0.1671,0.1479,-0.3721,0.051,0.6763,-0.9018,0.4426,-0.6926,0.3978,0.1401,0.6995,-0.9512,0.4329,-0.6415,0.3921,0.5261,0.6442,-0.8463,0.0,0.006,0.013,0.019,0.006,0.013,0.0,0.006,0.019,0.006,0.0,0.019,0.006,0.019,0.006,0.006,0.006,0.013,0.0905,-0.3958,0.7072,-0.0123,0.1871,-0.158,0.273,-1.1229,1.3223,0.1319,0.2071,-0.2577,0.2562,-1.0492,1.2947,0.316,0.1687,-0.1779,0.0158,0.2138,-0.2462,0.1369,0.1464,-0.2217,0.0034,-0.0139,0.3075,-0.1194,0.1171,-0.167,0.0549,-0.0662,0.3108,0.0248,0.0037,0.1109,-0.0091,-0.0555,0.0123,0.0143,-0.085,0.1635,0.1244,-0.3542,0.0312,0.6685,-0.8915,0.4479,-0.6968,0.3915,0.1582,0.6946,-0.9463,0.4269,-0.6356,0.3868,0.523,0.6429,-0.8527,0.0,0.0,0.0,0.0,0.0,0.0,0.0,0.0,0.0,
2.36,run,-0.98,3.53,0.89,0.29,-1.91,0.0,0.0,0.0,0.117,5.98,-19.78,37.97,0.35,11.69,-10.55,15.82,-63.46,79.01,5.62,13.18,-15.47,14.77,-59.85,77.08,18.28,10.28,-8.26,5.96,-15.49,32.56,2.61,12.61,-12.05,15.33,-62.17,87.45,4.19,13.82,-16.11,15.22,-59.74,83.9,18.41,10.31,-5.65,0.1704,0.1728,-0.3963,0.0745,0.6838,-0.9065,0.4379,-0.6759,0.3995,0.1196,0.7059,-0.9543,0.4348,-0.6316,0.3995,0.526,0.6419,-0.8312,0.0,0.006,0.013,0.013,0.0,0.006,0.006,0.006,0.026,0.006,0.0,0.006,0.019,0.006,0.006,0.0,0.0,0.006,0.0966,-0.3758,0.6842,-0.0015,0.1963,-0.1718,0.273,-1.1152,1.3468,0.1212,0.2132,-0.2669,0.2577,-1.0492,1.3192,0.3175,0.1687,-0.1641,0.0341,0.2246,-0.2588,0.1361,0.137,-0.2071,0.0024,0.0191,0.3074,-0.1239,0.105,-0.1515,0.0442,-0.0463,0.3097,0.0231,0.0026,0.1295,-0.0105,-0.0542,-0.0025,-0.0007,-0.0257,0.1671,0.1479,-0.3721,0.051,0.6763,-0.9018,0.4426,-0.6926,0.3978,0.1401,0.6995,-0.9512,0.4329,-0.6415,0.3921,0.5261,0.6442,-0.8463,0.0,0.0,0.0,0.0,0.0,0.0,0.0,0.0,0.0,
2.4,run,-0.99,3.53,-0.93,-0.42,-0.18,0.0,0.0,0.0,0.117,5.62,-18.54,36.56,1.14,12.13,-11.34,15.73,-62.75,80.42,4.75,13.54,-15.82,15.12,-59.85,78.49,18.28,10.28,-7.47,6.07,-14.06,31.06,3.41,13.01,-12.6,15.09,-61.42,88.95,3.53,14.11,-16.49,15.32,-59.51,85.4,18.44,10.2,-4.75,0.1734,0.199,-0.4206,0.0975,0.691,-0.913,0.4312,-0.6623,0.4013,0.1009,0.7111,-0.9587,0.4377,-0.6275,0.4046,0.5269,0.6401,-0.8206,0.0,0.006,0.013,0.013,0.0,0.006,0.006,0.006,0.026,0.006,0.0,0.006,0.019,0.006,0.006,0.0,0.0,0.006,0.1028,-0.3543,0.6596,0.0107,0.2056,-0.1871,0.273,-1.1091,1.3714,0.112,0.2194,-0.2746,0.2592,-1.0477,1.3453,0.3191,0.1703,-0.1488,0.0469,0.2378,-0.2732,0.1413,0.1305,-0.2025,0.0017,0.0364,0.3073,-0.1213,0.0965,-0.1348,0.0367,-0.0267,0.3146,0.022,0.0076,0.1482,-0.0067,-0.0538,0.0156,0.0051,-0.0333,0.1704,0.1728,-0.3963,0.0745,0.6838,-0.9065,0.4379,-0.6759,0.3995,0.1196,0.7059,-0.9543,0.4348,-0.6316,0.3995,0.526,0.6419,-0.8312,0.0,0.0,0.0,0.0,0.0,0.0,0.0,0.0,0.0,
2.44,run,-0.98,3.51,0.02,-0.15,0.23,0.0,0.0,0.0,0.117,6.15,-17.31,35.16,1.85,12.39,-11.95,15.38,-62.4,81.83,4.13,13.8,-16.08,15.12,-59.5,79.89,18.28,10.28,-6.59,6.23,-12.58,29.56,4.18,13.39,-12.95,14.89,-60.52,90.45,2.81,14.45,-16.74,15.37,-59.15,86.9,18.45,10.16,-3.55,0.1781,0.2258,-0.4426,0.1194,0.6981,-0.9171,0.4256,-0.6459,0.4042,0.0802,0.7172,-0.9617,0.4391,-0.621,0.4088,0.5271,0.6393,-0.8065,0.0,0.006,0.013,0.013,0.0,0.006,0.006,0.006,0.026,0.006,0.0,0.006,0.019,0.006,0.006,0.0,0.0,0.006,0.0966,-0.3329,0.6351,0.0245,0.2132,-0.201,0.2715,-1.0968,1.3959,0.0966,0.2255,-0.2807,0.2654,-1.0477,1.3698,0.3191,0.1703,-0.135,0.0099,0.2468,-0.2831,0.1506,0.12,-0.1934,-0.0046,0.0714,0.307,-0.1423,0.0905,-0.1173,0.0487,-0.0187,0.3121,0.0154,0.0053,0.1554,-0.0076,-0.0544,-0.0162,-0.0073,-0.0032,0.1734,0.199,-0.4206,0.0975,0.691,-0.913,0.4312,-0.6623,0.4013,0.1009,0.7111,-0.9587,0.4377,-0.6275,0.4046,0.5269,0.6401,-0.8206,0.0,0.0,0.0,0.0,0.0,0.0,0.0,0.0,0.0,
2.48,run,-0.96,3.51,0.28,0.1,-1.46,0.0,0.0,0.0,0.117,6.15,-16.0,33.75,2.64,12.92,-12.57,15.12,-61.44,83.23,3.69,14.15,-16.52,15.29,-59.33,81.39,18.37,10.28,-5.62,6.31,-11.24,28.06,4.94,13.72,-13.31,14.66,-59.58,91.95,2.26,14.65,-17.05,15.44,-58.74,88.4,18.46,9.98,-2.49,0.1803,0.2502,-0.467,0.1411,0.7041,-0.9213,0.4189,-0.6287,0.4051,0.0646,0.721,-0.9653,0.441,-0.6135,0.413,0.5274,0.636,-0.794,0.006,0.006,0.006,0.019,0.0,0.006,0.0,0.006,0.033,0.013,0.0,0.013,0.006,0.0,0.006,0.0,0.0,0.013,0.1058,-0.3114,0.6105,0.0368,0.2178,-0.2117,0.2654,-1.0907,1.4205,0.0859,0.2301,-0.2853,0.2654,-1.0416,1.3944,0.3191,0.1703,-0.1197,0.0415,0.2535,-0.2904,0.1515,0.1013,-0.1757,-0.0263,0.073,0.3071,-0.1399,0.0807,-0.0994,0.0341,0.01,0.3107,0.0108,0.0037,0.1664,-0.0069,-0.0555,0.0003,-0.0026,0.004,0.1781,0.2258,-0.4426,0.1194,0.6981,-0.9171,0.4256,-0.6459,0.4042,0.0802,0.7172,-0.9617,0.4391,-0.621,0.4088,0.5271,0.6393,-0.8065,0.0,0.0,0.0,0.0,0.0,0.0,0.0,0.0,0.0,
2.52,run,-1.0,3.54,-0.53,0.05,-0.73,0.0,0.0,0.0,0.117,6.15,-14.77,32.43,3.43,13.27,-13.01,14.94,-60.64,84.64,2.72,14.5,-16.88,15.29,-58.97,82.79,18.37,10.28,-4.66,6.45,-9.74,26.56,5.67,14.03,-13.67,14.33,-58.79,93.45,1.69,14.82,-17.23,15.5,-58.68,89.9,18.43,9.81,-1.61,0.1842,0.2775,-0.4899,0.162,0.7097,-0.9256,0.4094,-0.6144,0.4061,0.0484,0.7241,-0.9674,0.4427,-0.6123,0.4154,0.5266,0.633,-0.7836,0.006,0.006,0.006,0.019,0.0,0.006,0.0,0.006,0.033,0.013,0.0,0.013,0.006,0.0,0.006,0.0,0.0,0.013,0.1058,-0.2884,0.586,0.0506,0.227,-0.2224,0.2608,-1.0738,1.445,0.0782,0.2362,-0.293,0.2684,-1.0385,1.4205,0.3206,0.1703,-0.1028,0.029,0.2633,-0.2949,0.1576,0.1053,-0.1631,-0.0356,0.1141,0.3066,-0.1266,0.0794,-0.0982,0.0353,0.0184,0.3148,0.0133,0.0026,0.1795,-0.0047,-0.0554,0.0048,0.0017,-0.0255,0.1803,0.2502,-0.467,0.1411,0.7041,-0.9213,0.4189,-0.6287,0.4051,0.0646,0.721,-0.9653,0.441,-0.6135,0.413,0.5274,0.636,-0.794,0.0,0.0,0.0,0.0,0.0,0.0,0.0,0.0,0.0,
2.56,run,-0.96,3.53,0.37,-0.05,-0.12,0.0,0.0,0.0,0.117,6.5,-13.45,30.94,4.13,13.62,-13.27,14.77,-59.85,86.04,2.29,14.68,-17.05,15.29,-58.71,84.2,18.37,10.2,-3.69,6.55,-8.35,25.06,6.36,14.35,-13.8,14.04,-57.77,94.95,1.15,15.02,-17.29,15.51,-58.26,91.4,18.38,9.63,-0.38,0.1871,0.3028,-0.5116,0.1816,0.7155,-0.9271,0.4011,-0.5959,0.4076,0.0329,0.7277,-0.9681,0.4431,-0.6046,0.4179,0.5252,0.6296,-0.7692,0.006,0.006,0.006,0.019,0.0,0.006,0.0,0.006,0.033,0.013,0.0,0.013,0.006,0.0,0.006,0.0,0.0,0.013,0.1058,-0.2669,0.563,0.0644,0.2332,-0.2301,0.2577,-1.06,1.4696,0.0614,0.2424,-0.2991,0.2684,-1.0324,1.445,0.3206,0.1703,-0.0859,0.0203,0.2656,-0.2935,0.1626,0.0969,-0.1432,-0.0365,0.1322,0.3075,-0.1525,0.0788,-0.092,0.0247,0.0361,0.3133,0.0093,0.0018,0.1895,-0.0085,-0.0528,-0.0092,0.0009,-0.0127,0.1842,0.2775,-0.4899,0.162,0.7097,-0.9256,0.4094,-0.6144,0.4061,0.0484,0.7241,-0.9674,0.4427,-0.6123,0.4154,0.5266,0.633,-0.7836,0.0,0.0,0.0,0.0,0.0,0.0,0.0,0.0,0.0,
2.6,run,-0.95,3.52,-0.35,-0.1,-1.26,0.0,0.0,0.0,0.117,6.42,-12.04,29.53,4.92,13.97,-13.8,14.41,-58.97,87.45,1.85,14.94,-17.23,15.29,-58.54,85.61,18.37,10.02,-2.64,6.63,-7.05,23.56,7.05,14.55,-13.95,13.73,-56.68,96.45,0.73,15.13,-17.42,15.51,-57.83,92.9,18.31,9.3,0.58,0.1893,0.3264,-0.5358,0.2013,0.7191,-0.9288,0.3924,-0.5761,0.4056,0.0208,0.7297,-0.9697,0.4431,-0.597,0.4204,0.5231,0.6236,-0.7579,0.006,0.006,0.019,0.013,0.006,0.0,0.006,0.0,0.019,0.006,0.0,0.006,0.006,0.006,0.006,0.0,0.013,0.013,0.112,-0.2439,0.5369,0.0767,0.2393,-0.2347,0.2546,-1.0462,1.4941,0.0537,0.2454,-0.3022,0.2684,-1.0278,1.4696,0.3206,0.1687,-0.069,0.0371,0.2716,-0.3026,0.1595,0.0907,-0.1174,-0.037,0.1439,0.3067,-0.1353,0.0666,-0.0758,0.0173,0.0424,0.3107,0.0065,-0.0044,0.1955,-0.0052,-0.0541,0.0065,-0.0009,-0.0021,0.1871,0.3028,-0.5116,0.1816,0.7155,-0.9271,0.4011,-0.5959,0.4076,0.0329,0.7277,-0.9681,0.4431,-0.6046,0.4179,0.5252,0.6296,-0.7692,0.0,0.0,0.0,0.0,0.0,0.0,0.0,0.0,0.0,
2.64,run,-0.94,3.53,0.3,0.22,-0.29,0.0,0.0,0.0,0.117,6.42,-10.72,28.12,5.62,14.33,-13.8,14.06,-58.1,88.86,0.88,14.94,-17.31,15.29,-58.1,87.01,18.37,9.84,-1.58,6.72,-5.8,22.06,7.64,14.72,-14.1,13.43,-55.81,97.95,0.33,15.15,-17.47,15.52,-57.65,94.4,18.21,9.02,1.43,0.1919,0.3492,-0.5556,0.2184,0.7222,-0.9306,0.3837,-0.5601,0.4064,0.0093,0.7301,-0.9703,0.4433,-0.5936,0.4206,0.5204,0.6185,-0.7478,0.006,0.006,0.019,0.013,0.006,0.0,0.006,0.0,0.019,0.006,0.0,0.006,0.006,0.006,0.006,0.0,0.013,0.013,0.1104,-0.2194,0.5123,0.0905,0.2454,-0.2439,0.2485,-1.0308,1.5186,0.046,0.25,-0.3053,0.2684,-1.0247,1.4941,0.3206,0.1657,-0.0506,0.0202,0.2822,-0.3039,0.1634,0.0865,-0.1167,-0.0489,0.1583,0.3067,-0.1235,0.0639,-0.0646,0.0121,0.0412,0.3096,0.0045,-0.0146,0.2059,-0.004,-0.0549,-0.0061,-0.0018,-0.0221,0.1893,0.3264,-0.5358,0.2013,0.7191,-0.9288,0.3924,-0.5761,0.4056,0.0208,0.7297,-0.9697,0.4431,-0.597,0.4204,0.5231,0.6236,-0.7579,0.0,0.0,0.0,0.0,0.0,0.0,0.0,0.0,0.0,
2.68,run,-0.93,3.55,-0.02,-0.0,0.16,0.0,0.0,0.0,0.117,6.5,-9.05,26.46,6.5,14.5,-13.97,13.8,-56.95,90.53,0.7,15.03,-17.31,15.29,-57.83,88.68,18.28,9.58,-0.53,6.76,-4.62,20.56,8.24,14.84,-14.07,13.12,-54.75,99.24,-0.03,15.17,-17.41,15.51,-57.27,95.9,18.11,8.73,2.31,0.1933,0.3705,-0.5766,0.2354,0.7244,-0.9302,0.3747,-0.5409,0.4028,-0.0007,0.7304,-0.9696,0.4432,-0.5868,0.4204,0.5175,0.6133,-0.7376,0.006,0.006,0.019,0.013,0.006,0.0,0.006,0.0,0.019,0.006,0.0,0.006,0.006,0.006,0.006,0.0,0.013,0.013,0.1104,-0.1963,0.4878,0.1028,0.2516,-0.2439,0.2424,-1.0155,1.5432,0.0291,0.25,-0.3068,0.2684,-1.017,1.5186,0.3206,0.1626,-0.0322,0.0141,0.2837,-0.3047,0.1604,0.0835,-0.0817,-0.0572,0.1683,0.3067,-0.1497,0.0447,-0.051,0.0085,0.0576,0.3086,0.0032,-0.0217,0.2131,-0.0029,-0.0537,0.0052,0.0038,-0.005,0.1919,0.3492,-0.5556,0.2184,0.7222,-0.9306,0.3837,-0.5601,0.4064,0.0093,0.7301,-0.9703,0.4433,-0.5936,0.4206,0.5204,0.6185,-0.7478,0.0,0.0,0.0,0.0,0.0,0.0,0.0,0.0,0.0,
2.72,run,-0.93,3.53,-0.27,-0.39,-1.13,0.0,0.0,0.0,0.117,6.77,-8.0,25.22,7.03,14.68,-13.89,13.45,-56.25,91.76,0.26,15.12,-17.23,15.29,-57.57,89.91,18.02,9.4,0.35,6.8,-3.47,19.06,8.82,14.86,-14.1,12.77,-53.65,99.08,-0.33,15.04,-17.25,15.47,-56.96,97.4,17.93,8.22,3.1,0.1943,0.3914,-0.5974,0.252,0.7248,-0.9306,0.3648,-0.521,0.4009,-0.0095,0.728,-0.9677,0.442,-0.581,0.42,0.5122,0.6039,-0.7283,0.006,0.0,0.019,0.013,0.0,0.006,0.006,0.006,0.026,0.006,0.0,0.0,0.006,0.0,0.006,0.0,0.019,0.006,0.112,-0.1672,0.4587,0.1181,0.2546,-0.247,0.2378,-0.9956,1.5723,0.0261,0.2516,-0.3068,0.2684,-1.0124,1.5478,0.3191,0.158,-0.0138,0.0149,0.2933,-0.308,0.1621,0.0684,-0.0671,-0.055,0.1826,0.3094,-0.1147,0.0363,-0.0357,0.0059,0.0553,0.3108,-0.0028,-0.0302,0.209,-0.0021,-0.0524,-0.0004,-0.0001,0.0028,0.1933,0.3705,-0.5766,0.2354,0.7244,-0.9302,0.3747,-0.5409,0.4028,-0.0007,0.7304,-0.9696,0.4432,-0.5868,0.4204,0.5175,0.6133,-0.7376,0.0,0.0,0.0,0.0,0.0,0.0,0.0,0.0,0.0,
2.76,run,-0.87,3.55,0.57,0.55,-0.07,0.0,0.0,0.0,0.117,6.68,-6.42,23.55,7.82,14.77,-13.89,13.1,-55.02,93.34,-0.18,15.12,-17.14,15.29,-57.13,91.58,17.93,9.05,1.49,6.78,-2.68,17.56,9.24,14.74,-14.04,12.52,-52.89,98.86,-0.49,14.84,-17.15,15.47,-56.77,98.9,17.82,7.78,3.62,0.1938,0.4057,-0.6118,0.2639,0.7226,-0.9299,0.3576,-0.5071,0.3984,-0.0139,0.7243,-0.9665,0.4419,-0.5776,0.4191,0.5091,0.5959,-0.7221,0.006,0.0,0.019,0.013,0.0,0.006,0.006,0.006,0.026,0.006,0.0,0.0,0.006,0.0,0.006,0.0,0.019,0.006,0.1166,-0.1488,0.4372,0.1273,0.2577,-0.2454,0.2316,-0.9833,1.5938,0.0184,0.2531,-0.3053,0.2684,-1.0078,1.5693,0.3145,0.1549,0.0015,0.0308,0.287,-0.3109,0.1543,0.0615,-0.0402,-0.0657,0.1823,0.3119,-0.1143,0.0322,-0.0182,0.0042,0.0591,0.3128,-0.0223,-0.0347,0.2144,-0.0024,-0.0544,-0.0047,-0.0067,-0.0198,0.1943,0.3914,-0.5974,0.252,0.7248,-0.9306,0.3648,-0.521,0.4009,-0.0095,0.728,-0.9677,0.442,-0.581,0.42,0.5122,0.6039,-0.7283,0.0,0.0,0.0,0.0,0.0,0.0,0.0,0.0,0.0,
2.8,run,-0.87,3.52,-0.31,-0.29,-0.81,0.0,0.0,0.0,0.117,6.68,-5.27,22.15,8.26,14.77,-13.89,12.83,-54.14,94.83,-0.44,15.12,-17.14,15.29,-57.04,93.08,17.93,8.79,2.29,6.76,-1.78,16.06,9.7,14.65,-13.85,12.17,-51.87,98.39,-0.68,14.57,-16.75,15.43,-56.51,100.36,17.58,7.25,4.07,0.193,0.4222,-0.6297,0.2771,0.7208,-0.9277,0.3476,-0.4886,0.3928,-0.0195,0.7194,-0.9617,0.4408,-0.5729,0.416,0.5021,0.5864,-0.7168,0.006,0.0,0.019,0.013,0.0,0.006,0.006,0.006,0.026,0.006,0.0,0.0,0.006,0.0,0.006,0.0,0.019,0.006,0.115,-0.1212,0.408,0.1411,0.2592,-0.2454,0.2255,-0.9618,1.6214,0.0107,0.2531,-0.3037,0.2684,-1.0002,1.5984,0.3129,0.1488,0.0215,0.0168,0.2865,-0.308,0.1508,0.0478,-0.0281,-0.065,0.1942,0.3039,-0.1038,0.0225,-0.008,0.0029,0.0652,0.3093,-0.0204,-0.0433,0.2119,0.0028,-0.0524,0.01,0.0095,-0.0012,0.1938,0.4057,-0.6118,0.2639,0.7226,-0.9299,0.3576,-0.5071,0.3984,-0.0139,0.7243,-0.9665,0.4419,-0.5776,0.4191,0.5091,0.5959,-0.7221,0.0,0.0,0.0,0.0,0.0,0.0,0.0,0.0,0.0,
2.84,run,-0.84,3.54,0.46,0.36,-0.82,0.0,0.0,0.0,0.117,6.68,-4.13,20.74,8.79,14.77,-13.71,12.57,-53.26,96.06,-0.62,15.12,-16.96,15.29,-56.69,94.48,17.67,8.35,2.99,6.72,-0.98,14.56,10.11,14.48,-13.86,11.95,-51.13,98.14,-0.85,14.34,-16.48,15.41,-56.41,100.17,17.38,6.72,4.55,0.192,0.4367,-0.6432,0.2887,0.7179,-0.9278,0.3414,-0.4751,0.3899,-0.0244,0.7153,-0.9586,0.4404,-0.5711,0.4138,0.4965,0.5767,-0.7112,0.0,0.006,0.019,0.006,0.006,0.006,0.006,0.006,0.013,0.013,0.013,0.0,0.006,0.006,0.006,0.013,0.019,0.006,0.115,-0.1012,0.3835,0.1488,0.2592,-0.2454,0.2209,-0.9465,1.6475,0.0061,0.2531,-0.3037,0.2684,-0.9986,1.6245,0.3129,0.1442,0.0353,0.0118,0.2746,-0.3067,0.134,0.0335,-0.0197,-0.0626,0.1928,0.3095,-0.0898,0.0158,-0.0056,0.002,0.0513,0.3133,-0.0143,-0.0474,0.1995,0.0027,-0.0551,-0.0055,-0.0051,-0.0141,0.193,0.4222,-0.6297,0.2771,0.7208,-0.9277,0.3476,-0.4886,0.3928,-0.0195,0.7194,-0.9617,0.4408,-0.5729,0.416,0.5021,0.5864,-0.7168,0.0,0.0,0.0,0.0,0.0,0.0,0.0,0.0,0.0,
2.88,run,-0.85,3.54,-0.31,-0.29,0.42,0.0,0.0,0.0,0.117,6.68,-3.08,19.25,9.32,14.77,-13.71,12.22,-52.29,97.03,-0.79,15.12,-16.61,15.29,-56.6,95.89,17.23,7.82,3.69,6.64,-0.47,13.06,10.38,14.26,-13.82,11.69,-50.43,97.66,-0.9,13.98,-16.12,15.4,-56.29,99.91,17.17,6.15,4.67,0.1897,0.4459,-0.655,0.2965,0.7139,-0.9273,0.3341,-0.4623,0.3842,-0.0258,0.7088,-0.9544,0.44,-0.569,0.4107,0.4906,0.5663,-0.7098,0.0,0.006,0.019,0.006,0.006,0.006,0.006,0.006,0.013,0.013,0.013,0.0,0.006,0.006,0.006,0.013,0.019,0.006,0.115,-0.0813,0.359,0.158,0.2592,-0.2424,0.2163,-0.9311,1.669,0.0031,0.2531,-0.3007,0.2684,-0.9925,1.649,0.3083,0.1365,0.0476,0.0082,0.267,-0.3068,0.1284,0.0234,-0.0023,-0.0611,0.1926,0.2972,-0.0743,0.011,0.0076,0.0014,0.0589,0.3114,-0.0273,-0.062,0.1857,0.0053,-0.0529,0.008,0.0063,-0.0143,0.192,0.4367,-0.6432,0.2887,0.7179,-0.9278,0.3414,-0.4751,0.3899,-0.0244,0.7153,-0.9586,0.4404,-0.5711,0.4138,0.4965,0.5767,-0.7112,0.0,0.0,0.0,0.0,0.0,0.0,0.0,0.0,0.0,
2.92,run,-0.83,3.55,0.32,0.29,-0.62,0.0,0.0,0.0,0.117,6.68,-2.02,17.84,9.67,14.77,-13.8,12.04,-51.5,97.82,-0.79,14.85,-16.52,15.29,-56.51,97.29,17.23,7.38,4.13,6.57,0.04,11.56,10.66,14.01,-13.71,11.48,-49.66,97.35,-0.95,13.6,-15.7,15.36,-56.13,99.68,16.92,5.49,5.02,0.1876,0.4552,-0.6659,0.3047,0.7094,-0.926,0.3281,-0.4483,0.3806,-0.0272,0.7018,-0.9494,0.4389,-0.5659,0.408,0.4836,0.5544,-0.7057,0.0,0.006,0.019,0.006,0.006,0.006,0.006,0.006,0.013,0.013,0.013,0.0,0.006,0.006,0.006,0.013,0.019,0.006,0.115,-0.0629,0.3329,0.1672,0.2592,-0.2424,0.2102,-0.9143,1.6858,0.0,0.2531,-0.2945,0.2684,-0.991,1.6736,0.3007,0.1273,0.0598,0.0058,0.2557,-0.3122,0.1242,0.0164,-0.0016,-0.0657,0.1978,0.2711,-0.0635,0.0077,0.0283,0.001,0.047,0.3097,-0.0477,-0.0778,0.1759,0.0043,-0.0532,-0.0055,-0.005,0.0074,0.1897,0.4459,-0.655,0.2965,0.7139,-0.9273,0.3341,-0.4623,0.3842,-0.0258,0.7088,-0.9544,0.44,-0.569,0.4107,0.4906,0.5663,-0.7098,0.0,0.0,0.0,0.0,0.0,0.0,0.0,0.0,0.0,
2.96,run,-0.82,3.55,-0.04,-0.06,0.03,0.0,0.0,0.0,0.117,6.59,-1.23,16.52,10.11,14.77,-13.71,11.78,-50.71,98.17,-0.97,14.5,-15.91,15.29,-56.25,98.44,17.23,6.77,4.57,6.46,0.5,10.06,10.87,13.73,-13.77,11.28,-49.13,96.79,-0.97,13.23,-15.32,15.37,-56.15,99.28,16.7,4.91,4.98,0.1847,0.4637,-0.6749,0.3105,0.7042,-0.9267,0.3222,-0.4387,0.374,-0.0278,0.695,-0.945,0.4392,-0.5663,0.4033,0.4772,0.5439,-0.7061,0.006,0.0,0.013,0.006,0.019,0.0,0.0,0.006,0.006,0.0,0.026,0.006,0.0,0.0,0.006,0.006,0.033,0.0,0.115,-0.0445,0.3083,0.1733,0.2592,-0.2439,0.2071,-0.9004,1.6997,0.0,0.2485,-0.293,0.2684,-0.9894,1.6981,0.3007,0.1197,0.0675,0.004,0.2484,-0.311,0.1101,0.0115,-0.0069,-0.0575,0.1905,0.2418,-0.0444,-0.0119,0.0256,0.0007,0.0387,0.3093,-0.0334,-0.0834,0.152,0.0064,-0.0523,0.0056,0.005,-0.0109,0.1876,0.4552,-0.6659,0.3047,0.7094,-0.926,0.3281,-0.4483,0.3806,-0.0272,0.7018,-0.9494,0.4389,-0.5659,0.408,0.4836,0.5544,-0.7057,0.0,0.0,0.0,0.0,0.0,0.0,0.0,0.0,0.0,
3.0,run,-0.85,3.54,-0.82,-0.18,1.01,0.0,0.0,0.0,0.117,6.5,-0.44,15.03,10.28,14.33,-13.71,11.51,-49.92,98.17,-0.97,14.15,-15.56,15.29,-56.34,99.14,16.61,6.15,4.83,6.35,0.82,8.56,11.08,13.4,-13.67,11.12,-48.53,96.21,-1.01,12.9,-14.99,15.41,-56.02,98.86,16.49,4.33,5.07,0.1816,0.4694,-0.6838,0.3165,0.6982,-0.9255,0.3176,-0.4277,0.3671,-0.029,0.689,-0.9411,0.4403,-0.564,0.3984,0.4711,0.5332,-0.705,0.006,0.0,0.013,0.006,0.019,0.0,0.0,0.006,0.006,0.0,0.026,0.006,0.0,0.0,0.006,0.006,0.033,0.0,0.1135,-0.0307,0.2853,0.181,0.2592,-0.2424,0.2025,-0.8866,1.7058,-0.0031,0.2424,-0.2823,0.2684,-0.9848,1.7181,0.3007,0.1089,0.0752,-0.0029,0.2256,-0.304,0.1058,0.008,0.0009,-0.0575,0.1851,0.1923,-0.0426,-0.0314,0.0581,0.0005,0.0443,0.2913,-0.0234,-0.0986,0.1352,0.007,-0.0526,-0.0007,-0.001,0.0004,0.1847,0.4637,-0.6749,0.3105,0.7042,-0.9267,0.3222,-0.4387,0.374,-0.0278,0.695,-0.945,0.4392,-0.5663,0.4033,0.4772,0.5439,-0.7061,0.0,0.0,0.0,0.0,0.0,0.0,0.0,0.0,0.0,
3.04,run,-0.84,3.55,0.28,-0.05,-1.14,0.0,0.0,0.0,0.117,6.5,0.18,13.62,10.63,14.15,-13.71,11.34,-49.31,98.0,-0.97,13.8,-15.29,15.29,-56.16,99.76,16.52,5.62,4.92,6.27,1.1,7.06,11.18,13.11,-13.68,11.02,-47.86,95.88,-0.96,12.56,-14.5,15.38,-55.83,98.59,16.3,3.76,5.46,0.1791,0.4745,-0.6887,0.3195,0.6928,-0.9256,0.3149,-0.4157,0.3633,-0.0275,0.6828,-0.9353,0.4396,-0.5605,0.3952,0.4656,0.5229,-0.7005,0.006,0.0,0.013,0.006,0.019,0.0,0.0,0.006,0.006,0.0,0.026,0.006,0.0,0.0,0.006,0.006,0.033,0.0,0.112,-0.0169,0.2592,0.1841,0.2516,-0.2424,0.1979,-0.8728,1.7058,-0.0031,0.2362,-0.2761,0.2684,-0.9863,1.7303,0.2899,0.0982,0.0798,-0.0078,0.2097,-0.3105,0.0856,-0.0231,0.0006,-0.0575,0.1813,0.1346,-0.0298,-0.0449,0.0637,0.0003,0.0253,0.2499,-0.0566,-0.1092,0.1119,0.0048,-0.0532,-0.0142,-0.0031,0.0176,0.1816,0.4694,-0.6838,0.3165,0.6982,-0.9255,0.3176,-0.4277,0.3671,-0.029,0.689,-0.9411,0.4403,-0.564,0.3984,0.4711,0.5332,-0.705,0.0,0.0,0.0,0.0,0.0,0.0,0.0,0.0,0.0,
3.08,run,-0.84,3.54,-0.36,0.0,0.18,0.0,0.0,0.0,0.117,6.24,0.62,12.13,10.72,13.8,-13.71,11.25,-48.6,97.47,-0.97,13.45,-14.85,15.29,-55.99,99.67,16.52,5.01,5.1,6.13,1.23,6.1,11.22,12.77,-13.79,10.89,-47.63,95.21,-0.92,12.23,-14.29,15.44,-55.9,98.09,16.17,3.28,5.24,0.175,0.4768,-0.693,0.3206,0.6867,-0.9269,0.3111,-0.4114,0.3554,-0.0263,0.6769,-0.9329,0.4412,-0.5618,0.3893,0.4619,0.5142,-0.703,0.0,0.0,0.019,0.006,0.013,0.0,0.006,0.006,0.006,0.0,0.019,0.0,0.006,0.0,0.006,0.006,0.019,0.0,0.112,-0.0061,0.2347,0.1902,0.2485,-0.2424,0.1948,-0.8621,1.7027,-0.0031,0.2301,-0.2715,0.2684,-0.9833,1.7411,0.2884,0.089,0.0813,-0.0055,0.1871,-0.3095,0.0829,-0.0277,0.0005,-0.0518,0.1672,0.0827,-0.0209,-0.0545,0.0619,0.0002,0.0292,0.2152,-0.0454,-0.111,0.0841,0.0061,-0.0526,0.0049,-0.0009,-0.0199,0.1791,0.4745,-0.6887,0.3195,0.6928,-0.9256,0.3149,-0.4157,0.3633,-0.0275,0.6828,-0.9353,0.4396,-0.5605,0.3952,0.4656,0.5229,-0.7005,0.0,0.0,0.0,0.0,0.0,0.0,0.0,0.0,0.0,
3.12,run,-0.8,3.54,0.1,-0.04,0.24,0.0,0.0,0.0,0.117,6.33,0.97,10.81,10.81,13.45,-13.71,11.07,-48.08,97.03,-0.97,13.1,-14.41,15.29,-56.07,99.58,16.08,4.39,5.19,6.05,1.28,5.79,11.27,12.48,-13.59,10.81,-47.13,94.64,-0.94,12.05,-13.98,15.45,-55.66,97.61,15.98,2.87,5.42,0.1729,0.4777,-0.6966,0.3221,0.6815,-0.9246,0.3089,-0.4024,0.3487,-0.0267,0.6736,-0.9291,0.4415,-0.5575,0.3837,0.4565,0.5067,-0.7009,0.0,0.0,0.019,0.006,0.013,0.0,0.006,0.006,0.006,0.0,0.019,0.0,0.006,0.0,0.006,0.006,0.019,0.0,0.1074,0.0015,0.2086,0.1917,0.2424,-0.2424,0.1933,-0.8498,1.6935,-0.0031,0.224,-0.2638,0.2684,-0.9802,1.7395,0.2884,0.0782,0.0844,-0.021,0.1596,-0.3139,0.0638,-0.0423,0.0003,-0.042,0.1628,0.0236,-0.0146,-0.061,0.0719,0.0002,0.0319,0.1449,-0.0318,-0.1178,0.0703,0.0058,-0.0529,-0.0063,0.0001,0.0031,0.175,0.4768,-0.693,0.3206,0.6867,-0.9269,0.3111,-0.4114,0.3554,-0.0263,0.6769,-0.9329,0.4412,-0.5618,0.3893,0.4619,0.5142,-0.703,0.0,0.0,0.0,0.0,0.0,0.0,0.0,0.0,0.0,
3.16,run,-0.79,3.53,-0.06,-0.15,-1.04,0.0,0.0,0.0,0.117,6.06,1.14,9.4,10.9,13.27,-13.71,11.07,-47.64,96.33,-0.97,12.83,-14.33,15.29,-55.99,98.79,16.0,3.87,5.19,5.96,1.26,5.59,11.25,12.16,-13.58,10.75,-46.78,94.05,-0.85,11.78,-13.78,15.45,-55.48,97.24,15.89,2.47,5.48,0.1703,0.4774,-0.6989,0.3216,0.6756,-0.9245,0.3071,-0.396,0.3417,-0.0242,0.6687,-0.9268,0.4414,-0.5542,0.3793,0.454,0.4994,-0.7002,0.0,0.0,0.019,0.006,0.013,0.0,0.006,0.006,0.006,0.0,0.019,0.0,0.006,0.0,0.006,0.006,0.019,0.0,0.1089,0.0077,0.1856,0.1933,0.2362,-0.2424,0.1902,-0.8406,1.6858,-0.0031,0.2178,-0.2562,0.2684,-0.9817,1.738,0.2807,0.0675,0.0859,-0.0089,0.1348,-0.3065,0.0504,-0.0527,0.0002,-0.0409,0.1487,-0.0124,-0.0102,-0.0659,0.0793,0.0001,0.0165,0.0957,-0.0512,-0.1229,0.055,0.0093,-0.0527,0.0017,-0.0007,0.0042,0.1729,0.4777,-0.6966,0.3221,0.6815,-0.9246,0.3089,-0.4024,0.3487,-0.0267,0.6736,-0.9291,0.4415,-0.5575,0.3837,0.4565,0.5067,-0.7009,0.0,0.0,0.0,0.0,0.0,0.0,0.0,0.0,0.0,
3.2,run,-0.81,3.52,-0.71,-0.11,1.18,0.0,0.0,0.0,0.117,5.71,1.14,8.09,10.99,12.83,-13.71,10.9,-47.11,95.45,-0.97,12.57,-13.89,15.29,-55.55,97.91,16.0,3.43,5.19,5.87,1.18,5.61,11.19,11.91,-13.6,10.71,-46.65,93.39,-0.84,11.7,-13.67,15.49,-55.39,96.67,15.83,2.25,5.48,0.1678,0.476,-0.6987,0.3196,0.6711,-0.9247,0.306,-0.3936,0.334,-0.024,0.6672,-0.9255,0.4425,-0.5525,0.3726,0.4522,0.4954,-0.7002,0.0,0.0,0.013,0.0,0.013,0.0,0.0,0.006,0.013,0.0,0.019,0.0,0.006,0.006,0.006,0.006,0.019,0.0,0.1043,0.0107,0.1611,0.1948,0.2332,-0.2424,0.1902,-0.833,1.6736,-0.0031,0.2132,-0.2546,0.2684,-0.9802,1.7242,0.2792,0.0583,0.0859,-0.0235,0.1059,-0.3064,0.041,-0.0484,0.0002,-0.0287,0.1328,-0.0546,-0.0072,-0.0633,0.0612,0.0001,0.0173,0.0153,-0.0416,-0.1205,0.0385,0.01,-0.0543,-0.0011,-0.0026,-0.0181,0.1703,0.4774,-0.6989,0.3216,0.6756,-0.9245,0.3071,-0.396,0.3417,-0.0242,0.6687,-0.9268,0.4414,-0.5542,0.3793,0.454,0.4994,-0.7002,0.0,0.0,0.0,0.0,0.0,0.0,0.0,0.0,0.0,
3.24,run,-0.78,3.5,0.06,-0.42,-0.98,0.0,0.0,0.0,0.117,6.15,1.14,6.94,10.99,12.48,-13.71,10.9,-46.76,94.66,-0.97,12.48,-13.71,15.29,-55.46,97.12,15.82,2.99,5.19,5.83,0.99,5.59,11.16,11.76,-13.25,10.7,-46.35,92.97,-0.85,11.65,-13.52,15.49,-55.13,96.21,15.7,2.08,5.52,0.1664,0.4725,-0.6989,0.3189,0.6683,-0.9206,0.3056,-0.3882,0.3291,-0.0241,0.6664,-0.9237,0.4427,-0.5478,0.3672,0.4485,0.4924,-0.6997,0.0,0.0,0.013,0.0,0.013,0.0,0.0,0.006,0.013,0.0,0.019,0.0,0.006,0.006,0.006,0.006,0.019,0.0,0.0982,0.0107,0.1381,0.1963,0.2255,-0.2424,0.1871,-0.8237,1.6582,-0.0031,0.2086,-0.247,0.2684,-0.9725,1.7089,0.2792,0.0506,0.0859,-0.0395,0.0741,-0.3009,0.0345,-0.0627,0.0001,-0.0316,0.1275,-0.0959,-0.005,-0.0616,0.0717,0.0001,0.0409,-0.0469,-0.0291,-0.1132,0.0269,0.0078,-0.0545,-0.0124,-0.0019,0.0206,0.1678,0.476,-0.6987,0.3196,0.6711,-0.9247,0.306,-0.3936,0.334,-0.024,0.6672,-0.9255,0.4425,-0.5525,0.3726,0.4522,0.4954,-0.7002,0.0,0.0,0.0,0.0,0.0,0.0,0.0,0.0,0.0,
3.28,run,-0.77,3.51,0.07,0.26,0.45,0.0,0.0,0.0,0.117,5.54,1.14,6.33,10.99,12.3,-13.62,10.81,-46.76,94.13,-0.97,12.39,-13.71,15.29,-55.55,96.68,15.82,2.81,5.19,5.73,0.85,5.59,11.07,11.5,-13.21,10.65,-46.34,92.4,-0.76,11.54,-13.57,15.52,-54.99,95.75,15.72,1.91,5.45,0.1639,0.47,-0.6989,0.3163,0.6635,-0.9202,0.3044,-0.388,0.3224,-0.0219,0.6644,-0.9244,0.4434,-0.5452,0.3618,0.4491,0.4893,-0.7005,0.0,0.0,0.013,0.0,0.013,0.0,0.0,0.006,0.013,0.0,0.019,0.0,0.006,0.006,0.006,0.006,0.019,0.0,0.1058,0.0107,0.1181,0.1963,0.2194,-0.2424,0.1871,-0.8176,1.6444,-0.0031,0.2071,-0.2439,0.2684,-0.971,1.695,0.2761,0.043,0.0859,-0.0036,0.0519,-0.2731,0.0241,-0.0631,0.0001,-0.0221,0.1085,-0.1103,-0.0035,-0.0479,0.0598,0.0,0.0335,-0.0761,-0.03,-0.1032,0.0189,0.0105,-0.0567,0.0011,-0.0074,-0.0171,0.1664,0.4725,-0.6989,0.3189,0.6683,-0.9206,0.3056,-0.3882,0.3291,-0.0241,0.6664,-0.9237,0.4427,-0.5478,0.3672,0.4485,0.4924,-0.6997,0.0,0.0,0.0,0.0,0.0,0.0,0.0,0.0,0.0,
3.32,run,-0.75,3.53,0.62,0.25,-0.57,0.0,0.0,0.0,0.117,5.62,1.14,5.98,10.99,12.13,-13.54,10.81,-46.41,93.6,-0.97,12.22,-13.54,15.29,-55.2,96.06,15.82,2.64,5.19,5.72,0.76,5.61,11.06,11.43,-13.1,10.67,-46.27,91.97,-0.8,11.52,-13.42,15.5,-54.91,95.26,15.62,1.87,5.41,0.1633,0.4684,-0.6987,0.3161,0.6624,-0.9189,0.3047,-0.3867,0.3173,-0.023,0.6639,-0.9226,0.4428,-0.5439,0.356,0.4464,0.4885,-0.7011,0.0,0.006,0.0,0.0,0.013,0.006,0.0,0.006,0.019,0.006,0.013,0.0,0.0,0.006,0.006,0.006,0.026,0.0,0.0951,0.0107,0.1074,0.1963,0.2163,-0.2408,0.1856,-0.8176,1.6352,-0.0031,0.2056,-0.2439,0.2684,-0.9725,1.6874,0.2761,0.0399,0.0859,-0.0425,0.0363,-0.2311,0.0169,-0.0556,0.0058,-0.0212,0.0759,-0.1114,-0.0025,-0.0393,0.0418,0.0,0.0177,-0.0818,-0.021,-0.0837,0.0132,0.0114,-0.0561,0.0012,0.0045,0.0079,0.1639,0.47,-0.6989,0.3163,0.6635,-0.9202,0.3044,-0.388,0.3224,-0.0219,0.6644,-0.9244,0.4434,-0.5452,0.3618,0.4491,0.4893,-0.7005,0.0,0.0,0.0,0.0,0.0,0.0,0.0,0.0,0.0,
3.36,run,-0.73,3.5,0.05,-0.13,-1.35,0.0,0.0,0.0,0.117,5.98,1.14,5.8,10.99,11.95,-13.1,10.81,-46.32,92.9,-0.88,12.22,-13.54,15.29,-55.11,95.54,15.73,2.64,5.19,5.69,0.65,5.61,11.01,11.27,-12.99,10.63,-46.32,91.59,-0.78,11.44,-13.46,15.53,-54.87,94.96,15.65,1.85,5.26,0.1625,0.4664,-0.6987,0.3147,0.6594,-0.9175,0.3036,-0.3877,0.3128,-0.0224,0.6626,-0.923,0.4438,-0.543,0.3525,0.4471,0.4881,-0.7028,0.0,0.006,0.0,0.0,0.013,0.006,0.0,0.006,0.019,0.006,0.013,0.0,0.0,0.006,0.006,0.006,0.026,0.0,0.0966,0.0107,0.1012,0.1963,0.2132,-0.2393,0.1856,-0.8115,1.626,-0.0031,0.2025,-0.2408,0.2684,-0.9664,1.6766,0.2761,0.0368,0.0859,-0.024,0.0254,-0.1848,0.0118,-0.0504,0.0098,-0.0148,0.0762,-0.1125,-0.0017,-0.039,0.0408,0.0,0.0354,-0.0975,-0.0147,-0.0701,0.0092,0.0138,-0.0538,0.0108,0.0043,-0.0099,0.1633,0.4684,-0.6987,0.3161,0.6624,-0.9189,0.3047,-0.3867,0.3173,-0.023,0.6639,-0.9226,0.4428,-0.5439,0.356,0.4464,0.4885,-0.7011,0.0,0.0,0.0,0.0,0.0,0.0,0.0,0.0,0.0,
3.4,run,-0.73,3.51,-0.2,0.25,1.32,0.0,0.0,0.0,0.117,5.36,1.14,5.8,10.99,11.87,-13.1,10.81,-46.41,92.46,-0.88,12.22,-13.54,15.29,-55.11,95.1,15.73,2.64,5.19,5.62,0.55,5.64,10.99,11.02,-12.82,10.61,-46.3,91.2,-0.75,11.35,-13.4,15.55,-54.67,94.7,15.68,1.72,5.3,0.1605,0.4645,-0.6983,0.3141,0.6549,-0.9155,0.3032,-0.3873,0.3082,-0.0215,0.6609,-0.9223,0.4443,-0.5394,0.3494,0.4479,0.4858,-0.7023,0.0,0.006,0.0,0.0,0.013,0.006,0.0,0.006,0.019,0.006,0.013,0.0,0.0,0.006,0.006,0.006,0.026,0.0,0.1028,0.0107,0.0982,0.1963,0.2102,-0.2316,0.1856,-0.8099,1.6137,-0.0015,0.2025,-0.2408,0.2684,-0.9649,1.6674,0.2746,0.0368,0.0859,0.0062,0.0178,-0.1408,0.0083,-0.0468,0.0356,-0.0104,0.0591,-0.1247,0.0045,-0.0273,0.0286,0.0,0.0305,-0.1027,-0.016,-0.049,0.0065,0.0153,-0.0565,0.0009,-0.0023,-0.0235,0.1625,0.4664,-0.6987,0.3147,0.6594,-0.9175,0.3036,-0.3877,0.3128,-0.0224,0.6626,-0.923,0.4438,-0.543,0.3525,0.4471,0.4881,-0.7028,0.0,0.0,0.0,0.0,0.0,0.0,0.0,0.0,0.0,
3.44,run,-0.69,3.5,0.09,-0.32,-1.21,0.0,0.0,0.0,0.117,5.8,1.14,5.8,10.99,11.78,-12.92,10.81,-46.41,92.02,-0.88,12.22,-13.45,15.29,-54.84,94.75,15.73,2.46,5.19,5.65,0.47,5.63,11.01,11.09,-12.64,10.63,-46.21,91.05,-0.81,11.39,-13.28,15.5,-54.57,94.38,15.59,1.79,5.33,0.1614,0.4632,-0.6985,0.3146,0.6563,-0.9134,0.3039,-0.3856,0.3064,-0.0232,0.6617,-0.9209,0.4428,-0.5376,0.3456,0.4454,0.4871,-0.702,0.013,0.019,0.0,0.0,0.006,0.0,0.006,0.0,0.013,0.0,0.019,0.006,0.006,0.0,0.006,0.006,0.019,0.0,0.092,0.0107,0.0982,0.1963,0.2086,-0.2316,0.1856,-0.8115,1.6061,-0.0015,0.2025,-0.2408,0.2684,-0.9649,1.6598,0.2746,0.0368,0.0859,-0.0359,0.0125,-0.0986,0.0058,-0.0385,0.0249,-0.0073,0.0356,-0.1161,0.0032,-0.0191,0.02,0.0,0.0214,-0.1007,-0.0112,-0.0343,0.0045,0.0155,-0.0555,-0.0035,0.0043,0.0231,0.1605,0.4645,-0.6983,0.3141,0.6549,-0.9155,0.3032,-0.3873,0.3082,-0.0215,0.6609,-0.9223,0.4443,-0.5394,0.3494,0.4479,0.4858,-0.7023,0.0,0.0,0.0,0.0,0.0,0.0,0.0,0.0,0.0,
3.48,run,-0.71,3.46,-0.65,-0.34,-0.12,0.0,0.0,0.0,0.117,5.8,1.14,5.8,10.99,11.6,-12.83,10.81,-46.32,91.67,-0.88,12.22,-13.36,15.29,-54.76,94.39,15.56,2.46,5.19,5.6,0.38,5.6,10.95,10.95,-12.75,10.64,-46.38,90.87,-0.76,11.37,-13.52,15.56,-54.57,94.26,15.71,1.81,5.22,0.16,0.4615,-0.6988,0.3129,0.6536,-0.9147,0.3039,-0.3887,0.3044,-0.0217,0.6613,-0.9238,0.4447,-0.5377,0.3442,0.449,0.4874,-0.7033,0.013,0.019,0.0,0.0,0.006,0.0,0.006,0.0,0.013,0.0,0.019,0.006,0.006,0.0,0.006,0.006,0.019,0.0,0.0997,0.0107,0.0982,0.1963,0.2071,-0.2286,0.1856,-0.8115,1.5984,-0.0015,0.2025,-0.2393,0.2684,-0.9603,1.6536,0.2746,0.0337,0.0859,0.0036,0.0087,-0.069,0.0041,-0.0327,0.0289,-0.0051,0.0249,-0.11,0.0022,-0.0134,0.0197,0.0,0.0322,-0.0935,-0.0079,-0.0355,0.0032,0.0183,-0.0569,0.0016,-0.0055,-0.0211,0.1614,0.4632,-0.6985,0.3146,0.6563,-0.9134,0.3039,-0.3856,0.3064,-0.0232,0.6617,-0.9209,0.4428,-0.5376,0.3456,0.4454,0.4871,-0.702,0.0,0.0,0.0,0.0,0.0,0.0,0.0,0.0,0.0,
3.52,run,-0.72,3.47,-0.43,0.1,1.43,0.0,0.0,0.0,0.117,5.27,0.97,5.8,10.99,11.6,-12.83,10.81,-46.23,91.49,-0.88,12.22,-13.36,15.29,-54.76,94.39,15.56,2.46,5.19,5.63,0.3,5.68,10.95,10.93,-12.58,10.64,-46.28,90.88,-0.75,11.37,-13.42,15.51,-54.45,94.11,15.66,1.79,5.38,0.1607,0.4601,-0.6978,0.3127,0.6533,-0.9127,0.304,-0.387,0.3044,-0.0214,0.6613,-0.9226,0.4433,-0.5355,0.3425,0.4476,0.487,-0.7015,0.013,0.019,0.0,0.0,0.006,0.0,0.006,0.0,0.013,0.0,0.019,0.006,0.006,0.0,0.006,0.006,0.019,0.0,0.0997,0.0107,0.0982,0.1963,0.204,-0.227,0.1856,-0.8099,1.5923,-0.0015,0.2025,-0.2378,0.2684,-0.9587,1.6475,0.2715,0.0337,0.0859,0.0025,0.0061,-0.0483,0.0028,-0.0344,0.026,-0.0036,0.0232,-0.1,0.0016,-0.0094,0.0196,0.0,0.0283,-0.0885,-0.017,-0.0249,0.0022,0.0166,-0.0599,-0.0113,-0.0059,-0.0021,0.16,0.4615,-0.6988,0.3129,0.6536,-0.9147,0.3039,-0.3887,0.3044,-0.0217,0.6613,-0.9238,0.4447,-0.5377,0.3442,0.449,0.4874,-0.7033,0.0,0.0,0.0,0.0,0.0,0.0,0.0,0.0,0.0,
3.56,run,-0.7,3.46,-0.05,-0.32,-1.38,0.0,0.0,0.0,0.117,5.98,0.79,5.8,10.99,11.6,-12.66,10.81,-46.23,91.41,-0.88,12.22,-13.27,15.29,-54.76,94.13,15.56,2.46,5.19,5.66,0.3,5.65,10.96,11.05,-12.53,10.65,-46.27,90.82,-0.78,11.4,-13.35,15.46,-54.52,93.97,15.59,1.83,5.27,0.1618,0.46,-0.6983,0.3133,0.6554,-0.9121,0.3042,-0.3867,0.3037,-0.0223,0.6618,-0.9218,0.4417,-0.5367,0.3408,0.4454,0.4878,-0.7027,0.013,0.006,0.0,0.0,0.013,0.006,0.006,0.0,0.013,0.0,0.019,0.0,0.006,0.013,0.006,0.0,0.013,0.0,0.0905,0.0077,0.0982,0.1963,0.204,-0.227,0.1856,-0.8084,1.5892,-0.0015,0.2025,-0.2378,0.2684,-0.9587,1.6475,0.2715,0.0337,0.0859,-0.0328,-0.0072,-0.0338,0.002,-0.0241,0.0182,-0.0025,0.022,-0.0815,0.0011,-0.0066,0.0137,0.0,0.0198,-0.0619,-0.0119,-0.0174,0.0016,0.0162,-0.059,-0.0075,0.0017,0.025,0.1607,0.4601,-0.6978,0.3127,0.6533,-0.9127,0.304,-0.387,0.3044,-0.0214,0.6613,-0.9226,0.4433,-0.5355,0.3425,0.4476,0.487,-0.7015,0.0,0.0,0.0,0.0,0.0,0.0,0.0,0.0,0.0,
3.6,run,-0.69,3.46,0.08,0.2,0.35,0.0,0.0,0.0,0.117,5.54,0.7,5.8,10.99,11.6,-12.66,10.81,-46.23,91.41,-0.88,12.22,-13.18,15.29,-54.76,94.04,15.56,2.46,5.19,5.61,0.25,5.71,10.93,10.86,-12.63,10.63,-46.42,90.64,-0.73,11.33,-13.51,15.5,-54.5,93.89,15.71,1.81,5.2,0.1602,0.459,-0.6976,0.3122,0.652,-0.9133,0.3036,-0.3895,0.3016,-0.0208,0.6606,-0.9237,0.4429,-0.5364,0.3399,0.4488,0.4875,-0.7035,0.013,0.006,0.0,0.0,0.013,0.006,0.006,0.0,0.013,0.0,0.019,0.0,0.006,0.013,0.006,0.0,0.013,0.0,0.1028,0.0046,0.0982,0.1963,0.204,-0.224,0.1856,-0.8084,1.5877,-0.0015,0.2025,-0.2362,0.2684,-0.9587,1.6429,0.2715,0.0337,0.0859,0.023,-0.0166,-0.0237,0.0014,-0.0169,0.0242,-0.0017,0.0154,-0.0628,0.0008,-0.0046,0.0153,0.0,0.0139,-0.0606,-0.0083,-0.0122,0.0011,0.0181,-0.06,-0.0008,-0.0055,-0.0241,0.1618,0.46,-0.6983,0.3133,0.6554,-0.9121,0.3042,-0.3867,0.3037,-0.0223,0.6618,-0.9218,0.4417,-0.5367,0.3408,0.4454,0.4878,-0.7027,0.0,0.0,0.0,0.0,0.0,0.0,0.0,0.0,0.0,
3.64,run,-0.72,3.49,-0.59,-0.04,1.34,0.0,0.0,0.0,0.117,5.45,0.7,5.8,10.99,11.6,-12.66,10.81,-46.23,91.32,-0.88,12.22,-13.45,15.29,-54.76,93.87,15.56,2.46,5.19,5.65,0.19,5.72,10.94,10.95,-12.53,10.64,-46.37,90.58,-0.77,11.36,-13.42,15.43,-54.51,93.7,15.62,1.84,5.18,0.1614,0.458,-0.6974,0.3126,0.6536,-0.9121,0.3039,-0.3886,0.301,-0.022,0.6611,-0.9225,0.441,-0.5366,0.3377,0.4462,0.488,-0.7038,0.013,0.006,0.0,0.0,0.013,0.006,0.006,0.0,0.013,0.0,0.019,0.0,0.006,0.013,0.006,0.0,0.013,0.0,0.0951,0.0031,0.0982,0.1963,0.204,-0.224,0.1856,-0.8084,1.5877,-0.0015,0.2025,-0.2347,0.2684,-0.9587,1.6414,0.2715,0.0337,0.0859,-0.0127,-0.0173,-0.0166,0.001,-0.0118,0.017,-0.0012,0.0108,-0.044,0.0005,-0.0032,0.0165,0.0,0.0097,-0.0482,-0.0058,-0.0085,0.0008,0.0183,-0.0602,0.0013,0.0035,0.0062,0.1602,0.459,-0.6976,0.3122,0.652,-0.9133,0.3036,-0.3895,0.3016,-0.0208,0.6606,-0.9237,0.4429,-0.5364,0.3399,0.4488,0.4875,-0.7035,0.0,0.0,0.0,0.0,0.0,0.0,0.0,0.0,0.0,
3.68,run,-0.7,3.48,0.13,-0.31,-1.66,0.0,0.0,0.0,0.117,6.06,0.7,5.8,10.99,11.6,-12.66,10.81,-46.32,91.23,-0.88,12.22,-13.45,15.29,-54.67,93.87,15.56,2.46,5.19,5.66,0.21,5.76,10.93,11.03,-12.59,10.66,-46.37,90.69,-0.77,11.42,-13.41,15.43,-54.48,93.76,15.63,1.91,5.3,0.1618,0.4584,-0.6969,0.3124,0.6551,-0.9128,0.3045,-0.3885,0.3023,-0.0221,0.6622,-0.9225,0.4408,-0.536,0.3383,0.4467,0.4893,-0.7024,0.013,0.013,0.0,0.0,0.013,0.0,0.0,0.0,0.006,0.0,0.019,0.0,0.006,0.0,0.0,0.0,0.013,0.0,0.0936,0.0031,0.0982,0.1963,0.204,-0.224,0.1856,-0.8084,1.5861,-0.0015,0.2025,-0.2393,0.2684,-0.9587,1.6383,0.2715,0.0337,0.0859,-0.0146,-0.0121,-0.0116,0.0007,-0.0083,0.0119,-0.0009,0.0075,-0.0365,0.0004,-0.0022,-0.0057,0.0,0.0068,-0.0452,-0.0041,-0.006,0.0005,0.0164,-0.0579,-0.0104,-0.0007,0.0234,0.1614,0.458,-0.6974,0.3126,0.6536,-0.9121,0.3039,-0.3886,0.301,-0.022,0.6611,-0.9225,0.441,-0.5366,0.3377,0.4462,0.488,-0.7038,0.0,0.0,0.0,0.0,0.0,0.0,0.0,0.0,0.0,
3.72,run,-0.71,3.48,-0.29,0.19,1.37,0.0,0.0,0.0,0.117,5.27,0.7,5.8,10.99,11.6,-12.66,10.81,-46.32,91.23,-0.88,12.22,-13.36,15.29,-54.58,93.96,15.56,2.37,5.19,5.62,0.18,5.78,10.89,10.91,-12.72,10.64,-46.56,90.67,-0.72,11.37,-13.61,15.49,-54.56,93.78,15.74,1.91,5.17,0.1606,0.4579,-0.6967,0.3112,0.653,-0.9143,0.3041,-0.392,0.302,-0.0204,0.6612,-0.9249,0.4425,-0.5374,0.3386,0.4498,0.4892,-0.7039,0.013,0.013,0.0,0.0,0.013,0.0,0.0,0.0,0.006,0.0,0.019,0.0,0.006,0.0,0.0,0.0,0.013,0.0,0.1043,0.0031,0.0982,0.1963,0.204,-0.224,0.1856,-0.8099,1.5846,-0.0015,0.2025,-0.2393,0.2684,-0.9572,1.6383,0.2715,0.0337,0.0859,0.0299,-0.0085,-0.0081,0.0005,-0.0058,0.0083,-0.0006,-0.0005,-0.0313,0.0003,-0.0016,-0.004,0.0,0.0105,-0.0317,-0.0029,-0.0042,0.0004,0.0182,-0.0585,0.0023,-0.0054,-0.029,0.1618,0.4584,-0.6969,0.3124,0.6551,-0.9128,0.3045,-0.3885,0.3023,-0.0221,0.6622,-0.9225,0.4408,-0.536,0.3383,0.4467,0.4893,-0.7024,0.0,0.0,0.0,0.0,0.0,0.0,0.0,0.0,0.0,
3.76,run,-0.66,3.5,0.71,0.35,-0.56,0.0,0.0,0.0,0.117,5.8,0.7,5.8,10.99,11.6,-12.66,10.81,-46.49,91.23,-0.88,12.22,-13.36,15.29,-54.76,93.78,15.56,2.37,5.19,5.69,0.14,5.75,10.92,11.06,-12.61,10.67,-46.43,90.73,-0.77,11.43,-13.49,15.43,-54.56,93.7,15.61,1.92,5.21,0.1625,0.457,-0.697,0.312,0.6557,-0.913,0.3048,-0.3897,0.3027,-0.022,0.6623,-0.9234,0.4407,-0.5375,0.3377,0.446,0.4895,-0.7034,0.013,0.013,0.0,0.0,0.013,0.0,0.0,0.0,0.006,0.0,0.019,0.0,0.006,0.0,0.0,0.0,0.013,0.0,0.0905,0.0031,0.0982,0.1963,0.204,-0.224,0.1856,-0.8099,1.5846,-0.0015,0.2025,-0.2378,0.2684,-0.9557,1.6398,0.2715,0.0322,0.0859,-0.0222,-0.006,-0.0057,0.0003,-0.004,0.0058,-0.0004,-0.0003,-0.0219,0.0002,-0.0011,0.002,0.0,0.0121,-0.0174,-0.002,-0.0077,0.0003,0.0167,-0.0585,-0.0051,0.0033,0.0239,0.1606,0.4579,-0.6967,0.3112,0.653,-0.9143,0.3041,-0.392,0.302,-0.0204,0.6612,-0.9249,0.4425,-0.5374,0.3386,0.4498,0.4892,-0.7039,0.0,0.0,0.0,0.0,0.0,0.0,0.0,0.0,0.0,
3.8,run,-0.67,3.47,-0.06,-0.34,-1.23,0.0,0.0,0.0,0.117,5.89,0.7,5.8,10.99,11.6,-12.66,10.81,-46.49,91.23,-0.88,12.22,-13.36,15.29,-54.76,93.78,15.56,2.37,5.19,5.64,0.08,5.81,10.87,10.95,-12.71,10.65,-46.56,90.56,-0.72,11.37,-13.62,15.45,-54.53,93.64,15.72,1.97,5.1,0.1611,0.4561,-0.6963,0.3106,0.6536,-0.9142,0.3043,-0.392,0.3007,-0.0204,0.6614,-0.9249,0.4415,-0.537,0.337,0.4493,0.4904,-0.7047,0.013,0.013,0.0,0.0,0.013,0.0,0.006,0.0,0.019,0.006,0.026,0.006,0.006,0.006,0.006,0.006,0.006,0.0,0.0997,0.0031,0.0982,0.1963,0.204,-0.224,0.1856,-0.813,1.5846,-0.0015,0.2025,-0.2378,0.2684,-0.9587,1.6368,0.2715,0.0322,0.0859,0.0184,-0.0042,-0.004,0.0002,-0.0028,0.0041,-0.0003,-0.0116,-0.0153,0.0001,-0.0008,0.0014,0.0,-0.0028,-0.0235,-0.0014,-0.0054,0.0002,0.0212,-0.0569,0.0124,0.0061,-0.0098,0.1625,0.457,-0.697,0.312,0.6557,-0.913,0.3048,-0.3897,0.3027,-0.022,0.6623,-0.9234,0.4407,-0.5375,0.3377,0.446,0.4895,-0.7034,0.0,0.0,0.0,0.0,0.0,0.0,0.0,0.0,0.0,
3.84,run,-0.68,3.5,-0.11,0.34,1.74,0.0,0.0,0.0,0.117,5.27,0.7,5.8,10.99,11.6,-12.66,10.81,-46.49,91.14,-0.79,12.22,-13.54,15.29,-54.67,93.69,15.56,2.37,5.19,5.65,0.14,5.81,10.89,10.95,-12.76,10.67,-46.59,90.66,-0.74,11.41,-13.65,15.46,-54.57,93.64,15.73,1.96,5.21,0.1614,0.4571,-0.6964,0.3112,0.6536,-0.9148,0.3048,-0.3926,0.3019,-0.0212,0.662,-0.9253,0.4417,-0.5376,0.3369,0.4495,0.4901,-0.7034,0.013,0.013,0.0,0.0,0.013,0.0,0.006,0.0,0.019,0.006,0.026,0.006,0.006,0.006,0.006,0.006,0.006,0.0,0.1012,0.0031,0.0982,0.1963,0.204,-0.224,0.1856,-0.813,1.5846,-0.0015,0.2025,-0.2378,0.2684,-0.9587,1.6368,0.2715,0.0322,0.0859,0.0187,-0.0029,-0.0028,0.0002,-0.002,0.0029,-0.0002,-0.0081,-0.0107,0.0001,-0.0005,0.001,0.0,-0.002,-0.0164,-0.001,-0.0038,0.0001,0.0202,-0.0589,-0.0011,-0.0059,-0.0215,0.1611,0.4561,-0.6963,0.3106,0.6536,-0.9142,0.3043,-0.392,0.3007,-0.0204,0.6614,-0.9249,0.4415,-0.537,0.337,0.4493,0.4904,-0.7047,0.0,0.0,0.0,0.0,0.0,0.0,0.0,0.0,0.0,
3.88,run,-0.65,3.49,0.06,-0.22,-1.52,0.0,0.0,0.0,0.117,5.89,0.7,5.8,10.99,11.51,-12.66,10.81,-46.49,91.14,-0.7,12.22,-13.45,15.29,-54.76,93.69,15.64,2.37,5.19,5.7,0.07,5.82,10.89,11.11,-12.62,10.68,-46.48,90.69,-0.77,11.47,-13.51,15.41,-54.54,93.64,15.64,2.02,5.18,0.1629,0.4559,-0.6962,0.3111,0.6566,-0.9132,0.3052,-0.3905,0.3022,-0.0219,0.6632,-0.9236,0.4402,-0.5371,0.337,0.4468,0.4912,-0.7037,0.013,0.013,0.0,0.0,0.013,0.0,0.006,0.0,0.019,0.006,0.026,0.006,0.006,0.006,0.006,0.006,0.006,0.0,0.0905,0.0031,0.0982,0.1963,0.204,-0.224,0.1856,-0.813,1.5831,0.0,0.2025,-0.2408,0.2684,-0.9572,1.6352,0.2715,0.0322,0.0859,-0.0272,-0.002,-0.0019,0.0001,-0.0014,0.002,-0.0001,-0.0057,-0.0133,0.0058,-0.0004,-0.0108,0.0,0.0044,-0.0173,-0.0007,-0.0027,0.0001,0.0199,-0.0568,-0.0019,0.0059,0.0304,0.1614,0.4571,-0.6964,0.3112,0.6536,-0.9148,0.3048,-0.3926,0.3019,-0.0212,0.662,-0.9253,0.4417,-0.5376,0.3369,0.4495,0.4901,-0.7034,0.0,0.0,0.0,0.0,0.0,0.0,0.0,0.0,0.0,
3.92,run,-0.65,3.45,-0.33,-0.26,-0.19,0.0,0.0,0.0,0.117,5.71,0.7,5.8,10.99,11.51,-12.66,10.81,-46.49,91.14,-0.7,12.22,-13.45,15.29,-54.76,93.69,15.64,2.37,5.19,5.65,0.11,5.85,10.87,10.97,-12.79,10.67,-46.66,90.67,-0.74,11.43,-13.7,15.46,-54.6,93.63,15.76,2.01,5.13,0.1615,0.4566,-0.6959,0.3105,0.6541,-0.9152,0.3048,-0.3938,0.3019,-0.021,0.6623,-0.9259,0.4417,-0.5381,0.3368,0.4502,0.4911,-0.7044,0.006,0.013,0.0,0.0,0.006,0.006,0.0,0.0,0.013,0.0,0.019,0.006,0.006,0.0,0.0,0.0,0.006,0.0,0.1012,0.0031,0.0982,0.1963,0.2025,-0.224,0.1856,-0.813,1.5831,0.0015,0.2025,-0.2393,0.2684,-0.9587,1.6352,0.273,0.0322,0.0859,0.0213,-0.0014,-0.0014,0.0001,-0.0067,0.0014,-0.0001,-0.004,-0.0093,0.0098,-0.0003,-0.0018,0.0,-0.0027,-0.0121,0.0053,-0.0019,0.0001,0.0218,-0.0574,0.0011,-0.0038,-0.0265,0.1629,0.4559,-0.6962,0.3111,0.6566,-0.9132,0.3052,-0.3905,0.3022,-0.0219,0.6632,-0.9236,0.4402,-0.5371,0.337,0.4468,0.4912,-0.7037,0.0,0.0,0.0,0.0,0.0,0.0,0.0,0.0,0.0,
3.96,run,-0.65,3.45,-0.41,-0.04,1.54,0.0,0.0,0.0,0.117,5.27,0.7,5.8,10.99,11.51,-12.66,10.81,-46.58,91.14,-0.7,12.22,-13.62,15.29,-54.76,93.69,15.64,2.37,5.19,5.69,0.1,5.78,10.9,11.02,-12.68,10.68,-46.56,90.68,-0.76,11.47,-13.65,15.43,-54.55,93.62,15.7,1.99,5.21,0.1625,0.4564,-0.6967,0.3114,0.6549,-0.9139,0.3053,-0.392,0.3021,-0.0218,0.6631,-0.9253,0.4409,-0.5372,0.3367,0.4486,0.4908,-0.7034,0.006,0.013,0.0,0.0,0.006,0.006,0.0,0.0,0.013,0.0,0.019,0.006,0.006,0.0,0.0,0.0,0.006,0.0,0.0982,0.0031,0.0982,0.1963,0.2025,-0.224,0.1856,-0.813,1.5831,0.0015,0.2025,-0.2393,0.2684,-0.9587,1.6352,0.273,0.0322,0.0859,0.0034,-0.001,-0.001,0.0001,-0.0047,0.001,-0.0001,-0.0028,-0.0065,0.0069,-0.0002,-0.0013,0.0,-0.0019,-0.0085,0.0037,-0.0013,0.0,0.0221,-0.0608,-0.0057,-0.0045,-0.0033,0.1615,0.4566,-0.6959,0.3105,0.6541,-0.9152,0.3048,-0.3938,0.3019,-0.021,0.6623,-0.9259,0.4417,-0.5381,0.3368,0.4502,0.4911,-0.7044,0.0,0.0,0.0,0.0,0.0,0.0,0.0,0.0,0.0,
4.0,run,-0.62,3.44,0.19,-0.26,-1.62,0.0,0.0,0.0,0.117,6.06,0.7,5.8,10.99,11.51,-12.66,10.81,-46.49,91.14,-0.7,12.22,-13.45,15.29,-54.76,93.69,15.64,2.37,5.19,5.72,0.1,5.74,10.91,11.14,-12.66,10.71,-46.49,90.71,-0.79,11.54,-13.62,15.41,-54.53,93.64,15.66,2.06,5.22,0.1633,0.4564,-0.6972,0.3118,0.657,-0.9136,0.306,-0.3908,0.3025,-0.0225,0.6644,-0.9249,0.4403,-0.5369,0.337,0.4476,0.4919,-0.7032,0.006,0.013,0.0,0.0,0.006,0.006,0.0,0.0,0.013,0.0,0.019,0.006,0.006,0.0,0.0,0.0,0.006,0.0,0.0905,0.0031,0.0982,0.1963,0.2025,-0.224,0.1856,-0.8145,1.5831,0.0015,0.2025,-0.2424,0.2684,-0.9587,1.6352,0.273,0.0322,0.0859,-0.0264,-0.0007,-0.0007,0.0,-0.0033,0.0007,-0.0,-0.0077,-0.0046,0.0048,-0.0001,-0.0124,0.0,-0.0013,-0.0059,0.0026,-0.0009,0.0,0.0222,-0.0609,-0.0072,-0.0007,0.0268,0.1625,0.4564,-0.6967,0.3114,0.6549,-0.9139,0.3053,-0.392,0.3021,-0.0218,0.6631,-0.9253,0.4409,-0.5372,0.3367,0.4486,0.4908,-0.7034,0.0,0.0,0.0,0.0,0.0,0.0,0.0,0.0,0.0,
4.04,run,-0.63,3.42,-0.47,-0.24,0.36,0.0,0.0,0.0,0.117,5.62,0.7,5.8,10.99,11.51,-12.66,10.81,-46.49,91.14,-0.7,12.22,-13.54,15.29,-54.67,93.69,15.64,2.37,5.19,5.67,0.09,5.73,10.88,10.94,-12.72,10.67,-46.63,90.63,-0.72,11.43,-13.79,15.46,-54.55,93.68,15.77,1.99,5.1,0.1619,0.4562,-0.6972,0.3109,0.6535,-0.9144,0.3048,-0.3933,0.3015,-0.0206,0.6624,-0.9269,0.4418,-0.5373,0.3374,0.4507,0.4908,-0.7047,0.013,0.013,0.0,0.0,0.013,0.0,0.0,0.006,0.013,0.0,0.013,0.006,0.006,0.006,0.0,0.0,0.006,0.0,0.1043,0.0031,0.0982,0.1963,0.2025,-0.224,0.1856,-0.813,1.5831,0.0015,0.2025,-0.2393,0.2684,-0.9587,1.6352,0.273,0.0322,0.0859,0.0332,-0.0005,-0.0005,0.0,-0.0023,0.0005,-0.0,0.0004,-0.0032,0.0034,-0.0001,0.0028,0.0,-0.0009,-0.0041,0.0018,-0.0006,0.0,0.025,-0.0619,0.0033,-0.0046,-0.0283,0.1633,0.4564,-0.6972,0.3118,0.657,-0.9136,0.306,-0.3908,0.3025,-0.0225,0.6644,-0.9249,0.4403,-0.5369,0.337,0.4476,0.4919,-0.7032,0.0,0.0,0.0,0.0,0.0,0.0,0.0,0.0,0.0,
4.08,run,-0.6,3.46,0.58,0.29,0.01,0.0,0.0,0.0,0.117,5.54,0.7,5.8,10.99,11.51,-12.66,10.81,-46.49,91.14,-0.7,12.22,-13.71,15.29,-54.76,93.69,15.64,2.37,5.19,5.71,0.1,5.7,10.92,11.05,-12.63,10.7,-46.52,90.68,-0.77,11.51,-13.68,15.43,-54.53,93.65,15.69,2.0,5.21,0.1631,0.4564,-0.6977,0.3119,0.6554,-0.9132,0.3056,-0.3913,0.3022,-0.022,0.6637,-0.9257,0.4409,-0.537,0.3371,0.4482,0.4909,-0.7035,0.013,0.013,0.0,0.0,0.013,0.0,0.0,0.006,0.013,0.0,0.013,0.006,0.006,0.006,0.0,0.0,0.006,0.0,0.0966,0.0031,0.0982,0.1963,0.2025,-0.224,0.1856,-0.813,1.5831,0.0015,0.2025,-0.2408,0.2684,-0.9572,1.6352,0.273,0.0322,0.0859,-0.0056,-0.0003,-0.0003,0.0,-0.0016,0.0003,-0.0,0.0002,-0.0022,0.0024,-0.0001,-0.0038,0.0,0.0051,-0.0029,0.0013,-0.0004,0.0,0.0242,-0.0639,-0.0081,-0.0042,0.0063,0.1619,0.4562,-0.6972,0.3109,0.6535,-0.9144,0.3048,-0.3933,0.3015,-0.0206,0.6624,-0.9269,0.4418,-0.5373,0.3374,0.4507,0.4908,-0.7047,0.0,0.0,0.0,0.0,0.0,0.0,0.0,0.0,0.0,
4.12,run,-0.61,3.46,0.19,-0.1,-1.25,0.0,0.0,0.0,0.117,6.06,0.7,5.8,10.99,11.51,-12.66,10.81,-46.67,91.14,-0.7,12.22,-13.62,15.29,-54.67,93.69,15.64,2.37,5.19,5.7,0.07,5.74,10.87,11.06,-12.7,10.68,-46.6,90.6,-0.74,11.48,-13.68,15.43,-54.6,93.62,15.72,2.07,5.06,0.1629,0.4558,-0.6972,0.3107,0.6557,-0.9141,0.3052,-0.3927,0.3011,-0.0212,0.6632,-0.9257,0.4408,-0.5382,0.3368,0.4491,0.4921,-0.7052,0.013,0.013,0.0,0.0,0.013,0.0,0.0,0.006,0.013,0.0,0.013,0.006,0.006,0.006,0.0,0.0,0.006,0.0,0.0951,0.0031,0.0982,0.1963,0.2025,-0.224,0.1856,-0.813,1.5831,0.0015,0.2025,-0.2439,0.2684,-0.9587,1.6352,0.273,0.0322,0.0859,-0.0088,-0.0002,-0.0002,0.0,-0.0011,0.0002,-0.0,0.0002,-0.0016,0.0017,-0.0,-0.0123,0.0,-0.0012,-0.002,0.0009,-0.0003,0.0,0.0268,-0.0598,0.0101,0.0051,0.0002,0.1631,0.4564,-0.6977,0.3119,0.6554,-0.9132,0.3056,-0.3913,0.3022,-0.022,0.6637,-0.9257,0.4409,-0.537,0.3371,0.4482,0.4909,-0.7035,0.0,0.0,0.0,0.0,0.0,0.0,0.0,0.0,0.0,
4.16,run,-0.6,3.47,0.1,0.36,1.51,0.0,0.0,0.0,0.117,5.36,0.7,5.8,10.99,11.51,-12.66,10.81,-46.67,91.14,-0.7,12.22,-13.62,15.29,-54.76,93.69,15.64,2.37,5.19,5.66,0.07,5.76,10.87,10.98,-12.76,10.69,-46.66,90.67,-0.72,11.46,-13.8,15.47,-54.56,93.71,15.78,2.03,5.1,0.1618,0.4558,-0.697,0.3106,0.6542,-0.9148,0.3055,-0.3937,0.3019,-0.0206,0.6629,-0.9271,0.4421,-0.5374,0.3378,0.451,0.4915,-0.7047,0.006,0.013,0.0,0.0,0.013,0.0,0.0,0.0,0.006,0.0,0.019,0.006,0.006,0.006,0.0,0.006,0.006,0.0,0.1043,0.0031,0.0982,0.1963,0.2025,-0.224,0.1856,-0.8161,1.5831,0.0015,0.2025,-0.2424,0.2684,-0.9572,1.6352,0.273,0.0322,0.0859,0.0281,-0.0002,-0.0002,0.0,-0.0008,0.0002,-0.0,-0.0113,-0.0011,0.0012,-0.0,-0.0029,0.0,0.0048,-0.0014,0.0006,-0.0002,0.0,0.0261,-0.0601,0.0033,-0.0018,-0.0218,0.1629,0.4558,-0.6972,0.3107,0.6557,-0.9141,0.3052,-0.3927,0.3011,-0.0212,0.6632,-0.9257,0.4408,-0.5382,0.3368,0.4491,0.4921,-0.7052,0.0,0.0,0.0,0.0,0.0,0.0,0.0,0.0,0.0,
4.2,run,-0.59,3.46,-0.09,-0.22,-1.2,0.0,0.0,0.0,0.117,5.71,0.7,5.8,10.99,11.51,-12.66,10.81,-46.67,91.14,-0.7,12.22,-13.62,15.29,-54.67,93.69,15.64,2.37,5.19,5.72,0.05,5.74,10.89,11.12,-12.64,10.71,-46.53,90.66,-0.77,11.52,-13.64,15.41,-54.54,93.64,15.68,2.09,5.13,0.1635,0.4555,-0.6972,0.3112,0.6568,-0.9134,0.306,-0.3914,0.3019,-0.0221,0.664,-0.9252,0.4403,-0.5371,0.3369,0.448,0.4925,-0.7044,0.006,0.013,0.0,0.0,0.013,0.0,0.0,0.0,0.006,0.0,0.019,0.006,0.006,0.006,0.0,0.006,0.006,0.0,0.092,0.0031,0.0982,0.1963,0.2025,-0.224,0.1856,-0.8161,1.5831,0.0015,0.2025,-0.2424,0.2684,-0.9587,1.6352,0.273,0.0322,0.0859,-0.0264,-0.0001,-0.0001,0.0,-0.0006,0.0001,-0.0,-0.0079,-0.0008,0.0008,-0.0,-0.002,0.0,-0.0024,-0.001,0.0004,-0.0002,0.0,0.0268,-0.059,0.0017,0.0063,0.0264,0.1618,0.4558,-0.697,0.3106,0.6542,-0.9148,0.3055,-0.3937,0.3019,-0.0206,0.6629,-0.9271,0.4421,-0.5374,0.3378,0.451,0.4915,-0.7047,0.0,0.0,0.0,0.0,0.0,0.0,0.0,0.0,0.0,
4.24,run,-0.58,3.43,-0.2,-0.13,-0.12,0.0,0.0,0.0,0.117,5.71,0.7,5.8,10.99,11.51,-12.66,10.81,-46.67,91.14,-0.7,12.22,-13.62,15.29,-54.76,93.69,15.73,2.37,5.19,5.69,0.1,5.76,10.88,11.04,-12.8,10.71,-46.69,90.7,-0.76,11.51,-13.8,15.47,-54.63,93.68,15.78,2.1,5.1,0.1626,0.4564,-0.6969,0.3109,0.6553,-0.9152,0.306,-0.3945,0.3023,-0.0218,0.6638,-0.927,0.442,-0.5387,0.3374,0.4509,0.4927,-0.7047,0.006,0.013,0.0,0.0,0.013,0.0,0.0,0.0,0.006,0.0,0.019,0.006,0.006,0.006,0.0,0.006,0.006,0.0,0.0982,0.0031,0.0982,0.1963,0.2025,-0.224,0.1856,-0.8161,1.5831,0.0015,0.2025,-0.2424,0.2684,-0.9572,1.6352,0.273,0.0322,0.0859,0.0008,-0.0001,-0.0001,0.0,-0.0004,0.0001,-0.0,-0.0055,-0.0005,0.0006,-0.0,-0.0014,0.0,0.0032,-0.0007,0.0003,-0.0001,0.0,0.0273,-0.06,-0.0016,-0.0039,-0.0209,0.1635,0.4555,-0.6972,0.3112,0.6568,-0.9134,0.306,-0.3914,0.3019,-0.0221,0.664,-0.9252,0.4403,-0.5371,0.3369,0.448,0.4925,-0.7044,0.0,0.0,0.0,0.0,0.0,0.0,0.0,0.0,0.0,
4.28,run,-0.57,3.45,-0.37,0.07,1.27,0.0,0.0,0.0,0.117,5.36,0.7,5.8,10.99,11.51,-12.74,10.81,-46.67,91.14,-0.7,12.22,-13.62,15.29,-54.76,93.69,15.73,2.37,5.19,5.71,0.09,5.69,10.91,11.05,-12.69,10.71,-46.6,90.66,-0.77,11.53,-13.78,15.45,-54.54,93.67,15.75,2.07,5.16,0.163,0.4562,-0.6978,0.3116,0.6554,-0.914,0.306,-0.3927,0.3018,-0.0221,0.6643,-0.9268,0.4415,-0.5371,0.3373,0.4499,0.4922,-0.704,0.0,0.013,0.0,0.0,0.006,0.0,0.0,0.0,0.006,0.0,0.019,0.006,0.006,0.006,0.0,0.0,0.006,0.0,0.0982,0.0031,0.0982,0.1963,0.2025,-0.224,0.1856,-0.8161,1.5831,0.0015,0.2025,-0.2424,0.2684,-0.9587,1.6352,0.2746,0.0322,0.0859,0.0006,-0.0001,-0.0001,0.0,-0.0003,0.0001,-0.0,-0.0039,-0.0004,0.0004,-0.0,-0.001,0.0,-0.0035,-0.0005,0.0059,-0.0001,0.0,0.0286,-0.0628,-0.0035,-0.0023,-0.0021,0.1626,0.4564,-0.6969,0.3109,0.6553,-0.9152,0.306,-0.3945,0.3023,-0.0218,0.6638,-0.927,0.442,-0.5387,0.3374,0.4509,0.4927,-0.7047,0.0,0.0,0.0,0.0,0.0,0.0,0.0,0.0,0.0,
4.32,run,-0.56,3.43,-0.05,-0.32,-1.46,0.0,0.0,0.0,0.117,6.06,0.7,5.8,10.99,11.51,-12.74,10.81,-46.67,91.14,-0.7,12.22,-13.62,15.29,-54.76,93.69,15.73,2.37,5.19,5.73,0.1,5.66,10.92,11.13,-12.65,10.72,-46.54,90.71,-0.8,11.56,-13.72,15.43,-54.53,93.68,15.71,2.11,5.15,0.1638,0.4563,-0.6981,0.3119,0.6569,-0.9135,0.3062,-0.3917,0.3025,-0.0228,0.6648,-0.9262,0.4408,-0.5369,0.3375,0.4488,0.4929,-0.7041,0.0,0.013,0.0,0.0,0.006,0.0,0.0,0.0,0.006,0.0,0.019,0.006,0.006,0.006,0.0,0.0,0.006,0.0,0.092,0.0031,0.0982,0.1963,0.2025,-0.2255,0.1856,-0.8161,1.5831,0.0015,0.2025,-0.2424,0.2684,-0.9587,1.6352,0.2746,0.0322,0.0859,-0.0225,-0.0,-0.0,0.0,-0.0002,-0.0057,-0.0,-0.0027,-0.0003,0.0003,-0.0,-0.0007,0.0,-0.0025,-0.0003,0.0042,-0.0001,0.0,0.0288,-0.061,-0.0065,0.0013,0.0222,0.163,0.4562,-0.6978,0.3116,0.6554,-0.914,0.306,-0.3927,0.3018,-0.0221,0.6643,-0.9268,0.4415,-0.5371,0.3373,0.4499,0.4922,-0.704,0.0,0.0,0.0,0.0,0.0,0.0,0.0,0.0,0.0,
4.36,run,-0.58,3.42,-0.63,-0.24,0.73,0.0,0.0,0.0,0.117,5.62,0.7,5.8,10.99,11.51,-12.74,10.81,-46.67,91.14,-0.7,12.22,-13.62,15.29,-54.76,93.69,15.73,2.37,5.19,5.68,0.11,5.66,10.89,10.99,-12.76,10.7,-46.66,90.69,-0.74,11.5,-13.88,15.48,-54.55,93.76,15.81,2.06,5.11,0.1624,0.4566,-0.6981,0.3112,0.6543,-0.9148,0.3056,-0.3938,0.3022,-0.0211,0.6637,-0.928,0.4424,-0.5373,0.3383,0.4518,0.492,-0.7045,0.0,0.013,0.0,0.0,0.006,0.0,0.0,0.0,0.006,0.0,0.019,0.006,0.006,0.006,0.0,0.0,0.006,0.0,0.1043,0.0031,0.0982,0.1963,0.2025,-0.2255,0.1856,-0.8161,1.5831,0.0015,0.2025,-0.2424,0.2684,-0.9587,1.6352,0.2746,0.0322,0.0859,0.0302,-0.0,-0.0,0.0,-0.0001,-0.004,-0.0,-0.0019,-0.0002,0.0002,-0.0,-0.0005,0.0,-0.0017,-0.0002,0.0029,-0.0,0.0,0.0297,-0.0626,-0.0009,-0.0055,-0.0254,0.1638,0.4563,-0.6981,0.3119,0.6569,-0.9135,0.3062,-0.3917,0.3025,-0.0228,0.6648,-0.9262,0.4408,-0.5369,0.3375,0.4488,0.4929,-0.7041,0.0,0.0,0.0,0.0,0.0,0.0,0.0,0.0,0.0,
4.4,run,-0.58,3.44,-0.06,0.18,1.12,0.0,0.0,0.0,0.117,5.45,0.7,5.8,10.99,11.51,-12.74,10.81,-46.67,91.14,-0.7,12.22,-13.62,15.29,-54.76,93.69,15.73,2.37,5.19,5.73,0.11,5.64,10.93,11.09,-12.64,10.72,-46.53,90.74,-0.79,11.57,-13.76,15.44,-54.51,93.73,15.72,2.06,5.22,0.1636,0.4566,-0.6984,0.3122,0.6562,-0.9134,0.3062,-0.3914,0.3028,-0.0225,0.6648,-0.9265,0.4411,-0.5365,0.338,0.4492,0.4921,-0.7033,0.006,0.013,0.006,0.0,0.006,0.0,0.0,0.0,0.013,0.0,0.013,0.006,0.006,0.006,0.0,0.0,0.006,0.0,0.0966,0.0031,0.0982,0.1963,0.2025,-0.2255,0.1856,-0.8161,1.5831,0.0015,0.2025,-0.2424,0.2684,-0.9587,1.6352,0.2746,0.0322,0.0859,-0.0077,-0.0,-0.0,0.0,-0.0001,-0.0028,-0.0,-0.0013,-0.0001,0.0001,-0.0,-0.0003,0.0,-0.0012,-0.0002,0.002,-0.0,0.0,0.028,-0.0639,-0.0109,-0.0042,0.0127,0.1624,0.4566,-0.6981,0.3112,0.6543,-0.9148,0.3056,-0.3938,0.3022,-0.0211,0.6637,-0.928,0.4424,-0.5373,0.3383,0.4518,0.492,-0.7045,0.0,0.0,0.0,0.0,0.0,0.0,0.0,0.0,0.0,
4.44,run,-0.58,3.42,0.05,-0.14,-0.96,0.0,0.0,0.0,0.117,5.89,0.7,5.8,10.99,11.51,-12.74,10.81,-46.58,91.14,-0.7,12.22,-13.62,15.29,-54.67,93.69,15.73,2.37,5.19,5.73,0.09,5.65,10.91,11.12,-12.63,10.71,-46.54,90.69,-0.78,11.56,-13.74,15.43,-54.53,93.71,15.71,2.1,5.12,0.1637,0.4561,-0.6983,0.3117,0.6568,-0.9133,0.306,-0.3916,0.3022,-0.0223,0.6647,-0.9263,0.4408,-0.5369,0.3378,0.449,0.4927,-0.7045,0.006,0.013,0.006,0.0,0.006,0.0,0.0,0.0,0.013,0.0,0.013,0.006,0.006,0.006,0.0,0.0,0.006,0.0,0.0936,0.0031,0.0982,0.1963,0.2025,-0.2255,0.1856,-0.8161,1.5831,0.0015,0.2025,-0.2424,0.2684,-0.9587,1.6352,0.2746,0.0322,0.0859,-0.0169,-0.0,-0.0,0.0,-0.0001,-0.002,-0.0,-0.0009,-0.0001,0.0001,-0.0,-0.0002,0.0,-0.0008,-0.0001,0.0014,-0.0,0.0,0.0283,-0.0618,-0.0011,0.0031,0.0195,0.1636,0.4566,-0.6984,0.3122,0.6562,-0.9134,0.3062,-0.3914,0.3028,-0.0225,0.6648,-0.9265,0.4411,-0.5365,0.338,0.4492,0.4921,-0.7033,0.0,0.0,0.0,0.0,0.0,0.0,0.0,0.0,0.0,
4.48,run,-0.59,3.43,-0.18,0.23,1.74,0.0,0.0,0.0,0.117,5.27,0.7,5.8,10.99,11.51,-12.74,10.81,-46.58,91.14,-0.7,12.22,-13.62,15.29,-54.58,93.69,15.73,2.37,5.19,5.7,0.11,5.66,10.9,11.03,-12.7,10.7,-46.63,90.68,-0.75,11.52,-13.82,15.46,-54.58,93.71,15.77,2.07,5.1,0.163,0.4565,-0.6981,0.3113,0.6552,-0.9141,0.3056,-0.3933,0.3021,-0.0215,0.664,-0.9273,0.4417,-0.5378,0.3378,0.4505,0.4921,-0.7048,0.006,0.013,0.006,0.0,0.006,0.0,0.0,0.0,0.013,0.0,0.013,0.006,0.006,0.006,0.0,0.0,0.006,0.0,0.1012,0.0031,0.0982,0.1963,0.2025,-0.2255,0.1856,-0.8145,1.5831,0.0015,0.2025,-0.2424,0.2684,-0.9572,1.6352,0.2746,0.0322,0.0859,0.0093,-0.0,-0.0,0.0,-0.0,-0.0014,-0.0,0.0036,-0.0001,0.0001,-0.0,-0.0002,0.0,0.0036,-0.0001,0.001,-0.0,0.0,0.0283,-0.0637,0.0008,-0.0025,-0.0167,0.1637,0.4561,-0.6983,0.3117,0.6568,-0.9133,0.306,-0.3916,0.3022,-0.0223,0.6647,-0.9263,0.4408,-0.5369,0.3378,0.449,0.4927,-0.7045,0.0,0.0,0.0,0.0,0.0,0.0,0.0,0.0,0.0,
4.52,run,-0.55,3.42,0.34,-0.03,-1.42,0.0,0.0,0.0,0.117,5.98,0.7,5.8,10.99,11.51,-12.74,10.81,-46.58,91.14,-0.7,12.22,-13.62,15.29,-54.76,93.69,15.73,2.37,5.19,5.75,0.07,5.64,10.92,11.15,-12.56,10.71,-46.5,90.7,-0.8,11.57,-13.69,15.41,-54.54,93.69,15.67,2.09,5.12,0.1642,0.4558,-0.6984,0.3121,0.6573,-0.9124,0.3061,-0.3909,0.3023,-0.0228,0.6648,-0.9257,0.4404,-0.5372,0.3375,0.4477,0.4925,-0.7044,0.013,0.013,0.0,0.0,0.006,0.0,0.0,0.0,0.006,0.0,0.013,0.0,0.0,0.006,0.0,0.0,0.0,0.0,0.0905,0.0031,0.0982,0.1963,0.2025,-0.2255,0.1856,-0.8145,1.5831,0.0015,0.2025,-0.2424,0.2684,-0.9557,1.6352,0.2746,0.0322,0.0859,-0.0331,-0.0,-0.0,0.0,-0.0,-0.001,-0.0,0.0025,-0.0,0.0,-0.0,-0.0001,0.0,0.0082,-0.0001,0.0007,-0.0,0.0,0.0275,-0.0629,-0.0032,0.0041,0.0303,0.163,0.4565,-0.6981,0.3113,0.6552,-0.9141,0.3056,-0.3933,0.3021,-0.0215,0.664,-0.9273,0.4417,-0.5378,0.3378,0.4505,0.4921,-0.7048,0.0,0.0,0.0,0.0,0.0,0.0,0.0,0.0,0.0,
4.56,run,-0.58,3.43,-0.39,0.01,1.04,0.0,0.0,0.0,0.117,5.45,0.7,5.8,10.99,11.51,-12.74,10.81,-46.49,91.14,-0.7,12.22,-13.62,15.29,-54.76,93.69,15.73,2.37,5.19,5.68,0.09,5.67,10.89,10.98,-12.72,10.68,-46.65,90.59,-0.73,11.48,-13.84,15.46,-54.56,93.69,15.8,2.06,5.06,0.1624,0.4562,-0.698,0.3111,0.6541,-0.9143,0.3053,-0.3937,0.301,-0.0209,0.6633,-0.9275,0.4418,-0.5375,0.3375,0.4513,0.492,-0.7052,0.013,0.013,0.0,0.0,0.006,0.0,0.0,0.0,0.006,0.0,0.013,0.0,0.0,0.006,0.0,0.0,0.0,0.0,0.1028,0.0031,0.0982,0.1963,0.2025,-0.2255,0.1856,-0.8145,1.5831,0.0015,0.2025,-0.2424,0.2684,-0.9587,1.6352,0.2746,0.0322,0.0859,0.0228,-0.0,-0.0,0.0,-0.0,-0.0007,-0.0,0.0017,-0.0,0.0,-0.0,-0.0001,0.0,-0.0058,-0.0,0.0005,-0.0,0.0,0.0305,-0.0632,0.006,-0.0006,-0.0247,0.1642,0.4558,-0.6984,0.3121,0.6573,-0.9124,0.3061,-0.3909,0.3023,-0.0228,0.6648,-0.9257,0.4404,-0.5372,0.3375,0.4477,0.4925,-0.7044,0.0,0.0,0.0,0.0,0.0,0.0,0.0,0.0,0.0,
4.6,run,-0.57,3.45,-0.05,0.27,0.82,0.0,0.0,0.0,0.117,5.62,0.7,5.8,10.99,11.51,-12.74,10.81,-46.58,91.14,-0.7,12.22,-13.62,15.29,-54.76,93.69,15.73,2.37,5.19,5.73,0.1,5.65,10.93,11.07,-12.6,10.7,-46.51,90.66,-0.78,11.52,-13.69,15.42,-54.52,93.67,15.69,2.04,5.17,0.1637,0.4563,-0.6983,0.3122,0.6559,-0.9129,0.3057,-0.3911,0.3019,-0.0223,0.6641,-0.9258,0.4405,-0.5367,0.3373,0.4484,0.4917,-0.7038,0.013,0.013,0.0,0.0,0.006,0.0,0.0,0.0,0.006,0.0,0.013,0.0,0.0,0.006,0.0,0.0,0.0,0.0,0.0936,0.0031,0.0982,0.1963,0.2025,-0.2255,0.1856,-0.813,1.5831,0.0015,0.2025,-0.2424,0.2684,-0.9587,1.6352,0.2746,0.0322,0.0859,-0.013,-0.0,-0.0,0.0,-0.0,-0.0005,-0.0,0.006,-0.0,0.0,-0.0,-0.0001,0.0,-0.004,-0.0,0.0003,-0.0,0.0,0.0286,-0.0629,-0.0068,0.0002,0.0182,0.1624,0.4562,-0.698,0.3111,0.6541,-0.9143,0.3053,-0.3937,0.301,-0.0209,0.6633,-0.9275,0.4418,-0.5375,0.3375,0.4513,0.492,-0.7052,0.0,0.0,0.0,0.0,0.0,0.0,0.0,0.0,0.0,
4.64,run,-0.57,3.43,-0.12,-0.42,-1.49,0.0,0.0,0.0,0.117,5.98,0.7,5.8,10.99,11.51,-12.66,10.81,-46.49,91.14,-0.7,12.22,-13.54,15.29,-54.58,93.69,15.73,2.37,5.19,5.7,0.08,5.65,10.91,11.05,-12.64,10.69,-46.54,90.64,-0.75,11.5,-13.74,15.44,-54.5,93.72,15.73,2.06,5.1,0.163,0.4559,-0.6982,0.3116,0.6555,-0.9134,0.3055,-0.3916,0.3017,-0.0215,0.6636,-0.9263,0.441,-0.5363,0.3378,0.4494,0.4919,-0.7047,0.006,0.013,0.0,0.0,0.006,0.0,0.0,0.0,0.013,0.0,0.013,0.006,0.006,0.0,0.0,0.0,0.006,0.0,0.0966,0.0031,0.0982,0.1963,0.2025,-0.2255,0.1856,-0.8145,1.5831,0.0015,0.2025,-0.2424,0.2684,-0.9587,1.6352,0.2746,0.0322,0.0859,0.0023,-0.0,-0.0,0.0,-0.0,-0.0003,-0.0,-0.0015,-0.0,0.0,-0.0,-0.0,0.0,-0.0028,-0.0,0.0002,-0.0,0.0,0.029,-0.0607,-0.0008,0.0047,0.0143,0.1637,0.4563,-0.6983,0.3122,0.6559,-0.9129,0.3057,-0.3911,0.3019,-0.0223,0.6641,-0.9258,0.4405,-0.5367,0.3373,0.4484,0.4917,-0.7038,0.0,0.0,0.0,0.0,0.0,0.0,0.0,0.0,0.0,
4.68,run,-0.57,3.44,0.24,0.47,1.19,0.0,0.0,0.0,0.117,5.27,0.7,5.8,10.99,11.51,-12.66,10.81,-46.49,91.14,-0.7,12.22,-13.54,15.29,-54.67,93.69,15.73,2.37,5.19,5.68,0.09,5.65,10.9,10.95,-12.7,10.68,-46.65,90.63,-0.74,11.47,-13.83,15.48,-54.58,93.73,15.79,2.01,5.08,0.1623,0.4562,-0.6983,0.3115,0.6536,-0.9141,0.3052,-0.3936,0.3016,-0.0212,0.663,-0.9275,0.4424,-0.5377,0.338,0.4511,0.4911,-0.705,0.006,0.013,0.0,0.0,0.006,0.0,0.0,0.0,0.013,0.0,0.013,0.006,0.006,0.0,0.0,0.0,0.006,0.0,0.1028,0.0031,0.0982,0.1963,0.2025,-0.224,0.1856,-0.813,1.5831,0.0015,0.2025,-0.2408,0.2684,-0.9557,1.6352,0.2746,0.0322,0.0859,0.0246,-0.0,-0.0,0.0,-0.0,0.0055,-0.0,0.0047,-0.0,0.0,-0.0,0.0057,0.0,0.0095,-0.0,0.0002,-0.0,0.0,0.029,-0.0627,-0.0021,-0.0073,-0.0259,0.163,0.4559,-0.6982,0.3116,0.6555,-0.9134,0.3055,-0.3916,0.3017,-0.0215,0.6636,-0.9263,0.441,-0.5363,0.3378,0.4494,0.4919,-0.7047,0.0,0.0,0.0,0.0,0.0,0.0,0.0,0.0,0.0,
4.72,run,-0.55,3.49,0.47,0.29,-0.46,0.0,0.0,0.0,0.117,5.71,0.7,5.8,10.99,11.51,-12.66,10.81,-46.58,91.14,-0.7,12.22,-13.62,15.29,-54.76,93.69,15.73,2.37,5.19,5.73,0.04,5.68,10.91,11.07,-12.56,10.69,-46.52,90.55,-0.78,11.49,-13.64,15.4,-54.55,93.57,15.66,2.05,5.06,0.1637,0.4552,-0.6979,0.3117,0.6559,-0.9125,0.3054,-0.3913,0.3006,-0.0223,0.6635,-0.9252,0.4401,-0.5374,0.3361,0.4476,0.4919,-0.7051,0.006,0.013,0.0,0.0,0.006,0.0,0.0,0.0,0.013,0.0,0.013,0.006,0.006,0.0,0.0,0.0,0.006,0.0,0.0905,0.0031,0.0982,0.1963,0.2025,-0.224,0.1856,-0.813,1.5831,0.0015,0.2025,-0.2408,0.2684,-0.9572,1.6352,0.2746,0.0322,0.0859,-0.0288,-0.0,-0.0,0.0,-0.0,0.0039,-0.0,0.0033,-0.0,0.0,-0.0,0.004,0.0,0.0009,-0.0,0.0001,-0.0,0.0,0.0288,-0.0616,0.0041,0.0082,0.0208,0.1623,0.4562,-0.6983,0.3115,0.6536,-0.9141,0.3052,-0.3936,0.3016,-0.0212,0.663,-0.9275,0.4424,-0.5377,0.338,0.4511,0.4911,-0.705,0.0,0.0,0.0,0.0,0.0,0.0,0.0,0.0,0.0,
4.76,run,-0.54,3.47,0.46,-0.01,-1.07,0.0,0.0,0.0,0.117,5.8,0.62,5.8,10.99,11.51,-12.66,10.81,-46.58,91.14,-0.7,12.22,-13.54,15.29,-54.76,93.69,15.73,2.37,5.19,5.68,0.06,5.72,10.88,11.0,-12.73,10.68,-46.64,90.55,-0.74,11.45,-13.75,15.45,-54.57,93.63,15.77,2.07,5.03,0.1622,0.4556,-0.6974,0.3108,0.6545,-0.9145,0.3052,-0.3934,0.3005,-0.021,0.6627,-0.9264,0.4413,-0.5376,0.3368,0.4505,0.4922,-0.7056,0.006,0.013,0.0,0.0,0.013,0.006,0.0,0.006,0.013,0.0,0.019,0.006,0.006,0.006,0.0,0.0,0.006,0.006,0.0982,0.0031,0.0982,0.1963,0.2025,-0.224,0.1856,-0.8145,1.5831,0.0015,0.2025,-0.2424,0.2684,-0.9587,1.6352,0.2746,0.0322,0.0859,0.0086,-0.0,-0.0,0.0,-0.0,0.0027,-0.0,-0.0034,-0.0,0.0,-0.0,-0.0029,0.0,-0.0051,-0.0,0.0001,-0.0,0.0,0.0305,-0.0579,0.0081,0.005,-0.0081,0.1637,0.4552,-0.6979,0.3117,0.6559,-0.9125,0.3054,-0.3913,0.3006,-0.0223,0.6635,-0.9252,0.4401,-0.5374,0.3361,0.4476,0.4919,-0.7051,0.0,0.0,0.0,0.0,0.0,0.0,0.0,0.0,0.0,
4.8,run,-0.55,3.5,0.04,0.41,1.79,0.0,0.0,0.0,0.117,5.27,0.62,5.8,10.99,11.51,-12.66,10.81,-46.58,91.14,-0.7,12.22,-13.54,15.29,-54.76,93.69,15.73,2.37,5.19,5.68,0.06,5.72,10.89,10.97,-12.73,10.69,-46.67,90.55,-0.74,11.45,-13.78,15.46,-54.59,93.62,15.78,2.06,5.03,0.1622,0.4556,-0.6974,0.311,0.654,-0.9145,0.3054,-0.3939,0.3006,-0.0212,0.6628,-0.9268,0.4417,-0.538,0.3367,0.4507,0.492,-0.7055,0.006,0.013,0.0,0.0,0.013,0.006,0.0,0.006,0.013,0.0,0.019,0.006,0.006,0.006,0.0,0.0,0.006,0.006,0.0997,0.0015,0.0982,0.1963,0.2025,-0.224,0.1856,-0.8145,1.5831,0.0015,0.2025,-0.2408,0.2684,-0.9587,1.6352,0.2746,0.0322,0.0859,0.0118,-0.0058,-0.0,0.0,-0.0,0.0019,-0.0,-0.0024,-0.0,0.0,-0.0,0.0037,0.0,-0.0036,-0.0,0.0001,-0.0,0.0,0.0317,-0.0589,0.008,-0.0002,-0.0186,0.1622,0.4557,-0.6974,0.3108,0.6545,-0.9145,0.3052,-0.3934,0.3005,-0.021,0.6627,-0.9264,0.4413,-0.5376,0.3368,0.4505,0.4922,-0.7056,0.0,0.0,0.0,0.0,0.0,0.0,0.0,0.0,0.0,
4.84,run,-0.54,3.49,0.18,-0.32,-1.49,0.0,0.0,0.0,0.117,5.98,0.62,5.8,10.99,11.51,-12.66,10.81,-46.67,91.14,-0.7,12.22,-13.71,15.38,-54.76,93.69,15.73,2.37,5.19,5.72,0.04,5.7,10.91,11.1,-12.62,10.71,-46.53,90.61,-0.78,11.5,-13.65,15.41,-54.53,93.64,15.69,2.1,5.09,0.1635,0.4553,-0.6976,0.3116,0.6563,-0.9131,0.3059,-0.3915,0.3013,-0.0223,0.6637,-0.9252,0.4403,-0.5369,0.3369,0.4483,0.4926,-0.7049,0.006,0.013,0.0,0.0,0.013,0.006,0.0,0.006,0.013,0.0,0.019,0.006,0.006,0.006,0.0,0.0,0.006,0.006,0.0905,0.0015,0.0982,0.1963,0.2025,-0.224,0.1856,-0.8145,1.5831,0.0015,0.2025,-0.2408,0.2684,-0.9587,1.6352,0.2746,0.0322,0.0859,-0.0263,-0.004,-0.0,0.0,-0.0,0.0013,-0.0,-0.0017,-0.0,0.0,-0.0,0.0026,0.0,-0.0025,-0.0,0.0,-0.0,0.0,0.0309,-0.0567,0.0007,0.0071,0.0312,0.1622,0.4556,-0.6974,0.311,0.654,-0.9145,0.3054,-0.3939,0.3006,-0.0212,0.6628,-0.9268,0.4417,-0.538,0.3367,0.4507,0.492,-0.7055,0.0,0.0,0.0,0.0,0.0,0.0,0.0,0.0,0.0,
4.88,run,-0.56,3.48,-0.5,-0.19,0.55,0.0,0.0,0.0,0.117,5.71,0.62,5.8,10.99,11.51,-12.66,10.81,-46.67,91.14,-0.7,12.22,-13.54,15.29,-54.76,93.69,15.73,2.37,5.19,5.67,0.11,5.71,10.88,10.98,-12.85,10.7,-46.72,90.64,-0.73,11.49,-13.87,15.5,-54.6,93.76,15.85,2.11,5.08,0.162,0.4565,-0.6976,0.3107,0.6542,-0.9159,0.3058,-0.3949,0.3016,-0.0209,0.6635,-0.9279,0.4428,-0.5381,0.3384,0.4528,0.4929,-0.705,0.013,0.013,0.0,0.0,0.013,0.006,0.0,0.0,0.013,0.0,0.019,0.013,0.006,0.006,0.0,0.0,0.0,0.0,0.1028,0.0015,0.0982,0.1963,0.2025,-0.224,0.1856,-0.8161,1.5831,0.0015,0.2025,-0.2439,0.27,-0.9587,1.6352,0.2746,0.0322,0.0859,0.0276,-0.0028,-0.0,0.0,-0.0,0.0009,-0.0,-0.0069,-0.0,0.0,-0.0,-0.0097,0.0058,-0.0018,-0.0,0.0,-0.0,0.0,0.0319,-0.0576,0.0032,-0.0055,-0.0259,0.1635,0.4553,-0.6976,0.3116,0.6563,-0.9131,0.3059,-0.3915,0.3013,-0.0223,0.6637,-0.9252,0.4403,-0.5369,0.3369,0.4483,0.4926,-0.7049,0.0,0.0,0.0,0.0,0.0,0.0,0.0,0.0,0.0,
4.92,run,-0.58,3.49,-0.56,-0.16,1.7,0.0,0.0,0.0,0.117,5.45,0.62,5.8,10.99,11.51,-12.66,10.81,-46.67,91.14,-0.7,12.22,-13.71,15.29,-54.76,93.69,15.73,2.37,5.19,5.71,0.08,5.7,10.91,11.05,-12.68,10.72,-46.58,90.72,-0.77,11.52,-13.75,15.45,-54.51,93.75,15.75,2.07,5.19,0.163,0.4559,-0.6976,0.3116,0.6554,-0.9139,0.3061,-0.3923,0.3026,-0.022,0.664,-0.9264,0.4415,-0.5365,0.3382,0.45,0.4922,-0.7037,0.013,0.013,0.0,0.0,0.013,0.006,0.0,0.0,0.013,0.0,0.019,0.013,0.006,0.006,0.0,0.0,0.0,0.0,0.0982,0.0015,0.0982,0.1963,0.2025,-0.224,0.1856,-0.8161,1.5831,0.0015,0.2025,-0.2408,0.2684,-0.9587,1.6352,0.2746,0.0322,0.0859,0.002,-0.002,-0.0,0.0,-0.0,0.0006,-0.0,-0.0049,-0.0,0.0,-0.0,0.0047,-0.0017,-0.0012,-0.0,0.0,-0.0,0.0,0.0298,-0.0588,-0.0088,-0.0033,0.0096,0.162,0.4565,-0.6976,0.3107,0.6542,-0.9159,0.3058,-0.3949,0.3016,-0.0209,0.6635,-0.9279,0.4428,-0.5381,0.3384,0.4528,0.4929,-0.705,0.0,0.0,0.0,0.0,0.0,0.0,0.0,0.0,0.0,
4.96,run,-0.58,3.46,-0.19,-0.51,-1.91,0.0,0.0,0.0,0.117,6.06,0.62,5.8,10.99,11.51,-12.74,10.81,-46.67,91.14,-0.7,12.22,-13.71,15.29,-54.67,93.69,15.73,2.37,5.19,5.72,0.11,5.68,10.91,11.15,-12.7,10.72,-46.54,90.79,-0.78,11.57,-13.71,15.44,-54.52,93.81,15.73,2.12,5.21,0.1636,0.4565,-0.6978,0.3117,0.6573,-0.9141,0.3064,-0.3917,0.3034,-0.0224,0.665,-0.926,0.4412,-0.5367,0.3389,0.4496,0.4931,-0.7034,0.013,0.013,0.0,0.0,0.013,0.006,0.0,0.0,0.013,0.0,0.019,0.013,0.006,0.006,0.0,0.0,0.0,0.0,0.0936,0.0015,0.0982,0.1963,0.2025,-0.224,0.1856,-0.8161,1.5831,0.0015,0.2025,-0.2439,0.2684,-0.9587,1.6352,0.2746,0.0322,0.0859,-0.0159,-0.0014,-0.0,0.0,-0.0,0.0005,-0.0,-0.0034,-0.0,0.0,-0.0,-0.0082,-0.0012,-0.0009,-0.0,0.0,-0.0,0.0,0.0279,-0.0572,-0.0098,-0.0027,0.0298,0.163,0.4559,-0.6976,0.3116,0.6554,-0.9139,0.3061,-0.3923,0.3026,-0.022,0.664,-0.9264,0.4415,-0.5365,0.3382,0.45,0.4922,-0.7037,0.0,0.0,0.0,0.0,0.0,0.0,0.0,0.0,0.0,
5.0,run,-0.6,3.46,-0.36,0.02,1.22,0.0,0.0,0.0,0.117,5.45,0.62,5.8,10.99,11.51,-12.74,10.81,-46.67,91.14,-0.7,12.22,-13.54,15.29,-54.67,93.69,15.73,2.37,5.19,5.68,0.13,5.72,10.88,11.02,-12.84,10.71,-46.74,90.8,-0.74,11.53,-13.9,15.51,-54.62,93.85,15.85,2.11,5.13,0.1624,0.4569,-0.6974,0.3107,0.655,-0.9158,0.306,-0.3952,0.3036,-0.021,0.6642,-0.9282,0.4431,-0.5385,0.3394,0.4527,0.4929,-0.7044,0.019,0.013,0.0,0.0,0.013,0.0,0.0,0.0,0.0,0.0,0.019,0.006,0.006,0.006,0.006,0.0,0.006,0.0,0.1043,0.0015,0.0982,0.1963,0.2025,-0.2255,0.1856,-0.8161,1.5831,0.0015,0.2025,-0.2439,0.2684,-0.9572,1.6352,0.2746,0.0322,0.0859,0.029,-0.001,-0.0,0.0,-0.0,-0.0054,-0.0,-0.0024,-0.0,0.0,-0.0,-0.0058,-0.0008,0.0051,-0.0,0.0,-0.0,0.0,0.0287,-0.0598,-0.0033,-0.009,-0.0333,0.1636,0.4565,-0.6978,0.3117,0.6573,-0.9141,0.3064,-0.3917,0.3034,-0.0224,0.665,-0.926,0.4412,-0.5367,0.3389,0.4496,0.4931,-0.7034,0.0,0.0,0.0,0.0,0.0,0.0,0.0,0.0,0.0,
5.04,run,-0.58,3.48,0.3,0.16,-0.55,0.7,0.0,0.0,0.117,5.71,0.62,5.8,10.99,11.51,-12.74,10.81,-46.67,91.14,-0.7,12.22,-13.8,15.29,-54.76,93.78,15.73,2.37,5.19,5.84,0.49,5.41,11.05,11.57,-12.9,10.84,-46.51,91.52,-0.83,11.96,-13.93,15.47,-54.52,95.02,15.87,2.36,5.38,0.1668,0.4635,-0.701,0.3156,0.6649,-0.9164,0.3097,-0.391,0.312,-0.0237,0.6719,-0.9286,0.4419,-0.5368,0.3532,0.4533,0.4975,-0.7014,0.019,0.013,0.0,0.0,0.013,0.0,0.0,0.0,0.0,0.0,0.019,0.006,0.006,0.006,0.006,0.0,0.006,0.0,0.0936,0.0015,0.0982,0.1963,0.2025,-0.2255,0.1856,-0.8161,1.5831,0.0015,0.2025,-0.2408,0.2684,-0.9572,1.6352,0.2746,0.0322,0.0859,-0.0201,-0.0007,-0.0,0.0,-0.0,-0.0038,-0.0,-0.0017,-0.0,0.0,-0.0,0.0075,-0.0006,0.0036,-0.0,0.0,-0.0,0.0,0.0263,-0.0605,-0.0063,0.0003,0.0212,0.1624,0.4569,-0.6974,0.3107,0.655,-0.9158,0.306,-0.3952,0.3036,-0.021,0.6642,-0.9282,0.4431,-0.5385,0.3394,0.4527,0.4929,-0.7044,0.0,0.0,0.0148,0.0,0.0,0.0,0.0,0.0,0.0,
5.08,run,-0.59,3.45,0.14,-0.2,-1.01,1.5,0.0,0.0,0.117,5.89,0.62,5.8,10.99,11.51,-12.83,10.81,-46.67,91.14,-0.7,12.22,-13.8,15.29,-54.76,93.87,15.73,2.37,5.19,5.94,0.92,5.09,11.12,11.97,-13.27,10.94,-46.57,92.32,-0.8,12.34,-14.23,15.56,-54.57,96.48,16.14,2.69,5.54,0.1698,0.4713,-0.7048,0.3177,0.6721,-0.9209,0.3126,-0.3921,0.3214,-0.0229,0.6789,-0.9322,0.4447,-0.5376,0.3704,0.4611,0.5034,-0.6995,0.019,0.013,0.0,0.0,0.013,0.0,0.0,0.0,0.0,0.0,0.019,0.006,0.006,0.006,0.006,0.0,0.006,0.0,0.0982,0.0015,0.0982,0.1963,0.2025,-0.2255,0.1856,-0.8161,1.5831,0.0015,0.2025,-0.2454,0.2684,-0.9587,1.6368,0.2746,0.0322,0.0859,0.0008,-0.0005,-0.0,0.0,-0.0,-0.0026,-0.0,-0.0012,-0.0,0.0,-0.0,-0.0096,-0.0004,-0.0024,0.0049,0.0,-0.0,0.0,0.028,-0.0585,0.0052,0.0027,-0.0095,0.1668,0.4635,-0.701,0.3156,0.6649,-0.9164,0.3097,-0.391,0.312,-0.0237,0.6719,-0.9286,0.4419,-0.5368,0.3532,0.4533,0.4975,-0.7014,0.0,0.0,0.0296,0.0,0.0,0.0,0.0,0.0,0.0,
5.12,run,-0.6,3.47,-0.24,0.4,2.12,2.2,0.0,0.0,0.117,5.36,0.62,5.62,10.99,11.6,-13.18,10.81,-46.67,91.23,-0.7,12.22,-13.97,15.29,-54.67,94.22,16.0,2.46,5.19,6.08,1.32,4.73,11.24,12.36,-13.42,11.06,-46.51,93.17,-0.82,12.73,-14.47,15.64,-54.51,97.89,16.33,2.94,5.86,0.1737,0.4785,-0.7091,0.321,0.6792,-0.9226,0.316,-0.3911,0.3314,-0.0235,0.6861,-0.935,0.4467,-0.5366,0.3869,0.4665,0.508,-0.6958,0.013,0.0,0.006,0.0,0.006,0.006,0.006,0.006,0.006,0.0,0.006,0.013,0.013,0.006,0.006,0.006,0.0,0.013,0.1012,0.0015,0.0982,0.1963,0.2025,-0.227,0.1856,-0.8161,1.5831,0.0015,0.2025,-0.2454,0.2684,-0.9587,1.6383,0.2746,0.0322,0.0859,0.012,-0.0003,-0.0,0.0,-0.0,-0.0076,-0.0,-0.0008,-0.0,0.0,-0.0,-0.0067,-0.0003,-0.0017,0.0092,0.0,-0.0,0.0,0.0276,-0.061,0.0024,-0.0035,-0.0175,0.1698,0.4713,-0.7048,0.3177,0.6721,-0.9209,0.3126,-0.3921,0.3214,-0.0229,0.6789,-0.9322,0.4447,-0.5376,0.3704,0.4611,0.5034,-0.6995,0.0,0.0,0.0444,0.0,0.0,0.0,0.0,0.0,0.0,
5.16,run,-0.56,3.45,-0.07,-0.39,-1.82,3.0,0.0,0.0,0.117,6.33,0.79,5.19,10.99,11.78,-13.36,10.81,-46.58,91.76,-0.7,12.39,-14.33,15.38,-54.58,95.27,16.26,2.72,5.45,6.26,1.8,4.19,11.42,12.95,-13.4,11.19,-46.3,94.01,-0.94,13.19,-14.55,15.65,-54.45,99.25,16.4,3.22,6.08,0.1788,0.4873,-0.7154,0.3264,0.6899,-0.9224,0.3196,-0.3873,0.3413,-0.0268,0.6943,-0.9359,0.4472,-0.5355,0.403,0.4685,0.5131,-0.6932,0.013,0.0,0.006,0.0,0.006,0.006,0.006,0.006,0.006,0.0,0.006,0.013,0.013,0.006,0.006,0.006,0.0,0.013,0.092,0.0015,0.0951,0.1963,0.204,-0.2332,0.1856,-0.8161,1.5846,0.0015,0.2025,-0.2485,0.2684,-0.9572,1.6444,0.2792,0.0337,0.0859,-0.0261,-0.0002,-0.0115,0.0,0.0058,-0.0283,-0.0,-0.0006,0.0058,0.0,-0.0,-0.0162,-0.0002,0.0046,0.0294,0.0173,0.0058,0.0,0.0267,-0.059,-0.0043,0.007,0.0371,0.1737,0.4785,-0.7091,0.321,0.6792,-0.9226,0.316,-0.3911,0.3314,-0.0235,0.6861,-0.935,0.4467,-0.5366,0.3869,0.4665,0.508,-0.6958,0.0,0.0,0.0592,0.0,0.0,0.0,0.0,0.0,0.0,
5.2,run,-0.52,3.45,0.93,0.52,-0.17,3.7,0.0,0.0,0.117,6.24,1.23,4.92,10.99,12.22,-13.36,10.81,-46.58,92.2,-0.7,12.74,-14.5,15.56,-54.67,96.15,16.26,2.9,5.71,6.31,2.41,3.45,11.66,13.13,-13.58,11.19,-46.38,94.72,-0.96,13.34,-14.9,15.75,-54.56,100.65,16.63,3.19,6.17,0.1804,0.4985,-0.7242,0.3332,0.6933,-0.9245,0.3196,-0.3888,0.3496,-0.0276,0.697,-0.9399,0.45,-0.5375,0.4194,0.4751,0.5126,-0.6922,0.013,0.0,0.006,0.0,0.006,0.006,0.006,0.006,0.006,0.0,0.006,0.013,0.013,0.006,0.006,0.006,0.0,0.013,0.1089,0.0046,0.0874,0.1963,0.2071,-0.2362,0.1856,-0.8145,1.5938,0.0015,0.2056,-0.2546,0.27,-0.9557,1.6628,0.2838,0.0383,0.0905,0.0449,0.0113,-0.0368,0.0,0.0155,-0.0313,-0.0,0.0054,0.0385,0.0,0.0115,-0.0343,0.0056,0.0089,0.0896,0.0293,0.0213,0.0172,0.0304,-0.0614,-0.0012,-0.0067,-0.0318,0.1788,0.4873,-0.7154,0.3264,0.6899,-0.9224,0.3196,-0.3873,0.3413,-0.0268,0.6943,-0.9359,0.4472,-0.5355,0.403,0.4685,0.5131,-0.6932,0.0,0.0,0.074,0.0,0.0,0.0,0.0,0.0,0.0,
5.24,run,-0.54,3.44,-0.93,-0.33,2.29,4.4,0.0,0.0,0.117,5.98,1.67,4.39,11.07,12.74,-13.54,10.81,-46.41,92.81,-0.97,13.1,-14.68,15.56,-54.76,97.56,16.52,3.08,5.98,6.42,2.8,2.76,11.88,13.37,-13.39,11.17,-46.11,95.02,-1.02,13.43,-14.83,15.71,-54.48,101.75,16.63,3.12,6.2,0.1833,0.5054,-0.7322,0.3393,0.6976,-0.9222,0.3192,-0.3839,0.3532,-0.0291,0.6987,-0.9391,0.4488,-0.5361,0.4324,0.4752,0.5112,-0.6917,0.0,0.0,0.006,0.013,0.0,0.0,0.006,0.006,0.006,0.006,0.0,0.0,0.0,0.006,0.006,0.006,0.0,0.0,0.1074,0.0123,0.0828,0.1963,0.2148,-0.2362,0.1856,-0.8145,1.6015,0.0015,0.2117,-0.2577,0.273,-0.9572,1.6782,0.2838,0.0414,0.0951,0.0257,0.0367,-0.043,0.0,0.0396,-0.0219,-0.0,0.0037,0.0557,0.0,0.0311,-0.0355,0.0154,0.0005,0.1203,0.0205,0.0264,0.0293,0.0335,-0.061,0.0163,0.009,-0.003,0.1804,0.4985,-0.7242,0.3332,0.6933,-0.9245,0.3196,-0.3888,0.3496,-0.0276,0.697,-0.9399,0.45,-0.5375,0.4194,0.4751,0.5126,-0.6922,0.0,0.0,0.0888,0.0,0.0,0.0,0.0,0.0,0.0,
5.28,run,-0.51,3.43,0.73,-0.03,-2.33,5.2,0.0,0.0,0.117,6.68,2.2,3.78,11.34,13.01,-13.54,10.81,-46.32,93.69,-0.97,13.36,-14.68,15.56,-54.58,98.96,16.61,3.08,6.06,6.52,3.52,1.78,12.26,13.7,-13.3,11.19,-45.74,95.65,-1.21,13.62,-14.79,15.69,-54.4,102.89,16.62,2.97,6.57,0.1862,0.5186,-0.7437,0.3502,0.7036,-0.9211,0.3197,-0.377,0.3606,-0.0345,0.7022,-0.9387,0.4482,-0.5345,0.4457,0.4747,0.5086,-0.6875,0.0,0.0,0.006,0.013,0.0,0.0,0.006,0.006,0.006,0.006,0.0,0.0,0.0,0.006,0.006,0.006,0.0,0.0,0.1028,0.0199,0.0736,0.1979,0.224,-0.2393,0.1856,-0.8115,1.6122,-0.0031,0.2178,-0.2608,0.273,-0.9587,1.7027,0.2884,0.0445,0.0997,0.0007,0.0545,-0.0646,0.0058,0.0623,-0.0269,-0.0,0.0141,0.0793,-0.0173,0.0448,-0.0364,0.0108,-0.0054,0.1763,0.0316,0.03,0.0378,0.0316,-0.0618,-0.0162,-0.0058,0.04,0.1833,0.5054,-0.7322,0.3393,0.6976,-0.9222,0.3192,-0.3839,0.3532,-0.0291,0.6987,-0.9391,0.4488,-0.5361,0.4324,0.4752,0.5112,-0.6917,0.0,0.0,0.1036,0.0,0.0,0.0,0.0,0.0,0.0,
5.32,run,-0.49,3.43,0.02,0.1,0.09,5.9,0.0,0.0,0.117,6.5,2.72,3.16,11.6,13.36,-13.27,10.99,-45.97,94.31,-1.05,13.36,-14.68,15.56,-54.58,100.2,16.61,3.08,6.06,6.48,3.96,1.13,12.44,13.72,-13.59,11.11,-45.74,95.94,-1.18,13.54,-14.95,15.73,-54.58,103.75,16.75,2.78,6.34,0.1852,0.5266,-0.7514,0.3554,0.7041,-0.9246,0.3176,-0.377,0.3641,-0.0338,0.7007,-0.9406,0.4495,-0.5378,0.4559,0.4787,0.505,-0.6901,0.0,0.0,0.006,0.013,0.0,0.0,0.006,0.006,0.006,0.006,0.0,0.0,0.0,0.006,0.006,0.006,0.0,0.0,0.115,0.0291,0.0629,0.2025,0.2286,-0.2393,0.1856,-0.8099,1.6276,-0.0031,0.2224,-0.2608,0.273,-0.9557,1.7273,0.2899,0.0445,0.1012,0.0465,0.0726,-0.0855,0.0213,0.0608,-0.0188,-0.0,0.0156,0.113,-0.0121,0.0486,-0.0255,0.0076,0.0077,0.2154,0.0279,0.021,0.0322,0.0347,-0.0629,0.0128,-0.0005,-0.0406,0.1862,0.5186,-0.7437,0.3502,0.7036,-0.9211,0.3197,-0.377,0.3606,-0.0345,0.7022,-0.9387,0.4482,-0.5345,0.4457,0.4747,0.5086,-0.6875,0.0,0.0,0.1184,0.0,0.0,0.0,0.0,0.0,0.0,
5.36,run,-0.5,3.43,-0.67,-0.41,1.14,6.7,0.0,0.0,0.117,6.33,3.25,2.37,11.87,13.45,-13.54,10.99,-45.88,94.83,-1.14,13.36,-14.68,15.56,-54.58,101.51,16.61,3.08,6.24,6.54,4.48,0.42,12.7,13.85,-13.53,11.1,-45.21,96.12,-1.27,13.62,-14.68,15.69,-54.43,104.56,16.71,2.58,6.59,0.1867,0.5359,-0.7598,0.363,0.7064,-0.9239,0.3172,-0.3674,0.3662,-0.0363,0.7021,-0.9374,0.4483,-0.535,0.4654,0.4773,0.5014,-0.6872,0.013,0.0,0.013,0.006,0.0,0.006,0.0,0.019,0.013,0.0,0.006,0.0,0.006,0.006,0.0,0.0,0.013,0.0,0.112,0.0383,0.0522,0.2071,0.2347,-0.2347,0.1887,-0.8038,1.6383,-0.0046,0.2224,-0.2608,0.273,-0.9557,1.7487,0.2899,0.0445,0.1012,0.021,0.0854,-0.1001,0.0322,0.0656,0.0041,0.0115,0.034,0.1194,-0.0142,0.034,-0.0178,0.0053,0.0054,0.2313,0.0195,0.0147,0.0225,0.0364,-0.0627,0.0003,0.0017,0.0015,0.1852,0.5266,-0.7514,0.3554,0.7041,-0.9246,0.3176,-0.377,0.3641,-0.0338,0.7007,-0.9406,0.4495,-0.5378,0.4559,0.4787,0.505,-0.6901,0.0,0.0,0.1332,0.0,0.0,0.0,0.0,0.0,0.0,
5.4,run,-0.46,3.41,0.5,0.02,-1.28,7.4,0.0,0.0,0.117,6.86,3.87,1.67,12.22,13.71,-13.62,10.99,-45.62,95.27,-1.14,13.36,-14.59,15.56,-54.58,102.66,16.61,3.08,6.24,6.57,5.15,-0.38,13.02,14.1,-13.56,11.14,-44.77,96.62,-1.38,13.71,-14.51,15.67,-54.36,105.37,16.72,2.48,6.9,0.1877,0.5482,-0.7691,0.3719,0.7109,-0.9243,0.3182,-0.3595,0.372,-0.0394,0.7039,-0.9354,0.4478,-0.5338,0.4749,0.4778,0.4996,-0.6836,0.013,0.0,0.013,0.006,0.0,0.006,0.0,0.019,0.013,0.0,0.006,0.0,0.006,0.006,0.0,0.0,0.013,0.0,0.1089,0.0476,0.0383,0.2117,0.2362,-0.2393,0.1887,-0.8023,1.6475,-0.0061,0.2224,-0.2608,0.273,-0.9557,1.7717,0.2899,0.0445,0.1043,0.0032,0.0943,-0.1219,0.0398,0.0517,-0.0144,0.0081,0.0295,0.1181,-0.0157,0.0238,-0.0125,0.0037,0.0038,0.2482,0.0137,0.0103,0.0273,0.0349,-0.063,-0.0117,-0.0071,0.0199,0.1867,0.5359,-0.7598,0.363,0.7064,-0.9239,0.3172,-0.3674,0.3662,-0.0363,0.7021,-0.9374,0.4483,-0.535,0.4654,0.4773,0.5014,-0.6872,0.0,0.0,0.148,0.0,0.0,0.0,0.0,0.0,0.0,
5.44,run,-0.49,3.42,-0.69,-0.33,0.25,8.1,0.0,0.0,0.117,6.24,4.31,0.97,12.39,13.89,-13.62,10.99,-45.09,95.62,-1.32,13.62,-14.5,15.56,-54.58,103.71,16.61,2.9,6.33,6.53,5.58,-0.99,13.2,14.06,-13.61,11.07,-44.56,96.72,-1.36,13.62,-14.47,15.68,-54.33,106.08,16.81,2.29,6.78,0.1867,0.5559,-0.7763,0.3771,0.7101,-0.9248,0.3163,-0.3557,0.3732,-0.0388,0.7022,-0.9349,0.448,-0.5332,0.4833,0.4804,0.4962,-0.685,0.013,0.0,0.013,0.006,0.0,0.006,0.0,0.019,0.013,0.0,0.006,0.0,0.006,0.006,0.0,0.0,0.013,0.0,0.1181,0.0583,0.0261,0.2178,0.2408,-0.2408,0.1887,-0.7977,1.6552,-0.0061,0.2224,-0.2592,0.273,-0.9557,1.7917,0.2899,0.0445,0.1043,0.0365,0.106,-0.131,0.0507,0.0533,-0.0158,0.0056,0.0378,0.1112,-0.011,0.0167,-0.003,0.0026,0.0026,0.248,0.0096,0.0072,0.0191,0.0389,-0.0642,0.0088,0.0003,-0.0223,0.1877,0.5482,-0.7691,0.3719,0.7109,-0.9243,0.3182,-0.3595,0.372,-0.0394,0.7039,-0.9354,0.4478,-0.5338,0.4749,0.4778,0.4996,-0.6836,0.0,0.0,0.1628,0.0,0.0,0.0,0.0,0.0,0.0,
5.48,run,-0.48,3.47,0.55,0.81,1.65,8.9,0.0,0.0,0.117,6.42,4.92,0.26,12.66,13.97,-13.62,10.99,-44.74,95.98,-1.41,13.62,-14.5,15.56,-54.58,104.77,16.61,2.9,6.59,6.59,6.16,-1.7,13.48,14.24,-13.52,11.09,-44.14,97.04,-1.49,13.73,-14.21,15.66,-54.28,106.77,16.77,2.18,7.08,0.1882,0.5665,-0.7847,0.385,0.7135,-0.9238,0.317,-0.348,0.3769,-0.0425,0.7043,-0.9319,0.4473,-0.5323,0.4914,0.4793,0.4942,-0.6814,0.006,0.006,0.006,0.013,0.0,0.0,0.0,0.006,0.013,0.0,0.0,0.006,0.0,0.013,0.006,0.0,0.013,0.006,0.1074,0.066,0.0138,0.2209,0.2439,-0.2408,0.1887,-0.7885,1.6613,-0.0092,0.227,-0.2577,0.273,-0.9557,1.8101,0.2899,0.0414,0.1058,-0.0146,0.1029,-0.1376,0.047,0.0488,-0.011,0.0039,0.0609,0.1008,-0.0192,0.0289,0.0036,0.0018,0.0019,0.2425,0.0067,-0.0064,0.0191,0.0364,-0.0638,-0.0121,-0.0058,0.0043,0.1867,0.5559,-0.7763,0.3771,0.7101,-0.9248,0.3163,-0.3557,0.3732,-0.0388,0.7022,-0.9349,0.448,-0.5332,0.4833,0.4804,0.4962,-0.685,0.0,0.0,0.1776,0.0,0.0,0.0,0.0,0.0,0.0,
5.52,run,-0.49,3.46,0.02,-0.34,-1.75,9.6,0.0,0.0,0.117,6.86,5.45,-0.44,12.83,13.97,-13.62,10.99,-44.47,96.24,-1.41,13.62,-14.41,15.56,-54.58,105.64,16.7,2.72,6.59,6.56,6.56,-2.32,13.68,14.27,-13.26,11.03,-43.67,97.07,-1.46,13.65,-13.84,15.61,-54.03,107.46,16.78,2.03,7.09,0.1874,0.5739,-0.792,0.3908,0.714,-0.9207,0.3152,-0.3395,0.3773,-0.0417,0.7028,-0.9276,0.4461,-0.5279,0.4995,0.4794,0.4914,-0.6813,0.006,0.006,0.006,0.013,0.0,0.0,0.0,0.006,0.013,0.0,0.0,0.006,0.0,0.013,0.006,0.0,0.013,0.006,0.1104,0.0767,0.0015,0.2255,0.2454,-0.2408,0.1887,-0.7823,1.6674,-0.0107,0.227,-0.2577,0.273,-0.9557,1.8285,0.2899,0.0414,0.1104,0.0013,0.1123,-0.1424,0.0501,0.0399,-0.0077,0.0028,0.0657,0.0936,-0.0192,0.0202,0.0025,0.0013,0.0013,0.2388,0.0047,-0.0045,0.0306,0.0372,-0.0591,0.0096,0.0142,0.0288,0.1882,0.5665,-0.7847,0.385,0.7135,-0.9238,0.317,-0.348,0.3769,-0.0425,0.7043,-0.9319,0.4473,-0.5323,0.4914,0.4793,0.4942,-0.6814,0.0,0.0,0.1924,0.0,0.0,0.0,0.0,0.0,0.0,
5.56,run,-0.51,3.47,-0.41,-0.02,0.93,10.4,0.0,0.0,0.117,6.15,5.98,-1.14,13.18,14.15,-13.45,10.99,-44.03,96.42,-1.41,13.62,-14.15,15.56,-54.58,106.44,16.7,2.64,6.86,6.52,7.18,-2.89,13.9,14.3,-13.57,11.04,-43.51,97.39,-1.53,13.7,-13.86,15.65,-54.03,108.13,16.91,1.9,7.37,0.1862,0.585,-0.7987,0.3971,0.7146,-0.9244,0.3154,-0.3365,0.3811,-0.0436,0.7037,-0.9277,0.4471,-0.5278,0.5074,0.4832,0.4891,-0.678,0.006,0.006,0.006,0.013,0.0,0.0,0.0,0.006,0.013,0.0,0.0,0.006,0.0,0.013,0.006,0.0,0.013,0.006,0.1181,0.0859,-0.0107,0.2286,0.2454,-0.2408,0.1887,-0.7777,1.672,-0.0107,0.227,-0.2562,0.273,-0.9557,1.8438,0.2915,0.0383,0.1104,0.0299,0.1134,-0.1461,0.0467,0.0279,-0.0054,0.0019,0.0634,0.0829,-0.0134,0.0142,0.0076,0.0009,0.0009,0.2252,0.0091,-0.0148,0.0215,0.036,-0.0598,0.0003,-0.0059,-0.0306,0.1874,0.5739,-0.792,0.3908,0.714,-0.9207,0.3152,-0.3395,0.3773,-0.0417,0.7028,-0.9276,0.4461,-0.5279,0.4995,0.4794,0.4914,-0.6813,0.0,0.0,0.2072,0.0,0.0,0.0,0.0,0.0,0.0,
5.6,run,-0.48,3.55,0.73,0.81,0.69,11.1,0.0,0.0,0.117,6.5,6.42,-1.85,13.36,14.15,-13.36,10.99,-43.68,96.5,-1.41,13.62,-13.89,15.56,-54.23,107.31,16.7,2.55,7.12,6.56,7.59,-3.58,14.15,14.4,-13.21,11.04,-42.99,97.37,-1.63,13.74,-13.44,15.6,-53.85,108.6,16.83,1.79,7.48,0.1875,0.5925,-0.8068,0.4043,0.7164,-0.9201,0.3153,-0.327,0.3808,-0.0467,0.7044,-0.9228,0.4458,-0.5246,0.513,0.4809,0.4871,-0.6767,0.006,0.0,0.006,0.013,0.0,0.006,0.0,0.006,0.013,0.013,0.0,0.006,0.0,0.013,0.006,0.006,0.019,0.006,0.1058,0.0951,-0.023,0.2347,0.2485,-0.2378,0.1887,-0.7701,1.6751,-0.0107,0.227,-0.2516,0.273,-0.9557,1.8577,0.2915,0.0368,0.115,-0.0248,0.1137,-0.148,0.0555,0.031,0.0076,0.0014,0.0729,0.0695,-0.0094,0.0099,0.0224,0.0006,0.0006,0.209,0.0064,-0.016,0.0322,0.0343,-0.0589,-0.0072,-0.0003,0.0162,0.1862,0.585,-0.7987,0.3971,0.7146,-0.9244,0.3154,-0.3365,0.3811,-0.0436,0.7037,-0.9277,0.4471,-0.5278,0.5074,0.4832,0.4891,-0.678,0.0,0.0,0.222,0.0,0.0,0.0,0.0,0.0,0.0,
5.64,run,-0.49,3.5,-0.27,-0.39,-0.98,11.8,0.0,0.0,0.117,6.77,7.12,-2.64,13.62,14.15,-13.36,10.99,-43.24,96.86,-1.67,13.62,-13.71,15.56,-54.05,108.11,16.7,2.46,7.29,6.5,7.95,-4.16,14.32,14.34,-12.97,11.0,-42.62,97.36,-1.59,13.65,-13.16,15.6,-53.6,109.31,16.88,1.63,7.4,0.1856,0.5991,-0.8136,0.409,0.7153,-0.9172,0.3142,-0.3204,0.3807,-0.0456,0.7027,-0.9196,0.4456,-0.5199,0.5213,0.4823,0.4842,-0.6777,0.006,0.0,0.006,0.013,0.0,0.006,0.0,0.006,0.013,0.013,0.0,0.006,0.0,0.013,0.006,0.006,0.019,0.006,0.112,0.1028,-0.0353,0.2378,0.2485,-0.2362,0.1887,-0.7639,1.6766,-0.0107,0.227,-0.247,0.273,-0.9495,1.873,0.2915,0.0353,0.1197,0.0057,0.1084,-0.1497,0.0504,0.0217,0.0111,0.0009,0.0741,0.0544,-0.0066,0.0069,0.033,0.0004,0.0235,0.204,0.0044,-0.017,0.0398,0.0371,-0.0526,0.0127,0.0142,0.012,0.1875,0.5925,-0.8068,0.4043,0.7164,-0.9201,0.3153,-0.327,0.3808,-0.0467,0.7044,-0.9228,0.4458,-0.5246,0.513,0.4809,0.4871,-0.6767,0.0,0.0,0.2368,0.0,0.0,0.0,0.0,0.0,0.0,
5.68,run,-0.5,3.5,-0.52,-0.26,1.43,12.6,0.0,0.0,0.117,6.15,7.47,-3.16,13.8,14.15,-13.27,10.99,-43.07,96.94,-1.67,13.62,-13.45,15.56,-54.05,108.54,16.7,2.29,7.29,6.47,8.54,-4.82,14.58,14.35,-12.96,10.98,-42.32,97.6,-1.69,13.67,-13.01,15.6,-53.49,109.85,16.94,1.48,7.78,0.1849,0.6098,-0.8214,0.4165,0.7155,-0.9172,0.3138,-0.3149,0.3835,-0.0482,0.7031,-0.9178,0.4456,-0.5181,0.5276,0.4839,0.4815,-0.6732,0.006,0.0,0.006,0.013,0.0,0.006,0.0,0.006,0.013,0.013,0.0,0.006,0.0,0.013,0.006,0.006,0.019,0.006,0.1166,0.115,-0.0491,0.2424,0.2485,-0.2362,0.1887,-0.7563,1.6828,-0.0153,0.227,-0.2439,0.273,-0.9465,1.8868,0.2915,0.0337,0.1227,0.0185,0.1146,-0.1484,0.0498,0.0152,0.0078,0.0007,0.0761,0.0574,-0.0191,0.0049,0.0328,0.0003,0.0261,0.1864,0.0031,-0.0167,0.0375,0.0362,-0.0564,-0.0048,-0.0069,-0.0171,0.1856,0.5991,-0.8136,0.409,0.7153,-0.9172,0.3142,-0.3204,0.3807,-0.0456,0.7027,-0.9196,0.4456,-0.5199,0.5213,0.4823,0.4842,-0.6777,0.0,0.0,0.2516,0.0,0.0,0.0,0.0,0.0,0.0,
5.72,run,-0.49,3.52,0.08,-0.09,-1.7,13.3,0.0,0.0,0.117,6.94,7.82,-3.78,13.97,14.15,-13.1,10.99,-42.63,96.94,-1.67,13.62,-13.1,15.56,-53.79,109.25,16.96,2.29,7.29,6.52,8.99,-5.49,14.83,14.52,-12.84,11.06,-41.84,97.64,-1.82,13.83,-12.75,15.55,-53.28,110.36,16.94,1.48,8.04,0.1862,0.6181,-0.8293,0.4236,0.7186,-0.9158,0.3159,-0.3063,0.384,-0.0521,0.706,-0.9147,0.4444,-0.5142,0.5336,0.484,0.4814,-0.6701,0.013,0.006,0.013,0.013,0.006,0.0,0.0,0.006,0.013,0.006,0.0,0.006,0.0,0.019,0.006,0.006,0.019,0.006,0.1058,0.1212,-0.0583,0.2454,0.2485,-0.2347,0.1887,-0.7532,1.6843,-0.0153,0.227,-0.2393,0.273,-0.9465,1.8945,0.2915,0.0307,0.1227,-0.027,0.103,-0.1381,0.0463,0.0106,0.0111,0.0005,0.0647,0.0459,-0.0134,0.0034,0.0401,0.0002,0.0183,0.159,0.0022,-0.0231,0.0263,0.0354,-0.0569,-0.009,-0.0045,0.025,0.1849,0.6098,-0.8214,0.4165,0.7155,-0.9172,0.3138,-0.3149,0.3835,-0.0482,0.7031,-0.9178,0.4456,-0.5181,0.5276,0.4839,0.4815,-0.6732,0.0,0.0,0.2664,0.0,0.0,0.0,0.0,0.0,0.0,
5.76,run,-0.52,3.5,-0.39,-0.19,0.94,14.1,0.0,0.0,0.117,6.24,8.44,-4.48,14.33,14.15,-12.83,10.99,-42.1,96.94,-1.76,13.71,-12.92,15.56,-53.61,109.95,16.96,2.29,7.65,6.43,9.4,-5.98,14.98,14.39,-12.73,11.0,-41.67,97.67,-1.82,13.75,-12.65,15.57,-53.06,110.97,17.05,1.32,8.05,0.1837,0.6255,-0.8351,0.428,0.7161,-0.9145,0.3144,-0.3031,0.3843,-0.0521,0.7046,-0.9135,0.445,-0.5102,0.5408,0.4872,0.4785,-0.67,0.013,0.006,0.013,0.013,0.006,0.0,0.0,0.006,0.013,0.006,0.0,0.006,0.0,0.019,0.006,0.006,0.019,0.006,0.1197,0.1273,-0.069,0.2485,0.2485,-0.2316,0.1887,-0.7455,1.6843,-0.0153,0.227,-0.2332,0.273,-0.9419,1.9067,0.2961,0.0307,0.1227,0.0329,0.0951,-0.1369,0.0439,0.0074,0.0193,0.0003,0.074,0.0321,-0.0094,0.0024,0.0511,0.0001,0.0301,0.1573,0.0188,-0.0162,0.0184,0.0366,-0.055,0.0013,-0.0015,-0.0297,0.1862,0.6181,-0.8293,0.4236,0.7186,-0.9158,0.3159,-0.3063,0.384,-0.0521,0.706,-0.9147,0.4444,-0.5142,0.5336,0.484,0.4814,-0.6701,0.0,0.0,0.2812,0.0,0.0,0.0,0.0,0.0,0.0,
5.8,run,-0.49,3.58,0.81,0.97,0.96,14.8,0.0,0.0,0.117,6.33,8.79,-5.01,14.5,14.33,-12.83,10.99,-41.84,96.94,-1.76,13.71,-12.66,15.56,-53.53,110.39,16.88,2.29,7.82,6.46,9.81,-6.68,15.24,14.47,-12.25,11.0,-41.14,97.59,-1.93,13.78,-12.13,15.51,-52.86,111.32,16.95,1.21,8.23,0.1845,0.6329,-0.8432,0.4355,0.7176,-0.9089,0.3143,-0.2934,0.3834,-0.0552,0.7051,-0.9074,0.4431,-0.5066,0.545,0.4843,0.4765,-0.6678,0.013,0.006,0.013,0.013,0.006,0.0,0.0,0.006,0.013,0.006,0.0,0.006,0.0,0.019,0.006,0.006,0.019,0.006,0.1074,0.1381,-0.0813,0.2546,0.2485,-0.227,0.1887,-0.7363,1.6843,-0.0169,0.2286,-0.2301,0.273,-0.9388,1.919,0.2961,0.0307,0.1289,-0.0232,0.107,-0.1421,0.0538,0.0052,0.0308,0.0002,0.0865,0.0225,-0.0123,0.0074,0.0473,0.0001,0.0326,0.1563,0.0131,-0.0113,0.036,0.0337,-0.0564,-0.0068,-0.0033,0.0164,0.1837,0.6255,-0.8351,0.428,0.7161,-0.9145,0.3144,-0.3031,0.3843,-0.0521,0.7046,-0.9135,0.445,-0.5102,0.5408,0.4872,0.4785,-0.67,0.0,0.0,0.296,0.0,0.0,0.0,0.0,0.0,0.0,
5.84,run,-0.51,3.53,-0.22,-0.62,-1.93,15.5,0.0,0.0,0.117,6.68,9.32,-5.71,14.77,14.33,-12.57,10.99,-41.48,96.94,-1.93,13.71,-12.48,15.56,-53.26,111.01,16.88,1.93,8.09,6.41,10.15,-7.1,15.38,14.45,-12.08,10.99,-40.83,97.52,-1.92,13.73,-11.83,15.46,-52.59,111.94,17.0,1.15,8.21,0.1832,0.639,-0.8483,0.4394,0.7172,-0.9069,0.3139,-0.2878,0.3826,-0.0548,0.7041,-0.9039,0.4418,-0.5017,0.5522,0.4857,0.4755,-0.6681,0.0,0.0,0.006,0.013,0.0,0.006,0.0,0.006,0.013,0.0,0.0,0.006,0.0,0.019,0.0,0.0,0.019,0.0,0.1089,0.1442,-0.0905,0.2577,0.2516,-0.227,0.1887,-0.7317,1.6843,-0.0169,0.2286,-0.2255,0.273,-0.9373,1.9267,0.2945,0.0307,0.1319,-0.0105,0.0978,-0.1338,0.0491,0.0151,0.0216,0.0002,0.0777,0.0157,-0.0086,0.0052,0.0503,0.0001,0.0285,0.1381,0.0035,-0.0079,0.0367,0.0358,-0.0494,0.0141,0.0169,0.0167,0.1845,0.6329,-0.8432,0.4355,0.7176,-0.9089,0.3143,-0.2934,0.3834,-0.0552,0.7051,-0.9074,0.4431,-0.5066,0.545,0.4843,0.4765,-0.6678,0.0,0.0,0.3108,0.0,0.0,0.0,0.0,0.0,0.0,
5.88,run,-0.52,3.51,-0.1,0.29,2.09,16.3,0.0,0.0,0.117,5.98,9.76,-6.33,14.94,14.33,-12.13,10.99,-40.96,96.94,-1.93,13.71,-11.95,15.56,-53.0,111.53,16.88,1.93,8.0,6.37,10.61,-7.62,15.55,14.43,-12.26,11.01,-40.67,97.71,-1.96,13.79,-11.82,15.48,-52.49,112.45,17.13,1.02,8.55,0.1819,0.6475,-0.8543,0.4444,0.7169,-0.909,0.3146,-0.2848,0.3848,-0.056,0.7053,-0.9037,0.4423,-0.4998,0.5582,0.4893,0.4731,-0.6641,0.0,0.0,0.006,0.013,0.0,0.006,0.0,0.006,0.013,0.0,0.0,0.006,0.0,0.019,0.0,0.0,0.019,0.0,0.115,0.1534,-0.1028,0.2623,0.2516,-0.2224,0.1887,-0.7256,1.6843,-0.0199,0.2286,-0.2224,0.273,-0.9327,1.9374,0.2945,0.0245,0.1365,0.0156,0.103,-0.1397,0.0517,0.0106,0.0324,0.0001,0.0774,0.011,-0.0175,0.0036,0.0467,0.0001,0.0372,0.1369,0.0024,-0.0286,0.0429,0.0341,-0.0542,-0.0039,-0.0109,-0.0337,0.1832,0.639,-0.8483,0.4394,0.7172,-0.9069,0.3139,-0.2878,0.3826,-0.0548,0.7041,-0.9039,0.4418,-0.5017,0.5522,0.4857,0.4755,-0.6681,0.0,0.0,0.3256,0.0,0.0,0.0,0.0,0.0,0.0,
5.92,run,-0.49,3.51,0.17,-0.06,-1.35,17.0,0.0,0.0,0.117,6.59,10.02,-6.86,15.03,14.33,-12.13,10.99,-40.96,96.94,-1.93,13.71,-11.95,15.56,-52.82,112.06,16.96,1.76,8.09,6.4,10.9,-8.24,15.78,14.43,-11.68,11.06,-40.03,97.44,-2.07,13.84,-11.29,15.41,-52.13,112.87,17.03,0.93,8.65,0.1827,0.6527,-0.8617,0.4509,0.7169,-0.9021,0.3159,-0.2733,0.3817,-0.059,0.7062,-0.8975,0.4402,-0.4932,0.5632,0.4865,0.4715,-0.6629,0.0,0.0,0.006,0.013,0.0,0.006,0.0,0.006,0.013,0.0,0.0,0.006,0.0,0.019,0.0,0.0,0.019,0.0,0.1028,0.1611,-0.1135,0.2654,0.2516,-0.2148,0.1887,-0.7164,1.6843,-0.0199,0.2286,-0.2132,0.273,-0.9281,1.9466,0.2945,0.0245,0.135,-0.0351,0.1008,-0.138,0.0477,0.0074,0.0514,0.0001,0.0887,0.0077,-0.0123,0.0026,0.0672,0.0,0.0433,0.1303,0.0017,-0.02,0.0243,0.0337,-0.0555,-0.0017,0.005,0.0364,0.1819,0.6475,-0.8543,0.4444,0.7169,-0.909,0.3146,-0.2848,0.3848,-0.056,0.7053,-0.9037,0.4423,-0.4998,0.5582,0.4893,0.4731,-0.6641,0.0,0.0,0.3404,0.0,0.0,0.0,0.0,0.0,0.0,
5.96,run,-0.49,3.47,-0.21,-0.22,-0.56,17.8,0.0,0.0,0.117,6.42,10.55,-7.38,15.29,14.33,-12.13,10.99,-40.43,96.94,-2.02,13.71,-11.51,15.47,-52.73,112.5,16.88,1.67,8.35,6.32,11.44,-8.77,15.95,14.47,-11.97,11.1,-39.93,97.69,-2.1,13.89,-11.33,15.42,-51.94,113.58,17.21,0.86,8.92,0.1807,0.6626,-0.8679,0.4558,0.7175,-0.9055,0.317,-0.2714,0.3846,-0.0599,0.7071,-0.8981,0.4405,-0.4899,0.5716,0.4917,0.4702,-0.6598,0.006,0.0,0.006,0.006,0.0,0.006,0.0,0.006,0.013,0.006,0.0,0.0,0.006,0.019,0.006,0.006,0.019,0.006,0.1135,0.1657,-0.1227,0.2669,0.2516,-0.2148,0.1887,-0.7164,1.6843,-0.0199,0.2286,-0.2132,0.273,-0.925,1.9558,0.2961,0.0215,0.1365,0.0157,0.0879,-0.1311,0.0391,0.0052,0.036,0.0001,0.0621,0.0054,-0.0086,0.0018,0.047,0.0,0.0418,0.1258,0.0069,-0.0255,0.0228,0.0366,-0.0556,0.0029,-0.001,-0.0235,0.1827,0.6527,-0.8617,0.4509,0.7169,-0.9021,0.3159,-0.2733,0.3817,-0.059,0.7062,-0.8975,0.4402,-0.4932,0.5632,0.4865,0.4715,-0.6629,0.0,0.0,0.3552,0.0,0.0,0.0,0.0,0.0,0.0,
6.0,run,-0.51,3.51,-0.38,0.16,2.22,18.5,0.0,0.0,0.117,6.06,10.9,-8.0,15.56,14.33,-11.87,10.99,-40.08,96.94,-2.02,13.8,-11.34,15.47,-52.38,113.03,17.23,1.58,8.53,6.35,11.74,-9.22,16.13,14.46,-11.55,11.11,-39.55,97.68,-2.15,13.9,-10.93,15.37,-51.71,113.91,17.19,0.81,9.14,0.1813,0.668,-0.8732,0.4608,0.7175,-0.9006,0.3175,-0.2645,0.3845,-0.0613,0.7073,-0.8933,0.4391,-0.4857,0.5755,0.4912,0.4694,-0.6571,0.006,0.0,0.006,0.006,0.0,0.006,0.0,0.006,0.013,0.006,0.0,0.0,0.006,0.019,0.006,0.006,0.019,0.006,0.1104,0.1749,-0.1319,0.2715,0.2516,-0.2148,0.1887,-0.7072,1.6843,-0.0215,0.2286,-0.2056,0.2715,-0.9235,1.9635,0.2945,0.0199,0.1411,-0.0005,0.096,-0.1263,0.0446,0.0036,0.0252,0.0,0.0779,0.0038,-0.0118,0.0013,0.0617,-0.0057,0.035,0.1168,-0.0009,-0.0236,0.0332,0.0358,-0.0589,-0.0036,-0.0039,-0.0098,0.1807,0.6626,-0.8679,0.4558,0.7175,-0.9055,0.317,-0.2714,0.3846,-0.0599,0.7071,-0.8981,0.4405,-0.4899,0.5716,0.4917,0.4702,-0.6598,0.0,0.0,0.37,0.0,0.0,0.0,0.0,0.0,0.0,
6.04,run,-0.52,3.5,0.0,-0.17,-1.09,19.2,0.0,0.0,0.117,6.77,11.25,-8.53,15.73,14.41,-11.87,10.99,-39.9,97.03,-2.02,13.89,-11.25,15.47,-52.21,113.55,17.14,1.58,8.7,6.34,12.19,-9.87,16.39,14.62,-11.26,11.14,-39.09,97.6,-2.29,14.04,-10.57,15.32,-51.42,114.36,17.17,0.8,9.33,0.1813,0.6761,-0.8808,0.4683,0.7203,-0.8971,0.3184,-0.2562,0.3835,-0.0653,0.7098,-0.8891,0.4378,-0.4804,0.5807,0.4906,0.469,-0.6549,0.006,0.0,0.006,0.006,0.0,0.006,0.0,0.006,0.013,0.006,0.0,0.0,0.006,0.019,0.006,0.006,0.019,0.006,0.1043,0.181,-0.1427,0.2761,0.2516,-0.2102,0.1887,-0.701,1.6843,-0.0215,0.2301,-0.2025,0.2715,-0.9173,1.9727,0.3007,0.0184,0.1442,-0.0234,0.0903,-0.1288,0.0486,0.0025,0.035,0.0,0.0777,0.0026,-0.0082,0.0067,0.0547,-0.004,0.0476,0.1164,0.0225,-0.0223,0.0348,0.034,-0.056,-0.0067,0.0027,0.0388,0.1813,0.668,-0.8732,0.4608,0.7175,-0.9006,0.3175,-0.2645,0.3845,-0.0613,0.7073,-0.8933,0.4391,-0.4857,0.5755,0.4912,0.4694,-0.6571,0.0,0.0,0.3848,0.0,0.0,0.0,0.0,0.0,0.0,
6.08,run,-0.55,3.48,-0.47,-0.16,0.03,20.0,0.0,0.0,0.117,5.98,11.78,-9.05,15.91,14.41,-11.43,10.99,-39.29,97.03,-2.2,13.89,-10.72,15.38,-51.94,114.08,17.14,1.58,9.05,6.27,12.6,-10.27,16.52,14.56,-11.3,11.14,-38.98,97.79,-2.28,14.0,-10.47,15.31,-51.19,115.03,17.3,0.67,9.58,0.1792,0.6837,-0.8855,0.472,0.7193,-0.8977,0.3184,-0.2542,0.3857,-0.0651,0.7091,-0.8878,0.4374,-0.4762,0.5886,0.4943,0.4667,-0.652,0.013,0.0,0.006,0.006,0.0,0.0,0.0,0.006,0.013,0.006,0.0,0.006,0.0,0.019,0.013,0.0,0.019,0.0,0.1166,0.1871,-0.1519,0.2792,0.2531,-0.2102,0.1887,-0.698,1.6858,-0.0215,0.2316,-0.201,0.2715,-0.9143,1.9819,0.2991,0.0184,0.1473,0.0294,0.0861,-0.1246,0.0455,0.0075,0.0245,0.0,0.0658,0.0076,-0.0058,0.0104,0.044,-0.0028,0.0448,0.1159,0.01,-0.0156,0.0358,0.0332,-0.0566,0.0,-0.003,-0.019,0.1813,0.6761,-0.8808,0.4683,0.7203,-0.8971,0.3184,-0.2562,0.3835,-0.0653,0.7098,-0.8891,0.4378,-0.4804,0.5807,0.4906,0.469,-0.6549,0.0,0.0,0.3996,0.0,0.0,0.0,0.0,0.0,0.0,
6.12,run,-0.54,3.52,0.24,0.51,0.84,20.7,0.0,0.0,0.117,6.24,12.13,-9.58,16.08,14.41,-11.43,10.99,-39.11,97.12,-2.29,13.89,-10.63,15.38,-51.59,114.52,17.14,1.49,9.32,6.29,12.97,-10.79,16.73,14.56,-10.74,11.18,-38.52,97.53,-2.39,14.04,-9.92,15.25,-50.93,115.25,17.23,0.67,9.76,0.1797,0.6903,-0.8917,0.4779,0.7193,-0.891,0.3194,-0.2458,0.3827,-0.0683,0.7098,-0.8814,0.4358,-0.4714,0.5911,0.4922,0.4667,-0.6499,0.013,0.0,0.006,0.006,0.0,0.0,0.0,0.006,0.013,0.006,0.0,0.006,0.0,0.019,0.013,0.0,0.019,0.0,0.1028,0.1963,-0.1611,0.2823,0.2531,-0.2025,0.1887,-0.6872,1.6858,-0.0245,0.2316,-0.1917,0.27,-0.9097,1.9911,0.2991,0.0184,0.1534,-0.0315,0.095,-0.1219,0.0434,0.0053,0.0461,0.0,0.0866,0.0053,-0.0156,0.0073,0.0655,-0.0078,0.0487,0.1158,0.007,-0.0109,0.0482,0.031,-0.0581,-0.0082,-0.0027,0.0006,0.1792,0.6837,-0.8855,0.472,0.7193,-0.8977,0.3184,-0.2542,0.3857,-0.0651,0.7091,-0.8878,0.4374,-0.4762,0.5886,0.4943,0.4667,-0.652,0.0,0.0,0.4144,0.0,0.0,0.0,0.0,0.0,0.0,
6.16,run,-0.53,3.47,0.12,-0.33,-1.79,21.5,0.0,0.0,0.117,6.5,12.48,-10.02,16.17,14.41,-11.43,10.99,-38.85,97.12,-2.29,13.89,-10.37,15.38,-51.5,115.05,17.14,1.49,9.4,6.24,13.36,-11.22,16.9,14.64,-10.65,11.22,-38.18,97.58,-2.41,14.11,-9.62,15.21,-50.58,115.91,17.3,0.64,9.99,0.1782,0.6975,-0.8967,0.4828,0.7206,-0.89,0.3205,-0.2397,0.3833,-0.0688,0.711,-0.8778,0.4345,-0.4652,0.599,0.4943,0.4661,-0.6472,0.013,0.0,0.006,0.006,0.0,0.0,0.0,0.006,0.013,0.006,0.0,0.006,0.0,0.019,0.013,0.0,0.019,0.0,0.1074,0.2025,-0.1703,0.2853,0.2531,-0.2025,0.1887,-0.6842,1.6874,-0.0261,0.2316,-0.1902,0.27,-0.9035,1.9988,0.2991,0.0169,0.158,-0.0048,0.0895,-0.1198,0.0419,0.0037,0.0322,0.0,0.0721,0.0095,-0.0167,0.0051,0.0516,-0.0054,0.0571,0.1098,0.0049,-0.0134,0.051,0.0318,-0.0546,0.0043,0.0089,0.0147,0.1797,0.6903,-0.8917,0.4779,0.7193,-0.891,0.3194,-0.2458,0.3827,-0.0683,0.7098,-0.8814,0.4358,-0.4714,0.5911,0.4922,0.4667,-0.6499,0.0,0.0,0.4292,0.0,0.0,0.0,0.0,0.0,0.0,
6.2,run,-0.52,3.39,0.02,-0.58,-2.65,22.2,0.0,0.0,0.117,6.68,13.54,-11.25,16.61,14.41,-10.81,10.99,-38.06,97.12,-2.46,14.06,-9.58,15.38,-50.89,116.02,17.31,1.23,9.93,6.22,13.83,-11.75,17.07,14.62,-10.61,11.26,-37.99,97.73,-2.48,14.13,-9.51,15.19,-50.36,116.43,17.4,0.57,10.32,0.1776,0.7061,-0.9029,0.4878,0.7203,-0.8895,0.3219,-0.2362,0.3851,-0.071,0.7115,-0.8766,0.4339,-0.4611,0.605,0.4971,0.4649,-0.6433,0.0,0.0,0.0,0.0,0.0,0.0,0.006,0.013,0.013,0.006,0.0,0.006,0.006,0.013,0.013,0.0,0.019,0.006,0.112,0.2086,-0.1779,0.2869,0.2531,-0.2025,0.1887,-0.6796,1.6874,-0.0261,0.2316,-0.1856,0.27,-0.902,2.008,0.2991,0.0169,0.1595,0.0138,0.0855,-0.1124,0.035,0.0026,0.0226,0.0,0.0676,0.0066,-0.0117,0.0036,0.0533,-0.0038,0.0457,0.1112,0.0034,-0.0094,0.0414,0.0325,-0.0591,0.0021,-0.0058,-0.0313,0.1782,0.6975,-0.8967,0.4828,0.7206,-0.89,0.3205,-0.2397,0.3833,-0.0688,0.711,-0.8778,0.4345,-0.4652,0.599,0.4943,0.4661,-0.6472,0.0,0.0,0.444,0.0,0.0,0.0,0.0,0.0,0.0,
6.24,run,-0.53,3.41,0.0,0.36,1.7,22.9,0.0,0.0,0.117,5.89,13.71,-11.43,16.61,14.41,-10.72,10.99,-38.14,97.12,-2.46,14.06,-9.49,15.38,-50.8,116.28,17.31,1.23,10.11,6.12,14.2,-12.44,17.31,14.34,-10.15,11.2,-37.45,97.44,-2.51,13.92,-8.97,15.16,-50.04,116.73,17.32,0.22,10.45,0.1747,0.7128,-0.9111,0.4947,0.7152,-0.8842,0.3199,-0.2264,0.3816,-0.0718,0.7077,-0.8703,0.4331,-0.4553,0.6086,0.4947,0.4586,-0.6418,0.0,0.0,0.0,0.0,0.0,0.0,0.006,0.013,0.013,0.006,0.0,0.006,0.006,0.013,0.013,0.0,0.019,0.006,0.115,0.227,-0.1994,0.2945,0.2531,-0.1917,0.1887,-0.6657,1.6874,-0.0291,0.2347,-0.1718,0.27,-0.8912,2.0249,0.3022,0.0123,0.1687,0.0145,0.089,-0.1128,0.0367,0.0018,0.0328,0.0,0.0692,0.0046,-0.013,0.0074,0.0592,-0.0027,0.049,0.1046,0.0073,-0.0139,0.0436,0.0333,-0.066,0.0004,-0.0101,-0.0463,0.1776,0.7061,-0.9029,0.4878,0.7203,-0.8895,0.3219,-0.2362,0.3851,-0.071,0.7115,-0.8766,0.4339,-0.4611,0.605,0.4971,0.4649,-0.6433,0.0,0.0,0.4588,0.0,0.0,0.0,0.0,0.0,0.0,
6.28,run,-0.54,3.47,0.26,0.49,0.35,23.7,0.0,0.0,0.117,6.15,13.71,-11.51,16.7,14.41,-10.72,10.99,-37.97,97.12,-2.46,14.06,-9.49,15.38,-50.8,116.46,17.23,1.23,10.2,6.17,14.71,-13.1,17.59,14.62,-9.93,11.35,-36.89,97.34,-2.69,14.19,-8.52,15.08,-49.67,117.26,17.29,0.34,10.77,0.1762,0.7219,-0.9188,0.5027,0.7204,-0.8815,0.3242,-0.2161,0.3805,-0.0769,0.7125,-0.8649,0.4308,-0.4486,0.6148,0.494,0.4607,-0.638,0.0,0.0,0.0,0.0,0.0,0.0,0.006,0.013,0.013,0.006,0.0,0.006,0.006,0.013,0.013,0.0,0.019,0.006,0.1012,0.2301,-0.2025,0.2945,0.2531,-0.1902,0.1887,-0.6673,1.6874,-0.0291,0.2347,-0.1703,0.27,-0.8897,2.0295,0.3022,0.0123,0.1718,-0.0554,0.0769,-0.0935,0.0257,0.0013,0.0303,0.0,0.0412,0.0032,-0.0091,0.0051,0.0487,-0.0019,0.0416,0.095,0.0051,-0.0097,0.0451,0.0331,-0.0648,0.0,0.0062,0.0296,0.1747,0.7128,-0.9111,0.4947,0.7152,-0.8842,0.3199,-0.2264,0.3816,-0.0718,0.7077,-0.8703,0.4331,-0.4553,0.6086,0.4947,0.4586,-0.6418,0.0,0.0,0.4736,0.0,0.0,0.0,0.0,0.0,0.0,
6.32,run,-0.55,3.42,0.12,-0.3,-1.72,24.4,0.0,0.0,0.117,6.33,14.06,-11.95,16.96,14.41,-10.2,10.99,-37.53,97.12,-2.72,14.06,-8.96,15.21,-50.45,116.81,17.23,1.05,10.46,6.13,15.15,-13.33,17.7,14.73,-10.03,11.42,-36.76,97.56,-2.72,14.32,-8.32,15.05,-49.35,117.94,17.46,0.43,11.21,0.1752,0.7299,-0.9215,0.5056,0.7224,-0.8827,0.3264,-0.2138,0.383,-0.0778,0.7149,-0.8626,0.43,-0.4427,0.6228,0.4989,0.4623,-0.6328,0.013,0.0,0.006,0.006,0.0,0.006,0.006,0.006,0.006,0.0,0.0,0.0,0.006,0.019,0.0,0.006,0.006,0.006,0.1058,0.2301,-0.204,0.2961,0.2531,-0.1902,0.1887,-0.6642,1.6874,-0.0291,0.2347,-0.1703,0.27,-0.8897,2.0325,0.3007,0.0123,0.1733,-0.0216,0.0538,-0.0711,0.0237,0.0009,0.0212,0.0,0.0402,0.0023,-0.0064,0.0036,0.0341,-0.0013,0.0291,0.0779,-0.0021,-0.0068,0.0372,0.0314,-0.0596,0.0045,0.0086,0.006,0.1762,0.7219,-0.9188,0.5027,0.7204,-0.8815,0.3242,-0.2161,0.3805,-0.0769,0.7125,-0.8649,0.4308,-0.4486,0.6148,0.494,0.4607,-0.638,0.0,0.0,0.4884,0.0,0.0,0.0,0.0,0.0,0.0,
6.36,run,-0.59,3.42,-0.85,-0.06,2.74,25.2,0.0,0.0,0.117,5.71,14.59,-12.57,17.23,14.5,-10.11,11.16,-37.09,97.12,-2.72,14.06,-8.53,15.12,-50.01,117.51,17.31,0.97,10.72,6.08,15.38,-13.58,17.8,14.65,-9.84,11.47,-36.61,97.48,-2.75,14.38,-8.14,15.03,-49.04,118.34,17.57,0.41,11.47,0.1736,0.7342,-0.9245,0.5086,0.7209,-0.8805,0.3278,-0.2111,0.3821,-0.0785,0.716,-0.8605,0.4295,-0.4371,0.6275,0.5019,0.4619,-0.6298,0.013,0.0,0.006,0.006,0.0,0.006,0.006,0.006,0.006,0.0,0.0,0.0,0.006,0.019,0.0,0.006,0.006,0.006,0.1089,0.2362,-0.2117,0.3007,0.2531,-0.181,0.1887,-0.6565,1.6874,-0.0337,0.2347,-0.1611,0.2669,-0.8836,2.0387,0.3007,0.0092,0.1779,-0.0036,0.0607,-0.0786,0.0338,0.0006,0.0494,0.0,0.0569,0.0016,-0.0217,0.0025,0.0584,-0.0124,0.0434,0.0776,-0.0015,-0.0163,0.0433,0.031,-0.0635,0.0021,-0.0053,-0.0301,0.1752,0.7299,-0.9215,0.5056,0.7224,-0.8827,0.3264,-0.2138,0.383,-0.0778,0.7149,-0.8626,0.43,-0.4427,0.6228,0.4989,0.4623,-0.6328,0.0,0.0,0.5032,0.0,0.0,0.0,0.0,0.0,0.0,
6.4,run,-0.55,3.44,0.7,0.05,-2.4,25.9,0.0,0.0,0.117,6.5,15.03,-13.1,17.31,14.5,-10.11,11.25,-36.83,97.12,-2.72,14.33,-8.44,15.12,-49.66,117.86,17.49,0.97,11.07,6.1,15.72,-14.04,18.02,14.78,-9.37,11.55,-36.03,97.36,-2.86,14.53,-7.55,14.96,-48.71,118.7,17.46,0.37,11.69,0.1744,0.7404,-0.9299,0.5149,0.7233,-0.8749,0.3299,-0.2006,0.3807,-0.0817,0.7188,-0.8535,0.4274,-0.4311,0.6317,0.4988,0.4612,-0.6272,0.013,0.0,0.006,0.006,0.0,0.006,0.006,0.006,0.006,0.0,0.0,0.0,0.006,0.019,0.0,0.006,0.006,0.006,0.0982,0.2454,-0.2224,0.3053,0.2546,-0.1795,0.1917,-0.6489,1.6874,-0.0337,0.2347,-0.1534,0.2654,-0.8759,2.0509,0.3022,0.0077,0.1825,-0.0431,0.0773,-0.0956,0.0411,0.0062,0.0403,0.0116,0.0688,0.0011,-0.0152,0.0018,0.0699,-0.0145,0.0593,0.1007,0.0047,-0.0172,0.0477,0.0271,-0.0633,-0.0149,-0.0011,0.0479,0.1736,0.7342,-0.9245,0.5086,0.7209,-0.8805,0.3278,-0.2111,0.3821,-0.0785,0.716,-0.8605,0.4295,-0.4371,0.6275,0.5019,0.4619,-0.6298,0.0,0.0,0.518,0.0,0.0,0.0,0.0,0.0,0.0,
6.44,run,-0.58,3.39,-0.73,-0.37,0.16,26.6,0.0,0.0,0.117,5.8,15.38,-13.45,17.58,14.5,-9.58,11.25,-36.56,97.12,-2.81,14.33,-7.82,15.03,-49.39,118.48,17.49,0.97,11.34,5.99,16.12,-14.41,18.13,14.67,-9.3,11.51,-36.01,97.44,-2.84,14.44,-7.47,14.95,-48.43,119.29,17.6,0.3,11.84,0.1711,0.7476,-0.9342,0.5179,0.7212,-0.8741,0.3288,-0.2002,0.3816,-0.081,0.7171,-0.8526,0.4271,-0.4259,0.6387,0.5028,0.4601,-0.6254,0.019,0.006,0.006,0.006,0.0,0.0,0.006,0.013,0.006,0.006,0.0,0.0,0.0,0.019,0.006,0.0,0.019,0.006,0.112,0.2531,-0.2316,0.3068,0.2546,-0.1795,0.1933,-0.6443,1.6874,-0.0337,0.2393,-0.1519,0.2654,-0.8698,2.0571,0.3053,0.0077,0.1887,0.0213,0.0827,-0.1012,0.0345,0.0044,0.0282,0.0138,0.0653,0.0008,-0.0107,0.0184,0.0546,-0.0101,0.0644,0.0933,0.0148,-0.012,0.0563,0.0311,-0.0623,0.0121,0.0009,-0.0419,0.1744,0.7404,-0.9299,0.5149,0.7233,-0.8749,0.3299,-0.2006,0.3807,-0.0817,0.7188,-0.8535,0.4274,-0.4311,0.6317,0.4988,0.4612,-0.6272,0.0,0.0,0.5328,0.0,0.0,0.0,0.0,0.0,0.0,
6.48,run,-0.59,3.47,0.34,0.67,2.65,27.4,0.0,0.0,0.117,5.89,15.73,-13.89,17.67,14.5,-9.49,11.25,-36.3,97.12,-2.81,14.41,-7.65,15.12,-49.04,118.92,17.49,0.97,11.51,6.0,16.47,-14.85,18.35,14.75,-8.97,11.63,-35.54,97.31,-2.99,14.61,-7.02,14.89,-48.07,119.61,17.57,0.3,12.2,0.1715,0.754,-0.9394,0.5243,0.7227,-0.8702,0.3323,-0.1917,0.3801,-0.0854,0.7202,-0.8473,0.4255,-0.4194,0.6425,0.502,0.4601,-0.6212,0.019,0.006,0.006,0.006,0.0,0.0,0.006,0.013,0.006,0.006,0.0,0.0,0.0,0.019,0.006,0.0,0.019,0.006,0.0997,0.2592,-0.2378,0.3114,0.2546,-0.1703,0.1933,-0.6397,1.6874,-0.0353,0.2393,-0.1411,0.2638,-0.8652,2.0678,0.3053,0.0077,0.1933,-0.0311,0.0809,-0.0939,0.0414,0.0031,0.0543,0.0097,0.063,0.0005,-0.0132,0.0129,0.0785,-0.0129,0.0624,0.1056,0.0103,-0.0084,0.0567,0.0284,-0.0661,-0.0128,-0.0065,0.0028,0.1711,0.7476,-0.9342,0.5179,0.7212,-0.8741,0.3288,-0.2002,0.3816,-0.081,0.7171,-0.8526,0.4271,-0.4259,0.6387,0.5028,0.4601,-0.6254,0.0,0.0,0.5476,0.0,0.0,0.0,0.0,0.0,0.0,
6.52,run,-0.6,3.47,0.18,-0.29,-2.81,28.1,0.0,0.0,0.117,6.33,16.0,-14.24,17.75,14.5,-9.23,11.25,-36.21,97.12,-2.9,14.41,-7.38,14.85,-48.78,119.36,17.4,0.88,11.78,5.95,16.83,-15.14,18.51,14.82,-8.74,11.7,-35.12,97.24,-3.02,14.72,-6.53,14.83,-47.6,120.32,17.61,0.35,12.5,0.1701,0.7606,-0.9429,0.5288,0.724,-0.8675,0.3342,-0.184,0.3793,-0.0863,0.7222,-0.8415,0.4237,-0.4109,0.6508,0.5032,0.4609,-0.6177,0.019,0.006,0.006,0.006,0.0,0.0,0.006,0.013,0.006,0.006,0.0,0.0,0.0,0.019,0.006,0.0,0.019,0.006,0.1012,0.2654,-0.2454,0.3129,0.2546,-0.1687,0.1933,-0.6351,1.6874,-0.0353,0.2408,-0.1381,0.2654,-0.859,2.0755,0.3053,0.0077,0.1963,-0.016,0.0798,-0.0946,0.0348,0.0021,0.0438,0.0068,0.0615,0.0004,-0.0092,0.0148,0.0665,-0.0032,0.0668,0.1029,0.0072,-0.0059,0.0512,0.0277,-0.0593,0.006,0.0117,0.0463,0.1715,0.754,-0.9394,0.5243,0.7227,-0.8702,0.3323,-0.1917,0.3801,-0.0854,0.7202,-0.8473,0.4255,-0.4194,0.6425,0.502,0.4601,-0.6212,0.0,0.0,0.5624,0.0,0.0,0.0,0.0,0.0,0.0,
6.56,run,-0.61,3.48,0.03,0.58,2.38,28.9,0.0,0.0,0.117,5.54,16.44,-14.68,18.02,14.68,-8.88,11.34,-35.68,97.03,-2.9,14.41,-6.86,14.94,-48.34,119.88,17.49,0.88,12.13,5.87,17.27,-15.42,18.58,14.75,-8.85,11.79,-35.12,97.5,-3.03,14.71,-6.43,14.83,-47.3,120.92,17.8,0.31,12.95,0.1676,0.7686,-0.9461,0.531,0.7228,-0.8688,0.3367,-0.1839,0.3823,-0.0867,0.7221,-0.8404,0.4238,-0.4054,0.6579,0.5085,0.4602,-0.6124,0.0,0.006,0.006,0.006,0.0,0.0,0.0,0.006,0.006,0.006,0.0,0.013,0.0,0.026,0.006,0.006,0.013,0.0,0.1089,0.27,-0.2516,0.3145,0.2546,-0.1641,0.1933,-0.6335,1.6874,-0.0368,0.2408,-0.1335,0.2608,-0.8544,2.0831,0.3037,0.0061,0.201,0.0174,0.073,-0.0891,0.03,0.0015,0.0478,0.0047,0.0487,0.0003,-0.0122,0.0104,0.0637,-0.0194,0.0639,0.1006,-0.0007,-0.0098,0.053,0.0267,-0.0594,0.0031,-0.005,-0.0491,0.1701,0.7606,-0.9429,0.5288,0.724,-0.8675,0.3342,-0.184,0.3793,-0.0863,0.7222,-0.8415,0.4237,-0.4109,0.6508,0.5032,0.4609,-0.6177,0.0,0.0,0.5772,0.0,0.0,0.0,0.0,0.0,0.0,
6.6,run,-0.58,3.47,0.05,-0.33,-1.36,29.6,0.0,0.0,0.117,6.33,16.88,-15.03,18.11,14.68,-8.88,11.51,-35.42,97.03,-3.08,14.59,-6.5,14.94,-47.99,120.5,17.58,0.88,12.48,5.88,17.52,-15.73,18.78,14.85,-8.25,11.87,-34.54,97.06,-3.15,14.9,-5.76,14.74,-46.88,121.17,17.69,0.4,13.08,0.1681,0.773,-0.9497,0.5366,0.7245,-0.8618,0.339,-0.1734,0.3772,-0.0901,0.7255,-0.8325,0.4212,-0.3979,0.6609,0.5055,0.4618,-0.6108,0.0,0.006,0.006,0.006,0.0,0.0,0.0,0.006,0.006,0.006,0.0,0.013,0.0,0.026,0.006,0.006,0.013,0.0,0.0951,0.2777,-0.2592,0.3191,0.2577,-0.158,0.1948,-0.6243,1.6858,-0.0368,0.2408,-0.1243,0.2623,-0.8468,2.0923,0.3053,0.0061,0.2071,-0.0396,0.0799,-0.0912,0.0383,0.0126,0.0565,0.0091,0.0686,-0.0056,-0.0085,0.0073,0.0791,-0.0078,0.0735,0.1049,0.0053,-0.0069,0.0601,0.026,-0.0581,0.0005,0.0101,0.0416,0.1676,0.7686,-0.9461,0.531,0.7228,-0.8688,0.3367,-0.1839,0.3823,-0.0867,0.7221,-0.8404,0.4238,-0.4054,0.6579,0.5085,0.4602,-0.6124,0.0,0.0,0.592,0.0,0.0,0.0,0.0,0.0,0.0,
6.64,run,-0.59,3.47,-0.34,0.07,0.36,30.3,0.0,0.0,0.117,5.62,17.23,-15.29,18.19,14.77,-8.79,11.51,-35.42,97.03,-3.08,14.77,-6.33,14.85,-47.72,120.94,17.84,0.88,12.74,5.79,18.0,-16.16,18.93,14.78,-8.23,11.87,-34.38,97.33,-3.17,14.88,-5.68,14.72,-46.52,121.8,17.82,0.29,13.51,0.1655,0.7817,-0.9548,0.5409,0.7233,-0.8615,0.339,-0.1706,0.3803,-0.0905,0.7251,-0.8315,0.4206,-0.3912,0.6682,0.5091,0.4598,-0.6058,0.0,0.006,0.006,0.006,0.0,0.0,0.0,0.006,0.006,0.006,0.0,0.013,0.0,0.026,0.006,0.006,0.013,0.0,0.1089,0.2853,-0.2654,0.3206,0.2577,-0.158,0.1979,-0.6197,1.6858,-0.0399,0.2439,-0.1181,0.2623,-0.8406,2.1031,0.3068,0.0061,0.2132,0.024,0.0846,-0.0868,0.0326,0.0088,0.0395,0.0178,0.0653,-0.0039,-0.0175,0.0166,0.0784,-0.0055,0.0744,0.1137,0.0095,-0.0048,0.0651,0.028,-0.0592,0.0009,-0.0058,-0.0237,0.1681,0.773,-0.9497,0.5366,0.7245,-0.8618,0.339,-0.1734,0.3772,-0.0901,0.7255,-0.8325,0.4212,-0.3979,0.6609,0.5055,0.4618,-0.6108,0.0,0.0,0.6068,0.0,0.0,0.0,0.0,0.0,0.0,
6.68,run,-0.57,3.55,0.56,1.03,2.99,31.1,0.0,0.0,0.117,5.71,17.58,-15.64,18.37,14.77,-8.35,11.51,-34.98,97.03,-3.08,14.77,-5.89,14.85,-47.2,121.38,17.67,0.88,13.01,5.8,18.41,-16.58,19.15,14.98,-8.0,12.01,-34.03,97.29,-3.34,15.09,-5.28,14.67,-46.18,122.17,17.84,0.43,13.84,0.1658,0.7893,-0.9598,0.5471,0.7269,-0.8588,0.3432,-0.1641,0.3798,-0.0954,0.7289,-0.8269,0.4192,-0.3851,0.6725,0.5097,0.4623,-0.6018,0.013,0.0,0.006,0.013,0.0,0.006,0.006,0.019,0.006,0.013,0.006,0.006,0.0,0.026,0.0,0.006,0.006,0.013,0.0966,0.2915,-0.27,0.3221,0.2592,-0.1565,0.1979,-0.6197,1.6858,-0.0399,0.247,-0.115,0.2608,-0.836,2.1108,0.3114,0.0061,0.2178,-0.0268,0.081,-0.0771,0.0282,0.0116,0.0331,0.0125,0.0457,-0.0027,-0.0122,0.0225,0.0658,-0.0093,0.0685,0.1068,0.023,-0.0034,0.0619,0.0276,-0.0592,-0.006,0.0013,0.0063,0.1655,0.7817,-0.9548,0.5409,0.7233,-0.8615,0.339,-0.1706,0.3803,-0.0905,0.7251,-0.8315,0.4206,-0.3912,0.6682,0.5091,0.4598,-0.6058,0.0,0.0,0.6216,0.0,0.0,0.0,0.0,0.0,0.0,
6.72,run,-0.53,3.52,0.27,-0.32,-3.57,31.8,0.0,0.0,0.117,6.15,17.93,-16.08,18.54,14.77,-8.26,11.6,-34.63,97.03,-3.34,14.94,-5.54,14.77,-46.85,121.9,17.75,0.79,13.45,5.73,18.62,-16.67,19.24,14.94,-7.65,12.1,-33.6,97.05,-3.32,15.2,-4.69,14.6,-45.6,122.89,17.89,0.48,14.1,0.1637,0.7931,-0.9608,0.5496,0.7261,-0.8547,0.3457,-0.1563,0.3771,-0.095,0.7309,-0.8198,0.4173,-0.3745,0.6811,0.5111,0.4632,-0.5988,0.013,0.0,0.006,0.013,0.0,0.006,0.006,0.019,0.006,0.013,0.006,0.006,0.0,0.026,0.0,0.006,0.006,0.013,0.0982,0.2976,-0.2761,0.3252,0.2592,-0.1488,0.1979,-0.6121,1.6858,-0.0399,0.247,-0.1074,0.2608,-0.8268,2.1184,0.3083,0.0061,0.2224,-0.0126,0.0812,-0.0785,0.032,0.0081,0.0538,0.0087,0.0626,-0.0019,-0.0086,0.0157,0.0767,-0.0065,0.0847,0.1054,0.0038,-0.0024,0.0617,0.0296,-0.0524,0.0097,0.0179,0.0521,0.1658,0.7893,-0.9598,0.5471,0.7269,-0.8588,0.3432,-0.1641,0.3798,-0.0954,0.7289,-0.8269,0.4192,-0.3851,0.6725,0.5097,0.4623,-0.6018,0.0,0.0,0.6364,0.0,0.0,0.0,0.0,0.0,0.0,
6.76,run,-0.51,3.53,0.12,0.62,2.17,32.6,0.0,0.0,0.117,5.27,18.28,-16.35,18.81,14.77,-7.91,11.78,-34.54,97.03,-3.34,15.12,-5.19,14.68,-46.49,122.26,17.84,0.79,13.62,5.63,19.04,-17.0,19.31,14.83,-7.62,12.12,-33.66,97.27,-3.33,15.13,-4.65,14.6,-45.36,123.26,18.04,0.41,14.42,0.1607,0.8008,-0.9647,0.5518,0.7241,-0.8544,0.3463,-0.1575,0.3797,-0.0951,0.7296,-0.8194,0.417,-0.3701,0.6854,0.5155,0.4621,-0.5951,0.013,0.0,0.006,0.013,0.0,0.006,0.006,0.019,0.006,0.013,0.006,0.006,0.0,0.026,0.0,0.006,0.006,0.013,0.1058,0.3037,-0.2838,0.3283,0.2592,-0.1473,0.1994,-0.6059,1.6858,-0.0445,0.25,-0.1012,0.2592,-0.8207,2.1276,0.3099,0.0046,0.2301,0.0199,0.0798,-0.0836,0.0339,0.0057,0.0434,0.0119,0.0668,-0.0013,-0.0232,0.0225,0.0766,-0.0103,0.0822,0.1082,0.0084,-0.0074,0.0719,0.0329,-0.0547,0.0047,-0.0055,-0.0623,0.1637,0.7931,-0.9608,0.5496,0.7261,-0.8547,0.3457,-0.1563,0.3771,-0.095,0.7309,-0.8198,0.4173,-0.3745,0.6811,0.5111,0.4632,-0.5988,0.0,0.0,0.6512,0.0,0.0,0.0,0.0,0.0,0.0,
6.8,run,-0.45,3.51,0.65,0.32,-1.72,33.3,0.0,0.0,0.117,5.8,18.63,-16.61,18.9,14.77,-7.73,11.78,-34.1,97.03,-3.34,15.12,-4.66,14.68,-46.05,122.87,17.84,0.79,14.06,5.64,19.28,-17.29,19.52,15.05,-7.3,12.27,-33.09,97.01,-3.48,15.43,-4.08,14.51,-44.92,123.64,18.0,0.56,14.65,0.1612,0.8051,-0.9681,0.5577,0.7281,-0.8506,0.3505,-0.1471,0.3766,-0.0994,0.7351,-0.8127,0.4145,-0.3622,0.6899,0.5143,0.4647,-0.5923,0.013,0.0,0.006,0.013,0.0,0.013,0.013,0.013,0.0,0.006,0.0,0.0,0.006,0.026,0.006,0.006,0.006,0.006,0.0905,0.3099,-0.2884,0.3329,0.2592,-0.1411,0.2025,-0.6044,1.6858,-0.0445,0.2531,-0.0951,0.2577,-0.8145,2.1338,0.3114,0.0046,0.2332,-0.0437,0.0789,-0.0758,0.041,0.004,0.0534,0.0198,0.0525,-0.0009,-0.0162,0.0273,0.0767,-0.013,0.0806,0.0988,0.0117,-0.0052,0.0618,0.0342,-0.0543,0.0021,0.0109,0.0379,0.1607,0.8008,-0.9647,0.5518,0.7241,-0.8544,0.3463,-0.1575,0.3797,-0.0951,0.7296,-0.8194,0.417,-0.3701,0.6854,0.5155,0.4621,-0.5951,0.0,0.0,0.666,0.0,0.0,0.0,0.0,0.0,0.0,
6.84,run,-0.49,3.47,-0.75,-0.58,-0.38,34.0,0.0,0.0,0.117,5.71,18.98,-16.88,18.9,14.77,-7.47,11.87,-33.93,97.03,-3.43,15.12,-4.66,14.68,-45.62,123.4,17.84,0.79,14.33,5.54,19.63,-17.57,19.59,14.88,-7.07,12.31,-32.95,97.04,-3.45,15.35,-3.86,14.48,-44.43,124.24,18.13,0.5,14.95,0.1583,0.8115,-0.9714,0.5598,0.7251,-0.8478,0.3518,-0.1446,0.3769,-0.0986,0.7337,-0.8101,0.4136,-0.3533,0.6969,0.5179,0.4637,-0.5888,0.013,0.0,0.006,0.013,0.0,0.013,0.013,0.013,0.0,0.006,0.0,0.0,0.006,0.026,0.006,0.006,0.006,0.006,0.0997,0.316,-0.293,0.3344,0.2592,-0.1381,0.2025,-0.5967,1.6858,-0.0445,0.2531,-0.0859,0.2577,-0.8069,2.1445,0.3114,0.0046,0.2408,0.0038,0.0782,-0.0703,0.0344,0.0028,0.0489,0.0139,0.0654,-0.0007,-0.0114,0.0191,0.0881,-0.0091,0.0851,0.1093,0.0082,-0.0036,0.0719,0.0397,-0.0554,0.0113,0.0057,-0.0301,0.1612,0.8051,-0.9681,0.5577,0.7281,-0.8506,0.3505,-0.1471,0.3766,-0.0994,0.7351,-0.8127,0.4145,-0.3622,0.6899,0.5143,0.4647,-0.5923,0.0,0.0,0.6808,0.0,0.0,0.0,0.0,0.0,0.0,
6.88,run,-0.51,3.5,-0.48,-0.03,3.08,34.8,0.0,0.0,0.117,5.1,19.25,-17.14,18.98,14.77,-7.21,11.95,-33.57,97.03,-3.43,15.29,-4.04,14.5,-45.26,123.75,17.84,0.79,14.59,5.52,20.09,-17.91,19.77,15.0,-6.96,12.48,-32.54,97.15,-3.57,15.57,-3.46,14.43,-43.96,124.8,18.19,0.5,15.62,0.1577,0.8198,-0.9755,0.5648,0.7272,-0.8466,0.3565,-0.1372,0.3782,-0.102,0.7377,-0.8054,0.4122,-0.3446,0.7036,0.5198,0.4637,-0.5809,0.013,0.0,0.006,0.013,0.0,0.013,0.013,0.013,0.0,0.006,0.0,0.0,0.006,0.026,0.006,0.006,0.006,0.006,0.0982,0.3221,-0.2976,0.3344,0.2592,-0.1335,0.204,-0.5937,1.6858,-0.046,0.2531,-0.0859,0.2577,-0.7992,2.1537,0.3114,0.0046,0.2454,-0.0031,0.0779,-0.0665,0.0241,0.0019,0.0516,0.0155,0.0574,-0.0005,-0.0137,0.0134,0.0616,-0.0064,0.0885,0.1112,0.0057,-0.0025,0.0677,0.0358,-0.059,-0.013,-0.0101,-0.0066,0.1583,0.8115,-0.9714,0.5598,0.7251,-0.8478,0.3518,-0.1446,0.3769,-0.0986,0.7337,-0.8101,0.4136,-0.3533,0.6969,0.5179,0.4637,-0.5888,0.0,0.0,0.6956,0.0,0.0,0.0,0.0,0.0,0.0,
6.92,run,-0.46,3.53,0.66,0.08,-3.18,35.5,0.0,0.0,0.117,5.89,19.6,-17.49,19.25,14.77,-7.03,12.04,-33.4,97.03,-3.52,15.38,-3.52,14.5,-44.74,124.37,18.11,0.79,14.85,5.49,20.3,-18.08,19.89,15.08,-6.5,12.62,-32.08,96.88,-3.64,15.74,-2.82,14.34,-43.45,125.19,18.19,0.63,15.84,0.157,0.8236,-0.9774,0.5684,0.7288,-0.8412,0.3604,-0.1287,0.375,-0.104,0.7408,-0.7979,0.4097,-0.3354,0.7081,0.5196,0.466,-0.5784,0.013,0.0,0.006,0.006,0.013,0.006,0.013,0.045,0.0,0.0,0.0,0.006,0.006,0.026,0.006,0.0,0.0,0.006,0.0874,0.3267,-0.3022,0.3359,0.2592,-0.1289,0.2056,-0.5875,1.6858,-0.046,0.2562,-0.0752,0.2546,-0.7931,2.1598,0.3114,0.0046,0.25,-0.0424,0.0717,-0.0638,0.0226,0.0014,0.0533,0.0166,0.0631,-0.0003,-0.0096,0.0209,0.0834,-0.0159,0.0849,0.1008,0.004,-0.0018,0.0646,0.0344,-0.0568,-0.0084,-0.0006,0.0537,0.1577,0.8198,-0.9755,0.5648,0.7272,-0.8466,0.3565,-0.1372,0.3782,-0.102,0.7377,-0.8054,0.4122,-0.3446,0.7036,0.5198,0.4637,-0.5809,0.0,0.0,0.7104,0.0,0.0,0.0,0.0,0.0,0.0,
6.96,run,-0.49,3.53,-0.63,0.23,1.5,36.3,0.0,0.0,0.117,5.19,20.04,-17.84,19.51,15.03,-6.68,12.22,-32.78,97.03,-3.78,15.64,-3.43,14.33,-44.12,124.89,18.11,0.79,15.47,5.34,20.69,-18.36,19.96,14.95,-6.51,12.61,-32.11,97.06,-3.62,15.63,-2.8,14.33,-43.08,125.74,18.35,0.56,16.06,0.1526,0.8307,-0.9807,0.5704,0.7264,-0.8413,0.3603,-0.1292,0.3771,-0.1034,0.7387,-0.7976,0.4095,-0.3286,0.7146,0.5244,0.4647,-0.5757,0.013,0.0,0.006,0.006,0.013,0.006,0.013,0.045,0.0,0.0,0.0,0.006,0.006,0.026,0.006,0.0,0.0,0.006,0.1012,0.3329,-0.3083,0.3405,0.2592,-0.1258,0.2071,-0.5844,1.6858,-0.0476,0.2577,-0.066,0.2546,-0.7839,2.1706,0.316,0.0046,0.2546,0.0221,0.0732,-0.0677,0.0331,0.001,0.0488,0.0174,0.0557,-0.0002,-0.0125,0.0204,0.0929,-0.0112,0.094,0.1109,0.0201,-0.0012,0.0625,0.0392,-0.0539,0.0115,0.0014,-0.0555,0.157,0.8236,-0.9774,0.5684,0.7288,-0.8412,0.3604,-0.1287,0.375,-0.104,0.7408,-0.7979,0.4097,-0.3354,0.7081,0.5196,0.466,-0.5784,0.0,0.0,0.7252,0.0,0.0,0.0,0.0,0.0,0.0,
7.0,run,-0.49,3.57,0.24,0.3,0.61,37.0,0.0,0.0,0.117,5.36,20.21,-17.84,19.51,15.03,-6.59,12.3,-32.7,97.03,-3.78,15.64,-2.64,14.33,-43.77,125.24,18.11,0.79,15.64,5.32,20.94,-18.47,20.1,15.07,-6.07,12.72,-31.56,96.84,-3.69,15.86,-2.01,14.24,-42.61,126.05,18.27,0.61,16.44,0.152,0.8353,-0.982,0.5744,0.7285,-0.8361,0.3635,-0.1193,0.3746,-0.1054,0.7429,-0.7884,0.4069,-0.3203,0.7182,0.522,0.4656,-0.5713,0.013,0.0,0.006,0.006,0.013,0.006,0.013,0.045,0.0,0.0,0.0,0.006,0.006,0.026,0.006,0.0,0.0,0.006,0.089,0.3405,-0.3145,0.3451,0.2638,-0.1197,0.2102,-0.5737,1.6858,-0.0522,0.2623,-0.0644,0.2516,-0.7731,2.1798,0.316,0.0046,0.2654,-0.0232,0.0754,-0.0667,0.0377,0.0152,0.0535,0.0218,0.0729,-0.0002,-0.0233,0.0288,0.0699,-0.0175,0.0996,0.1066,0.014,-0.0009,0.0776,0.0362,-0.0536,-0.0109,0.0039,0.0262,0.1526,0.8307,-0.9807,0.5704,0.7264,-0.8413,0.3603,-0.1292,0.3771,-0.1034,0.7387,-0.7976,0.4095,-0.3286,0.7146,0.5244,0.4647,-0.5757,0.0,0.0,0.74,0.0,0.0,0.0,0.0,0.0,0.0,
7.04,run,-0.49,3.55,-0.04,0.04,-1.27,37.7,0.0,0.0,0.117,5.54,20.57,-18.11,19.69,15.03,-6.5,12.3,-32.52,97.03,-3.78,15.73,-2.55,14.33,-43.24,125.68,18.19,0.79,16.0,5.24,21.25,-18.7,20.2,15.07,-5.88,12.83,-31.28,96.88,-3.73,15.92,-1.71,14.18,-42.03,126.66,18.39,0.69,16.79,0.1498,0.8409,-0.9847,0.5771,0.7285,-0.8338,0.3667,-0.1141,0.375,-0.1065,0.744,-0.7848,0.4052,-0.3097,0.7254,0.5255,0.4671,-0.5672,0.0,0.0,0.006,0.006,0.0,0.0,0.013,0.039,0.0,0.0,0.0,0.006,0.006,0.019,0.006,0.006,0.0,0.006,0.092,0.3436,-0.3145,0.3451,0.2638,-0.1181,0.2117,-0.5722,1.6858,-0.0522,0.2623,-0.0506,0.2516,-0.767,2.1859,0.316,0.0046,0.2684,-0.0049,0.0642,-0.0467,0.0264,0.0106,0.0432,0.021,0.0567,-0.0001,-0.0163,0.0201,0.1002,-0.0122,0.0925,0.0974,0.0098,-0.0006,0.0657,0.0361,-0.0501,0.0041,0.0053,0.0107,0.152,0.8353,-0.982,0.5744,0.7285,-0.8361,0.3635,-0.1193,0.3746,-0.1054,0.7429,-0.7884,0.4069,-0.3203,0.7182,0.522,0.4656,-0.5713,0.0,0.0,0.7548,0.0,0.0,0.0,0.0,0.0,0.0,
7.08,run,-0.51,3.54,-0.43,-0.17,1.83,38.5,0.0,0.0,0.117,4.75,20.92,-18.37,19.86,15.03,-5.98,12.39,-32.08,96.86,-3.78,15.73,-2.29,14.33,-42.8,126.21,18.28,0.79,16.35,5.17,21.6,-18.94,20.3,15.09,-5.76,12.95,-31.12,96.99,-3.77,15.98,-1.42,14.15,-41.62,127.15,18.52,0.7,17.16,0.1476,0.8474,-0.9875,0.5799,0.729,-0.8325,0.3701,-0.1112,0.3764,-0.1078,0.7452,-0.7814,0.4043,-0.3021,0.7312,0.5291,0.4672,-0.5628,0.0,0.0,0.006,0.006,0.0,0.0,0.013,0.039,0.0,0.0,0.0,0.006,0.006,0.019,0.006,0.006,0.0,0.006,0.0951,0.3497,-0.3191,0.3482,0.2638,-0.1166,0.2117,-0.5691,1.6858,-0.0522,0.2638,-0.0491,0.2516,-0.7578,2.1936,0.3175,0.0046,0.2746,0.0081,0.068,-0.05,0.03,0.0074,0.036,0.0147,0.0512,-0.0001,-0.0114,0.0199,0.0759,-0.0086,0.0993,0.097,0.0126,-0.0004,0.0691,0.036,-0.0525,-0.0007,0.0007,-0.0222,0.1498,0.8409,-0.9847,0.5771,0.7285,-0.8338,0.3667,-0.1141,0.375,-0.1065,0.744,-0.7848,0.4052,-0.3097,0.7254,0.5255,0.4671,-0.5672,0.0,0.0,0.7696,0.0,0.0,0.0,0.0,0.0,0.0,
7.12,run,-0.47,3.58,0.78,0.45,-1.45,39.2,0.0,0.0,0.117,5.45,21.18,-18.63,19.86,15.03,-5.98,12.39,-31.9,96.86,-3.78,15.73,-1.58,14.33,-42.28,126.65,18.37,0.79,16.7,5.13,21.82,-19.03,20.39,15.17,-5.36,13.11,-30.67,96.67,-3.85,16.19,-0.79,14.06,-41.11,127.42,18.52,0.81,17.46,0.1466,0.8513,-0.9886,0.5826,0.7304,-0.8277,0.3746,-0.103,0.3726,-0.1101,0.7489,-0.7741,0.4017,-0.293,0.7344,0.5291,0.4692,-0.5593,0.0,0.0,0.006,0.006,0.0,0.0,0.013,0.039,0.0,0.0,0.0,0.006,0.006,0.019,0.006,0.006,0.0,0.006,0.0813,0.3559,-0.3237,0.3513,0.2638,-0.1074,0.2132,-0.5614,1.6828,-0.0522,0.2638,-0.0445,0.2516,-0.7501,2.2028,0.3191,0.0046,0.2807,-0.0461,0.0706,-0.0522,0.0325,0.0052,0.0597,0.016,0.0646,-0.0115,-0.008,0.0139,0.0704,-0.006,0.0983,0.1024,0.0146,-0.0003,0.0713,0.034,-0.0527,-0.0075,-0.003,0.032,0.1476,0.8474,-0.9875,0.5799,0.729,-0.8325,0.3701,-0.1112,0.3764,-0.1078,0.7452,-0.7814,0.4043,-0.3021,0.7312,0.5291,0.4672,-0.5628,0.0,0.0,0.7844,0.0,0.0,0.0,0.0,0.0,0.0,
7.16,run,-0.49,3.55,-0.27,-0.16,-0.42,40.0,0.0,0.0,0.117,5.01,21.53,-18.81,19.95,15.03,-5.54,12.57,-31.73,96.86,-3.78,16.0,-1.32,14.33,-41.75,127.18,18.46,0.79,17.05,5.0,22.1,-19.22,20.43,15.04,-5.13,13.16,-30.49,96.74,-3.8,16.09,-0.52,14.02,-40.56,128.03,18.66,0.79,17.69,0.1429,0.8563,-0.9908,0.5837,0.7279,-0.825,0.3761,-0.0999,0.3734,-0.1087,0.7471,-0.7708,0.4006,-0.2829,0.7415,0.533,0.4689,-0.5566,0.013,0.0,0.0,0.006,0.006,0.006,0.006,0.045,0.0,0.0,0.0,0.006,0.006,0.019,0.006,0.006,0.0,0.0,0.0936,0.3605,-0.3283,0.3513,0.2638,-0.1074,0.2132,-0.5584,1.6828,-0.0522,0.2638,-0.0322,0.2516,-0.7409,2.2105,0.3206,0.0046,0.2869,0.0136,0.0666,-0.0538,0.0227,0.0036,0.0418,0.0112,0.0567,-0.0081,-0.0056,0.0097,0.0951,-0.0042,0.1032,0.1003,0.016,-0.0002,0.0729,0.0381,-0.05,0.0136,0.0078,-0.0253,0.1466,0.8513,-0.9886,0.5826,0.7304,-0.8277,0.3746,-0.103,0.3726,-0.1101,0.7489,-0.7741,0.4017,-0.293,0.7344,0.5291,0.4692,-0.5593,0.0,0.0,0.7992,0.0,0.0,0.0,0.0,0.0,0.0,
7.2,run,-0.52,3.54,-0.97,-0.04,3.27,40.7,0.0,0.0,0.117,4.66,21.8,-18.9,19.95,15.03,-5.27,12.74,-31.29,96.86,-3.78,16.0,-0.88,14.33,-41.22,127.62,18.54,0.79,17.31,4.95,22.33,-19.41,20.53,15.11,-4.92,13.3,-30.18,96.7,-3.89,16.26,-0.14,13.96,-40.1,128.38,18.7,0.81,18.04,0.1414,0.8606,-0.9931,0.5866,0.7293,-0.8226,0.38,-0.0941,0.3729,-0.1111,0.7502,-0.7664,0.3988,-0.2746,0.7457,0.5342,0.4694,-0.5525,0.013,0.0,0.0,0.006,0.006,0.006,0.006,0.045,0.0,0.0,0.0,0.006,0.006,0.019,0.006,0.006,0.0,0.0,0.0859,0.3666,-0.3313,0.3528,0.2638,-0.0997,0.2163,-0.5553,1.6828,-0.0522,0.2684,-0.0276,0.2516,-0.7317,2.2197,0.3221,0.0046,0.293,-0.0193,0.0697,-0.0492,0.0217,0.0026,0.0581,0.0194,0.0512,-0.0057,-0.0039,0.0241,0.0839,-0.0029,0.1069,0.1049,0.0169,-0.0001,0.0741,0.0362,-0.0523,-0.0048,-0.0027,-0.0074,0.1429,0.8563,-0.9908,0.5837,0.7279,-0.825,0.3761,-0.0999,0.3734,-0.1087,0.7471,-0.7708,0.4006,-0.2829,0.7415,0.533,0.4689,-0.5566,0.0,0.0,0.814,0.0,0.0,0.0,0.0,0.0,0.0,
7.24,run,-0.46,3.54,0.79,0.07,-2.61,41.4,0.0,0.0,0.117,5.27,22.06,-18.98,19.95,15.03,-5.01,12.74,-31.2,96.77,-3.87,16.0,-0.35,14.15,-40.78,127.97,18.54,0.79,17.67,4.91,22.58,-19.48,20.62,15.21,-4.56,13.46,-29.67,96.52,-3.95,16.47,0.52,13.87,-39.5,128.79,18.72,0.91,18.42,0.1404,0.8651,-0.9939,0.5892,0.731,-0.8184,0.3845,-0.0848,0.3709,-0.1129,0.754,-0.7585,0.3962,-0.2637,0.7504,0.5347,0.4711,-0.548,0.013,0.0,0.0,0.006,0.006,0.006,0.006,0.045,0.0,0.0,0.0,0.006,0.006,0.019,0.006,0.006,0.0,0.0,0.0798,0.3712,-0.3329,0.3528,0.2638,-0.0951,0.2194,-0.5476,1.6828,-0.0522,0.2684,-0.0199,0.2516,-0.7225,2.2273,0.3237,0.0046,0.2976,-0.0367,0.0662,-0.0402,0.0152,0.0018,0.058,0.0252,0.0648,-0.004,-0.0027,0.0169,0.0877,-0.0021,0.1095,0.1024,0.0176,-0.0001,0.0692,0.0334,-0.0528,-0.0169,-0.0007,0.0571,0.1414,0.8606,-0.9931,0.5866,0.7293,-0.8226,0.38,-0.0941,0.3729,-0.1111,0.7502,-0.7664,0.3988,-0.2746,0.7457,0.5342,0.4694,-0.5525,0.0,0.0,0.8288,0.0,0.0,0.0,0.0,0.0,0.0,
7.28,run,-0.49,3.55,-0.29,0.16,0.85,42.2,0.0,0.0,0.117,4.57,22.32,-19.25,20.13,15.12,-4.75,12.83,-30.76,96.59,-3.87,16.17,0.0,13.97,-40.34,128.41,18.72,0.79,17.93,4.76,22.8,-19.67,20.61,15.01,-4.38,13.53,-29.61,96.59,-3.87,16.3,0.67,13.83,-38.94,129.33,18.91,0.88,18.68,0.136,0.869,-0.9961,0.589,0.7274,-0.8162,0.3866,-0.0838,0.3717,-0.1107,0.7509,-0.7569,0.3951,-0.2534,0.7568,0.5403,0.4706,-0.5449,0.006,0.0,0.006,0.006,0.0,0.006,0.019,0.058,0.0,0.0,0.0,0.013,0.006,0.033,0.013,0.006,0.0,0.006,0.0905,0.3758,-0.3344,0.3528,0.2638,-0.0905,0.2194,-0.5461,1.6812,-0.0537,0.2684,-0.0107,0.2485,-0.7148,2.2335,0.3237,0.0046,0.3037,0.0143,0.0634,-0.0339,0.0106,0.0013,0.0578,0.0176,0.0511,-0.0085,-0.0076,0.0118,0.0956,-0.0129,0.1052,0.0945,0.0124,-0.0001,0.0713,0.0386,-0.0531,0.0139,0.0011,-0.0455,0.1404,0.8651,-0.9939,0.5892,0.731,-0.8184,0.3845,-0.0848,0.3709,-0.1129,0.754,-0.7585,0.3962,-0.2637,0.7504,0.5347,0.4711,-0.548,0.0,0.0,0.8436,0.0,0.0,0.0,0.0,0.0,0.0,
7.32,run,-0.5,3.57,0.39,0.23,-0.46,42.9,0.0,0.0,0.117,4.92,22.59,-19.34,20.3,15.12,-4.57,13.01,-30.5,96.59,-3.87,16.17,0.53,13.97,-39.9,128.76,18.72,0.79,18.37,4.73,22.99,-19.67,20.68,15.13,-4.04,13.69,-29.21,96.43,-3.95,16.52,1.3,13.75,-38.51,129.55,18.9,0.98,18.9,0.1353,0.8725,-0.9962,0.5908,0.7296,-0.8122,0.391,-0.0765,0.3698,-0.1128,0.755,-0.7494,0.3929,-0.2457,0.7595,0.5399,0.4723,-0.5424,0.006,0.0,0.006,0.006,0.0,0.006,0.019,0.058,0.0,0.0,0.0,0.013,0.006,0.033,0.013,0.006,0.0,0.006,0.0782,0.3804,-0.339,0.3559,0.2654,-0.0859,0.2209,-0.5384,1.6782,-0.0537,0.2715,-0.0046,0.2454,-0.7072,2.2411,0.3267,0.0046,0.3083,-0.0363,0.0618,-0.0411,0.019,0.0067,0.0578,0.0181,0.0647,-0.0175,-0.0053,0.0199,0.0901,-0.0206,0.1026,0.0951,0.0202,-0.0001,0.0673,0.0359,-0.052,-0.0051,0.0029,0.0148,0.136,0.869,-0.9961,0.589,0.7274,-0.8162,0.3866,-0.0838,0.3717,-0.1107,0.7509,-0.7569,0.3951,-0.2534,0.7568,0.5403,0.4706,-0.5449,0.0,0.0,0.8584,0.0,0.0,0.0,0.0,0.0,0.0,
7.36,run,-0.48,3.57,0.28,-0.01,-1.93,43.7,0.0,0.0,0.117,4.92,22.76,-19.42,20.3,15.12,-4.31,13.1,-30.41,96.59,-3.87,16.26,0.88,13.97,-39.46,129.02,18.9,0.88,18.63,4.63,23.19,-19.79,20.71,15.08,-3.84,13.74,-28.96,96.45,-3.92,16.51,1.66,13.68,-38.01,129.97,18.99,0.97,19.14,0.1323,0.8762,-0.9975,0.5916,0.7288,-0.8099,0.3924,-0.0721,0.37,-0.1119,0.7546,-0.7451,0.3909,-0.2365,0.7644,0.5425,0.4721,-0.5395,0.006,0.0,0.006,0.006,0.0,0.006,0.019,0.058,0.0,0.0,0.0,0.013,0.006,0.033,0.013,0.006,0.0,0.006,0.0844,0.385,-0.3405,0.359,0.2654,-0.0828,0.224,-0.5338,1.6782,-0.0537,0.2715,0.0046,0.2454,-0.6995,2.2473,0.3267,0.0046,0.316,-0.0026,0.0604,-0.0345,0.0247,0.0047,0.0519,0.0241,0.0624,-0.0123,-0.0037,0.0139,0.0973,-0.0144,0.1003,0.0894,0.0142,-0.0,0.0756,0.035,-0.0506,0.0068,0.0041,-0.0081,0.1353,0.8725,-0.9962,0.5908,0.7296,-0.8122,0.391,-0.0765,0.3698,-0.1128,0.755,-0.7494,0.3929,-0.2457,0.7595,0.5399,0.4723,-0.5424,0.0,0.0,0.8732,0.0,0.0,0.0,0.0,0.0,0.0,
7.4,run,-0.49,3.57,-0.3,0.15,1.57,44.4,0.0,0.0,0.117,4.22,22.94,-19.42,20.3,15.12,-4.04,13.18,-30.15,96.59,-3.87,16.44,1.05,13.97,-39.02,129.38,18.81,0.88,18.9,4.54,23.4,-19.9,20.74,15.08,-3.59,13.86,-28.75,96.46,-3.95,16.56,1.96,13.62,-37.46,130.31,19.1,1.04,19.52,0.1298,0.88,-0.9989,0.5926,0.7287,-0.8069,0.3959,-0.0682,0.3701,-0.113,0.7557,-0.7416,0.3891,-0.2266,0.7684,0.5457,0.4735,-0.535,0.006,0.0,0.006,0.013,0.0,0.006,0.013,0.071,0.006,0.0,0.0,0.013,0.013,0.058,0.026,0.013,0.0,0.006,0.0844,0.3881,-0.3421,0.359,0.2654,-0.0782,0.2255,-0.5323,1.6782,-0.0537,0.273,0.0107,0.2454,-0.6918,2.2519,0.3298,0.0061,0.3206,-0.0018,0.0538,-0.0299,0.0173,0.0033,0.0536,0.0226,0.0494,-0.0086,-0.0026,0.0155,0.0912,-0.0101,0.0991,0.0799,0.0215,0.0057,0.0702,0.037,-0.0504,0.0049,-0.0002,-0.0337,0.1323,0.8762,-0.9975,0.5916,0.7288,-0.8099,0.3924,-0.0721,0.37,-0.1119,0.7546,-0.7451,0.3909,-0.2365,0.7644,0.5425,0.4721,-0.5395,0.0,0.0,0.888,0.0,0.0,0.0,0.0,0.0,0.0,
7.44,run,-0.41,3.58,1.02,0.01,-2.12,45.1,0.0,0.0,0.117,5.01,23.2,-19.6,20.3,15.12,-3.69,13.18,-29.79,96.59,-3.87,16.44,1.85,13.71,-38.58,129.73,19.07,0.97,19.07,4.5,23.54,-19.91,20.77,15.2,-3.32,14.06,-28.41,96.31,-4.0,16.8,2.48,13.53,-36.92,130.76,19.17,1.18,19.69,0.1287,0.8825,-0.999,0.5935,0.7309,-0.8037,0.4017,-0.0621,0.3684,-0.1144,0.7599,-0.7355,0.3866,-0.2168,0.7737,0.5478,0.476,-0.5331,0.006,0.0,0.006,0.013,0.0,0.006,0.013,0.071,0.006,0.0,0.0,0.013,0.013,0.058,0.026,0.013,0.0,0.006,0.0721,0.3912,-0.3421,0.359,0.2654,-0.0736,0.227,-0.5277,1.6782,-0.0537,0.2761,0.0138,0.2454,-0.6842,2.258,0.3283,0.0061,0.3252,-0.0473,0.0492,-0.0209,0.0121,0.0023,0.0548,0.0216,0.0519,-0.006,-0.0018,0.0224,0.0753,-0.0071,0.0982,0.0789,0.0093,0.004,0.0664,0.0362,-0.0509,-0.0053,0.0026,0.0274,0.1298,0.88,-0.9989,0.5926,0.7287,-0.8069,0.3959,-0.0682,0.3701,-0.113,0.7557,-0.7416,0.3891,-0.2266,0.7684,0.5457,0.4735,-0.535,0.0,0.0,0.9028,0.0,0.0,0.0,0.0,0.0,0.0,
7.48,run,-0.48,3.56,-0.97,-0.22,-0.52,45.9,0.0,0.0,0.117,4.48,23.29,-19.6,20.3,15.12,-3.69,13.27,-29.71,96.5,-3.96,16.44,2.2,13.62,-38.23,129.9,19.07,0.97,19.34,4.37,23.66,-19.99,20.75,14.98,-2.93,14.09,-28.18,96.29,-3.94,16.64,2.75,13.46,-36.3,131.05,19.27,1.14,20.04,0.1249,0.8847,-0.9999,0.5927,0.7269,-0.7992,0.4025,-0.0579,0.3681,-0.1126,0.7571,-0.7323,0.3847,-0.2054,0.7771,0.5506,0.4754,-0.5289,0.006,0.0,0.006,0.013,0.0,0.006,0.013,0.071,0.006,0.0,0.0,0.013,0.013,0.058,0.026,0.013,0.0,0.006,0.0859,0.3958,-0.3451,0.359,0.2654,-0.0675,0.227,-0.5216,1.6782,-0.0537,0.2761,0.0276,0.2408,-0.6765,2.2642,0.3329,0.0077,0.3283,0.0189,0.0518,-0.0262,0.0085,0.0016,0.0615,0.0151,0.0594,-0.0042,-0.0013,0.0157,0.1048,-0.0223,0.0976,0.0784,0.0238,0.0086,0.0581,0.043,-0.05,0.0177,0.0002,-0.037,0.1287,0.8825,-0.999,0.5935,0.7309,-0.8037,0.4017,-0.0621,0.3684,-0.1144,0.7599,-0.7355,0.3866,-0.2168,0.7737,0.5478,0.476,-0.5331,0.0,0.0,0.9176,0.0,0.0,0.0,0.0,0.0,0.0,
7.52,run,-0.48,3.6,0.34,0.45,2.21,46.6,0.0,0.0,0.117,4.13,23.47,-19.69,20.3,15.12,-3.16,13.54,-29.36,96.42,-4.04,16.44,2.2,13.54,-37.71,130.25,19.07,1.05,19.69,4.34,23.91,-20.0,20.79,15.13,-2.77,14.3,-27.9,96.38,-4.02,16.86,3.28,13.4,-35.83,131.44,19.37,1.27,20.37,0.124,0.8893,-0.9999,0.5941,0.7296,-0.7973,0.4087,-0.0528,0.3692,-0.1148,0.761,-0.7261,0.383,-0.1969,0.7816,0.5533,0.4776,-0.525,0.006,0.0,0.0,0.013,0.0,0.006,0.013,0.091,0.0,0.0,0.0,0.013,0.006,0.078,0.033,0.0,0.0,0.006,0.0767,0.3973,-0.3451,0.359,0.2654,-0.0675,0.2286,-0.52,1.6766,-0.0552,0.2761,0.0337,0.2393,-0.6703,2.2672,0.3329,0.0077,0.3329,-0.0211,0.042,-0.0183,0.0059,0.0011,0.043,0.0163,0.0473,-0.0087,-0.0066,0.011,0.0962,-0.0213,0.0912,0.0663,0.0167,0.006,0.0578,0.0368,-0.0514,-0.0169,-0.0039,-0.0091,0.1249,0.8847,-0.9999,0.5927,0.7269,-0.7992,0.4025,-0.0579,0.3681,-0.1126,0.7571,-0.7323,0.3847,-0.2054,0.7771,0.5506,0.4754,-0.5289,0.0,0.0,0.9324,0.0,0.0,0.0,0.0,0.0,0.0,
7.56,run,-0.37,3.59,1.5,0.26,-4.55,47.4,0.0,0.0,0.117,4.66,23.64,-19.78,20.3,15.12,-2.99,13.54,-29.09,96.42,-4.04,16.7,2.99,13.54,-37.27,130.61,19.25,1.14,19.95,4.26,24.05,-19.95,20.78,15.19,-2.42,14.44,-27.49,96.09,-4.0,17.0,3.88,13.29,-35.21,131.81,19.41,1.36,20.55,0.1217,0.8918,-0.9994,0.5937,0.7307,-0.7932,0.4126,-0.0452,0.3658,-0.1144,0.7637,-0.719,0.3797,-0.1856,0.786,0.5547,0.4793,-0.5229,0.006,0.0,0.0,0.013,0.0,0.006,0.013,0.091,0.0,0.0,0.0,0.013,0.006,0.078,0.033,0.0,0.0,0.006,0.0706,0.4004,-0.3467,0.359,0.2654,-0.0583,0.2332,-0.5139,1.6751,-0.0568,0.2761,0.0337,0.2378,-0.6611,2.2734,0.3329,0.0092,0.339,-0.0378,0.0409,-0.0186,0.0042,0.0008,0.0646,0.0287,0.0561,-0.0118,-0.0104,0.0077,0.0674,-0.0207,0.0984,0.0694,0.0117,0.01,0.0635,0.0368,-0.0478,0.0059,0.0078,0.0385,0.124,0.8893,-0.9999,0.5941,0.7296,-0.7973,0.4087,-0.0528,0.3692,-0.1148,0.761,-0.7261,0.383,-0.1969,0.7816,0.5533,0.4776,-0.525,0.0,0.0,0.9472,0.0,0.0,0.0,0.0,0.0,0.0,
7.6,run,-0.42,3.59,-0.22,0.13,-0.28,48.1,0.0,0.0,0.117,3.69,23.91,-19.78,20.39,15.12,-2.72,13.71,-28.92,96.42,-4.04,16.88,3.34,13.36,-36.91,130.78,19.25,1.23,20.21,4.09,24.06,-20.0,20.7,14.9,-2.05,14.44,-27.53,96.12,-3.91,16.75,3.91,13.23,-34.69,132.01,19.56,1.34,20.66,0.1168,0.892,-1.0,0.5915,0.7255,-0.7888,0.4126,-0.046,0.3661,-0.1118,0.759,-0.7187,0.3781,-0.1762,0.7884,0.5588,0.4788,-0.5217,0.006,0.0,0.0,0.013,0.0,0.006,0.013,0.091,0.0,0.0,0.0,0.013,0.006,0.078,0.033,0.0,0.0,0.006,0.0798,0.4034,-0.3482,0.359,0.2654,-0.0552,0.2332,-0.5093,1.6751,-0.0568,0.2807,0.0476,0.2378,-0.6535,2.2795,0.3359,0.0107,0.3436,0.008,0.0401,-0.0188,0.0029,0.0005,0.0568,0.0201,0.0566,-0.0083,-0.0073,0.0226,0.0989,-0.0145,0.0976,0.0716,0.0197,0.0127,0.0617,0.0466,-0.0484,0.0263,0.0045,-0.0794,0.1217,0.8918,-0.9994,0.5937,0.7307,-0.7932,0.4126,-0.0452,0.3658,-0.1144,0.7637,-0.719,0.3797,-0.1856,0.786,0.5547,0.4793,-0.5229,0.0,0.0,0.962,0.0,0.0,0.0,0.0,0.0,0.0,
7.64,run,-0.33,3.67,1.9,0.81,-0.49,48.8,0.0,0.0,0.117,4.31,23.99,-19.78,20.39,15.12,-2.29,13.8,-28.65,96.24,-4.04,16.88,3.52,13.36,-36.47,131.22,19.42,1.23,20.39,4.08,24.17,-19.96,20.74,15.08,-1.83,14.62,-27.14,96.07,-3.99,17.03,4.49,13.15,-34.25,132.25,19.56,1.47,20.84,0.1165,0.8941,-0.9995,0.5925,0.7287,-0.7862,0.4178,-0.039,0.3656,-0.1141,0.7641,-0.7119,0.3756,-0.1682,0.7912,0.5589,0.4813,-0.5196,0.026,0.0,0.0,0.006,0.0,0.0,0.013,0.111,0.0,0.0,0.0,0.006,0.006,0.111,0.033,0.006,0.0,0.0,0.0629,0.408,-0.3482,0.3605,0.2654,-0.0506,0.2362,-0.5062,1.6751,-0.0568,0.2838,0.0537,0.2347,-0.6473,2.2826,0.3359,0.0123,0.3482,-0.0577,0.0453,-0.0131,0.0078,0.0004,0.057,0.0256,0.0511,-0.0058,-0.0051,0.0273,0.0922,-0.0216,0.0913,0.0616,0.0138,0.0147,0.0604,0.0424,-0.0485,-0.0039,0.0023,-0.0049,0.1168,0.892,-1.0,0.5915,0.7255,-0.7888,0.4126,-0.046,0.3661,-0.1118,0.759,-0.7187,0.3781,-0.1762,0.7884,0.5588,0.4788,-0.5217,0.0,0.0,0.9768,0.0,0.0,0.0,0.0,0.0,0.0,
7.68,run,-0.19,3.66,3.09,1.39,-2.89,49.6,0.0,0.0,0.117,4.13,24.08,-19.78,20.39,15.12,-2.02,13.8,-28.65,96.24,-4.04,16.88,4.31,13.27,-35.86,131.4,19.6,1.32,20.65,3.96,24.35,-20.0,20.72,15.02,-1.65,14.69,-26.85,96.02,-3.94,17.04,4.74,13.06,-33.61,132.82,19.68,1.48,21.05,0.1132,0.8973,-1.0,0.592,0.7277,-0.7841,0.4196,-0.0336,0.365,-0.1126,0.7643,-0.709,0.3731,-0.1566,0.7978,0.5624,0.4814,-0.517,0.026,0.0,0.0,0.006,0.0,0.0,0.013,0.111,0.0,0.0,0.0,0.006,0.006,0.111,0.033,0.006,0.0,0.0,0.0736,0.4096,-0.3482,0.3605,0.2654,-0.043,0.2378,-0.5016,1.672,-0.0568,0.2838,0.0568,0.2347,-0.6397,2.2902,0.339,0.0123,0.3513,-0.0001,0.0375,-0.0092,0.0055,0.0003,0.0686,0.0236,0.053,-0.0156,-0.0036,0.0191,0.0761,-0.0151,0.0927,0.0719,0.0211,0.0103,0.0538,0.0497,-0.0422,0.0332,0.0142,-0.0085,0.1165,0.8941,-0.9995,0.5925,0.7287,-0.7862,0.4178,-0.039,0.3656,-0.1141,0.7641,-0.7119,0.3756,-0.1682,0.7912,0.5589,0.4813,-0.5196,0.0,0.0,0.9916,0.0,0.0,0.0,0.0,0.0,0.0,
7.72,run,-0.17,3.69,0.57,0.45,1.99,50.3,0.0,0.0,0.117,3.52,24.17,-19.78,20.39,15.12,-1.85,13.89,-28.3,96.24,-4.04,16.96,4.57,13.18,-35.51,131.48,19.6,1.32,20.83,3.82,24.24,-19.98,20.63,14.87,-1.1,14.8,-26.72,95.8,-3.89,16.97,5.04,12.96,-32.98,132.97,19.8,1.62,21.05,0.1093,0.8952,-0.9998,0.5894,0.7249,-0.7777,0.4228,-0.0313,0.3624,-0.1112,0.7631,-0.7055,0.3702,-0.1451,0.7997,0.5657,0.484,-0.5171,0.026,0.0,0.0,0.006,0.0,0.0,0.013,0.111,0.0,0.0,0.0,0.006,0.006,0.111,0.033,0.006,0.0,0.0,0.0706,0.4111,-0.3482,0.3605,0.2654,-0.0383,0.2378,-0.5016,1.672,-0.0568,0.2838,0.0706,0.2332,-0.6289,2.2933,0.3421,0.0138,0.3559,-0.0116,0.032,-0.0064,0.0038,0.0002,0.0654,0.0165,0.0371,-0.0109,-0.0025,0.0134,0.1053,-0.0164,0.1054,0.0619,0.0264,0.013,0.055,0.0627,-0.0426,0.054,0.0242,-0.0504,0.1132,0.8973,-1.0,0.592,0.7277,-0.7841,0.4196,-0.0336,0.365,-0.1126,0.7643,-0.709,0.3731,-0.1566,0.7978,0.5624,0.4814,-0.517,0.0,0.0,1.0064,0.0,0.0,0.0,0.0,0.0,0.0,
7.76,run,-0.03,3.76,3.06,1.36,-2.18,51.1,0.0,0.0,0.175,4.39,24.17,-19.78,20.39,15.12,-1.49,14.06,-28.04,95.98,-3.96,16.96,4.66,13.01,-34.89,131.84,19.6,1.32,20.83,3.82,24.31,-19.83,20.6,14.99,-0.91,14.97,-26.41,95.86,-3.95,17.27,5.47,12.87,-32.5,133.28,19.84,1.75,21.27,0.1091,0.8966,-0.998,0.5886,0.727,-0.7754,0.4278,-0.0257,0.363,-0.1129,0.7685,-0.7003,0.3676,-0.1363,0.8033,0.567,0.4863,-0.5144,0.019,0.006,0.0,0.0,0.0,0.0,0.019,0.123,0.0,0.0,0.0,0.006,0.006,0.175,0.058,0.0,0.006,0.006,0.0598,0.4126,-0.3482,0.3605,0.2654,-0.0353,0.2393,-0.4955,1.672,-0.0568,0.2853,0.0752,0.2316,-0.6228,2.2948,0.3421,0.0138,0.359,-0.0482,0.0281,-0.0045,0.0027,0.0001,0.0572,0.0173,0.0489,-0.0076,-0.0017,0.0151,0.0909,-0.0172,0.0966,0.049,0.0185,0.0091,0.05,0.0638,-0.0398,0.0099,0.0078,0.0348,0.1093,0.8952,-0.9998,0.5894,0.7249,-0.7777,0.4228,-0.0313,0.3624,-0.1112,0.7631,-0.7055,0.3702,-0.1451,0.7997,0.5657,0.484,-0.5171,0.0,0.0,1.0212,0.0,0.0,0.0,0.0,0.0,0.0,
7.8,run,0.16,3.82,5.47,2.64,-1.17,51.8,0.0,0.0,0.175,3.34,24.17,-19.78,20.39,15.12,-1.05,14.15,-27.95,95.98,-4.04,16.96,5.27,12.92,-34.45,132.1,19.86,1.58,21.01,3.66,24.39,-19.93,20.49,14.78,-0.71,15.02,-26.26,95.84,-3.81,17.08,5.64,12.8,-31.9,133.78,20.01,1.68,21.36,0.1046,0.8981,-0.9991,0.5856,0.7232,-0.7731,0.4293,-0.0229,0.3628,-0.109,0.7651,-0.6983,0.3656,-0.1255,0.8092,0.5717,0.4851,-0.5134,0.019,0.006,0.0,0.0,0.0,0.0,0.019,0.123,0.0,0.0,0.0,0.006,0.006,0.175,0.058,0.0,0.006,0.006,0.0752,0.4126,-0.3482,0.3605,0.2654,-0.0291,0.2424,-0.4909,1.6674,-0.0552,0.2853,0.0767,0.2286,-0.6121,2.301,0.3421,0.0138,0.359,0.0238,0.0197,-0.0032,0.0019,0.0001,0.0631,0.0236,0.0514,-0.0226,0.0045,0.0106,0.0694,-0.0235,0.1079,0.0573,0.0129,0.0064,0.035,0.0766,-0.0341,0.0534,0.0238,-0.0381,0.1091,0.8966,-0.998,0.5886,0.727,-0.7754,0.4278,-0.0257,0.363,-0.1129,0.7685,-0.7003,0.3676,-0.1363,0.8033,0.567,0.4863,-0.5144,0.0,0.0,1.036,0.0,0.0,0.0,0.0,0.0,0.0,
7.84,run,0.33,3.98,5.08,2.75,3.14,52.5,0.0,0.0,0.175,3.78,24.17,-19.78,20.39,15.12,-0.88,14.15,-27.86,95.98,-4.04,16.96,5.45,13.01,-33.84,132.28,19.86,1.58,21.09,3.54,24.18,-19.61,20.34,14.73,0.03,15.11,-26.03,95.34,-3.77,17.13,6.12,12.62,-31.26,133.65,20.02,1.96,21.23,0.1011,0.8942,-0.9955,0.5812,0.7224,-0.7644,0.4316,-0.0188,0.3569,-0.1077,0.766,-0.6927,0.3607,-0.1139,0.8076,0.572,0.4902,-0.5149,0.019,0.006,0.0,0.0,0.0,0.0,0.019,0.123,0.0,0.0,0.0,0.006,0.006,0.175,0.058,0.0,0.006,0.006,0.0568,0.4126,-0.3482,0.3605,0.2654,-0.0215,0.2439,-0.4893,1.6674,-0.0568,0.2853,0.0874,0.227,-0.6044,2.3056,0.3467,0.0184,0.362,-0.0524,0.0138,-0.0022,0.0013,0.0001,0.0729,0.0223,0.0418,-0.0158,-0.0026,0.0074,0.0889,-0.0222,0.1043,0.0574,0.0263,0.0217,0.036,0.0929,-0.0283,0.0955,0.046,-0.0203,0.1046,0.8981,-0.9991,0.5856,0.7232,-0.7731,0.4293,-0.0229,0.3628,-0.109,0.7651,-0.6983,0.3656,-0.1255,0.8092,0.5717,0.4851,-0.5134,0.0,0.0,1.0508,0.0,0.0,0.0,0.0,0.0,0.0,
7.88,run,0.79,4.14,9.53,5.03,-1.9,53.3,0.0,0.0,0.175,3.6,24.17,-19.78,20.39,15.12,-0.53,14.24,-27.42,95.8,-3.87,17.05,5.8,12.66,-33.22,132.71,19.95,1.67,21.18,3.49,24.25,-19.64,20.29,14.79,0.04,15.17,-25.78,95.53,-3.77,17.35,6.17,12.52,-30.69,134.31,20.12,2.02,21.24,0.0996,0.8955,-0.9958,0.5797,0.7235,-0.7643,0.4336,-0.0142,0.3592,-0.1077,0.77,-0.6921,0.3576,-0.1034,0.8154,0.5748,0.4913,-0.5148,0.013,0.0,0.0,0.0,0.0,0.006,0.026,0.111,0.0,0.0,0.0,0.0,0.006,0.143,0.078,0.0,0.0,0.0,0.0644,0.4126,-0.3482,0.3605,0.2654,-0.0184,0.2439,-0.4878,1.6674,-0.0568,0.2853,0.0905,0.2286,-0.5937,2.3086,0.3467,0.0184,0.3636,-0.0079,0.0097,-0.0015,0.0009,0.0,0.0626,0.0156,0.035,-0.0111,-0.0018,0.0052,0.0737,-0.0098,0.1133,0.0517,0.0184,0.0152,0.0309,0.108,-0.0148,0.0887,0.048,0.0548,0.1011,0.8942,-0.9955,0.5812,0.7224,-0.7644,0.4316,-0.0188,0.3569,-0.1077,0.766,-0.6927,0.3607,-0.1139,0.8076,0.572,0.4902,-0.5149,0.0,0.0,1.0656,0.0,0.0,0.0,0.0,0.0,0.0,
7.92,run,0.98,4.28,5.86,3.39,4.58,54.0,0.0,0.0,0.175,3.25,24.17,-19.78,20.39,15.12,-0.09,14.41,-27.16,95.62,-3.87,17.05,6.24,12.57,-32.61,132.98,20.04,1.85,21.18,3.27,23.78,-19.23,19.92,14.41,0.86,15.15,-25.82,95.01,-3.49,17.02,6.41,12.36,-30.1,134.14,20.18,2.18,20.72,0.0935,0.8869,-0.991,0.5691,0.7165,-0.7546,0.4329,-0.015,0.353,-0.0997,0.764,-0.6893,0.3531,-0.0928,0.8134,0.5765,0.4942,-0.5209,0.013,0.0,0.0,0.0,0.0,0.006,0.026,0.111,0.0,0.0,0.0,0.0,0.006,0.143,0.078,0.0,0.0,0.0,0.0614,0.4126,-0.3482,0.3605,0.2654,-0.0123,0.2454,-0.4801,1.6644,-0.0537,0.2869,0.0966,0.2224,-0.5829,2.3163,0.3482,0.0199,0.3651,-0.017,0.0068,-0.0011,0.0006,0.0,0.0667,0.0166,0.0531,-0.0192,0.0102,0.0094,0.0745,-0.0298,0.1194,0.0648,0.0186,0.0164,0.0274,0.1478,-0.0008,0.1664,0.0877,-0.0331,0.0996,0.8955,-0.9958,0.5797,0.7235,-0.7643,0.4336,-0.0142,0.3592,-0.1077,0.77,-0.6921,0.3576,-0.1034,0.8154,0.5748,0.4913,-0.5148,0.0,0.0,1.0804,0.0,0.0,0.0,0.0,0.0,0.0,
7.96,run,1.31,4.45,8.28,3.34,1.61,54.8,0.0,0.0,0.175,3.96,24.17,-19.78,20.39,15.12,0.0,14.5,-26.98,95.45,-3.78,17.05,6.33,12.57,-31.99,133.33,20.04,1.93,21.18,3.27,23.77,-19.01,19.83,14.45,0.98,15.22,-25.49,95.24,-3.56,17.39,6.51,12.21,-29.55,134.37,20.14,2.26,20.92,0.0935,0.8867,-0.9884,0.5666,0.7172,-0.7532,0.4348,-0.0088,0.3557,-0.1018,0.7707,-0.6882,0.3489,-0.0827,0.8162,0.5755,0.4957,-0.5185,0.013,0.0,0.0,0.0,0.0,0.006,0.026,0.111,0.0,0.0,0.0,0.0,0.006,0.143,0.078,0.0,0.0,0.0,0.0552,0.4126,-0.3482,0.3605,0.2654,-0.0046,0.2485,-0.4755,1.6613,-0.0537,0.2869,0.1043,0.2209,-0.5722,2.3209,0.3497,0.023,0.3651,-0.0351,0.0047,-0.0008,0.0004,0.0,0.0757,0.0233,0.0546,-0.0251,0.0071,0.0065,0.0812,-0.0267,0.1242,0.0628,0.0188,0.0231,0.0192,0.1641,0.0113,0.1022,0.0592,0.08,0.0935,0.8869,-0.991,0.5691,0.7165,-0.7546,0.4329,-0.015,0.353,-0.0997,0.764,-0.6893,0.3531,-0.0928,0.8134,0.5765,0.4942,-0.5209,0.0,0.0,1.0952,0.0,0.0,0.0,0.0,0.0,0.0,
8.0,run,1.58,4.61,7.03,3.45,3.19,55.5,0.0,0.0,0.175,2.72,24.17,-19.51,20.3,14.94,0.62,14.5,-26.98,95.36,-3.69,17.05,6.33,12.22,-31.29,133.42,20.04,2.02,21.18,3.1,23.52,-18.85,19.6,14.21,1.35,15.16,-25.47,95.17,-3.37,17.2,6.44,12.08,-29.03,134.48,20.22,2.31,20.79,0.0887,0.8821,-0.9865,0.5599,0.713,-0.7488,0.4332,-0.0086,0.3549,-0.0963,0.7672,-0.6889,0.345,-0.0732,0.8174,0.5777,0.4965,-0.5201,0.013,0.013,0.0,0.013,0.013,0.0,0.019,0.156,0.0,0.006,0.0,0.0,0.006,0.078,0.078,0.006,0.0,0.006,0.0675,0.4126,-0.3482,0.3605,0.2654,-0.0031,0.25,-0.4725,1.6582,-0.0522,0.2869,0.1058,0.2209,-0.5614,2.327,0.3497,0.0245,0.3651,0.0207,0.0033,-0.0005,0.0003,0.0,0.0587,0.0219,0.0495,-0.0289,0.0107,0.0046,0.0625,-0.0187,0.1266,0.0666,0.0132,0.0218,0.0134,0.1931,0.0267,0.1444,0.0583,0.028,0.0935,0.8867,-0.9884,0.5666,0.7172,-0.7532,0.4348,-0.0088,0.3557,-0.1018,0.7707,-0.6882,0.3489,-0.0827,0.8162,0.5755,0.4957,-0.5185,0.0,0.0,1.11,0.0,0.0,0.0,0.0,0.0,0.0,
8.04,run,1.77,4.77,5.67,2.18,0.8,56.2,0.0,0.0,0.175,3.6,24.17,-19.25,20.21,14.77,1.05,14.5,-26.89,95.36,-3.52,17.14,6.42,12.22,-30.67,133.42,20.13,2.2,21.18,3.02,23.21,-18.28,19.32,14.16,1.81,15.3,-25.39,95.05,-3.31,17.33,6.74,11.93,-28.43,134.41,20.27,2.58,20.69,0.0862,0.8765,-0.9797,0.5521,0.712,-0.7434,0.4373,-0.007,0.3535,-0.0947,0.7697,-0.6854,0.3408,-0.0624,0.8166,0.5791,0.5015,-0.5212,0.013,0.013,0.0,0.013,0.013,0.0,0.019,0.156,0.0,0.006,0.0,0.0,0.006,0.078,0.078,0.006,0.0,0.006,0.046,0.4126,-0.3436,0.359,0.2623,0.0077,0.25,-0.4725,1.6567,-0.0506,0.2869,0.1058,0.2148,-0.5492,2.3286,0.3497,0.0261,0.3651,-0.0666,0.0023,0.017,-0.0056,-0.0116,0.0816,0.0154,0.0347,-0.026,0.0132,0.0032,0.0437,-0.0362,0.1349,0.0524,0.0092,0.0211,0.0094,0.2164,0.04,0.1227,0.0602,0.0556,0.0887,0.8821,-0.9865,0.5599,0.713,-0.7488,0.4332,-0.0086,0.3549,-0.0963,0.7672,-0.6889,0.345,-0.0732,0.8174,0.5777,0.4965,-0.5201,0.0,0.0,1.1248,0.0,0.0,0.0,0.0,0.0,0.0,
8.08,run,2.12,4.86,7.56,3.13,-1.17,57.0,0.0,0.0,0.175,3.08,23.99,-19.07,19.86,14.77,1.41,14.5,-26.89,95.27,-3.43,17.14,6.42,12.04,-30.23,133.42,20.13,2.2,21.01,2.9,23.15,-18.09,19.15,14.03,1.98,15.24,-25.3,95.33,-3.23,17.26,6.74,11.82,-27.93,134.49,20.31,2.57,21.0,0.083,0.8755,-0.9775,0.5473,0.7097,-0.7414,0.4353,-0.0055,0.3569,-0.0922,0.7684,-0.6854,0.3378,-0.0533,0.8175,0.5803,0.5012,-0.5176,0.013,0.013,0.0,0.013,0.013,0.0,0.019,0.156,0.0,0.006,0.0,0.0,0.006,0.078,0.078,0.006,0.0,0.006,0.0614,0.4126,-0.339,0.3574,0.2592,0.0153,0.25,-0.4709,1.6567,-0.0476,0.2884,0.1074,0.2148,-0.5384,2.3286,0.3513,0.0291,0.3651,0.0112,0.0016,0.0292,-0.0097,-0.0197,0.086,0.0108,0.0301,-0.0182,0.0208,0.008,0.0364,-0.0254,0.1349,0.0367,0.0122,0.0263,0.0066,0.2336,0.0539,0.099,0.038,0.014,0.0862,0.8765,-0.9797,0.5521,0.712,-0.7434,0.4373,-0.007,0.3535,-0.0947,0.7697,-0.6854,0.3408,-0.0624,0.8166,0.5791,0.5015,-0.5212,0.0,0.0,1.1396,0.0,0.0,0.0,0.0,0.0,0.0,
8.12,run,2.18,4.94,2.19,1.58,2.0,57.7,0.0,0.0,0.175,2.46,23.64,-18.72,19.42,14.68,1.85,14.5,-26.54,95.27,-3.34,17.14,6.5,11.95,-29.62,133.42,20.21,2.37,21.01,2.76,22.65,-17.55,18.79,13.83,2.54,15.28,-25.33,94.99,-3.02,17.12,6.85,11.65,-27.41,134.29,20.36,2.78,20.69,0.0787,0.8663,-0.9711,0.5369,0.706,-0.7348,0.4365,-0.006,0.3528,-0.0864,0.7658,-0.6841,0.3329,-0.0438,0.8152,0.5818,0.505,-0.5213,0.006,0.019,0.006,0.006,0.026,0.006,0.019,0.078,0.0,0.006,0.0,0.0,0.006,0.13,0.045,0.006,0.006,0.006,0.0522,0.4096,-0.3359,0.3513,0.2592,0.0215,0.25,-0.4709,1.6552,-0.046,0.2884,0.1074,0.2117,-0.5308,2.3286,0.3513,0.0291,0.362,-0.0266,-0.0103,0.0319,-0.0297,-0.0138,0.0831,0.0075,0.021,-0.0185,0.0203,0.0056,0.0255,-0.0292,0.1231,0.0257,0.0086,0.0184,-0.0069,0.2639,0.0625,0.1319,0.0547,-0.0203,0.083,0.8755,-0.9775,0.5473,0.7097,-0.7414,0.4353,-0.0055,0.3569,-0.0922,0.7684,-0.6854,0.3378,-0.0533,0.8175,0.5803,0.5012,-0.5176,0.0,0.0,1.1544,0.0,0.0,0.0,0.0,0.0,0.0,
8.16,run,2.54,5.09,7.77,2.6,-2.77,58.5,0.0,0.0,0.175,2.99,23.38,-18.19,19.07,14.41,2.29,14.5,-26.46,95.27,-3.08,17.14,6.94,11.78,-29.0,133.42,20.3,2.64,20.92,2.74,22.68,-17.04,18.62,13.79,2.89,15.37,-25.11,95.17,-3.06,17.33,7.29,11.53,-26.85,134.17,20.32,2.88,21.1,0.0784,0.8668,-0.9652,0.5319,0.7053,-0.7307,0.4393,-0.002,0.355,-0.0875,0.7697,-0.679,0.3293,-0.0337,0.8138,0.5805,0.5069,-0.5165,0.006,0.019,0.006,0.006,0.026,0.006,0.019,0.078,0.0,0.006,0.0,0.0,0.006,0.13,0.045,0.006,0.006,0.006,0.0414,0.4034,-0.3298,0.3436,0.2577,0.0291,0.25,-0.4648,1.6552,-0.0445,0.2884,0.1089,0.2102,-0.52,2.3286,0.3528,0.0322,0.362,-0.0588,-0.0302,0.0453,-0.0495,-0.0154,0.0869,0.0053,0.0377,-0.0129,0.02,0.0039,0.0236,-0.0262,0.1263,0.018,0.0117,0.0244,-0.0048,0.2692,0.0694,0.0382,0.0275,0.035,0.0787,0.8663,-0.9711,0.5369,0.706,-0.7348,0.4365,-0.006,0.3528,-0.0864,0.7658,-0.6841,0.3329,-0.0438,0.8152,0.5818,0.505,-0.5213,0.0,0.0,1.1692,0.0,0.0,0.0,0.0,0.0,0.0,
8.2,run,2.68,5.21,3.38,2.83,4.05,59.2,0.0,0.0,0.175,2.29,23.2,-17.84,19.07,14.33,2.64,14.5,-26.46,95.27,-3.08,17.14,7.03,11.69,-28.65,133.42,20.3,2.72,20.83,2.52,22.15,-16.6,18.23,13.54,3.66,15.22,-24.95,94.72,-2.77,16.94,7.47,11.29,-26.18,133.81,20.29,2.97,20.88,0.0719,0.8573,-0.96,0.5209,0.7007,-0.7217,0.4348,0.0009,0.3497,-0.0792,0.7625,-0.6768,0.3226,-0.0214,0.8095,0.5797,0.5086,-0.519,0.006,0.019,0.006,0.006,0.026,0.006,0.019,0.078,0.0,0.006,0.0,0.0,0.006,0.13,0.045,0.006,0.006,0.006,0.0506,0.3988,-0.3206,0.3375,0.2531,0.0368,0.25,-0.4633,1.6552,-0.0399,0.2884,0.1166,0.2071,-0.5093,2.3286,0.3543,0.0368,0.3605,-0.0123,-0.0356,0.0606,-0.0539,-0.0252,0.0849,0.0037,0.0312,-0.009,0.0284,0.0028,0.0405,-0.0279,0.1221,0.0126,0.013,0.0315,-0.0082,0.3007,0.0819,0.1356,0.0454,-0.0483,0.0784,0.8668,-0.9652,0.5319,0.7053,-0.7307,0.4393,-0.002,0.355,-0.0875,0.7697,-0.679,0.3293,-0.0337,0.8138,0.5805,0.5069,-0.5165,0.0,0.0,1.184,0.0,0.0,0.0,0.0,0.0,0.0,
8.24,run,2.82,5.26,3.06,0.91,-1.23,59.9,0.0,0.0,0.182,2.72,22.94,-17.4,18.54,14.33,3.08,14.5,-26.37,95.19,-2.99,17.14,7.12,11.34,-28.12,133.42,20.3,2.81,20.83,2.56,22.26,-16.34,18.14,13.73,3.51,15.26,-24.69,95.09,-2.87,17.33,7.53,11.15,-25.81,134.04,20.22,3.05,20.88,0.0733,0.8594,-0.9569,0.5184,0.7042,-0.7234,0.436,0.0057,0.3539,-0.082,0.7696,-0.6762,0.3186,-0.0148,0.8123,0.5777,0.51,-0.5191,0.013,0.006,0.0,0.0,0.006,0.006,0.019,0.182,0.006,0.0,0.0,0.006,0.0,0.13,0.013,0.0,0.006,0.0,0.0383,0.3958,-0.3145,0.3375,0.2516,0.043,0.25,-0.4633,1.6552,-0.0399,0.2884,0.1181,0.2056,-0.5031,2.3286,0.3543,0.0383,0.359,-0.0543,-0.0363,0.0652,-0.0377,-0.0233,0.0822,0.0026,0.0218,-0.0063,0.0199,0.0019,0.0341,-0.0253,0.1083,0.0088,0.0091,0.0277,-0.0114,0.3126,0.0924,0.059,0.0494,0.0707,0.0719,0.8573,-0.96,0.5209,0.7007,-0.7217,0.4348,0.0009,0.3497,-0.0792,0.7625,-0.6768,0.3226,-0.0214,0.8095,0.5797,0.5086,-0.519,0.0,0.0,1.1988,0.0,0.0,0.0,0.0,0.0,0.0,
8.28,run,3.04,5.31,5.23,2.45,-0.37,60.7,0.0,0.0,0.182,2.64,22.68,-17.05,18.11,14.15,3.52,14.5,-26.1,95.1,-3.08,17.14,7.56,11.25,-27.51,133.42,20.3,2.81,20.83,2.43,21.92,-15.79,17.83,13.42,4.11,15.22,-24.58,94.95,-2.66,17.0,7.8,11.01,-25.27,133.53,20.18,3.03,21.2,0.0693,0.853,-0.9504,0.5093,0.6986,-0.7164,0.435,0.0077,0.3524,-0.0761,0.7636,-0.6729,0.3145,-0.0049,0.8062,0.5767,0.5097,-0.5153,0.013,0.006,0.0,0.0,0.006,0.006,0.019,0.182,0.006,0.0,0.0,0.006,0.0,0.13,0.013,0.0,0.006,0.0,0.046,0.3912,-0.3068,0.3283,0.2516,0.0506,0.25,-0.4617,1.6536,-0.0383,0.2884,0.1197,0.1994,-0.4939,2.3286,0.3543,0.0399,0.359,-0.0092,-0.0427,0.0744,-0.0609,-0.0163,0.0863,0.0018,0.021,-0.0102,0.0197,0.0013,0.0296,-0.0407,0.1103,0.0062,0.0064,0.0252,-0.008,0.3249,0.0966,0.0534,0.0159,-0.0215,0.0733,0.8594,-0.9569,0.5184,0.7042,-0.7234,0.436,0.0057,0.3539,-0.082,0.7696,-0.6762,0.3186,-0.0148,0.8123,0.5777,0.51,-0.5191,0.0,0.0,1.2136,0.0,0.0,0.0,0.0,0.0,0.0,
8.32,run,3.27,5.44,5.39,3.66,2.93,61.4,0.0,0.0,0.182,2.2,22.5,-16.44,18.11,14.15,3.6,14.5,-25.84,95.1,-2.9,17.14,7.73,11.16,-26.98,133.42,20.3,2.99,20.83,2.29,21.59,-15.33,17.53,13.32,4.6,15.15,-24.29,94.64,-2.5,16.9,8.11,10.79,-24.71,133.33,20.1,3.1,20.9,0.0654,0.8471,-0.945,0.5008,0.6968,-0.7106,0.4329,0.013,0.3488,-0.0715,0.7618,-0.6693,0.3084,0.0052,0.8038,0.5742,0.5108,-0.5189,0.013,0.006,0.0,0.0,0.006,0.006,0.019,0.182,0.006,0.0,0.0,0.006,0.0,0.13,0.013,0.0,0.006,0.0,0.0445,0.3866,-0.3007,0.3206,0.2485,0.0583,0.25,-0.4571,1.6521,-0.0399,0.2884,0.1273,0.1979,-0.4832,2.3286,0.3543,0.0399,0.359,-0.0123,-0.0473,0.0753,-0.0717,-0.023,0.0894,0.0013,0.0321,-0.0129,0.008,0.0009,0.0498,-0.0343,0.1179,0.0043,0.0045,0.0176,-0.0056,0.3444,0.1009,0.0913,0.0427,-0.0065,0.0693,0.853,-0.9504,0.5093,0.6986,-0.7164,0.435,0.0077,0.3524,-0.0761,0.7636,-0.6729,0.3145,-0.0049,0.8062,0.5767,0.5097,-0.5153,0.0,0.0,1.2284,0.0,0.0,0.0,0.0,0.0,0.0,
8.36,run,3.57,5.57,7.17,3.45,1.06,62.2,0.0,0.0,0.182,2.46,22.32,-16.08,18.11,13.97,4.31,14.5,-25.84,95.01,-2.55,17.14,7.82,11.07,-26.46,133.07,20.21,2.99,20.83,2.24,21.47,-14.96,17.32,13.43,4.89,15.06,-23.98,94.6,-2.46,17.01,8.3,10.6,-24.26,133.18,19.96,3.19,20.74,0.064,0.8449,-0.9407,0.4949,0.6988,-0.7072,0.4304,0.0185,0.3482,-0.0702,0.7638,-0.6671,0.3028,0.0134,0.8022,0.5702,0.5125,-0.5207,0.006,0.013,0.006,0.013,0.006,0.0,0.006,0.13,0.006,0.006,0.0,0.013,0.006,0.097,0.019,0.006,0.006,0.0,0.0368,0.3835,-0.2899,0.3206,0.2485,0.0598,0.25,-0.4525,1.6521,-0.0368,0.2884,0.1304,0.1963,-0.474,2.3286,0.3543,0.043,0.359,-0.0371,-0.0445,0.0927,-0.0502,-0.0161,0.0683,0.0009,0.0396,-0.0091,0.017,0.0007,0.0462,-0.0297,0.1167,0.003,0.0031,0.0237,-0.0039,0.364,0.1123,0.0941,0.0639,0.0512,0.0654,0.8471,-0.945,0.5008,0.6968,-0.7106,0.4329,0.013,0.3488,-0.0715,0.7618,-0.6693,0.3084,0.0052,0.8038,0.5742,0.5108,-0.5189,0.0,0.0,1.2432,0.0,0.0,0.0,0.0,0.0,0.0,
8.4,run,3.86,5.68,7.28,3.9,-0.59,62.9,0.0,0.0,0.182,2.37,21.97,-15.56,17.67,13.89,4.66,14.5,-25.4,94.75,-2.55,17.14,8.17,10.72,-25.84,132.8,19.95,2.99,20.83,2.08,20.97,-14.39,16.95,13.3,5.28,14.9,-23.84,94.4,-2.26,16.81,8.3,10.39,-23.78,132.8,19.86,3.18,20.55,0.0594,0.8359,-0.934,0.4842,0.6964,-0.7026,0.4256,0.0211,0.3459,-0.0645,0.7602,-0.6671,0.2967,0.0221,0.7976,0.5675,0.5123,-0.5229,0.006,0.013,0.006,0.013,0.006,0.0,0.006,0.13,0.006,0.006,0.0,0.013,0.006,0.097,0.019,0.006,0.006,0.0,0.0414,0.3804,-0.2838,0.3206,0.2454,0.0721,0.25,-0.4525,1.6506,-0.0307,0.2884,0.1319,0.1948,-0.4648,2.3224,0.3528,0.043,0.359,-0.0087,-0.0427,0.0879,-0.0351,-0.0228,0.0938,0.0006,0.0277,-0.0121,0.0349,0.0005,0.0381,-0.0265,0.1162,-0.0209,-0.0036,0.0166,-0.0027,0.3901,0.1238,0.1251,0.0602,0.0184,0.064,0.8449,-0.9407,0.4949,0.6988,-0.7072,0.4304,0.0185,0.3482,-0.0702,0.7638,-0.6671,0.3028,0.0134,0.8022,0.5702,0.5125,-0.5207,0.0,0.0,1.258,0.0,0.0,0.0,0.0,0.0,0.0,
8.44,run,3.96,5.76,1.76,1.23,2.31,63.6,0.0,0.0,0.182,1.85,21.8,-15.21,17.31,13.8,5.01,14.5,-25.31,94.66,-2.55,17.14,8.35,10.63,-25.31,132.71,19.95,2.99,20.83,1.93,20.46,-13.52,16.49,13.05,5.93,14.75,-23.56,94.11,-2.01,16.55,8.72,10.16,-23.23,132.09,19.67,3.21,20.41,0.0552,0.8265,-0.9237,0.471,0.6919,-0.6949,0.4214,0.0262,0.3424,-0.0575,0.7555,-0.6622,0.2902,0.0321,0.7893,0.5621,0.5128,-0.5246,0.006,0.013,0.006,0.013,0.006,0.0,0.006,0.13,0.006,0.006,0.0,0.013,0.006,0.097,0.019,0.006,0.006,0.0,0.0399,0.3743,-0.2746,0.3129,0.2439,0.0782,0.25,-0.4449,1.646,-0.0307,0.2884,0.1381,0.1887,-0.4541,2.3178,0.3482,0.043,0.359,-0.0119,-0.053,0.0962,-0.0535,-0.0217,0.0888,0.0004,0.0484,-0.0258,0.0244,0.0003,0.0498,-0.0417,0.1219,-0.032,-0.0199,0.0116,-0.0019,0.4159,0.1332,0.127,0.0682,-0.0102,0.0594,0.8359,-0.934,0.4842,0.6964,-0.7026,0.4256,0.0211,0.3459,-0.0645,0.7602,-0.6671,0.2967,0.0221,0.7976,0.5675,0.5123,-0.5229,0.0,0.0,1.2728,0.0,0.0,0.0,0.0,0.0,0.0,
8.48,run,4.22,5.86,6.33,2.55,-1.68,64.4,0.0,0.0,0.182,1.76,21.36,-14.59,17.05,13.71,5.45,14.5,-24.96,94.39,-2.2,17.14,8.35,10.28,-24.79,132.19,19.6,2.99,20.74,1.91,20.37,-12.92,16.28,13.01,6.08,14.67,-23.32,94.32,-2.04,16.71,8.79,10.0,-22.8,131.71,19.49,3.2,20.66,0.0546,0.8249,-0.9167,0.4652,0.6911,-0.6932,0.419,0.0306,0.3449,-0.0584,0.7584,-0.6613,0.2856,0.0399,0.7848,0.5568,0.5128,-0.5217,0.0,0.006,0.006,0.006,0.013,0.006,0.0,0.084,0.006,0.006,0.013,0.006,0.006,0.117,0.0,0.006,0.006,0.006,0.0307,0.3712,-0.2684,0.3068,0.2424,0.0844,0.25,-0.4433,1.6444,-0.0307,0.2884,0.1411,0.1871,-0.4449,2.3163,0.3482,0.043,0.359,-0.0427,-0.0486,0.0903,-0.0604,-0.0209,0.0851,0.0003,0.0396,-0.0238,0.0171,0.0002,0.0463,-0.0349,0.1196,-0.0281,-0.0139,0.0081,-0.0013,0.4243,0.1406,0.0308,0.0215,0.0403,0.0552,0.8265,-0.9237,0.471,0.6919,-0.6949,0.4214,0.0262,0.3424,-0.0575,0.7555,-0.6622,0.2902,0.0321,0.7893,0.5621,0.5128,-0.5246,0.0,0.0,1.2876,0.0,0.0,0.0,0.0,0.0,0.0,
8.52,run,4.49,5.99,7.34,3.45,-1.05,65.1,0.0,0.0,0.182,2.02,20.92,-13.97,16.61,13.62,5.89,14.5,-24.7,94.31,-2.2,17.05,8.79,10.2,-24.26,131.57,19.6,2.99,20.65,1.69,19.74,-12.08,15.78,12.81,6.83,14.49,-23.04,93.76,-1.72,16.27,9.23,9.76,-22.22,131.05,19.36,3.22,20.41,0.0481,0.8135,-0.9069,0.451,0.6874,-0.6844,0.4141,0.0356,0.3384,-0.0492,0.7505,-0.6561,0.2788,0.0505,0.7771,0.553,0.5131,-0.5246,0.0,0.006,0.006,0.006,0.013,0.006,0.0,0.084,0.006,0.006,0.013,0.006,0.006,0.117,0.0,0.006,0.006,0.006,0.0291,0.3636,-0.2577,0.3022,0.2408,0.092,0.25,-0.4372,1.6398,-0.0245,0.2884,0.1411,0.181,-0.4357,2.3071,0.3421,0.043,0.3574,-0.0356,-0.0625,0.1031,-0.0593,-0.0204,0.088,0.0002,0.0505,-0.0338,0.0348,0.0002,0.0324,-0.0472,0.1179,-0.0539,-0.0325,0.0057,-0.0066,0.4468,0.1493,0.1105,0.0446,-0.0294,0.0546,0.8249,-0.9167,0.4652,0.6911,-0.6932,0.419,0.0306,0.3449,-0.0584,0.7584,-0.6613,0.2856,0.0399,0.7848,0.5568,0.5128,-0.5217,0.0,0.0,1.3024,0.0,0.0,0.0,0.0,0.0,0.0,
8.56,run,4.68,6.09,3.79,1.61,0.32,65.9,0.0,0.0,0.182,1.76,20.74,-13.36,16.44,13.45,5.98,14.5,-24.61,94.22,-2.11,17.05,8.88,9.93,-23.73,131.4,19.51,2.99,20.65,1.55,19.35,-11.24,15.38,12.77,7.4,14.21,-22.57,93.5,-1.56,16.11,9.62,9.48,-21.62,130.4,19.06,3.23,20.39,0.0442,0.8064,-0.897,0.4393,0.6867,-0.6776,0.4061,0.0442,0.3353,-0.0446,0.7474,-0.6515,0.2708,0.0615,0.7695,0.5447,0.5133,-0.5248,0.0,0.006,0.006,0.006,0.013,0.006,0.0,0.084,0.006,0.006,0.013,0.006,0.006,0.117,0.0,0.006,0.006,0.006,0.0337,0.3559,-0.247,0.2945,0.2393,0.0997,0.25,-0.4326,1.6383,-0.0245,0.2869,0.1488,0.1795,-0.4264,2.2964,0.3421,0.043,0.3559,-0.0074,-0.0729,0.113,-0.0707,-0.0201,0.0908,0.0001,0.0529,-0.0295,0.0243,-0.0057,0.0519,-0.0389,0.1176,-0.0786,-0.0228,0.004,-0.0105,0.4708,0.1604,0.1282,0.0603,-0.0183,0.0481,0.8135,-0.9069,0.451,0.6874,-0.6844,0.4141,0.0356,0.3384,-0.0492,0.7505,-0.6561,0.2788,0.0505,0.7771,0.553,0.5131,-0.5246,0.0,0.0,1.3172,0.0,0.0,0.0,0.0,0.0,0.0,
8.6,run,4.86,6.18,4.66,2.55,0.7,66.6,0.0,0.0,0.182,1.32,20.3,-12.57,15.91,13.27,6.68,14.41,-24.17,93.96,-1.67,16.7,9.4,9.58,-23.2,130.69,18.98,2.99,20.65,1.51,19.23,-10.58,15.14,12.83,7.61,14.02,-22.22,93.63,-1.56,16.17,9.7,9.28,-21.15,129.88,18.8,3.22,20.61,0.043,0.8042,-0.8891,0.4325,0.6877,-0.6752,0.4007,0.0505,0.3368,-0.0445,0.7485,-0.6506,0.2652,0.0699,0.7633,0.5373,0.513,-0.5222,0.006,0.013,0.006,0.006,0.006,0.006,0.0,0.169,0.0,0.0,0.0,0.0,0.006,0.078,0.013,0.0,0.0,0.0,0.0291,0.3528,-0.2362,0.2915,0.2362,0.1012,0.25,-0.431,1.6368,-0.023,0.2869,0.1503,0.1749,-0.4172,2.2933,0.3405,0.043,0.3559,-0.0223,-0.0624,0.119,-0.0609,-0.0255,0.0693,0.0001,0.0427,-0.0263,0.0227,-0.004,0.042,-0.0443,0.1165,-0.0664,-0.0216,0.0028,-0.0073,0.4872,0.169,0.0662,0.0282,0.0056,0.0442,0.8064,-0.897,0.4393,0.6867,-0.6776,0.4061,0.0442,0.3353,-0.0446,0.7474,-0.6515,0.2708,0.0615,0.7695,0.5447,0.5133,-0.5248,0.0,0.0,1.332,0.0,0.0,0.0,0.0,0.0,0.0,
8.64,run,5.22,6.34,9.49,4.14,-1.59,67.3,0.0,0.0,0.182,1.49,19.86,-11.87,15.56,13.27,7.29,14.33,-23.82,93.78,-1.76,16.61,9.58,9.58,-22.5,130.25,18.98,2.99,20.65,1.33,18.73,-9.44,14.63,12.61,8.48,13.83,-21.57,93.04,-1.34,15.82,10.52,9.02,-20.33,128.95,18.52,3.22,20.62,0.0379,0.7951,-0.8757,0.4181,0.6838,-0.665,0.3951,0.0623,0.3298,-0.0383,0.7421,-0.641,0.2577,0.0848,0.7524,0.5293,0.5131,-0.5221,0.006,0.013,0.006,0.006,0.006,0.006,0.0,0.169,0.0,0.0,0.0,0.0,0.006,0.078,0.013,0.0,0.0,0.0,0.0215,0.3451,-0.2224,0.2823,0.2332,0.1135,0.2485,-0.4234,1.6322,-0.0153,0.2807,0.1595,0.1687,-0.408,2.281,0.3313,0.043,0.3559,-0.0445,-0.0726,0.1353,-0.0773,-0.0294,0.0947,-0.0057,0.0588,-0.0358,0.0448,-0.0259,0.0641,-0.0542,0.1162,-0.0927,-0.0498,0.002,-0.0051,0.5027,0.1772,0.0813,0.0446,0.0122,0.043,0.8042,-0.8891,0.4325,0.6877,-0.6752,0.4007,0.0505,0.3368,-0.0445,0.7485,-0.6506,0.2652,0.0699,0.7633,0.5373,0.513,-0.5222,0.0,0.0,1.3468,0.0,0.0,0.0,0.0,0.0,0.0,
8.68,run,5.47,6.46,5.78,2.44,-1.88,68.1,0.0,0.0,0.182,1.58,19.6,-11.16,15.29,13.27,7.73,14.24,-23.55,93.69,-1.67,16.61,9.67,9.23,-22.15,129.64,18.72,2.99,20.65,1.07,18.21,-8.39,14.1,12.72,9.28,13.4,-21.0,92.48,-1.09,15.54,10.9,8.65,-19.57,128.14,18.13,3.2,20.61,0.0306,0.7856,-0.8634,0.4029,0.6857,-0.6555,0.3829,0.0726,0.3233,-0.0312,0.737,-0.6365,0.2473,0.0988,0.7428,0.5181,0.5127,-0.5223,0.006,0.013,0.006,0.006,0.006,0.006,0.0,0.169,0.0,0.0,0.0,0.0,0.006,0.078,0.013,0.0,0.0,0.0,0.0245,0.3375,-0.2102,0.2761,0.2332,0.1243,0.247,-0.4172,1.6291,-0.0169,0.2792,0.1626,0.1687,-0.3958,2.2734,0.3313,0.043,0.3559,-0.0196,-0.0797,0.141,-0.0773,-0.0206,0.1068,-0.0098,0.0643,-0.0366,0.0256,-0.0239,0.0564,-0.0379,0.1276,-0.0938,-0.0349,0.0014,-0.0036,0.5345,0.1912,0.1656,0.0723,-0.0277,0.0379,0.7951,-0.8757,0.4181,0.6838,-0.665,0.3951,0.0623,0.3298,-0.0383,0.7421,-0.641,0.2577,0.0848,0.7524,0.5293,0.5131,-0.5221,0.0,0.0,1.3616,0.0,0.0,0.0,0.0,0.0,0.0,
8.72,run,5.69,6.59,5.47,3.02,1.9,68.8,0.0,0.0,0.182,0.79,19.16,-10.28,14.77,13.27,8.44,14.06,-23.12,93.16,-1.23,16.26,10.28,8.88,-21.36,128.85,18.28,2.99,20.65,0.98,17.99,-7.34,13.7,12.71,9.69,13.0,-20.38,92.51,-1.01,15.41,11.21,8.38,-18.94,127.3,17.66,3.03,21.02,0.0279,0.7817,-0.851,0.3914,0.6857,-0.6507,0.3715,0.084,0.3237,-0.029,0.7347,-0.6329,0.2394,0.1102,0.733,0.5047,0.5097,-0.5174,0.006,0.006,0.006,0.006,0.013,0.006,0.013,0.149,0.0,0.0,0.013,0.0,0.006,0.071,0.006,0.013,0.0,0.0,0.0261,0.3329,-0.1979,0.2715,0.2332,0.1319,0.2454,-0.4126,1.6276,-0.0153,0.2792,0.1641,0.1626,-0.3896,2.2626,0.3267,0.043,0.3559,-0.008,-0.073,0.1445,-0.0712,-0.0144,0.1034,-0.0126,0.0622,-0.0313,0.0236,-0.0168,0.0452,-0.0494,0.1122,-0.1057,-0.0416,0.001,-0.0025,0.556,0.2015,0.1009,0.0426,-0.0327,0.0306,0.7856,-0.8634,0.4029,0.6857,-0.6555,0.3829,0.0726,0.3233,-0.0312,0.737,-0.6365,0.2473,0.0988,0.7428,0.5181,0.5127,-0.5223,0.0,0.0,1.3764,0.0,0.0,0.0,0.0,0.0,0.0,
8.76,run,6.05,6.9,9.5,7.84,-2.85,69.6,0.0,0.0,0.182,0.88,18.72,-9.32,14.24,13.27,9.14,13.62,-22.5,92.81,-1.14,16.0,11.07,8.53,-20.65,127.97,18.02,2.99,20.65,0.79,17.65,-6.05,13.2,12.69,10.6,12.65,-19.34,91.84,-0.92,15.23,12.11,8.05,-17.86,126.28,17.17,2.98,21.25,0.0227,0.7755,-0.8359,0.3773,0.6853,-0.64,0.3615,0.103,0.3158,-0.0262,0.7314,-0.6223,0.2299,0.1299,0.7209,0.4905,0.5088,-0.5147,0.006,0.006,0.006,0.006,0.013,0.006,0.013,0.149,0.0,0.0,0.013,0.0,0.006,0.071,0.006,0.013,0.0,0.0,0.0123,0.3252,-0.1825,0.2623,0.2332,0.1442,0.2424,-0.405,1.6183,-0.0077,0.273,0.1749,0.1565,-0.3758,2.2488,0.3191,0.043,0.3559,-0.0574,-0.0799,0.1587,-0.0844,-0.0101,0.1184,-0.0203,0.0723,-0.0565,0.0453,-0.0347,0.0719,-0.0576,0.1303,-0.1258,-0.0579,0.0007,-0.0018,0.5758,0.2129,0.0954,0.0527,0.0331,0.0279,0.7817,-0.851,0.3914,0.6857,-0.6507,0.3715,0.084,0.3237,-0.029,0.7347,-0.6329,0.2394,0.1102,0.733,0.5047,0.5097,-0.5174,0.0,0.0,1.3912,0.0,0.0,0.0,0.0,0.0,0.0,
8.8,run,6.44,7.18,9.89,6.87,-2.02,70.3,0.0,0.0,0.182,1.05,18.37,-8.35,13.89,13.27,9.67,13.36,-21.88,92.46,-1.14,15.91,11.25,8.26,-19.78,127.35,17.4,2.99,20.83,0.45,17.23,-4.55,12.54,12.88,11.85,12.09,-18.09,91.04,-0.62,14.76,13.42,7.65,-16.52,125.12,16.58,2.95,21.77,0.0128,0.7678,-0.8171,0.3584,0.6887,-0.6253,0.3454,0.1256,0.3064,-0.0178,0.723,-0.6068,0.2187,0.1542,0.7073,0.4736,0.5082,-0.5085,0.006,0.006,0.006,0.006,0.013,0.006,0.013,0.149,0.0,0.0,0.013,0.0,0.006,0.071,0.006,0.013,0.0,0.0,0.0138,0.3175,-0.1657,0.2531,0.2332,0.1565,0.2347,-0.3942,1.6122,-0.0061,0.2684,0.1887,0.1503,-0.3636,2.2335,0.3145,0.043,0.3559,-0.0344,-0.0848,0.1747,-0.0938,-0.0071,0.1291,-0.0431,0.0911,-0.0627,0.0375,-0.0417,0.1024,-0.0635,0.1375,-0.1459,-0.0579,0.0005,-0.0012,0.6068,0.2401,0.1658,0.1369,-0.0498,0.0227,0.7755,-0.8359,0.3773,0.6853,-0.64,0.3615,0.103,0.3158,-0.0262,0.7314,-0.6223,0.2299,0.1299,0.7209,0.4905,0.5088,-0.5147,0.0,0.0,1.406,0.0,0.0,0.0,0.0,0.0,0.0,
8.84,run,6.73,7.47,6.96,7.27,0.54,71.0,0.0,0.0,0.234,0.26,18.02,-7.21,13.36,13.27,10.46,13.01,-21.01,92.11,-0.79,15.47,11.95,7.91,-18.9,126.39,16.96,2.99,21.18,0.2,16.92,-3.05,11.92,13.13,12.78,11.35,-16.81,90.58,-0.48,14.56,14.07,7.2,-15.28,123.93,15.77,2.73,22.44,0.0058,0.7621,-0.7983,0.3405,0.6932,-0.6144,0.3244,0.1489,0.301,-0.0138,0.7192,-0.5992,0.2058,0.1766,0.6933,0.4505,0.5042,-0.5007,0.006,0.006,0.013,0.006,0.0,0.013,0.019,0.234,0.006,0.0,0.006,0.006,0.013,0.071,0.0,0.006,0.006,0.006,0.0169,0.3114,-0.1488,0.247,0.2332,0.1657,0.2301,-0.3835,1.6061,-0.0061,0.2669,0.1917,0.1457,-0.3482,2.2227,0.3037,0.043,0.359,-0.0126,-0.0822,0.1852,-0.0885,-0.0049,0.1247,-0.0473,0.1038,-0.0667,0.0263,-0.0349,0.0831,-0.0616,0.1534,-0.1422,-0.0805,0.0003,0.0106,0.641,0.2643,0.1725,0.1198,-0.0353,0.0128,0.7678,-0.8171,0.3584,0.6887,-0.6253,0.3454,0.1256,0.3064,-0.0178,0.723,-0.6068,0.2187,0.1542,0.7073,0.4736,0.5082,-0.5085,0.0,0.0,1.4208,0.0,0.0,0.0,0.0,0.0,0.0,
8.88,run,7.12,7.98,10.34,12.93,1.08,71.8,0.0,0.0,0.234,0.26,17.58,-6.06,12.74,13.27,11.43,12.57,-20.04,91.41,-0.62,15.21,13.27,7.56,-17.84,125.42,16.35,2.99,21.71,-0.01,16.89,-1.55,11.36,13.42,14.0,10.67,-15.31,89.95,-0.45,14.48,15.44,6.8,-13.78,122.47,14.88,2.62,23.54,-0.0004,0.7617,-0.7774,0.3245,0.6986,-0.6,0.305,0.1783,0.2935,-0.0129,0.7179,-0.5831,0.1944,0.2043,0.6762,0.4252,0.5022,-0.4877,0.006,0.006,0.013,0.006,0.0,0.013,0.019,0.234,0.006,0.0,0.006,0.006,0.013,0.071,0.0,0.006,0.006,0.006,0.0031,0.3053,-0.1289,0.2378,0.2332,0.1795,0.224,-0.3682,1.5999,0.0,0.2592,0.204,0.1396,-0.3329,2.2059,0.2961,0.043,0.3651,-0.0606,-0.0806,0.2044,-0.0965,-0.0035,0.1391,-0.0562,0.1302,-0.0697,0.0414,-0.0532,0.1042,-0.0661,0.165,-0.1628,-0.0852,0.0002,0.0304,0.6662,0.29,0.1215,0.1269,0.0095,0.0058,0.7621,-0.7983,0.3405,0.6932,-0.6144,0.3244,0.1489,0.301,-0.0138,0.7192,-0.5992,0.2058,0.1766,0.6933,0.4505,0.5042,-0.5007,0.0,0.0,1.4356,0.0,0.0,0.0,0.0,0.0,0.0,
8.92,run,7.57,8.36,11.46,9.64,-2.66,72.5,0.0,0.0,0.234,0.18,17.31,-4.92,12.22,13.27,12.22,12.04,-19.07,90.88,-0.62,15.03,13.54,7.21,-16.79,124.37,15.73,2.99,22.15,-0.34,16.85,-0.05,10.69,13.92,15.42,9.83,-13.81,88.98,-0.27,14.19,16.94,6.33,-12.28,121.13,13.91,2.49,24.68,-0.0098,0.7609,-0.7563,0.3055,0.7076,-0.5833,0.2808,0.2169,0.2821,-0.0077,0.7126,-0.5631,0.181,0.2376,0.6604,0.3974,0.4998,-0.4743,0.006,0.006,0.013,0.006,0.0,0.013,0.019,0.234,0.006,0.0,0.006,0.006,0.013,0.071,0.0,0.006,0.006,0.006,0.0031,0.2976,-0.1089,0.227,0.2332,0.1963,0.2163,-0.3513,1.5877,0.0031,0.2546,0.227,0.1335,-0.3145,2.189,0.2853,0.043,0.3743,-0.0424,-0.0854,0.2185,-0.1082,-0.0024,0.1612,-0.0683,0.155,-0.0952,0.0406,-0.0546,0.16,-0.0695,0.1851,-0.1778,-0.1002,0.0002,0.0561,0.6999,0.3344,0.1804,0.2256,0.0188,-0.0004,0.7617,-0.7774,0.3245,0.6986,-0.6,0.305,0.1783,0.2935,-0.0129,0.7179,-0.5831,0.1944,0.2043,0.6762,0.4252,0.5022,-0.4877,0.0,0.0,1.4504,0.0,0.0,0.0,0.0,0.0,0.0,
8.96,run,8.11,8.88,12.97,13.48,-1.17,73.3,0.0,0.0,0.24,-0.44,17.31,-3.6,11.6,13.36,13.36,11.43,-17.84,90.18,-0.53,14.77,14.77,6.77,-15.56,123.22,15.03,2.81,22.85,-0.76,16.16,1.45,9.7,14.13,16.92,8.8,-12.31,88.07,0.04,13.73,18.44,5.77,-10.78,119.63,12.77,2.32,26.07,-0.0218,0.7484,-0.7238,0.2771,0.7114,-0.5609,0.2514,0.2493,0.2714,0.0012,0.7042,-0.5469,0.1649,0.2715,0.6355,0.3648,0.4968,-0.458,0.006,0.013,0.013,0.006,0.006,0.013,0.026,0.24,0.006,0.013,0.013,0.0,0.013,0.045,0.006,0.013,0.006,0.013,0.0015,0.293,-0.089,0.2178,0.2332,0.2102,0.2071,-0.3344,1.5785,0.0031,0.2516,0.2316,0.1273,-0.2961,2.1706,0.2746,0.043,0.382,-0.0354,-0.077,0.2274,-0.1101,-0.0017,0.1644,-0.0822,0.1715,-0.101,0.0284,-0.0497,0.1292,-0.0716,0.1983,-0.1932,-0.1102,0.0001,0.0679,0.7392,0.3671,0.2,0.1682,-0.0465,-0.0098,0.7609,-0.7563,0.3055,0.7076,-0.5833,0.2808,0.2169,0.2821,-0.0077,0.7126,-0.5631,0.181,0.2376,0.6604,0.3974,0.4998,-0.4743,0.0,0.0,1.4652,0.0,0.0,0.0,0.0,0.0,0.0,
9.0,run,8.65,9.44,14.21,13.99,-1.47,74.0,0.0,0.0,0.24,-0.44,17.23,-2.37,10.81,13.8,14.59,10.72,-16.61,89.3,-0.26,14.5,16.26,6.24,-14.24,121.99,14.06,2.64,23.73,-1.02,15.86,2.95,8.94,14.63,18.42,7.85,-10.81,87.3,0.27,13.55,19.81,5.32,-9.28,118.13,11.68,2.23,27.22,-0.0292,0.743,-0.6996,0.2555,0.7206,-0.5452,0.2244,0.2848,0.2624,0.0076,0.7009,-0.5316,0.1521,0.2984,0.6176,0.3336,0.495,-0.4445,0.006,0.013,0.013,0.006,0.006,0.013,0.026,0.24,0.006,0.013,0.013,0.0,0.013,0.045,0.006,0.013,0.006,0.013,-0.0092,0.293,-0.066,0.2071,0.2347,0.2301,0.1963,-0.3129,1.5662,0.0046,0.247,0.2531,0.1197,-0.2746,2.1506,0.2623,0.0399,0.3942,-0.0651,-0.0539,0.2455,-0.1173,0.0046,0.1899,-0.0978,0.2006,-0.1167,0.0256,-0.0521,0.171,-0.0789,0.2193,-0.21,-0.1232,-0.0114,0.0936,0.7864,0.4125,0.2264,0.2352,-0.0205,-0.0218,0.7484,-0.7238,0.2771,0.7114,-0.5609,0.2514,0.2493,0.2714,0.0012,0.7042,-0.5469,0.1649,0.2715,0.6355,0.3648,0.4968,-0.458,0.0,0.0,1.48,0.0,0.0,0.0,0.0,0.0,0.0,
9.04,run,9.19,9.98,13.95,13.19,-2.88,74.7,0.0,0.0,0.24,-1.05,16.61,-1.32,10.02,14.06,15.73,10.02,-15.38,88.51,0.0,14.15,17.23,5.8,-12.83,120.85,13.18,2.64,24.79,-1.28,15.16,4.45,8.01,14.76,19.92,6.87,-9.31,86.48,0.68,13.05,21.11,4.9,-7.78,116.63,10.61,2.1,28.28,-0.0367,0.7302,-0.6716,0.2289,0.7229,-0.5257,0.1963,0.3159,0.2527,0.0195,0.6919,-0.5163,0.1401,0.3226,0.5935,0.3031,0.4927,-0.432,0.006,0.013,0.013,0.006,0.006,0.013,0.026,0.24,0.006,0.013,0.013,0.0,0.013,0.045,0.006,0.013,0.006,0.013,-0.0092,0.2915,-0.0445,0.1933,0.2424,0.2516,0.1841,-0.2915,1.5509,0.0092,0.2424,0.2792,0.1104,-0.2516,2.1292,0.2454,0.0368,0.4096,-0.0456,-0.0435,0.2528,-0.1342,0.0321,0.2139,-0.1147,0.2214,-0.1396,0.0353,-0.0538,0.218,-0.0899,0.2403,-0.228,-0.1499,-0.0196,0.1233,0.8342,0.4621,0.2481,0.2442,-0.0257,-0.0292,0.743,-0.6996,0.2555,0.7206,-0.5452,0.2244,0.2848,0.2624,0.0076,0.7009,-0.5316,0.1521,0.2984,0.6176,0.3336,0.495,-0.4445,0.0,0.0,1.4948,0.0,0.0,0.0,0.0,0.0,0.0,
9.18,tail,9.15,7.65,-0.88,-19.99,12.37,,0.0,0.0,0.24,-1.05,16.26,1.23,10.02,13.62,17.31,9.49,-17.93,87.28,-0.09,13.97,20.3,5.45,-12.3,118.39,11.43,2.55,26.1,,,,,,,,,,,,,,,,,,,,,,,,,,,,,,,,,,,,,0.0,0.0,0.0,0.0,0.0,0.0,0.0,0.0,0.0,0.0,0.0,0.0,0.0,0.0,0.0,0.0,0.0,0.0,,,,,,,,,,,,,,,,,,,,,,,,,,,,,,,,,,,,,,,,,,,,,,,,,,,,,,,,,,,,,,,,,,,,,
9.28,tail,6.8,6.51,-20.95,-9.22,4.83,,0.0,0.0,0.24,-1.05,16.26,1.85,10.02,13.97,17.31,9.32,-29.88,87.36,-0.09,13.97,21.88,5.45,-15.12,118.3,11.43,2.55,26.1,,,,,,,,,,,,,,,,,,,,,,,,,,,,,,,,,,,,,0.0,0.0,0.0,0.0,0.0,0.0,0.0,0.0,0.0,0.0,0.0,0.0,0.0,0.0,0.0,0.0,0.0,0.0,,,,,,,,,,,,,,,,,,,,,,,,,,,,,,,,,,,,,,,,,,,,,,,,,,,,,,,,,,,,,,,,,,,,,
9.38,tail,1.99,4.26,-39.82,-19.46,-1.23,,0.0,0.0,0.24,-1.05,16.26,1.85,9.67,14.33,17.31,9.14,-40.52,87.45,-0.09,13.97,21.88,5.45,-21.27,118.21,11.43,2.55,26.1,,,,,,,,,,,,,,,,,,,,,,,,,,,,,,,,,,,,,0.0,0.0,0.0,0.0,0.0,0.0,0.0,0.0,0.0,0.0,0.0,0.0,0.0,0.0,0.0,0.0,0.0,0.0,,,,,,,,,,,,,,,,,,,,,,,,,,,,,,,,,,,,,,,,,,,,,,,,,,,,,,,,,,,,,,,,,,,,,
9.48,tail,-3.43,1.46,-44.27,-23.19,-1.18,,0.0,0.0,0.24,-1.05,16.26,1.85,9.4,14.33,17.4,9.05,-42.45,87.45,-0.09,13.1,21.62,5.45,-32.08,117.86,11.43,2.55,26.1,,,,,,,,,,,,,,,,,,,,,,,,,,,,,,,,,,,,,0.0,0.0,0.0,0.0,0.0,0.0,0.0,0.0,0.0,0.0,0.0,0.0,0.0,0.0,0.0,0.0,0.0,0.0,,,,,,,,,,,,,,,,,,,,,,,,,,,,,,,,,,,,,,,,,,,,,,,,,,,,,,,,,,,,,,,,,,,,,
9.58,tail,-3.62,1.32,-2.01,-1.4,-3.6,,0.0,0.0,0.24,-1.05,16.35,1.93,9.58,14.33,17.4,9.14,-41.48,87.45,-0.09,13.62,21.62,5.19,-40.78,117.86,11.25,2.55,26.1,,,,,,,,,,,,,,,,,,,,,,,,,,,,,,,,,,,,,0.0,0.0,0.0,0.0,0.0,0.0,0.0,0.0,0.0,0.0,0.0,0.0,0.0,0.0,0.0,0.0,0.0,0.0,,,,,,,,,,,,,,,,,,,,,,,,,,,,,,,,,,,,,,,,,,,,,,,,,,,,,,,,,,,,,,,,,,,,,
9.68,tail,-3.56,1.35,-0.01,-0.09,0.77,,0.0,0.0,0.24,-1.23,16.26,1.93,9.58,14.33,17.4,9.14,-41.31,87.45,-0.09,13.62,21.62,5.19,-39.9,117.86,11.25,2.55,26.1,,,,,,,,,,,,,,,,,,,,,,,,,,,,,,,,,,,,,0.0,0.0,0.0,0.0,0.0,0.0,0.0,0.0,0.0,0.0,0.0,0.0,0.0,0.0,0.0,0.0,0.0,0.0,,,,,,,,,,,,,,,,,,,,,,,,,,,,,,,,,,,,,,,,,,,,,,,,,,,,,,,,,,,,,,,,,,,,,
9.78,tail,-3.52,1.39,-0.17,-0.03,-0.03,,0.0,0.0,0.24,-1.14,16.26,1.93,9.58,14.33,17.4,9.14,-41.31,87.45,-0.09,13.62,21.62,5.19,-39.46,117.86,11.25,2.55,26.1,,,,,,,,,,,,,,,,,,,,,,,,,,,,,,,,,,,,,0.0,0.0,0.0,0.0,0.0,0.0,0.0,0.0,0.0,0.0,0.0,0.0,0.0,0.0,0.0,0.0,0.0,0.0,,,,,,,,,,,,,,,,,,,,,,,,,,,,,,,,,,,,,,,,,,,,,,,,,,,,,,,,,,,,,,,,,,,,,
9.88,tail,-3.44,1.45,0.16,0.16,0.09,,0.0,0.0,0.24,-1.14,16.26,1.93,9.58,14.33,17.4,9.14,-41.31,87.45,-0.09,13.62,21.62,5.19,-39.46,117.86,11.25,2.55,26.1,,,,,,,,,,,,,,,,,,,,,,,,,,,,,,,,,,,,,0.0,0.0,0.0,0.0,0.0,0.0,0.0,0.0,0.0,0.0,0.0,0.0,0.0,0.0,0.0,0.0,0.0,0.0,,,,,,,,,,,,,,,,,,,,,,,,,,,,,,,,,,,,,,,,,,,,,,,,,,,,,,,,,,,,,,,,,,,,,
9.98,tail,-3.4,1.48,-0.22,-0.1,0.01,,0.0,0.0,0.24,-1.14,16.26,1.93,9.58,14.33,17.4,9.14,-41.31,87.45,-0.09,13.62,21.62,5.19,-39.46,117.86,11.25,2.55,26.1,,,,,,,,,,,,,,,,,,,,,,,,,,,,,,,,,,,,,0.0,0.0,0.0,0.0,0.0,0.0,0.0,0.0,0.0,0.0,0.0,0.0,0.0,0.0,0.0,0.0,0.0,0.0,,,,,,,,,,,,,,,,,,,,,,,,,,,,,,,,,,,,,,,,,,,,,,,,,,,,,,,,,,,,,,,,,,,,,
10.08,tail,-3.35,1.52,-0.06,-0.07,-0.02,,0.0,0.0,0.24,-1.14,16.26,1.93,9.58,14.33,17.4,9.14,-41.31,87.45,-0.09,13.62,21.62,5.19,-39.46,117.86,11.25,2.55,26.1,,,,,,,,,,,,,,,,,,,,,,,,,,,,,,,,,,,,,0.0,0.0,0.0,0.0,0.0,0.0,0.0,0.0,0.0,0.0,0.0,0.0,0.0,0.0,0.0,0.0,0.0,0.0,,,,,,,,,,,,,,,,,,,,,,,,,,,,,,,,,,,,,,,,,,,,,,,,,,,,,,,,,,,,,,,,,,,,,
10.18,tail,-3.29,1.56,0.05,0.03,0.04,,0.0,0.0,0.24,-1.14,16.26,1.93,9.58,14.33,17.4,9.14,-41.31,87.45,-0.09,13.71,21.62,5.19,-39.46,117.86,11.25,2.55,26.1,,,,,,,,,,,,,,,,,,,,,,,,,,,,,,,,,,,,,0.0,0.0,0.0,0.0,0.0,0.0,0.0,0.0,0.0,0.0,0.0,0.0,0.0,0.0,0.0,0.0,0.0,0.0,,,,,,,,,,,,,,,,,,,,,,,,,,,,,,,,,,,,,,,,,,,,,,,,,,,,,,,,,,,,,,,,,,,,,
10.28,tail,-3.24,1.58,-0.09,-0.14,0.05,,0.0,0.0,0.24,-1.14,16.26,1.93,9.58,14.33,17.4,9.14,-41.31,87.45,-0.09,13.71,21.62,5.19,-39.46,117.86,11.25,2.55,26.1,,,,,,,,,,,,,,,,,,,,,,,,,,,,,,,,,,,,,0.0,0.0,0.0,0.0,0.0,0.0,0.0,0.0,0.0,0.0,0.0,0.0,0.0,0.0,0.0,0.0,0.0,0.0,,,,,,,,,,,,,,,,,,,,,,,,,,,,,,,,,,,,,,,,,,,,,,,,,,,,,,,,,,,,,,,,,,,,,
10.38,tail,-3.17,1.62,0.04,-0.01,0.06,,0.0,0.0,0.24,-1.14,16.26,1.93,9.58,14.33,17.4,9.14,-41.31,87.45,-0.09,13.71,21.62,5.19,-39.46,117.86,11.25,2.55,26.1,,,,,,,,,,,,,,,,,,,,,,,,,,,,,,,,,,,,,0.0,0.0,0.0,0.0,0.0,0.0,0.0,0.0,0.0,0.0,0.0,0.0,0.0,0.0,0.0,0.0,0.0,0.0,,,,,,,,,,,,,,,,,,,,,,,,,,,,,,,,,,,,,,,,,,,,,,,,,,,,,,,,,,,,,,,,,,,,,
10.48,tail,-3.11,1.66,0.02,0.03,-0.03,,0.0,0.0,0.24,-1.14,16.26,1.93,9.58,14.33,17.4,9.14,-41.31,87.45,-0.09,13.71,21.62,5.19,-39.46,117.86,11.25,2.55,26.1,,,,,,,,,,,,,,,,,,,,,,,,,,,,,,,,,,,,,0.0,0.0,0.0,0.0,0.0,0.0,0.0,0.0,0.0,0.0,0.0,0.0,0.0,0.0,0.0,0.0,0.0,0.0,,,,,,,,,,,,,,,,,,,,,,,,,,,,,,,,,,,,,,,,,,,,,,,,,,,,,,,,,,,,,,,,,,,,,
10.58,tail,-3.06,1.71,-0.01,0.1,-0.04,,0.0,0.0,0.24,-1.14,16.26,1.93,9.58,14.33,17.4,9.14,-41.31,87.45,-0.09,13.71,21.62,5.19,-39.46,117.86,11.25,2.55,26.1,,,,,,,,,,,,,,,,,,,,,,,,,,,,,,,,,,,,,0.0,0.0,0.0,0.0,0.0,0.0,0.0,0.0,0.0,0.0,0.0,0.0,0.0,0.0,0.0,0.0,0.0,0.0,,,,,,,,,,,,,,,,,,,,,,,,,,,,,,,,,,,,,,,,,,,,,,,,,,,,,,,,,,,,,,,,,,,,,
10.68,tail,-3.01,1.74,-0.06,0.0,0.03,,0.0,0.0,0.24,-1.14,16.26,1.93,9.58,14.33,17.4,9.14,-41.31,87.45,-0.09,13.71,21.62,5.19,-39.46,117.86,11.25,2.55,26.1,,,,,,,,,,,,,,,,,,,,,,,,,,,,,,,,,,,,,0.0,0.0,0.0,0.0,0.0,0.0,0.0,0.0,0.0,0.0,0.0,0.0,0.0,0.0,0.0,0.0,0.0,0.0,,,,,,,,,,,,,,,,,,,,,,,,,,,,,,,,,,,,,,,,,,,,,,,,,,,,,,,,,,,,,,,,,,,,,
10.78,tail,-2.97,1.78,-0.08,0.03,0.03,,0.0,0.0,0.24,-1.14,16.26,1.93,9.58,14.33,17.4,9.14,-41.31,87.45,-0.09,13.71,21.62,5.19,-39.46,117.86,11.25,2.55,26.1,,,,,,,,,,,,,,,,,,,,,,,,,,,,,,,,,,,,,0.0,0.0,0.0,0.0,0.0,0.0,0.0,0.0,0.0,0.0,0.0,0.0,0.0,0.0,0.0,0.0,0.0,0.0,,,,,,,,,,,,,,,,,,,,,,,,,,,,,,,,,,,,,,,,,,,,,,,,,,,,,,,,,,,,,,,,,,,,,
10.88,tail,-2.91,1.82,0.02,0.02,0.02,,0.0,0.0,0.24,-1.14,16.26,1.93,9.58,14.33,17.4,9.14,-41.31,87.45,-0.09,13.71,21.62,5.19,-39.46,117.86,11.25,2.55,26.1,,,,,,,,,,,,,,,,,,,,,,,,,,,,,,,,,,,,,0.0,0.0,0.0,0.0,0.0,0.0,0.0,0.0,0.0,0.0,0.0,0.0,0.0,0.0,0.0,0.0,0.0,0.0,,,,,,,,,,,,,,,,,,,,,,,,,,,,,,,,,,,,,,,,,,,,,,,,,,,,,,,,,,,,,,,,,,,,,
10.98,tail,-2.87,1.85,-0.06,-0.0,-0.02,,0.0,0.0,0.24,-1.14,16.26,1.93,9.58,14.33,17.4,9.14,-41.31,87.45,-0.09,13.71,21.62,5.19,-39.46,117.86,11.25,2.55,26.1,,,,,,,,,,,,,,,,,,,,,,,,,,,,,,,,,,,,,0.0,0.0,0.0,0.0,0.0,0.0,0.0,0.0,0.0,0.0,0.0,0.0,0.0,0.0,0.0,0.0,0.0,0.0,,,,,,,,,,,,,,,,,,,,,,,,,,,,,,,,,,,,,,,,,,,,,,,,,,,,,,,,,,,,,,,,,,,,,
11.08,tail,-2.82,1.89,0.02,0.01,0.09,,0.0,0.0,0.24,-1.14,16.26,1.93,9.58,14.33,17.4,9.14,-41.31,87.45,-0.09,13.71,21.62,5.19,-39.46,117.86,11.25,2.55,26.1,,,,,,,,,,,,,,,,,,,,,,,,,,,,,,,,,,,,,0.0,0.0,0.0,0.0,0.0,0.0,0.0,0.0,0.0,0.0,0.0,0.0,0.0,0.0,0.0,0.0,0.0,0.0,,,,,,,,,,,,,,,,,,,,,,,,,,,,,,,,,,,,,,,,,,,,,,,,,,,,,,,,,,,,,,,,,,,,,
11.18,tail,-2.78,1.92,-0.05,0.02,0.03,,0.0,0.0,0.24,-1.14,16.26,1.93,9.58,14.33,17.4,9.14,-41.31,87.45,-0.09,13.71,21.62,5.19,-39.46,117.86,11.25,2.55,26.1,,,,,,,,,,,,,,,,,,,,,,,,,,,,,,,,,,,,,0.0,0.0,0.0,0.0,0.0,0.0,0.0,0.0,0.0,0.0,0.0,0.0,0.0,0.0,0.0,0.0,0.0,0.0,,,,,,,,,,,,,,,,,,,,,,,,,,,,,,,,,,,,,,,,,,,,,,,,,,,,,,,,,,,,,,,,,,,,,
11.28,tail,-2.73,1.95,-0.01,0.0,0.04,,0.0,0.0,0.24,-1.14,16.26,1.93,9.58,14.33,17.4,9.14,-41.31,87.45,-0.09,13.71,21.62,5.19,-39.46,117.86,11.25,2.55,26.1,,,,,,,,,,,,,,,,,,,,,,,,,,,,,,,,,,,,,0.0,0.0,0.0,0.0,0.0,0.0,0.0,0.0,0.0,0.0,0.0,0.0,0.0,0.0,0.0,0.0,0.0,0.0,,,,,,,,,,,,,,,,,,,,,,,,,,,,,,,,,,,,,,,,,,,,,,,,,,,,,,,,,,,,,,,,,,,,,
11.38,tail,-2.69,1.98,-0.01,0.01,-0.05,,0.0,0.0,0.24,-1.14,16.26,1.93,9.58,14.33,17.4,9.14,-41.31,87.45,-0.09,13.71,21.62,5.19,-39.46,117.86,11.25,2.55,26.1,,,,,,,,,,,,,,,,,,,,,,,,,,,,,,,,,,,,,0.0,0.0,0.0,0.0,0.0,0.0,0.0,0.0,0.0,0.0,0.0,0.0,0.0,0.0,0.0,0.0,0.0,0.0,,,,,,,,,,,,,,,,,,,,,,,,,,,,,,,,,,,,,,,,,,,,,,,,,,,,,,,,,,,,,,,,,,,,,
11.48,tail,-2.65,2.01,-0.08,-0.0,0.02,,0.0,0.0,0.24,-1.14,16.26,1.93,9.58,14.33,17.4,9.14,-41.31,87.45,-0.09,13.71,21.62,5.19,-39.46,117.86,11.25,2.55,26.1,,,,,,,,,,,,,,,,,,,,,,,,,,,,,,,,,,,,,0.0,0.0,0.0,0.0,0.0,0.0,0.0,0.0,0.0,0.0,0.0,0.0,0.0,0.0,0.0,0.0,0.0,0.0,,,,,,,,,,,,,,,,,,,,,,,,,,,,,,,,,,,,,,,,,,,,,,,,,,,,,,,,,,,,,,,,,,,,,
11.58,tail,-2.61,2.04,-0.01,-0.0,0.07,,0.0,0.0,0.24,-1.14,16.26,1.93,9.58,14.33,17.4,9.14,-41.31,87.45,-0.09,13.71,21.62,5.19,-39.46,117.86,11.25,2.55,26.1,,,,,,,,,,,,,,,,,,,,,,,,,,,,,,,,,,,,,0.0,0.0,0.0,0.0,0.0,0.0,0.0,0.0,0.0,0.0,0.0,0.0,0.0,0.0,0.0,0.0,0.0,0.0,,,,,,,,,,,,,,,,,,,,,,,,,,,,,,,,,,,,,,,,,,,,,,,,,,,,,,,,,,,,,,,,,,,,,
11.68,tail,-2.56,2.07,-0.01,0.0,-0.04,,0.0,0.0,0.24,-1.14,16.26,1.93,9.58,14.33,17.4,9.14,-41.31,87.45,-0.09,13.71,21.62,5.19,-39.46,117.86,11.25,2.55,26.1,,,,,,,,,,,,,,,,,,,,,,,,,,,,,,,,,,,,,0.0,0.0,0.0,0.0,0.0,0.0,0.0,0.0,0.0,0.0,0.0,0.0,0.0,0.0,0.0,0.0,0.0,0.0,,,,,,,,,,,,,,,,,,,,,,,,,,,,,,,,,,,,,,,,,,,,,,,,,,,,,,,,,,,,,,,,,,,,,
11.78,tail,-2.52,2.1,-0.03,0.0,-0.01,,0.0,0.0,0.24,-1.14,16.26,1.93,9.58,14.33,17.4,9.14,-41.31,87.45,-0.09,13.71,21.62,5.19,-39.46,117.86,11.25,2.55,26.1,,,,,,,,,,,,,,,,,,,,,,,,,,,,,,,,,,,,,0.0,0.0,0.0,0.0,0.0,0.0,0.0,0.0,0.0,0.0,0.0,0.0,0.0,0.0,0.0,0.0,0.0,0.0,,,,,,,,,,,,,,,,,,,,,,,,,,,,,,,,,,,,,,,,,,,,,,,,,,,,,,,,,,,,,,,,,,,,,
11.88,tail,-2.48,2.14,-0.01,0.07,-0.05,,0.0,0.0,0.24,-1.14,16.26,1.93,9.58,14.33,17.4,9.14,-41.31,87.45,-0.09,13.71,21.62,5.19,-39.46,117.86,11.25,2.55,26.1,,,,,,,,,,,,,,,,,,,,,,,,,,,,,,,,,,,,,0.0,0.0,0.0,0.0,0.0,0.0,0.0,0.0,0.0,0.0,0.0,0.0,0.0,0.0,0.0,0.0,0.0,0.0,,,,,,,,,,,,,,,,,,,,,,,,,,,,,,,,,,,,,,,,,,,,,,,,,,,,,,,,,,,,,,,,,,,,,
11.98,tail,-2.43,2.17,0.02,0.03,0.03,,0.0,0.0,0.24,-1.14,16.26,1.93,9.58,14.33,17.4,9.14,-41.31,87.45,-0.09,13.71,21.62,5.19,-39.46,117.86,11.25,2.55,26.1,,,,,,,,,,,,,,,,,,,,,,,,,,,,,,,,,,,,,0.0,0.0,0.0,0.0,0.0,0.0,0.0,0.0,0.0,0.0,0.0,0.0,0.0,0.0,0.0,0.0,0.0,0.0,,,,,,,,,,,,,,,,,,,,,,,,,,,,,,,,,,,,,,,,,,,,,,,,,,,,,,,,,,,,,,,,,,,,,
12.08,tail,-2.4,2.2,-0.07,0.03,0.05,,0.0,0.0,0.24,-1.14,16.26,1.93,9.58,14.33,17.4,9.14,-41.31,87.45,-0.09,13.71,21.62,5.19,-39.46,117.86,11.25,2.55,26.1,,,,,,,,,,,,,,,,,,,,,,,,,,,,,,,,,,,,,0.0,0.0,0.0,0.0,0.0,0.0,0.0,0.0,0.0,0.0,0.0,0.0,0.0,0.0,0.0,0.0,0.0,0.0,,,,,,,,,,,,,,,,,,,,,,,,,,,,,,,,,,,,,,,,,,,,,,,,,,,,,,,,,,,,,,,,,,,,,
