t_s,phase,roll_deg,pitch_deg,gyro_x_dps,gyro_y_dps,gyro_z_dps,height_ref_mm,vx_ref_mps,vy_ref_mps,max_cur_a,q0_deg,q1_deg,q2_deg,q3_deg,q4_deg,q5_deg,q6_deg,q7_deg,q8_deg,q9_deg,q10_deg,q11_deg,q12_deg,q13_deg,q14_deg,q15_deg,q16_deg,q17_deg,cmd0_deg,cmd1_deg,cmd2_deg,cmd3_deg,cmd4_deg,cmd5_deg,cmd6_deg,cmd7_deg,cmd8_deg,cmd9_deg,cmd10_deg,cmd11_deg,cmd12_deg,cmd13_deg,cmd14_deg,cmd15_deg,cmd16_deg,cmd17_deg,act0,act1,act2,act3,act4,act5,act6,act7,act8,act9,act10,act11,act12,act13,act14,act15,act16,act17,cur0_a,cur1_a,cur2_a,cur3_a,cur4_a,cur5_a,cur6_a,cur7_a,cur8_a,cur9_a,cur10_a,cur11_a,cur12_a,cur13_a,cur14_a,cur15_a,cur16_a,cur17_a,obs0,obs1,obs2,obs3,obs4,obs5,obs6,obs7,obs8,obs9,obs10,obs11,obs12,obs13,obs14,obs15,obs16,obs17,obs18,obs19,obs20,obs21,obs22,obs23,obs24,obs25,obs26,obs27,obs28,obs29,obs30,obs31,obs32,obs33,obs34,obs35,obs36,obs37,obs38,obs39,obs40,obs41,obs42,obs43,obs44,obs45,obs46,obs47,obs48,obs49,obs50,obs51,obs52,obs53,obs54,obs55,obs56,obs57,obs58,obs59,obs60,obs61,obs62,obs63,obs64,obs65,obs66,obs67,rot60_k
0.0,run,0.14,2.68,-0.05,0.17,0.12,0.0,0.0,0.0,0.019,-0.09,0.53,0.18,0.18,0.53,0.09,0.18,0.26,0.62,-0.09,0.44,0.26,0.09,0.44,0.18,0.0,0.53,0.18,-0.03,-1.06,1.68,1.68,-0.78,1.59,1.68,-1.32,2.03,-1.59,1.94,1.68,1.59,-1.24,1.68,1.5,-0.97,1.68,-0.0007,0.3364,-0.0838,0.1322,0.4403,-0.3164,0.1658,-0.0812,-0.201,-0.2261,0.5732,-0.0845,0.0704,-0.0311,-0.2539,0.416,0.4362,-0.1785,0.013,0.006,0.0,0.006,0.006,0.006,0.0,0.019,0.006,0.013,0.006,0.006,0.013,0.019,0.013,0.013,0.013,0.006,0.0077,0.0,0.0,0.0,0.0,0.0,0.0,0.0015,0.0015,0.0,0.0,0.0015,0.0,0.0031,0.0,0.0,0.0,0.0,0.0071,0.0,0.0,0.0,0.0,0.0,0.0,0.0033,0.0038,0.0,0.0,0.0038,0.0,0.007,0.0,0.0,0.0,0.0,0.0,0.0,0.0083,0.0069,-0.0146,0.0,0.0,0.0,0.0,0.0,0.0,0.0,0.0,0.0,0.0,0.0,0.0,0.0,0.0,0.0,0.0,0.0,0.0,0.0,0.0,0.0,0.0,0.0,0.0,0.0,0.0,0.0,
0.04,run,0.14,2.71,0.08,0.12,-1.62,0.0,0.0,0.0,0.019,0.44,0.44,0.18,0.18,0.53,0.35,0.18,-0.18,0.7,-0.35,0.62,0.35,0.09,0.18,0.44,0.09,0.53,0.35,-0.39,0.44,3.18,3.18,0.72,3.09,3.18,-2.82,3.53,-2.2,3.44,3.18,3.09,-2.74,3.18,3.0,0.53,3.18,-0.0113,0.5496,-0.289,0.1675,0.5632,-0.4446,0.1802,0.1607,-0.1631,-0.0628,0.6187,-0.4025,0.1392,0.1306,-0.0201,0.3348,0.5789,-0.5159,0.013,0.006,0.0,0.006,0.006,0.006,0.0,0.019,0.006,0.013,0.006,0.006,0.013,0.019,0.013,0.013,0.013,0.006,-0.0015,0.0015,0.0,0.0,0.0,0.0,0.0,0.0015,0.0015,0.0,0.0,0.0015,0.0,0.0031,0.0,0.0,0.0,0.0,-0.0101,0.0025,0.0,0.0,0.0,0.0,0.0,0.0023,0.0026,0.0,0.0,0.0026,0.0,0.0049,0.0,0.0,0.0,0.0,-0.0012,0.0038,-0.0009,0.003,0.0022,-0.0007,0.3364,-0.0838,0.1322,0.4403,-0.3164,0.1658,-0.0812,-0.201,-0.2261,0.5732,-0.0845,0.0704,-0.0311,-0.2539,0.416,0.4362,-0.1785,0.0,0.0,0.0,0.0,0.0,0.0,0.0,0.0,0.0,
0.08,run,0.1,2.72,0.09,-0.0,1.3,0.0,0.0,0.0,0.019,-0.44,0.0,0.88,0.35,0.18,0.97,0.44,-0.79,1.23,-1.23,1.23,1.05,1.05,-0.62,1.14,1.05,0.26,0.88,-0.35,1.94,4.68,4.68,2.22,4.59,4.68,-4.32,5.03,-0.7,4.94,4.68,4.59,-4.24,4.68,4.5,2.03,4.68,-0.01,0.612,-0.3744,0.1888,0.6341,-0.4867,0.2011,0.1733,-0.0837,-0.0149,0.6299,-0.4611,0.1631,0.1712,-0.0757,0.2847,0.559,-0.5123,0.013,0.006,0.0,0.006,0.006,0.006,0.0,0.019,0.006,0.013,0.006,0.006,0.013,0.019,0.013,0.013,0.013,0.006,0.0077,0.0,0.0,0.0,0.0,0.0046,0.0,-0.0061,0.0031,-0.0046,0.0031,0.0031,0.0,-0.0015,0.0046,0.0015,0.0,0.0031,0.0275,-0.004,0.0,0.0,0.0,0.0173,0.0,-0.0272,0.0076,-0.0173,0.0115,0.0076,0.0,-0.0138,0.0173,0.0058,0.0,0.0115,-0.0017,0.0063,0.0015,0.0021,-0.0283,-0.0113,0.5496,-0.289,0.1675,0.5632,-0.4446,0.1802,0.1607,-0.1631,-0.0628,0.6187,-0.4025,0.1392,0.1306,-0.0201,0.3348,0.5789,-0.5159,0.0,0.0,0.0,0.0,0.0,0.0,0.0,0.0,0.0,
0.12,run,0.01,2.65,-0.69,-0.58,0.86,0.0,0.0,0.0,0.026,-0.7,0.53,4.48,4.39,0.62,4.92,4.39,-4.39,4.57,-2.02,4.83,5.01,4.31,-4.31,5.1,4.75,0.62,4.48,-0.44,3.44,6.18,6.18,3.72,6.09,6.18,-5.82,6.53,-0.07,6.44,6.18,5.11,-5.74,6.18,6.0,3.53,6.18,-0.0125,0.5927,-0.3898,0.1792,0.6284,-0.4964,0.1948,0.1755,-0.1108,-0.002,0.6256,-0.4761,0.1459,0.186,-0.1291,0.275,0.5771,-0.5406,0.0,0.006,0.0,0.0,0.006,0.006,0.013,0.019,0.013,0.019,0.0,0.0,0.006,0.013,0.006,0.026,0.013,0.0,-0.0077,-0.0077,0.0123,0.0031,-0.0061,0.0153,0.0046,-0.0169,0.0123,-0.0199,0.0138,0.0153,0.0169,-0.0153,0.0169,0.0184,-0.0046,0.0123,-0.0382,-0.0315,0.0459,0.0115,-0.023,0.0523,0.0172,-0.0592,0.0398,-0.0695,0.0483,0.0513,0.0632,-0.0614,0.058,0.0672,-0.0172,0.0425,-0.0046,0.0073,0.0016,-0.0001,0.0227,-0.01,0.612,-0.3744,0.1888,0.6341,-0.4867,0.2011,0.1733,-0.0837,-0.0149,0.6299,-0.4611,0.1631,0.1712,-0.0757,0.2847,0.559,-0.5123,0.0,0.0,0.0,0.0,0.0,0.0,0.0,0.0,0.0,
0.16,run,0.02,2.66,0.44,0.41,0.96,0.0,0.0,0.0,0.026,-0.26,1.23,5.1,5.27,1.41,5.45,5.01,-4.92,5.19,-1.32,5.45,5.54,4.75,-4.83,5.62,5.1,1.32,5.1,-1.94,1.94,7.68,4.68,2.45,7.59,5.27,-7.32,8.03,1.43,4.94,7.68,3.61,-7.24,7.68,7.5,5.03,6.55,-0.0582,0.4215,-0.456,0.1159,0.4991,-0.5164,0.1504,0.1862,-0.2961,0.0505,0.4953,-0.5274,0.0818,0.1925,-0.4145,0.2906,0.5595,-0.6876,0.0,0.006,0.0,0.0,0.006,0.006,0.013,0.019,0.013,0.019,0.0,0.0,0.006,0.013,0.006,0.026,0.013,0.0,-0.0123,0.0015,0.0752,0.0736,0.0015,0.0844,0.0736,-0.0798,0.0706,-0.0337,0.0767,0.0844,0.0736,-0.0798,0.0859,0.0828,0.0015,0.0752,-0.0316,-0.0123,0.0991,0.0831,-0.0079,0.1101,0.0855,-0.1084,0.0899,-0.0634,0.1007,0.1094,0.1046,-0.1115,0.1141,0.1156,-0.0055,0.0967,-0.0128,0.0015,-0.0121,-0.0101,0.015,-0.0125,0.5927,-0.3898,0.1792,0.6284,-0.4964,0.1948,0.1755,-0.1108,-0.002,0.6256,-0.4761,0.1459,0.186,-0.1291,0.275,0.5771,-0.5406,0.0,0.0,0.0,0.0,0.0,0.0,0.0,0.0,0.0,
0.2,run,0.04,2.69,0.3,0.02,-1.19,0.0,0.0,0.0,0.026,-0.53,2.2,5.71,5.45,2.29,5.98,5.62,-5.45,5.8,-0.09,6.06,6.06,4.83,-5.36,6.06,6.24,2.29,5.71,-3.33,0.44,9.18,4.48,0.95,9.09,4.31,-8.82,9.53,0.54,3.44,9.18,2.11,-8.74,9.18,9.0,3.53,5.05,-0.0951,0.3868,-0.4768,0.128,0.3898,-0.5242,0.123,0.2565,-0.4501,0.0154,0.3937,-0.5283,0.0255,0.2312,-0.5916,0.3143,0.4904,-0.7509,0.0,0.006,0.0,0.0,0.006,0.006,0.013,0.019,0.013,0.019,0.0,0.0,0.006,0.013,0.006,0.026,0.013,0.0,-0.0046,0.0138,0.0859,0.089,0.0153,0.0936,0.0844,-0.089,0.0813,-0.0215,0.0874,0.0936,0.0813,-0.089,0.0951,0.089,0.0138,0.0859,0.0153,0.0512,0.1217,0.133,0.0618,0.1219,0.1122,-0.1208,0.1153,0.0155,0.1229,0.1214,0.1106,-0.1229,0.1247,0.1108,0.056,0.12,-0.0117,0.0026,0.0076,0.0071,0.0167,-0.0582,0.4215,-0.456,0.1159,0.4991,-0.5164,0.1504,0.1862,-0.2961,0.0505,0.4953,-0.5274,0.0818,0.1925,-0.4145,0.2906,0.5595,-0.6876,0.0,0.0,0.0,0.0,0.0,0.0,0.0,0.0,0.0,
0.24,run,-0.02,2.68,-1.03,-0.45,2.95,0.0,0.0,0.0,0.045,-1.14,2.81,6.42,5.98,2.99,6.68,5.8,-6.15,6.59,0.0,6.24,6.77,4.75,-6.06,6.86,6.15,3.16,6.15,-3.3,-1.06,10.68,5.22,-0.55,10.59,4.38,-9.05,11.03,-0.16,1.94,10.68,0.61,-10.24,10.68,10.5,2.03,3.55,-0.0942,0.3809,-0.5161,0.149,0.3261,-0.5351,0.1252,0.29,-0.5018,-0.0046,0.3386,-0.538,0.0168,0.2376,-0.6114,0.3253,0.4357,-0.7819,0.0,0.0,0.013,0.0,0.006,0.013,0.0,0.026,0.019,0.013,0.0,0.013,0.013,0.033,0.006,0.045,0.006,0.0,-0.0092,0.0307,0.0966,0.092,0.0307,0.1028,0.0951,-0.0982,0.092,0.0,0.0982,0.1028,0.0828,-0.0982,0.1028,0.1089,0.0307,0.0966,-0.0063,0.0982,0.1249,0.1044,0.0999,0.1194,0.1182,-0.1185,0.1204,0.0902,0.1257,0.119,0.0831,-0.1201,0.1157,0.1513,0.1015,0.1237,-0.0101,0.0048,0.0052,0.0003,-0.0207,-0.0951,0.3868,-0.4768,0.128,0.3898,-0.5242,0.123,0.2565,-0.4501,0.0154,0.3937,-0.5283,0.0255,0.2312,-0.5916,0.3143,0.4904,-0.7509,0.0,0.0,0.0,0.0,0.0,0.0,0.0,0.0,0.0,
0.28,run,0.01,2.74,0.6,0.48,-0.31,0.0,0.0,0.0,0.045,-1.67,3.25,7.29,5.89,3.43,7.73,5.8,-7.21,7.56,0.44,6.15,7.91,3.96,-7.12,7.91,7.73,3.87,6.24,-3.26,-2.56,12.18,5.28,-2.05,12.09,4.52,-8.79,12.53,-0.21,0.44,12.18,0.55,-11.74,12.18,11.67,0.53,2.05,-0.0931,0.3519,-0.5399,0.1509,0.2964,-0.5345,0.1291,0.2947,-0.5136,-0.0061,0.3019,-0.5315,0.0156,0.2348,-0.6068,0.3333,0.4012,-0.7811,0.0,0.0,0.013,0.0,0.006,0.013,0.0,0.026,0.019,0.013,0.0,0.013,0.013,0.033,0.006,0.045,0.006,0.0,-0.0199,0.0414,0.1089,0.1012,0.043,0.115,0.0982,-0.1104,0.1058,0.0015,0.1012,0.115,0.0813,-0.1104,0.1166,0.1074,0.046,0.1043,-0.0447,0.1091,0.1335,0.1076,0.116,0.1296,0.0943,-0.129,0.1361,0.0689,0.0995,0.1294,0.0524,-0.1301,0.1328,0.1002,0.1286,0.1154,-0.0153,0.0043,-0.018,-0.0079,0.0515,-0.0942,0.3809,-0.5161,0.149,0.3261,-0.5351,0.1252,0.29,-0.5018,-0.0046,0.3386,-0.538,0.0168,0.2376,-0.6114,0.3253,0.4357,-0.7819,0.0,0.0,0.0,0.0,0.0,0.0,0.0,0.0,0.0,
0.32,run,0.01,2.72,-0.34,-0.49,-2.4,0.0,0.0,0.0,0.045,-2.64,3.25,8.53,5.71,3.43,9.05,5.71,-8.09,8.61,0.62,5.71,9.14,2.9,-8.44,9.23,8.96,4.22,6.06,-3.29,-4.06,13.68,4.92,-3.55,13.59,4.87,-9.97,14.03,0.1,-1.06,13.68,0.8,-13.24,13.68,12.28,-0.97,0.55,-0.0941,0.3083,-0.5522,0.1407,0.2473,-0.5334,0.1392,0.2733,-0.5197,0.0029,0.2685,-0.5355,0.0229,0.2019,-0.5987,0.3509,0.3828,-0.8036,0.0,0.0,0.013,0.0,0.006,0.013,0.0,0.026,0.019,0.013,0.0,0.013,0.013,0.033,0.006,0.045,0.006,0.0,-0.0291,0.0491,0.1243,0.0997,0.0506,0.1335,0.0982,-0.1289,0.1227,0.0092,0.0997,0.135,0.0675,-0.1289,0.135,0.135,0.0583,0.1058,-0.0656,0.1049,0.1506,0.0696,0.1098,0.1594,0.066,-0.159,0.1582,0.0768,0.0639,0.1649,-0.0148,-0.1597,0.1616,0.1731,0.1358,0.0865,-0.0126,0.0091,0.0105,0.0083,-0.0054,-0.0931,0.3519,-0.5399,0.1509,0.2964,-0.5345,0.1291,0.2947,-0.5136,-0.0061,0.3019,-0.5315,0.0156,0.2348,-0.6068,0.3333,0.4012,-0.7811,0.0,0.0,0.0,0.0,0.0,0.0,0.0,0.0,0.0,
0.36,run,0.01,2.73,0.31,0.28,4.38,0.0,0.0,0.0,0.045,-3.43,2.99,9.84,5.27,3.34,10.37,4.92,-8.79,10.02,-0.53,4.75,10.55,2.02,-9.76,10.63,9.93,4.22,5.36,-3.35,-5.56,15.18,4.31,-5.05,15.09,5.33,-11.47,15.53,0.55,-2.56,15.18,1.18,-14.74,15.1,12.97,-2.47,-0.95,-0.0958,0.2519,-0.5529,0.1233,0.1955,-0.5317,0.1523,0.2455,-0.5181,0.0156,0.2344,-0.5347,0.0337,0.1647,-0.587,0.3707,0.3662,-0.8164,0.0,0.019,0.006,0.006,0.026,0.013,0.0,0.026,0.019,0.019,0.026,0.013,0.0,0.033,0.006,0.0,0.019,0.013,-0.046,0.0491,0.1457,0.0966,0.0506,0.1565,0.0966,-0.1442,0.1411,0.0123,0.092,0.1565,0.0491,-0.1519,0.158,0.1565,0.0644,0.1028,-0.1093,0.0735,0.1861,0.0372,0.0769,0.1979,0.0404,-0.1689,0.1798,0.0653,0.016,0.196,-0.0794,-0.1982,0.1995,0.2018,0.1181,0.049,-0.0125,0.0078,-0.006,-0.0086,-0.0419,-0.0941,0.3083,-0.5522,0.1407,0.2473,-0.5334,0.1392,0.2733,-0.5197,0.0029,0.2685,-0.5355,0.0229,0.2019,-0.5987,0.3509,0.3828,-0.8036,0.0,0.0,0.0,0.0,0.0,0.0,0.0,0.0,0.0,
0.4,run,0.08,2.73,0.63,0.16,-2.54,0.0,0.0,0.0,0.045,-3.43,2.2,11.25,4.75,2.55,11.87,4.83,-9.58,11.43,0.26,3.52,11.95,1.14,-11.25,12.04,11.51,3.96,4.39,-3.47,-7.06,16.68,3.93,-6.55,16.59,5.67,-12.97,17.03,0.82,-4.06,16.68,1.41,-16.24,15.75,13.63,-3.97,-2.45,-0.0991,0.1962,-0.5401,0.1124,0.1602,-0.5271,0.1621,0.2181,-0.5173,0.0233,0.2168,-0.5265,0.0403,0.1337,-0.5794,0.3893,0.361,-0.8133,0.0,0.019,0.006,0.006,0.026,0.013,0.0,0.026,0.019,0.019,0.026,0.013,0.0,0.033,0.006,0.0,0.019,0.013,-0.0598,0.0445,0.1687,0.089,0.0491,0.1795,0.0828,-0.1565,0.1657,-0.0077,0.0752,0.181,0.0337,-0.1749,0.1825,0.1733,0.0644,0.0905,-0.1282,0.0342,0.2165,-0.0027,0.0481,0.2248,-0.0234,-0.1642,0.2179,-0.029,-0.0521,0.2292,-0.1131,-0.225,0.2316,0.2045,0.0827,-0.0117,-0.0128,0.0084,0.0053,0.0049,0.0765,-0.0958,0.2519,-0.5529,0.1233,0.1955,-0.5317,0.1523,0.2455,-0.5181,0.0156,0.2344,-0.5347,0.0337,0.1647,-0.587,0.3707,0.3662,-0.8164,0.0,0.0,0.0,0.0,0.0,0.0,0.0,0.0,0.0,
0.44,run,0.05,2.74,-0.24,0.03,-0.97,0.0,0.0,0.0,0.045,-3.16,1.14,12.66,4.66,1.49,13.18,4.83,-10.55,12.74,0.79,2.2,13.27,1.05,-12.57,13.27,11.69,3.25,3.16,-3.54,-8.56,18.18,3.09,-8.05,18.09,6.36,-14.47,18.53,1.5,-5.56,18.18,2.15,-17.74,16.64,14.3,-5.14,-3.95,-0.1013,0.1471,-0.5216,0.0882,0.1104,-0.5324,0.1818,0.1758,-0.5091,0.043,0.1959,-0.5356,0.0614,0.0917,-0.569,0.4086,0.361,-0.8385,0.0,0.019,0.006,0.006,0.026,0.013,0.0,0.026,0.019,0.019,0.026,0.013,0.0,0.033,0.006,0.0,0.019,0.013,-0.0598,0.0307,0.1933,0.0798,0.0353,0.2056,0.0813,-0.1703,0.1902,0.0061,0.0537,0.2056,0.0184,-0.201,0.2071,0.201,0.0598,0.0736,-0.0898,-0.0287,0.2451,-0.037,-0.019,0.2567,-0.0223,-0.1675,0.246,0.0323,-0.1183,0.254,-0.1376,-0.2568,0.2557,0.2483,0.0403,-0.0725,-0.0068,0.008,0.0111,0.0029,-0.0443,-0.0991,0.1962,-0.5401,0.1124,0.1602,-0.5271,0.1621,0.2181,-0.5173,0.0233,0.2168,-0.5265,0.0403,0.1337,-0.5794,0.3893,0.361,-0.8133,0.0,0.0,0.0,0.0,0.0,0.0,0.0,0.0,0.0,
0.48,run,0.08,2.75,0.8,0.55,0.74,0.0,0.0,0.0,0.045,-3.69,-0.18,14.06,4.04,0.18,14.68,4.92,-11.78,14.15,0.53,0.79,14.77,1.05,-13.97,14.59,13.27,2.2,1.76,-3.61,-10.06,19.68,2.24,-9.55,19.14,6.92,-15.97,20.03,2.08,-7.06,19.68,2.77,-19.24,17.86,14.77,-5.16,-5.45,-0.103,0.101,-0.4901,0.064,0.0835,-0.5396,0.1977,0.1506,-0.4982,0.0595,0.182,-0.5322,0.0792,0.0683,-0.5546,0.4219,0.3608,-0.8342,0.013,0.026,0.006,0.006,0.026,0.013,0.013,0.039,0.019,0.026,0.026,0.006,0.013,0.026,0.006,0.013,0.039,0.013,-0.0552,0.0123,0.2178,0.0782,0.0169,0.2286,0.0813,-0.1871,0.2132,0.0153,0.0307,0.2286,0.0169,-0.224,0.2286,0.204,0.0476,0.0522,-0.0458,-0.0884,0.2627,-0.0316,-0.0816,0.2651,-0.0156,-0.1799,0.2576,0.0568,-0.1682,0.2632,-0.102,-0.2652,0.2587,0.1852,-0.0173,-0.1305,-0.0088,0.0093,-0.0041,0.0006,-0.0169,-0.1013,0.1471,-0.5216,0.0882,0.1104,-0.5324,0.1818,0.1758,-0.5091,0.043,0.1959,-0.5356,0.0614,0.0917,-0.569,0.4086,0.361,-0.8385,0.0,0.0,0.0,0.0,0.0,0.0,0.0,0.0,0.0,
0.52,run,0.05,2.73,-0.68,-0.27,-0.81,0.0,0.0,0.0,0.045,-3.6,-1.58,15.38,3.16,-1.23,16.08,5.98,-13.01,15.56,1.76,-0.62,16.17,1.14,-15.38,15.73,13.8,0.97,0.35,-3.51,-11.56,21.18,1.66,-11.05,18.24,7.52,-17.47,21.53,2.49,-8.56,19.08,3.33,-20.74,18.25,15.33,-4.17,-6.48,-0.1002,0.0647,-0.4646,0.0473,0.0601,-0.5501,0.2148,0.1163,-0.4889,0.0712,0.1868,-0.5403,0.0951,0.0355,-0.55,0.4379,0.3788,-0.8409,0.013,0.026,0.006,0.006,0.026,0.013,0.013,0.039,0.019,0.026,0.026,0.006,0.013,0.026,0.006,0.013,0.039,0.013,-0.0644,-0.0107,0.2424,0.0675,-0.0061,0.2546,0.0828,-0.2086,0.2378,0.0107,0.0061,0.2546,0.0169,-0.2485,0.2516,0.2316,0.0291,0.0276,-0.0663,-0.1476,0.2753,-0.0621,-0.1429,0.2827,-0.0052,-0.206,0.2718,0.0226,-0.2092,0.2814,-0.0714,-0.2771,0.2668,0.2325,-0.0807,-0.1828,-0.0069,0.0099,0.014,0.0095,0.013,-0.103,0.101,-0.4901,0.064,0.0835,-0.5396,0.1977,0.1506,-0.4982,0.0595,0.182,-0.5322,0.0792,0.0683,-0.5546,0.4219,0.3608,-0.8342,0.0,0.0,0.0,0.0,0.0,0.0,0.0,0.0,0.0,
0.56,run,0.05,2.73,0.02,-0.02,-0.96,0.0,0.0,0.0,0.045,-3.16,-2.99,16.79,2.81,-2.55,17.31,6.5,-14.24,16.96,2.11,-2.11,17.4,2.2,-16.79,16.79,14.33,-0.44,-1.05,-3.44,-13.06,22.68,0.85,-12.55,17.47,8.14,-18.97,23.03,3.22,-10.06,18.57,4.03,-22.24,19.75,15.7,-3.88,-7.05,-0.0983,0.0377,-0.4396,0.0242,0.0425,-0.5592,0.2325,0.0946,-0.4767,0.0919,0.1847,-0.5462,0.115,0.0139,-0.5274,0.4485,0.384,-0.8477,0.013,0.026,0.006,0.006,0.026,0.013,0.013,0.039,0.019,0.026,0.026,0.006,0.013,0.026,0.006,0.013,0.039,0.013,-0.0629,-0.0353,0.2654,0.0522,-0.0307,0.2792,0.1012,-0.2301,0.2623,0.0322,-0.0184,0.2792,0.0184,-0.273,0.2715,0.2408,0.0077,0.0031,-0.0407,-0.1954,0.2791,-0.101,-0.1921,0.29,0.0655,-0.2248,0.2824,0.0964,-0.2386,0.2891,-0.0442,-0.2861,0.2616,0.1973,-0.1371,-0.2201,-0.0091,0.0082,-0.0118,-0.0047,-0.0142,-0.1002,0.0647,-0.4646,0.0473,0.0601,-0.5501,0.2148,0.1163,-0.4889,0.0712,0.1868,-0.5403,0.0951,0.0355,-0.55,0.4379,0.3788,-0.8409,0.0,0.0,0.0,0.0,0.0,0.0,0.0,0.0,0.0,
0.6,run,0.04,2.74,-0.12,0.0,1.42,0.0,0.0,0.0,0.045,-3.78,-4.39,18.28,2.11,-4.04,18.19,7.21,-15.64,18.37,2.29,-3.52,18.46,2.99,-18.28,17.84,15.47,-1.67,-2.46,-3.33,-14.56,24.18,0.06,-14.05,16.76,8.55,-20.47,24.53,3.81,-11.56,18.22,4.52,-23.74,20.8,16.06,-2.93,-6.88,-0.095,0.0161,-0.4113,0.0016,0.0313,-0.5676,0.2442,0.0722,-0.467,0.1088,0.1901,-0.5503,0.1292,-0.0036,-0.52,0.4589,0.4013,-0.8457,0.019,0.026,0.006,0.0,0.026,0.006,0.0,0.033,0.019,0.006,0.019,0.0,0.013,0.026,0.0,0.006,0.026,0.013,-0.0552,-0.0598,0.2899,0.046,-0.0537,0.3007,0.1104,-0.2516,0.2869,0.0383,-0.0445,0.3007,0.0368,-0.2976,0.2899,0.25,-0.0169,-0.0215,0.0002,-0.2286,0.2872,-0.0937,-0.2205,0.2834,0.0802,-0.2377,0.2895,0.0904,-0.2645,0.2827,0.0379,-0.2921,0.252,0.1725,-0.1878,-0.2458,-0.0094,0.0087,0.0003,-0.0003,-0.0167,-0.0983,0.0377,-0.4396,0.0242,0.0425,-0.5592,0.2325,0.0946,-0.4767,0.0919,0.1847,-0.5462,0.115,0.0139,-0.5274,0.4485,0.384,-0.8477,0.0,0.0,0.0,0.0,0.0,0.0,0.0,0.0,0.0,
0.64,run,0.03,2.77,-0.01,0.19,-0.2,0.0,0.0,0.0,0.045,-3.34,-5.8,19.69,0.88,-5.36,18.81,7.73,-17.05,19.86,3.43,-4.92,19.07,3.69,-19.69,18.98,15.38,-2.55,-3.87,-3.1,-16.06,25.68,-0.52,-15.55,15.81,9.03,-21.97,26.03,4.35,-13.06,17.6,5.0,-25.24,22.08,16.42,-1.69,-7.38,-0.0887,-0.0028,-0.39,-0.0149,0.0272,-0.5787,0.2581,0.0441,-0.4521,0.1244,0.2019,-0.5577,0.143,-0.0317,-0.505,0.4691,0.4239,-0.8515,0.019,0.026,0.006,0.0,0.026,0.006,0.0,0.033,0.019,0.006,0.019,0.0,0.013,0.026,0.0,0.006,0.026,0.013,-0.066,-0.0844,0.316,0.0337,-0.0798,0.316,0.1227,-0.2761,0.3114,0.0414,-0.069,0.3191,0.0506,-0.3237,0.3083,0.27,-0.0383,-0.046,-0.0401,-0.252,0.2987,-0.1116,-0.2521,0.2558,0.1022,-0.2583,0.2946,0.0748,-0.2772,0.2669,0.0783,-0.3022,0.2454,0.1955,-0.2119,-0.2641,-0.0099,0.0091,-0.0021,0.0001,0.0248,-0.095,0.0161,-0.4113,0.0016,0.0313,-0.5676,0.2442,0.0722,-0.467,0.1088,0.1901,-0.5503,0.1292,-0.0036,-0.52,0.4589,0.4013,-0.8457,0.0,0.0,0.0,0.0,0.0,0.0,0.0,0.0,0.0,
0.68,run,0.05,2.77,0.14,-0.03,-0.55,0.0,0.0,0.0,0.045,-3.08,-7.21,21.09,0.53,-6.86,18.98,8.26,-18.46,21.18,3.52,-6.33,19.51,4.22,-21.01,20.04,16.26,-3.25,-5.01,-3.12,-17.56,27.18,-1.37,-17.05,15.69,9.51,-23.47,27.53,5.15,-13.81,17.54,5.57,-26.74,23.58,16.68,-0.98,-7.76,-0.0892,-0.0203,-0.3615,-0.0391,0.0282,-0.5802,0.2716,0.0191,-0.4331,0.1472,0.2035,-0.5584,0.159,-0.0528,-0.4733,0.4765,0.4367,-0.856,0.019,0.026,0.006,0.0,0.026,0.006,0.0,0.033,0.019,0.006,0.019,0.0,0.013,0.026,0.0,0.006,0.026,0.013,-0.0583,-0.1089,0.3405,0.0123,-0.1028,0.3267,0.1319,-0.3007,0.3375,0.0614,-0.0936,0.3298,0.0629,-0.3482,0.3283,0.2684,-0.0537,-0.0706,0.0008,-0.2687,0.3014,-0.1589,-0.263,0.2195,0.1061,-0.2731,0.3043,0.1274,-0.2863,0.2272,0.1009,-0.3038,0.2468,0.1311,-0.206,-0.2771,-0.0107,0.0121,-0.0001,0.0033,-0.0034,-0.0887,-0.0028,-0.39,-0.0149,0.0272,-0.5787,0.2581,0.0441,-0.4521,0.1244,0.2019,-0.5577,0.143,-0.0317,-0.505,0.4691,0.4239,-0.8515,0.0,0.0,0.0,0.0,0.0,0.0,0.0,0.0,0.0,
0.72,run,0.03,2.75,-1.08,-0.52,0.31,0.0,0.0,0.0,0.045,-3.52,-8.61,22.59,0.35,-8.26,18.98,8.79,-19.78,22.59,4.39,-7.73,19.42,4.92,-22.59,21.27,16.44,-3.52,-6.06,-2.94,-19.06,28.68,-2.25,-18.55,15.07,9.82,-24.97,29.03,5.89,-13.35,17.14,6.08,-28.24,25.08,16.99,0.28,-8.28,-0.0839,-0.0394,-0.3384,-0.0642,0.0286,-0.5874,0.2805,-0.0147,-0.4119,0.1683,0.2119,-0.5631,0.1738,-0.0801,-0.4595,0.4854,0.4596,-0.8622,0.0,0.026,0.013,0.019,0.026,0.026,0.006,0.026,0.019,0.0,0.019,0.013,0.006,0.033,0.006,0.026,0.0,0.006,-0.0537,-0.1335,0.3651,0.0061,-0.1289,0.3298,0.1411,-0.3252,0.3605,0.0629,-0.1181,0.3375,0.0721,-0.3712,0.3467,0.2838,-0.066,-0.0905,0.0179,-0.2804,0.3033,-0.1343,-0.2822,0.1652,0.1089,-0.2835,0.2995,0.0949,-0.2927,0.1879,0.1053,-0.2992,0.2419,0.1494,-0.1904,-0.269,-0.009,0.0115,0.0024,-0.0006,-0.0097,-0.0892,-0.0203,-0.3615,-0.0391,0.0282,-0.5802,0.2716,0.0191,-0.4331,0.1472,0.2035,-0.5584,0.159,-0.0528,-0.4733,0.4765,0.4367,-0.856,0.0,0.0,0.0,0.0,0.0,0.0,0.0,0.0,0.0,
0.76,run,0.04,2.77,0.18,0.19,0.12,0.0,0.0,0.0,0.045,-2.72,-10.11,23.91,-1.41,-9.67,18.37,9.23,-21.27,24.08,5.1,-9.14,19.07,5.45,-23.91,22.59,16.7,-3.52,-6.94,-2.71,-20.56,30.18,-3.06,-20.05,14.44,10.31,-26.47,30.53,6.55,-13.15,17.18,6.51,-29.74,26.58,17.26,1.16,-8.61,-0.0774,-0.0559,-0.3143,-0.0875,0.037,-0.5949,0.2945,-0.0468,-0.387,0.1871,0.2155,-0.5626,0.186,-0.1078,-0.4305,0.493,0.4757,-0.866,0.0,0.026,0.013,0.019,0.026,0.026,0.006,0.026,0.019,0.0,0.019,0.013,0.006,0.033,0.006,0.026,0.0,0.006,-0.0614,-0.158,0.3912,0.0031,-0.1534,0.3298,0.1503,-0.3482,0.385,0.0782,-0.1427,0.3359,0.0844,-0.3988,0.3682,0.2869,-0.0706,-0.1089,-0.0162,-0.2881,0.3098,-0.1055,-0.2893,0.1156,0.1106,-0.2845,0.3015,0.1238,-0.2967,0.1258,0.1196,-0.3127,0.2497,0.1161,-0.1505,-0.2571,-0.0113,0.0099,-0.0189,-0.0091,0.0054,-0.0839,-0.0394,-0.3384,-0.0642,0.0286,-0.5874,0.2805,-0.0147,-0.4119,0.1683,0.2119,-0.5631,0.1738,-0.0801,-0.4595,0.4854,0.4596,-0.8622,0.0,0.0,0.0,0.0,0.0,0.0,0.0,0.0,0.0,
0.8,run,0.03,2.75,-1.08,-1.14,-0.72,0.0,0.0,0.0,0.045,-2.72,-11.43,25.31,-1.85,-11.07,17.31,9.67,-22.68,25.4,5.62,-10.46,18.19,5.98,-25.31,23.73,17.14,-3.16,-7.65,-2.72,-22.06,31.68,-3.77,-21.55,14.65,10.68,-27.97,32.03,7.25,-12.83,16.94,6.93,-31.24,28.08,17.51,2.04,-9.41,-0.0777,-0.0684,-0.2926,-0.1078,0.0451,-0.5924,0.3052,-0.0791,-0.3638,0.2072,0.2213,-0.5654,0.198,-0.1335,-0.4,0.5003,0.4916,-0.8754,0.0,0.026,0.013,0.019,0.026,0.026,0.006,0.026,0.019,0.0,0.019,0.013,0.006,0.033,0.006,0.026,0.0,0.006,-0.0476,-0.1841,0.4142,-0.0276,-0.1779,0.3191,0.158,-0.3743,0.4111,0.0905,-0.1672,0.3298,0.0936,-0.4218,0.3912,0.2915,-0.0706,-0.1243,0.0405,-0.2995,0.3032,-0.1889,-0.2946,0.0406,0.1062,-0.297,0.3088,0.1327,-0.2998,0.065,0.1182,-0.3052,0.2611,0.0985,-0.1053,-0.2375,-0.0103,0.0118,0.0031,0.0033,0.0022,-0.0774,-0.0559,-0.3143,-0.0875,0.037,-0.5949,0.2945,-0.0468,-0.387,0.1871,0.2155,-0.5626,0.186,-0.1078,-0.4305,0.493,0.4757,-0.866,0.0,0.0,0.0,0.0,0.0,0.0,0.0,0.0,0.0,
0.84,run,0.03,2.75,-0.34,-0.03,0.22,0.0,0.0,0.0,0.045,-2.99,-12.83,26.81,-1.93,-12.57,16.26,10.02,-24.08,26.81,6.42,-11.51,17.49,6.5,-26.81,25.14,16.88,-2.46,-8.35,-2.45,-23.56,33.18,-4.59,-21.96,14.12,11.07,-29.47,33.53,7.88,-12.51,16.62,7.32,-32.74,29.58,17.77,3.09,-10.07,-0.07,-0.0802,-0.2742,-0.131,0.0553,-0.5986,0.3164,-0.1158,-0.3332,0.2251,0.2272,-0.5691,0.2091,-0.1617,-0.3749,0.5077,0.5107,-0.8831,0.0,0.026,0.006,0.019,0.026,0.006,0.006,0.019,0.019,0.006,0.013,0.0,0.006,0.033,0.006,0.019,0.013,0.013,-0.0476,-0.2071,0.4387,-0.0353,-0.2025,0.3007,0.1657,-0.3988,0.4341,0.0997,-0.1902,0.3145,0.1028,-0.4464,0.4111,0.2991,-0.0644,-0.1365,0.0283,-0.2955,0.3039,-0.1609,-0.2978,-0.0403,0.103,-0.2995,0.3021,0.1273,-0.2957,-0.0118,0.1171,-0.3053,0.2572,0.0976,-0.0508,-0.2121,-0.0111,0.0104,-0.0188,-0.0199,-0.0126,-0.0777,-0.0684,-0.2926,-0.1078,0.0451,-0.5924,0.3052,-0.0791,-0.3638,0.2072,0.2213,-0.5654,0.198,-0.1335,-0.4,0.5003,0.4916,-0.8754,0.0,0.0,0.0,0.0,0.0,0.0,0.0,0.0,0.0,
0.88,run,0.08,2.8,0.83,0.81,1.02,0.0,0.0,0.0,0.045,-2.2,-14.59,28.48,-4.04,-14.24,15.12,10.63,-25.75,28.56,7.21,-12.39,16.88,6.94,-28.48,26.81,17.84,-1.05,-9.23,-2.18,-25.06,34.68,-5.22,-20.89,13.69,11.48,-30.97,35.03,8.22,-12.16,16.38,7.57,-34.24,31.08,17.97,3.93,-10.35,-0.0623,-0.0901,-0.2566,-0.1492,0.0748,-0.6037,0.328,-0.1506,-0.3052,0.2348,0.2334,-0.572,0.2162,-0.1883,-0.3476,0.5133,0.526,-0.8864,0.0,0.026,0.006,0.019,0.026,0.006,0.006,0.019,0.019,0.006,0.013,0.0,0.006,0.033,0.006,0.019,0.013,0.013,-0.0522,-0.2316,0.4648,-0.0368,-0.2286,0.2823,0.1718,-0.4234,0.4587,0.1135,-0.2086,0.3022,0.112,-0.4725,0.4357,0.2945,-0.0522,-0.1488,0.0025,-0.2993,0.311,-0.1184,-0.3067,-0.0975,0.0952,-0.3021,0.3039,0.1411,-0.2764,-0.0545,0.1167,-0.3119,0.2725,0.051,0.0107,-0.1947,-0.0113,0.0102,-0.0059,-0.0006,0.0039,-0.07,-0.0802,-0.2742,-0.131,0.0553,-0.5986,0.3164,-0.1158,-0.3332,0.2251,0.2272,-0.5691,0.2091,-0.1617,-0.3749,0.5077,0.5107,-0.8831,0.0,0.0,0.0,0.0,0.0,0.0,0.0,0.0,0.0,
0.92,run,0.0,2.78,-1.33,-0.93,1.0,0.0,0.0,0.0,0.045,-2.29,-16.0,29.97,-3.52,-15.64,14.5,10.9,-27.16,29.97,7.73,-12.83,16.61,7.21,-29.88,28.04,17.58,0.26,-9.76,-2.16,-26.56,36.18,-5.71,-20.12,13.63,11.77,-32.47,36.53,8.75,-11.6,15.63,7.72,-35.74,32.58,18.11,4.72,-11.72,-0.0618,-0.0964,-0.2437,-0.1632,0.0886,-0.6043,0.3363,-0.1881,-0.2775,0.2501,0.2436,-0.5808,0.2204,-0.2127,-0.3184,0.5175,0.5403,-0.9026,0.0,0.026,0.006,0.019,0.026,0.006,0.006,0.019,0.019,0.006,0.013,0.0,0.006,0.033,0.006,0.019,0.013,0.013,-0.0383,-0.2623,0.4939,-0.0736,-0.2577,0.2623,0.1825,-0.4525,0.4893,0.1273,-0.224,0.2915,0.1197,-0.5016,0.4648,0.3114,-0.0276,-0.1641,0.0452,-0.3061,0.3094,-0.1987,-0.3064,-0.131,0.1004,-0.3032,0.3093,0.1422,-0.2417,-0.0719,0.1058,-0.3101,0.2825,0.0888,0.0847,-0.1845,-0.0069,0.0146,0.0145,0.0142,0.0178,-0.0623,-0.0901,-0.2566,-0.1492,0.0748,-0.6037,0.328,-0.1506,-0.3052,0.2348,0.2334,-0.572,0.2162,-0.1883,-0.3476,0.5133,0.526,-0.8864,0.0,0.0,0.0,0.0,0.0,0.0,0.0,0.0,0.0,
0.96,run,0.01,2.81,0.57,0.87,1.41,0.0,0.0,0.0,0.045,-2.37,-17.49,31.29,-4.48,-16.96,13.97,11.16,-28.48,31.46,8.17,-12.83,16.17,7.47,-31.29,29.36,18.11,1.58,-10.28,-1.9,-28.06,37.68,-6.26,-19.05,13.3,12.06,-33.97,38.03,8.93,-11.31,15.35,7.77,-37.24,34.08,18.21,5.39,-11.67,-0.0544,-0.1059,-0.2292,-0.1789,0.1082,-0.6082,0.3447,-0.2193,-0.2474,0.255,0.2489,-0.5841,0.222,-0.2298,-0.299,0.5204,0.5526,-0.902,0.006,0.019,0.013,0.0,0.019,0.006,0.013,0.019,0.019,0.006,0.006,0.006,0.0,0.026,0.006,0.006,0.006,0.013,-0.0399,-0.2869,0.52,-0.0644,-0.2823,0.2516,0.1871,-0.4771,0.5139,0.1365,-0.2316,0.2869,0.1243,-0.5262,0.4863,0.3068,-0.0046,-0.1733,0.0259,-0.3053,0.3133,-0.1049,-0.3056,-0.1316,0.0874,-0.3033,0.3076,0.1337,-0.1977,-0.0674,0.0911,-0.3081,0.2774,0.0451,0.1447,-0.1633,-0.0133,0.0123,-0.0232,-0.0162,0.0175,-0.0618,-0.0964,-0.2437,-0.1632,0.0886,-0.6043,0.3363,-0.1881,-0.2775,0.2501,0.2436,-0.5808,0.2204,-0.2127,-0.3184,0.5175,0.5403,-0.9026,0.0,0.0,0.0,0.0,0.0,0.0,0.0,0.0,0.0,
1.0,run,0.02,2.89,0.12,0.68,2.52,0.0,0.0,0.0,0.045,-1.58,-18.9,32.7,-5.8,-18.02,13.45,11.6,-29.97,32.87,8.7,-12.74,15.56,7.65,-32.7,30.85,18.11,2.9,-10.99,-1.85,-29.56,39.18,-6.6,-18.05,13.18,12.26,-35.47,39.53,9.18,-10.56,14.64,7.72,-38.62,35.58,18.24,6.09,-12.57,-0.053,-0.113,-0.2166,-0.1886,0.1264,-0.6096,0.3504,-0.2526,-0.2261,0.2622,0.2625,-0.5924,0.2205,-0.2477,-0.2815,0.5213,0.5653,-0.9125,0.006,0.019,0.013,0.0,0.019,0.006,0.013,0.019,0.019,0.006,0.006,0.006,0.0,0.026,0.006,0.006,0.006,0.013,-0.0414,-0.3129,0.543,-0.0813,-0.3053,0.2424,0.1917,-0.5001,0.54,0.1442,-0.2316,0.2792,0.1289,-0.5507,0.5093,0.316,0.0184,-0.1825,0.0124,-0.3115,0.3056,-0.1367,-0.3002,-0.1266,0.0784,-0.2986,0.3131,0.1223,-0.1384,-0.0759,0.081,-0.3077,0.2805,0.0661,0.1875,-0.1488,-0.0123,0.0153,0.01,0.0153,0.0247,-0.0544,-0.1059,-0.2292,-0.1789,0.1082,-0.6082,0.3447,-0.2193,-0.2474,0.255,0.2489,-0.5841,0.222,-0.2298,-0.299,0.5204,0.5526,-0.902,0.0,0.0,0.0,0.0,0.0,0.0,0.0,0.0,0.0,
1.04,run,-0.05,2.87,-1.4,-1.22,-0.39,0.0,0.0,0.0,0.045,-1.93,-20.3,34.1,-5.19,-18.9,13.27,11.87,-31.38,34.19,8.96,-11.95,15.29,7.56,-34.1,32.26,18.02,3.96,-11.43,-1.81,-31.06,40.68,-6.93,-16.9,13.27,12.42,-36.97,41.03,9.5,-9.97,14.05,7.67,-39.33,37.08,18.18,6.5,-12.96,-0.0518,-0.1169,-0.206,-0.1979,0.1473,-0.6086,0.355,-0.2813,-0.2023,0.2714,0.2732,-0.5995,0.219,-0.2605,-0.2593,0.5193,0.5728,-0.9172,0.006,0.019,0.013,0.0,0.019,0.006,0.013,0.019,0.019,0.006,0.006,0.006,0.0,0.026,0.006,0.006,0.006,0.013,-0.0276,-0.3375,0.5676,-0.1043,-0.3237,0.2332,0.1994,-0.5262,0.5645,0.1534,-0.2301,0.2684,0.1319,-0.5752,0.5354,0.316,0.0414,-0.1948,0.0594,-0.3081,0.304,-0.1802,-0.2777,-0.1224,0.083,-0.3047,0.3092,0.1194,-0.0912,-0.0926,0.068,-0.3055,0.292,0.0462,0.2157,-0.1492,-0.0117,0.0227,0.002,0.0118,0.044,-0.053,-0.113,-0.2166,-0.1886,0.1264,-0.6096,0.3504,-0.2526,-0.2261,0.2622,0.2625,-0.5924,0.2205,-0.2477,-0.2815,0.5213,0.5653,-0.9125,0.0,0.0,0.0,0.0,0.0,0.0,0.0,0.0,0.0,
1.08,run,-0.01,2.94,0.89,0.71,1.77,0.0,0.0,0.0,0.045,-2.02,-21.71,35.6,-6.86,-19.42,13.36,12.04,-32.78,35.68,9.14,-11.16,14.59,7.56,-35.51,33.66,18.19,4.92,-12.13,-1.55,-31.83,42.18,-7.25,-15.68,12.53,12.63,-38.47,42.53,9.56,-9.25,12.95,7.62,-40.13,38.58,18.18,7.04,-13.12,-0.0442,-0.1242,-0.1958,-0.207,0.1694,-0.6172,0.3608,-0.3152,-0.172,0.2733,0.2863,-0.6123,0.2178,-0.2752,-0.2456,0.5194,0.5826,-0.919,0.0,0.026,0.013,0.013,0.006,0.013,0.006,0.026,0.019,0.006,0.006,0.013,0.0,0.026,0.006,0.0,0.006,0.006,-0.0337,-0.362,0.5921,-0.0936,-0.339,0.2301,0.204,-0.5507,0.5875,0.158,-0.2163,0.2638,0.1304,-0.5998,0.5599,0.3145,0.0598,-0.2025,0.018,-0.3097,0.3068,-0.085,-0.2531,-0.0974,0.0758,-0.3073,0.3046,0.1012,-0.011,-0.0824,0.0417,-0.3078,0.2984,0.0265,0.2215,-0.1338,-0.0176,0.0207,-0.0245,-0.0214,-0.0069,-0.0518,-0.1169,-0.206,-0.1979,0.1473,-0.6086,0.355,-0.2813,-0.2023,0.2714,0.2732,-0.5995,0.219,-0.2605,-0.2593,0.5193,0.5728,-0.9172,0.0,0.0,0.0,0.0,0.0,0.0,0.0,0.0,0.0,
1.12,run,0.03,2.99,-0.25,-0.39,-1.26,0.0,0.0,0.0,0.045,-1.32,-23.12,37.0,-7.29,-19.6,13.01,12.3,-34.28,37.09,9.49,-10.37,13.89,7.56,-36.83,35.07,18.19,5.8,-12.66,-1.6,-32.27,43.68,-7.52,-14.44,12.72,12.75,-39.97,44.03,9.93,-8.3,12.47,7.43,-40.72,40.08,17.96,7.56,-13.74,-0.0459,-0.1322,-0.1813,-0.2148,0.192,-0.615,0.3644,-0.3435,-0.1548,0.2837,0.3036,-0.618,0.2123,-0.2858,-0.2304,0.5133,0.592,-0.9264,0.0,0.026,0.013,0.013,0.006,0.013,0.006,0.026,0.019,0.006,0.006,0.013,0.0,0.026,0.006,0.0,0.006,0.006,-0.0353,-0.3866,0.6182,-0.1227,-0.3482,0.2316,0.2071,-0.5752,0.6136,0.1611,-0.2025,0.2516,0.1304,-0.6243,0.5844,0.3175,0.0767,-0.2148,0.0069,-0.3088,0.3125,-0.1687,-0.2117,-0.0625,0.0645,-0.3071,0.3109,0.0824,0.0441,-0.1037,0.0292,-0.3075,0.3009,0.03,0.2183,-0.1397,-0.0141,0.027,0.0155,0.0123,0.031,-0.0442,-0.1242,-0.1958,-0.207,0.1694,-0.6172,0.3608,-0.3152,-0.172,0.2733,0.2863,-0.6123,0.2178,-0.2752,-0.2456,0.5194,0.5826,-0.919,0.0,0.0,0.0,0.0,0.0,0.0,0.0,0.0,0.0,
1.16,run,0.03,3.02,-0.34,-0.24,-0.67,0.0,0.0,0.0,0.045,-1.76,-24.52,38.41,-6.59,-19.6,12.57,12.48,-35.68,38.5,9.49,-9.67,13.27,7.56,-38.06,36.47,18.11,6.42,-13.01,-1.37,-32.37,45.18,-7.78,-13.23,12.15,12.86,-41.47,45.53,10.2,-7.35,11.24,7.51,-41.58,41.58,17.85,7.88,-14.13,-0.0392,-0.134,-0.1746,-0.2223,0.214,-0.6218,0.3674,-0.376,-0.1236,0.2914,0.3208,-0.6324,0.2145,-0.3014,-0.2082,0.51,0.5978,-0.931,0.0,0.026,0.013,0.013,0.006,0.013,0.006,0.026,0.019,0.006,0.006,0.013,0.0,0.026,0.006,0.0,0.006,0.006,-0.023,-0.4111,0.6427,-0.1304,-0.3513,0.2255,0.2117,-0.6013,0.6381,0.1672,-0.1887,0.2393,0.1304,-0.6473,0.609,0.3175,0.092,-0.224,0.0509,-0.3083,0.3109,-0.1469,-0.1597,-0.0668,0.0624,-0.3129,0.3098,0.0807,0.0827,-0.1187,0.0204,-0.3016,0.3028,0.021,0.2104,-0.1323,-0.011,0.0308,-0.0044,-0.0069,-0.0219,-0.0459,-0.1322,-0.1813,-0.2148,0.192,-0.615,0.3644,-0.3435,-0.1548,0.2837,0.3036,-0.618,0.2123,-0.2858,-0.2304,0.5133,0.592,-0.9264,0.0,0.0,0.0,0.0,0.0,0.0,0.0,0.0,0.0,
1.2,run,0.04,3.07,0.11,0.56,1.48,0.0,0.0,0.0,0.058,-1.41,-25.93,39.81,-7.91,-19.07,12.39,12.66,-37.09,39.9,10.02,-8.88,12.39,7.56,-39.02,37.88,17.75,7.21,-13.54,-1.03,-32.78,46.68,-8.08,-11.84,11.32,13.11,-42.97,47.03,10.22,-6.32,10.12,7.54,-42.36,43.08,17.8,8.42,-14.45,-0.0295,-0.1414,-0.1649,-0.2308,0.2394,-0.6315,0.3746,-0.4105,-0.0952,0.2921,0.3396,-0.6457,0.2155,-0.3156,-0.1924,0.5086,0.6076,-0.9347,0.013,0.019,0.013,0.006,0.006,0.006,0.006,0.026,0.019,0.013,0.0,0.013,0.0,0.058,0.006,0.0,0.006,0.006,-0.0307,-0.4357,0.6673,-0.1181,-0.3513,0.2178,0.2148,-0.6259,0.6627,0.1672,-0.1764,0.2286,0.1304,-0.6688,0.6335,0.316,0.1028,-0.2301,0.0069,-0.3077,0.3096,-0.0569,-0.1118,-0.0755,0.0552,-0.3109,0.3088,0.0565,0.1038,-0.1233,0.0143,-0.2916,0.3039,0.009,0.1875,-0.1156,-0.0111,0.034,-0.006,-0.0042,-0.0117,-0.0392,-0.134,-0.1746,-0.2223,0.214,-0.6218,0.3674,-0.376,-0.1236,0.2914,0.3208,-0.6324,0.2145,-0.3014,-0.2082,0.51,0.5978,-0.931,0.0,0.0,0.0,0.0,0.0,0.0,0.0,0.0,0.0,
1.24,run,0.06,3.1,0.53,-0.26,-1.12,0.0,0.0,0.0,0.058,-1.05,-27.33,41.22,-8.17,-18.11,11.87,12.66,-38.5,41.31,10.02,-7.91,11.51,7.56,-40.08,39.38,17.75,7.65,-13.97,-0.97,-33.17,48.18,-8.33,-10.5,11.57,13.24,-44.47,48.53,10.68,-5.43,9.71,7.48,-43.03,44.58,17.44,8.61,-14.76,-0.0277,-0.1486,-0.1513,-0.2381,0.2637,-0.6286,0.3783,-0.4356,-0.0743,0.305,0.3559,-0.6505,0.2138,-0.3279,-0.1711,0.4983,0.6112,-0.9384,0.013,0.019,0.013,0.006,0.006,0.006,0.006,0.026,0.019,0.013,0.0,0.013,0.0,0.058,0.006,0.0,0.006,0.006,-0.0245,-0.4602,0.6918,-0.1411,-0.3421,0.2148,0.2178,-0.6504,0.6872,0.1764,-0.1626,0.2132,0.1304,-0.6857,0.6581,0.3099,0.1166,-0.2393,0.0279,-0.3075,0.3088,-0.1261,-0.0437,-0.0643,0.0502,-0.3098,0.3083,0.0741,0.1245,-0.1439,0.01,-0.2674,0.3048,-0.0167,0.1831,-0.1155,-0.0103,0.0376,0.0019,0.0098,0.0258,-0.0295,-0.1414,-0.1649,-0.2308,0.2394,-0.6315,0.3746,-0.4105,-0.0952,0.2921,0.3396,-0.6457,0.2155,-0.3156,-0.1924,0.5086,0.6076,-0.9347,0.0,0.0,0.0,0.0,0.0,0.0,0.0,0.0,0.0,
1.28,run,0.02,3.07,-0.86,-0.97,-0.49,0.0,0.0,0.0,0.058,-1.49,-28.83,42.63,-7.47,-16.88,11.43,12.92,-39.9,42.63,10.2,-7.12,10.63,7.56,-41.04,40.69,17.75,8.17,-14.33,-0.65,-33.29,49.68,-8.51,-9.15,10.79,13.33,-45.97,50.03,10.98,-4.25,8.24,7.66,-44.1,46.08,17.22,8.91,-15.08,-0.0186,-0.1507,-0.1456,-0.243,0.2882,-0.6377,0.3808,-0.4682,-0.0398,0.3138,0.3773,-0.6677,0.2188,-0.3473,-0.1428,0.492,0.6166,-0.9421,0.013,0.019,0.013,0.006,0.006,0.006,0.006,0.026,0.019,0.013,0.0,0.013,0.0,0.058,0.006,0.0,0.006,0.006,-0.0184,-0.4847,0.7164,-0.1457,-0.3252,0.2056,0.2178,-0.675,0.7118,0.1764,-0.1457,0.1979,0.1304,-0.7041,0.6842,0.3099,0.1243,-0.247,0.0426,-0.3075,0.3084,-0.1056,0.0328,-0.0796,0.0351,-0.3091,0.308,0.0518,0.1506,-0.1584,0.007,-0.2564,0.3114,-0.0117,0.157,-0.1097,-0.0083,0.041,0.0093,-0.0045,-0.0195,-0.0277,-0.1486,-0.1513,-0.2381,0.2637,-0.6286,0.3783,-0.4356,-0.0743,0.305,0.3559,-0.6505,0.2138,-0.3279,-0.1711,0.4983,0.6112,-0.9384,0.0,0.0,0.0,0.0,0.0,0.0,0.0,0.0,0.0,
1.32,run,0.05,3.12,0.96,0.81,-0.14,0.0,0.0,0.0,0.071,-0.62,-30.15,43.68,-8.61,-15.47,11.07,13.1,-41.31,44.12,10.72,-6.15,9.76,7.56,-41.92,42.19,17.23,8.53,-14.77,-0.26,-33.72,51.18,-8.73,-7.75,9.9,13.6,-47.47,51.53,11.15,-3.12,7.06,7.82,-45.06,47.58,17.1,9.24,-15.35,-0.0074,-0.1586,-0.1388,-0.2494,0.3136,-0.6483,0.3886,-0.5009,-0.0086,0.3185,0.3978,-0.6816,0.2235,-0.3647,-0.1196,0.4885,0.6225,-0.9453,0.019,0.019,0.033,0.006,0.006,0.013,0.006,0.033,0.019,0.006,0.0,0.019,0.013,0.071,0.006,0.006,0.0,0.0,-0.0261,-0.5108,0.7409,-0.1335,-0.3037,0.1979,0.2224,-0.6995,0.7348,0.1795,-0.1319,0.1825,0.1304,-0.721,0.7072,0.3099,0.1335,-0.2531,0.0011,-0.3129,0.3078,-0.028,0.1034,-0.0845,0.0418,-0.3082,0.3018,0.0478,0.1571,-0.1683,0.0049,-0.2426,0.3041,-0.0082,0.1443,-0.0997,-0.012,0.0382,-0.015,-0.0168,-0.0085,-0.0186,-0.1507,-0.1456,-0.243,0.2882,-0.6377,0.3808,-0.4682,-0.0398,0.3138,0.3773,-0.6677,0.2188,-0.3473,-0.1428,0.492,0.6166,-0.9421,0.0,0.0,0.0,0.0,0.0,0.0,0.0,0.0,0.0,
1.36,run,0.03,3.12,-1.02,-0.62,-0.53,0.0,0.0,0.0,0.071,-0.26,-31.29,45.26,-8.88,-14.06,10.63,13.27,-42.71,45.62,10.99,-5.19,8.79,7.56,-42.89,43.68,17.05,8.88,-15.12,-0.13,-33.98,52.68,-8.92,-6.39,9.94,13.67,-48.97,53.03,11.74,-2.22,6.48,7.97,-46.11,49.08,16.71,9.36,-15.57,-0.0036,-0.1633,-0.1274,-0.2549,0.3384,-0.6477,0.3905,-0.5247,0.0148,0.3354,0.4143,-0.6885,0.2278,-0.3838,-0.0913,0.4775,0.6248,-0.9479,0.019,0.019,0.033,0.006,0.006,0.013,0.006,0.033,0.019,0.006,0.0,0.019,0.013,0.071,0.006,0.006,0.0,0.0,-0.0107,-0.5338,0.7593,-0.1534,-0.2792,0.1917,0.2255,-0.724,0.7609,0.1887,-0.115,0.1672,0.1304,-0.7363,0.7332,0.3007,0.1396,-0.2608,0.0584,-0.3055,0.2846,-0.0945,0.1646,-0.0822,0.0408,-0.308,0.3092,0.068,0.1733,-0.1754,0.0034,-0.2275,0.3108,-0.0403,0.1241,-0.0986,-0.0095,0.0428,0.0168,0.0141,-0.0025,-0.0074,-0.1586,-0.1388,-0.2494,0.3136,-0.6483,0.3886,-0.5009,-0.0086,0.3185,0.3978,-0.6816,0.2235,-0.3647,-0.1196,0.4885,0.6225,-0.9453,0.0,0.0,0.0,0.0,0.0,0.0,0.0,0.0,0.0,
1.4,run,-0.01,3.16,-0.4,-0.45,1.51,0.0,0.0,0.0,0.071,-0.53,-32.26,46.76,-8.44,-12.66,10.11,13.36,-44.12,47.02,11.07,-4.13,7.73,7.82,-43.77,45.09,17.05,9.14,-15.38,0.29,-34.09,54.18,-9.01,-5.05,8.99,13.85,-50.47,54.53,12.03,-1.05,4.98,8.27,-47.29,50.58,16.55,9.51,-15.73,0.0084,-0.1653,-0.1255,-0.2575,0.3627,-0.6589,0.3958,-0.5553,0.049,0.3436,0.4355,-0.7061,0.2363,-0.4053,-0.0576,0.473,0.6275,-0.9498,0.019,0.019,0.033,0.006,0.006,0.013,0.006,0.033,0.019,0.006,0.0,0.019,0.013,0.071,0.006,0.006,0.0,0.0,-0.0046,-0.5538,0.7869,-0.158,-0.2546,0.1841,0.2286,-0.7486,0.7869,0.1933,-0.0982,0.1503,0.1304,-0.7532,0.7593,0.2976,0.1457,-0.2669,0.0639,-0.2886,0.3028,-0.0834,0.2072,-0.0863,0.0401,-0.3076,0.3142,0.0649,0.1846,-0.1861,0.0024,-0.2225,0.3154,-0.0397,0.1099,-0.092,-0.0107,0.0421,-0.0178,-0.0109,-0.0093,-0.0036,-0.1633,-0.1274,-0.2549,0.3384,-0.6477,0.3905,-0.5247,0.0148,0.3354,0.4143,-0.6885,0.2278,-0.3838,-0.0913,0.4775,0.6248,-0.9479,0.0,0.0,0.0,0.0,0.0,0.0,0.0,0.0,0.0,
1.44,run,0.06,3.22,1.12,1.3,0.29,0.0,0.0,0.0,0.104,0.44,-33.05,48.25,-8.79,-11.25,9.76,13.62,-45.44,48.43,11.6,-3.16,6.86,7.91,-44.74,46.41,16.61,9.32,-15.47,0.7,-34.36,54.62,-9.16,-3.65,7.94,14.08,-51.97,56.03,12.27,0.01,3.5,8.57,-48.56,52.08,16.47,9.82,-16.14,0.0201,-0.1703,-0.1221,-0.2616,0.3882,-0.6713,0.4023,-0.5854,0.0793,0.3504,0.4546,-0.7236,0.245,-0.4284,-0.0278,0.4707,0.6331,-0.9546,0.006,0.013,0.013,0.006,0.006,0.019,0.0,0.058,0.019,0.006,0.006,0.013,0.006,0.104,0.013,0.006,0.0,0.006,-0.0092,-0.5706,0.813,-0.1503,-0.2301,0.1749,0.2301,-0.7731,0.8115,0.1948,-0.0798,0.1319,0.135,-0.7685,0.7839,0.2976,0.1503,-0.2715,0.0275,-0.2651,0.3094,-0.0297,0.2368,-0.0948,0.0338,-0.307,0.3117,0.0511,0.198,-0.199,0.0189,-0.2131,0.3125,-0.0278,0.0941,-0.0816,-0.0143,0.0454,-0.0071,-0.0079,0.0263,0.0084,-0.1653,-0.1255,-0.2575,0.3627,-0.6589,0.3958,-0.5553,0.049,0.3436,0.4355,-0.7061,0.2363,-0.4053,-0.0576,0.473,0.6275,-0.9498,0.0,0.0,0.0,0.0,0.0,0.0,0.0,0.0,0.0,
1.48,run,0.02,3.2,-0.85,-0.8,0.19,0.0,0.0,0.0,0.104,0.35,-33.57,49.75,-9.32,-9.84,8.96,13.71,-46.85,49.83,12.04,-2.11,5.71,8.35,-45.79,47.99,16.35,9.49,-15.82,0.96,-34.42,54.97,-9.25,-2.53,7.5,14.1,-53.47,57.53,12.7,0.78,2.6,8.86,-49.84,53.58,16.28,9.92,-16.48,0.0273,-0.1713,-0.118,-0.2642,0.4086,-0.6765,0.403,-0.6091,0.1027,0.3629,0.4687,-0.7342,0.2533,-0.4517,-0.0024,0.465,0.6349,-0.9586,0.006,0.013,0.013,0.006,0.006,0.019,0.0,0.058,0.019,0.006,0.006,0.013,0.006,0.104,0.013,0.006,0.0,0.006,0.0077,-0.5844,0.8391,-0.1565,-0.2056,0.1687,0.2347,-0.7961,0.836,0.204,-0.0629,0.1166,0.1365,-0.7854,0.8069,0.2899,0.1534,-0.273,0.0825,-0.2373,0.3144,-0.0438,0.2578,-0.0894,0.0409,-0.3012,0.3102,0.0703,0.2019,-0.1969,0.019,-0.2124,0.305,-0.0482,0.0774,-0.0629,-0.0087,0.0507,0.0195,0.0227,0.005,0.0201,-0.1703,-0.1221,-0.2616,0.3882,-0.6713,0.4023,-0.5854,0.0793,0.3504,0.4546,-0.7236,0.245,-0.4284,-0.0278,0.4707,0.6331,-0.9546,0.0,0.0,0.0,0.0,0.0,0.0,0.0,0.0,0.0,
1.52,run,-0.01,3.25,-0.04,0.07,1.17,0.0,0.0,0.0,0.104,0.62,-33.93,51.15,-9.23,-8.44,8.17,13.89,-48.25,51.15,12.22,-1.14,4.57,8.53,-46.85,49.31,16.35,9.76,-16.08,1.37,-34.17,54.97,-9.09,-1.43,6.5,14.34,-54.97,59.03,12.83,1.72,1.24,9.24,-51.07,55.08,16.2,10.03,-16.32,0.0391,-0.1667,-0.118,-0.2597,0.4285,-0.6883,0.4097,-0.6306,0.1321,0.3665,0.4857,-0.7501,0.264,-0.474,0.0327,0.463,0.6369,-0.9568,0.006,0.013,0.013,0.006,0.006,0.019,0.0,0.058,0.019,0.006,0.006,0.013,0.006,0.104,0.013,0.006,0.0,0.006,0.0061,-0.5937,0.8652,-0.1657,-0.181,0.1549,0.2362,-0.8207,0.8606,0.2117,-0.0445,0.0966,0.1442,-0.8038,0.8345,0.2853,0.1565,-0.2792,0.052,-0.2009,0.3187,-0.0655,0.2733,-0.1148,0.0344,-0.3037,0.31,0.0782,0.211,-0.2132,0.0423,-0.2183,0.318,-0.0512,0.0658,-0.0672,-0.0119,0.0497,-0.0148,-0.0139,0.0034,0.0273,-0.1713,-0.118,-0.2642,0.4086,-0.6765,0.403,-0.6091,0.1027,0.3629,0.4687,-0.7342,0.2533,-0.4517,-0.0024,0.465,0.6349,-0.9586,0.0,0.0,0.0,0.0,0.0,0.0,0.0,0.0,0.0,
1.56,run,0.04,3.25,0.53,0.54,-1.3,0.0,0.0,0.0,0.104,1.49,-34.01,52.38,-8.96,-6.94,7.47,13.97,-49.66,52.65,12.66,-0.09,3.43,8.88,-47.99,50.71,16.26,9.93,-16.35,1.76,-34.0,54.72,-9.02,-0.21,5.47,14.5,-56.47,60.53,12.97,2.67,-0.15,9.62,-52.28,56.58,16.19,10.21,-16.49,0.0503,-0.1636,-0.1209,-0.2576,0.4507,-0.7004,0.4144,-0.6532,0.1591,0.3705,0.5031,-0.7665,0.2748,-0.496,0.0635,0.4627,0.6402,-0.9587,0.006,0.006,0.0,0.0,0.006,0.013,0.006,0.045,0.019,0.0,0.0,0.013,0.006,0.104,0.006,0.006,0.0,0.006,0.0107,-0.5998,0.8897,-0.1641,-0.1565,0.1411,0.2393,-0.8452,0.8836,0.2148,-0.0276,0.0767,0.1473,-0.8222,0.8575,0.2853,0.1611,-0.2838,0.0536,-0.1636,0.315,-0.0401,0.2832,-0.1321,0.0356,-0.3045,0.3032,0.0663,0.2109,-0.224,0.0411,-0.2218,0.3088,-0.0358,0.0633,-0.0643,-0.014,0.0538,-0.0007,0.0013,0.0204,0.0391,-0.1667,-0.118,-0.2597,0.4285,-0.6883,0.4097,-0.6306,0.1321,0.3665,0.4857,-0.7501,0.264,-0.474,0.0327,0.463,0.6369,-0.9568,0.0,0.0,0.0,0.0,0.0,0.0,0.0,0.0,0.0,
1.6,run,-0.0,3.23,-0.51,-0.68,0.37,0.0,0.0,0.0,0.104,1.32,-34.01,53.35,-8.96,-5.54,6.59,14.24,-51.15,54.05,12.83,0.88,2.2,9.23,-49.13,52.21,16.26,9.93,-16.35,2.13,-33.52,54.19,-8.75,0.83,4.33,14.56,-57.97,62.03,13.03,3.5,-1.58,10.04,-53.58,58.08,16.19,10.18,-16.47,0.0608,-0.1549,-0.1272,-0.25,0.4696,-0.7138,0.4161,-0.6727,0.1865,0.3724,0.5183,-0.7833,0.287,-0.5196,0.0941,0.4626,0.6397,-0.9585,0.006,0.006,0.0,0.0,0.006,0.013,0.006,0.045,0.019,0.0,0.0,0.013,0.006,0.104,0.006,0.006,0.0,0.006,0.0261,-0.6013,0.9112,-0.1595,-0.1304,0.1289,0.2408,-0.8698,0.9097,0.2224,-0.0092,0.0568,0.1534,-0.8422,0.882,0.2838,0.1641,-0.2884,0.095,-0.1203,0.301,-0.0108,0.296,-0.1384,0.0307,-0.3052,0.31,0.0751,0.2166,-0.2315,0.0518,-0.23,0.3081,-0.0308,0.0558,-0.0623,-0.0103,0.054,0.0092,0.0094,-0.0226,0.0503,-0.1636,-0.1209,-0.2576,0.4507,-0.7004,0.4144,-0.6532,0.1591,0.3705,0.5031,-0.7665,0.2748,-0.496,0.0635,0.4627,0.6402,-0.9587,0.0,0.0,0.0,0.0,0.0,0.0,0.0,0.0,0.0,
1.64,run,0.01,3.23,0.72,0.5,0.26,0.0,0.0,0.0,0.104,1.85,-34.01,54.14,-8.96,-4.22,5.8,14.33,-52.56,55.46,12.83,1.76,1.05,9.49,-50.27,53.61,16.26,10.11,-16.35,2.52,-33.04,53.71,-8.42,1.84,3.21,14.81,-59.47,63.53,12.91,4.38,-2.86,10.43,-54.5,59.58,16.24,10.31,-16.16,0.0719,-0.1462,-0.1329,-0.2405,0.488,-0.727,0.4233,-0.6863,0.2094,0.3689,0.5342,-0.7984,0.2981,-0.5363,0.1246,0.4639,0.6419,-0.9548,0.006,0.006,0.0,0.0,0.006,0.013,0.006,0.045,0.019,0.0,0.0,0.013,0.006,0.104,0.006,0.006,0.0,0.006,0.023,-0.6013,0.9281,-0.1595,-0.1058,0.1135,0.2454,-0.8958,0.9342,0.2255,0.0077,0.0353,0.1595,-0.8621,0.9081,0.2838,0.1641,-0.2884,0.055,-0.0842,0.274,-0.0076,0.2993,-0.1545,0.0387,-0.3115,0.3091,0.0641,0.215,-0.2427,0.0593,-0.2359,0.3136,-0.0216,0.0391,-0.0436,-0.0136,0.0517,-0.0089,-0.0119,0.0064,0.0608,-0.1549,-0.1272,-0.25,0.4696,-0.7138,0.4161,-0.6727,0.1865,0.3724,0.5183,-0.7833,0.287,-0.5196,0.0941,0.4626,0.6397,-0.9585,0.0,0.0,0.0,0.0,0.0,0.0,0.0,0.0,0.0,
1.68,run,0.02,3.19,-0.14,-0.05,-1.07,0.0,0.0,0.0,0.104,2.46,-33.66,54.49,-8.96,-2.72,4.83,14.41,-53.96,56.87,12.74,2.72,-0.26,10.02,-51.59,55.02,16.26,10.11,-16.35,2.82,-32.49,53.13,-8.11,2.8,2.32,14.93,-60.97,65.03,12.85,5.15,-3.97,10.8,-55.44,61.08,16.3,10.41,-15.99,0.0805,-0.1361,-0.1396,-0.2316,0.5054,-0.7374,0.4266,-0.6993,0.23,0.3672,0.5482,-0.8115,0.3086,-0.5534,0.1514,0.4657,0.6437,-0.9528,0.0,0.006,0.0,0.006,0.006,0.013,0.006,0.033,0.019,0.0,0.006,0.006,0.013,0.091,0.0,0.0,0.006,0.006,0.0322,-0.6013,0.9419,-0.1595,-0.0828,0.0997,0.247,-0.9204,0.9587,0.2255,0.023,0.0153,0.1641,-0.882,0.9327,0.2838,0.1672,-0.2884,0.0729,-0.0589,0.2434,-0.0053,0.2955,-0.1597,0.0328,-0.3097,0.3081,0.0449,0.2078,-0.2444,0.0587,-0.2396,0.3112,-0.0151,0.0388,-0.0305,-0.013,0.0522,0.0125,0.0087,0.0046,0.0719,-0.1462,-0.1329,-0.2405,0.488,-0.727,0.4233,-0.6863,0.2094,0.3689,0.5342,-0.7984,0.2981,-0.5363,0.1246,0.4639,0.6419,-0.9548,0.0,0.0,0.0,0.0,0.0,0.0,0.0,0.0,0.0,
1.72,run,-0.01,3.18,-0.56,-0.21,1.25,0.0,0.0,0.0,0.104,2.2,-33.13,54.58,-8.7,-1.32,3.78,14.68,-55.46,58.27,12.74,3.6,-1.58,10.46,-52.73,56.51,16.26,10.2,-16.35,3.16,-31.69,52.31,-7.63,3.66,1.19,15.06,-62.47,66.53,12.65,5.94,-5.21,11.22,-56.32,62.58,16.41,10.39,-15.53,0.0902,-0.1217,-0.1493,-0.2181,0.521,-0.7507,0.4302,-0.71,0.2523,0.3616,0.5626,-0.8261,0.3205,-0.5694,0.1813,0.4689,0.6435,-0.9474,0.0,0.006,0.0,0.006,0.006,0.013,0.006,0.033,0.019,0.0,0.006,0.006,0.013,0.091,0.0,0.0,0.006,0.006,0.043,-0.5952,0.948,-0.1595,-0.0568,0.0828,0.2485,-0.9449,0.9833,0.224,0.0399,-0.0077,0.1733,-0.905,0.9572,0.2838,0.1672,-0.2884,0.0916,-0.0181,0.1936,-0.0037,0.3054,-0.1756,0.0288,-0.3096,0.3084,0.0256,0.2092,-0.258,0.0759,-0.2547,0.3106,-0.0106,0.0272,-0.0214,-0.0121,0.0489,-0.0025,-0.0009,-0.0187,0.0805,-0.1361,-0.1396,-0.2316,0.5054,-0.7374,0.4266,-0.6993,0.23,0.3672,0.5482,-0.8115,0.3086,-0.5534,0.1514,0.4657,0.6437,-0.9528,0.0,0.0,0.0,0.0,0.0,0.0,0.0,0.0,0.0,
1.76,run,-0.01,3.2,0.26,0.29,-0.44,0.0,0.0,0.0,0.104,3.25,-32.7,54.49,-8.44,0.09,2.9,14.77,-56.87,59.68,12.74,4.48,-2.72,10.72,-53.79,57.92,16.26,10.28,-16.08,3.49,-30.94,51.44,-7.11,4.7,-0.09,15.29,-63.97,68.03,12.3,6.77,-6.42,11.59,-57.09,64.08,16.54,10.51,-15.08,0.0997,-0.108,-0.1595,-0.2032,0.5401,-0.7658,0.4368,-0.7181,0.2709,0.3514,0.5777,-0.8402,0.3313,-0.5835,0.2077,0.4727,0.6457,-0.9421,0.0,0.006,0.0,0.006,0.006,0.013,0.006,0.033,0.019,0.0,0.006,0.006,0.013,0.091,0.0,0.0,0.006,0.006,0.0383,-0.586,0.9495,-0.1549,-0.0322,0.0644,0.2531,-0.971,1.0078,0.224,0.0552,-0.0307,0.181,-0.925,0.9833,0.2838,0.1687,-0.2884,0.0469,0.0217,0.1412,0.0146,0.3055,-0.1917,0.0373,-0.3141,0.3076,0.0179,0.2038,-0.2666,0.0818,-0.2528,0.3148,-0.0074,0.0247,-0.0149,-0.0145,0.0475,-0.0098,-0.0037,0.0219,0.0902,-0.1217,-0.1493,-0.2181,0.521,-0.7507,0.4302,-0.71,0.2523,0.3616,0.5626,-0.8261,0.3205,-0.5694,0.1813,0.4689,0.6435,-0.9474,0.0,0.0,0.0,0.0,0.0,0.0,0.0,0.0,0.0,
1.8,run,-0.02,3.19,-0.44,-0.39,0.74,0.0,0.0,0.0,0.104,3.34,-32.08,53.61,-7.82,1.49,1.76,14.85,-58.36,61.08,12.57,5.36,-4.04,11.16,-54.84,59.33,16.44,10.28,-15.64,3.73,-30.04,50.38,-6.57,5.51,-1.11,15.32,-64.83,69.53,12.03,7.41,-7.43,11.98,-57.78,65.58,16.67,10.42,-14.62,0.1066,-0.0917,-0.172,-0.1877,0.5548,-0.7778,0.4376,-0.7243,0.2889,0.3437,0.5892,-0.8521,0.3422,-0.5961,0.2321,0.4762,0.6439,-0.9367,0.019,0.006,0.006,0.0,0.0,0.006,0.0,0.026,0.019,0.006,0.0,0.006,0.0,0.071,0.006,0.0,0.0,0.006,0.0568,-0.5783,0.948,-0.1503,-0.0077,0.0491,0.2546,-0.9956,1.0324,0.224,0.0706,-0.0506,0.1856,-0.9434,1.0078,0.2838,0.1703,-0.2838,0.1016,0.0438,0.0931,0.0274,0.3054,-0.1914,0.0319,-0.3115,0.3069,0.0126,0.1999,-0.261,0.0744,-0.2456,0.312,-0.0052,0.023,0.0067,-0.0144,0.0493,0.0045,0.005,-0.0077,0.0997,-0.108,-0.1595,-0.2032,0.5401,-0.7658,0.4368,-0.7181,0.2709,0.3514,0.5777,-0.8402,0.3313,-0.5835,0.2077,0.4727,0.6457,-0.9421,0.0,0.0,0.0,0.0,0.0,0.0,0.0,0.0,0.0,
1.84,run,0.02,3.22,0.55,0.64,0.38,0.0,0.0,0.0,0.104,3.87,-31.03,52.03,-6.77,3.34,0.09,15.12,-60.64,63.37,12.04,6.5,-5.89,11.69,-56.16,61.52,16.61,10.28,-14.94,4.01,-29.04,49.2,-5.92,6.46,-2.39,15.47,-65.06,71.03,11.51,8.2,-8.55,12.33,-58.28,67.08,16.86,10.47,-13.98,0.1147,-0.0734,-0.1859,-0.1692,0.572,-0.7928,0.442,-0.7283,0.3058,0.3289,0.6036,-0.8653,0.3523,-0.6052,0.2564,0.4816,0.6449,-0.9291,0.019,0.006,0.006,0.0,0.0,0.006,0.0,0.026,0.019,0.006,0.0,0.006,0.0,0.071,0.006,0.0,0.0,0.006,0.0583,-0.5676,0.9327,-0.1396,0.0169,0.0291,0.2562,-1.0216,1.0569,0.2209,0.0859,-0.0736,0.1933,-0.9618,1.0324,0.2869,0.1703,-0.2761,0.0769,0.0711,0.0075,0.0595,0.3061,-0.209,0.0281,-0.3161,0.3071,-0.0027,0.1976,-0.2692,0.0809,-0.2412,0.3107,0.0079,0.0161,0.0335,-0.0152,0.0482,-0.0077,-0.0067,0.0128,0.1066,-0.0917,-0.172,-0.1877,0.5548,-0.7778,0.4376,-0.7243,0.2889,0.3437,0.5892,-0.8521,0.3422,-0.5961,0.2321,0.4762,0.6439,-0.9367,0.0,0.0,0.0,0.0,0.0,0.0,0.0,0.0,0.0,
1.88,run,0.04,3.23,0.37,0.14,0.05,0.0,0.0,0.0,0.104,3.87,-30.41,51.24,-6.68,4.39,-0.7,15.12,-62.05,64.78,12.04,7.03,-6.77,11.78,-56.87,62.93,16.61,10.28,-14.68,4.32,-27.54,47.7,-4.94,7.77,-3.89,15.58,-65.33,72.53,10.78,9.23,-10.05,12.87,-59.07,68.58,17.16,10.52,-13.23,0.1234,-0.0443,-0.2085,-0.1411,0.5958,-0.816,0.4452,-0.7332,0.3276,0.3079,0.6224,-0.8833,0.3678,-0.6195,0.2882,0.4903,0.6458,-0.9203,0.019,0.006,0.013,0.006,0.006,0.019,0.013,0.019,0.026,0.013,0.006,0.013,0.026,0.071,0.013,0.0,0.0,0.006,0.0675,-0.5492,0.905,-0.1212,0.0491,0.0,0.2608,-1.0615,1.0968,0.2117,0.1058,-0.1058,0.2025,-0.9848,1.0707,0.2899,0.1703,-0.2638,0.076,0.0941,-0.0612,0.086,0.2918,-0.2165,0.0307,-0.3173,0.311,-0.0241,0.1863,-0.266,0.0788,-0.2242,0.3098,0.0129,0.0113,0.053,-0.0115,0.0509,0.0096,0.0111,0.0066,0.1147,-0.0734,-0.1859,-0.1692,0.572,-0.7928,0.442,-0.7283,0.3058,0.3289,0.6036,-0.8653,0.3523,-0.6052,0.2564,0.4816,0.6449,-0.9291,0.0,0.0,0.0,0.0,0.0,0.0,0.0,0.0,0.0,
1.92,run,-0.02,3.22,-0.86,-0.5,1.54,0.0,0.0,0.0,0.104,3.87,-29.79,50.36,-6.68,5.36,-1.58,15.21,-63.28,66.09,11.51,7.73,-7.82,12.22,-57.66,64.42,17.05,10.28,-14.33,4.52,-26.68,46.42,-4.4,8.28,-5.26,15.73,-65.39,74.03,10.32,9.69,-10.63,13.24,-59.43,70.08,17.26,10.59,-12.7,0.1291,-0.0306,-0.2186,-0.1256,0.605,-0.8266,0.4495,-0.7343,0.3394,0.295,0.6307,-0.8897,0.3782,-0.626,0.3038,0.4933,0.6471,-0.9141,0.019,0.006,0.013,0.006,0.006,0.019,0.013,0.019,0.026,0.013,0.006,0.013,0.026,0.071,0.013,0.0,0.0,0.006,0.0675,-0.5384,0.8912,-0.1197,0.0675,-0.0138,0.2608,-1.0861,1.1213,0.2117,0.115,-0.1212,0.204,-0.9971,1.0953,0.2899,0.1703,-0.2592,0.0532,0.1055,-0.0938,0.0659,0.2722,-0.2025,0.0215,-0.3127,0.3083,-0.0169,0.1644,-0.2428,0.0608,-0.2023,0.3075,0.009,0.0079,0.0541,-0.0105,0.0518,0.0064,0.0025,0.0008,0.1234,-0.0443,-0.2085,-0.1411,0.5958,-0.816,0.4452,-0.7332,0.3276,0.3079,0.6224,-0.8833,0.3678,-0.6195,0.2882,0.4903,0.6458,-0.9203,0.0,0.0,0.0,0.0,0.0,0.0,0.0,0.0,0.0,
1.96,run,-0.02,3.24,0.01,0.01,-0.05,0.0,0.0,0.0,0.104,4.75,-28.83,49.22,-6.06,6.42,-2.81,15.47,-64.16,67.59,10.81,8.53,-8.96,12.74,-58.27,65.83,17.14,10.28,-13.71,4.71,-25.66,45.29,-3.82,8.88,-6.16,15.84,-65.33,75.53,9.8,10.34,-11.35,13.51,-59.54,71.58,17.44,10.59,-12.01,0.1345,-0.012,-0.2319,-0.109,0.616,-0.8371,0.4527,-0.7332,0.3508,0.28,0.6425,-0.8982,0.386,-0.628,0.3226,0.4983,0.6471,-0.906,0.019,0.006,0.013,0.006,0.006,0.019,0.013,0.019,0.026,0.013,0.006,0.013,0.026,0.071,0.013,0.0,0.0,0.006,0.0675,-0.5277,0.8759,-0.1197,0.0844,-0.0291,0.2623,-1.1075,1.1443,0.2025,0.1273,-0.1396,0.2117,-1.0109,1.1213,0.2976,0.1703,-0.2531,0.0372,0.1142,-0.1233,0.0461,0.254,-0.1994,0.0208,-0.2996,0.3023,-0.0464,0.1612,-0.2392,0.0714,-0.1935,0.3132,0.0352,0.0055,0.0609,-0.0155,0.0512,-0.015,-0.0087,0.0268,0.1291,-0.0306,-0.2186,-0.1256,0.605,-0.8266,0.4495,-0.7343,0.3394,0.295,0.6307,-0.8897,0.3782,-0.626,0.3038,0.4933,0.6471,-0.9141,0.0,0.0,0.0,0.0,0.0,0.0,0.0,0.0,0.0,
2.0,run,-0.04,3.22,-0.75,-0.51,0.75,0.0,0.0,0.0,0.104,4.22,-27.77,48.08,-4.57,7.29,-4.04,15.47,-64.86,68.99,10.28,9.23,-9.93,13.18,-58.89,67.32,17.31,10.28,-13.01,4.87,-24.44,43.79,-3.07,9.59,-7.3,15.77,-65.33,77.03,9.19,10.91,-12.22,13.81,-59.85,73.08,17.69,10.58,-11.4,0.1391,0.0101,-0.2502,-0.0878,0.6288,-0.8506,0.4507,-0.7334,0.3627,0.2625,0.6528,-0.9085,0.3947,-0.6337,0.3396,0.5054,0.647,-0.8988,0.013,0.006,0.013,0.006,0.006,0.019,0.006,0.013,0.026,0.006,0.0,0.013,0.006,0.026,0.006,0.006,0.0,0.006,0.0828,-0.5108,0.856,-0.1089,0.1028,-0.0506,0.2669,-1.1229,1.1704,0.1902,0.1411,-0.1595,0.2209,-1.0216,1.1459,0.2991,0.1703,-0.2424,0.0833,0.1429,-0.1607,0.0723,0.2464,-0.2197,0.0317,-0.2669,0.3089,-0.0782,0.1643,-0.2418,0.0843,-0.1755,0.3108,0.0303,0.0039,0.0827,-0.0152,0.053,0.0001,0.0002,-0.0009,0.1345,-0.012,-0.2319,-0.109,0.616,-0.8371,0.4527,-0.7332,0.3508,0.28,0.6425,-0.8982,0.386,-0.628,0.3226,0.4983,0.6471,-0.906,0.0,0.0,0.0,0.0,0.0,0.0,0.0,0.0,0.0,
2.04,run,-0.01,3.23,0.92,0.8,-1.37,0.0,0.0,0.0,0.104,5.01,-26.81,46.85,-4.13,8.17,-5.19,15.47,-65.13,70.4,9.67,10.02,-10.9,13.54,-59.24,68.73,17.49,10.46,-12.39,5.06,-23.32,42.31,-2.34,10.33,-8.5,15.78,-65.3,78.53,8.4,11.45,-13.03,14.07,-60.12,74.58,17.89,10.69,-10.79,0.1447,0.0305,-0.2669,-0.0669,0.6423,-0.8647,0.4509,-0.7328,0.3743,0.24,0.6627,-0.918,0.4021,-0.6385,0.3521,0.5112,0.6489,-0.8916,0.013,0.006,0.013,0.006,0.006,0.019,0.006,0.013,0.026,0.006,0.0,0.013,0.006,0.026,0.006,0.006,0.0,0.006,0.0736,-0.4924,0.836,-0.0828,0.1181,-0.0721,0.2669,-1.1351,1.195,0.181,0.1534,-0.1764,0.2286,-1.0324,1.172,0.3022,0.1703,-0.2301,0.0238,0.169,-0.1873,0.1484,0.23,-0.2343,0.0222,-0.2329,0.3082,-0.0893,0.161,-0.2325,0.0878,-0.1631,0.3153,0.0327,0.0027,0.1039,-0.0172,0.0513,-0.013,-0.009,0.0131,0.1391,0.0101,-0.2502,-0.0878,0.6288,-0.8506,0.4507,-0.7334,0.3627,0.2625,0.6528,-0.9085,0.3947,-0.6337,0.3396,0.5054,0.647,-0.8988,0.0,0.0,0.0,0.0,0.0,0.0,0.0,0.0,0.0,
2.08,run,-0.01,3.2,-0.13,-0.13,1.11,0.0,0.0,0.0,0.104,5.01,-25.66,45.62,-4.22,8.96,-6.33,15.47,-65.13,71.81,9.23,10.55,-11.78,13.8,-59.41,70.14,17.75,10.46,-11.78,5.17,-22.07,40.81,-1.57,10.87,-9.35,15.65,-65.17,80.03,7.77,11.86,-13.56,14.35,-60.38,76.08,18.08,10.71,-10.17,0.1478,0.0533,-0.2854,-0.0448,0.6521,-0.8747,0.4472,-0.7304,0.3817,0.222,0.6702,-0.9242,0.4099,-0.6433,0.364,0.5165,0.6492,-0.8844,0.013,0.006,0.013,0.006,0.006,0.019,0.006,0.013,0.026,0.006,0.0,0.013,0.006,0.026,0.006,0.006,0.0,0.006,0.0874,-0.4755,0.8145,-0.0752,0.1335,-0.092,0.2669,-1.1397,1.2195,0.1703,0.1672,-0.1933,0.2347,-1.0385,1.1965,0.3053,0.1733,-0.2194,0.0687,0.182,-0.2121,0.1328,0.2189,-0.2392,0.0156,-0.1804,0.3083,-0.103,0.1648,-0.2264,0.0846,-0.1373,0.3133,0.0345,0.0135,0.1132,-0.0148,0.0517,0.016,0.0139,-0.0239,0.1447,0.0305,-0.2669,-0.0669,0.6423,-0.8647,0.4509,-0.7328,0.3743,0.24,0.6627,-0.918,0.4021,-0.6385,0.3521,0.5112,0.6489,-0.8916,0.0,0.0,0.0,0.0,0.0,0.0,0.0,0.0,0.0,
2.12,run,-0.08,3.15,-1.78,-1.39,0.9,0.0,0.0,0.0,0.104,4.83,-24.61,44.38,-2.64,9.84,-7.47,15.47,-65.04,73.21,8.44,11.25,-12.66,14.06,-59.77,71.54,18.02,10.55,-11.16,5.33,-20.82,39.31,-0.78,11.28,-9.94,15.66,-64.69,81.53,7.05,12.27,-13.86,14.55,-60.24,77.58,18.13,10.72,-9.24,0.1522,0.0759,-0.3043,-0.0224,0.6596,-0.8817,0.4475,-0.7216,0.386,0.2013,0.6776,-0.9278,0.4156,-0.6408,0.3746,0.5181,0.6495,-0.8735,0.0,0.006,0.006,0.0,0.006,0.013,0.0,0.0,0.019,0.013,0.006,0.0,0.006,0.006,0.006,0.0,0.0,0.006,0.0874,-0.4556,0.7931,-0.0767,0.1473,-0.112,0.2669,-1.1397,1.2441,0.1626,0.1764,-0.2086,0.2393,-1.0416,1.221,0.3099,0.1733,-0.2086,0.0481,0.2018,-0.2286,0.0872,0.2047,-0.2418,0.0109,-0.1263,0.3074,-0.1007,0.1497,-0.2157,0.0764,-0.1076,0.3109,0.0413,0.0094,0.1193,-0.0143,0.0496,-0.0023,-0.0023,0.0194,0.1478,0.0533,-0.2854,-0.0448,0.6521,-0.8747,0.4472,-0.7304,0.3817,0.222,0.6702,-0.9242,0.4099,-0.6433,0.364,0.5165,0.6492,-0.8844,0.0,0.0,0.0,0.0,0.0,0.0,0.0,0.0,0.0,
2.16,run,-0.02,3.16,1.13,0.81,-0.6,0.0,0.0,0.0,0.104,5.71,-23.29,42.71,-1.76,10.55,-8.7,15.47,-64.86,74.88,7.65,11.78,-13.45,14.33,-59.85,73.21,18.02,10.63,-10.37,5.48,-19.54,37.81,-0.02,11.86,-10.85,15.55,-64.38,83.03,6.28,12.73,-14.43,14.73,-60.25,79.08,18.31,10.69,-8.38,0.1565,0.0993,-0.3238,-0.0007,0.6702,-0.8923,0.4443,-0.7159,0.3958,0.1794,0.686,-0.9345,0.4208,-0.6408,0.3848,0.5231,0.6488,-0.8633,0.0,0.006,0.006,0.0,0.006,0.013,0.0,0.0,0.019,0.013,0.006,0.0,0.006,0.006,0.006,0.0,0.0,0.006,0.0844,-0.4372,0.7716,-0.0491,0.1626,-0.1319,0.2669,-1.1382,1.2686,0.1488,0.1887,-0.224,0.2439,-1.0477,1.2456,0.3145,0.1749,-0.1979,0.0222,0.2102,-0.2405,0.1646,0.2008,-0.244,0.0076,-0.0826,0.3072,-0.1222,0.1508,-0.2085,0.0707,-0.0983,0.3096,0.0462,0.0123,0.1238,-0.0202,0.0453,-0.031,-0.0242,0.0158,0.1522,0.0759,-0.3043,-0.0224,0.6596,-0.8817,0.4475,-0.7216,0.386,0.2013,0.6776,-0.9278,0.4156,-0.6408,0.3746,0.5181,0.6495,-0.8735,0.0,0.0,0.0,0.0,0.0,0.0,0.0,0.0,0.0,
2.2,run,-0.03,3.16,-0.29,-0.07,1.87,0.0,0.0,0.0,0.104,5.01,-22.24,41.48,-2.02,10.99,-9.4,15.47,-64.6,76.29,7.12,12.22,-13.89,14.41,-59.94,74.71,18.02,10.63,-9.76,5.56,-18.04,36.31,0.91,12.42,-11.84,15.34,-63.89,84.53,5.51,13.09,-14.9,14.96,-60.29,80.58,18.44,10.74,-7.59,0.1589,0.1273,-0.3488,0.0259,0.6803,-0.904,0.4384,-0.707,0.3994,0.1575,0.6925,-0.94,0.4274,-0.6417,0.3927,0.5267,0.6499,-0.854,0.0,0.006,0.006,0.0,0.006,0.013,0.0,0.0,0.019,0.013,0.006,0.0,0.006,0.006,0.006,0.0,0.0,0.006,0.0997,-0.4142,0.7424,-0.0337,0.1749,-0.1534,0.2669,-1.1351,1.2977,0.135,0.1979,-0.2378,0.2485,-1.0492,1.2747,0.3145,0.1764,-0.1841,0.0641,0.2201,-0.2607,0.1638,0.1794,-0.2389,0.0053,-0.0481,0.3073,-0.1293,0.1347,-0.1897,0.0641,-0.0737,0.3091,0.0323,0.0135,0.1304,-0.0149,0.0459,0.0197,0.0141,-0.0105,0.1565,0.0993,-0.3238,-0.0007,0.6702,-0.8923,0.4443,-0.7159,0.3958,0.1794,0.686,-0.9345,0.4208,-0.6408,0.3848,0.5231,0.6488,-0.8633,0.0,0.0,0.0,0.0,0.0,0.0,0.0,0.0,0.0,
2.24,run,-0.04,3.19,0.77,0.6,-0.85,0.0,0.0,0.0,0.104,5.54,-21.09,40.17,-0.44,11.51,-10.37,15.47,-64.34,77.78,6.42,12.57,-14.5,14.59,-59.94,76.11,18.37,10.63,-8.96,5.7,-16.88,34.81,1.59,12.6,-12.13,15.38,-63.18,86.03,4.84,13.34,-14.99,15.1,-60.0,82.08,18.41,10.75,-6.63,0.1629,0.1477,-0.3663,0.0455,0.6836,-0.9074,0.4393,-0.6942,0.4014,0.1382,0.6972,-0.9411,0.4314,-0.6364,0.3988,0.5261,0.65,-0.8427,0.0,0.006,0.013,0.0,0.0,0.0,0.0,0.006,0.026,0.006,0.0,0.0,0.006,0.0,0.006,0.006,0.0,0.006,0.0874,-0.3958,0.721,-0.0383,0.1825,-0.1657,0.2669,-1.1305,1.3223,0.1258,0.2056,-0.2454,0.25,-1.0508,1.3008,0.3145,0.1764,-0.1733,-0.0014,0.2234,-0.2634,0.0973,0.1545,-0.2134,0.0037,-0.0163,0.3076,-0.1252,0.1232,-0.1617,0.0506,-0.0573,0.3146,0.0226,0.0095,0.1317,-0.0162,0.0456,-0.0051,-0.0013,0.0326,0.1589,0.1273,-0.3488,0.0259,0.6803,-0.904,0.4384,-0.707,0.3994,0.1575,0.6925,-0.94,0.4274,-0.6417,0.3927,0.5267,0.6499,-0.854,0.0,0.0,0.0,0.0,0.0,0.0,0.0,0.0,0.0,
2.28,run,-0.03,3.17,-0.42,-0.41,0.13,0.0,0.0,0.0,0.104,5.8,-19.86,38.76,0.53,12.13,-11.34,15.47,-63.63,79.1,5.62,13.01,-14.94,15.03,-59.94,77.61,18.46,10.63,-8.17,5.77,-15.48,33.31,2.35,13.13,-13.14,15.1,-62.8,87.53,4.18,13.68,-15.47,15.25,-60.02,83.58,18.57,10.71,-5.96,0.165,0.1731,-0.3879,0.067,0.6932,-0.9193,0.4315,-0.6872,0.4069,0.1195,0.7032,-0.9468,0.4358,-0.6367,0.4042,0.5304,0.6494,-0.8348,0.0,0.006,0.013,0.0,0.0,0.0,0.0,0.006,0.026,0.006,0.0,0.0,0.006,0.0,0.006,0.006,0.0,0.006,0.0966,-0.3758,0.698,-0.0107,0.1917,-0.1825,0.2669,-1.1259,1.3484,0.1135,0.2117,-0.2562,0.2531,-1.0508,1.3254,0.3206,0.1764,-0.1595,0.0332,0.2305,-0.2699,0.1707,0.1423,-0.2121,0.0026,0.0057,0.3122,-0.1332,0.109,-0.1531,0.0468,-0.0401,0.3114,0.0386,0.0066,0.1435,-0.0169,0.0483,0.0135,0.0105,-0.0149,0.1629,0.1477,-0.3663,0.0455,0.6836,-0.9074,0.4393,-0.6942,0.4014,0.1382,0.6972,-0.9411,0.4314,-0.6364,0.3988,0.5261,0.65,-0.8427,0.0,0.0,0.0,0.0,0.0,0.0,0.0,0.0,0.0,
2.32,run,-0.06,3.17,-0.76,-0.25,1.7,0.0,0.0,0.0,0.104,5.36,-18.63,37.35,0.44,12.48,-11.95,15.47,-63.19,80.6,4.92,13.27,-15.21,15.03,-59.77,79.01,18.54,10.63,-7.38,5.92,-14.0,31.81,3.19,13.49,-13.6,14.88,-61.96,89.03,3.44,13.99,-15.84,15.34,-59.69,85.08,18.6,10.62,-4.76,0.1691,0.2,-0.4122,0.0912,0.6997,-0.9247,0.425,-0.672,0.4099,0.0984,0.7089,-0.951,0.4382,-0.6308,0.4099,0.5314,0.6477,-0.8207,0.0,0.006,0.013,0.0,0.0,0.0,0.0,0.006,0.026,0.006,0.0,0.0,0.006,0.0,0.006,0.006,0.0,0.006,0.1012,-0.3543,0.6734,0.0061,0.2025,-0.1994,0.2669,-1.1137,1.3714,0.0997,0.2194,-0.2638,0.2608,-1.0508,1.3514,0.3221,0.1764,-0.1457,0.0406,0.2422,-0.2814,0.1831,0.1401,-0.2121,0.0018,0.0502,0.3053,-0.1453,0.1052,-0.136,0.0617,-0.0281,0.3162,0.0328,0.0046,0.1525,-0.0164,0.0467,-0.0073,-0.0071,0.0023,0.165,0.1731,-0.3879,0.067,0.6932,-0.9193,0.4315,-0.6872,0.4069,0.1195,0.7032,-0.9468,0.4358,-0.6367,0.4042,0.5304,0.6494,-0.8348,0.0,0.0,0.0,0.0,0.0,0.0,0.0,0.0,0.0,
2.36,run,-0.05,3.16,0.05,-0.12,-1.94,0.0,0.0,0.0,0.104,5.89,-17.31,35.95,1.49,12.92,-12.83,15.38,-62.75,82.0,4.22,13.71,-15.64,15.03,-59.59,80.33,18.54,10.63,-6.59,6.05,-12.72,30.31,3.89,13.7,-13.77,14.79,-61.06,90.53,2.83,14.22,-15.89,15.43,-59.32,86.58,18.54,10.55,-3.75,0.1727,0.2233,-0.4326,0.111,0.7036,-0.9267,0.4225,-0.6556,0.4104,0.0807,0.7132,-0.9517,0.4407,-0.6239,0.4142,0.5298,0.6464,-0.8088,0.006,0.013,0.006,0.006,0.0,0.006,0.006,0.006,0.019,0.006,0.0,0.0,0.019,0.0,0.006,0.0,0.0,0.006,0.0936,-0.3329,0.6489,0.0046,0.2086,-0.2102,0.2669,-1.106,1.3975,0.0874,0.224,-0.2684,0.2608,-1.0477,1.376,0.3237,0.1764,-0.1319,-0.0002,0.2498,-0.2886,0.1224,0.121,-0.1885,0.0013,0.0638,0.3111,-0.1475,0.0908,-0.1124,0.0432,-0.0082,0.3131,0.0287,0.0032,0.1583,-0.0187,0.0463,-0.0132,-0.0043,0.0298,0.1691,0.2,-0.4122,0.0912,0.6997,-0.9247,0.425,-0.672,0.4099,0.0984,0.7089,-0.951,0.4382,-0.6308,0.4099,0.5314,0.6477,-0.8207,0.0,0.0,0.0,0.0,0.0,0.0,0.0,0.0,0.0,
2.4,run,-0.04,3.17,0.08,-0.02,0.2,0.0,0.0,0.0,0.104,6.15,-16.0,34.54,2.81,13.36,-13.45,15.03,-61.88,83.41,3.43,13.97,-15.82,15.12,-59.33,81.83,18.54,10.63,-5.62,6.12,-11.41,28.81,4.57,14.05,-14.4,14.49,-60.5,92.03,2.34,14.4,-16.29,15.54,-59.32,88.08,18.61,10.41,-2.95,0.1748,0.2471,-0.4534,0.1307,0.71,-0.9341,0.4141,-0.6454,0.4149,0.0668,0.7163,-0.9563,0.444,-0.6239,0.4176,0.5319,0.6439,-0.7994,0.006,0.013,0.006,0.006,0.0,0.006,0.006,0.006,0.019,0.006,0.0,0.0,0.019,0.0,0.006,0.0,0.0,0.006,0.1028,-0.3099,0.6243,0.023,0.2163,-0.2255,0.2654,-1.0983,1.422,0.0752,0.2316,-0.2761,0.2608,-1.0446,1.399,0.3237,0.1764,-0.1181,0.0343,0.261,-0.2939,0.1546,0.1134,-0.1894,-0.0048,0.0734,0.3096,-0.1492,0.0923,-0.1074,0.0302,0.0057,0.3053,0.0201,0.0023,0.1625,-0.018,0.046,0.0008,-0.0021,-0.0339,0.1727,0.2233,-0.4326,0.111,0.7036,-0.9267,0.4225,-0.6556,0.4104,0.0807,0.7132,-0.9517,0.4407,-0.6239,0.4142,0.5298,0.6464,-0.8088,0.0,0.0,0.0,0.0,0.0,0.0,0.0,0.0,0.0,
2.44,run,-0.06,3.18,-0.27,-0.14,1.97,0.0,0.0,0.0,0.104,5.8,-14.85,33.13,2.99,13.62,-13.89,14.85,-61.17,84.81,2.81,14.24,-16.0,15.38,-59.33,83.14,18.54,10.63,-4.75,6.23,-9.94,27.31,5.37,14.43,-14.65,14.16,-59.43,93.53,1.7,14.6,-16.49,15.54,-58.86,89.58,18.58,10.26,-1.73,0.1779,0.2739,-0.4789,0.1534,0.7169,-0.937,0.4046,-0.626,0.4154,0.0486,0.72,-0.9587,0.444,-0.6156,0.4195,0.5307,0.6411,-0.7851,0.006,0.013,0.006,0.006,0.0,0.006,0.006,0.006,0.019,0.006,0.0,0.0,0.019,0.0,0.006,0.0,0.0,0.006,0.1074,-0.2869,0.5998,0.046,0.224,-0.2362,0.2592,-1.083,1.4465,0.0614,0.2362,-0.2792,0.2623,-1.04,1.4251,0.3237,0.1764,-0.1012,0.0413,0.2691,-0.2979,0.1946,0.1082,-0.1729,-0.0264,0.109,0.3089,-0.1563,0.0819,-0.0867,0.0269,0.0213,0.3116,0.0141,0.0016,0.1771,-0.0172,0.0466,0.0015,-0.0003,0.0035,0.1748,0.2471,-0.4534,0.1307,0.71,-0.9341,0.4141,-0.6454,0.4149,0.0668,0.7163,-0.9563,0.444,-0.6239,0.4176,0.5319,0.6439,-0.7994,0.0,0.0,0.0,0.0,0.0,0.0,0.0,0.0,0.0,
2.48,run,-0.02,3.21,0.31,-0.0,-0.9,0.0,0.0,0.0,0.104,6.42,-13.45,31.73,3.78,14.06,-14.41,14.41,-60.47,86.22,2.2,14.41,-16.44,15.38,-59.15,84.64,18.54,10.63,-3.78,6.36,-8.64,25.81,6.01,14.62,-14.67,13.99,-58.42,95.03,1.2,14.78,-16.51,15.54,-58.46,91.08,18.5,10.11,-0.7,0.1816,0.2974,-0.4989,0.1716,0.7203,-0.9373,0.3997,-0.6076,0.415,0.0344,0.7233,-0.9589,0.444,-0.6084,0.4226,0.5285,0.6383,-0.7729,0.006,0.006,0.013,0.0,0.0,0.006,0.006,0.013,0.026,0.0,0.0,0.0,0.006,0.0,0.006,0.0,0.006,0.006,0.1012,-0.2669,0.5752,0.0491,0.2286,-0.2439,0.2562,-1.0707,1.4711,0.0506,0.2408,-0.2823,0.2669,-1.04,1.4481,0.3237,0.1764,-0.0859,0.0059,0.2632,-0.3006,0.1477,0.093,-0.1498,-0.03,0.1223,0.3083,-0.1497,0.0746,-0.0722,0.0361,0.0149,0.3044,0.0098,0.0011,0.1815,-0.0187,0.048,-0.0047,-0.0025,0.0344,0.1779,0.2739,-0.4789,0.1534,0.7169,-0.937,0.4046,-0.626,0.4154,0.0486,0.72,-0.9587,0.444,-0.6156,0.4195,0.5307,0.6411,-0.7851,0.0,0.0,0.0,0.0,0.0,0.0,0.0,0.0,0.0,
2.52,run,-0.05,3.21,-0.25,0.03,1.02,0.0,0.0,0.0,0.104,6.15,-11.87,30.06,4.83,14.41,-14.59,14.24,-59.5,87.89,1.49,14.68,-16.52,15.38,-58.54,86.48,18.54,10.46,-2.64,6.42,-7.33,24.31,6.64,14.81,-15.0,13.66,-57.67,96.53,0.85,14.79,-16.68,15.6,-58.39,92.58,18.5,9.85,0.13,0.1833,0.3214,-0.5195,0.1898,0.7239,-0.9412,0.3903,-0.5941,0.4162,0.0244,0.7234,-0.9609,0.4458,-0.607,0.4246,0.5284,0.6336,-0.7632,0.006,0.006,0.013,0.0,0.0,0.006,0.006,0.013,0.026,0.0,0.0,0.0,0.006,0.0,0.006,0.0,0.006,0.006,0.112,-0.2424,0.5507,0.0629,0.2362,-0.2531,0.2485,-1.0584,1.4956,0.0399,0.2439,-0.2899,0.2669,-1.037,1.4742,0.3237,0.1764,-0.069,0.0444,0.2762,-0.3024,0.1552,0.0938,-0.1394,-0.0498,0.1316,0.3078,-0.145,0.0637,-0.0793,0.0253,0.0219,0.3109,0.0069,0.0008,0.1903,-0.0158,0.0499,0.0053,-0.0001,-0.0157,0.1816,0.2974,-0.4989,0.1716,0.7203,-0.9373,0.3997,-0.6076,0.415,0.0344,0.7233,-0.9589,0.444,-0.6084,0.4226,0.5285,0.6383,-0.7729,0.0,0.0,0.0,0.0,0.0,0.0,0.0,0.0,0.0,
2.56,run,-0.05,3.25,0.14,0.34,-0.04,0.0,0.0,0.0,0.104,6.24,-10.63,28.65,5.36,14.5,-14.68,13.97,-58.71,89.3,1.14,14.68,-16.52,15.38,-58.54,87.71,18.54,10.46,-1.76,6.5,-5.94,22.81,7.36,15.02,-15.05,13.33,-56.47,98.03,0.33,14.87,-16.62,15.61,-57.95,94.08,18.34,9.5,1.24,0.1857,0.3465,-0.544,0.2102,0.7277,-0.9418,0.3809,-0.5721,0.4155,0.0094,0.7248,-0.9602,0.446,-0.5991,0.4256,0.5239,0.6273,-0.7502,0.006,0.006,0.013,0.0,0.0,0.006,0.006,0.013,0.026,0.0,0.0,0.0,0.006,0.0,0.006,0.0,0.006,0.006,0.1074,-0.2148,0.5216,0.0813,0.2424,-0.2562,0.2454,-1.0416,1.5248,0.0276,0.2485,-0.2915,0.2669,-1.0262,1.5064,0.3237,0.1733,-0.0491,0.0163,0.2817,-0.305,0.1675,0.0853,-0.1074,-0.0446,0.1461,0.3087,-0.1408,0.0593,-0.0604,0.0177,0.0497,0.3207,0.0048,-0.0093,0.197,-0.0179,0.0505,-0.0044,0.0005,0.0178,0.1833,0.3214,-0.5195,0.1898,0.7239,-0.9412,0.3903,-0.5941,0.4162,0.0244,0.7234,-0.9609,0.4458,-0.607,0.4246,0.5284,0.6336,-0.7632,0.0,0.0,0.0,0.0,0.0,0.0,0.0,0.0,0.0,
2.6,run,-0.04,3.29,0.75,0.6,-1.04,0.0,0.0,0.0,0.104,6.86,-9.32,27.25,6.06,14.68,-14.94,13.71,-57.92,90.7,0.62,14.77,-16.52,15.38,-58.27,89.21,18.46,10.11,-0.79,6.54,-4.88,21.31,7.86,15.04,-15.12,13.06,-55.61,99.53,0.04,14.81,-16.53,15.6,-57.72,95.58,18.25,9.21,1.92,0.187,0.3658,-0.5603,0.2246,0.7281,-0.9426,0.3732,-0.5566,0.4137,0.0012,0.7238,-0.9592,0.4457,-0.595,0.4249,0.5215,0.6221,-0.7421,0.006,0.006,0.013,0.013,0.0,0.013,0.006,0.006,0.026,0.006,0.0,0.0,0.006,0.0,0.0,0.0,0.013,0.006,0.1089,-0.1933,0.497,0.0905,0.2439,-0.2577,0.2408,-1.0278,1.5493,0.0215,0.2485,-0.2915,0.2669,-1.0262,1.5278,0.3237,0.1733,-0.0337,0.0171,0.2771,-0.3047,0.1515,0.0654,-0.0809,-0.0484,0.1536,0.3074,-0.1214,0.0415,-0.0423,0.0124,0.0348,0.3043,0.0034,-0.0065,0.195,-0.0177,0.0538,0.0024,0.0059,-0.0006,0.1857,0.3465,-0.544,0.2102,0.7277,-0.9418,0.3809,-0.5721,0.4155,0.0094,0.7248,-0.9602,0.446,-0.5991,0.4256,0.5239,0.6273,-0.7502,0.0,0.0,0.0,0.0,0.0,0.0,0.0,0.0,0.0,
2.64,run,-0.08,3.27,-0.68,-0.4,1.42,0.0,0.0,0.0,0.104,6.33,-8.09,25.84,6.77,14.94,-15.03,13.36,-56.87,92.11,0.09,14.77,-16.52,15.38,-57.83,90.62,18.19,9.84,0.18,6.56,-3.83,19.81,8.35,15.11,-15.3,12.75,-54.75,100.09,-0.18,14.7,-16.54,15.6,-57.51,97.08,18.16,8.84,2.63,0.1873,0.3849,-0.5783,0.2386,0.7293,-0.9447,0.3642,-0.541,0.4128,-0.0052,0.7218,-0.9593,0.4458,-0.5912,0.4249,0.5188,0.6152,-0.7338,0.006,0.006,0.013,0.013,0.0,0.013,0.006,0.006,0.026,0.006,0.0,0.0,0.006,0.0,0.0,0.0,0.013,0.006,0.1197,-0.1703,0.4725,0.1028,0.247,-0.2623,0.2362,-1.014,1.5739,0.0123,0.25,-0.2915,0.2669,-1.0216,1.5539,0.3221,0.1672,-0.0169,0.0522,0.28,-0.3051,0.1519,0.0573,-0.0738,-0.0511,0.1592,0.307,-0.1194,0.0348,-0.0296,0.0087,0.0416,0.3106,-0.0034,-0.0275,0.1996,-0.0174,0.0569,0.0131,0.0105,-0.0182,0.187,0.3658,-0.5603,0.2246,0.7281,-0.9426,0.3732,-0.5566,0.4137,0.0012,0.7238,-0.9592,0.4457,-0.595,0.4249,0.5215,0.6221,-0.7421,0.0,0.0,0.0,0.0,0.0,0.0,0.0,0.0,0.0,
2.68,run,-0.08,3.28,0.12,0.06,-0.88,0.0,0.0,0.0,0.104,6.42,-6.86,24.43,7.29,14.94,-15.21,13.18,-56.07,93.52,0.0,14.77,-16.44,15.38,-57.74,92.02,18.19,9.58,1.05,6.64,-2.84,18.31,8.85,15.15,-15.08,12.51,-53.74,100.0,-0.5,14.62,-16.29,15.56,-57.23,98.58,17.96,8.46,3.45,0.1897,0.403,-0.5956,0.2528,0.73,-0.9422,0.3575,-0.5225,0.4117,-0.0142,0.7204,-0.9564,0.4447,-0.586,0.4241,0.513,0.6083,-0.7241,0.006,0.006,0.013,0.013,0.0,0.013,0.006,0.006,0.026,0.006,0.0,0.0,0.006,0.0,0.0,0.0,0.013,0.006,0.1104,-0.1488,0.4479,0.115,0.2516,-0.2638,0.2301,-0.9956,1.5984,0.0031,0.25,-0.2915,0.2669,-1.014,1.5785,0.3175,0.1626,0.0,0.0018,0.277,-0.3062,0.1527,0.0575,-0.0575,-0.0589,0.1809,0.3075,-0.1183,0.0244,-0.0207,0.0061,0.058,0.31,-0.0197,-0.0366,0.2034,-0.0203,0.0559,-0.0118,-0.007,0.0248,0.1873,0.3849,-0.5783,0.2386,0.7293,-0.9447,0.3642,-0.541,0.4128,-0.0052,0.7218,-0.9593,0.4458,-0.5912,0.4249,0.5188,0.6152,-0.7338,0.0,0.0,0.0,0.0,0.0,0.0,0.0,0.0,0.0,
2.72,run,-0.09,3.31,0.07,0.18,-0.41,0.0,0.0,0.0,0.104,7.03,-5.62,23.03,8.0,14.94,-15.03,12.74,-55.11,94.92,-0.44,14.77,-16.44,15.38,-57.3,93.52,18.02,9.32,1.93,6.63,-2.03,16.81,9.22,15.08,-15.2,12.24,-53.11,99.77,-0.65,14.42,-16.13,15.57,-57.23,100.08,17.81,8.05,3.77,0.1893,0.4177,-0.6086,0.2633,0.7288,-0.9436,0.3498,-0.5111,0.4091,-0.0186,0.7168,-0.9545,0.4447,-0.586,0.4218,0.5088,0.6008,-0.7203,0.006,0.006,0.013,0.006,0.006,0.006,0.006,0.006,0.026,0.006,0.006,0.0,0.006,0.0,0.006,0.019,0.019,0.006,0.112,-0.1273,0.4234,0.1243,0.2516,-0.2669,0.227,-0.9817,1.623,0.0015,0.25,-0.2899,0.2669,-1.0124,1.603,0.3175,0.158,0.0153,0.007,0.2741,-0.306,0.1412,0.0402,-0.0517,-0.0527,0.1782,0.3069,-0.0885,0.0171,-0.0088,0.0042,0.0464,0.3086,-0.0138,-0.0428,0.1996,-0.0208,0.0567,0.0021,0.001,-0.0153,0.1897,0.403,-0.5956,0.2528,0.73,-0.9422,0.3575,-0.5225,0.4117,-0.0142,0.7204,-0.9564,0.4447,-0.586,0.4241,0.513,0.6083,-0.7241,0.0,0.0,0.0,0.0,0.0,0.0,0.0,0.0,0.0,
2.76,run,-0.12,3.3,-0.59,-0.39,0.71,0.0,0.0,0.0,0.104,6.33,-4.39,21.53,8.44,14.94,-15.12,12.48,-54.14,96.33,-0.62,14.77,-16.26,15.38,-57.39,94.92,17.75,8.88,2.72,6.57,-1.27,15.31,9.6,14.92,-15.06,11.95,-52.27,99.5,-0.75,14.12,-15.85,15.55,-56.98,100.73,17.65,7.51,4.32,0.1877,0.4315,-0.6226,0.2743,0.7258,-0.9419,0.3414,-0.4958,0.4059,-0.0216,0.7113,-0.9511,0.4444,-0.5815,0.4203,0.5043,0.5911,-0.7139,0.006,0.006,0.013,0.006,0.006,0.006,0.006,0.006,0.026,0.006,0.006,0.0,0.006,0.0,0.006,0.019,0.019,0.006,0.1227,-0.1058,0.3988,0.1365,0.2516,-0.2638,0.2194,-0.9649,1.6475,-0.0061,0.25,-0.2899,0.2669,-1.0048,1.6291,0.3145,0.1534,0.0307,0.0452,0.2725,-0.3063,0.1449,0.0282,-0.0247,-0.0657,0.188,0.3069,-0.0908,0.0119,-0.0061,0.003,0.0612,0.3139,-0.0212,-0.0472,0.1973,-0.0217,0.0594,0.0012,0.0031,-0.0071,0.1893,0.4177,-0.6086,0.2633,0.7288,-0.9436,0.3498,-0.5111,0.4091,-0.0186,0.7168,-0.9545,0.4447,-0.586,0.4218,0.5088,0.6008,-0.7203,0.0,0.0,0.0,0.0,0.0,0.0,0.0,0.0,0.0,
2.8,run,-0.12,3.34,0.31,0.42,-0.19,0.0,0.0,0.0,0.104,6.5,-3.34,20.21,8.88,14.94,-15.12,12.22,-53.35,97.47,-0.7,14.77,-16.26,15.38,-57.13,96.33,17.75,8.61,3.34,6.59,-0.56,13.81,9.95,14.82,-15.03,11.75,-51.5,99.27,-0.94,13.89,-15.46,15.49,-56.93,100.44,17.39,7.04,4.79,0.1883,0.4444,-0.6348,0.2842,0.724,-0.9415,0.3357,-0.4818,0.4032,-0.0267,0.7071,-0.9466,0.4426,-0.5805,0.417,0.4967,0.5825,-0.7084,0.006,0.006,0.013,0.006,0.006,0.006,0.006,0.006,0.026,0.006,0.006,0.0,0.006,0.0,0.006,0.019,0.019,0.006,0.1104,-0.0844,0.3728,0.1442,0.2516,-0.2654,0.2148,-0.948,1.672,-0.0092,0.25,-0.2869,0.2669,-1.0063,1.6536,0.3099,0.1457,0.0445,-0.0144,0.2713,-0.3122,0.1302,0.0197,-0.023,-0.0632,0.1949,0.3069,-0.075,0.0084,0.0072,0.0021,0.0371,0.3118,-0.0321,-0.0618,0.1899,-0.0243,0.0585,-0.0102,-0.0067,0.0124,0.1877,0.4315,-0.6226,0.2743,0.7258,-0.9419,0.3414,-0.4958,0.4059,-0.0216,0.7113,-0.9511,0.4444,-0.5815,0.4203,0.5043,0.5911,-0.7139,0.0,0.0,0.0,0.0,0.0,0.0,0.0,0.0,0.0,
2.84,run,-0.12,3.36,-0.3,-0.32,-0.13,0.0,0.0,0.0,0.104,6.86,-2.29,18.72,9.32,14.94,-15.12,11.95,-52.56,98.26,-0.97,14.5,-15.64,15.29,-57.04,97.73,17.58,8.09,3.96,6.49,-0.04,12.31,10.19,14.58,-14.96,11.51,-50.95,98.84,-0.98,13.53,-15.13,15.51,-56.91,100.19,17.19,6.5,4.84,0.1855,0.4538,-0.6445,0.2913,0.7197,-0.9407,0.3287,-0.4719,0.3982,-0.0279,0.7006,-0.9427,0.4431,-0.5801,0.414,0.4912,0.5727,-0.7078,0.0,0.0,0.006,0.013,0.006,0.006,0.0,0.006,0.006,0.0,0.013,0.0,0.006,0.006,0.006,0.0,0.019,0.0,0.1135,-0.066,0.3497,0.1519,0.2516,-0.2654,0.2102,-0.9342,1.692,-0.0107,0.25,-0.2869,0.2669,-1.0017,1.6782,0.3099,0.1411,0.0552,0.0012,0.2575,-0.3031,0.1193,0.0138,-0.0161,-0.0612,0.1871,0.2881,-0.0582,0.0058,0.005,0.0015,0.0429,0.3084,-0.0225,-0.0602,0.1724,-0.0239,0.0618,0.0053,0.0073,-0.0033,0.1883,0.4444,-0.6348,0.2842,0.724,-0.9415,0.3357,-0.4818,0.4032,-0.0267,0.7071,-0.9466,0.4426,-0.5805,0.417,0.4967,0.5825,-0.7084,0.0,0.0,0.0,0.0,0.0,0.0,0.0,0.0,0.0,
2.88,run,-0.16,3.36,-1.04,-0.55,0.97,0.0,0.0,0.0,0.104,6.24,-1.41,17.31,9.67,14.94,-15.03,11.78,-51.77,98.88,-0.97,14.15,-15.38,15.38,-56.95,98.88,17.05,7.56,4.39,6.39,0.44,10.81,10.47,14.26,-14.9,11.31,-50.28,98.46,-1.01,13.15,-14.82,15.53,-56.75,99.94,16.99,5.87,5.15,0.1827,0.4626,-0.6548,0.2991,0.7138,-0.94,0.3231,-0.4596,0.3937,-0.0289,0.6936,-0.939,0.4438,-0.5773,0.4111,0.4856,0.5613,-0.7042,0.0,0.0,0.006,0.013,0.006,0.006,0.0,0.006,0.006,0.0,0.013,0.0,0.006,0.006,0.006,0.0,0.019,0.0,0.1197,-0.0476,0.3237,0.1595,0.2516,-0.2654,0.2056,-0.9204,1.7058,-0.0153,0.2454,-0.2761,0.2654,-1.0002,1.7027,0.3068,0.1319,0.066,0.0244,0.2508,-0.3121,0.1129,0.0097,-0.0113,-0.0605,0.1839,0.2546,-0.0584,-0.0136,0.0447,-0.0049,0.0359,0.31,-0.0275,-0.0774,0.1618,-0.0236,0.063,-0.0052,-0.0055,-0.0024,0.1855,0.4538,-0.6445,0.2913,0.7197,-0.9407,0.3287,-0.4719,0.3982,-0.0279,0.7006,-0.9427,0.4431,-0.5801,0.414,0.4912,0.5727,-0.7078,0.0,0.0,0.0,0.0,0.0,0.0,0.0,0.0,0.0,
2.92,run,-0.15,3.39,0.44,0.19,0.14,0.0,0.0,0.0,0.104,6.15,-0.62,15.91,9.93,14.94,-14.94,11.51,-51.06,99.14,-0.97,13.89,-15.21,15.38,-56.87,99.67,17.05,7.12,4.75,6.36,0.88,9.31,10.66,14.04,-14.95,11.18,-49.65,98.07,-1.07,12.84,-14.35,15.52,-56.76,99.66,16.75,5.31,5.38,0.1816,0.4705,-0.662,0.3046,0.7098,-0.9406,0.3193,-0.4482,0.3891,-0.0306,0.688,-0.9336,0.4433,-0.5775,0.4077,0.4784,0.5511,-0.7014,0.0,0.0,0.006,0.013,0.006,0.006,0.0,0.006,0.006,0.0,0.013,0.0,0.006,0.006,0.006,0.0,0.019,0.0,0.1089,-0.0322,0.2991,0.1657,0.2516,-0.2638,0.2025,-0.9066,1.7165,-0.0153,0.2393,-0.2715,0.2669,-0.9986,1.7227,0.2976,0.1227,0.0736,-0.0233,0.2333,-0.3108,0.1021,0.0068,-0.0021,-0.0539,0.1807,0.2186,-0.0409,-0.0326,0.0486,0.0024,0.0309,0.292,-0.0539,-0.0888,0.1421,-0.0279,0.0634,-0.0181,-0.0095,0.017,0.1827,0.4626,-0.6548,0.2991,0.7138,-0.94,0.3231,-0.4596,0.3937,-0.0289,0.6936,-0.939,0.4438,-0.5773,0.4111,0.4856,0.5613,-0.7042,0.0,0.0,0.0,0.0,0.0,0.0,0.0,0.0,0.0,
2.96,run,-0.15,3.4,0.31,0.16,-0.97,0.0,0.0,0.0,0.104,6.59,0.09,14.5,10.2,14.77,-15.03,11.34,-50.45,99.14,-0.97,13.45,-14.59,15.38,-56.87,100.2,16.88,6.5,5.01,6.24,1.08,8.26,10.76,13.7,-14.88,11.0,-49.27,97.39,-1.05,12.47,-14.04,15.54,-56.77,99.23,16.56,4.8,5.23,0.1783,0.4742,-0.6675,0.3075,0.7037,-0.9397,0.3142,-0.4413,0.381,-0.03,0.6812,-0.9299,0.4439,-0.5776,0.4027,0.4731,0.5417,-0.7032,0.006,0.0,0.013,0.006,0.019,0.006,0.006,0.0,0.006,0.0,0.019,0.006,0.006,0.0,0.0,0.006,0.019,0.0,0.1074,-0.0184,0.2746,0.1703,0.2516,-0.2623,0.1979,-0.8943,1.7211,-0.0153,0.2347,-0.2684,0.2669,-0.9971,1.7365,0.2976,0.115,0.0798,-0.022,0.2146,-0.3088,0.0886,0.0047,0.0042,-0.0548,0.1721,0.1701,-0.0286,-0.0399,0.0454,0.0017,0.0273,0.2557,-0.0377,-0.0907,0.1223,-0.027,0.0656,0.0077,0.0034,0.0024,0.1816,0.4705,-0.662,0.3046,0.7098,-0.9406,0.3193,-0.4482,0.3891,-0.0306,0.688,-0.9336,0.4433,-0.5775,0.4077,0.4784,0.5511,-0.7014,0.0,0.0,0.0,0.0,0.0,0.0,0.0,0.0,0.0,
3.0,run,-0.2,3.38,-1.19,-0.81,1.47,0.0,0.0,0.0,0.104,6.06,0.62,13.1,10.37,14.41,-14.94,11.25,-49.75,98.79,-0.97,13.1,-14.24,15.38,-56.87,100.28,16.44,5.98,5.19,6.11,1.28,7.93,10.85,13.32,-14.96,10.87,-48.88,96.89,-1.01,12.11,-13.81,15.58,-56.67,98.86,16.43,4.27,5.34,0.1746,0.4778,-0.6714,0.31,0.6968,-0.9407,0.3104,-0.4341,0.3751,-0.0289,0.6748,-0.9271,0.4452,-0.5759,0.3984,0.4695,0.5321,-0.7019,0.006,0.0,0.013,0.006,0.019,0.006,0.006,0.0,0.006,0.0,0.019,0.006,0.006,0.0,0.0,0.006,0.019,0.0,0.115,-0.0061,0.25,0.1749,0.2485,-0.2638,0.1948,-0.8836,1.7211,-0.0153,0.227,-0.2577,0.2669,-0.9971,1.7457,0.2945,0.1043,0.0844,0.0133,0.1962,-0.3081,0.0793,-0.0082,-0.0028,-0.0499,0.1607,0.1191,-0.02,-0.0567,0.072,0.0012,0.0191,0.2135,-0.0379,-0.1037,0.1028,-0.0263,0.0671,0.0053,0.0029,-0.017,0.1783,0.4742,-0.6675,0.3075,0.7037,-0.9397,0.3142,-0.4413,0.381,-0.03,0.6812,-0.9299,0.4439,-0.5776,0.4027,0.4731,0.5417,-0.7032,0.0,0.0,0.0,0.0,0.0,0.0,0.0,0.0,0.0,
3.04,run,-0.17,3.38,0.24,0.18,0.03,0.0,0.0,0.0,0.104,5.98,0.97,11.6,10.46,14.15,-14.85,11.16,-49.31,98.17,-0.97,12.83,-14.06,15.38,-56.87,100.11,16.44,5.45,5.19,6.08,1.46,7.58,10.96,13.12,-14.82,10.82,-48.27,96.59,-1.05,11.95,-13.4,15.56,-56.47,98.56,16.23,3.82,5.81,0.1738,0.4811,-0.6756,0.3132,0.693,-0.9391,0.309,-0.4232,0.3717,-0.03,0.6718,-0.9223,0.4447,-0.5722,0.3948,0.4636,0.5241,-0.6963,0.006,0.0,0.013,0.006,0.019,0.006,0.006,0.0,0.006,0.0,0.019,0.006,0.006,0.0,0.0,0.006,0.019,0.0,0.1058,0.0031,0.2255,0.1779,0.2424,-0.2623,0.1933,-0.8713,1.715,-0.0153,0.2209,-0.2516,0.2669,-0.9971,1.7472,0.2869,0.0951,0.0874,-0.0254,0.1721,-0.3084,0.0671,-0.0289,0.0038,-0.0407,0.1588,0.0602,-0.014,-0.0628,0.0736,0.0008,0.0134,0.1552,-0.0555,-0.1073,0.0836,-0.0306,0.0648,-0.0208,-0.0142,0.0256,0.1746,0.4778,-0.6714,0.31,0.6968,-0.9407,0.3104,-0.4341,0.3751,-0.0289,0.6748,-0.9271,0.4452,-0.5759,0.3984,0.4695,0.5321,-0.7019,0.0,0.0,0.0,0.0,0.0,0.0,0.0,0.0,0.0,
3.08,run,-0.19,3.38,-0.05,-0.0,-0.49,0.0,0.0,0.0,0.104,6.33,1.32,10.28,10.63,13.8,-14.85,10.9,-48.78,97.91,-0.97,12.48,-13.54,15.38,-56.6,99.23,16.35,4.92,5.27,5.96,1.42,7.46,10.91,12.82,-14.89,10.73,-48.1,95.88,-0.99,11.74,-13.3,15.61,-56.43,98.11,16.16,3.49,5.58,0.1703,0.4804,-0.677,0.3116,0.6877,-0.9399,0.3066,-0.42,0.3632,-0.0282,0.668,-0.9212,0.446,-0.5715,0.3895,0.4616,0.5181,-0.6991,0.0,0.0,0.013,0.006,0.013,0.0,0.0,0.0,0.013,0.0,0.013,0.006,0.013,0.006,0.006,0.006,0.019,0.0,0.1043,0.0092,0.1994,0.1795,0.2378,-0.2608,0.1917,-0.8636,1.7043,-0.0153,0.2163,-0.2485,0.2669,-0.9971,1.7441,0.2869,0.0859,0.0874,-0.0235,0.1433,-0.3131,0.0527,-0.0374,0.0084,-0.0342,0.1398,0.0021,-0.0098,-0.0611,0.0629,0.0006,0.0094,0.0972,-0.0388,-0.1095,0.0585,-0.0285,0.0651,0.0043,0.0031,0.0006,0.1738,0.4811,-0.6756,0.3132,0.693,-0.9391,0.309,-0.4232,0.3717,-0.03,0.6718,-0.9223,0.4447,-0.5722,0.3948,0.4636,0.5241,-0.6963,0.0,0.0,0.0,0.0,0.0,0.0,0.0,0.0,0.0,
3.12,run,-0.23,3.37,-1.05,-0.62,1.37,0.0,0.0,0.0,0.104,5.71,1.32,9.23,10.63,13.45,-14.85,10.9,-48.34,97.12,-0.97,12.3,-13.45,15.38,-56.51,98.61,16.17,4.39,5.45,5.88,1.32,7.5,10.88,12.53,-14.83,10.66,-47.93,95.43,-0.97,11.57,-13.26,15.65,-56.28,97.68,16.11,3.24,5.69,0.168,0.4786,-0.6764,0.3109,0.6824,-0.9392,0.3046,-0.4169,0.358,-0.0276,0.6649,-0.9207,0.447,-0.5687,0.3845,0.4603,0.5135,-0.6978,0.0,0.0,0.013,0.006,0.013,0.0,0.0,0.0,0.013,0.0,0.013,0.006,0.013,0.006,0.006,0.006,0.019,0.0,0.1104,0.0153,0.1764,0.1825,0.2316,-0.2608,0.1871,-0.8544,1.6997,-0.0153,0.2102,-0.2393,0.2669,-0.9925,1.7288,0.2853,0.0767,0.089,0.0067,0.1235,-0.3059,0.0484,-0.0493,0.0059,-0.0413,0.1325,-0.0159,-0.0069,-0.0659,0.0787,0.0004,0.0239,0.0103,-0.033,-0.1113,0.0467,-0.0298,0.0655,-0.0008,-0.0001,-0.0085,0.1703,0.4804,-0.677,0.3116,0.6877,-0.9399,0.3066,-0.42,0.3632,-0.0282,0.668,-0.9212,0.446,-0.5715,0.3895,0.4616,0.5181,-0.6991,0.0,0.0,0.0,0.0,0.0,0.0,0.0,0.0,0.0,
3.16,run,-0.22,3.4,0.25,0.47,-0.17,0.0,0.0,0.0,0.104,5.89,1.32,8.44,10.63,13.27,-14.85,10.81,-48.08,96.5,-0.97,12.04,-13.36,15.38,-56.43,98.0,16.17,4.04,5.54,5.87,1.33,7.39,10.88,12.49,-14.71,10.68,-47.63,95.18,-0.99,11.61,-13.05,15.64,-56.11,97.36,15.99,3.08,5.97,0.1678,0.4787,-0.6777,0.3108,0.6816,-0.9378,0.305,-0.4115,0.3551,-0.0282,0.6656,-0.9182,0.4469,-0.5657,0.3807,0.4568,0.5106,-0.6945,0.0,0.0,0.013,0.006,0.013,0.0,0.0,0.0,0.013,0.0,0.013,0.006,0.013,0.006,0.006,0.006,0.019,0.0,0.0997,0.0153,0.158,0.1825,0.2255,-0.2608,0.1871,-0.8468,1.6858,-0.0153,0.2071,-0.2378,0.2669,-0.991,1.7181,0.2823,0.0675,0.092,-0.0358,0.0864,-0.2834,0.0339,-0.0576,0.0041,-0.0289,0.1217,-0.0631,-0.0048,-0.0577,0.0609,0.0003,0.0225,-0.0333,-0.0346,-0.1126,0.0443,-0.0337,0.0641,-0.0182,-0.0109,0.0239,0.168,0.4786,-0.6764,0.3109,0.6824,-0.9392,0.3046,-0.4169,0.358,-0.0276,0.6649,-0.9207,0.447,-0.5687,0.3845,0.4603,0.5135,-0.6978,0.0,0.0,0.0,0.0,0.0,0.0,0.0,0.0,0.0,
3.2,run,-0.22,3.4,0.04,0.12,-0.43,0.0,0.0,0.0,0.104,6.33,1.32,7.91,10.63,13.01,-14.85,10.81,-47.81,95.98,-0.97,12.04,-13.1,15.38,-56.16,97.56,16.08,3.78,5.54,5.8,1.22,7.48,10.77,12.3,-14.73,10.63,-47.67,94.66,-0.91,11.5,-13.06,15.69,-56.06,97.04,16.01,2.99,5.71,0.1657,0.4767,-0.6767,0.3078,0.6783,-0.938,0.3036,-0.4121,0.349,-0.026,0.6636,-0.9183,0.4482,-0.5647,0.377,0.4573,0.5088,-0.6976,0.006,0.0,0.0,0.006,0.013,0.006,0.0,0.0,0.019,0.0,0.013,0.0,0.006,0.0,0.006,0.006,0.013,0.0,0.1028,0.0153,0.1442,0.1825,0.2224,-0.2608,0.1856,-0.8422,1.6751,-0.0153,0.2025,-0.2362,0.2669,-0.9894,1.7073,0.2823,0.0614,0.0936,-0.0136,0.0605,-0.2499,0.0237,-0.0518,0.0029,-0.026,0.1023,-0.0843,-0.0034,-0.0576,0.0484,0.0002,0.0215,-0.0634,-0.0242,-0.1017,0.0367,-0.0326,0.0668,0.0044,0.0082,-0.003,0.1678,0.4787,-0.6777,0.3108,0.6816,-0.9378,0.305,-0.4115,0.3551,-0.0282,0.6656,-0.9182,0.4469,-0.5657,0.3807,0.4568,0.5106,-0.6945,0.0,0.0,0.0,0.0,0.0,0.0,0.0,0.0,0.0,
3.24,run,-0.21,3.4,0.19,0.32,0.47,0.0,0.0,0.0,0.104,5.36,1.32,7.65,10.63,12.83,-14.85,10.72,-47.72,95.54,-0.97,12.04,-13.1,15.38,-56.25,97.12,16.0,3.6,5.54,5.76,1.15,7.4,10.76,12.13,-14.59,10.6,-47.61,94.48,-0.88,11.41,-13.08,15.72,-55.92,96.88,15.98,2.81,5.74,0.1645,0.4754,-0.6777,0.3074,0.6752,-0.9364,0.3027,-0.411,0.3468,-0.0251,0.662,-0.9186,0.449,-0.5622,0.3751,0.4567,0.5057,-0.6972,0.006,0.0,0.0,0.006,0.013,0.006,0.0,0.0,0.019,0.0,0.013,0.0,0.006,0.0,0.006,0.006,0.013,0.0,0.1104,0.0153,0.135,0.1825,0.2178,-0.2608,0.1856,-0.8376,1.6659,-0.0153,0.2025,-0.2316,0.2669,-0.9848,1.6997,0.2807,0.0568,0.0936,0.0192,0.0423,-0.2095,0.0166,-0.0535,0.002,-0.0182,0.0889,-0.0935,-0.0024,-0.0403,0.0511,0.0001,0.0323,-0.0731,-0.0227,-0.0885,0.0257,-0.0325,0.067,0.0007,0.0021,-0.0075,0.1657,0.4767,-0.6767,0.3078,0.6783,-0.938,0.3036,-0.4121,0.349,-0.026,0.6636,-0.9183,0.4482,-0.5647,0.377,0.4573,0.5088,-0.6976,0.0,0.0,0.0,0.0,0.0,0.0,0.0,0.0,0.0,
3.28,run,-0.21,3.37,-0.08,-0.08,-0.29,0.0,0.0,0.0,0.104,5.71,1.32,7.65,10.63,12.74,-14.85,10.72,-47.72,95.19,-0.97,12.04,-13.01,15.38,-56.16,97.03,16.0,3.43,5.54,5.79,1.08,7.42,10.74,12.17,-14.55,10.62,-47.63,94.22,-0.94,11.45,-12.98,15.69,-55.95,96.5,15.91,2.86,5.74,0.1655,0.4742,-0.6774,0.3068,0.6758,-0.9358,0.3033,-0.4115,0.3437,-0.0269,0.6627,-0.9174,0.4482,-0.5627,0.3706,0.4547,0.5066,-0.6971,0.006,0.0,0.0,0.006,0.013,0.006,0.0,0.0,0.019,0.0,0.013,0.0,0.006,0.0,0.006,0.006,0.013,0.0,0.0936,0.0153,0.1304,0.1825,0.2148,-0.2608,0.1841,-0.836,1.6582,-0.0153,0.2025,-0.2316,0.2669,-0.9863,1.692,0.2792,0.0537,0.0936,-0.0403,0.0296,-0.1613,0.0116,-0.0472,0.0014,-0.0176,0.0671,-0.0899,-0.0016,-0.0282,0.0358,0.0001,0.0177,-0.0756,-0.0208,-0.0717,0.018,-0.0317,0.0665,0.0033,0.0055,0.0082,0.1645,0.4754,-0.6777,0.3074,0.6752,-0.9364,0.3027,-0.411,0.3468,-0.0251,0.662,-0.9186,0.449,-0.5622,0.3751,0.4567,0.5057,-0.6972,0.0,0.0,0.0,0.0,0.0,0.0,0.0,0.0,0.0,
3.32,run,-0.22,3.35,-0.33,-0.14,-0.81,0.0,0.0,0.0,0.104,5.89,1.32,7.65,10.63,12.74,-14.77,10.72,-47.72,94.92,-0.97,11.95,-13.01,15.56,-56.07,96.68,16.0,3.43,5.54,5.77,1.1,7.28,10.75,12.08,-14.58,10.61,-47.68,94.12,-0.93,11.44,-13.13,15.74,-55.89,96.49,15.96,2.78,5.74,0.1648,0.4745,-0.6791,0.3073,0.6742,-0.9362,0.3033,-0.4123,0.3426,-0.0265,0.6625,-0.9192,0.4499,-0.5617,0.3704,0.456,0.5051,-0.6971,0.006,0.006,0.006,0.0,0.013,0.0,0.0,0.0,0.013,0.0,0.006,0.0,0.006,0.0,0.006,0.0,0.013,0.0,0.0997,0.0153,0.1304,0.1825,0.2132,-0.2608,0.1841,-0.836,1.6521,-0.0153,0.2025,-0.2301,0.2669,-0.9848,1.6904,0.2792,0.0506,0.0936,-0.0054,0.0208,-0.1129,0.0081,-0.0388,0.001,-0.0123,0.047,-0.0858,-0.0012,-0.0197,0.0308,0.0001,0.0181,-0.0587,-0.0146,-0.0616,0.0126,-0.0315,0.0646,-0.0015,-0.0014,-0.005,0.1655,0.4742,-0.6774,0.3068,0.6758,-0.9358,0.3033,-0.4115,0.3437,-0.0269,0.6627,-0.9174,0.4482,-0.5627,0.3706,0.4547,0.5066,-0.6971,0.0,0.0,0.0,0.0,0.0,0.0,0.0,0.0,0.0,
3.36,run,-0.21,3.34,-0.05,-0.07,1.05,0.0,0.0,0.0,0.104,5.45,1.32,7.65,10.63,12.66,-14.68,10.72,-47.72,94.66,-0.97,11.95,-13.01,15.56,-55.99,96.59,16.0,3.43,5.54,5.77,1.11,7.27,10.76,12.0,-14.54,10.6,-47.69,93.93,-0.95,11.45,-13.14,15.77,-55.84,96.39,15.98,2.76,5.77,0.1648,0.4748,-0.6792,0.3073,0.6728,-0.9358,0.3028,-0.4125,0.3404,-0.0271,0.6628,-0.9193,0.4505,-0.5608,0.3693,0.4565,0.5047,-0.6968,0.006,0.006,0.006,0.0,0.013,0.0,0.0,0.0,0.013,0.0,0.006,0.0,0.006,0.0,0.006,0.0,0.013,0.0,0.1028,0.0153,0.1304,0.1825,0.2132,-0.2592,0.1841,-0.836,1.6475,-0.0153,0.201,-0.2301,0.27,-0.9833,1.6843,0.2792,0.0506,0.0936,0.0077,0.0145,-0.079,0.0057,-0.0271,0.0064,-0.0086,0.0329,-0.0773,-0.0008,-0.0196,0.0215,0.0115,0.0184,-0.0641,-0.0102,-0.0431,0.0088,-0.0329,0.0626,-0.0057,-0.0025,-0.0141,0.1648,0.4745,-0.6791,0.3073,0.6742,-0.9362,0.3033,-0.4123,0.3426,-0.0265,0.6625,-0.9192,0.4499,-0.5617,0.3704,0.456,0.5051,-0.6971,0.0,0.0,0.0,0.0,0.0,0.0,0.0,0.0,0.0,
3.4,run,-0.19,3.33,0.09,0.08,-1.05,0.0,0.0,0.0,0.104,5.98,1.32,7.65,10.63,12.57,-14.59,10.72,-47.72,94.57,-0.97,11.95,-13.01,15.56,-56.07,96.59,16.0,3.34,5.54,5.8,1.05,7.15,10.78,12.04,-14.34,10.6,-47.59,93.82,-0.98,11.46,-13.04,15.72,-55.78,96.23,15.9,2.75,5.75,0.1656,0.4737,-0.6806,0.308,0.6735,-0.9334,0.3029,-0.4108,0.339,-0.0279,0.663,-0.9182,0.4493,-0.5597,0.3674,0.4544,0.5046,-0.697,0.006,0.006,0.006,0.0,0.013,0.0,0.0,0.0,0.013,0.0,0.006,0.0,0.006,0.0,0.006,0.0,0.013,0.0,0.0951,0.0153,0.1304,0.1825,0.2117,-0.2577,0.1841,-0.836,1.6429,-0.0153,0.201,-0.2301,0.27,-0.9817,1.6828,0.2792,0.0506,0.0936,-0.0233,0.0102,-0.0553,0.004,-0.0247,0.0103,-0.006,0.023,-0.0713,-0.0006,-0.0137,0.0151,0.0081,0.0186,-0.0506,-0.0071,-0.0302,0.0062,-0.0316,0.0618,-0.0008,-0.0013,0.0183,0.1648,0.4748,-0.6792,0.3073,0.6728,-0.9358,0.3028,-0.4125,0.3404,-0.0271,0.6628,-0.9193,0.4505,-0.5608,0.3693,0.4565,0.5047,-0.6968,0.0,0.0,0.0,0.0,0.0,0.0,0.0,0.0,0.0,
3.44,run,-0.19,3.33,0.07,0.05,0.08,0.0,0.0,0.0,0.104,6.06,1.32,7.38,10.63,12.57,-14.41,10.72,-47.72,94.31,-0.97,11.95,-13.1,15.56,-55.81,96.24,16.0,3.34,5.54,5.75,1.08,7.14,10.76,11.92,-14.5,10.58,-47.7,93.69,-0.93,11.4,-13.16,15.76,-55.8,96.17,15.98,2.69,5.69,0.1643,0.4741,-0.6807,0.3074,0.6713,-0.9353,0.3023,-0.4126,0.3375,-0.0266,0.6618,-0.9196,0.4502,-0.56,0.3666,0.4565,0.5034,-0.6978,0.0,0.006,0.0,0.0,0.013,0.0,0.006,0.0,0.013,0.0,0.013,0.0,0.013,0.0,0.0,0.0,0.019,0.0,0.1043,0.0153,0.1304,0.1825,0.2102,-0.2562,0.1841,-0.836,1.6414,-0.0153,0.201,-0.2301,0.27,-0.9833,1.6828,0.2792,0.0491,0.0936,0.0183,0.0071,-0.0387,0.0028,-0.0231,0.0129,-0.0042,0.0161,-0.0557,-0.0004,-0.0096,0.0105,0.0057,0.0073,-0.0354,-0.005,-0.0269,0.0043,-0.03,0.0605,0.0016,0.0014,-0.0183,0.1656,0.4737,-0.6806,0.308,0.6735,-0.9334,0.3029,-0.4108,0.339,-0.0279,0.663,-0.9182,0.4493,-0.5597,0.3674,0.4544,0.5046,-0.697,0.0,0.0,0.0,0.0,0.0,0.0,0.0,0.0,0.0,
3.48,run,-0.2,3.31,-0.63,-0.45,0.53,0.0,0.0,0.0,0.104,5.27,1.32,7.29,10.63,12.57,-14.41,10.72,-47.72,94.31,-0.97,11.95,-13.1,15.56,-55.9,96.24,16.0,3.34,5.54,5.74,0.96,7.13,10.75,11.89,-14.31,10.57,-47.61,93.57,-0.92,11.38,-13.1,15.74,-55.69,96.11,15.94,2.64,5.67,0.1641,0.472,-0.6808,0.307,0.6707,-0.933,0.3021,-0.411,0.3361,-0.0262,0.6615,-0.9188,0.4498,-0.558,0.366,0.4555,0.5026,-0.698,0.0,0.006,0.0,0.0,0.013,0.0,0.006,0.0,0.013,0.0,0.013,0.0,0.013,0.0,0.0,0.0,0.019,0.0,0.1058,0.0153,0.1258,0.1825,0.2102,-0.2531,0.1841,-0.836,1.6368,-0.0153,0.201,-0.2316,0.27,-0.9787,1.6766,0.2792,0.0491,0.0936,0.0185,0.005,-0.0443,0.002,-0.0162,0.0205,-0.003,0.0113,-0.0561,-0.0003,-0.0067,0.0017,0.004,0.0222,-0.0477,-0.0035,-0.0188,0.003,-0.0299,0.0606,0.0012,0.0009,0.0014,0.1643,0.4741,-0.6807,0.3074,0.6713,-0.9353,0.3023,-0.4126,0.3375,-0.0266,0.6618,-0.9196,0.4502,-0.56,0.3666,0.4565,0.5034,-0.6978,0.0,0.0,0.0,0.0,0.0,0.0,0.0,0.0,0.0,
3.52,run,-0.14,3.32,1.01,0.67,-0.54,0.0,0.0,0.0,0.104,5.89,1.32,7.29,10.63,12.57,-14.41,10.72,-47.72,94.13,-0.97,11.95,-13.1,15.64,-55.9,96.06,16.0,3.34,5.54,5.79,1.03,7.14,10.79,12.0,-14.36,10.6,-47.64,93.57,-1.02,11.46,-13.02,15.7,-55.8,95.9,15.88,2.7,5.76,0.1654,0.4732,-0.6807,0.3082,0.6727,-0.9336,0.303,-0.4115,0.3361,-0.029,0.663,-0.9179,0.4484,-0.5599,0.3635,0.4538,0.5037,-0.697,0.0,0.006,0.0,0.0,0.013,0.0,0.006,0.0,0.013,0.0,0.013,0.0,0.013,0.0,0.0,0.0,0.019,0.0,0.092,0.0153,0.1243,0.1825,0.2102,-0.2531,0.1841,-0.836,1.6368,-0.0153,0.201,-0.2316,0.27,-0.9802,1.6766,0.2792,0.0491,0.0936,-0.0391,0.0035,-0.0368,0.0014,-0.0113,0.0143,-0.0021,0.0079,-0.0393,-0.0002,-0.0047,0.0012,0.0028,0.0098,-0.0334,-0.0024,-0.0132,0.0021,-0.0311,0.0589,-0.0109,-0.0079,0.0092,0.1641,0.472,-0.6808,0.307,0.6707,-0.933,0.3021,-0.411,0.3361,-0.0262,0.6615,-0.9188,0.4498,-0.558,0.366,0.4555,0.5026,-0.698,0.0,0.0,0.0,0.0,0.0,0.0,0.0,0.0,0.0,
3.56,run,-0.14,3.31,-0.29,-0.24,0.49,0.0,0.0,0.0,0.104,5.8,1.32,7.29,10.63,12.57,-14.41,10.72,-47.72,94.13,-0.97,11.95,-13.1,15.64,-55.9,95.98,16.0,3.34,5.54,5.75,0.9,7.16,10.72,11.86,-14.31,10.55,-47.69,93.33,-0.92,11.35,-13.13,15.71,-55.74,95.86,15.95,2.69,5.49,0.1643,0.4709,-0.6804,0.3062,0.6702,-0.9331,0.3014,-0.4126,0.3333,-0.0263,0.6609,-0.9192,0.4488,-0.5588,0.3631,0.4557,0.5034,-0.7001,0.013,0.013,0.0,0.0,0.013,0.0,0.0,0.0,0.026,0.0,0.006,0.0,0.0,0.0,0.0,0.0,0.013,0.0,0.1028,0.0153,0.1243,0.1825,0.2102,-0.2531,0.1841,-0.836,1.6337,-0.0153,0.201,-0.2316,0.2715,-0.9802,1.6736,0.2792,0.0491,0.0936,0.0126,0.0024,-0.0257,0.001,-0.0079,0.01,-0.0015,0.0055,-0.0389,-0.0001,-0.0033,0.0008,0.0077,0.0069,-0.0348,-0.0017,-0.0092,0.0015,-0.0258,0.0601,0.0176,0.0117,-0.0094,0.1654,0.4732,-0.6807,0.3082,0.6727,-0.9336,0.303,-0.4115,0.3361,-0.029,0.663,-0.9179,0.4484,-0.5599,0.3635,0.4538,0.5037,-0.697,0.0,0.0,0.0,0.0,0.0,0.0,0.0,0.0,0.0,
3.6,run,-0.12,3.31,0.18,0.05,1.09,0.0,0.0,0.0,0.104,5.36,1.32,7.29,10.63,12.57,-14.41,10.72,-47.72,93.96,-0.97,11.78,-13.1,15.56,-55.81,95.98,16.0,3.34,5.54,5.77,0.96,7.09,10.77,11.89,-14.28,10.58,-47.63,93.43,-0.97,11.4,-13.11,15.7,-55.68,95.87,15.93,2.68,5.7,0.1649,0.472,-0.6813,0.3078,0.6707,-0.9327,0.3023,-0.4114,0.3345,-0.0277,0.6618,-0.919,0.4485,-0.5578,0.3631,0.4551,0.5032,-0.6977,0.013,0.013,0.0,0.0,0.013,0.0,0.0,0.0,0.026,0.0,0.006,0.0,0.0,0.0,0.0,0.0,0.013,0.0,0.1012,0.0153,0.1243,0.1825,0.2102,-0.2531,0.1841,-0.836,1.6337,-0.0153,0.201,-0.2316,0.2715,-0.9802,1.672,0.2792,0.0491,0.0936,0.0031,0.0017,-0.018,0.0007,-0.0055,0.007,-0.001,0.0039,-0.0273,-0.0001,-0.0023,0.0006,0.0054,0.0048,-0.0301,-0.0012,-0.0065,0.001,-0.0256,0.0589,-0.0051,-0.0042,0.0086,0.1643,0.4709,-0.6804,0.3062,0.6702,-0.9331,0.3014,-0.4126,0.3333,-0.0263,0.6609,-0.9192,0.4488,-0.5588,0.3631,0.4557,0.5034,-0.7001,0.0,0.0,0.0,0.0,0.0,0.0,0.0,0.0,0.0,
3.64,run,-0.1,3.31,0.44,0.26,-1.28,0.0,0.0,0.0,0.104,5.98,1.32,7.29,10.63,12.48,-14.41,10.72,-47.72,93.96,-0.97,11.78,-13.1,15.64,-55.9,95.98,16.0,3.34,5.54,5.79,0.91,7.07,10.76,11.94,-14.22,10.6,-47.6,93.36,-0.97,11.42,-13.06,15.68,-55.7,95.77,15.9,2.73,5.6,0.1656,0.4712,-0.6816,0.3074,0.6717,-0.932,0.3027,-0.4109,0.3337,-0.0278,0.6622,-0.9184,0.4481,-0.5582,0.362,0.4541,0.5042,-0.6988,0.013,0.013,0.0,0.0,0.013,0.0,0.0,0.0,0.026,0.0,0.006,0.0,0.0,0.0,0.0,0.0,0.013,0.0,0.0936,0.0153,0.1243,0.1825,0.2102,-0.2531,0.1841,-0.836,1.6306,-0.0153,0.1979,-0.2316,0.27,-0.9787,1.672,0.2792,0.0491,0.0936,-0.0265,0.0012,-0.0126,0.0005,-0.0039,0.0049,-0.0007,0.0027,-0.0305,-0.0001,-0.0131,0.0004,-0.002,0.0091,-0.0211,-0.0008,-0.0045,0.0007,-0.0243,0.0587,0.0032,0.0009,0.019,0.1649,0.472,-0.6813,0.3078,0.6707,-0.9327,0.3023,-0.4114,0.3345,-0.0277,0.6618,-0.919,0.4485,-0.5578,0.3631,0.4551,0.5032,-0.6977,0.0,0.0,0.0,0.0,0.0,0.0,0.0,0.0,0.0,
3.68,run,-0.09,3.3,0.05,0.06,0.22,0.0,0.0,0.0,0.104,5.8,1.32,7.29,10.63,12.39,-14.41,10.72,-47.72,93.96,-0.97,11.78,-13.1,15.56,-55.9,95.98,16.0,3.34,5.54,5.75,0.94,7.12,10.73,11.83,-14.39,10.57,-47.73,93.32,-0.93,11.36,-13.2,15.72,-55.74,95.77,15.99,2.71,5.54,0.1644,0.4716,-0.6809,0.3066,0.6696,-0.934,0.302,-0.4133,0.3331,-0.0265,0.661,-0.92,0.4492,-0.559,0.362,0.4568,0.5039,-0.6996,0.006,0.006,0.0,0.0,0.013,0.0,0.006,0.0,0.013,0.0,0.013,0.0,0.006,0.006,0.0,0.0,0.019,0.0,0.1043,0.0153,0.1243,0.1825,0.2086,-0.2531,0.1841,-0.836,1.6306,-0.0153,0.1979,-0.2316,0.2715,-0.9802,1.672,0.2792,0.0491,0.0936,0.0212,0.0008,-0.0088,0.0003,-0.0084,0.0034,-0.0005,0.0019,-0.0214,-0.0,-0.0092,0.0003,0.0043,0.0007,-0.0147,-0.0006,-0.0032,0.0005,-0.022,0.059,0.0076,0.0046,-0.0223,0.1656,0.4712,-0.6816,0.3074,0.6717,-0.932,0.3027,-0.4109,0.3337,-0.0278,0.6622,-0.9184,0.4481,-0.5582,0.362,0.4541,0.5042,-0.6988,0.0,0.0,0.0,0.0,0.0,0.0,0.0,0.0,0.0,
3.72,run,-0.09,3.29,-0.1,-0.1,0.6,0.0,0.0,0.0,0.104,5.27,1.32,7.29,10.63,12.39,-14.41,10.72,-47.72,93.96,-0.97,11.69,-13.1,15.56,-55.9,95.98,16.0,3.34,5.54,5.78,0.92,7.05,10.76,11.88,-14.28,10.59,-47.63,93.39,-0.95,11.39,-13.14,15.69,-55.68,95.75,15.93,2.7,5.65,0.1652,0.4713,-0.6818,0.3074,0.6705,-0.9327,0.3025,-0.4115,0.334,-0.0271,0.6616,-0.9192,0.4482,-0.5578,0.3617,0.4553,0.5037,-0.6983,0.006,0.006,0.0,0.0,0.013,0.0,0.006,0.0,0.013,0.0,0.013,0.0,0.006,0.006,0.0,0.0,0.019,0.0,0.1012,0.0153,0.1243,0.1825,0.2071,-0.2531,0.1841,-0.836,1.6306,-0.0153,0.1979,-0.2316,0.27,-0.9802,1.672,0.2792,0.0491,0.0936,0.0034,0.0006,-0.0062,0.0002,-0.0116,0.0024,-0.0003,0.0013,-0.015,-0.0,-0.0064,0.0002,-0.0027,0.0005,-0.0103,-0.0004,-0.0022,0.0004,-0.021,0.0577,0.0009,0.001,0.0039,0.1644,0.4716,-0.6809,0.3066,0.6696,-0.934,0.302,-0.4133,0.3331,-0.0265,0.661,-0.92,0.4492,-0.559,0.362,0.4568,0.5039,-0.6996,0.0,0.0,0.0,0.0,0.0,0.0,0.0,0.0,0.0,
3.76,run,-0.07,3.29,0.37,0.31,-0.47,0.0,0.0,0.0,0.104,6.06,1.32,7.29,10.63,12.39,-14.41,10.72,-47.72,93.96,-0.97,11.69,-13.1,15.56,-55.9,95.98,16.0,3.34,5.54,5.81,0.94,7.04,10.77,11.95,-14.31,10.61,-47.65,93.38,-1.0,11.45,-13.12,15.68,-55.74,95.68,15.91,2.77,5.64,0.1661,0.4717,-0.6819,0.3077,0.6719,-0.933,0.3031,-0.4118,0.3338,-0.0285,0.6627,-0.919,0.4479,-0.559,0.3609,0.4547,0.505,-0.6983,0.006,0.006,0.0,0.0,0.013,0.0,0.006,0.0,0.013,0.0,0.013,0.0,0.006,0.006,0.0,0.0,0.019,0.0,0.092,0.0153,0.1243,0.1825,0.2071,-0.2531,0.1841,-0.836,1.6306,-0.0153,0.1963,-0.2316,0.27,-0.9802,1.672,0.2792,0.0491,0.0936,-0.0323,0.0004,-0.0043,0.0002,-0.0081,0.0017,-0.0002,0.0009,-0.0105,-0.0,-0.0103,0.0001,-0.0019,0.0003,-0.0072,-0.0003,-0.0016,0.0002,-0.021,0.0573,-0.0017,-0.0018,0.0104,0.1652,0.4713,-0.6818,0.3074,0.6705,-0.9327,0.3025,-0.4115,0.334,-0.0271,0.6616,-0.9192,0.4482,-0.5578,0.3617,0.4553,0.5037,-0.6983,0.0,0.0,0.0,0.0,0.0,0.0,0.0,0.0,0.0,
3.8,run,-0.07,3.28,-0.05,0.06,-0.27,0.0,0.0,0.0,0.104,5.8,1.32,7.29,10.63,12.39,-14.41,10.72,-47.72,93.96,-0.97,11.69,-13.1,15.56,-55.81,95.98,16.0,3.34,5.54,5.77,0.91,7.02,10.74,11.83,-14.32,10.57,-47.67,93.33,-0.92,11.36,-13.23,15.71,-55.67,95.8,15.98,2.69,5.55,0.1648,0.4711,-0.6822,0.307,0.6696,-0.9331,0.3021,-0.4122,0.3333,-0.0262,0.661,-0.9203,0.4488,-0.5576,0.3624,0.4565,0.5034,-0.6994,0.006,0.006,0.0,0.0,0.006,0.0,0.006,0.0,0.013,0.0,0.006,0.006,0.006,0.006,0.006,0.0,0.013,0.0,0.1058,0.0153,0.1243,0.1825,0.2071,-0.2531,0.1841,-0.836,1.6306,-0.0153,0.1963,-0.2316,0.27,-0.9802,1.672,0.2792,0.0491,0.0936,0.0287,0.0003,-0.003,0.0001,-0.0057,0.0012,-0.0002,0.0007,-0.0073,-0.0,-0.0072,0.0001,-0.0013,0.0002,-0.0051,-0.0002,-0.0011,0.0002,-0.0198,0.0571,0.0065,0.0054,-0.0082,0.1661,0.4717,-0.6819,0.3077,0.6719,-0.933,0.3031,-0.4118,0.3338,-0.0285,0.6627,-0.919,0.4479,-0.559,0.3609,0.4547,0.505,-0.6983,0.0,0.0,0.0,0.0,0.0,0.0,0.0,0.0,0.0,
3.84,run,-0.08,3.27,-0.53,-0.32,0.88,0.0,0.0,0.0,0.104,5.54,1.32,7.29,10.63,12.39,-14.41,10.72,-47.72,93.96,-0.97,11.69,-13.1,15.56,-55.81,95.98,16.0,3.34,5.54,5.79,0.93,7.0,10.76,11.87,-14.31,10.59,-47.67,93.36,-0.96,11.39,-13.2,15.7,-55.71,95.75,15.95,2.7,5.59,0.1654,0.4714,-0.6823,0.3075,0.6703,-0.933,0.3026,-0.4122,0.3336,-0.0274,0.6617,-0.92,0.4486,-0.5584,0.3617,0.4557,0.5037,-0.6989,0.006,0.006,0.0,0.0,0.006,0.0,0.006,0.0,0.013,0.0,0.006,0.006,0.006,0.006,0.006,0.0,0.013,0.0,0.1012,0.0153,0.1243,0.1825,0.2071,-0.2531,0.1841,-0.836,1.6306,-0.0153,0.1963,-0.2316,0.27,-0.9787,1.672,0.2792,0.0491,0.0936,0.0028,0.0002,-0.0021,0.0001,-0.004,0.0008,-0.0001,0.0005,-0.0051,-0.0,-0.005,0.0001,-0.0009,0.0059,-0.0035,-0.0001,-0.0008,0.0001,-0.0196,0.0559,-0.0008,0.001,-0.0048,0.1648,0.4711,-0.6822,0.307,0.6696,-0.9331,0.3021,-0.4122,0.3333,-0.0262,0.661,-0.9203,0.4488,-0.5576,0.3624,0.4565,0.5034,-0.6994,0.0,0.0,0.0,0.0,0.0,0.0,0.0,0.0,0.0,
3.88,run,-0.05,3.29,0.37,0.34,-0.91,0.0,0.0,0.0,0.104,6.15,1.32,7.29,10.63,12.39,-14.41,10.72,-47.72,93.96,-0.97,11.69,-13.18,15.56,-55.81,95.98,16.0,3.34,5.54,5.81,0.95,6.95,10.79,11.93,-14.26,10.6,-47.61,93.42,-0.99,11.44,-13.17,15.68,-55.68,95.76,15.92,2.72,5.69,0.1661,0.4717,-0.6829,0.3083,0.6714,-0.9325,0.303,-0.4111,0.3344,-0.0284,0.6626,-0.9196,0.448,-0.5579,0.3619,0.4548,0.5039,-0.6978,0.006,0.006,0.0,0.0,0.006,0.0,0.006,0.0,0.013,0.0,0.006,0.006,0.006,0.006,0.006,0.0,0.013,0.0,0.0966,0.0153,0.1243,0.1825,0.2071,-0.2531,0.1841,-0.836,1.6306,-0.0153,0.1963,-0.2316,0.27,-0.9787,1.672,0.2792,0.0491,0.0936,-0.0153,0.0001,-0.0015,0.0001,-0.0028,0.0006,-0.0001,0.0003,-0.0036,-0.0,-0.0035,0.0,-0.0007,0.0041,-0.0025,-0.0001,-0.0005,0.0001,-0.0208,0.0554,-0.0093,-0.0055,0.0154,0.1654,0.4714,-0.6823,0.3075,0.6703,-0.933,0.3026,-0.4122,0.3336,-0.0274,0.6617,-0.92,0.4486,-0.5584,0.3617,0.4557,0.5037,-0.6989,0.0,0.0,0.0,0.0,0.0,0.0,0.0,0.0,0.0,
3.92,run,-0.08,3.29,-0.47,-0.3,1.12,0.0,0.0,0.0,0.104,5.71,1.32,7.29,10.63,12.39,-14.33,10.72,-47.72,93.96,-0.97,11.69,-13.1,15.56,-55.9,95.98,16.0,3.34,5.54,5.77,0.92,7.0,10.74,11.82,-14.35,10.57,-47.71,93.33,-0.92,11.36,-13.26,15.72,-55.7,95.81,16.0,2.69,5.52,0.1648,0.4712,-0.6824,0.3068,0.6695,-0.9335,0.3019,-0.4129,0.3333,-0.0261,0.661,-0.9207,0.4491,-0.5583,0.3625,0.457,0.5034,-0.6998,0.013,0.006,0.0,0.0,0.013,0.0,0.0,0.0,0.013,0.0,0.006,0.006,0.006,0.0,0.0,0.0,0.013,0.0,0.1074,0.0153,0.1243,0.1825,0.2071,-0.2531,0.1841,-0.836,1.6306,-0.0153,0.1963,-0.2332,0.27,-0.9787,1.672,0.2792,0.0491,0.0936,0.0296,0.0001,-0.001,0.0,-0.002,0.0004,-0.0001,0.0002,-0.0025,-0.0,-0.0025,-0.0057,-0.0005,0.0029,-0.0017,-0.0001,-0.0004,0.0001,-0.0183,0.0571,0.0064,0.0059,-0.0159,0.1661,0.4717,-0.6829,0.3083,0.6714,-0.9325,0.303,-0.4111,0.3344,-0.0284,0.6626,-0.9196,0.448,-0.5579,0.3619,0.4548,0.5039,-0.6978,0.0,0.0,0.0,0.0,0.0,0.0,0.0,0.0,0.0,
3.96,run,-0.08,3.32,-0.05,0.24,0.64,0.0,0.0,0.0,0.104,5.62,1.32,7.29,10.63,12.39,-14.41,10.72,-47.72,93.96,-0.97,11.69,-13.27,15.56,-55.9,95.98,16.0,3.34,5.54,5.81,0.94,6.96,10.78,11.89,-14.26,10.59,-47.59,93.38,-0.98,11.4,-13.13,15.67,-55.65,95.75,15.92,2.68,5.71,0.1659,0.4716,-0.6829,0.3081,0.6707,-0.9324,0.3026,-0.4108,0.3338,-0.028,0.6619,-0.9192,0.4478,-0.5572,0.3618,0.4549,0.5033,-0.6976,0.013,0.006,0.0,0.0,0.013,0.0,0.0,0.0,0.013,0.0,0.006,0.006,0.006,0.0,0.0,0.0,0.013,0.0,0.0997,0.0153,0.1243,0.1825,0.2071,-0.2516,0.1841,-0.836,1.6306,-0.0153,0.1963,-0.2316,0.27,-0.9802,1.672,0.2792,0.0491,0.0936,-0.008,0.0001,-0.0007,0.0,-0.0014,0.006,-0.0,0.0002,-0.0018,-0.0,-0.0017,0.0017,-0.0003,-0.0037,-0.0012,-0.0,-0.0003,0.0,-0.0203,0.0575,-0.0082,-0.0053,0.0196,0.1648,0.4712,-0.6824,0.3068,0.6695,-0.9335,0.3019,-0.4129,0.3333,-0.0261,0.661,-0.9207,0.4491,-0.5583,0.3625,0.457,0.5034,-0.6998,0.0,0.0,0.0,0.0,0.0,0.0,0.0,0.0,0.0,
4.0,run,-0.1,3.32,-0.19,-0.1,-0.82,0.0,0.0,0.0,0.104,6.24,1.32,7.29,10.63,12.39,-14.33,10.72,-47.72,93.96,-0.97,11.69,-13.27,15.56,-55.9,95.98,16.0,3.34,5.54,5.8,0.94,7.03,10.75,11.94,-14.35,10.58,-47.67,93.4,-0.96,11.41,-13.15,15.68,-55.72,95.75,15.94,2.74,5.61,0.1658,0.4716,-0.6821,0.3071,0.6716,-0.9336,0.3024,-0.4121,0.3341,-0.0275,0.6619,-0.9194,0.4479,-0.5586,0.3618,0.4554,0.5044,-0.6987,0.013,0.006,0.0,0.0,0.013,0.0,0.0,0.0,0.013,0.0,0.006,0.006,0.006,0.0,0.0,0.0,0.013,0.0,0.0982,0.0153,0.1243,0.1825,0.2071,-0.2531,0.1841,-0.836,1.6306,-0.0153,0.1963,-0.2347,0.27,-0.9802,1.672,0.2792,0.0491,0.0936,-0.0114,0.0,-0.0005,0.0,-0.001,-0.0016,-0.0,0.0001,-0.0012,-0.0,-0.0012,-0.0103,-0.0002,-0.0026,-0.0009,-0.0,-0.0002,0.0,-0.0209,0.0596,-0.0008,0.0042,0.0111,0.1659,0.4716,-0.6829,0.3081,0.6707,-0.9324,0.3026,-0.4108,0.3338,-0.028,0.6619,-0.9192,0.4478,-0.5572,0.3618,0.4549,0.5033,-0.6976,0.0,0.0,0.0,0.0,0.0,0.0,0.0,0.0,0.0,
4.04,run,-0.14,3.31,-0.81,-0.39,1.22,0.0,0.0,0.0,0.104,5.45,1.32,7.29,10.63,12.39,-14.41,10.72,-47.72,93.96,-0.97,11.69,-13.27,15.56,-55.81,95.98,16.0,3.34,5.54,5.76,0.96,7.05,10.74,11.84,-14.43,10.57,-47.73,93.43,-0.92,11.36,-13.24,15.72,-55.71,95.86,16.0,2.68,5.63,0.1647,0.4719,-0.6817,0.3069,0.6698,-0.9345,0.302,-0.4132,0.3344,-0.0264,0.6611,-0.9204,0.4491,-0.5584,0.3631,0.4572,0.5033,-0.6984,0.013,0.006,0.006,0.0,0.013,0.0,0.0,0.0,0.006,0.0,0.006,0.0,0.006,0.006,0.0,0.0,0.013,0.0,0.1089,0.0153,0.1243,0.1825,0.2071,-0.2516,0.1841,-0.836,1.6306,-0.0153,0.1963,-0.2347,0.27,-0.9802,1.672,0.2792,0.0491,0.0936,0.0322,0.0,-0.0004,0.0,-0.0007,0.0046,-0.0,0.0001,-0.0009,-0.0,-0.0008,-0.0072,-0.0002,-0.0018,-0.0006,-0.0,-0.0001,0.0,-0.0222,0.0601,-0.0033,-0.0017,-0.0143,0.1658,0.4716,-0.6821,0.3071,0.6716,-0.9336,0.3024,-0.4121,0.3341,-0.0275,0.6619,-0.9194,0.4479,-0.5586,0.3618,0.4554,0.5044,-0.6987,0.0,0.0,0.0,0.0,0.0,0.0,0.0,0.0,0.0,
4.08,run,-0.11,3.32,0.5,0.39,-0.96,0.0,0.0,0.0,0.104,6.06,1.32,7.29,10.63,12.39,-14.41,10.72,-47.72,93.96,-0.97,11.69,-13.27,15.56,-55.9,96.06,16.0,3.34,5.54,5.83,0.97,7.04,10.78,12.01,-14.33,10.61,-47.64,93.57,-1.0,11.47,-13.11,15.67,-55.74,95.79,15.9,2.74,5.76,0.1665,0.4722,-0.6818,0.3079,0.6729,-0.9333,0.303,-0.4117,0.3361,-0.0287,0.6631,-0.9189,0.4476,-0.559,0.3622,0.4543,0.5044,-0.697,0.013,0.006,0.006,0.0,0.013,0.0,0.0,0.0,0.006,0.0,0.006,0.0,0.006,0.006,0.0,0.0,0.013,0.0,0.0951,0.0153,0.1243,0.1825,0.2071,-0.2531,0.1841,-0.836,1.6306,-0.0153,0.1963,-0.2347,0.27,-0.9787,1.672,0.2792,0.0491,0.0936,-0.0292,0.0,-0.0002,0.0,-0.0005,-0.0025,-0.0,0.0001,-0.0006,-0.0,-0.0006,-0.0051,-0.0001,0.0045,-0.0004,-0.0,-0.0001,0.0,-0.0262,0.0588,-0.0141,-0.0069,0.0212,0.1647,0.4719,-0.6817,0.3069,0.6698,-0.9345,0.302,-0.4132,0.3344,-0.0264,0.6611,-0.9204,0.4491,-0.5584,0.3631,0.4572,0.5033,-0.6984,0.0,0.0,0.0,0.0,0.0,0.0,0.0,0.0,0.0,
4.12,run,-0.09,3.31,0.12,0.07,-0.18,0.0,0.0,0.0,0.104,5.98,1.32,7.29,10.63,12.39,-14.41,10.72,-47.72,93.96,-0.97,11.69,-13.27,15.56,-55.9,95.89,16.0,3.34,5.54,5.78,0.94,7.09,10.72,11.9,-14.43,10.56,-47.77,93.42,-0.93,11.37,-13.22,15.7,-55.79,95.8,15.98,2.72,5.53,0.1652,0.4716,-0.6813,0.3062,0.671,-0.9345,0.3018,-0.4139,0.3344,-0.0265,0.6612,-0.9202,0.4485,-0.5597,0.3624,0.4565,0.504,-0.6996,0.013,0.006,0.006,0.0,0.013,0.0,0.0,0.0,0.006,0.0,0.006,0.0,0.006,0.006,0.0,0.0,0.013,0.0,0.1058,0.0153,0.1243,0.1825,0.2071,-0.2531,0.1841,-0.836,1.6306,-0.0153,0.1963,-0.2347,0.27,-0.9802,1.6736,0.2792,0.0491,0.0936,0.0133,0.0,-0.0002,0.0,-0.0003,-0.0017,-0.0,0.0,-0.0004,-0.0,-0.0004,-0.0035,-0.0001,-0.0017,0.0045,-0.0,-0.0001,0.0,-0.0232,0.0601,0.0087,0.0069,-0.0167,0.1665,0.4722,-0.6818,0.3079,0.6729,-0.9333,0.303,-0.4117,0.3361,-0.0287,0.6631,-0.9189,0.4476,-0.559,0.3622,0.4543,0.5044,-0.697,0.0,0.0,0.0,0.0,0.0,0.0,0.0,0.0,0.0,
4.16,run,-0.09,3.3,-0.26,-0.27,1.14,0.0,0.0,0.0,0.104,5.36,1.32,7.29,10.63,12.39,-14.41,10.72,-47.72,93.96,-0.97,11.69,-13.27,15.64,-55.9,95.98,16.0,3.34,5.54,5.8,0.92,7.08,10.73,11.91,-14.35,10.58,-47.71,93.41,-0.95,11.4,-13.19,15.69,-55.73,95.77,15.96,2.73,5.63,0.1656,0.4713,-0.6814,0.3067,0.671,-0.9336,0.3023,-0.413,0.3343,-0.0272,0.6618,-0.9199,0.4481,-0.5587,0.3621,0.456,0.5043,-0.6985,0.0,0.013,0.0,0.0,0.013,0.0,0.0,0.0,0.006,0.0,0.006,0.0,0.0,0.0,0.006,0.0,0.013,0.0,0.1043,0.0153,0.1243,0.1825,0.2071,-0.2531,0.1841,-0.836,1.6306,-0.0153,0.1963,-0.2347,0.27,-0.9802,1.6705,0.2792,0.0491,0.0936,0.0036,0.0,-0.0001,0.0,-0.0002,-0.0012,-0.0,0.0,-0.0003,-0.0,-0.0003,-0.0025,-0.0001,-0.0012,-0.0082,-0.0,-0.0,0.0,-0.0216,0.0591,0.002,0.0013,-0.0032,0.1652,0.4716,-0.6813,0.3062,0.671,-0.9345,0.3018,-0.4139,0.3344,-0.0265,0.6612,-0.9202,0.4485,-0.5597,0.3624,0.4565,0.504,-0.6996,0.0,0.0,0.0,0.0,0.0,0.0,0.0,0.0,0.0,
4.2,run,-0.05,3.31,0.48,0.23,-1.21,0.0,0.0,0.0,0.104,6.24,1.32,7.29,10.63,12.39,-14.41,10.72,-47.72,93.96,-0.97,11.69,-13.27,15.56,-55.81,95.98,16.0,3.34,5.54,5.84,0.95,7.0,10.77,12.01,-14.33,10.61,-47.67,93.44,-1.01,11.48,-13.16,15.66,-55.76,95.75,15.92,2.78,5.67,0.1668,0.4719,-0.6824,0.3077,0.6728,-0.9332,0.303,-0.4121,0.3346,-0.029,0.6632,-0.9195,0.4474,-0.5592,0.3617,0.4547,0.5052,-0.698,0.0,0.013,0.0,0.0,0.013,0.0,0.0,0.0,0.006,0.0,0.006,0.0,0.0,0.0,0.006,0.0,0.013,0.0,0.0936,0.0153,0.1243,0.1825,0.2071,-0.2531,0.1841,-0.836,1.6306,-0.0153,0.1963,-0.2347,0.2715,-0.9802,1.672,0.2792,0.0491,0.0936,-0.0378,0.0,-0.0001,0.0,-0.0002,-0.0009,-0.0,0.0,-0.0002,-0.0,-0.0002,-0.0017,0.0057,-0.0008,0.0,-0.0,-0.0,0.0,-0.0211,0.0582,-0.0045,-0.0047,0.0199,0.1656,0.4713,-0.6814,0.3067,0.671,-0.9336,0.3023,-0.413,0.3343,-0.0272,0.6618,-0.9199,0.4481,-0.5587,0.3621,0.456,0.5043,-0.6985,0.0,0.0,0.0,0.0,0.0,0.0,0.0,0.0,0.0,
4.24,run,-0.04,3.28,-0.09,-0.21,0.4,0.0,0.0,0.0,0.104,5.8,1.32,7.21,10.63,12.39,-14.41,10.72,-47.72,93.96,-0.97,11.69,-13.27,15.56,-55.9,95.8,16.0,3.34,5.54,5.77,0.91,7.01,10.73,11.84,-14.38,10.57,-47.77,93.38,-0.91,11.36,-13.3,15.72,-55.73,95.86,16.01,2.71,5.49,0.1649,0.471,-0.6822,0.3064,0.6699,-0.9339,0.302,-0.414,0.3338,-0.0261,0.6611,-0.9212,0.4493,-0.5588,0.363,0.4576,0.5038,-0.7001,0.0,0.013,0.0,0.0,0.013,0.0,0.0,0.0,0.006,0.0,0.006,0.0,0.0,0.0,0.006,0.0,0.013,0.0,0.1089,0.0153,0.1243,0.1825,0.2071,-0.2531,0.1841,-0.836,1.6306,-0.0153,0.1963,-0.2347,0.27,-0.9787,1.672,0.2792,0.0491,0.0936,0.0315,0.0,-0.0001,0.0,-0.0001,-0.0006,-0.0,0.0,-0.0001,-0.0,-0.0001,-0.0012,-0.0018,0.0052,0.0,-0.0,-0.0,0.0,-0.0182,0.0588,0.0084,0.0039,-0.0211,0.1668,0.4719,-0.6824,0.3077,0.6728,-0.9332,0.303,-0.4121,0.3346,-0.029,0.6632,-0.9195,0.4474,-0.5592,0.3617,0.4547,0.5052,-0.698,0.0,0.0,0.0,0.0,0.0,0.0,0.0,0.0,0.0,
4.28,run,-0.06,3.29,-0.42,-0.14,0.98,0.0,0.0,0.0,0.104,5.62,1.32,7.21,10.63,12.39,-14.41,10.72,-47.72,93.96,-0.97,11.69,-13.27,15.56,-55.9,95.89,16.0,3.34,5.54,5.81,0.9,6.99,10.76,11.9,-14.27,10.6,-47.66,93.36,-0.97,11.43,-13.2,15.68,-55.68,95.75,15.95,2.74,5.65,0.166,0.4709,-0.6825,0.3073,0.6709,-0.9326,0.3027,-0.412,0.3336,-0.0278,0.6623,-0.92,0.448,-0.5577,0.3618,0.4557,0.5043,-0.6982,0.006,0.013,0.006,0.0,0.013,0.0,0.0,0.0,0.013,0.0,0.0,0.0,0.0,0.0,0.006,0.0,0.019,0.0,0.1012,0.0153,0.1227,0.1825,0.2071,-0.2531,0.1841,-0.836,1.6306,-0.0153,0.1963,-0.2347,0.27,-0.9802,1.669,0.2792,0.0491,0.0936,-0.0066,0.0,-0.0058,0.0,-0.0001,-0.0004,-0.0,0.0,-0.0001,-0.0,-0.0001,-0.0009,-0.0012,-0.0021,-0.0114,-0.0,-0.0,0.0,-0.0174,0.0565,-0.0016,-0.0037,0.007,0.1649,0.471,-0.6822,0.3064,0.6699,-0.9339,0.302,-0.414,0.3338,-0.0261,0.6611,-0.9212,0.4493,-0.5588,0.363,0.4576,0.5038,-0.7001,0.0,0.0,0.0,0.0,0.0,0.0,0.0,0.0,0.0,
4.32,run,-0.03,3.28,0.15,0.24,-1.36,0.0,0.0,0.0,0.104,6.24,1.32,7.21,10.63,12.39,-14.41,10.72,-47.72,93.96,-0.97,11.69,-13.27,15.56,-55.72,95.8,16.0,3.34,5.54,5.81,0.93,6.97,10.77,11.94,-14.28,10.6,-47.64,93.41,-0.99,11.44,-13.18,15.67,-55.68,95.77,15.94,2.74,5.65,0.1661,0.4714,-0.6827,0.3077,0.6717,-0.9327,0.3029,-0.4116,0.3342,-0.0282,0.6626,-0.9198,0.4478,-0.5577,0.362,0.4554,0.5044,-0.6982,0.006,0.013,0.006,0.0,0.013,0.0,0.0,0.0,0.013,0.0,0.0,0.0,0.0,0.0,0.006,0.0,0.019,0.0,0.0982,0.0153,0.1227,0.1825,0.2071,-0.2531,0.1841,-0.836,1.6306,-0.0153,0.1963,-0.2347,0.27,-0.9802,1.6705,0.2792,0.0491,0.0936,-0.0161,0.0,-0.004,0.0,-0.0001,-0.0003,-0.0,0.0,-0.0001,-0.0,-0.0001,-0.0006,-0.0009,-0.0014,-0.0023,-0.0,-0.0,0.0,-0.0188,0.0571,-0.0073,-0.0025,0.0171,0.166,0.4709,-0.6825,0.3073,0.6709,-0.9326,0.3027,-0.412,0.3336,-0.0278,0.6623,-0.92,0.448,-0.5577,0.3618,0.4557,0.5043,-0.6982,0.0,0.0,0.0,0.0,0.0,0.0,0.0,0.0,0.0,
4.36,run,-0.05,3.28,-0.42,-0.34,1.3,0.0,0.0,0.0,0.104,5.54,1.32,7.21,10.63,12.39,-14.24,10.72,-47.72,93.96,-0.97,11.69,-13.27,15.56,-55.72,95.8,16.0,3.34,5.54,5.77,0.89,7.02,10.72,11.83,-14.35,10.58,-47.77,93.34,-0.92,11.38,-13.32,15.74,-55.71,95.83,16.02,2.72,5.49,0.1648,0.4707,-0.6821,0.3064,0.6696,-0.9336,0.3022,-0.4139,0.3334,-0.0264,0.6615,-0.9214,0.4496,-0.5584,0.3627,0.4578,0.5041,-0.7001,0.006,0.013,0.006,0.0,0.013,0.0,0.0,0.0,0.013,0.0,0.0,0.0,0.0,0.0,0.006,0.0,0.019,0.0,0.1089,0.0153,0.1227,0.1825,0.2071,-0.2531,0.1841,-0.836,1.6306,-0.0153,0.1963,-0.2347,0.27,-0.9771,1.669,0.2792,0.0491,0.0936,0.0293,0.0,-0.0028,0.0,-0.0,-0.0002,-0.0,0.0,-0.0,-0.0,-0.0,-0.0004,-0.0006,0.0106,-0.0074,-0.0,-0.0,0.0,-0.0166,0.0567,0.0027,0.0042,-0.0238,0.1661,0.4714,-0.6827,0.3077,0.6717,-0.9327,0.3029,-0.4116,0.3342,-0.0282,0.6626,-0.9198,0.4478,-0.5577,0.362,0.4554,0.5044,-0.6982,0.0,0.0,0.0,0.0,0.0,0.0,0.0,0.0,0.0,
4.4,run,-0.06,3.31,0.07,0.49,0.18,0.0,0.0,0.0,0.104,5.8,1.32,7.21,10.63,12.39,-14.24,10.72,-47.72,93.96,-0.97,11.69,-13.27,15.56,-55.81,95.8,16.0,3.34,5.54,5.82,0.88,6.96,10.77,11.93,-14.22,10.61,-47.62,93.34,-1.0,11.46,-13.16,15.68,-55.66,95.75,15.93,2.74,5.66,0.1662,0.4706,-0.6829,0.3078,0.6714,-0.9321,0.3032,-0.4113,0.3335,-0.0285,0.6628,-0.9195,0.448,-0.5575,0.3618,0.4551,0.5044,-0.6981,0.006,0.013,0.006,0.006,0.006,0.0,0.0,0.0,0.019,0.0,0.0,0.0,0.0,0.006,0.0,0.0,0.019,0.0,0.0966,0.0153,0.1227,0.1825,0.2071,-0.25,0.1841,-0.836,1.6306,-0.0153,0.1963,-0.2347,0.27,-0.9771,1.669,0.2792,0.0491,0.0936,-0.0253,0.0,-0.002,0.0,-0.0,0.0113,-0.0,0.0,-0.0,-0.0,-0.0,-0.0003,-0.0004,0.0074,-0.0052,-0.0,-0.0,0.0,-0.0175,0.0568,-0.0073,-0.0059,0.0227,0.1648,0.4707,-0.6821,0.3064,0.6696,-0.9336,0.3022,-0.4139,0.3334,-0.0264,0.6615,-0.9214,0.4496,-0.5584,0.3627,0.4578,0.5041,-0.7001,0.0,0.0,0.0,0.0,0.0,0.0,0.0,0.0,0.0,
4.44,run,-0.07,3.31,-0.24,-0.08,-1.02,0.0,0.0,0.0,0.104,6.15,1.32,7.21,10.63,12.39,-14.24,10.72,-47.72,93.96,-0.97,11.69,-13.27,15.56,-55.81,95.8,16.0,3.34,5.54,5.78,0.87,7.06,10.73,11.87,-14.32,10.58,-47.69,93.28,-0.95,11.39,-13.18,15.69,-55.68,95.72,15.97,2.73,5.54,0.1652,0.4704,-0.6817,0.3065,0.6704,-0.9332,0.3023,-0.4126,0.3328,-0.0271,0.6616,-0.9198,0.4481,-0.5578,0.3614,0.4562,0.5042,-0.6996,0.006,0.013,0.006,0.006,0.006,0.0,0.0,0.0,0.019,0.0,0.0,0.0,0.0,0.006,0.0,0.0,0.019,0.0,0.1012,0.0153,0.1227,0.1825,0.2071,-0.25,0.1841,-0.836,1.6306,-0.0153,0.1963,-0.2347,0.27,-0.9787,1.669,0.2792,0.0491,0.0936,-0.0005,0.0,-0.0014,0.0,-0.0,0.0079,-0.0,0.0,-0.0,-0.0,-0.0,-0.0002,-0.0003,-0.0006,-0.0036,-0.0,-0.0,0.0,-0.0187,0.0586,0.0012,0.0085,0.0031,0.1662,0.4706,-0.6829,0.3078,0.6714,-0.9321,0.3032,-0.4113,0.3335,-0.0285,0.6628,-0.9195,0.448,-0.5575,0.3618,0.4551,0.5044,-0.6981,0.0,0.0,0.0,0.0,0.0,0.0,0.0,0.0,0.0,
4.48,run,-0.09,3.3,-0.4,-0.06,1.44,0.0,0.0,0.0,0.104,5.45,1.32,7.21,10.63,12.39,-14.24,10.72,-47.72,93.96,-0.97,11.69,-13.27,15.56,-55.81,95.8,16.0,3.34,5.54,5.76,0.91,7.08,10.73,11.82,-14.4,10.58,-47.75,93.34,-0.94,11.37,-13.25,15.71,-55.71,95.77,16.01,2.7,5.6,0.1646,0.4712,-0.6814,0.3067,0.6695,-0.9341,0.3023,-0.4136,0.3334,-0.0268,0.6613,-0.9205,0.449,-0.5583,0.362,0.4573,0.5037,-0.6989,0.006,0.013,0.006,0.006,0.006,0.0,0.0,0.0,0.019,0.0,0.0,0.0,0.0,0.006,0.0,0.0,0.019,0.0,0.1074,0.0153,0.1227,0.1825,0.2071,-0.25,0.1841,-0.836,1.6306,-0.0153,0.1963,-0.2347,0.27,-0.9787,1.669,0.2792,0.0491,0.0936,0.0228,0.0,-0.001,0.0,-0.0,0.0055,-0.0,0.0,-0.0,-0.0,-0.0,-0.0001,-0.0002,-0.0004,-0.0025,-0.0,-0.0,0.0,-0.0194,0.0589,-0.0041,-0.0014,-0.0178,0.1652,0.4704,-0.6817,0.3065,0.6704,-0.9332,0.3023,-0.4126,0.3328,-0.0271,0.6616,-0.9198,0.4481,-0.5578,0.3614,0.4562,0.5042,-0.6996,0.0,0.0,0.0,0.0,0.0,0.0,0.0,0.0,0.0,
4.52,run,-0.08,3.31,0.08,0.25,-0.9,0.0,0.0,0.0,0.104,6.06,1.32,7.21,10.63,12.39,-14.41,10.72,-47.72,93.78,-0.97,11.69,-13.27,15.56,-55.9,95.8,16.0,3.34,5.54,5.82,0.89,7.05,10.76,11.96,-14.27,10.6,-47.62,93.38,-0.99,11.44,-13.1,15.65,-55.68,95.69,15.91,2.75,5.68,0.1662,0.4708,-0.6818,0.3074,0.672,-0.9326,0.3029,-0.4113,0.3339,-0.0284,0.6626,-0.9189,0.4472,-0.5579,0.3611,0.4545,0.5045,-0.6979,0.019,0.006,0.0,0.0,0.006,0.0,0.006,0.0,0.006,0.0,0.006,0.0,0.0,0.006,0.0,0.0,0.019,0.0,0.0951,0.0153,0.1227,0.1825,0.2071,-0.25,0.1841,-0.836,1.6306,-0.0153,0.1963,-0.2347,0.27,-0.9787,1.669,0.2792,0.0491,0.0936,-0.0298,0.0,-0.0007,0.0,-0.0,0.0039,-0.0,0.0,-0.0,-0.0,-0.0,-0.0001,-0.0001,-0.0003,-0.0018,-0.0,-0.0,0.0,-0.0215,0.0585,-0.0071,-0.001,0.0251,0.1646,0.4712,-0.6814,0.3067,0.6695,-0.9341,0.3023,-0.4136,0.3334,-0.0268,0.6613,-0.9205,0.449,-0.5583,0.362,0.4573,0.5037,-0.6989,0.0,0.0,0.0,0.0,0.0,0.0,0.0,0.0,0.0,
4.56,run,-0.08,3.3,0.16,0.16,-0.49,0.0,0.0,0.0,0.104,5.98,1.32,7.21,10.63,12.39,-14.33,10.72,-47.72,93.78,-0.97,11.69,-13.27,15.56,-55.81,95.8,16.0,3.34,5.54,5.77,0.91,7.11,10.71,11.86,-14.38,10.57,-47.75,93.38,-0.92,11.38,-13.24,15.7,-55.71,95.75,16.0,2.74,5.56,0.1648,0.471,-0.6811,0.3061,0.6703,-0.9339,0.3021,-0.4136,0.3339,-0.0264,0.6614,-0.9205,0.4486,-0.5583,0.3617,0.457,0.5043,-0.6993,0.019,0.006,0.0,0.0,0.006,0.0,0.006,0.0,0.006,0.0,0.006,0.0,0.0,0.006,0.0,0.0,0.019,0.0,0.1058,0.0153,0.1227,0.1825,0.2071,-0.2531,0.1841,-0.836,1.6276,-0.0153,0.1963,-0.2347,0.27,-0.9802,1.669,0.2792,0.0491,0.0936,0.0194,0.0,-0.0005,0.0,-0.0,-0.0088,-0.0,0.0,-0.0115,-0.0,-0.0,-0.0001,-0.0001,-0.006,-0.0012,-0.0,-0.0,0.0,-0.0207,0.0588,0.0015,0.0043,-0.0157,0.1662,0.4708,-0.6818,0.3074,0.672,-0.9326,0.3029,-0.4113,0.3339,-0.0284,0.6626,-0.9189,0.4472,-0.5579,0.3611,0.4545,0.5045,-0.6979,0.0,0.0,0.0,0.0,0.0,0.0,0.0,0.0,0.0,
4.6,run,-0.09,3.28,-0.47,-0.44,1.04,0.0,0.0,0.0,0.104,5.45,1.32,7.21,10.63,12.39,-14.33,10.72,-47.72,93.78,-0.97,11.69,-13.27,15.56,-55.9,95.8,16.0,3.34,5.54,5.78,0.87,7.09,10.72,11.87,-14.33,10.58,-47.72,93.35,-0.93,11.39,-13.21,15.69,-55.71,95.73,15.97,2.72,5.56,0.1651,0.4704,-0.6813,0.3063,0.6704,-0.9333,0.3023,-0.4132,0.3336,-0.0267,0.6616,-0.9202,0.4484,-0.5584,0.3615,0.4562,0.5041,-0.6993,0.019,0.006,0.0,0.0,0.006,0.0,0.006,0.0,0.006,0.0,0.006,0.0,0.0,0.006,0.0,0.0,0.019,0.0,0.1043,0.0153,0.1227,0.1825,0.2071,-0.2516,0.1841,-0.836,1.6276,-0.0153,0.1963,-0.2347,0.27,-0.9787,1.669,0.2792,0.0491,0.0936,0.0078,0.0,-0.0003,0.0,-0.0,-0.0004,-0.0,0.0,-0.0081,-0.0,-0.0,-0.0,-0.0001,0.0016,-0.0009,-0.0,-0.0,0.0,-0.0205,0.0582,0.0028,0.0027,-0.0086,0.1648,0.471,-0.6811,0.3061,0.6703,-0.9339,0.3021,-0.4136,0.3339,-0.0264,0.6614,-0.9205,0.4486,-0.5583,0.3617,0.457,0.5043,-0.6993,0.0,0.0,0.0,0.0,0.0,0.0,0.0,0.0,0.0,
4.64,run,-0.05,3.29,0.35,0.21,-1.73,0.0,0.0,0.0,0.104,6.24,1.32,7.21,10.63,12.39,-14.33,10.72,-47.72,93.78,-0.97,11.69,-13.27,15.64,-55.9,95.8,16.0,3.34,5.54,5.82,0.91,7.03,10.76,11.97,-14.28,10.61,-47.64,93.41,-1.0,11.46,-13.15,15.66,-55.69,95.69,15.92,2.76,5.7,0.1663,0.4711,-0.682,0.3075,0.6721,-0.9327,0.3031,-0.4117,0.3342,-0.0285,0.663,-0.9194,0.4473,-0.558,0.3611,0.4548,0.5047,-0.6976,0.013,0.013,0.0,0.0,0.013,0.0,0.0,0.0,0.006,0.0,0.0,0.0,0.0,0.006,0.0,0.0,0.013,0.0,0.0951,0.0153,0.1227,0.1825,0.2071,-0.2516,0.1841,-0.836,1.6276,-0.0153,0.1963,-0.2347,0.27,-0.9802,1.669,0.2792,0.0491,0.0936,-0.0289,0.0,-0.0002,0.0,-0.0,-0.0003,-0.0,0.0,-0.0056,-0.0,-0.0,-0.0,-0.0001,-0.0046,-0.0006,-0.0,-0.0,0.0,-0.0214,0.0566,-0.0082,-0.0077,0.0182,0.1651,0.4704,-0.6813,0.3063,0.6704,-0.9333,0.3023,-0.4132,0.3336,-0.0267,0.6616,-0.9202,0.4484,-0.5584,0.3615,0.4562,0.5041,-0.6993,0.0,0.0,0.0,0.0,0.0,0.0,0.0,0.0,0.0,
4.68,run,-0.04,3.29,-0.39,-0.32,1.27,0.0,0.0,0.0,0.104,5.71,1.32,7.21,10.63,12.39,-14.33,10.72,-47.72,93.78,-0.97,11.69,-13.27,15.56,-55.81,95.8,16.0,3.34,5.54,5.76,0.9,7.08,10.71,11.81,-14.42,10.57,-47.79,93.29,-0.92,11.37,-13.31,15.72,-55.73,95.76,16.03,2.72,5.5,0.1647,0.4708,-0.6814,0.306,0.6694,-0.9343,0.3019,-0.4143,0.3328,-0.0261,0.6613,-0.9213,0.4491,-0.5587,0.3618,0.458,0.5041,-0.7,0.013,0.013,0.0,0.0,0.013,0.0,0.0,0.0,0.006,0.0,0.0,0.0,0.0,0.006,0.0,0.0,0.013,0.0,0.1089,0.0153,0.1227,0.1825,0.2071,-0.2516,0.1841,-0.836,1.6276,-0.0153,0.1963,-0.2347,0.2715,-0.9802,1.669,0.2792,0.0491,0.0936,0.0314,0.0,-0.0002,0.0,-0.0,-0.0002,-0.0,0.0,-0.004,-0.0,-0.0,-0.0,0.0057,-0.0032,-0.0004,-0.0,-0.0,0.0,-0.0181,0.0572,0.0061,0.0037,-0.0302,0.1663,0.4711,-0.682,0.3075,0.6721,-0.9327,0.3031,-0.4117,0.3342,-0.0285,0.663,-0.9194,0.4473,-0.558,0.3611,0.4548,0.5047,-0.6976,0.0,0.0,0.0,0.0,0.0,0.0,0.0,0.0,0.0,
4.72,run,-0.04,3.31,0.34,0.5,0.26,0.0,0.0,0.0,0.104,5.62,1.32,7.21,10.63,12.39,-14.33,10.72,-47.72,93.78,-0.97,11.69,-13.27,15.56,-55.9,95.8,16.0,3.34,5.54,5.81,0.87,6.96,10.76,11.92,-14.21,10.61,-47.61,93.39,-0.97,11.43,-13.18,15.67,-55.64,95.75,15.93,2.73,5.67,0.1661,0.4704,-0.6828,0.3075,0.6713,-0.9319,0.303,-0.4111,0.334,-0.0278,0.6625,-0.9198,0.4478,-0.5571,0.3618,0.4552,0.5042,-0.6981,0.013,0.013,0.0,0.0,0.013,0.0,0.0,0.0,0.006,0.0,0.0,0.0,0.0,0.006,0.0,0.0,0.013,0.0,0.0997,0.0153,0.1227,0.1825,0.2071,-0.2516,0.1841,-0.836,1.6276,-0.0153,0.1963,-0.2347,0.27,-0.9787,1.669,0.2792,0.0491,0.0936,-0.0125,0.0,-0.0001,0.0,-0.0,-0.0001,-0.0,0.0,-0.0028,-0.0,-0.0,-0.0,-0.0018,0.0035,-0.0003,-0.0,-0.0,0.0,-0.0175,0.0569,-0.0068,-0.0057,0.0222,0.1647,0.4708,-0.6814,0.306,0.6694,-0.9343,0.3019,-0.4143,0.3328,-0.0261,0.6613,-0.9213,0.4491,-0.5587,0.3618,0.458,0.5041,-0.7,0.0,0.0,0.0,0.0,0.0,0.0,0.0,0.0,0.0,
4.76,run,-0.05,3.31,-0.15,-0.19,-1.09,0.0,0.0,0.0,0.104,6.24,1.32,7.21,10.63,12.39,-14.33,10.72,-47.72,93.78,-0.97,11.69,-13.27,15.56,-55.81,95.8,16.0,3.34,5.54,5.8,0.85,7.07,10.71,11.91,-14.31,10.58,-47.71,93.29,-0.95,11.39,-13.18,15.67,-55.71,95.66,15.96,2.77,5.5,0.1657,0.47,-0.6816,0.3061,0.6711,-0.9331,0.3024,-0.4129,0.3329,-0.0272,0.6617,-0.9197,0.4477,-0.5584,0.3608,0.4559,0.505,-0.7,0.006,0.006,0.0,0.0,0.006,0.0,0.006,0.0,0.013,0.0,0.006,0.0,0.0,0.0,0.006,0.0,0.013,0.0,0.0982,0.0153,0.1227,0.1825,0.2071,-0.2516,0.1841,-0.836,1.6276,-0.0153,0.1963,-0.2347,0.27,-0.9802,1.669,0.2792,0.0491,0.0936,-0.0145,0.0,-0.0001,0.0,-0.0,-0.0001,-0.0,0.0,-0.0019,-0.0,-0.0,-0.0,-0.0012,-0.0033,-0.0002,-0.0,-0.0,0.0,-0.0172,0.0593,0.0059,0.0087,0.0046,0.1661,0.4704,-0.6828,0.3075,0.6713,-0.9319,0.303,-0.4111,0.334,-0.0278,0.6625,-0.9198,0.4478,-0.5571,0.3618,0.4552,0.5042,-0.6981,0.0,0.0,0.0,0.0,0.0,0.0,0.0,0.0,0.0,
4.8,run,-0.07,3.3,-0.39,-0.17,1.36,0.0,0.0,0.0,0.104,5.45,1.32,7.21,10.63,12.39,-14.33,10.72,-47.72,93.78,-0.97,11.69,-13.27,15.56,-55.81,95.8,16.0,3.34,5.54,5.77,0.89,7.05,10.73,11.83,-14.38,10.58,-47.76,93.38,-0.92,11.37,-13.3,15.72,-55.7,95.81,16.02,2.71,5.57,0.1647,0.4708,-0.6818,0.3065,0.6695,-0.9339,0.3024,-0.4138,0.3338,-0.0264,0.6613,-0.9212,0.4492,-0.5582,0.3624,0.4577,0.5039,-0.6992,0.006,0.006,0.0,0.0,0.006,0.0,0.006,0.0,0.013,0.0,0.006,0.0,0.0,0.0,0.006,0.0,0.013,0.0,0.1089,0.0153,0.1227,0.1825,0.2071,-0.2516,0.1841,-0.836,1.6276,-0.0153,0.1963,-0.2347,0.27,-0.9787,1.669,0.2792,0.0491,0.0936,0.0302,0.0,-0.0001,0.0,-0.0,-0.0001,-0.0,0.0,-0.0014,-0.0,-0.0,-0.0,-0.0009,0.0035,-0.0001,-0.0,-0.0,0.0,-0.0178,0.0587,-0.0027,-0.0034,-0.019,0.1657,0.47,-0.6816,0.3061,0.6711,-0.9331,0.3024,-0.4129,0.3329,-0.0272,0.6617,-0.9197,0.4477,-0.5584,0.3608,0.4559,0.505,-0.7,0.0,0.0,0.0,0.0,0.0,0.0,0.0,0.0,0.0,
4.84,run,-0.07,3.32,0.15,0.33,-0.56,0.0,0.0,0.0,0.104,5.8,1.32,7.21,10.63,12.39,-14.33,10.72,-47.72,93.78,-0.97,11.69,-13.27,15.56,-55.9,95.8,16.0,3.34,5.54,5.83,0.88,7.03,10.75,11.97,-14.26,10.61,-47.64,93.42,-0.99,11.45,-13.13,15.66,-55.69,95.71,15.91,2.77,5.66,0.1665,0.4705,-0.682,0.3072,0.6722,-0.9324,0.3031,-0.4116,0.3343,-0.0283,0.6627,-0.9192,0.4474,-0.5581,0.3612,0.4546,0.5048,-0.6981,0.006,0.006,0.0,0.0,0.006,0.0,0.006,0.0,0.013,0.0,0.006,0.0,0.0,0.0,0.006,0.0,0.013,0.0,0.0951,0.0153,0.1227,0.1825,0.2071,-0.2516,0.1841,-0.836,1.6276,-0.0153,0.1963,-0.2347,0.27,-0.9787,1.669,0.2792,0.0491,0.0936,-0.0305,0.0,-0.0,0.0,-0.0,-0.0,-0.0,0.0,-0.0009,-0.0,-0.0,-0.0,-0.0006,0.0024,-0.0001,-0.0,-0.0,0.0,-0.02,0.0583,-0.0068,-0.003,0.0238,0.1647,0.4708,-0.6818,0.3065,0.6695,-0.9339,0.3024,-0.4138,0.3338,-0.0264,0.6613,-0.9212,0.4492,-0.5582,0.3624,0.4577,0.5039,-0.6992,0.0,0.0,0.0,0.0,0.0,0.0,0.0,0.0,0.0,
4.88,run,-0.06,3.33,0.28,0.22,-0.59,0.0,0.0,0.0,0.104,6.06,1.32,7.21,10.63,12.39,-14.33,10.72,-47.72,93.78,-0.97,11.69,-13.27,15.56,-55.81,95.8,16.0,3.34,5.54,5.79,0.88,7.11,10.71,11.89,-14.39,10.58,-47.76,93.34,-0.94,11.39,-13.22,15.69,-55.74,95.71,15.98,2.76,5.53,0.1653,0.4705,-0.681,0.306,0.6707,-0.9339,0.3023,-0.4139,0.3334,-0.0269,0.6616,-0.9202,0.4482,-0.5589,0.3612,0.4567,0.5048,-0.6997,0.013,0.006,0.0,0.0,0.006,0.0,0.0,0.0,0.006,0.0,0.006,0.0,0.0,0.0,0.0,0.0,0.013,0.0,0.1012,0.0153,0.1227,0.1825,0.2071,-0.2516,0.1841,-0.836,1.6276,-0.0153,0.1963,-0.2347,0.27,-0.9802,1.669,0.2792,0.0491,0.0936,0.0017,0.0,-0.0,0.0,-0.0,-0.0,-0.0,0.0,-0.0007,-0.0,-0.0,-0.0,-0.0004,-0.0041,-0.0001,-0.0,-0.0,0.0,-0.0194,0.0595,0.0025,0.0058,-0.0098,0.1665,0.4705,-0.682,0.3072,0.6722,-0.9324,0.3031,-0.4116,0.3343,-0.0283,0.6627,-0.9192,0.4474,-0.5581,0.3612,0.4546,0.5048,-0.6981,0.0,0.0,0.0,0.0,0.0,0.0,0.0,0.0,0.0,
4.92,run,-0.06,3.32,-0.21,-0.08,1.35,0.0,0.0,0.0,0.104,5.45,1.32,7.21,10.63,12.39,-14.33,10.72,-47.72,93.78,-0.97,11.69,-13.27,15.56,-55.9,95.8,16.0,3.34,5.54,5.78,0.85,7.1,10.71,11.85,-14.36,10.58,-47.76,93.35,-0.92,11.36,-13.24,15.7,-55.72,95.76,15.99,2.73,5.52,0.165,0.4701,-0.6812,0.3059,0.67,-0.9336,0.3022,-0.4138,0.3336,-0.0263,0.6611,-0.9205,0.4486,-0.5586,0.3619,0.4569,0.5042,-0.6998,0.013,0.006,0.0,0.0,0.006,0.0,0.0,0.0,0.006,0.0,0.006,0.0,0.0,0.0,0.0,0.0,0.013,0.0,0.1058,0.0153,0.1227,0.1825,0.2071,-0.2516,0.1841,-0.836,1.6276,-0.0153,0.1963,-0.2347,0.27,-0.9787,1.669,0.2792,0.0491,0.0936,0.0185,0.0,-0.0,0.0,-0.0,-0.0,-0.0,0.0,-0.0005,-0.0,-0.0,-0.0,-0.0003,0.0029,-0.0,-0.0,-0.0,0.0,-0.0186,0.0609,0.0048,0.0038,-0.0102,0.1653,0.4705,-0.681,0.306,0.6707,-0.9339,0.3023,-0.4139,0.3334,-0.0269,0.6616,-0.9202,0.4482,-0.5589,0.3612,0.4567,0.5048,-0.6997,0.0,0.0,0.0,0.0,0.0,0.0,0.0,0.0,0.0,
4.96,run,-0.04,3.33,0.39,0.24,-1.26,0.0,0.0,0.0,0.104,6.06,1.32,7.21,10.63,12.39,-14.33,10.72,-47.72,93.78,-0.97,11.69,-13.27,15.56,-55.9,95.8,16.0,3.34,5.54,5.82,0.87,7.05,10.74,11.95,-14.28,10.6,-47.66,93.38,-0.98,11.43,-13.14,15.66,-55.69,95.69,15.92,2.78,5.63,0.1663,0.4704,-0.6818,0.3069,0.6719,-0.9327,0.3029,-0.412,0.3339,-0.0281,0.6624,-0.9192,0.4473,-0.5581,0.3611,0.455,0.505,-0.6984,0.013,0.006,0.0,0.0,0.006,0.0,0.0,0.0,0.006,0.0,0.006,0.0,0.0,0.0,0.0,0.0,0.013,0.0,0.0951,0.0153,0.1227,0.1825,0.2071,-0.2516,0.1841,-0.836,1.6276,-0.0153,0.1963,-0.2347,0.27,-0.9802,1.669,0.2792,0.0491,0.0936,-0.0276,0.0,-0.0,0.0,-0.0,-0.0,-0.0,0.0,-0.0003,-0.0,-0.0,-0.0,-0.0002,-0.0038,-0.0,-0.0,-0.0,0.0,-0.0186,0.0602,-0.0036,-0.0014,0.0236,0.165,0.4701,-0.6812,0.3059,0.67,-0.9336,0.3022,-0.4138,0.3336,-0.0263,0.6611,-0.9205,0.4486,-0.5586,0.3619,0.4569,0.5042,-0.6998,0.0,0.0,0.0,0.0,0.0,0.0,0.0,0.0,0.0,
5.0,run,-0.01,3.32,0.11,0.07,-0.18,0.0,0.0,0.0,0.104,5.89,1.32,7.21,10.63,12.39,-14.33,10.72,-47.72,93.78,-0.97,11.69,-13.27,15.56,-55.81,95.8,16.0,3.34,5.54,5.77,0.87,7.1,10.7,11.83,-14.41,10.57,-47.8,93.31,-0.92,11.35,-13.28,15.71,-55.75,95.74,16.02,2.75,5.48,0.1648,0.4703,-0.6812,0.3058,0.6697,-0.9343,0.3021,-0.4146,0.333,-0.0263,0.661,-0.9209,0.4489,-0.559,0.3617,0.4578,0.5046,-0.7003,0.006,0.006,0.0,0.0,0.013,0.0,0.006,0.0,0.006,0.0,0.006,0.006,0.006,0.0,0.0,0.0,0.013,0.0,0.1058,0.0153,0.1227,0.1825,0.2071,-0.2516,0.1841,-0.836,1.6276,-0.0153,0.1963,-0.2347,0.27,-0.9802,1.669,0.2792,0.0491,0.0936,0.0207,0.0,-0.0,0.0,-0.0,-0.0,-0.0,0.0,-0.0002,-0.0,-0.0,-0.0,-0.0001,-0.0026,-0.0,-0.0,-0.0,0.0,-0.0167,0.0607,0.0068,0.0042,-0.0219,0.1663,0.4704,-0.6818,0.3069,0.6719,-0.9327,0.3029,-0.412,0.3339,-0.0281,0.6624,-0.9192,0.4473,-0.5581,0.3611,0.455,0.505,-0.6984,0.0,0.0,0.0,0.0,0.0,0.0,0.0,0.0,0.0,
5.04,run,-0.02,3.3,-0.35,-0.36,1.33,0.7,0.0,0.0,0.104,5.45,1.32,7.21,10.63,12.39,-14.33,10.72,-47.72,93.78,-0.97,11.69,-13.27,15.56,-55.9,95.8,16.0,3.34,5.54,5.88,1.26,6.75,10.87,12.29,-14.56,10.7,-47.66,94.01,-0.98,11.78,-13.43,15.72,-55.66,96.9,16.13,3.01,5.75,0.1679,0.4774,-0.6853,0.3105,0.6779,-0.936,0.3058,-0.412,0.3413,-0.028,0.6687,-0.9227,0.4491,-0.5575,0.3753,0.461,0.5093,-0.6971,0.006,0.006,0.0,0.0,0.013,0.0,0.006,0.0,0.006,0.0,0.006,0.006,0.006,0.0,0.0,0.0,0.013,0.0,0.1028,0.0153,0.1227,0.1825,0.2071,-0.2516,0.1841,-0.836,1.6276,-0.0153,0.1963,-0.2347,0.27,-0.9787,1.669,0.2792,0.0491,0.0936,0.0029,0.0,-0.0,0.0,-0.0,-0.0,-0.0,0.0,-0.0002,-0.0,-0.0,-0.0,-0.0001,0.0039,-0.0,-0.0,-0.0,0.0,-0.0149,0.0597,0.0019,0.0011,-0.0032,0.1648,0.4703,-0.6812,0.3058,0.6697,-0.9343,0.3021,-0.4146,0.333,-0.0263,0.661,-0.9209,0.4489,-0.559,0.3617,0.4578,0.5046,-0.7003,0.0,0.0,0.0148,0.0,0.0,0.0,0.0,0.0,0.0,
5.08,run,0.0,3.31,0.31,0.15,-1.48,1.5,0.0,0.0,0.104,6.24,1.32,7.12,10.63,12.39,-14.41,10.72,-47.72,93.78,-0.97,11.69,-13.36,15.56,-55.81,95.8,16.0,3.34,5.54,6.03,1.69,6.31,11.03,12.81,-14.66,10.84,-47.46,94.81,-1.06,12.28,-13.59,15.73,-55.53,98.18,16.28,3.35,6.14,0.1724,0.4852,-0.6905,0.3151,0.6874,-0.9372,0.3096,-0.4084,0.3508,-0.0302,0.6778,-0.9246,0.4495,-0.5551,0.3904,0.4651,0.5154,-0.6924,0.006,0.006,0.0,0.0,0.013,0.0,0.006,0.0,0.006,0.0,0.006,0.006,0.006,0.0,0.0,0.0,0.013,0.0,0.0951,0.0153,0.1227,0.1825,0.2071,-0.2516,0.1841,-0.836,1.6276,-0.0153,0.1963,-0.2347,0.27,-0.9802,1.669,0.2792,0.0491,0.0936,-0.0268,0.0,-0.0,0.0,-0.0,-0.0,-0.0,0.0,-0.0001,-0.0,-0.0,-0.0,-0.0001,-0.003,-0.0,-0.0,-0.0,0.0,-0.0152,0.0581,-0.0061,-0.0063,0.0232,0.1679,0.4774,-0.6853,0.3105,0.6779,-0.936,0.3058,-0.412,0.3413,-0.028,0.6687,-0.9227,0.4491,-0.5575,0.3753,0.461,0.5093,-0.6971,0.0,0.0,0.0296,0.0,0.0,0.0,0.0,0.0,0.0,
5.12,run,0.02,3.32,-0.17,-0.14,1.19,2.2,0.0,0.0,0.104,5.89,1.32,6.86,10.63,12.39,-14.59,10.72,-47.72,93.78,-0.97,11.69,-13.62,15.64,-55.63,96.15,16.08,3.34,5.62,6.09,2.05,6.05,11.09,13.1,-14.93,10.91,-47.52,95.51,-0.99,12.61,-13.92,15.83,-55.48,99.5,16.56,3.6,6.24,0.174,0.4919,-0.6935,0.3167,0.6928,-0.9404,0.3116,-0.4094,0.359,-0.0283,0.6838,-0.9285,0.4523,-0.5542,0.4059,0.4733,0.5201,-0.6913,0.006,0.006,0.006,0.013,0.006,0.006,0.0,0.006,0.013,0.0,0.0,0.006,0.006,0.006,0.013,0.006,0.0,0.006,0.1089,0.0153,0.1212,0.1825,0.2071,-0.2531,0.1841,-0.836,1.6276,-0.0153,0.1963,-0.2362,0.27,-0.9787,1.669,0.2792,0.0491,0.0936,0.0327,0.0,-0.0057,0.0,-0.0,-0.0057,-0.0,0.0,-0.0001,-0.0,-0.0,-0.0057,-0.0,0.0036,-0.0,-0.0,-0.0,0.0,-0.0134,0.0589,0.0053,0.0026,-0.0258,0.1724,0.4852,-0.6905,0.3151,0.6874,-0.9372,0.3096,-0.4084,0.3508,-0.0302,0.6778,-0.9246,0.4495,-0.5551,0.3904,0.4651,0.5154,-0.6924,0.0,0.0,0.0444,0.0,0.0,0.0,0.0,0.0,0.0,
5.16,run,0.03,3.3,-0.44,-0.33,0.22,3.0,0.0,0.0,0.104,5.8,1.58,6.42,10.63,12.66,-14.85,10.72,-47.64,94.48,-0.97,12.22,-13.8,15.64,-55.55,97.29,16.44,3.43,5.98,6.24,2.5,5.5,11.27,13.63,-14.9,11.04,-47.26,96.28,-1.07,13.07,-13.99,15.84,-55.36,100.72,16.65,3.87,6.6,0.1784,0.5,-0.7001,0.3219,0.7024,-0.9401,0.3155,-0.4046,0.368,-0.0306,0.6921,-0.9293,0.4525,-0.552,0.4203,0.4758,0.5248,-0.6871,0.006,0.006,0.006,0.013,0.006,0.006,0.0,0.006,0.013,0.0,0.0,0.006,0.006,0.006,0.013,0.006,0.0,0.006,0.1028,0.0153,0.1166,0.1825,0.2071,-0.2562,0.1841,-0.836,1.6276,-0.0153,0.1963,-0.2408,0.2715,-0.9756,1.6751,0.2807,0.0491,0.0951,-0.0001,0.0,-0.0213,0.0,-0.0,-0.0155,-0.0,0.0,-0.0001,-0.0,-0.0,-0.0213,0.0057,0.014,0.023,0.0058,-0.0,0.0058,-0.0116,0.0594,-0.0031,-0.0025,0.0208,0.174,0.4919,-0.6935,0.3167,0.6928,-0.9404,0.3116,-0.4094,0.359,-0.0283,0.6838,-0.9285,0.4523,-0.5542,0.4059,0.4733,0.5201,-0.6913,0.0,0.0,0.0592,0.0,0.0,0.0,0.0,0.0,0.0,
5.2,run,0.04,3.32,0.57,0.52,-0.18,3.7,0.0,0.0,0.104,6.59,1.93,6.15,10.72,13.01,-14.77,10.72,-47.55,94.92,-0.97,12.57,-13.89,15.64,-55.46,98.35,16.44,3.52,6.15,6.35,3.08,4.69,11.54,14.01,-14.9,11.05,-47.21,96.97,-1.2,13.3,-14.17,15.84,-55.45,101.83,16.72,3.87,6.67,0.1814,0.5105,-0.7096,0.3298,0.7094,-0.94,0.3158,-0.4038,0.3761,-0.0341,0.6963,-0.9314,0.4526,-0.5536,0.4333,0.4777,0.525,-0.6862,0.006,0.006,0.006,0.013,0.006,0.006,0.0,0.006,0.013,0.0,0.0,0.006,0.006,0.006,0.013,0.006,0.0,0.006,0.1012,0.0199,0.1089,0.1825,0.2117,-0.2608,0.1841,-0.8345,1.6398,-0.0153,0.2056,-0.2439,0.2715,-0.9741,1.695,0.2869,0.0506,0.1012,-0.0058,0.0172,-0.0436,0.0,0.0172,-0.0281,-0.0,0.0057,0.0459,-0.0,0.0345,-0.0264,0.004,0.0156,0.0908,0.027,0.0057,0.027,-0.0112,0.0578,-0.0077,-0.0058,0.0039,0.1784,0.5,-0.7001,0.3219,0.7024,-0.9401,0.3155,-0.4046,0.368,-0.0306,0.6921,-0.9293,0.4525,-0.552,0.4203,0.4758,0.5248,-0.6871,0.0,0.0,0.074,0.0,0.0,0.0,0.0,0.0,0.0,
5.24,run,0.01,3.31,-0.66,-0.43,0.26,4.4,0.0,0.0,0.104,6.15,2.46,5.71,10.99,13.45,-14.85,10.72,-47.29,95.19,-1.14,12.92,-13.97,15.64,-55.55,99.67,16.7,3.78,6.42,6.36,3.42,4.11,11.7,14.1,-14.81,11.0,-46.99,97.29,-1.14,13.3,-14.18,15.85,-55.3,102.91,16.81,3.71,6.67,0.1817,0.5168,-0.7164,0.3343,0.7109,-0.939,0.3143,-0.3998,0.3798,-0.0326,0.6963,-0.9315,0.4528,-0.5508,0.446,0.4803,0.5221,-0.6862,0.006,0.006,0.006,0.006,0.006,0.0,0.0,0.006,0.0,0.006,0.0,0.0,0.006,0.006,0.006,0.0,0.0,0.0,0.115,0.0261,0.1043,0.1841,0.2178,-0.2592,0.1841,-0.833,1.6475,-0.0153,0.2117,-0.2454,0.2715,-0.9725,1.7135,0.2869,0.0522,0.1043,0.0477,0.0351,-0.0478,0.0058,0.0351,-0.0139,-0.0,0.0098,0.0609,-0.0,0.0472,-0.0242,0.0028,0.0167,0.1326,0.0189,0.0098,0.0304,-0.0104,0.0596,0.01,0.0091,-0.0032,0.1814,0.5105,-0.7096,0.3298,0.7094,-0.94,0.3158,-0.4038,0.3761,-0.0341,0.6963,-0.9314,0.4526,-0.5536,0.4333,0.4777,0.525,-0.6862,0.0,0.0,0.0888,0.0,0.0,0.0,0.0,0.0,0.0,
5.28,run,-0.01,3.3,-0.56,-0.27,1.02,5.2,0.0,0.0,0.104,6.15,2.99,5.1,11.25,13.8,-14.68,10.72,-47.2,96.15,-1.14,13.18,-14.06,15.64,-55.55,100.81,16.7,3.78,6.59,6.43,4.09,3.32,12.04,14.34,-14.66,10.99,-46.69,97.72,-1.31,13.42,-14.0,15.83,-55.3,103.65,16.78,3.63,6.95,0.1836,0.529,-0.7256,0.3439,0.7152,-0.9371,0.3139,-0.3943,0.3849,-0.0375,0.6985,-0.9294,0.4522,-0.5509,0.4547,0.4793,0.5205,-0.683,0.006,0.006,0.006,0.006,0.006,0.0,0.0,0.006,0.0,0.006,0.0,0.0,0.006,0.006,0.006,0.0,0.0,0.0,0.1074,0.0353,0.0966,0.1887,0.2255,-0.2608,0.1841,-0.8283,1.6521,-0.0184,0.2178,-0.247,0.2715,-0.9741,1.7365,0.2915,0.0568,0.1089,0.0066,0.0567,-0.0602,0.0201,0.0514,-0.0151,-0.0,0.0229,0.0587,-0.0107,0.0544,-0.0223,0.002,0.0063,0.1732,0.0293,0.0229,0.0374,-0.0129,0.059,-0.0116,-0.0075,0.0046,0.1817,0.5168,-0.7164,0.3343,0.7109,-0.939,0.3143,-0.3998,0.3798,-0.0326,0.6963,-0.9315,0.4528,-0.5508,0.446,0.4803,0.5221,-0.6862,0.0,0.0,0.1036,0.0,0.0,0.0,0.0,0.0,0.0,
5.32,run,0.02,3.3,0.04,0.03,-1.58,5.9,0.0,0.0,0.104,6.68,3.34,4.48,11.34,13.97,-14.68,10.81,-47.2,96.68,-1.14,13.18,-13.97,15.64,-55.37,101.87,16.79,3.78,6.59,6.46,4.54,2.64,12.28,14.5,-14.7,10.96,-46.34,97.95,-1.37,13.47,-13.9,15.77,-55.22,104.43,16.78,3.46,7.07,0.1844,0.537,-0.7336,0.3507,0.7182,-0.9376,0.3131,-0.3879,0.3877,-0.039,0.6994,-0.9283,0.4506,-0.5494,0.4639,0.4795,0.5174,-0.6815,0.006,0.006,0.006,0.006,0.006,0.0,0.0,0.006,0.0,0.006,0.0,0.0,0.006,0.006,0.006,0.0,0.0,0.0,0.1074,0.0445,0.0859,0.1933,0.2316,-0.2577,0.1841,-0.8268,1.669,-0.0184,0.2224,-0.2485,0.2715,-0.9741,1.7564,0.2915,0.0568,0.112,0.0046,0.0773,-0.0861,0.0329,0.061,0.002,-0.0,0.0223,0.1101,-0.0075,0.0569,-0.0219,0.0014,0.0044,0.2028,0.0205,0.016,0.0387,-0.0143,0.0583,-0.0097,-0.0047,0.0178,0.1836,0.529,-0.7256,0.3439,0.7152,-0.9371,0.3139,-0.3943,0.3849,-0.0375,0.6985,-0.9294,0.4522,-0.5509,0.4547,0.4793,0.5205,-0.683,0.0,0.0,0.1184,0.0,0.0,0.0,0.0,0.0,0.0,
5.36,run,-0.0,3.28,-0.32,-0.29,-0.65,6.7,0.0,0.0,0.104,5.98,4.04,3.52,11.87,14.33,-14.68,10.81,-46.41,97.29,-1.49,13.27,-13.97,15.64,-55.28,103.36,16.79,3.78,6.86,6.43,5.07,2.1,12.48,14.58,-14.88,10.97,-46.13,98.2,-1.39,13.53,-13.93,15.81,-55.19,105.22,16.89,3.37,7.13,0.1837,0.5467,-0.74,0.3565,0.7196,-0.9398,0.3133,-0.3841,0.3906,-0.0397,0.7006,-0.9286,0.4517,-0.5488,0.4732,0.4826,0.5158,-0.6809,0.019,0.006,0.006,0.006,0.0,0.006,0.006,0.0,0.013,0.0,0.0,0.0,0.006,0.0,0.0,0.0,0.006,0.0,0.1166,0.0506,0.0752,0.1948,0.2347,-0.2577,0.1856,-0.8268,1.6782,-0.0184,0.2224,-0.247,0.2715,-0.971,1.7748,0.293,0.0568,0.112,0.0376,0.077,-0.1004,0.0288,0.0542,0.0014,0.0057,0.0156,0.1115,-0.0053,0.0399,-0.0096,0.001,0.0145,0.2107,0.0201,0.0112,0.0271,-0.0116,0.0583,0.0007,0.0005,-0.0275,0.1844,0.537,-0.7336,0.3507,0.7182,-0.9376,0.3131,-0.3879,0.3877,-0.039,0.6994,-0.9283,0.4506,-0.5494,0.4639,0.4795,0.5174,-0.6815,0.0,0.0,0.1332,0.0,0.0,0.0,0.0,0.0,0.0,
5.4,run,0.02,3.28,0.8,0.84,-0.42,7.4,0.0,0.0,0.104,6.24,4.48,2.99,12.13,14.5,-14.77,10.81,-46.32,97.56,-1.41,13.45,-13.97,15.73,-55.37,104.06,16.79,3.78,6.94,6.46,5.69,1.27,12.8,14.68,-14.63,10.9,-45.62,98.38,-1.49,13.51,-13.56,15.76,-55.18,105.73,16.79,3.17,7.31,0.1847,0.558,-0.7498,0.3656,0.7215,-0.9369,0.3114,-0.3749,0.3927,-0.0426,0.7001,-0.9243,0.4503,-0.5487,0.4792,0.4798,0.5122,-0.6787,0.019,0.006,0.006,0.006,0.0,0.006,0.006,0.0,0.013,0.0,0.0,0.0,0.006,0.0,0.0,0.0,0.006,0.0,0.1043,0.0629,0.0583,0.204,0.2408,-0.2577,0.1856,-0.813,1.6889,-0.0245,0.224,-0.247,0.2715,-0.9695,1.8009,0.293,0.0568,0.1166,-0.0062,0.0864,-0.1149,0.0445,0.0542,0.001,0.004,0.0475,0.1064,-0.0199,0.032,-0.0067,0.0007,0.0142,0.2165,0.0141,0.0079,0.0312,-0.0137,0.0562,-0.0056,-0.005,-0.0113,0.1837,0.5467,-0.74,0.3565,0.7196,-0.9398,0.3133,-0.3841,0.3906,-0.0397,0.7006,-0.9286,0.4517,-0.5488,0.4732,0.4826,0.5158,-0.6809,0.0,0.0,0.148,0.0,0.0,0.0,0.0,0.0,0.0,
5.44,run,0.02,3.3,0.36,0.36,-0.62,8.1,0.0,0.0,0.104,6.77,4.92,2.55,12.13,14.5,-14.77,10.81,-46.14,97.65,-1.41,13.45,-13.89,15.64,-55.37,104.77,16.79,3.78,7.03,6.43,6.01,0.79,12.95,14.73,-14.56,10.86,-45.29,98.46,-1.46,13.48,-13.41,15.72,-54.99,106.37,16.84,3.06,7.29,0.1838,0.5638,-0.7554,0.3701,0.7223,-0.936,0.3102,-0.369,0.3937,-0.0417,0.6997,-0.9225,0.449,-0.5452,0.4867,0.4811,0.5101,-0.679,0.019,0.006,0.006,0.006,0.0,0.006,0.006,0.0,0.013,0.0,0.0,0.0,0.006,0.0,0.0,0.0,0.006,0.0,0.1089,0.0706,0.0491,0.2086,0.2439,-0.2592,0.1856,-0.8115,1.6935,-0.023,0.227,-0.247,0.273,-0.971,1.8132,0.293,0.0568,0.1181,0.0178,0.0973,-0.1246,0.0532,0.0526,-0.0067,0.0028,0.0406,0.0966,-0.0066,0.0371,-0.0047,0.0078,0.0026,0.2105,0.0098,0.0055,0.0292,-0.0119,0.0566,0.014,0.0146,-0.0074,0.1847,0.558,-0.7498,0.3656,0.7215,-0.9369,0.3114,-0.3749,0.3927,-0.0426,0.7001,-0.9243,0.4503,-0.5487,0.4792,0.4798,0.5122,-0.6787,0.0,0.0,0.1628,0.0,0.0,0.0,0.0,0.0,0.0,
5.48,run,0.01,3.3,0.03,0.03,1.35,8.9,0.0,0.0,0.104,5.98,5.45,1.85,12.39,14.5,-14.77,10.81,-45.7,97.82,-1.32,13.45,-13.71,15.64,-55.37,105.56,16.79,3.6,7.12,6.42,6.56,0.24,13.18,14.79,-14.49,10.89,-44.89,98.8,-1.5,13.57,-13.23,15.73,-54.71,107.2,16.92,2.97,7.71,0.1835,0.5737,-0.7619,0.3766,0.7235,-0.9352,0.3112,-0.3616,0.3977,-0.0427,0.7013,-0.9204,0.4493,-0.5402,0.4965,0.4835,0.5086,-0.674,0.013,0.0,0.006,0.006,0.0,0.0,0.0,0.006,0.013,0.0,0.0,0.0,0.0,0.013,0.006,0.006,0.013,0.006,0.1181,0.0782,0.0414,0.2086,0.2439,-0.2592,0.1856,-0.8084,1.695,-0.023,0.227,-0.2454,0.2715,-0.971,1.8254,0.293,0.0568,0.1197,0.0468,0.0968,-0.1159,0.0373,0.0369,-0.0047,0.002,0.0399,0.0733,-0.0046,0.026,0.0024,-0.0002,0.0018,0.1932,0.0069,0.0039,0.0261,-0.0119,0.0578,0.0063,0.0062,-0.0109,0.1838,0.5638,-0.7554,0.3701,0.7223,-0.936,0.3102,-0.369,0.3937,-0.0417,0.6997,-0.9225,0.449,-0.5452,0.4867,0.4811,0.5101,-0.679,0.0,0.0,0.1776,0.0,0.0,0.0,0.0,0.0,0.0,
5.52,run,0.04,3.31,0.47,0.47,-0.9,9.6,0.0,0.0,0.104,6.59,5.89,1.23,12.74,14.5,-14.5,10.81,-45.18,98.0,-1.41,13.45,-13.27,15.64,-54.93,106.26,16.79,3.52,7.29,6.49,7.04,-0.48,13.42,15.0,-14.33,10.94,-44.42,98.94,-1.61,13.71,-12.93,15.67,-54.62,107.68,16.89,2.95,7.91,0.1855,0.5826,-0.7704,0.3834,0.7273,-0.9333,0.3124,-0.353,0.3992,-0.0461,0.7038,-0.9168,0.4477,-0.5385,0.5021,0.4824,0.5082,-0.6717,0.013,0.0,0.006,0.006,0.0,0.0,0.0,0.006,0.013,0.0,0.0,0.0,0.0,0.013,0.006,0.006,0.013,0.006,0.1043,0.0874,0.0291,0.2132,0.2439,-0.2592,0.1856,-0.8007,1.6981,-0.0215,0.227,-0.2424,0.2715,-0.971,1.8392,0.293,0.0537,0.1212,-0.0188,0.1021,-0.127,0.0433,0.0258,-0.0033,0.0014,0.0566,0.0628,0.0025,0.0182,0.0132,-0.0002,0.0013,0.1868,0.0048,-0.0088,0.024,-0.0126,0.0577,0.0005,0.0005,0.0235,0.1835,0.5737,-0.7619,0.3766,0.7235,-0.9352,0.3112,-0.3616,0.3977,-0.0427,0.7013,-0.9204,0.4493,-0.5402,0.4965,0.4835,0.5086,-0.674,0.0,0.0,0.1924,0.0,0.0,0.0,0.0,0.0,0.0,
5.56,run,0.02,3.3,-0.66,-0.54,0.93,10.4,0.0,0.0,0.104,6.5,6.42,0.62,12.83,14.5,-14.5,10.81,-44.82,98.26,-1.49,13.54,-13.27,15.64,-54.84,107.05,16.79,3.52,7.65,6.42,7.35,-0.9,13.55,14.89,-14.16,10.87,-44.21,98.91,-1.57,13.63,-12.8,15.69,-54.44,108.23,16.98,2.81,7.81,0.1833,0.5882,-0.7753,0.3873,0.7252,-0.9313,0.3105,-0.3492,0.3989,-0.0449,0.7024,-0.9153,0.4484,-0.5353,0.5086,0.4853,0.5057,-0.6728,0.013,0.0,0.006,0.006,0.0,0.0,0.0,0.006,0.013,0.0,0.0,0.0,0.0,0.013,0.006,0.006,0.013,0.006,0.115,0.0951,0.0184,0.2194,0.2439,-0.2546,0.1856,-0.7915,1.7012,-0.023,0.227,-0.2347,0.2715,-0.9633,1.8515,0.293,0.0522,0.1243,0.0273,0.1004,-0.1293,0.0534,0.0181,0.0151,0.001,0.0743,0.0555,-0.004,0.0127,0.0381,-0.0001,0.0298,0.177,0.0034,-0.0119,0.0284,-0.0103,0.0592,0.0081,0.0082,-0.0157,0.1855,0.5826,-0.7704,0.3834,0.7273,-0.9333,0.3124,-0.353,0.3992,-0.0461,0.7038,-0.9168,0.4477,-0.5385,0.5021,0.4824,0.5082,-0.6717,0.0,0.0,0.2072,0.0,0.0,0.0,0.0,0.0,0.0,
5.6,run,0.01,3.32,-0.37,-0.3,0.59,11.1,0.0,0.0,0.104,5.98,6.94,0.0,13.18,14.68,-14.41,10.81,-44.38,98.35,-1.49,13.54,-12.83,15.64,-54.67,107.67,16.79,3.43,7.65,6.45,7.94,-1.65,13.85,15.02,-13.87,10.89,-43.68,99.17,-1.69,13.74,-12.46,15.65,-54.18,108.86,16.95,2.7,8.34,0.1844,0.5989,-0.7841,0.3957,0.7277,-0.9279,0.3112,-0.3397,0.402,-0.0482,0.7044,-0.9112,0.447,-0.5305,0.516,0.4844,0.5037,-0.6666,0.0,0.006,0.013,0.006,0.0,0.006,0.0,0.0,0.019,0.0,0.0,0.006,0.0,0.013,0.006,0.0,0.013,0.006,0.1135,0.1043,0.0077,0.2209,0.2439,-0.2546,0.1856,-0.7854,1.7058,-0.0245,0.2286,-0.2347,0.2715,-0.9618,1.8653,0.293,0.0522,0.1304,0.0134,0.1048,-0.1308,0.0432,0.0126,0.0105,0.0007,0.075,0.0561,-0.0086,0.0147,0.0267,-0.0001,0.0266,0.1757,0.0024,-0.0083,0.0429,-0.0116,0.0584,-0.0114,-0.0094,0.0163,0.1833,0.5882,-0.7753,0.3873,0.7252,-0.9313,0.3105,-0.3492,0.3989,-0.0449,0.7024,-0.9153,0.4484,-0.5353,0.5086,0.4853,0.5057,-0.6728,0.0,0.0,0.222,0.0,0.0,0.0,0.0,0.0,0.0,
5.64,run,0.02,3.35,0.18,0.26,-1.49,11.8,0.0,0.0,0.104,6.86,7.38,-0.62,13.36,14.85,-13.97,10.81,-44.03,98.44,-1.67,13.54,-12.74,15.64,-54.4,108.28,16.88,3.34,7.73,6.45,8.33,-2.22,14.03,15.06,-13.71,10.88,-43.39,99.08,-1.77,13.75,-12.22,15.61,-54.1,109.22,16.95,2.65,8.26,0.1844,0.6059,-0.7909,0.401,0.7284,-0.926,0.3109,-0.3343,0.4009,-0.0505,0.7045,-0.9085,0.446,-0.529,0.5202,0.4844,0.5027,-0.6675,0.0,0.006,0.013,0.006,0.0,0.006,0.0,0.0,0.019,0.0,0.0,0.006,0.0,0.013,0.006,0.0,0.013,0.006,0.1043,0.1135,-0.0031,0.227,0.247,-0.2531,0.1856,-0.7777,1.7073,-0.0245,0.2286,-0.227,0.2715,-0.9587,1.8761,0.293,0.0506,0.1304,-0.025,0.1077,-0.1316,0.0531,0.0203,0.0131,0.0005,0.0811,0.045,-0.006,0.0103,0.0473,-0.0001,0.0301,0.1631,0.0017,-0.0116,0.03,-0.0127,0.06,-0.0064,-0.0053,0.0103,0.1844,0.5989,-0.7841,0.3957,0.7277,-0.9279,0.3112,-0.3397,0.402,-0.0482,0.7044,-0.9112,0.447,-0.5305,0.516,0.4844,0.5037,-0.6666,0.0,0.0,0.2368,0.0,0.0,0.0,0.0,0.0,0.0,
5.68,run,-0.01,3.33,-0.53,-0.4,1.66,12.6,0.0,0.0,0.104,5.8,7.82,-1.23,13.62,14.94,-13.89,10.81,-43.68,98.53,-1.67,13.54,-12.39,15.64,-54.32,108.81,16.88,3.34,8.09,6.35,8.67,-2.57,14.16,14.92,-13.7,10.83,-43.16,99.02,-1.71,13.7,-12.09,15.62,-53.83,109.86,17.07,2.47,8.36,0.1813,0.6122,-0.795,0.4045,0.7258,-0.9258,0.3093,-0.3301,0.4003,-0.049,0.7036,-0.907,0.4464,-0.5242,0.5278,0.4876,0.4995,-0.6664,0.0,0.006,0.013,0.006,0.0,0.006,0.0,0.0,0.019,0.0,0.0,0.006,0.0,0.013,0.006,0.0,0.013,0.006,0.1197,0.1212,-0.0138,0.2301,0.25,-0.2454,0.1856,-0.7716,1.7089,-0.0276,0.2286,-0.2255,0.2715,-0.9541,1.8868,0.2945,0.0491,0.1319,0.0399,0.1041,-0.1323,0.0486,0.0257,0.0379,0.0003,0.0797,0.0373,-0.0157,0.0072,0.0388,-0.0,0.0383,0.1543,0.0069,-0.0138,0.0268,-0.0118,0.062,0.0031,0.0046,-0.0259,0.1844,0.6059,-0.7909,0.401,0.7284,-0.926,0.3109,-0.3343,0.4009,-0.0505,0.7045,-0.9085,0.446,-0.529,0.5202,0.4844,0.5027,-0.6675,0.0,0.0,0.2516,0.0,0.0,0.0,0.0,0.0,0.0,
5.72,run,0.02,3.35,0.57,0.58,-1.57,13.3,0.0,0.0,0.104,6.5,8.26,-1.85,13.8,14.94,-13.8,10.81,-43.33,98.53,-1.67,13.62,-12.22,15.64,-54.05,109.42,16.96,3.34,8.17,6.43,9.17,-3.39,14.46,15.11,-13.2,10.88,-42.56,99.05,-1.9,13.82,-11.62,15.53,-53.6,110.17,16.95,2.45,8.68,0.1837,0.6213,-0.8046,0.4132,0.7293,-0.92,0.3107,-0.3193,0.4006,-0.0543,0.7058,-0.9014,0.4438,-0.5201,0.5314,0.4842,0.499,-0.6626,0.013,0.0,0.006,0.013,0.0,0.006,0.0,0.006,0.006,0.013,0.0,0.006,0.0,0.006,0.0,0.0,0.019,0.006,0.1012,0.1289,-0.0245,0.2347,0.2516,-0.2439,0.1856,-0.7655,1.7104,-0.0276,0.2286,-0.2194,0.2715,-0.9526,1.896,0.2945,0.0491,0.1381,-0.0412,0.1017,-0.133,0.0513,0.0237,0.0323,0.0002,0.0789,0.0318,-0.011,0.005,0.0502,-0.0,0.0326,0.1426,0.0048,-0.0097,0.0418,-0.0141,0.0611,-0.0092,-0.007,0.029,0.1813,0.6122,-0.795,0.4045,0.7258,-0.9258,0.3093,-0.3301,0.4003,-0.049,0.7036,-0.907,0.4464,-0.5242,0.5278,0.4876,0.4995,-0.6664,0.0,0.0,0.2664,0.0,0.0,0.0,0.0,0.0,0.0,
5.76,run,0.01,3.37,-0.1,-0.06,0.24,14.1,0.0,0.0,0.104,6.59,8.7,-2.37,13.89,14.94,-13.54,10.81,-42.89,98.53,-1.93,13.62,-12.04,15.64,-53.88,109.86,16.96,3.16,8.26,6.32,9.53,-3.75,14.57,14.99,-13.14,10.82,-42.41,99.06,-1.84,13.72,-11.46,15.54,-53.41,110.76,17.06,2.32,8.61,0.1806,0.6278,-0.8089,0.4164,0.7271,-0.9193,0.3092,-0.3165,0.4007,-0.0526,0.7039,-0.8996,0.4441,-0.5165,0.5384,0.4875,0.4967,-0.6634,0.013,0.0,0.006,0.013,0.0,0.006,0.0,0.006,0.006,0.013,0.0,0.006,0.0,0.006,0.0,0.0,0.019,0.006,0.1135,0.1365,-0.0353,0.2378,0.2516,-0.2424,0.1856,-0.7593,1.7104,-0.0276,0.2301,-0.2163,0.2715,-0.948,1.9067,0.2961,0.0491,0.1396,0.0174,0.1001,-0.1336,0.0475,0.0166,0.0284,0.0002,0.0784,0.0223,-0.0077,0.0093,0.0467,-0.0,0.0401,0.1403,0.0092,-0.0068,0.035,-0.0117,0.0627,0.0099,0.0101,-0.0274,0.1837,0.6213,-0.8046,0.4132,0.7293,-0.92,0.3107,-0.3193,0.4006,-0.0543,0.7058,-0.9014,0.4438,-0.5201,0.5314,0.4842,0.499,-0.6626,0.0,0.0,0.2812,0.0,0.0,0.0,0.0,0.0,0.0,
5.8,run,-0.0,3.35,-0.69,-0.58,1.99,14.8,0.0,0.0,0.104,5.89,9.05,-2.9,14.24,14.94,-13.27,10.81,-42.63,98.53,-1.85,13.62,-11.51,15.64,-53.88,110.21,16.88,2.99,8.53,6.32,9.95,-4.28,14.78,15.04,-12.97,10.86,-41.94,99.15,-1.91,13.84,-11.17,15.5,-53.09,111.31,17.1,2.27,9.09,0.1806,0.6355,-0.815,0.4223,0.7281,-0.9173,0.3103,-0.308,0.4018,-0.0545,0.7062,-0.8961,0.4429,-0.5107,0.5448,0.4884,0.4959,-0.6578,0.013,0.0,0.006,0.013,0.0,0.006,0.0,0.006,0.006,0.013,0.0,0.006,0.0,0.006,0.0,0.0,0.019,0.006,0.115,0.1442,-0.0445,0.2393,0.2516,-0.2378,0.1856,-0.7517,1.7104,-0.0322,0.2301,-0.2132,0.2715,-0.9449,1.9144,0.2961,0.046,0.1411,0.0179,0.0987,-0.1278,0.039,0.0116,0.037,0.0001,0.0834,0.0156,-0.0225,0.0065,0.0442,-0.0,0.0395,0.1268,0.0064,-0.0162,0.0302,-0.0124,0.0644,-0.0017,-0.001,0.0042,0.1806,0.6278,-0.8089,0.4164,0.7271,-0.9193,0.3092,-0.3165,0.4007,-0.0526,0.7039,-0.8996,0.4441,-0.5165,0.5384,0.4875,0.4967,-0.6634,0.0,0.0,0.296,0.0,0.0,0.0,0.0,0.0,0.0,
5.84,run,0.01,3.4,0.44,0.49,-1.61,15.5,0.0,0.0,0.104,6.86,9.49,-3.52,14.41,14.94,-13.1,10.81,-42.28,98.53,-1.85,13.62,-11.51,15.64,-53.53,110.83,17.14,2.99,8.61,6.36,10.36,-4.93,15.02,15.17,-12.74,10.92,-41.49,99.12,-2.04,13.95,-10.84,15.44,-52.86,111.66,17.08,2.24,9.3,0.1817,0.6428,-0.8227,0.4291,0.7304,-0.9145,0.3119,-0.2999,0.4014,-0.0582,0.7082,-0.8923,0.441,-0.5065,0.549,0.4881,0.4953,-0.6553,0.006,0.0,0.006,0.013,0.0,0.006,0.0,0.006,0.006,0.006,0.0,0.006,0.006,0.006,0.006,0.0,0.019,0.0,0.1028,0.1503,-0.0537,0.2454,0.2516,-0.2332,0.1856,-0.747,1.7104,-0.0307,0.2301,-0.204,0.2715,-0.9449,1.9205,0.2945,0.043,0.1457,-0.0335,0.0921,-0.124,0.0503,0.0081,0.0432,0.0001,0.0757,0.0109,-0.01,0.0046,0.0654,-0.0,0.0277,0.1118,-0.0013,-0.0228,0.0384,-0.014,0.0628,-0.0121,-0.0102,0.0347,0.1806,0.6355,-0.815,0.4223,0.7281,-0.9173,0.3103,-0.308,0.4018,-0.0545,0.7062,-0.8961,0.4429,-0.5107,0.5448,0.4884,0.4959,-0.6578,0.0,0.0,0.3108,0.0,0.0,0.0,0.0,0.0,0.0,
5.88,run,-0.0,3.37,-0.76,-0.39,1.74,16.3,0.0,0.0,0.104,5.89,9.93,-4.13,14.5,14.94,-12.83,10.81,-41.75,98.61,-2.02,13.8,-10.99,15.56,-53.26,111.36,17.14,2.81,8.96,6.24,10.72,-5.2,15.11,15.05,-12.71,10.85,-41.39,99.14,-1.97,13.86,-10.68,15.45,-52.66,112.24,17.2,2.12,9.29,0.1783,0.6494,-0.8259,0.4316,0.7283,-0.9143,0.3101,-0.2981,0.4016,-0.0563,0.7066,-0.8903,0.4416,-0.5029,0.5558,0.4915,0.4932,-0.6554,0.006,0.0,0.006,0.013,0.0,0.006,0.0,0.006,0.006,0.006,0.0,0.006,0.006,0.006,0.006,0.0,0.019,0.0,0.1197,0.158,-0.0644,0.2485,0.2516,-0.2301,0.1856,-0.7409,1.7104,-0.0307,0.2301,-0.204,0.2715,-0.9388,1.9313,0.2991,0.043,0.1473,0.0399,0.0933,-0.1271,0.0467,0.0057,0.0417,0.0001,0.076,0.0076,-0.007,0.0032,0.0458,-0.0,0.0424,0.1186,0.0164,-0.016,0.0327,-0.0123,0.0666,0.0076,0.0086,-0.0281,0.1817,0.6428,-0.8227,0.4291,0.7304,-0.9145,0.3119,-0.2999,0.4014,-0.0582,0.7082,-0.8923,0.441,-0.5065,0.549,0.4881,0.4953,-0.6553,0.0,0.0,0.3256,0.0,0.0,0.0,0.0,0.0,0.0,
5.92,run,0.03,3.4,0.88,0.87,-1.8,17.0,0.0,0.0,0.104,6.33,10.28,-4.57,14.77,14.94,-12.83,10.81,-41.57,98.61,-2.02,13.89,-10.81,15.56,-53.09,111.53,17.14,2.81,9.23,6.31,11.13,-5.99,15.38,15.16,-12.12,10.93,-40.79,99.09,-2.14,13.99,-10.21,15.38,-52.34,112.57,17.1,2.09,9.66,0.1804,0.6569,-0.8352,0.4394,0.7302,-0.9073,0.3123,-0.2871,0.4011,-0.0612,0.709,-0.8848,0.4394,-0.4972,0.5597,0.4886,0.4925,-0.651,0.006,0.0,0.006,0.013,0.0,0.006,0.0,0.006,0.006,0.006,0.0,0.006,0.006,0.006,0.006,0.0,0.019,0.0,0.1028,0.1657,-0.0752,0.25,0.2516,-0.2255,0.1856,-0.7317,1.7119,-0.0337,0.2332,-0.1948,0.27,-0.9342,1.9405,0.2991,0.0399,0.1534,-0.0326,0.0928,-0.1275,0.0382,0.004,0.0457,0.0,0.0862,0.0109,-0.0159,0.0132,0.0651,-0.0055,0.0462,0.116,0.0115,-0.0222,0.0449,-0.0137,0.0646,-0.0132,-0.0069,0.0303,0.1783,0.6494,-0.8259,0.4316,0.7283,-0.9143,0.3101,-0.2981,0.4016,-0.0563,0.7066,-0.8903,0.4416,-0.5029,0.5558,0.4915,0.4932,-0.6554,0.0,0.0,0.3404,0.0,0.0,0.0,0.0,0.0,0.0,
5.96,run,0.04,3.41,-0.11,-0.4,0.29,17.8,0.0,0.0,0.104,6.42,10.63,-5.1,14.85,15.03,-12.57,10.81,-41.13,98.7,-2.02,13.89,-10.37,15.47,-52.82,112.15,17.14,2.81,9.23,6.22,11.45,-6.24,15.47,15.13,-12.11,10.89,-40.74,99.04,-2.1,13.93,-10.03,15.36,-52.17,113.05,17.24,2.09,9.58,0.1777,0.6628,-0.8382,0.4419,0.7297,-0.9072,0.3113,-0.2862,0.4005,-0.06,0.7078,-0.8827,0.439,-0.4939,0.5653,0.4925,0.4926,-0.652,0.006,0.0,0.006,0.006,0.0,0.0,0.0,0.0,0.0,0.0,0.0,0.0,0.006,0.013,0.006,0.0,0.019,0.0,0.1104,0.1718,-0.0828,0.2546,0.2516,-0.2255,0.1856,-0.7286,1.7119,-0.0337,0.2347,-0.1917,0.27,-0.9311,1.9436,0.2991,0.0399,0.158,0.0053,0.0875,-0.1174,0.0437,0.0028,0.032,0.0,0.0716,0.0076,-0.0111,0.0149,0.0568,-0.0039,0.0436,0.0925,0.008,-0.0155,0.0483,-0.0106,0.0668,0.0153,0.0151,-0.0314,0.1804,0.6569,-0.8352,0.4394,0.7302,-0.9073,0.3123,-0.2871,0.4011,-0.0612,0.709,-0.8848,0.4394,-0.4972,0.5597,0.4886,0.4925,-0.651,0.0,0.0,0.3552,0.0,0.0,0.0,0.0,0.0,0.0,
6.0,run,0.02,3.42,-0.4,-0.0,2.16,18.5,0.0,0.0,0.104,5.8,11.07,-5.62,15.12,15.03,-12.22,10.81,-40.96,98.7,-2.02,13.89,-10.2,15.47,-52.56,112.76,17.14,2.81,9.4,6.23,11.85,-6.88,15.69,15.12,-11.74,10.95,-40.23,99.12,-2.21,14.02,-9.73,15.32,-51.76,113.64,17.22,1.96,10.04,0.1781,0.6699,-0.8456,0.4483,0.7294,-0.9028,0.3127,-0.2769,0.4014,-0.0631,0.7095,-0.8792,0.4376,-0.4865,0.5722,0.492,0.4901,-0.6466,0.006,0.0,0.006,0.006,0.0,0.0,0.0,0.0,0.0,0.0,0.0,0.0,0.006,0.013,0.006,0.0,0.019,0.0,0.112,0.1779,-0.092,0.2562,0.2531,-0.2209,0.1856,-0.721,1.7135,-0.0337,0.2347,-0.1841,0.2684,-0.9265,1.9543,0.2991,0.0399,0.158,0.0095,0.0843,-0.1167,0.0363,0.0077,0.0397,0.0,0.0789,0.0111,-0.0078,0.0104,0.0686,-0.0085,0.0478,0.105,0.0056,-0.0109,0.0338,-0.01,0.0673,-0.0019,-0.007,0.0051,0.1777,0.6628,-0.8382,0.4419,0.7297,-0.9072,0.3113,-0.2862,0.4005,-0.06,0.7078,-0.8827,0.439,-0.4939,0.5653,0.4925,0.4926,-0.652,0.0,0.0,0.37,0.0,0.0,0.0,0.0,0.0,0.0,
6.04,run,0.02,3.43,0.22,0.06,-1.99,19.2,0.0,0.0,0.104,6.77,11.43,-6.06,15.21,15.03,-12.04,10.81,-40.87,98.7,-2.11,13.89,-10.02,15.38,-52.56,113.03,17.14,2.72,9.4,6.23,12.31,-7.47,15.92,15.23,-11.49,11.01,-39.77,99.02,-2.32,14.13,-9.27,15.26,-51.47,114.06,17.21,1.94,10.25,0.178,0.6784,-0.8526,0.455,0.7314,-0.8999,0.3146,-0.2685,0.4002,-0.0664,0.7114,-0.8738,0.4359,-0.4812,0.5772,0.4917,0.4898,-0.6441,0.006,0.0,0.006,0.006,0.0,0.0,0.0,0.0,0.0,0.0,0.0,0.0,0.006,0.013,0.006,0.0,0.019,0.0,0.1012,0.1856,-0.1012,0.2608,0.2531,-0.2148,0.1856,-0.7179,1.7135,-0.0337,0.2347,-0.181,0.2684,-0.9219,1.965,0.2991,0.0399,0.1611,-0.0336,0.0878,-0.1162,0.0427,0.0054,0.0508,0.0,0.0667,0.0078,-0.0055,0.0073,0.0595,-0.0059,0.0507,0.1138,0.0039,-0.0076,0.0352,-0.0123,0.0682,-0.0071,-0.0001,0.0376,0.1781,0.6699,-0.8456,0.4483,0.7294,-0.9028,0.3127,-0.2769,0.4014,-0.0631,0.7095,-0.8792,0.4376,-0.4865,0.5722,0.492,0.4901,-0.6466,0.0,0.0,0.3848,0.0,0.0,0.0,0.0,0.0,0.0,
6.08,run,-0.0,3.42,-0.63,-0.18,2.36,20.0,0.0,0.0,0.104,5.8,11.78,-6.59,15.47,15.03,-11.6,10.81,-40.08,98.7,-2.29,13.97,-9.49,15.38,-52.12,113.73,17.14,2.64,9.93,6.13,12.7,-7.66,16.01,15.15,-11.74,11.01,-39.71,99.19,-2.28,14.12,-9.24,15.26,-51.23,114.71,17.4,1.88,10.56,0.175,0.6854,-0.8549,0.4575,0.73,-0.9029,0.3147,-0.2675,0.4023,-0.0653,0.7112,-0.8734,0.4361,-0.4768,0.5848,0.4972,0.4887,-0.6405,0.019,0.0,0.0,0.006,0.0,0.006,0.0,0.006,0.006,0.0,0.0,0.006,0.0,0.013,0.006,0.006,0.019,0.0,0.1181,0.1917,-0.1089,0.2623,0.2531,-0.2117,0.1856,-0.7164,1.7135,-0.0353,0.2347,-0.1779,0.2669,-0.9219,1.9696,0.2991,0.0383,0.1611,0.0397,0.0844,-0.1101,0.0356,0.0038,0.047,0.0,0.0525,0.0054,-0.0096,0.0051,0.0531,-0.0099,0.0355,0.0969,0.0028,-0.0111,0.0246,-0.0119,0.0697,0.0039,0.001,-0.0347,0.178,0.6784,-0.8526,0.455,0.7314,-0.8999,0.3146,-0.2685,0.4002,-0.0664,0.7114,-0.8738,0.4359,-0.4812,0.5772,0.4917,0.4898,-0.6441,0.0,0.0,0.3996,0.0,0.0,0.0,0.0,0.0,0.0,
6.12,run,-0.0,3.41,0.45,0.7,-1.32,20.7,0.0,0.0,0.104,6.15,12.22,-7.12,15.73,15.03,-11.69,10.81,-39.9,98.7,-2.2,13.97,-9.4,15.38,-51.77,114.26,17.23,2.64,10.2,6.18,13.03,-8.34,16.24,15.22,-10.89,11.06,-39.07,98.9,-2.42,14.22,-8.56,15.17,-50.85,114.88,17.26,1.86,10.75,0.1767,0.6914,-0.8628,0.4641,0.7313,-0.8928,0.3161,-0.2558,0.3988,-0.0691,0.7131,-0.8654,0.4334,-0.47,0.5868,0.493,0.4884,-0.6382,0.019,0.0,0.0,0.006,0.0,0.006,0.0,0.006,0.006,0.0,0.0,0.006,0.0,0.013,0.006,0.006,0.019,0.0,0.1012,0.1979,-0.1181,0.2669,0.2531,-0.204,0.1856,-0.7026,1.7135,-0.0383,0.2362,-0.1687,0.2669,-0.9143,1.9819,0.2991,0.0368,0.1703,-0.0356,0.0821,-0.1116,0.0422,0.0026,0.0617,0.0,0.0885,0.0038,-0.0182,0.0093,0.0717,-0.0069,0.0536,0.1139,0.0019,-0.0135,0.0518,-0.0139,0.0682,-0.0109,-0.0031,0.0412,0.175,0.6854,-0.8549,0.4575,0.73,-0.9029,0.3147,-0.2675,0.4023,-0.0653,0.7112,-0.8734,0.4361,-0.4768,0.5848,0.4972,0.4887,-0.6405,0.0,0.0,0.4144,0.0,0.0,0.0,0.0,0.0,0.0,
6.16,run,0.01,3.38,-0.17,-0.36,-0.7,21.5,0.0,0.0,0.104,6.42,12.57,-7.47,15.73,15.03,-11.69,10.81,-39.64,98.7,-2.37,14.06,-9.05,15.38,-51.59,114.7,17.23,2.64,10.46,6.1,13.49,-8.73,16.38,15.22,-10.92,11.05,-38.97,98.96,-2.41,14.17,-8.36,15.16,-50.7,115.41,17.35,1.79,10.76,0.1742,0.6997,-0.8674,0.468,0.7313,-0.8931,0.3159,-0.254,0.3995,-0.0689,0.7122,-0.8631,0.433,-0.4672,0.5931,0.4958,0.4871,-0.6382,0.019,0.0,0.0,0.006,0.0,0.006,0.0,0.006,0.006,0.0,0.0,0.006,0.0,0.013,0.006,0.006,0.019,0.0,0.1074,0.2056,-0.1273,0.2715,0.2531,-0.2056,0.1856,-0.6995,1.7135,-0.0368,0.2362,-0.1672,0.2669,-0.9081,1.9911,0.3007,0.0368,0.1749,-0.0019,0.0862,-0.1126,0.0468,0.0019,0.0374,0.0,0.0735,0.0027,-0.007,0.0065,0.056,-0.0048,0.0605,0.1142,0.0071,-0.0095,0.0535,-0.0137,0.0677,0.0079,0.0122,-0.023,0.1767,0.6914,-0.8628,0.4641,0.7313,-0.8928,0.3161,-0.2558,0.3988,-0.0691,0.7131,-0.8654,0.4334,-0.47,0.5868,0.493,0.4884,-0.6382,0.0,0.0,0.4292,0.0,0.0,0.0,0.0,0.0,0.0,
6.2,run,-0.01,3.38,-0.44,-0.01,2.8,22.2,0.0,0.0,0.104,5.54,13.01,-8.0,16.0,15.03,-11.25,10.81,-39.11,98.7,-2.37,14.15,-8.61,15.21,-51.42,115.05,17.23,2.55,10.46,6.1,13.91,-9.28,16.6,15.24,-10.61,11.11,-38.56,99.08,-2.51,14.27,-8.11,15.12,-50.31,115.93,17.39,1.75,11.29,0.1744,0.7074,-0.8739,0.4743,0.7317,-0.8895,0.3173,-0.2466,0.401,-0.0718,0.714,-0.8601,0.4319,-0.4601,0.5992,0.4969,0.4863,-0.6318,0.006,0.006,0.006,0.006,0.0,0.0,0.0,0.006,0.006,0.006,0.0,0.0,0.0,0.019,0.006,0.006,0.013,0.006,0.112,0.2117,-0.1335,0.2715,0.2531,-0.2056,0.1856,-0.6949,1.7135,-0.0399,0.2378,-0.1611,0.2669,-0.905,1.9988,0.3007,0.0368,0.1795,0.0159,0.0834,-0.1018,0.0328,0.0013,0.0262,0.0,0.0687,0.0019,-0.0164,0.0103,0.0622,-0.0034,0.0539,0.1087,0.005,-0.0066,0.0547,-0.0129,0.0654,-0.0029,-0.0063,-0.0122,0.1742,0.6997,-0.8674,0.468,0.7313,-0.8931,0.3159,-0.254,0.3995,-0.0689,0.7122,-0.8631,0.433,-0.4672,0.5931,0.4958,0.4871,-0.6382,0.0,0.0,0.444,0.0,0.0,0.0,0.0,0.0,0.0,
6.24,run,0.01,3.4,0.49,0.15,-2.24,22.9,0.0,0.0,0.104,6.5,13.45,-8.53,16.17,15.03,-10.9,10.81,-38.94,98.7,-2.37,14.15,-8.26,15.21,-50.98,115.58,17.31,2.46,10.63,6.12,14.21,-9.8,16.8,15.29,-10.17,11.19,-38.01,98.8,-2.63,14.39,-7.54,15.03,-49.92,116.27,17.34,1.75,11.48,0.1748,0.7129,-0.8801,0.48,0.7326,-0.8843,0.3198,-0.2365,0.3976,-0.075,0.7163,-0.8535,0.4293,-0.4531,0.6032,0.4954,0.4863,-0.6296,0.006,0.006,0.006,0.006,0.0,0.0,0.0,0.006,0.006,0.006,0.0,0.0,0.0,0.019,0.006,0.006,0.013,0.006,0.0966,0.2194,-0.1427,0.2761,0.2531,-0.1979,0.1856,-0.6857,1.7135,-0.0399,0.2393,-0.1534,0.2638,-0.902,2.0049,0.3007,0.0353,0.1795,-0.0464,0.0871,-0.1058,0.0402,0.0009,0.0471,0.0,0.0826,0.0013,-0.0115,0.013,0.0723,-0.0139,0.0492,0.0991,0.0035,-0.0104,0.0383,-0.0143,0.0648,-0.0077,-0.0002,0.0488,0.1744,0.7074,-0.8739,0.4743,0.7317,-0.8895,0.3173,-0.2466,0.401,-0.0718,0.714,-0.8601,0.4319,-0.4601,0.5992,0.4969,0.4863,-0.6318,0.0,0.0,0.4588,0.0,0.0,0.0,0.0,0.0,0.0,
6.28,run,-0.03,3.38,-0.99,-0.42,2.26,23.7,0.0,0.0,0.104,5.71,13.8,-8.96,16.44,15.03,-10.55,10.81,-38.41,98.7,-2.64,14.24,-8.17,15.21,-50.71,116.02,17.23,2.46,11.16,5.98,14.6,-10.07,16.9,15.13,-10.29,11.17,-37.98,98.87,-2.58,14.31,-7.49,15.05,-49.65,116.94,17.5,1.61,11.63,0.1708,0.72,-0.8831,0.4827,0.7297,-0.8858,0.3191,-0.236,0.3985,-0.0737,0.7148,-0.8528,0.4299,-0.4481,0.6111,0.5,0.4838,-0.6279,0.006,0.006,0.006,0.006,0.0,0.0,0.0,0.006,0.006,0.006,0.0,0.0,0.0,0.019,0.006,0.006,0.013,0.006,0.1135,0.227,-0.1519,0.2792,0.2531,-0.1917,0.1856,-0.6826,1.7135,-0.0399,0.2393,-0.1473,0.2638,-0.8943,2.0141,0.3022,0.0337,0.1825,0.0308,0.0898,-0.1086,0.0396,0.0006,0.056,0.0,0.0693,0.0009,-0.008,0.0091,0.0736,-0.0097,0.0632,0.1039,0.0082,-0.013,0.0383,-0.0125,0.0668,0.0085,0.0026,-0.0391,0.1748,0.7129,-0.8801,0.48,0.7326,-0.8843,0.3198,-0.2365,0.3976,-0.075,0.7163,-0.8535,0.4293,-0.4531,0.6032,0.4954,0.4863,-0.6296,0.0,0.0,0.4736,0.0,0.0,0.0,0.0,0.0,0.0,
6.32,run,0.0,3.4,0.79,0.66,-1.26,24.4,0.0,0.0,0.104,5.98,14.24,-9.58,16.52,15.03,-10.28,10.99,-38.06,98.7,-2.55,14.24,-7.56,15.03,-50.27,116.46,17.23,2.29,11.43,6.02,15.02,-10.6,17.14,15.29,-9.71,11.26,-37.36,98.73,-2.73,14.52,-6.79,14.95,-49.25,117.19,17.41,1.64,12.15,0.1721,0.7276,-0.8894,0.4896,0.7326,-0.879,0.3216,-0.2247,0.3969,-0.078,0.7185,-0.8446,0.4271,-0.4409,0.614,0.4974,0.4844,-0.6218,0.013,0.0,0.0,0.013,0.0,0.006,0.006,0.0,0.006,0.006,0.0,0.006,0.006,0.026,0.006,0.006,0.013,0.006,0.0997,0.2332,-0.1595,0.2838,0.2531,-0.1856,0.1856,-0.6734,1.7135,-0.0445,0.2408,-0.1457,0.2638,-0.8897,2.0218,0.3007,0.0337,0.1917,-0.0302,0.0858,-0.1048,0.045,0.0004,0.0622,0.0,0.0831,0.0006,-0.0229,0.0121,0.0573,-0.0068,0.0615,0.1015,-0.0,-0.0091,0.0613,-0.0161,0.0648,-0.0173,-0.0073,0.0395,0.1708,0.72,-0.8831,0.4827,0.7297,-0.8858,0.3191,-0.236,0.3985,-0.0737,0.7148,-0.8528,0.4299,-0.4481,0.6111,0.5,0.4838,-0.6279,0.0,0.0,0.4884,0.0,0.0,0.0,0.0,0.0,0.0,
6.36,run,0.02,3.4,0.74,0.49,-1.3,25.2,0.0,0.0,0.104,6.42,14.59,-10.02,16.61,15.12,-10.2,10.99,-37.79,98.7,-2.72,14.24,-7.38,15.03,-50.01,116.98,17.31,2.29,11.6,5.92,15.32,-10.94,17.21,15.14,-9.52,11.26,-37.16,98.53,-2.67,14.41,-6.5,14.92,-48.92,117.76,17.48,1.55,12.07,0.1692,0.7331,-0.8934,0.4918,0.7298,-0.8767,0.3217,-0.221,0.3945,-0.0764,0.7165,-0.8411,0.4264,-0.4349,0.6207,0.4994,0.4828,-0.6227,0.013,0.0,0.0,0.013,0.0,0.006,0.006,0.0,0.006,0.006,0.0,0.006,0.006,0.026,0.006,0.006,0.013,0.006,0.1043,0.2408,-0.1703,0.2853,0.2531,-0.181,0.1887,-0.6673,1.7135,-0.043,0.2408,-0.135,0.2608,-0.882,2.0295,0.3007,0.0307,0.1963,-0.0039,0.0888,-0.1136,0.0373,0.0003,0.0608,0.0115,0.0811,0.0004,-0.0103,0.0085,0.0803,-0.0163,0.0718,0.0998,-0.0,-0.0179,0.0602,-0.0134,0.067,0.0139,0.0115,-0.0221,0.1721,0.7276,-0.8894,0.4896,0.7326,-0.879,0.3216,-0.2247,0.3969,-0.078,0.7185,-0.8446,0.4271,-0.4409,0.614,0.4974,0.4844,-0.6218,0.0,0.0,0.5032,0.0,0.0,0.0,0.0,0.0,0.0,
6.4,run,0.01,3.35,-0.07,-0.05,1.37,25.9,0.0,0.0,0.104,5.45,14.94,-10.37,16.88,15.12,-9.67,10.99,-37.35,98.61,-2.72,14.24,-6.77,15.03,-49.66,117.07,17.31,2.29,11.87,5.88,15.77,-11.36,17.4,15.14,-9.39,11.3,-36.83,98.62,-2.73,14.49,-6.24,14.89,-48.54,118.33,17.54,1.5,12.52,0.168,0.7412,-0.8984,0.4971,0.7299,-0.8752,0.3229,-0.215,0.3956,-0.0781,0.7181,-0.8381,0.4254,-0.428,0.6274,0.5011,0.4818,-0.6174,0.013,0.0,0.0,0.013,0.0,0.006,0.006,0.0,0.006,0.006,0.0,0.006,0.006,0.026,0.006,0.006,0.013,0.006,0.112,0.247,-0.1779,0.2869,0.2546,-0.1795,0.1887,-0.6627,1.7135,-0.046,0.2408,-0.1319,0.2608,-0.8774,2.0387,0.3022,0.0307,0.1994,0.026,0.0852,-0.1083,0.0318,0.006,0.0483,0.008,0.0741,0.0003,-0.0187,0.0059,0.0677,-0.0114,0.0675,0.1044,0.0057,-0.0125,0.0536,-0.0114,0.0665,0.0129,0.0085,-0.0226,0.1692,0.7331,-0.8934,0.4918,0.7298,-0.8767,0.3217,-0.221,0.3945,-0.0764,0.7165,-0.8411,0.4264,-0.4349,0.6207,0.4994,0.4828,-0.6227,0.0,0.0,0.518,0.0,0.0,0.0,0.0,0.0,0.0,
6.44,run,0.02,3.35,0.32,0.39,-1.74,26.6,0.0,0.0,0.104,6.15,15.29,-10.81,16.88,15.12,-9.67,11.07,-37.0,98.61,-2.72,14.33,-6.33,15.03,-49.31,117.86,17.49,2.29,11.95,5.91,16.1,-11.9,17.62,15.21,-8.83,11.41,-36.31,98.29,-2.92,14.67,-5.73,14.8,-48.1,118.53,17.51,1.59,12.81,0.1688,0.7473,-0.9047,0.5036,0.7312,-0.8685,0.3261,-0.2056,0.3916,-0.0835,0.7213,-0.8321,0.4228,-0.4201,0.6297,0.5002,0.4834,-0.614,0.019,0.006,0.006,0.013,0.0,0.013,0.006,0.0,0.0,0.006,0.0,0.006,0.013,0.033,0.0,0.0,0.019,0.0,0.0951,0.2531,-0.1841,0.2915,0.2546,-0.1703,0.1887,-0.655,1.7119,-0.046,0.2408,-0.1212,0.2608,-0.8713,2.0402,0.3022,0.0307,0.204,-0.045,0.0826,-0.0988,0.0395,0.0042,0.0683,0.0056,0.0806,-0.0055,-0.0131,0.0042,0.0877,-0.008,0.0703,0.0788,0.004,-0.0088,0.0548,-0.0123,0.0629,-0.0012,-0.0009,0.0239,0.168,0.7412,-0.8984,0.4971,0.7299,-0.8752,0.3229,-0.215,0.3956,-0.0781,0.7181,-0.8381,0.4254,-0.428,0.6274,0.5011,0.4818,-0.6174,0.0,0.0,0.5328,0.0,0.0,0.0,0.0,0.0,0.0,
6.48,run,0.02,3.34,-0.19,-0.3,1.16,27.4,0.0,0.0,0.104,5.89,15.73,-11.25,17.14,15.12,-9.14,11.25,-36.47,98.53,-2.72,14.5,-6.06,15.03,-48.87,118.21,17.49,2.29,12.39,5.81,16.6,-12.3,17.77,15.12,-8.76,11.43,-36.09,98.44,-2.92,14.62,-5.5,14.79,-47.75,119.2,17.59,1.45,13.1,0.1661,0.7563,-0.9094,0.5077,0.7295,-0.8677,0.3265,-0.2017,0.3935,-0.0834,0.7203,-0.8294,0.4227,-0.4136,0.6376,0.5026,0.4808,-0.6106,0.019,0.006,0.006,0.013,0.0,0.013,0.006,0.0,0.0,0.006,0.0,0.006,0.013,0.033,0.0,0.0,0.019,0.0,0.1074,0.2592,-0.1917,0.2915,0.2546,-0.1703,0.1902,-0.6489,1.7119,-0.046,0.2424,-0.1135,0.2608,-0.8652,2.054,0.3053,0.0307,0.2056,0.0145,0.0809,-0.0979,0.0277,0.0029,0.0478,0.0097,0.0794,-0.0039,-0.0092,0.0087,0.0902,-0.0056,0.0722,0.107,0.0143,-0.0061,0.0441,-0.0121,0.0627,0.0056,0.0067,-0.0303,0.1688,0.7473,-0.9047,0.5036,0.7312,-0.8685,0.3261,-0.2056,0.3916,-0.0835,0.7213,-0.8321,0.4228,-0.4201,0.6297,0.5002,0.4834,-0.614,0.0,0.0,0.5476,0.0,0.0,0.0,0.0,0.0,0.0,
6.52,run,-0.02,3.37,-0.27,-0.06,2.12,28.1,0.0,0.0,0.104,5.54,16.08,-11.6,17.4,15.12,-8.96,11.25,-36.3,98.44,-2.9,14.59,-5.62,15.03,-48.52,118.56,17.49,2.29,12.74,5.8,16.9,-12.76,17.97,15.14,-8.26,11.47,-35.54,98.21,-3.01,14.75,-4.93,14.71,-47.28,119.56,17.54,1.41,13.52,0.1656,0.7619,-0.9148,0.5136,0.7298,-0.8619,0.3277,-0.1916,0.3907,-0.086,0.7228,-0.8227,0.4203,-0.405,0.6419,0.5011,0.4801,-0.6056,0.019,0.006,0.006,0.013,0.0,0.013,0.006,0.0,0.0,0.006,0.0,0.006,0.013,0.033,0.0,0.0,0.019,0.0,0.1028,0.2669,-0.1994,0.2961,0.2546,-0.1611,0.1933,-0.6397,1.7104,-0.046,0.2454,-0.1089,0.2608,-0.8575,2.0601,0.3053,0.0307,0.2132,-0.007,0.0852,-0.0972,0.0366,0.002,0.0678,0.0182,0.09,-0.0084,-0.0064,0.0175,0.0803,-0.0039,0.0792,0.0978,0.01,-0.0043,0.0595,-0.0122,0.0613,-0.0033,-0.0053,0.0202,0.1661,0.7563,-0.9094,0.5077,0.7295,-0.8677,0.3265,-0.2017,0.3935,-0.0834,0.7203,-0.8294,0.4227,-0.4136,0.6376,0.5026,0.4808,-0.6106,0.0,0.0,0.5624,0.0,0.0,0.0,0.0,0.0,0.0,
6.56,run,-0.0,3.4,0.7,0.16,-1.94,28.9,0.0,0.0,0.104,6.24,16.44,-12.13,17.49,15.12,-8.61,11.25,-36.04,98.35,-2.9,14.59,-5.36,14.85,-48.16,119.18,17.49,2.11,13.1,5.76,17.33,-13.13,18.16,15.24,-8.02,11.56,-35.19,98.17,-3.1,14.87,-4.47,14.65,-46.9,120.01,17.58,1.48,13.8,0.1644,0.7696,-0.9191,0.5189,0.7317,-0.8591,0.3304,-0.1853,0.3903,-0.0886,0.7249,-0.8173,0.4186,-0.3982,0.6471,0.5023,0.4814,-0.6023,0.013,0.0,0.006,0.006,0.0,0.006,0.013,0.006,0.0,0.006,0.006,0.006,0.006,0.026,0.006,0.0,0.013,0.006,0.0966,0.273,-0.2056,0.3007,0.2546,-0.158,0.1933,-0.6366,1.7089,-0.0491,0.247,-0.1012,0.2608,-0.8514,2.0663,0.3053,0.0307,0.2194,-0.028,0.0828,-0.0911,0.0429,0.0014,0.059,0.0128,0.0745,-0.0117,-0.016,0.018,0.0851,-0.0027,0.0785,0.0916,0.007,-0.003,0.0648,-0.0153,0.064,-0.0047,-0.0011,0.0371,0.1656,0.7619,-0.9148,0.5136,0.7298,-0.8619,0.3277,-0.1916,0.3907,-0.086,0.7228,-0.8227,0.4203,-0.405,0.6419,0.5011,0.4801,-0.6056,0.0,0.0,0.5772,0.0,0.0,0.0,0.0,0.0,0.0,
6.6,run,-0.01,3.38,-0.45,-0.08,2.06,29.6,0.0,0.0,0.104,5.19,16.88,-12.57,17.75,15.12,-8.17,11.34,-35.33,98.35,-3.08,14.68,-4.75,14.77,-47.64,119.71,17.49,2.11,13.45,5.64,17.69,-13.34,18.22,15.11,-8.04,11.61,-35.07,98.24,-3.04,14.81,-4.22,14.65,-46.52,120.72,17.72,1.37,14.1,0.161,0.7762,-0.9216,0.5206,0.7292,-0.8593,0.3317,-0.1832,0.391,-0.0868,0.7238,-0.8143,0.4186,-0.3913,0.6556,0.5063,0.4795,-0.5988,0.013,0.0,0.006,0.006,0.0,0.006,0.013,0.006,0.0,0.006,0.006,0.006,0.006,0.026,0.006,0.0,0.013,0.006,0.1089,0.2792,-0.2148,0.3022,0.2546,-0.1519,0.1933,-0.632,1.7073,-0.0491,0.247,-0.0966,0.2577,-0.8452,2.077,0.3053,0.0276,0.2255,0.0264,0.0809,-0.0983,0.0358,0.001,0.0643,0.0089,0.0694,-0.0139,-0.0112,0.0126,0.0768,-0.0134,0.078,0.1043,0.0049,-0.0136,0.0683,-0.0137,0.0666,0.0123,0.0029,-0.0338,0.1644,0.7696,-0.9191,0.5189,0.7317,-0.8591,0.3304,-0.1853,0.3903,-0.0886,0.7249,-0.8173,0.4186,-0.3982,0.6471,0.5023,0.4814,-0.6023,0.0,0.0,0.592,0.0,0.0,0.0,0.0,0.0,0.0,
6.64,run,0.01,3.39,0.6,0.47,-1.94,30.3,0.0,0.0,0.104,6.06,17.23,-12.92,17.93,15.12,-8.09,11.34,-35.24,98.35,-3.08,14.77,-4.66,14.77,-47.46,120.06,17.49,2.11,13.71,5.65,17.97,-13.69,18.4,15.15,-7.31,11.72,-34.48,97.87,-3.17,14.97,-3.45,14.55,-46.07,120.83,17.61,1.45,14.37,0.1613,0.7812,-0.9257,0.5257,0.73,-0.8507,0.3348,-0.1724,0.3867,-0.0907,0.7267,-0.8053,0.4156,-0.3831,0.6568,0.5031,0.4809,-0.5957,0.013,0.0,0.006,0.006,0.0,0.006,0.013,0.006,0.0,0.006,0.006,0.006,0.006,0.026,0.006,0.0,0.013,0.006,0.0905,0.2869,-0.2224,0.3068,0.2546,-0.1442,0.1948,-0.6197,1.7073,-0.0522,0.2485,-0.0859,0.2562,-0.836,2.0862,0.3053,0.0276,0.2316,-0.0505,0.0854,-0.0975,0.0423,0.0007,0.0737,0.012,0.0945,-0.0097,-0.0193,0.0146,0.094,-0.0151,0.089,0.1075,0.0034,-0.0095,0.0708,-0.0149,0.0655,-0.0078,-0.0014,0.0359,0.161,0.7762,-0.9216,0.5206,0.7292,-0.8593,0.3317,-0.1832,0.391,-0.0868,0.7238,-0.8143,0.4186,-0.3913,0.6556,0.5063,0.4795,-0.5988,0.0,0.0,0.6068,0.0,0.0,0.0,0.0,0.0,0.0,
6.68,run,-0.01,3.4,-0.72,-0.3,1.69,31.1,0.0,0.0,0.104,5.62,17.67,-13.27,17.93,15.12,-7.82,11.34,-34.8,98.17,-3.08,14.77,-3.96,14.68,-47.02,120.59,17.67,2.11,13.97,5.52,18.43,-13.98,18.52,15.11,-7.54,11.73,-34.4,98.12,-3.13,14.94,-3.35,14.54,-45.73,121.63,17.78,1.35,14.71,0.1578,0.7896,-0.9291,0.529,0.7293,-0.8534,0.3351,-0.171,0.3896,-0.0895,0.7262,-0.8041,0.4154,-0.3768,0.6663,0.5081,0.4791,-0.5916,0.019,0.0,0.006,0.013,0.0,0.0,0.006,0.0,0.0,0.0,0.0,0.0,0.006,0.033,0.006,0.0,0.019,0.0,0.1058,0.293,-0.2286,0.3099,0.2546,-0.1427,0.1948,-0.6182,1.7073,-0.0522,0.25,-0.0844,0.2562,-0.833,2.0923,0.3053,0.0276,0.2362,0.0223,0.0828,-0.0913,0.0411,0.0005,0.0574,0.0084,0.0719,-0.0068,-0.0135,0.016,0.0715,-0.0106,0.0738,0.0983,0.0024,-0.0067,0.0668,-0.013,0.0663,0.0104,0.0082,-0.0338,0.1613,0.7812,-0.9257,0.5257,0.73,-0.8507,0.3348,-0.1724,0.3867,-0.0907,0.7267,-0.8053,0.4156,-0.3831,0.6568,0.5031,0.4809,-0.5957,0.0,0.0,0.6216,0.0,0.0,0.0,0.0,0.0,0.0,
6.72,run,-0.0,3.43,0.0,0.19,1.53,31.8,0.0,0.0,0.104,5.19,17.93,-13.62,18.02,15.12,-7.38,11.51,-34.45,98.09,-3.08,14.77,-3.6,14.59,-46.49,121.03,17.67,1.93,14.33,5.54,18.77,-14.34,18.72,15.14,-6.91,11.87,-33.79,97.95,-3.29,15.12,-2.7,14.47,-45.17,121.93,17.73,1.43,15.26,0.1583,0.7959,-0.9334,0.5348,0.7298,-0.846,0.3392,-0.1598,0.3877,-0.0941,0.7294,-0.7965,0.4136,-0.3667,0.6698,0.5064,0.4806,-0.5852,0.019,0.0,0.006,0.013,0.0,0.0,0.006,0.0,0.0,0.0,0.0,0.0,0.006,0.033,0.006,0.0,0.019,0.0,0.0982,0.3007,-0.2347,0.3099,0.2546,-0.1381,0.1948,-0.6105,1.7043,-0.0522,0.25,-0.0721,0.2546,-0.8253,2.1016,0.3083,0.0276,0.2408,-0.0132,0.0867,-0.0869,0.0288,0.0003,0.0574,0.0059,0.0791,-0.0163,-0.0095,0.0112,0.0961,-0.0132,0.0805,0.1033,0.0132,-0.0047,0.064,-0.0144,0.0671,-0.0126,-0.0053,0.0295,0.1578,0.7896,-0.9291,0.529,0.7293,-0.8534,0.3351,-0.171,0.3896,-0.0895,0.7262,-0.8041,0.4154,-0.3768,0.6663,0.5081,0.4791,-0.5916,0.0,0.0,0.6364,0.0,0.0,0.0,0.0,0.0,0.0,
6.76,run,0.03,3.45,0.41,0.43,-3.01,32.6,0.0,0.0,0.104,5.98,18.28,-13.8,18.19,15.12,-7.47,11.6,-34.37,98.0,-3.16,14.85,-3.25,14.5,-46.14,121.55,17.67,1.93,14.59,5.48,19.16,-14.69,18.84,15.17,-6.67,12.0,-33.45,97.71,-3.34,15.24,-2.23,14.41,-44.69,122.52,17.79,1.47,15.46,0.1565,0.8029,-0.9375,0.5382,0.7304,-0.8432,0.3428,-0.1536,0.3849,-0.0953,0.7316,-0.7909,0.4117,-0.3579,0.6768,0.5082,0.4813,-0.5828,0.019,0.0,0.006,0.013,0.0,0.0,0.006,0.0,0.0,0.0,0.0,0.0,0.006,0.033,0.006,0.0,0.019,0.0,0.0905,0.3053,-0.2408,0.3114,0.2546,-0.1304,0.1979,-0.6044,1.7027,-0.0522,0.25,-0.066,0.2531,-0.8161,2.1092,0.3083,0.0245,0.247,-0.038,0.078,-0.0839,0.0259,0.0002,0.069,0.0156,0.0784,-0.0172,-0.0066,0.0078,0.0903,-0.015,0.0909,0.1011,0.0092,-0.0148,0.0679,-0.014,0.0699,0.0,0.0033,0.0267,0.1583,0.7959,-0.9334,0.5348,0.7298,-0.846,0.3392,-0.1598,0.3877,-0.0941,0.7294,-0.7965,0.4136,-0.3667,0.6698,0.5064,0.4806,-0.5852,0.0,0.0,0.6512,0.0,0.0,0.0,0.0,0.0,0.0,
6.8,run,0.03,3.41,-0.14,0.04,2.46,33.3,0.0,0.0,0.104,4.92,18.81,-14.24,18.46,15.12,-7.12,11.78,-33.75,97.91,-3.25,15.12,-2.64,14.5,-45.62,122.08,17.67,1.93,15.03,5.37,19.55,-14.9,18.93,15.1,-6.75,12.03,-33.42,98.02,-3.3,15.17,-2.1,14.42,-44.37,123.16,17.95,1.41,15.78,0.1533,0.8101,-0.94,0.5408,0.7291,-0.8441,0.3437,-0.153,0.3885,-0.0944,0.7304,-0.7894,0.412,-0.3521,0.6842,0.5128,0.4803,-0.579,0.019,0.0,0.006,0.006,0.0,0.006,0.006,0.006,0.0,0.0,0.0,0.006,0.0,0.026,0.006,0.006,0.006,0.006,0.1043,0.3114,-0.2439,0.3145,0.2546,-0.1319,0.1994,-0.6029,1.7012,-0.0537,0.2516,-0.0598,0.2516,-0.8099,2.1184,0.3083,0.0245,0.2516,0.0253,0.0777,-0.0703,0.0297,0.0002,0.0425,0.0167,0.0607,-0.0178,-0.0104,0.0112,0.0863,-0.0163,0.0867,0.1054,0.0065,-0.0103,0.0648,-0.0112,0.0712,0.0071,0.0075,-0.0526,0.1565,0.8029,-0.9375,0.5382,0.7304,-0.8432,0.3428,-0.1536,0.3849,-0.0953,0.7316,-0.7909,0.4117,-0.3579,0.6768,0.5082,0.4813,-0.5828,0.0,0.0,0.666,0.0,0.0,0.0,0.0,0.0,0.0,
6.84,run,0.06,3.42,0.47,0.37,-2.05,34.0,0.0,0.0,0.104,5.45,19.16,-14.59,18.54,15.12,-6.77,11.87,-33.57,97.91,-3.25,15.12,-2.29,14.5,-45.18,122.61,17.75,1.93,15.38,5.38,19.69,-15.22,19.09,15.15,-5.98,12.13,-32.79,97.54,-3.42,15.36,-1.37,14.3,-43.9,123.23,17.82,1.5,15.93,0.1537,0.8125,-0.9438,0.5456,0.7299,-0.8351,0.3466,-0.1417,0.3829,-0.0978,0.7339,-0.7808,0.4084,-0.3436,0.685,0.5092,0.4818,-0.5773,0.019,0.0,0.006,0.006,0.0,0.006,0.006,0.006,0.0,0.0,0.0,0.006,0.0,0.026,0.006,0.006,0.006,0.006,0.0859,0.3206,-0.2516,0.3191,0.2546,-0.1258,0.2025,-0.5921,1.6997,-0.0552,0.2562,-0.0491,0.2516,-0.8007,2.1276,0.3083,0.0245,0.2592,-0.051,0.0888,-0.0778,0.038,0.0001,0.0527,0.0232,0.0826,-0.0182,-0.013,0.0251,0.1005,-0.0114,0.0951,0.1082,0.0045,-0.0072,0.074,-0.0107,0.0677,-0.0025,0.0007,0.0429,0.1533,0.8101,-0.94,0.5408,0.7291,-0.8441,0.3437,-0.153,0.3885,-0.0944,0.7304,-0.7894,0.412,-0.3521,0.6842,0.5128,0.4803,-0.579,0.0,0.0,0.6808,0.0,0.0,0.0,0.0,0.0,0.0,
6.88,run,0.02,3.38,-0.88,-0.68,0.51,34.8,0.0,0.0,0.104,5.45,19.42,-14.77,18.54,15.12,-6.68,11.87,-33.22,97.91,-3.34,15.12,-2.02,14.33,-44.82,123.05,17.75,1.93,15.64,5.25,20.16,-15.55,19.2,15.06,-6.01,12.17,-32.66,97.64,-3.41,15.32,-1.2,14.28,-43.44,123.92,17.97,1.4,16.27,0.15,0.8211,-0.9477,0.5485,0.7284,-0.8354,0.3476,-0.1393,0.384,-0.0975,0.7332,-0.7788,0.4079,-0.3353,0.6932,0.5133,0.48,-0.5733,0.019,0.0,0.006,0.006,0.0,0.006,0.006,0.006,0.0,0.0,0.0,0.006,0.0,0.026,0.006,0.006,0.006,0.006,0.0951,0.3267,-0.2577,0.3206,0.2546,-0.1197,0.204,-0.589,1.6997,-0.0552,0.2562,-0.043,0.2516,-0.7931,2.1368,0.3099,0.0245,0.2654,-0.0012,0.0851,-0.0775,0.0323,0.0001,0.0599,0.022,0.0693,-0.0127,-0.0091,0.0175,0.0934,-0.008,0.0953,0.1102,0.0089,-0.0051,0.0748,-0.0088,0.0684,0.0083,0.0065,-0.0358,0.1537,0.8125,-0.9438,0.5456,0.7299,-0.8351,0.3466,-0.1417,0.3829,-0.0978,0.7339,-0.7808,0.4084,-0.3436,0.685,0.5092,0.4818,-0.5773,0.0,0.0,0.6956,0.0,0.0,0.0,0.0,0.0,0.0,
6.92,run,-0.01,3.4,-0.37,-0.09,2.9,35.5,0.0,0.0,0.104,4.92,19.78,-15.12,18.72,15.12,-6.15,11.87,-32.87,97.91,-3.34,15.21,-1.49,14.33,-44.3,123.22,17.84,1.93,15.91,5.25,20.54,-15.84,19.36,15.15,-5.69,12.33,-32.15,97.71,-3.52,15.52,-0.65,14.21,-42.88,124.42,18.0,1.42,16.99,0.1499,0.8279,-0.9511,0.5533,0.73,-0.8317,0.3524,-0.1301,0.3849,-0.1005,0.7368,-0.7724,0.4061,-0.3251,0.699,0.5142,0.4804,-0.5648,0.006,0.0,0.006,0.006,0.0,0.0,0.006,0.006,0.0,0.0,0.006,0.006,0.0,0.026,0.013,0.006,0.013,0.006,0.0951,0.3313,-0.2608,0.3206,0.2546,-0.1181,0.204,-0.5829,1.6997,-0.0568,0.2562,-0.0383,0.2485,-0.7869,2.1445,0.3099,0.0245,0.27,-0.0009,0.0768,-0.0657,0.0226,0.0001,0.0477,0.0154,0.0715,-0.0089,-0.0121,0.0123,0.0826,-0.0171,0.0897,0.1059,0.0062,-0.0036,0.0696,-0.0119,0.0651,-0.0153,-0.0119,0.0088,0.15,0.8211,-0.9477,0.5485,0.7284,-0.8354,0.3476,-0.1393,0.384,-0.0975,0.7332,-0.7788,0.4079,-0.3353,0.6932,0.5133,0.48,-0.5733,0.0,0.0,0.7104,0.0,0.0,0.0,0.0,0.0,0.0,
6.96,run,0.03,3.41,0.44,0.29,-2.1,36.3,0.0,0.0,0.104,5.8,20.13,-15.47,18.9,15.12,-5.98,11.95,-32.52,97.82,-3.52,15.29,-0.97,14.33,-43.77,124.1,17.93,1.93,16.26,5.18,20.77,-16.01,19.48,15.19,-5.25,12.46,-31.73,97.36,-3.59,15.69,-0.04,14.12,-42.31,124.81,18.02,1.54,17.22,0.148,0.8322,-0.9531,0.5566,0.7308,-0.8265,0.3561,-0.1223,0.3807,-0.1027,0.7397,-0.7652,0.4034,-0.3147,0.7036,0.5149,0.4826,-0.5622,0.006,0.0,0.006,0.006,0.0,0.0,0.006,0.006,0.0,0.0,0.006,0.006,0.0,0.026,0.013,0.006,0.013,0.006,0.0859,0.3375,-0.2669,0.3237,0.2546,-0.1089,0.204,-0.5768,1.6997,-0.0568,0.2577,-0.0291,0.2485,-0.7777,2.1476,0.3114,0.0245,0.2746,-0.0352,0.0768,-0.0691,0.0274,0.0,0.0679,0.0108,0.0731,-0.0062,-0.0085,0.0144,0.0924,-0.012,0.0974,0.0857,0.0101,-0.0025,0.066,-0.014,0.0665,-0.0065,-0.0015,0.0505,0.1499,0.8279,-0.9511,0.5533,0.73,-0.8317,0.3524,-0.1301,0.3849,-0.1005,0.7368,-0.7724,0.4061,-0.3251,0.699,0.5142,0.4804,-0.5648,0.0,0.0,0.7252,0.0,0.0,0.0,0.0,0.0,0.0,
7.0,run,0.03,3.42,-0.14,-0.03,2.2,37.0,0.0,0.0,0.104,4.66,20.48,-15.64,18.9,15.12,-5.62,12.22,-32.08,97.73,-3.52,15.47,-0.62,14.33,-43.33,124.28,17.93,1.93,16.7,5.03,21.18,-16.28,19.55,15.03,-5.2,12.46,-31.63,97.51,-3.53,15.55,0.16,14.11,-41.9,125.42,18.14,1.4,17.45,0.1436,0.8396,-0.9563,0.5586,0.7278,-0.8259,0.3561,-0.1205,0.3825,-0.1008,0.7373,-0.7628,0.4032,-0.3073,0.7108,0.5184,0.4799,-0.5594,0.006,0.0,0.006,0.006,0.0,0.0,0.006,0.006,0.0,0.0,0.006,0.006,0.0,0.026,0.013,0.006,0.013,0.006,0.1012,0.3436,-0.273,0.3267,0.2546,-0.1058,0.2056,-0.5706,1.6981,-0.0598,0.2592,-0.0199,0.2485,-0.7685,2.1629,0.3129,0.0245,0.2807,0.0302,0.0757,-0.0703,0.0301,0.0,0.0585,0.013,0.0731,-0.0098,-0.0169,0.0155,0.0976,-0.0084,0.1011,0.1148,0.0126,-0.0017,0.0681,-0.0109,0.0678,0.0077,0.0051,-0.0366,0.148,0.8322,-0.9531,0.5566,0.7308,-0.8265,0.3561,-0.1223,0.3807,-0.1027,0.7397,-0.7652,0.4034,-0.3147,0.7036,0.5149,0.4826,-0.5622,0.0,0.0,0.74,0.0,0.0,0.0,0.0,0.0,0.0,
7.04,run,0.09,3.44,0.95,1.06,-1.73,37.7,0.0,0.0,0.104,5.27,20.74,-15.91,19.07,15.12,-5.27,12.3,-31.82,97.65,-3.52,15.47,-0.09,14.33,-42.8,124.89,18.02,1.93,17.05,5.03,21.34,-16.44,19.65,15.12,-4.55,12.62,-31.06,97.1,-3.64,15.78,0.92,13.99,-41.34,125.55,18.08,1.58,17.76,0.1436,0.8425,-0.9581,0.5615,0.7295,-0.8183,0.3606,-0.1101,0.3776,-0.104,0.7415,-0.7538,0.3997,-0.2971,0.7123,0.5166,0.4834,-0.5558,0.013,0.0,0.006,0.0,0.0,0.0,0.006,0.006,0.006,0.0,0.006,0.006,0.013,0.026,0.0,0.0,0.006,0.0,0.0813,0.3497,-0.2761,0.3267,0.2546,-0.0997,0.2102,-0.563,1.6966,-0.0598,0.2623,-0.0138,0.2485,-0.7609,2.166,0.3129,0.0245,0.2884,-0.0538,0.0761,-0.0607,0.0211,0.0,0.064,0.0264,0.08,-0.0127,-0.0118,0.0224,0.0914,-0.0059,0.0996,0.0919,0.0088,-0.0012,0.0765,-0.0106,0.0686,-0.0025,-0.0006,0.0384,0.1436,0.8396,-0.9563,0.5586,0.7278,-0.8259,0.3561,-0.1205,0.3825,-0.1008,0.7373,-0.7628,0.4032,-0.3073,0.7108,0.5184,0.4799,-0.5594,0.0,0.0,0.7548,0.0,0.0,0.0,0.0,0.0,0.0,
7.08,run,0.1,3.42,-0.21,-0.41,-0.32,38.5,0.0,0.0,0.104,5.1,21.09,-16.17,19.25,15.12,-5.01,12.3,-31.38,97.56,-3.52,15.64,0.44,14.15,-42.19,125.24,18.02,1.93,17.4,4.88,21.72,-16.68,19.72,15.0,-4.51,12.66,-30.92,97.15,-3.59,15.71,1.15,13.96,-40.83,126.27,18.23,1.49,17.93,0.1393,0.8494,-0.9609,0.5633,0.7273,-0.8178,0.3618,-0.1077,0.3783,-0.1024,0.7402,-0.7512,0.399,-0.2879,0.7208,0.5209,0.4817,-0.5538,0.013,0.0,0.006,0.0,0.0,0.0,0.006,0.006,0.006,0.0,0.006,0.006,0.013,0.026,0.0,0.0,0.006,0.0,0.092,0.3543,-0.2807,0.3298,0.2546,-0.0936,0.2117,-0.5584,1.695,-0.0598,0.2623,-0.0046,0.2485,-0.7517,2.1767,0.3145,0.0245,0.2945,0.0022,0.0703,-0.0596,0.0261,0.0,0.0676,0.0242,0.0731,-0.0146,-0.0083,0.0157,0.0981,-0.0041,0.1038,0.1042,0.0119,-0.0009,0.0763,-0.0062,0.0707,0.0167,0.0185,-0.0302,0.1436,0.8425,-0.9581,0.5615,0.7295,-0.8183,0.3606,-0.1101,0.3776,-0.104,0.7415,-0.7538,0.3997,-0.2971,0.7123,0.5166,0.4834,-0.5558,0.0,0.0,0.7696,0.0,0.0,0.0,0.0,0.0,0.0,
7.12,run,0.08,3.44,-0.52,0.22,3.04,39.2,0.0,0.0,0.104,4.57,21.36,-16.17,19.42,15.12,-4.57,12.3,-31.03,97.56,-3.52,15.64,0.97,13.97,-41.66,125.51,18.02,1.93,17.67,4.83,21.86,-16.83,19.8,14.96,-4.06,12.79,-30.54,97.1,-3.65,15.82,1.62,13.9,-40.3,126.55,18.25,1.52,18.35,0.1379,0.8519,-0.9627,0.5657,0.7265,-0.8124,0.3656,-0.1008,0.3777,-0.1042,0.7423,-0.7456,0.397,-0.2781,0.7241,0.5215,0.4821,-0.5488,0.013,0.0,0.006,0.0,0.0,0.0,0.006,0.006,0.006,0.0,0.006,0.006,0.013,0.026,0.0,0.0,0.006,0.0,0.089,0.3605,-0.2853,0.3329,0.2546,-0.089,0.2117,-0.5507,1.6935,-0.0598,0.2654,0.0046,0.2454,-0.7409,2.1829,0.3145,0.0245,0.3007,-0.01,0.0723,-0.059,0.0299,0.0,0.0646,0.0169,0.08,-0.016,-0.0058,0.0225,0.1033,-0.0144,0.1131,0.096,0.0083,-0.0006,0.0765,-0.0049,0.0689,-0.0036,-0.0071,-0.0056,0.1393,0.8494,-0.9609,0.5633,0.7273,-0.8178,0.3618,-0.1077,0.3783,-0.1024,0.7402,-0.7512,0.399,-0.2879,0.7208,0.5209,0.4817,-0.5538,0.0,0.0,0.7844,0.0,0.0,0.0,0.0,0.0,0.0,
7.16,run,0.1,3.44,-0.13,-0.06,1.16,40.0,0.0,0.0,0.104,4.39,21.8,-16.61,19.42,15.12,-4.04,12.66,-30.41,97.29,-3.6,15.82,1.67,13.97,-40.52,126.56,18.19,1.93,18.19,4.77,22.09,-16.9,19.89,15.05,-3.7,12.97,-30.06,96.91,-3.71,16.03,2.31,13.8,-39.66,127.04,18.29,1.63,18.65,0.1364,0.8562,-0.9635,0.5681,0.7282,-0.8082,0.3705,-0.092,0.3754,-0.1059,0.746,-0.7375,0.3943,-0.2665,0.7298,0.5225,0.4842,-0.5453,0.026,0.0,0.006,0.006,0.0,0.006,0.0,0.013,0.006,0.0,0.0,0.006,0.006,0.013,0.006,0.0,0.0,0.006,0.0798,0.3651,-0.2853,0.3359,0.2546,-0.0813,0.2117,-0.5446,1.6935,-0.0598,0.2654,0.0138,0.2424,-0.7317,2.1875,0.3145,0.0245,0.3053,-0.0414,0.0678,-0.0413,0.0324,0.0,0.0739,0.0118,0.079,-0.0112,-0.0041,0.0158,0.1067,-0.0216,0.1136,0.0844,0.0058,-0.0004,0.0708,-0.0063,0.0699,-0.009,0.0038,0.0531,0.1379,0.8519,-0.9627,0.5657,0.7265,-0.8124,0.3656,-0.1008,0.3777,-0.1042,0.7423,-0.7456,0.397,-0.2781,0.7241,0.5215,0.4821,-0.5488,0.0,0.0,0.7992,0.0,0.0,0.0,0.0,0.0,0.0,
7.2,run,0.15,3.46,0.97,0.88,-1.91,40.7,0.0,0.0,0.104,5.1,21.97,-16.7,19.42,15.12,-3.78,12.83,-30.23,97.21,-3.6,15.91,2.11,13.97,-39.99,126.91,18.11,1.93,18.46,4.61,22.42,-17.22,19.96,14.85,-3.18,13.04,-29.61,96.7,-3.69,15.92,2.94,13.72,-38.95,127.42,18.32,1.53,19.0,0.1316,0.8622,-0.9673,0.5704,0.7246,-0.8021,0.3725,-0.0839,0.373,-0.1054,0.744,-0.7302,0.3921,-0.2536,0.7343,0.5233,0.4824,-0.5412,0.026,0.0,0.006,0.006,0.0,0.006,0.0,0.013,0.006,0.0,0.0,0.006,0.006,0.013,0.006,0.0,0.0,0.006,0.0767,0.3728,-0.293,0.3359,0.2546,-0.0721,0.2178,-0.5338,1.6889,-0.0614,0.2684,0.0261,0.2424,-0.7118,2.2059,0.3175,0.0245,0.3145,-0.0355,0.0637,-0.0452,0.0227,0.0,0.0713,0.0213,0.078,-0.0176,-0.0061,0.0175,0.1007,-0.0151,0.1218,0.0981,0.0106,-0.0003,0.0691,-0.0053,0.0701,-0.0023,-0.0011,0.0203,0.1364,0.8562,-0.9635,0.5681,0.7282,-0.8082,0.3705,-0.092,0.3754,-0.1059,0.746,-0.7375,0.3943,-0.2665,0.7298,0.5225,0.4842,-0.5453,0.0,0.0,0.814,0.0,0.0,0.0,0.0,0.0,0.0,
7.24,run,0.13,3.4,-0.92,-0.68,-0.46,41.4,0.0,0.0,0.104,4.75,21.97,-16.7,19.42,15.12,-3.69,12.83,-30.06,97.12,-3.6,15.91,2.2,13.97,-39.81,126.91,18.19,1.93,18.54,4.45,22.71,-17.44,20.01,14.72,-3.1,13.1,-29.37,96.75,-3.62,15.84,3.24,13.69,-38.37,128.12,18.47,1.46,19.26,0.1273,0.8675,-0.9699,0.5716,0.7221,-0.8011,0.3743,-0.0795,0.3736,-0.1033,0.7426,-0.7266,0.391,-0.2431,0.7425,0.5276,0.4812,-0.5381,0.026,0.0,0.006,0.006,0.0,0.006,0.0,0.013,0.006,0.0,0.0,0.006,0.006,0.013,0.006,0.0,0.0,0.006,0.089,0.3758,-0.2945,0.3359,0.2546,-0.0675,0.2209,-0.5308,1.6874,-0.0614,0.27,0.0337,0.2424,-0.7026,2.212,0.316,0.0245,0.3191,0.0147,0.0545,-0.0366,0.0159,0.0,0.0647,0.0248,0.0645,-0.0172,-0.0043,0.0172,0.0952,-0.0106,0.1149,0.0884,0.0025,-0.0002,0.0632,-0.0001,0.0722,0.0169,0.0154,-0.0333,0.1316,0.8622,-0.9673,0.5704,0.7246,-0.8021,0.3725,-0.0839,0.373,-0.1054,0.744,-0.7302,0.3921,-0.2536,0.7343,0.5233,0.4824,-0.5412,0.0,0.0,0.8288,0.0,0.0,0.0,0.0,0.0,0.0,
7.28,run,0.1,3.4,-0.64,-0.26,2.85,42.2,0.0,0.0,0.104,4.04,22.32,-16.96,19.6,15.12,-3.25,12.83,-29.62,97.12,-3.6,15.91,2.81,13.97,-39.38,127.44,18.37,1.93,18.81,4.45,22.98,-17.61,20.1,14.86,-2.92,13.32,-29.07,96.83,-3.75,16.1,3.58,13.62,-37.85,128.44,18.59,1.6,19.91,0.1271,0.8724,-0.9719,0.5742,0.7247,-0.7991,0.3806,-0.074,0.3744,-0.1072,0.7473,-0.7226,0.3891,-0.2337,0.7464,0.531,0.4836,-0.5305,0.0,0.0,0.006,0.013,0.006,0.0,0.006,0.006,0.0,0.006,0.0,0.006,0.013,0.026,0.006,0.006,0.006,0.006,0.0828,0.3758,-0.2945,0.3359,0.2546,-0.066,0.2209,-0.5277,1.6858,-0.0614,0.27,0.0353,0.2424,-0.6995,2.212,0.3175,0.0245,0.3206,-0.0125,0.0381,-0.0256,0.0111,0.0,0.051,0.0173,0.0565,-0.0178,-0.003,0.0121,0.0723,-0.0074,0.0918,0.0619,0.0074,-0.0001,0.0499,-0.0025,0.0672,-0.0161,-0.0119,-0.0079,0.1273,0.8675,-0.9699,0.5716,0.7221,-0.8011,0.3743,-0.0795,0.3736,-0.1033,0.7426,-0.7266,0.391,-0.2431,0.7425,0.5276,0.4812,-0.5381,0.0,0.0,0.8436,0.0,0.0,0.0,0.0,0.0,0.0,
7.32,run,0.13,3.4,0.77,0.35,-2.25,42.9,0.0,0.0,0.104,5.01,22.68,-17.23,19.6,15.12,-3.08,13.01,-29.27,97.12,-3.69,15.91,3.34,13.71,-38.85,127.97,18.37,1.93,19.25,4.39,23.08,-17.6,20.13,14.92,-2.42,13.46,-28.66,96.43,-3.79,16.25,4.22,13.5,-37.3,128.62,18.58,1.72,20.0,0.1255,0.8742,-0.9718,0.5752,0.7258,-0.7932,0.3845,-0.0665,0.3697,-0.1083,0.7501,-0.7151,0.3858,-0.2236,0.7485,0.5309,0.4858,-0.5294,0.0,0.0,0.006,0.013,0.006,0.0,0.006,0.006,0.0,0.006,0.0,0.006,0.013,0.026,0.006,0.006,0.006,0.006,0.0706,0.382,-0.2991,0.339,0.2546,-0.0583,0.2209,-0.52,1.6858,-0.0614,0.27,0.046,0.2424,-0.6918,2.2212,0.3206,0.0245,0.3252,-0.0549,0.0498,-0.0352,0.0193,0.0,0.0645,0.0121,0.0684,-0.0124,-0.0021,0.0084,0.091,-0.0052,0.0931,0.0779,0.0167,-0.0001,0.0522,-0.0046,0.0667,-0.0112,-0.0045,0.0497,0.1271,0.8724,-0.9719,0.5742,0.7247,-0.7991,0.3806,-0.074,0.3744,-0.1072,0.7473,-0.7226,0.3891,-0.2337,0.7464,0.531,0.4836,-0.5305,0.0,0.0,0.8584,0.0,0.0,0.0,0.0,0.0,0.0,
7.36,run,0.1,3.42,-0.72,-0.03,1.96,43.7,0.0,0.0,0.104,3.87,22.94,-17.4,19.78,15.12,-2.81,13.18,-29.09,97.03,-3.69,16.0,3.43,13.62,-38.41,128.14,18.46,1.93,19.69,4.24,23.34,-17.77,20.13,14.7,-2.22,13.46,-28.46,96.53,-3.66,16.03,4.52,13.47,-36.78,129.12,18.68,1.55,20.23,0.1212,0.8789,-0.9738,0.575,0.7218,-0.7908,0.3845,-0.0629,0.3709,-0.1045,0.7461,-0.7115,0.3848,-0.2142,0.7543,0.5338,0.4828,-0.5267,0.0,0.0,0.006,0.013,0.006,0.0,0.006,0.006,0.0,0.006,0.0,0.006,0.013,0.026,0.006,0.006,0.006,0.006,0.0874,0.3881,-0.3037,0.339,0.2546,-0.0552,0.224,-0.5139,1.6858,-0.0629,0.27,0.0552,0.2378,-0.6826,2.2304,0.3206,0.0245,0.3329,0.0248,0.0578,-0.0419,0.0135,0.0,0.0567,0.02,0.0709,-0.0087,-0.0072,0.0059,0.0982,-0.0209,0.0996,0.089,0.0117,-0.0001,0.0653,-0.0019,0.0671,0.0135,0.0061,-0.0393,0.1255,0.8742,-0.9718,0.5752,0.7258,-0.7932,0.3845,-0.0665,0.3697,-0.1083,0.7501,-0.7151,0.3858,-0.2236,0.7485,0.5309,0.4858,-0.5294,0.0,0.0,0.8732,0.0,0.0,0.0,0.0,0.0,0.0,
7.4,run,0.15,3.43,0.54,0.32,-1.67,44.4,0.0,0.0,0.104,4.39,23.12,-17.4,19.78,15.12,-2.37,13.27,-28.74,96.68,-3.69,16.0,4.31,13.45,-37.97,128.41,18.46,1.93,19.95,4.23,23.51,-17.79,20.19,14.9,-1.91,13.66,-28.06,96.37,-3.77,16.35,5.13,13.37,-36.32,129.34,18.69,1.72,20.47,0.1208,0.8821,-0.974,0.577,0.7255,-0.7871,0.3903,-0.0556,0.369,-0.1077,0.7519,-0.7044,0.382,-0.2058,0.757,0.5339,0.4859,-0.5239,0.033,0.0,0.006,0.013,0.0,0.0,0.0,0.0,0.006,0.0,0.006,0.013,0.0,0.052,0.026,0.006,0.006,0.006,0.0675,0.3927,-0.3068,0.3421,0.2546,-0.0506,0.227,-0.5108,1.6843,-0.0629,0.2715,0.0568,0.2362,-0.675,2.2335,0.3221,0.0245,0.3405,-0.0574,0.0577,-0.0408,0.021,0.0,0.0569,0.0255,0.0611,-0.0118,-0.005,0.0099,0.0745,-0.0204,0.0985,0.0738,0.0139,-0.0,0.0745,-0.0045,0.0683,-0.0125,-0.0005,0.0342,0.1212,0.8789,-0.9738,0.575,0.7218,-0.7908,0.3845,-0.0629,0.3709,-0.1045,0.7461,-0.7115,0.3848,-0.2142,0.7543,0.5338,0.4828,-0.5267,0.0,0.0,0.888,0.0,0.0,0.0,0.0,0.0,0.0,
7.44,run,0.17,3.44,0.14,-0.24,-0.66,45.1,0.0,0.0,0.104,4.48,23.38,-17.4,19.95,15.12,-2.11,13.27,-28.39,96.68,-3.69,16.0,4.48,13.45,-37.44,128.85,18.63,1.93,20.13,4.08,23.58,-17.79,20.13,14.64,-1.53,13.72,-27.85,96.26,-3.67,16.18,5.47,13.31,-35.66,129.72,18.82,1.72,20.65,0.1165,0.8832,-0.974,0.5751,0.7208,-0.7827,0.392,-0.0518,0.3678,-0.1048,0.7488,-0.7004,0.3803,-0.1937,0.7614,0.5378,0.4858,-0.5217,0.033,0.0,0.006,0.013,0.0,0.0,0.0,0.0,0.006,0.0,0.006,0.013,0.0,0.052,0.026,0.006,0.006,0.006,0.0767,0.3958,-0.3068,0.3421,0.2546,-0.043,0.2286,-0.5047,1.6782,-0.0629,0.2715,0.0721,0.2332,-0.6673,2.2381,0.3221,0.0245,0.3451,-0.0056,0.0519,-0.0286,0.0147,0.0,0.0687,0.0236,0.0658,-0.0313,-0.0035,0.0069,0.1098,-0.0258,0.0978,0.069,0.0098,-0.0,0.0694,-0.0009,0.0696,0.0095,0.0055,-0.0291,0.1208,0.8821,-0.974,0.577,0.7255,-0.7871,0.3903,-0.0556,0.369,-0.1077,0.7519,-0.7044,0.382,-0.2058,0.757,0.5339,0.4859,-0.5239,0.0,0.0,0.9028,0.0,0.0,0.0,0.0,0.0,0.0,
7.48,run,0.15,3.45,-0.37,-0.1,2.9,45.9,0.0,0.0,0.104,3.6,23.47,-17.4,19.95,15.12,-1.85,13.36,-28.12,96.59,-3.6,16.08,5.19,13.45,-37.09,129.02,18.72,1.93,20.39,4.01,23.79,-17.93,20.18,14.7,-1.38,13.83,-27.57,96.32,-3.71,16.32,5.76,13.24,-35.15,130.13,18.9,1.72,20.97,0.1145,0.887,-0.9757,0.5766,0.7217,-0.781,0.3951,-0.0467,0.3685,-0.1059,0.7514,-0.697,0.3783,-0.1846,0.7663,0.5399,0.4859,-0.518,0.033,0.0,0.006,0.013,0.0,0.0,0.0,0.0,0.006,0.0,0.006,0.013,0.0,0.052,0.026,0.006,0.006,0.006,0.0782,0.4004,-0.3068,0.3451,0.2546,-0.0383,0.2286,-0.4985,1.6782,-0.0629,0.2715,0.0752,0.2332,-0.6581,2.2457,0.3252,0.0245,0.3482,0.0018,0.0536,-0.02,0.0218,0.0,0.0653,0.0165,0.0691,-0.0219,-0.0025,0.0048,0.0883,-0.018,0.1029,0.077,0.0183,-0.0,0.0601,0.0014,0.0701,0.0024,-0.0042,-0.0115,0.1165,0.8832,-0.974,0.5751,0.7208,-0.7827,0.392,-0.0518,0.3678,-0.1048,0.7488,-0.7004,0.3803,-0.1937,0.7614,0.5378,0.4858,-0.5217,0.0,0.0,0.9176,0.0,0.0,0.0,0.0,0.0,0.0,
7.52,run,0.18,3.44,0.77,0.09,-3.17,46.6,0.0,0.0,0.111,4.57,23.47,-17.58,19.95,15.12,-1.49,13.36,-27.86,96.5,-3.6,16.17,5.54,13.45,-36.56,129.46,18.81,1.93,20.65,3.95,23.8,-17.82,20.16,14.75,-0.85,14.01,-27.17,96.01,-3.75,16.5,6.42,13.12,-34.53,130.29,18.92,1.93,21.11,0.113,0.8872,-0.9743,0.576,0.7227,-0.7747,0.4003,-0.0394,0.3648,-0.1072,0.7545,-0.6891,0.3749,-0.1733,0.7682,0.5406,0.4896,-0.5163,0.026,0.0,0.0,0.006,0.006,0.013,0.006,0.013,0.006,0.006,0.0,0.013,0.013,0.111,0.026,0.0,0.0,0.006,0.0629,0.4019,-0.3068,0.3451,0.2546,-0.0337,0.2301,-0.4939,1.6766,-0.0614,0.273,0.0874,0.2332,-0.6519,2.2488,0.3267,0.0245,0.3528,-0.0562,0.0433,-0.014,0.0152,0.0,0.063,0.0173,0.0656,-0.0211,0.004,0.0091,0.1078,-0.0126,0.0951,0.0654,0.0186,-0.0,0.0593,-0.0008,0.071,-0.0065,-0.0017,0.0505,0.1145,0.887,-0.9757,0.5766,0.7217,-0.781,0.3951,-0.0467,0.3685,-0.1059,0.7514,-0.697,0.3783,-0.1846,0.7663,0.5399,0.4859,-0.518,0.0,0.0,0.9324,0.0,0.0,0.0,0.0,0.0,0.0,
7.56,run,0.16,3.46,-0.69,-0.22,1.76,47.4,0.0,0.0,0.111,3.6,23.73,-17.67,19.95,15.12,-1.32,13.62,-27.6,96.5,-3.69,16.35,6.06,13.18,-36.04,129.64,18.81,1.93,20.92,3.78,24.03,-18.04,20.12,14.55,-0.73,14.05,-27.11,96.14,-3.65,16.3,6.52,13.09,-33.97,130.81,19.11,1.78,21.39,0.1081,0.8914,-0.9769,0.5748,0.719,-0.7733,0.4013,-0.0384,0.3663,-0.1043,0.751,-0.688,0.374,-0.1631,0.7742,0.5459,0.4869,-0.513,0.026,0.0,0.0,0.006,0.006,0.013,0.006,0.013,0.006,0.006,0.0,0.013,0.013,0.111,0.026,0.0,0.0,0.006,0.0798,0.4019,-0.3099,0.3451,0.2546,-0.0276,0.2301,-0.4893,1.6751,-0.0614,0.2746,0.0936,0.2332,-0.6427,2.2565,0.3283,0.0245,0.3574,0.0239,0.0303,-0.0213,0.0107,0.0,0.0671,0.0121,0.0632,-0.0205,0.0028,0.0121,0.0985,-0.0088,0.101,0.0745,0.0188,-0.0,0.0588,0.0024,0.0705,0.0135,0.0015,-0.0554,0.113,0.8872,-0.9743,0.576,0.7227,-0.7747,0.4003,-0.0394,0.3648,-0.1072,0.7545,-0.6891,0.3749,-0.1733,0.7682,0.5406,0.4896,-0.5163,0.0,0.0,0.9472,0.0,0.0,0.0,0.0,0.0,0.0,
7.6,run,0.19,3.44,0.82,0.83,-0.37,48.1,0.0,0.0,0.111,3.78,23.73,-17.67,19.95,15.12,-0.88,13.71,-27.33,96.33,-3.69,16.35,6.33,13.18,-35.6,129.64,18.9,1.93,21.01,3.76,24.03,-17.87,20.11,14.65,-0.27,14.24,-26.63,95.93,-3.71,16.55,7.25,12.98,-33.43,130.93,19.07,1.95,21.57,0.1075,0.8915,-0.975,0.5747,0.7208,-0.7678,0.4067,-0.0296,0.3639,-0.106,0.7555,-0.6794,0.3708,-0.1532,0.7757,0.5448,0.49,-0.5109,0.026,0.0,0.0,0.006,0.006,0.013,0.006,0.013,0.006,0.006,0.0,0.013,0.013,0.111,0.026,0.0,0.0,0.006,0.0629,0.4065,-0.3114,0.3451,0.2546,-0.0245,0.2347,-0.4847,1.6751,-0.0629,0.2777,0.1028,0.2286,-0.6335,2.2596,0.3283,0.0245,0.362,-0.0466,0.0385,-0.0207,0.0075,0.0,0.0585,0.0257,0.0615,-0.0144,-0.0038,0.02,0.1034,-0.0234,0.1052,0.0637,0.0131,-0.0,0.0584,0.0007,0.0723,-0.012,-0.0039,0.0307,0.1081,0.8914,-0.9769,0.5748,0.719,-0.7733,0.4013,-0.0384,0.3663,-0.1043,0.751,-0.688,0.374,-0.1631,0.7742,0.5459,0.4869,-0.513,0.0,0.0,0.962,0.0,0.0,0.0,0.0,0.0,0.0,
7.64,run,0.21,3.38,0.18,-0.96,-4.29,48.8,0.0,0.0,0.111,3.87,23.73,-17.67,19.95,15.12,-0.62,13.8,-27.25,96.33,-3.69,16.35,6.5,13.18,-35.07,129.99,18.98,1.93,21.09,3.63,24.17,-17.94,20.07,14.57,-0.04,14.35,-26.41,95.8,-3.66,16.52,7.59,12.9,-32.79,131.4,19.24,1.98,21.74,0.1036,0.8941,-0.9757,0.5733,0.7195,-0.7652,0.4099,-0.0256,0.3623,-0.1044,0.7549,-0.6755,0.3685,-0.1416,0.7812,0.5497,0.4905,-0.509,0.0,0.006,0.006,0.0,0.013,0.006,0.006,0.026,0.013,0.0,0.0,0.006,0.013,0.084,0.045,0.006,0.0,0.0,0.066,0.4065,-0.3114,0.3451,0.2546,-0.0169,0.2362,-0.4801,1.672,-0.0629,0.2777,0.1074,0.2286,-0.6259,2.2596,0.3298,0.0245,0.3636,-0.0211,0.0269,-0.0145,0.0052,0.0,0.0697,0.0238,0.0603,-0.0216,-0.0026,0.014,0.0897,-0.0164,0.1024,0.0446,0.0149,-0.0,0.0466,0.0028,0.0707,0.0143,0.0145,-0.0065,0.1075,0.8915,-0.975,0.5747,0.7208,-0.7678,0.4067,-0.0296,0.3639,-0.106,0.7555,-0.6794,0.3708,-0.1532,0.7757,0.5448,0.49,-0.5109,0.0,0.0,0.9768,0.0,0.0,0.0,0.0,0.0,0.0,
7.68,run,0.15,3.4,-0.98,-0.12,4.67,49.6,0.0,0.0,0.111,3.16,23.91,-17.67,19.95,15.12,-0.18,13.97,-26.72,96.15,-3.6,16.52,7.29,13.01,-34.63,130.43,19.16,1.93,21.45,3.52,24.24,-18.07,20.04,14.48,0.15,14.48,-26.36,95.89,-3.66,16.49,7.62,12.84,-32.27,131.63,19.4,1.95,22.15,0.1007,0.8954,-0.9772,0.5724,0.7178,-0.7629,0.4138,-0.0247,0.3634,-0.1045,0.7543,-0.675,0.3669,-0.1321,0.7839,0.5543,0.49,-0.5042,0.0,0.006,0.006,0.0,0.013,0.006,0.006,0.026,0.013,0.0,0.0,0.006,0.013,0.084,0.045,0.006,0.0,0.0,0.0675,0.4065,-0.3114,0.3451,0.2546,-0.0123,0.2378,-0.4786,1.672,-0.0629,0.2777,0.1104,0.2286,-0.6167,2.2657,0.3313,0.0245,0.3651,-0.009,0.0188,-0.0101,0.0037,0.0,0.066,0.0224,0.0479,-0.0151,-0.0019,0.0098,0.0743,-0.0115,0.1062,0.0542,0.0162,-0.0,0.0384,0.0051,0.0648,0.0031,-0.0167,-0.0748,0.1036,0.8941,-0.9757,0.5733,0.7195,-0.7652,0.4099,-0.0256,0.3623,-0.1044,0.7549,-0.6755,0.3685,-0.1416,0.7812,0.5497,0.4905,-0.509,0.0,0.0,0.9916,0.0,0.0,0.0,0.0,0.0,0.0,
7.72,run,0.21,3.38,0.76,0.12,-2.93,50.3,0.0,0.0,0.111,4.04,24.17,-17.75,19.95,15.12,0.0,13.97,-26.63,96.06,-3.6,16.52,7.38,12.92,-34.19,130.61,19.25,1.93,21.62,3.53,24.33,-17.89,20.05,14.64,0.58,14.63,-25.67,95.59,-3.71,16.8,8.49,12.71,-31.68,131.82,19.29,2.08,22.2,0.1007,0.8969,-0.9752,0.5729,0.7208,-0.7579,0.4181,-0.0122,0.3598,-0.106,0.7601,-0.6648,0.3633,-0.1215,0.7861,0.5511,0.4923,-0.5036,0.0,0.006,0.006,0.0,0.013,0.006,0.006,0.026,0.013,0.0,0.0,0.006,0.013,0.084,0.045,0.006,0.0,0.0,0.0552,0.4096,-0.3114,0.3451,0.2546,-0.0046,0.2408,-0.4694,1.669,-0.0614,0.2807,0.1243,0.2255,-0.609,2.2734,0.3344,0.0245,0.3712,-0.0524,0.0247,-0.0071,0.0026,0.0,0.075,0.0272,0.0681,-0.0221,0.0045,0.0184,0.1038,-0.0196,0.1031,0.0667,0.0229,-0.0,0.0499,-0.0006,0.0669,-0.0172,-0.0021,0.0816,0.1007,0.8954,-0.9772,0.5724,0.7178,-0.7629,0.4138,-0.0247,0.3634,-0.1045,0.7543,-0.675,0.3669,-0.1321,0.7839,0.5543,0.49,-0.5042,0.0,0.0,1.0064,0.0,0.0,0.0,0.0,0.0,0.0,
7.76,run,0.23,3.36,-0.04,-0.72,-1.91,51.1,0.0,0.0,0.149,3.08,24.17,-17.75,19.95,15.12,0.35,14.15,-26.54,96.06,-3.6,16.52,7.82,12.74,-33.57,130.96,19.16,1.93,21.97,3.36,24.5,-18.11,20.01,14.43,0.67,14.67,-25.65,95.74,-3.6,16.55,8.49,12.69,-31.17,132.27,19.51,1.97,22.45,0.096,0.9001,-0.9778,0.5718,0.7169,-0.7568,0.4192,-0.0119,0.3617,-0.1029,0.7554,-0.6648,0.3625,-0.1122,0.7914,0.5573,0.4904,-0.5006,0.019,0.0,0.006,0.0,0.013,0.0,0.006,0.019,0.006,0.0,0.0,0.0,0.006,0.149,0.065,0.006,0.0,0.0,0.0706,0.4142,-0.3129,0.3451,0.2546,-0.0015,0.2408,-0.4679,1.6674,-0.0614,0.2807,0.1258,0.224,-0.6013,2.2764,0.3359,0.0245,0.3743,0.0209,0.0346,-0.0107,0.0018,0.0,0.064,0.019,0.0534,-0.0212,0.0031,0.0129,0.0784,-0.0195,0.101,0.0582,0.0218,-0.0,0.0464,0.0051,0.0654,0.0132,0.0021,-0.0511,0.1007,0.8969,-0.9752,0.5729,0.7208,-0.7579,0.4181,-0.0122,0.3598,-0.106,0.7601,-0.6648,0.3633,-0.1215,0.7861,0.5511,0.4923,-0.5036,0.0,0.0,1.0212,0.0,0.0,0.0,0.0,0.0,0.0,
7.8,run,0.19,3.38,0.42,0.66,1.34,51.8,0.0,0.0,0.149,3.25,24.26,-17.75,19.95,15.12,0.62,14.24,-26.02,96.06,-3.6,16.52,8.35,12.74,-33.05,131.04,19.25,2.02,22.24,3.28,24.38,-17.92,19.91,14.39,1.17,14.86,-25.42,95.5,-3.59,16.64,8.98,12.57,-30.6,132.3,19.55,2.09,22.55,0.0938,0.8978,-0.9755,0.5689,0.7162,-0.7509,0.4246,-0.0076,0.3588,-0.1026,0.7571,-0.659,0.3592,-0.1018,0.7918,0.5585,0.4926,-0.4994,0.019,0.0,0.006,0.0,0.013,0.0,0.006,0.019,0.006,0.0,0.0,0.0,0.006,0.149,0.065,0.006,0.0,0.0,0.0537,0.4142,-0.3129,0.3451,0.2546,0.0046,0.2439,-0.4663,1.6674,-0.0614,0.2807,0.1335,0.2209,-0.5906,2.2826,0.3344,0.0245,0.3804,-0.0487,0.0242,-0.0075,0.0013,0.0,0.0678,0.0248,0.0432,-0.0149,0.0022,0.009,0.0837,-0.0251,0.1109,0.0638,0.0095,-0.0,0.0555,0.0061,0.0635,-0.0007,-0.0126,-0.0333,0.096,0.9001,-0.9778,0.5718,0.7169,-0.7568,0.4192,-0.0119,0.3617,-0.1029,0.7554,-0.6648,0.3625,-0.1122,0.7914,0.5573,0.4904,-0.5006,0.0,0.0,1.036,0.0,0.0,0.0,0.0,0.0,0.0,
7.84,run,0.28,3.33,1.85,-0.37,-4.27,52.5,0.0,0.0,0.149,3.34,24.26,-17.75,19.95,14.94,0.79,14.33,-25.93,95.98,-3.6,16.52,8.44,12.57,-32.87,131.22,19.42,2.02,22.41,3.2,24.53,-17.84,19.87,14.42,1.51,14.92,-24.94,95.36,-3.56,16.72,9.66,12.46,-30.01,132.6,19.55,2.13,22.65,0.0914,0.9006,-0.9746,0.5678,0.7167,-0.747,0.4262,0.0012,0.3572,-0.1016,0.7585,-0.6511,0.3561,-0.0911,0.7953,0.5585,0.4932,-0.4982,0.019,0.0,0.006,0.0,0.013,0.0,0.006,0.019,0.006,0.0,0.0,0.0,0.006,0.149,0.065,0.006,0.0,0.0,0.0568,0.4157,-0.3129,0.3451,0.2546,0.0092,0.2454,-0.4571,1.6674,-0.0614,0.2807,0.1427,0.2209,-0.5814,2.2841,0.3359,0.0261,0.385,-0.0225,0.0227,-0.0053,0.0009,0.0,0.0647,0.0231,0.0648,-0.0104,0.0015,0.0063,0.0931,-0.0176,0.1122,0.0504,0.0124,0.0058,0.0561,0.003,0.0653,0.0073,0.0115,0.0234,0.0938,0.8978,-0.9755,0.5689,0.7162,-0.7509,0.4246,-0.0076,0.3588,-0.1026,0.7571,-0.659,0.3592,-0.1018,0.7918,0.5585,0.4926,-0.4994,0.0,0.0,1.0508,0.0,0.0,0.0,0.0,0.0,0.0,
7.88,run,0.37,3.42,2.21,1.36,1.11,53.3,0.0,0.0,0.221,2.64,24.26,-17.75,19.95,14.94,1.32,14.41,-25.75,95.8,-3.6,16.52,9.14,12.57,-32.17,131.4,19.42,2.02,22.41,3.08,24.54,-17.91,19.8,14.27,1.76,14.99,-24.92,95.35,-3.49,16.57,9.67,12.4,-29.54,132.71,19.71,2.13,22.91,0.088,0.9007,-0.9755,0.5657,0.714,-0.744,0.4283,0.0014,0.3571,-0.0996,0.7557,-0.6509,0.3541,-0.0825,0.7966,0.5631,0.4933,-0.4952,0.006,0.0,0.006,0.0,0.019,0.0,0.006,0.006,0.0,0.0,0.0,0.0,0.006,0.221,0.084,0.006,0.0,0.013,0.0583,0.4157,-0.3129,0.3451,0.2516,0.0123,0.247,-0.4556,1.6659,-0.0614,0.2807,0.1442,0.2178,-0.5783,2.2872,0.339,0.0261,0.3881,-0.01,0.0159,-0.0037,0.0006,-0.0115,0.0568,0.0219,0.0511,-0.013,0.0011,0.0044,0.0709,-0.0238,0.09,0.0468,0.0202,0.004,0.0508,0.011,0.0605,0.0323,-0.0065,-0.0746,0.0914,0.9006,-0.9746,0.5678,0.7167,-0.747,0.4262,0.0012,0.3572,-0.1016,0.7585,-0.6511,0.3561,-0.0911,0.7953,0.5585,0.4932,-0.4982,0.0,0.0,1.0656,0.0,0.0,0.0,0.0,0.0,0.0,
7.92,run,0.55,3.47,4.31,1.74,-0.78,54.0,0.0,0.0,0.221,3.52,24.35,-17.75,19.95,14.77,1.58,14.59,-25.31,95.71,-3.6,16.52,9.49,12.57,-31.46,131.48,19.51,2.02,22.5,2.98,24.4,-17.65,19.68,14.27,2.2,15.13,-24.52,95.01,-3.46,16.75,10.25,12.25,-28.86,133.02,19.74,2.31,22.67,0.0853,0.8982,-0.9723,0.5622,0.714,-0.7388,0.4324,0.0087,0.353,-0.0989,0.7591,-0.6441,0.35,-0.0701,0.8002,0.5641,0.4966,-0.498,0.006,0.0,0.006,0.0,0.019,0.0,0.006,0.006,0.0,0.0,0.0,0.0,0.006,0.221,0.084,0.006,0.0,0.013,0.046,0.4157,-0.3129,0.3451,0.2516,0.0215,0.2485,-0.4525,1.6628,-0.0614,0.2807,0.1565,0.2178,-0.566,2.2902,0.339,0.0261,0.3881,-0.0533,0.0111,-0.0026,0.0004,-0.008,0.0745,0.0212,0.0473,-0.0207,0.0007,0.0031,0.096,-0.0167,0.1093,0.0443,0.0141,0.0028,0.0356,0.0188,0.0687,0.0385,0.0237,0.0194,0.088,0.9007,-0.9755,0.5657,0.714,-0.744,0.4283,0.0014,0.3571,-0.0996,0.7557,-0.6509,0.3541,-0.0825,0.7966,0.5631,0.4933,-0.4952,0.0,0.0,1.0804,0.0,0.0,0.0,0.0,0.0,0.0,
7.96,run,0.89,3.62,8.21,3.58,-0.97,54.8,0.0,0.0,0.221,2.46,24.35,-17.75,19.86,14.77,1.76,14.59,-25.31,95.71,-3.6,16.52,9.58,12.3,-31.03,131.48,19.69,2.02,22.68,2.83,24.33,-17.62,19.54,14.06,2.55,15.1,-24.3,94.92,-3.32,16.6,10.44,12.14,-28.28,133.23,19.83,2.28,22.68,0.0809,0.8969,-0.972,0.5584,0.7102,-0.7347,0.4315,0.0128,0.352,-0.0949,0.7564,-0.6419,0.347,-0.0596,0.8027,0.5664,0.496,-0.4978,0.006,0.0,0.006,0.0,0.019,0.0,0.006,0.006,0.0,0.0,0.0,0.0,0.006,0.221,0.084,0.006,0.0,0.013,0.0614,0.4172,-0.3129,0.3451,0.2485,0.0261,0.2516,-0.4449,1.6613,-0.0614,0.2807,0.1626,0.2178,-0.5538,2.2918,0.3405,0.0261,0.3896,0.0185,0.0134,-0.0018,0.0003,-0.0168,0.0689,0.026,0.061,-0.0201,0.0005,0.0022,0.0895,-0.0117,0.1212,0.0366,0.0155,0.002,0.0305,0.0345,0.0731,0.0753,0.0304,-0.0137,0.0853,0.8982,-0.9723,0.5622,0.714,-0.7388,0.4324,0.0087,0.353,-0.0989,0.7591,-0.6441,0.35,-0.0701,0.8002,0.5641,0.4966,-0.498,0.0,0.0,1.0952,0.0,0.0,0.0,0.0,0.0,0.0,
8.0,run,1.16,3.86,7.25,4.74,5.28,55.5,0.0,0.0,0.221,2.9,24.35,-17.75,19.78,14.68,2.29,14.68,-24.96,95.36,-3.34,16.52,10.2,12.22,-30.5,131.92,19.78,2.2,22.68,2.69,23.95,-17.23,19.27,13.97,3.25,15.16,-24.24,94.44,-3.18,16.58,10.68,11.96,-27.66,133.17,19.89,2.59,22.3,0.0769,0.8901,-0.9674,0.5506,0.7086,-0.7265,0.4332,0.0137,0.3463,-0.0909,0.756,-0.6391,0.3417,-0.0484,0.802,0.5683,0.5016,-0.5024,0.026,0.006,0.006,0.013,0.019,0.006,0.006,0.006,0.006,0.006,0.0,0.006,0.013,0.163,0.065,0.006,0.006,0.006,0.043,0.4172,-0.3129,0.3436,0.2485,0.0291,0.2516,-0.4449,1.6613,-0.0614,0.2807,0.1641,0.2132,-0.5461,2.2918,0.3436,0.0261,0.3927,-0.0555,0.0094,-0.0013,-0.0055,-0.0118,0.0596,0.0182,0.0427,-0.014,0.0004,0.0015,0.0684,-0.0253,0.1133,0.0256,0.0222,0.0014,0.0327,0.0637,0.0863,0.1432,0.0624,-0.017,0.0809,0.8969,-0.972,0.5584,0.7102,-0.7347,0.4315,0.0128,0.352,-0.0949,0.7564,-0.6419,0.347,-0.0596,0.8027,0.5664,0.496,-0.4978,0.0,0.0,1.11,0.0,0.0,0.0,0.0,0.0,0.0,
8.04,run,1.56,3.96,7.53,3.07,-1.1,56.2,0.0,0.0,0.221,2.55,24.35,-17.67,19.78,14.5,2.9,14.68,-24.61,94.92,-3.25,16.52,10.55,12.04,-29.71,132.19,19.78,2.37,22.68,2.65,23.96,-17.09,19.12,13.93,3.41,15.14,-23.79,94.52,-3.14,16.74,10.84,11.82,-27.03,133.52,19.85,2.6,22.2,0.0757,0.8902,-0.9658,0.5464,0.7078,-0.7246,0.4325,0.022,0.3473,-0.0897,0.7589,-0.6372,0.3376,-0.0368,0.8062,0.5671,0.5019,-0.5036,0.026,0.006,0.006,0.013,0.019,0.006,0.006,0.006,0.006,0.006,0.0,0.006,0.013,0.163,0.065,0.006,0.006,0.006,0.0506,0.4172,-0.3129,0.3421,0.247,0.0383,0.2531,-0.4387,1.6552,-0.0568,0.2807,0.1749,0.2117,-0.5369,2.2994,0.3451,0.0291,0.3927,-0.0101,0.0065,-0.0009,-0.0096,-0.014,0.0762,0.0185,0.0529,-0.0328,0.0175,0.0011,0.0881,-0.0234,0.1138,0.0467,0.0213,0.0125,0.0229,0.0876,0.1071,0.1266,0.0827,0.0921,0.0769,0.8901,-0.9674,0.5506,0.7086,-0.7265,0.4332,0.0137,0.3463,-0.0909,0.756,-0.6391,0.3417,-0.0484,0.802,0.5683,0.5016,-0.5024,0.0,0.0,1.1248,0.0,0.0,0.0,0.0,0.0,0.0,
8.08,run,1.72,4.13,3.99,2.58,1.75,57.0,0.0,0.0,0.221,2.46,24.35,-17.4,19.6,14.5,3.16,14.68,-24.61,94.75,-3.25,16.52,10.63,12.04,-29.18,132.19,19.78,2.55,22.5,2.43,23.37,-16.54,18.73,13.45,4.18,15.12,-23.89,94.23,-2.91,16.46,10.84,11.64,-26.37,133.05,19.91,2.69,22.15,0.0693,0.8794,-0.9593,0.5353,0.6991,-0.7156,0.4319,0.0201,0.3439,-0.083,0.7538,-0.6371,0.3327,-0.0249,0.8006,0.569,0.5035,-0.5041,0.026,0.006,0.006,0.013,0.019,0.006,0.006,0.006,0.006,0.006,0.0,0.006,0.013,0.163,0.065,0.006,0.006,0.006,0.0445,0.4172,-0.3114,0.3421,0.2439,0.0491,0.2531,-0.4326,1.6475,-0.0552,0.2807,0.181,0.2086,-0.5231,2.304,0.3451,0.0322,0.3927,-0.0267,0.0046,0.0043,-0.0067,-0.0196,0.0876,0.0129,0.0566,-0.0475,0.0171,0.0007,0.0812,-0.0262,0.1237,0.0474,0.0149,0.0185,0.016,0.1228,0.116,0.1314,0.0535,-0.0191,0.0757,0.8902,-0.9658,0.5464,0.7078,-0.7246,0.4325,0.022,0.3473,-0.0897,0.7589,-0.6372,0.3376,-0.0368,0.8062,0.5671,0.5019,-0.5036,0.0,0.0,1.1396,0.0,0.0,0.0,0.0,0.0,0.0,
8.12,run,1.91,4.11,4.34,0.94,-2.97,57.7,0.0,0.0,0.254,2.72,24.26,-17.14,19.07,14.24,3.69,14.68,-24.43,94.66,-3.25,16.52,10.72,11.69,-28.65,132.19,19.78,2.64,22.32,2.39,23.41,-16.32,18.62,13.48,4.17,15.16,-23.67,94.58,-2.92,16.66,10.96,11.54,-25.87,133.32,19.93,2.77,22.36,0.0682,0.8802,-0.9567,0.5319,0.6997,-0.7156,0.4333,0.0242,0.348,-0.0835,0.7574,-0.6358,0.3297,-0.0159,0.8038,0.5693,0.5048,-0.5016,0.006,0.013,0.006,0.006,0.019,0.006,0.013,0.019,0.0,0.0,0.0,0.006,0.006,0.254,0.052,0.0,0.0,0.0,0.043,0.4172,-0.3068,0.339,0.2439,0.0537,0.2531,-0.4326,1.6444,-0.0552,0.2807,0.1825,0.2086,-0.5139,2.304,0.3451,0.0353,0.3896,-0.0243,0.0032,0.02,-0.0161,-0.0137,0.0784,0.0091,0.0396,-0.0446,0.012,0.0005,0.0625,-0.0183,0.1207,0.0332,0.0104,0.0243,-0.0001,0.1363,0.131,0.0696,0.0451,0.0306,0.0693,0.8794,-0.9593,0.5353,0.6991,-0.7156,0.4319,0.0201,0.3439,-0.083,0.7538,-0.6371,0.3327,-0.0249,0.8006,0.569,0.5035,-0.5041,0.0,0.0,1.1544,0.0,0.0,0.0,0.0,0.0,0.0,
8.16,run,2.15,4.24,5.96,2.99,0.76,58.5,0.0,0.0,0.254,1.85,23.91,-16.7,18.9,13.97,3.96,14.68,-24.08,94.57,-2.81,16.52,10.72,11.6,-28.04,132.19,19.95,2.64,22.32,2.23,23.05,-15.87,18.33,13.14,4.79,15.2,-23.53,94.35,-2.74,16.38,11.21,11.4,-25.23,132.96,19.97,2.8,22.66,0.0639,0.8736,-0.9514,0.5237,0.6935,-0.7084,0.4344,0.0268,0.3453,-0.0783,0.7523,-0.6328,0.3258,-0.0042,0.7995,0.5707,0.5055,-0.4981,0.006,0.013,0.006,0.006,0.019,0.006,0.013,0.019,0.0,0.0,0.0,0.006,0.006,0.254,0.052,0.0,0.0,0.0,0.0476,0.4157,-0.3022,0.3298,0.2393,0.0629,0.2531,-0.4295,1.6429,-0.0552,0.2807,0.1841,0.2025,-0.5047,2.304,0.3451,0.0368,0.3866,0.0003,-0.0035,0.0314,-0.0459,-0.0269,0.0896,0.0063,0.0393,-0.037,0.0084,0.0004,0.0496,-0.036,0.1192,0.0232,0.0073,0.0228,-0.0117,0.1532,0.1286,0.0757,0.0165,-0.0519,0.0682,0.8802,-0.9567,0.5319,0.6997,-0.7156,0.4333,0.0242,0.348,-0.0835,0.7574,-0.6358,0.3297,-0.0159,0.8038,0.5693,0.5048,-0.5016,0.0,0.0,1.1692,0.0,0.0,0.0,0.0,0.0,0.0,
8.2,run,2.46,4.38,7.84,3.33,-1.89,59.2,0.0,0.0,0.254,2.81,23.64,-16.44,18.63,13.89,4.13,14.68,-23.99,94.57,-2.64,16.52,11.16,11.51,-27.33,132.19,19.95,2.72,22.32,2.14,22.86,-15.5,18.08,13.22,5.23,15.25,-23.3,94.08,-2.66,16.5,11.55,11.22,-24.64,133.0,19.96,3.0,22.31,0.0613,0.8702,-0.9471,0.5166,0.695,-0.7032,0.4356,0.031,0.3421,-0.0761,0.7546,-0.6289,0.3207,0.0066,0.8,0.5704,0.5091,-0.5022,0.006,0.013,0.006,0.006,0.019,0.006,0.013,0.019,0.0,0.0,0.0,0.006,0.006,0.254,0.052,0.0,0.0,0.0,0.0322,0.4096,-0.2945,0.3267,0.2347,0.0675,0.2531,-0.4234,1.6414,-0.0476,0.2807,0.1841,0.201,-0.4939,2.304,0.3482,0.0368,0.3866,-0.057,-0.0254,0.0506,-0.0436,-0.036,0.0799,0.0044,0.0504,-0.0316,0.0345,0.0003,0.0347,-0.0309,0.1235,0.0162,0.0166,0.016,-0.0082,0.1737,0.1404,0.1041,0.0522,0.0132,0.0639,0.8736,-0.9514,0.5237,0.6935,-0.7084,0.4344,0.0268,0.3453,-0.0783,0.7523,-0.6328,0.3258,-0.0042,0.7995,0.5707,0.5055,-0.4981,0.0,0.0,1.184,0.0,0.0,0.0,0.0,0.0,0.0,
8.24,run,2.8,4.51,8.49,3.99,-0.09,59.9,0.0,0.0,0.254,1.76,23.38,-16.0,18.46,13.71,4.75,14.68,-23.91,94.48,-2.72,16.52,11.34,11.43,-26.72,132.19,19.95,2.72,22.41,2.0,22.52,-15.21,17.79,13.02,5.67,15.1,-23.15,93.99,-2.46,16.26,11.54,11.04,-24.08,132.84,19.93,2.98,22.23,0.057,0.8639,-0.9436,0.5082,0.6914,-0.698,0.4314,0.0336,0.341,-0.0702,0.7502,-0.6289,0.3154,0.0167,0.7981,0.5695,0.5086,-0.5032,0.019,0.013,0.0,0.006,0.013,0.0,0.013,0.019,0.006,0.006,0.006,0.006,0.006,0.163,0.026,0.0,0.0,0.006,0.0491,0.405,-0.2899,0.3221,0.2332,0.0706,0.2531,-0.4218,1.6414,-0.0445,0.2807,0.1917,0.1994,-0.4817,2.304,0.3482,0.0383,0.3866,0.0234,-0.035,0.0527,-0.0478,-0.031,0.0674,0.0031,0.041,-0.0221,0.0356,0.0002,0.053,-0.0274,0.1324,0.0114,0.0116,0.0169,-0.0057,0.2008,0.1521,0.1368,0.0582,-0.033,0.0613,0.8702,-0.9471,0.5166,0.695,-0.7032,0.4356,0.031,0.3421,-0.0761,0.7546,-0.6289,0.3207,0.0066,0.8,0.5704,0.5091,-0.5022,0.0,0.0,1.1988,0.0,0.0,0.0,0.0,0.0,0.0,
8.28,run,3.05,4.74,7.79,4.4,2.42,60.7,0.0,0.0,0.254,1.85,23.12,-15.56,18.11,13.62,5.36,14.68,-23.47,94.31,-2.64,16.52,11.51,11.16,-26.1,132.19,19.95,2.9,22.41,1.88,22.01,-14.53,17.41,12.96,6.2,15.05,-23.04,93.67,-2.32,16.32,11.66,10.8,-23.51,132.45,19.85,3.19,21.92,0.0536,0.8548,-0.9356,0.4974,0.6901,-0.6918,0.4301,0.0357,0.3373,-0.0664,0.7512,-0.6276,0.3086,0.0271,0.7935,0.5672,0.5125,-0.5068,0.019,0.013,0.0,0.006,0.013,0.0,0.013,0.019,0.006,0.006,0.006,0.006,0.006,0.163,0.026,0.0,0.0,0.006,0.0307,0.4004,-0.2823,0.3191,0.2301,0.0813,0.2531,-0.4203,1.6398,-0.046,0.2807,0.1948,0.1979,-0.4709,2.304,0.3482,0.0383,0.3881,-0.0527,-0.0418,0.0656,-0.045,-0.0332,0.0875,0.0022,0.0345,-0.0212,0.0192,0.0001,0.0486,-0.0249,0.133,0.008,0.0081,0.0118,0.0018,0.231,0.1633,0.1482,0.0696,-0.0016,0.057,0.8639,-0.9436,0.5082,0.6914,-0.698,0.4314,0.0336,0.341,-0.0702,0.7502,-0.6289,0.3154,0.0167,0.7981,0.5695,0.5086,-0.5032,0.0,0.0,1.2136,0.0,0.0,0.0,0.0,0.0,0.0,
8.32,run,3.42,4.83,8.97,3.92,-2.05,61.4,0.0,0.0,0.254,2.2,22.76,-15.29,17.49,13.45,5.8,14.68,-23.38,94.13,-2.37,16.52,11.51,11.07,-25.49,132.19,19.95,2.9,22.32,1.8,21.83,-13.96,17.06,12.88,6.64,14.91,-22.62,93.57,-2.2,16.28,12.0,10.58,-22.87,132.05,19.66,3.2,22.01,0.0513,0.8514,-0.9289,0.4874,0.6888,-0.6866,0.426,0.0433,0.3361,-0.0627,0.7505,-0.6235,0.3022,0.0388,0.7888,0.5618,0.5128,-0.5058,0.019,0.013,0.0,0.006,0.013,0.0,0.013,0.019,0.006,0.006,0.006,0.006,0.006,0.163,0.026,0.0,0.0,0.006,0.0322,0.3958,-0.2746,0.3129,0.2286,0.092,0.2531,-0.4126,1.6368,-0.0445,0.2807,0.1979,0.1933,-0.4602,2.304,0.3482,0.0414,0.3881,-0.0311,-0.0465,0.0746,-0.0544,-0.029,0.1014,0.0015,0.0528,-0.0263,0.0192,0.0001,0.0455,-0.0347,0.1333,0.0056,0.0057,0.0198,0.0012,0.2528,0.1838,0.1359,0.0768,0.0423,0.0536,0.8548,-0.9356,0.4974,0.6901,-0.6918,0.4301,0.0357,0.3373,-0.0664,0.7512,-0.6276,0.3086,0.0271,0.7935,0.5672,0.5125,-0.5068,0.0,0.0,1.2284,0.0,0.0,0.0,0.0,0.0,0.0,
8.36,run,3.66,4.97,5.93,2.33,-0.03,62.2,0.0,0.0,0.254,1.32,22.41,-14.77,17.4,13.45,6.33,14.68,-23.29,93.87,-2.02,16.52,11.95,10.63,-24.79,131.66,19.69,3.08,22.15,1.6,21.31,-13.39,16.66,12.61,7.11,14.78,-22.53,93.36,-1.94,15.98,11.93,10.38,-22.3,131.65,19.62,3.17,21.88,0.0458,0.842,-0.9223,0.4761,0.6838,-0.681,0.4223,0.0449,0.3336,-0.0554,0.7451,-0.6244,0.2966,0.0491,0.7842,0.5605,0.5122,-0.5073,0.006,0.013,0.0,0.013,0.019,0.006,0.0,0.039,0.006,0.006,0.013,0.006,0.013,0.163,0.013,0.0,0.0,0.006,0.0383,0.3896,-0.27,0.3022,0.2255,0.0997,0.2531,-0.4111,1.6337,-0.0399,0.2807,0.1979,0.1917,-0.4495,2.304,0.3482,0.0414,0.3866,0.0012,-0.0555,0.0695,-0.0783,-0.0318,0.0997,0.0011,0.0427,-0.0299,0.0306,0.0001,0.0319,-0.03,0.1335,0.0039,0.004,0.0138,-0.0049,0.285,0.1918,0.1566,0.0684,-0.0358,0.0513,0.8514,-0.9289,0.4874,0.6888,-0.6866,0.426,0.0433,0.3361,-0.0627,0.7505,-0.6235,0.3022,0.0388,0.7888,0.5618,0.5128,-0.5058,0.0,0.0,1.2432,0.0,0.0,0.0,0.0,0.0,0.0,
8.4,run,3.91,5.08,5.82,2.46,-0.98,62.9,0.0,0.0,0.254,2.11,22.06,-14.24,17.4,13.27,6.68,14.59,-22.94,93.78,-2.02,16.52,11.95,10.46,-24.26,131.4,19.6,3.08,22.15,1.52,20.86,-12.63,16.28,12.45,7.58,14.67,-22.2,93.25,-1.87,15.99,12.17,10.14,-21.67,131.05,19.42,3.2,21.92,0.0435,0.8339,-0.9132,0.465,0.681,-0.6756,0.4192,0.051,0.3324,-0.0533,0.7452,-0.6215,0.2897,0.0606,0.777,0.5547,0.5128,-0.5069,0.006,0.013,0.0,0.013,0.019,0.006,0.0,0.039,0.006,0.006,0.013,0.006,0.013,0.163,0.013,0.0,0.0,0.006,0.023,0.3835,-0.2608,0.3007,0.2255,0.1089,0.2531,-0.4096,1.6291,-0.0337,0.2807,0.2056,0.1841,-0.4372,2.2948,0.3436,0.0445,0.3835,-0.057,-0.062,0.0833,-0.0606,-0.0222,0.1044,0.0007,0.0357,-0.0383,0.0446,0.0,0.0512,-0.0499,0.1397,-0.0319,-0.0146,0.0212,-0.015,0.3058,0.2038,0.1035,0.0407,-0.0005,0.0458,0.842,-0.9223,0.4761,0.6838,-0.681,0.4223,0.0449,0.3336,-0.0554,0.7451,-0.6244,0.2966,0.0491,0.7842,0.5605,0.5122,-0.5073,0.0,0.0,1.258,0.0,0.0,0.0,0.0,0.0,0.0,
8.44,run,4.03,5.12,3.24,0.51,-3.24,63.6,0.0,0.0,0.254,1.14,21.71,-13.62,16.96,13.01,7.21,14.59,-22.85,93.6,-2.02,16.52,11.87,10.2,-23.64,131.22,19.6,3.08,22.15,1.43,20.69,-12.13,15.98,12.47,7.78,14.44,-21.91,93.31,-1.72,15.88,12.28,9.94,-21.26,130.67,19.23,3.13,21.98,0.0408,0.8307,-0.9075,0.4567,0.6813,-0.6731,0.4125,0.0562,0.333,-0.049,0.7433,-0.6203,0.2839,0.068,0.7726,0.5495,0.5114,-0.5061,0.006,0.013,0.0,0.013,0.019,0.006,0.0,0.039,0.006,0.006,0.013,0.006,0.013,0.163,0.013,0.0,0.0,0.006,0.0368,0.3774,-0.2516,0.3007,0.2224,0.115,0.2516,-0.4034,1.6276,-0.0337,0.2807,0.2056,0.181,-0.428,2.2902,0.3421,0.0445,0.3835,0.0119,-0.0664,0.0928,-0.0424,-0.0271,0.0961,-0.0052,0.048,-0.0325,0.0312,0.0,0.0358,-0.0464,0.1323,-0.0396,-0.0159,0.0149,-0.0105,0.3274,0.2134,0.1015,0.043,-0.0171,0.0435,0.8339,-0.9132,0.465,0.681,-0.6756,0.4192,0.051,0.3324,-0.0533,0.7452,-0.6215,0.2897,0.0606,0.777,0.5547,0.5128,-0.5069,0.0,0.0,1.2728,0.0,0.0,0.0,0.0,0.0,0.0,
8.48,run,4.2,5.18,4.95,1.27,-4.23,64.4,0.0,0.0,0.254,1.32,21.18,-12.92,16.0,12.92,7.65,14.59,-22.41,93.52,-1.93,16.52,12.3,10.02,-23.03,130.52,19.25,3.08,22.15,1.3,20.3,-11.22,15.63,12.3,8.36,14.4,-21.72,93.08,-1.61,15.78,12.66,9.76,-20.67,129.88,19.1,3.25,22.22,0.0373,0.8236,-0.8967,0.4467,0.6782,-0.6663,0.4114,0.0597,0.3304,-0.0459,0.7415,-0.6158,0.279,0.0787,0.7632,0.5457,0.5136,-0.5033,0.019,0.013,0.0,0.0,0.019,0.013,0.0,0.013,0.006,0.006,0.013,0.006,0.006,0.149,0.0,0.006,0.0,0.0,0.0199,0.3712,-0.2408,0.293,0.2178,0.1243,0.2516,-0.4019,1.6245,-0.0337,0.2807,0.204,0.1764,-0.4172,2.2872,0.3421,0.0445,0.3835,-0.055,-0.0695,0.1052,-0.0584,-0.0362,0.1018,-0.0037,0.0393,-0.0343,0.0218,0.0,0.0193,-0.0498,0.1329,-0.0392,-0.0112,0.0104,-0.0073,0.3381,0.2167,0.0565,0.0089,-0.0566,0.0408,0.8307,-0.9075,0.4567,0.6813,-0.6731,0.4125,0.0562,0.333,-0.049,0.7433,-0.6203,0.2839,0.068,0.7726,0.5495,0.5114,-0.5061,0.0,0.0,1.2876,0.0,0.0,0.0,0.0,0.0,0.0,
8.52,run,4.53,5.22,8.48,2.78,-3.84,65.1,0.0,0.0,0.254,1.49,20.92,-12.39,15.82,12.92,7.91,14.59,-21.97,93.43,-1.49,16.17,12.3,9.84,-22.5,130.08,19.07,3.08,22.24,1.11,19.76,-10.28,15.15,12.0,9.18,14.19,-21.17,92.58,-1.33,15.38,13.29,9.51,-19.92,129.14,18.86,3.23,22.19,0.0317,0.8139,-0.8857,0.433,0.6727,-0.6567,0.4054,0.0697,0.3244,-0.0381,0.7342,-0.6083,0.2716,0.0925,0.7546,0.5389,0.5133,-0.5037,0.019,0.013,0.0,0.0,0.019,0.013,0.0,0.013,0.006,0.006,0.013,0.006,0.006,0.149,0.0,0.006,0.0,0.0,0.023,0.362,-0.2286,0.2761,0.2163,0.1319,0.2516,-0.3942,1.623,-0.0322,0.2807,0.2117,0.1733,-0.4065,2.2749,0.3359,0.0445,0.3835,-0.027,-0.0832,0.1197,-0.1043,-0.0311,0.1001,-0.0026,0.0563,-0.0298,0.021,0.0,0.0423,-0.0463,0.1333,-0.0735,-0.0308,0.0073,-0.0051,0.353,0.2219,0.0865,0.0222,-0.0738,0.0373,0.8236,-0.8967,0.4467,0.6782,-0.6663,0.4114,0.0597,0.3304,-0.0459,0.7415,-0.6158,0.279,0.0787,0.7632,0.5457,0.5136,-0.5033,0.0,0.0,1.3024,0.0,0.0,0.0,0.0,0.0,0.0,
8.56,run,4.79,5.41,6.07,3.7,2.02,65.9,0.0,0.0,0.254,0.79,20.65,-11.69,15.82,12.83,8.44,14.59,-21.88,93.25,-1.49,16.17,12.83,9.76,-21.97,129.46,18.98,3.08,22.24,0.98,19.47,-9.7,14.81,12.08,9.59,13.91,-20.71,92.31,-1.16,15.22,13.39,9.22,-19.43,128.72,18.6,3.13,21.97,0.028,0.8085,-0.8788,0.4231,0.6743,-0.6518,0.3975,0.0779,0.3212,-0.033,0.7313,-0.6072,0.2635,0.1013,0.7496,0.5314,0.5115,-0.5062,0.019,0.013,0.0,0.0,0.019,0.013,0.0,0.013,0.006,0.006,0.013,0.006,0.006,0.149,0.0,0.006,0.0,0.0,0.0261,0.3574,-0.2194,0.273,0.2163,0.1365,0.2516,-0.3866,1.6214,-0.0245,0.2746,0.2117,0.1703,-0.3973,2.2672,0.3329,0.0445,0.385,-0.0074,-0.0755,0.1183,-0.0845,-0.0218,0.0873,-0.0018,0.0682,-0.0266,0.0435,-0.023,0.0296,-0.0439,0.1278,-0.0802,-0.0331,0.0051,0.0022,0.3821,0.2255,0.148,0.0486,-0.067,0.0317,0.8139,-0.8857,0.433,0.6727,-0.6567,0.4054,0.0697,0.3244,-0.0381,0.7342,-0.6083,0.2716,0.0925,0.7546,0.5389,0.5133,-0.5037,0.0,0.0,1.3172,0.0,0.0,0.0,0.0,0.0,0.0,
8.6,run,5.04,5.53,5.63,2.52,-0.37,66.6,0.0,0.0,0.254,1.49,20.21,-10.9,15.64,12.57,9.05,14.41,-21.45,92.81,-1.49,15.73,13.18,9.32,-21.27,129.02,18.63,3.08,22.24,0.93,19.32,-8.9,14.51,12.31,9.97,13.63,-20.02,92.16,-1.2,15.41,13.78,8.94,-18.73,128.09,18.22,3.24,22.14,0.0265,0.8058,-0.8694,0.4147,0.6783,-0.6475,0.3895,0.0905,0.3195,-0.0342,0.7346,-0.6026,0.2553,0.114,0.7423,0.5205,0.5134,-0.5042,0.019,0.013,0.006,0.006,0.0,0.0,0.006,0.013,0.006,0.006,0.0,0.0,0.013,0.123,0.006,0.006,0.0,0.0,0.0138,0.3528,-0.2071,0.273,0.2148,0.1457,0.2516,-0.385,1.6183,-0.0245,0.2746,0.2209,0.1687,-0.3881,2.2565,0.3313,0.0445,0.385,-0.0508,-0.07,0.1285,-0.0591,-0.0209,0.0953,-0.0013,0.0534,-0.03,0.0304,-0.0161,0.055,-0.0365,0.1237,-0.0961,-0.0289,0.0036,0.0015,0.4043,0.2421,0.1059,0.0646,0.0352,0.028,0.8085,-0.8788,0.4231,0.6743,-0.6518,0.3975,0.0779,0.3212,-0.033,0.7313,-0.6072,0.2635,0.1013,0.7496,0.5314,0.5115,-0.5062,0.0,0.0,1.332,0.0,0.0,0.0,0.0,0.0,0.0,
8.64,run,5.34,5.62,7.99,3.4,-1.27,67.3,0.0,0.0,0.254,0.79,19.86,-10.28,14.94,12.57,9.58,14.06,-20.83,92.55,-1.14,15.64,13.54,9.14,-20.57,128.23,18.54,3.08,22.24,0.76,18.96,-7.75,14.0,12.26,10.72,13.26,-19.27,91.81,-0.99,15.05,14.42,8.63,-17.84,126.9,17.82,3.09,22.54,0.0217,0.7992,-0.8558,0.4001,0.6774,-0.6386,0.3788,0.1041,0.3154,-0.0284,0.7282,-0.595,0.2464,0.1302,0.7283,0.5091,0.5108,-0.4995,0.019,0.013,0.006,0.006,0.0,0.0,0.006,0.013,0.006,0.006,0.0,0.0,0.013,0.123,0.006,0.006,0.0,0.0,0.0261,0.3451,-0.1933,0.27,0.2102,0.1565,0.2485,-0.3774,1.6107,-0.0245,0.2669,0.227,0.1611,-0.3758,2.2488,0.3252,0.0445,0.385,0.0106,-0.0778,0.1418,-0.0529,-0.032,0.1071,-0.0124,0.0662,-0.0499,0.0213,-0.0401,0.0616,-0.0544,0.1327,-0.0961,-0.0433,0.0025,0.0011,0.4258,0.2526,0.0983,0.0439,-0.0065,0.0265,0.8058,-0.8694,0.4147,0.6783,-0.6475,0.3895,0.0905,0.3195,-0.0342,0.7346,-0.6026,0.2553,0.114,0.7423,0.5205,0.5134,-0.5042,0.0,0.0,1.3468,0.0,0.0,0.0,0.0,0.0,0.0,
8.68,run,5.61,5.83,5.73,3.72,1.1,68.1,0.0,0.0,0.254,0.7,19.6,-9.4,14.59,12.57,10.02,13.8,-20.3,92.37,-1.05,15.64,13.8,8.79,-19.95,127.79,17.93,3.08,22.24,0.49,18.4,-6.42,13.42,12.18,11.82,12.87,-18.44,90.99,-0.78,14.76,15.12,8.27,-16.78,125.8,17.35,3.1,22.7,0.014,0.7891,-0.8403,0.3835,0.676,-0.6256,0.3678,0.1192,0.3058,-0.0222,0.7229,-0.5868,0.2363,0.1495,0.7153,0.4958,0.5108,-0.4976,0.019,0.013,0.006,0.006,0.0,0.0,0.006,0.013,0.006,0.006,0.0,0.0,0.013,0.123,0.006,0.006,0.0,0.0,0.0138,0.339,-0.1825,0.2577,0.2102,0.1657,0.2424,-0.3666,1.6061,-0.0184,0.2654,0.2332,0.158,-0.3636,2.235,0.3237,0.0445,0.385,-0.0388,-0.0776,0.1397,-0.0833,-0.0224,0.1096,-0.0318,0.0868,-0.0522,0.038,-0.0339,0.0662,-0.0496,0.1391,-0.1193,-0.0361,0.0017,0.0007,0.4528,0.2605,0.1394,0.0594,-0.0222,0.0217,0.7992,-0.8558,0.4001,0.6774,-0.6386,0.3788,0.1041,0.3154,-0.0284,0.7282,-0.595,0.2464,0.1302,0.7283,0.5091,0.5108,-0.4995,0.0,0.0,1.3616,0.0,0.0,0.0,0.0,0.0,0.0,
8.72,run,5.94,5.94,9.66,3.03,-3.7,68.8,0.0,0.0,0.254,0.7,19.25,-8.61,13.97,12.57,10.72,13.36,-19.6,92.02,-1.05,15.29,14.5,8.44,-19.25,127.0,17.67,3.08,22.41,0.37,18.33,-5.44,13.0,12.32,12.23,12.37,-17.39,90.87,-0.7,14.66,15.61,7.95,-15.87,125.03,16.77,2.88,23.15,0.0106,0.7878,-0.8287,0.3715,0.6786,-0.6209,0.3535,0.1384,0.3043,-0.02,0.7211,-0.581,0.227,0.166,0.7063,0.479,0.5069,-0.4924,0.0,0.013,0.013,0.006,0.0,0.006,0.006,0.026,0.013,0.006,0.006,0.0,0.006,0.13,0.0,0.013,0.006,0.0,0.0123,0.3344,-0.1672,0.2516,0.2102,0.1733,0.2378,-0.3574,1.603,-0.0169,0.2654,0.2378,0.1519,-0.3528,2.2273,0.3129,0.0445,0.385,-0.0329,-0.0715,0.1551,-0.0812,-0.0157,0.1054,-0.0394,0.0951,-0.048,0.0323,-0.0237,0.0635,-0.0576,0.1375,-0.1121,-0.0653,0.0012,0.0005,0.4755,0.2785,0.0999,0.065,0.0192,0.014,0.7891,-0.8403,0.3835,0.676,-0.6256,0.3678,0.1192,0.3058,-0.0222,0.7229,-0.5868,0.2363,0.1495,0.7153,0.4958,0.5108,-0.4976,0.0,0.0,1.3764,0.0,0.0,0.0,0.0,0.0,0.0,
8.76,run,6.56,6.24,13.08,6.89,0.27,69.6,0.0,0.0,0.254,0.0,18.81,-7.38,13.62,12.57,11.6,12.92,-18.81,91.49,-0.44,15.12,15.21,8.0,-18.02,125.77,16.96,3.08,22.76,0.0,17.57,-3.94,12.25,12.2,13.73,11.76,-16.25,89.85,-0.37,14.09,16.74,7.48,-14.54,123.53,16.09,2.79,23.73,0.0001,0.7741,-0.8062,0.3499,0.6763,-0.6018,0.336,0.1591,0.2924,-0.0106,0.7107,-0.5677,0.2138,0.1901,0.686,0.4596,0.5053,-0.4856,0.0,0.013,0.013,0.006,0.0,0.006,0.006,0.026,0.013,0.006,0.006,0.0,0.006,0.13,0.0,0.013,0.006,0.0,0.0123,0.3283,-0.1534,0.2408,0.2102,0.1856,0.2301,-0.3451,1.5969,-0.0169,0.2592,0.25,0.1457,-0.3405,2.2135,0.3083,0.0445,0.3881,-0.023,-0.0731,0.1604,-0.0971,-0.011,0.1198,-0.0564,0.1126,-0.0566,0.0226,-0.0396,0.0905,-0.0634,0.1423,-0.1303,-0.063,0.0009,0.0119,0.5044,0.2889,0.1685,0.053,-0.0646,0.0106,0.7878,-0.8287,0.3715,0.6786,-0.6209,0.3535,0.1384,0.3043,-0.02,0.7211,-0.581,0.227,0.166,0.7063,0.479,0.5069,-0.4924,0.0,0.0,1.3912,0.0,0.0,0.0,0.0,0.0,0.0,
8.8,run,6.91,6.5,9.53,5.23,-0.05,70.3,0.0,0.0,0.254,0.7,18.72,-6.5,13.01,12.57,12.13,12.66,-18.11,91.14,-0.7,15.03,15.64,7.91,-17.31,125.24,16.88,3.08,22.94,-0.29,17.27,-2.44,11.55,12.64,14.95,10.91,-14.75,89.02,-0.23,13.91,17.7,6.93,-13.04,122.17,15.12,2.56,24.26,-0.0084,0.7686,-0.7866,0.3299,0.6843,-0.5888,0.3117,0.192,0.2826,-0.0067,0.7075,-0.5564,0.198,0.2183,0.6726,0.432,0.5011,-0.4793,0.0,0.013,0.013,0.006,0.0,0.006,0.006,0.026,0.013,0.006,0.006,0.0,0.006,0.13,0.0,0.013,0.006,0.0,0.0,0.3206,-0.1319,0.2347,0.2102,0.201,0.2224,-0.3313,1.5877,-0.0061,0.2562,0.2623,0.1381,-0.3191,2.1921,0.2961,0.0445,0.3942,-0.0551,-0.0755,0.1804,-0.0875,-0.0077,0.1326,-0.0638,0.1227,-0.0689,0.0499,-0.0375,0.1023,-0.0687,0.1678,-0.1594,-0.0831,0.0006,0.0278,0.5591,0.3144,0.2282,0.1202,0.0047,0.0001,0.7741,-0.8062,0.3499,0.6763,-0.6018,0.336,0.1591,0.2924,-0.0106,0.7107,-0.5677,0.2138,0.1901,0.686,0.4596,0.5053,-0.4856,0.0,0.0,1.406,0.0,0.0,0.0,0.0,0.0,0.0,
8.84,run,7.31,6.62,8.89,3.39,-1.98,71.0,0.0,0.0,0.254,-0.44,18.37,-5.54,12.39,12.57,12.83,12.3,-17.31,90.7,-0.44,14.59,16.26,7.29,-16.35,124.19,16.17,2.9,23.38,-0.51,17.22,-0.94,10.97,12.97,16.08,10.06,-13.25,88.68,-0.14,13.77,18.72,6.48,-11.57,120.67,14.13,2.4,25.56,-0.0145,0.7676,-0.7646,0.3133,0.6904,-0.5755,0.2875,0.2214,0.2786,-0.004,0.705,-0.5445,0.1851,0.2443,0.654,0.4036,0.4981,-0.464,0.0,0.013,0.013,0.013,0.0,0.013,0.019,0.052,0.019,0.006,0.013,0.006,0.006,0.111,0.0,0.013,0.006,0.006,0.0123,0.3191,-0.1166,0.224,0.2102,0.2102,0.2178,-0.3191,1.5815,-0.0107,0.2546,0.27,0.1365,-0.3068,2.1829,0.2945,0.0445,0.3973,0.007,-0.0585,0.1833,-0.1011,-0.0054,0.127,-0.0618,0.1315,-0.071,0.0179,-0.0319,0.1001,-0.0538,0.163,-0.1458,-0.0638,0.0004,0.0309,0.5895,0.3375,0.1664,0.0913,-0.0009,-0.0084,0.7686,-0.7866,0.3299,0.6843,-0.5888,0.3117,0.192,0.2826,-0.0067,0.7075,-0.5564,0.198,0.2183,0.6726,0.432,0.5011,-0.4793,0.0,0.0,1.4208,0.0,0.0,0.0,0.0,0.0,0.0,
8.88,run,7.8,6.89,13.86,7.61,0.84,71.8,0.0,0.0,0.254,-0.62,17.84,-4.22,12.39,12.57,13.89,11.78,-16.35,90.09,0.18,14.24,17.14,6.86,-15.21,123.05,15.29,2.72,23.99,-0.88,16.6,0.56,10.13,12.96,17.58,9.3,-11.75,87.82,0.06,13.38,19.99,6.01,-10.07,119.17,13.18,2.15,26.54,-0.0251,0.7563,-0.7366,0.2893,0.6902,-0.5568,0.2656,0.2513,0.2684,0.0018,0.6978,-0.5296,0.1716,0.2757,0.6342,0.3766,0.4936,-0.4525,0.0,0.013,0.013,0.013,0.0,0.013,0.019,0.052,0.019,0.006,0.013,0.006,0.006,0.111,0.0,0.013,0.006,0.006,-0.0077,0.3129,-0.0997,0.2132,0.2102,0.2224,0.2117,-0.3053,1.5739,-0.0061,0.247,0.2807,0.1258,-0.2899,2.1644,0.2823,0.0414,0.405,-0.0698,-0.064,0.1916,-0.111,-0.0038,0.1349,-0.0662,0.1438,-0.0784,0.0298,-0.0511,0.1103,-0.0779,0.1774,-0.171,-0.0907,-0.0112,0.0503,0.6242,0.3481,0.1551,0.0591,-0.0346,-0.0145,0.7676,-0.7646,0.3133,0.6904,-0.5755,0.2875,0.2214,0.2786,-0.004,0.705,-0.5445,0.1851,0.2443,0.654,0.4036,0.4981,-0.464,0.0,0.0,1.4356,0.0,0.0,0.0,0.0,0.0,0.0,
8.92,run,8.58,7.24,19.43,8.65,-3.36,72.5,0.0,0.0,0.254,-0.44,17.58,-2.99,11.43,12.74,15.03,10.99,-15.21,89.38,-0.44,14.06,18.19,6.42,-13.8,121.73,14.5,2.72,24.79,-1.12,16.45,2.06,9.47,13.52,18.77,8.45,-10.25,87.18,0.24,13.14,21.03,5.54,-8.57,117.93,12.23,1.84,27.34,-0.0321,0.7537,-0.7181,0.2705,0.7003,-0.5439,0.2413,0.285,0.261,0.0068,0.6934,-0.5172,0.1582,0.3016,0.6228,0.3495,0.4881,-0.4431,0.0,0.013,0.013,0.013,0.0,0.013,0.019,0.052,0.019,0.006,0.013,0.006,0.006,0.111,0.0,0.013,0.006,0.006,-0.0107,0.3037,-0.0767,0.2132,0.2102,0.2408,0.2025,-0.2884,1.5631,0.0046,0.2408,0.2961,0.1181,-0.27,2.1445,0.2669,0.0383,0.4157,-0.0604,-0.0795,0.2208,-0.0777,-0.0026,0.1638,-0.081,0.1642,-0.0954,0.0613,-0.0589,0.135,-0.0834,0.1993,-0.1949,-0.1213,-0.0194,0.0757,0.6674,0.3713,0.242,0.1328,0.0147,-0.0251,0.7563,-0.7366,0.2893,0.6902,-0.5568,0.2656,0.2513,0.2684,0.0018,0.6978,-0.5296,0.1716,0.2757,0.6342,0.3766,0.4936,-0.4525,0.0,0.0,1.4504,0.0,0.0,0.0,0.0,0.0,0.0,
8.96,run,9.45,7.62,20.21,10.74,0.14,73.3,0.0,0.0,0.254,-1.05,17.14,-1.85,10.28,12.74,16.17,10.46,-14.15,88.68,0.35,13.71,19.16,5.98,-12.39,120.5,13.62,2.55,25.58,-1.51,15.39,3.56,8.33,13.86,20.27,7.34,-8.75,85.88,0.72,12.58,22.53,4.96,-7.07,116.43,11.06,1.94,28.56,-0.0431,0.7344,-0.6814,0.2381,0.7066,-0.5182,0.2097,0.3196,0.2456,0.0205,0.6834,-0.4994,0.1418,0.3314,0.5916,0.3159,0.4898,-0.4287,0.0,0.013,0.019,0.006,0.006,0.013,0.026,0.091,0.013,0.006,0.013,0.013,0.013,0.065,0.006,0.013,0.013,0.006,-0.0077,0.2991,-0.0552,0.1963,0.2132,0.2608,0.1887,-0.2684,1.5509,-0.0061,0.2378,0.3145,0.1104,-0.2454,2.1215,0.2531,0.0383,0.4295,-0.0311,-0.0725,0.2331,-0.1161,0.0094,0.1876,-0.1072,0.1879,-0.1116,0.0036,-0.0524,0.1618,-0.0865,0.2293,-0.2206,-0.1354,-0.0136,0.1035,0.7349,0.4019,0.3391,0.1509,-0.0586,-0.0321,0.7537,-0.7181,0.2705,0.7003,-0.5439,0.2413,0.285,0.261,0.0068,0.6934,-0.5172,0.1582,0.3016,0.6228,0.3495,0.4881,-0.4431,0.0,0.0,1.4652,0.0,0.0,0.0,0.0,0.0,0.0,
9.0,run,10.12,7.86,16.44,5.13,-8.65,74.0,0.0,0.0,0.254,-1.23,16.61,-0.53,10.2,12.92,17.4,9.58,-12.92,87.8,0.35,13.36,20.3,5.36,-10.99,119.27,12.66,2.37,26.54,-1.66,14.79,5.06,7.48,14.24,21.77,6.45,-7.25,85.42,1.0,12.38,23.12,4.63,-5.67,114.93,10.12,1.87,29.29,-0.0475,0.7234,-0.6549,0.2137,0.7135,-0.5055,0.1842,0.3461,0.2403,0.0287,0.6796,-0.4928,0.1321,0.3515,0.574,0.289,0.4885,-0.4202,0.0,0.013,0.019,0.006,0.006,0.013,0.026,0.091,0.013,0.006,0.013,0.013,0.013,0.065,0.006,0.013,0.013,0.006,-0.0184,0.2915,-0.0353,0.1764,0.2132,0.2807,0.1795,-0.25,1.5386,0.0077,0.2316,0.3313,0.1028,-0.2209,2.1,0.2378,0.0353,0.4433,-0.0617,-0.0792,0.2373,-0.1554,0.0066,0.2054,-0.1093,0.2,-0.1238,0.0539,-0.0595,0.176,-0.089,0.2517,-0.2342,-0.1518,-0.0209,0.1238,0.8111,0.4351,0.3528,0.1874,0.0024,-0.0431,0.7344,-0.6814,0.2381,0.7066,-0.5182,0.2097,0.3196,0.2456,0.0205,0.6834,-0.4994,0.1418,0.3314,0.5916,0.3159,0.4898,-0.4287,0.0,0.0,1.48,0.0,0.0,0.0,0.0,0.0,0.0,
9.04,run,10.71,8.18,14.44,5.67,-15.97,74.7,0.0,0.0,0.254,-1.58,16.08,0.88,9.4,13.1,18.63,8.88,-11.6,86.84,0.7,13.01,21.36,4.92,-9.58,118.21,11.69,2.37,27.42,-1.82,13.54,6.56,6.38,14.35,23.27,5.61,-5.75,85.05,1.5,12.06,23.95,4.28,-4.76,113.43,9.31,2.09,30.54,-0.052,0.7007,-0.619,0.1823,0.7155,-0.4844,0.1603,0.3613,0.2359,0.0429,0.6738,-0.483,0.1223,0.368,0.5419,0.266,0.4926,-0.4054,0.0,0.013,0.019,0.006,0.006,0.013,0.026,0.091,0.013,0.006,0.013,0.013,0.013,0.065,0.006,0.013,0.013,0.006,-0.0215,0.2823,-0.0123,0.1749,0.2163,0.3022,0.1641,-0.2286,1.5232,0.0077,0.2255,0.3513,0.092,-0.1963,2.0785,0.2209,0.0322,0.4602,-0.0548,-0.0902,0.2529,-0.1146,0.0162,0.2248,-0.1344,0.221,-0.1445,0.0377,-0.0648,0.1985,-0.1028,0.2688,-0.245,-0.1699,-0.0262,0.1503,0.8699,0.4559,0.2869,0.0896,-0.1509,-0.0475,0.7234,-0.6549,0.2137,0.7135,-0.5055,0.1842,0.3461,0.2403,0.0287,0.6796,-0.4928,0.1321,0.3515,0.574,0.289,0.4885,-0.4202,0.0,0.0,1.4948,0.0,0.0,0.0,0.0,0.0,0.0,
9.18,tail,9.01,7.52,-14.35,-6.58,11.62,,0.0,0.0,0.254,-1.67,15.47,2.81,8.44,13.54,19.16,8.09,-13.71,86.04,2.11,12.74,23.38,4.22,-9.05,116.37,10.28,2.37,28.65,,,,,,,,,,,,,,,,,,,,,,,,,,,,,,,,,,,,,0.0,0.0,0.0,0.0,0.0,0.0,0.0,0.0,0.0,0.0,0.0,0.0,0.0,0.0,0.0,0.0,0.0,0.0,,,,,,,,,,,,,,,,,,,,,,,,,,,,,,,,,,,,,,,,,,,,,,,,,,,,,,,,,,,,,,,,,,,,,
9.28,tail,6.63,6.36,-20.27,-9.53,-1.61,,0.0,0.0,0.254,-1.67,15.47,2.81,8.44,13.97,17.4,8.0,-20.13,86.04,1.76,12.74,23.55,4.13,-13.54,118.12,10.28,2.37,28.65,,,,,,,,,,,,,,,,,,,,,,,,,,,,,,,,,,,,,0.0,0.0,0.0,0.0,0.0,0.0,0.0,0.0,0.0,0.0,0.0,0.0,0.0,0.0,0.0,0.0,0.0,0.0,,,,,,,,,,,,,,,,,,,,,,,,,,,,,,,,,,,,,,,,,,,,,,,,,,,,,,,,,,,,,,,,,,,,,
9.38,tail,2.77,4.52,-32.36,-14.93,-1.36,,0.0,0.0,0.254,-1.67,15.47,2.9,8.35,14.59,17.14,8.0,-24.61,86.04,1.76,12.74,23.55,4.13,-20.83,120.5,10.28,2.37,28.65,,,,,,,,,,,,,,,,,,,,,,,,,,,,,,,,,,,,,0.0,0.0,0.0,0.0,0.0,0.0,0.0,0.0,0.0,0.0,0.0,0.0,0.0,0.0,0.0,0.0,0.0,0.0,,,,,,,,,,,,,,,,,,,,,,,,,,,,,,,,,,,,,,,,,,,,,,,,,,,,,,,,,,,,,,,,,,,,,
9.48,tail,-3.07,1.29,-42.04,-23.1,1.51,,0.0,0.0,0.254,-1.67,15.47,2.9,8.35,14.59,17.14,8.0,-26.63,86.04,1.76,12.74,23.47,4.13,-33.31,123.31,10.28,2.37,28.65,,,,,,,,,,,,,,,,,,,,,,,,,,,,,,,,,,,,,0.0,0.0,0.0,0.0,0.0,0.0,0.0,0.0,0.0,0.0,0.0,0.0,0.0,0.0,0.0,0.0,0.0,0.0,,,,,,,,,,,,,,,,,,,,,,,,,,,,,,,,,,,,,,,,,,,,,,,,,,,,,,,,,,,,,,,,,,,,,
9.58,tail,-3.19,1.16,-1.82,-1.75,-2.75,,0.0,0.0,0.254,-1.85,15.56,2.99,7.91,14.68,17.14,7.91,-26.54,86.04,2.02,12.66,23.47,4.04,-41.84,123.84,10.02,2.37,28.65,,,,,,,,,,,,,,,,,,,,,,,,,,,,,,,,,,,,,0.0,0.0,0.0,0.0,0.0,0.0,0.0,0.0,0.0,0.0,0.0,0.0,0.0,0.0,0.0,0.0,0.0,0.0,,,,,,,,,,,,,,,,,,,,,,,,,,,,,,,,,,,,,,,,,,,,,,,,,,,,,,,,,,,,,,,,,,,,,
9.68,tail,-3.12,1.18,0.13,-0.16,-1.13,,0.0,0.0,0.254,-1.76,15.56,2.9,7.91,14.68,17.14,7.91,-26.54,86.04,1.85,12.66,23.47,4.04,-41.04,123.84,10.11,2.37,28.65,,,,,,,,,,,,,,,,,,,,,,,,,,,,,,,,,,,,,0.0,0.0,0.0,0.0,0.0,0.0,0.0,0.0,0.0,0.0,0.0,0.0,0.0,0.0,0.0,0.0,0.0,0.0,,,,,,,,,,,,,,,,,,,,,,,,,,,,,,,,,,,,,,,,,,,,,,,,,,,,,,,,,,,,,,,,,,,,,
9.78,tail,-3.03,1.24,0.22,0.12,-0.1,,0.0,0.0,0.254,-1.76,15.56,2.9,7.91,14.68,17.14,7.91,-26.54,86.04,1.85,12.66,23.47,4.13,-40.78,123.84,10.11,2.37,28.65,,,,,,,,,,,,,,,,,,,,,,,,,,,,,,,,,,,,,0.0,0.0,0.0,0.0,0.0,0.0,0.0,0.0,0.0,0.0,0.0,0.0,0.0,0.0,0.0,0.0,0.0,0.0,,,,,,,,,,,,,,,,,,,,,,,,,,,,,,,,,,,,,,,,,,,,,,,,,,,,,,,,,,,,,,,,,,,,,
9.88,tail,-2.97,1.29,-0.01,0.03,0.03,,0.0,0.0,0.254,-1.76,15.56,2.9,7.91,14.68,17.14,7.91,-26.54,86.04,1.85,12.66,23.47,4.13,-40.78,123.84,10.11,2.37,28.65,,,,,,,,,,,,,,,,,,,,,,,,,,,,,,,,,,,,,0.0,0.0,0.0,0.0,0.0,0.0,0.0,0.0,0.0,0.0,0.0,0.0,0.0,0.0,0.0,0.0,0.0,0.0,,,,,,,,,,,,,,,,,,,,,,,,,,,,,,,,,,,,,,,,,,,,,,,,,,,,,,,,,,,,,,,,,,,,,
9.98,tail,-2.9,1.33,0.02,0.02,0.06,,0.0,0.0,0.254,-1.76,15.56,2.9,7.91,14.68,17.14,7.91,-26.54,86.04,1.85,12.66,23.47,4.13,-40.78,123.84,10.11,2.37,28.65,,,,,,,,,,,,,,,,,,,,,,,,,,,,,,,,,,,,,0.0,0.0,0.0,0.0,0.0,0.0,0.0,0.0,0.0,0.0,0.0,0.0,0.0,0.0,0.0,0.0,0.0,0.0,,,,,,,,,,,,,,,,,,,,,,,,,,,,,,,,,,,,,,,,,,,,,,,,,,,,,,,,,,,,,,,,,,,,,
10.08,tail,-2.85,1.38,-0.05,0.06,-0.01,,0.0,0.0,0.254,-1.76,15.56,2.9,7.91,14.68,17.14,7.91,-26.54,86.04,1.85,12.66,23.47,4.13,-40.78,123.84,10.11,2.37,28.65,,,,,,,,,,,,,,,,,,,,,,,,,,,,,,,,,,,,,0.0,0.0,0.0,0.0,0.0,0.0,0.0,0.0,0.0,0.0,0.0,0.0,0.0,0.0,0.0,0.0,0.0,0.0,,,,,,,,,,,,,,,,,,,,,,,,,,,,,,,,,,,,,,,,,,,,,,,,,,,,,,,,,,,,,,,,,,,,,
10.18,tail,-2.79,1.42,-0.02,0.0,0.01,,0.0,0.0,0.254,-1.76,15.56,2.9,7.91,14.68,17.14,7.91,-26.54,86.04,1.85,12.66,23.47,4.13,-40.78,123.84,10.11,2.37,28.65,,,,,,,,,,,,,,,,,,,,,,,,,,,,,,,,,,,,,0.0,0.0,0.0,0.0,0.0,0.0,0.0,0.0,0.0,0.0,0.0,0.0,0.0,0.0,0.0,0.0,0.0,0.0,,,,,,,,,,,,,,,,,,,,,,,,,,,,,,,,,,,,,,,,,,,,,,,,,,,,,,,,,,,,,,,,,,,,,
10.28,tail,-2.73,1.47,-0.05,0.04,-0.04,,0.0,0.0,0.254,-1.76,15.56,2.9,7.91,14.68,17.14,7.91,-26.54,86.04,1.85,12.66,23.47,4.13,-40.78,123.84,10.11,2.37,28.65,,,,,,,,,,,,,,,,,,,,,,,,,,,,,,,,,,,,,0.0,0.0,0.0,0.0,0.0,0.0,0.0,0.0,0.0,0.0,0.0,0.0,0.0,0.0,0.0,0.0,0.0,0.0,,,,,,,,,,,,,,,,,,,,,,,,,,,,,,,,,,,,,,,,,,,,,,,,,,,,,,,,,,,,,,,,,,,,,
10.38,tail,-2.68,1.51,-0.07,0.03,-0.04,,0.0,0.0,0.254,-1.76,15.56,2.9,7.91,14.68,17.14,7.91,-26.54,86.04,1.85,12.66,23.47,4.13,-40.78,123.84,10.11,2.37,28.65,,,,,,,,,,,,,,,,,,,,,,,,,,,,,,,,,,,,,0.0,0.0,0.0,0.0,0.0,0.0,0.0,0.0,0.0,0.0,0.0,0.0,0.0,0.0,0.0,0.0,0.0,0.0,,,,,,,,,,,,,,,,,,,,,,,,,,,,,,,,,,,,,,,,,,,,,,,,,,,,,,,,,,,,,,,,,,,,,
10.48,tail,-2.63,1.55,0.0,0.02,0.02,,0.0,0.0,0.254,-1.76,15.56,2.9,7.91,14.68,17.14,7.91,-26.54,86.04,1.85,12.66,23.47,4.13,-40.78,123.84,10.11,2.37,28.65,,,,,,,,,,,,,,,,,,,,,,,,,,,,,,,,,,,,,0.0,0.0,0.0,0.0,0.0,0.0,0.0,0.0,0.0,0.0,0.0,0.0,0.0,0.0,0.0,0.0,0.0,0.0,,,,,,,,,,,,,,,,,,,,,,,,,,,,,,,,,,,,,,,,,,,,,,,,,,,,,,,,,,,,,,,,,,,,,
10.58,tail,-2.58,1.58,0.0,-0.03,0.02,,0.0,0.0,0.254,-1.76,15.56,2.9,7.91,14.68,17.14,7.91,-26.54,86.04,1.85,12.66,23.47,4.13,-40.78,123.84,10.11,2.37,28.65,,,,,,,,,,,,,,,,,,,,,,,,,,,,,,,,,,,,,0.0,0.0,0.0,0.0,0.0,0.0,0.0,0.0,0.0,0.0,0.0,0.0,0.0,0.0,0.0,0.0,0.0,0.0,,,,,,,,,,,,,,,,,,,,,,,,,,,,,,,,,,,,,,,,,,,,,,,,,,,,,,,,,,,,,,,,,,,,,
10.68,tail,-2.52,1.62,-0.01,-0.05,-0.01,,0.0,0.0,0.254,-1.76,15.56,2.9,7.91,14.68,17.14,7.91,-26.54,86.04,1.85,12.66,23.47,4.13,-40.78,123.84,10.11,2.37,28.65,,,,,,,,,,,,,,,,,,,,,,,,,,,,,,,,,,,,,0.0,0.0,0.0,0.0,0.0,0.0,0.0,0.0,0.0,0.0,0.0,0.0,0.0,0.0,0.0,0.0,0.0,0.0,,,,,,,,,,,,,,,,,,,,,,,,,,,,,,,,,,,,,,,,,,,,,,,,,,,,,,,,,,,,,,,,,,,,,
10.78,tail,-2.47,1.65,-0.01,0.02,0.04,,0.0,0.0,0.254,-1.76,15.56,2.9,7.91,14.68,17.14,7.91,-26.54,86.04,1.85,12.66,23.47,4.13,-40.78,123.84,10.11,2.37,28.65,,,,,,,,,,,,,,,,,,,,,,,,,,,,,,,,,,,,,0.0,0.0,0.0,0.0,0.0,0.0,0.0,0.0,0.0,0.0,0.0,0.0,0.0,0.0,0.0,0.0,0.0,0.0,,,,,,,,,,,,,,,,,,,,,,,,,,,,,,,,,,,,,,,,,,,,,,,,,,,,,,,,,,,,,,,,,,,,,
10.88,tail,-2.42,1.69,-0.04,-0.02,0.01,,0.0,0.0,0.254,-1.76,15.56,2.9,7.91,14.68,17.14,7.91,-26.54,86.04,1.85,12.66,23.47,4.13,-40.78,123.84,10.11,2.37,28.65,,,,,,,,,,,,,,,,,,,,,,,,,,,,,,,,,,,,,0.0,0.0,0.0,0.0,0.0,0.0,0.0,0.0,0.0,0.0,0.0,0.0,0.0,0.0,0.0,0.0,0.0,0.0,,,,,,,,,,,,,,,,,,,,,,,,,,,,,,,,,,,,,,,,,,,,,,,,,,,,,,,,,,,,,,,,,,,,,
10.98,tail,-2.37,1.73,0.0,0.04,-0.01,,0.0,0.0,0.254,-1.76,15.56,2.9,7.91,14.68,17.14,7.91,-26.54,86.04,1.85,12.66,23.47,4.13,-40.78,123.84,10.11,2.37,28.65,,,,,,,,,,,,,,,,,,,,,,,,,,,,,,,,,,,,,0.0,0.0,0.0,0.0,0.0,0.0,0.0,0.0,0.0,0.0,0.0,0.0,0.0,0.0,0.0,0.0,0.0,0.0,,,,,,,,,,,,,,,,,,,,,,,,,,,,,,,,,,,,,,,,,,,,,,,,,,,,,,,,,,,,,,,,,,,,,
11.08,tail,-2.32,1.77,-0.04,0.07,-0.04,,0.0,0.0,0.254,-1.76,15.56,2.9,7.91,14.68,17.14,7.91,-26.54,86.04,1.85,12.66,23.47,4.13,-40.78,123.84,10.11,2.37,28.65,,,,,,,,,,,,,,,,,,,,,,,,,,,,,,,,,,,,,0.0,0.0,0.0,0.0,0.0,0.0,0.0,0.0,0.0,0.0,0.0,0.0,0.0,0.0,0.0,0.0,0.0,0.0,,,,,,,,,,,,,,,,,,,,,,,,,,,,,,,,,,,,,,,,,,,,,,,,,,,,,,,,,,,,,,,,,,,,,
11.18,tail,-2.28,1.8,-0.03,0.0,-0.07,,0.0,0.0,0.254,-1.76,15.56,2.9,7.91,14.68,17.14,7.91,-26.54,86.04,1.85,12.66,23.47,4.13,-40.78,123.84,10.11,2.37,28.65,,,,,,,,,,,,,,,,,,,,,,,,,,,,,,,,,,,,,0.0,0.0,0.0,0.0,0.0,0.0,0.0,0.0,0.0,0.0,0.0,0.0,0.0,0.0,0.0,0.0,0.0,0.0,,,,,,,,,,,,,,,,,,,,,,,,,,,,,,,,,,,,,,,,,,,,,,,,,,,,,,,,,,,,,,,,,,,,,
11.28,tail,-2.23,1.84,0.02,0.05,-0.02,,0.0,0.0,0.254,-1.76,15.56,2.9,7.91,14.68,17.14,7.91,-26.54,86.04,1.85,12.66,23.47,4.13,-40.78,123.84,10.11,2.37,28.65,,,,,,,,,,,,,,,,,,,,,,,,,,,,,,,,,,,,,0.0,0.0,0.0,0.0,0.0,0.0,0.0,0.0,0.0,0.0,0.0,0.0,0.0,0.0,0.0,0.0,0.0,0.0,,,,,,,,,,,,,,,,,,,,,,,,,,,,,,,,,,,,,,,,,,,,,,,,,,,,,,,,,,,,,,,,,,,,,
11.38,tail,-2.18,1.87,-0.04,0.0,0.03,,0.0,0.0,0.254,-1.76,15.56,2.9,7.91,14.68,17.14,7.91,-26.54,86.04,1.85,12.66,23.47,4.13,-40.78,123.84,10.11,2.37,28.65,,,,,,,,,,,,,,,,,,,,,,,,,,,,,,,,,,,,,0.0,0.0,0.0,0.0,0.0,0.0,0.0,0.0,0.0,0.0,0.0,0.0,0.006,0.0,0.0,0.0,0.0,0.0,,,,,,,,,,,,,,,,,,,,,,,,,,,,,,,,,,,,,,,,,,,,,,,,,,,,,,,,,,,,,,,,,,,,,
11.48,tail,-2.14,1.9,-0.03,0.02,-0.02,,0.0,0.0,0.254,-1.76,15.56,2.9,7.91,14.68,17.14,7.91,-26.54,86.04,1.85,12.66,23.47,4.13,-40.78,123.84,10.11,2.37,28.65,,,,,,,,,,,,,,,,,,,,,,,,,,,,,,,,,,,,,0.0,0.0,0.0,0.0,0.0,0.0,0.0,0.0,0.0,0.0,0.0,0.0,0.0,0.0,0.0,0.0,0.0,0.0,,,,,,,,,,,,,,,,,,,,,,,,,,,,,,,,,,,,,,,,,,,,,,,,,,,,,,,,,,,,,,,,,,,,,
11.58,tail,-2.1,1.94,-0.01,0.07,-0.01,,0.0,0.0,0.254,-1.76,15.56,2.9,7.91,14.68,17.14,7.91,-26.54,86.04,1.85,12.66,23.47,4.13,-40.78,123.84,10.11,2.37,28.65,,,,,,,,,,,,,,,,,,,,,,,,,,,,,,,,,,,,,0.0,0.0,0.0,0.0,0.0,0.0,0.0,0.0,0.0,0.0,0.0,0.0,0.0,0.0,0.0,0.0,0.0,0.0,,,,,,,,,,,,,,,,,,,,,,,,,,,,,,,,,,,,,,,,,,,,,,,,,,,,,,,,,,,,,,,,,,,,,
11.68,tail,-2.05,1.97,-0.02,0.04,-0.01,,0.0,0.0,0.254,-1.76,15.56,2.9,7.91,14.68,17.14,7.91,-26.54,86.04,1.85,12.66,23.47,4.13,-40.78,123.84,10.11,2.37,28.65,,,,,,,,,,,,,,,,,,,,,,,,,,,,,,,,,,,,,0.0,0.0,0.0,0.0,0.0,0.0,0.0,0.0,0.0,0.0,0.0,0.0,0.0,0.0,0.0,0.0,0.0,0.0,,,,,,,,,,,,,,,,,,,,,,,,,,,,,,,,,,,,,,,,,,,,,,,,,,,,,,,,,,,,,,,,,,,,,
11.78,tail,-2.01,2.0,0.01,-0.05,-0.02,,0.0,0.0,0.254,-1.76,15.56,2.9,7.91,14.68,17.14,7.91,-26.54,86.04,1.85,12.66,23.47,4.13,-40.78,123.84,10.11,2.37,28.65,,,,,,,,,,,,,,,,,,,,,,,,,,,,,,,,,,,,,0.0,0.0,0.0,0.0,0.0,0.0,0.0,0.0,0.0,0.0,0.0,0.0,0.0,0.0,0.0,0.0,0.0,0.0,,,,,,,,,,,,,,,,,,,,,,,,,,,,,,,,,,,,,,,,,,,,,,,,,,,,,,,,,,,,,,,,,,,,,
11.88,tail,-1.97,2.03,-0.03,0.03,-0.04,,0.0,0.0,0.254,-1.76,15.56,2.9,7.91,14.68,17.14,7.91,-26.54,86.04,1.85,12.66,23.47,4.13,-40.78,123.84,10.11,2.37,28.65,,,,,,,,,,,,,,,,,,,,,,,,,,,,,,,,,,,,,0.0,0.0,0.0,0.0,0.0,0.0,0.0,0.0,0.0,0.0,0.0,0.0,0.0,0.0,0.0,0.0,0.0,0.0,,,,,,,,,,,,,,,,,,,,,,,,,,,,,,,,,,,,,,,,,,,,,,,,,,,,,,,,,,,,,,,,,,,,,
11.98,tail,-1.93,2.05,-0.01,0.0,0.01,,0.0,0.0,0.254,-1.76,15.56,2.9,7.91,14.68,17.14,7.91,-26.54,86.04,1.85,12.66,23.47,4.13,-40.78,123.84,10.11,2.37,28.65,,,,,,,,,,,,,,,,,,,,,,,,,,,,,,,,,,,,,0.0,0.0,0.0,0.0,0.0,0.0,0.0,0.0,0.0,0.0,0.0,0.0,0.0,0.0,0.0,0.0,0.0,0.0,,,,,,,,,,,,,,,,,,,,,,,,,,,,,,,,,,,,,,,,,,,,,,,,,,,,,,,,,,,,,,,,,,,,,
12.08,tail,-1.89,2.08,-0.01,0.03,-0.01,,0.0,0.0,0.254,-1.76,15.56,2.9,7.91,14.68,17.14,7.91,-26.54,86.04,1.85,12.66,23.47,4.13,-40.78,123.84,10.11,2.37,28.65,,,,,,,,,,,,,,,,,,,,,,,,,,,,,,,,,,,,,0.0,0.0,0.0,0.0,0.0,0.0,0.0,0.0,0.0,0.0,0.0,0.0,0.0,0.0,0.0,0.0,0.0,0.0,,,,,,,,,,,,,,,,,,,,,,,,,,,,,,,,,,,,,,,,,,,,,,,,,,,,,,,,,,,,,,,,,,,,,
