t_s,phase,roll_deg,pitch_deg,gyro_x_dps,gyro_y_dps,gyro_z_dps,height_ref_mm,vx_ref_mps,vy_ref_mps,max_cur_a,q0_deg,q1_deg,q2_deg,q3_deg,q4_deg,q5_deg,q6_deg,q7_deg,q8_deg,q9_deg,q10_deg,q11_deg,q12_deg,q13_deg,q14_deg,q15_deg,q16_deg,q17_deg,cmd0_deg,cmd1_deg,cmd2_deg,cmd3_deg,cmd4_deg,cmd5_deg,cmd6_deg,cmd7_deg,cmd8_deg,cmd9_deg,cmd10_deg,cmd11_deg,cmd12_deg,cmd13_deg,cmd14_deg,cmd15_deg,cmd16_deg,cmd17_deg,act0,act1,act2,act3,act4,act5,act6,act7,act8,act9,act10,act11,act12,act13,act14,act15,act16,act17,cur0_a,cur1_a,cur2_a,cur3_a,cur4_a,cur5_a,cur6_a,cur7_a,cur8_a,cur9_a,cur10_a,cur11_a,cur12_a,cur13_a,cur14_a,cur15_a,cur16_a,cur17_a,obs0,obs1,obs2,obs3,obs4,obs5,obs6,obs7,obs8,obs9,obs10,obs11,obs12,obs13,obs14,obs15,obs16,obs17,obs18,obs19,obs20,obs21,obs22,obs23,obs24,obs25,obs26,obs27,obs28,obs29,obs30,obs31,obs32,obs33,obs34,obs35,obs36,obs37,obs38,obs39,obs40,obs41,obs42,obs43,obs44,obs45,obs46,obs47,obs48,obs49,obs50,obs51,obs52,obs53,obs54,obs55,obs56,obs57,obs58,obs59,obs60,obs61,obs62,obs63,obs64,obs65,obs66,obs67,rot60_k
0.0,run,-0.18,2.57,-0.22,-0.45,-0.49,0.0,0.0,0.0,0.026,0.26,0.62,0.18,-0.18,-0.09,0.26,0.26,0.09,0.62,-1.14,0.53,0.26,-0.09,0.44,0.0,-0.09,0.18,0.26,-0.01,-0.97,1.68,1.32,-0.92,1.68,1.76,-1.41,2.12,-2.29,1.94,1.68,1.41,-1.24,1.5,1.41,-0.93,1.76,-0.0004,0.3329,-0.0868,0.1337,0.4378,-0.3179,0.1642,-0.0839,-0.2017,-0.2264,0.5747,-0.0861,0.071,-0.0321,-0.2554,0.417,0.4377,-0.1799,0.0,0.013,0.0,0.0,0.006,0.006,0.006,0.019,0.006,0.0,0.006,0.006,0.013,0.026,0.013,0.013,0.006,0.006,-0.0046,0.0015,0.0,0.0,0.0,0.0015,0.0,0.0,0.0,-0.0061,0.0015,0.0015,0.0,0.0031,0.0,0.0,0.0,0.0,0.0072,0.0038,0.0,0.0,0.0,0.0032,0.0,0.0,0.0,-0.015,0.0038,0.0069,0.0,0.0069,0.0,0.0,0.0,0.0,0.0,0.0,-0.008,-0.0054,0.0138,0.0,0.0,0.0,0.0,0.0,0.0,0.0,0.0,0.0,0.0,0.0,0.0,0.0,0.0,0.0,0.0,0.0,0.0,0.0,0.0,0.0,0.0,0.0,0.0,0.0,0.0,0.0,
0.04,run,-0.2,2.58,-0.34,-0.1,1.54,0.0,0.0,0.0,0.026,-0.35,0.62,0.26,-0.18,-0.09,0.44,0.26,-0.18,0.7,-1.41,0.62,0.44,0.09,0.09,0.26,0.09,0.18,0.35,-0.44,0.53,3.18,2.82,0.58,3.18,3.26,-2.91,3.62,-2.16,3.44,3.18,2.91,-2.74,3.0,2.91,0.57,3.26,-0.0126,0.5455,-0.2896,0.1656,0.5603,-0.4458,0.1793,0.1623,-0.1685,-0.0617,0.618,-0.4086,0.139,0.131,-0.0269,0.3365,0.5771,-0.5191,0.0,0.013,0.0,0.0,0.006,0.006,0.006,0.019,0.006,0.0,0.006,0.006,0.013,0.026,0.013,0.013,0.006,0.006,0.0,0.0015,0.0,0.0,0.0,0.0015,0.0,0.0,0.0,-0.0061,0.0015,0.0015,0.0,0.0031,0.0,0.0,0.0,0.0,0.0126,0.0026,0.0,0.0,0.0,0.0022,0.0,0.0,0.0,-0.0105,0.0026,0.0049,0.0,0.0049,0.0,0.0,0.0,0.0,-0.001,-0.0041,-0.0039,-0.0079,-0.0085,-0.0004,0.3329,-0.0868,0.1337,0.4378,-0.3179,0.1642,-0.0839,-0.2017,-0.2264,0.5747,-0.0861,0.071,-0.0321,-0.2554,0.417,0.4377,-0.1799,0.0,0.0,0.0,0.0,0.0,0.0,0.0,0.0,0.0,
0.08,run,-0.11,2.6,1.47,0.84,-3.89,0.0,0.0,0.0,0.026,0.09,0.26,0.88,0.35,-0.18,1.14,0.62,-0.79,1.23,-2.02,1.23,1.05,0.97,-0.62,0.97,1.05,-0.26,0.88,-0.26,2.03,4.68,4.32,2.08,4.68,4.76,-4.41,5.12,-0.66,4.94,4.68,4.41,-4.24,4.5,4.41,2.07,4.76,-0.0075,0.6067,-0.3807,0.1941,0.6322,-0.4858,0.2034,0.1739,-0.0888,-0.0182,0.6325,-0.4619,0.162,0.1704,-0.0765,0.2883,0.5585,-0.5143,0.0,0.013,0.0,0.0,0.006,0.006,0.006,0.019,0.006,0.0,0.006,0.006,0.013,0.026,0.013,0.013,0.006,0.006,-0.0107,0.0015,0.0015,0.0,0.0,0.0046,0.0,-0.0046,0.0015,-0.0107,0.0031,0.0046,0.0031,-0.0031,0.0046,0.0031,0.0,0.0015,-0.0319,0.0018,0.0058,0.0,0.0,0.0132,0.0,-0.0174,0.0058,-0.0248,0.0077,0.015,0.0116,-0.0199,0.0174,0.0116,0.0,0.0058,-0.002,-0.0037,-0.006,-0.0017,0.027,-0.0126,0.5455,-0.2896,0.1656,0.5603,-0.4458,0.1793,0.1623,-0.1685,-0.0617,0.618,-0.4086,0.139,0.131,-0.0269,0.3365,0.5771,-0.5191,0.0,0.0,0.0,0.0,0.0,0.0,0.0,0.0,0.0,
0.12,run,-0.14,2.57,-0.35,-0.85,-1.82,0.0,0.0,0.0,0.039,-0.26,-0.09,1.58,1.23,-0.26,2.2,1.58,-1.67,1.67,-2.2,2.11,2.2,1.85,-1.49,2.11,1.85,-0.53,1.76,-0.56,3.53,6.18,5.82,3.58,6.18,6.26,-5.91,6.62,0.04,6.44,6.18,5.05,-5.74,6.0,5.91,3.57,6.26,-0.016,0.5866,-0.3838,0.1727,0.6222,-0.5013,0.1923,0.1705,-0.1219,0.0012,0.6227,-0.4868,0.1442,0.1812,-0.1508,0.2783,0.5781,-0.5506,0.006,0.0,0.013,0.019,0.0,0.013,0.019,0.033,0.039,0.013,0.006,0.013,0.013,0.033,0.006,0.019,0.0,0.019,-0.0031,-0.0046,0.0123,0.0092,-0.0015,0.0169,0.0061,-0.0153,0.0107,-0.0215,0.0138,0.0153,0.0184,-0.0153,0.0169,0.0199,-0.0077,0.0107,0.0062,-0.0215,0.044,0.0342,-0.0057,0.0548,0.0228,-0.0521,0.0383,-0.0573,0.0453,0.0504,0.0651,-0.0595,0.0578,0.0708,-0.0285,0.0383,0.0052,-0.0018,0.0256,0.0147,-0.0679,-0.0075,0.6067,-0.3807,0.1941,0.6322,-0.4858,0.2034,0.1739,-0.0888,-0.0182,0.6325,-0.4619,0.162,0.1704,-0.0765,0.2883,0.5585,-0.5143,0.0,0.0,0.0,0.0,0.0,0.0,0.0,0.0,0.0,
0.16,run,-0.13,2.6,-0.05,0.3,0.88,0.0,0.0,0.0,0.039,-0.79,-0.18,2.9,2.37,-0.09,3.43,2.81,-2.9,2.9,-2.29,3.16,3.43,2.99,-2.72,3.25,3.16,-0.53,2.9,-1.24,5.03,7.68,5.62,5.08,7.68,5.9,-7.41,8.12,0.21,6.98,7.68,3.65,-7.24,7.5,7.41,5.07,7.76,-0.0355,0.5497,-0.4029,0.1605,0.5777,-0.5071,0.1686,0.2046,-0.2125,0.0061,0.5815,-0.4988,0.1042,0.2129,-0.2835,0.2679,0.5699,-0.6007,0.006,0.0,0.013,0.019,0.0,0.013,0.019,0.033,0.039,0.013,0.006,0.013,0.013,0.033,0.006,0.019,0.0,0.019,-0.0092,-0.0107,0.0245,0.0245,-0.0031,0.0353,0.023,-0.0307,0.0184,-0.0245,0.0291,0.0353,0.0337,-0.0307,0.0368,0.0337,-0.0123,0.0261,-0.019,-0.0383,0.0773,0.0821,-0.0098,0.1082,0.08,-0.0947,0.0559,-0.0517,0.0899,0.1109,0.1038,-0.0998,0.1161,0.1019,-0.0374,0.085,0.0033,-0.0042,-0.0061,-0.0148,-0.0318,-0.016,0.5866,-0.3838,0.1727,0.6222,-0.5013,0.1923,0.1705,-0.1219,0.0012,0.6227,-0.4868,0.1442,0.1812,-0.1508,0.2783,0.5781,-0.5506,0.0,0.0,0.0,0.0,0.0,0.0,0.0,0.0,0.0,
0.2,run,-0.13,2.6,-0.03,-0.13,0.3,0.0,0.0,0.0,0.039,-0.44,0.26,3.96,3.43,0.53,4.66,3.96,-4.13,4.13,-1.93,4.39,4.66,3.96,-4.04,4.48,4.31,-0.09,4.04,-2.16,3.53,9.18,5.63,3.58,9.18,4.77,-8.91,9.62,-0.05,5.48,9.18,2.15,-8.74,9.0,8.91,5.61,8.58,-0.0616,0.5157,-0.4285,0.1608,0.5174,-0.5103,0.1362,0.2595,-0.3379,-0.0014,0.5245,-0.5012,0.0466,0.2616,-0.4572,0.263,0.5565,-0.6637,0.006,0.0,0.013,0.019,0.0,0.013,0.019,0.033,0.039,0.013,0.006,0.013,0.013,0.033,0.006,0.019,0.0,0.019,-0.0184,-0.0123,0.0476,0.0445,0.0,0.0568,0.0445,-0.0522,0.0399,-0.0261,0.0476,0.0568,0.0537,-0.0522,0.0568,0.0568,-0.0123,0.046,-0.0468,-0.0324,0.138,0.1302,0.0043,0.154,0.1343,-0.1446,0.1174,-0.0418,0.13,0.156,0.1454,-0.1482,0.154,0.1553,-0.0262,0.1322,0.0036,-0.0012,-0.0008,0.0053,0.0154,-0.0355,0.5497,-0.4029,0.1605,0.5777,-0.5071,0.1686,0.2046,-0.2125,0.0061,0.5815,-0.4988,0.1042,0.2129,-0.2835,0.2679,0.5699,-0.6007,0.0,0.0,0.0,0.0,0.0,0.0,0.0,0.0,0.0,
0.24,run,-0.14,2.6,-0.33,0.02,1.72,0.0,0.0,0.0,0.045,-1.23,1.05,5.36,4.39,1.58,5.98,4.92,-5.45,5.54,-1.32,5.36,5.98,4.57,-5.27,5.89,5.71,0.35,5.36,-2.85,2.06,10.68,5.94,2.08,10.68,3.99,-8.12,11.12,-0.48,3.98,10.68,0.65,-8.62,10.5,9.35,4.11,7.08,-0.0815,0.492,-0.4612,0.1697,0.4524,-0.5166,0.114,0.3069,-0.4418,-0.0136,0.4621,-0.5158,0.0068,0.2978,-0.5815,0.2672,0.528,-0.7187,0.013,0.0,0.013,0.013,0.0,0.019,0.013,0.026,0.026,0.045,0.0,0.013,0.0,0.013,0.013,0.006,0.033,0.006,-0.0123,-0.0046,0.066,0.0629,0.0107,0.0782,0.0644,-0.0736,0.0614,-0.0199,0.069,0.0782,0.0706,-0.0752,0.0782,0.0767,-0.0046,0.066,-0.0101,0.0057,0.1648,0.1593,0.0428,0.1874,0.1679,-0.1808,0.1618,-0.0065,0.1706,0.1887,0.1643,-0.189,0.1873,0.1826,0.0101,0.1664,0.0039,-0.0013,-0.0005,-0.0022,0.0052,-0.0616,0.5157,-0.4285,0.1608,0.5174,-0.5103,0.1362,0.2595,-0.3379,-0.0014,0.5245,-0.5012,0.0466,0.2616,-0.4572,0.263,0.5565,-0.6637,0.0,0.0,0.0,0.0,0.0,0.0,0.0,0.0,0.0,
0.28,run,-0.18,2.64,-0.8,0.42,3.91,0.0,0.0,0.0,0.045,-1.93,2.02,6.77,5.1,2.46,7.38,5.54,-6.77,6.94,-1.05,6.06,7.38,4.83,-6.59,7.29,7.03,1.49,6.15,-2.99,0.56,12.18,6.0,0.58,12.18,3.86,-7.18,12.62,-0.49,2.48,12.18,-0.26,-8.57,11.08,9.76,2.61,5.58,-0.0855,0.4524,-0.4974,0.1715,0.3957,-0.5265,0.1103,0.3239,-0.4998,-0.014,0.4032,-0.5317,-0.0075,0.2987,-0.6343,0.279,0.4895,-0.7628,0.013,0.0,0.013,0.013,0.0,0.019,0.013,0.026,0.026,0.045,0.0,0.013,0.0,0.013,0.013,0.006,0.033,0.006,-0.0261,0.0092,0.0905,0.0798,0.0291,0.1012,0.0813,-0.0966,0.0859,-0.0092,0.0859,0.1012,0.0813,-0.0966,0.1028,0.1012,0.0031,0.089,-0.0588,0.0557,0.2073,0.1748,0.0989,0.2174,0.1807,-0.2128,0.2052,0.0357,0.1826,0.2183,0.1552,-0.2128,0.2231,0.2198,0.0358,0.2027,0.0029,-0.0011,-0.0057,0.0003,0.03,-0.0815,0.492,-0.4612,0.1697,0.4524,-0.5166,0.114,0.3069,-0.4418,-0.0136,0.4621,-0.5158,0.0068,0.2978,-0.5815,0.2672,0.528,-0.7187,0.0,0.0,0.0,0.0,0.0,0.0,0.0,0.0,0.0,
0.32,run,-0.2,2.6,-1.03,-0.58,1.15,0.0,0.0,0.0,0.045,-2.11,2.72,8.0,5.45,3.08,8.79,5.89,-7.65,8.26,-0.97,6.59,8.7,4.75,-7.56,8.61,8.09,3.43,7.65,-3.19,-0.94,13.68,5.53,-0.92,13.68,4.06,-7.7,14.12,-0.16,0.98,13.68,-0.35,-9.65,9.94,10.58,1.11,4.08,-0.0911,0.3885,-0.5307,0.1581,0.331,-0.5282,0.116,0.3146,-0.53,-0.0046,0.3363,-0.5368,-0.0099,0.279,-0.6477,0.3024,0.4433,-0.7917,0.013,0.0,0.013,0.013,0.0,0.019,0.013,0.026,0.026,0.045,0.0,0.013,0.0,0.013,0.013,0.006,0.033,0.006,-0.0383,0.0261,0.115,0.092,0.0445,0.1258,0.092,-0.1197,0.1104,-0.0046,0.0982,0.1258,0.0859,-0.1197,0.1273,0.1243,0.023,0.1028,-0.0872,0.1023,0.2372,0.1684,0.1268,0.2443,0.1668,-0.2353,0.2357,0.0422,0.1739,0.2449,0.1259,-0.2353,0.2483,0.2402,0.0999,0.1937,-0.0004,0.0016,-0.014,0.0073,0.0683,-0.0855,0.4524,-0.4974,0.1715,0.3957,-0.5265,0.1103,0.3239,-0.4998,-0.014,0.4032,-0.5317,-0.0075,0.2987,-0.6343,0.279,0.4895,-0.7628,0.0,0.0,0.0,0.0,0.0,0.0,0.0,0.0,0.0,
0.36,run,-0.21,2.63,0.2,0.38,0.52,0.0,0.0,0.0,0.052,-3.43,3.25,9.49,5.45,3.34,10.2,5.89,-8.26,9.67,-0.97,6.68,10.11,4.31,-8.35,9.67,9.14,3.6,8.0,-3.44,-2.44,15.18,4.82,-2.42,15.18,4.57,-9.2,15.62,0.09,-0.52,15.18,-0.17,-11.15,11.44,11.81,-0.39,2.58,-0.0983,0.3096,-0.563,0.1376,0.2467,-0.5222,0.1305,0.2828,-0.5445,0.0027,0.2619,-0.541,-0.0048,0.2391,-0.6274,0.3374,0.3851,-0.8147,0.006,0.0,0.013,0.0,0.0,0.019,0.006,0.013,0.019,0.052,0.0,0.013,0.013,0.019,0.0,0.013,0.006,0.006,-0.0414,0.0383,0.1365,0.0982,0.0552,0.1503,0.0982,-0.135,0.1335,-0.0031,0.1074,0.1488,0.0844,-0.1365,0.1503,0.1427,0.0568,0.1289,-0.0725,0.1177,0.2466,0.1409,0.1291,0.2631,0.1398,-0.2222,0.2513,0.0353,0.1562,0.2578,0.0824,-0.228,0.2601,0.2372,0.1965,0.2334,-0.0026,-0.0013,-0.018,-0.0101,0.02,-0.0911,0.3885,-0.5307,0.1581,0.331,-0.5282,0.116,0.3146,-0.53,-0.0046,0.3363,-0.5368,-0.0099,0.279,-0.6477,0.3024,0.4433,-0.7917,0.0,0.0,0.0,0.0,0.0,0.0,0.0,0.0,0.0,
0.4,run,-0.24,2.64,-0.81,0.13,3.27,0.0,0.0,0.0,0.052,-3.16,3.25,10.9,5.45,3.34,11.6,5.89,-8.7,11.07,-0.97,6.5,11.51,3.25,-9.23,10.55,10.02,3.87,8.53,-3.33,-3.94,16.68,4.3,-3.92,16.68,5.08,-10.7,17.12,0.19,-2.02,16.68,0.36,-12.65,12.94,12.83,-1.89,1.08,-0.095,0.2419,-0.5672,0.1228,0.1824,-0.5266,0.1451,0.2463,-0.5485,0.0053,0.2192,-0.5381,0.0102,0.184,-0.6062,0.3667,0.3485,-0.8271,0.006,0.0,0.013,0.0,0.0,0.019,0.006,0.013,0.019,0.052,0.0,0.013,0.013,0.019,0.0,0.013,0.006,0.006,-0.0644,0.0476,0.1626,0.0982,0.0598,0.1749,0.0982,-0.1457,0.158,-0.0031,0.1089,0.1733,0.0767,-0.1503,0.1687,0.1611,0.0598,0.135,-0.1378,0.1172,0.2713,0.0986,0.1077,0.277,0.0978,-0.1962,0.2688,0.0247,0.1152,0.2733,0.0287,-0.2118,0.2517,0.2357,0.1492,0.1866,-0.0033,0.0013,0.0035,0.0066,0.0091,-0.0983,0.3096,-0.563,0.1376,0.2467,-0.5222,0.1305,0.2828,-0.5445,0.0027,0.2619,-0.541,-0.0048,0.2391,-0.6274,0.3374,0.3851,-0.8147,0.0,0.0,0.0,0.0,0.0,0.0,0.0,0.0,0.0,
0.44,run,-1.1,1.66,-0.59,-0.67,0.22,0.0,0.0,0.0,0.052,-3.43,-4.92,17.23,3.6,-4.92,18.19,5.19,-11.95,17.67,-0.26,-3.08,18.11,0.7,-13.97,14.15,13.36,-2.99,-0.26,-3.51,-5.44,17.29,3.76,-5.42,18.18,5.37,-12.2,18.12,0.56,-3.52,18.18,0.73,-14.15,14.2,13.48,-3.39,-0.42,-0.1004,0.1806,-0.5613,0.1074,0.1353,-0.5233,0.1534,0.2162,-0.5515,0.016,0.1842,-0.5258,0.0208,0.1478,-0.5976,0.3853,0.3233,-0.8305,0.0,0.006,0.0,0.0,0.013,0.0,0.006,0.013,0.006,0.045,0.013,0.0,0.0,0.006,0.0,0.0,0.013,0.0,-0.0598,0.0476,0.1871,0.0982,0.0598,0.1994,0.0982,-0.1534,0.1825,-0.0031,0.1058,0.1979,0.0583,-0.1657,0.1841,0.1764,0.0644,0.1442,-0.0794,0.082,0.2812,0.069,0.0754,0.2852,0.0685,-0.1659,0.2795,0.0173,0.0692,0.2826,-0.0484,-0.2054,0.2333,0.222,0.1215,0.1649,-0.0062,0.0022,-0.0141,0.0023,0.0571,-0.095,0.2419,-0.5672,0.1228,0.1824,-0.5266,0.1451,0.2463,-0.5485,0.0053,0.2192,-0.5381,0.0102,0.184,-0.6062,0.3667,0.3485,-0.8271,0.0,0.0,0.0,0.0,0.0,0.0,0.0,0.0,0.0,
0.48,run,-1.09,1.67,-0.34,0.03,1.27,0.0,0.0,0.0,0.052,-3.87,-4.92,17.23,3.6,-4.92,18.19,5.19,-11.95,17.67,-0.26,-3.08,18.11,0.7,-13.97,14.15,13.36,-2.99,-0.26,-2.17,-6.94,18.79,2.42,-6.92,16.83,6.87,-13.7,19.62,2.06,-5.02,16.68,2.23,-15.65,15.7,14.98,-4.88,-1.92,-0.0621,0.099,-0.5004,0.0692,0.1018,-0.5667,0.2176,0.1595,-0.4877,0.0588,0.2474,-0.6028,0.1034,0.0364,-0.5207,0.446,0.3657,-0.8122,0.0,0.006,0.0,0.0,0.013,0.0,0.006,0.013,0.006,0.045,0.013,0.0,0.0,0.006,0.0,0.0,0.013,0.0,-0.0644,-0.0951,0.2976,0.066,-0.0844,0.3145,0.0859,-0.2102,0.2976,0.0092,-0.0614,0.3129,0.0138,-0.2485,0.247,0.2347,-0.0552,-0.0092,-0.0794,0.082,0.2812,0.069,0.0754,0.2852,0.0685,-0.1659,0.2795,0.0173,0.0692,0.2826,-0.0484,-0.2054,0.2333,0.222,0.1215,0.1649,-0.0812,-0.0837,-0.0104,-0.0117,0.0038,-0.1004,0.1806,-0.5613,0.1074,0.1353,-0.5233,0.1534,0.2162,-0.5515,0.016,0.1842,-0.5258,0.0208,0.1478,-0.5976,0.3853,0.3233,-0.8305,0.0,0.0,0.0,0.0,0.0,0.0,0.0,0.0,0.0,
0.52,run,-1.07,1.71,0.28,-0.02,-0.2,0.0,0.0,0.0,0.052,-3.34,-5.01,17.23,3.6,-4.92,18.19,5.19,-12.04,17.67,-0.26,-3.16,18.11,0.7,-13.97,14.24,13.36,-2.99,-0.26,-2.46,-8.44,20.29,1.27,-8.42,16.98,7.81,-15.2,21.12,2.61,-6.52,15.86,3.73,-17.15,17.2,15.81,-4.8,-3.42,-0.0704,0.0679,-0.4669,0.0361,0.1002,-0.565,0.223,0.1369,-0.4718,0.0745,0.2454,-0.5781,0.1097,0.0154,-0.5169,0.4516,0.3673,-0.8063,0.0,0.006,0.0,0.0,0.013,0.0,0.006,0.013,0.006,0.045,0.013,0.0,0.0,0.006,0.0,0.0,0.013,0.0,-0.0721,-0.0951,0.2976,0.066,-0.0844,0.3145,0.0859,-0.2102,0.2976,0.0092,-0.0614,0.3129,0.0138,-0.2485,0.247,0.2347,-0.0552,-0.0092,-0.0856,0.0574,0.1969,0.0483,0.0528,0.1997,0.0479,-0.1161,0.1956,0.0121,0.0484,0.1978,-0.0339,-0.1438,0.1633,0.1554,0.0851,0.1154,-0.08,-0.0823,-0.006,0.0006,0.0222,-0.0621,0.099,-0.5004,0.0692,0.1018,-0.5667,0.2176,0.1595,-0.4877,0.0588,0.2474,-0.6028,0.1034,0.0364,-0.5207,0.446,0.3657,-0.8122,0.0,0.0,0.0,0.0,0.0,0.0,0.0,0.0,0.0,
0.56,run,-1.06,1.71,-0.5,-0.27,1.54,0.0,0.0,0.0,0.058,-2.99,-5.54,17.49,3.6,-5.36,17.75,5.54,-12.39,18.11,0.18,-3.6,17.75,1.05,-14.5,14.77,13.89,-3.25,-0.7,-2.66,-9.94,21.79,0.73,-9.92,17.1,7.99,-16.7,22.62,2.98,-8.02,15.88,4.14,-18.65,18.7,16.06,-4.49,-3.85,-0.0759,0.0455,-0.4425,0.0208,0.0915,-0.5636,0.2281,0.1162,-0.4665,0.085,0.2442,-0.5779,0.1182,-0.0012,-0.511,0.4588,0.3729,-0.8099,0.013,0.013,0.006,0.019,0.019,0.0,0.013,0.026,0.013,0.058,0.019,0.013,0.006,0.013,0.0,0.013,0.013,0.006,-0.0629,-0.0966,0.2976,0.066,-0.0844,0.3145,0.0859,-0.2117,0.2976,0.0092,-0.0629,0.3129,0.0138,-0.2485,0.2485,0.2347,-0.0552,-0.0092,-0.0255,0.0345,0.1378,0.0338,0.037,0.1398,0.0336,-0.087,0.1369,0.0085,0.0282,0.1385,-0.0237,-0.1006,0.12,0.1088,0.0596,0.0808,-0.078,-0.0795,0.0049,-0.0003,-0.0036,-0.0704,0.0679,-0.4669,0.0361,0.1002,-0.565,0.223,0.1369,-0.4718,0.0745,0.2454,-0.5781,0.1097,0.0154,-0.5169,0.4516,0.3673,-0.8063,0.0,0.0,0.0,0.0,0.0,0.0,0.0,0.0,0.0,
0.6,run,-1.01,1.76,-0.05,0.39,0.49,0.0,0.0,0.0,0.058,-2.81,-6.15,18.28,3.34,-6.06,17.14,6.15,-13.27,18.81,1.05,-4.22,16.79,1.93,-15.29,15.56,14.68,-3.78,-1.41,-2.73,-11.44,23.29,0.25,-11.42,17.01,8.31,-18.2,24.12,3.42,-9.52,16.4,4.43,-20.15,20.2,16.22,-4.02,-4.09,-0.078,0.0295,-0.4212,0.0072,0.0819,-0.5646,0.2373,0.1017,-0.4608,0.0976,0.241,-0.5717,0.1266,-0.0123,-0.5079,0.4633,0.3815,-0.8129,0.013,0.013,0.006,0.019,0.019,0.0,0.013,0.026,0.013,0.058,0.019,0.013,0.006,0.013,0.0,0.013,0.013,0.006,-0.0568,-0.1058,0.3022,0.066,-0.092,0.3068,0.092,-0.2178,0.3053,0.0169,-0.0706,0.3068,0.0199,-0.2577,0.2577,0.2439,-0.0598,-0.0169,0.005,-0.0102,0.1136,0.0237,-0.0027,0.0692,0.0464,-0.0838,0.1245,0.0345,-0.0089,0.0741,0.0063,-0.1048,0.1184,0.1105,0.0245,0.0279,-0.0773,-0.0795,-0.0086,-0.0047,0.0268,-0.0759,0.0455,-0.4425,0.0208,0.0915,-0.5636,0.2281,0.1162,-0.4665,0.085,0.2442,-0.5779,0.1182,-0.0012,-0.511,0.4588,0.3729,-0.8099,0.0,0.0,0.0,0.0,0.0,0.0,0.0,0.0,0.0,
0.64,run,-0.96,1.78,0.78,0.74,-0.89,0.0,0.0,0.0,0.058,-2.2,-7.03,19.16,1.93,-6.94,17.14,7.03,-14.33,19.69,1.85,-5.19,16.26,2.9,-16.26,16.61,15.47,-4.04,-2.37,-2.76,-12.94,24.79,-0.38,-12.92,16.43,8.77,-19.7,25.62,4.07,-11.02,16.6,4.84,-21.65,21.7,16.39,-3.12,-5.43,-0.0788,0.0167,-0.3993,-0.0109,0.0694,-0.5715,0.2504,0.0807,-0.4529,0.1162,0.2371,-0.5694,0.1382,-0.0284,-0.5027,0.4683,0.3979,-0.8286,0.013,0.013,0.006,0.019,0.019,0.0,0.013,0.026,0.013,0.058,0.019,0.013,0.006,0.013,0.0,0.013,0.013,0.006,-0.0537,-0.1166,0.316,0.0614,-0.1043,0.2961,0.1028,-0.2332,0.3175,0.0322,-0.0813,0.2899,0.0353,-0.2715,0.2715,0.2577,-0.069,-0.0291,0.015,-0.0475,0.1314,-0.0007,-0.048,0.0081,0.0728,-0.1162,0.1332,0.0818,-0.0465,-0.0115,0.062,-0.1252,0.1347,0.1292,-0.0174,-0.0265,-0.0727,-0.0747,-0.0009,0.0067,0.0086,-0.078,0.0295,-0.4212,0.0072,0.0819,-0.5646,0.2373,0.1017,-0.4608,0.0976,0.241,-0.5717,0.1266,-0.0123,-0.5079,0.4633,0.3815,-0.8129,0.0,0.0,0.0,0.0,0.0,0.0,0.0,0.0,0.0,
0.68,run,-0.99,1.81,-0.85,-0.34,3.16,0.0,0.0,0.0,0.084,-2.9,-8.26,20.3,0.79,-8.17,16.88,7.73,-15.64,20.92,2.37,-6.33,16.0,3.78,-17.58,17.93,16.08,-3.96,-3.25,-2.92,-14.44,26.29,-0.96,-14.42,16.37,9.31,-21.2,27.12,4.8,-12.27,16.56,5.31,-23.15,23.2,16.68,-2.39,-6.88,-0.0833,0.0019,-0.3817,-0.0274,0.0541,-0.5721,0.2661,0.0596,-0.4443,0.1372,0.2315,-0.5699,0.1516,-0.0439,-0.4857,0.4765,0.4111,-0.8456,0.0,0.026,0.013,0.006,0.033,0.0,0.006,0.026,0.019,0.084,0.026,0.0,0.013,0.019,0.006,0.0,0.006,0.013,-0.043,-0.1319,0.3313,0.0368,-0.1197,0.2961,0.1181,-0.2516,0.3329,0.046,-0.0982,0.2807,0.0522,-0.2884,0.2899,0.2715,-0.0736,-0.046,0.0507,-0.0906,0.1494,-0.0923,-0.091,0.0057,0.1083,-0.1502,0.1506,0.1089,-0.0957,-0.0425,0.1065,-0.1508,0.1632,0.1421,-0.0294,-0.0817,-0.0687,-0.073,0.0136,0.013,-0.0155,-0.0788,0.0167,-0.3993,-0.0109,0.0694,-0.5715,0.2504,0.0807,-0.4529,0.1162,0.2371,-0.5694,0.1382,-0.0284,-0.5027,0.4683,0.3979,-0.8286,0.0,0.0,0.0,0.0,0.0,0.0,0.0,0.0,0.0,
0.72,run,-0.92,1.93,0.79,1.67,4.72,0.0,0.0,0.0,0.084,-2.9,-9.84,22.06,0.53,-9.84,16.44,8.44,-17.31,22.59,3.25,-8.0,16.35,4.66,-19.34,19.6,16.52,-3.52,-4.48,-2.79,-15.94,27.79,-1.36,-15.92,16.0,10.01,-22.7,28.62,5.24,-12.36,16.71,5.75,-24.65,24.7,17.01,-1.28,-7.41,-0.0798,-0.0142,-0.3649,-0.0388,0.0528,-0.5765,0.2859,0.031,-0.4227,0.1498,0.2299,-0.5681,0.1644,-0.0683,-0.4571,0.486,0.4313,-0.8519,0.0,0.026,0.013,0.006,0.033,0.0,0.006,0.026,0.019,0.084,0.026,0.0,0.013,0.019,0.006,0.0,0.006,0.013,-0.0552,-0.1534,0.3513,0.0169,-0.1411,0.2915,0.1304,-0.2746,0.3543,0.0552,-0.1181,0.2761,0.0675,-0.3114,0.3129,0.2823,-0.0721,-0.0614,-0.0106,-0.1441,0.1794,-0.1395,-0.1443,-0.0133,0.1219,-0.1916,0.1861,0.1108,-0.1419,-0.047,0.1322,-0.1919,0.2006,0.1398,-0.0148,-0.1148,-0.0712,-0.0705,-0.0148,-0.0059,0.0552,-0.0833,0.0019,-0.3817,-0.0274,0.0541,-0.5721,0.2661,0.0596,-0.4443,0.1372,0.2315,-0.5699,0.1516,-0.0439,-0.4857,0.4765,0.4111,-0.8456,0.0,0.0,0.0,0.0,0.0,0.0,0.0,0.0,0.0,
0.76,run,-0.9,1.94,0.37,0.7,0.21,0.0,0.0,0.0,0.084,-2.55,-11.25,23.29,-0.62,-11.25,16.26,8.88,-18.72,23.91,3.6,-9.32,16.44,5.01,-20.65,21.01,16.61,-2.99,-5.45,-2.62,-17.44,29.29,-2.15,-17.42,15.38,10.54,-24.2,30.12,5.79,-12.39,16.7,6.28,-26.15,26.2,17.38,0.08,-8.28,-0.0748,-0.0327,-0.3438,-0.0615,0.0568,-0.5837,0.301,-0.009,-0.3986,0.1653,0.2293,-0.5683,0.1796,-0.0964,-0.4324,0.4966,0.4561,-0.8621,0.0,0.026,0.013,0.006,0.033,0.0,0.006,0.026,0.019,0.084,0.026,0.0,0.013,0.019,0.006,0.0,0.006,0.013,-0.0552,-0.181,0.382,0.0123,-0.1703,0.2838,0.1427,-0.3037,0.3835,0.0706,-0.1473,0.2823,0.0828,-0.3421,0.3421,0.2899,-0.0644,-0.0828,-0.0074,-0.1888,0.2234,-0.1123,-0.1939,-0.0337,0.1244,-0.227,0.2231,0.1264,-0.1922,-0.0134,0.1414,-0.2321,0.2333,0.1223,0.0141,-0.1488,-0.0648,-0.0596,0.0137,0.0291,0.0824,-0.0798,-0.0142,-0.3649,-0.0388,0.0528,-0.5765,0.2859,0.031,-0.4227,0.1498,0.2299,-0.5681,0.1644,-0.0683,-0.4571,0.486,0.4313,-0.8519,0.0,0.0,0.0,0.0,0.0,0.0,0.0,0.0,0.0,
0.8,run,-0.92,1.97,-1.11,-0.22,4.65,0.0,0.0,0.0,0.117,-2.81,-12.66,24.79,-1.23,-12.57,15.82,9.49,-20.21,25.31,4.22,-10.37,16.7,5.62,-22.15,22.41,17.14,-2.2,-6.5,-2.61,-18.94,30.79,-3.11,-18.92,15.76,10.99,-25.7,31.62,6.59,-12.65,16.67,6.8,-27.65,27.7,17.71,1.14,-8.92,-0.0747,-0.0536,-0.3174,-0.0887,0.0546,-0.5793,0.314,-0.047,-0.3693,0.1883,0.2245,-0.5686,0.1942,-0.121,-0.403,0.5061,0.4752,-0.8696,0.006,0.026,0.006,0.019,0.026,0.006,0.013,0.026,0.019,0.117,0.019,0.0,0.006,0.026,0.006,0.013,0.013,0.006,-0.0491,-0.2056,0.4034,-0.0077,-0.1948,0.2807,0.1503,-0.3283,0.4065,0.0767,-0.1703,0.2838,0.089,-0.3651,0.3666,0.2915,-0.0552,-0.0997,0.0178,-0.2239,0.2366,-0.1532,-0.2275,-0.0351,0.1158,-0.2506,0.2422,0.1114,-0.2205,-0.0036,0.1219,-0.2485,0.2551,0.0913,0.0443,-0.1672,-0.0636,-0.0589,0.0064,0.0122,0.0036,-0.0748,-0.0327,-0.3438,-0.0615,0.0568,-0.5837,0.301,-0.009,-0.3986,0.1653,0.2293,-0.5683,0.1796,-0.0964,-0.4324,0.4966,0.4561,-0.8621,0.0,0.0,0.0,0.0,0.0,0.0,0.0,0.0,0.0,
0.84,run,-0.89,2.0,-0.46,0.03,3.8,0.0,0.0,0.0,0.117,-2.81,-14.06,26.19,-1.49,-14.06,15.47,10.02,-21.62,26.72,4.75,-11.25,16.79,6.24,-23.55,23.91,17.31,-1.23,-7.38,-2.48,-20.44,32.29,-3.63,-20.42,15.15,11.42,-27.2,33.12,7.02,-12.49,16.58,7.09,-29.15,29.2,17.97,1.95,-9.45,-0.0709,-0.0709,-0.3004,-0.1038,0.0618,-0.5865,0.3263,-0.0821,-0.3452,0.2005,0.2275,-0.5697,0.2025,-0.1462,-0.3743,0.5133,0.4899,-0.8759,0.006,0.026,0.006,0.019,0.026,0.006,0.013,0.026,0.019,0.117,0.019,0.0,0.006,0.026,0.006,0.013,0.013,0.006,-0.0537,-0.2301,0.4295,-0.0184,-0.2178,0.273,0.1611,-0.3543,0.431,0.0874,-0.1887,0.2884,0.0997,-0.3912,0.3912,0.3007,-0.0414,-0.1181,-0.0048,-0.2486,0.2633,-0.1474,-0.2454,-0.0533,0.1212,-0.2731,0.2614,0.1182,-0.2233,0.0147,0.1255,-0.2716,0.2704,0.0984,0.0827,-0.186,-0.0655,-0.0567,-0.0193,-0.0038,0.0812,-0.0747,-0.0536,-0.3174,-0.0887,0.0546,-0.5793,0.314,-0.047,-0.3693,0.1883,0.2245,-0.5686,0.1942,-0.121,-0.403,0.5061,0.4752,-0.8696,0.0,0.0,0.0,0.0,0.0,0.0,0.0,0.0,0.0,
0.88,run,-0.94,2.06,-0.31,0.78,5.17,0.0,0.0,0.0,0.117,-2.29,-15.56,27.6,-2.64,-15.47,15.47,10.63,-23.03,28.12,5.27,-11.87,16.79,6.68,-24.96,25.31,17.75,-0.18,-8.17,-2.33,-21.94,33.79,-4.33,-21.13,14.79,11.74,-28.7,34.62,7.44,-12.38,16.28,7.34,-30.65,30.7,18.2,2.83,-10.0,-0.0667,-0.084,-0.284,-0.1236,0.0705,-0.5907,0.3355,-0.1176,-0.3206,0.2126,0.2294,-0.5731,0.2096,-0.1679,-0.3533,0.52,0.5061,-0.8824,0.006,0.026,0.006,0.019,0.026,0.006,0.013,0.026,0.019,0.117,0.019,0.0,0.006,0.026,0.006,0.013,0.013,0.006,-0.0537,-0.2546,0.4541,-0.023,-0.2439,0.2669,0.1703,-0.3789,0.4556,0.0966,-0.204,0.2899,0.1104,-0.4157,0.4172,0.3037,-0.0245,-0.1335,-0.0034,-0.2667,0.2769,-0.1206,-0.2702,-0.0604,0.1196,-0.2838,0.2756,0.1175,-0.2142,0.0161,0.1284,-0.2827,0.2877,0.0804,0.1215,-0.1881,-0.0627,-0.0537,-0.008,0.0005,0.0664,-0.0709,-0.0709,-0.3004,-0.1038,0.0618,-0.5865,0.3263,-0.0821,-0.3452,0.2005,0.2275,-0.5697,0.2025,-0.1462,-0.3743,0.5133,0.4899,-0.8759,0.0,0.0,0.0,0.0,0.0,0.0,0.0,0.0,0.0,
0.92,run,-0.91,2.11,-0.21,0.9,3.2,0.0,0.0,0.0,0.117,-2.55,-16.88,29.09,-3.43,-16.88,14.94,11.07,-24.43,29.53,5.71,-12.13,16.35,7.12,-26.37,26.72,18.02,0.79,-8.96,-2.35,-23.44,35.29,-4.83,-20.53,14.61,11.99,-30.2,36.12,7.89,-12.13,16.05,7.47,-32.15,32.2,18.35,3.42,-10.71,-0.0672,-0.0942,-0.2698,-0.1381,0.0813,-0.5929,0.3425,-0.1474,-0.2999,0.2255,0.2339,-0.5759,0.2134,-0.1854,-0.3302,0.5243,0.5166,-0.8908,0.0,0.019,0.013,0.013,0.019,0.0,0.0,0.026,0.019,0.117,0.0,0.006,0.006,0.013,0.013,0.013,0.006,0.013,-0.0445,-0.2807,0.4786,-0.043,-0.2684,0.2669,0.181,-0.4034,0.4801,0.1058,-0.2148,0.2899,0.1181,-0.4403,0.4418,0.3114,-0.0061,-0.1473,0.032,-0.284,0.2855,-0.1588,-0.2807,-0.0423,0.1238,-0.2903,0.2846,0.1166,-0.19,0.0113,0.1185,-0.2895,0.293,0.0849,0.1538,-0.1832,-0.0669,-0.0487,-0.0055,0.0135,0.0902,-0.0667,-0.084,-0.284,-0.1236,0.0705,-0.5907,0.3355,-0.1176,-0.3206,0.2126,0.2294,-0.5731,0.2096,-0.1679,-0.3533,0.52,0.5061,-0.8824,0.0,0.0,0.0,0.0,0.0,0.0,0.0,0.0,0.0,
0.96,run,-0.91,2.17,-0.88,0.55,4.94,0.0,0.0,0.0,0.117,-2.46,-18.37,30.41,-3.52,-18.19,14.68,11.51,-25.84,31.03,6.24,-12.13,16.17,7.29,-27.77,28.12,18.19,1.76,-9.67,-2.21,-24.94,36.79,-5.39,-19.79,14.21,12.26,-31.7,37.62,8.29,-11.73,15.44,7.59,-33.65,33.7,18.48,4.3,-11.39,-0.0632,-0.1031,-0.2545,-0.154,0.0947,-0.5975,0.3503,-0.1829,-0.2746,0.2367,0.2413,-0.5831,0.2169,-0.2063,-0.3111,0.528,0.5328,-0.8987,0.0,0.019,0.013,0.013,0.019,0.0,0.0,0.026,0.019,0.117,0.0,0.006,0.006,0.013,0.013,0.013,0.006,0.013,-0.0491,-0.3037,0.5047,-0.0568,-0.293,0.2577,0.1887,-0.428,0.5047,0.1135,-0.2194,0.2823,0.1258,-0.4648,0.4663,0.316,0.0107,-0.1611,0.0052,-0.2851,0.2976,-0.1629,-0.2885,-0.0641,0.1154,-0.2952,0.2912,0.1104,-0.1503,-0.0209,0.1117,-0.2947,0.2971,0.0767,0.1709,-0.18,-0.0645,-0.0446,-0.0036,0.0157,0.0559,-0.0672,-0.0942,-0.2698,-0.1381,0.0813,-0.5929,0.3425,-0.1474,-0.2999,0.2255,0.2339,-0.5759,0.2134,-0.1854,-0.3302,0.5243,0.5166,-0.8908,0.0,0.0,0.0,0.0,0.0,0.0,0.0,0.0,0.0,
1.0,run,-0.9,2.13,0.31,-0.27,3.15,0.0,0.0,0.0,0.117,-2.2,-19.78,31.9,-4.48,-19.16,14.5,11.78,-27.25,32.43,6.68,-12.13,16.08,7.38,-29.27,29.53,18.37,2.64,-10.28,-2.08,-26.44,38.29,-5.84,-18.79,13.78,12.47,-33.2,39.12,8.52,-11.26,15.01,7.63,-35.15,35.2,18.55,4.91,-11.62,-0.0594,-0.1111,-0.2407,-0.1669,0.113,-0.6026,0.3563,-0.2125,-0.2519,0.2433,0.2499,-0.5882,0.218,-0.2206,-0.2934,0.53,0.5438,-0.9015,0.0,0.019,0.013,0.013,0.019,0.0,0.0,0.026,0.019,0.117,0.0,0.006,0.006,0.013,0.013,0.013,0.006,0.013,-0.0476,-0.3298,0.5277,-0.0583,-0.316,0.2531,0.1963,-0.4525,0.5308,0.1227,-0.2194,0.2792,0.1289,-0.4893,0.4909,0.3191,0.0276,-0.1733,0.0094,-0.2973,0.2946,-0.1198,-0.2883,-0.0621,0.1096,-0.2987,0.3016,0.1118,-0.1052,-0.0261,0.0897,-0.2983,0.3,0.0652,0.1829,-0.172,-0.064,-0.0394,-0.0153,0.0095,0.0862,-0.0632,-0.1031,-0.2545,-0.154,0.0947,-0.5975,0.3503,-0.1829,-0.2746,0.2367,0.2413,-0.5831,0.2169,-0.2063,-0.3111,0.528,0.5328,-0.8987,0.0,0.0,0.0,0.0,0.0,0.0,0.0,0.0,0.0,
1.04,run,-0.84,2.14,-1.16,0.46,6.94,0.0,0.0,0.0,0.117,-2.11,-21.18,33.22,-5.19,-19.95,13.97,12.04,-28.74,33.75,7.21,-11.69,15.38,7.47,-30.59,31.03,18.46,3.52,-10.99,-2.05,-27.94,39.79,-6.2,-18.05,13.92,12.66,-34.7,40.62,8.92,-10.75,14.36,7.67,-36.65,36.7,18.53,5.48,-12.18,-0.0586,-0.1174,-0.2279,-0.1771,0.1263,-0.6009,0.3618,-0.2383,-0.2306,0.2547,0.259,-0.5958,0.2191,-0.2347,-0.2781,0.5295,0.5542,-0.908,0.0,0.026,0.013,0.006,0.013,0.0,0.006,0.033,0.026,0.078,0.0,0.006,0.0,0.019,0.006,0.006,0.006,0.0,-0.043,-0.3543,0.5538,-0.0752,-0.3329,0.25,0.201,-0.4771,0.5553,0.1304,-0.2194,0.2777,0.1304,-0.5154,0.5154,0.3221,0.043,-0.1841,0.0238,-0.3002,0.304,-0.1471,-0.265,-0.055,0.0939,-0.3011,0.3032,0.107,-0.0736,-0.024,0.0685,-0.3066,0.302,0.0571,0.1856,-0.1607,-0.0632,-0.0423,0.0053,-0.0047,0.0549,-0.0594,-0.1111,-0.2407,-0.1669,0.113,-0.6026,0.3563,-0.2125,-0.2519,0.2433,0.2499,-0.5882,0.218,-0.2206,-0.2934,0.53,0.5438,-0.9015,0.0,0.0,0.0,0.0,0.0,0.0,0.0,0.0,0.0,
1.08,run,-0.87,2.08,-1.29,-1.61,-1.36,0.0,0.0,0.0,0.117,-2.37,-22.59,34.72,-5.45,-20.48,13.97,12.3,-30.15,35.24,7.56,-11.25,14.85,7.56,-32.08,32.43,18.46,4.31,-11.43,-1.92,-29.44,41.29,-6.45,-16.77,13.47,12.93,-36.2,42.12,9.08,-9.92,13.61,7.65,-38.15,38.2,18.53,5.93,-12.45,-0.0547,-0.1239,-0.218,-0.1843,0.1497,-0.6062,0.3694,-0.2685,-0.209,0.2594,0.2742,-0.6046,0.2187,-0.2473,-0.258,0.5293,0.5624,-0.9111,0.0,0.026,0.013,0.006,0.013,0.0,0.006,0.033,0.026,0.078,0.0,0.006,0.0,0.019,0.006,0.006,0.006,0.0,-0.0414,-0.3789,0.5768,-0.0874,-0.3467,0.2408,0.2056,-0.5031,0.5783,0.1396,-0.2117,0.2654,0.1319,-0.5384,0.5415,0.3237,0.0583,-0.1963,0.0224,-0.3021,0.2991,-0.149,-0.2373,-0.073,0.083,-0.3086,0.2985,0.1094,-0.0228,-0.0628,0.0537,-0.3009,0.3092,0.0458,0.1874,-0.1585,-0.0584,-0.0418,-0.0202,0.0081,0.1212,-0.0586,-0.1174,-0.2279,-0.1771,0.1263,-0.6009,0.3618,-0.2383,-0.2306,0.2547,0.259,-0.5958,0.2191,-0.2347,-0.2781,0.5295,0.5542,-0.908,0.0,0.0,0.0,0.0,0.0,0.0,0.0,0.0,0.0,
1.12,run,-0.81,2.11,1.12,1.0,0.98,0.0,0.0,0.0,0.117,-1.85,-24.08,36.12,-6.06,-20.57,13.8,12.48,-31.46,36.65,7.73,-10.81,14.33,7.47,-33.49,33.84,18.46,5.01,-11.95,-1.75,-30.94,42.79,-6.93,-16.04,13.29,13.08,-37.7,43.62,9.48,-9.34,12.87,7.7,-39.48,39.7,18.44,6.63,-12.97,-0.0499,-0.1293,-0.2038,-0.1979,0.1629,-0.6083,0.3737,-0.3005,-0.1798,0.2708,0.2848,-0.6132,0.22,-0.2633,-0.2483,0.5269,0.5751,-0.9172,0.0,0.026,0.013,0.006,0.013,0.0,0.006,0.033,0.026,0.078,0.0,0.006,0.0,0.019,0.006,0.006,0.006,0.0,-0.046,-0.4034,0.6029,-0.092,-0.3559,0.2408,0.2102,-0.5277,0.6044,0.1457,-0.204,0.2562,0.1335,-0.5645,0.566,0.3237,0.0721,-0.204,-0.0016,-0.3035,0.3071,-0.1216,-0.2006,-0.0511,0.0754,-0.308,0.3067,0.0996,0.0128,-0.0785,0.0434,-0.3084,0.3085,0.032,0.1829,-0.1397,-0.061,-0.0472,-0.0225,-0.028,-0.0237,-0.0547,-0.1239,-0.218,-0.1843,0.1497,-0.6062,0.3694,-0.2685,-0.209,0.2594,0.2742,-0.6046,0.2187,-0.2473,-0.258,0.5293,0.5624,-0.9111,0.0,0.0,0.0,0.0,0.0,0.0,0.0,0.0,0.0,
1.16,run,-0.83,2.11,-0.88,-0.64,-0.04,0.0,0.0,0.0,0.136,-1.67,-25.4,37.53,-6.42,-20.48,13.36,12.74,-32.96,38.06,7.82,-10.2,13.62,7.65,-34.89,35.24,18.46,5.62,-12.39,-1.68,-32.42,44.29,-7.17,-14.73,13.11,13.22,-39.2,45.12,9.72,-8.35,12.23,7.65,-40.22,41.2,18.32,7.06,-13.37,-0.0479,-0.1349,-0.193,-0.2049,0.1867,-0.6105,0.3777,-0.3293,-0.1618,0.2777,0.3027,-0.6208,0.2186,-0.2767,-0.2336,0.5236,0.5828,-0.922,0.0,0.026,0.006,0.006,0.019,0.006,0.006,0.026,0.026,0.136,0.006,0.006,0.0,0.019,0.006,0.006,0.006,0.0,-0.0368,-0.4295,0.6274,-0.1028,-0.3574,0.2378,0.2132,-0.5507,0.6289,0.1488,-0.1963,0.247,0.1319,-0.589,0.5906,0.3237,0.0844,-0.2132,0.0333,-0.3099,0.3067,-0.1252,-0.1462,-0.0472,0.0642,-0.3016,0.3064,0.0812,0.0376,-0.0893,0.0246,-0.3076,0.3076,0.0224,0.1739,-0.1322,-0.0552,-0.0445,0.0195,0.0174,0.0171,-0.0499,-0.1293,-0.2038,-0.1979,0.1629,-0.6083,0.3737,-0.3005,-0.1798,0.2708,0.2848,-0.6132,0.22,-0.2633,-0.2483,0.5269,0.5751,-0.9172,0.0,0.0,0.0,0.0,0.0,0.0,0.0,0.0,0.0,
1.2,run,-0.85,2.1,-0.37,0.22,2.87,0.0,0.0,0.0,0.136,-1.93,-26.81,38.94,-6.77,-19.86,13.18,12.92,-34.37,39.46,8.35,-9.58,12.83,7.65,-36.3,36.74,18.46,6.24,-12.92,-1.43,-32.6,45.79,-7.42,-13.61,12.57,13.39,-40.7,46.62,9.9,-7.4,11.22,7.7,-40.92,42.7,18.22,7.51,-13.61,-0.0409,-0.1381,-0.1843,-0.2119,0.207,-0.6168,0.3827,-0.3593,-0.1332,0.2828,0.3199,-0.6327,0.2199,-0.2894,-0.213,0.5207,0.5911,-0.9248,0.0,0.026,0.006,0.006,0.019,0.006,0.006,0.026,0.026,0.136,0.006,0.006,0.0,0.019,0.006,0.006,0.006,0.0,-0.0337,-0.4525,0.6519,-0.1089,-0.3559,0.2301,0.2178,-0.5768,0.6535,0.1503,-0.1856,0.2347,0.135,-0.6136,0.6151,0.3237,0.0951,-0.2209,0.0348,-0.3032,0.3067,-0.1106,-0.0966,-0.0618,0.0622,-0.3088,0.3065,0.0626,0.0666,-0.1085,0.0287,-0.3073,0.3073,0.0157,0.162,-0.1213,-0.0573,-0.0447,-0.0153,-0.0111,-0.0008,-0.0479,-0.1349,-0.193,-0.2049,0.1867,-0.6105,0.3777,-0.3293,-0.1618,0.2777,0.3027,-0.6208,0.2186,-0.2767,-0.2336,0.5236,0.5828,-0.922,0.0,0.0,0.0,0.0,0.0,0.0,0.0,0.0,0.0,
1.24,run,-0.84,2.16,-0.21,0.55,5.19,0.0,0.0,0.0,0.136,-1.49,-28.3,40.43,-7.12,-18.81,13.1,13.01,-35.77,40.87,8.53,-8.88,12.22,7.65,-37.53,38.14,18.11,6.77,-13.27,-1.26,-32.93,47.29,-7.57,-12.19,12.09,13.63,-42.2,48.12,10.1,-6.38,10.53,7.62,-41.67,44.2,18.01,7.88,-13.93,-0.0361,-0.1442,-0.1742,-0.2163,0.2329,-0.6224,0.3895,-0.389,-0.1115,0.2885,0.3385,-0.6409,0.2177,-0.3031,-0.1969,0.5145,0.5978,-0.9286,0.0,0.026,0.006,0.006,0.019,0.006,0.006,0.026,0.026,0.136,0.006,0.006,0.0,0.019,0.006,0.006,0.006,0.0,-0.0383,-0.4771,0.6765,-0.115,-0.3451,0.227,0.2209,-0.6013,0.678,0.1595,-0.1749,0.2209,0.135,-0.6381,0.6412,0.3237,0.1058,-0.2301,0.007,-0.3046,0.307,-0.1005,-0.0272,-0.0548,0.0551,-0.3086,0.3069,0.0784,0.087,-0.1279,0.0201,-0.3075,0.3133,0.011,0.1538,-0.1195,-0.0587,-0.0449,-0.0064,0.0038,0.05,-0.0409,-0.1381,-0.1843,-0.2119,0.207,-0.6168,0.3827,-0.3593,-0.1332,0.2828,0.3199,-0.6327,0.2199,-0.2894,-0.213,0.5207,0.5911,-0.9248,0.0,0.0,0.0,0.0,0.0,0.0,0.0,0.0,0.0,
1.28,run,-0.85,2.07,-0.53,-1.71,3.95,0.0,0.0,0.0,0.136,-1.14,-29.62,41.84,-7.29,-17.58,12.48,13.1,-37.27,42.28,8.79,-8.0,11.51,7.65,-38.76,39.55,17.93,7.29,-13.54,-1.1,-33.32,48.79,-7.81,-10.79,11.88,13.73,-43.7,49.62,10.39,-5.4,9.8,7.57,-42.35,45.7,17.74,8.2,-14.12,-0.0315,-0.1513,-0.1638,-0.2232,0.2584,-0.625,0.3923,-0.4167,-0.0879,0.2969,0.3564,-0.6494,0.2161,-0.3155,-0.1774,0.507,0.6037,-0.9309,0.0,0.019,0.013,0.013,0.013,0.006,0.006,0.033,0.026,0.136,0.006,0.006,0.006,0.039,0.006,0.006,0.006,0.006,-0.0307,-0.5031,0.7026,-0.1212,-0.3267,0.2255,0.2224,-0.6259,0.7026,0.1626,-0.1626,0.2102,0.135,-0.6596,0.6657,0.3175,0.115,-0.2362,0.0336,-0.3108,0.3125,-0.0933,0.0498,-0.0441,0.0443,-0.3078,0.3067,0.0664,0.1068,-0.1297,0.0141,-0.2956,0.3111,-0.0153,0.1421,-0.1066,-0.0579,-0.0401,-0.0036,0.0095,0.0905,-0.0361,-0.1442,-0.1742,-0.2163,0.2329,-0.6224,0.3895,-0.389,-0.1115,0.2885,0.3385,-0.6409,0.2177,-0.3031,-0.1969,0.5145,0.5978,-0.9286,0.0,0.0,0.0,0.0,0.0,0.0,0.0,0.0,0.0,
1.32,run,-0.83,2.06,-0.28,-0.76,2.85,0.0,0.0,0.0,0.136,-1.23,-30.85,43.24,-7.56,-16.17,12.04,13.36,-38.58,43.68,8.88,-7.12,10.63,7.65,-39.81,40.96,17.93,7.73,-13.89,-0.82,-33.45,50.29,-7.88,-9.53,11.42,13.88,-45.2,51.12,10.6,-4.31,8.49,7.66,-43.24,47.2,17.51,8.41,-14.2,-0.0233,-0.1536,-0.1577,-0.2251,0.2813,-0.6303,0.3966,-0.4449,-0.0574,0.3028,0.3762,-0.6648,0.219,-0.3316,-0.1516,0.5004,0.6075,-0.9318,0.0,0.019,0.013,0.013,0.013,0.006,0.006,0.033,0.026,0.136,0.006,0.006,0.006,0.039,0.006,0.006,0.006,0.006,-0.0245,-0.5262,0.7271,-0.1243,-0.3053,0.2148,0.224,-0.6519,0.7271,0.1672,-0.1473,0.1979,0.135,-0.6811,0.6903,0.3145,0.1243,-0.2408,0.0466,-0.3041,0.3111,-0.0769,0.1157,-0.0713,0.0368,-0.3136,0.307,0.0638,0.1325,-0.137,0.0099,-0.2877,0.3102,-0.0222,0.1341,-0.092,-0.0587,-0.0475,-0.0093,-0.0298,0.0689,-0.0315,-0.1513,-0.1638,-0.2232,0.2584,-0.625,0.3923,-0.4167,-0.0879,0.2969,0.3564,-0.6494,0.2161,-0.3155,-0.1774,0.507,0.6037,-0.9309,0.0,0.0,0.0,0.0,0.0,0.0,0.0,0.0,0.0,
1.36,run,-0.84,2.08,-0.51,0.23,3.5,0.0,0.0,0.0,0.136,-1.23,-31.82,44.65,-7.73,-14.68,11.78,13.54,-40.08,45.09,9.14,-6.24,9.93,7.65,-40.87,42.45,17.49,8.0,-13.97,-0.53,-33.68,51.79,-8.06,-8.16,10.9,14.04,-46.7,52.62,10.88,-3.13,7.44,7.8,-44.31,48.7,17.28,8.78,-14.6,-0.0151,-0.1579,-0.1495,-0.2303,0.3061,-0.6365,0.401,-0.4781,-0.0295,0.3107,0.3977,-0.6772,0.2229,-0.3511,-0.1301,0.4936,0.6142,-0.9365,0.0,0.019,0.013,0.013,0.013,0.006,0.006,0.033,0.026,0.136,0.006,0.006,0.006,0.039,0.006,0.006,0.006,0.006,-0.0261,-0.5476,0.7517,-0.1289,-0.2807,0.2071,0.2286,-0.675,0.7517,0.1687,-0.1319,0.1825,0.135,-0.6995,0.7148,0.3145,0.1319,-0.247,0.0269,-0.2934,0.3098,-0.0711,0.173,-0.0787,0.043,-0.3058,0.3069,0.0504,0.1503,-0.1534,0.0069,-0.2704,0.3091,-0.0156,0.1226,-0.0874,-0.0575,-0.049,-0.0049,-0.0133,0.0497,-0.0233,-0.1536,-0.1577,-0.2251,0.2813,-0.6303,0.3966,-0.4449,-0.0574,0.3028,0.3762,-0.6648,0.219,-0.3316,-0.1516,0.5004,0.6075,-0.9318,0.0,0.0,0.0,0.0,0.0,0.0,0.0,0.0,0.0,
1.4,run,-0.84,2.09,-0.4,-0.55,0.99,0.0,0.0,0.0,0.195,-0.62,-32.52,46.05,-7.73,-13.36,11.25,13.71,-41.48,46.58,9.23,-5.27,8.96,7.65,-41.84,43.86,17.4,8.44,-14.33,-0.24,-33.96,53.01,-8.21,-6.75,10.31,14.16,-48.2,54.12,11.17,-2.14,6.41,7.95,-45.47,50.2,17.03,9.02,-14.86,-0.0068,-0.1628,-0.1411,-0.2345,0.3319,-0.6434,0.4047,-0.507,-0.0031,0.319,0.4157,-0.6892,0.2271,-0.3721,-0.107,0.4865,0.6186,-0.9395,0.006,0.013,0.013,0.013,0.006,0.006,0.006,0.026,0.019,0.195,0.006,0.006,0.013,0.078,0.006,0.013,0.006,0.006,-0.0261,-0.5645,0.7762,-0.1319,-0.2546,0.2025,0.2316,-0.701,0.7762,0.1733,-0.1166,0.1703,0.135,-0.7179,0.7409,0.3068,0.1365,-0.2485,0.0188,-0.2686,0.3088,-0.0612,0.2188,-0.0723,0.0416,-0.3118,0.3068,0.0525,0.1627,-0.1534,0.0048,-0.2583,0.3141,-0.0396,0.1031,-0.0669,-0.0579,-0.0471,-0.0089,0.0039,0.0611,-0.0151,-0.1579,-0.1495,-0.2303,0.3061,-0.6365,0.401,-0.4781,-0.0295,0.3107,0.3977,-0.6772,0.2229,-0.3511,-0.1301,0.4936,0.6142,-0.9365,0.0,0.0,0.0,0.0,0.0,0.0,0.0,0.0,0.0,
1.44,run,-0.83,2.08,0.54,0.09,0.12,0.0,0.0,0.0,0.195,-0.44,-33.13,47.46,-7.91,-11.95,10.72,13.89,-42.8,47.99,9.4,-4.13,7.91,7.82,-42.98,45.26,17.14,8.7,-14.5,0.15,-33.81,53.09,-8.23,-5.48,9.51,14.23,-49.7,55.62,11.37,-1.01,4.91,8.26,-46.69,51.7,16.86,9.14,-15.04,0.0042,-0.1602,-0.1401,-0.2353,0.3549,-0.6528,0.4065,-0.5365,0.0303,0.325,0.4361,-0.7075,0.236,-0.3944,-0.0756,0.4818,0.6208,-0.9416,0.006,0.013,0.013,0.013,0.006,0.006,0.006,0.026,0.019,0.195,0.006,0.006,0.013,0.078,0.006,0.013,0.006,0.006,-0.0153,-0.5768,0.8007,-0.1319,-0.2316,0.1933,0.2347,-0.7256,0.8023,0.1749,-0.0997,0.1534,0.135,-0.7348,0.7655,0.3053,0.1442,-0.2546,0.0535,-0.2341,0.3083,-0.0429,0.2395,-0.0852,0.0406,-0.3103,0.3126,0.0425,0.1772,-0.1707,0.0034,-0.2441,0.312,-0.0335,0.1009,-0.0699,-0.0581,-0.0463,-0.0071,-0.0095,0.0174,-0.0068,-0.1628,-0.1411,-0.2345,0.3319,-0.6434,0.4047,-0.507,-0.0031,0.319,0.4157,-0.6892,0.2271,-0.3721,-0.107,0.4865,0.6186,-0.9395,0.0,0.0,0.0,0.0,0.0,0.0,0.0,0.0,0.0,
1.48,run,-0.88,2.09,-1.15,-1.29,5.51,0.0,0.0,0.0,0.195,-0.35,-33.49,48.87,-8.0,-10.55,10.2,13.97,-44.21,49.39,9.76,-3.25,7.03,7.91,-43.86,46.76,16.79,8.96,-14.85,0.48,-33.85,53.47,-8.27,-4.23,8.85,14.37,-51.2,57.12,11.64,-0.02,3.67,8.55,-47.97,53.2,16.71,9.39,-15.24,0.0138,-0.161,-0.1356,-0.2363,0.3777,-0.6605,0.4107,-0.5642,0.0583,0.3327,0.4541,-0.7216,0.2443,-0.4177,-0.047,0.4775,0.6252,-0.944,0.006,0.013,0.013,0.013,0.006,0.006,0.006,0.026,0.019,0.195,0.006,0.006,0.013,0.078,0.006,0.013,0.006,0.006,-0.0123,-0.5875,0.8253,-0.135,-0.2071,0.1841,0.2378,-0.7486,0.8268,0.1779,-0.0798,0.135,0.1381,-0.7547,0.79,0.3007,0.1488,-0.2577,0.0489,-0.2041,0.3078,-0.0415,0.2597,-0.0941,0.0399,-0.3035,0.3109,0.0413,0.1988,-0.1885,0.0139,-0.2457,0.3104,-0.0407,0.0879,-0.0604,-0.0577,-0.0469,0.0095,0.0015,0.002,0.0042,-0.1602,-0.1401,-0.2353,0.3549,-0.6528,0.4065,-0.5365,0.0303,0.325,0.4361,-0.7075,0.236,-0.3944,-0.0756,0.4818,0.6208,-0.9416,0.0,0.0,0.0,0.0,0.0,0.0,0.0,0.0,0.0,
1.52,run,-0.83,2.16,0.37,0.31,3.94,0.0,0.0,0.0,0.195,0.53,-33.49,50.19,-8.09,-9.14,9.49,14.06,-45.62,50.71,9.76,-2.2,5.8,8.35,-45.0,48.16,16.79,9.14,-15.03,0.91,-34.03,53.53,-8.27,-2.88,8.0,14.63,-52.7,58.62,11.88,0.94,2.26,8.89,-49.03,54.7,16.54,9.49,-15.28,0.026,-0.1641,-0.135,-0.2363,0.4022,-0.6706,0.418,-0.5856,0.0861,0.3394,0.4717,-0.7381,0.2539,-0.4368,-0.0108,0.4726,0.6272,-0.9445,0.006,0.006,0.006,0.0,0.006,0.006,0.013,0.039,0.026,0.182,0.0,0.006,0.006,0.091,0.013,0.006,0.006,0.0,-0.0107,-0.5937,0.8498,-0.1365,-0.1825,0.1749,0.2393,-0.7731,0.8514,0.1841,-0.0644,0.1197,0.1396,-0.7701,0.8161,0.2945,0.1534,-0.2638,0.04,-0.1659,0.3076,-0.0348,0.2739,-0.1004,0.0337,-0.3046,0.3097,0.0519,0.1967,-0.1895,0.0155,-0.2295,0.3151,-0.0515,0.0788,-0.0653,-0.0614,-0.0463,-0.0201,-0.0224,0.0961,0.0138,-0.161,-0.1356,-0.2363,0.3777,-0.6605,0.4107,-0.5642,0.0583,0.3327,0.4541,-0.7216,0.2443,-0.4177,-0.047,0.4775,0.6252,-0.944,0.0,0.0,0.0,0.0,0.0,0.0,0.0,0.0,0.0,
1.56,run,-0.8,2.14,0.28,-0.58,1.84,0.0,0.0,0.0,0.195,0.44,-33.49,51.42,-8.09,-7.65,8.79,14.24,-47.02,52.12,10.28,-1.14,4.66,8.61,-46.14,49.57,16.52,9.32,-15.12,1.31,-33.69,53.21,-8.2,-1.7,6.93,14.67,-54.2,60.12,12.13,1.96,0.76,9.31,-50.42,56.2,16.47,9.63,-15.59,0.0375,-0.1579,-0.1387,-0.2342,0.4237,-0.6832,0.4191,-0.612,0.1167,0.3465,0.4901,-0.7566,0.2661,-0.4623,0.0233,0.4705,0.6296,-0.9481,0.006,0.006,0.006,0.0,0.006,0.006,0.013,0.039,0.026,0.182,0.0,0.006,0.006,0.091,0.013,0.006,0.006,0.0,0.0046,-0.5937,0.8728,-0.1381,-0.158,0.1626,0.2408,-0.7977,0.8744,0.1841,-0.046,0.0982,0.1473,-0.79,0.8406,0.2945,0.1565,-0.2669,0.0855,-0.1161,0.3015,-0.0301,0.2836,-0.1163,0.0293,-0.3051,0.303,0.0363,0.2066,-0.2131,0.0396,-0.2353,0.3125,-0.0361,0.0667,-0.0572,-0.0572,-0.0403,0.0064,0.0054,0.0688,0.026,-0.1641,-0.135,-0.2363,0.4022,-0.6706,0.418,-0.5856,0.0861,0.3394,0.4717,-0.7381,0.2539,-0.4368,-0.0108,0.4726,0.6272,-0.9445,0.0,0.0,0.0,0.0,0.0,0.0,0.0,0.0,0.0,
1.6,run,-0.98,2.03,-1.29,-0.39,7.35,0.0,0.0,0.0,0.195,0.97,-33.49,52.29,-8.09,-6.24,8.09,14.41,-48.43,53.61,10.46,-0.18,3.43,8.88,-47.29,51.24,16.44,9.4,-15.21,1.68,-33.38,53.17,-8.0,-0.67,5.97,14.82,-55.7,61.62,12.21,2.76,-0.45,9.69,-51.73,57.7,16.4,9.74,-15.48,0.0481,-0.1523,-0.1391,-0.2285,0.4424,-0.6944,0.4234,-0.6322,0.1432,0.3488,0.5047,-0.77,0.2768,-0.486,0.0514,0.4685,0.6317,-0.9468,0.006,0.006,0.006,0.0,0.006,0.006,0.013,0.039,0.026,0.182,0.0,0.006,0.006,0.091,0.013,0.006,0.006,0.0,0.0031,-0.5937,0.8943,-0.1381,-0.1319,0.1503,0.2439,-0.8222,0.8989,0.1933,-0.0276,0.0782,0.1519,-0.8099,0.8652,0.2899,0.1595,-0.2684,0.0541,-0.0813,0.2916,-0.0211,0.2964,-0.1274,0.0321,-0.3057,0.3042,0.06,0.2137,-0.224,0.045,-0.2396,0.3109,-0.0425,0.0582,-0.0458,-0.055,-0.0415,0.0049,-0.0102,0.0322,0.0375,-0.1579,-0.1387,-0.2342,0.4237,-0.6832,0.4191,-0.612,0.1167,0.3465,0.4901,-0.7566,0.2661,-0.4623,0.0233,0.4705,0.6296,-0.9481,0.0,0.0,0.0,0.0,0.0,0.0,0.0,0.0,0.0,
1.64,run,-1.02,2.07,-0.27,0.51,7.41,0.0,0.0,0.0,0.195,1.49,-33.49,53.0,-8.09,-4.83,7.29,14.41,-49.83,55.02,10.81,0.88,2.11,9.32,-48.43,52.38,16.44,9.58,-15.38,2.11,-32.97,52.52,-7.67,0.59,4.96,15.13,-57.2,63.12,12.13,3.78,-1.91,10.09,-52.52,59.2,16.41,9.78,-15.11,0.0604,-0.1449,-0.1468,-0.2192,0.4652,-0.7063,0.4323,-0.6447,0.1672,0.3466,0.5232,-0.7871,0.2882,-0.5004,0.0889,0.4688,0.6323,-0.9424,0.006,0.0,0.0,0.006,0.006,0.019,0.006,0.033,0.026,0.13,0.006,0.006,0.006,0.104,0.006,0.0,0.0,0.0,0.0123,-0.5937,0.9097,-0.1381,-0.1074,0.1381,0.247,-0.8468,0.925,0.1963,-0.0107,0.0568,0.1565,-0.8299,0.8943,0.2884,0.1611,-0.27,0.0724,-0.0569,0.2617,-0.0148,0.2996,-0.1352,0.0339,-0.3061,0.3108,0.0535,0.2129,-0.2374,0.0487,-0.2425,0.3269,-0.0355,0.0465,-0.0378,-0.07,-0.0514,-0.0225,-0.0069,0.1283,0.0481,-0.1523,-0.1391,-0.2285,0.4424,-0.6944,0.4234,-0.6322,0.1432,0.3488,0.5047,-0.77,0.2768,-0.486,0.0514,0.4685,0.6317,-0.9468,0.0,0.0,0.0,0.0,0.0,0.0,0.0,0.0,0.0,
1.68,run,-1.08,2.06,-1.5,-0.32,5.97,0.0,0.0,0.0,0.195,1.49,-33.49,53.17,-8.09,-3.43,6.24,14.77,-51.24,56.43,10.81,1.85,0.88,9.76,-49.66,53.88,16.44,9.67,-15.29,2.45,-32.5,52.18,-7.46,1.64,4.05,15.27,-58.7,64.62,12.17,4.6,-2.97,10.47,-53.52,60.7,16.44,9.93,-15.04,0.0699,-0.1364,-0.1509,-0.2132,0.4844,-0.7171,0.4363,-0.6601,0.191,0.3476,0.5382,-0.7997,0.2991,-0.5185,0.1193,0.4696,0.6351,-0.9416,0.006,0.0,0.0,0.006,0.006,0.019,0.006,0.033,0.026,0.13,0.006,0.006,0.006,0.104,0.006,0.0,0.0,0.0,0.0215,-0.5937,0.9219,-0.1381,-0.0828,0.1243,0.247,-0.8713,0.9495,0.2025,0.0077,0.0337,0.1641,-0.8498,0.9143,0.2884,0.1641,-0.273,0.0851,-0.0398,0.2291,-0.0103,0.3016,-0.1464,0.0238,-0.3062,0.3095,0.0604,0.218,-0.2523,0.0628,-0.2444,0.3035,-0.0249,0.044,-0.038,-0.0741,-0.0475,-0.0048,0.0089,0.1294,0.0604,-0.1449,-0.1468,-0.2192,0.4652,-0.7063,0.4323,-0.6447,0.1672,0.3466,0.5232,-0.7871,0.2882,-0.5004,0.0889,0.4688,0.6323,-0.9424,0.0,0.0,0.0,0.0,0.0,0.0,0.0,0.0,0.0,
1.72,run,-1.1,2.09,-0.55,0.61,1.12,0.0,0.0,0.0,0.195,2.37,-33.05,53.17,-8.09,-2.11,5.36,14.94,-52.65,57.83,10.9,2.81,-0.44,10.11,-50.8,55.2,16.44,9.67,-15.29,2.83,-31.76,51.69,-7.09,2.57,3.0,15.47,-60.2,66.12,11.93,5.47,-4.13,10.87,-54.4,62.2,16.54,10.03,-14.59,0.0809,-0.1228,-0.1566,-0.2026,0.5013,-0.7294,0.442,-0.6728,0.2157,0.3409,0.554,-0.8133,0.3105,-0.5345,0.1496,0.4725,0.6368,-0.9364,0.006,0.0,0.0,0.006,0.006,0.019,0.006,0.033,0.026,0.13,0.006,0.006,0.006,0.104,0.006,0.0,0.0,0.0,0.0215,-0.5937,0.925,-0.1381,-0.0583,0.1058,0.2531,-0.8958,0.9741,0.2025,0.0245,0.0123,0.1718,-0.8713,0.9403,0.2884,0.1657,-0.2715,0.0596,-0.0279,0.1719,-0.0072,0.3028,-0.1712,0.0396,-0.306,0.3083,0.0423,0.2156,-0.2568,0.0726,-0.2513,0.3099,-0.0174,0.0365,-0.0208,-0.0796,-0.0491,-0.0261,-0.0057,0.1042,0.0699,-0.1364,-0.1509,-0.2132,0.4844,-0.7171,0.4363,-0.6601,0.191,0.3476,0.5382,-0.7997,0.2991,-0.5185,0.1193,0.4696,0.6351,-0.9416,0.0,0.0,0.0,0.0,0.0,0.0,0.0,0.0,0.0,
1.76,run,-1.05,2.15,0.49,1.06,-1.46,0.0,0.0,0.0,0.195,2.37,-32.61,52.73,-7.82,-0.7,4.48,15.12,-54.14,59.24,10.9,3.69,-1.76,10.46,-51.94,56.69,16.44,9.84,-15.21,3.14,-30.87,50.98,-6.69,3.44,1.83,15.52,-61.7,67.62,11.8,6.2,-5.25,11.33,-55.45,63.7,16.65,9.98,-14.32,0.0898,-0.1067,-0.165,-0.1911,0.517,-0.7431,0.4434,-0.6865,0.2406,0.337,0.5672,-0.8265,0.3237,-0.5536,0.1782,0.4756,0.636,-0.9332,0.019,0.006,0.006,0.006,0.006,0.013,0.013,0.033,0.026,0.065,0.006,0.006,0.013,0.071,0.006,0.006,0.0,0.006,0.0368,-0.586,0.925,-0.1381,-0.0353,0.0905,0.2562,-0.9204,0.9986,0.204,0.0414,-0.0107,0.1779,-0.8912,0.9633,0.2884,0.1657,-0.2715,0.0992,0.0092,0.1203,-0.0051,0.2982,-0.1774,0.0392,-0.3062,0.3078,0.0354,0.2142,-0.2661,0.0739,-0.2507,0.3032,-0.0122,0.0256,-0.0146,-0.0811,-0.0458,-0.0096,0.0106,0.0195,0.0809,-0.1228,-0.1566,-0.2026,0.5013,-0.7294,0.442,-0.6728,0.2157,0.3409,0.554,-0.8133,0.3105,-0.5345,0.1496,0.4725,0.6368,-0.9364,0.0,0.0,0.0,0.0,0.0,0.0,0.0,0.0,0.0,
1.8,run,-1.05,2.16,-0.61,-0.7,1.54,0.0,0.0,0.0,0.195,2.99,-31.99,52.03,-7.12,0.62,3.43,15.29,-55.55,60.64,10.9,4.66,-2.9,10.99,-53.09,58.1,16.44,9.84,-14.77,3.45,-30.0,50.28,-6.21,4.39,0.53,15.62,-63.2,69.12,11.51,6.94,-6.33,11.74,-56.5,65.2,16.78,10.08,-13.98,0.0985,-0.0908,-0.1732,-0.1774,0.5343,-0.7585,0.4462,-0.6988,0.262,0.3289,0.5807,-0.8392,0.3353,-0.5727,0.2031,0.4793,0.6378,-0.9291,0.019,0.006,0.006,0.006,0.006,0.013,0.013,0.033,0.026,0.065,0.006,0.006,0.013,0.071,0.006,0.006,0.0,0.006,0.0368,-0.5783,0.9173,-0.1335,-0.0107,0.0752,0.2592,-0.9465,1.0232,0.204,0.0568,-0.0337,0.1841,-0.9112,0.9894,0.2884,0.1687,-0.27,0.0695,0.0352,0.0555,0.0137,0.3006,-0.1815,0.0389,-0.3119,0.3073,0.0248,0.2073,-0.2723,0.0746,-0.2501,0.3098,-0.0085,0.0294,-0.0045,-0.0768,-0.0412,0.0085,0.0185,-0.0255,0.0898,-0.1067,-0.165,-0.1911,0.517,-0.7431,0.4434,-0.6865,0.2406,0.337,0.5672,-0.8265,0.3237,-0.5536,0.1782,0.4756,0.636,-0.9332,0.0,0.0,0.0,0.0,0.0,0.0,0.0,0.0,0.0,
1.84,run,-1.0,2.2,1.21,0.84,-1.15,0.0,0.0,0.0,0.195,3.43,-31.29,51.42,-6.94,1.76,2.46,15.38,-57.04,62.05,10.9,5.45,-4.04,11.34,-54.05,59.59,16.7,9.84,-14.5,3.76,-29.13,49.0,-5.6,5.32,-0.66,15.72,-63.62,70.62,11.09,7.72,-7.67,12.07,-56.91,66.7,16.91,10.05,-13.33,0.1074,-0.0752,-0.1882,-0.16,0.5512,-0.7725,0.4492,-0.7022,0.2799,0.3168,0.595,-0.855,0.3448,-0.5802,0.2309,0.4832,0.6373,-0.9216,0.019,0.006,0.006,0.006,0.006,0.013,0.013,0.033,0.026,0.065,0.006,0.006,0.013,0.071,0.006,0.006,0.0,0.006,0.0476,-0.5676,0.905,-0.1212,0.0123,0.0568,0.2623,-0.971,1.0477,0.204,0.0736,-0.0537,0.1933,-0.9311,1.014,0.2884,0.1687,-0.2623,0.089,0.065,-0.0073,0.0557,0.2969,-0.1963,0.0388,-0.3106,0.3073,0.0173,0.2085,-0.2656,0.0868,-0.25,0.3091,-0.006,0.0206,0.0257,-0.0765,-0.0401,-0.0106,-0.0122,0.027,0.0985,-0.0908,-0.1732,-0.1774,0.5343,-0.7585,0.4462,-0.6988,0.262,0.3289,0.5807,-0.8392,0.3353,-0.5727,0.2031,0.4793,0.6378,-0.9291,0.0,0.0,0.0,0.0,0.0,0.0,0.0,0.0,0.0,
1.88,run,-1.0,2.16,-1.25,-0.68,2.12,0.0,0.0,0.0,0.195,3.08,-30.59,50.71,-6.5,2.9,1.32,15.47,-58.54,63.54,10.9,6.33,-5.27,11.78,-55.11,61.0,16.88,9.84,-14.06,3.99,-28.14,47.94,-5.05,6.1,-1.95,15.78,-64.07,72.12,10.76,8.35,-8.67,12.48,-57.7,68.2,17.06,10.09,-13.12,0.1141,-0.0572,-0.2007,-0.1444,0.5654,-0.7877,0.4507,-0.7105,0.297,0.3074,0.6064,-0.8667,0.3564,-0.5946,0.2519,0.4875,0.6379,-0.9191,0.019,0.013,0.013,0.0,0.006,0.013,0.0,0.033,0.019,0.0,0.006,0.013,0.006,0.045,0.013,0.0,0.006,0.006,0.0552,-0.5553,0.8943,-0.1181,0.0322,0.0399,0.2638,-0.9971,1.0723,0.204,0.0874,-0.0736,0.1994,-0.948,1.04,0.293,0.1687,-0.2577,0.0911,0.0916,-0.0454,0.0505,0.2828,-0.2008,0.0329,-0.3154,0.3074,0.0121,0.1979,-0.2608,0.0839,-0.2384,0.3144,0.0131,0.0144,0.0353,-0.0719,-0.0364,0.0211,0.0146,-0.0201,0.1074,-0.0752,-0.1882,-0.16,0.5512,-0.7725,0.4492,-0.7022,0.2799,0.3168,0.595,-0.855,0.3448,-0.5802,0.2309,0.4832,0.6373,-0.9216,0.0,0.0,0.0,0.0,0.0,0.0,0.0,0.0,0.0,
1.92,run,-0.97,2.16,0.59,-0.12,-2.42,0.0,0.0,0.0,0.195,4.13,-29.71,49.83,-5.89,3.96,0.18,15.47,-60.03,64.86,10.37,7.12,-6.59,12.13,-55.9,62.4,16.88,9.93,-13.62,4.28,-27.32,46.94,-4.49,6.87,-3.0,15.96,-64.16,73.62,10.24,9.07,-9.68,12.76,-58.01,69.7,17.18,10.14,-12.47,0.1224,-0.0423,-0.2124,-0.1282,0.5794,-0.8,0.456,-0.7119,0.3118,0.2927,0.6195,-0.8786,0.3646,-0.6002,0.2729,0.4908,0.6388,-0.9115,0.019,0.013,0.013,0.0,0.006,0.013,0.0,0.033,0.019,0.0,0.006,0.013,0.006,0.045,0.013,0.0,0.006,0.006,0.0491,-0.543,0.882,-0.1104,0.0522,0.0199,0.2654,-1.0232,1.0983,0.204,0.1028,-0.0951,0.2071,-0.9664,1.0646,0.2961,0.1687,-0.25,0.041,0.1098,-0.0775,0.0639,0.2721,-0.2147,0.0287,-0.3178,0.3122,0.0085,0.1956,-0.2625,0.0872,-0.2354,0.3114,0.0206,0.0101,0.0532,-0.0719,-0.0401,-0.0218,-0.0119,0.0369,0.1141,-0.0572,-0.2007,-0.1444,0.5654,-0.7877,0.4507,-0.7105,0.297,0.3074,0.6064,-0.8667,0.3564,-0.5946,0.2519,0.4875,0.6379,-0.9191,0.0,0.0,0.0,0.0,0.0,0.0,0.0,0.0,0.0,
1.96,run,-0.92,2.19,0.55,0.45,-1.82,0.0,0.0,0.0,0.195,4.04,-28.92,48.96,-5.36,4.92,-0.88,15.47,-61.35,66.36,10.28,7.91,-7.65,12.48,-56.78,63.81,17.14,10.02,-13.27,4.48,-26.25,45.62,-3.88,7.59,-4.2,15.92,-64.47,75.12,9.87,9.62,-10.75,13.15,-58.67,71.2,17.41,10.07,-12.04,0.128,-0.0228,-0.228,-0.1107,0.5925,-0.8141,0.4547,-0.7177,0.3294,0.282,0.6294,-0.8912,0.3757,-0.6122,0.2934,0.4974,0.6377,-0.9064,0.019,0.013,0.013,0.0,0.006,0.013,0.0,0.033,0.019,0.0,0.006,0.013,0.006,0.045,0.013,0.0,0.006,0.006,0.0675,-0.5277,0.8667,-0.0997,0.0706,0.0,0.2654,-1.0492,1.1213,0.1948,0.1166,-0.1181,0.2132,-0.9802,1.0891,0.2961,0.1703,-0.2424,0.0987,0.1352,-0.1126,0.0856,0.2606,-0.2262,0.0201,-0.3217,0.3061,-0.0291,0.1895,-0.2713,0.0844,-0.2173,0.3114,0.0144,0.0129,0.0665,-0.0699,-0.0399,0.0103,-0.0021,-0.0422,0.1224,-0.0423,-0.2124,-0.1282,0.5794,-0.8,0.456,-0.7119,0.3118,0.2927,0.6195,-0.8786,0.3646,-0.6002,0.2729,0.4908,0.6388,-0.9115,0.0,0.0,0.0,0.0,0.0,0.0,0.0,0.0,0.0,
2.0,run,-0.95,2.22,-0.82,-0.37,1.21,0.0,0.0,0.0,0.195,4.13,-28.04,47.9,-4.75,5.89,-2.11,15.64,-62.49,67.76,9.67,8.61,-8.79,12.83,-57.57,65.3,17.14,10.02,-12.74,4.68,-25.31,44.55,-3.29,8.31,-5.34,15.98,-64.6,76.62,9.35,10.22,-11.53,13.45,-59.11,72.7,17.54,10.16,-11.58,0.1338,-0.0057,-0.2406,-0.094,0.6057,-0.8275,0.4564,-0.72,0.3419,0.2671,0.6403,-0.9003,0.3843,-0.6201,0.3104,0.5011,0.6394,-0.9009,0.0,0.013,0.013,0.006,0.006,0.006,0.006,0.013,0.026,0.0,0.006,0.013,0.0,0.033,0.006,0.0,0.006,0.006,0.066,-0.5139,0.8514,-0.0905,0.0874,-0.0184,0.2654,-1.0723,1.1474,0.1933,0.1304,-0.1365,0.2194,-0.9956,1.1137,0.3007,0.1718,-0.2362,0.0634,0.146,-0.1358,0.0941,0.2451,-0.2268,0.0141,-0.3107,0.3112,-0.0261,0.1839,-0.2583,0.0819,-0.2091,0.3092,0.0272,0.0147,0.0693,-0.0656,-0.0375,0.0096,0.0079,-0.0318,0.128,-0.0228,-0.228,-0.1107,0.5925,-0.8141,0.4547,-0.7177,0.3294,0.282,0.6294,-0.8912,0.3757,-0.6122,0.2934,0.4974,0.6377,-0.9064,0.0,0.0,0.0,0.0,0.0,0.0,0.0,0.0,0.0,
2.04,run,-0.9,2.27,1.5,0.41,-4.03,0.0,0.0,0.0,0.195,4.92,-27.07,46.85,-4.22,6.77,-3.25,15.73,-63.46,69.17,9.32,9.32,-9.84,13.18,-58.1,66.71,17.49,10.02,-12.3,4.89,-24.29,43.25,-2.66,9.06,-6.29,16.03,-64.44,78.12,8.76,10.84,-12.3,13.69,-59.17,74.2,17.67,10.21,-10.78,0.1396,0.0129,-0.2559,-0.076,0.6193,-0.8387,0.4581,-0.7171,0.3537,0.2503,0.6516,-0.9094,0.3911,-0.6212,0.3281,0.505,0.6401,-0.8915,0.0,0.013,0.013,0.006,0.006,0.006,0.006,0.013,0.026,0.0,0.006,0.013,0.0,0.033,0.006,0.0,0.006,0.006,0.0675,-0.4985,0.833,-0.0798,0.1043,-0.0399,0.2684,-1.0922,1.172,0.1825,0.1427,-0.1565,0.2255,-1.0094,1.1397,0.3007,0.1718,-0.227,0.0502,0.16,-0.1645,0.1064,0.2352,-0.2397,0.0214,-0.2927,0.3104,-0.0587,0.175,-0.256,0.0805,-0.1984,0.3148,0.019,0.0103,0.0832,-0.0674,-0.0347,-0.0142,-0.0065,0.0211,0.1338,-0.0057,-0.2406,-0.094,0.6057,-0.8275,0.4564,-0.72,0.3419,0.2671,0.6403,-0.9003,0.3843,-0.6201,0.3104,0.5011,0.6394,-0.9009,0.0,0.0,0.0,0.0,0.0,0.0,0.0,0.0,0.0,
2.08,run,-0.85,2.23,0.55,-1.32,-3.13,0.0,0.0,0.0,0.195,4.39,-26.19,45.79,-3.69,7.65,-4.39,15.82,-64.07,70.49,9.05,9.93,-10.81,13.45,-58.62,68.12,17.49,10.02,-11.78,5.03,-23.08,41.81,-1.99,9.66,-7.55,15.92,-64.64,79.62,8.28,11.29,-13.05,14.04,-59.75,75.7,17.89,10.19,-10.46,0.1436,0.0349,-0.2729,-0.057,0.6302,-0.8536,0.455,-0.7207,0.3663,0.2366,0.6598,-0.9183,0.4013,-0.6319,0.3434,0.5112,0.6399,-0.8877,0.0,0.013,0.013,0.006,0.006,0.006,0.006,0.013,0.026,0.0,0.006,0.013,0.0,0.033,0.006,0.0,0.006,0.006,0.0813,-0.4817,0.8145,-0.0706,0.1197,-0.0598,0.27,-1.1091,1.1965,0.1764,0.1549,-0.1749,0.2316,-1.0186,1.1643,0.3068,0.1718,-0.2194,0.0868,0.1751,-0.184,0.1089,0.222,-0.2424,0.0207,-0.268,0.3091,-0.0641,0.1684,-0.2481,0.0793,-0.1733,0.3121,0.0363,0.0072,0.0869,-0.0635,-0.0303,0.0263,0.0071,-0.0703,0.1396,0.0129,-0.2559,-0.076,0.6193,-0.8387,0.4581,-0.7171,0.3537,0.2503,0.6516,-0.9094,0.3911,-0.6212,0.3281,0.505,0.6401,-0.8915,0.0,0.0,0.0,0.0,0.0,0.0,0.0,0.0,0.0,
2.12,run,-0.83,2.27,0.34,0.52,-1.32,0.0,0.0,0.0,0.195,4.92,-25.31,44.65,-3.08,8.44,-5.45,15.82,-64.34,71.98,8.44,10.55,-11.78,13.8,-58.97,69.61,17.84,10.02,-11.25,5.22,-22.09,40.61,-1.35,10.2,-8.35,15.97,-64.51,81.12,7.66,11.74,-13.57,14.28,-60.01,77.2,17.98,10.27,-9.78,0.1493,0.0529,-0.2869,-0.0385,0.64,-0.8629,0.4563,-0.7184,0.3752,0.2189,0.668,-0.9243,0.408,-0.6366,0.3555,0.5138,0.6413,-0.8797,0.006,0.006,0.006,0.013,0.006,0.013,0.0,0.006,0.019,0.006,0.0,0.006,0.006,0.033,0.006,0.006,0.006,0.006,0.0721,-0.4663,0.7961,-0.0614,0.135,-0.0798,0.2715,-1.1198,1.2195,0.1718,0.1657,-0.1917,0.2362,-1.0278,1.1888,0.3068,0.1718,-0.2102,0.0262,0.1802,-0.1979,0.1108,0.213,-0.2446,0.0203,-0.2279,0.3028,-0.0621,0.1582,-0.237,0.0728,-0.1559,0.3107,0.0254,0.0051,0.0954,-0.0592,-0.0337,0.0096,-0.0231,-0.0547,0.1436,0.0349,-0.2729,-0.057,0.6302,-0.8536,0.455,-0.7207,0.3663,0.2366,0.6598,-0.9183,0.4013,-0.6319,0.3434,0.5112,0.6399,-0.8877,0.0,0.0,0.0,0.0,0.0,0.0,0.0,0.0,0.0,
2.16,run,-0.74,2.25,1.4,-0.61,-3.43,0.0,0.0,0.0,0.195,5.27,-24.17,43.42,-2.37,9.14,-6.68,15.82,-64.42,73.39,8.0,11.16,-12.66,14.06,-59.41,70.93,17.84,10.02,-10.63,5.35,-20.82,39.11,-0.64,10.84,-9.21,15.86,-64.19,82.62,6.98,12.25,-14.04,14.48,-59.95,78.7,18.09,10.31,-9.03,0.1529,0.0759,-0.306,-0.0182,0.6516,-0.8731,0.453,-0.7126,0.3815,0.1995,0.6773,-0.9299,0.4138,-0.6355,0.3674,0.517,0.642,-0.871,0.006,0.006,0.006,0.013,0.006,0.013,0.0,0.006,0.019,0.006,0.0,0.006,0.006,0.033,0.006,0.006,0.006,0.006,0.0813,-0.451,0.7762,-0.0506,0.1488,-0.0982,0.2715,-1.1244,1.2456,0.1611,0.1764,-0.2086,0.2424,-1.0339,1.2149,0.3129,0.1718,-0.201,0.0528,0.1836,-0.2133,0.1178,0.2008,-0.2402,0.0142,-0.1768,0.3097,-0.0837,0.151,-0.2291,0.0739,-0.1321,0.3152,0.0408,0.0035,0.1013,-0.0576,-0.0308,0.006,0.0091,-0.023,0.1493,0.0529,-0.2869,-0.0385,0.64,-0.8629,0.4563,-0.7184,0.3752,0.2189,0.668,-0.9243,0.408,-0.6366,0.3555,0.5138,0.6413,-0.8797,0.0,0.0,0.0,0.0,0.0,0.0,0.0,0.0,0.0,
2.2,run,-0.77,2.23,-0.89,-0.68,-0.54,0.0,0.0,0.0,0.195,4.75,-23.2,42.28,-1.76,9.84,-7.56,15.82,-64.42,74.79,7.29,11.6,-13.36,14.06,-59.5,72.42,18.02,10.02,-10.11,5.49,-19.59,37.61,0.13,11.32,-10.1,15.73,-63.97,84.12,6.37,12.6,-14.66,14.69,-60.18,80.2,18.24,10.33,-8.37,0.157,0.0983,-0.3259,0.0037,0.6604,-0.8835,0.4494,-0.7086,0.389,0.1821,0.6837,-0.9372,0.4197,-0.6397,0.3769,0.521,0.6424,-0.8632,0.006,0.006,0.006,0.013,0.006,0.013,0.0,0.006,0.019,0.006,0.0,0.006,0.006,0.033,0.006,0.006,0.006,0.006,0.0874,-0.431,0.7547,-0.0383,0.1611,-0.1197,0.2715,-1.1259,1.2701,0.1534,0.1871,-0.224,0.247,-1.0416,1.2379,0.3129,0.1718,-0.1902,0.06,0.2034,-0.2299,0.1285,0.1867,-0.2487,0.0099,-0.1295,0.3089,-0.0874,0.146,-0.218,0.069,-0.1213,0.307,0.0285,0.0025,0.1112,-0.0494,-0.0319,0.0244,-0.0106,-0.0599,0.1529,0.0759,-0.306,-0.0182,0.6516,-0.8731,0.453,-0.7126,0.3815,0.1995,0.6773,-0.9299,0.4138,-0.6355,0.3674,0.517,0.642,-0.871,0.0,0.0,0.0,0.0,0.0,0.0,0.0,0.0,0.0,
2.24,run,-0.73,2.24,0.33,0.05,-1.71,0.0,0.0,0.0,0.195,5.62,-22.15,41.04,-1.14,10.46,-8.61,15.82,-63.9,76.2,6.77,12.13,-14.06,14.59,-59.68,73.83,18.11,10.2,-9.4,5.65,-18.42,36.11,0.81,11.77,-10.65,15.7,-63.43,85.62,5.64,13.01,-14.91,14.86,-59.96,81.7,18.25,10.34,-7.44,0.1615,0.1196,-0.3435,0.0232,0.6685,-0.89,0.4486,-0.6988,0.3943,0.161,0.6911,-0.9401,0.4245,-0.6357,0.3848,0.5216,0.6426,-0.8522,0.006,0.006,0.013,0.013,0.006,0.013,0.0,0.006,0.026,0.0,0.006,0.006,0.006,0.006,0.006,0.013,0.006,0.006,0.0782,-0.4142,0.7348,-0.0276,0.1733,-0.135,0.2715,-1.1259,1.2947,0.1411,0.1948,-0.2362,0.247,-1.0431,1.264,0.316,0.1718,-0.181,0.0073,0.206,-0.2362,0.1305,0.177,-0.232,0.007,-0.0907,0.3088,-0.1075,0.1311,-0.1989,0.0483,-0.0907,0.3133,0.0315,0.0017,0.1126,-0.052,-0.0339,-0.0156,-0.0119,-0.0094,0.157,0.0983,-0.3259,0.0037,0.6604,-0.8835,0.4494,-0.7086,0.389,0.1821,0.6837,-0.9372,0.4197,-0.6397,0.3769,0.521,0.6424,-0.8632,0.0,0.0,0.0,0.0,0.0,0.0,0.0,0.0,0.0,
2.28,run,-0.76,2.24,-0.73,-0.44,-0.73,0.0,0.0,0.0,0.195,5.54,-20.48,39.11,-0.18,11.25,-9.84,15.82,-63.72,78.22,5.89,12.74,-14.77,14.59,-59.68,75.85,18.11,10.2,-8.44,5.76,-16.97,34.61,1.62,12.21,-11.29,15.44,-62.91,87.12,4.99,13.34,-15.32,14.99,-59.92,83.2,18.37,10.31,-6.62,0.1646,0.1461,-0.3658,0.0464,0.6766,-0.8975,0.4412,-0.6892,0.3979,0.1425,0.6971,-0.9449,0.4283,-0.6349,0.3926,0.5249,0.642,-0.8426,0.006,0.006,0.013,0.013,0.006,0.013,0.0,0.006,0.026,0.0,0.006,0.006,0.006,0.006,0.006,0.013,0.006,0.006,0.0936,-0.3958,0.7133,-0.0169,0.1841,-0.1534,0.2715,-1.1167,1.3192,0.1319,0.204,-0.2485,0.2562,-1.0462,1.2885,0.3175,0.1749,-0.1687,0.0622,0.2128,-0.2453,0.1313,0.1639,-0.231,0.0049,-0.0292,0.3076,-0.1095,0.1261,-0.1849,0.0681,-0.0749,0.3107,0.0278,0.0126,0.1245,-0.0483,-0.0327,0.0057,0.0009,-0.0298,0.1615,0.1196,-0.3435,0.0232,0.6685,-0.89,0.4486,-0.6988,0.3943,0.161,0.6911,-0.9401,0.4245,-0.6357,0.3848,0.5216,0.6426,-0.8522,0.0,0.0,0.0,0.0,0.0,0.0,0.0,0.0,0.0,
2.32,run,-0.73,2.27,0.05,0.12,0.61,0.0,0.0,0.0,0.195,5.45,-19.6,37.97,0.35,11.69,-10.46,15.82,-63.46,79.63,5.62,12.92,-14.94,14.77,-59.68,77.34,18.19,10.2,-7.91,5.9,-15.47,33.11,2.62,12.77,-12.1,15.27,-62.04,88.62,4.1,13.75,-15.72,15.16,-59.66,84.7,18.39,10.2,-5.29,0.1686,0.1777,-0.3933,0.0749,0.6867,-0.9071,0.4363,-0.6734,0.4041,0.1173,0.7046,-0.9497,0.4333,-0.6302,0.402,0.5253,0.64,-0.8269,0.006,0.006,0.013,0.013,0.006,0.013,0.0,0.006,0.026,0.0,0.006,0.006,0.006,0.006,0.006,0.013,0.006,0.006,0.092,-0.3666,0.6796,0.0,0.1979,-0.1749,0.2715,-1.1137,1.3545,0.1166,0.2148,-0.2608,0.2562,-1.0462,1.3238,0.3175,0.1749,-0.1519,0.0395,0.226,-0.261,0.1366,0.1512,-0.2185,0.0034,-0.0123,0.3086,-0.1172,0.1167,-0.1619,0.0477,-0.0524,0.3108,0.0195,0.0088,0.1318,-0.0508,-0.0326,-0.0128,-0.0077,-0.0127,0.1646,0.1461,-0.3658,0.0464,0.6766,-0.8975,0.4412,-0.6892,0.3979,0.1425,0.6971,-0.9449,0.4283,-0.6349,0.3926,0.5249,0.642,-0.8426,0.0,0.0,0.0,0.0,0.0,0.0,0.0,0.0,0.0,
2.36,run,-0.67,2.29,0.07,0.07,-1.52,0.0,0.0,0.0,0.195,6.06,-18.54,36.74,0.88,12.04,-11.25,15.73,-63.11,81.04,4.92,13.36,-15.29,15.12,-59.68,78.75,18.28,10.2,-7.21,6.02,-13.97,31.61,3.33,13.09,-12.67,15.13,-61.28,90.12,3.45,14.04,-15.98,15.27,-59.39,86.2,18.39,10.16,-4.52,0.1719,0.2005,-0.4146,0.0953,0.6925,-0.9138,0.4323,-0.6597,0.4045,0.0987,0.7098,-0.9527,0.4364,-0.6253,0.4063,0.5254,0.6393,-0.8179,0.0,0.006,0.013,0.019,0.0,0.013,0.006,0.006,0.026,0.0,0.0,0.006,0.0,0.0,0.013,0.0,0.0,0.013,0.0905,-0.3513,0.6596,0.0092,0.2056,-0.1856,0.2715,-1.1091,1.379,0.112,0.2178,-0.2638,0.2592,-1.0462,1.3499,0.3191,0.1749,-0.1427,0.022,0.2151,-0.2566,0.1297,0.1343,-0.1927,0.0024,0.0084,0.307,-0.0991,0.093,-0.1247,0.0447,-0.0367,0.3142,0.0193,0.0062,0.1264,-0.0489,-0.0307,0.0009,0.0021,0.0107,0.1686,0.1777,-0.3933,0.0749,0.6867,-0.9071,0.4363,-0.6734,0.4041,0.1173,0.7046,-0.9497,0.4333,-0.6302,0.402,0.5253,0.64,-0.8269,0.0,0.0,0.0,0.0,0.0,0.0,0.0,0.0,0.0,
2.4,run,-0.67,2.26,-0.01,-0.42,-1.8,0.0,0.0,0.0,0.195,5.71,-17.05,35.16,1.85,12.66,-12.04,15.47,-61.88,82.71,3.96,13.8,-15.91,15.12,-59.41,80.42,18.28,10.2,-6.15,6.11,-12.65,30.11,4.04,13.36,-13.19,14.89,-60.66,91.62,2.93,14.25,-16.37,15.38,-59.25,87.7,18.46,10.07,-3.63,0.1746,0.2245,-0.4353,0.1153,0.6975,-0.9199,0.4255,-0.6484,0.4078,0.0837,0.7137,-0.9572,0.4393,-0.6227,0.4111,0.5275,0.6376,-0.8074,0.0,0.006,0.013,0.019,0.0,0.013,0.006,0.006,0.026,0.0,0.0,0.006,0.0,0.0,0.013,0.0,0.0,0.013,0.1012,-0.3329,0.6381,0.0184,0.2117,-0.1994,0.27,-1.1029,1.4036,0.0997,0.2255,-0.27,0.2654,-1.0462,1.3744,0.3206,0.1749,-0.1304,0.0557,0.2198,-0.2603,0.1254,0.1171,-0.1868,-0.0041,0.029,0.3072,-0.1155,0.094,-0.1104,0.0544,-0.0257,0.3122,0.0193,0.0043,0.1346,-0.0433,-0.0291,0.0012,0.0013,-0.0266,0.1719,0.2005,-0.4146,0.0953,0.6925,-0.9138,0.4323,-0.6597,0.4045,0.0987,0.7098,-0.9527,0.4364,-0.6253,0.4063,0.5254,0.6393,-0.8179,0.0,0.0,0.0,0.0,0.0,0.0,0.0,0.0,0.0,
2.44,run,-0.62,2.32,0.6,0.79,0.93,0.0,0.0,0.0,0.195,5.89,-15.91,33.84,2.55,12.92,-12.66,15.21,-61.79,84.11,3.43,13.97,-15.91,15.12,-59.33,81.83,18.37,10.2,-5.36,6.28,-11.15,28.61,4.91,13.83,-13.54,14.56,-59.77,93.12,2.19,14.53,-16.54,15.44,-59.13,89.2,18.43,9.99,-2.4,0.1794,0.2557,-0.4613,0.1404,0.706,-0.924,0.4161,-0.6322,0.4105,0.0624,0.7187,-0.9593,0.4412,-0.6206,0.4142,0.5264,0.6361,-0.793,0.0,0.006,0.013,0.019,0.0,0.013,0.006,0.006,0.026,0.0,0.0,0.006,0.0,0.0,0.013,0.0,0.0,0.013,0.0951,-0.3068,0.6105,0.0353,0.2224,-0.2132,0.2654,-1.0815,1.4327,0.0828,0.2332,-0.2807,0.2654,-1.0416,1.4036,0.3206,0.1749,-0.112,0.0192,0.2381,-0.2715,0.1423,0.1166,-0.1754,-0.0177,0.0897,0.3092,-0.1354,0.0905,-0.1119,0.0381,-0.0031,0.3127,0.0135,0.003,0.1537,-0.0435,-0.031,-0.0001,-0.0074,-0.0314,0.1746,0.2245,-0.4353,0.1153,0.6975,-0.9199,0.4255,-0.6484,0.4078,0.0837,0.7137,-0.9572,0.4393,-0.6227,0.4111,0.5275,0.6376,-0.8074,0.0,0.0,0.0,0.0,0.0,0.0,0.0,0.0,0.0,
2.48,run,-0.64,2.32,-0.63,-0.77,-0.52,0.0,0.0,0.0,0.195,6.42,-14.59,32.61,3.25,13.36,-13.18,14.94,-60.64,85.52,2.81,14.33,-16.44,15.38,-59.24,83.23,18.37,10.2,-4.48,6.33,-9.72,27.11,5.6,14.16,-13.88,14.35,-58.73,94.62,1.65,14.75,-16.74,15.46,-58.54,90.7,18.38,9.83,-1.39,0.1809,0.2778,-0.484,0.1601,0.7119,-0.928,0.4101,-0.6132,0.4099,0.0471,0.7228,-0.9616,0.4418,-0.6097,0.4174,0.5251,0.6333,-0.781,0.0,0.006,0.019,0.019,0.0,0.006,0.006,0.0,0.026,0.006,0.006,0.006,0.006,0.0,0.013,0.0,0.006,0.006,0.0982,-0.2869,0.5875,0.0476,0.227,-0.224,0.2608,-1.0799,1.4573,0.0736,0.2362,-0.2807,0.2654,-1.04,1.4281,0.3221,0.1749,-0.0982,0.0248,0.2403,-0.275,0.1449,0.0986,-0.1624,-0.0294,0.0684,0.3071,-0.1288,0.0747,-0.0784,0.0266,0.0035,0.3096,0.0151,0.0021,0.1586,-0.0389,-0.0259,0.0105,0.0138,0.0163,0.1794,0.2557,-0.4613,0.1404,0.706,-0.924,0.4161,-0.6322,0.4105,0.0624,0.7187,-0.9593,0.4412,-0.6206,0.4142,0.5264,0.6361,-0.793,0.0,0.0,0.0,0.0,0.0,0.0,0.0,0.0,0.0,
2.52,run,-0.62,2.35,0.55,0.47,-0.29,0.0,0.0,0.0,0.195,6.24,-13.27,31.2,4.13,13.71,-13.62,14.59,-59.85,86.92,2.2,14.5,-16.52,15.38,-58.89,84.73,18.37,10.2,-3.52,6.48,-8.22,25.61,6.33,14.4,-14.09,14.01,-57.82,96.12,1.17,14.89,-16.93,15.48,-58.34,92.2,18.37,9.57,-0.19,0.185,0.3055,-0.5065,0.1807,0.7164,-0.9305,0.4003,-0.5968,0.4126,0.0333,0.7253,-0.9638,0.4423,-0.6062,0.4208,0.5249,0.6286,-0.767,0.0,0.006,0.019,0.019,0.0,0.006,0.006,0.0,0.026,0.006,0.006,0.006,0.006,0.0,0.013,0.0,0.006,0.006,0.1074,-0.2638,0.566,0.0598,0.2347,-0.2332,0.2562,-1.06,1.4818,0.0629,0.2424,-0.2899,0.27,-1.0385,1.4527,0.3221,0.1749,-0.0828,0.0517,0.2542,-0.2727,0.1473,0.0977,-0.1481,-0.0378,0.1224,0.3066,-0.1302,0.0752,-0.0892,0.0358,0.0082,0.3084,0.0106,0.0015,0.1683,-0.0409,-0.0261,-0.011,-0.0135,-0.0091,0.1809,0.2778,-0.484,0.1601,0.7119,-0.928,0.4101,-0.6132,0.4099,0.0471,0.7228,-0.9616,0.4418,-0.6097,0.4174,0.5251,0.6333,-0.781,0.0,0.0,0.0,0.0,0.0,0.0,0.0,0.0,0.0,
2.56,run,-0.61,2.37,0.15,0.05,-0.38,0.0,0.0,0.0,0.195,6.33,-11.95,29.71,4.83,14.06,-13.89,14.33,-59.06,88.33,1.58,14.77,-16.61,15.38,-58.45,86.13,18.37,10.02,-2.55,6.56,-6.9,24.11,6.97,14.7,-14.24,13.68,-56.88,97.62,0.68,14.99,-16.95,15.49,-58.09,93.7,18.27,9.39,0.63,0.1874,0.3291,-0.5282,0.1992,0.7218,-0.9323,0.3908,-0.5796,0.4116,0.0193,0.7271,-0.9641,0.4426,-0.6016,0.4208,0.522,0.6253,-0.7573,0.0,0.006,0.019,0.019,0.0,0.006,0.006,0.0,0.026,0.006,0.006,0.006,0.006,0.0,0.013,0.0,0.006,0.006,0.1043,-0.2408,0.5415,0.0752,0.2408,-0.2408,0.25,-1.0462,1.5064,0.0522,0.2454,-0.2915,0.27,-1.0324,1.4788,0.3221,0.1749,-0.066,0.0246,0.2652,-0.284,0.1613,0.0917,-0.1327,-0.0497,0.138,0.3077,-0.1319,0.0643,-0.0683,0.0251,0.029,0.3147,0.0074,0.001,0.1818,-0.0393,-0.0235,0.0096,0.0082,-0.005,0.185,0.3055,-0.5065,0.1807,0.7164,-0.9305,0.4003,-0.5968,0.4126,0.0333,0.7253,-0.9638,0.4423,-0.6062,0.4208,0.5249,0.6286,-0.767,0.0,0.0,0.0,0.0,0.0,0.0,0.0,0.0,0.0,
2.6,run,-0.59,2.37,-0.06,-0.11,0.06,0.0,0.0,0.0,0.195,6.68,-10.63,28.39,5.62,14.41,-14.24,14.06,-58.18,89.74,0.97,14.85,-16.88,15.38,-58.36,87.54,18.37,9.76,-1.49,6.62,-5.71,22.61,7.59,14.85,-14.35,13.38,-55.92,99.12,0.28,15.03,-17.0,15.51,-57.76,95.2,18.18,9.08,1.54,0.1891,0.3507,-0.5494,0.2168,0.7245,-0.9335,0.3824,-0.5622,0.411,0.0079,0.7279,-0.9647,0.4432,-0.5957,0.4222,0.5194,0.6196,-0.7466,0.0,0.006,0.013,0.013,0.0,0.006,0.006,0.006,0.026,0.006,0.0,0.0,0.0,0.006,0.013,0.006,0.013,0.006,0.1058,-0.2178,0.5154,0.0874,0.247,-0.2454,0.2454,-1.0324,1.5309,0.0414,0.25,-0.293,0.27,-1.0247,1.5033,0.3221,0.1718,-0.0491,0.0229,0.2716,-0.2962,0.1587,0.0871,-0.1101,-0.052,0.1482,0.3071,-0.1324,0.0622,-0.0535,0.0176,0.049,0.312,0.0052,-0.0107,0.1903,-0.0378,-0.0216,0.0027,0.0009,-0.0066,0.1874,0.3291,-0.5282,0.1992,0.7218,-0.9323,0.3908,-0.5796,0.4116,0.0193,0.7271,-0.9641,0.4426,-0.6016,0.4208,0.522,0.6253,-0.7573,0.0,0.0,0.0,0.0,0.0,0.0,0.0,0.0,0.0,
2.64,run,-0.6,2.38,-0.34,-0.28,-0.34,0.0,0.0,0.0,0.195,6.42,-8.96,26.72,6.42,14.68,-14.24,13.62,-57.04,91.41,0.44,14.85,-16.79,15.38,-57.92,89.21,18.28,9.49,-0.35,6.68,-4.48,21.11,8.18,15.01,-14.44,13.06,-54.89,99.84,-0.05,15.06,-16.97,15.48,-57.41,96.7,18.07,8.74,2.52,0.191,0.373,-0.5698,0.2336,0.7274,-0.9346,0.3733,-0.5435,0.4099,-0.0014,0.7283,-0.9644,0.4424,-0.5893,0.4225,0.5163,0.6134,-0.735,0.0,0.006,0.013,0.013,0.0,0.006,0.006,0.006,0.026,0.006,0.0,0.0,0.0,0.006,0.013,0.006,0.013,0.006,0.112,-0.1948,0.4924,0.1012,0.2531,-0.2516,0.2408,-1.017,1.5555,0.0307,0.2516,-0.2976,0.27,-1.0232,1.5278,0.3221,0.1672,-0.0307,0.0389,0.2757,-0.2929,0.1624,0.0838,-0.0999,-0.0535,0.1608,0.3062,-0.1326,0.0492,-0.0546,0.0123,0.04,0.3097,0.0036,-0.0246,0.2016,-0.0365,-0.0217,-0.0011,-0.0019,0.001,0.1891,0.3507,-0.5494,0.2168,0.7245,-0.9335,0.3824,-0.5622,0.411,0.0079,0.7279,-0.9647,0.4432,-0.5957,0.4222,0.5194,0.6196,-0.7466,0.0,0.0,0.0,0.0,0.0,0.0,0.0,0.0,0.0,
2.68,run,-0.59,2.39,-0.12,-0.16,-0.05,0.0,0.0,0.0,0.195,6.42,-7.82,25.31,7.03,14.77,-14.33,13.45,-56.34,92.81,0.18,14.85,-16.96,15.38,-57.74,90.62,18.19,9.49,0.53,6.73,-3.31,19.61,8.76,15.01,-14.43,12.73,-53.87,99.62,-0.39,14.93,-16.79,15.48,-57.21,98.2,17.89,8.31,3.27,0.1923,0.3943,-0.5898,0.2503,0.7275,-0.9344,0.3636,-0.5249,0.4073,-0.0111,0.7259,-0.9623,0.4423,-0.5857,0.421,0.5111,0.6056,-0.7262,0.0,0.006,0.013,0.013,0.0,0.006,0.006,0.006,0.026,0.006,0.0,0.0,0.0,0.006,0.013,0.006,0.013,0.006,0.1074,-0.1657,0.4633,0.115,0.2577,-0.2516,0.2332,-0.9971,1.5846,0.0215,0.2516,-0.2961,0.27,-1.0155,1.557,0.3206,0.1626,-0.0107,0.0125,0.2864,-0.2984,0.1579,0.0734,-0.0699,-0.062,0.1764,0.3077,-0.1223,0.0345,-0.0333,0.0086,0.0526,0.3102,-0.0024,-0.032,0.2051,-0.0371,-0.0209,-0.006,-0.0049,-0.006,0.191,0.373,-0.5698,0.2336,0.7274,-0.9346,0.3733,-0.5435,0.4099,-0.0014,0.7283,-0.9644,0.4424,-0.5893,0.4225,0.5163,0.6134,-0.735,0.0,0.0,0.0,0.0,0.0,0.0,0.0,0.0,0.0,
2.72,run,-0.58,2.39,0.12,0.03,-0.31,0.0,0.0,0.0,0.195,6.77,-6.5,23.91,7.56,14.94,-14.24,13.1,-55.37,94.22,-0.26,14.85,-16.96,15.38,-57.3,92.11,17.75,9.14,1.41,6.72,-2.44,18.11,9.2,14.97,-14.33,12.48,-53.0,99.39,-0.6,14.77,-16.52,15.45,-56.99,99.7,17.71,7.88,3.81,0.192,0.4102,-0.6048,0.2629,0.7268,-0.9333,0.3564,-0.5092,0.4046,-0.0171,0.7232,-0.9591,0.4414,-0.5816,0.4198,0.5061,0.5978,-0.7198,0.006,0.006,0.013,0.013,0.0,0.0,0.0,0.006,0.026,0.006,0.0,0.0,0.0,0.0,0.006,0.0,0.019,0.006,0.1074,-0.1457,0.4387,0.1258,0.2592,-0.2531,0.2301,-0.9848,1.6091,0.0169,0.2516,-0.2991,0.27,-1.0124,1.5815,0.3191,0.1626,0.0046,0.0087,0.2747,-0.3002,0.1505,0.0571,-0.0547,-0.0548,0.1692,0.3068,-0.1028,0.0241,-0.0347,0.006,0.0482,0.3084,-0.0074,-0.0224,0.2006,-0.0362,-0.0202,-0.0021,-0.0027,-0.0009,0.1923,0.3943,-0.5898,0.2503,0.7275,-0.9344,0.3636,-0.5249,0.4073,-0.0111,0.7259,-0.9623,0.4423,-0.5857,0.421,0.5111,0.6056,-0.7262,0.0,0.0,0.0,0.0,0.0,0.0,0.0,0.0,0.0,
2.76,run,-0.56,2.39,-0.24,-0.18,-0.04,0.0,0.0,0.0,0.195,6.77,-5.01,22.24,8.35,14.94,-14.33,12.74,-54.14,95.8,-0.53,14.85,-16.61,15.38,-57.13,93.78,17.75,8.7,2.55,6.69,-1.62,16.61,9.6,14.85,-14.29,12.18,-52.13,99.12,-0.71,14.49,-16.29,15.43,-56.79,100.65,17.55,7.34,4.33,0.1912,0.4251,-0.6204,0.2744,0.7246,-0.9329,0.348,-0.4932,0.4014,-0.0202,0.718,-0.9564,0.4409,-0.5779,0.4194,0.5014,0.5881,-0.7138,0.006,0.006,0.013,0.013,0.0,0.0,0.0,0.006,0.026,0.006,0.0,0.0,0.0,0.0,0.006,0.0,0.019,0.006,0.1135,-0.1227,0.4142,0.135,0.2623,-0.2516,0.224,-0.9679,1.6337,0.0092,0.2516,-0.2991,0.27,-1.0048,1.6076,0.3114,0.1565,0.0199,0.0291,0.2785,-0.3021,0.1399,0.0515,-0.0325,-0.0614,0.1816,0.3067,-0.1007,0.0169,-0.0243,0.0042,0.0625,0.3136,-0.0339,-0.0387,0.1979,-0.0356,-0.0198,0.002,0.0006,-0.0054,0.192,0.4102,-0.6048,0.2629,0.7268,-0.9333,0.3564,-0.5092,0.4046,-0.0171,0.7232,-0.9591,0.4414,-0.5816,0.4198,0.5061,0.5978,-0.7198,0.0,0.0,0.0,0.0,0.0,0.0,0.0,0.0,0.0,
2.8,run,-0.53,2.39,0.37,0.12,-1.05,0.0,0.0,0.0,0.195,6.77,-3.96,20.83,8.79,14.94,-14.24,12.57,-53.44,97.03,-0.62,14.85,-16.52,15.38,-57.04,95.27,17.75,8.44,3.16,6.66,-0.78,15.11,10.05,14.68,-14.13,11.84,-51.2,98.75,-0.89,14.18,-15.9,15.39,-56.59,100.27,17.28,6.74,4.81,0.1903,0.4404,-0.6365,0.2872,0.7215,-0.9309,0.3384,-0.4763,0.397,-0.0254,0.7123,-0.9518,0.4397,-0.5744,0.4149,0.4936,0.5771,-0.7081,0.006,0.006,0.013,0.013,0.0,0.0,0.0,0.006,0.026,0.006,0.0,0.0,0.0,0.0,0.006,0.0,0.019,0.006,0.1135,-0.0966,0.385,0.1488,0.2623,-0.2531,0.2178,-0.9465,1.6613,0.0046,0.2516,-0.293,0.27,-1.0017,1.6368,0.3114,0.1488,0.0399,0.0204,0.2784,-0.3048,0.1421,0.036,-0.0277,-0.0626,0.1959,0.3031,-0.0852,0.0118,0.0026,0.003,0.0536,0.3128,-0.0237,-0.0516,0.2024,-0.0341,-0.0202,-0.0043,-0.0031,-0.0008,0.1912,0.4251,-0.6204,0.2744,0.7246,-0.9329,0.348,-0.4932,0.4014,-0.0202,0.718,-0.9564,0.4409,-0.5779,0.4194,0.5014,0.5881,-0.7138,0.0,0.0,0.0,0.0,0.0,0.0,0.0,0.0,0.0,
2.84,run,-0.53,2.38,-0.38,-0.11,0.51,0.0,0.0,0.0,0.195,6.77,-2.9,19.51,9.23,14.94,-14.24,12.22,-52.56,97.91,-0.88,14.77,-16.35,15.38,-56.78,96.59,17.31,8.09,3.87,6.57,-0.2,13.61,10.36,14.44,-14.15,11.62,-50.58,98.26,-0.98,13.85,-15.59,15.38,-56.56,99.95,17.06,6.17,4.91,0.1877,0.4509,-0.6479,0.2959,0.7171,-0.9311,0.3319,-0.4651,0.3913,-0.028,0.7064,-0.9481,0.4395,-0.5739,0.4112,0.4874,0.5668,-0.7069,0.006,0.006,0.013,0.013,0.013,0.0,0.006,0.006,0.013,0.0,0.019,0.006,0.0,0.006,0.006,0.013,0.026,0.0,0.1135,-0.0782,0.3605,0.1565,0.2623,-0.2516,0.2148,-0.9342,1.6828,0.0031,0.2516,-0.2915,0.27,-1.0002,1.6628,0.3114,0.1442,0.0506,0.0143,0.2629,-0.3041,0.1278,0.0252,-0.0137,-0.0552,0.1825,0.2915,-0.0653,0.0083,0.0075,0.0021,0.0432,0.3154,-0.0166,-0.0531,0.1813,-0.0311,-0.0199,0.0064,0.0021,-0.0183,0.1903,0.4404,-0.6365,0.2872,0.7215,-0.9309,0.3384,-0.4763,0.397,-0.0254,0.7123,-0.9518,0.4397,-0.5744,0.4149,0.4936,0.5771,-0.7081,0.0,0.0,0.0,0.0,0.0,0.0,0.0,0.0,0.0,
2.88,run,-0.53,2.38,-0.23,-0.18,0.14,0.0,0.0,0.0,0.195,6.59,-1.85,18.02,9.67,14.94,-14.24,11.87,-51.59,98.44,-0.88,14.5,-15.64,15.38,-56.69,97.91,17.05,7.47,4.39,6.5,0.31,12.11,10.64,14.2,-13.91,11.42,-49.79,97.96,-1.02,13.48,-15.12,15.36,-56.35,99.77,16.82,5.58,5.29,0.1858,0.4603,-0.6585,0.304,0.7127,-0.9284,0.3263,-0.4507,0.3878,-0.0292,0.6997,-0.9426,0.4388,-0.5701,0.4091,0.4806,0.5559,-0.7025,0.006,0.006,0.013,0.013,0.013,0.0,0.006,0.006,0.013,0.0,0.019,0.006,0.0,0.006,0.006,0.013,0.026,0.0,0.1135,-0.0598,0.3375,0.1641,0.2623,-0.2516,0.2086,-0.9189,1.6981,-0.0015,0.25,-0.2884,0.27,-0.9956,1.6858,0.3037,0.1381,0.0629,0.01,0.2531,-0.2991,0.1182,0.0176,-0.0096,-0.0616,0.1853,0.2616,-0.063,0.0,0.0168,0.0014,0.0475,0.3071,-0.0404,-0.0602,0.173,-0.0313,-0.0206,-0.0067,-0.0019,0.0088,0.1877,0.4509,-0.6479,0.2959,0.7171,-0.9311,0.3319,-0.4651,0.3913,-0.028,0.7064,-0.9481,0.4395,-0.5739,0.4112,0.4874,0.5668,-0.7069,0.0,0.0,0.0,0.0,0.0,0.0,0.0,0.0,0.0,
2.92,run,-0.53,2.39,-0.29,-0.39,-0.74,0.0,0.0,0.0,0.195,6.59,-0.97,16.61,10.02,14.94,-14.06,11.69,-50.8,98.7,-0.97,14.24,-15.38,15.38,-56.69,98.88,17.05,6.86,4.83,6.41,0.68,10.61,10.84,13.87,-13.89,11.21,-49.19,97.41,-1.03,13.05,-14.74,15.36,-56.33,99.35,16.58,4.93,5.29,0.1833,0.467,-0.6677,0.3097,0.7067,-0.9281,0.3203,-0.4398,0.3813,-0.0296,0.6918,-0.9382,0.4387,-0.5696,0.4041,0.4736,0.5442,-0.7024,0.006,0.006,0.013,0.013,0.013,0.0,0.006,0.006,0.013,0.0,0.019,0.006,0.0,0.006,0.006,0.013,0.026,0.0,0.1104,-0.0414,0.3114,0.1718,0.2623,-0.2516,0.2025,-0.902,1.7073,-0.0015,0.2454,-0.2761,0.27,-0.994,1.7089,0.2991,0.1273,0.0721,-0.0046,0.2466,-0.3077,0.1117,0.0124,-0.0067,-0.0663,0.1933,0.2178,-0.0441,-0.0173,0.058,0.001,0.039,0.3017,-0.0456,-0.0826,0.1558,-0.0314,-0.0204,-0.004,-0.0031,0.0024,0.1858,0.4603,-0.6585,0.304,0.7127,-0.9284,0.3263,-0.4507,0.3878,-0.0292,0.6997,-0.9426,0.4388,-0.5701,0.4091,0.4806,0.5559,-0.7025,0.0,0.0,0.0,0.0,0.0,0.0,0.0,0.0,0.0,
2.96,run,-0.51,2.4,0.07,0.2,0.83,0.0,0.0,0.0,0.195,6.33,-0.18,15.29,10.28,14.59,-13.97,11.43,-50.01,98.7,-1.05,13.8,-15.12,15.38,-56.43,99.67,16.52,6.24,5.01,6.29,1.02,9.11,11.0,13.53,-13.96,11.03,-48.7,96.78,-1.05,12.71,-14.39,15.38,-56.29,98.87,16.38,4.35,5.4,0.1797,0.473,-0.6747,0.3143,0.7005,-0.929,0.3151,-0.4308,0.3738,-0.0299,0.6857,-0.934,0.4395,-0.5688,0.3985,0.468,0.5336,-0.7012,0.006,0.006,0.019,0.006,0.013,0.0,0.006,0.006,0.006,0.0,0.013,0.0,0.0,0.013,0.0,0.006,0.026,0.0,0.1104,-0.0261,0.2869,0.1779,0.2623,-0.2485,0.1994,-0.8882,1.7119,-0.0031,0.2408,-0.2715,0.27,-0.994,1.7257,0.2991,0.1166,0.0798,-0.0032,0.23,-0.3073,0.1012,0.0086,0.0068,-0.0579,0.187,0.1697,-0.0366,-0.0294,0.0578,0.0007,0.0273,0.2744,-0.0319,-0.098,0.1378,-0.0315,-0.02,-0.0051,-0.0067,-0.0129,0.1833,0.467,-0.6677,0.3097,0.7067,-0.9281,0.3203,-0.4398,0.3813,-0.0296,0.6918,-0.9382,0.4387,-0.5696,0.4041,0.4736,0.5442,-0.7024,0.0,0.0,0.0,0.0,0.0,0.0,0.0,0.0,0.0,
3.0,run,-0.52,2.4,-0.59,-0.27,0.25,0.0,0.0,0.0,0.195,6.06,0.35,13.8,10.55,14.24,-13.97,11.25,-49.39,98.35,-1.05,13.45,-14.59,15.38,-56.34,99.84,16.35,5.62,5.19,6.21,1.2,7.61,11.08,13.23,-13.92,10.93,-48.08,96.29,-0.98,12.36,-13.96,15.37,-56.16,98.56,16.18,3.83,5.51,0.1774,0.4763,-0.6804,0.3167,0.6951,-0.9285,0.3121,-0.4196,0.3681,-0.0281,0.6792,-0.9289,0.4393,-0.5665,0.3948,0.4623,0.5241,-0.6999,0.006,0.006,0.019,0.006,0.013,0.0,0.006,0.006,0.006,0.0,0.013,0.0,0.0,0.013,0.0,0.006,0.026,0.0,0.1058,-0.0123,0.2638,0.1825,0.2562,-0.247,0.1948,-0.8744,1.7119,-0.0046,0.2332,-0.2669,0.27,-0.9894,1.7395,0.2899,0.1058,0.0828,-0.0194,0.2126,-0.3011,0.088,-0.0169,0.0105,-0.0577,0.1825,0.1188,-0.0314,-0.0492,0.0577,0.0005,0.0363,0.2436,-0.0567,-0.1087,0.1079,-0.0291,-0.0189,0.0012,0.0035,0.0146,0.1797,0.473,-0.6747,0.3143,0.7005,-0.929,0.3151,-0.4308,0.3738,-0.0299,0.6857,-0.934,0.4395,-0.5688,0.3985,0.468,0.5336,-0.7012,0.0,0.0,0.0,0.0,0.0,0.0,0.0,0.0,0.0,
3.04,run,-0.48,2.44,0.66,0.57,-0.22,0.0,0.0,0.0,0.195,6.42,0.88,12.39,10.63,13.97,-13.97,11.07,-48.78,97.73,-1.05,13.1,-14.33,15.38,-56.34,100.02,16.35,5.01,5.19,6.1,1.33,6.89,11.15,12.94,-13.98,10.84,-47.71,95.82,-0.99,12.13,-13.7,15.42,-56.08,98.09,16.04,3.4,5.65,0.1743,0.4787,-0.6837,0.3186,0.6899,-0.9291,0.3099,-0.413,0.3626,-0.0283,0.675,-0.9259,0.4404,-0.565,0.3893,0.4583,0.5163,-0.6983,0.006,0.006,0.019,0.006,0.013,0.0,0.006,0.006,0.006,0.0,0.013,0.0,0.0,0.013,0.0,0.006,0.026,0.0,0.1012,-0.0031,0.2378,0.1871,0.25,-0.247,0.1917,-0.8636,1.7058,-0.0046,0.227,-0.2577,0.27,-0.9879,1.7426,0.2869,0.0951,0.0859,-0.031,0.1835,-0.3091,0.079,-0.0349,0.0073,-0.052,0.1682,0.06,-0.0219,-0.0576,0.0751,0.0003,0.0312,0.1821,-0.0513,-0.1166,0.0871,-0.0302,-0.0193,-0.0102,-0.0047,0.0044,0.1774,0.4763,-0.6804,0.3167,0.6951,-0.9285,0.3121,-0.4196,0.3681,-0.0281,0.6792,-0.9289,0.4393,-0.5665,0.3948,0.4623,0.5241,-0.6999,0.0,0.0,0.0,0.0,0.0,0.0,0.0,0.0,0.0,
3.08,run,-0.52,2.44,-0.88,-0.63,1.07,0.0,0.0,0.0,0.195,5.89,1.14,10.99,10.63,13.62,-13.97,11.07,-48.16,97.47,-1.05,12.83,-13.97,15.38,-56.16,99.49,16.0,4.48,5.45,5.97,1.33,6.63,11.12,12.57,-13.97,10.72,-47.39,95.12,-0.89,11.81,-13.52,15.44,-55.93,97.69,15.93,2.93,5.52,0.1705,0.4787,-0.6867,0.3178,0.683,-0.9291,0.3064,-0.4071,0.3543,-0.0254,0.6692,-0.9237,0.4413,-0.5623,0.3846,0.4552,0.5078,-0.6998,0.019,0.006,0.013,0.006,0.013,0.0,0.006,0.006,0.013,0.006,0.013,0.006,0.0,0.006,0.006,0.006,0.019,0.0,0.1074,0.0061,0.2132,0.1887,0.2454,-0.247,0.1887,-0.8529,1.695,-0.0046,0.2209,-0.2531,0.27,-0.9879,1.7457,0.2869,0.0844,0.0859,0.0013,0.1629,-0.3082,0.061,-0.0417,0.0051,-0.0479,0.1579,0.0018,-0.0154,-0.0633,0.0698,0.0002,0.0218,0.139,-0.0359,-0.1218,0.061,-0.0271,-0.0158,0.0116,0.0099,-0.0038,0.1743,0.4787,-0.6837,0.3186,0.6899,-0.9291,0.3099,-0.413,0.3626,-0.0283,0.675,-0.9259,0.4404,-0.565,0.3893,0.4583,0.5163,-0.6983,0.0,0.0,0.0,0.0,0.0,0.0,0.0,0.0,0.0,
3.12,run,-0.51,2.49,0.28,0.45,0.69,0.0,0.0,0.0,0.195,5.71,1.14,9.58,10.81,13.27,-13.97,10.9,-47.72,96.5,-1.05,12.48,-13.45,15.38,-56.16,98.61,15.91,3.96,5.45,5.95,1.41,6.45,11.18,12.4,-13.83,10.69,-46.99,94.8,-0.95,11.71,-13.21,15.42,-55.77,97.32,15.76,2.61,5.9,0.1701,0.4802,-0.6889,0.3195,0.68,-0.9274,0.3054,-0.3997,0.3506,-0.027,0.6675,-0.9201,0.4406,-0.5595,0.3802,0.4502,0.502,-0.6952,0.019,0.006,0.013,0.006,0.013,0.0,0.006,0.006,0.013,0.006,0.013,0.006,0.0,0.006,0.006,0.006,0.019,0.0,0.0982,0.0107,0.1887,0.1887,0.2393,-0.247,0.1887,-0.8422,1.6904,-0.0046,0.2163,-0.247,0.27,-0.9848,1.7365,0.2807,0.0752,0.0905,-0.0335,0.1312,-0.3075,0.0427,-0.0521,0.0036,-0.0335,0.1507,-0.0159,-0.0108,-0.0615,0.0718,0.0002,0.0268,0.0628,-0.0481,-0.1197,0.0599,-0.0306,-0.0154,-0.0154,-0.011,0.0187,0.1705,0.4787,-0.6867,0.3178,0.683,-0.9291,0.3064,-0.4071,0.3543,-0.0254,0.6692,-0.9237,0.4413,-0.5623,0.3846,0.4552,0.5078,-0.6998,0.0,0.0,0.0,0.0,0.0,0.0,0.0,0.0,0.0,
3.16,run,-0.51,2.49,0.22,-0.01,-1.18,0.0,0.0,0.0,0.195,6.33,1.14,8.53,10.81,13.01,-13.97,10.81,-47.29,95.8,-1.05,12.3,-13.36,15.38,-55.99,97.91,15.91,3.52,5.45,5.84,1.16,6.61,11.05,12.14,-13.76,10.63,-46.86,94.06,-0.87,11.54,-13.08,15.44,-55.61,96.69,15.71,2.44,5.67,0.1669,0.4757,-0.687,0.3158,0.6752,-0.9266,0.3037,-0.3974,0.3419,-0.0249,0.6644,-0.9186,0.4412,-0.5566,0.3728,0.4488,0.499,-0.698,0.019,0.006,0.013,0.006,0.013,0.0,0.006,0.006,0.013,0.006,0.013,0.006,0.0,0.006,0.006,0.006,0.019,0.0,0.0951,0.0107,0.1641,0.1917,0.2332,-0.247,0.1856,-0.8345,1.6736,-0.0046,0.2102,-0.2378,0.27,-0.9848,1.7211,0.2792,0.066,0.0905,-0.035,0.0919,-0.3078,0.0415,-0.0596,0.0025,-0.035,0.1344,-0.0747,-0.0075,-0.0662,0.0849,0.0001,0.0187,-0.0138,-0.0394,-0.1185,0.0419,-0.0295,-0.0115,0.0048,0.0078,0.012,0.1701,0.4802,-0.6889,0.3195,0.68,-0.9274,0.3054,-0.3997,0.3506,-0.027,0.6675,-0.9201,0.4406,-0.5595,0.3802,0.4502,0.502,-0.6952,0.0,0.0,0.0,0.0,0.0,0.0,0.0,0.0,0.0,
3.2,run,-0.53,2.5,-0.53,-0.12,1.14,0.0,0.0,0.0,0.195,5.45,1.14,7.56,10.81,12.74,-13.89,10.72,-47.02,95.27,-1.05,12.04,-13.18,15.38,-55.81,97.21,15.73,3.16,5.54,5.74,1.11,6.62,10.99,11.87,-13.8,10.59,-46.84,93.63,-0.81,11.43,-13.14,15.5,-55.48,96.41,15.73,2.22,5.67,0.1639,0.4748,-0.6869,0.3141,0.6703,-0.927,0.3027,-0.397,0.3369,-0.023,0.6624,-0.9193,0.4428,-0.5542,0.3695,0.4494,0.4949,-0.698,0.013,0.0,0.006,0.006,0.006,0.006,0.0,0.0,0.019,0.006,0.019,0.0,0.0,0.006,0.006,0.006,0.019,0.0,0.1058,0.0107,0.1457,0.1917,0.2286,-0.247,0.1841,-0.8268,1.6613,-0.0046,0.2071,-0.2362,0.27,-0.9817,1.7089,0.2792,0.0583,0.0905,0.0155,0.0643,-0.2841,0.029,-0.0589,0.0018,-0.0302,0.1227,-0.0981,-0.0053,-0.0578,0.0652,0.0001,0.0246,-0.0554,-0.0276,-0.1115,0.0293,-0.0291,-0.0114,0.0039,-0.0002,-0.0206,0.1669,0.4757,-0.687,0.3158,0.6752,-0.9266,0.3037,-0.3974,0.3419,-0.0249,0.6644,-0.9186,0.4412,-0.5566,0.3728,0.4488,0.499,-0.698,0.0,0.0,0.0,0.0,0.0,0.0,0.0,0.0,0.0,
3.24,run,-0.5,2.53,0.29,0.24,-0.25,0.0,0.0,0.0,0.195,5.8,1.14,6.94,10.81,12.48,-13.89,10.72,-46.93,94.66,-0.79,12.04,-13.18,15.38,-55.55,96.59,15.73,2.81,5.54,5.76,1.0,6.65,10.97,11.85,-13.63,10.62,-46.64,93.3,-0.86,11.46,-12.92,15.47,-55.38,95.97,15.59,2.17,5.81,0.1646,0.4727,-0.6865,0.3135,0.67,-0.925,0.3034,-0.3934,0.333,-0.0245,0.6629,-0.9167,0.442,-0.5524,0.3643,0.4455,0.4939,-0.6963,0.013,0.0,0.006,0.006,0.006,0.006,0.0,0.0,0.019,0.006,0.019,0.0,0.0,0.006,0.006,0.006,0.019,0.0,0.0905,0.0107,0.1289,0.1917,0.224,-0.2454,0.1825,-0.8222,1.6521,-0.0046,0.2025,-0.2332,0.27,-0.9787,1.6966,0.2761,0.0522,0.092,-0.0466,0.045,-0.2621,0.0203,-0.0585,0.007,-0.0269,0.1031,-0.1032,-0.0037,-0.0577,0.0571,0.0001,0.0287,-0.0848,-0.0308,-0.1011,0.0263,-0.0313,-0.0105,-0.0092,-0.0021,0.0199,0.1639,0.4748,-0.6869,0.3141,0.6703,-0.927,0.3027,-0.397,0.3369,-0.023,0.6624,-0.9193,0.4428,-0.5542,0.3695,0.4494,0.4949,-0.698,0.0,0.0,0.0,0.0,0.0,0.0,0.0,0.0,0.0,
3.28,run,-0.5,2.51,-0.07,-0.29,-0.94,0.0,0.0,0.0,0.195,5.8,1.14,6.77,10.81,12.39,-13.89,10.72,-46.85,94.22,-0.79,12.04,-13.18,15.38,-55.63,96.33,15.73,2.81,5.54,5.69,0.83,6.69,10.87,11.7,-13.66,10.59,-46.76,92.92,-0.79,11.38,-13.04,15.51,-55.32,95.67,15.63,2.08,5.57,0.1626,0.4696,-0.686,0.3107,0.6673,-0.9254,0.3026,-0.3956,0.3284,-0.0227,0.6615,-0.9182,0.4431,-0.5513,0.3608,0.4466,0.4924,-0.6991,0.013,0.0,0.006,0.006,0.006,0.006,0.0,0.0,0.019,0.006,0.019,0.0,0.0,0.006,0.006,0.006,0.019,0.0,0.0966,0.0107,0.1181,0.1917,0.2194,-0.2454,0.1825,-0.8207,1.6414,0.0,0.2025,-0.2332,0.27,-0.9741,1.6858,0.2761,0.046,0.092,-0.0131,0.0315,-0.2177,0.0142,-0.0556,0.0049,-0.0188,0.0771,-0.1064,0.0121,-0.0404,0.04,0.0,0.0347,-0.0936,-0.0216,-0.0903,0.0184,-0.0289,-0.0078,0.0051,0.0042,-0.0044,0.1646,0.4727,-0.6865,0.3135,0.67,-0.925,0.3034,-0.3934,0.333,-0.0245,0.6629,-0.9167,0.442,-0.5524,0.3643,0.4455,0.4939,-0.6963,0.0,0.0,0.0,0.0,0.0,0.0,0.0,0.0,0.0,
3.32,run,-0.5,2.52,-0.21,0.16,1.78,0.0,0.0,0.0,0.195,5.36,1.14,6.86,10.81,12.22,-13.71,10.72,-46.93,93.78,-0.79,12.04,-13.1,15.38,-55.37,95.89,15.64,2.81,5.54,5.68,0.87,6.64,10.91,11.6,-13.58,10.58,-46.81,92.72,-0.84,11.35,-13.03,15.52,-55.28,95.41,15.62,2.03,5.63,0.1624,0.4704,-0.6866,0.3117,0.6655,-0.9244,0.3023,-0.3966,0.3261,-0.0239,0.6609,-0.918,0.4433,-0.5506,0.3577,0.4462,0.4915,-0.6984,0.0,0.0,0.0,0.0,0.013,0.0,0.006,0.0,0.013,0.0,0.013,0.0,0.006,0.006,0.0,0.0,0.019,0.0,0.0966,0.0107,0.115,0.1917,0.2178,-0.2454,0.1825,-0.8191,1.6337,0.0,0.2025,-0.2332,0.27,-0.9756,1.6812,0.2761,0.046,0.092,-0.0092,0.0221,-0.1638,0.01,-0.0446,0.0034,-0.0132,0.0597,-0.103,0.0085,-0.0283,0.028,0.0,0.0186,-0.0826,-0.0151,-0.0632,0.0129,-0.0281,-0.0093,-0.0012,-0.005,-0.0163,0.1626,0.4696,-0.686,0.3107,0.6673,-0.9254,0.3026,-0.3956,0.3284,-0.0227,0.6615,-0.9182,0.4431,-0.5513,0.3608,0.4466,0.4924,-0.6991,0.0,0.0,0.0,0.0,0.0,0.0,0.0,0.0,0.0,
3.36,run,-0.48,2.52,-0.1,-0.1,-0.61,0.0,0.0,0.0,0.195,5.98,1.14,6.86,10.81,12.22,-13.62,10.72,-47.02,93.43,-0.79,11.87,-13.01,15.38,-55.55,95.54,15.64,2.64,5.54,5.71,0.75,6.6,10.92,11.63,-13.3,10.6,-46.69,92.56,-0.87,11.39,-12.93,15.5,-55.12,95.24,15.56,2.07,5.65,0.163,0.4681,-0.6871,0.3119,0.6659,-0.9212,0.3029,-0.3944,0.3243,-0.0248,0.6615,-0.9168,0.4429,-0.5476,0.3557,0.4446,0.4922,-0.6982,0.0,0.0,0.0,0.0,0.013,0.0,0.006,0.0,0.013,0.0,0.013,0.0,0.006,0.006,0.0,0.0,0.019,0.0,0.089,0.0107,0.1166,0.1917,0.2148,-0.2424,0.1825,-0.8207,1.626,0.0,0.2025,-0.2316,0.27,-0.971,1.6736,0.2746,0.046,0.092,-0.0352,0.0154,-0.1089,0.007,-0.0427,0.0139,-0.0092,0.036,-0.1008,0.0059,-0.0198,0.0253,0.0,0.0303,-0.0866,-0.0163,-0.0442,0.009,-0.0289,-0.0086,-0.0036,0.0029,0.0311,0.1624,0.4704,-0.6866,0.3117,0.6655,-0.9244,0.3023,-0.3966,0.3261,-0.0239,0.6609,-0.918,0.4433,-0.5506,0.3577,0.4462,0.4915,-0.6984,0.0,0.0,0.0,0.0,0.0,0.0,0.0,0.0,0.0,
3.4,run,-0.49,2.52,-0.51,-0.33,0.24,0.0,0.0,0.0,0.195,5.62,1.14,6.86,10.81,12.22,-13.62,10.72,-46.85,93.08,-0.79,11.87,-13.01,15.38,-55.28,95.36,15.64,2.64,5.54,5.65,0.74,6.64,10.86,11.45,-13.52,10.59,-46.83,92.3,-0.82,11.35,-13.11,15.56,-55.07,95.11,15.7,2.07,5.63,0.1614,0.468,-0.6866,0.3102,0.6627,-0.9238,0.3027,-0.3968,0.3212,-0.0233,0.6609,-0.9189,0.4446,-0.5467,0.3542,0.4486,0.4922,-0.6985,0.0,0.0,0.0,0.0,0.013,0.0,0.006,0.0,0.013,0.0,0.013,0.0,0.006,0.006,0.0,0.0,0.019,0.0,0.0997,0.0107,0.1166,0.1917,0.2148,-0.2408,0.1825,-0.8222,1.6199,0.0,0.1994,-0.2301,0.27,-0.9741,1.6674,0.2746,0.043,0.092,0.0158,0.0108,-0.0762,0.0049,-0.0299,0.0155,-0.0065,0.0194,-0.0937,0.0041,-0.0254,0.0235,0.0,0.0096,-0.0837,-0.0114,-0.0425,0.0063,-0.0268,-0.0085,-0.0017,-0.0017,-0.0106,0.163,0.4681,-0.6871,0.3119,0.6659,-0.9212,0.3029,-0.3944,0.3243,-0.0248,0.6615,-0.9168,0.4429,-0.5476,0.3557,0.4446,0.4922,-0.6982,0.0,0.0,0.0,0.0,0.0,0.0,0.0,0.0,0.0,
3.44,run,-0.49,2.52,-0.21,-0.0,1.02,0.0,0.0,0.0,0.195,5.45,1.14,6.86,10.81,12.04,-13.45,10.72,-46.93,92.9,-0.79,11.87,-13.01,15.38,-55.28,95.1,15.64,2.64,5.54,5.69,0.71,6.6,10.87,11.5,-13.35,10.59,-46.82,92.32,-0.85,11.37,-13.05,15.53,-55.1,94.98,15.63,2.07,5.62,0.1627,0.4674,-0.687,0.3106,0.6636,-0.9218,0.3026,-0.3968,0.3214,-0.0244,0.6613,-0.9182,0.4438,-0.5473,0.3527,0.4465,0.4921,-0.6986,0.0,0.006,0.0,0.0,0.006,0.0,0.0,0.0,0.006,0.0,0.013,0.0,0.006,0.006,0.0,0.0,0.006,0.0,0.0936,0.0107,0.1166,0.1917,0.2148,-0.2408,0.1825,-0.8191,1.6137,0.0,0.1994,-0.2301,0.27,-0.9695,1.6644,0.2746,0.043,0.092,-0.0118,0.0076,-0.0534,0.0034,-0.0209,0.0109,-0.0045,0.025,-0.0885,0.0029,-0.0178,0.0165,0.0,0.0239,-0.07,-0.008,-0.0298,0.0044,-0.0279,-0.0088,-0.0089,-0.0058,0.0042,0.1614,0.468,-0.6866,0.3102,0.6627,-0.9238,0.3027,-0.3968,0.3212,-0.0233,0.6609,-0.9189,0.4446,-0.5467,0.3542,0.4486,0.4922,-0.6985,0.0,0.0,0.0,0.0,0.0,0.0,0.0,0.0,0.0,
3.48,run,-0.49,2.5,-0.4,-0.42,-1.17,0.0,0.0,0.0,0.195,6.06,1.14,6.86,10.81,11.95,-13.45,10.72,-46.93,92.9,-0.79,11.87,-13.01,15.38,-55.2,95.1,15.64,2.64,5.54,5.7,0.62,6.64,10.86,11.51,-13.3,10.6,-46.81,92.19,-0.86,11.39,-13.02,15.51,-55.05,94.81,15.62,2.13,5.62,0.1628,0.4659,-0.6866,0.3102,0.6638,-0.9212,0.3027,-0.3966,0.3199,-0.0245,0.6616,-0.9179,0.443,-0.5463,0.3507,0.4463,0.4932,-0.6986,0.0,0.006,0.0,0.0,0.006,0.0,0.0,0.0,0.006,0.0,0.013,0.0,0.006,0.006,0.0,0.0,0.006,0.0,0.0905,0.0107,0.1166,0.1917,0.2117,-0.2378,0.1825,-0.8207,1.6107,0.0,0.1994,-0.2301,0.27,-0.9695,1.6598,0.2746,0.043,0.092,-0.0198,0.0053,-0.0374,0.0024,-0.0262,0.0191,-0.0032,0.0118,-0.0735,0.002,-0.0124,0.0115,0.0,0.0167,-0.0663,-0.0056,-0.0208,0.0031,-0.0275,-0.0084,-0.0036,-0.0001,0.0178,0.1627,0.4674,-0.687,0.3106,0.6636,-0.9218,0.3026,-0.3968,0.3214,-0.0244,0.6613,-0.9182,0.4438,-0.5473,0.3527,0.4465,0.4921,-0.6986,0.0,0.0,0.0,0.0,0.0,0.0,0.0,0.0,0.0,
3.52,run,-0.46,2.52,0.18,0.33,0.93,0.0,0.0,0.0,0.195,5.45,1.14,6.86,10.81,11.95,-13.45,10.72,-46.93,92.81,-0.79,11.87,-13.01,15.38,-55.2,94.92,15.64,2.64,5.54,5.67,0.67,6.62,10.86,11.42,-13.44,10.58,-46.94,92.25,-0.83,11.35,-13.18,15.54,-55.09,94.84,15.7,2.08,5.61,0.1619,0.4668,-0.6868,0.3103,0.6622,-0.9228,0.3024,-0.3988,0.3206,-0.0237,0.6609,-0.9198,0.444,-0.5471,0.351,0.4485,0.4924,-0.6987,0.0,0.006,0.0,0.0,0.006,0.0,0.0,0.0,0.006,0.0,0.013,0.0,0.006,0.006,0.0,0.0,0.006,0.0,0.1012,0.0107,0.1166,0.1917,0.2102,-0.2378,0.1825,-0.8207,1.6107,0.0,0.1994,-0.2301,0.27,-0.9679,1.6598,0.2746,0.043,0.092,0.0266,0.0037,-0.0261,0.0017,-0.0241,0.0134,-0.0022,0.0082,-0.0514,0.0014,-0.0087,0.0081,0.0,0.0175,-0.0464,-0.0039,-0.0146,0.0022,-0.0279,-0.0099,-0.0071,-0.0073,-0.0205,0.1628,0.4659,-0.6866,0.3102,0.6638,-0.9212,0.3027,-0.3966,0.3199,-0.0245,0.6616,-0.9179,0.443,-0.5463,0.3507,0.4463,0.4932,-0.6986,0.0,0.0,0.0,0.0,0.0,0.0,0.0,0.0,0.0,
3.56,run,-0.47,2.56,-0.09,0.19,0.58,0.0,0.0,0.0,0.195,5.54,1.14,6.86,10.81,11.95,-13.54,10.72,-46.93,92.72,-0.79,11.87,-13.1,15.38,-55.28,94.83,15.64,2.64,5.54,5.72,0.57,6.63,10.85,11.51,-13.28,10.58,-46.87,92.11,-0.86,11.37,-13.05,15.47,-55.09,94.64,15.6,2.15,5.53,0.1635,0.4649,-0.6867,0.3099,0.6638,-0.9209,0.3024,-0.3977,0.3189,-0.0246,0.6614,-0.9182,0.4421,-0.547,0.3487,0.4458,0.4936,-0.6996,0.006,0.019,0.006,0.0,0.006,0.006,0.0,0.0,0.013,0.0,0.013,0.006,0.0,0.006,0.006,0.0,0.013,0.0,0.0905,0.0107,0.1166,0.1917,0.2102,-0.2378,0.1825,-0.8207,1.6091,0.0,0.1994,-0.2301,0.27,-0.9679,1.6567,0.2746,0.043,0.092,-0.0214,0.0026,-0.0183,0.0012,-0.0169,0.0094,-0.0016,0.0058,-0.0417,0.001,-0.0061,0.0056,0.0,0.0122,-0.0439,-0.0027,-0.0102,0.0015,-0.0252,-0.0089,0.0031,0.0058,0.0162,0.1619,0.4668,-0.6868,0.3103,0.6622,-0.9228,0.3024,-0.3988,0.3206,-0.0237,0.6609,-0.9198,0.444,-0.5471,0.351,0.4485,0.4924,-0.6987,0.0,0.0,0.0,0.0,0.0,0.0,0.0,0.0,0.0,
3.6,run,-0.45,2.56,0.18,0.03,-0.2,0.0,0.0,0.0,0.195,5.98,1.14,6.86,10.81,11.95,-13.36,10.72,-46.93,92.72,-0.79,11.87,-13.01,15.38,-55.2,94.83,15.64,2.64,5.54,5.71,0.6,6.69,10.83,11.52,-13.38,10.58,-46.95,92.17,-0.85,11.37,-13.09,15.47,-55.11,94.65,15.65,2.19,5.55,0.1633,0.4654,-0.686,0.3095,0.664,-0.9221,0.3023,-0.3991,0.3196,-0.0244,0.6612,-0.9187,0.4421,-0.5474,0.3488,0.447,0.4944,-0.6994,0.006,0.019,0.006,0.0,0.006,0.006,0.0,0.0,0.013,0.0,0.013,0.006,0.0,0.006,0.006,0.0,0.013,0.0,0.092,0.0107,0.1166,0.1917,0.2102,-0.2393,0.1825,-0.8207,1.6076,0.0,0.1994,-0.2316,0.27,-0.9695,1.6552,0.2746,0.043,0.092,-0.0092,0.0018,-0.0128,0.0008,-0.0118,0.0008,-0.0011,0.004,-0.035,0.0007,-0.0043,-0.0018,0.0,0.0028,-0.0365,-0.0019,-0.0071,0.0011,-0.0255,-0.0051,-0.0016,0.0034,0.0102,0.1635,0.4649,-0.6867,0.3099,0.6638,-0.9209,0.3024,-0.3977,0.3189,-0.0246,0.6614,-0.9182,0.4421,-0.547,0.3487,0.4458,0.4936,-0.6996,0.0,0.0,0.0,0.0,0.0,0.0,0.0,0.0,0.0,
3.64,run,-0.44,2.57,0.04,0.14,0.64,0.0,0.0,0.0,0.195,5.45,1.14,6.86,10.81,11.95,-13.27,10.72,-46.93,92.64,-0.79,11.87,-13.01,15.38,-55.28,94.83,15.64,2.64,5.54,5.69,0.56,6.64,10.83,11.42,-13.38,10.56,-46.98,92.09,-0.82,11.3,-13.16,15.5,-55.09,94.7,15.68,2.12,5.49,0.1625,0.4647,-0.6865,0.3094,0.6622,-0.9221,0.3018,-0.3996,0.3188,-0.0235,0.6601,-0.9196,0.4428,-0.5472,0.3494,0.4481,0.4931,-0.7001,0.006,0.019,0.006,0.0,0.006,0.006,0.0,0.0,0.013,0.0,0.013,0.006,0.0,0.006,0.006,0.0,0.013,0.0,0.0997,0.0107,0.1166,0.1917,0.2102,-0.2362,0.1825,-0.8207,1.6076,0.0,0.1994,-0.2301,0.27,-0.9679,1.6552,0.2746,0.043,0.092,0.0223,0.0013,-0.009,0.0006,-0.0083,0.0121,-0.0008,0.0028,-0.0245,0.0005,-0.003,0.0045,0.0,0.0077,-0.0256,-0.0013,-0.005,0.0007,-0.0244,-0.0048,0.0032,0.0005,-0.0036,0.1633,0.4654,-0.686,0.3095,0.664,-0.9221,0.3023,-0.3991,0.3196,-0.0244,0.6612,-0.9187,0.4421,-0.5474,0.3488,0.447,0.4944,-0.6994,0.0,0.0,0.0,0.0,0.0,0.0,0.0,0.0,0.0,
3.68,run,-0.42,2.58,0.34,0.27,-0.77,0.0,0.0,0.0,0.195,5.71,1.14,6.86,10.81,11.95,-13.27,10.72,-46.93,92.55,-0.79,11.87,-13.18,15.38,-55.2,94.83,15.64,2.64,5.54,5.72,0.54,6.67,10.84,11.47,-13.36,10.58,-46.97,92.01,-0.86,11.32,-13.06,15.46,-55.13,94.53,15.63,2.15,5.49,0.1633,0.4644,-0.6862,0.3096,0.6631,-0.9219,0.3022,-0.3994,0.3178,-0.0247,0.6604,-0.9183,0.4417,-0.5479,0.3474,0.4465,0.4937,-0.7001,0.013,0.013,0.0,0.0,0.006,0.0,0.006,0.0,0.006,0.0,0.006,0.0,0.0,0.006,0.013,0.0,0.006,0.0,0.0905,0.0107,0.1166,0.1917,0.2102,-0.2347,0.1825,-0.8207,1.6061,0.0,0.1994,-0.2301,0.27,-0.9695,1.6552,0.2746,0.043,0.092,-0.0188,0.0009,-0.0063,0.0004,-0.0058,0.0142,-0.0005,0.002,-0.0229,0.0003,-0.0021,0.0031,0.0,-0.0003,-0.0179,-0.0009,-0.0035,0.0005,-0.0229,-0.004,0.0007,0.0025,0.0112,0.1625,0.4647,-0.6865,0.3094,0.6622,-0.9221,0.3018,-0.3996,0.3188,-0.0235,0.6601,-0.9196,0.4428,-0.5472,0.3494,0.4481,0.4931,-0.7001,0.0,0.0,0.0,0.0,0.0,0.0,0.0,0.0,0.0,
3.72,run,-0.4,2.56,-0.08,-0.17,-0.52,0.0,0.0,0.0,0.195,5.89,1.14,6.86,10.81,11.95,-13.27,10.72,-46.93,92.55,-0.79,11.87,-13.18,15.38,-55.2,94.83,15.64,2.64,5.54,5.69,0.53,6.71,10.8,11.43,-13.47,10.57,-47.08,92.01,-0.82,11.29,-13.15,15.49,-55.19,94.56,15.69,2.17,5.4,0.1626,0.4642,-0.6858,0.3087,0.6624,-0.9231,0.302,-0.4014,0.3178,-0.0236,0.6599,-0.9194,0.4427,-0.549,0.3478,0.4482,0.4939,-0.7012,0.013,0.013,0.0,0.0,0.006,0.0,0.006,0.0,0.006,0.0,0.006,0.0,0.0,0.006,0.013,0.0,0.006,0.0,0.0951,0.0107,0.1166,0.1917,0.2102,-0.2347,0.1825,-0.8207,1.6045,0.0,0.1994,-0.2332,0.27,-0.9679,1.6552,0.2746,0.043,0.092,0.004,0.0006,-0.0044,0.0003,-0.0041,0.0099,-0.0004,0.0014,-0.0217,0.0002,-0.0015,-0.0092,0.0,0.0055,-0.0125,-0.0007,-0.0025,0.0004,-0.0216,-0.0033,0.0059,0.0047,-0.0134,0.1633,0.4644,-0.6862,0.3096,0.6631,-0.9219,0.3022,-0.3994,0.3178,-0.0247,0.6604,-0.9183,0.4417,-0.5479,0.3474,0.4465,0.4937,-0.7001,0.0,0.0,0.0,0.0,0.0,0.0,0.0,0.0,0.0,
3.76,run,-0.38,2.59,-0.04,0.13,1.12,0.0,0.0,0.0,0.195,5.36,1.14,6.86,10.81,11.95,-13.36,10.72,-47.11,92.55,-0.79,11.87,-13.18,15.38,-55.28,94.83,15.64,2.64,5.54,5.7,0.55,6.64,10.83,11.41,-13.43,10.58,-47.04,92.06,-0.83,11.3,-13.18,15.5,-55.15,94.62,15.69,2.14,5.49,0.1628,0.4645,-0.6866,0.3094,0.6621,-0.9227,0.3022,-0.4007,0.3184,-0.0237,0.6601,-0.9197,0.4428,-0.5481,0.3485,0.4483,0.4934,-0.7001,0.013,0.013,0.0,0.0,0.006,0.0,0.006,0.0,0.006,0.0,0.006,0.0,0.0,0.006,0.013,0.0,0.006,0.0,0.0982,0.0107,0.1166,0.1917,0.2102,-0.2347,0.1825,-0.8207,1.6045,0.0,0.1994,-0.2332,0.27,-0.9679,1.6552,0.2746,0.043,0.092,0.0144,0.0004,-0.0031,0.0002,-0.0028,0.0069,-0.0003,0.001,-0.0152,0.0002,-0.001,-0.0065,0.0,0.0038,-0.0088,-0.0005,-0.0017,0.0003,-0.0202,-0.0047,-0.0013,-0.003,-0.0091,0.1626,0.4642,-0.6858,0.3087,0.6624,-0.9231,0.302,-0.4014,0.3178,-0.0236,0.6599,-0.9194,0.4427,-0.549,0.3478,0.4482,0.4939,-0.7012,0.0,0.0,0.0,0.0,0.0,0.0,0.0,0.0,0.0,
3.8,run,-0.38,2.58,-0.34,-0.36,-0.88,0.0,0.0,0.0,0.195,6.06,1.14,6.86,10.81,11.95,-13.36,10.72,-47.02,92.55,-0.79,11.87,-13.18,15.38,-55.2,94.83,15.64,2.64,5.54,5.73,0.52,6.64,10.83,11.52,-13.41,10.6,-47.0,92.08,-0.87,11.36,-13.13,15.46,-55.15,94.55,15.65,2.23,5.47,0.1638,0.464,-0.6866,0.3095,0.664,-0.9225,0.303,-0.4001,0.3186,-0.0249,0.661,-0.9191,0.4419,-0.5481,0.3476,0.4472,0.495,-0.7003,0.013,0.013,0.0,0.0,0.013,0.0,0.0,0.0,0.013,0.0,0.006,0.0,0.0,0.0,0.013,0.0,0.013,0.0,0.089,0.0107,0.1166,0.1917,0.2102,-0.2362,0.1825,-0.8237,1.6045,0.0,0.1994,-0.2332,0.27,-0.9695,1.6552,0.2746,0.043,0.092,-0.0242,0.0003,-0.0022,0.0001,-0.002,-0.0009,-0.0002,-0.0108,-0.0106,0.0001,-0.0007,-0.0045,0.0,-0.003,-0.0061,-0.0003,-0.0012,0.0002,-0.018,-0.0022,-0.0007,0.0023,0.0195,0.1628,0.4645,-0.6866,0.3094,0.6621,-0.9227,0.3022,-0.4007,0.3184,-0.0237,0.6601,-0.9197,0.4428,-0.5481,0.3485,0.4483,0.4934,-0.7001,0.0,0.0,0.0,0.0,0.0,0.0,0.0,0.0,0.0,
3.84,run,-0.38,2.59,-0.11,0.14,1.0,0.0,0.0,0.0,0.195,5.45,1.14,6.86,10.81,11.95,-13.36,10.72,-47.02,92.55,-0.79,11.87,-13.18,15.38,-55.2,94.83,15.64,2.64,5.54,5.7,0.57,6.61,10.83,11.42,-13.5,10.58,-47.09,92.16,-0.83,11.32,-13.28,15.52,-55.15,94.72,15.74,2.17,5.48,0.1628,0.4648,-0.6869,0.3094,0.6622,-0.9235,0.3024,-0.4016,0.3195,-0.0236,0.6603,-0.9209,0.4435,-0.5482,0.3496,0.4498,0.494,-0.7002,0.013,0.013,0.0,0.0,0.013,0.0,0.0,0.0,0.013,0.0,0.006,0.0,0.0,0.0,0.013,0.0,0.013,0.0,0.1012,0.0107,0.1166,0.1917,0.2102,-0.2362,0.1825,-0.8222,1.6045,0.0,0.1994,-0.2332,0.27,-0.9679,1.6552,0.2746,0.043,0.092,0.0299,0.0002,-0.0015,0.0001,-0.0014,-0.0006,-0.0001,-0.0017,-0.0075,0.0001,-0.0005,-0.0032,0.0,0.0037,-0.0043,-0.0002,-0.0008,0.0001,-0.0182,-0.0029,-0.006,-0.0063,-0.0153,0.1638,0.464,-0.6866,0.3095,0.664,-0.9225,0.303,-0.4001,0.3186,-0.0249,0.661,-0.9191,0.4419,-0.5481,0.3476,0.4472,0.495,-0.7003,0.0,0.0,0.0,0.0,0.0,0.0,0.0,0.0,0.0,
3.88,run,-0.37,2.63,0.31,0.33,0.14,0.0,0.0,0.0,0.195,5.62,1.14,6.86,10.81,11.95,-13.36,10.72,-47.02,92.55,-0.79,11.87,-13.18,15.38,-55.2,94.83,15.64,2.64,5.54,5.74,0.52,6.62,10.83,11.51,-13.39,10.59,-47.01,92.13,-0.86,11.35,-13.14,15.47,-55.16,94.61,15.65,2.21,5.46,0.164,0.464,-0.6868,0.3095,0.6639,-0.9223,0.3026,-0.4002,0.3192,-0.0245,0.6608,-0.9193,0.442,-0.5484,0.3484,0.4472,0.4947,-0.7004,0.013,0.013,0.0,0.0,0.013,0.0,0.0,0.0,0.013,0.0,0.006,0.0,0.0,0.0,0.013,0.0,0.013,0.0,0.0905,0.0107,0.1166,0.1917,0.2102,-0.2362,0.1825,-0.8222,1.6045,0.0,0.1994,-0.2332,0.27,-0.9679,1.6552,0.2746,0.043,0.092,-0.0139,0.0001,-0.0011,0.0001,-0.001,-0.0004,-0.0001,-0.0012,-0.0052,0.0001,-0.0004,-0.0022,0.0,0.0026,-0.003,-0.0002,-0.0006,0.0001,-0.0185,-0.0022,-0.002,0.0025,0.0175,0.1628,0.4648,-0.6869,0.3094,0.6622,-0.9235,0.3024,-0.4016,0.3195,-0.0236,0.6603,-0.9209,0.4435,-0.5482,0.3496,0.4498,0.494,-0.7002,0.0,0.0,0.0,0.0,0.0,0.0,0.0,0.0,0.0,
3.92,run,-0.37,2.62,0.05,-0.18,-0.88,0.0,0.0,0.0,0.195,5.98,1.14,6.86,10.81,11.95,-13.36,10.72,-47.02,92.55,-0.79,11.87,-13.18,15.38,-55.2,94.83,15.64,2.64,5.54,5.72,0.51,6.67,10.81,11.48,-13.47,10.57,-47.1,92.09,-0.83,11.3,-13.19,15.49,-55.2,94.62,15.7,2.23,5.37,0.1634,0.4637,-0.6862,0.3087,0.6632,-0.9232,0.3021,-0.4018,0.3187,-0.0238,0.66,-0.9199,0.4425,-0.5491,0.3485,0.4486,0.495,-0.7016,0.013,0.013,0.0,0.0,0.006,0.0,0.0,0.0,0.006,0.0,0.013,0.0,0.0,0.0,0.006,0.0,0.006,0.006,0.0936,0.0107,0.1166,0.1917,0.2102,-0.2362,0.1825,-0.8222,1.6045,0.0,0.1994,-0.2332,0.27,-0.9679,1.6552,0.2746,0.043,0.092,0.0017,0.0001,-0.0007,0.0,-0.0007,-0.0003,-0.0001,-0.0008,-0.0037,0.0,-0.0002,-0.0016,0.0,0.0018,-0.0021,-0.0001,-0.0004,0.0001,-0.0169,0.0012,0.0053,0.0058,0.0024,0.164,0.464,-0.6868,0.3095,0.6639,-0.9223,0.3026,-0.4002,0.3192,-0.0245,0.6608,-0.9193,0.442,-0.5484,0.3484,0.4472,0.4947,-0.7004,0.0,0.0,0.0,0.0,0.0,0.0,0.0,0.0,0.0,
3.96,run,-0.36,2.63,0.08,0.2,0.99,0.0,0.0,0.0,0.195,5.27,1.14,6.86,10.81,11.95,-13.36,10.72,-47.02,92.55,-0.79,11.87,-13.18,15.38,-55.2,94.83,15.64,2.64,5.54,5.7,0.54,6.66,10.81,11.42,-13.52,10.57,-47.13,92.13,-0.82,11.29,-13.25,15.51,-55.2,94.67,15.74,2.19,5.43,0.163,0.4643,-0.6864,0.3089,0.6622,-0.9237,0.3021,-0.4024,0.3191,-0.0236,0.6598,-0.9206,0.4432,-0.5491,0.3491,0.4497,0.4944,-0.7009,0.013,0.013,0.0,0.0,0.006,0.0,0.0,0.0,0.006,0.0,0.013,0.0,0.0,0.0,0.006,0.0,0.006,0.006,0.0997,0.0107,0.1166,0.1917,0.2102,-0.2362,0.1825,-0.8222,1.6045,0.0,0.1994,-0.2332,0.27,-0.9679,1.6552,0.2746,0.043,0.092,0.0242,0.0001,-0.0005,0.0,-0.0005,-0.0002,-0.0,-0.0006,-0.0026,0.0,-0.0002,-0.0011,0.0,0.0013,-0.0015,-0.0001,-0.0003,0.0,-0.0168,0.0004,0.0008,-0.0031,-0.0153,0.1634,0.4637,-0.6862,0.3087,0.6632,-0.9232,0.3021,-0.4018,0.3187,-0.0238,0.66,-0.9199,0.4425,-0.5491,0.3485,0.4486,0.495,-0.7016,0.0,0.0,0.0,0.0,0.0,0.0,0.0,0.0,0.0,
4.0,run,-0.33,2.63,0.24,0.14,-0.77,0.0,0.0,0.0,0.195,5.8,1.14,6.86,10.81,11.95,-13.45,10.72,-47.02,92.55,-0.79,11.87,-13.18,15.38,-55.2,94.83,15.64,2.64,5.54,5.75,0.5,6.66,10.82,11.53,-13.43,10.59,-47.07,92.1,-0.88,11.34,-13.13,15.46,-55.22,94.56,15.66,2.26,5.41,0.1643,0.4637,-0.6864,0.3092,0.6642,-0.9226,0.3026,-0.4013,0.3188,-0.025,0.6607,-0.9192,0.4418,-0.5495,0.3478,0.4473,0.4955,-0.701,0.013,0.013,0.0,0.0,0.006,0.0,0.0,0.0,0.006,0.0,0.013,0.0,0.0,0.0,0.006,0.0,0.006,0.006,0.0874,0.0107,0.1166,0.1917,0.2102,-0.2362,0.1825,-0.8222,1.6045,0.0,0.1994,-0.2332,0.27,-0.9679,1.6552,0.2746,0.043,0.092,-0.0289,0.0001,-0.0004,0.0,-0.0003,-0.0001,-0.0,-0.0004,-0.0018,0.0,-0.0001,-0.0008,0.0,0.0009,-0.001,-0.0001,-0.0002,0.0,-0.016,0.0009,0.0015,0.0035,0.0172,0.163,0.4643,-0.6864,0.3089,0.6622,-0.9237,0.3021,-0.4024,0.3191,-0.0236,0.6598,-0.9206,0.4432,-0.5491,0.3491,0.4497,0.4944,-0.7009,0.0,0.0,0.0,0.0,0.0,0.0,0.0,0.0,0.0,
4.04,run,-0.31,2.62,0.08,0.0,-0.2,0.0,0.0,0.0,0.195,5.8,1.14,6.86,10.81,11.95,-13.45,10.72,-47.02,92.55,-0.79,11.87,-13.18,15.38,-55.2,94.83,15.64,2.64,5.54,5.72,0.52,6.66,10.8,11.44,-13.52,10.58,-47.16,92.11,-0.83,11.29,-13.27,15.51,-55.23,94.65,15.74,2.24,5.35,0.1633,0.4639,-0.6864,0.3087,0.6626,-0.9237,0.3022,-0.403,0.3189,-0.0238,0.6599,-0.9208,0.4431,-0.5496,0.3488,0.4498,0.4953,-0.7017,0.006,0.013,0.0,0.0,0.013,0.0,0.0,0.0,0.006,0.0,0.019,0.0,0.0,0.0,0.0,0.0,0.006,0.006,0.0966,0.0107,0.1166,0.1917,0.2102,-0.2378,0.1825,-0.8222,1.6045,0.0,0.1994,-0.2332,0.27,-0.9679,1.6552,0.2746,0.043,0.092,0.0144,0.0,-0.0003,0.0,-0.0002,-0.0059,-0.0,-0.0003,-0.0013,0.0,-0.0001,-0.0005,0.0,0.0006,-0.0007,-0.0,-0.0001,0.0,-0.0135,0.0013,0.0043,0.0025,-0.0134,0.1643,0.4637,-0.6864,0.3092,0.6642,-0.9226,0.3026,-0.4013,0.3188,-0.025,0.6607,-0.9192,0.4418,-0.5495,0.3478,0.4473,0.4955,-0.701,0.0,0.0,0.0,0.0,0.0,0.0,0.0,0.0,0.0,
4.08,run,-0.32,2.62,-0.34,-0.2,0.8,0.0,0.0,0.0,0.195,5.36,1.14,6.86,10.81,11.95,-13.45,10.72,-47.11,92.55,-0.79,11.87,-13.18,15.38,-55.2,94.83,15.64,2.64,5.54,5.73,0.51,6.6,10.82,11.44,-13.45,10.58,-47.11,92.1,-0.84,11.31,-13.25,15.5,-55.19,94.66,15.72,2.22,5.4,0.1636,0.4639,-0.687,0.3091,0.6626,-0.923,0.3024,-0.402,0.3188,-0.024,0.6601,-0.9206,0.443,-0.5489,0.3489,0.4492,0.495,-0.7012,0.006,0.013,0.0,0.0,0.013,0.0,0.0,0.0,0.006,0.0,0.019,0.0,0.0,0.0,0.0,0.0,0.006,0.006,0.0966,0.0107,0.1166,0.1917,0.2102,-0.2378,0.1825,-0.8222,1.6045,0.0,0.1994,-0.2332,0.27,-0.9679,1.6552,0.2746,0.043,0.092,0.0101,0.0,-0.0002,0.0,-0.0002,-0.0041,-0.0,-0.0002,-0.0009,0.0,-0.0001,-0.0004,0.0,0.0004,-0.0005,-0.0,-0.0001,0.0,-0.0122,-0.0001,0.0015,0.0001,-0.0036,0.1633,0.4639,-0.6864,0.3087,0.6626,-0.9237,0.3022,-0.403,0.3189,-0.0238,0.6599,-0.9208,0.4431,-0.5496,0.3488,0.4498,0.4953,-0.7017,0.0,0.0,0.0,0.0,0.0,0.0,0.0,0.0,0.0,
4.12,run,-0.31,2.62,0.08,-0.11,-0.81,0.0,0.0,0.0,0.195,6.06,1.14,6.86,10.81,11.95,-13.45,10.72,-47.11,92.55,-0.79,11.87,-13.18,15.38,-55.2,94.83,15.64,2.64,5.54,5.75,0.52,6.59,10.84,11.51,-13.45,10.61,-47.08,92.14,-0.88,11.36,-13.22,15.49,-55.19,94.64,15.7,2.27,5.45,0.1642,0.4641,-0.6872,0.3097,0.6639,-0.9229,0.3032,-0.4015,0.3194,-0.0252,0.6611,-0.9202,0.4427,-0.549,0.3487,0.4486,0.4958,-0.7006,0.006,0.013,0.0,0.0,0.013,0.0,0.0,0.0,0.006,0.0,0.019,0.0,0.0,0.0,0.0,0.0,0.006,0.006,0.089,0.0107,0.1166,0.1917,0.2102,-0.2378,0.1825,-0.8237,1.6045,0.0,0.1994,-0.2332,0.27,-0.9679,1.6552,0.2746,0.043,0.092,-0.0172,0.0,-0.0001,0.0,-0.0001,-0.0029,-0.0,-0.005,-0.0006,0.0,-0.0,-0.0003,0.0,0.0003,-0.0004,-0.0,-0.0001,0.0,-0.0126,0.0005,-0.006,-0.0035,0.014,0.1636,0.4639,-0.687,0.3091,0.6626,-0.923,0.3024,-0.402,0.3188,-0.024,0.6601,-0.9206,0.443,-0.5489,0.3489,0.4492,0.495,-0.7012,0.0,0.0,0.0,0.0,0.0,0.0,0.0,0.0,0.0,
4.16,run,-0.32,2.63,-0.25,-0.05,0.78,0.0,0.0,0.0,0.195,5.45,1.14,6.86,10.81,11.95,-13.45,10.72,-47.11,92.55,-0.79,11.87,-13.18,15.38,-55.2,94.83,15.64,2.64,5.54,5.71,0.52,6.58,10.82,11.4,-13.5,10.58,-47.14,92.11,-0.82,11.3,-13.33,15.53,-55.16,94.74,15.77,2.21,5.38,0.1631,0.464,-0.6873,0.309,0.6619,-0.9235,0.3024,-0.4025,0.319,-0.0234,0.66,-0.9215,0.4438,-0.5484,0.3499,0.4507,0.4948,-0.7014,0.013,0.013,0.0,0.0,0.013,0.0,0.0,0.0,0.006,0.0,0.006,0.013,0.006,0.0,0.0,0.0,0.013,0.0,0.1012,0.0107,0.1166,0.1917,0.2102,-0.2378,0.1825,-0.8237,1.6045,0.0,0.1994,-0.2332,0.27,-0.9679,1.6552,0.2746,0.043,0.092,0.0336,0.0,-0.0001,0.0,-0.0001,-0.002,-0.0,-0.0035,-0.0004,0.0,-0.0,-0.0002,0.0,0.0002,-0.0002,-0.0,-0.0,0.0,-0.0116,-0.0001,0.0013,-0.0019,-0.0142,0.1642,0.4641,-0.6872,0.3097,0.6639,-0.9229,0.3032,-0.4015,0.3194,-0.0252,0.6611,-0.9202,0.4427,-0.549,0.3487,0.4486,0.4958,-0.7006,0.0,0.0,0.0,0.0,0.0,0.0,0.0,0.0,0.0,
4.2,run,-0.31,2.66,0.07,0.3,0.45,0.0,0.0,0.0,0.195,5.62,1.14,6.86,10.81,11.95,-13.45,10.72,-47.11,92.55,-0.79,11.87,-13.27,15.38,-55.2,94.83,15.64,2.64,5.54,5.75,0.52,6.6,10.83,11.51,-13.45,10.6,-47.08,92.14,-0.88,11.35,-13.2,15.49,-55.2,94.63,15.7,2.26,5.44,0.1643,0.464,-0.6871,0.3095,0.6639,-0.9229,0.303,-0.4015,0.3193,-0.025,0.661,-0.92,0.4426,-0.549,0.3486,0.4484,0.4957,-0.7008,0.013,0.013,0.0,0.0,0.013,0.0,0.0,0.0,0.006,0.0,0.006,0.013,0.006,0.0,0.0,0.0,0.013,0.0,0.0905,0.0107,0.1166,0.1917,0.2102,-0.2378,0.1825,-0.8237,1.6045,0.0,0.1994,-0.2332,0.27,-0.9679,1.6552,0.2746,0.043,0.092,-0.017,0.0,-0.0001,0.0,-0.0001,-0.0014,-0.0,-0.0024,-0.0003,0.0,-0.0,-0.0001,0.0,0.0002,-0.0002,-0.0,-0.0,0.0,-0.0125,0.0009,-0.0044,-0.0009,0.0136,0.1631,0.464,-0.6873,0.309,0.6619,-0.9235,0.3024,-0.4025,0.319,-0.0234,0.66,-0.9215,0.4438,-0.5484,0.3499,0.4507,0.4948,-0.7014,0.0,0.0,0.0,0.0,0.0,0.0,0.0,0.0,0.0,
4.24,run,-0.32,2.65,-0.06,-0.21,-0.84,0.0,0.0,0.0,0.195,5.98,1.14,6.86,10.81,11.95,-13.45,10.72,-47.11,92.55,-0.79,11.87,-13.18,15.38,-55.2,94.83,15.64,2.64,5.54,5.73,0.51,6.64,10.8,11.5,-13.5,10.59,-47.13,92.14,-0.84,11.33,-13.23,15.5,-55.2,94.69,15.73,2.28,5.37,0.1638,0.4638,-0.6866,0.3087,0.6636,-0.9236,0.3026,-0.4023,0.3193,-0.0241,0.6605,-0.9204,0.443,-0.5491,0.3493,0.4495,0.496,-0.7015,0.013,0.013,0.0,0.0,0.013,0.0,0.0,0.0,0.006,0.0,0.006,0.013,0.006,0.0,0.0,0.0,0.013,0.0,0.0936,0.0107,0.1166,0.1917,0.2102,-0.2378,0.1825,-0.8237,1.6045,0.0,0.1994,-0.2347,0.27,-0.9679,1.6552,0.2746,0.043,0.092,-0.0004,0.0,-0.0,0.0,-0.0,-0.001,-0.0,-0.0017,-0.0002,0.0,-0.0,-0.0058,0.0,0.0001,-0.0001,-0.0,-0.0,0.0,-0.0123,0.0036,0.0012,0.0053,0.0078,0.1643,0.464,-0.6871,0.3095,0.6639,-0.9229,0.303,-0.4015,0.3193,-0.025,0.661,-0.92,0.4426,-0.549,0.3486,0.4484,0.4957,-0.7008,0.0,0.0,0.0,0.0,0.0,0.0,0.0,0.0,0.0,
4.28,run,-0.32,2.65,0.08,0.13,0.7,0.0,0.0,0.0,0.195,5.27,1.14,6.86,10.81,11.95,-13.45,10.72,-47.11,92.55,-0.79,11.87,-13.18,15.38,-55.2,94.75,15.64,2.64,5.54,5.71,0.53,6.64,10.81,11.43,-13.55,10.59,-47.18,92.16,-0.83,11.31,-13.3,15.53,-55.21,94.73,15.77,2.24,5.4,0.1633,0.4642,-0.6866,0.3088,0.6624,-0.9241,0.3024,-0.4032,0.3195,-0.0238,0.6601,-0.9212,0.4437,-0.5493,0.3497,0.4506,0.4953,-0.7011,0.019,0.019,0.006,0.0,0.013,0.0,0.0,0.0,0.006,0.0,0.013,0.0,0.0,0.0,0.0,0.0,0.006,0.0,0.0997,0.0107,0.1166,0.1917,0.2102,-0.2378,0.1825,-0.8237,1.6045,0.0,0.1994,-0.2332,0.27,-0.9679,1.6552,0.2746,0.043,0.092,0.0226,0.0,-0.0,0.0,-0.0,-0.0007,-0.0,-0.0012,-0.0001,0.0,-0.0,0.0016,0.0,0.0001,-0.0001,-0.0,-0.0,0.0,-0.0129,0.0027,-0.0011,-0.0037,-0.0147,0.1638,0.4638,-0.6866,0.3087,0.6636,-0.9236,0.3026,-0.4023,0.3193,-0.0241,0.6605,-0.9204,0.443,-0.5491,0.3493,0.4495,0.496,-0.7015,0.0,0.0,0.0,0.0,0.0,0.0,0.0,0.0,0.0,
4.32,run,-0.32,2.65,-0.11,-0.27,-0.81,0.0,0.0,0.0,0.195,6.06,1.14,6.86,10.81,11.95,-13.45,10.72,-47.11,92.55,-0.79,11.87,-13.18,15.38,-55.2,94.66,15.64,2.64,5.54,5.76,0.49,6.68,10.81,11.54,-13.46,10.6,-47.13,92.12,-0.89,11.36,-13.18,15.48,-55.24,94.59,15.69,2.32,5.39,0.1646,0.4634,-0.6861,0.3088,0.6644,-0.9231,0.3029,-0.4024,0.319,-0.0253,0.6612,-0.9198,0.4423,-0.5499,0.3481,0.4484,0.4967,-0.7013,0.019,0.019,0.006,0.0,0.013,0.0,0.0,0.0,0.006,0.0,0.013,0.0,0.0,0.0,0.0,0.0,0.006,0.0,0.0874,0.0107,0.1166,0.1917,0.2102,-0.2378,0.1825,-0.8237,1.6045,0.0,0.1994,-0.2332,0.27,-0.9679,1.6536,0.2746,0.043,0.092,-0.03,0.0,-0.0,0.0,-0.0,-0.0005,-0.0,-0.0008,-0.0001,0.0,-0.0,0.0011,0.0,0.0001,-0.0058,-0.0,-0.0,0.0,-0.0127,0.0031,0.0015,0.0022,0.0122,0.1633,0.4642,-0.6866,0.3088,0.6624,-0.9241,0.3024,-0.4032,0.3195,-0.0238,0.6601,-0.9212,0.4437,-0.5493,0.3497,0.4506,0.4953,-0.7011,0.0,0.0,0.0,0.0,0.0,0.0,0.0,0.0,0.0,
4.36,run,-0.34,2.64,-0.66,-0.33,0.78,0.0,0.0,0.0,0.195,5.54,1.14,6.86,10.81,11.95,-13.45,10.72,-47.11,92.55,-0.79,11.87,-13.18,15.38,-55.2,94.66,15.64,2.64,5.54,5.72,0.52,6.69,10.8,11.46,-13.53,10.59,-47.18,92.15,-0.85,11.34,-13.29,15.52,-55.19,94.7,15.78,2.29,5.44,0.1635,0.464,-0.6861,0.3085,0.663,-0.9239,0.3026,-0.4033,0.3194,-0.0241,0.6608,-0.9211,0.4435,-0.549,0.3494,0.4509,0.4961,-0.7007,0.019,0.019,0.006,0.0,0.013,0.0,0.0,0.0,0.006,0.0,0.013,0.0,0.0,0.0,0.0,0.0,0.006,0.0,0.1012,0.0107,0.1166,0.1917,0.2102,-0.2378,0.1825,-0.8237,1.6045,0.0,0.1994,-0.2332,0.27,-0.9679,1.6521,0.2746,0.043,0.092,0.0166,0.0,-0.0,0.0,-0.0,-0.0003,-0.0,-0.0006,-0.0001,0.0,-0.0,0.0008,0.0,0.0,-0.0082,-0.0,-0.0,0.0,-0.013,0.0025,-0.002,-0.0047,-0.0142,0.1646,0.4634,-0.6861,0.3088,0.6644,-0.9231,0.3029,-0.4024,0.319,-0.0253,0.6612,-0.9198,0.4423,-0.5499,0.3481,0.4484,0.4967,-0.7013,0.0,0.0,0.0,0.0,0.0,0.0,0.0,0.0,0.0,
4.4,run,-0.34,2.66,-0.27,0.02,0.61,0.0,0.0,0.0,0.195,5.54,1.14,6.86,10.81,11.95,-13.45,10.72,-47.11,92.55,-0.79,11.87,-13.18,15.38,-55.2,94.66,15.64,2.64,5.54,5.76,0.53,6.68,10.82,11.56,-13.47,10.61,-47.11,92.22,-0.89,11.41,-13.19,15.49,-55.19,94.66,15.71,2.32,5.52,0.1646,0.4642,-0.6862,0.3092,0.6648,-0.9232,0.3032,-0.4019,0.3202,-0.0255,0.662,-0.9199,0.4425,-0.549,0.3489,0.4488,0.4967,-0.6997,0.0,0.013,0.0,0.0,0.006,0.0,0.0,0.0,0.0,0.0,0.006,0.0,0.0,0.0,0.0,0.006,0.006,0.0,0.092,0.0107,0.1166,0.1917,0.2102,-0.2378,0.1825,-0.8237,1.6045,0.0,0.1994,-0.2332,0.27,-0.9679,1.6521,0.2746,0.043,0.092,-0.0225,0.0,-0.0,0.0,-0.0,-0.0002,-0.0,-0.0004,-0.0001,0.0,-0.0,0.0006,0.0,0.0,-0.0058,-0.0,-0.0,0.0,-0.015,0.002,-0.0114,-0.0058,0.0136,0.1635,0.464,-0.6861,0.3085,0.663,-0.9239,0.3026,-0.4033,0.3194,-0.0241,0.6608,-0.9211,0.4435,-0.549,0.3494,0.4509,0.4961,-0.7007,0.0,0.0,0.0,0.0,0.0,0.0,0.0,0.0,0.0,
4.44,run,-0.34,2.65,-0.1,-0.13,-0.57,0.0,0.0,0.0,0.195,6.15,1.14,6.86,10.81,11.87,-13.45,10.72,-47.11,92.55,-0.79,11.87,-13.18,15.38,-55.2,94.66,15.64,2.64,5.54,5.75,0.51,6.7,10.8,11.56,-13.48,10.6,-47.13,92.19,-0.87,11.39,-13.22,15.49,-55.2,94.67,15.73,2.33,5.44,0.1644,0.4638,-0.6859,0.3087,0.6647,-0.9233,0.3029,-0.4024,0.3199,-0.025,0.6616,-0.9202,0.4426,-0.5491,0.3491,0.4493,0.4969,-0.7007,0.0,0.013,0.0,0.0,0.006,0.0,0.0,0.0,0.0,0.0,0.006,0.0,0.0,0.0,0.0,0.006,0.006,0.0,0.092,0.0107,0.1166,0.1917,0.2102,-0.2378,0.1825,-0.8237,1.6045,0.0,0.1994,-0.2332,0.27,-0.9679,1.6521,0.2746,0.043,0.092,-0.0158,0.0,-0.0,0.0,-0.0,-0.0002,-0.0,-0.0003,-0.0,0.0,-0.0,0.0004,0.0,0.0,-0.004,-0.0,-0.0,0.0,-0.0145,0.0033,-0.0047,0.0003,0.0107,0.1646,0.4642,-0.6862,0.3092,0.6648,-0.9232,0.3032,-0.4019,0.3202,-0.0255,0.662,-0.9199,0.4425,-0.549,0.3489,0.4488,0.4967,-0.6997,0.0,0.0,0.0,0.0,0.0,0.0,0.0,0.0,0.0,
4.48,run,-0.34,2.65,-0.16,-0.14,0.32,0.0,0.0,0.0,0.195,5.62,1.14,6.86,10.81,11.87,-13.45,10.72,-47.11,92.55,-0.79,11.87,-13.18,15.38,-55.2,94.66,15.64,2.64,5.54,5.72,0.52,6.69,10.79,11.47,-13.53,10.59,-47.15,92.22,-0.82,11.34,-13.3,15.52,-55.16,94.75,15.78,2.28,5.46,0.1634,0.4639,-0.686,0.3084,0.663,-0.9239,0.3025,-0.4028,0.3202,-0.0235,0.6607,-0.9212,0.4435,-0.5484,0.35,0.4509,0.496,-0.7005,0.0,0.013,0.0,0.0,0.006,0.0,0.0,0.0,0.0,0.0,0.006,0.0,0.0,0.0,0.0,0.006,0.006,0.0,0.1028,0.0107,0.1166,0.1917,0.2086,-0.2378,0.1825,-0.8237,1.6045,0.0,0.1994,-0.2332,0.27,-0.9679,1.6521,0.2746,0.043,0.092,0.0295,0.0,-0.0,0.0,-0.0058,-0.0001,-0.0,-0.0002,-0.0,0.0,-0.0,0.0003,0.0,0.0,-0.0028,-0.0,-0.0,0.0,-0.0146,0.0027,-0.0017,-0.0022,-0.0099,0.1644,0.4638,-0.6859,0.3087,0.6647,-0.9233,0.3029,-0.4024,0.3199,-0.025,0.6616,-0.9202,0.4426,-0.5491,0.3491,0.4493,0.4969,-0.7007,0.0,0.0,0.0,0.0,0.0,0.0,0.0,0.0,0.0,
4.52,run,-0.34,2.66,-0.21,-0.07,1.17,0.0,0.0,0.0,0.195,5.45,1.14,6.86,10.81,11.87,-13.45,10.72,-47.11,92.55,-0.79,11.87,-13.18,15.38,-55.2,94.66,15.64,2.64,5.54,5.75,0.51,6.69,10.8,11.55,-13.5,10.6,-47.14,92.21,-0.87,11.39,-13.22,15.49,-55.21,94.64,15.72,2.32,5.47,0.1644,0.4639,-0.686,0.3087,0.6645,-0.9235,0.303,-0.4025,0.3201,-0.0248,0.6616,-0.9202,0.4426,-0.5493,0.3487,0.4492,0.4968,-0.7004,0.006,0.013,0.0,0.0,0.006,0.0,0.0,0.0,0.0,0.0,0.013,0.0,0.0,0.0,0.0,0.006,0.006,0.0,0.0936,0.0107,0.1166,0.1917,0.2086,-0.2378,0.1825,-0.8237,1.6045,0.0,0.1994,-0.2332,0.27,-0.9679,1.6521,0.2746,0.043,0.092,-0.0137,0.0,-0.0,0.0,-0.0041,-0.0001,-0.0,-0.0001,-0.0,0.0,-0.0,0.0002,0.0,0.0,-0.002,-0.0,-0.0,0.0,-0.0147,0.0026,-0.0028,-0.0025,0.0056,0.1634,0.4639,-0.686,0.3084,0.663,-0.9239,0.3025,-0.4028,0.3202,-0.0235,0.6607,-0.9212,0.4435,-0.5484,0.35,0.4509,0.496,-0.7005,0.0,0.0,0.0,0.0,0.0,0.0,0.0,0.0,0.0,
4.56,run,-0.33,2.66,0.15,-0.13,-1.29,0.0,0.0,0.0,0.195,6.06,1.14,6.86,10.81,11.87,-13.45,10.72,-47.11,92.55,-0.79,11.87,-13.18,15.38,-55.2,94.66,15.64,2.64,5.54,5.76,0.5,6.68,10.81,11.58,-13.46,10.61,-47.1,92.22,-0.88,11.4,-13.2,15.48,-55.19,94.66,15.71,2.34,5.47,0.1647,0.4637,-0.6862,0.3088,0.6652,-0.9231,0.3031,-0.4019,0.3202,-0.0251,0.6618,-0.92,0.4423,-0.5489,0.349,0.4488,0.4971,-0.7004,0.006,0.013,0.0,0.0,0.006,0.0,0.0,0.0,0.0,0.0,0.013,0.0,0.0,0.0,0.0,0.006,0.006,0.0,0.0905,0.0107,0.1166,0.1917,0.2086,-0.2378,0.1825,-0.8237,1.6045,0.0,0.1994,-0.2332,0.27,-0.9679,1.6521,0.2746,0.043,0.092,-0.0211,0.0,-0.0,0.0,-0.0028,-0.0001,-0.0,-0.0001,-0.0,0.0,-0.0,0.0001,0.0,0.0,-0.0014,-0.0,-0.0,0.0,-0.015,0.0034,-0.0037,-0.0013,0.0204,0.1644,0.4639,-0.686,0.3087,0.6645,-0.9235,0.303,-0.4025,0.3201,-0.0248,0.6616,-0.9202,0.4426,-0.5493,0.3487,0.4492,0.4968,-0.7004,0.0,0.0,0.0,0.0,0.0,0.0,0.0,0.0,0.0,
4.6,run,-0.34,2.67,-0.08,0.08,0.88,0.0,0.0,0.0,0.195,5.36,1.14,6.86,10.81,11.87,-13.45,10.72,-47.11,92.55,-0.79,11.87,-13.18,15.38,-55.2,94.66,15.64,2.64,5.54,5.72,0.51,6.71,10.78,11.46,-13.58,10.59,-47.23,92.17,-0.82,11.33,-13.33,15.53,-55.22,94.72,15.8,2.3,5.39,0.1633,0.4638,-0.6858,0.308,0.6629,-0.9244,0.3024,-0.4041,0.3197,-0.0235,0.6606,-0.9215,0.4438,-0.5495,0.3496,0.4513,0.4964,-0.7013,0.006,0.013,0.0,0.0,0.006,0.0,0.0,0.0,0.0,0.0,0.013,0.0,0.0,0.0,0.0,0.006,0.006,0.0,0.1012,0.0107,0.1166,0.1917,0.2086,-0.2378,0.1825,-0.8237,1.6045,0.0,0.1994,-0.2332,0.27,-0.9679,1.6521,0.2746,0.043,0.092,0.0257,0.0,-0.0,0.0,-0.002,-0.0,-0.0,-0.0001,-0.0,0.0,-0.0,0.0001,0.0,0.0,-0.001,-0.0,-0.0,0.0,-0.0137,0.0032,0.0027,-0.0022,-0.0225,0.1647,0.4637,-0.6862,0.3088,0.6652,-0.9231,0.3031,-0.4019,0.3202,-0.0251,0.6618,-0.92,0.4423,-0.5489,0.349,0.4488,0.4971,-0.7004,0.0,0.0,0.0,0.0,0.0,0.0,0.0,0.0,0.0,
4.64,run,-0.33,2.68,0.36,0.23,-0.46,0.0,0.0,0.0,0.195,5.71,1.14,6.86,10.81,11.87,-13.45,10.72,-47.11,92.55,-0.79,11.87,-13.27,15.38,-55.2,94.66,15.64,2.64,5.54,5.76,0.49,6.72,10.8,11.58,-13.48,10.61,-47.14,92.19,-0.88,11.39,-13.17,15.48,-55.23,94.61,15.7,2.34,5.44,0.1647,0.4634,-0.6856,0.3085,0.665,-0.9233,0.3031,-0.4025,0.3199,-0.0251,0.6616,-0.9197,0.4422,-0.5497,0.3483,0.4485,0.4972,-0.7007,0.006,0.019,0.0,0.0,0.006,0.0,0.0,0.0,0.006,0.0,0.006,0.0,0.006,0.0,0.0,0.006,0.006,0.0,0.089,0.0107,0.1166,0.1917,0.2086,-0.2378,0.1825,-0.8237,1.6045,0.0,0.1994,-0.2332,0.27,-0.9679,1.6521,0.2746,0.043,0.092,-0.0278,0.0,-0.0,0.0,-0.0014,-0.0,-0.0,-0.0,-0.0,0.0,-0.0,0.0001,0.0,0.0,-0.0007,-0.0,-0.0,0.0,-0.0148,0.0041,-0.0015,0.0014,0.0154,0.1633,0.4638,-0.6858,0.308,0.6629,-0.9244,0.3024,-0.4041,0.3197,-0.0235,0.6606,-0.9215,0.4438,-0.5495,0.3496,0.4513,0.4964,-0.7013,0.0,0.0,0.0,0.0,0.0,0.0,0.0,0.0,0.0,
4.68,run,-0.32,2.68,0.04,-0.04,-0.47,0.0,0.0,0.0,0.195,6.06,1.14,6.86,10.81,11.87,-13.45,10.72,-47.11,92.55,-0.79,11.87,-13.1,15.38,-55.2,94.66,15.64,2.64,5.54,5.73,0.48,6.75,10.77,11.52,-13.58,10.59,-47.23,92.16,-0.83,11.34,-13.27,15.51,-55.26,94.68,15.77,2.35,5.35,0.1638,0.4633,-0.6853,0.3076,0.664,-0.9245,0.3026,-0.4042,0.3196,-0.0239,0.6608,-0.9208,0.4432,-0.5502,0.3491,0.4505,0.4972,-0.7018,0.006,0.019,0.0,0.0,0.006,0.0,0.0,0.0,0.006,0.0,0.006,0.0,0.006,0.0,0.0,0.006,0.006,0.0,0.0951,0.0107,0.1166,0.1917,0.2086,-0.2378,0.1825,-0.8237,1.6045,0.0,0.1994,-0.2347,0.27,-0.9679,1.6521,0.2746,0.043,0.092,0.0035,0.0,-0.0,0.0,-0.001,-0.0,-0.0,-0.0,-0.0,0.0,-0.0,-0.0057,0.0,0.0,-0.0005,-0.0,-0.0,0.0,-0.0134,0.0058,0.0063,0.0041,-0.0081,0.1647,0.4634,-0.6856,0.3085,0.665,-0.9233,0.3031,-0.4025,0.3199,-0.0251,0.6616,-0.9197,0.4422,-0.5497,0.3483,0.4485,0.4972,-0.7007,0.0,0.0,0.0,0.0,0.0,0.0,0.0,0.0,0.0,
4.72,run,-0.32,2.69,-0.11,0.11,1.26,0.0,0.0,0.0,0.195,5.27,1.14,6.86,10.81,11.87,-13.45,10.72,-47.11,92.55,-0.79,11.87,-13.18,15.38,-55.2,94.66,15.73,2.64,5.54,5.72,0.48,6.71,10.78,11.45,-13.52,10.58,-47.19,92.18,-0.83,11.31,-13.29,15.52,-55.18,94.72,15.77,2.28,5.4,0.1634,0.4633,-0.6857,0.3081,0.6627,-0.9238,0.3024,-0.4034,0.3197,-0.0236,0.6602,-0.921,0.4435,-0.5488,0.3497,0.4506,0.496,-0.7011,0.006,0.019,0.0,0.0,0.006,0.0,0.0,0.0,0.006,0.0,0.006,0.0,0.006,0.0,0.0,0.006,0.006,0.0,0.1012,0.0107,0.1166,0.1917,0.2086,-0.2378,0.1825,-0.8237,1.6045,0.0,0.1994,-0.2316,0.27,-0.9679,1.6521,0.2746,0.043,0.092,0.0256,0.0,-0.0,0.0,-0.0007,-0.0,-0.0,-0.0,-0.0,0.0,-0.0,0.0076,0.0,0.0,-0.0003,-0.0,-0.0,0.0,-0.0133,0.0053,0.0007,-0.0007,-0.0082,0.1638,0.4633,-0.6853,0.3076,0.664,-0.9245,0.3026,-0.4042,0.3196,-0.0239,0.6608,-0.9208,0.4432,-0.5502,0.3491,0.4505,0.4972,-0.7018,0.0,0.0,0.0,0.0,0.0,0.0,0.0,0.0,0.0,
4.76,run,-0.3,2.69,0.15,0.03,-0.81,0.0,0.0,0.0,0.195,5.8,1.05,6.86,10.81,11.87,-13.45,10.72,-47.11,92.55,-0.79,11.87,-13.18,15.47,-55.2,94.66,15.73,2.64,5.54,5.77,0.49,6.69,10.8,11.59,-13.48,10.61,-47.15,92.17,-0.9,11.4,-13.18,15.48,-55.23,94.6,15.7,2.37,5.41,0.1648,0.4634,-0.686,0.3087,0.6652,-0.9233,0.3031,-0.4027,0.3196,-0.0256,0.6618,-0.9197,0.4424,-0.5497,0.3482,0.4485,0.4976,-0.7011,0.006,0.006,0.0,0.0,0.0,0.0,0.0,0.0,0.013,0.0,0.006,0.0,0.006,0.0,0.0,0.0,0.0,0.0,0.0874,0.0107,0.1166,0.1917,0.2086,-0.2378,0.1825,-0.8237,1.6045,0.0,0.1994,-0.2332,0.27,-0.9679,1.6521,0.2761,0.043,0.092,-0.0336,0.0,-0.0,0.0,-0.0005,-0.0,-0.0,-0.0,-0.0,0.0,-0.0,-0.0004,0.0,0.0,-0.0002,0.0057,-0.0,0.0,-0.013,0.0061,-0.0019,0.0019,0.022,0.1634,0.4633,-0.6857,0.3081,0.6627,-0.9238,0.3024,-0.4034,0.3197,-0.0236,0.6602,-0.921,0.4435,-0.5488,0.3497,0.4506,0.496,-0.7011,0.0,0.0,0.0,0.0,0.0,0.0,0.0,0.0,0.0,
4.8,run,-0.3,2.66,-0.37,-0.22,-0.01,0.0,0.0,0.0,0.195,5.8,0.97,6.86,10.81,11.87,-13.45,10.72,-47.11,92.55,-0.79,11.87,-13.18,15.38,-55.2,94.66,15.73,2.64,5.54,5.73,0.51,6.71,10.78,11.49,-13.61,10.6,-47.26,92.14,-0.85,11.36,-13.33,15.54,-55.26,94.7,15.8,2.36,5.33,0.1636,0.4637,-0.6858,0.3081,0.6634,-0.9248,0.3027,-0.4047,0.3193,-0.0243,0.6611,-0.9216,0.4439,-0.5502,0.3494,0.4515,0.4974,-0.702,0.006,0.006,0.0,0.0,0.0,0.0,0.0,0.0,0.013,0.0,0.006,0.0,0.006,0.0,0.0,0.0,0.0,0.0,0.0966,0.0092,0.1166,0.1917,0.2086,-0.2378,0.1825,-0.8237,1.6045,0.0,0.1994,-0.2332,0.2715,-0.9679,1.6521,0.2761,0.043,0.092,0.011,-0.0057,-0.0,0.0,-0.0003,-0.0,-0.0,-0.0,-0.0,0.0,-0.0,-0.0003,0.0057,0.0,-0.0002,0.004,-0.0,0.0,-0.0108,0.0061,0.0025,0.0005,-0.0142,0.1648,0.4634,-0.686,0.3087,0.6652,-0.9233,0.3031,-0.4027,0.3196,-0.0256,0.6618,-0.9197,0.4424,-0.5497,0.3482,0.4485,0.4976,-0.7011,0.0,0.0,0.0,0.0,0.0,0.0,0.0,0.0,0.0,
4.84,run,-0.3,2.68,-0.24,0.04,1.01,0.0,0.0,0.0,0.195,5.45,0.97,6.86,10.81,11.87,-13.45,10.72,-47.2,92.55,-0.79,11.87,-13.27,15.38,-55.2,94.66,15.73,2.64,5.54,5.74,0.51,6.67,10.81,11.5,-13.52,10.62,-47.18,92.2,-0.86,11.39,-13.29,15.53,-55.19,94.74,15.77,2.33,5.44,0.1639,0.4637,-0.6863,0.3088,0.6637,-0.9238,0.3033,-0.4032,0.32,-0.0245,0.6616,-0.9211,0.4437,-0.5489,0.3498,0.4506,0.4968,-0.7007,0.006,0.006,0.0,0.0,0.0,0.0,0.0,0.0,0.013,0.0,0.006,0.0,0.006,0.0,0.0,0.0,0.0,0.0,0.0966,0.0077,0.1166,0.1917,0.2086,-0.2378,0.1825,-0.8237,1.6045,0.0,0.1994,-0.2332,0.27,-0.9679,1.6521,0.2761,0.043,0.092,0.0077,-0.0098,-0.0,0.0,-0.0002,-0.0,-0.0,-0.0,-0.0,0.0,-0.0,-0.0002,-0.0017,0.0,-0.0001,0.0028,-0.0,0.0,-0.0109,0.0037,-0.0064,-0.0039,-0.0002,0.1636,0.4637,-0.6858,0.3081,0.6634,-0.9248,0.3027,-0.4047,0.3193,-0.0243,0.6611,-0.9216,0.4439,-0.5502,0.3494,0.4515,0.4974,-0.702,0.0,0.0,0.0,0.0,0.0,0.0,0.0,0.0,0.0,
4.88,run,-0.3,2.67,-0.2,-0.26,-0.91,0.0,0.0,0.0,0.195,5.98,0.97,6.86,10.81,11.87,-13.45,10.72,-47.2,92.55,-0.79,11.87,-13.18,15.47,-55.2,94.66,15.73,2.64,5.54,5.75,0.49,6.67,10.8,11.58,-13.53,10.63,-47.16,92.21,-0.88,11.43,-13.25,15.51,-55.2,94.72,15.75,2.39,5.41,0.1644,0.4634,-0.6862,0.3086,0.6651,-0.9238,0.3038,-0.403,0.3201,-0.025,0.6623,-0.9206,0.4433,-0.5491,0.3497,0.4501,0.498,-0.701,0.006,0.006,0.006,0.0,0.0,0.0,0.0,0.0,0.006,0.0,0.006,0.0,0.0,0.0,0.0,0.0,0.0,0.0,0.0905,0.0077,0.1166,0.1917,0.2086,-0.2378,0.1825,-0.8253,1.6045,0.0,0.1994,-0.2347,0.27,-0.9679,1.6521,0.2761,0.043,0.092,-0.0177,-0.0068,-0.0,0.0,-0.0002,-0.0,-0.0,-0.0058,-0.0,0.0,-0.0,-0.0059,-0.0012,0.0,-0.0001,0.002,-0.0,0.0,-0.0107,0.0052,-0.0041,0.0007,0.0176,0.1639,0.4637,-0.6863,0.3088,0.6637,-0.9238,0.3033,-0.4032,0.32,-0.0245,0.6616,-0.9211,0.4437,-0.5489,0.3498,0.4506,0.4968,-0.7007,0.0,0.0,0.0,0.0,0.0,0.0,0.0,0.0,0.0,
4.92,run,-0.31,2.68,-0.4,-0.08,1.03,0.0,0.0,0.0,0.195,5.62,0.97,6.86,10.81,11.87,-13.45,10.72,-47.2,92.55,-0.79,11.87,-13.18,15.38,-55.2,94.66,15.73,2.64,5.54,5.72,0.52,6.69,10.79,11.49,-13.62,10.62,-47.26,92.21,-0.85,11.39,-13.38,15.55,-55.22,94.79,15.83,2.36,5.4,0.1635,0.464,-0.686,0.3083,0.6634,-0.925,0.3033,-0.4046,0.3202,-0.0242,0.6617,-0.9221,0.4444,-0.5494,0.3504,0.4523,0.4974,-0.7012,0.006,0.006,0.006,0.0,0.0,0.0,0.0,0.0,0.006,0.0,0.006,0.0,0.0,0.0,0.0,0.0,0.0,0.0,0.0997,0.0077,0.1166,0.1917,0.2086,-0.2378,0.1825,-0.8253,1.6045,0.0,0.1994,-0.2332,0.2715,-0.9679,1.6521,0.2761,0.043,0.092,0.0221,-0.0048,-0.0,0.0,-0.0001,-0.0,-0.0,-0.004,-0.0,0.0,-0.0,0.0016,0.0049,0.0,-0.0001,0.0014,-0.0,0.0,-0.0111,0.0046,-0.0035,-0.0046,-0.0159,0.1644,0.4634,-0.6862,0.3086,0.6651,-0.9238,0.3038,-0.403,0.3201,-0.025,0.6623,-0.9206,0.4433,-0.5491,0.3497,0.4501,0.498,-0.701,0.0,0.0,0.0,0.0,0.0,0.0,0.0,0.0,0.0,
4.96,run,-0.31,2.7,-0.06,0.02,0.22,0.0,0.0,0.0,0.195,5.62,0.97,6.86,10.81,11.87,-13.54,10.72,-47.2,92.55,-0.79,11.87,-13.27,15.38,-55.2,94.66,15.73,2.64,5.54,5.75,0.49,6.68,10.8,11.57,-13.5,10.63,-47.15,92.25,-0.87,11.42,-13.26,15.51,-55.17,94.75,15.75,2.36,5.46,0.1644,0.4634,-0.6862,0.3087,0.6648,-0.9235,0.3036,-0.4027,0.3206,-0.0249,0.6622,-0.9207,0.4432,-0.5485,0.3501,0.4501,0.4975,-0.7005,0.006,0.006,0.006,0.0,0.0,0.0,0.0,0.0,0.006,0.0,0.006,0.0,0.0,0.0,0.0,0.0,0.0,0.0,0.0936,0.0077,0.1166,0.1917,0.2086,-0.2378,0.1825,-0.8253,1.6045,0.0,0.1994,-0.2332,0.27,-0.9679,1.6521,0.2761,0.043,0.092,-0.0076,-0.0034,-0.0,0.0,-0.0001,-0.0,-0.0,-0.0028,-0.0,0.0,-0.0,0.0011,-0.0023,0.0,-0.0,0.001,-0.0,0.0,-0.0117,0.0053,-0.0071,-0.0014,0.0179,0.1635,0.464,-0.686,0.3083,0.6634,-0.925,0.3033,-0.4046,0.3202,-0.0242,0.6617,-0.9221,0.4444,-0.5494,0.3504,0.4523,0.4974,-0.7012,0.0,0.0,0.0,0.0,0.0,0.0,0.0,0.0,0.0,
5.0,run,-0.29,2.69,0.18,-0.16,-1.0,0.0,0.0,0.0,0.195,5.98,0.97,6.86,10.81,11.87,-13.54,10.72,-47.2,92.55,-0.79,11.87,-13.27,15.38,-55.2,94.66,15.73,2.64,5.54,5.75,0.5,6.72,10.78,11.59,-13.6,10.62,-47.24,92.28,-0.86,11.42,-13.3,15.53,-55.25,94.77,15.79,2.42,5.39,0.1643,0.4637,-0.6856,0.308,0.6653,-0.9247,0.3035,-0.4044,0.321,-0.0246,0.6622,-0.9212,0.4436,-0.5499,0.3502,0.4511,0.4985,-0.7012,0.006,0.013,0.0,0.0,0.006,0.0,0.0,0.0,0.006,0.0,0.006,0.0,0.0,0.0,0.0,0.0,0.0,0.0,0.0936,0.0077,0.1166,0.1917,0.2086,-0.2393,0.1825,-0.8253,1.6045,0.0,0.1994,-0.2347,0.27,-0.9679,1.6521,0.2761,0.043,0.092,-0.0053,-0.0023,-0.0,0.0,-0.0001,-0.0057,-0.0,-0.002,-0.0,0.0,-0.0,-0.0049,-0.0016,0.0,-0.0,0.0007,-0.0,0.0,-0.0118,0.0075,-0.0011,0.0003,0.0038,0.1644,0.4634,-0.6862,0.3087,0.6648,-0.9235,0.3036,-0.4027,0.3206,-0.0249,0.6622,-0.9207,0.4432,-0.5485,0.3501,0.4501,0.4975,-0.7005,0.0,0.0,0.0,0.0,0.0,0.0,0.0,0.0,0.0,
5.04,run,-0.28,2.69,0.11,0.19,0.64,0.7,0.0,0.0,0.195,5.27,0.97,6.86,10.81,11.87,-13.54,10.72,-47.2,92.55,-0.79,11.87,-13.27,15.38,-55.2,94.66,15.73,2.64,5.54,5.82,0.91,6.42,10.91,11.94,-13.87,10.73,-47.23,92.96,-0.87,11.78,-13.58,15.58,-55.21,96.01,15.99,2.65,5.58,0.1664,0.471,-0.6892,0.3117,0.6716,-0.9279,0.3066,-0.4042,0.3289,-0.0249,0.6688,-0.9245,0.4451,-0.5493,0.3649,0.4569,0.5028,-0.699,0.006,0.013,0.0,0.0,0.006,0.0,0.0,0.0,0.006,0.0,0.006,0.0,0.0,0.0,0.0,0.0,0.0,0.0,0.0997,0.0077,0.1166,0.1917,0.2086,-0.2393,0.1825,-0.8253,1.6045,0.0,0.1994,-0.2347,0.27,-0.9679,1.6521,0.2761,0.043,0.092,0.0193,-0.0016,-0.0,0.0,-0.0,-0.004,-0.0,-0.0014,-0.0,0.0,-0.0,-0.0035,-0.0011,0.0,-0.0,0.0005,-0.0,0.0,-0.01,0.0062,0.0032,-0.0029,-0.0174,0.1643,0.4637,-0.6856,0.308,0.6653,-0.9247,0.3035,-0.4044,0.321,-0.0246,0.6622,-0.9212,0.4436,-0.5499,0.3502,0.4511,0.4985,-0.7012,0.0,0.0,0.0148,0.0,0.0,0.0,0.0,0.0,0.0,
5.08,run,-0.25,2.71,0.55,0.28,-0.4,1.5,0.0,0.0,0.195,5.8,0.97,6.86,10.81,11.87,-13.8,10.72,-47.2,92.55,-0.79,11.87,-13.27,15.38,-55.2,94.75,15.73,2.64,5.54,6.0,1.28,6.06,11.04,12.48,-13.96,10.87,-47.08,93.73,-0.95,12.27,-13.69,15.6,-55.16,97.27,16.1,3.02,5.85,0.1714,0.4778,-0.6934,0.3154,0.6814,-0.929,0.3106,-0.4015,0.338,-0.027,0.6776,-0.9258,0.4456,-0.5484,0.3796,0.4601,0.5094,-0.6959,0.006,0.013,0.0,0.0,0.006,0.0,0.0,0.0,0.006,0.0,0.006,0.0,0.0,0.0,0.0,0.0,0.0,0.0,0.0874,0.0077,0.1166,0.1917,0.2086,-0.2393,0.1825,-0.8253,1.6045,0.0,0.1994,-0.2347,0.27,-0.9679,1.6521,0.2761,0.043,0.092,-0.0326,-0.0012,-0.0,0.0,-0.0,-0.0028,-0.0,-0.001,-0.0,0.0,-0.0,-0.0024,-0.0008,0.0,-0.0,0.0003,-0.0,0.0,-0.009,0.0059,0.0019,0.0034,0.0111,0.1664,0.471,-0.6892,0.3117,0.6716,-0.9279,0.3066,-0.4042,0.3289,-0.0249,0.6688,-0.9245,0.4451,-0.5493,0.3649,0.4569,0.5028,-0.699,0.0,0.0,0.0296,0.0,0.0,0.0,0.0,0.0,0.0,
5.12,run,-0.23,2.71,0.49,0.13,-1.27,2.2,0.0,0.0,0.195,6.15,1.05,6.59,10.81,11.87,-13.89,10.72,-47.2,92.72,-0.88,11.95,-13.71,15.38,-55.2,95.36,16.08,2.72,5.54,6.1,1.67,5.7,11.13,12.85,-14.16,10.96,-47.06,94.55,-0.92,12.62,-14.0,15.68,-55.08,98.69,16.36,3.3,6.04,0.1742,0.4849,-0.6977,0.318,0.6881,-0.9313,0.3131,-0.4011,0.3477,-0.0261,0.684,-0.9294,0.4479,-0.5468,0.3964,0.4674,0.5146,-0.6936,0.006,0.0,0.006,0.006,0.006,0.006,0.006,0.006,0.013,0.0,0.006,0.006,0.013,0.0,0.0,0.006,0.0,0.006,0.0966,0.0077,0.1166,0.1917,0.2086,-0.2439,0.1825,-0.8253,1.6045,0.0,0.1994,-0.2347,0.27,-0.9679,1.6536,0.2761,0.043,0.092,0.0116,-0.0008,-0.0,0.0,-0.0,-0.0192,-0.0,-0.0007,-0.0,0.0,-0.0,-0.0017,-0.0006,0.0,0.0057,0.0002,-0.0,0.0,-0.0067,0.0079,0.0096,0.0049,-0.007,0.1714,0.4778,-0.6934,0.3154,0.6814,-0.929,0.3106,-0.4015,0.338,-0.027,0.6776,-0.9258,0.4456,-0.5484,0.3796,0.4601,0.5094,-0.6959,0.0,0.0,0.0444,0.0,0.0,0.0,0.0,0.0,0.0,
5.16,run,-0.25,2.72,-0.28,0.12,2.07,3.0,0.0,0.0,0.195,5.62,1.32,6.06,10.81,12.39,-14.06,10.72,-47.11,93.34,-0.88,12.22,-13.89,15.56,-55.2,96.24,16.17,3.08,5.62,6.19,2.21,5.13,11.31,13.25,-14.4,11.04,-47.03,95.32,-0.96,13.0,-14.25,15.76,-55.1,100.0,16.55,3.5,6.29,0.1769,0.4948,-0.7044,0.3232,0.6954,-0.9341,0.3155,-0.4005,0.3567,-0.0275,0.6909,-0.9323,0.4503,-0.5472,0.4118,0.4729,0.5181,-0.6907,0.006,0.0,0.006,0.006,0.006,0.006,0.006,0.006,0.013,0.0,0.006,0.006,0.013,0.0,0.0,0.006,0.0,0.006,0.1028,0.0092,0.112,0.1917,0.2086,-0.2454,0.1825,-0.8253,1.6076,-0.0015,0.201,-0.2424,0.27,-0.9679,1.6644,0.2823,0.0445,0.092,0.0312,0.0052,-0.0173,0.0,-0.0,-0.0192,-0.0,-0.0005,0.0115,-0.0058,0.0058,-0.03,-0.0004,0.0,0.0443,0.0232,0.0058,0.0,-0.0048,0.0081,0.0085,0.0022,-0.0222,0.1742,0.4849,-0.6977,0.318,0.6881,-0.9313,0.3131,-0.4011,0.3477,-0.0261,0.684,-0.9294,0.4479,-0.5468,0.3964,0.4674,0.5146,-0.6936,0.0,0.0,0.0592,0.0,0.0,0.0,0.0,0.0,0.0,
5.2,run,-0.2,2.75,0.74,0.26,-1.13,3.7,0.0,0.0,0.195,6.24,1.58,5.8,10.81,12.74,-14.15,10.72,-47.02,93.69,-0.88,12.66,-13.89,15.56,-55.2,97.38,16.44,3.25,5.98,6.36,2.75,4.38,11.6,13.66,-14.12,11.08,-46.69,95.94,-1.13,13.25,-14.17,15.7,-55.02,101.26,16.51,3.49,6.51,0.1816,0.5045,-0.7132,0.3315,0.703,-0.9308,0.3165,-0.3944,0.364,-0.0324,0.6954,-0.9314,0.4485,-0.5457,0.4266,0.4717,0.518,-0.6881,0.006,0.0,0.006,0.006,0.006,0.006,0.006,0.006,0.013,0.0,0.006,0.006,0.013,0.0,0.0,0.006,0.0,0.006,0.0936,0.0138,0.1028,0.1917,0.2178,-0.2485,0.1825,-0.8237,1.6183,-0.0015,0.2056,-0.2454,0.273,-0.9679,1.6797,0.2838,0.0506,0.0936,-0.0126,0.0208,-0.0465,0.0,0.0344,-0.0249,-0.0,0.0054,0.0482,-0.004,0.0212,-0.0325,0.0112,0.0,0.0884,0.022,0.027,0.0057,-0.0064,0.0091,-0.0049,0.0021,0.0362,0.1769,0.4948,-0.7044,0.3232,0.6954,-0.9341,0.3155,-0.4005,0.3567,-0.0275,0.6909,-0.9323,0.4503,-0.5472,0.4118,0.4729,0.5181,-0.6907,0.0,0.0,0.074,0.0,0.0,0.0,0.0,0.0,0.0,
5.24,run,-0.23,2.74,-0.37,-0.27,0.9,4.4,0.0,0.0,0.195,6.5,2.02,5.36,11.07,13.1,-14.15,10.72,-46.93,94.31,-1.05,13.01,-14.06,15.56,-55.11,98.7,16.44,3.43,6.15,6.36,3.23,3.67,11.82,13.77,-14.11,11.03,-46.68,96.33,-1.14,13.26,-14.33,15.75,-55.04,102.31,16.65,3.4,6.4,0.1818,0.5133,-0.7216,0.3376,0.7049,-0.9308,0.3151,-0.3942,0.3686,-0.0327,0.6957,-0.9333,0.4501,-0.5462,0.439,0.4756,0.5163,-0.6894,0.0,0.0,0.013,0.006,0.0,0.0,0.0,0.006,0.006,0.0,0.0,0.013,0.0,0.0,0.0,0.0,0.0,0.0,0.1043,0.0184,0.0982,0.1917,0.224,-0.25,0.1825,-0.8222,1.6245,-0.0015,0.2132,-0.2454,0.273,-0.9679,1.6997,0.2884,0.0537,0.0997,0.0315,0.0319,-0.0498,0.0,0.0471,-0.0232,-0.0,0.0095,0.0568,-0.0028,0.0437,-0.0227,0.0078,0.0,0.1368,0.0327,0.0304,0.0271,-0.0024,0.0116,0.0129,0.0045,-0.0197,0.1816,0.5045,-0.7132,0.3315,0.703,-0.9308,0.3165,-0.3944,0.364,-0.0324,0.6954,-0.9314,0.4485,-0.5457,0.4266,0.4717,0.518,-0.6881,0.0,0.0,0.0888,0.0,0.0,0.0,0.0,0.0,0.0,
5.28,run,-0.23,2.72,-0.2,-0.3,0.59,5.2,0.0,0.0,0.195,5.89,2.55,4.75,11.34,13.54,-13.97,10.72,-46.67,95.1,-1.14,13.18,-14.24,15.64,-55.11,99.93,16.52,3.43,6.24,6.41,3.77,2.91,12.11,14.0,-14.02,11.03,-46.28,96.91,-1.22,13.37,-14.22,15.73,-54.89,103.36,16.66,3.22,6.77,0.1832,0.5232,-0.7305,0.3461,0.709,-0.9296,0.3151,-0.3869,0.3754,-0.0349,0.6976,-0.932,0.4495,-0.5434,0.4513,0.4759,0.5131,-0.685,0.0,0.0,0.013,0.006,0.0,0.0,0.0,0.006,0.006,0.0,0.0,0.013,0.0,0.0,0.0,0.0,0.0,0.0,0.1089,0.0261,0.0905,0.1963,0.2301,-0.25,0.1825,-0.8207,1.6352,-0.0046,0.2194,-0.2485,0.273,-0.9664,1.7227,0.2884,0.0568,0.1028,0.0393,0.0511,-0.0636,0.0172,0.056,-0.0162,-0.0,0.0124,0.08,-0.0135,0.0536,-0.0274,0.0055,0.0057,0.182,0.0229,0.0328,0.0304,-0.0046,0.0106,-0.0064,-0.0047,0.0158,0.1818,0.5133,-0.7216,0.3376,0.7049,-0.9308,0.3151,-0.3942,0.3686,-0.0327,0.6957,-0.9333,0.4501,-0.5462,0.439,0.4756,0.5163,-0.6894,0.0,0.0,0.1036,0.0,0.0,0.0,0.0,0.0,0.0,
5.32,run,-0.19,2.71,0.06,0.23,-0.91,5.9,0.0,0.0,0.195,6.59,3.08,4.04,11.43,13.71,-14.06,10.72,-46.67,95.71,-1.23,13.27,-14.06,15.64,-55.11,101.07,16.61,3.43,6.24,6.48,4.35,2.17,12.37,14.23,-14.17,11.02,-46.03,97.1,-1.35,13.49,-14.15,15.71,-55.02,104.05,16.66,3.16,6.81,0.1851,0.5336,-0.7392,0.3535,0.7133,-0.9314,0.3148,-0.3824,0.3776,-0.0386,0.6998,-0.9311,0.4488,-0.5458,0.4595,0.476,0.512,-0.6846,0.0,0.0,0.013,0.006,0.0,0.0,0.0,0.006,0.006,0.0,0.0,0.013,0.0,0.0,0.0,0.0,0.0,0.0,0.0982,0.0353,0.0798,0.201,0.2378,-0.247,0.1825,-0.8161,1.649,-0.0061,0.2224,-0.2516,0.2746,-0.9664,1.7441,0.2899,0.0568,0.1043,-0.0128,0.0703,-0.0848,0.0293,0.068,0.0001,-0.0,0.026,0.1078,-0.0152,0.049,-0.0307,0.0096,0.004,0.208,0.0218,0.023,0.0271,-0.0048,0.009,-0.0035,-0.0053,0.0103,0.1832,0.5232,-0.7305,0.3461,0.709,-0.9296,0.3151,-0.3869,0.3754,-0.0349,0.6976,-0.932,0.4495,-0.5434,0.4513,0.4759,0.5131,-0.685,0.0,0.0,0.1184,0.0,0.0,0.0,0.0,0.0,0.0,
5.36,run,-0.17,2.67,0.12,-0.21,-0.51,6.7,0.0,0.0,0.195,6.59,3.6,3.34,11.78,13.97,-14.15,10.81,-46.23,96.15,-1.23,13.27,-14.06,15.56,-55.11,102.3,16.61,3.43,6.5,6.45,4.82,1.6,12.58,14.25,-14.25,11.01,-45.74,97.42,-1.35,13.49,-14.15,15.73,-54.87,104.92,16.76,3.0,6.95,0.1843,0.5422,-0.7459,0.3595,0.7137,-0.9324,0.3144,-0.377,0.3814,-0.0386,0.6998,-0.9312,0.4494,-0.543,0.4696,0.4789,0.5091,-0.6829,0.0,0.0,0.013,0.006,0.0,0.0,0.0,0.006,0.006,0.0,0.0,0.0,0.006,0.006,0.006,0.0,0.013,0.0,0.1104,0.0445,0.0675,0.2025,0.2408,-0.2485,0.1825,-0.8161,1.6598,-0.0077,0.224,-0.2485,0.2746,-0.9664,1.7641,0.2915,0.0568,0.1043,0.0371,0.0837,-0.1054,0.0263,0.0591,-0.0056,-0.0,0.0182,0.1157,-0.0164,0.0401,-0.01,0.0067,0.0028,0.2204,0.021,0.0161,0.0189,-0.0012,0.0084,0.0011,0.0039,-0.0159,0.1851,0.5336,-0.7392,0.3535,0.7133,-0.9314,0.3148,-0.3824,0.3776,-0.0386,0.6998,-0.9311,0.4488,-0.5458,0.4595,0.476,0.512,-0.6846,0.0,0.0,0.1332,0.0,0.0,0.0,0.0,0.0,0.0,
5.4,run,-0.17,2.66,-0.34,0.03,0.7,7.4,0.0,0.0,0.195,6.06,4.22,2.72,12.13,14.15,-14.15,10.81,-46.05,96.59,-1.23,13.36,-13.97,15.64,-55.02,103.36,16.7,3.34,6.68,6.49,5.36,0.8,12.85,14.37,-14.06,10.97,-45.28,97.63,-1.4,13.51,-13.9,15.69,-54.77,105.58,16.72,2.8,7.1,0.1853,0.5521,-0.7553,0.3672,0.7158,-0.9302,0.3134,-0.3687,0.3838,-0.04,0.7001,-0.9282,0.4483,-0.5413,0.4774,0.4777,0.5055,-0.6811,0.0,0.0,0.013,0.006,0.0,0.0,0.0,0.006,0.006,0.0,0.0,0.0,0.006,0.006,0.006,0.0,0.013,0.0,0.1104,0.0537,0.0552,0.2086,0.2454,-0.25,0.1841,-0.8084,1.6674,-0.0077,0.224,-0.2485,0.273,-0.9664,1.7856,0.2915,0.0568,0.1089,0.0259,0.0929,-0.1195,0.0413,0.0585,-0.0097,0.0057,0.0413,0.1096,-0.0115,0.028,-0.007,-0.001,0.002,0.2343,0.0147,0.0112,0.0304,-0.0001,0.0049,0.002,-0.0037,-0.0089,0.1843,0.5422,-0.7459,0.3595,0.7137,-0.9324,0.3144,-0.377,0.3814,-0.0386,0.6998,-0.9312,0.4494,-0.543,0.4696,0.4789,0.5091,-0.6829,0.0,0.0,0.148,0.0,0.0,0.0,0.0,0.0,0.0,
5.44,run,-0.16,2.64,-0.35,-0.51,-0.76,8.1,0.0,0.0,0.195,6.77,4.66,2.02,12.22,14.15,-14.15,10.81,-45.62,96.86,-1.32,13.45,-13.89,15.56,-54.93,104.24,16.7,3.25,6.77,6.52,5.89,0.07,13.12,14.54,-14.01,10.97,-44.87,97.8,-1.52,13.6,-13.7,15.66,-54.7,106.15,16.71,2.74,7.23,0.1862,0.5617,-0.7638,0.3749,0.719,-0.9295,0.3136,-0.3612,0.3859,-0.0433,0.7018,-0.9259,0.4475,-0.54,0.4841,0.4774,0.5043,-0.6797,0.0,0.0,0.013,0.006,0.0,0.0,0.0,0.006,0.006,0.0,0.0,0.0,0.006,0.006,0.006,0.0,0.013,0.0,0.1012,0.0644,0.0445,0.2148,0.2485,-0.25,0.1841,-0.8053,1.6751,-0.0077,0.2255,-0.247,0.2746,-0.9649,1.804,0.293,0.0552,0.112,-0.0166,0.1055,-0.1242,0.052,0.0525,-0.0068,0.004,0.0405,0.1057,-0.008,0.0254,0.0009,0.0051,0.0072,0.2335,0.0161,0.0021,0.0329,-0.0,0.0039,-0.006,0.0005,0.0123,0.1853,0.5521,-0.7553,0.3672,0.7158,-0.9302,0.3134,-0.3687,0.3838,-0.04,0.7001,-0.9282,0.4483,-0.5413,0.4774,0.4777,0.5055,-0.6811,0.0,0.0,0.1628,0.0,0.0,0.0,0.0,0.0,0.0,
5.48,run,-0.15,2.64,-0.21,-0.12,0.38,8.9,0.0,0.0,0.195,6.59,5.27,1.32,12.57,14.15,-14.06,10.81,-45.18,97.12,-1.41,13.45,-13.8,15.56,-54.93,105.21,16.7,3.25,7.03,6.48,6.4,-0.55,13.34,14.53,-13.94,10.96,-44.51,98.07,-1.5,13.6,-13.59,15.68,-54.48,106.97,16.81,2.55,7.52,0.1852,0.5708,-0.7712,0.381,0.7187,-0.9288,0.313,-0.3547,0.3891,-0.043,0.7019,-0.9246,0.4479,-0.5361,0.4937,0.4802,0.5009,-0.6762,0.006,0.006,0.013,0.006,0.0,0.0,0.0,0.006,0.006,0.0,0.0,0.006,0.0,0.019,0.006,0.0,0.019,0.0,0.1135,0.0721,0.0322,0.2163,0.2485,-0.25,0.1841,-0.7977,1.6797,-0.0092,0.227,-0.2454,0.273,-0.9633,1.8193,0.293,0.0537,0.1135,0.0344,0.1027,-0.133,0.0422,0.0368,-0.0047,0.0028,0.0571,0.0912,-0.0114,0.0235,0.0064,-0.0022,0.0108,0.221,0.0112,-0.0043,0.0288,0.001,0.0022,-0.0061,-0.0089,-0.0133,0.1862,0.5617,-0.7638,0.3749,0.719,-0.9295,0.3136,-0.3612,0.3859,-0.0433,0.7018,-0.9259,0.4475,-0.54,0.4841,0.4774,0.5043,-0.6797,0.0,0.0,0.1776,0.0,0.0,0.0,0.0,0.0,0.0,
5.52,run,-0.15,2.67,0.19,0.32,1.25,9.6,0.0,0.0,0.195,6.15,5.71,0.53,12.74,14.41,-13.97,10.81,-44.74,97.38,-1.41,13.54,-13.8,15.56,-54.76,106.0,16.7,3.08,7.12,6.49,6.87,-1.21,13.57,14.6,-13.7,10.92,-44.03,98.13,-1.55,13.6,-13.2,15.63,-54.32,107.48,16.78,2.43,7.65,0.1854,0.5795,-0.779,0.3878,0.7199,-0.9258,0.3121,-0.346,0.3898,-0.0443,0.7018,-0.9201,0.4466,-0.5331,0.4997,0.4794,0.4987,-0.6747,0.006,0.006,0.013,0.006,0.0,0.0,0.0,0.006,0.006,0.0,0.0,0.006,0.0,0.019,0.006,0.0,0.019,0.0,0.1104,0.0828,0.0199,0.2224,0.2485,-0.2485,0.1841,-0.79,1.6843,-0.0107,0.227,-0.2439,0.273,-0.9633,1.8362,0.293,0.0537,0.1181,0.0126,0.1123,-0.1393,0.0526,0.0257,0.0025,0.002,0.0689,0.0812,-0.0137,0.0165,0.0102,-0.0015,0.0075,0.2182,0.0079,-0.003,0.0375,0.0017,0.0019,-0.0037,-0.0021,0.0067,0.1852,0.5708,-0.7712,0.381,0.7187,-0.9288,0.313,-0.3547,0.3891,-0.043,0.7019,-0.9246,0.4479,-0.5361,0.4937,0.4802,0.5009,-0.6762,0.0,0.0,0.1924,0.0,0.0,0.0,0.0,0.0,0.0,
5.56,run,-0.14,2.64,-0.1,-0.33,-1.91,10.4,0.0,0.0,0.195,6.86,6.24,-0.09,13.01,14.41,-13.97,10.81,-44.38,97.47,-1.49,13.54,-13.62,15.56,-54.49,106.7,16.7,2.99,7.38,6.5,7.3,-1.89,13.77,14.68,-13.57,10.93,-43.64,98.11,-1.61,13.63,-12.98,15.6,-54.21,108.09,16.77,2.31,7.64,0.1856,0.5874,-0.787,0.3935,0.7214,-0.9244,0.3123,-0.339,0.3895,-0.0459,0.7024,-0.9174,0.4456,-0.531,0.5069,0.4791,0.4966,-0.6749,0.006,0.006,0.013,0.006,0.0,0.0,0.0,0.006,0.006,0.0,0.0,0.006,0.0,0.019,0.006,0.0,0.019,0.0,0.1028,0.0905,0.0061,0.2255,0.2531,-0.247,0.1841,-0.7823,1.6889,-0.0107,0.2286,-0.2439,0.273,-0.9603,1.85,0.293,0.0506,0.1197,-0.0199,0.1073,-0.1492,0.0483,0.0353,0.0075,0.0014,0.0769,0.0741,-0.0096,0.0173,0.0072,-0.0011,0.0168,0.2045,0.0055,-0.0136,0.032,0.0022,0.0044,0.0033,0.0055,0.0219,0.1854,0.5795,-0.779,0.3878,0.7199,-0.9258,0.3121,-0.346,0.3898,-0.0443,0.7018,-0.9201,0.4466,-0.5331,0.4997,0.4794,0.4987,-0.6747,0.0,0.0,0.2072,0.0,0.0,0.0,0.0,0.0,0.0,
5.6,run,-0.14,2.67,0.31,0.4,1.41,11.1,0.0,0.0,0.195,6.24,6.77,-0.79,13.27,14.41,-13.8,10.81,-43.95,97.47,-1.58,13.54,-13.1,15.56,-54.4,107.4,16.7,2.9,7.56,6.43,7.77,-2.38,13.96,14.62,-13.56,10.89,-43.45,98.32,-1.61,13.61,-12.9,15.63,-54.07,108.7,16.89,2.17,7.84,0.1838,0.5959,-0.7927,0.3989,0.7204,-0.9242,0.3113,-0.3355,0.392,-0.0459,0.702,-0.9164,0.4466,-0.5285,0.5141,0.4824,0.494,-0.6725,0.013,0.0,0.006,0.006,0.0,0.0,0.0,0.0,0.019,0.0,0.0,0.0,0.0,0.013,0.006,0.006,0.013,0.0,0.115,0.0997,-0.0046,0.2301,0.2531,-0.247,0.1841,-0.7762,1.6904,-0.0123,0.2286,-0.2408,0.273,-0.9557,1.8623,0.293,0.0491,0.1243,0.0323,0.1098,-0.1449,0.0512,0.0247,0.0052,0.001,0.077,0.0576,-0.0125,0.0121,0.0166,-0.0008,0.0291,0.1894,0.0039,-0.0153,0.0397,0.0025,0.0019,-0.0017,-0.0058,-0.0333,0.1856,0.5874,-0.787,0.3935,0.7214,-0.9244,0.3123,-0.339,0.3895,-0.0459,0.7024,-0.9174,0.4456,-0.531,0.5069,0.4791,0.4966,-0.6749,0.0,0.0,0.222,0.0,0.0,0.0,0.0,0.0,0.0,
5.64,run,-0.16,2.68,0.08,0.29,0.65,11.8,0.0,0.0,0.195,6.15,7.29,-1.41,13.45,14.41,-13.54,10.81,-43.59,97.65,-1.58,13.62,-12.92,15.56,-54.4,108.11,16.79,2.81,7.56,6.46,8.11,-3.05,14.19,14.67,-13.08,10.9,-42.86,98.2,-1.68,13.62,-12.42,15.56,-53.79,109.11,16.8,2.08,7.9,0.1846,0.6021,-0.8006,0.4054,0.7212,-0.9186,0.3114,-0.3247,0.3906,-0.048,0.7022,-0.9108,0.4447,-0.5234,0.5189,0.48,0.4924,-0.6717,0.013,0.0,0.006,0.006,0.0,0.0,0.0,0.0,0.019,0.0,0.0,0.0,0.0,0.013,0.006,0.006,0.013,0.0,0.1043,0.1089,-0.0169,0.2347,0.2531,-0.2439,0.1841,-0.7685,1.6904,-0.0138,0.2286,-0.2316,0.273,-0.9541,1.8745,0.293,0.0476,0.1273,-0.0176,0.1113,-0.1473,0.053,0.0173,0.0151,0.0007,0.0826,0.0403,-0.0145,0.0085,0.046,-0.0005,0.0261,0.1784,0.0027,-0.0164,0.0393,0.0026,0.0042,0.0055,0.007,0.0246,0.1838,0.5959,-0.7927,0.3989,0.7204,-0.9242,0.3113,-0.3355,0.392,-0.0459,0.702,-0.9164,0.4466,-0.5285,0.5141,0.4824,0.494,-0.6725,0.0,0.0,0.2368,0.0,0.0,0.0,0.0,0.0,0.0,
5.68,run,-0.17,2.66,-0.05,-0.4,-1.33,12.6,0.0,0.0,0.195,6.86,7.65,-2.02,13.71,14.41,-13.62,10.81,-43.42,97.82,-1.67,13.62,-12.92,15.56,-54.05,108.63,16.7,2.64,7.56,6.43,8.62,-3.63,14.41,14.69,-13.12,10.89,-42.54,98.28,-1.75,13.64,-12.23,15.54,-53.64,109.66,16.84,1.96,8.1,0.1837,0.6113,-0.8074,0.4116,0.7217,-0.919,0.3113,-0.3189,0.3915,-0.0501,0.7026,-0.9085,0.4441,-0.5208,0.5254,0.4812,0.4902,-0.6694,0.013,0.0,0.006,0.006,0.0,0.0,0.0,0.0,0.019,0.0,0.0,0.0,0.0,0.013,0.006,0.006,0.013,0.0,0.1028,0.1181,-0.0276,0.2378,0.2531,-0.2393,0.1841,-0.7624,1.6935,-0.0138,0.2301,-0.2286,0.273,-0.9541,1.8868,0.2945,0.046,0.1273,-0.0181,0.1126,-0.1436,0.0487,0.0121,0.0279,0.0005,0.0809,0.0398,-0.0101,0.0117,0.0438,-0.0004,0.0183,0.1712,0.0077,-0.0173,0.0275,0.001,0.0053,0.0015,0.005,0.0114,0.1846,0.6021,-0.8006,0.4054,0.7212,-0.9186,0.3114,-0.3247,0.3906,-0.048,0.7022,-0.9108,0.4447,-0.5234,0.5189,0.48,0.4924,-0.6717,0.0,0.0,0.2516,0.0,0.0,0.0,0.0,0.0,0.0,
5.72,run,-0.19,2.66,-0.23,-0.04,1.17,13.3,0.0,0.0,0.195,5.98,8.09,-2.72,13.89,14.41,-13.18,10.81,-42.8,97.82,-1.67,13.62,-12.48,15.56,-53.88,109.25,16.7,2.64,7.73,6.38,9.06,-4.08,14.57,14.74,-13.27,10.92,-42.36,98.58,-1.76,13.71,-12.22,15.56,-53.5,110.33,16.99,1.87,8.39,0.1822,0.6192,-0.8127,0.4164,0.7225,-0.9208,0.312,-0.3157,0.395,-0.0504,0.7038,-0.9084,0.4446,-0.5182,0.5333,0.4853,0.4885,-0.666,0.019,0.0,0.006,0.013,0.006,0.006,0.0,0.006,0.013,0.0,0.0,0.006,0.0,0.006,0.006,0.006,0.026,0.006,0.115,0.1243,-0.0383,0.2424,0.2531,-0.2408,0.1841,-0.7593,1.6966,-0.0153,0.2301,-0.2286,0.273,-0.948,1.896,0.293,0.043,0.1273,0.0331,0.1017,-0.1405,0.0512,0.0085,0.0138,0.0003,0.0681,0.0393,-0.0128,0.0082,0.0307,-0.0003,0.0356,0.1541,-0.0003,-0.0235,0.0192,0.0003,0.0034,-0.0008,-0.007,-0.0233,0.1837,0.6113,-0.8074,0.4116,0.7217,-0.919,0.3113,-0.3189,0.3915,-0.0501,0.7026,-0.9085,0.4441,-0.5208,0.5254,0.4812,0.4902,-0.6694,0.0,0.0,0.2664,0.0,0.0,0.0,0.0,0.0,0.0,
5.76,run,-0.18,2.69,0.2,0.03,-0.19,14.1,0.0,0.0,0.195,6.24,8.61,-3.25,14.06,14.5,-13.18,10.81,-42.54,97.82,-1.67,13.62,-12.13,15.56,-53.79,109.86,16.96,2.64,8.09,6.42,9.44,-4.78,14.81,14.77,-12.68,10.94,-41.8,98.36,-1.89,13.75,-11.68,15.5,-53.23,110.69,16.88,1.79,8.51,0.1835,0.6262,-0.8209,0.4231,0.7231,-0.9139,0.3125,-0.3054,0.3925,-0.0539,0.7045,-0.9021,0.4428,-0.5134,0.5375,0.4823,0.4871,-0.6646,0.019,0.0,0.006,0.013,0.006,0.006,0.0,0.006,0.013,0.0,0.0,0.006,0.0,0.006,0.006,0.006,0.026,0.006,0.0997,0.1319,-0.0506,0.2454,0.2531,-0.2332,0.1841,-0.7486,1.6966,-0.0153,0.2301,-0.2209,0.273,-0.9449,1.9067,0.293,0.043,0.1304,-0.0344,0.0999,-0.1444,0.0474,0.0059,0.0385,0.0002,0.0879,0.0275,-0.009,0.0057,0.0502,-0.0002,0.0365,0.1482,-0.0002,-0.0165,0.025,-0.0014,0.0034,-0.004,-0.0007,0.0204,0.1822,0.6192,-0.8127,0.4164,0.7225,-0.9208,0.312,-0.3157,0.395,-0.0504,0.7038,-0.9084,0.4446,-0.5182,0.5333,0.4853,0.4885,-0.666,0.0,0.0,0.2812,0.0,0.0,0.0,0.0,0.0,0.0,
5.8,run,-0.2,2.71,0.32,0.11,-0.13,14.8,0.0,0.0,0.195,6.68,8.88,-3.78,14.24,14.5,-13.18,10.81,-42.36,97.82,-1.85,13.62,-12.04,15.56,-53.7,110.21,16.88,2.55,8.17,6.38,9.92,-5.39,15.03,14.75,-12.48,10.89,-41.5,98.37,-1.94,13.7,-11.48,15.48,-53.0,111.17,16.93,1.69,8.61,0.1823,0.6349,-0.8281,0.4293,0.7227,-0.9115,0.311,-0.3001,0.3926,-0.0553,0.7036,-0.8998,0.4423,-0.5091,0.5432,0.4836,0.4853,-0.6635,0.019,0.0,0.006,0.013,0.006,0.006,0.0,0.006,0.013,0.0,0.0,0.006,0.0,0.006,0.006,0.006,0.026,0.006,0.1043,0.1411,-0.0598,0.2485,0.2546,-0.2332,0.1841,-0.744,1.6966,-0.0153,0.2301,-0.2148,0.273,-0.9434,1.9175,0.2976,0.043,0.1365,-0.0069,0.1043,-0.1354,0.0446,0.0099,0.0269,0.0002,0.0787,0.0193,-0.0063,0.004,0.0581,-0.0001,0.0312,0.1438,0.017,-0.0115,0.0404,-0.0005,0.0065,0.0035,0.0006,-0.0033,0.1835,0.6262,-0.8209,0.4231,0.7231,-0.9139,0.3125,-0.3054,0.3925,-0.0539,0.7045,-0.9021,0.4428,-0.5134,0.5375,0.4823,0.4871,-0.6646,0.0,0.0,0.296,0.0,0.0,0.0,0.0,0.0,0.0,
5.84,run,-0.22,2.7,-0.78,-0.38,0.99,15.5,0.0,0.0,0.195,5.98,9.4,-4.39,14.5,14.5,-12.74,10.81,-41.75,97.82,-1.85,13.62,-11.95,15.56,-53.35,110.83,16.88,2.37,8.44,6.34,10.33,-5.79,15.19,14.82,-12.5,10.92,-41.19,98.55,-1.95,13.78,-11.27,15.45,-52.73,111.8,17.03,1.65,8.96,0.1811,0.6423,-0.8328,0.4339,0.7239,-0.9117,0.3121,-0.2944,0.3948,-0.0556,0.7051,-0.8973,0.4415,-0.5043,0.5506,0.4865,0.4845,-0.6593,0.013,0.006,0.006,0.013,0.0,0.0,0.0,0.0,0.019,0.0,0.0,0.006,0.0,0.013,0.006,0.006,0.019,0.0,0.112,0.1457,-0.069,0.2516,0.2546,-0.2332,0.1841,-0.7409,1.6966,-0.0184,0.2301,-0.2132,0.273,-0.9419,1.9236,0.2961,0.0414,0.1381,0.0239,0.0903,-0.1293,0.0427,0.0069,0.0188,0.0001,0.0666,0.0135,-0.0159,0.0028,0.0464,-0.0001,0.0276,0.1237,0.0062,-0.0138,0.034,-0.002,0.0078,0.0056,0.0019,-0.0022,0.1823,0.6349,-0.8281,0.4293,0.7227,-0.9115,0.311,-0.3001,0.3926,-0.0553,0.7036,-0.8998,0.4423,-0.5091,0.5432,0.4836,0.4853,-0.6635,0.0,0.0,0.3108,0.0,0.0,0.0,0.0,0.0,0.0,
5.88,run,-0.19,2.72,0.53,0.45,-0.32,16.3,0.0,0.0,0.195,6.33,9.84,-5.01,14.77,14.59,-12.57,10.81,-41.4,97.91,-1.85,13.62,-11.34,15.56,-53.17,111.45,16.96,2.29,8.61,6.37,10.76,-6.4,15.39,14.89,-12.21,10.97,-40.79,98.48,-2.06,13.89,-10.87,15.41,-52.56,112.18,17.0,1.6,9.16,0.1819,0.6502,-0.84,0.4399,0.7254,-0.9083,0.3134,-0.2871,0.3939,-0.0589,0.707,-0.8926,0.4404,-0.5011,0.5551,0.4858,0.4836,-0.6569,0.013,0.006,0.006,0.013,0.0,0.0,0.0,0.0,0.019,0.0,0.0,0.006,0.0,0.013,0.006,0.006,0.019,0.0,0.0997,0.1549,-0.0798,0.2562,0.2546,-0.2255,0.1841,-0.7302,1.6966,-0.0184,0.2301,-0.2117,0.273,-0.9357,1.9343,0.2961,0.0383,0.1427,-0.0293,0.0977,-0.1308,0.0472,0.0048,0.042,0.0001,0.0869,0.0094,-0.0111,0.002,0.0382,-0.0001,0.0424,0.1268,0.0043,-0.0212,0.0411,-0.0043,0.0068,-0.0136,-0.0066,0.0172,0.1811,0.6423,-0.8328,0.4339,0.7239,-0.9117,0.3121,-0.2944,0.3948,-0.0556,0.7051,-0.8973,0.4415,-0.5043,0.5506,0.4865,0.4845,-0.6593,0.0,0.0,0.3256,0.0,0.0,0.0,0.0,0.0,0.0,
5.92,run,-0.2,2.69,0.03,-0.06,-0.02,17.0,0.0,0.0,0.195,6.5,10.2,-5.54,14.85,14.68,-12.48,10.81,-41.13,98.0,-1.93,13.62,-11.16,15.47,-52.91,111.8,16.96,2.29,8.7,6.3,11.02,-6.85,15.53,14.76,-11.98,10.91,-40.53,98.33,-2.04,13.77,-10.66,15.38,-52.3,112.66,17.04,1.46,9.04,0.1799,0.6548,-0.8453,0.4437,0.7229,-0.9056,0.3118,-0.2823,0.3921,-0.0582,0.7049,-0.8902,0.4395,-0.4963,0.5607,0.487,0.481,-0.6583,0.013,0.006,0.006,0.013,0.0,0.0,0.0,0.0,0.019,0.0,0.0,0.006,0.0,0.013,0.006,0.006,0.019,0.0,0.1058,0.1626,-0.0905,0.2608,0.2562,-0.2224,0.1841,-0.724,1.6981,-0.0184,0.2301,-0.201,0.273,-0.9327,1.9451,0.2976,0.0368,0.1457,0.0025,0.0972,-0.1318,0.0503,0.0091,0.0409,0.0001,0.0838,0.0124,-0.0078,0.0014,0.067,-0.0,0.0411,0.1291,0.0088,-0.0206,0.0403,-0.0011,0.009,0.0092,0.0078,-0.0056,0.1819,0.6502,-0.84,0.4399,0.7254,-0.9083,0.3134,-0.2871,0.3939,-0.0589,0.707,-0.8926,0.4404,-0.5011,0.5551,0.4858,0.4836,-0.6569,0.0,0.0,0.3404,0.0,0.0,0.0,0.0,0.0,0.0,
5.96,run,-0.17,2.71,0.15,0.19,0.6,17.8,0.0,0.0,0.195,5.98,10.63,-6.06,15.12,14.68,-12.04,10.81,-40.78,98.0,-1.93,13.71,-10.9,15.47,-52.73,112.32,16.96,2.29,8.88,6.29,11.47,-7.4,15.74,14.8,-11.78,10.96,-40.14,98.46,-2.12,13.86,-10.41,15.35,-51.98,113.22,17.08,1.37,9.47,0.1796,0.663,-0.8518,0.4498,0.7237,-0.9033,0.3133,-0.2752,0.3936,-0.0606,0.7065,-0.8872,0.4386,-0.4906,0.5673,0.4879,0.4794,-0.6533,0.006,0.006,0.013,0.006,0.0,0.006,0.006,0.006,0.006,0.0,0.0,0.0,0.0,0.026,0.0,0.0,0.026,0.006,0.1089,0.1687,-0.0997,0.2623,0.2577,-0.2209,0.1841,-0.7194,1.6997,-0.0199,0.2301,-0.1979,0.2715,-0.9281,1.9512,0.2976,0.0368,0.1473,0.0133,0.091,-0.1268,0.0409,0.0121,0.0344,0.0,0.0759,0.0144,-0.0112,0.001,0.0584,-0.0058,0.0461,0.1133,0.0061,-0.0144,0.0339,-0.0025,0.0062,0.0005,-0.001,-0.0004,0.1799,0.6548,-0.8453,0.4437,0.7229,-0.9056,0.3118,-0.2823,0.3921,-0.0582,0.7049,-0.8902,0.4395,-0.4963,0.5607,0.487,0.481,-0.6583,0.0,0.0,0.3552,0.0,0.0,0.0,0.0,0.0,0.0,
6.0,run,-0.17,2.69,0.0,-0.0,-0.88,18.5,0.0,0.0,0.195,6.68,10.99,-6.59,15.29,14.68,-11.95,10.81,-40.43,98.0,-2.11,13.8,-10.46,15.47,-52.47,112.85,16.96,2.29,9.05,6.27,11.85,-7.98,15.95,14.83,-11.49,10.99,-39.76,98.29,-2.22,13.9,-10.03,15.3,-51.73,113.61,17.08,1.35,9.56,0.1792,0.67,-0.8586,0.4556,0.7241,-0.8998,0.314,-0.2684,0.3916,-0.0633,0.7073,-0.8827,0.4371,-0.4859,0.5719,0.488,0.4791,-0.6522,0.006,0.006,0.013,0.006,0.0,0.006,0.006,0.006,0.006,0.0,0.0,0.0,0.0,0.026,0.0,0.0,0.026,0.006,0.0997,0.1764,-0.1089,0.2669,0.2577,-0.2132,0.1841,-0.7133,1.6997,-0.0199,0.2316,-0.1933,0.2715,-0.925,1.9604,0.2976,0.0368,0.1503,-0.0252,0.0925,-0.1233,0.0459,0.0085,0.0528,0.0,0.0762,0.0101,-0.0078,0.0064,0.0582,-0.004,0.0437,0.1139,0.0043,-0.0101,0.0353,-0.0001,0.0076,0.0025,0.0034,0.0104,0.1796,0.663,-0.8518,0.4498,0.7237,-0.9033,0.3133,-0.2752,0.3936,-0.0606,0.7065,-0.8872,0.4386,-0.4906,0.5673,0.4879,0.4794,-0.6533,0.0,0.0,0.37,0.0,0.0,0.0,0.0,0.0,0.0,
6.04,run,-0.17,2.67,-0.24,-0.14,0.43,19.2,0.0,0.0,0.195,6.24,11.34,-7.12,15.38,14.77,-11.69,10.81,-40.25,98.0,-2.2,13.8,-10.28,15.47,-52.21,113.29,16.96,2.11,9.32,6.2,12.24,-8.39,16.11,14.74,-11.31,10.98,-39.5,98.42,-2.22,13.88,-9.83,15.28,-51.4,114.2,17.16,1.22,9.85,0.1772,0.677,-0.8635,0.4603,0.7226,-0.8978,0.3137,-0.2636,0.3931,-0.0634,0.7069,-0.8804,0.4367,-0.48,0.5788,0.4904,0.4767,-0.6489,0.006,0.006,0.013,0.006,0.0,0.006,0.006,0.006,0.006,0.0,0.0,0.0,0.0,0.026,0.0,0.0,0.026,0.006,0.112,0.1825,-0.1181,0.27,0.2577,-0.2117,0.1841,-0.7072,1.6997,-0.023,0.2332,-0.1856,0.2715,-0.9204,1.9696,0.2976,0.0368,0.1534,0.0285,0.0878,-0.1209,0.0437,0.006,0.0427,0.0,0.0764,0.0071,-0.017,0.0103,0.0696,-0.0028,0.0479,0.1143,0.003,-0.0071,0.0362,0.0004,0.0064,0.0,-0.0001,-0.0153,0.1792,0.67,-0.8586,0.4556,0.7241,-0.8998,0.314,-0.2684,0.3916,-0.0633,0.7073,-0.8827,0.4371,-0.4859,0.5719,0.488,0.4791,-0.6522,0.0,0.0,0.3848,0.0,0.0,0.0,0.0,0.0,0.0,
6.08,run,-0.17,2.67,-0.53,-0.12,1.02,20.0,0.0,0.0,0.195,5.98,11.78,-7.65,15.64,14.77,-11.51,10.81,-39.81,98.0,-2.2,13.8,-10.11,15.38,-51.94,113.82,16.96,1.93,9.49,6.22,12.69,-9.03,16.33,14.87,-11.12,11.07,-39.08,98.34,-2.34,14.03,-9.53,15.23,-51.12,114.67,17.18,1.23,10.13,0.1778,0.6852,-0.871,0.4666,0.7248,-0.8955,0.3163,-0.2559,0.3922,-0.0669,0.7097,-0.8768,0.4353,-0.4749,0.5843,0.491,0.4769,-0.6455,0.0,0.006,0.013,0.013,0.0,0.006,0.006,0.013,0.0,0.006,0.0,0.0,0.006,0.019,0.0,0.006,0.013,0.006,0.1043,0.1887,-0.1273,0.2715,0.2592,-0.2071,0.1841,-0.7041,1.6997,-0.0245,0.2332,-0.1825,0.2715,-0.9158,1.9773,0.2976,0.0337,0.158,-0.0087,0.0844,-0.119,0.0363,0.0099,0.0471,0.0,0.065,0.0049,-0.0177,0.0072,0.0602,-0.002,0.0508,0.1087,0.0021,-0.0164,0.0426,0.0005,0.0049,-0.0041,-0.0025,0.0075,0.1772,0.677,-0.8635,0.4603,0.7226,-0.8978,0.3137,-0.2636,0.3931,-0.0634,0.7069,-0.8804,0.4367,-0.48,0.5788,0.4904,0.4767,-0.6489,0.0,0.0,0.3996,0.0,0.0,0.0,0.0,0.0,0.0,
6.12,run,-0.19,2.69,-0.12,0.21,1.66,20.7,0.0,0.0,0.195,5.89,12.57,-8.7,15.91,14.77,-11.07,10.81,-39.38,98.0,-2.37,13.97,-9.4,15.29,-51.5,114.52,17.05,1.93,9.93,6.21,13.06,-9.5,16.5,14.91,-10.93,11.12,-38.73,98.32,-2.39,14.1,-9.16,15.19,-50.87,115.12,17.21,1.19,10.34,0.1774,0.6921,-0.8765,0.4715,0.7257,-0.8933,0.3178,-0.2496,0.392,-0.0684,0.7109,-0.8725,0.434,-0.4703,0.5896,0.4918,0.4762,-0.643,0.0,0.006,0.013,0.013,0.0,0.006,0.006,0.013,0.0,0.006,0.0,0.0,0.006,0.019,0.0,0.006,0.013,0.006,0.0997,0.1963,-0.1365,0.2761,0.2592,-0.204,0.1841,-0.6964,1.6997,-0.0245,0.2332,-0.1795,0.27,-0.9112,1.9865,0.2976,0.0307,0.1611,-0.0231,0.0875,-0.1174,0.0425,0.0069,0.0443,0.0,0.0739,0.0035,-0.0124,0.005,0.0535,-0.0071,0.0526,0.1102,0.0015,-0.0228,0.0411,0.0003,0.0049,-0.0092,-0.0021,0.0178,0.1778,0.6852,-0.871,0.4666,0.7248,-0.8955,0.3163,-0.2559,0.3922,-0.0669,0.7097,-0.8768,0.4353,-0.4749,0.5843,0.491,0.4769,-0.6455,0.0,0.0,0.4144,0.0,0.0,0.0,0.0,0.0,0.0,
6.16,run,-0.17,2.7,0.37,0.02,-1.31,21.5,0.0,0.0,0.195,6.24,12.57,-8.79,16.0,14.77,-11.07,10.81,-39.38,98.0,-2.37,13.97,-9.4,15.29,-51.5,114.7,17.14,1.93,9.93,6.13,13.45,-10.1,16.74,14.76,-10.45,11.08,-38.17,98.17,-2.44,13.96,-8.58,15.15,-50.48,115.51,17.15,0.99,10.55,0.1752,0.6992,-0.8835,0.4781,0.723,-0.8876,0.3165,-0.2394,0.3902,-0.0697,0.7084,-0.8656,0.4327,-0.4632,0.5942,0.4899,0.4726,-0.6405,0.006,0.006,0.013,0.013,0.0,0.006,0.0,0.033,0.0,0.0,0.0,0.006,0.006,0.039,0.013,0.006,0.026,0.013,0.0982,0.2102,-0.1549,0.2807,0.2592,-0.1963,0.1841,-0.6888,1.6997,-0.0276,0.2362,-0.1672,0.2684,-0.9035,1.9988,0.2991,0.0307,0.1687,-0.0187,0.0842,-0.1128,0.0374,0.0049,0.0438,0.0,0.0645,0.0024,-0.0138,0.0086,0.0578,-0.0075,0.0496,0.0975,0.0036,-0.016,0.0416,-0.0012,0.0065,-0.0021,0.0037,0.029,0.1774,0.6921,-0.8765,0.4715,0.7257,-0.8933,0.3178,-0.2496,0.392,-0.0684,0.7109,-0.8725,0.434,-0.4703,0.5896,0.4918,0.4762,-0.643,0.0,0.0,0.4292,0.0,0.0,0.0,0.0,0.0,0.0,
6.2,run,-0.14,2.7,0.19,0.29,0.67,22.2,0.0,0.0,0.195,6.33,12.92,-9.32,16.17,14.77,-10.81,10.81,-38.94,98.0,-2.37,13.97,-9.14,15.29,-51.24,115.22,17.14,1.76,10.2,6.09,14.01,-10.55,16.91,14.89,-10.69,11.14,-38.07,98.38,-2.53,14.09,-8.58,15.13,-50.26,116.1,17.32,1.04,10.92,0.1741,0.7092,-0.8888,0.4831,0.7253,-0.8905,0.3183,-0.2376,0.3927,-0.0722,0.7107,-0.8657,0.4322,-0.4593,0.6012,0.4947,0.4734,-0.6362,0.006,0.006,0.013,0.013,0.0,0.006,0.0,0.033,0.0,0.0,0.0,0.006,0.006,0.039,0.013,0.006,0.026,0.013,0.1043,0.2102,-0.1565,0.2823,0.2592,-0.1963,0.1841,-0.6888,1.6997,-0.0276,0.2362,-0.1672,0.2684,-0.9035,2.0018,0.3007,0.0307,0.1687,0.0098,0.0589,-0.0847,0.0319,0.0034,0.0307,0.0,0.0451,0.0017,-0.0096,0.006,0.0405,-0.0052,0.0347,0.0797,0.0082,-0.0112,0.0291,0.0,0.0075,0.0065,0.0003,-0.0229,0.1752,0.6992,-0.8835,0.4781,0.723,-0.8876,0.3165,-0.2394,0.3902,-0.0697,0.7084,-0.8656,0.4327,-0.4632,0.5942,0.4899,0.4726,-0.6405,0.0,0.0,0.444,0.0,0.0,0.0,0.0,0.0,0.0,
6.24,run,-0.14,2.72,0.18,0.15,0.12,22.9,0.0,0.0,0.195,5.62,13.36,-9.76,16.35,14.77,-10.55,10.9,-38.58,98.0,-2.46,13.97,-8.61,15.29,-50.8,115.49,17.14,1.58,10.46,6.09,14.26,-10.93,17.05,14.88,-10.35,11.2,-37.66,98.25,-2.55,14.19,-8.18,15.08,-49.87,116.64,17.34,1.01,11.17,0.1739,0.7139,-0.8933,0.4871,0.7252,-0.8864,0.3199,-0.2302,0.3912,-0.0729,0.7126,-0.861,0.4309,-0.4522,0.6075,0.4954,0.4729,-0.6333,0.006,0.006,0.013,0.013,0.0,0.006,0.0,0.033,0.0,0.0,0.0,0.006,0.006,0.039,0.013,0.006,0.026,0.013,0.1058,0.2163,-0.1657,0.2853,0.2592,-0.1917,0.1841,-0.6811,1.6997,-0.0276,0.2362,-0.1626,0.2684,-0.8989,2.011,0.3007,0.0276,0.1733,0.0126,0.0644,-0.094,0.0339,0.0024,0.0388,0.0,0.0605,0.0012,-0.0067,0.0042,0.0457,-0.0037,0.0416,0.0905,0.0058,-0.0194,0.0377,0.0027,0.0076,0.0033,0.0051,0.0118,0.1741,0.7092,-0.8888,0.4831,0.7253,-0.8905,0.3183,-0.2376,0.3927,-0.0722,0.7107,-0.8657,0.4322,-0.4593,0.6012,0.4947,0.4734,-0.6362,0.0,0.0,0.4588,0.0,0.0,0.0,0.0,0.0,0.0,
6.28,run,-0.13,2.71,-0.14,0.13,-0.24,23.7,0.0,0.0,0.195,6.24,13.8,-10.28,16.61,14.77,-10.63,10.9,-38.32,98.0,-2.55,13.97,-8.44,15.29,-50.54,116.19,17.23,1.58,10.81,6.09,14.61,-11.37,17.2,14.94,-10.03,11.27,-37.4,98.06,-2.66,14.29,-7.87,15.03,-49.64,116.9,17.37,1.11,11.24,0.1739,0.7202,-0.8985,0.4915,0.7262,-0.8827,0.3221,-0.2255,0.389,-0.076,0.7144,-0.8573,0.4295,-0.4479,0.6105,0.4962,0.4747,-0.6325,0.013,0.006,0.006,0.006,0.0,0.006,0.006,0.019,0.0,0.0,0.0,0.013,0.006,0.026,0.0,0.0,0.006,0.0,0.0936,0.224,-0.1733,0.2884,0.2592,-0.1871,0.1856,-0.675,1.6997,-0.0291,0.2362,-0.1534,0.2684,-0.8912,2.0157,0.3007,0.0245,0.1779,-0.0371,0.0738,-0.0945,0.0352,0.0017,0.0444,0.0057,0.0653,0.0008,-0.0105,0.003,0.0665,-0.0026,0.0579,0.0806,0.004,-0.0251,0.0436,0.0026,0.0085,0.0032,0.0026,0.002,0.1739,0.7139,-0.8933,0.4871,0.7252,-0.8864,0.3199,-0.2302,0.3912,-0.0729,0.7126,-0.861,0.4309,-0.4522,0.6075,0.4954,0.4729,-0.6333,0.0,0.0,0.4736,0.0,0.0,0.0,0.0,0.0,0.0,
6.32,run,-0.1,2.71,0.22,0.11,-0.5,24.4,0.0,0.0,0.195,6.15,14.24,-10.72,16.79,14.77,-10.2,10.9,-37.97,97.91,-2.72,13.97,-8.09,15.21,-50.19,116.63,17.31,1.58,10.99,6.03,15.02,-11.73,17.37,14.94,-9.89,11.28,-37.14,98.24,-2.67,14.32,-7.58,15.01,-49.31,117.5,17.43,1.01,11.58,0.1723,0.7276,-0.9027,0.4963,0.7263,-0.881,0.3222,-0.2206,0.391,-0.0762,0.7149,-0.8539,0.4288,-0.4421,0.6176,0.4981,0.4729,-0.6285,0.013,0.006,0.006,0.006,0.0,0.006,0.006,0.019,0.0,0.0,0.0,0.013,0.006,0.026,0.0,0.0,0.006,0.0,0.1043,0.2316,-0.1825,0.293,0.2592,-0.1887,0.1856,-0.6703,1.6997,-0.0307,0.2362,-0.1503,0.2684,-0.8866,2.0279,0.3022,0.0245,0.1841,0.0143,0.0804,-0.1007,0.0419,0.0012,0.0253,0.004,0.063,0.0006,-0.0131,0.0021,0.058,-0.0018,0.0578,0.1025,0.0086,-0.0176,0.0536,0.0042,0.0084,-0.0024,0.0023,-0.0042,0.1739,0.7202,-0.8985,0.4915,0.7262,-0.8827,0.3221,-0.2255,0.389,-0.076,0.7144,-0.8573,0.4295,-0.4479,0.6105,0.4962,0.4747,-0.6325,0.0,0.0,0.4884,0.0,0.0,0.0,0.0,0.0,0.0,
6.36,run,-0.12,2.7,-0.31,-0.16,0.72,25.2,0.0,0.0,0.195,5.71,14.5,-11.16,16.88,14.77,-10.11,10.99,-37.88,97.91,-2.72,14.24,-7.82,15.12,-50.01,116.98,17.31,1.58,11.25,5.99,15.38,-12.17,17.55,14.91,-9.57,11.33,-36.79,98.05,-2.75,14.39,-7.23,14.97,-48.94,117.93,17.47,1.02,11.84,0.1711,0.7341,-0.9078,0.5013,0.7257,-0.8773,0.3237,-0.2144,0.3889,-0.0785,0.7162,-0.8497,0.4276,-0.4352,0.6227,0.4993,0.473,-0.6254,0.013,0.006,0.006,0.006,0.0,0.006,0.006,0.019,0.0,0.0,0.0,0.013,0.006,0.026,0.0,0.0,0.006,0.0,0.1028,0.2393,-0.1902,0.2961,0.2592,-0.181,0.1856,-0.6642,1.6981,-0.0337,0.2362,-0.1442,0.2669,-0.8805,2.0356,0.3037,0.0245,0.1871,0.0043,0.085,-0.0992,0.0408,0.0008,0.0465,0.0028,0.0671,-0.0053,-0.0206,0.0015,0.0636,-0.007,0.0634,0.1004,0.0117,-0.0123,0.049,0.0059,0.0079,0.0039,0.0019,-0.0087,0.1723,0.7276,-0.9027,0.4963,0.7263,-0.881,0.3222,-0.2206,0.391,-0.0762,0.7149,-0.8539,0.4288,-0.4421,0.6176,0.4981,0.4729,-0.6285,0.0,0.0,0.5032,0.0,0.0,0.0,0.0,0.0,0.0,
6.4,run,-0.1,2.69,0.27,0.13,-1.03,25.9,0.0,0.0,0.195,6.33,14.94,-11.6,17.05,14.77,-9.67,11.07,-37.62,97.91,-2.72,14.33,-7.65,15.03,-49.57,117.6,17.31,1.58,11.51,6.0,15.8,-12.74,17.76,15.05,-9.3,11.43,-36.4,98.1,-2.88,14.53,-6.89,14.91,-48.6,118.41,17.49,1.02,12.17,0.1713,0.7417,-0.9146,0.5074,0.7281,-0.8742,0.3265,-0.2074,0.3894,-0.0822,0.7187,-0.8457,0.426,-0.4291,0.6283,0.4997,0.473,-0.6215,0.013,0.0,0.006,0.006,0.006,0.006,0.006,0.026,0.0,0.006,0.0,0.0,0.0,0.026,0.0,0.006,0.006,0.006,0.0951,0.2439,-0.1979,0.2976,0.2592,-0.1795,0.1871,-0.6627,1.6981,-0.0337,0.2408,-0.1396,0.2654,-0.8774,2.0417,0.3037,0.0245,0.1917,-0.0258,0.0768,-0.0982,0.0343,0.0006,0.0383,0.0077,0.0527,-0.0037,-0.0145,0.0183,0.0618,-0.0107,0.0559,0.0933,0.0082,-0.0086,0.0516,0.0049,0.0067,-0.0055,-0.0029,0.0126,0.1711,0.7341,-0.9078,0.5013,0.7257,-0.8773,0.3237,-0.2144,0.3889,-0.0785,0.7162,-0.8497,0.4276,-0.4352,0.6227,0.4993,0.473,-0.6254,0.0,0.0,0.518,0.0,0.0,0.0,0.0,0.0,0.0,
6.44,run,-0.12,2.68,-0.59,-0.31,0.5,26.6,0.0,0.0,0.195,5.89,15.38,-12.04,17.31,14.85,-9.58,11.16,-37.18,97.91,-2.81,14.33,-7.03,15.12,-49.31,118.12,17.31,1.58,11.78,5.9,16.15,-13.07,17.89,14.94,-9.19,11.45,-36.15,98.07,-2.86,14.53,-6.6,14.89,-48.17,119.11,17.58,0.9,12.46,0.1686,0.7481,-0.9185,0.511,0.7262,-0.8728,0.327,-0.2027,0.389,-0.0817,0.7187,-0.8423,0.4254,-0.4213,0.6366,0.5023,0.4708,-0.6181,0.013,0.0,0.006,0.006,0.006,0.006,0.006,0.026,0.0,0.006,0.0,0.0,0.0,0.026,0.0,0.006,0.006,0.006,0.1058,0.2516,-0.2056,0.3007,0.2592,-0.1718,0.1887,-0.6581,1.6981,-0.0337,0.2424,-0.1365,0.2638,-0.8698,2.0525,0.3037,0.0245,0.1963,0.0222,0.0825,-0.0975,0.0355,0.0004,0.0555,0.0112,0.0542,-0.0026,-0.0101,0.0186,0.0548,-0.0132,0.0679,0.1056,0.0058,-0.006,0.0534,0.0067,0.0062,0.0047,0.0023,-0.0179,0.1713,0.7417,-0.9146,0.5074,0.7281,-0.8742,0.3265,-0.2074,0.3894,-0.0822,0.7187,-0.8457,0.426,-0.4291,0.6283,0.4997,0.473,-0.6215,0.0,0.0,0.5328,0.0,0.0,0.0,0.0,0.0,0.0,
6.48,run,-0.14,2.7,-0.66,0.37,1.56,27.4,0.0,0.0,0.195,5.8,15.73,-12.48,17.4,14.85,-9.32,11.16,-36.83,97.91,-2.81,14.33,-6.86,14.94,-48.96,118.48,17.4,1.58,12.04,5.91,16.53,-13.5,18.08,14.99,-8.8,11.51,-35.73,97.95,-2.98,14.63,-6.16,14.82,-47.88,119.34,17.54,0.92,12.72,0.169,0.7551,-0.9236,0.5166,0.7272,-0.8682,0.3287,-0.1951,0.3877,-0.0852,0.7206,-0.8372,0.4233,-0.416,0.6393,0.5013,0.4712,-0.6151,0.013,0.0,0.006,0.006,0.006,0.006,0.006,0.026,0.0,0.006,0.0,0.0,0.0,0.026,0.0,0.006,0.006,0.006,0.0982,0.2592,-0.2132,0.3053,0.2608,-0.1703,0.1902,-0.6504,1.6981,-0.0353,0.2424,-0.1258,0.2654,-0.8652,2.0617,0.3037,0.0245,0.201,-0.0134,0.0867,-0.0972,0.0422,0.0061,0.0447,0.0136,0.0668,-0.0018,-0.0129,0.013,0.0788,-0.0035,0.0649,0.1086,0.004,-0.0042,0.0547,0.0048,0.0056,-0.0102,-0.0054,0.0087,0.1686,0.7481,-0.9185,0.511,0.7262,-0.8728,0.327,-0.2027,0.389,-0.0817,0.7187,-0.8423,0.4254,-0.4213,0.6366,0.5023,0.4708,-0.6181,0.0,0.0,0.5476,0.0,0.0,0.0,0.0,0.0,0.0,
6.52,run,-0.08,2.7,0.82,0.07,-2.1,28.1,0.0,0.0,0.195,6.15,16.08,-12.92,17.49,14.85,-9.05,11.16,-36.56,97.91,-2.99,14.33,-6.42,14.85,-48.52,119.09,17.49,1.58,12.39,5.87,16.95,-13.82,18.24,15.05,-8.52,11.6,-35.31,97.88,-3.04,14.75,-5.62,14.76,-47.41,119.91,17.58,0.93,13.12,0.1678,0.7627,-0.9272,0.5212,0.7282,-0.8649,0.3314,-0.1874,0.3868,-0.0869,0.7227,-0.8308,0.4218,-0.4075,0.646,0.5021,0.4715,-0.6103,0.0,0.006,0.0,0.013,0.0,0.006,0.013,0.045,0.006,0.0,0.013,0.0,0.006,0.026,0.006,0.0,0.013,0.006,0.0966,0.2654,-0.2209,0.3068,0.2608,-0.1657,0.1902,-0.6443,1.6981,-0.0353,0.2424,-0.1227,0.2623,-0.859,2.0678,0.3053,0.0245,0.2056,-0.0151,0.0836,-0.0967,0.0353,0.0042,0.0484,0.0095,0.0697,-0.0013,-0.009,0.0091,0.0666,-0.0139,0.0683,0.0989,0.0085,-0.003,0.0555,0.0029,0.0071,-0.0114,0.0065,0.0272,0.169,0.7551,-0.9236,0.5166,0.7272,-0.8682,0.3287,-0.1951,0.3877,-0.0852,0.7206,-0.8372,0.4233,-0.416,0.6393,0.5013,0.4712,-0.6151,0.0,0.0,0.5624,0.0,0.0,0.0,0.0,0.0,0.0,
6.56,run,-0.08,2.72,0.24,0.31,1.03,28.9,0.0,0.0,0.195,5.45,16.52,-13.36,17.75,14.94,-8.7,11.25,-36.3,97.91,-3.08,14.59,-5.98,14.85,-48.16,119.53,17.4,1.58,12.66,5.78,17.33,-14.26,18.37,14.95,-8.3,11.63,-35.15,97.8,-3.06,14.71,-5.47,14.74,-47.02,120.44,17.69,0.91,13.32,0.1652,0.7696,-0.9325,0.525,0.7263,-0.8623,0.3324,-0.1846,0.3859,-0.0874,0.722,-0.829,0.421,-0.4004,0.6523,0.5054,0.4711,-0.608,0.0,0.006,0.0,0.013,0.0,0.006,0.013,0.045,0.006,0.0,0.013,0.0,0.006,0.026,0.006,0.0,0.013,0.006,0.1028,0.2715,-0.2286,0.3083,0.2608,-0.1611,0.1902,-0.6397,1.6981,-0.0383,0.2424,-0.115,0.2608,-0.8514,2.0785,0.3068,0.0245,0.2117,0.0124,0.0815,-0.0964,0.0304,0.003,0.0512,0.0067,0.066,-0.0009,-0.0178,0.0064,0.0754,-0.0155,0.0766,0.1095,0.0117,-0.0021,0.0618,0.0083,0.0074,0.0143,0.0013,-0.0366,0.1678,0.7627,-0.9272,0.5212,0.7282,-0.8649,0.3314,-0.1874,0.3868,-0.0869,0.7227,-0.8308,0.4218,-0.4075,0.646,0.5021,0.4715,-0.6103,0.0,0.0,0.5772,0.0,0.0,0.0,0.0,0.0,0.0,
6.6,run,-0.11,2.74,-0.45,0.22,0.27,29.6,0.0,0.0,0.195,5.71,16.88,-13.71,17.84,14.94,-8.61,11.25,-36.04,97.91,-3.16,14.59,-5.54,14.85,-47.81,120.06,17.58,1.58,13.01,5.77,17.59,-14.62,18.55,15.01,-7.94,11.72,-34.71,97.63,-3.16,14.86,-4.96,14.66,-46.65,120.82,17.66,0.94,13.52,0.1648,0.7744,-0.9367,0.53,0.7275,-0.8582,0.3349,-0.1765,0.3839,-0.0904,0.7247,-0.823,0.4188,-0.3936,0.6567,0.5044,0.4717,-0.6056,0.0,0.006,0.0,0.013,0.0,0.006,0.013,0.045,0.006,0.0,0.013,0.0,0.006,0.026,0.006,0.0,0.013,0.006,0.0905,0.2792,-0.2362,0.3129,0.2623,-0.1549,0.1917,-0.6351,1.6981,-0.0399,0.247,-0.1074,0.2608,-0.8452,2.0862,0.3053,0.0245,0.2163,-0.0376,0.086,-0.0964,0.0387,0.0079,0.059,0.0104,0.0636,-0.0006,-0.0182,0.0218,0.0817,-0.0108,0.0767,0.1056,0.0024,-0.0014,0.0606,0.0078,0.0086,0.0041,0.0054,0.018,0.1652,0.7696,-0.9325,0.525,0.7263,-0.8623,0.3324,-0.1846,0.3859,-0.0874,0.722,-0.829,0.421,-0.4004,0.6523,0.5054,0.4711,-0.608,0.0,0.0,0.592,0.0,0.0,0.0,0.0,0.0,0.0,
6.64,run,-0.1,2.75,0.13,0.05,0.41,30.3,0.0,0.0,0.195,6.15,17.23,-14.06,17.93,14.94,-8.09,11.25,-35.68,97.73,-3.16,14.68,-5.27,14.85,-47.46,120.5,17.58,1.58,13.27,5.71,18.09,-14.91,18.71,15.05,-7.79,11.79,-34.41,97.77,-3.23,14.94,-4.58,14.63,-46.23,121.35,17.72,0.95,14.02,0.1633,0.7834,-0.9401,0.5347,0.7282,-0.8563,0.3368,-0.1711,0.3856,-0.0924,0.7262,-0.8186,0.418,-0.386,0.663,0.5064,0.4717,-0.5998,0.006,0.0,0.0,0.013,0.0,0.006,0.006,0.065,0.0,0.0,0.0,0.006,0.006,0.039,0.006,0.006,0.013,0.006,0.0951,0.2853,-0.2424,0.3145,0.2623,-0.1534,0.1917,-0.6305,1.6981,-0.0414,0.247,-0.0997,0.2608,-0.8391,2.0954,0.3083,0.0245,0.2224,-0.0091,0.0831,-0.0904,0.0328,0.0055,0.047,0.0073,0.0617,-0.0004,-0.0185,0.0153,0.0858,-0.0076,0.0766,0.1082,0.0131,-0.001,0.0653,0.0059,0.011,-0.0078,0.0038,0.0047,0.1648,0.7744,-0.9367,0.53,0.7275,-0.8582,0.3349,-0.1765,0.3839,-0.0904,0.7247,-0.823,0.4188,-0.3936,0.6567,0.5044,0.4717,-0.6056,0.0,0.0,0.6068,0.0,0.0,0.0,0.0,0.0,0.0,
6.68,run,-0.09,2.77,0.31,0.23,0.36,31.1,0.0,0.0,0.195,5.36,17.67,-14.5,18.19,14.94,-7.91,11.51,-35.42,97.73,-3.16,14.85,-4.75,14.68,-47.02,121.03,17.67,1.58,13.54,5.64,18.43,-15.22,18.86,14.98,-7.59,11.85,-34.02,97.69,-3.26,15.02,-4.2,14.59,-45.69,122.03,17.8,0.89,14.49,0.1611,0.7896,-0.9437,0.5387,0.7269,-0.854,0.3386,-0.164,0.3845,-0.0931,0.7277,-0.8141,0.4167,-0.3762,0.671,0.5085,0.4708,-0.5942,0.006,0.0,0.0,0.013,0.0,0.006,0.006,0.065,0.0,0.0,0.0,0.006,0.006,0.039,0.006,0.006,0.013,0.006,0.1028,0.2915,-0.2485,0.316,0.2623,-0.1442,0.1917,-0.6243,1.695,-0.0414,0.2485,-0.0951,0.2608,-0.833,2.1031,0.3083,0.0245,0.227,0.0216,0.0805,-0.0856,0.0285,0.0039,0.0665,0.0051,0.0655,-0.0115,-0.0129,0.0163,0.0768,-0.0053,0.076,0.1037,0.0092,-0.0007,0.0625,0.0064,0.0111,0.0023,0.0009,0.0072,0.1633,0.7834,-0.9401,0.5347,0.7282,-0.8563,0.3368,-0.1711,0.3856,-0.0924,0.7262,-0.8186,0.418,-0.386,0.663,0.5064,0.4717,-0.5998,0.0,0.0,0.6216,0.0,0.0,0.0,0.0,0.0,0.0,
6.72,run,-0.12,2.82,-1.06,1.39,0.73,31.8,0.0,0.0,0.195,5.71,17.93,-14.77,18.37,14.94,-7.73,11.51,-35.16,97.73,-3.25,14.85,-4.66,14.68,-46.67,121.46,17.67,1.58,13.89,5.61,18.75,-15.6,19.0,15.05,-7.2,11.94,-33.68,97.5,-3.35,15.09,-3.71,14.52,-45.39,122.24,17.77,0.96,14.54,0.1603,0.7954,-0.9483,0.5429,0.7282,-0.8494,0.3412,-0.1579,0.3824,-0.0958,0.7289,-0.8084,0.4148,-0.3708,0.6734,0.5078,0.472,-0.5936,0.006,0.0,0.0,0.013,0.0,0.006,0.006,0.065,0.0,0.0,0.0,0.006,0.006,0.039,0.006,0.006,0.013,0.006,0.089,0.2991,-0.2562,0.3206,0.2623,-0.1411,0.1963,-0.6197,1.695,-0.0414,0.2516,-0.0859,0.2577,-0.8253,2.1123,0.3099,0.0245,0.2316,-0.0384,0.0861,-0.0897,0.0378,0.0027,0.0584,0.0214,0.0637,-0.008,-0.0091,0.0233,0.0895,-0.0156,0.0829,0.1083,0.0124,-0.0005,0.0616,0.0076,0.0132,0.0055,0.0039,0.0063,0.1611,0.7896,-0.9437,0.5387,0.7269,-0.854,0.3386,-0.164,0.3845,-0.0931,0.7277,-0.8141,0.4167,-0.3762,0.671,0.5085,0.4708,-0.5942,0.0,0.0,0.6364,0.0,0.0,0.0,0.0,0.0,0.0,
6.76,run,-0.05,2.78,1.48,-1.53,-1.18,32.6,0.0,0.0,0.195,5.8,18.37,-15.12,18.54,14.94,-7.38,11.51,-34.72,97.56,-3.34,15.03,-4.04,14.59,-46.14,121.99,17.67,1.58,14.15,5.54,19.24,-15.67,19.12,15.13,-7.23,12.04,-33.4,97.71,-3.37,15.25,-3.19,14.5,-44.95,122.98,17.88,0.98,15.09,0.1582,0.8044,-0.949,0.5462,0.7296,-0.8498,0.3441,-0.1527,0.3849,-0.0964,0.7318,-0.8022,0.4142,-0.3627,0.6821,0.5108,0.4723,-0.5872,0.0,0.0,0.006,0.006,0.0,0.006,0.006,0.091,0.0,0.0,0.0,0.0,0.006,0.019,0.0,0.006,0.013,0.0,0.0951,0.3037,-0.2608,0.3237,0.2623,-0.1381,0.1963,-0.6151,1.695,-0.043,0.2516,-0.0844,0.2577,-0.8191,2.12,0.3099,0.0245,0.2378,-0.004,0.0775,-0.08,0.0379,0.0019,0.0523,0.015,0.0618,-0.0056,-0.0121,0.0163,0.0684,-0.0109,0.081,0.1045,0.0087,-0.0003,0.066,0.0049,0.0177,-0.0185,0.0242,0.0127,0.1603,0.7954,-0.9483,0.5429,0.7282,-0.8494,0.3412,-0.1579,0.3824,-0.0958,0.7289,-0.8084,0.4148,-0.3708,0.6734,0.5078,0.472,-0.5936,0.0,0.0,0.6512,0.0,0.0,0.0,0.0,0.0,0.0,
6.8,run,-0.12,2.75,-1.9,0.5,1.1,33.3,0.0,0.0,0.195,5.1,18.81,-15.38,18.63,14.94,-7.21,11.69,-34.45,97.47,-3.34,15.12,-3.52,14.59,-45.7,122.43,17.67,1.58,14.5,5.48,19.36,-16.25,19.26,14.98,-6.69,12.08,-33.14,97.44,-3.43,15.2,-3.17,14.41,-44.45,123.27,17.94,0.97,15.33,0.1565,0.8065,-0.9559,0.5502,0.7269,-0.8434,0.3452,-0.148,0.3817,-0.098,0.731,-0.802,0.4118,-0.3536,0.6856,0.5127,0.4721,-0.5844,0.0,0.0,0.006,0.006,0.0,0.006,0.006,0.091,0.0,0.0,0.0,0.0,0.006,0.019,0.0,0.006,0.013,0.0,0.0966,0.3114,-0.2669,0.3267,0.2623,-0.1319,0.1963,-0.6075,1.692,-0.0445,0.2546,-0.0736,0.2562,-0.8099,2.1292,0.3099,0.0245,0.2424,0.003,0.0831,-0.0791,0.0381,0.0013,0.0598,0.0105,0.0722,-0.0155,-0.0142,0.023,0.0883,-0.0134,0.0914,0.1078,0.0061,-0.0002,0.0636,0.011,0.0138,0.0259,-0.0267,-0.0206,0.1582,0.8044,-0.949,0.5462,0.7296,-0.8498,0.3441,-0.1527,0.3849,-0.0964,0.7318,-0.8022,0.4142,-0.3627,0.6821,0.5108,0.4723,-0.5872,0.0,0.0,0.666,0.0,0.0,0.0,0.0,0.0,0.0,
6.84,run,-0.1,2.84,0.14,0.58,-1.12,34.0,0.0,0.0,0.195,5.71,19.07,-15.56,18.81,14.94,-7.21,11.69,-34.19,97.47,-3.34,15.12,-3.25,14.5,-45.26,122.96,17.84,1.49,14.85,5.45,19.86,-16.31,19.4,15.1,-6.49,12.25,-32.67,97.48,-3.52,15.41,-2.32,14.38,-44.06,123.72,17.93,1.01,15.68,0.1558,0.8156,-0.9566,0.5543,0.729,-0.841,0.3501,-0.1395,0.3821,-0.1007,0.7347,-0.792,0.4109,-0.3465,0.6909,0.5122,0.4729,-0.5802,0.0,0.0,0.006,0.006,0.0,0.006,0.006,0.091,0.0,0.0,0.0,0.0,0.006,0.019,0.0,0.006,0.013,0.0,0.0844,0.3191,-0.2715,0.3283,0.2623,-0.1289,0.1994,-0.6029,1.6904,-0.0445,0.2562,-0.0644,0.2562,-0.8023,2.1368,0.3099,0.0245,0.2485,-0.0437,0.0868,-0.0725,0.0324,0.0009,0.0533,0.0188,0.0677,-0.0166,-0.01,0.0218,0.0962,-0.0094,0.0926,0.1041,0.0042,-0.0002,0.0674,0.0043,0.0119,-0.0332,0.0087,0.0192,0.1565,0.8065,-0.9559,0.5502,0.7269,-0.8434,0.3452,-0.148,0.3817,-0.098,0.731,-0.802,0.4118,-0.3536,0.6856,0.5127,0.4721,-0.5844,0.0,0.0,0.6808,0.0,0.0,0.0,0.0,0.0,0.0,
6.88,run,-0.12,2.81,-0.37,-0.11,-0.9,34.8,0.0,0.0,0.195,5.45,19.34,-15.91,18.9,14.94,-6.68,11.78,-33.93,97.47,-3.52,15.21,-2.99,14.59,-44.82,123.49,17.75,1.49,15.21,5.36,20.21,-16.56,19.5,15.1,-6.37,12.3,-32.51,97.54,-3.51,15.41,-2.08,14.34,-43.6,124.35,18.05,1.05,16.02,0.153,0.822,-0.9595,0.557,0.7291,-0.8397,0.3513,-0.1365,0.3829,-0.1003,0.7348,-0.7891,0.4098,-0.3383,0.6982,0.5158,0.4736,-0.5762,0.006,0.0,0.0,0.013,0.0,0.006,0.006,0.078,0.0,0.0,0.0,0.006,0.006,0.026,0.0,0.013,0.006,0.006,0.0951,0.3237,-0.2746,0.3313,0.2623,-0.1289,0.1994,-0.5983,1.6904,-0.0445,0.2562,-0.0598,0.2546,-0.7946,2.146,0.3129,0.023,0.2546,0.0097,0.078,-0.0623,0.0342,0.0006,0.0373,0.0132,0.0646,-0.0116,-0.007,0.0153,0.0846,-0.0123,0.0936,0.1074,0.0145,-0.0059,0.0702,0.0065,0.0193,0.0024,0.0101,-0.0195,0.1558,0.8156,-0.9566,0.5543,0.729,-0.841,0.3501,-0.1395,0.3821,-0.1007,0.7347,-0.792,0.4109,-0.3465,0.6909,0.5122,0.4729,-0.5802,0.0,0.0,0.6956,0.0,0.0,0.0,0.0,0.0,0.0,
6.92,run,-0.22,2.85,-2.21,0.99,2.82,35.5,0.0,0.0,0.195,5.01,19.78,-16.26,18.9,14.94,-6.59,11.95,-33.57,97.47,-3.52,15.29,-2.29,14.41,-44.38,123.93,17.93,1.49,15.56,5.3,20.53,-16.85,19.61,15.11,-6.13,12.42,-32.18,97.41,-3.59,15.55,-1.68,14.28,-43.11,124.78,18.12,1.06,16.46,0.1514,0.8278,-0.9629,0.5603,0.7293,-0.8368,0.3549,-0.1305,0.3813,-0.1024,0.7373,-0.7845,0.4079,-0.3294,0.7033,0.5176,0.4738,-0.571,0.006,0.0,0.0,0.013,0.0,0.006,0.006,0.078,0.0,0.0,0.0,0.006,0.006,0.026,0.0,0.013,0.006,0.006,0.0905,0.3283,-0.2807,0.3329,0.2623,-0.1197,0.201,-0.5937,1.6904,-0.0476,0.2577,-0.0552,0.2562,-0.7869,2.1552,0.3114,0.023,0.2608,-0.0104,0.0718,-0.0665,0.0297,0.0005,0.0605,0.0149,0.0624,-0.0081,-0.0163,0.0164,0.0764,-0.0029,0.0941,0.1095,0.0044,-0.0041,0.072,0.0045,0.0165,-0.0065,-0.0019,-0.0157,0.153,0.822,-0.9595,0.557,0.7291,-0.8397,0.3513,-0.1365,0.3829,-0.1003,0.7348,-0.7891,0.4098,-0.3383,0.6982,0.5158,0.4736,-0.5762,0.0,0.0,0.7104,0.0,0.0,0.0,0.0,0.0,0.0,
6.96,run,-0.25,2.84,-0.72,-0.54,-0.78,36.3,0.0,0.0,0.195,5.62,20.13,-16.44,19.07,14.94,-6.33,12.04,-33.31,97.47,-3.6,15.29,-2.11,14.33,-43.95,124.45,18.02,1.49,15.82,5.28,20.91,-16.9,19.75,15.23,-5.7,12.56,-31.6,97.35,-3.67,15.73,-0.78,14.21,-42.61,125.14,18.06,1.14,16.88,0.1508,0.8348,-0.9635,0.5642,0.7315,-0.8318,0.359,-0.12,0.3806,-0.1049,0.7406,-0.7738,0.4061,-0.3202,0.7075,0.516,0.4752,-0.5661,0.006,0.0,0.0,0.013,0.0,0.006,0.006,0.078,0.0,0.0,0.0,0.006,0.006,0.026,0.0,0.013,0.006,0.006,0.0828,0.3359,-0.2869,0.3329,0.2623,-0.1181,0.204,-0.5875,1.6904,-0.0476,0.2592,-0.043,0.2531,-0.7793,2.1629,0.3145,0.023,0.2669,-0.0362,0.0792,-0.0697,0.0208,0.0003,0.0481,0.022,0.0668,-0.0057,-0.0114,0.0173,0.0997,-0.0136,0.0948,0.1056,0.0146,-0.0029,0.0736,-0.0038,0.0203,-0.0386,0.0173,0.0492,0.1514,0.8278,-0.9629,0.5603,0.7293,-0.8368,0.3549,-0.1305,0.3813,-0.1024,0.7373,-0.7845,0.4079,-0.3294,0.7033,0.5176,0.4738,-0.571,0.0,0.0,0.7252,0.0,0.0,0.0,0.0,0.0,0.0,
7.0,run,-0.27,2.85,-1.11,0.49,-1.12,37.0,0.0,0.0,0.195,5.1,20.57,-16.7,19.25,14.94,-5.98,12.13,-32.87,97.47,-3.69,15.47,-1.49,14.33,-43.42,124.89,18.02,1.49,16.26,5.18,21.29,-17.3,19.86,15.21,-5.67,12.61,-31.43,97.48,-3.69,15.73,-0.7,14.17,-42.14,125.72,18.2,1.05,17.4,0.1479,0.8417,-0.9683,0.5676,0.7311,-0.8315,0.3603,-0.117,0.3821,-0.1054,0.7405,-0.7729,0.4048,-0.3116,0.7143,0.52,0.4736,-0.56,0.013,0.006,0.013,0.006,0.0,0.0,0.006,0.084,0.0,0.0,0.0,0.0,0.006,0.019,0.006,0.0,0.013,0.006,0.0936,0.3421,-0.2899,0.3359,0.2623,-0.1135,0.2056,-0.5829,1.6904,-0.0491,0.2592,-0.0399,0.2516,-0.7716,2.1721,0.316,0.023,0.2715,0.0149,0.0784,-0.0603,0.026,0.0002,0.0509,0.0212,0.064,-0.004,-0.0138,0.0121,0.0813,-0.0153,0.0951,0.1084,0.016,-0.002,0.0687,-0.0068,0.0194,-0.0125,-0.0094,-0.0135,0.1508,0.8348,-0.9635,0.5642,0.7315,-0.8318,0.359,-0.12,0.3806,-0.1049,0.7406,-0.7738,0.4061,-0.3202,0.7075,0.516,0.4752,-0.5661,0.0,0.0,0.74,0.0,0.0,0.0,0.0,0.0,0.0,
7.04,run,-0.53,3.0,-6.84,3.19,1.32,37.7,0.0,0.0,0.195,5.1,20.92,-16.88,19.42,15.12,-5.8,12.22,-32.52,97.47,-3.69,15.64,-0.88,14.33,-42.8,125.33,18.02,1.49,16.79,5.09,21.49,-17.29,19.91,15.15,-5.22,12.7,-31.15,97.22,-3.7,15.75,-0.01,14.1,-41.72,125.91,18.2,1.14,17.49,0.1454,0.8452,-0.9682,0.5687,0.7301,-0.8261,0.3629,-0.1118,0.3791,-0.1057,0.7409,-0.7648,0.403,-0.3039,0.7166,0.5201,0.4753,-0.5589,0.013,0.006,0.013,0.006,0.0,0.0,0.006,0.084,0.0,0.0,0.0,0.0,0.006,0.019,0.006,0.0,0.013,0.006,0.0844,0.3497,-0.2945,0.339,0.2623,-0.1074,0.2071,-0.5752,1.6904,-0.0506,0.2623,-0.0291,0.2516,-0.7624,2.1798,0.316,0.023,0.2792,-0.0238,0.0834,-0.0593,0.0296,0.0002,0.0585,0.0205,0.0734,-0.0028,-0.0153,0.0199,0.0969,-0.0107,0.1008,0.1044,0.0112,-0.0014,0.0767,-0.0081,0.0203,-0.0194,0.0086,-0.0195,0.1479,0.8417,-0.9683,0.5676,0.7311,-0.8315,0.3603,-0.117,0.3821,-0.1054,0.7405,-0.7729,0.4048,-0.3116,0.7143,0.52,0.4736,-0.56,0.0,0.0,0.7548,0.0,0.0,0.0,0.0,0.0,0.0,
7.08,run,-0.54,3.06,-1.24,1.09,-2.03,38.5,0.0,0.0,0.195,5.45,21.18,-17.05,19.42,15.12,-5.8,12.22,-32.17,97.47,-3.69,15.64,-0.79,14.33,-42.36,125.77,18.11,1.49,17.14,5.01,22.08,-16.9,19.96,15.33,-5.26,12.86,-30.77,97.65,-3.75,15.96,1.17,14.12,-41.35,126.51,18.19,1.15,18.02,0.1433,0.856,-0.9636,0.5704,0.7333,-0.8265,0.3675,-0.105,0.3841,-0.1071,0.7448,-0.7509,0.4035,-0.2972,0.7237,0.5197,0.4755,-0.5527,0.013,0.006,0.013,0.006,0.0,0.0,0.006,0.084,0.0,0.0,0.0,0.0,0.006,0.019,0.006,0.0,0.013,0.006,0.0844,0.3559,-0.2976,0.3421,0.2654,-0.1043,0.2086,-0.5691,1.6904,-0.0506,0.2654,-0.0184,0.2516,-0.7517,2.1875,0.316,0.023,0.2884,-0.0167,0.0816,-0.0531,0.0323,0.0117,0.0525,0.0202,0.0745,-0.002,-0.0107,0.0255,0.1084,-0.0075,0.1111,0.1021,0.0078,-0.001,0.0884,-0.031,0.0335,-0.1194,0.0556,0.0231,0.1454,0.8452,-0.9682,0.5687,0.7301,-0.8261,0.3629,-0.1118,0.3791,-0.1057,0.7409,-0.7648,0.403,-0.3039,0.7166,0.5201,0.4753,-0.5589,0.0,0.0,0.7696,0.0,0.0,0.0,0.0,0.0,0.0,
7.12,run,-0.51,3.04,0.43,0.1,0.06,39.2,0.0,0.0,0.195,4.57,21.53,-17.05,19.42,15.12,-5.27,12.39,-31.9,97.47,-3.69,15.73,0.09,14.33,-41.92,126.12,18.11,1.49,17.4,4.91,22.23,-17.32,20.02,15.28,-4.74,12.88,-30.55,97.37,-3.73,15.85,1.32,14.01,-40.76,126.8,18.29,1.24,18.39,0.1403,0.8588,-0.9685,0.5719,0.7323,-0.8204,0.3681,-0.101,0.3809,-0.1067,0.7426,-0.7492,0.4004,-0.2866,0.727,0.5227,0.477,-0.5483,0.019,0.0,0.0,0.013,0.006,0.0,0.006,0.071,0.0,0.0,0.0,0.0,0.019,0.019,0.0,0.006,0.006,0.006,0.0905,0.3605,-0.3007,0.3421,0.2654,-0.1043,0.2086,-0.563,1.6904,-0.0506,0.2654,-0.0169,0.2516,-0.744,2.1951,0.3175,0.023,0.2945,0.0112,0.0743,-0.0486,0.0226,0.0082,0.0368,0.0141,0.0751,-0.0014,-0.0075,0.0179,0.0816,-0.0052,0.1064,0.1001,0.0112,-0.0007,0.0848,-0.0324,0.0381,-0.0216,0.019,-0.0354,0.1433,0.856,-0.9636,0.5704,0.7333,-0.8265,0.3675,-0.105,0.3841,-0.1071,0.7448,-0.7509,0.4035,-0.2972,0.7237,0.5197,0.4755,-0.5527,0.0,0.0,0.7844,0.0,0.0,0.0,0.0,0.0,0.0,
7.16,run,-0.62,3.12,-3.33,1.76,0.8,40.0,0.0,0.0,0.195,4.92,21.88,-17.05,19.6,15.12,-5.19,12.48,-31.64,97.47,-3.69,15.73,0.88,14.24,-41.4,126.56,18.19,1.49,17.84,4.86,22.27,-17.6,20.1,15.26,-4.15,13.0,-30.1,96.91,-3.8,15.95,1.73,13.87,-40.12,127.0,18.29,1.35,18.52,0.1388,0.8594,-0.9717,0.5742,0.7319,-0.8135,0.3713,-0.0926,0.3755,-0.1085,0.7445,-0.7443,0.3964,-0.2748,0.7294,0.5227,0.4791,-0.5468,0.019,0.0,0.0,0.013,0.006,0.0,0.006,0.071,0.0,0.0,0.0,0.0,0.019,0.019,0.0,0.006,0.006,0.006,0.0752,0.3666,-0.3007,0.3421,0.2654,-0.0951,0.2117,-0.5584,1.6904,-0.0506,0.2669,-0.0015,0.2516,-0.7363,2.2013,0.3175,0.023,0.2991,-0.0499,0.0751,-0.034,0.0158,0.0057,0.0604,0.0214,0.0699,-0.001,-0.0053,0.0183,0.1148,-0.0037,0.1034,0.0931,0.0079,-0.0005,0.0767,-0.0298,0.0365,0.0075,0.0017,0.001,0.1403,0.8588,-0.9685,0.5719,0.7323,-0.8204,0.3681,-0.101,0.3809,-0.1067,0.7426,-0.7492,0.4004,-0.2866,0.727,0.5227,0.477,-0.5483,0.0,0.0,0.7992,0.0,0.0,0.0,0.0,0.0,0.0,
7.2,run,-0.67,3.12,-0.85,0.51,-2.25,40.7,0.0,0.0,0.195,5.1,22.06,-17.14,19.6,15.12,-4.57,12.57,-31.46,97.29,-3.69,15.82,1.23,13.97,-40.96,126.91,18.19,1.49,18.19,4.78,22.8,-17.5,20.19,15.34,-4.18,13.12,-29.74,97.33,-3.83,16.08,2.54,13.88,-39.67,127.63,18.34,1.32,19.0,0.1367,0.8692,-0.9706,0.5769,0.7335,-0.8138,0.3749,-0.0862,0.3803,-0.1093,0.7469,-0.7348,0.3965,-0.2667,0.7369,0.5241,0.4786,-0.5412,0.019,0.0,0.0,0.013,0.006,0.0,0.006,0.071,0.0,0.0,0.0,0.0,0.019,0.019,0.0,0.006,0.006,0.006,0.0813,0.3728,-0.3007,0.3451,0.2654,-0.0936,0.2132,-0.5538,1.6904,-0.0506,0.2669,0.0123,0.25,-0.7271,2.2089,0.3191,0.023,0.3068,-0.012,0.0755,-0.0238,0.0226,0.004,0.048,0.0207,0.0661,-0.0007,-0.0037,0.0128,0.132,-0.0083,0.1067,0.0939,0.0112,-0.0003,0.0823,-0.0391,0.0437,-0.0581,0.0307,0.014,0.1388,0.8594,-0.9717,0.5742,0.7319,-0.8135,0.3713,-0.0926,0.3755,-0.1085,0.7445,-0.7443,0.3964,-0.2748,0.7294,0.5227,0.4791,-0.5468,0.0,0.0,0.814,0.0,0.0,0.0,0.0,0.0,0.0,
7.24,run,-0.69,3.15,-0.82,0.78,1.28,41.4,0.0,0.0,0.195,4.22,22.32,-17.14,19.6,15.12,-4.31,12.57,-30.85,97.12,-3.78,15.91,1.93,14.06,-40.34,127.09,18.28,1.49,18.54,4.66,22.96,-17.71,20.21,15.24,-3.8,13.23,-29.46,97.13,-3.81,16.02,2.88,13.8,-39.01,128.0,18.46,1.32,19.49,0.1332,0.872,-0.9731,0.5773,0.7316,-0.8094,0.3779,-0.081,0.378,-0.1088,0.7458,-0.7308,0.3943,-0.2547,0.7411,0.5273,0.4786,-0.5354,0.013,0.0,0.013,0.006,0.0,0.006,0.013,0.039,0.0,0.0,0.006,0.0,0.006,0.019,0.013,0.006,0.0,0.006,0.0844,0.3758,-0.3022,0.3451,0.2654,-0.0828,0.2148,-0.5507,1.6874,-0.0506,0.2684,0.0184,0.2454,-0.7194,2.2151,0.3191,0.023,0.3129,0.0031,0.0643,-0.0224,0.0158,0.0028,0.0739,0.0203,0.0578,-0.012,-0.0026,0.0147,0.1154,-0.0231,0.1035,0.0887,0.0079,-0.0002,0.0806,-0.0435,0.0441,-0.0149,0.0089,-0.0393,0.1367,0.8692,-0.9706,0.5769,0.7335,-0.8138,0.3749,-0.0862,0.3803,-0.1093,0.7469,-0.7348,0.3965,-0.2667,0.7369,0.5241,0.4786,-0.5412,0.0,0.0,0.8288,0.0,0.0,0.0,0.0,0.0,0.0,
7.28,run,-0.67,3.2,-0.47,0.72,-1.42,42.2,0.0,0.0,0.195,4.92,22.68,-17.31,19.78,15.12,-4.04,12.74,-30.59,97.12,-3.78,15.91,2.55,13.89,-39.99,127.62,18.37,1.49,18.9,4.59,23.07,-17.63,20.22,15.27,-3.1,13.38,-28.99,96.71,-3.85,16.18,3.73,13.68,-38.38,128.13,18.45,1.55,19.62,0.1313,0.8739,-0.9722,0.5778,0.7322,-0.8012,0.3823,-0.0726,0.373,-0.1101,0.7487,-0.7208,0.3907,-0.2432,0.7427,0.527,0.4826,-0.5338,0.013,0.0,0.013,0.006,0.0,0.006,0.013,0.039,0.0,0.0,0.006,0.0,0.006,0.019,0.013,0.006,0.0,0.006,0.069,0.3804,-0.3022,0.3451,0.2654,-0.0782,0.2148,-0.54,1.6843,-0.0522,0.27,0.0307,0.247,-0.7087,2.2181,0.3206,0.023,0.3191,-0.0553,0.0623,-0.0157,0.0111,0.002,0.069,0.0142,0.0807,-0.0199,-0.0076,0.016,0.1268,-0.0104,0.1127,0.0736,0.0113,-0.0002,0.0795,-0.0455,0.0468,-0.0144,0.0135,0.0223,0.1332,0.872,-0.9731,0.5773,0.7316,-0.8094,0.3779,-0.081,0.378,-0.1088,0.7458,-0.7308,0.3943,-0.2547,0.7411,0.5273,0.4786,-0.5354,0.0,0.0,0.8436,0.0,0.0,0.0,0.0,0.0,0.0,
7.32,run,-0.54,3.13,2.93,-1.23,-3.23,42.9,0.0,0.0,0.195,4.66,22.85,-17.49,19.86,15.12,-3.69,12.83,-30.41,97.12,-3.87,16.0,2.9,13.8,-39.55,127.71,18.28,1.49,19.25,4.48,23.39,-17.86,20.28,15.18,-3.09,13.4,-28.76,96.91,-3.8,16.13,3.95,13.64,-37.89,128.69,18.54,1.4,19.96,0.1281,0.8797,-0.9749,0.5793,0.7306,-0.801,0.3827,-0.0684,0.3754,-0.1086,0.7477,-0.7183,0.3896,-0.2344,0.7493,0.5298,0.4801,-0.5299,0.013,0.0,0.013,0.006,0.0,0.006,0.013,0.039,0.0,0.0,0.006,0.0,0.006,0.019,0.013,0.006,0.0,0.006,0.0813,0.3866,-0.3053,0.3482,0.2654,-0.0736,0.2178,-0.5354,1.6843,-0.0522,0.27,0.0414,0.2439,-0.7026,2.2273,0.3221,0.023,0.3252,0.0078,0.0669,-0.0226,0.0194,0.0014,0.0657,0.0216,0.0739,-0.0139,-0.0053,0.0112,0.1294,-0.0189,0.1021,0.0864,0.0137,-0.0001,0.0789,-0.0434,0.0505,-0.0081,0.0126,-0.0249,0.1313,0.8739,-0.9722,0.5778,0.7322,-0.8012,0.3823,-0.0726,0.373,-0.1101,0.7487,-0.7208,0.3907,-0.2432,0.7427,0.527,0.4826,-0.5338,0.0,0.0,0.8584,0.0,0.0,0.0,0.0,0.0,0.0,
7.36,run,-0.59,3.16,-1.32,0.93,1.06,43.7,0.0,0.0,0.195,4.04,23.12,-17.58,19.86,15.12,-3.34,12.83,-30.15,96.94,-3.87,16.0,3.52,13.8,-39.02,127.97,18.54,1.49,19.51,4.37,23.25,-18.11,20.26,15.02,-2.51,13.47,-28.57,96.49,-3.77,16.08,4.02,13.5,-37.27,128.83,18.65,1.48,20.12,0.1249,0.8772,-0.9778,0.5788,0.7276,-0.7942,0.385,-0.0649,0.3705,-0.1076,0.747,-0.7174,0.3856,-0.223,0.7509,0.5328,0.4815,-0.528,0.0,0.0,0.006,0.006,0.0,0.006,0.013,0.136,0.0,0.0,0.0,0.006,0.013,0.039,0.019,0.006,0.0,0.0,0.0767,0.3896,-0.3083,0.3497,0.2654,-0.0675,0.2194,-0.5323,1.6843,-0.0537,0.2715,0.0476,0.2424,-0.6949,2.2289,0.3206,0.023,0.3313,-0.0116,0.0582,-0.0272,0.0192,0.001,0.0688,0.0208,0.0631,-0.0097,-0.0094,0.0136,0.1134,-0.0189,0.1,0.0662,0.0039,-0.0001,0.078,-0.0322,0.0445,0.0512,-0.0215,-0.0564,0.1281,0.8797,-0.9749,0.5793,0.7306,-0.801,0.3827,-0.0684,0.3754,-0.1086,0.7477,-0.7183,0.3896,-0.2344,0.7493,0.5298,0.4801,-0.5299,0.0,0.0,0.8732,0.0,0.0,0.0,0.0,0.0,0.0,
7.4,run,-0.63,3.22,-1.43,0.66,-1.22,44.4,0.0,0.0,0.195,4.75,23.12,-17.75,19.86,15.12,-2.9,12.92,-29.79,96.77,-3.87,16.0,3.87,13.62,-38.5,128.32,18.46,1.49,19.86,4.34,23.69,-17.98,20.34,15.2,-2.35,13.72,-28.09,96.57,-3.89,16.41,4.93,13.46,-36.72,129.35,18.69,1.62,20.44,0.124,0.8852,-0.9762,0.5812,0.7309,-0.7924,0.3919,-0.0562,0.3714,-0.1111,0.7529,-0.7067,0.3846,-0.2131,0.757,0.534,0.484,-0.5243,0.0,0.0,0.006,0.006,0.0,0.006,0.013,0.136,0.0,0.0,0.0,0.006,0.013,0.039,0.019,0.006,0.0,0.0,0.066,0.3942,-0.3099,0.3497,0.2654,-0.0614,0.2194,-0.5277,1.6812,-0.0537,0.2715,0.0583,0.2424,-0.6857,2.2335,0.3252,0.023,0.3359,-0.0484,0.058,-0.0248,0.0135,0.0007,0.0712,0.0145,0.0615,-0.0183,-0.0066,0.0095,0.1197,-0.0132,0.1045,0.0636,0.02,-0.0001,0.0719,-0.0364,0.0476,-0.023,0.0162,0.0184,0.1249,0.8772,-0.9778,0.5788,0.7276,-0.7942,0.385,-0.0649,0.3705,-0.1076,0.747,-0.7174,0.3856,-0.223,0.7509,0.5328,0.4815,-0.528,0.0,0.0,0.888,0.0,0.0,0.0,0.0,0.0,0.0,
7.44,run,-0.54,3.15,2.35,-1.28,-2.91,45.1,0.0,0.0,0.195,4.31,23.2,-17.84,19.86,15.12,-2.55,13.01,-29.71,96.68,-3.87,16.0,3.96,13.62,-38.06,128.41,18.54,1.49,19.95,4.21,23.93,-18.02,20.31,15.07,-2.15,13.83,-27.82,96.63,-3.82,16.36,5.39,13.42,-36.05,129.92,18.83,1.55,20.93,0.1202,0.8897,-0.9767,0.5803,0.7285,-0.79,0.3952,-0.0514,0.3722,-0.1091,0.752,-0.7012,0.3835,-0.201,0.7638,0.5381,0.4828,-0.5184,0.0,0.0,0.006,0.006,0.0,0.006,0.013,0.136,0.0,0.0,0.0,0.006,0.013,0.039,0.019,0.006,0.0,0.0,0.0782,0.3942,-0.3129,0.3497,0.2654,-0.0537,0.2209,-0.5216,1.6782,-0.0537,0.2715,0.0644,0.2393,-0.6765,2.2396,0.3237,0.023,0.3421,0.0126,0.0406,-0.029,0.0094,0.0005,0.0789,0.016,0.0663,-0.0245,-0.0046,0.0066,0.107,-0.0209,0.108,0.0678,0.0082,-0.0,0.0735,-0.0396,0.0527,-0.0249,0.0115,-0.0213,0.124,0.8852,-0.9762,0.5812,0.7309,-0.7924,0.3919,-0.0562,0.3714,-0.1111,0.7529,-0.7067,0.3846,-0.2131,0.757,0.534,0.484,-0.5243,0.0,0.0,0.9028,0.0,0.0,0.0,0.0,0.0,0.0,
7.48,run,-0.51,3.16,0.35,-0.1,-2.54,45.9,0.0,0.0,0.195,3.96,23.55,-17.84,19.86,15.12,-2.29,13.18,-29.36,96.68,-3.87,16.26,4.66,13.62,-37.53,129.02,18.72,1.49,20.39,4.1,23.83,-18.28,20.29,15.0,-1.66,13.96,-27.65,96.23,-3.82,16.37,5.39,13.28,-35.41,130.08,18.97,1.67,21.13,0.1171,0.8879,-0.9797,0.5798,0.7273,-0.7843,0.3987,-0.0482,0.3674,-0.1093,0.7521,-0.7013,0.3795,-0.1892,0.7657,0.5421,0.4848,-0.5162,0.0,0.0,0.006,0.013,0.0,0.006,0.013,0.123,0.006,0.0,0.0,0.0,0.006,0.084,0.033,0.006,0.0,0.0,0.0706,0.3958,-0.3145,0.3497,0.2654,-0.0476,0.2224,-0.52,1.6766,-0.0537,0.2715,0.066,0.2393,-0.6688,2.2411,0.3252,0.023,0.3436,-0.0198,0.0341,-0.026,0.0066,0.0003,0.0781,0.0169,0.0521,-0.0228,-0.0032,0.0046,0.0806,-0.0146,0.1042,0.0532,0.0115,-0.0,0.0572,-0.032,0.046,0.041,-0.0223,-0.0508,0.1202,0.8897,-0.9767,0.5803,0.7285,-0.79,0.3952,-0.0514,0.3722,-0.1091,0.752,-0.7012,0.3835,-0.201,0.7638,0.5381,0.4828,-0.5184,0.0,0.0,0.9176,0.0,0.0,0.0,0.0,0.0,0.0,
7.52,run,-0.5,3.19,-0.14,0.46,-4.76,46.6,0.0,0.0,0.195,4.48,23.73,-17.84,19.86,15.12,-1.93,13.36,-28.92,96.5,-3.87,16.26,5.27,13.36,-37.0,129.38,18.81,1.58,20.74,4.03,24.03,-18.24,20.3,15.0,-1.4,14.05,-27.39,96.25,-3.83,16.44,5.92,13.23,-34.97,130.34,18.99,1.7,21.17,0.1151,0.8915,-0.9793,0.5801,0.7272,-0.7812,0.4013,-0.0435,0.3677,-0.1094,0.7534,-0.695,0.3779,-0.1813,0.7687,0.5426,0.4855,-0.5156,0.0,0.0,0.006,0.013,0.0,0.006,0.013,0.123,0.006,0.0,0.0,0.0,0.006,0.084,0.033,0.006,0.0,0.0,0.0644,0.4019,-0.3145,0.3497,0.2654,-0.043,0.2255,-0.5139,1.6766,-0.0537,0.2761,0.0782,0.2393,-0.6596,2.2519,0.3283,0.023,0.3513,-0.0369,0.0469,-0.0182,0.0046,0.0002,0.0719,0.0233,0.0595,-0.016,-0.0023,0.0205,0.1025,-0.0102,0.1075,0.0775,0.0195,-0.0,0.0688,-0.0293,0.0476,0.0061,-0.0018,-0.0443,0.1171,0.8879,-0.9797,0.5798,0.7273,-0.7843,0.3987,-0.0482,0.3674,-0.1093,0.7521,-0.7013,0.3795,-0.1892,0.7657,0.5421,0.4848,-0.5162,0.0,0.0,0.9324,0.0,0.0,0.0,0.0,0.0,0.0,
7.56,run,-0.44,3.14,1.81,-1.16,-4.75,47.4,0.0,0.0,0.195,3.69,23.73,-17.84,19.86,15.12,-1.58,13.54,-28.83,96.42,-3.87,16.26,5.27,13.27,-36.56,129.46,18.9,1.58,20.92,3.91,24.24,-18.21,20.27,14.85,-1.08,14.12,-27.05,96.29,-3.77,16.36,6.49,13.17,-34.38,130.66,19.05,1.66,21.54,0.1118,0.8953,-0.9789,0.5793,0.7245,-0.7774,0.4033,-0.0373,0.3681,-0.1076,0.752,-0.6884,0.3764,-0.1705,0.7725,0.5444,0.4847,-0.5113,0.0,0.0,0.006,0.013,0.0,0.006,0.013,0.123,0.006,0.0,0.0,0.0,0.006,0.084,0.033,0.006,0.0,0.0,0.0736,0.405,-0.3145,0.3497,0.2654,-0.0368,0.2286,-0.5062,1.6736,-0.0537,0.2761,0.089,0.2347,-0.6504,2.258,0.3298,0.0245,0.3574,0.0089,0.0444,-0.0127,0.0032,0.0002,0.0735,0.0279,0.0705,-0.0228,-0.0016,0.0144,0.1122,-0.0245,0.1099,0.0774,0.0194,0.0058,0.0713,-0.0287,0.0498,-0.0025,0.0081,-0.0831,0.1151,0.8915,-0.9793,0.5801,0.7272,-0.7812,0.4013,-0.0435,0.3677,-0.1094,0.7534,-0.695,0.3779,-0.1813,0.7687,0.5426,0.4855,-0.5156,0.0,0.0,0.9472,0.0,0.0,0.0,0.0,0.0,0.0,
7.6,run,-0.44,3.19,0.06,1.41,-0.81,48.1,0.0,0.0,0.195,3.78,23.91,-17.84,19.86,15.12,-1.32,13.54,-28.65,96.42,-3.87,16.35,5.89,13.27,-36.04,129.81,18.9,1.58,21.09,3.83,24.2,-18.34,20.25,14.87,-0.68,14.29,-26.85,95.98,-3.79,16.48,6.65,13.04,-33.74,130.9,19.18,1.8,21.76,0.1094,0.8945,-0.9805,0.5785,0.7249,-0.7727,0.4084,-0.0336,0.3645,-0.1083,0.7542,-0.6865,0.3726,-0.1588,0.7753,0.548,0.4872,-0.5087,0.006,0.0,0.013,0.006,0.006,0.006,0.019,0.117,0.006,0.0,0.0,0.0,0.006,0.097,0.039,0.013,0.0,0.0,0.0598,0.405,-0.3145,0.3497,0.2654,-0.0307,0.2316,-0.5047,1.672,-0.0537,0.2761,0.089,0.2332,-0.6427,2.2596,0.3313,0.0245,0.3605,-0.0453,0.0311,-0.0089,0.0023,0.0001,0.0743,0.031,0.0551,-0.0216,-0.0011,0.0101,0.0785,-0.0229,0.1055,0.0599,0.0193,0.004,0.0613,-0.023,0.0459,0.0316,-0.0202,-0.083,0.1118,0.8953,-0.9789,0.5793,0.7245,-0.7774,0.4033,-0.0373,0.3681,-0.1076,0.752,-0.6884,0.3764,-0.1705,0.7725,0.5444,0.4847,-0.5113,0.0,0.0,0.962,0.0,0.0,0.0,0.0,0.0,0.0,
7.64,run,-0.37,3.25,1.82,1.0,-4.77,48.8,0.0,0.0,0.195,4.31,24.08,-18.02,19.86,15.12,-0.88,13.54,-28.3,96.33,-3.87,16.35,6.42,13.1,-35.51,130.08,19.07,1.67,21.45,3.77,24.49,-18.34,20.29,14.96,-0.62,14.46,-26.42,96.08,-3.81,16.67,7.29,13.0,-33.18,131.63,19.27,1.85,21.81,0.1077,0.8998,-0.9804,0.5798,0.7266,-0.772,0.4131,-0.0259,0.3656,-0.1089,0.7577,-0.6789,0.3713,-0.1487,0.7839,0.5506,0.4883,-0.5081,0.006,0.0,0.013,0.006,0.006,0.006,0.019,0.117,0.006,0.0,0.0,0.0,0.006,0.097,0.039,0.013,0.0,0.0,0.0614,0.408,-0.3145,0.3497,0.2654,-0.0261,0.2316,-0.5016,1.672,-0.0537,0.2777,0.0997,0.2332,-0.6335,2.2657,0.3313,0.0245,0.3636,-0.0259,0.0333,-0.0062,0.0016,0.0001,0.0693,0.0217,0.0501,-0.0152,-0.0008,0.0128,0.0952,-0.016,0.1084,0.0649,0.0135,0.0028,0.0544,-0.023,0.0501,0.0011,0.0246,-0.0142,0.1094,0.8945,-0.9805,0.5785,0.7249,-0.7727,0.4084,-0.0336,0.3645,-0.1083,0.7542,-0.6865,0.3726,-0.1588,0.7753,0.548,0.4872,-0.5087,0.0,0.0,0.9768,0.0,0.0,0.0,0.0,0.0,0.0,
7.68,run,-0.2,3.34,4.75,2.08,-1.38,49.6,0.0,0.0,0.195,3.34,24.08,-18.19,19.86,15.12,-0.79,13.71,-28.21,96.24,-3.87,16.35,6.77,13.1,-35.07,130.08,19.07,1.67,21.62,3.61,24.46,-18.23,20.18,14.7,-0.05,14.48,-26.23,95.88,-3.7,16.47,7.67,12.9,-32.54,131.66,19.35,1.87,22.1,0.1031,0.8993,-0.9792,0.5764,0.7218,-0.7653,0.4136,-0.0224,0.3633,-0.1057,0.754,-0.6745,0.3687,-0.137,0.7842,0.5529,0.4886,-0.5047,0.006,0.0,0.013,0.006,0.006,0.006,0.019,0.117,0.006,0.0,0.0,0.0,0.006,0.097,0.039,0.013,0.0,0.0,0.0706,0.4111,-0.3175,0.3497,0.2654,-0.0184,0.2316,-0.4955,1.6705,-0.0537,0.2777,0.1089,0.2301,-0.6243,2.2703,0.3344,0.0261,0.3697,0.0165,0.0349,-0.0159,0.0011,0.0001,0.0774,0.0152,0.0582,-0.0164,-0.0005,0.009,0.1014,-0.0228,0.1106,0.0628,0.021,0.0078,0.0612,-0.0169,0.055,0.0317,0.0174,-0.0832,0.1077,0.8998,-0.9804,0.5798,0.7266,-0.772,0.4131,-0.0259,0.3656,-0.1089,0.7577,-0.6789,0.3713,-0.1487,0.7839,0.5506,0.4883,-0.5081,0.0,0.0,0.9916,0.0,0.0,0.0,0.0,0.0,0.0,
7.72,run,-0.09,3.5,2.63,4.26,-0.64,50.3,0.0,0.0,0.208,3.52,24.26,-18.19,19.86,15.12,-0.44,13.8,-27.69,95.98,-3.87,16.35,7.38,13.01,-34.45,130.52,19.25,1.76,21.8,3.51,24.32,-18.14,20.08,14.73,0.46,14.6,-25.97,95.44,-3.66,16.63,8.05,12.74,-31.93,131.99,19.43,2.12,21.79,0.1003,0.8968,-0.9781,0.5738,0.7224,-0.7593,0.4171,-0.0176,0.3581,-0.1047,0.7569,-0.67,0.3641,-0.126,0.7881,0.555,0.4932,-0.5084,0.0,0.006,0.0,0.006,0.006,0.006,0.019,0.182,0.006,0.006,0.006,0.0,0.006,0.208,0.071,0.006,0.0,0.0,0.0537,0.4111,-0.3206,0.3497,0.2654,-0.0169,0.2347,-0.4939,1.669,-0.0537,0.2777,0.115,0.2301,-0.6167,2.2703,0.3344,0.0261,0.3728,-0.0513,0.0244,-0.0226,0.0008,0.0,0.0599,0.0221,0.0464,-0.0172,-0.0004,0.0063,0.0938,-0.0159,0.106,0.044,0.0147,0.0054,0.0543,-0.0027,0.0633,0.0829,0.0363,-0.0241,0.1031,0.8993,-0.9792,0.5764,0.7218,-0.7653,0.4136,-0.0224,0.3633,-0.1057,0.754,-0.6745,0.3687,-0.137,0.7842,0.5529,0.4886,-0.5047,0.0,0.0,1.0064,0.0,0.0,0.0,0.0,0.0,0.0,
7.76,run,0.27,3.61,9.72,1.9,-0.82,51.1,0.0,0.0,0.208,3.69,24.35,-18.19,19.86,15.12,0.09,13.89,-27.6,95.89,-3.87,16.35,7.82,12.74,-33.84,131.04,19.34,1.85,21.8,3.42,24.54,-17.93,20.0,14.64,0.71,14.68,-25.65,95.53,-3.62,16.69,8.68,12.69,-31.36,132.38,19.48,2.19,21.87,0.0976,0.9007,-0.9757,0.5714,0.7208,-0.7563,0.4195,-0.0119,0.3592,-0.1034,0.7579,-0.6626,0.3625,-0.1156,0.7927,0.5566,0.4944,-0.5074,0.0,0.006,0.0,0.006,0.006,0.006,0.019,0.182,0.006,0.006,0.006,0.0,0.006,0.208,0.071,0.006,0.0,0.0,0.0568,0.4142,-0.3206,0.3497,0.2654,-0.0107,0.2362,-0.4847,1.6644,-0.0537,0.2777,0.1258,0.2286,-0.6059,2.278,0.3375,0.0276,0.3758,-0.0244,0.0286,-0.0158,0.0005,0.0,0.065,0.0212,0.0671,-0.0293,-0.0003,0.0044,0.106,-0.0169,0.1145,0.0596,0.0218,0.0096,0.0495,0.0069,0.0773,0.0458,0.0743,-0.0111,0.1003,0.8968,-0.9781,0.5738,0.7224,-0.7593,0.4171,-0.0176,0.3581,-0.1047,0.7569,-0.67,0.3641,-0.126,0.7881,0.555,0.4932,-0.5084,0.0,0.0,1.0212,0.0,0.0,0.0,0.0,0.0,0.0,
7.8,run,0.73,3.85,11.31,6.28,2.03,51.8,0.0,0.0,0.208,2.99,24.35,-18.19,19.86,15.12,0.44,13.89,-27.25,95.71,-3.87,16.52,8.26,12.74,-33.22,131.31,19.42,2.02,21.8,3.25,24.01,-18.01,19.8,14.37,1.43,14.63,-25.46,94.99,-3.46,16.56,8.33,12.46,-30.53,132.47,19.54,2.27,21.77,0.0929,0.8911,-0.9766,0.5658,0.7159,-0.7479,0.4179,-0.0084,0.3528,-0.0989,0.7556,-0.6666,0.3559,-0.1006,0.7937,0.5583,0.4959,-0.5086,0.0,0.006,0.0,0.006,0.006,0.006,0.019,0.182,0.006,0.006,0.006,0.0,0.006,0.208,0.071,0.006,0.0,0.0,0.0598,0.4157,-0.3206,0.3497,0.2654,-0.0015,0.2378,-0.4832,1.6628,-0.0537,0.2777,0.1335,0.224,-0.5952,2.2872,0.339,0.0291,0.3758,-0.0055,0.0258,-0.0111,0.0004,0.0,0.0802,0.0206,0.0527,-0.0263,-0.0002,0.0031,0.1031,-0.0292,0.1206,0.0764,0.0211,0.0125,0.0347,0.0386,0.0864,0.1696,0.0332,-0.0143,0.0976,0.9007,-0.9757,0.5714,0.7208,-0.7563,0.4195,-0.0119,0.3592,-0.1034,0.7579,-0.6626,0.3625,-0.1156,0.7927,0.5566,0.4944,-0.5074,0.0,0.0,1.036,0.0,0.0,0.0,0.0,0.0,0.0,
7.84,run,1.2,4.04,11.76,4.19,1.42,52.5,0.0,0.0,0.208,3.52,24.35,-18.19,19.86,15.12,0.97,13.89,-26.98,95.45,-3.52,16.52,8.61,12.48,-32.52,131.57,19.42,2.2,21.8,3.1,23.8,-17.66,19.55,14.23,1.96,14.66,-25.27,94.66,-3.32,16.62,8.74,12.29,-29.89,132.8,19.59,2.54,21.1,0.0886,0.8872,-0.9725,0.5586,0.7133,-0.7417,0.4187,-0.0049,0.349,-0.0948,0.7568,-0.6619,0.3512,-0.0889,0.7977,0.5596,0.5008,-0.5165,0.006,0.013,0.006,0.006,0.006,0.0,0.019,0.169,0.0,0.006,0.0,0.0,0.0,0.084,0.084,0.006,0.0,0.006,0.0476,0.4157,-0.3206,0.3497,0.2654,0.0046,0.2378,-0.4771,1.6598,-0.0537,0.2807,0.1411,0.224,-0.5844,2.2918,0.3405,0.0322,0.3758,-0.0497,0.0181,-0.0077,0.0003,0.0,0.079,0.0144,0.0598,-0.0299,-0.0001,0.0136,0.1008,-0.0204,0.1245,0.0706,0.0205,0.0202,0.0243,0.0787,0.1079,0.1975,0.1096,0.0354,0.0929,0.8911,-0.9766,0.5658,0.7159,-0.7479,0.4179,-0.0084,0.3528,-0.0989,0.7556,-0.6666,0.3559,-0.1006,0.7937,0.5583,0.4959,-0.5086,0.0,0.0,1.0508,0.0,0.0,0.0,0.0,0.0,0.0,
7.88,run,1.81,4.26,12.96,4.61,1.42,53.3,0.0,0.0,0.208,2.81,24.35,-18.02,19.69,14.77,1.58,13.89,-26.72,95.01,-3.52,16.52,8.61,12.39,-31.46,131.66,19.51,2.37,21.71,2.97,23.38,-17.47,19.27,13.91,2.4,14.61,-25.19,94.67,-3.17,16.55,8.42,12.12,-29.19,132.9,19.64,2.55,21.11,0.0849,0.8795,-0.9702,0.5506,0.7075,-0.7365,0.4175,-0.0034,0.3491,-0.0906,0.7555,-0.6657,0.3464,-0.0762,0.7988,0.561,0.5009,-0.5163,0.006,0.013,0.006,0.006,0.006,0.0,0.019,0.169,0.0,0.006,0.0,0.0,0.0,0.084,0.084,0.006,0.0,0.006,0.0568,0.4157,-0.3206,0.3497,0.2654,0.0138,0.2378,-0.4725,1.6552,-0.0476,0.2807,0.1473,0.2194,-0.5722,2.2964,0.3405,0.0353,0.3758,-0.0004,0.0126,-0.0054,0.0002,0.0,0.0897,0.0101,0.0591,-0.0381,0.0228,0.0095,0.0935,-0.0315,0.133,0.0667,0.0143,0.0256,0.017,0.12,0.1241,0.2052,0.0732,0.0248,0.0886,0.8872,-0.9725,0.5586,0.7133,-0.7417,0.4187,-0.0049,0.349,-0.0948,0.7568,-0.6619,0.3512,-0.0889,0.7977,0.5596,0.5008,-0.5165,0.0,0.0,1.0656,0.0,0.0,0.0,0.0,0.0,0.0,
7.92,run,2.29,4.47,11.96,4.44,3.66,54.0,0.0,0.0,0.208,2.9,24.35,-17.84,19.6,14.77,1.76,13.97,-26.63,94.83,-3.52,16.52,8.61,12.3,-30.94,132.01,19.6,2.46,21.36,2.77,22.73,-16.81,18.84,13.59,3.13,14.62,-25.18,94.3,-2.95,16.51,8.47,11.91,-28.47,132.7,19.69,2.85,20.7,0.0792,0.8678,-0.9625,0.5384,0.7017,-0.7279,0.4177,-0.0032,0.3447,-0.0844,0.7547,-0.6651,0.3402,-0.0631,0.7965,0.5625,0.5063,-0.5211,0.006,0.013,0.006,0.006,0.006,0.0,0.019,0.169,0.0,0.006,0.0,0.0,0.0,0.084,0.084,0.006,0.0,0.006,0.0445,0.4157,-0.3175,0.3467,0.2592,0.0245,0.2378,-0.4679,1.6475,-0.0476,0.2807,0.1473,0.2178,-0.5538,2.2979,0.3421,0.0383,0.3743,-0.0385,0.0088,0.0058,-0.0094,-0.0191,0.0963,0.0071,0.0557,-0.0506,0.016,0.0067,0.0654,-0.0268,0.1506,0.0514,0.0148,0.0275,0.0071,0.1731,0.1431,0.2262,0.0805,0.0248,0.0849,0.8795,-0.9702,0.5506,0.7075,-0.7365,0.4175,-0.0034,0.3491,-0.0906,0.7555,-0.6657,0.3464,-0.0762,0.7988,0.561,0.5009,-0.5163,0.0,0.0,1.0804,0.0,0.0,0.0,0.0,0.0,0.0,
7.96,run,2.68,4.59,9.21,3.11,1.76,54.8,0.0,0.0,0.208,3.08,23.82,-17.58,19.51,14.33,2.37,13.97,-26.63,94.75,-3.08,16.52,8.53,11.87,-30.23,132.1,19.6,2.55,21.09,2.71,22.47,-16.57,18.6,13.54,3.18,14.58,-25.13,94.51,-2.87,16.64,8.12,11.73,-28.0,132.93,19.71,2.94,20.53,0.0774,0.863,-0.9596,0.5314,0.7006,-0.7273,0.4165,-0.0023,0.3472,-0.0819,0.757,-0.6692,0.3353,-0.0546,0.7992,0.5631,0.5079,-0.5232,0.013,0.013,0.006,0.013,0.013,0.0,0.013,0.182,0.0,0.0,0.0,0.013,0.006,0.097,0.033,0.0,0.006,0.006,0.046,0.4157,-0.3145,0.3451,0.2592,0.0276,0.2393,-0.4663,1.6444,-0.0476,0.2807,0.1473,0.2163,-0.5446,2.304,0.3436,0.0399,0.3682,-0.0213,0.0062,0.0154,-0.0123,-0.0134,0.0788,0.0106,0.0447,-0.0468,0.0112,0.0047,0.0458,-0.0245,0.1395,0.0588,0.0161,0.0249,-0.0178,0.2148,0.1619,0.2088,0.0775,0.0639,0.0792,0.8678,-0.9625,0.5384,0.7017,-0.7279,0.4177,-0.0032,0.3447,-0.0844,0.7547,-0.6651,0.3402,-0.0631,0.7965,0.5625,0.5063,-0.5211,0.0,0.0,1.0952,0.0,0.0,0.0,0.0,0.0,0.0,
8.0,run,2.92,4.7,5.09,2.52,0.54,55.5,0.0,0.0,0.208,2.29,23.29,-17.05,19.34,14.06,2.9,13.97,-26.63,94.66,-3.08,16.52,8.17,11.87,-29.53,132.1,19.6,2.72,20.74,2.62,22.19,-16.18,18.3,13.36,3.44,14.65,-25.14,94.67,-2.76,16.64,8.06,11.61,-27.41,132.92,19.8,2.98,20.75,0.0748,0.8579,-0.955,0.5228,0.6975,-0.7242,0.4185,-0.0025,0.3491,-0.0789,0.7571,-0.6699,0.3316,-0.0439,0.799,0.5657,0.5087,-0.5206,0.013,0.013,0.006,0.013,0.013,0.0,0.013,0.182,0.0,0.0,0.0,0.013,0.006,0.097,0.033,0.0,0.006,0.006,0.0491,0.4065,-0.3099,0.3436,0.2516,0.0383,0.2393,-0.4663,1.6429,-0.0399,0.2807,0.1457,0.2086,-0.5323,2.3056,0.3436,0.0414,0.3636,-0.0034,-0.0303,0.0281,-0.0144,-0.0382,0.0956,0.0074,0.0313,-0.0385,0.0367,0.0033,0.0263,-0.046,0.1438,0.0469,0.0112,0.0232,-0.0298,0.2493,0.1719,0.1607,0.0543,0.0307,0.0774,0.863,-0.9596,0.5314,0.7006,-0.7273,0.4165,-0.0023,0.3472,-0.0819,0.757,-0.6692,0.3353,-0.0546,0.7992,0.5631,0.5079,-0.5232,0.0,0.0,1.11,0.0,0.0,0.0,0.0,0.0,0.0,
8.04,run,3.05,4.77,4.3,1.75,-2.25,56.2,0.0,0.0,0.208,2.81,22.94,-16.79,18.63,13.97,3.08,13.97,-26.63,94.66,-2.99,16.52,8.17,11.69,-29.0,132.19,19.6,2.81,20.74,2.53,22.03,-15.65,18.05,13.32,3.69,14.78,-25.22,94.8,-2.73,16.79,8.22,11.49,-26.88,132.89,19.9,3.17,20.98,0.0722,0.8551,-0.9488,0.5157,0.6967,-0.7213,0.4222,-0.0039,0.3506,-0.0779,0.7598,-0.6681,0.3283,-0.0342,0.7987,0.5686,0.5122,-0.5179,0.013,0.013,0.006,0.013,0.013,0.0,0.013,0.182,0.0,0.0,0.0,0.013,0.006,0.097,0.033,0.0,0.006,0.006,0.0353,0.3973,-0.3007,0.3405,0.247,0.0476,0.2393,-0.4663,1.6414,-0.0399,0.2807,0.1396,0.2086,-0.52,2.3056,0.3436,0.0445,0.3574,-0.0542,-0.0557,0.0542,-0.0216,-0.044,0.1014,0.0052,0.0219,-0.0327,0.0257,0.0023,-0.0046,-0.0322,0.1467,0.0328,0.0079,0.0278,-0.0439,0.2697,0.1814,0.0889,0.0439,0.0094,0.0748,0.8579,-0.955,0.5228,0.6975,-0.7242,0.4185,-0.0025,0.3491,-0.0789,0.7571,-0.6699,0.3316,-0.0439,0.799,0.5657,0.5087,-0.5206,0.0,0.0,1.1248,0.0,0.0,0.0,0.0,0.0,0.0,
8.08,run,3.24,4.7,4.79,-1.54,-2.38,57.0,0.0,0.0,0.208,2.55,22.59,-16.35,18.19,13.97,3.52,14.06,-26.63,94.66,-2.9,16.52,8.17,11.6,-28.48,132.19,19.78,2.81,20.74,2.42,21.88,-15.28,17.82,13.13,4.11,14.79,-25.1,94.79,-2.58,16.6,8.43,11.37,-26.35,132.73,19.92,3.21,21.26,0.0693,0.8523,-0.9445,0.509,0.6932,-0.7164,0.4225,-0.0019,0.3505,-0.0737,0.7564,-0.6655,0.3248,-0.0245,0.7968,0.5692,0.5128,-0.5146,0.006,0.013,0.006,0.006,0.019,0.006,0.013,0.195,0.0,0.006,0.006,0.0,0.013,0.123,0.019,0.0,0.006,0.006,0.0445,0.3912,-0.2961,0.3283,0.2454,0.0506,0.2393,-0.4663,1.6414,-0.0383,0.2807,0.1396,0.2056,-0.5108,2.3071,0.3436,0.046,0.3574,-0.0034,-0.062,0.0552,-0.0611,-0.0366,0.0825,0.0036,0.0153,-0.0229,0.0237,0.0016,-0.0032,-0.034,0.1372,0.0287,0.0055,0.0252,-0.0307,0.2812,0.1876,0.075,0.0306,-0.0393,0.0722,0.8551,-0.9488,0.5157,0.6967,-0.7213,0.4222,-0.0039,0.3506,-0.0779,0.7598,-0.6681,0.3283,-0.0342,0.7987,0.5686,0.5122,-0.5179,0.0,0.0,1.1396,0.0,0.0,0.0,0.0,0.0,0.0,
8.12,run,3.41,4.71,4.08,0.19,-0.62,57.7,0.0,0.0,0.208,2.2,22.5,-15.82,18.19,13.71,3.87,14.06,-26.63,94.66,-2.81,16.61,8.35,11.43,-27.95,132.19,19.86,2.99,20.92,2.35,21.46,-14.95,17.58,13.01,4.51,14.77,-25.07,94.62,-2.5,16.6,8.18,11.17,-25.88,132.37,19.88,3.25,21.35,0.0672,0.8447,-0.9406,0.5022,0.691,-0.7116,0.4219,-0.0012,0.3484,-0.0716,0.7564,-0.6685,0.319,-0.016,0.7925,0.5679,0.5136,-0.5135,0.006,0.013,0.006,0.006,0.019,0.006,0.013,0.195,0.0,0.006,0.006,0.0,0.013,0.123,0.019,0.0,0.006,0.006,0.0399,0.385,-0.2884,0.3206,0.2454,0.0583,0.2408,-0.4663,1.6414,-0.0368,0.2807,0.1396,0.204,-0.5016,2.3071,0.3467,0.046,0.3574,-0.0198,-0.0666,0.0676,-0.0717,-0.0256,0.0867,0.0083,0.0107,-0.016,0.0224,0.0011,-0.0023,-0.0296,0.1308,0.0201,0.0154,0.0176,-0.0215,0.2978,0.1815,0.0837,-0.0268,-0.0415,0.0693,0.8523,-0.9445,0.509,0.6932,-0.7164,0.4225,-0.0019,0.3505,-0.0737,0.7564,-0.6655,0.3248,-0.0245,0.7968,0.5692,0.5128,-0.5146,0.0,0.0,1.1544,0.0,0.0,0.0,0.0,0.0,0.0,
8.16,run,3.51,4.8,2.76,2.27,-0.1,58.5,0.0,0.0,0.208,2.64,22.15,-15.47,18.11,13.62,4.22,14.06,-26.63,94.57,-2.72,16.61,8.44,11.34,-27.42,132.19,19.86,2.99,21.09,2.32,21.47,-14.74,17.48,13.12,4.66,14.77,-24.81,94.67,-2.5,16.71,8.4,11.03,-25.48,132.38,19.83,3.34,21.25,0.0663,0.8449,-0.9381,0.4993,0.693,-0.7098,0.4219,0.0034,0.3491,-0.0713,0.7584,-0.6659,0.315,-0.0088,0.7927,0.5667,0.5152,-0.5147,0.006,0.013,0.006,0.006,0.019,0.006,0.013,0.195,0.0,0.006,0.006,0.0,0.013,0.123,0.019,0.0,0.006,0.006,0.0337,0.3835,-0.2792,0.3206,0.2408,0.0644,0.2408,-0.4663,1.6414,-0.0353,0.2823,0.1427,0.201,-0.4924,2.3071,0.3482,0.0491,0.3605,-0.0367,-0.0523,0.0817,-0.0502,-0.0351,0.0836,0.0058,0.0075,-0.0112,0.0214,0.0065,0.0099,-0.0322,0.1259,0.0141,0.0165,0.0238,-0.0036,0.3124,0.1824,0.0713,0.0034,-0.0109,0.0672,0.8447,-0.9406,0.5022,0.691,-0.7116,0.4219,-0.0012,0.3484,-0.0716,0.7564,-0.6685,0.319,-0.016,0.7925,0.5679,0.5136,-0.5135,0.0,0.0,1.1692,0.0,0.0,0.0,0.0,0.0,0.0,
8.2,run,3.79,4.85,7.21,1.69,-0.68,59.2,0.0,0.0,0.208,2.02,21.88,-15.12,17.75,13.45,4.57,14.06,-26.46,94.57,-2.55,16.61,8.35,11.16,-26.89,132.19,19.86,2.99,21.09,2.26,21.52,-14.51,17.33,13.17,4.77,14.77,-24.57,94.75,-2.43,16.72,8.73,10.92,-25.05,132.5,19.84,3.34,21.24,0.0647,0.8458,-0.9354,0.4951,0.694,-0.7086,0.4219,0.0079,0.35,-0.0693,0.7586,-0.662,0.312,-0.001,0.7941,0.5668,0.5152,-0.5148,0.013,0.0,0.006,0.0,0.006,0.006,0.013,0.156,0.0,0.006,0.0,0.006,0.0,0.078,0.013,0.0,0.0,0.006,0.0414,0.3774,-0.273,0.3191,0.2393,0.0706,0.2408,-0.4663,1.6398,-0.0337,0.2823,0.1442,0.1994,-0.4832,2.3071,0.3482,0.0491,0.3636,0.003,-0.0596,0.0802,-0.0409,-0.0303,0.0815,0.0041,0.0053,-0.0136,0.0207,0.0046,0.0127,-0.0283,0.1227,0.0099,0.0116,0.0167,0.009,0.3217,0.1902,0.0481,0.0396,-0.0017,0.0663,0.8449,-0.9381,0.4993,0.693,-0.7098,0.4219,0.0034,0.3491,-0.0713,0.7584,-0.6659,0.315,-0.0088,0.7927,0.5667,0.5152,-0.5147,0.0,0.0,1.184,0.0,0.0,0.0,0.0,0.0,0.0,
8.24,run,3.97,5.11,5.61,5.71,3.22,59.9,0.0,0.0,0.208,2.29,21.88,-14.85,17.58,13.45,4.66,14.06,-26.1,94.57,-2.64,16.61,8.44,10.99,-26.46,132.19,19.86,3.16,21.18,2.1,20.84,-13.86,16.9,12.99,5.55,14.71,-24.45,94.13,-2.2,16.52,8.84,10.67,-24.48,131.92,19.77,3.5,20.94,0.06,0.8334,-0.9278,0.4829,0.6907,-0.6994,0.4202,0.01,0.3427,-0.0629,0.7549,-0.6607,0.305,0.0094,0.7873,0.5647,0.5182,-0.5184,0.013,0.0,0.006,0.0,0.006,0.006,0.013,0.156,0.0,0.006,0.0,0.006,0.0,0.078,0.013,0.0,0.0,0.006,0.0307,0.3728,-0.2669,0.3129,0.2362,0.0767,0.2408,-0.4633,1.6398,-0.0307,0.2823,0.1427,0.1963,-0.474,2.3071,0.3482,0.0491,0.3636,-0.0381,-0.059,0.0791,-0.0516,-0.0327,0.0801,0.0029,0.0152,-0.0095,0.026,0.0032,0.0031,-0.0313,0.1204,0.0069,0.0081,0.0117,0.0063,0.3463,0.1944,0.1259,0.0295,-0.0118,0.0647,0.8458,-0.9354,0.4951,0.694,-0.7086,0.4219,0.0079,0.35,-0.0693,0.7586,-0.662,0.312,-0.001,0.7941,0.5668,0.5152,-0.5148,0.0,0.0,1.1988,0.0,0.0,0.0,0.0,0.0,0.0,
8.28,run,4.32,5.22,8.7,2.44,-0.52,60.7,0.0,0.0,0.208,2.46,21.8,-14.59,17.49,13.45,4.75,14.06,-26.02,94.48,-2.55,16.61,8.79,10.81,-26.02,132.1,19.78,3.25,21.18,2.09,21.07,-13.55,16.75,13.18,5.59,14.58,-23.97,94.31,-2.17,16.65,9.33,10.52,-24.09,132.02,19.6,3.53,20.87,0.0596,0.8377,-0.9241,0.4785,0.6942,-0.699,0.4166,0.0187,0.3449,-0.0619,0.7572,-0.6549,0.3007,0.0165,0.7884,0.5599,0.5188,-0.5192,0.013,0.0,0.006,0.0,0.006,0.006,0.013,0.156,0.0,0.006,0.0,0.006,0.0,0.078,0.013,0.0,0.0,0.006,0.0353,0.3728,-0.2623,0.3099,0.2362,0.0782,0.2408,-0.4571,1.6398,-0.0322,0.2823,0.1442,0.1933,-0.4663,2.3071,0.3482,0.0522,0.3651,-0.0093,-0.0413,0.0727,-0.0477,-0.0229,0.0618,0.002,0.0338,-0.0067,0.0124,0.0022,0.008,-0.0335,0.1132,0.0048,0.0057,0.0197,0.0102,0.3615,0.2176,0.0979,0.0997,0.0563,0.06,0.8334,-0.9278,0.4829,0.6907,-0.6994,0.4202,0.01,0.3427,-0.0629,0.7549,-0.6607,0.305,0.0094,0.7873,0.5647,0.5182,-0.5184,0.0,0.0,1.2136,0.0,0.0,0.0,0.0,0.0,0.0,
8.32,run,4.52,5.31,4.5,2.73,4.51,61.4,0.0,0.0,0.208,1.58,21.8,-14.15,17.05,13.45,5.36,14.06,-25.66,94.48,-2.29,16.61,9.05,10.55,-25.4,131.66,19.6,3.25,21.01,1.89,20.24,-12.8,16.28,12.89,6.36,14.34,-23.91,93.88,-1.91,16.33,9.14,10.24,-23.56,131.17,19.42,3.57,20.75,0.054,0.8225,-0.9152,0.4651,0.6888,-0.6899,0.4096,0.0198,0.3397,-0.0545,0.7514,-0.6572,0.2926,0.0262,0.7784,0.555,0.5195,-0.5206,0.006,0.013,0.006,0.0,0.013,0.006,0.006,0.149,0.006,0.013,0.006,0.0,0.013,0.084,0.006,0.006,0.0,0.0,0.0383,0.3712,-0.2577,0.3083,0.2362,0.0798,0.2408,-0.4556,1.6383,-0.0307,0.2823,0.1503,0.1902,-0.4587,2.3056,0.3467,0.0537,0.3651,0.0049,-0.0346,0.0681,-0.0391,-0.016,0.049,0.0014,0.0294,-0.0104,0.0144,0.0016,0.0285,-0.0349,0.1078,-0.0023,-0.0018,0.0195,0.0071,0.3919,0.2275,0.1518,0.0426,-0.009,0.0596,0.8377,-0.9241,0.4785,0.6942,-0.699,0.4166,0.0187,0.3449,-0.0619,0.7572,-0.6549,0.3007,0.0165,0.7884,0.5599,0.5188,-0.5192,0.0,0.0,1.2284,0.0,0.0,0.0,0.0,0.0,0.0,
8.36,run,4.63,5.48,3.01,4.0,-0.52,62.2,0.0,0.0,0.208,2.2,21.36,-13.71,16.79,13.45,5.8,14.06,-25.58,94.39,-2.2,16.61,9.32,10.55,-24.96,131.57,19.51,3.34,20.92,1.86,20.03,-12.13,15.99,12.82,6.6,14.27,-23.47,93.86,-1.89,16.47,9.46,10.04,-23.04,130.86,19.2,3.58,20.68,0.0532,0.8187,-0.9074,0.4569,0.6877,-0.687,0.4079,0.0278,0.3395,-0.054,0.754,-0.6534,0.2868,0.0356,0.7748,0.5486,0.5197,-0.5214,0.006,0.013,0.006,0.0,0.013,0.006,0.006,0.149,0.006,0.013,0.006,0.0,0.013,0.084,0.006,0.006,0.0,0.0,0.023,0.3712,-0.25,0.3007,0.2362,0.0905,0.2408,-0.4495,1.6383,-0.0261,0.2823,0.1549,0.1856,-0.4479,2.2979,0.3436,0.0537,0.362,-0.0541,-0.0242,0.0764,-0.0562,-0.0112,0.0746,0.001,0.0436,-0.0073,0.0274,0.0011,0.0372,-0.0417,0.1158,-0.0304,-0.0127,0.0137,-0.0065,0.4092,0.2348,0.0786,0.0476,0.0787,0.054,0.8225,-0.9152,0.4651,0.6888,-0.6899,0.4096,0.0198,0.3397,-0.0545,0.7514,-0.6572,0.2926,0.0262,0.7784,0.555,0.5195,-0.5206,0.0,0.0,1.2432,0.0,0.0,0.0,0.0,0.0,0.0,
8.4,run,4.98,5.56,8.5,1.94,-2.34,62.9,0.0,0.0,0.208,1.93,20.83,-13.1,16.44,13.36,6.33,14.06,-25.31,94.04,-2.02,16.61,9.32,10.11,-24.43,130.96,19.25,3.34,20.92,1.71,19.97,-11.65,15.74,12.73,6.9,14.14,-23.22,93.92,-1.72,16.24,9.88,9.91,-22.5,130.67,19.13,3.49,20.93,0.0487,0.8176,-0.9018,0.4496,0.686,-0.6836,0.4039,0.0324,0.3403,-0.0492,0.7499,-0.6485,0.283,0.0454,0.7725,0.5465,0.5181,-0.5185,0.006,0.013,0.006,0.0,0.013,0.006,0.006,0.149,0.006,0.013,0.006,0.0,0.013,0.084,0.006,0.006,0.0,0.0,0.0337,0.3636,-0.2424,0.2961,0.2362,0.0982,0.2408,-0.4479,1.6368,-0.0245,0.2823,0.1595,0.1856,-0.4403,2.2964,0.3421,0.0552,0.3605,0.0026,-0.0459,0.0824,-0.0567,-0.0079,0.0811,0.0007,0.0363,-0.0109,0.0249,0.0008,0.0434,-0.0292,0.1099,-0.0271,-0.0147,0.0154,-0.0103,0.4191,0.2494,0.0525,0.0698,-0.0091,0.0532,0.8187,-0.9074,0.4569,0.6877,-0.687,0.4079,0.0278,0.3395,-0.054,0.754,-0.6534,0.2868,0.0356,0.7748,0.5486,0.5197,-0.5214,0.0,0.0,1.258,0.0,0.0,0.0,0.0,0.0,0.0,
8.44,run,5.1,5.76,3.08,5.19,0.52,63.6,0.0,0.0,0.208,1.23,20.48,-12.48,16.08,13.27,6.68,14.06,-24.79,93.96,-1.93,16.61,9.58,10.02,-23.91,130.52,19.16,3.34,20.92,1.47,19.02,-10.57,15.1,12.46,7.88,13.87,-22.9,93.17,-1.39,15.83,10.08,9.55,-21.8,129.59,18.86,3.53,20.7,0.0421,0.8003,-0.889,0.4314,0.6812,-0.672,0.3964,0.0382,0.3314,-0.0398,0.7424,-0.6462,0.2729,0.0581,0.7599,0.5388,0.5188,-0.5212,0.006,0.013,0.006,0.013,0.019,0.006,0.0,0.136,0.006,0.013,0.013,0.0,0.013,0.091,0.0,0.006,0.006,0.006,0.0291,0.3543,-0.2316,0.2899,0.2347,0.1074,0.2408,-0.4433,1.6306,-0.0215,0.2823,0.1595,0.1779,-0.431,2.2856,0.3375,0.0552,0.3605,-0.0153,-0.0665,0.0977,-0.0625,-0.0112,0.0911,0.0005,0.0426,-0.0305,0.0289,0.0005,0.0304,-0.049,0.1113,-0.059,-0.0275,0.0107,-0.0072,0.4499,0.2565,0.1484,0.0339,-0.0409,0.0487,0.8176,-0.9018,0.4496,0.686,-0.6836,0.4039,0.0324,0.3403,-0.0492,0.7499,-0.6485,0.283,0.0454,0.7725,0.5465,0.5181,-0.5185,0.0,0.0,1.2728,0.0,0.0,0.0,0.0,0.0,0.0,
8.48,run,5.26,5.94,4.5,4.73,0.31,64.4,0.0,0.0,0.208,1.76,20.21,-11.95,15.82,13.18,7.12,14.06,-24.52,93.96,-1.67,16.52,10.02,9.76,-23.29,130.17,18.9,3.34,20.92,1.45,19.23,-9.96,14.91,12.64,7.99,13.77,-22.38,93.35,-1.42,16.03,10.71,9.41,-21.28,129.42,18.63,3.59,20.89,0.0415,0.8042,-0.8819,0.4261,0.6843,-0.6707,0.3933,0.0476,0.3336,-0.0406,0.7461,-0.6387,0.269,0.0676,0.7579,0.5324,0.5198,-0.519,0.006,0.013,0.006,0.013,0.019,0.006,0.0,0.136,0.006,0.013,0.013,0.0,0.013,0.091,0.0,0.006,0.006,0.006,0.0169,0.3482,-0.2209,0.2838,0.2332,0.1135,0.2408,-0.4341,1.6291,-0.0199,0.2823,0.1641,0.1764,-0.4218,2.278,0.3359,0.0552,0.3605,-0.0568,-0.0695,0.1087,-0.0668,-0.0136,0.0868,0.0003,0.0643,-0.0271,0.026,0.0004,0.0385,-0.0401,0.1124,-0.0701,-0.025,0.0075,-0.0051,0.4599,0.2741,0.0537,0.0905,0.0091,0.0421,0.8003,-0.889,0.4314,0.6812,-0.672,0.3964,0.0382,0.3314,-0.0398,0.7424,-0.6462,0.2729,0.0581,0.7599,0.5388,0.5188,-0.5212,0.0,0.0,1.2876,0.0,0.0,0.0,0.0,0.0,0.0,
8.52,run,5.64,5.98,9.23,0.81,-1.66,65.1,0.0,0.0,0.208,1.49,19.78,-11.16,15.38,13.1,7.65,13.89,-24.26,93.52,-1.49,16.35,10.11,9.49,-22.68,129.64,18.81,3.34,20.92,1.29,18.86,-9.16,14.52,12.58,8.67,13.49,-21.79,92.97,-1.25,15.78,11.18,9.14,-20.53,128.7,18.34,3.53,21.08,0.0367,0.7974,-0.8725,0.4149,0.6832,-0.6627,0.3853,0.0585,0.329,-0.0356,0.7414,-0.6331,0.2612,0.0812,0.7495,0.524,0.5188,-0.5167,0.006,0.013,0.006,0.013,0.019,0.006,0.0,0.136,0.006,0.013,0.013,0.0,0.013,0.091,0.0,0.006,0.006,0.006,0.0261,0.3436,-0.2117,0.2792,0.2316,0.1212,0.2408,-0.4295,1.6291,-0.0153,0.2807,0.1718,0.1718,-0.4111,2.2718,0.3313,0.0552,0.3605,-0.005,-0.0661,0.1109,-0.0641,-0.0153,0.0897,0.0002,0.0624,-0.019,0.0356,-0.0055,0.0559,-0.0454,0.1193,-0.0722,-0.0349,0.0053,-0.0035,0.4745,0.2902,0.0786,0.0825,0.0054,0.0415,0.8042,-0.8819,0.4261,0.6843,-0.6707,0.3933,0.0476,0.3336,-0.0406,0.7461,-0.6387,0.269,0.0676,0.7579,0.5324,0.5198,-0.519,0.0,0.0,1.3024,0.0,0.0,0.0,0.0,0.0,0.0,
8.56,run,5.83,6.2,4.71,5.74,-0.61,65.9,0.0,0.0,0.208,1.05,19.42,-10.55,15.03,13.1,8.17,13.8,-23.82,93.25,-1.49,16.26,10.81,9.32,-22.06,129.11,18.46,3.34,20.92,1.02,17.89,-7.81,13.84,12.33,9.78,13.08,-21.34,92.19,-0.95,15.34,11.33,8.72,-19.71,127.36,17.92,3.5,21.02,0.029,0.7798,-0.8566,0.3956,0.6788,-0.6497,0.3738,0.0665,0.3199,-0.027,0.7334,-0.6314,0.2492,0.0962,0.7336,0.5121,0.5181,-0.5174,0.0,0.013,0.006,0.013,0.019,0.006,0.006,0.189,0.006,0.006,0.019,0.0,0.006,0.071,0.0,0.006,0.006,0.0,0.0215,0.3359,-0.1979,0.2715,0.2301,0.1304,0.2378,-0.4249,1.6214,-0.0123,0.2777,0.1733,0.1672,-0.4004,2.2626,0.3298,0.0552,0.3605,-0.0205,-0.0747,0.1288,-0.0733,-0.0164,0.0969,-0.0112,0.0607,-0.0417,0.0363,-0.0152,0.0448,-0.0489,0.1233,-0.0847,-0.0301,0.0037,-0.0025,0.5074,0.2936,0.1611,0.0141,-0.029,0.0367,0.7974,-0.8725,0.4149,0.6832,-0.6627,0.3853,0.0585,0.329,-0.0356,0.7414,-0.6331,0.2612,0.0812,0.7495,0.524,0.5188,-0.5167,0.0,0.0,1.3172,0.0,0.0,0.0,0.0,0.0,0.0,
8.6,run,6.24,6.54,9.18,6.98,-1.91,66.6,0.0,0.0,0.208,1.32,19.07,-9.49,14.5,12.83,9.05,13.71,-23.12,92.81,-1.14,16.08,10.99,8.88,-21.27,128.06,18.19,3.34,20.92,0.94,18.08,-7.11,13.6,12.53,9.95,12.84,-20.5,92.25,-0.92,15.4,12.11,8.53,-18.98,127.08,17.59,3.44,21.31,0.0267,0.7832,-0.8483,0.3885,0.6825,-0.6476,0.3667,0.0818,0.3206,-0.0264,0.7345,-0.6222,0.2437,0.1094,0.7304,0.5024,0.517,-0.514,0.0,0.013,0.006,0.013,0.019,0.006,0.006,0.189,0.006,0.006,0.019,0.0,0.006,0.071,0.0,0.006,0.006,0.0,0.0138,0.3298,-0.1871,0.2654,0.2301,0.1396,0.2362,-0.4172,1.6168,-0.0123,0.2761,0.1856,0.1641,-0.3896,2.2534,0.3237,0.0552,0.3605,-0.0431,-0.0753,0.1304,-0.0743,-0.0115,0.1023,-0.0136,0.0713,-0.0464,0.0254,-0.0164,0.0774,-0.0457,0.1265,-0.0938,-0.0441,0.0026,-0.0017,0.5235,0.3129,0.0822,0.1001,-0.0106,0.029,0.7798,-0.8566,0.3956,0.6788,-0.6497,0.3738,0.0665,0.3199,-0.027,0.7334,-0.6314,0.2492,0.0962,0.7336,0.5121,0.5181,-0.5174,0.0,0.0,1.332,0.0,0.0,0.0,0.0,0.0,0.0,
8.64,run,6.6,6.75,8.46,5.55,1.58,67.3,0.0,0.0,0.208,0.7,18.54,-8.79,14.15,12.74,9.58,13.36,-22.76,92.37,-1.14,15.82,11.43,8.7,-20.57,127.62,17.75,3.34,20.92,0.62,17.4,-5.61,12.87,12.61,11.26,12.28,-19.42,91.28,-0.61,14.95,13.16,8.11,-17.78,125.58,16.99,3.49,21.68,0.0178,0.7709,-0.8283,0.3677,0.6839,-0.6322,0.3509,0.1015,0.3092,-0.0175,0.7264,-0.6099,0.2318,0.1314,0.7125,0.4855,0.5179,-0.5096,0.0,0.013,0.006,0.013,0.019,0.006,0.006,0.189,0.006,0.006,0.019,0.0,0.006,0.071,0.0,0.006,0.006,0.0,0.0184,0.3237,-0.1687,0.2562,0.2255,0.1549,0.2347,-0.405,1.6091,-0.0061,0.273,0.1887,0.1565,-0.3758,2.235,0.3191,0.0552,0.3605,-0.0158,-0.0718,0.1487,-0.0807,-0.0224,0.1195,-0.0143,0.0881,-0.0564,0.0369,-0.0211,0.0637,-0.0559,0.1316,-0.123,-0.0452,0.0018,-0.0012,0.5592,0.3426,0.1602,0.1218,-0.0333,0.0267,0.7832,-0.8483,0.3885,0.6825,-0.6476,0.3667,0.0818,0.3206,-0.0264,0.7345,-0.6222,0.2437,0.1094,0.7304,0.5024,0.517,-0.514,0.0,0.0,1.3468,0.0,0.0,0.0,0.0,0.0,0.0,
8.68,run,6.76,6.93,4.71,3.94,-1.3,68.1,0.0,0.0,0.208,1.05,18.19,-7.82,13.71,12.74,10.11,13.1,-22.24,92.2,-0.97,15.73,11.87,8.44,-19.78,126.83,17.4,3.34,21.09,0.42,17.01,-4.11,12.3,12.71,12.02,11.72,-18.39,90.84,-0.53,14.83,13.56,7.68,-16.66,124.55,16.33,3.32,22.03,0.0121,0.7639,-0.8119,0.3514,0.6857,-0.6233,0.3347,0.1202,0.304,-0.0153,0.7242,-0.6052,0.2193,0.1516,0.7006,0.4666,0.5149,-0.5055,0.019,0.019,0.013,0.013,0.0,0.013,0.026,0.195,0.006,0.006,0.006,0.006,0.013,0.071,0.0,0.006,0.006,0.006,0.0077,0.3145,-0.1565,0.25,0.224,0.1641,0.2286,-0.3988,1.6015,-0.0061,0.2684,0.1963,0.1534,-0.3636,2.2273,0.3114,0.0552,0.3605,-0.051,-0.0845,0.1497,-0.0793,-0.0214,0.1178,-0.0328,0.0845,-0.068,0.0258,-0.0318,0.0731,-0.0505,0.1377,-0.1146,-0.0601,0.0013,-0.0009,0.5913,0.3603,0.1476,0.0968,0.0275,0.0178,0.7709,-0.8283,0.3677,0.6839,-0.6322,0.3509,0.1015,0.3092,-0.0175,0.7264,-0.6099,0.2318,0.1314,0.7125,0.4855,0.5179,-0.5096,0.0,0.0,1.3616,0.0,0.0,0.0,0.0,0.0,0.0,
8.72,run,7.18,7.28,10.32,8.99,-2.15,68.8,0.0,0.0,0.208,0.35,17.75,-6.86,13.1,12.74,10.9,12.66,-21.45,91.67,-0.7,15.38,12.66,7.91,-18.98,125.77,16.79,3.34,21.62,0.21,16.85,-2.61,11.8,12.75,12.96,11.15,-17.26,90.56,-0.4,14.56,14.54,7.35,-15.49,123.3,15.67,3.11,22.97,0.006,0.761,-0.7949,0.3371,0.6864,-0.6122,0.3187,0.1408,0.3007,-0.0114,0.7193,-0.5936,0.21,0.1729,0.6858,0.4477,0.5111,-0.4944,0.019,0.019,0.013,0.013,0.0,0.013,0.026,0.195,0.006,0.006,0.006,0.006,0.013,0.071,0.0,0.006,0.006,0.006,0.0138,0.3083,-0.1396,0.2424,0.224,0.1733,0.224,-0.3896,1.5984,-0.0031,0.2669,0.204,0.1488,-0.3497,2.2135,0.3053,0.0552,0.3636,-0.0127,-0.0821,0.168,-0.0842,-0.015,0.117,-0.0402,0.0936,-0.0591,0.0296,-0.028,0.0799,-0.0526,0.1481,-0.132,-0.0651,0.0009,0.0109,0.6047,0.3765,0.0822,0.0688,-0.0227,0.0121,0.7639,-0.8119,0.3514,0.6857,-0.6233,0.3347,0.1202,0.304,-0.0153,0.7242,-0.6052,0.2193,0.1516,0.7006,0.4666,0.5149,-0.5055,0.0,0.0,1.3764,0.0,0.0,0.0,0.0,0.0,0.0,
8.76,run,7.63,7.8,12.2,13.62,1.55,69.6,0.0,0.0,0.208,0.09,17.4,-5.71,12.57,12.74,11.78,12.3,-20.3,91.05,-0.62,15.21,13.36,7.65,-17.93,124.89,16.26,3.34,21.88,-0.15,16.44,-1.11,11.07,13.03,14.41,10.49,-15.76,89.45,-0.14,14.15,16.0,6.89,-13.99,122.02,14.88,3.05,23.59,-0.0044,0.7535,-0.7735,0.3164,0.6914,-0.5951,0.2997,0.171,0.2876,-0.0039,0.7118,-0.5764,0.197,0.2014,0.6708,0.4251,0.51,-0.4872,0.019,0.019,0.013,0.013,0.0,0.013,0.026,0.195,0.006,0.006,0.006,0.006,0.013,0.071,0.0,0.006,0.006,0.006,0.0015,0.3007,-0.1227,0.2316,0.224,0.1871,0.2163,-0.3758,1.5892,0.0015,0.2608,0.2178,0.1396,-0.3359,2.1951,0.2945,0.0552,0.3728,-0.0552,-0.0864,0.1812,-0.0995,-0.0105,0.134,-0.0571,0.1176,-0.0761,0.0381,-0.0428,0.108,-0.0716,0.1558,-0.1618,-0.0861,0.0006,0.0424,0.6412,0.4069,0.1801,0.1569,-0.0375,0.006,0.761,-0.7949,0.3371,0.6864,-0.6122,0.3187,0.1408,0.3007,-0.0114,0.7193,-0.5936,0.21,0.1729,0.6858,0.4477,0.5111,-0.4944,0.0,0.0,1.3912,0.0,0.0,0.0,0.0,0.0,0.0,
8.8,run,8.06,8.29,10.94,12.32,-2.82,70.3,0.0,0.0,0.208,0.18,17.14,-4.48,11.95,12.74,12.66,11.78,-19.25,90.53,-0.62,14.85,14.33,7.29,-16.79,123.84,15.56,3.34,22.41,-0.4,16.46,0.39,10.47,13.65,15.51,9.63,-14.26,88.65,-0.03,14.05,17.33,6.43,-12.49,120.8,13.87,2.92,24.59,-0.0115,0.7538,-0.7541,0.2991,0.7027,-0.5822,0.275,0.2067,0.2782,-0.0009,0.7099,-0.5608,0.1838,0.2296,0.6565,0.3962,0.5076,-0.4755,0.0,0.006,0.013,0.006,0.013,0.019,0.026,0.175,0.006,0.013,0.013,0.006,0.006,0.058,0.0,0.019,0.006,0.006,-0.0031,0.2945,-0.1028,0.2224,0.224,0.2025,0.2102,-0.3559,1.5785,0.0031,0.2577,0.2301,0.135,-0.3175,2.1798,0.2853,0.0552,0.3774,-0.0558,-0.0834,0.2013,-0.104,-0.0073,0.151,-0.0629,0.1568,-0.0933,0.0324,-0.0414,0.1214,-0.0673,0.1777,-0.1705,-0.0946,0.0004,0.0468,0.6812,0.4523,0.2129,0.2378,0.0271,-0.0044,0.7535,-0.7735,0.3164,0.6914,-0.5951,0.2997,0.171,0.2876,-0.0039,0.7118,-0.5764,0.197,0.2014,0.6708,0.4251,0.51,-0.4872,0.0,0.0,1.406,0.0,0.0,0.0,0.0,0.0,0.0,
8.84,run,8.68,8.85,12.76,11.8,2.24,71.0,0.0,0.0,0.208,-0.7,16.88,-2.9,11.25,13.01,13.89,11.07,-17.84,89.65,-0.26,14.59,15.56,6.77,-15.38,122.43,14.68,3.25,23.2,-0.8,15.92,1.89,9.53,13.86,17.01,8.59,-12.76,87.73,0.27,13.57,18.83,5.9,-10.99,119.3,12.7,2.75,26.09,-0.0229,0.7441,-0.7225,0.2724,0.7066,-0.5594,0.2454,0.2429,0.2674,0.0077,0.7013,-0.5409,0.1686,0.2656,0.63,0.3627,0.5045,-0.457,0.0,0.006,0.013,0.006,0.013,0.019,0.026,0.175,0.006,0.013,0.013,0.006,0.006,0.058,0.0,0.019,0.006,0.006,-0.0015,0.2899,-0.0813,0.2117,0.224,0.2178,0.201,-0.3375,1.5693,0.0031,0.2516,0.247,0.1289,-0.2976,2.1614,0.273,0.0552,0.3866,-0.0333,-0.0756,0.2214,-0.113,-0.0051,0.1632,-0.0785,0.1787,-0.0998,0.0227,-0.052,0.1482,-0.0701,0.1991,-0.1883,-0.1122,0.0003,0.0673,0.7187,0.4954,0.1909,0.215,-0.0493,-0.0115,0.7538,-0.7541,0.2991,0.7027,-0.5822,0.275,0.2067,0.2782,-0.0009,0.7099,-0.5608,0.1838,0.2296,0.6565,0.3962,0.5076,-0.4755,0.0,0.0,1.4208,0.0,0.0,0.0,0.0,0.0,0.0,
8.88,run,9.14,9.37,11.66,12.42,1.23,71.8,0.0,0.0,0.208,-0.26,16.79,-1.93,10.63,13.45,14.85,10.55,-16.88,89.03,-0.09,14.5,16.61,6.5,-14.24,121.46,13.97,3.16,23.99,-1.13,15.33,3.39,8.58,14.13,18.51,7.42,-11.26,86.67,0.54,13.2,20.33,5.32,-9.49,117.8,11.33,2.49,27.33,-0.0324,0.7333,-0.6928,0.2452,0.7114,-0.538,0.2119,0.2819,0.2549,0.0153,0.6945,-0.5242,0.1521,0.2964,0.6069,0.3237,0.4998,-0.4432,0.0,0.006,0.013,0.006,0.013,0.019,0.026,0.175,0.006,0.013,0.013,0.006,0.006,0.058,0.0,0.019,0.006,0.006,-0.0169,0.2853,-0.0537,0.1994,0.2286,0.2393,0.1887,-0.3129,1.5539,0.0092,0.247,0.2684,0.1197,-0.273,2.1368,0.2577,0.0537,0.4004,-0.0718,-0.0675,0.2422,-0.1179,0.0109,0.182,-0.0937,0.2026,-0.1183,0.0352,-0.0509,0.1716,-0.0781,0.2169,-0.2093,-0.127,-0.0046,0.0907,0.7724,0.544,0.2226,0.2059,0.0391,-0.0229,0.7441,-0.7225,0.2724,0.7066,-0.5594,0.2454,0.2429,0.2674,0.0077,0.7013,-0.5409,0.1686,0.2656,0.63,0.3627,0.5045,-0.457,0.0,0.0,1.4356,0.0,0.0,0.0,0.0,0.0,0.0,
8.92,run,9.62,9.88,11.11,12.42,-5.08,72.5,0.0,0.0,0.227,-0.88,16.35,-0.88,9.84,13.8,15.91,10.02,-15.64,88.24,0.18,14.15,17.67,5.98,-12.92,120.32,13.27,2.99,24.79,-1.35,14.96,4.89,7.79,14.38,20.01,6.45,-9.76,86.29,0.88,12.87,21.51,4.93,-7.99,116.3,10.26,2.3,28.57,-0.0385,0.7265,-0.668,0.2226,0.716,-0.5222,0.1843,0.3125,0.2504,0.0252,0.6885,-0.5117,0.1408,0.3186,0.5877,0.2931,0.4964,-0.4286,0.013,0.013,0.0,0.006,0.006,0.013,0.039,0.227,0.0,0.019,0.019,0.013,0.013,0.039,0.013,0.019,0.006,0.019,-0.0092,0.2838,-0.0368,0.1887,0.2362,0.2562,0.1795,-0.2961,1.5432,0.0123,0.2454,0.2869,0.115,-0.2531,2.12,0.2454,0.0522,0.4142,-0.0217,-0.0529,0.2322,-0.1224,0.0362,0.1902,-0.0998,0.2045,-0.1227,0.0361,-0.0413,0.1885,-0.0718,0.226,-0.2093,-0.1345,-0.0089,0.1148,0.8129,0.5889,0.2035,0.2167,0.0215,-0.0324,0.7333,-0.6928,0.2452,0.7114,-0.538,0.2119,0.2819,0.2549,0.0153,0.6945,-0.5242,0.1521,0.2964,0.6069,0.3237,0.4998,-0.4432,0.0,0.0,1.4504,0.0,0.0,0.0,0.0,0.0,0.0,
8.96,run,10.04,10.53,11.53,16.05,-2.58,73.3,0.0,0.0,0.227,-1.32,15.82,0.88,9.67,14.06,17.14,9.14,-14.33,87.36,0.44,13.62,18.98,5.45,-11.51,119.0,12.13,2.72,25.84,-1.62,14.01,6.39,6.78,14.31,21.51,5.68,-8.26,85.61,1.41,12.38,22.78,4.6,-6.49,114.8,9.39,2.32,29.72,-0.0463,0.7093,-0.6371,0.1936,0.7148,-0.502,0.1622,0.3358,0.2425,0.0404,0.6796,-0.4967,0.1313,0.3392,0.5628,0.2684,0.4967,-0.4151,0.013,0.013,0.0,0.006,0.006,0.013,0.039,0.227,0.0,0.019,0.019,0.013,0.013,0.039,0.013,0.019,0.006,0.019,-0.0199,0.2761,-0.0184,0.1749,0.2424,0.2746,0.1703,-0.2746,1.5294,0.0169,0.2393,0.3053,0.1058,-0.2301,2.1,0.2332,0.0491,0.428,-0.0554,-0.0658,0.2315,-0.1374,0.0483,0.202,-0.1043,0.2236,-0.1376,0.0425,-0.0519,0.2009,-0.0847,0.2443,-0.2211,-0.1401,-0.0177,0.132,0.8544,0.6336,0.1939,0.2168,-0.0887,-0.0385,0.7265,-0.668,0.2226,0.716,-0.5222,0.1843,0.3125,0.2504,0.0252,0.6885,-0.5117,0.1408,0.3186,0.5877,0.2931,0.4964,-0.4286,0.0,0.0,1.4652,0.0,0.0,0.0,0.0,0.0,0.0,
9.1,tail,9.84,8.24,-1.92,-19.78,12.18,,0.0,0.0,0.227,-1.05,15.38,2.46,8.7,13.45,18.72,8.44,-17.05,86.31,0.18,13.36,21.53,5.19,-11.34,116.63,10.28,2.72,27.25,,,,,,,,,,,,,,,,,,,,,,,,,,,,,,,,,,,,,0.0,0.0,0.0,0.0,0.0,0.0,0.0,0.0,0.0,0.0,0.0,0.0,0.0,0.0,0.0,0.0,0.0,0.0,,,,,,,,,,,,,,,,,,,,,,,,,,,,,,,,,,,,,,,,,,,,,,,,,,,,,,,,,,,,,,,,,,,,,
9.2,tail,7.31,6.48,-21.34,-14.02,-0.98,,0.0,0.0,0.227,-1.05,15.47,2.99,8.79,13.36,18.72,8.35,-29.88,86.4,-0.18,13.45,21.97,5.19,-13.8,117.95,10.28,2.72,26.81,,,,,,,,,,,,,,,,,,,,,,,,,,,,,,,,,,,,,0.0,0.0,0.0,0.0,0.0,0.0,0.0,0.0,0.0,0.0,0.0,0.0,0.0,0.0,0.0,0.0,0.0,0.0,,,,,,,,,,,,,,,,,,,,,,,,,,,,,,,,,,,,,,,,,,,,,,,,,,,,,,,,,,,,,,,,,,,,,
9.3,tail,4.72,5.09,-21.86,-12.19,1.17,,0.0,0.0,0.227,-1.05,15.47,3.08,8.7,14.15,18.72,7.91,-42.63,86.48,-0.18,13.45,21.97,5.19,-19.51,121.55,10.28,2.72,27.25,,,,,,,,,,,,,,,,,,,,,,,,,,,,,,,,,,,,,0.0,0.0,0.0,0.0,0.0,0.0,0.0,0.0,0.0,0.0,0.0,0.0,0.0,0.0,0.0,0.0,0.0,0.0,,,,,,,,,,,,,,,,,,,,,,,,,,,,,,,,,,,,,,,,,,,,,,,,,,,,,,,,,,,,,,,,,,,,,
9.4,tail,1.21,3.37,-29.01,-14.0,-0.67,,0.0,0.0,0.227,-1.05,15.47,3.08,8.7,14.24,18.81,7.56,-45.44,86.48,-0.18,13.45,21.97,5.19,-27.77,126.83,10.28,2.72,27.25,,,,,,,,,,,,,,,,,,,,,,,,,,,,,,,,,,,,,0.0,0.0,0.0,0.0,0.0,0.0,0.0,0.0,0.0,0.0,0.0,0.0,0.0,0.0,0.0,0.0,0.0,0.0,,,,,,,,,,,,,,,,,,,,,,,,,,,,,,,,,,,,,,,,,,,,,,,,,,,,,,,,,,,,,,,,,,,,,
9.5,tail,-1.22,2.11,-18.82,-9.4,3.22,,0.0,0.0,0.227,-1.05,15.47,3.08,8.7,14.24,18.81,7.56,-44.21,86.48,-0.44,13.1,21.8,5.19,-38.94,133.51,10.28,2.72,27.25,,,,,,,,,,,,,,,,,,,,,,,,,,,,,,,,,,,,,0.0,0.0,0.0,0.0,0.0,0.0,0.0,0.0,0.0,0.0,0.0,0.0,0.0,0.0,0.0,0.0,0.0,0.0,,,,,,,,,,,,,,,,,,,,,,,,,,,,,,,,,,,,,,,,,,,,,,,,,,,,,,,,,,,,,,,,,,,,,
9.6,tail,-1.37,1.99,-1.27,-1.07,-0.73,,0.0,0.0,0.227,-1.23,15.47,3.16,8.61,14.24,18.81,7.82,-44.03,86.48,-0.62,12.66,21.8,5.19,-44.03,135.62,10.02,2.72,27.25,,,,,,,,,,,,,,,,,,,,,,,,,,,,,,,,,,,,,0.0,0.0,0.0,0.0,0.0,0.0,0.0,0.0,0.0,0.0,0.0,0.0,0.0,0.0,0.0,0.0,0.0,0.0,,,,,,,,,,,,,,,,,,,,,,,,,,,,,,,,,,,,,,,,,,,,,,,,,,,,,,,,,,,,,,,,,,,,,
9.7,tail,-1.32,2.02,0.18,0.12,0.29,,0.0,0.0,0.227,-1.14,15.47,3.16,8.61,14.24,18.81,7.82,-44.03,86.48,-0.62,12.66,21.8,5.19,-44.12,134.82,10.02,2.72,27.25,,,,,,,,,,,,,,,,,,,,,,,,,,,,,,,,,,,,,0.0,0.0,0.0,0.0,0.0,0.0,0.0,0.0,0.0,0.0,0.0,0.0,0.0,0.0,0.0,0.0,0.0,0.0,,,,,,,,,,,,,,,,,,,,,,,,,,,,,,,,,,,,,,,,,,,,,,,,,,,,,,,,,,,,,,,,,,,,,
9.8,tail,-1.29,2.04,-0.06,0.01,-0.12,,0.0,0.0,0.227,-1.05,15.47,3.16,8.61,14.24,18.81,7.82,-44.03,86.48,-0.62,12.66,21.8,5.19,-44.12,134.74,10.02,2.72,27.25,,,,,,,,,,,,,,,,,,,,,,,,,,,,,,,,,,,,,0.0,0.0,0.0,0.0,0.0,0.0,0.0,0.0,0.0,0.0,0.0,0.0,0.0,0.0,0.0,0.0,0.0,0.0,,,,,,,,,,,,,,,,,,,,,,,,,,,,,,,,,,,,,,,,,,,,,,,,,,,,,,,,,,,,,,,,,,,,,
9.9,tail,-1.26,2.05,0.06,0.02,0.08,,0.0,0.0,0.227,-1.05,15.47,3.16,8.61,14.24,18.81,7.82,-44.03,86.48,-0.62,12.66,21.8,5.19,-44.12,134.74,10.02,2.72,27.25,,,,,,,,,,,,,,,,,,,,,,,,,,,,,,,,,,,,,0.0,0.0,0.0,0.0,0.0,0.0,0.0,0.0,0.0,0.0,0.0,0.0,0.0,0.0,0.0,0.0,0.0,0.0,,,,,,,,,,,,,,,,,,,,,,,,,,,,,,,,,,,,,,,,,,,,,,,,,,,,,,,,,,,,,,,,,,,,,
10.0,tail,-1.23,2.06,0.0,-0.02,0.03,,0.0,0.0,0.227,-1.05,15.47,3.16,8.61,14.24,18.81,7.82,-44.03,86.48,-0.62,12.66,21.8,5.19,-44.12,134.74,10.02,2.72,27.25,,,,,,,,,,,,,,,,,,,,,,,,,,,,,,,,,,,,,0.0,0.0,0.0,0.0,0.0,0.0,0.0,0.0,0.0,0.0,0.0,0.0,0.0,0.0,0.0,0.0,0.0,0.0,,,,,,,,,,,,,,,,,,,,,,,,,,,,,,,,,,,,,,,,,,,,,,,,,,,,,,,,,,,,,,,,,,,,,
10.1,tail,-1.2,2.08,0.0,0.01,-0.05,,0.0,0.0,0.227,-1.05,15.47,3.16,8.61,14.24,18.81,7.82,-44.03,86.48,-0.62,12.66,21.8,5.19,-44.12,134.74,10.02,2.72,27.25,,,,,,,,,,,,,,,,,,,,,,,,,,,,,,,,,,,,,0.0,0.0,0.0,0.0,0.0,0.0,0.0,0.0,0.0,0.0,0.0,0.0,0.0,0.0,0.0,0.0,0.0,0.0,,,,,,,,,,,,,,,,,,,,,,,,,,,,,,,,,,,,,,,,,,,,,,,,,,,,,,,,,,,,,,,,,,,,,
10.2,tail,-1.18,2.09,-0.03,-0.03,-0.05,,0.0,0.0,0.227,-1.05,15.47,3.16,8.61,14.24,18.81,7.82,-44.03,86.48,-0.62,12.66,21.8,5.19,-44.12,134.74,10.02,2.72,27.25,,,,,,,,,,,,,,,,,,,,,,,,,,,,,,,,,,,,,0.0,0.0,0.0,0.0,0.0,0.0,0.0,0.0,0.0,0.0,0.0,0.0,0.0,0.0,0.0,0.0,0.0,0.0,,,,,,,,,,,,,,,,,,,,,,,,,,,,,,,,,,,,,,,,,,,,,,,,,,,,,,,,,,,,,,,,,,,,,
10.3,tail,-1.15,2.1,0.02,-0.0,0.03,,0.0,0.0,0.227,-1.05,15.47,3.16,8.61,14.24,18.81,7.82,-44.03,86.48,-0.62,12.66,21.8,5.19,-44.12,134.74,10.02,2.72,27.25,,,,,,,,,,,,,,,,,,,,,,,,,,,,,,,,,,,,,0.0,0.0,0.0,0.0,0.0,0.0,0.0,0.0,0.0,0.0,0.0,0.0,0.0,0.0,0.0,0.0,0.0,0.0,,,,,,,,,,,,,,,,,,,,,,,,,,,,,,,,,,,,,,,,,,,,,,,,,,,,,,,,,,,,,,,,,,,,,
10.4,tail,-1.12,2.1,0.01,-0.05,-0.04,,0.0,0.0,0.227,-1.05,15.47,3.16,8.61,14.24,18.81,7.82,-44.03,86.48,-0.62,12.66,21.8,5.19,-44.12,134.74,10.02,2.72,27.25,,,,,,,,,,,,,,,,,,,,,,,,,,,,,,,,,,,,,0.0,0.0,0.0,0.0,0.0,0.0,0.0,0.0,0.0,0.0,0.0,0.0,0.0,0.0,0.0,0.0,0.0,0.0,,,,,,,,,,,,,,,,,,,,,,,,,,,,,,,,,,,,,,,,,,,,,,,,,,,,,,,,,,,,,,,,,,,,,
10.5,tail,-1.09,2.11,0.03,-0.01,0.0,,0.0,0.0,0.227,-1.05,15.47,3.16,8.61,14.24,18.81,7.82,-44.03,86.48,-0.62,12.66,21.8,5.19,-44.12,134.74,10.02,2.72,27.25,,,,,,,,,,,,,,,,,,,,,,,,,,,,,,,,,,,,,0.0,0.0,0.0,0.0,0.0,0.0,0.0,0.0,0.0,0.0,0.0,0.0,0.0,0.0,0.0,0.0,0.0,0.0,,,,,,,,,,,,,,,,,,,,,,,,,,,,,,,,,,,,,,,,,,,,,,,,,,,,,,,,,,,,,,,,,,,,,
10.6,tail,-1.07,2.12,-0.03,-0.01,-0.08,,0.0,0.0,0.227,-1.05,15.47,3.16,8.61,14.24,18.81,7.82,-44.03,86.48,-0.62,12.66,21.8,5.19,-44.12,134.74,10.02,2.72,27.25,,,,,,,,,,,,,,,,,,,,,,,,,,,,,,,,,,,,,0.0,0.0,0.0,0.0,0.0,0.0,0.0,0.0,0.0,0.0,0.0,0.0,0.0,0.0,0.0,0.0,0.0,0.0,,,,,,,,,,,,,,,,,,,,,,,,,,,,,,,,,,,,,,,,,,,,,,,,,,,,,,,,,,,,,,,,,,,,,
10.7,tail,-1.06,2.14,-0.05,0.05,0.06,,0.0,0.0,0.227,-1.05,15.47,3.16,8.61,14.24,18.81,7.82,-44.03,86.48,-0.62,12.66,21.8,5.19,-44.12,134.74,10.02,2.72,27.25,,,,,,,,,,,,,,,,,,,,,,,,,,,,,,,,,,,,,0.0,0.0,0.0,0.0,0.0,0.0,0.0,0.0,0.0,0.0,0.0,0.0,0.0,0.0,0.0,0.0,0.0,0.0,,,,,,,,,,,,,,,,,,,,,,,,,,,,,,,,,,,,,,,,,,,,,,,,,,,,,,,,,,,,,,,,,,,,,
10.8,tail,-1.05,2.15,-0.07,-0.01,-0.01,,0.0,0.0,0.227,-1.05,15.47,3.16,8.61,14.24,18.81,7.82,-44.03,86.48,-0.62,12.66,21.8,5.19,-44.12,134.74,10.02,2.72,27.25,,,,,,,,,,,,,,,,,,,,,,,,,,,,,,,,,,,,,0.0,0.0,0.0,0.0,0.0,0.0,0.0,0.0,0.0,0.0,0.0,0.0,0.0,0.0,0.0,0.0,0.0,0.0,,,,,,,,,,,,,,,,,,,,,,,,,,,,,,,,,,,,,,,,,,,,,,,,,,,,,,,,,,,,,,,,,,,,,
10.9,tail,-1.02,2.17,-0.01,0.03,-0.01,,0.0,0.0,0.227,-1.05,15.47,3.16,8.61,14.24,18.81,7.82,-44.03,86.48,-0.62,12.66,21.8,5.19,-44.12,134.74,10.02,2.72,27.25,,,,,,,,,,,,,,,,,,,,,,,,,,,,,,,,,,,,,0.006,0.0,0.0,0.0,0.0,0.0,0.0,0.0,0.0,0.0,0.0,0.0,0.0,0.0,0.0,0.0,0.0,0.0,,,,,,,,,,,,,,,,,,,,,,,,,,,,,,,,,,,,,,,,,,,,,,,,,,,,,,,,,,,,,,,,,,,,,
11.0,tail,-1.01,2.18,-0.02,0.02,0.0,,0.0,0.0,0.227,-1.05,15.47,3.16,8.61,14.24,18.81,7.82,-44.03,86.48,-0.62,12.66,21.8,5.19,-44.12,134.74,10.02,2.72,27.25,,,,,,,,,,,,,,,,,,,,,,,,,,,,,,,,,,,,,0.0,0.0,0.0,0.0,0.0,0.0,0.0,0.0,0.0,0.0,0.0,0.0,0.0,0.0,0.0,0.0,0.0,0.0,,,,,,,,,,,,,,,,,,,,,,,,,,,,,,,,,,,,,,,,,,,,,,,,,,,,,,,,,,,,,,,,,,,,,
11.1,tail,-0.99,2.19,-0.04,0.0,-0.04,,0.0,0.0,0.227,-1.05,15.47,3.16,8.61,14.24,18.81,7.82,-44.03,86.48,-0.62,12.66,21.8,5.19,-44.12,134.74,10.02,2.72,27.25,,,,,,,,,,,,,,,,,,,,,,,,,,,,,,,,,,,,,0.0,0.0,0.0,0.0,0.0,0.0,0.0,0.0,0.0,0.0,0.0,0.0,0.0,0.0,0.0,0.0,0.0,0.0,,,,,,,,,,,,,,,,,,,,,,,,,,,,,,,,,,,,,,,,,,,,,,,,,,,,,,,,,,,,,,,,,,,,,
11.2,tail,-0.97,2.2,-0.02,0.03,0.04,,0.0,0.0,0.227,-1.05,15.47,3.16,8.61,14.24,18.81,7.82,-44.03,86.48,-0.62,12.66,21.8,5.19,-44.12,134.74,10.02,2.72,27.25,,,,,,,,,,,,,,,,,,,,,,,,,,,,,,,,,,,,,0.0,0.0,0.0,0.0,0.0,0.0,0.0,0.0,0.0,0.0,0.0,0.0,0.0,0.0,0.0,0.0,0.0,0.0,,,,,,,,,,,,,,,,,,,,,,,,,,,,,,,,,,,,,,,,,,,,,,,,,,,,,,,,,,,,,,,,,,,,,
11.3,tail,-0.95,2.22,-0.09,0.01,0.0,,0.0,0.0,0.227,-1.05,15.47,3.16,8.61,14.24,18.81,7.82,-44.03,86.48,-0.62,12.66,21.8,5.19,-44.12,134.74,10.02,2.72,27.25,,,,,,,,,,,,,,,,,,,,,,,,,,,,,,,,,,,,,0.0,0.0,0.0,0.0,0.0,0.0,0.0,0.0,0.0,0.0,0.0,0.0,0.0,0.0,0.0,0.0,0.0,0.0,,,,,,,,,,,,,,,,,,,,,,,,,,,,,,,,,,,,,,,,,,,,,,,,,,,,,,,,,,,,,,,,,,,,,
11.4,tail,-0.94,2.22,-0.02,-0.01,-0.04,,0.0,0.0,0.227,-1.05,15.47,3.16,8.61,14.24,18.81,7.82,-44.03,86.48,-0.62,12.66,21.8,5.19,-44.12,134.74,10.02,2.72,27.25,,,,,,,,,,,,,,,,,,,,,,,,,,,,,,,,,,,,,0.0,0.0,0.0,0.0,0.0,0.0,0.0,0.0,0.0,0.0,0.0,0.0,0.0,0.0,0.0,0.0,0.0,0.0,,,,,,,,,,,,,,,,,,,,,,,,,,,,,,,,,,,,,,,,,,,,,,,,,,,,,,,,,,,,,,,,,,,,,
11.5,tail,-0.91,2.23,0.02,-0.04,-0.01,,0.0,0.0,0.227,-1.05,15.47,3.16,8.61,14.24,18.81,7.82,-44.03,86.48,-0.62,12.66,21.8,5.19,-44.12,134.74,10.02,2.72,27.25,,,,,,,,,,,,,,,,,,,,,,,,,,,,,,,,,,,,,0.0,0.0,0.0,0.0,0.0,0.0,0.0,0.0,0.0,0.0,0.0,0.0,0.0,0.0,0.0,0.0,0.0,0.0,,,,,,,,,,,,,,,,,,,,,,,,,,,,,,,,,,,,,,,,,,,,,,,,,,,,,,,,,,,,,,,,,,,,,
11.6,tail,-0.89,2.23,0.0,-0.01,-0.03,,0.0,0.0,0.227,-1.05,15.47,3.16,8.61,14.24,18.81,7.82,-44.03,86.48,-0.62,12.66,21.8,5.19,-44.12,134.74,10.02,2.72,27.25,,,,,,,,,,,,,,,,,,,,,,,,,,,,,,,,,,,,,0.0,0.0,0.0,0.0,0.0,0.0,0.0,0.0,0.0,0.0,0.0,0.0,0.0,0.0,0.0,0.006,0.0,0.0,,,,,,,,,,,,,,,,,,,,,,,,,,,,,,,,,,,,,,,,,,,,,,,,,,,,,,,,,,,,,,,,,,,,,
11.7,tail,-0.87,2.24,0.01,0.0,0.07,,0.0,0.0,0.227,-1.05,15.47,3.16,8.61,14.24,18.81,7.82,-44.03,86.48,-0.62,12.66,21.8,5.19,-44.12,134.74,10.02,2.72,27.25,,,,,,,,,,,,,,,,,,,,,,,,,,,,,,,,,,,,,0.0,0.0,0.0,0.0,0.0,0.0,0.0,0.0,0.0,0.0,0.0,0.0,0.0,0.0,0.0,0.0,0.0,0.0,,,,,,,,,,,,,,,,,,,,,,,,,,,,,,,,,,,,,,,,,,,,,,,,,,,,,,,,,,,,,,,,,,,,,
11.8,tail,-0.86,2.26,-0.07,0.01,-0.01,,0.0,0.0,0.227,-1.05,15.47,3.16,8.61,14.24,18.81,7.82,-44.03,86.48,-0.62,12.66,21.8,5.19,-44.12,134.74,10.02,2.72,27.25,,,,,,,,,,,,,,,,,,,,,,,,,,,,,,,,,,,,,0.0,0.0,0.0,0.0,0.0,0.0,0.0,0.0,0.0,0.0,0.0,0.0,0.0,0.0,0.0,0.0,0.0,0.0,,,,,,,,,,,,,,,,,,,,,,,,,,,,,,,,,,,,,,,,,,,,,,,,,,,,,,,,,,,,,,,,,,,,,
11.9,tail,-0.84,2.26,-0.02,-0.03,0.03,,0.0,0.0,0.227,-1.05,15.47,3.16,8.61,14.24,18.81,7.82,-44.03,86.48,-0.62,12.66,21.8,5.19,-44.12,134.74,10.02,2.72,27.25,,,,,,,,,,,,,,,,,,,,,,,,,,,,,,,,,,,,,0.0,0.0,0.0,0.0,0.0,0.0,0.0,0.0,0.0,0.0,0.0,0.0,0.0,0.0,0.0,0.0,0.0,0.0,,,,,,,,,,,,,,,,,,,,,,,,,,,,,,,,,,,,,,,,,,,,,,,,,,,,,,,,,,,,,,,,,,,,,
12.0,tail,-0.83,2.27,-0.02,-0.01,-0.04,,0.0,0.0,0.227,-1.05,15.47,3.16,8.61,14.24,18.81,7.82,-44.03,86.48,-0.62,12.66,21.8,5.19,-44.12,134.74,10.02,2.72,27.25,,,,,,,,,,,,,,,,,,,,,,,,,,,,,,,,,,,,,0.0,0.0,0.0,0.0,0.0,0.0,0.0,0.0,0.0,0.0,0.0,0.0,0.0,0.0,0.0,0.0,0.0,0.0,,,,,,,,,,,,,,,,,,,,,,,,,,,,,,,,,,,,,,,,,,,,,,,,,,,,,,,,,,,,,,,,,,,,,
