t_s,phase,roll_deg,pitch_deg,gyro_x_dps,gyro_y_dps,gyro_z_dps,height_ref_mm,vx_ref_mps,vy_ref_mps,max_cur_a,q0_deg,q1_deg,q2_deg,q3_deg,q4_deg,q5_deg,q6_deg,q7_deg,q8_deg,q9_deg,q10_deg,q11_deg,q12_deg,q13_deg,q14_deg,q15_deg,q16_deg,q17_deg,cmd0_deg,cmd1_deg,cmd2_deg,cmd3_deg,cmd4_deg,cmd5_deg,cmd6_deg,cmd7_deg,cmd8_deg,cmd9_deg,cmd10_deg,cmd11_deg,cmd12_deg,cmd13_deg,cmd14_deg,cmd15_deg,cmd16_deg,cmd17_deg,act0,act1,act2,act3,act4,act5,act6,act7,act8,act9,act10,act11,act12,act13,act14,act15,act16,act17,cur0_a,cur1_a,cur2_a,cur3_a,cur4_a,cur5_a,cur6_a,cur7_a,cur8_a,cur9_a,cur10_a,cur11_a,cur12_a,cur13_a,cur14_a,cur15_a,cur16_a,cur17_a,obs0,obs1,obs2,obs3,obs4,obs5,obs6,obs7,obs8,obs9,obs10,obs11,obs12,obs13,obs14,obs15,obs16,obs17,obs18,obs19,obs20,obs21,obs22,obs23,obs24,obs25,obs26,obs27,obs28,obs29,obs30,obs31,obs32,obs33,obs34,obs35,obs36,obs37,obs38,obs39,obs40,obs41,obs42,obs43,obs44,obs45,obs46,obs47,obs48,obs49,obs50,obs51,obs52,obs53,obs54,obs55,obs56,obs57,obs58,obs59,obs60,obs61,obs62,obs63,obs64,obs65,obs66,obs67,rot60_k
0.0,run,1.0,3.49,-0.31,-0.24,0.25,0.0,0.0,0.0,0.026,0.09,0.62,0.18,-0.26,0.62,0.26,-0.18,0.35,0.62,0.0,0.62,0.35,-0.09,0.35,0.0,-0.44,0.62,0.26,-0.02,-0.88,1.68,1.24,-0.86,1.68,1.32,-1.32,2.12,-1.5,2.03,1.76,1.41,-1.32,1.5,1.15,-0.88,1.76,-0.0005,0.3347,-0.0854,0.1328,0.4389,-0.3178,0.1669,-0.0834,-0.2,-0.2257,0.5737,-0.0852,0.0729,-0.0319,-0.2475,0.4154,0.4342,-0.1784,0.0,0.006,0.006,0.0,0.006,0.006,0.006,0.019,0.0,0.013,0.006,0.006,0.006,0.026,0.013,0.013,0.006,0.006,0.0,0.0,0.0,0.0,0.0015,0.0015,0.0,0.0031,0.0,0.0,0.0015,0.0031,0.0,0.0031,0.0,-0.0015,0.0,0.0,0.0,0.0,0.0,0.0,0.0038,0.0032,0.0,0.0069,0.0,0.0,0.0038,0.0069,0.0,0.0063,0.0,-0.0254,0.0,0.0,0.0,0.0,-0.0012,0.0019,0.0018,0.0,0.0,0.0,0.0,0.0,0.0,0.0,0.0,0.0,0.0,0.0,0.0,0.0,0.0,0.0,0.0,0.0,0.0,0.0,0.0,0.0,0.0,0.0,0.0,0.0,0.0,0.0,
0.04,run,0.99,3.5,0.24,0.26,0.09,0.0,0.0,0.0,0.026,0.09,0.62,0.18,-0.26,0.62,0.44,-0.18,-0.18,0.7,-0.09,0.7,0.44,0.0,0.09,0.26,-0.09,0.62,0.35,-0.38,0.62,3.18,2.74,0.64,3.18,2.82,-2.82,3.62,-2.17,3.53,3.26,2.91,-2.82,3.0,2.65,0.62,3.26,-0.011,0.5475,-0.2899,0.1669,0.5638,-0.4463,0.1818,0.1593,-0.1616,-0.0619,0.6192,-0.4048,0.1417,0.1286,-0.0158,0.336,0.575,-0.5136,0.0,0.006,0.006,0.0,0.006,0.006,0.006,0.019,0.0,0.013,0.006,0.006,0.006,0.026,0.013,0.013,0.006,0.006,0.0,0.0,0.0,0.0,0.0015,0.0015,0.0,0.0031,0.0,0.0,0.0015,0.0015,0.0,0.0031,0.0,-0.0015,0.0,0.0,0.0,0.0,0.0,0.0,0.0026,0.0022,0.0,0.0049,0.0,0.0,0.0026,0.0023,0.0,0.0044,0.0,-0.0178,0.0,0.0,-0.0039,-0.0006,-0.0055,-0.0042,0.0043,-0.0005,0.3347,-0.0854,0.1328,0.4389,-0.3178,0.1669,-0.0834,-0.2,-0.2257,0.5737,-0.0852,0.0729,-0.0319,-0.2475,0.4154,0.4342,-0.1784,0.0,0.0,0.0,0.0,0.0,0.0,0.0,0.0,0.0,
0.08,run,1.0,3.51,0.66,0.16,-1.33,0.0,0.0,0.0,0.026,-0.09,0.35,0.88,0.26,0.26,1.14,0.44,-0.7,1.23,-1.14,1.32,1.23,0.88,-0.7,0.97,0.79,0.35,0.88,-0.3,2.12,4.68,4.24,2.14,4.68,4.32,-4.32,5.12,-0.67,5.03,4.76,4.41,-4.32,4.5,4.15,2.12,4.76,-0.0086,0.6085,-0.3752,0.1913,0.6345,-0.4862,0.2043,0.1731,-0.0834,-0.0155,0.6319,-0.4603,0.1642,0.1686,-0.0725,0.2863,0.557,-0.5115,0.0,0.006,0.006,0.0,0.006,0.006,0.006,0.019,0.0,0.013,0.006,0.006,0.006,0.026,0.013,0.013,0.006,0.006,0.0,0.0,0.0,0.0,0.0015,0.0046,0.0,-0.0061,0.0015,-0.0015,0.0031,0.0031,0.0015,-0.0015,0.0046,0.0046,0.0,0.0015,0.0,0.0,0.0,0.0,0.0018,0.013,0.0,-0.0309,0.0057,-0.0057,0.0076,0.0073,0.0057,-0.014,0.0171,0.0104,0.0,0.0057,-0.0042,-0.0005,0.0043,0.0045,0.0015,-0.011,0.5475,-0.2899,0.1669,0.5638,-0.4463,0.1818,0.1593,-0.1616,-0.0619,0.6192,-0.4048,0.1417,0.1286,-0.0158,0.336,0.575,-0.5136,0.0,0.0,0.0,0.0,0.0,0.0,0.0,0.0,0.0,
0.12,run,0.96,3.51,-0.01,0.15,3.01,0.0,0.0,0.0,0.033,-0.35,0.09,1.67,1.23,0.09,2.29,1.32,-1.58,1.67,-1.93,2.29,2.46,1.85,-1.67,2.11,1.58,0.18,1.76,-0.49,3.62,6.18,5.74,3.64,6.18,5.82,-5.82,6.62,-0.02,6.53,6.26,5.04,-5.82,6.0,5.65,3.62,6.26,-0.014,0.5873,-0.3889,0.1736,0.6238,-0.5006,0.1925,0.1746,-0.1203,-0.0005,0.6234,-0.4837,0.144,0.1845,-0.1459,0.2761,0.577,-0.548,0.006,0.0,0.013,0.026,0.0,0.019,0.006,0.033,0.033,0.0,0.0,0.0,0.019,0.033,0.013,0.013,0.0,0.013,-0.0031,-0.0046,0.0123,0.0092,-0.0046,0.0169,0.0107,-0.0153,0.0107,-0.0199,0.0138,0.0169,0.0169,-0.0153,0.0169,0.0199,-0.0046,0.0107,-0.0116,-0.0174,0.0464,0.0348,-0.0219,0.0555,0.0406,-0.0564,0.0388,-0.0736,0.0459,0.0574,0.062,-0.0621,0.0584,0.0653,-0.0174,0.0388,-0.0032,0.0007,0.0115,0.0027,-0.0233,-0.0086,0.6085,-0.3752,0.1913,0.6345,-0.4862,0.2043,0.1731,-0.0834,-0.0155,0.6319,-0.4603,0.1642,0.1686,-0.0725,0.2863,0.557,-0.5115,0.0,0.0,0.0,0.0,0.0,0.0,0.0,0.0,0.0,
0.16,run,0.97,3.55,0.47,0.83,2.64,0.0,0.0,0.0,0.033,-0.44,0.18,2.81,2.2,0.09,3.34,2.37,-2.81,2.81,-2.02,3.34,3.43,2.9,-2.81,3.25,2.9,0.18,2.81,-1.21,4.85,7.68,5.54,5.14,7.68,5.86,-7.32,8.12,0.36,6.86,7.76,3.61,-7.32,7.5,7.15,5.12,7.76,-0.0346,0.5427,-0.4056,0.1584,0.5791,-0.5053,0.1675,0.2058,-0.2112,0.0103,0.5792,-0.493,0.1032,0.215,-0.2818,0.2669,0.5697,-0.6032,0.006,0.0,0.013,0.026,0.0,0.019,0.006,0.033,0.033,0.0,0.0,0.0,0.019,0.033,0.013,0.013,0.0,0.013,-0.0077,-0.0092,0.0261,0.0261,-0.0077,0.0368,0.0261,-0.0307,0.0184,-0.0337,0.0307,0.0383,0.0337,-0.0322,0.0368,0.0337,-0.0077,0.0261,-0.0243,-0.0284,0.0812,0.0839,-0.0262,0.1092,0.0825,-0.0936,0.0542,-0.1002,0.0916,0.1159,0.1029,-0.1029,0.1112,0.0944,-0.023,0.0812,-0.0071,0.001,-0.0003,0.0026,0.0525,-0.014,0.5873,-0.3889,0.1736,0.6238,-0.5006,0.1925,0.1746,-0.1203,-0.0005,0.6234,-0.4837,0.144,0.1845,-0.1459,0.2761,0.577,-0.548,0.0,0.0,0.0,0.0,0.0,0.0,0.0,0.0,0.0,
0.2,run,0.91,3.5,-1.06,-0.94,-1.7,0.0,0.0,0.0,0.033,-0.79,0.53,4.04,3.34,0.44,4.66,3.52,-4.04,4.13,-2.11,4.57,4.75,3.87,-4.13,4.57,4.04,0.62,4.04,-2.14,3.35,9.18,5.55,3.64,9.18,4.7,-8.82,9.62,-0.0,5.36,9.26,2.11,-8.82,9.0,8.65,5.61,8.44,-0.0612,0.5152,-0.4289,0.1585,0.5181,-0.5109,0.1342,0.2597,-0.335,-0.0001,0.5216,-0.4996,0.0467,0.2613,-0.458,0.2618,0.5566,-0.6654,0.006,0.0,0.013,0.026,0.0,0.019,0.006,0.033,0.033,0.0,0.0,0.0,0.019,0.033,0.013,0.013,0.0,0.013,-0.0092,-0.0077,0.046,0.043,-0.0077,0.0552,0.0445,-0.0522,0.0383,-0.0353,0.0491,0.0552,0.0522,-0.0522,0.0568,0.0568,-0.0077,0.0445,-0.0232,-0.0137,0.1372,0.1267,-0.0183,0.1506,0.1319,-0.152,0.1183,-0.0763,0.1383,0.1491,0.1462,-0.1524,0.1582,0.1588,-0.0161,0.131,-0.0065,0.0048,0.0081,0.0145,0.0461,-0.0346,0.5427,-0.4056,0.1584,0.5791,-0.5053,0.1675,0.2058,-0.2112,0.0103,0.5792,-0.493,0.1032,0.215,-0.2818,0.2669,0.5697,-0.6032,0.0,0.0,0.0,0.0,0.0,0.0,0.0,0.0,0.0,
0.24,run,0.92,3.5,0.46,0.16,-0.56,0.0,0.0,0.0,0.033,-1.23,1.32,5.36,4.31,1.32,5.98,4.48,-5.36,5.45,-1.49,5.54,6.15,4.48,-5.45,5.89,5.45,1.41,5.36,-2.68,2.4,10.68,5.98,2.14,10.68,3.96,-8.19,11.12,-0.72,3.86,10.76,0.61,-8.96,10.5,9.46,4.22,6.94,-0.0766,0.4982,-0.47,0.1708,0.4532,-0.5221,0.1131,0.3057,-0.4348,-0.0205,0.4621,-0.5204,0.0092,0.2916,-0.5775,0.2702,0.5313,-0.7193,0.006,0.0,0.013,0.013,0.006,0.013,0.0,0.026,0.019,0.006,0.0,0.006,0.006,0.013,0.006,0.013,0.013,0.006,-0.0153,-0.0015,0.0675,0.0629,-0.0015,0.0782,0.0644,-0.0736,0.0614,-0.0368,0.0706,0.0782,0.069,-0.0752,0.0798,0.0767,0.0,0.066,-0.0392,0.0133,0.1761,0.1631,0.0101,0.1913,0.1668,-0.1866,0.1687,-0.0592,0.1769,0.1902,0.1653,-0.1925,0.1966,0.1856,0.0173,0.1719,-0.0116,-0.0003,-0.0185,-0.0164,-0.0297,-0.0612,0.5152,-0.4289,0.1585,0.5181,-0.5109,0.1342,0.2597,-0.335,-0.0001,0.5216,-0.4996,0.0467,0.2613,-0.458,0.2618,0.5566,-0.6654,0.0,0.0,0.0,0.0,0.0,0.0,0.0,0.0,0.0,
0.28,run,0.91,3.47,-1.43,-0.25,1.55,0.0,0.0,0.0,0.033,-2.02,2.29,6.86,5.01,2.2,7.38,5.1,-6.68,6.94,-0.88,6.24,7.47,4.83,-6.68,7.29,6.94,2.46,6.5,-2.91,0.9,12.18,6.0,0.64,12.18,3.87,-7.32,12.62,-0.61,2.36,12.26,-0.2,-8.88,11.38,9.92,2.72,5.44,-0.083,0.4549,-0.507,0.1714,0.3946,-0.5301,0.1105,0.3214,-0.4936,-0.0176,0.4005,-0.5351,-0.0057,0.293,-0.6309,0.2836,0.4894,-0.7633,0.006,0.0,0.013,0.013,0.006,0.013,0.0,0.026,0.019,0.006,0.0,0.006,0.006,0.013,0.006,0.013,0.013,0.006,-0.023,0.0123,0.0905,0.0798,0.0138,0.1012,0.0813,-0.0966,0.0844,-0.0261,0.0874,0.1028,0.0798,-0.0982,0.1028,0.1012,0.0138,0.089,-0.0562,0.0611,0.2096,0.1775,0.0646,0.2202,0.18,-0.2169,0.2044,-0.0011,0.1872,0.2252,0.156,-0.2211,0.2239,0.222,0.0639,0.2066,-0.0103,-0.0005,0.008,0.0027,-0.0098,-0.0766,0.4982,-0.47,0.1708,0.4532,-0.5221,0.1131,0.3057,-0.4348,-0.0205,0.4621,-0.5204,0.0092,0.2916,-0.5775,0.2702,0.5313,-0.7193,0.0,0.0,0.0,0.0,0.0,0.0,0.0,0.0,0.0,
0.32,run,0.89,3.41,-0.59,-0.89,-0.11,0.0,0.0,0.0,0.033,-2.64,2.81,8.09,5.36,2.72,8.61,5.54,-7.56,8.26,-0.7,6.59,8.96,4.75,-7.65,8.61,8.0,3.25,7.38,-3.08,-0.6,13.68,5.54,-0.86,13.68,4.15,-7.89,14.12,-0.3,0.86,13.76,-0.24,-9.99,10.37,10.75,1.22,3.94,-0.088,0.3891,-0.5397,0.1584,0.3279,-0.5321,0.1186,0.3111,-0.5238,-0.0085,0.332,-0.5408,-0.007,0.273,-0.6427,0.3072,0.44,-0.7921,0.006,0.0,0.013,0.013,0.006,0.013,0.0,0.026,0.019,0.006,0.0,0.006,0.006,0.013,0.006,0.013,0.013,0.006,-0.0368,0.0291,0.1166,0.092,0.0291,0.1258,0.092,-0.1197,0.1104,-0.0153,0.0997,0.1258,0.0859,-0.1197,0.1273,0.1273,0.0322,0.1089,-0.0911,0.1061,0.2446,0.1703,0.1028,0.2462,0.1663,-0.2382,0.2409,0.0395,0.1771,0.244,0.1322,-0.2353,0.2488,0.2532,0.1138,0.2195,-0.0117,-0.0028,-0.025,-0.0043,0.0271,-0.083,0.4549,-0.507,0.1714,0.3946,-0.5301,0.1105,0.3214,-0.4936,-0.0176,0.4005,-0.5351,-0.0057,0.293,-0.6309,0.2836,0.4894,-0.7633,0.0,0.0,0.0,0.0,0.0,0.0,0.0,0.0,0.0,
0.36,run,0.98,3.51,-1.0,2.1,4.31,0.0,0.0,0.0,0.033,-2.99,3.08,9.58,5.45,2.81,10.11,5.54,-8.17,9.67,-0.62,6.68,10.28,4.39,-8.53,9.76,9.05,3.78,7.91,-3.17,-2.1,15.18,4.91,-2.36,15.18,4.62,-9.24,15.62,-0.0,-0.64,15.26,0.1,-11.49,11.52,11.8,-0.28,2.44,-0.0905,0.3174,-0.5574,0.1404,0.253,-0.5288,0.1319,0.2865,-0.5374,-0.0001,0.2733,-0.5457,0.0028,0.2296,-0.6292,0.3371,0.3924,-0.8124,0.006,0.0,0.006,0.0,0.0,0.019,0.013,0.013,0.019,0.0,0.013,0.006,0.013,0.026,0.006,0.006,0.0,0.0,-0.0476,0.0383,0.1381,0.0982,0.0383,0.1473,0.0997,-0.135,0.1335,-0.0123,0.1058,0.1519,0.0844,-0.1365,0.1503,0.1457,0.046,0.1243,-0.1039,0.1086,0.2514,0.1421,0.1063,0.2526,0.1451,-0.224,0.2546,0.0391,0.1469,0.2682,0.0868,-0.2278,0.2601,0.246,0.1312,0.2109,-0.0134,-0.0077,-0.0102,-0.0155,-0.002,-0.088,0.3891,-0.5397,0.1584,0.3279,-0.5321,0.1186,0.3111,-0.5238,-0.0085,0.332,-0.5408,-0.007,0.273,-0.6427,0.3072,0.44,-0.7921,0.0,0.0,0.0,0.0,0.0,0.0,0.0,0.0,0.0,
0.4,run,1.29,3.46,-4.88,1.04,13.48,0.0,0.0,0.0,0.033,-3.08,3.08,10.9,5.36,2.99,11.43,5.54,-8.7,11.16,-0.18,6.68,11.69,3.34,-9.49,10.63,10.11,3.96,8.17,-3.32,-3.6,16.68,4.45,-3.86,16.68,4.97,-10.74,17.12,0.18,-2.14,16.76,0.44,-12.99,12.98,12.75,-1.78,0.94,-0.0948,0.2518,-0.5673,0.1271,0.1954,-0.5301,0.1419,0.255,-0.5468,0.0053,0.2243,-0.5327,0.0126,0.1921,-0.612,0.3642,0.3558,-0.8228,0.006,0.0,0.006,0.0,0.0,0.019,0.013,0.013,0.019,0.0,0.013,0.006,0.013,0.026,0.006,0.006,0.0,0.0,-0.0537,0.043,0.1641,0.0997,0.0399,0.1733,0.0997,-0.1457,0.158,-0.0107,0.1074,0.1749,0.0782,-0.1519,0.1703,0.1641,0.0552,0.1335,-0.0959,0.0934,0.2745,0.1053,0.0802,0.2753,0.1015,-0.1974,0.2709,0.0332,0.1086,0.2747,0.0376,-0.2174,0.2574,0.2418,0.1266,0.1824,-0.0056,0.0006,-0.0174,0.0366,0.0752,-0.0905,0.3174,-0.5574,0.1404,0.253,-0.5288,0.1319,0.2865,-0.5374,-0.0001,0.2733,-0.5457,0.0028,0.2296,-0.6292,0.3371,0.3924,-0.8124,0.0,0.0,0.0,0.0,0.0,0.0,0.0,0.0,0.0,
0.44,run,1.28,3.38,-13.01,1.45,16.9,0.0,0.0,0.0,0.033,-3.16,2.81,12.39,5.19,2.9,12.83,5.1,-9.14,12.57,-0.18,5.89,13.27,2.37,-10.55,11.34,11.16,3.96,8.17,-3.61,-5.1,16.89,4.22,-5.36,18.18,5.15,-12.24,17.63,0.32,-3.64,18.26,0.58,-14.49,13.39,13.29,-3.28,-0.56,-0.1031,0.1916,-0.566,0.1207,0.154,-0.5207,0.147,0.231,-0.5573,0.0092,0.1948,-0.5179,0.0165,0.1739,-0.6071,0.3798,0.3325,-0.8198,0.006,0.0,0.006,0.0,0.0,0.019,0.013,0.013,0.019,0.0,0.013,0.006,0.013,0.026,0.006,0.006,0.0,0.0,-0.0552,0.043,0.1871,0.0982,0.043,0.1963,0.0997,-0.1549,0.1841,-0.0031,0.1074,0.1994,0.0598,-0.1687,0.1856,0.1825,0.0583,0.1381,-0.0728,0.0654,0.2779,0.068,0.0676,0.2784,0.0711,-0.1724,0.2868,0.0518,0.076,0.2837,-0.0422,-0.215,0.2373,0.2378,0.1001,0.1448,0.0214,-0.0038,-0.0851,0.0182,0.2352,-0.0948,0.2518,-0.5673,0.1271,0.1954,-0.5301,0.1419,0.255,-0.5468,0.0053,0.2243,-0.5327,0.0126,0.1921,-0.612,0.3642,0.3558,-0.8228,0.0,0.0,0.0,0.0,0.0,0.0,0.0,0.0,0.0,
0.48,run,1.22,3.33,0.71,-0.94,21.62,0.0,0.0,0.0,0.039,-3.43,2.02,13.62,5.1,2.11,14.24,5.01,-9.76,13.97,0.26,4.92,14.59,1.32,-11.78,12.22,12.04,3.34,7.56,-3.67,-6.6,18.19,3.91,-6.86,19.68,5.62,-13.74,18.3,0.31,-5.14,19.76,1.08,-15.99,14.25,13.93,-4.78,-2.06,-0.1048,0.1526,-0.5507,0.1116,0.1305,-0.5236,0.1606,0.2,-0.5494,0.0089,0.1798,-0.5032,0.0309,0.1506,-0.597,0.3979,0.3321,-0.8136,0.0,0.026,0.013,0.013,0.006,0.026,0.006,0.039,0.019,0.006,0.033,0.006,0.006,0.013,0.006,0.006,0.019,0.013,-0.0568,0.0383,0.2132,0.0951,0.0414,0.2209,0.092,-0.1626,0.2086,-0.0031,0.0936,0.227,0.043,-0.1871,0.1979,0.201,0.0583,0.1381,-0.0567,0.0285,0.2922,0.0361,0.0416,0.2869,0.021,-0.1494,0.2927,0.0362,0.0015,0.302,-0.0928,-0.2195,0.2121,0.2354,0.0701,0.1014,0.0208,-0.0108,-0.2271,0.0253,0.295,-0.1031,0.1916,-0.566,0.1207,0.154,-0.5207,0.147,0.231,-0.5573,0.0092,0.1948,-0.5179,0.0165,0.1739,-0.6071,0.3798,0.3325,-0.8198,0.0,0.0,0.0,0.0,0.0,0.0,0.0,0.0,0.0,
0.52,run,1.44,3.32,-6.33,7.1,26.32,0.0,0.0,0.0,0.039,-3.6,0.79,14.94,4.48,1.23,15.64,4.66,-10.81,15.21,0.18,3.6,15.91,0.7,-13.1,13.27,12.92,2.64,6.59,-3.75,-8.1,19.07,3.91,-8.36,20.98,5.94,-14.15,17.92,0.68,-6.64,20.37,1.27,-17.49,15.01,14.22,-6.28,-3.56,-0.1071,0.1153,-0.5404,0.1117,0.105,-0.5179,0.1696,0.1972,-0.5539,0.0195,0.1891,-0.5251,0.0363,0.1154,-0.5882,0.4062,0.3254,-0.8239,0.0,0.026,0.013,0.013,0.006,0.026,0.006,0.039,0.019,0.006,0.033,0.006,0.006,0.013,0.006,0.006,0.019,0.013,-0.0614,0.0245,0.2347,0.0936,0.0276,0.2454,0.0905,-0.1733,0.2332,0.0046,0.0767,0.25,0.0245,-0.2086,0.2132,0.2163,0.0476,0.1273,-0.057,-0.0318,0.2851,0.0195,-0.0227,0.2928,0.009,-0.1449,0.2969,0.0541,-0.0622,0.2977,-0.134,-0.2342,0.206,0.2223,0.0088,0.0307,0.0155,-0.0147,0.0124,-0.0164,0.3774,-0.1048,0.1526,-0.5507,0.1116,0.1305,-0.5236,0.1606,0.2,-0.5494,0.0089,0.1798,-0.5032,0.0309,0.1506,-0.597,0.3979,0.3321,-0.8136,0.0,0.0,0.0,0.0,0.0,0.0,0.0,0.0,0.0,
0.56,run,2.03,3.06,-7.79,-2.85,32.55,0.0,0.0,0.0,0.039,-3.69,-0.53,16.17,3.87,0.62,17.23,5.27,-12.04,16.26,0.35,2.2,17.31,0.53,-14.33,13.89,13.62,1.49,5.27,-3.76,-9.6,20.57,3.47,-9.86,20.21,6.4,-15.55,18.94,0.81,-8.14,21.71,1.88,-18.91,16.05,14.68,-6.06,-4.1,-0.1074,0.0934,-0.515,0.0993,0.1057,-0.5269,0.1828,0.1718,-0.5419,0.0231,0.1963,-0.5093,0.0538,0.1107,-0.5759,0.4195,0.3444,-0.813,0.0,0.026,0.013,0.013,0.006,0.026,0.006,0.039,0.019,0.006,0.033,0.006,0.006,0.013,0.006,0.006,0.019,0.013,-0.0644,0.0031,0.2577,0.0828,0.0123,0.27,0.0844,-0.1917,0.2546,0.0031,0.0537,0.273,0.0138,-0.2316,0.2316,0.2316,0.0353,0.1104,-0.0514,-0.1029,0.286,-0.0267,-0.0735,0.2972,-0.0168,-0.1705,0.2885,0.0321,-0.13,0.2948,-0.1341,-0.2503,0.2133,0.2132,-0.0399,-0.0419,0.0346,-0.0156,-0.1104,0.124,0.4594,-0.1071,0.1153,-0.5404,0.1117,0.105,-0.5179,0.1696,0.1972,-0.5539,0.0195,0.1891,-0.5251,0.0363,0.1154,-0.5882,0.4062,0.3254,-0.8239,0.0,0.0,0.0,0.0,0.0,0.0,0.0,0.0,0.0,
0.6,run,2.95,2.58,16.04,-8.38,29.22,0.0,0.0,0.0,0.039,-3.78,-1.85,17.4,3.43,-1.14,18.63,5.8,-13.18,17.23,0.7,0.79,18.81,0.53,-15.64,14.77,14.15,0.18,3.6,-3.95,-11.1,22.07,3.08,-11.36,21.52,6.68,-15.69,18.76,1.2,-9.64,20.32,1.91,-18.72,15.1,14.88,-4.82,-3.93,-0.1127,0.0603,-0.4949,0.0879,0.0833,-0.5115,0.1909,0.1693,-0.544,0.0342,0.2074,-0.5256,0.0546,0.1142,-0.5871,0.4252,0.3669,-0.811,0.006,0.026,0.006,0.006,0.013,0.006,0.0,0.019,0.006,0.013,0.026,0.0,0.026,0.013,0.0,0.006,0.033,0.019,-0.066,-0.0199,0.2792,0.0721,0.0015,0.2976,0.0951,-0.2132,0.273,0.0061,0.0291,0.2976,0.0107,-0.2531,0.2424,0.2439,0.0153,0.0874,-0.0417,-0.1581,0.2805,-0.0588,-0.0916,0.3113,0.0284,-0.1997,0.2708,0.034,-0.1828,0.2982,-0.1054,-0.2556,0.1895,0.1952,-0.1025,-0.1154,0.0866,-0.0386,-0.1359,-0.0498,0.5681,-0.1074,0.0934,-0.515,0.0993,0.1057,-0.5269,0.1828,0.1718,-0.5419,0.0231,0.1963,-0.5093,0.0538,0.1107,-0.5759,0.4195,0.3444,-0.813,0.0,0.0,0.0,0.0,0.0,0.0,0.0,0.0,0.0,
0.64,run,3.67,2.54,23.57,-1.71,29.17,0.0,0.0,0.0,0.039,-3.69,-3.34,18.81,3.34,-2.64,19.69,6.24,-14.24,17.93,0.79,-0.62,19.95,1.23,-16.88,15.47,14.68,-1.23,2.72,-3.91,-12.6,21.53,3.47,-12.86,22.71,7.29,-16.19,17.26,1.27,-11.14,18.82,1.94,-19.82,14.51,15.59,-4.52,-5.43,-0.1118,0.0298,-0.5114,0.0992,0.0493,-0.4975,0.2084,0.1602,-0.5628,0.0363,0.2178,-0.586,0.0554,0.0943,-0.594,0.4453,0.3724,-0.8331,0.006,0.026,0.006,0.006,0.013,0.006,0.0,0.019,0.006,0.013,0.026,0.0,0.026,0.013,0.0,0.006,0.033,0.019,-0.0675,-0.043,0.3007,0.0644,-0.0291,0.3221,0.1043,-0.2332,0.2899,0.0123,0.0046,0.3237,0.0107,-0.2761,0.2577,0.2531,-0.0077,0.0583,-0.035,-0.1971,0.277,-0.07,-0.1793,0.31,0.0545,-0.2147,0.2529,0.0468,-0.2201,0.3066,-0.0737,-0.2653,0.1902,0.1712,-0.1582,-0.1902,0.1667,-0.0805,0.2799,-0.1462,0.5099,-0.1127,0.0603,-0.4949,0.0879,0.0833,-0.5115,0.1909,0.1693,-0.544,0.0342,0.2074,-0.5256,0.0546,0.1142,-0.5871,0.4252,0.3669,-0.811,0.0,0.0,0.0,0.0,0.0,0.0,0.0,0.0,0.0,
0.68,run,4.47,2.42,20.17,-3.44,27.02,0.0,0.0,0.0,0.039,-3.87,-4.66,19.95,3.34,-4.04,20.74,6.5,-14.94,18.37,1.05,-2.02,20.83,1.67,-17.84,15.73,14.77,-2.37,1.23,-3.73,-14.1,21.94,3.06,-14.36,22.22,7.54,-17.14,16.77,1.4,-12.35,17.32,2.13,-20.12,13.42,16.1,-3.6,-5.87,-0.1065,0.0156,-0.5066,0.0874,0.0487,-0.5033,0.2155,0.1429,-0.5674,0.0401,0.2301,-0.5988,0.0609,0.0887,-0.6069,0.46,0.3892,-0.8338,0.006,0.026,0.006,0.006,0.013,0.006,0.0,0.019,0.006,0.013,0.026,0.0,0.026,0.013,0.0,0.006,0.033,0.019,-0.066,-0.069,0.3252,0.0629,-0.0552,0.3405,0.112,-0.2516,0.3022,0.0138,-0.0199,0.3436,0.023,-0.2976,0.27,0.2623,-0.0322,0.043,-0.0188,-0.2351,0.2853,-0.0547,-0.2227,0.2856,0.0667,-0.2189,0.2228,0.0385,-0.2455,0.2889,-0.0059,-0.2657,0.1789,0.1541,-0.2022,-0.1903,0.2297,-0.0842,0.4113,-0.0298,0.5091,-0.1118,0.0298,-0.5114,0.0992,0.0493,-0.4975,0.2084,0.1602,-0.5628,0.0363,0.2178,-0.586,0.0554,0.0943,-0.594,0.4453,0.3724,-0.8331,0.0,0.0,0.0,0.0,0.0,0.0,0.0,0.0,0.0,
0.72,run,5.46,2.4,26.6,-1.74,16.83,0.0,0.0,0.0,0.039,-3.52,-6.06,20.83,3.34,-5.45,21.62,6.94,-15.82,18.46,1.23,-3.43,21.36,1.93,-18.9,16.08,15.38,-3.34,-0.26,-3.66,-15.6,23.44,2.18,-15.86,22.23,7.73,-18.4,17.29,1.8,-11.98,15.82,2.39,-20.07,12.28,16.36,-2.1,-5.91,-0.1046,-0.0055,-0.4848,0.0623,0.0452,-0.5031,0.2208,0.12,-0.5613,0.0515,0.2368,-0.6039,0.0684,0.0896,-0.6203,0.4675,0.4174,-0.8342,0.013,0.033,0.0,0.013,0.039,0.006,0.0,0.026,0.0,0.013,0.026,0.006,0.006,0.013,0.019,0.006,0.013,0.013,-0.069,-0.092,0.3451,0.0629,-0.0798,0.359,0.1166,-0.2638,0.3099,0.0184,-0.0445,0.359,0.0307,-0.3145,0.2746,0.2638,-0.0522,0.0169,-0.0247,-0.251,0.2746,-0.0383,-0.248,0.2691,0.064,-0.1993,0.1847,0.0442,-0.264,0.2599,0.0247,-0.2494,0.1425,0.1136,-0.2164,-0.2311,0.2989,-0.0945,0.352,-0.06,0.4716,-0.1065,0.0156,-0.5066,0.0874,0.0487,-0.5033,0.2155,0.1429,-0.5674,0.0401,0.2301,-0.5988,0.0609,0.0887,-0.6069,0.46,0.3892,-0.8338,0.0,0.0,0.0,0.0,0.0,0.0,0.0,0.0,0.0,
0.76,run,6.26,2.36,22.51,0.56,4.35,0.0,0.0,0.0,0.039,-3.43,-7.38,21.62,3.25,-6.86,22.32,7.29,-16.61,18.46,1.23,-4.92,21.62,2.2,-19.51,15.38,16.0,-3.87,-1.67,-3.76,-17.1,24.92,1.15,-17.36,21.75,7.82,-19.9,17.97,2.69,-12.03,14.32,2.6,-21.3,11.05,16.6,-0.6,-7.41,-0.1073,-0.0358,-0.4715,0.0328,0.0307,-0.5088,0.2233,0.0741,-0.5533,0.0768,0.2358,-0.6231,0.0742,0.0674,-0.6347,0.4743,0.4456,-0.8616,0.013,0.033,0.0,0.013,0.039,0.006,0.0,0.026,0.0,0.013,0.026,0.006,0.006,0.013,0.019,0.006,0.013,0.013,-0.0629,-0.1166,0.3605,0.0629,-0.1043,0.3743,0.1243,-0.2792,0.3114,0.0215,-0.069,0.3682,0.0353,-0.3329,0.2807,0.2746,-0.069,-0.0092,0.0058,-0.268,0.2499,-0.0268,-0.266,0.246,0.0736,-0.1972,0.1351,0.0425,-0.2772,0.2165,0.0346,-0.2438,0.1228,0.1199,-0.215,-0.2599,0.3858,-0.0964,0.4643,-0.0303,0.2938,-0.1046,-0.0055,-0.4848,0.0623,0.0452,-0.5031,0.2208,0.12,-0.5613,0.0515,0.2368,-0.6039,0.0684,0.0896,-0.6203,0.4675,0.4174,-0.8342,0.0,0.0,0.0,0.0,0.0,0.0,0.0,0.0,0.0,
0.8,run,6.76,2.15,12.22,-4.35,-5.43,0.0,0.0,0.0,0.039,-3.43,-8.79,22.5,2.9,-8.26,22.5,7.47,-17.58,17.93,1.67,-6.33,21.45,2.37,-20.04,14.5,16.26,-4.13,-2.99,-3.84,-18.6,26.42,-0.35,-18.86,20.96,7.97,-21.4,19.25,3.86,-12.1,12.82,3.11,-22.8,10.35,17.0,0.9,-8.91,-0.1098,-0.0661,-0.439,-0.0132,0.0157,-0.5182,0.2278,0.0273,-0.5383,0.1103,0.2346,-0.6193,0.089,0.0396,-0.643,0.4858,0.4742,-0.8815,0.013,0.033,0.0,0.013,0.039,0.006,0.0,0.026,0.0,0.013,0.026,0.006,0.006,0.013,0.019,0.006,0.013,0.013,-0.0614,-0.1396,0.3743,0.0614,-0.1289,0.3866,0.1304,-0.293,0.3114,0.0215,-0.0951,0.3728,0.0399,-0.3436,0.2684,0.2853,-0.0782,-0.0337,0.0099,-0.2743,0.227,-0.0245,-0.2787,0.2185,0.0747,-0.1901,0.0946,0.0297,-0.2923,0.1689,0.0416,-0.2111,0.0397,0.1244,-0.1852,-0.2744,0.4558,-0.0992,0.3929,0.0098,0.0759,-0.1073,-0.0358,-0.4715,0.0328,0.0307,-0.5088,0.2233,0.0741,-0.5533,0.0768,0.2358,-0.6231,0.0742,0.0674,-0.6347,0.4743,0.4456,-0.8616,0.0,0.0,0.0,0.0,0.0,0.0,0.0,0.0,0.0,
0.84,run,6.84,1.94,2.2,-6.4,-3.31,0.0,0.0,0.0,0.039,-3.43,-10.28,23.64,1.85,-9.67,22.5,7.73,-18.81,17.84,2.11,-7.82,20.83,2.72,-20.83,13.54,16.96,-4.13,-4.48,-3.88,-20.1,27.92,-1.85,-20.36,20.43,8.28,-22.9,20.75,5.23,-12.47,13.23,3.72,-24.3,11.55,17.29,2.24,-10.41,-0.111,-0.0963,-0.4011,-0.0562,0.0008,-0.5244,0.2366,-0.0126,-0.5086,0.1493,0.2278,-0.6091,0.1063,0.0101,-0.6288,0.494,0.4953,-0.8956,0.019,0.033,0.013,0.013,0.026,0.019,0.006,0.026,0.0,0.033,0.026,0.019,0.006,0.019,0.013,0.0,0.006,0.013,-0.0614,-0.1641,0.3896,0.0552,-0.1534,0.3896,0.1335,-0.3099,0.3022,0.0291,-0.1197,0.3697,0.043,-0.3528,0.2531,0.2899,-0.0828,-0.0568,0.0069,-0.2836,0.2162,-0.0401,-0.2867,0.1644,0.0637,-0.196,0.0318,0.0494,-0.2962,0.1068,0.0405,-0.1821,-0.0294,0.1043,-0.1468,-0.278,0.4994,-0.1181,0.2133,-0.076,-0.0948,-0.1098,-0.0661,-0.439,-0.0132,0.0157,-0.5182,0.2278,0.0273,-0.5383,0.1103,0.2346,-0.6193,0.089,0.0396,-0.643,0.4858,0.4742,-0.8815,0.0,0.0,0.0,0.0,0.0,0.0,0.0,0.0,0.0,
0.88,run,6.82,1.63,-0.67,-8.69,-2.49,0.0,0.0,0.0,0.039,-3.34,-11.6,24.79,0.62,-11.07,21.88,7.82,-20.04,17.84,2.72,-9.14,19.95,3.25,-21.88,12.39,16.88,-3.87,-5.89,-3.75,-21.6,29.42,-3.13,-21.86,19.89,8.77,-24.4,22.25,6.36,-12.17,14.05,4.24,-25.8,13.05,17.59,3.19,-11.62,-0.1072,-0.1271,-0.3672,-0.0893,-0.0048,-0.5307,0.2507,-0.0503,-0.4799,0.1818,0.2333,-0.5994,0.1212,-0.0168,-0.5981,0.5027,0.5126,-0.9015,0.019,0.033,0.013,0.013,0.026,0.019,0.006,0.026,0.0,0.033,0.026,0.019,0.006,0.019,0.013,0.0,0.006,0.013,-0.0614,-0.1902,0.4096,0.0368,-0.1779,0.3896,0.1381,-0.3313,0.3007,0.0368,-0.1457,0.359,0.0491,-0.3666,0.2362,0.3022,-0.0828,-0.0828,0.0048,-0.2966,0.2263,-0.0973,-0.2929,0.1151,0.0619,-0.218,0.0165,0.0634,-0.3054,0.0344,0.0514,-0.1794,-0.084,0.1191,-0.1028,-0.2926,0.5058,-0.1363,0.0384,-0.1117,-0.0578,-0.111,-0.0963,-0.4011,-0.0562,0.0008,-0.5244,0.2366,-0.0126,-0.5086,0.1493,0.2278,-0.6091,0.1063,0.0101,-0.6288,0.494,0.4953,-0.8956,0.0,0.0,0.0,0.0,0.0,0.0,0.0,0.0,0.0,
0.92,run,6.75,1.27,-0.86,-11.87,10.93,0.0,0.0,0.0,0.039,-3.25,-13.01,26.02,-0.09,-12.57,20.92,8.17,-21.27,17.75,3.6,-10.28,18.72,3.69,-23.03,11.6,17.4,-3.08,-7.21,-3.68,-23.1,30.92,-4.06,-23.36,20.22,9.3,-25.9,23.75,7.39,-12.05,14.66,4.62,-27.26,14.55,17.88,3.87,-11.96,-0.1052,-0.1557,-0.3371,-0.1159,-0.0057,-0.5268,0.2657,-0.0785,-0.4537,0.2111,0.2355,-0.5922,0.132,-0.0411,-0.5632,0.5108,0.5249,-0.9054,0.019,0.033,0.013,0.013,0.026,0.019,0.006,0.026,0.0,0.033,0.026,0.019,0.006,0.019,0.013,0.0,0.006,0.013,-0.0598,-0.2132,0.4295,0.0153,-0.2025,0.3789,0.1396,-0.3528,0.3007,0.0476,-0.1687,0.3436,0.0583,-0.385,0.2163,0.3007,-0.0782,-0.1074,0.0091,-0.2937,0.233,-0.1484,-0.2969,0.0404,0.0491,-0.2329,0.0116,0.0846,-0.2999,-0.0333,0.0705,-0.1945,-0.1334,0.0777,-0.0547,-0.2967,0.5044,-0.1632,-0.0117,-0.1517,-0.0434,-0.1072,-0.1271,-0.3672,-0.0893,-0.0048,-0.5307,0.2507,-0.0503,-0.4799,0.1818,0.2333,-0.5994,0.1212,-0.0168,-0.5981,0.5027,0.5126,-0.9015,0.0,0.0,0.0,0.0,0.0,0.0,0.0,0.0,0.0,
0.96,run,6.69,0.8,0.41,-12.58,19.85,0.0,0.0,0.0,0.071,-3.43,-14.5,27.33,-1.49,-13.97,20.3,8.53,-22.68,18.54,4.57,-11.25,17.4,4.22,-24.26,11.07,17.58,-2.02,-8.7,-3.46,-24.6,32.42,-4.33,-24.83,20.32,9.88,-27.4,25.25,7.71,-11.64,14.42,4.67,-27.87,16.05,18.14,4.1,-11.54,-0.0989,-0.1774,-0.3284,-0.1238,0.0031,-0.5257,0.2824,-0.0994,-0.4368,0.2202,0.2429,-0.595,0.1335,-0.0521,-0.5295,0.5182,0.5291,-0.9005,0.013,0.033,0.013,0.013,0.026,0.0,0.006,0.026,0.019,0.071,0.006,0.006,0.0,0.019,0.006,0.006,0.019,0.006,-0.0583,-0.2378,0.451,0.0031,-0.2286,0.362,0.1457,-0.3743,0.2991,0.0629,-0.1887,0.3221,0.066,-0.405,0.2025,0.3099,-0.0644,-0.1304,0.0122,-0.2978,0.2438,-0.15,-0.3058,-0.0351,0.0574,-0.2437,0.0023,0.1169,-0.2848,-0.104,0.0781,-0.2111,-0.1453,0.0889,0.0136,-0.2941,0.4983,-0.1943,-0.015,-0.2072,0.1908,-0.1052,-0.1557,-0.3371,-0.1159,-0.0057,-0.5268,0.2657,-0.0785,-0.4537,0.2111,0.2355,-0.5922,0.132,-0.0411,-0.5632,0.5108,0.5249,-0.9054,0.0,0.0,0.0,0.0,0.0,0.0,0.0,0.0,0.0,
1.0,run,6.87,0.78,5.29,-2.5,65.04,0.0,0.0,0.0,0.071,-3.69,-16.08,28.56,-2.37,-15.47,19.86,9.05,-23.99,19.69,5.62,-11.87,16.08,4.57,-25.58,10.99,18.11,-0.44,-9.84,-3.32,-26.1,33.92,-4.41,-24.45,20.83,10.62,-28.9,26.75,7.85,-11.31,13.94,4.79,-28.32,17.55,18.54,4.21,-11.72,-0.095,-0.1944,-0.3218,-0.1259,0.01,-0.5196,0.3034,-0.1176,-0.4199,0.2244,0.249,-0.6007,0.1369,-0.0603,-0.4944,0.5297,0.5311,-0.9025,0.013,0.033,0.013,0.013,0.026,0.0,0.006,0.026,0.019,0.071,0.006,0.006,0.0,0.019,0.006,0.006,0.019,0.006,-0.0614,-0.2638,0.474,-0.0215,-0.2531,0.3513,0.1519,-0.3988,0.3129,0.0798,-0.2056,0.2991,0.0752,-0.4264,0.1933,0.3129,-0.046,-0.1565,-0.003,-0.3061,0.2568,-0.1969,-0.306,-0.0648,0.0632,-0.2625,0.0533,0.145,-0.2626,-0.159,0.0892,-0.2281,-0.1362,0.0737,0.0784,-0.3035,0.4929,-0.236,0.0071,-0.2195,0.3464,-0.0989,-0.1774,-0.3284,-0.1238,0.0031,-0.5257,0.2824,-0.0994,-0.4368,0.2202,0.2429,-0.595,0.1335,-0.0521,-0.5295,0.5182,0.5291,-0.9005,0.0,0.0,0.0,0.0,0.0,0.0,0.0,0.0,0.0,
1.04,run,6.81,1.06,0.05,0.15,0.69,0.0,0.0,0.0,0.071,-3.69,-25.66,33.84,-4.48,-23.99,20.83,10.46,-28.74,26.37,7.65,-11.34,14.24,4.66,-28.12,17.58,18.46,4.31,-11.51,-3.26,-27.6,35.42,-3.33,-22.95,21.82,10.77,-30.4,28.12,6.35,-9.84,14.15,3.9,-26.82,19.05,18.59,3.83,-10.22,-0.0931,-0.2017,-0.3327,-0.095,0.067,-0.508,0.3076,-0.1196,-0.4339,0.169,0.2756,-0.5982,0.1114,-0.0072,-0.4604,0.5313,0.5241,-0.8733,0.0,0.013,0.0,0.006,0.006,0.006,0.0,0.026,0.013,0.0,0.0,0.0,0.006,0.006,0.006,0.006,0.006,0.0,-0.066,-0.2915,0.4955,-0.0368,-0.2792,0.3436,0.1611,-0.4218,0.3329,0.0982,-0.2163,0.2761,0.0813,-0.4495,0.1917,0.3221,-0.0184,-0.1764,-0.0193,-0.3178,0.2603,-0.1953,-0.3119,-0.0741,0.0787,-0.27,0.1121,0.1705,-0.224,-0.1975,0.0854,-0.246,-0.1011,0.0861,0.1584,-0.2872,0.5085,-0.2374,0.0923,-0.0436,1.1352,-0.095,-0.1944,-0.3218,-0.1259,0.01,-0.5196,0.3034,-0.1176,-0.4199,0.2244,0.249,-0.6007,0.1369,-0.0603,-0.4944,0.5297,0.5311,-0.9025,0.0,0.0,0.0,0.0,0.0,0.0,0.0,0.0,0.0,
1.08,run,6.7,1.1,0.26,0.17,-0.37,0.0,0.0,0.0,0.071,-2.99,-25.75,33.84,-4.48,-23.99,20.92,10.46,-28.83,26.46,7.56,-11.34,14.24,4.66,-27.95,17.67,18.46,4.31,-11.51,-2.66,-29.1,36.92,-4.83,-21.58,20.32,12.27,-31.9,29.62,7.85,-9.94,12.65,5.4,-28.32,20.55,20.09,5.33,-11.72,-0.0761,-0.2254,-0.2869,-0.2184,0.0622,-0.5656,0.3507,-0.2608,-0.2894,0.2982,0.2739,-0.6458,0.1818,-0.1422,-0.3733,0.5753,0.5953,-0.9955,0.0,0.013,0.0,0.006,0.006,0.006,0.0,0.026,0.013,0.0,0.0,0.0,0.006,0.006,0.006,0.006,0.006,0.0,-0.066,-0.4587,0.5875,-0.0736,-0.428,0.3605,0.1856,-0.5047,0.4495,0.1335,-0.2071,0.2439,0.0828,-0.4939,0.3068,0.3283,0.0644,-0.2056,-0.0193,-0.3178,0.2603,-0.1953,-0.3119,-0.0741,0.0787,-0.27,0.1121,0.1705,-0.224,-0.1975,0.0854,-0.246,-0.1011,0.0861,0.1584,-0.2872,0.5035,-0.2133,0.0009,0.0026,0.012,-0.0931,-0.2017,-0.3327,-0.095,0.067,-0.508,0.3076,-0.1196,-0.4339,0.169,0.2756,-0.5982,0.1114,-0.0072,-0.4604,0.5313,0.5241,-0.8733,0.0,0.0,0.0,0.0,0.0,0.0,0.0,0.0,0.0,
1.12,run,6.56,1.17,0.27,0.22,0.01,0.0,0.0,0.0,0.071,-3.08,-26.28,34.28,-4.39,-23.99,21.36,10.46,-29.53,26.89,7.21,-10.81,14.15,4.04,-27.6,18.19,18.63,4.31,-11.34,-3.05,-30.6,38.42,-6.33,-22.43,18.82,11.67,-33.4,31.12,9.35,-11.44,13.49,6.89,-29.82,22.05,18.75,6.69,-13.22,-0.0871,-0.2722,-0.2208,-0.2669,0.0468,-0.5461,0.3334,-0.2605,-0.3074,0.3384,0.2462,-0.606,0.1967,-0.1617,-0.3921,0.5358,0.5763,-0.9837,0.0,0.013,0.0,0.006,0.006,0.006,0.0,0.026,0.013,0.0,0.0,0.0,0.006,0.006,0.006,0.006,0.006,0.0,-0.0537,-0.4602,0.5875,-0.0736,-0.428,0.362,0.1856,-0.5062,0.451,0.1319,-0.2071,0.2439,0.0828,-0.4909,0.3083,0.3283,0.0644,-0.2056,0.0377,-0.2288,0.1822,-0.1367,-0.2184,-0.0455,0.0551,-0.1954,0.0849,0.1129,-0.1568,-0.1383,0.0598,-0.1594,-0.0643,0.0603,0.1109,-0.2011,0.4935,-0.2094,0.0045,0.003,-0.0065,-0.0761,-0.2254,-0.2869,-0.2184,0.0622,-0.5656,0.3507,-0.2608,-0.2894,0.2982,0.2739,-0.6458,0.1818,-0.1422,-0.3733,0.5753,0.5953,-0.9955,0.0,0.0,0.0,0.0,0.0,0.0,0.0,0.0,0.0,
1.16,run,6.43,1.17,-0.29,-0.32,-0.15,0.0,0.0,0.0,0.071,-3.34,-27.07,35.07,-3.87,-23.47,21.71,10.81,-30.23,27.6,6.86,-10.2,13.71,3.87,-27.25,19.25,18.81,4.31,-11.07,-2.76,-32.1,39.92,-7.83,-21.15,17.32,11.43,-34.9,32.62,10.85,-10.57,11.99,6.87,-31.32,23.55,18.62,6.45,-14.72,-0.0789,-0.282,-0.2179,-0.2676,0.07,-0.57,0.3265,-0.2846,-0.2915,0.3406,0.2624,-0.6272,0.1964,-0.1925,-0.3731,0.532,0.5718,-0.9826,0.013,0.026,0.006,0.006,0.0,0.0,0.0,0.026,0.026,0.019,0.0,0.013,0.006,0.019,0.006,0.0,0.013,0.0,-0.0552,-0.4694,0.5952,-0.0721,-0.428,0.3697,0.1856,-0.5185,0.4587,0.1258,-0.1979,0.2424,0.0721,-0.4847,0.3175,0.3313,0.0644,-0.2025,0.0207,-0.1944,0.156,-0.09,-0.1528,-0.0033,0.0386,-0.1824,0.0879,0.0562,-0.0756,-0.1025,0.0019,-0.0887,-0.0108,0.0536,0.0776,-0.1293,0.4813,-0.2037,0.0047,0.0038,0.0002,-0.0871,-0.2722,-0.2208,-0.2669,0.0468,-0.5461,0.3334,-0.2605,-0.3074,0.3384,0.2462,-0.606,0.1967,-0.1617,-0.3921,0.5358,0.5763,-0.9837,0.0,0.0,0.0,0.0,0.0,0.0,0.0,0.0,0.0,
1.2,run,6.33,1.22,0.63,0.59,0.66,0.0,0.0,0.0,0.071,-2.81,-28.04,36.04,-3.69,-22.68,21.45,11.25,-31.38,28.65,7.03,-10.11,13.45,4.31,-27.69,20.3,18.63,4.83,-11.16,-2.77,-33.6,41.42,-9.33,-20.64,16.44,11.29,-36.4,34.12,12.05,-10.54,11.73,6.75,-32.82,25.05,18.19,6.37,-16.22,-0.0792,-0.2905,-0.204,-0.2768,0.0792,-0.5713,0.3227,-0.2934,-0.2888,0.3441,0.263,-0.6267,0.193,-0.197,-0.3826,0.5198,0.5704,-0.9861,0.013,0.026,0.006,0.006,0.0,0.0,0.0,0.026,0.026,0.019,0.0,0.013,0.006,0.019,0.006,0.0,0.013,0.0,-0.0598,-0.4832,0.609,-0.0629,-0.4188,0.3758,0.1917,-0.5308,0.4709,0.1197,-0.1871,0.2347,0.069,-0.4786,0.3359,0.3344,0.0644,-0.1979,-0.0028,-0.1879,0.161,-0.0285,-0.0725,0.0207,0.05,-0.1737,0.1076,0.0164,-0.0126,-0.1005,-0.0102,-0.0391,0.0614,0.049,0.0543,-0.0733,0.4705,-0.203,-0.0051,-0.0055,-0.0026,-0.0789,-0.282,-0.2179,-0.2676,0.07,-0.57,0.3265,-0.2846,-0.2915,0.3406,0.2624,-0.6272,0.1964,-0.1925,-0.3731,0.532,0.5718,-0.9826,0.0,0.0,0.0,0.0,0.0,0.0,0.0,0.0,0.0,
1.24,run,6.19,1.26,-0.01,-0.13,-1.08,0.0,0.0,0.0,0.071,-2.64,-29.36,37.35,-3.96,-21.97,20.65,11.25,-32.78,29.97,7.82,-10.11,12.74,5.01,-28.3,21.71,18.54,5.54,-11.51,-2.72,-35.1,42.92,-9.7,-19.82,15.61,11.39,-37.9,35.62,12.12,-10.11,11.02,6.58,-34.32,26.55,18.15,6.39,-17.72,-0.0777,-0.2898,-0.2009,-0.277,0.0941,-0.5811,0.3255,-0.307,-0.2776,0.3463,0.2707,-0.635,0.1879,-0.207,-0.3715,0.5185,0.5707,-0.9887,0.013,0.026,0.006,0.006,0.0,0.0,0.0,0.026,0.026,0.019,0.0,0.013,0.006,0.019,0.006,0.0,0.013,0.0,-0.0506,-0.5001,0.6259,-0.0598,-0.405,0.3712,0.1994,-0.5507,0.4893,0.1227,-0.1856,0.2301,0.0767,-0.4863,0.3543,0.3313,0.0736,-0.1994,0.0328,-0.1953,0.1765,-0.0084,0.0014,-0.0029,0.064,-0.197,0.1449,0.023,-0.003,-0.0877,0.0219,-0.0564,0.1126,0.0227,0.0728,-0.0571,0.4612,-0.1986,0.0111,0.0103,0.0115,-0.0792,-0.2905,-0.204,-0.2768,0.0792,-0.5713,0.3227,-0.2934,-0.2888,0.3441,0.263,-0.6267,0.193,-0.197,-0.3826,0.5198,0.5704,-0.9861,0.0,0.0,0.0,0.0,0.0,0.0,0.0,0.0,0.0,
1.28,run,6.05,1.3,-0.14,0.13,1.21,0.0,0.0,0.0,0.071,-2.99,-30.67,38.76,-5.01,-21.18,19.78,11.25,-34.19,31.29,8.7,-10.11,11.87,5.8,-29.18,23.12,18.02,6.06,-12.39,-2.63,-36.6,44.42,-9.79,-19.19,15.29,11.66,-39.4,37.12,12.35,-9.85,10.79,6.58,-35.82,28.05,18.02,6.6,-19.22,-0.075,-0.2859,-0.1925,-0.2797,0.1056,-0.5849,0.3332,-0.3232,-0.256,0.353,0.2755,-0.6377,0.1879,-0.2172,-0.3542,0.515,0.5745,-0.991,0.006,0.019,0.006,0.013,0.006,0.019,0.006,0.019,0.019,0.033,0.0,0.006,0.006,0.026,0.006,0.006,0.0,0.019,-0.0476,-0.5231,0.6489,-0.0644,-0.3927,0.3574,0.1994,-0.5752,0.5123,0.1365,-0.1856,0.2178,0.089,-0.497,0.3789,0.3298,0.0859,-0.2056,0.0344,-0.2224,0.2092,-0.023,0.0467,-0.0534,0.0448,-0.2293,0.1871,0.0675,-0.0021,-0.1071,0.061,-0.0794,0.1702,0.0102,0.0967,-0.0628,0.449,-0.1955,-0.0003,-0.0022,-0.0189,-0.0777,-0.2898,-0.2009,-0.277,0.0941,-0.5811,0.3255,-0.307,-0.2776,0.3463,0.2707,-0.635,0.1879,-0.207,-0.3715,0.5185,0.5707,-0.9887,0.0,0.0,0.0,0.0,0.0,0.0,0.0,0.0,0.0,
1.32,run,5.95,1.34,0.6,0.49,-0.4,0.0,0.0,0.0,0.071,-2.46,-32.08,40.08,-6.24,-20.39,18.54,11.25,-35.6,32.7,9.84,-10.11,11.25,6.33,-30.41,24.52,17.93,6.33,-13.54,-2.51,-38.1,45.92,-9.84,-18.24,15.13,12.01,-40.9,38.62,12.59,-9.37,10.61,6.52,-37.32,29.55,17.9,6.93,-19.25,-0.0717,-0.2869,-0.1808,-0.2812,0.1229,-0.5867,0.3431,-0.3429,-0.2363,0.3597,0.2842,-0.6399,0.1864,-0.2274,-0.3307,0.5114,0.5806,-0.9911,0.006,0.019,0.006,0.013,0.006,0.019,0.006,0.019,0.019,0.033,0.0,0.006,0.006,0.026,0.006,0.006,0.0,0.019,-0.0537,-0.5461,0.6734,-0.0828,-0.3789,0.3421,0.1994,-0.5998,0.5354,0.1519,-0.1856,0.2025,0.1028,-0.5123,0.4034,0.3206,0.0951,-0.2209,0.0011,-0.2419,0.2384,-0.0851,0.0844,-0.0949,0.0314,-0.2525,0.2172,0.1048,-0.0015,-0.1325,0.0944,-0.1131,0.2111,-0.0274,0.1022,-0.1015,0.4373,-0.1921,-0.0024,0.0023,0.0211,-0.075,-0.2859,-0.1925,-0.2797,0.1056,-0.5849,0.3332,-0.3232,-0.256,0.353,0.2755,-0.6377,0.1879,-0.2172,-0.3542,0.515,0.5745,-0.991,0.0,0.0,0.0,0.0,0.0,0.0,0.0,0.0,0.0,
1.36,run,5.82,1.39,-0.31,-0.16,1.54,0.0,0.0,0.0,0.071,-2.55,-33.49,41.57,-7.47,-19.69,17.23,11.51,-37.09,34.1,10.9,-10.02,10.81,6.42,-31.9,26.02,18.02,6.59,-14.94,-2.38,-39.6,47.42,-9.97,-17.31,14.86,12.24,-42.4,40.12,13.07,-8.76,10.28,6.63,-38.25,31.05,17.7,7.22,-19.38,-0.068,-0.2831,-0.1713,-0.2848,0.1398,-0.5899,0.3497,-0.3634,-0.211,0.3733,0.2952,-0.6438,0.1895,-0.2408,-0.3023,0.5056,0.5858,-0.9928,0.006,0.019,0.006,0.013,0.006,0.019,0.006,0.019,0.019,0.033,0.0,0.006,0.006,0.026,0.006,0.006,0.0,0.019,-0.0445,-0.5706,0.6964,-0.1043,-0.3651,0.3206,0.1994,-0.6243,0.5599,0.1718,-0.1856,0.1917,0.112,-0.5338,0.428,0.3191,0.0997,-0.2408,0.0354,-0.2616,0.2534,-0.1403,0.111,-0.1472,0.0219,-0.269,0.2443,0.1483,-0.001,-0.1331,0.1007,-0.1599,0.2401,-0.0249,0.0888,-0.146,0.4288,-0.1883,0.0105,0.0086,-0.007,-0.0717,-0.2869,-0.1808,-0.2812,0.1229,-0.5867,0.3431,-0.3429,-0.2363,0.3597,0.2842,-0.6399,0.1864,-0.2274,-0.3307,0.5114,0.5806,-0.9911,0.0,0.0,0.0,0.0,0.0,0.0,0.0,0.0,0.0,
1.4,run,5.7,1.4,-0.25,0.1,0.48,0.0,0.0,0.0,0.071,-2.72,-34.89,43.07,-8.44,-18.9,16.17,11.87,-38.41,35.51,11.78,-9.49,10.46,6.42,-33.22,27.33,17.75,6.86,-16.26,-2.1,-40.57,48.92,-10.1,-16.12,14.34,12.58,-43.9,41.62,13.39,-7.9,9.67,6.74,-39.05,32.55,17.52,7.67,-19.47,-0.0599,-0.283,-0.1621,-0.2887,0.1615,-0.596,0.3594,-0.3885,-0.1832,0.3824,0.3108,-0.6509,0.1925,-0.2555,-0.2716,0.5007,0.594,-0.9937,0.0,0.019,0.013,0.006,0.006,0.013,0.006,0.026,0.019,0.013,0.0,0.006,0.0,0.013,0.013,0.006,0.006,0.013,-0.046,-0.5952,0.7225,-0.1258,-0.3528,0.2976,0.204,-0.6504,0.5844,0.1902,-0.1841,0.1841,0.1135,-0.5599,0.4541,0.3206,0.1043,-0.2654,0.0192,-0.2717,0.2715,-0.1757,0.122,-0.1861,0.032,-0.2824,0.2596,0.1703,0.0048,-0.1209,0.076,-0.2061,0.2622,-0.0119,0.0788,-0.1908,0.417,-0.1843,-0.0055,-0.0027,0.027,-0.068,-0.2831,-0.1713,-0.2848,0.1398,-0.5899,0.3497,-0.3634,-0.211,0.3733,0.2952,-0.6438,0.1895,-0.2408,-0.3023,0.5056,0.5858,-0.9928,0.0,0.0,0.0,0.0,0.0,0.0,0.0,0.0,0.0,
1.44,run,5.58,1.4,-0.39,-0.31,-0.3,0.0,0.0,0.0,0.071,-2.02,-36.39,44.38,-9.14,-18.02,15.38,12.04,-39.81,36.91,12.48,-8.88,10.11,6.68,-34.63,28.83,17.31,7.21,-17.4,-1.89,-40.73,50.42,-10.38,-14.89,14.16,12.83,-45.4,43.12,13.74,-7.06,9.36,6.79,-39.93,34.05,17.29,8.11,-19.5,-0.054,-0.2859,-0.1483,-0.2965,0.1838,-0.5981,0.3665,-0.4153,-0.1562,0.3925,0.3262,-0.6546,0.194,-0.2715,-0.2479,0.4939,0.602,-0.9942,0.0,0.019,0.013,0.006,0.006,0.013,0.006,0.026,0.019,0.013,0.0,0.006,0.0,0.013,0.013,0.006,0.006,0.013,-0.0491,-0.6197,0.7486,-0.1427,-0.339,0.2792,0.2102,-0.6734,0.609,0.2056,-0.1749,0.1779,0.1135,-0.5829,0.4771,0.316,0.1089,-0.2884,0.0015,-0.2856,0.2914,-0.1886,0.1391,-0.2018,0.0462,-0.2871,0.2771,0.1788,0.0391,-0.1084,0.0532,-0.2337,0.2729,-0.0262,0.073,-0.223,0.4068,-0.1833,-0.0044,0.0018,0.0083,-0.0599,-0.283,-0.1621,-0.2887,0.1615,-0.596,0.3594,-0.3885,-0.1832,0.3824,0.3108,-0.6509,0.1925,-0.2555,-0.2716,0.5007,0.594,-0.9937,0.0,0.0,0.0,0.0,0.0,0.0,0.0,0.0,0.0,
1.48,run,5.48,1.44,-0.14,-0.15,0.16,0.0,0.0,0.0,0.071,-1.85,-37.62,45.79,-9.76,-17.05,14.59,12.39,-41.31,38.32,13.01,-8.17,9.67,6.68,-36.12,30.23,17.31,7.47,-18.28,-1.63,-40.82,51.92,-10.66,-13.63,13.9,12.99,-46.9,44.62,14.07,-6.13,8.7,6.83,-40.77,35.55,17.05,8.36,-19.29,-0.0467,-0.2876,-0.1381,-0.3045,0.2067,-0.6012,0.3711,-0.4422,-0.1262,0.4021,0.343,-0.6624,0.1952,-0.2867,-0.2192,0.4873,0.6066,-0.9917,0.0,0.019,0.013,0.006,0.006,0.013,0.006,0.026,0.019,0.013,0.0,0.006,0.0,0.013,0.013,0.006,0.006,0.013,-0.0368,-0.6458,0.7716,-0.1549,-0.3237,0.2654,0.2132,-0.698,0.6335,0.2178,-0.1641,0.1718,0.1181,-0.6075,0.5031,0.3083,0.115,-0.3083,0.0476,-0.2987,0.2912,-0.1785,0.1555,-0.1936,0.044,-0.294,0.287,0.1717,0.0681,-0.0992,0.0547,-0.2566,0.2899,-0.0474,0.0744,-0.2316,0.3964,-0.1829,-0.0068,-0.0054,-0.0053,-0.054,-0.2859,-0.1483,-0.2965,0.1838,-0.5981,0.3665,-0.4153,-0.1562,0.3925,0.3262,-0.6546,0.194,-0.2715,-0.2479,0.4939,0.602,-0.9942,0.0,0.0,0.0,0.0,0.0,0.0,0.0,0.0,0.0,
1.52,run,5.39,1.47,0.24,0.14,0.3,0.0,0.0,0.0,0.071,-1.76,-38.67,47.29,-10.2,-16.0,14.15,12.66,-42.63,39.73,13.45,-7.38,9.14,6.77,-37.53,31.64,17.31,7.91,-18.98,-1.31,-41.01,53.42,-10.92,-12.27,13.31,13.19,-48.4,46.12,14.38,-5.07,7.76,6.91,-41.81,37.05,16.85,8.85,-19.58,-0.0375,-0.291,-0.1299,-0.312,0.2314,-0.6081,0.3769,-0.4745,-0.0977,0.4109,0.3624,-0.6734,0.1975,-0.3057,-0.1956,0.4813,0.6154,-0.9951,0.019,0.019,0.013,0.006,0.006,0.013,0.0,0.033,0.026,0.019,0.0,0.013,0.006,0.026,0.006,0.006,0.006,0.006,-0.0337,-0.6673,0.7961,-0.1657,-0.3068,0.2516,0.2194,-0.724,0.6581,0.227,-0.1519,0.1641,0.1181,-0.6335,0.5277,0.3083,0.1197,-0.3237,0.0447,-0.2892,0.2953,-0.165,0.1717,-0.187,0.0537,-0.303,0.2924,0.1545,0.0934,-0.098,0.0383,-0.2768,0.2944,-0.0332,0.0692,-0.2193,0.3871,-0.1796,-0.0024,-0.0026,0.0027,-0.0467,-0.2876,-0.1381,-0.3045,0.2067,-0.6012,0.3711,-0.4422,-0.1262,0.4021,0.343,-0.6624,0.1952,-0.2867,-0.2192,0.4873,0.6066,-0.9917,0.0,0.0,0.0,0.0,0.0,0.0,0.0,0.0,0.0,
1.56,run,5.24,1.5,-0.64,-0.3,0.91,0.0,0.0,0.0,0.071,-1.76,-39.55,48.69,-10.55,-14.94,13.71,12.83,-44.03,41.13,13.8,-6.59,8.53,6.86,-38.67,33.05,16.79,8.35,-19.34,-1.03,-41.2,54.7,-11.17,-11.0,12.92,13.32,-49.9,47.62,14.65,-4.07,6.95,6.93,-42.89,38.55,16.62,9.24,-19.88,-0.0294,-0.2946,-0.1212,-0.3191,0.2546,-0.6128,0.3806,-0.5067,-0.0725,0.4187,0.3805,-0.6829,0.1981,-0.3252,-0.1782,0.4748,0.6226,-0.9986,0.019,0.019,0.013,0.006,0.006,0.013,0.0,0.033,0.026,0.019,0.0,0.013,0.006,0.026,0.006,0.006,0.006,0.006,-0.0322,-0.6857,0.8222,-0.1733,-0.2884,0.2439,0.224,-0.747,0.6826,0.2347,-0.1381,0.1549,0.1197,-0.6581,0.5522,0.3083,0.1273,-0.3359,0.0371,-0.2715,0.3046,-0.1443,0.1893,-0.1597,0.0548,-0.2985,0.2968,0.1369,0.1172,-0.1031,0.0326,-0.2859,0.2982,-0.0232,0.0772,-0.1996,0.3793,-0.1772,0.0043,0.0025,0.0052,-0.0375,-0.291,-0.1299,-0.312,0.2314,-0.6081,0.3769,-0.4745,-0.0977,0.4109,0.3624,-0.6734,0.1975,-0.3057,-0.1956,0.4813,0.6154,-0.9951,0.0,0.0,0.0,0.0,0.0,0.0,0.0,0.0,0.0,
1.6,run,5.16,1.54,0.48,0.35,-0.39,0.0,0.0,0.0,0.071,-1.05,-40.17,50.01,-10.81,-13.8,13.27,13.01,-45.44,42.54,14.06,-5.71,7.91,6.86,-39.81,34.54,16.61,8.7,-19.6,-0.69,-41.34,55.53,-11.37,-9.66,12.59,13.45,-51.4,49.12,14.82,-3.17,6.05,6.99,-44.01,40.05,16.4,9.53,-19.96,-0.0197,-0.297,-0.1114,-0.325,0.2789,-0.6166,0.3841,-0.5357,-0.0461,0.4235,0.3969,-0.6935,0.1998,-0.3456,-0.158,0.4687,0.6277,-0.9995,0.019,0.019,0.013,0.006,0.006,0.013,0.0,0.033,0.026,0.019,0.0,0.013,0.006,0.026,0.006,0.006,0.006,0.006,-0.0322,-0.701,0.8468,-0.1795,-0.27,0.2362,0.227,-0.7716,0.7072,0.2408,-0.1243,0.1442,0.1212,-0.678,0.5768,0.2991,0.135,-0.3421,0.026,-0.2451,0.3012,-0.123,0.1985,-0.1393,0.0494,-0.2969,0.2957,0.1178,0.1315,-0.1107,0.0283,-0.2716,0.2967,-0.0493,0.0816,-0.1617,0.3663,-0.1743,-0.0112,-0.0053,0.0159,-0.0294,-0.2946,-0.1212,-0.3191,0.2546,-0.6128,0.3806,-0.5067,-0.0725,0.4187,0.3805,-0.6829,0.1981,-0.3252,-0.1782,0.4748,0.6226,-0.9986,0.0,0.0,0.0,0.0,0.0,0.0,0.0,0.0,0.0,
1.64,run,5.02,1.61,-0.39,0.07,0.81,0.0,0.0,0.0,0.071,-1.05,-40.52,51.5,-11.07,-12.57,12.74,13.18,-46.85,43.95,14.41,-4.83,7.12,6.94,-40.96,35.95,16.61,9.14,-19.78,-0.4,-41.3,55.9,-11.5,-8.41,12.15,13.47,-52.9,50.62,15.12,-2.24,4.94,7.14,-45.2,41.55,16.14,9.71,-20.0,-0.0114,-0.2964,-0.1071,-0.3285,0.3017,-0.6218,0.3847,-0.5635,-0.0204,0.4319,0.4139,-0.7066,0.204,-0.3672,-0.1368,0.4612,0.6311,-1.0,0.019,0.013,0.013,0.0,0.0,0.006,0.0,0.039,0.026,0.019,0.0,0.013,0.0,0.045,0.006,0.006,0.006,0.006,-0.0199,-0.7118,0.8698,-0.1841,-0.25,0.2286,0.2301,-0.7961,0.7317,0.2454,-0.1089,0.1335,0.1212,-0.698,0.6029,0.2961,0.1411,-0.3467,0.0662,-0.2135,0.3008,-0.1041,0.2169,-0.1275,0.0466,-0.3038,0.303,0.1005,0.1521,-0.1195,0.0198,-0.2681,0.3097,-0.0465,0.0811,-0.1312,0.3599,-0.1707,0.0084,0.0061,-0.0068,-0.0197,-0.297,-0.1114,-0.325,0.2789,-0.6166,0.3841,-0.5357,-0.0461,0.4235,0.3969,-0.6935,0.1998,-0.3456,-0.158,0.4687,0.6277,-0.9995,0.0,0.0,0.0,0.0,0.0,0.0,0.0,0.0,0.0,
1.68,run,4.96,1.62,0.29,0.02,-0.38,0.0,0.0,0.0,0.071,-0.62,-40.69,52.82,-11.25,-11.43,12.39,13.27,-48.16,45.44,14.59,-3.87,6.24,7.03,-42.19,37.35,16.26,9.4,-19.86,-0.01,-41.24,56.24,-11.54,-7.11,11.46,13.6,-54.4,52.12,15.25,-1.25,3.74,7.3,-46.44,43.05,15.96,9.97,-20.0,-0.0004,-0.2952,-0.103,-0.3298,0.3253,-0.6299,0.3885,-0.5921,0.0055,0.4357,0.4319,-0.7208,0.2087,-0.3898,-0.1151,0.4561,0.6359,-1.0,0.019,0.013,0.013,0.0,0.0,0.006,0.0,0.039,0.026,0.019,0.0,0.013,0.0,0.045,0.006,0.006,0.006,0.006,-0.0199,-0.7179,0.8958,-0.1887,-0.2286,0.2194,0.2332,-0.8207,0.7563,0.2516,-0.0936,0.1197,0.1227,-0.7179,0.6274,0.2961,0.1488,-0.3497,0.0463,-0.1725,0.3085,-0.0901,0.2325,-0.1238,0.0441,-0.3048,0.3042,0.0934,0.164,-0.1355,0.0196,-0.2625,0.3089,-0.0325,0.0856,-0.1034,0.3477,-0.1652,-0.0068,0.0013,0.0142,-0.0114,-0.2964,-0.1071,-0.3285,0.3017,-0.6218,0.3847,-0.5635,-0.0204,0.4319,0.4139,-0.7066,0.204,-0.3672,-0.1368,0.4612,0.6311,-1.0,0.0,0.0,0.0,0.0,0.0,0.0,0.0,0.0,0.0,
1.72,run,4.86,1.63,0.86,0.65,-0.18,0.0,0.0,0.0,0.071,-0.09,-40.69,54.05,-11.34,-10.2,12.04,13.27,-49.66,46.85,14.77,-2.99,5.36,7.12,-43.33,38.76,15.91,9.58,-19.95,0.3,-41.11,56.55,-11.54,-5.96,10.97,13.65,-55.9,53.62,15.45,-0.4,2.64,7.53,-47.64,44.55,15.78,10.15,-20.0,0.0087,-0.2929,-0.0994,-0.3298,0.3462,-0.6356,0.3901,-0.6162,0.0309,0.4415,0.4472,-0.7336,0.2152,-0.4117,-0.0918,0.4508,0.639,-1.0,0.019,0.013,0.013,0.0,0.0,0.006,0.0,0.039,0.026,0.019,0.0,0.013,0.0,0.045,0.006,0.006,0.006,0.006,-0.0123,-0.721,0.9189,-0.1917,-0.2086,0.2132,0.2347,-0.8437,0.7823,0.2546,-0.0767,0.1043,0.1243,-0.7394,0.6519,0.2899,0.1534,-0.3513,0.0613,-0.1323,0.3026,-0.0747,0.2378,-0.1098,0.0367,-0.3,0.3112,0.0769,0.1784,-0.1526,0.0195,-0.2647,0.3087,-0.0459,0.0772,-0.0781,0.3419,-0.1641,0.0051,0.0003,-0.0066,-0.0004,-0.2952,-0.103,-0.3298,0.3253,-0.6299,0.3885,-0.5921,0.0055,0.4357,0.4319,-0.7208,0.2087,-0.3898,-0.1151,0.4561,0.6359,-1.0,0.0,0.0,0.0,0.0,0.0,0.0,0.0,0.0,0.0,
1.76,run,4.74,1.64,-0.94,-0.83,0.48,0.0,0.0,0.0,0.078,-0.18,-40.69,55.02,-11.34,-8.96,11.43,13.36,-51.06,48.25,15.03,-2.11,4.39,7.38,-44.47,40.25,15.91,9.84,-19.95,0.64,-40.93,56.66,-11.48,-4.77,10.32,13.74,-57.4,55.12,15.64,0.4,1.5,7.81,-48.82,46.05,15.61,10.29,-20.0,0.0182,-0.2896,-0.0981,-0.3279,0.3679,-0.6433,0.3927,-0.637,0.0555,0.4469,0.4618,-0.7471,0.2232,-0.4332,-0.066,0.4459,0.6416,-1.0,0.0,0.0,0.0,0.006,0.013,0.013,0.006,0.039,0.026,0.019,0.006,0.013,0.006,0.078,0.013,0.006,0.006,0.0,-0.0031,-0.721,0.9403,-0.1933,-0.1871,0.2071,0.2347,-0.8698,0.8069,0.2577,-0.0614,0.089,0.1258,-0.7593,0.6765,0.2838,0.1565,-0.3528,0.0774,-0.0926,0.2924,-0.058,0.247,-0.0998,0.0257,-0.3078,0.3099,0.0653,0.1824,-0.1644,0.0194,-0.2601,0.3081,-0.0551,0.0656,-0.0604,0.3336,-0.1633,0.0151,0.0114,-0.0032,0.0087,-0.2929,-0.0994,-0.3298,0.3462,-0.6356,0.3901,-0.6162,0.0309,0.4415,0.4472,-0.7336,0.2152,-0.4117,-0.0918,0.4508,0.639,-1.0,0.0,0.0,0.0,0.0,0.0,0.0,0.0,0.0,0.0,
1.8,run,4.67,1.69,0.43,0.36,-0.55,0.0,0.0,0.0,0.078,0.62,-40.69,55.72,-11.34,-7.73,10.9,13.36,-52.56,49.66,15.12,-1.14,3.34,7.65,-45.7,41.66,15.73,10.11,-19.95,1.07,-40.55,56.56,-11.29,-3.69,9.45,13.95,-58.9,56.62,15.6,1.28,0.22,8.15,-49.93,47.55,15.53,10.43,-20.0,0.0305,-0.2827,-0.0993,-0.3225,0.3875,-0.6535,0.3986,-0.6568,0.082,0.4457,0.4779,-0.7621,0.2329,-0.4533,-0.0376,0.4439,0.6442,-1.0,0.0,0.0,0.0,0.006,0.013,0.013,0.006,0.039,0.026,0.019,0.006,0.013,0.006,0.078,0.013,0.006,0.006,0.0,-0.0046,-0.721,0.9572,-0.1933,-0.1657,0.1963,0.2362,-0.8943,0.8314,0.2623,-0.046,0.0721,0.1304,-0.7793,0.7026,0.2838,0.1611,-0.3528,0.0485,-0.0648,0.2675,-0.0406,0.2529,-0.1099,0.0237,-0.3069,0.3083,0.0629,0.1848,-0.1779,0.0307,-0.2563,0.3128,-0.0386,0.063,-0.0423,0.3229,-0.1623,-0.0164,-0.0144,0.0083,0.0182,-0.2896,-0.0981,-0.3279,0.3679,-0.6433,0.3927,-0.637,0.0555,0.4469,0.4618,-0.7471,0.2232,-0.4332,-0.066,0.4459,0.6416,-1.0,0.0,0.0,0.0,0.0,0.0,0.0,0.0,0.0,0.0,
1.84,run,4.56,1.77,-0.01,-0.05,0.93,0.0,0.0,0.0,0.078,0.62,-40.69,56.25,-11.34,-6.5,10.28,13.36,-53.96,51.06,15.21,-0.26,2.29,7.73,-46.76,43.07,15.56,10.28,-19.95,1.37,-40.1,56.38,-11.1,-2.62,8.78,14.05,-60.4,58.12,15.68,2.09,-0.87,8.5,-51.0,49.05,15.48,10.55,-20.0,0.0391,-0.2745,-0.1014,-0.3173,0.4069,-0.6614,0.4014,-0.6735,0.1058,0.448,0.4926,-0.7749,0.2429,-0.4728,-0.0091,0.4423,0.6464,-1.0,0.0,0.0,0.0,0.006,0.013,0.013,0.006,0.039,0.026,0.019,0.006,0.013,0.006,0.078,0.013,0.006,0.006,0.0,0.0092,-0.721,0.9695,-0.1933,-0.1442,0.1871,0.2362,-0.9204,0.856,0.2638,-0.0291,0.0537,0.135,-0.8007,0.7271,0.2807,0.1657,-0.3528,0.086,-0.0454,0.2336,-0.0284,0.2581,-0.1116,0.0166,-0.3132,0.3084,0.0498,0.193,-0.194,0.0389,-0.2604,0.3116,-0.0386,0.0615,-0.0296,0.3167,-0.1583,0.0075,0.0063,-0.0097,0.0305,-0.2827,-0.0993,-0.3225,0.3875,-0.6535,0.3986,-0.6568,0.082,0.4457,0.4779,-0.7621,0.2329,-0.4533,-0.0376,0.4439,0.6442,-1.0,0.0,0.0,0.0,0.0,0.0,0.0,0.0,0.0,0.0,
1.88,run,4.45,1.79,-0.11,-0.16,0.03,0.0,0.0,0.0,0.111,1.14,-40.69,56.43,-11.34,-5.36,9.58,13.71,-55.37,52.47,15.21,0.62,1.14,8.17,-47.99,44.38,15.56,10.28,-19.95,1.72,-39.69,56.3,-10.89,-1.5,7.94,14.24,-61.9,59.62,15.64,2.85,-1.95,8.84,-52.01,50.55,15.44,10.72,-20.0,0.049,-0.267,-0.1024,-0.3111,0.4273,-0.6712,0.4069,-0.688,0.1286,0.4469,0.5063,-0.7877,0.2526,-0.4911,0.0191,0.441,0.6495,-1.0,0.006,0.006,0.0,0.006,0.0,0.013,0.006,0.026,0.019,0.019,0.0,0.013,0.006,0.111,0.019,0.0,0.006,0.0,0.0092,-0.721,0.9787,-0.1933,-0.1227,0.1764,0.2362,-0.9449,0.8805,0.2654,-0.0138,0.0353,0.1365,-0.8191,0.7517,0.2777,0.1687,-0.3528,0.0602,-0.0318,0.1979,-0.0199,0.2608,-0.1182,0.0116,-0.3109,0.3076,0.0406,0.1924,-0.2045,0.0329,-0.2511,0.3098,-0.0385,0.0545,-0.0207,0.307,-0.1513,-0.0001,-0.0009,0.0162,0.0391,-0.2745,-0.1014,-0.3173,0.4069,-0.6614,0.4014,-0.6735,0.1058,0.448,0.4926,-0.7749,0.2429,-0.4728,-0.0091,0.4423,0.6464,-1.0,0.0,0.0,0.0,0.0,0.0,0.0,0.0,0.0,0.0,
1.92,run,4.4,1.83,0.85,0.18,-0.91,0.0,0.0,0.0,0.111,1.76,-40.25,56.43,-11.34,-4.13,8.79,13.97,-56.87,53.88,15.21,1.49,0.0,8.7,-49.13,45.88,15.56,10.37,-19.95,2.05,-39.03,55.85,-10.59,-0.62,7.02,14.46,-63.4,61.12,15.54,3.68,-3.03,9.28,-52.9,52.05,15.52,10.85,-19.73,0.0587,-0.2551,-0.1076,-0.3026,0.4433,-0.6821,0.4132,-0.7012,0.1516,0.4441,0.5214,-0.8004,0.2652,-0.5073,0.0496,0.4434,0.6518,-0.9968,0.006,0.006,0.0,0.006,0.0,0.013,0.006,0.026,0.019,0.019,0.0,0.013,0.006,0.111,0.019,0.0,0.006,0.0,0.0184,-0.721,0.9817,-0.1933,-0.1028,0.1641,0.2424,-0.9695,0.905,0.2654,0.0015,0.0153,0.1442,-0.8406,0.7747,0.2777,0.1687,-0.3528,0.0767,-0.0222,0.15,-0.0139,0.2574,-0.1288,0.0311,-0.3097,0.3074,0.0284,0.1922,-0.218,0.0518,-0.2563,0.3032,-0.0269,0.0381,-0.0145,0.2976,-0.1488,-0.0019,-0.0029,0.0004,0.049,-0.267,-0.1024,-0.3111,0.4273,-0.6712,0.4069,-0.688,0.1286,0.4469,0.5063,-0.7877,0.2526,-0.4911,0.0191,0.441,0.6495,-1.0,0.0,0.0,0.0,0.0,0.0,0.0,0.0,0.0,0.0,
1.96,run,4.27,1.83,-0.98,-0.48,1.73,0.0,0.0,0.0,0.111,1.41,-39.81,56.34,-11.07,-3.08,8.09,14.06,-58.27,55.28,15.21,2.29,-0.97,8.88,-50.27,47.37,15.56,10.63,-19.95,2.37,-38.23,55.17,-10.16,0.33,5.96,14.62,-64.23,62.62,15.4,4.46,-4.26,9.74,-53.91,53.55,15.57,10.9,-19.44,0.0676,-0.2406,-0.1157,-0.2902,0.4605,-0.6945,0.4177,-0.7133,0.1732,0.4401,0.5356,-0.8148,0.2782,-0.5256,0.0792,0.4448,0.6527,-0.9935,0.006,0.006,0.0,0.006,0.0,0.013,0.006,0.026,0.019,0.019,0.0,0.013,0.006,0.111,0.019,0.0,0.006,0.0,0.0291,-0.7133,0.9817,-0.1933,-0.0813,0.1503,0.247,-0.9956,0.9296,0.2654,0.0169,-0.0046,0.1534,-0.8606,0.8007,0.2777,0.1703,-0.3528,0.0939,0.0132,0.105,-0.0097,0.2607,-0.1419,0.039,-0.3145,0.3072,0.0199,0.1921,-0.2273,0.0708,-0.2542,0.3099,-0.0189,0.0325,-0.0102,0.2935,-0.1457,0.0148,0.0031,-0.0158,0.0587,-0.2551,-0.1076,-0.3026,0.4433,-0.6821,0.4132,-0.7012,0.1516,0.4441,0.5214,-0.8004,0.2652,-0.5073,0.0496,0.4434,0.6518,-0.9968,0.0,0.0,0.0,0.0,0.0,0.0,0.0,0.0,0.0,
2.0,run,4.2,1.85,0.4,0.16,-0.64,0.0,0.0,0.0,0.111,2.37,-39.29,55.99,-10.81,-1.93,7.21,14.24,-59.77,56.78,15.21,3.08,-2.2,9.32,-51.33,48.78,15.56,10.72,-19.86,2.73,-37.61,54.7,-9.72,1.31,4.97,14.88,-64.74,64.12,15.06,5.2,-5.42,10.1,-54.72,55.05,15.65,11.01,-19.05,0.0779,-0.2292,-0.1211,-0.2777,0.4784,-0.7063,0.4253,-0.7225,0.1931,0.4302,0.5491,-0.8285,0.2885,-0.5404,0.1038,0.447,0.6547,-0.9888,0.006,0.006,0.006,0.006,0.006,0.013,0.006,0.026,0.019,0.0,0.0,0.013,0.006,0.078,0.006,0.0,0.006,0.006,0.023,-0.7056,0.9802,-0.1887,-0.0629,0.1381,0.2485,-1.0201,0.9541,0.2654,0.0307,-0.0215,0.1565,-0.8805,0.8268,0.2777,0.1749,-0.3528,0.0428,0.038,0.0678,0.0104,0.2514,-0.1453,0.0331,-0.3121,0.3069,0.0139,0.1861,-0.2223,0.061,-0.2526,0.3146,-0.0132,0.04,-0.0071,0.2819,-0.146,-0.017,-0.0083,0.0302,0.0676,-0.2406,-0.1157,-0.2902,0.4605,-0.6945,0.4177,-0.7133,0.1732,0.4401,0.5356,-0.8148,0.2782,-0.5256,0.0792,0.4448,0.6527,-0.9935,0.0,0.0,0.0,0.0,0.0,0.0,0.0,0.0,0.0,
2.04,run,4.14,1.84,-0.21,-0.48,0.68,0.0,0.0,0.0,0.111,2.55,-38.58,55.37,-10.28,-0.88,6.33,14.41,-61.26,58.1,15.12,3.87,-3.25,9.84,-52.47,50.19,15.56,10.9,-19.51,3.0,-36.63,53.79,-9.22,2.17,3.89,15.01,-65.21,65.62,14.85,5.92,-6.51,10.56,-55.59,56.55,15.76,10.96,-18.63,0.0856,-0.2115,-0.1319,-0.2634,0.494,-0.719,0.4289,-0.7311,0.2136,0.4242,0.5622,-0.8412,0.3016,-0.5563,0.1323,0.4503,0.6539,-0.9839,0.006,0.006,0.006,0.006,0.006,0.013,0.006,0.026,0.019,0.0,0.0,0.013,0.006,0.078,0.006,0.0,0.006,0.006,0.0399,-0.6964,0.9741,-0.1841,-0.043,0.1227,0.2516,-1.0462,0.9802,0.2654,0.0445,-0.043,0.1641,-0.8989,0.8514,0.2777,0.1764,-0.3513,0.0933,0.0611,0.0244,0.0246,0.2509,-0.1593,0.0347,-0.3164,0.3128,0.0097,0.1822,-0.2363,0.0715,-0.246,0.3124,-0.0092,0.0337,0.0008,0.276,-0.1438,0.0069,0.0029,-0.0111,0.0779,-0.2292,-0.1211,-0.2777,0.4784,-0.7063,0.4253,-0.7225,0.1931,0.4302,0.5491,-0.8285,0.2885,-0.5404,0.1038,0.447,0.6547,-0.9888,0.0,0.0,0.0,0.0,0.0,0.0,0.0,0.0,0.0,
2.08,run,4.02,1.87,-0.62,-0.14,0.81,0.0,0.0,0.0,0.111,2.55,-37.97,54.93,-9.93,0.09,5.45,14.77,-62.49,59.5,14.85,4.66,-4.39,10.02,-53.44,51.59,15.56,10.9,-19.25,3.3,-35.79,52.87,-8.65,3.01,2.82,15.2,-65.53,67.12,14.43,6.61,-7.7,10.93,-56.24,58.05,15.92,11.01,-18.13,0.0942,-0.1963,-0.1427,-0.247,0.5092,-0.7315,0.4344,-0.7369,0.2308,0.4124,0.5748,-0.8553,0.3124,-0.5679,0.1567,0.4547,0.6547,-0.9781,0.006,0.006,0.006,0.006,0.006,0.013,0.006,0.026,0.019,0.0,0.0,0.013,0.006,0.078,0.006,0.0,0.006,0.006,0.043,-0.6842,0.9633,-0.1749,-0.0245,0.1074,0.2546,-1.0723,1.0032,0.2638,0.0583,-0.0614,0.1733,-0.9189,0.8759,0.2777,0.1795,-0.3451,0.0769,0.0891,-0.0234,0.0519,0.245,-0.1694,0.0358,-0.3198,0.3057,0.001,0.1796,-0.2348,0.0848,-0.2473,0.3112,-0.0065,0.0352,0.0237,0.2705,-0.1445,-0.0036,-0.0083,0.0119,0.0856,-0.2115,-0.1319,-0.2634,0.494,-0.719,0.4289,-0.7311,0.2136,0.4242,0.5622,-0.8412,0.3016,-0.5563,0.1323,0.4503,0.6539,-0.9839,0.0,0.0,0.0,0.0,0.0,0.0,0.0,0.0,0.0,
2.12,run,3.97,1.91,0.53,0.25,-0.52,0.0,0.0,0.0,0.111,3.34,-37.27,54.23,-9.84,1.14,4.39,14.85,-63.72,60.91,14.5,5.45,-5.54,10.63,-54.32,53.09,15.73,10.9,-18.81,3.58,-34.9,52.07,-8.12,3.84,1.71,15.4,-65.88,68.62,14.02,7.28,-8.7,11.34,-56.92,59.55,16.08,11.06,-17.75,0.1021,-0.18,-0.1522,-0.2321,0.5244,-0.7446,0.44,-0.7432,0.2482,0.4005,0.587,-0.867,0.324,-0.5804,0.1796,0.4594,0.6556,-0.9735,0.0,0.006,0.006,0.019,0.006,0.013,0.006,0.013,0.019,0.0,0.006,0.013,0.0,0.052,0.006,0.006,0.0,0.006,0.043,-0.6734,0.9557,-0.1687,-0.0077,0.092,0.2608,-1.0937,1.0278,0.2592,0.0721,-0.0813,0.1764,-0.9357,0.9004,0.2777,0.1795,-0.3405,0.0538,0.1023,-0.045,0.0592,0.2344,-0.1757,0.0479,-0.3039,0.3054,-0.0164,0.1771,-0.2386,0.0708,-0.236,0.3093,-0.0045,0.0246,0.0337,0.26,-0.1419,-0.0108,-0.0025,0.0142,0.0942,-0.1963,-0.1427,-0.247,0.5092,-0.7315,0.4344,-0.7369,0.2308,0.4124,0.5748,-0.8553,0.3124,-0.5679,0.1567,0.4547,0.6547,-0.9781,0.0,0.0,0.0,0.0,0.0,0.0,0.0,0.0,0.0,
2.16,run,3.87,1.9,-0.56,-0.37,-0.3,0.0,0.0,0.0,0.111,3.16,-36.3,53.44,-9.05,2.11,3.34,15.12,-64.69,62.4,14.15,6.33,-6.77,10.99,-55.28,54.58,16.0,10.99,-18.28,3.79,-33.79,50.91,-7.5,4.54,0.71,15.48,-66.1,70.12,13.63,7.92,-9.69,11.76,-57.52,61.05,16.25,11.03,-17.26,0.1084,-0.1598,-0.1658,-0.2143,0.5371,-0.7564,0.4423,-0.7472,0.2629,0.3895,0.5985,-0.8787,0.336,-0.5913,0.2043,0.4642,0.655,-0.9678,0.0,0.006,0.006,0.019,0.006,0.013,0.006,0.013,0.019,0.0,0.006,0.013,0.0,0.052,0.006,0.006,0.0,0.006,0.0568,-0.6611,0.9434,-0.1672,0.0107,0.0736,0.2623,-1.1152,1.0523,0.2531,0.0859,-0.1012,0.1871,-0.9511,0.9265,0.2807,0.1795,-0.3329,0.0895,0.1177,-0.0776,0.0472,0.2332,-0.1921,0.0393,-0.2933,0.306,-0.0345,0.1758,-0.2419,0.0899,-0.2228,0.3144,0.0084,0.0172,0.0524,0.2556,-0.139,0.0092,0.0043,-0.0091,0.1021,-0.18,-0.1522,-0.2321,0.5244,-0.7446,0.44,-0.7432,0.2482,0.4005,0.587,-0.867,0.324,-0.5804,0.1796,0.4594,0.6556,-0.9735,0.0,0.0,0.0,0.0,0.0,0.0,0.0,0.0,0.0,
2.2,run,3.83,1.91,0.31,0.36,-0.49,0.0,0.0,0.0,0.111,3.69,-35.6,52.65,-8.0,2.99,2.37,15.12,-65.39,63.9,13.8,6.94,-7.73,11.25,-55.99,55.99,16.0,10.99,-18.02,4.08,-32.66,49.66,-6.79,5.34,-0.54,15.65,-66.32,71.62,13.0,8.61,-10.79,12.16,-58.11,62.55,16.48,11.03,-16.69,0.1166,-0.1392,-0.1805,-0.194,0.5516,-0.771,0.4471,-0.7513,0.2794,0.3714,0.6111,-0.8916,0.3475,-0.602,0.2264,0.4708,0.655,-0.9611,0.0,0.006,0.006,0.019,0.006,0.013,0.006,0.013,0.019,0.0,0.006,0.013,0.0,0.052,0.006,0.006,0.0,0.006,0.0537,-0.6443,0.9296,-0.1534,0.0276,0.0552,0.2669,-1.1321,1.0784,0.247,0.1012,-0.1227,0.1933,-0.9679,0.9526,0.2853,0.181,-0.3237,0.0517,0.1429,-0.1038,0.0826,0.2237,-0.2005,0.044,-0.2659,0.3077,-0.0462,0.1781,-0.2464,0.0849,-0.2165,0.3136,0.0224,0.0176,0.0697,0.2471,-0.1398,-0.0098,-0.0065,-0.0053,0.1084,-0.1598,-0.1658,-0.2143,0.5371,-0.7564,0.4423,-0.7472,0.2629,0.3895,0.5985,-0.8787,0.336,-0.5913,0.2043,0.4642,0.655,-0.9678,0.0,0.0,0.0,0.0,0.0,0.0,0.0,0.0,0.0,
2.24,run,3.77,1.95,0.38,0.04,-0.05,0.0,0.0,0.0,0.111,4.04,-34.72,51.86,-7.91,3.87,1.32,15.38,-65.92,65.3,13.36,7.65,-8.88,11.69,-56.78,57.48,16.44,10.99,-17.58,4.27,-31.65,48.45,-6.15,6.08,-1.64,15.72,-66.42,73.12,12.49,9.12,-11.61,12.54,-58.61,64.05,16.66,11.04,-16.19,0.122,-0.121,-0.1947,-0.1757,0.5651,-0.784,0.4491,-0.7531,0.2927,0.3569,0.6204,-0.9013,0.3581,-0.6111,0.2459,0.4761,0.6552,-0.9552,0.0,0.006,0.013,0.019,0.006,0.013,0.0,0.006,0.026,0.013,0.0,0.006,0.0,0.026,0.006,0.006,0.0,0.006,0.0629,-0.632,0.9158,-0.135,0.043,0.0383,0.2669,-1.1443,1.1045,0.2408,0.112,-0.1396,0.1979,-0.9802,0.9771,0.2853,0.181,-0.3191,0.0701,0.1453,-0.1235,0.1256,0.2131,-0.2025,0.0308,-0.2313,0.3115,-0.0549,0.1642,-0.2346,0.0764,-0.1967,0.31,0.0156,0.0123,0.0657,0.2432,-0.1385,0.0055,0.0062,-0.0085,0.1166,-0.1392,-0.1805,-0.194,0.5516,-0.771,0.4471,-0.7513,0.2794,0.3714,0.6111,-0.8916,0.3475,-0.602,0.2264,0.4708,0.655,-0.9611,0.0,0.0,0.0,0.0,0.0,0.0,0.0,0.0,0.0,
2.28,run,3.67,1.99,-0.72,-0.38,1.53,0.0,0.0,0.0,0.111,3.87,-33.75,50.8,-7.73,4.66,0.26,15.47,-66.27,66.71,12.92,8.35,-9.93,12.22,-57.57,58.89,16.52,10.99,-16.96,4.47,-30.42,47.07,-5.43,6.67,-2.63,15.8,-66.42,74.62,11.92,9.73,-12.39,12.87,-58.92,65.55,16.87,11.02,-15.6,0.1277,-0.0985,-0.2109,-0.1551,0.5758,-0.7957,0.4515,-0.7531,0.3029,0.3405,0.6315,-0.9105,0.3677,-0.6168,0.2658,0.4819,0.655,-0.9482,0.0,0.006,0.013,0.019,0.006,0.013,0.0,0.006,0.026,0.013,0.0,0.006,0.0,0.026,0.006,0.006,0.0,0.006,0.069,-0.6167,0.902,-0.1335,0.0583,0.0199,0.2715,-1.1536,1.129,0.2332,0.1243,-0.1595,0.2056,-0.994,1.0032,0.293,0.181,-0.3114,0.0721,0.1594,-0.1384,0.0937,0.2069,-0.211,0.0389,-0.1965,0.3103,-0.0673,0.1611,-0.2392,0.0823,-0.1896,0.315,0.0398,0.0086,0.0749,0.2379,-0.1349,0.0067,0.0007,-0.0009,0.122,-0.121,-0.1947,-0.1757,0.5651,-0.784,0.4491,-0.7531,0.2927,0.3569,0.6204,-0.9013,0.3581,-0.6111,0.2459,0.4761,0.6552,-0.9552,0.0,0.0,0.0,0.0,0.0,0.0,0.0,0.0,0.0,
2.32,run,3.6,2.0,0.13,0.13,-1.47,0.0,0.0,0.0,0.111,4.39,-32.78,49.83,-6.59,5.45,-0.79,15.47,-66.27,68.12,12.3,8.88,-10.9,12.57,-58.01,60.29,16.7,10.99,-16.44,4.67,-29.31,45.97,-4.74,7.27,-3.5,15.92,-66.35,76.12,11.26,10.24,-13.07,13.15,-59.2,67.05,17.06,11.08,-14.94,0.1334,-0.0784,-0.2239,-0.1353,0.5868,-0.8058,0.4548,-0.7518,0.3127,0.3216,0.6407,-0.9185,0.3757,-0.6218,0.2819,0.4873,0.656,-0.9405,0.0,0.006,0.013,0.019,0.006,0.013,0.0,0.006,0.026,0.013,0.0,0.006,0.0,0.026,0.006,0.006,0.0,0.006,0.066,-0.5998,0.8836,-0.1304,0.0721,0.0015,0.273,-1.1597,1.1536,0.2255,0.1365,-0.1779,0.2148,-1.0078,1.0278,0.2945,0.181,-0.3007,0.039,0.1748,-0.1659,0.0771,0.1966,-0.2167,0.033,-0.1606,0.3093,-0.0759,0.1588,-0.2365,0.0921,-0.1845,0.3126,0.0336,0.006,0.0927,0.2291,-0.1322,-0.0126,-0.0066,0.0267,0.1277,-0.0985,-0.2109,-0.1551,0.5758,-0.7957,0.4515,-0.7531,0.3029,0.3405,0.6315,-0.9105,0.3677,-0.6168,0.2658,0.4819,0.655,-0.9482,0.0,0.0,0.0,0.0,0.0,0.0,0.0,0.0,0.0,
2.36,run,3.55,2.0,0.1,-0.11,-0.93,0.0,0.0,0.0,0.111,4.66,-31.73,48.69,-5.62,6.15,-1.85,15.56,-66.18,69.52,11.78,9.58,-11.78,12.92,-58.54,61.7,16.96,10.99,-15.82,4.83,-28.04,44.47,-4.0,7.85,-4.64,15.89,-66.39,77.62,10.63,10.67,-13.71,13.52,-59.66,68.55,17.3,11.04,-14.36,0.1379,-0.0553,-0.2415,-0.1142,0.5973,-0.8193,0.454,-0.7525,0.3246,0.3037,0.6486,-0.9259,0.3862,-0.6302,0.2979,0.4943,0.6553,-0.9337,0.006,0.006,0.013,0.006,0.0,0.013,0.0,0.006,0.019,0.006,0.0,0.006,0.006,0.026,0.013,0.006,0.0,0.013,0.0752,-0.5829,0.8667,-0.1104,0.0859,-0.0169,0.273,-1.1597,1.1781,0.2148,0.1457,-0.1948,0.2209,-1.0155,1.0523,0.2976,0.181,-0.2915,0.0618,0.1857,-0.1794,0.1287,0.1894,-0.2207,0.0231,-0.1124,0.3085,-0.0934,0.1457,-0.2288,0.0875,-0.1579,0.3108,0.035,0.0042,0.0994,0.2235,-0.131,0.0023,0.0023,-0.0257,0.1334,-0.0784,-0.2239,-0.1353,0.5868,-0.8058,0.4548,-0.7518,0.3127,0.3216,0.6407,-0.9185,0.3757,-0.6218,0.2819,0.4873,0.656,-0.9405,0.0,0.0,0.0,0.0,0.0,0.0,0.0,0.0,0.0,
2.4,run,3.45,2.03,-0.27,-0.06,0.32,0.0,0.0,0.0,0.111,4.57,-30.59,47.46,-5.36,6.86,-2.99,15.64,-66.18,70.93,11.16,10.11,-12.66,13.27,-58.97,63.11,17.14,10.99,-15.29,4.98,-26.78,42.97,-3.17,8.43,-5.65,15.89,-66.15,79.12,9.87,11.15,-14.4,13.8,-59.78,70.05,17.5,11.02,-13.57,0.1423,-0.0325,-0.2612,-0.0907,0.6079,-0.8311,0.4539,-0.7482,0.333,0.2821,0.6574,-0.9341,0.3942,-0.6323,0.3129,0.5,0.6548,-0.9244,0.006,0.006,0.013,0.006,0.0,0.013,0.0,0.006,0.019,0.006,0.0,0.006,0.006,0.026,0.013,0.006,0.0,0.013,0.0798,-0.5645,0.8468,-0.0936,0.0982,-0.0353,0.2746,-1.1582,1.2026,0.2056,0.158,-0.2102,0.227,-1.0247,1.0769,0.3022,0.181,-0.2807,0.0605,0.199,-0.2004,0.1534,0.1786,-0.2235,0.0219,-0.0729,0.308,-0.0999,0.148,-0.2177,0.0843,-0.1451,0.3096,0.0418,0.003,0.1098,0.2194,-0.1311,0.0017,-0.0019,-0.0162,0.1379,-0.0553,-0.2415,-0.1142,0.5973,-0.8193,0.454,-0.7525,0.3246,0.3037,0.6486,-0.9259,0.3862,-0.6302,0.2979,0.4943,0.6553,-0.9337,0.0,0.0,0.0,0.0,0.0,0.0,0.0,0.0,0.0,
2.44,run,3.43,2.09,0.97,0.71,-0.13,0.0,0.0,0.0,0.111,4.92,-29.53,46.32,-4.83,7.47,-3.96,15.64,-66.09,72.33,10.55,10.55,-13.36,13.54,-59.33,64.51,17.4,10.99,-14.68,5.13,-25.54,41.47,-2.42,8.95,-6.49,15.95,-65.84,80.62,9.15,11.6,-14.89,14.05,-59.85,71.55,17.64,11.05,-12.81,0.1467,-0.0099,-0.2779,-0.0691,0.6172,-0.841,0.4557,-0.7426,0.3401,0.2614,0.6654,-0.9398,0.4015,-0.6337,0.326,0.5041,0.6554,-0.9154,0.006,0.006,0.013,0.006,0.0,0.013,0.0,0.006,0.019,0.006,0.0,0.006,0.006,0.026,0.013,0.006,0.0,0.013,0.0782,-0.5446,0.8253,-0.089,0.1104,-0.0552,0.2761,-1.1582,1.2272,0.1948,0.1672,-0.2255,0.2332,-1.0324,1.1014,0.3053,0.181,-0.2715,0.0366,0.2141,-0.2208,0.1246,0.171,-0.2312,0.0211,-0.0511,0.3076,-0.1102,0.1381,-0.2099,0.082,-0.1303,0.3088,0.0407,0.0021,0.1114,0.2103,-0.1287,-0.0048,-0.0011,0.0055,0.1423,-0.0325,-0.2612,-0.0907,0.6079,-0.8311,0.4539,-0.7482,0.333,0.2821,0.6574,-0.9341,0.3942,-0.6323,0.3129,0.5,0.6548,-0.9244,0.0,0.0,0.0,0.0,0.0,0.0,0.0,0.0,0.0,
2.48,run,3.33,2.08,-0.66,-0.61,-0.33,0.0,0.0,0.0,0.111,4.92,-28.3,45.0,-3.52,8.09,-4.92,15.64,-65.92,73.74,9.84,11.07,-14.15,13.89,-59.41,66.01,17.49,10.99,-13.97,5.23,-24.29,39.97,-1.66,9.42,-7.42,15.9,-65.54,82.12,8.49,11.97,-15.32,14.3,-59.91,73.05,17.8,11.07,-12.12,0.1493,0.013,-0.2971,-0.0474,0.6258,-0.852,0.4542,-0.7371,0.3453,0.2425,0.6722,-0.9449,0.4086,-0.6348,0.3372,0.5086,0.6557,-0.9073,0.0,0.006,0.013,0.006,0.006,0.013,0.006,0.0,0.019,0.006,0.006,0.013,0.013,0.026,0.013,0.0,0.0,0.006,0.0844,-0.5262,0.8053,-0.0798,0.1212,-0.0721,0.2761,-1.1566,1.2517,0.1841,0.1749,-0.2378,0.2378,-1.0385,1.1259,0.3099,0.181,-0.2608,0.0486,0.2189,-0.2293,0.1217,0.16,-0.2251,0.0148,-0.03,0.3074,-0.1174,0.1254,-0.1929,0.0746,-0.1142,0.3082,0.0458,0.0014,0.1182,0.2083,-0.1229,0.0169,0.0125,-0.0024,0.1467,-0.0099,-0.2779,-0.0691,0.6172,-0.841,0.4557,-0.7426,0.3401,0.2614,0.6654,-0.9398,0.4015,-0.6337,0.326,0.5041,0.6554,-0.9154,0.0,0.0,0.0,0.0,0.0,0.0,0.0,0.0,0.0,
2.52,run,3.28,2.13,0.82,0.58,-0.07,0.0,0.0,0.0,0.111,5.19,-27.16,43.68,-2.9,8.7,-5.89,15.64,-65.74,75.23,9.23,11.6,-14.77,14.06,-59.41,67.5,17.75,10.99,-13.27,5.38,-22.97,38.47,-0.85,9.91,-8.38,15.87,-65.15,83.62,7.68,12.36,-15.89,14.56,-59.92,74.55,17.98,10.99,-11.15,0.1538,0.0369,-0.3175,-0.0242,0.6347,-0.8632,0.4535,-0.73,0.3544,0.2196,0.6793,-0.9516,0.4161,-0.6349,0.3494,0.5138,0.6543,-0.8959,0.0,0.006,0.013,0.006,0.006,0.013,0.006,0.0,0.019,0.006,0.006,0.013,0.013,0.026,0.013,0.0,0.0,0.006,0.0844,-0.5047,0.7823,-0.0568,0.1319,-0.089,0.2761,-1.1536,1.2763,0.1718,0.1841,-0.2516,0.2439,-1.04,1.152,0.3114,0.181,-0.2485,0.034,0.2338,-0.2468,0.1715,0.1523,-0.2209,0.0103,-0.0095,0.3072,-0.1282,0.1223,-0.1868,0.0753,-0.0857,0.3135,0.0378,0.001,0.1288,0.1997,-0.1237,-0.0114,-0.0107,-0.0057,0.1493,0.013,-0.2971,-0.0474,0.6258,-0.852,0.4542,-0.7371,0.3453,0.2425,0.6722,-0.9449,0.4086,-0.6348,0.3372,0.5086,0.6557,-0.9073,0.0,0.0,0.0,0.0,0.0,0.0,0.0,0.0,0.0,
2.56,run,3.21,2.14,0.1,0.03,1.37,0.0,0.0,0.0,0.111,5.19,-25.93,42.28,-2.72,9.23,-6.86,15.64,-65.39,76.55,8.61,11.95,-15.29,14.41,-59.41,68.82,17.75,10.99,-12.66,5.47,-21.59,36.97,-0.01,10.43,-9.27,15.78,-64.66,85.12,6.91,12.75,-16.3,14.79,-59.86,76.05,18.1,10.98,-10.34,0.1564,0.062,-0.3396,-0.0002,0.6441,-0.8737,0.4508,-0.721,0.358,0.1975,0.6864,-0.9565,0.4225,-0.6338,0.3597,0.5171,0.6542,-0.8864,0.0,0.006,0.013,0.006,0.006,0.013,0.006,0.0,0.019,0.006,0.006,0.013,0.013,0.026,0.013,0.0,0.0,0.006,0.089,-0.4847,0.7593,-0.046,0.1427,-0.1058,0.2761,-1.1505,1.3023,0.1611,0.1933,-0.2623,0.247,-1.04,1.1781,0.316,0.181,-0.2362,0.0411,0.2386,-0.2592,0.1604,0.1469,-0.218,0.0072,0.0049,0.313,-0.1301,0.1202,-0.1711,0.0642,-0.06,0.3175,0.0438,0.0007,0.1363,0.1956,-0.1194,0.0143,0.0101,-0.0012,0.1538,0.0369,-0.3175,-0.0242,0.6347,-0.8632,0.4535,-0.73,0.3544,0.2196,0.6793,-0.9516,0.4161,-0.6349,0.3494,0.5138,0.6543,-0.8959,0.0,0.0,0.0,0.0,0.0,0.0,0.0,0.0,0.0,
2.6,run,3.13,2.11,-0.84,-0.85,-2.13,0.0,0.0,0.0,0.111,5.45,-24.7,40.96,-1.49,9.76,-7.82,15.64,-65.04,77.96,7.82,12.39,-15.82,14.68,-59.41,70.31,18.11,10.99,-11.87,5.6,-20.33,35.47,0.76,10.74,-9.79,15.75,-64.03,86.62,6.2,13.06,-16.6,14.95,-59.66,77.55,18.18,10.95,-9.41,0.1601,0.085,-0.3585,0.0216,0.6498,-0.8799,0.4501,-0.7096,0.3615,0.1771,0.692,-0.96,0.4273,-0.6301,0.368,0.5194,0.6537,-0.8754,0.0,0.006,0.006,0.0,0.0,0.006,0.0,0.0,0.019,0.013,0.0,0.013,0.006,0.006,0.006,0.0,0.0,0.006,0.089,-0.4633,0.7348,-0.043,0.1519,-0.1227,0.2761,-1.1443,1.3254,0.1503,0.1994,-0.2715,0.2531,-1.04,1.2011,0.316,0.181,-0.2255,0.0288,0.2474,-0.2733,0.1238,0.1373,-0.2158,0.0051,0.0264,0.3052,-0.1312,0.1071,-0.1542,0.0679,-0.042,0.3083,0.0306,0.0005,0.1356,0.1891,-0.1184,0.0017,0.0005,0.0239,0.1564,0.062,-0.3396,-0.0002,0.6441,-0.8737,0.4508,-0.721,0.358,0.1975,0.6864,-0.9565,0.4225,-0.6338,0.3597,0.5171,0.6542,-0.8864,0.0,0.0,0.0,0.0,0.0,0.0,0.0,0.0,0.0,
2.64,run,3.07,2.15,0.24,0.18,0.53,0.0,0.0,0.0,0.111,5.45,-23.47,39.55,-0.62,10.28,-8.7,15.64,-64.42,79.37,7.03,12.74,-16.35,14.77,-59.41,71.72,18.11,10.99,-10.99,5.74,-18.91,33.97,1.52,11.09,-10.6,15.62,-63.61,88.12,5.51,13.4,-17.04,15.19,-59.67,79.05,18.36,10.84,-8.49,0.1639,0.1107,-0.3796,0.0433,0.6563,-0.8895,0.4464,-0.702,0.3694,0.1574,0.6982,-0.9652,0.4339,-0.6304,0.3772,0.5245,0.6516,-0.8645,0.0,0.006,0.006,0.0,0.0,0.006,0.0,0.0,0.019,0.013,0.0,0.013,0.006,0.006,0.006,0.0,0.0,0.006,0.0936,-0.4418,0.7118,-0.0215,0.1611,-0.1396,0.2761,-1.1382,1.3499,0.1365,0.2071,-0.2807,0.2577,-1.04,1.2272,0.3221,0.181,-0.2117,0.0374,0.2538,-0.2777,0.1673,0.1307,-0.2144,0.0035,0.0415,0.3058,-0.1437,0.1038,-0.1425,0.0648,-0.0294,0.3137,0.0445,0.0003,0.1467,0.1821,-0.1215,-0.0146,-0.0148,-0.0371,0.1601,0.085,-0.3585,0.0216,0.6498,-0.8799,0.4501,-0.7096,0.3615,0.1771,0.692,-0.96,0.4273,-0.6301,0.368,0.5194,0.6537,-0.8754,0.0,0.0,0.0,0.0,0.0,0.0,0.0,0.0,0.0,
2.68,run,3.0,2.18,0.18,0.45,0.81,0.0,0.0,0.0,0.111,5.71,-22.24,38.14,-0.26,10.63,-9.49,15.64,-63.98,80.77,6.33,13.1,-16.61,14.77,-59.41,73.12,18.11,10.99,-10.2,5.84,-17.45,32.47,2.36,11.65,-11.19,15.45,-62.8,89.62,4.71,13.78,-17.31,15.27,-59.33,80.55,18.4,10.84,-7.4,0.1669,0.1373,-0.4028,0.0673,0.6664,-0.8963,0.4414,-0.6872,0.3708,0.1346,0.7051,-0.9683,0.4363,-0.6242,0.3839,0.5258,0.6516,-0.8518,0.0,0.006,0.006,0.0,0.0,0.006,0.0,0.0,0.019,0.013,0.0,0.013,0.006,0.006,0.006,0.0,0.0,0.006,0.0936,-0.4203,0.6872,-0.0061,0.1703,-0.1549,0.2761,-1.1275,1.3744,0.1227,0.2132,-0.2899,0.2592,-1.04,1.2517,0.3221,0.181,-0.1963,0.0262,0.258,-0.2863,0.1745,0.1259,-0.2075,0.0025,0.0692,0.3059,-0.1523,0.0956,-0.1342,0.0511,-0.0206,0.3115,0.0311,0.0002,0.1601,0.1767,-0.1178,0.0041,0.0031,0.0092,0.1639,0.1107,-0.3796,0.0433,0.6563,-0.8895,0.4464,-0.702,0.3694,0.1574,0.6982,-0.9652,0.4339,-0.6304,0.3772,0.5245,0.6516,-0.8645,0.0,0.0,0.0,0.0,0.0,0.0,0.0,0.0,0.0,
2.72,run,2.93,2.15,-0.11,-0.31,-1.9,0.0,0.0,0.0,0.111,5.89,-20.92,36.74,0.97,11.07,-10.28,15.64,-63.46,82.18,5.62,13.36,-17.14,15.21,-59.24,74.53,18.37,10.99,-9.32,5.95,-16.1,30.97,3.09,11.95,-11.61,15.32,-61.97,91.12,4.09,14.03,-17.56,15.37,-58.98,82.05,18.44,10.71,-6.37,0.1699,0.1617,-0.424,0.0883,0.6719,-0.9013,0.4376,-0.6722,0.3736,0.1169,0.7096,-0.9713,0.439,-0.6178,0.3902,0.5269,0.6493,-0.8397,0.0,0.006,0.013,0.0,0.0,0.006,0.006,0.0,0.026,0.006,0.0,0.006,0.006,0.0,0.013,0.0,0.006,0.013,0.0982,-0.3988,0.6627,0.0,0.1764,-0.1687,0.2761,-1.1198,1.399,0.1104,0.2194,-0.2945,0.2592,-1.04,1.2763,0.3221,0.181,-0.1825,0.0358,0.2623,-0.2937,0.1455,0.1115,-0.1977,0.0017,0.0776,0.3075,-0.1532,0.0903,-0.1114,0.0358,-0.0144,0.3114,0.0218,0.0002,0.1646,0.171,-0.1152,0.0031,0.0078,0.0142,0.1669,0.1373,-0.4028,0.0673,0.6664,-0.8963,0.4414,-0.6872,0.3708,0.1346,0.7051,-0.9683,0.4363,-0.6242,0.3839,0.5258,0.6516,-0.8518,0.0,0.0,0.0,0.0,0.0,0.0,0.0,0.0,0.0,
2.76,run,2.82,2.17,-0.72,-0.14,0.83,0.0,0.0,0.0,0.111,5.8,-19.51,35.33,1.49,11.51,-10.99,15.64,-62.67,83.58,4.83,13.8,-17.49,15.21,-58.97,76.03,18.28,10.99,-8.35,6.08,-14.61,29.47,3.85,12.32,-12.29,15.12,-61.39,92.62,3.43,14.36,-17.93,15.54,-58.95,83.55,18.57,10.63,-5.44,0.1738,0.1889,-0.4457,0.1099,0.6786,-0.9093,0.4319,-0.6617,0.378,0.0979,0.7157,-0.9757,0.4439,-0.6173,0.3962,0.5307,0.6479,-0.8287,0.0,0.006,0.013,0.0,0.0,0.006,0.006,0.0,0.026,0.006,0.0,0.006,0.006,0.0,0.013,0.0,0.006,0.013,0.1012,-0.3758,0.6381,0.0215,0.1841,-0.1825,0.2761,-1.1106,1.4235,0.0982,0.224,-0.3037,0.2669,-1.037,1.3008,0.3267,0.181,-0.1672,0.0365,0.269,-0.2967,0.1815,0.1065,-0.1897,0.0012,0.0885,0.3063,-0.1528,0.0803,-0.1122,0.0535,0.0013,0.309,0.0323,0.0001,0.1721,0.165,-0.1177,-0.002,-0.0054,-0.0331,0.1699,0.1617,-0.424,0.0883,0.6719,-0.9013,0.4376,-0.6722,0.3736,0.1169,0.7096,-0.9713,0.439,-0.6178,0.3902,0.5269,0.6493,-0.8397,0.0,0.0,0.0,0.0,0.0,0.0,0.0,0.0,0.0,
2.8,run,2.76,2.18,-0.22,-0.19,-0.99,0.0,0.0,0.0,0.111,6.06,-18.19,33.93,2.29,11.87,-11.6,15.64,-62.05,84.99,4.22,14.06,-17.49,15.29,-58.89,77.43,18.37,10.99,-7.47,6.23,-13.11,27.97,4.65,12.77,-12.49,14.9,-60.29,94.12,2.72,14.67,-18.09,15.55,-58.46,85.05,18.53,10.45,-4.09,0.178,0.2168,-0.4696,0.1328,0.6868,-0.9117,0.4258,-0.6416,0.3806,0.0776,0.7212,-0.9775,0.4444,-0.6083,0.4026,0.5295,0.6445,-0.8128,0.0,0.006,0.013,0.0,0.0,0.006,0.006,0.0,0.026,0.006,0.0,0.006,0.006,0.0,0.013,0.0,0.006,0.013,0.0997,-0.3513,0.6136,0.0307,0.1917,-0.1948,0.2761,-1.0968,1.4481,0.0844,0.2316,-0.3099,0.2669,-1.0324,1.3269,0.3252,0.181,-0.1503,0.0197,0.2809,-0.3003,0.1618,0.1035,-0.1791,0.0009,0.1141,0.3071,-0.1591,0.0851,-0.1017,0.0375,0.0183,0.3148,0.0168,0.0001,0.1842,0.1549,-0.1161,-0.0125,-0.0025,0.0144,0.1738,0.1889,-0.4457,0.1099,0.6786,-0.9093,0.4319,-0.6617,0.378,0.0979,0.7157,-0.9757,0.4439,-0.6173,0.3962,0.5307,0.6479,-0.8288,0.0,0.0,0.0,0.0,0.0,0.0,0.0,0.0,0.0,
2.84,run,2.71,2.23,0.39,0.29,-0.64,0.0,0.0,0.0,0.111,6.06,-16.88,32.52,3.16,12.3,-12.13,15.21,-61.26,86.48,3.52,14.41,-17.93,15.29,-58.8,78.84,18.54,10.81,-6.42,6.33,-11.66,26.47,5.36,13.06,-12.91,14.65,-59.44,95.62,2.17,14.88,-18.35,15.63,-58.21,86.55,18.57,10.27,-3.13,0.1809,0.2426,-0.4917,0.1532,0.6919,-0.9166,0.4185,-0.6262,0.3826,0.062,0.7251,-0.9805,0.4465,-0.6038,0.4066,0.5307,0.6413,-0.8015,0.013,0.006,0.013,0.013,0.006,0.0,0.0,0.0,0.019,0.006,0.0,0.0,0.019,0.0,0.013,0.0,0.013,0.013,0.1043,-0.3283,0.589,0.0445,0.1979,-0.2056,0.2761,-1.0861,1.4726,0.0736,0.2362,-0.3099,0.2684,-1.0308,1.3514,0.3267,0.181,-0.135,0.0309,0.2823,-0.3015,0.1646,0.0953,-0.1653,0.0006,0.1198,0.3063,-0.1513,0.0767,-0.0712,0.0319,0.0185,0.3116,0.0175,0.0001,0.186,0.1504,-0.1149,-0.0039,-0.0034,-0.0173,0.178,0.2168,-0.4696,0.1328,0.6868,-0.9117,0.4258,-0.6416,0.3806,0.0776,0.7212,-0.9775,0.4444,-0.6083,0.4026,0.5295,0.6445,-0.8128,0.0,0.0,0.0,0.0,0.0,0.0,0.0,0.0,0.0,
2.88,run,2.64,2.24,-0.37,-0.03,1.08,0.0,0.0,0.0,0.111,6.24,-15.47,31.03,3.96,12.66,-12.66,14.94,-60.47,87.89,2.64,14.68,-18.19,15.29,-58.18,80.33,18.46,10.63,-5.36,6.43,-10.2,24.97,6.07,13.46,-13.27,14.36,-58.54,97.12,1.62,15.09,-18.5,15.66,-57.94,88.05,18.57,10.13,-2.07,0.1838,0.2691,-0.5143,0.1734,0.6993,-0.9208,0.4104,-0.6099,0.3838,0.0464,0.7289,-0.9824,0.4473,-0.5989,0.4099,0.5306,0.6387,-0.789,0.013,0.006,0.013,0.013,0.006,0.0,0.0,0.0,0.019,0.006,0.0,0.0,0.019,0.0,0.013,0.0,0.013,0.013,0.1043,-0.3053,0.5645,0.0598,0.2056,-0.2148,0.2684,-1.0723,1.4987,0.0614,0.2424,-0.3175,0.2684,-1.0293,1.376,0.3298,0.1779,-0.1166,0.0217,0.2838,-0.303,0.1727,0.0954,-0.1502,-0.0283,0.1356,0.312,-0.1519,0.0767,-0.0785,0.0223,0.0187,0.3101,0.0237,-0.0114,0.1991,0.1453,-0.1112,0.0068,0.0051,-0.0111,0.1809,0.2426,-0.4917,0.1532,0.6919,-0.9166,0.4185,-0.6262,0.3826,0.062,0.7251,-0.9805,0.4465,-0.6038,0.4066,0.5307,0.6413,-0.8015,0.0,0.0,0.0,0.0,0.0,0.0,0.0,0.0,0.0,
2.92,run,2.59,2.24,-0.3,-0.45,-0.97,0.0,0.0,0.0,0.111,6.24,-14.15,29.53,4.66,12.92,-12.92,14.85,-59.68,89.38,2.2,14.85,-18.19,15.47,-58.18,81.74,18.46,10.63,-4.39,6.55,-8.72,23.47,6.79,13.8,-13.36,14.1,-57.35,97.76,1.09,15.29,-18.61,15.68,-57.42,89.55,18.53,9.86,-0.76,0.1871,0.296,-0.5387,0.1941,0.7055,-0.9219,0.4028,-0.5883,0.3854,0.031,0.7325,-0.9837,0.448,-0.5895,0.4146,0.5294,0.6338,-0.7736,0.013,0.006,0.013,0.013,0.006,0.0,0.0,0.0,0.019,0.006,0.0,0.0,0.019,0.0,0.013,0.0,0.013,0.013,0.1074,-0.2807,0.5384,0.0736,0.2117,-0.224,0.2638,-1.0584,1.5232,0.046,0.247,-0.3221,0.2684,-1.0186,1.4021,0.3283,0.1749,-0.0982,0.0261,0.286,-0.3049,0.17,0.0886,-0.1379,-0.0362,0.144,0.3058,-0.1609,0.0701,-0.0714,0.0156,0.0513,0.3099,0.0112,-0.0189,0.2049,0.1396,-0.11,-0.0065,-0.0006,0.0188,0.1838,0.2691,-0.5143,0.1734,0.6993,-0.9208,0.4104,-0.6099,0.3838,0.0464,0.7289,-0.9824,0.4473,-0.5989,0.4099,0.5306,0.6387,-0.789,0.0,0.0,0.0,0.0,0.0,0.0,0.0,0.0,0.0,
2.96,run,2.52,2.26,-0.08,0.07,0.15,0.0,0.0,0.0,0.111,6.59,-12.74,28.12,5.36,13.36,-13.27,14.41,-58.8,90.79,1.58,15.12,-18.54,15.56,-57.66,83.23,18.46,10.37,-3.34,6.65,-7.41,21.97,7.41,13.95,-13.57,13.82,-56.5,97.78,0.65,15.39,-18.7,15.7,-57.26,91.05,18.51,9.6,0.08,0.19,0.3197,-0.558,0.2118,0.7082,-0.9243,0.3949,-0.5727,0.3857,0.0186,0.7344,-0.9848,0.4486,-0.5866,0.4162,0.5289,0.6291,-0.7638,0.0,0.006,0.013,0.013,0.006,0.006,0.006,0.006,0.026,0.006,0.0,0.006,0.0,0.006,0.006,0.0,0.013,0.006,0.1074,-0.2577,0.5123,0.0859,0.2163,-0.2286,0.2623,-1.0446,1.5493,0.0383,0.25,-0.3221,0.2715,-1.0186,1.4266,0.3283,0.1749,-0.0813,0.0183,0.2857,-0.3103,0.1646,0.0791,-0.1136,-0.031,0.1521,0.3109,-0.1411,0.0604,-0.05,0.0223,0.0359,0.3081,0.0078,-0.0133,0.2061,0.1348,-0.1101,-0.0053,-0.0079,-0.017,0.1871,0.296,-0.5387,0.1941,0.7055,-0.9219,0.4028,-0.5883,0.3854,0.031,0.7325,-0.9837,0.448,-0.5895,0.4146,0.5294,0.6338,-0.7736,0.0,0.0,0.0,0.0,0.0,0.0,0.0,0.0,0.0,
3.0,run,2.5,2.29,0.5,0.23,-0.4,0.0,0.0,0.0,0.111,6.68,-11.34,26.81,6.15,13.71,-13.45,14.06,-57.92,92.2,0.97,15.29,-18.63,15.64,-57.39,84.73,18.46,10.2,-2.29,6.72,-6.11,20.47,8.02,14.21,-13.62,13.5,-55.43,97.76,0.28,15.45,-18.71,15.69,-56.87,92.55,18.43,9.24,1.1,0.1919,0.3435,-0.5798,0.2293,0.7129,-0.9249,0.3856,-0.5533,0.3854,0.008,0.7355,-0.9848,0.4484,-0.5794,0.4193,0.5266,0.6225,-0.7517,0.0,0.006,0.013,0.013,0.006,0.006,0.006,0.006,0.026,0.006,0.0,0.006,0.0,0.006,0.006,0.0,0.013,0.006,0.1135,-0.2332,0.4878,0.0982,0.224,-0.2347,0.2546,-1.0293,1.5739,0.0276,0.2546,-0.3283,0.273,-1.0094,1.4527,0.3283,0.1703,-0.0629,0.0358,0.2919,-0.3092,0.1612,0.0841,-0.1025,-0.0505,0.1639,0.3096,-0.139,0.0595,-0.058,0.0214,0.0596,0.3133,0.0055,-0.0265,0.2132,0.1291,-0.1079,-0.0013,0.0011,0.0026,0.19,0.3197,-0.558,0.2118,0.7082,-0.9243,0.3949,-0.5727,0.3857,0.0186,0.7344,-0.9848,0.4486,-0.5866,0.4162,0.5289,0.6291,-0.7638,0.0,0.0,0.0,0.0,0.0,0.0,0.0,0.0,0.0,
3.04,run,2.42,2.29,-0.73,-0.29,0.95,0.0,0.0,0.0,0.111,6.42,-9.93,25.31,6.77,13.97,-13.45,13.89,-56.95,93.52,0.53,15.38,-18.54,15.56,-57.3,86.04,18.46,9.93,-1.23,6.76,-4.94,18.97,8.58,14.33,-13.65,13.17,-54.5,97.59,-0.04,15.43,-18.68,15.68,-56.62,94.05,18.36,8.91,1.85,0.1932,0.3648,-0.5995,0.2453,0.715,-0.9252,0.3763,-0.5363,0.3834,-0.0013,0.7351,-0.9844,0.4481,-0.5748,0.4194,0.5245,0.6166,-0.7429,0.0,0.006,0.013,0.013,0.006,0.006,0.006,0.006,0.026,0.006,0.0,0.006,0.0,0.006,0.006,0.0,0.013,0.006,0.115,-0.2086,0.4648,0.112,0.2301,-0.2378,0.2485,-1.014,1.5984,0.0169,0.2577,-0.3298,0.2746,-1.0048,1.4788,0.3283,0.1672,-0.0445,0.0308,0.2965,-0.3028,0.1647,0.0819,-0.0833,-0.0584,0.1723,0.3089,-0.1376,0.0532,-0.0463,0.0207,0.059,0.3172,0.0038,-0.0301,0.2184,0.1273,-0.106,0.0087,0.0039,-0.007,0.1919,0.3435,-0.5798,0.2293,0.7129,-0.9249,0.3856,-0.5533,0.3854,0.008,0.7355,-0.9848,0.4484,-0.5794,0.4193,0.5266,0.6225,-0.7517,0.0,0.0,0.0,0.0,0.0,0.0,0.0,0.0,0.0,
3.08,run,2.4,2.31,0.57,0.27,-0.56,0.0,0.0,0.0,0.111,6.86,-8.53,23.91,7.38,14.15,-13.54,13.54,-55.99,94.83,0.09,15.38,-18.46,15.56,-56.78,87.45,18.46,9.67,-0.18,6.81,-3.9,17.47,9.1,14.37,-13.52,12.92,-53.45,97.44,-0.37,15.4,-18.44,15.64,-56.21,95.55,18.2,8.5,2.73,0.1945,0.3837,-0.6168,0.2599,0.7158,-0.9237,0.369,-0.5172,0.3816,-0.0107,0.7346,-0.9816,0.4468,-0.5674,0.419,0.5199,0.609,-0.7326,0.0,0.013,0.019,0.006,0.0,0.0,0.006,0.006,0.019,0.006,0.0,0.006,0.0,0.006,0.006,0.013,0.013,0.013,0.1104,-0.1841,0.4387,0.1227,0.2347,-0.2378,0.2454,-0.9971,1.6214,0.0092,0.2592,-0.3283,0.273,-1.0032,1.5018,0.3283,0.1626,-0.0261,0.0043,0.2995,-0.3097,0.1555,0.0746,-0.0583,-0.0523,0.1839,0.3024,-0.1251,0.043,-0.0267,0.0088,0.0471,0.3083,0.0027,-0.0383,0.2219,0.1204,-0.1061,-0.0128,-0.005,0.0166,0.1932,0.3648,-0.5995,0.2453,0.715,-0.9252,0.3763,-0.5363,0.3834,-0.0013,0.7351,-0.9844,0.4481,-0.5748,0.4194,0.5245,0.6166,-0.7429,0.0,0.0,0.0,0.0,0.0,0.0,0.0,0.0,0.0,
3.12,run,2.37,2.32,-0.28,0.07,0.63,0.0,0.0,0.0,0.111,6.77,-7.21,22.5,8.09,14.15,-13.45,13.18,-55.02,95.89,-0.26,15.38,-18.37,15.56,-56.51,88.95,18.28,9.4,0.79,6.78,-2.99,15.97,9.53,14.31,-13.42,12.58,-52.61,97.13,-0.53,15.2,-18.26,15.64,-56.0,97.05,18.09,8.06,3.14,0.1936,0.4001,-0.6333,0.2722,0.7147,-0.9226,0.3595,-0.502,0.378,-0.0151,0.7308,-0.9795,0.4468,-0.5637,0.4176,0.5169,0.601,-0.7278,0.0,0.013,0.019,0.006,0.0,0.0,0.006,0.006,0.019,0.006,0.0,0.006,0.0,0.006,0.006,0.013,0.013,0.013,0.1181,-0.1595,0.4142,0.1335,0.2378,-0.2393,0.2393,-0.9802,1.6444,0.0015,0.2592,-0.3267,0.273,-0.994,1.5263,0.3283,0.158,-0.0077,0.0318,0.3019,-0.309,0.1492,0.0637,-0.0466,-0.0597,0.1921,0.2982,-0.1164,0.0301,-0.0129,0.0061,0.0675,0.308,0.0019,-0.0441,0.2245,0.1188,-0.1036,0.01,0.0047,-0.0098,0.1945,0.3837,-0.6168,0.2599,0.7158,-0.9237,0.369,-0.5172,0.3816,-0.0107,0.7346,-0.9816,0.4468,-0.5674,0.419,0.5199,0.609,-0.7326,0.0,0.0,0.0,0.0,0.0,0.0,0.0,0.0,0.0,
3.16,run,2.31,2.33,0.07,0.0,-0.73,0.0,0.0,0.0,0.111,6.77,-5.98,21.09,8.61,14.15,-13.45,12.92,-54.05,96.59,-0.53,15.38,-18.37,15.56,-56.25,90.35,18.02,9.05,1.76,6.75,-2.17,14.47,9.94,14.23,-13.27,12.34,-51.69,96.92,-0.72,14.99,-17.88,15.6,-55.72,98.55,17.92,7.58,3.74,0.193,0.4151,-0.6475,0.2839,0.7133,-0.9209,0.3526,-0.4853,0.3755,-0.0206,0.7271,-0.9751,0.4458,-0.5585,0.4158,0.5119,0.5923,-0.7207,0.0,0.013,0.019,0.006,0.0,0.0,0.006,0.006,0.019,0.006,0.0,0.006,0.0,0.006,0.006,0.013,0.013,0.013,0.1166,-0.1365,0.3896,0.1457,0.2378,-0.2378,0.2332,-0.9633,1.6628,-0.0046,0.2592,-0.3252,0.273,-0.9894,1.5524,0.3252,0.1534,0.0092,0.0165,0.298,-0.3088,0.1507,0.0446,-0.0268,-0.0649,0.1981,0.2781,-0.1046,0.0211,-0.0033,0.0043,0.0646,0.3139,-0.0102,-0.0482,0.2207,0.1156,-0.1026,-0.0049,0.0013,0.011,0.1936,0.4001,-0.6333,0.2722,0.7147,-0.9226,0.3595,-0.502,0.378,-0.0151,0.7308,-0.9795,0.4468,-0.5637,0.4176,0.5169,0.601,-0.7278,0.0,0.0,0.0,0.0,0.0,0.0,0.0,0.0,0.0,
3.2,run,2.26,2.34,-0.15,-0.1,0.32,0.0,0.0,0.0,0.111,6.77,-4.66,19.6,9.14,14.15,-13.45,12.66,-53.09,97.03,-0.62,15.38,-18.11,15.56,-55.9,91.76,18.02,8.61,2.55,6.7,-1.46,12.97,10.25,14.1,-13.21,12.1,-50.99,96.64,-0.81,14.71,-17.51,15.6,-55.64,100.05,17.76,7.09,4.07,0.1914,0.428,-0.6595,0.2929,0.7109,-0.9201,0.3458,-0.4725,0.3723,-0.0232,0.722,-0.9707,0.4458,-0.557,0.4133,0.5073,0.5834,-0.7169,0.0,0.0,0.013,0.006,0.0,0.0,0.006,0.0,0.006,0.006,0.013,0.0,0.0,0.006,0.006,0.006,0.019,0.006,0.1166,-0.115,0.3651,0.1549,0.2378,-0.2378,0.2286,-0.9465,1.6751,-0.0092,0.2592,-0.3252,0.273,-0.9848,1.5769,0.3206,0.1473,0.0261,0.0116,0.2878,-0.3066,0.1394,0.0312,-0.0188,-0.0624,0.2008,0.2399,-0.0902,0.0147,-0.0023,0.003,0.0622,0.3102,-0.0241,-0.0564,0.2167,0.1107,-0.1025,0.0012,0.0001,-0.0127,0.193,0.4151,-0.6475,0.2839,0.7133,-0.9209,0.3526,-0.4853,0.3755,-0.0206,0.7271,-0.9751,0.4458,-0.5585,0.4158,0.5119,0.5923,-0.7207,0.0,0.0,0.0,0.0,0.0,0.0,0.0,0.0,0.0,
3.24,run,2.22,2.35,-0.2,-0.09,-0.3,0.0,0.0,0.0,0.111,6.77,-3.6,18.28,9.58,14.15,-13.27,12.3,-52.12,97.12,-0.7,15.38,-17.67,15.56,-55.72,93.25,17.75,8.09,3.16,6.63,-0.92,11.47,10.55,13.91,-12.99,11.87,-50.19,96.27,-0.9,14.41,-17.11,15.58,-55.4,99.89,17.53,6.49,4.34,0.1893,0.4379,-0.6718,0.3013,0.7074,-0.9176,0.339,-0.458,0.3679,-0.0258,0.7165,-0.966,0.4453,-0.5527,0.4105,0.5008,0.5725,-0.7137,0.0,0.0,0.013,0.006,0.0,0.0,0.006,0.0,0.006,0.006,0.013,0.0,0.0,0.006,0.006,0.006,0.019,0.006,0.1166,-0.092,0.339,0.1641,0.2378,-0.2378,0.224,-0.9296,1.6828,-0.0107,0.2592,-0.3206,0.273,-0.9787,1.6015,0.3206,0.1396,0.0399,0.0081,0.2868,-0.3114,0.1317,0.0219,-0.0131,-0.0607,0.2032,0.1964,-0.0688,0.0103,0.0155,0.0021,0.0663,0.3082,-0.0169,-0.0679,0.2029,0.1068,-0.1014,-0.0027,-0.0018,0.0055,0.1914,0.428,-0.6595,0.2929,0.7109,-0.9201,0.3458,-0.4725,0.3723,-0.0232,0.722,-0.9707,0.4458,-0.557,0.4133,0.5073,0.5834,-0.7169,0.0,0.0,0.0,0.0,0.0,0.0,0.0,0.0,0.0,
3.28,run,2.19,2.37,0.34,0.26,0.4,0.0,0.0,0.0,0.111,6.59,-2.55,16.79,10.02,14.15,-13.18,12.13,-51.42,97.03,-0.79,15.21,-17.58,15.56,-55.63,94.66,17.67,7.73,3.69,6.52,-0.48,9.97,10.76,13.61,-12.94,11.66,-49.57,95.83,-0.91,13.99,-16.71,15.58,-55.32,99.57,17.33,5.85,4.41,0.1862,0.4458,-0.6812,0.3074,0.7019,-0.9169,0.333,-0.4467,0.3628,-0.0259,0.7089,-0.9613,0.4452,-0.5513,0.4067,0.4951,0.5609,-0.7128,0.0,0.0,0.013,0.006,0.0,0.0,0.006,0.0,0.006,0.006,0.013,0.0,0.0,0.006,0.006,0.006,0.019,0.006,0.1166,-0.0736,0.316,0.1718,0.2378,-0.2347,0.2178,-0.9127,1.6843,-0.0123,0.2592,-0.3129,0.273,-0.9756,1.6276,0.316,0.1304,0.0506,0.0057,0.2717,-0.3067,0.1218,0.0153,0.0026,-0.0662,0.2073,0.1434,-0.0541,0.0072,0.0404,0.0015,0.0582,0.3163,-0.0296,-0.083,0.1834,0.1026,-0.1005,-0.0035,-0.0015,-0.0053,0.1893,0.4379,-0.6718,0.3013,0.7074,-0.9176,0.339,-0.458,0.3679,-0.0258,0.7165,-0.966,0.4453,-0.5527,0.4105,0.5008,0.5725,-0.7137,0.0,0.0,0.0,0.0,0.0,0.0,0.0,0.0,0.0,
3.32,run,2.13,2.38,-0.32,-0.18,0.03,0.0,0.0,0.0,0.111,6.5,-1.76,15.38,10.28,14.15,-13.01,11.87,-50.54,96.5,-0.79,14.85,-16.88,15.56,-55.55,96.06,17.14,7.12,4.04,6.41,-0.09,8.47,10.96,13.33,-12.8,11.48,-48.92,95.27,-0.93,13.6,-16.2,15.56,-55.22,99.14,17.09,5.25,4.45,0.183,0.4528,-0.6901,0.3132,0.6968,-0.9153,0.3279,-0.4348,0.3561,-0.0265,0.7019,-0.9553,0.4446,-0.5494,0.4017,0.4882,0.55,-0.7124,0.0,0.006,0.013,0.006,0.019,0.0,0.0,0.006,0.0,0.006,0.019,0.006,0.0,0.0,0.013,0.006,0.026,0.006,0.1135,-0.0552,0.2899,0.1795,0.2378,-0.2332,0.2148,-0.9004,1.6828,-0.0138,0.2562,-0.3114,0.273,-0.9741,1.6521,0.3145,0.1243,0.0598,-0.0075,0.2589,-0.312,0.1139,0.0107,0.0076,-0.0578,0.1909,0.0946,-0.0436,-0.0064,0.034,0.001,0.0465,0.313,-0.0264,-0.081,0.1628,0.1006,-0.0983,0.006,0.0045,0.007,0.1862,0.4458,-0.6812,0.3074,0.7019,-0.9169,0.333,-0.4467,0.3628,-0.0259,0.7089,-0.9613,0.4452,-0.5513,0.4067,0.4951,0.5609,-0.7128,0.0,0.0,0.0,0.0,0.0,0.0,0.0,0.0,0.0,
3.36,run,2.11,2.41,0.18,0.12,0.25,0.0,0.0,0.0,0.111,6.42,-0.97,13.97,10.55,14.15,-12.92,11.78,-49.75,96.06,-0.88,14.5,-16.52,15.56,-55.28,97.38,17.14,6.59,4.22,6.3,0.22,6.97,11.1,12.94,-12.81,11.34,-48.31,94.81,-0.89,13.14,-15.77,15.56,-55.17,98.83,16.87,4.54,4.52,0.1799,0.4585,-0.6968,0.3171,0.6898,-0.9154,0.3241,-0.4238,0.3507,-0.0254,0.6935,-0.9502,0.4446,-0.5486,0.3979,0.4819,0.5371,-0.7115,0.0,0.006,0.013,0.006,0.019,0.0,0.0,0.006,0.0,0.006,0.019,0.006,0.0,0.0,0.013,0.006,0.026,0.006,0.112,-0.0414,0.2654,0.1841,0.2378,-0.2301,0.2102,-0.8851,1.6736,-0.0138,0.25,-0.2991,0.273,-0.9725,1.6766,0.3053,0.1135,0.066,-0.011,0.233,-0.3105,0.097,0.0075,0.0168,-0.0577,0.1912,0.0317,-0.0305,-0.0275,0.0698,0.0007,0.0383,0.3112,-0.053,-0.097,0.137,0.0948,-0.0976,-0.0056,-0.0031,0.0006,0.183,0.4528,-0.6901,0.3132,0.6968,-0.9153,0.3279,-0.4348,0.3561,-0.0265,0.7019,-0.9553,0.4446,-0.5494,0.4017,0.4882,0.55,-0.7124,0.0,0.0,0.0,0.0,0.0,0.0,0.0,0.0,0.0,
3.4,run,2.08,2.42,-0.03,-0.06,-0.47,0.0,0.0,0.0,0.111,6.42,-0.44,12.48,10.72,13.8,-12.92,11.51,-49.13,95.89,-0.88,14.15,-16.0,15.56,-55.37,98.35,16.96,5.98,4.31,6.18,0.47,5.47,11.22,12.58,-12.75,11.18,-47.77,94.16,-0.87,12.75,-15.39,15.57,-55.13,98.35,16.63,3.92,4.42,0.1766,0.4631,-0.7045,0.3207,0.6833,-0.9147,0.3193,-0.414,0.3431,-0.025,0.6864,-0.9458,0.4449,-0.5478,0.3923,0.4752,0.5257,-0.7127,0.0,0.006,0.013,0.006,0.019,0.0,0.0,0.006,0.0,0.006,0.019,0.006,0.0,0.0,0.013,0.006,0.026,0.006,0.1104,-0.0276,0.2408,0.1887,0.2378,-0.2286,0.2086,-0.8713,1.6659,-0.0153,0.2439,-0.293,0.273,-0.9679,1.6997,0.3053,0.1043,0.069,-0.0135,0.2151,-0.3097,0.0852,0.0052,0.0175,-0.0462,0.1858,-0.0067,-0.0271,-0.0423,0.072,0.0005,0.0441,0.3045,-0.0371,-0.1026,0.1074,0.0934,-0.0955,0.0032,0.0021,0.0043,0.1799,0.4585,-0.6968,0.3171,0.6898,-0.9154,0.3241,-0.4238,0.3507,-0.0254,0.6935,-0.9502,0.4446,-0.5486,0.3979,0.4819,0.5371,-0.7115,0.0,0.0,0.0,0.0,0.0,0.0,0.0,0.0,0.0,
3.44,run,2.04,2.44,0.13,0.14,0.6,0.0,0.0,0.0,0.111,6.24,0.0,11.07,10.72,13.45,-12.92,11.43,-48.43,95.27,-0.88,13.71,-15.64,15.56,-55.28,99.05,16.61,5.36,4.31,6.08,0.71,4.76,11.33,12.27,-12.96,11.09,-47.36,93.78,-0.87,12.41,-15.12,15.57,-55.15,97.87,16.47,3.38,4.55,0.1736,0.4674,-0.7087,0.3236,0.6776,-0.9172,0.3167,-0.4066,0.3386,-0.0248,0.6802,-0.9426,0.4448,-0.5483,0.3867,0.4707,0.516,-0.7111,0.013,0.006,0.019,0.006,0.013,0.006,0.0,0.006,0.006,0.0,0.013,0.0,0.0,0.0,0.0,0.0,0.026,0.006,0.1104,-0.0184,0.2148,0.1917,0.2316,-0.2286,0.204,-0.8606,1.6628,-0.0153,0.2378,-0.2838,0.273,-0.9695,1.7165,0.3022,0.0936,0.0706,-0.0094,0.185,-0.3143,0.0711,-0.0193,0.0123,-0.0495,0.1702,-0.0161,-0.019,-0.0526,0.0848,0.0004,0.0252,0.2762,-0.0374,-0.1119,0.0809,0.0903,-0.0945,-0.0005,-0.001,-0.0082,0.1766,0.4631,-0.7045,0.3207,0.6833,-0.9147,0.3193,-0.414,0.3431,-0.025,0.6864,-0.9458,0.4449,-0.5478,0.3923,0.4752,0.5257,-0.7127,0.0,0.0,0.0,0.0,0.0,0.0,0.0,0.0,0.0,
3.48,run,2.02,2.46,0.11,0.07,0.24,0.0,0.0,0.0,0.111,5.89,0.44,9.67,10.9,13.01,-12.83,11.25,-47.81,94.66,-0.88,13.27,-15.29,15.56,-55.28,99.4,16.52,4.66,4.39,6.01,0.84,4.42,11.36,12.0,-12.96,11.01,-46.84,93.35,-0.82,12.12,-14.76,15.56,-55.07,97.55,16.28,2.87,4.7,0.1718,0.4698,-0.7127,0.3245,0.6726,-0.9172,0.3147,-0.3972,0.3335,-0.0233,0.675,-0.9384,0.4444,-0.5466,0.3829,0.4651,0.5068,-0.7094,0.013,0.006,0.019,0.006,0.013,0.006,0.0,0.006,0.006,0.0,0.013,0.0,0.0,0.0,0.0,0.0,0.026,0.006,0.1074,-0.0107,0.1902,0.1917,0.2255,-0.2286,0.2025,-0.8483,1.6521,-0.0153,0.2301,-0.2777,0.273,-0.9679,1.7288,0.2961,0.0828,0.0706,-0.0181,0.1582,-0.3119,0.0498,-0.0365,0.0086,-0.0404,0.1651,-0.0515,-0.0133,-0.0655,0.0823,0.0002,0.0234,0.2393,-0.0492,-0.1186,0.0566,0.0871,-0.0927,0.0023,0.0025,0.0104,0.1736,0.4674,-0.7087,0.3236,0.6776,-0.9172,0.3167,-0.4066,0.3386,-0.0248,0.6802,-0.9426,0.4448,-0.5483,0.3867,0.4707,0.516,-0.7111,0.0,0.0,0.0,0.0,0.0,0.0,0.0,0.0,0.0,
3.52,run,1.98,2.49,0.15,0.13,0.03,0.0,0.0,0.0,0.111,6.06,0.62,8.26,10.99,12.74,-12.83,11.25,-47.37,94.22,-0.97,12.92,-15.21,15.56,-55.2,99.49,16.26,4.13,4.48,5.93,0.89,4.23,11.36,11.73,-13.12,10.94,-46.57,92.81,-0.79,11.89,-14.55,15.58,-55.08,96.94,16.17,2.53,4.76,0.1694,0.4708,-0.715,0.3246,0.6679,-0.919,0.3125,-0.3922,0.3271,-0.0227,0.6708,-0.9358,0.4452,-0.5469,0.3758,0.4619,0.5005,-0.7087,0.013,0.006,0.019,0.006,0.013,0.006,0.0,0.006,0.006,0.0,0.013,0.0,0.0,0.0,0.0,0.0,0.026,0.006,0.1012,-0.0031,0.1657,0.1948,0.2178,-0.227,0.1994,-0.8376,1.6414,-0.0153,0.2224,-0.2715,0.273,-0.9679,1.7349,0.2945,0.0706,0.0721,-0.0358,0.1397,-0.3109,0.0464,-0.0545,0.0118,-0.0399,0.1561,-0.0766,-0.0093,-0.0748,0.0808,0.0002,0.0164,0.1906,-0.0402,-0.1293,0.0454,0.0858,-0.0905,0.0019,0.0011,0.0042,0.1718,0.4698,-0.7127,0.3245,0.6726,-0.9172,0.3147,-0.3972,0.3335,-0.0233,0.675,-0.9384,0.4444,-0.5466,0.3829,0.4651,0.5068,-0.7094,0.0,0.0,0.0,0.0,0.0,0.0,0.0,0.0,0.0,
3.56,run,1.96,2.49,0.16,0.03,0.14,0.0,0.0,0.0,0.111,5.62,0.79,6.94,10.99,12.39,-13.01,11.07,-46.85,93.78,-0.88,12.57,-14.59,15.56,-55.2,98.88,16.26,3.6,4.48,5.84,0.93,4.1,11.35,11.48,-13.17,10.86,-46.3,92.37,-0.73,11.68,-14.36,15.59,-54.99,96.58,16.07,2.15,4.84,0.1669,0.4715,-0.7165,0.3243,0.6633,-0.9196,0.3103,-0.3872,0.3221,-0.021,0.6669,-0.9336,0.4454,-0.5453,0.3716,0.4592,0.4936,-0.7077,0.006,0.0,0.006,0.006,0.013,0.0,0.0,0.0,0.019,0.006,0.013,0.0,0.0,0.006,0.006,0.0,0.019,0.006,0.1043,0.0,0.1411,0.1963,0.2132,-0.227,0.1994,-0.8299,1.6337,-0.0169,0.2163,-0.27,0.273,-0.9664,1.7365,0.2899,0.0614,0.0736,-0.0136,0.1093,-0.3096,0.0382,-0.0554,0.0083,-0.0279,0.138,-0.0823,-0.0123,-0.0754,0.0623,0.0001,0.0172,0.1392,-0.0454,-0.125,0.0376,0.0822,-0.0882,0.0025,0.0022,0.0004,0.1694,0.4708,-0.715,0.3246,0.6679,-0.919,0.3125,-0.3922,0.3271,-0.0227,0.6708,-0.9358,0.4452,-0.5469,0.3758,0.4619,0.5005,-0.7087,0.0,0.0,0.0,0.0,0.0,0.0,0.0,0.0,0.0,
3.6,run,1.91,2.5,-0.04,0.07,0.27,0.0,0.0,0.0,0.111,5.8,0.79,5.8,10.99,12.22,-13.1,11.07,-46.41,93.25,-0.79,12.48,-14.59,15.56,-55.2,98.0,16.08,3.08,4.48,5.82,0.85,4.1,11.34,11.28,-13.06,10.81,-46.12,91.86,-0.78,11.57,-14.23,15.57,-54.94,95.94,15.94,1.95,4.89,0.1663,0.47,-0.7165,0.324,0.6596,-0.9183,0.3089,-0.3841,0.316,-0.0223,0.6649,-0.9321,0.4448,-0.5443,0.364,0.4556,0.4901,-0.7072,0.006,0.0,0.006,0.006,0.013,0.0,0.0,0.0,0.019,0.006,0.013,0.0,0.0,0.006,0.006,0.0,0.019,0.006,0.0966,0.0031,0.1181,0.1963,0.2071,-0.2301,0.1963,-0.8207,1.626,-0.0153,0.2102,-0.2592,0.273,-0.9664,1.7257,0.2899,0.0522,0.0736,-0.0381,0.0879,-0.3027,0.0268,-0.0617,-0.0057,-0.031,0.131,-0.0863,-0.0029,-0.0757,0.0837,0.0001,0.012,0.0573,-0.0318,-0.1219,0.0263,0.0801,-0.0883,0.0028,0.0005,0.0024,0.1669,0.4715,-0.7165,0.3243,0.6633,-0.9196,0.3103,-0.3872,0.3221,-0.021,0.6669,-0.9336,0.4454,-0.5453,0.3716,0.4592,0.4936,-0.7077,0.0,0.0,0.0,0.0,0.0,0.0,0.0,0.0,0.0,
3.64,run,1.91,2.53,0.62,0.21,-0.23,0.0,0.0,0.0,0.111,5.89,0.79,5.01,10.99,11.95,-13.1,11.07,-46.41,92.9,-0.7,12.3,-14.24,15.56,-55.11,97.12,16.08,2.72,4.48,5.76,0.72,4.23,11.25,11.1,-13.01,10.76,-45.99,91.42,-0.73,11.5,-14.12,15.55,-54.76,95.54,15.89,1.76,4.99,0.1644,0.4677,-0.7149,0.3214,0.6563,-0.9178,0.3074,-0.3816,0.3108,-0.0208,0.6636,-0.9309,0.4444,-0.541,0.3593,0.4541,0.4865,-0.706,0.006,0.0,0.006,0.006,0.013,0.0,0.0,0.0,0.019,0.006,0.013,0.0,0.0,0.006,0.006,0.0,0.019,0.006,0.0997,0.0031,0.0982,0.1963,0.204,-0.2316,0.1963,-0.813,1.6168,-0.0138,0.2086,-0.2592,0.273,-0.9664,1.7104,0.2869,0.043,0.0736,-0.0157,0.0616,-0.283,0.0187,-0.0541,-0.0094,-0.0217,0.1191,-0.0932,0.0035,-0.0584,0.0586,0.0001,0.0084,-0.0146,-0.0332,-0.1182,0.0184,0.0756,-0.0875,-0.0007,0.0013,0.0047,0.1663,0.47,-0.7165,0.324,0.6596,-0.9183,0.3089,-0.3841,0.316,-0.0223,0.6649,-0.9321,0.4448,-0.5443,0.364,0.4556,0.4901,-0.7072,0.0,0.0,0.0,0.0,0.0,0.0,0.0,0.0,0.0,
3.68,run,1.84,2.52,-0.73,-0.44,0.59,0.0,0.0,0.0,0.111,5.45,0.79,4.57,10.99,11.69,-13.1,10.99,-45.97,92.37,-0.7,12.13,-14.24,15.56,-54.84,96.24,16.0,2.55,4.66,5.69,0.57,4.34,11.19,10.93,-12.94,10.74,-46.0,90.92,-0.74,11.46,-14.13,15.57,-54.62,95.02,15.89,1.74,4.91,0.1627,0.4649,-0.7136,0.3197,0.6533,-0.9169,0.3069,-0.3818,0.3049,-0.021,0.663,-0.931,0.445,-0.5386,0.3532,0.454,0.4862,-0.7069,0.013,0.0,0.0,0.0,0.013,0.006,0.0,0.0,0.019,0.0,0.013,0.0,0.0,0.0,0.006,0.0,0.019,0.006,0.1012,0.0031,0.0844,0.1963,0.1994,-0.2316,0.1963,-0.813,1.6107,-0.0123,0.2056,-0.2531,0.273,-0.9649,1.695,0.2869,0.0368,0.0736,-0.0053,0.0431,-0.2494,0.0131,-0.055,-0.0066,-0.0152,0.0833,-0.0881,0.0081,-0.0523,0.0638,0.0,0.0116,-0.0672,-0.0232,-0.1055,0.0129,0.0757,-0.0848,0.0108,0.0037,-0.0041,0.1644,0.4677,-0.7149,0.3214,0.6563,-0.9178,0.3074,-0.3816,0.3108,-0.0208,0.6636,-0.9309,0.4444,-0.541,0.3593,0.4541,0.4865,-0.706,0.0,0.0,0.0,0.0,0.0,0.0,0.0,0.0,0.0,
3.72,run,1.84,2.55,0.53,0.29,-0.92,0.0,0.0,0.0,0.111,5.71,0.79,4.39,10.99,11.51,-13.1,10.9,-46.14,91.85,-0.7,12.13,-14.24,15.56,-54.67,95.54,16.0,2.46,4.83,5.72,0.57,4.42,11.19,10.93,-12.73,10.75,-45.94,90.8,-0.8,11.53,-13.98,15.58,-54.54,94.68,15.84,1.79,5.14,0.1634,0.4648,-0.7127,0.3197,0.6533,-0.9145,0.307,-0.3808,0.3035,-0.0227,0.6642,-0.9292,0.4452,-0.5371,0.3492,0.4527,0.4872,-0.7043,0.013,0.0,0.0,0.0,0.013,0.006,0.0,0.0,0.019,0.0,0.013,0.0,0.0,0.0,0.006,0.0,0.019,0.006,0.0936,0.0031,0.0767,0.1963,0.1948,-0.2316,0.1948,-0.8053,1.6015,-0.0123,0.2025,-0.2531,0.273,-0.9603,1.6797,0.2853,0.0337,0.0767,-0.0325,0.0302,-0.2033,0.0092,-0.0557,-0.0046,-0.0164,0.0871,-0.0962,0.0057,-0.0481,0.0447,0.0,0.0254,-0.1046,-0.022,-0.0854,0.0205,0.0701,-0.0853,-0.0128,-0.0077,0.0103,0.1627,0.4649,-0.7136,0.3197,0.6533,-0.9169,0.3069,-0.3818,0.3049,-0.021,0.663,-0.931,0.445,-0.5386,0.3532,0.454,0.4862,-0.7069,0.0,0.0,0.0,0.0,0.0,0.0,0.0,0.0,0.0,
3.76,run,1.8,2.55,-0.07,-0.07,-0.06,0.0,0.0,0.0,0.111,5.89,0.79,4.39,10.99,11.34,-12.92,10.9,-46.14,91.49,-0.7,12.13,-14.24,15.56,-54.76,95.01,15.91,2.46,4.83,5.65,0.39,4.56,11.1,10.81,-12.62,10.73,-46.11,90.46,-0.74,11.49,-14.05,15.63,-54.45,94.36,15.91,1.88,4.92,0.1614,0.4616,-0.7111,0.3173,0.6512,-0.9132,0.3065,-0.3839,0.2995,-0.0213,0.6634,-0.9299,0.4465,-0.5355,0.3454,0.4547,0.4888,-0.7068,0.013,0.0,0.0,0.0,0.013,0.006,0.0,0.0,0.019,0.0,0.013,0.0,0.0,0.0,0.006,0.0,0.019,0.006,0.0982,0.0031,0.0736,0.1963,0.1917,-0.2316,0.1933,-0.8084,1.5923,-0.0123,0.2025,-0.2531,0.273,-0.9572,1.6674,0.2853,0.0322,0.0798,-0.0053,0.0211,-0.1539,0.0064,-0.0506,-0.0032,-0.0173,0.0494,-0.1021,0.004,-0.0337,0.0313,0.0,0.0294,-0.1196,-0.0154,-0.0655,0.026,0.0699,-0.0831,0.0092,0.005,-0.0161,0.1634,0.4648,-0.7127,0.3197,0.6533,-0.9145,0.307,-0.3808,0.3035,-0.0227,0.6642,-0.9292,0.4452,-0.5371,0.3492,0.4527,0.4872,-0.7043,0.0,0.0,0.0,0.0,0.0,0.0,0.0,0.0,0.0,
3.8,run,1.78,2.54,-0.07,-0.12,0.29,0.0,0.0,0.0,0.111,5.36,0.79,4.39,10.99,11.34,-12.66,10.9,-46.23,91.14,-0.7,12.13,-14.06,15.56,-54.58,94.57,15.91,2.46,4.83,5.64,0.35,4.62,11.1,10.76,-12.52,10.73,-46.07,90.33,-0.75,11.51,-13.98,15.6,-54.29,94.15,15.91,1.87,5.1,0.1611,0.4609,-0.7103,0.3172,0.6502,-0.912,0.3066,-0.3831,0.2981,-0.0215,0.6637,-0.9291,0.4458,-0.5325,0.343,0.4545,0.4886,-0.7047,0.0,0.013,0.0,0.0,0.013,0.0,0.006,0.006,0.006,0.0,0.013,0.0,0.0,0.006,0.006,0.0,0.013,0.0,0.1012,0.0031,0.0736,0.1963,0.1887,-0.2286,0.1933,-0.8084,1.5861,-0.0123,0.2025,-0.2531,0.273,-0.9587,1.6582,0.2838,0.0322,0.0798,0.0077,0.0148,-0.1078,0.0045,-0.0469,0.0092,-0.0121,0.0346,-0.0943,0.0028,-0.0236,0.0219,0.0,0.0148,-0.118,-0.0165,-0.0459,0.0182,0.0666,-0.0833,-0.0012,-0.0013,-0.001,0.1614,0.4616,-0.7111,0.3173,0.6512,-0.9132,0.3065,-0.3839,0.2995,-0.0213,0.6634,-0.9299,0.4465,-0.5355,0.3454,0.4547,0.4888,-0.7068,0.0,0.0,0.0,0.0,0.0,0.0,0.0,0.0,0.0,
3.84,run,1.76,2.56,0.05,0.23,-0.25,0.0,0.0,0.0,0.111,5.89,0.79,4.39,10.99,11.34,-12.66,10.9,-46.05,90.88,-0.7,12.13,-14.06,15.56,-54.58,94.22,15.91,2.37,4.83,5.65,0.25,4.65,11.1,10.77,-12.4,10.75,-46.13,90.09,-0.82,11.54,-13.94,15.59,-54.3,93.84,15.87,1.92,5.01,0.1613,0.4592,-0.71,0.3172,0.6503,-0.9106,0.307,-0.3841,0.2952,-0.0233,0.6644,-0.9288,0.4455,-0.5328,0.3393,0.4534,0.4895,-0.7058,0.0,0.013,0.0,0.0,0.013,0.0,0.006,0.006,0.006,0.0,0.013,0.0,0.0,0.006,0.006,0.0,0.013,0.0,0.092,0.0031,0.0736,0.1963,0.1887,-0.224,0.1933,-0.8099,1.58,-0.0123,0.2025,-0.25,0.273,-0.9557,1.6506,0.2838,0.0322,0.0798,-0.0289,0.0103,-0.0754,0.0031,-0.0328,0.0236,-0.0085,0.0185,-0.0889,0.002,-0.0165,0.0268,0.0,0.0218,-0.1112,-0.0116,-0.0321,0.0127,0.0643,-0.0839,-0.0012,-0.0021,0.0051,0.1611,0.4609,-0.7103,0.3172,0.6502,-0.912,0.3066,-0.3831,0.2981,-0.0215,0.6637,-0.9291,0.4458,-0.5325,0.343,0.4545,0.4886,-0.7047,0.0,0.0,0.0,0.0,0.0,0.0,0.0,0.0,0.0,
3.88,run,1.71,2.58,-0.12,-0.02,0.59,0.0,0.0,0.0,0.111,5.71,0.79,4.39,10.99,11.34,-12.48,10.9,-46.05,90.79,-0.7,12.13,-14.06,15.56,-54.58,93.96,15.91,2.37,4.83,5.62,0.18,4.76,11.04,10.68,-12.41,10.7,-46.17,89.99,-0.75,11.48,-13.97,15.58,-54.23,93.74,15.9,1.88,4.97,0.1606,0.4578,-0.7087,0.3153,0.6487,-0.9107,0.3057,-0.3848,0.294,-0.0213,0.6632,-0.9291,0.4451,-0.5314,0.3381,0.4542,0.4888,-0.7062,0.0,0.013,0.0,0.0,0.013,0.0,0.006,0.006,0.006,0.0,0.013,0.0,0.0,0.006,0.006,0.0,0.013,0.0,0.1012,0.0031,0.0736,0.1963,0.1887,-0.224,0.1933,-0.8069,1.5754,-0.0123,0.2025,-0.25,0.273,-0.9557,1.6444,0.2838,0.0307,0.0798,0.0144,0.0072,-0.0528,0.0022,-0.023,0.0165,-0.0059,0.0245,-0.0795,0.0014,-0.0116,0.0187,0.0,0.0153,-0.1009,-0.0081,-0.0283,0.0089,0.0626,-0.0822,0.0009,0.0041,-0.0044,0.1613,0.4592,-0.71,0.3172,0.6503,-0.9106,0.307,-0.3841,0.2952,-0.0233,0.6644,-0.9288,0.4455,-0.5328,0.3393,0.4534,0.4895,-0.7058,0.0,0.0,0.0,0.0,0.0,0.0,0.0,0.0,0.0,
3.92,run,1.67,2.59,-0.53,-0.19,0.53,0.0,0.0,0.0,0.111,5.36,0.79,4.48,10.99,11.34,-12.48,10.9,-46.05,90.53,-0.7,12.13,-14.06,15.56,-54.49,93.87,15.91,2.37,4.83,5.63,0.15,4.82,11.04,10.72,-12.39,10.7,-46.17,89.94,-0.78,11.5,-13.9,15.54,-54.23,93.57,15.86,1.9,5.03,0.1609,0.4573,-0.708,0.3155,0.6494,-0.9105,0.3057,-0.3849,0.2934,-0.0222,0.6636,-0.9283,0.444,-0.5315,0.3361,0.453,0.4891,-0.7055,0.0,0.013,0.0,0.0,0.0,0.0,0.006,0.0,0.006,0.0,0.013,0.006,0.0,0.006,0.006,0.0,0.006,0.0,0.0982,0.0031,0.0736,0.1963,0.1887,-0.2209,0.1933,-0.8069,1.5739,-0.0123,0.2025,-0.25,0.273,-0.9557,1.6398,0.2838,0.0307,0.0798,-0.0014,0.0051,-0.037,0.0015,-0.0161,0.0231,-0.0041,0.0171,-0.0614,0.001,-0.0081,0.0131,0.0,0.0107,-0.0879,-0.0057,-0.0198,0.0062,0.0587,-0.0803,-0.0021,-0.0003,0.0103,0.1606,0.4578,-0.7087,0.3153,0.6487,-0.9107,0.3057,-0.3848,0.294,-0.0213,0.6632,-0.9291,0.4451,-0.5314,0.3381,0.4542,0.4888,-0.7062,0.0,0.0,0.0,0.0,0.0,0.0,0.0,0.0,0.0,
3.96,run,1.64,2.61,0.26,0.16,-0.79,0.0,0.0,0.0,0.111,5.98,0.79,4.57,10.99,11.25,-12.48,10.9,-46.05,90.44,-0.7,12.13,-13.97,15.56,-54.32,93.69,15.91,2.37,4.83,5.65,0.16,4.89,11.04,10.8,-12.42,10.72,-46.24,90.02,-0.81,11.54,-13.89,15.53,-54.32,93.45,15.83,1.96,5.04,0.1615,0.4574,-0.7072,0.3154,0.6509,-0.9108,0.3062,-0.3862,0.2944,-0.0231,0.6644,-0.9281,0.4437,-0.5331,0.3347,0.4523,0.4902,-0.7054,0.0,0.013,0.0,0.0,0.0,0.0,0.006,0.0,0.006,0.0,0.013,0.006,0.0,0.006,0.006,0.0,0.006,0.0,0.092,0.0031,0.0752,0.1963,0.1887,-0.2209,0.1933,-0.8069,1.5693,-0.0123,0.2025,-0.25,0.273,-0.9541,1.6383,0.2838,0.0307,0.0798,-0.0239,0.0035,-0.0202,0.0011,-0.0113,0.0162,-0.0029,0.012,-0.0602,0.0007,-0.0057,0.0092,0.0,0.0132,-0.0673,-0.004,-0.0138,0.0044,0.0545,-0.0796,-0.0093,-0.0033,0.0092,0.1609,0.4573,-0.708,0.3155,0.6494,-0.9105,0.3057,-0.3849,0.2934,-0.0222,0.6636,-0.9283,0.444,-0.5315,0.3361,0.453,0.4891,-0.7055,0.0,0.0,0.0,0.0,0.0,0.0,0.0,0.0,0.0,
4.0,run,1.59,2.63,-0.21,-0.06,0.87,0.0,0.0,0.0,0.111,5.45,0.79,4.57,10.99,11.25,-12.48,10.9,-46.23,90.44,-0.7,12.13,-13.89,15.56,-54.49,93.6,15.91,2.37,4.83,5.62,0.07,4.99,10.98,10.72,-12.44,10.68,-46.33,90.03,-0.74,11.48,-13.99,15.54,-54.31,93.46,15.88,1.96,4.93,0.1606,0.4559,-0.706,0.3138,0.6495,-0.911,0.3052,-0.3879,0.2945,-0.0211,0.6632,-0.9292,0.4441,-0.5329,0.3348,0.4538,0.4902,-0.7066,0.0,0.013,0.0,0.0,0.0,0.0,0.006,0.0,0.006,0.0,0.013,0.006,0.0,0.006,0.006,0.0,0.006,0.0,0.1028,0.0031,0.0767,0.1963,0.1871,-0.2209,0.1933,-0.8069,1.5677,-0.0123,0.2025,-0.2485,0.273,-0.9511,1.6352,0.2838,0.0307,0.0798,0.0237,0.0025,-0.0083,0.0008,-0.0137,0.0113,-0.002,0.0084,-0.0479,0.0005,-0.004,0.0122,0.0,0.0208,-0.0587,-0.0028,-0.0097,0.0031,0.0525,-0.0778,0.0045,0.0029,-0.0138,0.1615,0.4574,-0.7072,0.3154,0.6509,-0.9108,0.3062,-0.3862,0.2944,-0.0231,0.6644,-0.9281,0.4437,-0.5331,0.3347,0.4523,0.4902,-0.7054,0.0,0.0,0.0,0.0,0.0,0.0,0.0,0.0,0.0,
4.04,run,1.57,2.65,0.24,0.35,-0.01,0.0,0.0,0.0,0.111,5.45,0.62,4.92,10.99,11.25,-12.48,10.9,-46.32,90.44,-0.7,12.13,-13.89,15.56,-54.4,93.43,15.91,2.37,4.83,5.66,0.09,5.06,11.01,10.86,-12.45,10.71,-46.3,90.09,-0.81,11.55,-13.88,15.48,-54.32,93.3,15.81,2.03,5.08,0.1617,0.4562,-0.7051,0.3146,0.652,-0.9112,0.3061,-0.3872,0.2952,-0.0231,0.6646,-0.928,0.4423,-0.5331,0.3329,0.4516,0.4914,-0.7049,0.006,0.013,0.0,0.0,0.006,0.0,0.0,0.0,0.006,0.0,0.013,0.0,0.0,0.006,0.0,0.0,0.006,0.0,0.0936,0.0031,0.0767,0.1963,0.1871,-0.2209,0.1933,-0.8099,1.5677,-0.0123,0.2025,-0.247,0.273,-0.9541,1.6337,0.2838,0.0307,0.0798,-0.0179,0.0017,-0.0058,0.0005,-0.0096,0.0079,-0.0014,-0.0056,-0.0335,0.0003,-0.0028,0.0143,0.0,0.003,-0.0468,-0.0019,-0.0068,0.0021,0.0481,-0.0763,-0.0036,-0.0011,0.0152,0.1606,0.4559,-0.706,0.3138,0.6495,-0.911,0.3052,-0.3879,0.2945,-0.0211,0.6632,-0.9292,0.4441,-0.5329,0.3348,0.4538,0.4902,-0.7066,0.0,0.0,0.0,0.0,0.0,0.0,0.0,0.0,0.0,
4.08,run,1.54,2.65,-0.22,-0.13,-0.57,0.0,0.0,0.0,0.111,5.98,0.62,4.92,10.99,11.25,-12.48,10.9,-46.32,90.44,-0.7,12.13,-13.89,15.56,-54.4,93.43,15.91,2.37,4.83,5.66,0.06,5.2,10.96,10.91,-12.58,10.73,-46.45,90.16,-0.8,11.6,-13.96,15.5,-54.41,93.31,15.87,2.16,4.98,0.1618,0.4557,-0.7035,0.3133,0.653,-0.9127,0.3066,-0.3901,0.296,-0.0228,0.6655,-0.929,0.4429,-0.5347,0.3331,0.4534,0.4938,-0.7061,0.006,0.013,0.0,0.0,0.006,0.0,0.0,0.0,0.006,0.0,0.013,0.0,0.0,0.006,0.0,0.0,0.006,0.0,0.0936,0.0,0.0828,0.1963,0.1871,-0.2209,0.1933,-0.8115,1.5677,-0.0123,0.2025,-0.247,0.273,-0.9526,1.6306,0.2838,0.0307,0.0798,-0.0126,-0.0103,0.0189,0.0004,-0.0067,0.0055,-0.001,-0.0097,-0.0235,0.0002,-0.0019,0.01,0.0,0.0079,-0.0443,-0.0014,-0.0047,0.0015,0.0461,-0.0739,0.0043,0.0061,-0.0001,0.1617,0.4562,-0.7051,0.3146,0.652,-0.9112,0.3061,-0.3872,0.2952,-0.0231,0.6646,-0.928,0.4423,-0.5331,0.3329,0.4516,0.4914,-0.7049,0.0,0.0,0.0,0.0,0.0,0.0,0.0,0.0,0.0,
4.12,run,1.51,2.65,-0.16,-0.06,0.73,0.0,0.0,0.0,0.111,5.19,0.62,4.92,10.99,11.25,-12.48,10.9,-46.32,90.44,-0.7,12.13,-13.89,15.56,-54.49,93.43,15.91,2.37,4.83,5.65,0.08,5.23,10.96,10.88,-12.62,10.72,-46.47,90.3,-0.76,11.6,-14.03,15.52,-54.37,93.47,15.91,2.11,5.09,0.1615,0.456,-0.7032,0.3131,0.6523,-0.9132,0.3064,-0.3904,0.2977,-0.0218,0.6654,-0.9298,0.4433,-0.534,0.3349,0.4545,0.4929,-0.7049,0.006,0.013,0.0,0.0,0.006,0.0,0.0,0.0,0.006,0.0,0.013,0.0,0.0,0.006,0.0,0.0,0.006,0.0,0.1028,0.0,0.0828,0.1963,0.1871,-0.2209,0.1933,-0.8115,1.5677,-0.0123,0.2025,-0.247,0.273,-0.9526,1.6306,0.2838,0.0307,0.0798,0.0256,-0.0072,0.0133,0.0003,-0.0047,0.0039,-0.0007,-0.0068,-0.0164,0.0002,-0.0014,0.007,0.0,0.0055,-0.031,-0.001,-0.0033,0.001,0.0437,-0.0741,-0.0039,-0.0022,-0.0099,0.1618,0.4557,-0.7035,0.3133,0.653,-0.9127,0.3066,-0.3901,0.296,-0.0228,0.6655,-0.929,0.4429,-0.5347,0.3331,0.4534,0.4938,-0.7061,0.0,0.0,0.0,0.0,0.0,0.0,0.0,0.0,0.0,
4.16,run,1.5,2.67,0.63,0.48,-0.69,0.0,0.0,0.0,0.111,5.71,0.62,4.92,10.99,11.25,-12.57,10.9,-46.41,90.44,-0.7,12.13,-13.89,15.56,-54.49,93.43,15.91,2.37,4.83,5.71,0.09,5.27,10.97,11.04,-12.6,10.74,-46.45,90.33,-0.83,11.67,-13.91,15.46,-54.47,93.32,15.81,2.19,5.12,0.1632,0.4562,-0.7027,0.3135,0.6553,-0.9129,0.3069,-0.39,0.298,-0.0237,0.6668,-0.9284,0.4416,-0.5358,0.3332,0.4518,0.4943,-0.7045,0.006,0.006,0.006,0.0,0.006,0.0,0.006,0.0,0.0,0.0,0.013,0.0,0.0,0.0,0.0,0.0,0.0,0.006,0.089,0.0,0.0828,0.1963,0.1871,-0.2209,0.1933,-0.8115,1.5677,-0.0123,0.2025,-0.247,0.273,-0.9541,1.6306,0.2838,0.0307,0.0798,-0.0339,-0.005,0.0093,0.0002,-0.0033,0.0027,-0.0005,-0.0048,-0.0115,0.0001,-0.001,0.0049,0.0,-0.0019,-0.0217,-0.0007,-0.0023,0.0007,0.0406,-0.0743,-0.0028,-0.0011,0.0127,0.1615,0.456,-0.7032,0.3131,0.6523,-0.9132,0.3064,-0.3904,0.2977,-0.0218,0.6654,-0.9298,0.4433,-0.534,0.3349,0.4545,0.4929,-0.7049,0.0,0.0,0.0,0.0,0.0,0.0,0.0,0.0,0.0,
4.2,run,1.47,2.69,0.33,0.14,-0.14,0.0,0.0,0.0,0.111,5.98,0.62,4.92,10.99,11.25,-12.57,10.9,-46.41,90.44,-0.7,12.13,-13.89,15.56,-54.49,93.43,15.91,2.37,4.83,5.67,0.04,5.35,10.92,10.98,-12.67,10.72,-46.55,90.33,-0.76,11.61,-14.02,15.48,-54.47,93.39,15.87,2.18,4.99,0.1621,0.4553,-0.7017,0.3121,0.6542,-0.9138,0.3062,-0.3918,0.298,-0.0217,0.6657,-0.9296,0.4422,-0.5358,0.3339,0.4535,0.4942,-0.706,0.006,0.006,0.006,0.0,0.006,0.0,0.006,0.0,0.0,0.0,0.013,0.0,0.0,0.0,0.0,0.0,0.0,0.006,0.0982,0.0,0.0828,0.1963,0.1871,-0.2224,0.1933,-0.813,1.5677,-0.0123,0.2025,-0.247,0.273,-0.9541,1.6306,0.2838,0.0307,0.0798,0.0107,-0.0035,0.0065,0.0001,-0.0023,-0.0038,-0.0003,-0.0091,-0.0081,0.0001,-0.0007,0.0034,0.0,-0.0013,-0.0152,-0.0005,-0.0016,0.0005,0.0397,-0.0726,0.0109,0.0083,-0.0121,0.1632,0.4562,-0.7027,0.3135,0.6553,-0.9129,0.3069,-0.39,0.298,-0.0237,0.6668,-0.9284,0.4416,-0.5358,0.3332,0.4518,0.4943,-0.7045,0.0,0.0,0.0,0.0,0.0,0.0,0.0,0.0,0.0,
4.24,run,1.43,2.71,-0.24,-0.06,1.18,0.0,0.0,0.0,0.111,5.45,0.62,4.92,10.99,11.25,-12.57,10.9,-46.49,90.44,-0.7,12.13,-13.89,15.56,-54.49,93.43,15.91,2.37,4.83,5.68,0.06,5.35,10.93,10.99,-12.66,10.71,-46.51,90.43,-0.75,11.61,-14.01,15.47,-54.43,93.48,15.87,2.14,5.08,0.1622,0.4556,-0.7018,0.3122,0.6543,-0.9137,0.306,-0.391,0.2992,-0.0214,0.6656,-0.9295,0.4421,-0.5351,0.3351,0.4534,0.4935,-0.705,0.006,0.006,0.006,0.0,0.006,0.0,0.006,0.0,0.0,0.0,0.013,0.0,0.0,0.0,0.0,0.0,0.0,0.006,0.1028,0.0,0.0828,0.1963,0.1871,-0.2224,0.1933,-0.813,1.5677,-0.0123,0.2025,-0.247,0.273,-0.9541,1.6306,0.2838,0.0307,0.0798,0.0247,-0.0025,0.0045,0.0001,-0.0016,-0.0027,-0.0002,-0.0063,-0.0056,0.0001,-0.0005,0.0024,0.0,-0.0009,-0.0106,-0.0003,-0.0011,0.0004,0.0377,-0.0709,0.0057,0.0025,-0.0025,0.1621,0.4553,-0.7017,0.3121,0.6542,-0.9138,0.3062,-0.3918,0.298,-0.0217,0.6657,-0.9296,0.4422,-0.5358,0.3339,0.4535,0.4942,-0.706,0.0,0.0,0.0,0.0,0.0,0.0,0.0,0.0,0.0,
4.28,run,1.43,2.72,0.25,0.2,-0.68,0.0,0.0,0.0,0.111,5.98,0.62,5.01,10.99,11.25,-12.57,10.9,-46.49,90.44,-0.7,12.13,-13.89,15.56,-54.49,93.43,15.91,2.37,4.83,5.71,0.09,5.37,10.95,11.13,-12.68,10.74,-46.48,90.55,-0.81,11.69,-13.93,15.45,-54.47,93.46,15.82,2.21,5.16,0.1633,0.4562,-0.7015,0.3128,0.6568,-0.9139,0.3069,-0.3906,0.3005,-0.0231,0.6671,-0.9286,0.4414,-0.5359,0.3349,0.4519,0.4947,-0.704,0.013,0.006,0.0,0.0,0.0,0.0,0.006,0.0,0.0,0.0,0.006,0.0,0.0,0.0,0.0,0.0,0.0,0.006,0.0936,0.0,0.0828,0.1963,0.1871,-0.2224,0.1933,-0.8145,1.5677,-0.0123,0.2025,-0.247,0.273,-0.9541,1.6306,0.2838,0.0307,0.0798,-0.0173,-0.0017,0.0032,0.0001,-0.0011,-0.0019,-0.0002,-0.0102,-0.0039,0.0,-0.0003,0.0017,0.0,-0.0007,-0.0074,-0.0002,-0.0008,0.0003,0.0341,-0.0694,-0.0043,-0.0011,0.0206,0.1622,0.4556,-0.7018,0.3122,0.6543,-0.9137,0.306,-0.391,0.2992,-0.0214,0.6656,-0.9295,0.4421,-0.5351,0.3351,0.4534,0.4935,-0.705,0.0,0.0,0.0,0.0,0.0,0.0,0.0,0.0,0.0,
4.32,run,1.39,2.71,-0.43,-0.29,0.48,0.0,0.0,0.0,0.111,5.62,0.62,5.19,10.99,11.25,-12.57,10.9,-46.49,90.44,-0.7,12.13,-13.89,15.56,-54.49,93.43,15.91,2.37,5.01,5.68,0.08,5.45,10.9,11.05,-12.78,10.71,-46.6,90.55,-0.75,11.64,-14.03,15.49,-54.51,93.54,15.9,2.21,5.08,0.1623,0.456,-0.7006,0.3115,0.6554,-0.9151,0.3061,-0.3928,0.3006,-0.0215,0.6662,-0.9298,0.4424,-0.5365,0.3357,0.4542,0.4947,-0.705,0.013,0.006,0.0,0.0,0.0,0.0,0.006,0.0,0.0,0.0,0.006,0.0,0.0,0.0,0.0,0.0,0.0,0.006,0.1028,0.0,0.0844,0.1963,0.1871,-0.2224,0.1933,-0.8145,1.5677,-0.0123,0.2025,-0.247,0.273,-0.9541,1.6306,0.2838,0.0307,0.0798,0.0223,-0.0012,0.008,0.0,-0.0008,-0.0013,-0.0001,-0.0071,-0.0028,0.0,-0.0002,0.0012,0.0,-0.0005,-0.0052,-0.0002,-0.0006,0.0002,0.0338,-0.068,0.0044,0.0035,-0.0119,0.1633,0.4562,-0.7015,0.3128,0.6568,-0.9139,0.3069,-0.3906,0.3005,-0.0231,0.6671,-0.9286,0.4414,-0.5359,0.3349,0.4519,0.4947,-0.704,0.0,0.0,0.0,0.0,0.0,0.0,0.0,0.0,0.0,
4.36,run,1.36,2.72,-0.24,-0.06,0.6,0.0,0.0,0.0,0.111,5.45,0.62,5.27,10.99,11.25,-12.57,10.9,-46.49,90.44,-0.7,12.13,-13.97,15.56,-54.49,93.43,15.91,2.37,5.01,5.73,0.13,5.42,10.94,11.15,-12.71,10.73,-46.55,90.66,-0.8,11.7,-13.94,15.46,-54.51,93.52,15.84,2.24,5.22,0.1636,0.4569,-0.7009,0.3127,0.6572,-0.9142,0.3067,-0.3918,0.3019,-0.023,0.6674,-0.9287,0.4418,-0.5365,0.3355,0.4527,0.4953,-0.7032,0.013,0.006,0.0,0.0,0.0,0.0,0.006,0.0,0.0,0.0,0.006,0.0,0.0,0.0,0.0,0.0,0.0,0.006,0.0966,0.0,0.0874,0.1963,0.1871,-0.2224,0.1933,-0.8145,1.5677,-0.0123,0.2025,-0.247,0.273,-0.9541,1.6306,0.2838,0.0307,0.0828,-0.0066,-0.0008,0.0167,0.0,-0.0006,-0.0009,-0.0001,-0.005,-0.0019,0.0,-0.0002,0.0008,0.0,-0.0003,-0.0036,-0.0001,-0.0004,0.0112,0.0307,-0.0687,-0.0075,-0.005,0.0083,0.1623,0.456,-0.7006,0.3115,0.6554,-0.9151,0.3061,-0.3928,0.3006,-0.0215,0.6662,-0.9298,0.4424,-0.5365,0.3357,0.4542,0.4947,-0.705,0.0,0.0,0.0,0.0,0.0,0.0,0.0,0.0,0.0,
4.4,run,1.34,2.72,-0.05,-0.2,-0.81,0.0,0.0,0.0,0.111,6.06,0.62,5.27,10.99,11.25,-12.66,10.9,-46.49,90.44,-0.7,12.13,-13.89,15.56,-54.49,93.43,15.91,2.37,5.01,5.74,0.13,5.47,10.93,11.21,-12.76,10.73,-46.57,90.71,-0.8,11.74,-13.92,15.45,-54.55,93.54,15.84,2.28,5.2,0.164,0.457,-0.7003,0.3122,0.6584,-0.9148,0.3067,-0.3923,0.3025,-0.0229,0.6679,-0.9285,0.4415,-0.5374,0.3358,0.4526,0.496,-0.7035,0.006,0.006,0.0,0.0,0.0,0.0,0.0,0.0,0.0,0.0,0.0,0.0,0.0,0.0,0.0,0.0,0.0,0.006,0.0936,0.0,0.089,0.1963,0.1871,-0.2224,0.1933,-0.8145,1.5677,-0.0123,0.2025,-0.2485,0.273,-0.9541,1.6306,0.2838,0.0307,0.0828,-0.0161,-0.0006,0.0174,0.0,-0.0004,-0.0006,-0.0001,-0.0035,-0.0014,0.0,-0.0001,-0.0052,0.0,-0.0002,-0.0026,-0.0001,-0.0003,0.0079,0.0278,-0.0679,-0.0041,-0.001,0.0104,0.1636,0.4569,-0.7009,0.3127,0.6572,-0.9142,0.3067,-0.3918,0.3019,-0.023,0.6674,-0.9287,0.4418,-0.5365,0.3355,0.4527,0.4953,-0.7032,0.0,0.0,0.0,0.0,0.0,0.0,0.0,0.0,0.0,
4.44,run,1.31,2.72,-0.15,-0.04,0.95,0.0,0.0,0.0,0.111,5.27,0.62,5.27,10.99,11.25,-12.66,10.9,-46.49,90.53,-0.7,12.13,-13.8,15.56,-54.49,93.43,15.91,2.46,5.01,5.71,0.13,5.51,10.9,11.13,-12.79,10.71,-46.62,90.77,-0.75,11.69,-14.02,15.48,-54.53,93.64,15.89,2.23,5.19,0.1631,0.4569,-0.6999,0.3116,0.6569,-0.9152,0.3061,-0.3931,0.3032,-0.0215,0.667,-0.9296,0.4422,-0.5369,0.337,0.454,0.495,-0.7036,0.006,0.006,0.0,0.0,0.0,0.0,0.0,0.0,0.0,0.0,0.0,0.0,0.0,0.0,0.0,0.0,0.0,0.006,0.1043,0.0,0.089,0.1963,0.1871,-0.224,0.1933,-0.8145,1.5677,-0.0123,0.2025,-0.247,0.273,-0.9541,1.6306,0.2838,0.0307,0.0828,0.0284,-0.0004,0.0122,0.0,-0.0003,-0.0061,-0.0,-0.0025,-0.0009,0.0,-0.0001,0.0021,0.0,-0.0002,-0.0018,-0.0001,-0.0002,0.0055,0.0262,-0.0683,-0.0009,-0.0035,-0.0141,0.164,0.457,-0.7003,0.3122,0.6584,-0.9148,0.3067,-0.3923,0.3025,-0.0229,0.6679,-0.9285,0.4415,-0.5374,0.3358,0.4526,0.496,-0.7035,0.0,0.0,0.0,0.0,0.0,0.0,0.0,0.0,0.0,
4.48,run,1.29,2.74,0.43,0.29,-0.63,0.0,0.0,0.0,0.111,5.71,0.62,5.27,10.99,11.25,-12.66,10.9,-46.49,90.53,-0.7,12.13,-13.8,15.56,-54.49,93.43,15.91,2.46,5.01,5.76,0.14,5.53,10.94,11.26,-12.68,10.73,-46.56,90.78,-0.83,11.74,-13.86,15.42,-54.59,93.51,15.78,2.27,5.21,0.1646,0.457,-0.6996,0.3126,0.6593,-0.9139,0.3065,-0.392,0.3033,-0.0238,0.668,-0.9277,0.4404,-0.538,0.3354,0.4508,0.4958,-0.7035,0.006,0.006,0.0,0.0,0.0,0.0,0.0,0.0,0.0,0.0,0.0,0.0,0.0,0.0,0.0,0.0,0.0,0.006,0.0905,0.0,0.089,0.1963,0.1871,-0.224,0.1933,-0.8145,1.5693,-0.0123,0.2025,-0.2454,0.273,-0.9541,1.6306,0.2838,0.0322,0.0828,-0.0291,-0.0003,0.0085,0.0,-0.0002,-0.0043,-0.0,-0.0017,0.0048,0.0,-0.0001,0.0069,0.0,-0.0001,-0.0013,-0.0,0.0053,0.0038,0.0233,-0.0682,-0.0027,-0.0007,0.0166,0.1631,0.4569,-0.6999,0.3116,0.6569,-0.9152,0.3061,-0.3931,0.3032,-0.0215,0.667,-0.9296,0.4422,-0.5369,0.337,0.454,0.495,-0.7036,0.0,0.0,0.0,0.0,0.0,0.0,0.0,0.0,0.0,
4.52,run,1.28,2.76,0.28,0.11,0.1,0.0,0.0,0.0,0.111,5.89,0.62,5.27,10.99,11.25,-12.66,10.9,-46.49,90.62,-0.7,12.13,-13.89,15.47,-54.49,93.43,15.91,2.46,5.01,5.72,0.11,5.61,10.9,11.18,-12.78,10.7,-46.65,90.74,-0.77,11.67,-13.93,15.44,-54.6,93.55,15.84,2.25,5.11,0.1633,0.4566,-0.6987,0.3113,0.6578,-0.915,0.3057,-0.3936,0.3029,-0.0221,0.6668,-0.9286,0.4412,-0.5382,0.3359,0.4526,0.4954,-0.7046,0.0,0.006,0.0,0.0,0.0,0.0,0.0,0.006,0.0,0.0,0.006,0.0,0.0,0.0,0.0,0.0,0.006,0.0,0.0982,0.0,0.089,0.1963,0.1871,-0.224,0.1933,-0.8145,1.5693,-0.0123,0.2025,-0.2454,0.273,-0.9541,1.6306,0.2838,0.0322,0.0828,0.0083,-0.0002,0.006,0.0,-0.0001,-0.003,-0.0,-0.0012,0.0033,0.0,-0.0,0.0048,0.0,-0.0001,-0.0009,-0.0,0.0037,0.0027,0.0221,-0.0666,0.0075,0.0051,-0.011,0.1646,0.457,-0.6996,0.3126,0.6593,-0.9139,0.3065,-0.392,0.3033,-0.0238,0.668,-0.9277,0.4404,-0.538,0.3354,0.4508,0.4958,-0.7035,0.0,0.0,0.0,0.0,0.0,0.0,0.0,0.0,0.0,
4.56,run,1.24,2.76,-0.18,-0.17,0.93,0.0,0.0,0.0,0.111,5.27,0.62,5.27,10.99,11.25,-12.66,10.9,-46.58,90.62,-0.7,12.13,-13.89,15.47,-54.49,93.43,15.91,2.46,5.01,5.71,0.12,5.61,10.9,11.2,-12.78,10.7,-46.6,90.83,-0.76,11.67,-13.89,15.43,-54.56,93.64,15.83,2.22,5.19,0.1632,0.4567,-0.6988,0.3114,0.6582,-0.915,0.3057,-0.3928,0.3039,-0.0217,0.6667,-0.9282,0.441,-0.5375,0.3369,0.4522,0.4949,-0.7036,0.0,0.006,0.0,0.0,0.0,0.0,0.0,0.006,0.0,0.0,0.006,0.0,0.0,0.0,0.0,0.0,0.006,0.0,0.1012,0.0,0.089,0.1963,0.1871,-0.224,0.1933,-0.8145,1.5708,-0.0123,0.2025,-0.247,0.2715,-0.9541,1.6306,0.2838,0.0322,0.0828,0.0172,-0.0001,0.0042,0.0,-0.0001,-0.0021,-0.0,-0.0008,0.0081,0.0,-0.0,-0.0024,-0.0057,-0.0001,-0.0006,-0.0,0.0026,0.0019,0.0206,-0.0645,0.0049,0.0019,0.0018,0.1633,0.4566,-0.6987,0.3113,0.6578,-0.915,0.3057,-0.3936,0.3029,-0.0221,0.6668,-0.9286,0.4412,-0.5382,0.3359,0.4526,0.4954,-0.7046,0.0,0.0,0.0,0.0,0.0,0.0,0.0,0.0,0.0,
4.6,run,1.24,2.76,0.41,0.22,-0.87,0.0,0.0,0.0,0.111,5.89,0.62,5.27,10.99,11.25,-12.74,10.9,-46.67,90.62,-0.7,12.13,-13.89,15.47,-54.49,93.43,15.91,2.46,5.01,5.75,0.15,5.64,10.92,11.33,-12.81,10.74,-46.6,90.92,-0.83,11.76,-13.84,15.42,-54.63,93.58,15.78,2.29,5.26,0.1643,0.4573,-0.6984,0.312,0.6605,-0.9154,0.3068,-0.3927,0.3049,-0.0236,0.6683,-0.9275,0.4406,-0.5387,0.3363,0.4509,0.4962,-0.7028,0.0,0.006,0.0,0.0,0.0,0.0,0.0,0.006,0.0,0.0,0.006,0.0,0.0,0.0,0.0,0.0,0.006,0.0,0.0905,0.0,0.089,0.1963,0.1871,-0.224,0.1933,-0.8161,1.5708,-0.0123,0.2025,-0.247,0.2715,-0.9541,1.6306,0.2838,0.0322,0.0828,-0.0284,-0.0001,0.0029,0.0,-0.0001,-0.0015,-0.0,-0.0064,0.0057,0.0,-0.0,-0.0016,-0.004,-0.0,-0.0004,-0.0,0.0018,0.0013,0.0171,-0.0647,-0.0032,-0.003,0.0163,0.1632,0.4567,-0.6988,0.3114,0.6582,-0.915,0.3057,-0.3928,0.3039,-0.0217,0.6667,-0.9282,0.441,-0.5375,0.3369,0.4522,0.4949,-0.7036,0.0,0.0,0.0,0.0,0.0,0.0,0.0,0.0,0.0,
4.64,run,1.22,2.76,-0.04,-0.12,-0.05,0.0,0.0,0.0,0.111,5.71,0.62,5.27,10.99,11.25,-12.74,10.9,-46.67,90.62,-0.7,12.13,-13.89,15.47,-54.67,93.52,15.91,2.46,5.01,5.71,0.13,5.7,10.87,11.24,-12.89,10.72,-46.69,90.92,-0.76,11.71,-13.97,15.46,-54.62,93.67,15.86,2.28,5.16,0.1631,0.4569,-0.6977,0.3107,0.6588,-0.9163,0.3062,-0.3944,0.3049,-0.0217,0.6674,-0.929,0.4417,-0.5385,0.3373,0.4532,0.4959,-0.704,0.013,0.006,0.006,0.0,0.0,0.006,0.0,0.0,0.0,0.0,0.006,0.0,0.0,0.0,0.006,0.0,0.0,0.0,0.1012,0.0,0.089,0.1963,0.1871,-0.2255,0.1933,-0.8176,1.5708,-0.0123,0.2025,-0.247,0.2715,-0.9541,1.6306,0.2838,0.0322,0.0828,0.0202,-0.0001,0.002,0.0,-0.0,-0.0068,-0.0,-0.0102,0.004,0.0,-0.0,-0.0012,-0.0028,-0.0,-0.0003,-0.0,0.0013,0.0009,0.0171,-0.0645,0.0072,0.0038,-0.0151,0.1643,0.4573,-0.6984,0.312,0.6605,-0.9154,0.3068,-0.3927,0.3049,-0.0236,0.6683,-0.9275,0.4406,-0.5387,0.3363,0.4509,0.4962,-0.7028,0.0,0.0,0.0,0.0,0.0,0.0,0.0,0.0,0.0,
4.68,run,1.2,2.76,-0.08,0.07,0.85,0.0,0.0,0.0,0.111,5.36,0.62,5.27,10.99,11.25,-12.74,10.9,-46.67,90.62,-0.7,12.13,-13.89,15.47,-54.67,93.6,15.91,2.46,5.01,5.73,0.18,5.68,10.9,11.28,-12.89,10.73,-46.64,90.97,-0.79,11.74,-13.9,15.43,-54.61,93.65,15.82,2.26,5.29,0.1637,0.4578,-0.6979,0.3114,0.6597,-0.9164,0.3065,-0.3934,0.3056,-0.0226,0.6679,-0.9283,0.4409,-0.5384,0.3371,0.452,0.4957,-0.7025,0.013,0.006,0.006,0.0,0.0,0.006,0.0,0.0,0.0,0.0,0.006,0.0,0.0,0.0,0.006,0.0,0.0,0.0,0.0982,0.0,0.089,0.1963,0.1871,-0.2255,0.1933,-0.8176,1.5708,-0.0123,0.2025,-0.247,0.2715,-0.9572,1.6322,0.2838,0.0322,0.0828,0.0027,-0.0,0.0014,0.0,-0.0,-0.0047,-0.0,-0.0071,0.0028,0.0,-0.0,-0.0008,-0.002,-0.0115,0.0055,-0.0,0.0009,0.0006,0.0157,-0.0649,-0.0007,-0.0021,-0.0009,0.1631,0.4569,-0.6977,0.3107,0.6588,-0.9163,0.3062,-0.3944,0.3049,-0.0217,0.6674,-0.929,0.4417,-0.5385,0.3373,0.4532,0.4959,-0.704,0.0,0.0,0.0,0.0,0.0,0.0,0.0,0.0,0.0,
4.72,run,1.18,2.78,0.12,0.02,-0.65,0.0,0.0,0.0,0.111,6.06,0.62,5.45,10.99,11.25,-12.83,10.9,-46.67,90.62,-0.7,12.13,-13.89,15.47,-54.67,93.6,15.91,2.46,5.01,5.75,0.19,5.67,10.91,11.36,-12.88,10.73,-46.61,91.01,-0.81,11.76,-13.86,15.41,-54.65,93.65,15.78,2.28,5.27,0.1644,0.4579,-0.698,0.3117,0.6611,-0.9162,0.3067,-0.3929,0.3061,-0.0233,0.6684,-0.9277,0.4404,-0.539,0.3371,0.4508,0.496,-0.7027,0.013,0.006,0.006,0.0,0.0,0.006,0.0,0.0,0.0,0.0,0.006,0.0,0.0,0.0,0.006,0.0,0.0,0.0,0.092,0.0,0.089,0.1963,0.1871,-0.2255,0.1933,-0.8176,1.5708,-0.0123,0.2025,-0.247,0.2715,-0.9572,1.6337,0.2838,0.0322,0.0828,-0.0213,-0.0,0.001,0.0,-0.0,-0.0033,-0.0,-0.005,0.0019,0.0,-0.0,-0.0006,-0.0014,-0.0081,0.0097,-0.0,0.0006,0.0005,0.0139,-0.0642,-0.0015,0.0013,0.0148,0.1637,0.4578,-0.6979,0.3114,0.6597,-0.9164,0.3065,-0.3934,0.3056,-0.0226,0.6679,-0.9283,0.4409,-0.5384,0.3371,0.452,0.4957,-0.7025,0.0,0.0,0.0,0.0,0.0,0.0,0.0,0.0,0.0,
4.76,run,1.15,2.79,-0.34,-0.19,0.77,0.0,0.0,0.0,0.111,5.54,0.62,5.54,10.99,11.25,-12.74,10.9,-46.67,90.88,-0.7,12.13,-13.89,15.47,-54.67,93.6,15.91,2.46,5.01,5.72,0.21,5.7,10.88,11.28,-12.96,10.71,-46.69,91.1,-0.75,11.72,-13.97,15.46,-54.63,93.81,15.86,2.26,5.26,0.1635,0.4583,-0.6977,0.3109,0.6596,-0.9172,0.306,-0.3943,0.307,-0.0216,0.6676,-0.9291,0.4417,-0.5386,0.3389,0.4533,0.4956,-0.7028,0.013,0.006,0.0,0.0,0.0,0.006,0.006,0.0,0.0,0.0,0.006,0.0,0.0,0.0,0.006,0.0,0.006,0.0,0.1043,0.0,0.092,0.1963,0.1871,-0.227,0.1933,-0.8176,1.5708,-0.0123,0.2025,-0.247,0.2715,-0.9572,1.6337,0.2838,0.0322,0.0828,0.0309,-0.0,0.0122,0.0,-0.0,-0.008,-0.0,-0.0035,0.0014,0.0,-0.0,-0.0004,-0.001,-0.0056,0.0068,-0.0,0.0004,0.0003,0.0125,-0.063,0.002,0.0003,-0.0113,0.1644,0.4579,-0.698,0.3117,0.6611,-0.9162,0.3067,-0.3929,0.3061,-0.0233,0.6684,-0.9277,0.4404,-0.539,0.3371,0.4508,0.496,-0.7027,0.0,0.0,0.0,0.0,0.0,0.0,0.0,0.0,0.0,
4.8,run,1.13,2.79,-0.27,-0.22,0.16,0.0,0.0,0.0,0.111,5.54,0.62,5.54,10.99,11.25,-12.83,10.9,-46.67,90.97,-0.7,12.13,-13.89,15.47,-54.67,93.6,15.91,2.46,5.01,5.77,0.25,5.71,10.92,11.4,-12.98,10.73,-46.66,91.18,-0.83,11.8,-13.88,15.43,-54.69,93.79,15.8,2.3,5.37,0.1649,0.459,-0.6976,0.3119,0.6619,-0.9174,0.3066,-0.3938,0.308,-0.0237,0.669,-0.928,0.4408,-0.5398,0.3388,0.4515,0.4964,-0.7015,0.013,0.006,0.0,0.0,0.0,0.006,0.006,0.0,0.0,0.0,0.006,0.0,0.0,0.0,0.006,0.0,0.006,0.0,0.0951,0.0,0.0936,0.1963,0.1871,-0.2255,0.1933,-0.8176,1.5754,-0.0123,0.2025,-0.247,0.2715,-0.9572,1.6337,0.2838,0.0322,0.0828,-0.0129,-0.0,0.0143,0.0,-0.0,0.0001,-0.0,-0.0024,0.0182,0.0,-0.0,-0.0003,-0.0007,-0.0039,0.0047,-0.0,0.0003,0.0002,0.0098,-0.0621,-0.0059,-0.0033,0.0134,0.1635,0.4583,-0.6977,0.3109,0.6596,-0.9172,0.306,-0.3943,0.307,-0.0216,0.6676,-0.9291,0.4417,-0.5386,0.3389,0.4533,0.4956,-0.7028,0.0,0.0,0.0,0.0,0.0,0.0,0.0,0.0,0.0,
4.84,run,1.12,2.8,0.24,0.26,-0.75,0.0,0.0,0.0,0.111,6.06,0.62,5.54,10.99,11.25,-12.92,10.9,-46.67,90.97,-0.7,12.13,-13.89,15.47,-54.67,93.69,15.91,2.46,5.01,5.78,0.27,5.75,10.91,11.43,-13.02,10.73,-46.71,91.26,-0.83,11.81,-13.92,15.44,-54.73,93.84,15.82,2.33,5.37,0.165,0.4594,-0.6971,0.3116,0.6624,-0.9179,0.3066,-0.3946,0.3089,-0.0237,0.6694,-0.9284,0.441,-0.5405,0.3393,0.4519,0.4969,-0.7016,0.013,0.006,0.0,0.0,0.0,0.006,0.006,0.0,0.0,0.0,0.006,0.0,0.0,0.0,0.006,0.0,0.006,0.0,0.0951,0.0,0.0936,0.1963,0.1871,-0.227,0.1933,-0.8176,1.5769,-0.0123,0.2025,-0.247,0.2715,-0.9572,1.6337,0.2838,0.0322,0.0828,-0.009,-0.0,0.01,0.0,-0.0,-0.0057,-0.0,-0.0017,0.0185,0.0,-0.0,-0.0002,-0.0005,-0.0028,0.0033,-0.0,0.0002,0.0002,0.0074,-0.0623,-0.0048,-0.0038,0.0027,0.1649,0.459,-0.6976,0.3119,0.6619,-0.9174,0.3066,-0.3938,0.308,-0.0237,0.669,-0.928,0.4408,-0.5398,0.3388,0.4515,0.4964,-0.7015,0.0,0.0,0.0,0.0,0.0,0.0,0.0,0.0,0.0,
4.88,run,1.09,2.8,-0.33,-0.14,0.9,0.0,0.0,0.0,0.111,5.45,0.62,5.54,10.99,11.25,-12.92,10.9,-46.67,90.97,-0.7,12.13,-13.89,15.47,-54.67,93.69,15.91,2.46,5.01,5.74,0.25,5.77,10.87,11.36,-13.04,10.7,-46.73,91.27,-0.77,11.75,-13.96,15.46,-54.71,93.93,15.85,2.28,5.29,0.1641,0.4591,-0.6968,0.3107,0.6611,-0.9181,0.3058,-0.3951,0.309,-0.0219,0.6681,-0.929,0.4416,-0.5401,0.3404,0.4528,0.4959,-0.7025,0.006,0.006,0.006,0.0,0.0,0.0,0.0,0.0,0.006,0.0,0.006,0.0,0.0,0.0,0.0,0.0,0.0,0.006,0.1043,0.0,0.0936,0.1963,0.1871,-0.2286,0.1933,-0.8176,1.5769,-0.0123,0.2025,-0.247,0.2715,-0.9572,1.6352,0.2838,0.0322,0.0828,0.0282,-0.0,0.007,0.0,-0.0,-0.0097,-0.0,-0.0012,0.0129,0.0,-0.0,-0.0001,-0.0003,-0.0019,0.0081,-0.0,0.0002,0.0001,0.007,-0.0613,0.0041,0.0045,-0.013,0.165,0.4594,-0.6971,0.3116,0.6624,-0.9179,0.3066,-0.3946,0.3089,-0.0237,0.6694,-0.9284,0.441,-0.5405,0.3393,0.4519,0.4969,-0.7016,0.0,0.0,0.0,0.0,0.0,0.0,0.0,0.0,0.0,
4.92,run,1.1,2.81,0.5,0.31,-0.78,0.0,0.0,0.0,0.111,5.71,0.62,5.62,10.99,11.25,-12.92,10.9,-46.67,90.97,-0.7,12.13,-13.89,15.47,-54.67,93.96,15.91,2.46,5.01,5.79,0.28,5.77,10.91,11.49,-12.98,10.73,-46.67,91.34,-0.84,11.83,-13.85,15.42,-54.73,93.88,15.77,2.32,5.4,0.1653,0.4597,-0.6968,0.3117,0.6634,-0.9175,0.3066,-0.394,0.3098,-0.0239,0.6696,-0.9276,0.4407,-0.5406,0.3398,0.4506,0.4967,-0.7012,0.006,0.006,0.006,0.0,0.0,0.0,0.0,0.0,0.006,0.0,0.006,0.0,0.0,0.0,0.0,0.0,0.0,0.006,0.0936,0.0,0.0936,0.1963,0.1871,-0.2286,0.1933,-0.8176,1.5769,-0.0123,0.2025,-0.247,0.2715,-0.9572,1.6352,0.2838,0.0322,0.0828,-0.0204,-0.0,0.0049,0.0,-0.0,-0.0068,-0.0,-0.0008,0.0091,0.0,-0.0,-0.0001,-0.0002,-0.0014,0.0057,-0.0,0.0001,0.0001,0.0042,-0.061,-0.0057,-0.0025,0.0156,0.1641,0.4591,-0.6968,0.3107,0.6611,-0.9181,0.3058,-0.3951,0.309,-0.0219,0.6681,-0.929,0.4416,-0.5401,0.3404,0.4528,0.4959,-0.7025,0.0,0.0,0.0,0.0,0.0,0.0,0.0,0.0,0.0,
4.96,run,1.08,2.82,0.24,0.14,0.12,0.0,0.0,0.0,0.111,6.06,0.62,5.62,10.99,11.25,-13.01,10.9,-46.67,90.97,-0.7,12.13,-13.89,15.47,-54.67,93.96,15.82,2.46,5.01,5.76,0.29,5.77,10.88,11.43,-13.09,10.71,-46.78,91.3,-0.79,11.75,-13.92,15.45,-54.82,93.92,15.82,2.29,5.23,0.1644,0.4598,-0.6969,0.311,0.6623,-0.9187,0.3059,-0.3959,0.3094,-0.0225,0.6682,-0.9285,0.4415,-0.5422,0.3402,0.452,0.4962,-0.7031,0.006,0.006,0.006,0.0,0.0,0.0,0.0,0.0,0.006,0.0,0.006,0.0,0.0,0.0,0.0,0.0,0.0,0.006,0.0982,0.0,0.0951,0.1963,0.1871,-0.2286,0.1933,-0.8176,1.5769,-0.0123,0.2025,-0.247,0.2715,-0.9572,1.6398,0.2838,0.0322,0.0828,0.003,-0.0,0.0092,0.0,-0.0,-0.0048,-0.0,-0.0006,0.0063,0.0,-0.0,-0.0001,-0.0002,-0.0009,0.0212,-0.0,0.0001,0.0001,0.0048,-0.0599,0.0087,0.0054,-0.0135,0.1653,0.4597,-0.6968,0.3117,0.6634,-0.9175,0.3066,-0.394,0.3098,-0.0239,0.6696,-0.9276,0.4407,-0.5406,0.3398,0.4506,0.4967,-0.7012,0.0,0.0,0.0,0.0,0.0,0.0,0.0,0.0,0.0,
5.0,run,1.05,2.83,-0.16,-0.14,0.72,0.0,0.0,0.0,0.111,5.36,0.62,5.62,10.99,11.25,-12.92,10.9,-46.67,90.97,-0.7,12.13,-13.89,15.47,-54.76,93.96,15.82,2.46,5.01,5.75,0.29,5.75,10.89,11.41,-13.02,10.7,-46.68,91.39,-0.76,11.72,-13.89,15.45,-54.72,94.05,15.81,2.23,5.34,0.1644,0.4597,-0.697,0.3111,0.6619,-0.9179,0.3057,-0.3941,0.3104,-0.0217,0.6677,-0.9281,0.4413,-0.5403,0.3418,0.4516,0.4951,-0.7018,0.013,0.006,0.0,0.0,0.006,0.0,0.0,0.0,0.006,0.0,0.013,0.0,0.0,0.0,0.0,0.0,0.0,0.006,0.1043,0.0,0.0951,0.1963,0.1871,-0.2301,0.1933,-0.8176,1.5769,-0.0123,0.2025,-0.247,0.2715,-0.9572,1.6398,0.2823,0.0322,0.0828,0.025,-0.0,0.0064,0.0,-0.0,-0.0091,-0.0,-0.0004,0.0044,0.0,-0.0,-0.0,-0.0001,-0.0007,0.0149,-0.0057,0.0001,0.0,0.0036,-0.0589,0.0043,0.0025,0.002,0.1644,0.4598,-0.6969,0.311,0.6623,-0.9187,0.3059,-0.3959,0.3094,-0.0225,0.6682,-0.9285,0.4415,-0.5422,0.3402,0.452,0.4962,-0.7031,0.0,0.0,0.0,0.0,0.0,0.0,0.0,0.0,0.0,
5.04,run,1.06,2.82,0.29,0.13,-1.04,0.7,0.0,0.0,0.111,5.89,0.62,5.62,10.99,11.25,-12.92,10.9,-46.67,91.23,-0.7,12.13,-13.89,15.47,-54.84,93.96,15.82,2.46,5.01,5.88,0.75,5.48,11.05,11.93,-13.32,10.84,-46.63,92.09,-0.87,12.17,-13.99,15.46,-54.78,95.18,15.92,2.54,5.61,0.1681,0.4682,-0.7002,0.3156,0.6714,-0.9214,0.3098,-0.3933,0.3187,-0.025,0.6759,-0.9293,0.4416,-0.5414,0.3551,0.4549,0.5008,-0.6987,0.013,0.006,0.0,0.0,0.006,0.0,0.0,0.0,0.006,0.0,0.013,0.0,0.0,0.0,0.0,0.0,0.0,0.006,0.092,0.0,0.0951,0.1963,0.1871,-0.2286,0.1933,-0.8176,1.5769,-0.0123,0.2025,-0.247,0.2715,-0.9587,1.6398,0.2823,0.0322,0.0828,-0.0286,-0.0,0.0045,0.0,-0.0,-0.0006,-0.0,-0.0003,0.0031,0.0,-0.0,-0.0,-0.0001,-0.0062,0.0104,-0.004,0.0,0.0,0.001,-0.0589,-0.0028,-0.0025,0.0126,0.1644,0.4597,-0.697,0.3111,0.6619,-0.9179,0.3057,-0.3941,0.3104,-0.0217,0.6677,-0.9281,0.4413,-0.5403,0.3418,0.4516,0.4951,-0.7018,0.0,0.0,0.0148,0.0,0.0,0.0,0.0,0.0,0.0,
5.08,run,1.05,2.82,-0.01,0.02,0.11,1.5,0.0,0.0,0.111,5.8,0.62,5.62,10.99,11.25,-13.1,10.9,-46.67,91.23,-0.7,12.13,-13.89,15.47,-54.84,93.96,15.82,2.46,5.01,5.99,1.15,5.18,11.13,12.26,-13.61,10.93,-46.66,92.88,-0.86,12.53,-14.31,15.55,-54.74,96.64,16.18,2.81,5.82,0.171,0.4754,-0.7037,0.3181,0.6775,-0.9249,0.3124,-0.3937,0.3279,-0.0246,0.6823,-0.933,0.4442,-0.5407,0.3722,0.4623,0.5056,-0.6962,0.013,0.006,0.0,0.0,0.006,0.0,0.0,0.0,0.006,0.0,0.013,0.0,0.0,0.0,0.0,0.0,0.0,0.006,0.1012,0.0,0.0951,0.1963,0.1871,-0.2286,0.1933,-0.8176,1.5815,-0.0123,0.2025,-0.247,0.2715,-0.9603,1.6398,0.2823,0.0322,0.0828,0.0129,-0.0,0.0031,0.0,-0.0,-0.0004,-0.0,-0.0002,0.0186,0.0,-0.0,-0.0,-0.0001,-0.0098,0.0073,-0.0028,0.0,0.0,0.0017,-0.059,0.0051,0.0023,-0.0182,0.1681,0.4682,-0.7002,0.3156,0.6714,-0.9214,0.3098,-0.3933,0.3187,-0.025,0.6759,-0.9293,0.4416,-0.5414,0.3551,0.4549,0.5008,-0.6987,0.0,0.0,0.0296,0.0,0.0,0.0,0.0,0.0,0.0,
5.12,run,1.02,2.83,-0.49,-0.32,0.9,2.2,0.0,0.0,0.111,5.71,0.7,5.54,10.99,11.69,-13.45,10.9,-46.67,91.49,-0.79,12.13,-14.15,15.47,-54.84,94.66,16.0,2.46,5.45,6.14,1.55,4.81,11.26,12.73,-13.68,11.07,-46.52,93.73,-0.91,12.96,-14.46,15.6,-54.64,98.04,16.33,3.1,6.16,0.1754,0.4827,-0.7081,0.3216,0.686,-0.9256,0.3162,-0.3913,0.338,-0.026,0.6902,-0.9348,0.4457,-0.5388,0.3887,0.4666,0.5109,-0.6922,0.006,0.0,0.006,0.006,0.0,0.006,0.0,0.0,0.013,0.0,0.006,0.006,0.0,0.006,0.0,0.0,0.006,0.006,0.0997,0.0,0.0951,0.1963,0.1871,-0.2316,0.1933,-0.8176,1.5815,-0.0123,0.2025,-0.247,0.2715,-0.9603,1.6398,0.2823,0.0322,0.0828,0.0034,-0.0,0.0022,0.0,-0.0,-0.0117,-0.0,-0.0001,0.0131,0.0,-0.0,-0.0,-0.0,-0.0069,0.0051,-0.002,0.0,0.0,0.0011,-0.0593,-0.0003,0.0003,0.0019,0.171,0.4754,-0.7037,0.3181,0.6775,-0.9249,0.3124,-0.3937,0.3279,-0.0246,0.6823,-0.933,0.4442,-0.5407,0.3722,0.4623,0.5056,-0.6962,0.0,0.0,0.0444,0.0,0.0,0.0,0.0,0.0,0.0,
5.16,run,1.02,2.84,0.34,0.19,-1.57,3.0,0.0,0.0,0.111,6.42,1.05,5.27,10.99,12.13,-13.62,10.9,-46.67,91.67,-0.79,12.57,-14.33,15.47,-54.76,95.36,16.26,2.81,5.71,6.3,2.14,4.14,11.47,13.22,-13.75,11.15,-46.41,94.54,-0.99,13.31,-14.61,15.66,-54.66,99.45,16.45,3.25,6.39,0.1799,0.4934,-0.716,0.3278,0.6949,-0.9264,0.3186,-0.3893,0.3476,-0.0284,0.6966,-0.9366,0.4473,-0.5393,0.4053,0.4699,0.5137,-0.6895,0.006,0.0,0.006,0.006,0.0,0.006,0.0,0.0,0.013,0.0,0.006,0.006,0.0,0.006,0.0,0.0,0.006,0.006,0.0982,0.0015,0.0936,0.1963,0.1948,-0.2378,0.1933,-0.8176,1.5861,-0.0138,0.2025,-0.2516,0.2715,-0.9603,1.6521,0.2853,0.0322,0.0905,-0.0034,0.0058,-0.0042,0.0,0.0288,-0.0312,-0.0,-0.0001,0.0264,-0.0058,-0.0,-0.0173,-0.0,-0.0048,0.0497,0.0102,0.0,0.0288,-0.002,-0.0586,-0.0085,-0.0055,0.0156,0.1754,0.4827,-0.7081,0.3216,0.686,-0.9256,0.3162,-0.3913,0.338,-0.026,0.6902,-0.9348,0.4457,-0.5388,0.3887,0.4666,0.5109,-0.6922,0.0,0.0,0.0592,0.0,0.0,0.0,0.0,0.0,0.0,
5.2,run,0.96,2.83,-0.88,-0.38,1.25,3.7,0.0,0.0,0.111,5.98,1.49,4.92,10.99,12.57,-13.54,10.9,-46.49,92.72,-0.97,12.83,-14.41,15.47,-54.76,96.42,16.26,3.08,6.06,6.34,2.54,3.57,11.66,13.37,-13.6,11.11,-46.43,95.08,-1.01,13.39,-14.76,15.71,-54.66,100.7,16.58,3.2,6.32,0.181,0.5008,-0.7227,0.333,0.6977,-0.9247,0.3174,-0.3897,0.3538,-0.029,0.698,-0.9383,0.4488,-0.5392,0.42,0.4737,0.5127,-0.6904,0.006,0.0,0.006,0.006,0.0,0.006,0.0,0.0,0.013,0.0,0.006,0.006,0.0,0.006,0.0,0.0,0.006,0.006,0.1104,0.0077,0.089,0.1963,0.2025,-0.2408,0.1933,-0.8176,1.5892,-0.0138,0.2102,-0.2546,0.2715,-0.9587,1.6644,0.2899,0.0383,0.0951,0.0436,0.027,-0.0202,0.0,0.0489,-0.0334,-0.0,-0.0001,0.03,-0.004,0.0287,-0.0236,-0.0,0.0024,0.0808,0.0244,0.023,0.0374,-0.0017,-0.0574,0.006,0.0034,-0.0274,0.1799,0.4934,-0.716,0.3278,0.6949,-0.9264,0.3186,-0.3893,0.3476,-0.0284,0.6966,-0.9366,0.4473,-0.5393,0.4053,0.4699,0.5137,-0.6895,0.0,0.0,0.074,0.0,0.0,0.0,0.0,0.0,0.0,
5.24,run,0.94,2.86,0.09,0.26,0.59,4.4,0.0,0.0,0.111,6.24,1.93,4.48,11.25,13.01,-13.45,10.9,-46.32,93.52,-1.05,13.18,-14.68,15.64,-54.76,97.73,16.52,3.08,6.15,6.48,3.18,2.79,12.0,13.74,-13.45,11.14,-46.04,95.67,-1.19,13.58,-14.58,15.65,-54.6,101.84,16.52,3.1,6.75,0.185,0.5123,-0.7319,0.3428,0.7043,-0.9229,0.3182,-0.3826,0.3608,-0.0341,0.7015,-0.9362,0.4471,-0.5382,0.4334,0.4721,0.511,-0.6853,0.006,0.0,0.006,0.013,0.006,0.0,0.0,0.0,0.019,0.006,0.0,0.0,0.0,0.006,0.013,0.0,0.0,0.006,0.1028,0.0153,0.0828,0.1963,0.2102,-0.2393,0.1933,-0.8145,1.6076,-0.0169,0.2148,-0.2562,0.2715,-0.9587,1.6828,0.2899,0.043,0.1012,0.0017,0.0477,-0.0372,0.0,0.063,-0.0176,-0.0,0.0115,0.0901,-0.0143,0.0374,-0.0223,-0.0,0.0017,0.1256,0.017,0.0334,0.0492,-0.0071,-0.0588,-0.0154,-0.0066,0.0218,0.181,0.5008,-0.7227,0.333,0.6977,-0.9247,0.3174,-0.3897,0.3538,-0.029,0.698,-0.9383,0.4488,-0.5392,0.42,0.4737,0.5127,-0.6904,0.0,0.0,0.0888,0.0,0.0,0.0,0.0,0.0,0.0,
5.28,run,0.91,2.86,-0.2,-0.11,-0.51,5.2,0.0,0.0,0.111,6.77,2.46,3.87,11.43,13.36,-13.45,10.9,-46.32,94.22,-1.05,13.36,-14.68,15.56,-54.76,99.14,16.52,3.08,6.33,6.49,3.7,2.09,12.22,13.96,-13.72,11.07,-45.9,96.02,-1.24,13.65,-14.66,15.66,-54.7,102.8,16.6,2.98,6.68,0.1855,0.5218,-0.7402,0.3492,0.7083,-0.9261,0.3164,-0.38,0.3649,-0.0353,0.7028,-0.9372,0.4473,-0.5399,0.4447,0.4744,0.5086,-0.6861,0.006,0.0,0.006,0.013,0.006,0.0,0.0,0.0,0.019,0.006,0.0,0.0,0.0,0.006,0.013,0.0,0.0,0.006,0.1074,0.023,0.0752,0.201,0.2178,-0.2378,0.1933,-0.8115,1.6214,-0.0184,0.2209,-0.2608,0.2746,-0.9587,1.7058,0.2945,0.043,0.1028,0.0185,0.0622,-0.0548,0.0173,0.0729,-0.0066,-0.0,0.0195,0.1149,-0.0158,0.0492,-0.0329,0.0115,0.0012,0.1743,0.0292,0.0234,0.0402,-0.0092,-0.0561,0.0016,0.0046,0.0103,0.185,0.5123,-0.7319,0.3428,0.7043,-0.9229,0.3182,-0.3826,0.3608,-0.0341,0.7015,-0.9362,0.4471,-0.5382,0.4334,0.4721,0.511,-0.6853,0.0,0.0,0.1036,0.0,0.0,0.0,0.0,0.0,0.0,
5.32,run,0.87,2.85,-0.55,-0.45,0.61,5.9,0.0,0.0,0.111,6.15,2.99,3.25,11.69,13.62,-13.54,10.9,-46.05,94.75,-1.14,13.54,-14.68,15.56,-54.67,100.37,16.52,3.08,6.5,6.49,4.22,1.47,12.46,14.06,-13.85,11.07,-45.63,96.52,-1.25,13.65,-14.59,15.67,-54.66,103.77,16.65,2.74,6.9,0.1854,0.5312,-0.7474,0.3559,0.7101,-0.9276,0.3162,-0.375,0.3708,-0.0358,0.7027,-0.9363,0.4477,-0.5392,0.4561,0.4756,0.5043,-0.6835,0.006,0.0,0.006,0.013,0.006,0.0,0.0,0.0,0.019,0.006,0.0,0.0,0.0,0.006,0.013,0.0,0.0,0.006,0.1166,0.0322,0.0644,0.204,0.224,-0.2378,0.1933,-0.8115,1.6337,-0.0184,0.224,-0.2608,0.273,-0.9587,1.7303,0.2945,0.043,0.1058,0.0475,0.078,-0.0786,0.0236,0.074,-0.0046,-0.0,0.0137,0.1264,-0.0111,0.0459,-0.023,0.0023,0.0008,0.214,0.0204,0.0164,0.0397,-0.0117,-0.0556,-0.0035,-0.0019,-0.0089,0.1855,0.5218,-0.7402,0.3492,0.7083,-0.9261,0.3164,-0.38,0.3649,-0.0353,0.7028,-0.9372,0.4473,-0.5399,0.4447,0.4744,0.5086,-0.6861,0.0,0.0,0.1184,0.0,0.0,0.0,0.0,0.0,0.0,
5.36,run,0.88,2.86,0.57,0.39,-0.5,6.7,0.0,0.0,0.111,6.68,3.52,2.55,11.95,13.89,-13.8,10.9,-45.79,95.36,-1.14,13.54,-14.68,15.56,-54.67,101.6,16.52,3.08,6.59,6.56,4.8,0.74,12.74,14.33,-13.78,11.08,-45.24,96.89,-1.39,13.76,-14.35,15.64,-54.69,104.49,16.6,2.66,7.1,0.1875,0.5418,-0.756,0.364,0.7151,-0.9268,0.3167,-0.3681,0.3752,-0.0396,0.7048,-0.9335,0.447,-0.5399,0.4645,0.4743,0.5029,-0.6812,0.006,0.006,0.013,0.006,0.0,0.0,0.0,0.013,0.013,0.006,0.0,0.006,0.0,0.0,0.006,0.0,0.013,0.013,0.1058,0.0414,0.0537,0.2086,0.2286,-0.2393,0.1933,-0.8069,1.6429,-0.0199,0.227,-0.2608,0.273,-0.9572,1.7518,0.2945,0.043,0.1089,-0.0069,0.0891,-0.0952,0.0337,0.069,-0.009,-0.0,0.0268,0.1229,-0.0135,0.0436,-0.0161,0.0016,0.0063,0.2302,0.0143,0.0114,0.0392,-0.0148,-0.0566,-0.0096,-0.0078,0.0106,0.1854,0.5312,-0.7474,0.3559,0.7101,-0.9276,0.3162,-0.375,0.3708,-0.0358,0.7027,-0.9363,0.4477,-0.5392,0.4561,0.4756,0.5043,-0.6835,0.0,0.0,0.1332,0.0,0.0,0.0,0.0,0.0,0.0,
5.4,run,0.87,2.84,-0.28,-0.2,-0.59,7.4,0.0,0.0,0.111,6.77,4.13,1.85,12.22,14.06,-13.62,10.9,-45.7,95.89,-1.41,13.62,-14.41,15.56,-54.67,102.74,16.52,3.08,6.68,6.54,5.28,0.15,12.93,14.39,-13.81,11.03,-44.95,97.13,-1.36,13.71,-14.22,15.63,-54.64,105.28,16.66,2.49,7.07,0.187,0.5505,-0.7629,0.3694,0.7161,-0.9272,0.3152,-0.3627,0.378,-0.0388,0.7037,-0.9321,0.4467,-0.5389,0.4739,0.4759,0.4997,-0.6815,0.006,0.006,0.013,0.006,0.0,0.0,0.0,0.013,0.013,0.006,0.0,0.006,0.0,0.0,0.006,0.0,0.013,0.013,0.115,0.0506,0.0414,0.2132,0.2332,-0.2439,0.1933,-0.8023,1.6536,-0.0199,0.227,-0.2608,0.273,-0.9572,1.7733,0.2945,0.043,0.1104,0.0297,0.0969,-0.1127,0.0409,0.0656,-0.0235,-0.0,0.036,0.1264,-0.0094,0.0305,-0.0113,0.0011,0.0044,0.2417,0.01,0.008,0.0332,-0.0137,-0.056,0.01,0.0067,-0.0087,0.1875,0.5418,-0.756,0.364,0.7151,-0.9268,0.3167,-0.3681,0.3752,-0.0396,0.7048,-0.9335,0.447,-0.5399,0.4645,0.4743,0.5029,-0.6812,0.0,0.0,0.148,0.0,0.0,0.0,0.0,0.0,0.0,
5.44,run,0.84,2.83,-0.37,-0.3,0.93,8.1,0.0,0.0,0.111,6.15,4.57,1.14,12.48,14.24,-13.71,10.9,-45.18,96.24,-1.41,13.62,-14.33,15.56,-54.67,103.8,16.61,2.99,6.77,6.53,5.84,-0.52,13.22,14.46,-13.83,11.04,-44.57,97.41,-1.46,13.76,-14.07,15.64,-54.51,105.98,16.7,2.34,7.4,0.1866,0.5607,-0.7708,0.3776,0.7175,-0.9274,0.3153,-0.3558,0.3812,-0.0417,0.7048,-0.9303,0.4469,-0.5365,0.4821,0.477,0.4971,-0.6776,0.006,0.006,0.013,0.006,0.0,0.0,0.0,0.013,0.013,0.006,0.0,0.006,0.0,0.0,0.006,0.0,0.013,0.013,0.1166,0.0614,0.0291,0.2178,0.2362,-0.2408,0.1933,-0.8007,1.6628,-0.0245,0.2286,-0.2562,0.273,-0.9572,1.7932,0.2945,0.043,0.112,0.0265,0.1081,-0.1249,0.0459,0.0574,-0.005,-0.0,0.031,0.123,-0.0239,0.0271,0.0094,0.0008,0.0031,0.244,0.007,0.0056,0.029,-0.0153,-0.0572,-0.0049,-0.0035,-0.0102,0.187,0.5505,-0.7629,0.3694,0.7161,-0.9272,0.3152,-0.3627,0.378,-0.0388,0.7037,-0.9321,0.4467,-0.5389,0.4739,0.4759,0.4997,-0.6815,0.0,0.0,0.1628,0.0,0.0,0.0,0.0,0.0,0.0,
5.48,run,0.84,2.87,0.18,0.23,-1.02,8.9,0.0,0.0,0.111,6.77,5.1,0.53,12.74,14.33,-13.71,10.9,-44.82,96.68,-1.41,13.62,-14.06,15.56,-54.67,104.68,16.52,2.9,7.03,6.59,6.42,-1.32,13.49,14.65,-13.66,11.04,-44.08,97.56,-1.57,13.84,-13.76,15.6,-54.46,106.56,16.64,2.22,7.54,0.1883,0.5712,-0.7803,0.3855,0.7209,-0.9254,0.3154,-0.347,0.383,-0.0449,0.7062,-0.9266,0.4456,-0.5356,0.4889,0.4753,0.495,-0.676,0.013,0.0,0.006,0.013,0.0,0.0,0.006,0.006,0.013,0.0,0.006,0.006,0.0,0.006,0.006,0.0,0.013,0.0,0.1058,0.069,0.0169,0.2224,0.2393,-0.2424,0.1933,-0.7915,1.669,-0.0245,0.2286,-0.2546,0.273,-0.9572,1.8116,0.2961,0.0414,0.1135,-0.0216,0.1043,-0.1333,0.0493,0.0517,-0.0092,-0.0,0.0561,0.109,-0.0167,0.019,0.0123,0.0006,0.0022,0.2396,0.0106,-0.0018,0.026,-0.0172,-0.0583,-0.0065,-0.0053,0.0162,0.1866,0.5607,-0.7708,0.3776,0.7175,-0.9274,0.3153,-0.3558,0.3812,-0.0417,0.7048,-0.9303,0.4469,-0.5365,0.4821,0.477,0.4971,-0.6776,0.0,0.0,0.1776,0.0,0.0,0.0,0.0,0.0,0.0,
5.52,run,0.83,2.88,-0.13,0.02,0.68,9.6,0.0,0.0,0.111,6.68,5.62,-0.18,12.92,14.41,-13.71,10.9,-44.38,96.94,-1.49,13.71,-13.97,15.56,-54.49,105.64,16.52,2.72,7.29,6.53,6.82,-1.76,13.65,14.59,-13.65,10.97,-43.82,97.69,-1.52,13.74,-13.56,15.59,-54.3,107.23,16.72,2.05,7.61,0.1865,0.5786,-0.7854,0.39,0.7198,-0.9253,0.3134,-0.3421,0.3846,-0.0435,0.7043,-0.9242,0.4456,-0.5328,0.4968,0.4777,0.4918,-0.6752,0.013,0.0,0.006,0.013,0.0,0.0,0.006,0.006,0.013,0.0,0.006,0.006,0.0,0.006,0.006,0.0,0.013,0.0,0.1166,0.0782,0.0061,0.227,0.2408,-0.2424,0.1933,-0.7854,1.6766,-0.0245,0.2286,-0.25,0.273,-0.9572,1.827,0.2945,0.0399,0.1181,0.0253,0.1077,-0.1337,0.0518,0.0419,-0.0065,-0.0,0.0623,0.1052,-0.0117,0.0133,0.0259,0.0004,0.0015,0.2254,0.0017,-0.007,0.0355,-0.0172,-0.0553,0.0032,0.0039,-0.0178,0.1883,0.5712,-0.7803,0.3855,0.7209,-0.9254,0.3154,-0.347,0.383,-0.0449,0.7062,-0.9266,0.4456,-0.5356,0.4889,0.4753,0.495,-0.676,0.0,0.0,0.1924,0.0,0.0,0.0,0.0,0.0,0.0,
5.56,run,0.79,2.88,-0.65,-0.32,0.89,10.4,0.0,0.0,0.111,6.24,6.24,-0.79,13.18,14.5,-13.71,10.9,-44.03,96.94,-1.49,13.71,-13.71,15.56,-54.49,106.26,16.61,2.64,7.29,6.54,7.31,-2.47,13.89,14.69,-13.44,10.98,-43.33,97.87,-1.58,13.78,-13.24,15.57,-54.12,107.89,16.69,1.89,7.85,0.1869,0.5875,-0.7938,0.397,0.7216,-0.9228,0.3136,-0.3334,0.3867,-0.0451,0.7051,-0.9205,0.4449,-0.5295,0.5046,0.477,0.4889,-0.6724,0.013,0.0,0.006,0.013,0.0,0.0,0.006,0.006,0.013,0.0,0.006,0.006,0.0,0.006,0.006,0.0,0.013,0.0,0.115,0.0874,-0.0061,0.2301,0.2424,-0.2424,0.1933,-0.7777,1.6812,-0.0261,0.2301,-0.2485,0.273,-0.9541,1.8438,0.2945,0.0368,0.1227,0.012,0.1099,-0.1396,0.0478,0.0351,-0.0045,-0.0,0.0724,0.0909,-0.0139,0.0151,0.0239,0.0003,0.0126,0.2211,0.0012,-0.0164,0.0421,-0.0187,-0.0542,-0.0023,0.0003,0.0119,0.1865,0.5786,-0.7854,0.39,0.7198,-0.9253,0.3134,-0.3421,0.3846,-0.0435,0.7043,-0.9242,0.4456,-0.5328,0.4968,0.4777,0.4918,-0.6752,0.0,0.0,0.2072,0.0,0.0,0.0,0.0,0.0,0.0,
5.6,run,0.79,2.89,0.04,0.07,-0.56,11.1,0.0,0.0,0.111,6.86,6.68,-1.41,13.36,14.5,-13.54,10.9,-43.68,97.29,-1.49,13.8,-13.54,15.56,-54.23,107.14,16.61,2.55,7.56,6.55,7.82,-3.08,14.13,14.79,-13.34,10.99,-42.96,97.97,-1.7,13.86,-12.98,15.56,-54.01,108.35,16.7,1.84,8.05,0.1873,0.5968,-0.801,0.4038,0.7234,-0.9217,0.314,-0.3266,0.3879,-0.0485,0.7065,-0.9175,0.4445,-0.5275,0.51,0.4772,0.488,-0.67,0.006,0.0,0.0,0.013,0.0,0.0,0.0,0.006,0.013,0.0,0.0,0.006,0.0,0.0,0.006,0.0,0.019,0.006,0.1074,0.0982,-0.0169,0.2347,0.2439,-0.2424,0.1933,-0.7716,1.6812,-0.0261,0.2301,-0.2439,0.273,-0.9541,1.8546,0.2961,0.0353,0.1227,-0.0205,0.1173,-0.1382,0.0508,0.0304,-0.0032,-0.0,0.0738,0.0636,-0.0098,0.0105,0.034,0.0002,0.0088,0.1952,0.0066,-0.0173,0.0295,-0.022,-0.0544,-0.0113,-0.0057,0.0155,0.1869,0.5875,-0.7938,0.397,0.7216,-0.9228,0.3136,-0.3334,0.3867,-0.0451,0.7051,-0.9205,0.4449,-0.5295,0.5046,0.477,0.4889,-0.6724,0.0,0.0,0.222,0.0,0.0,0.0,0.0,0.0,0.0,
5.64,run,0.76,2.89,-0.21,-0.03,0.9,11.8,0.0,0.0,0.111,6.24,7.38,-2.29,13.71,14.5,-13.54,10.9,-43.15,97.47,-1.67,13.8,-12.92,15.56,-54.23,108.02,16.61,2.55,7.82,6.48,8.21,-3.61,14.3,14.72,-13.22,10.94,-42.68,98.05,-1.67,13.78,-12.77,15.56,-53.8,109.04,16.77,1.64,8.11,0.1853,0.6038,-0.8071,0.4086,0.7222,-0.9202,0.3127,-0.3214,0.3888,-0.0476,0.705,-0.9149,0.4445,-0.5236,0.5181,0.4791,0.4843,-0.6693,0.006,0.0,0.0,0.013,0.0,0.0,0.0,0.006,0.013,0.0,0.0,0.006,0.0,0.0,0.006,0.0,0.019,0.006,0.1181,0.1058,-0.0276,0.2378,0.2439,-0.2393,0.1933,-0.7655,1.6874,-0.0261,0.2316,-0.2408,0.273,-0.9495,1.8699,0.2961,0.0337,0.1273,0.0256,0.1107,-0.1367,0.047,0.0212,0.0092,-0.0,0.0745,0.0674,-0.0068,0.0131,0.0352,0.0001,0.0233,0.1937,0.0046,-0.0178,0.0378,-0.0223,-0.053,0.0007,0.0013,-0.0098,0.1873,0.5968,-0.801,0.4038,0.7234,-0.9217,0.314,-0.3266,0.3879,-0.0485,0.7065,-0.9175,0.4445,-0.5275,0.51,0.4772,0.488,-0.67,0.0,0.0,0.2368,0.0,0.0,0.0,0.0,0.0,0.0,
5.68,run,0.78,2.92,0.53,0.34,-0.96,12.6,0.0,0.0,0.111,6.86,7.65,-2.81,13.8,14.5,-13.45,10.9,-42.98,97.47,-1.67,13.8,-12.83,15.56,-54.23,108.37,16.61,2.55,7.91,6.49,8.71,-4.35,14.59,14.74,-12.84,10.92,-42.14,98.05,-1.77,13.72,-12.3,15.51,-53.64,109.38,16.67,1.48,8.29,0.1855,0.6128,-0.8158,0.4169,0.7226,-0.9158,0.3119,-0.3116,0.3888,-0.0507,0.7041,-0.9094,0.4432,-0.5208,0.5221,0.4763,0.4814,-0.6672,0.006,0.0,0.0,0.013,0.0,0.0,0.0,0.006,0.013,0.0,0.0,0.006,0.0,0.0,0.006,0.0,0.019,0.006,0.1074,0.1181,-0.043,0.2439,0.2439,-0.2393,0.1933,-0.7563,1.6904,-0.0291,0.2316,-0.2301,0.273,-0.9495,1.8853,0.2961,0.0337,0.1319,-0.0123,0.112,-0.1388,0.0501,0.0149,0.0064,-0.0,0.078,0.0558,-0.0134,0.0092,0.0549,0.0001,0.0163,0.1787,0.0032,-0.0125,0.0394,-0.0247,-0.053,-0.0037,-0.0006,0.0156,0.1853,0.6038,-0.8071,0.4086,0.7222,-0.9202,0.3127,-0.3214,0.3888,-0.0476,0.705,-0.9149,0.4445,-0.5236,0.5181,0.4791,0.4843,-0.6693,0.0,0.0,0.2516,0.0,0.0,0.0,0.0,0.0,0.0,
5.72,run,0.74,2.93,-0.47,-0.07,0.63,13.3,0.0,0.0,0.111,6.42,8.17,-3.34,13.97,14.5,-13.1,10.9,-42.63,97.47,-1.67,13.8,-12.74,15.56,-53.79,108.9,16.61,2.2,8.0,6.42,9.15,-4.79,14.75,14.72,-12.89,10.91,-41.89,98.11,-1.77,13.73,-12.15,15.51,-53.39,110.06,16.8,1.4,8.47,0.1836,0.6209,-0.8211,0.4213,0.7222,-0.9163,0.3118,-0.307,0.3895,-0.0506,0.7042,-0.9076,0.4431,-0.5161,0.5301,0.48,0.48,-0.6651,0.013,0.0,0.006,0.006,0.0,0.006,0.0,0.0,0.013,0.0,0.0,0.013,0.0,0.013,0.0,0.006,0.013,0.006,0.1181,0.1227,-0.0522,0.2454,0.2439,-0.2378,0.1933,-0.7532,1.6904,-0.0291,0.2316,-0.2286,0.273,-0.9495,1.8914,0.2961,0.0337,0.1335,0.0312,0.0955,-0.1313,0.0408,0.0104,0.0102,-0.0,0.066,0.039,-0.0094,0.0064,0.0441,0.0001,0.0114,0.1479,0.0023,-0.0087,0.0333,-0.0226,-0.0504,0.0092,0.0059,-0.0167,0.1855,0.6128,-0.8158,0.4169,0.7226,-0.9158,0.3119,-0.3116,0.3888,-0.0507,0.7041,-0.9094,0.4432,-0.5208,0.5221,0.4763,0.4814,-0.6672,0.0,0.0,0.2664,0.0,0.0,0.0,0.0,0.0,0.0,
5.76,run,0.74,2.95,0.24,0.31,0.22,14.1,0.0,0.0,0.111,6.33,8.7,-4.04,14.33,14.5,-13.01,10.9,-42.1,97.47,-1.67,13.8,-12.13,15.56,-53.61,109.6,16.61,2.11,8.17,6.45,9.55,-5.36,14.93,14.84,-12.82,10.99,-41.5,98.18,-1.87,13.89,-11.88,15.5,-53.21,110.59,16.83,1.37,8.73,0.1842,0.6283,-0.8277,0.4267,0.7244,-0.9155,0.3141,-0.3,0.3903,-0.0535,0.7071,-0.9045,0.4429,-0.5129,0.5363,0.4809,0.4794,-0.662,0.013,0.0,0.006,0.006,0.0,0.006,0.0,0.0,0.013,0.0,0.0,0.013,0.0,0.013,0.0,0.006,0.013,0.006,0.1104,0.1319,-0.0614,0.2485,0.2439,-0.2316,0.1933,-0.747,1.6904,-0.0291,0.2316,-0.227,0.273,-0.9419,1.9006,0.2961,0.0276,0.135,-0.0069,0.1014,-0.1265,0.0401,0.0073,0.0302,-0.0,0.0693,0.0273,-0.0066,0.0045,0.0366,0.0,0.0368,0.1381,0.0016,-0.0292,0.029,-0.0259,-0.0495,-0.0081,-0.0013,0.011,0.1836,0.6209,-0.8211,0.4213,0.7222,-0.9163,0.3118,-0.307,0.3895,-0.0506,0.7042,-0.9076,0.4431,-0.5161,0.5301,0.48,0.48,-0.6651,0.0,0.0,0.2812,0.0,0.0,0.0,0.0,0.0,0.0,
5.8,run,0.7,2.91,-0.4,-0.5,-1.28,14.8,0.0,0.0,0.111,6.77,8.96,-4.57,14.41,14.5,-13.1,10.9,-42.01,97.47,-1.76,13.8,-11.95,15.56,-53.53,110.04,16.7,2.11,8.35,6.42,9.87,-5.89,15.11,14.78,-12.49,10.95,-41.17,98.08,-1.89,13.79,-11.54,15.47,-53.04,110.96,16.82,1.24,8.67,0.1834,0.6341,-0.834,0.4316,0.7233,-0.9116,0.313,-0.2939,0.3892,-0.054,0.7052,-0.9005,0.4419,-0.5098,0.5407,0.4806,0.477,-0.6627,0.013,0.0,0.006,0.006,0.0,0.006,0.0,0.0,0.013,0.0,0.0,0.013,0.0,0.013,0.0,0.006,0.013,0.006,0.1089,0.1411,-0.0736,0.2546,0.2439,-0.2301,0.1933,-0.7378,1.6904,-0.0291,0.2316,-0.2163,0.273,-0.9388,1.9129,0.2961,0.0261,0.1381,-0.0098,0.1006,-0.1281,0.0478,0.0051,0.0261,-0.0,0.0781,0.0191,-0.0046,0.0031,0.0602,0.0,0.0357,0.1362,0.0011,-0.0254,0.0302,-0.0262,-0.0484,0.0043,0.0054,0.0039,0.1842,0.6283,-0.8277,0.4267,0.7244,-0.9155,0.3141,-0.3,0.3903,-0.0535,0.7071,-0.9045,0.4429,-0.5129,0.5363,0.4809,0.4794,-0.662,0.0,0.0,0.296,0.0,0.0,0.0,0.0,0.0,0.0,
5.84,run,0.67,2.93,-0.12,0.28,2.93,15.5,0.0,0.0,0.111,5.98,9.4,-5.1,14.59,14.5,-12.57,10.9,-41.48,97.47,-1.85,13.8,-11.87,15.56,-53.35,110.57,16.7,1.93,8.35,6.4,10.43,-6.44,15.33,14.87,-12.48,10.99,-40.9,98.35,-1.98,13.88,-11.43,15.46,-52.82,111.53,16.91,1.16,9.11,0.1828,0.6443,-0.8405,0.4381,0.7249,-0.9115,0.3141,-0.2892,0.3924,-0.0567,0.7069,-0.8991,0.4417,-0.5059,0.5475,0.4831,0.4757,-0.6575,0.013,0.0,0.013,0.006,0.0,0.006,0.0,0.0,0.019,0.0,0.0,0.006,0.0,0.006,0.0,0.006,0.019,0.013,0.1166,0.1457,-0.0828,0.2562,0.2439,-0.2316,0.1933,-0.7363,1.6904,-0.0307,0.2316,-0.2132,0.273,-0.9373,1.9205,0.2976,0.0261,0.1411,0.0215,0.0875,-0.1238,0.0392,0.0036,0.0126,-0.0,0.0604,0.0134,-0.0089,0.0022,0.0535,0.0,0.0306,0.1238,0.0065,-0.0178,0.0325,-0.0298,-0.0517,-0.0071,-0.0087,-0.0223,0.1834,0.6341,-0.834,0.4316,0.7233,-0.9116,0.313,-0.2939,0.3892,-0.054,0.7052,-0.9005,0.4419,-0.5099,0.5407,0.4806,0.477,-0.6627,0.0,0.0,0.3108,0.0,0.0,0.0,0.0,0.0,0.0,
5.88,run,0.68,2.95,0.09,-0.14,-1.67,16.3,0.0,0.0,0.111,6.68,9.84,-5.71,14.85,14.5,-12.57,10.9,-41.04,97.56,-2.02,13.8,-11.34,15.56,-53.0,111.01,16.7,1.93,8.53,6.43,10.76,-7.04,15.54,14.98,-12.13,11.05,-40.33,98.08,-2.07,14.01,-10.91,15.38,-52.52,111.97,16.86,1.15,9.27,0.1837,0.6501,-0.8476,0.4439,0.727,-0.9074,0.3157,-0.2787,0.3892,-0.0591,0.7092,-0.8931,0.4396,-0.5004,0.5526,0.4817,0.4754,-0.6557,0.013,0.0,0.013,0.006,0.0,0.006,0.0,0.0,0.019,0.0,0.0,0.006,0.0,0.006,0.0,0.006,0.019,0.013,0.1028,0.1534,-0.092,0.2592,0.2439,-0.2224,0.1933,-0.7271,1.6904,-0.0322,0.2316,-0.2117,0.273,-0.9342,1.9297,0.2976,0.023,0.1411,-0.037,0.0902,-0.1214,0.039,0.0025,0.0435,-0.0,0.077,0.0094,-0.012,0.0015,0.0433,0.0,0.033,0.1214,0.0045,-0.024,0.0228,-0.0323,-0.05,-0.0021,0.0049,0.0511,0.1828,0.6443,-0.8405,0.4381,0.7249,-0.9115,0.3141,-0.2892,0.3924,-0.0567,0.7069,-0.8991,0.4417,-0.5059,0.5475,0.4831,0.4757,-0.6575,0.0,0.0,0.3256,0.0,0.0,0.0,0.0,0.0,0.0,
5.92,run,0.69,2.98,0.15,0.07,0.96,17.0,0.0,0.0,0.111,6.33,10.28,-6.15,15.03,14.68,-12.48,10.9,-40.87,97.65,-2.02,13.8,-11.16,15.47,-53.0,111.62,16.79,1.93,8.88,6.33,11.13,-7.37,15.65,14.85,-12.05,11.0,-40.3,98.22,-2.05,13.89,-10.83,15.39,-52.37,112.45,17.0,1.06,9.34,0.181,0.6569,-0.8514,0.4472,0.7245,-0.9065,0.3142,-0.2782,0.3908,-0.0587,0.7071,-0.8921,0.4399,-0.4976,0.5582,0.4856,0.4737,-0.6549,0.013,0.0,0.013,0.006,0.0,0.006,0.0,0.0,0.019,0.0,0.0,0.006,0.0,0.006,0.0,0.006,0.019,0.013,0.115,0.1611,-0.1028,0.2638,0.2439,-0.2224,0.1933,-0.7194,1.692,-0.0353,0.2316,-0.2025,0.273,-0.9281,1.9374,0.2976,0.023,0.1442,0.0202,0.0919,-0.1253,0.0446,0.0017,0.0305,-0.0,0.0827,0.0123,-0.0199,0.0011,0.0648,0.0,0.0462,0.1138,0.0032,-0.0168,0.0275,-0.0317,-0.0482,0.0016,-0.0025,-0.0291,0.1837,0.6501,-0.8476,0.4439,0.727,-0.9074,0.3157,-0.2787,0.3892,-0.0591,0.7092,-0.8931,0.4396,-0.5004,0.5526,0.4817,0.4754,-0.6557,0.0,0.0,0.3404,0.0,0.0,0.0,0.0,0.0,0.0,
5.96,run,0.68,3.01,0.18,0.41,0.23,17.8,0.0,0.0,0.111,6.15,10.72,-6.68,15.21,14.77,-12.13,10.9,-40.43,97.73,-2.02,13.8,-11.07,15.47,-52.65,112.15,16.79,1.76,9.14,6.37,11.54,-8.01,15.89,14.97,-11.71,11.03,-39.82,98.19,-2.16,13.97,-10.42,15.33,-52.08,112.9,16.95,1.01,9.58,0.1819,0.6643,-0.859,0.4541,0.7268,-0.9025,0.315,-0.2694,0.3904,-0.0617,0.7085,-0.8873,0.4381,-0.4924,0.5636,0.4842,0.473,-0.652,0.006,0.006,0.006,0.013,0.006,0.006,0.0,0.0,0.006,0.006,0.006,0.013,0.006,0.013,0.0,0.006,0.013,0.0,0.1089,0.1687,-0.1104,0.2669,0.247,-0.2209,0.1933,-0.7164,1.6935,-0.0353,0.2316,-0.1994,0.2715,-0.9281,1.9482,0.2991,0.023,0.1503,-0.0088,0.0929,-0.1163,0.0426,0.0127,0.0271,-0.0,0.0693,0.0143,-0.014,0.0008,0.0568,-0.0057,0.0323,0.1197,0.0079,-0.0118,0.0421,-0.0307,-0.0456,0.0027,0.0011,0.0167,0.181,0.6569,-0.8514,0.4472,0.7245,-0.9065,0.3142,-0.2782,0.3908,-0.0587,0.7071,-0.8921,0.4399,-0.4976,0.5582,0.4856,0.4737,-0.6549,0.0,0.0,0.3552,0.0,0.0,0.0,0.0,0.0,0.0,
6.0,run,0.66,3.0,-0.36,-0.33,-1.23,18.5,0.0,0.0,0.111,6.77,11.07,-7.29,15.47,14.77,-11.95,10.9,-40.34,97.73,-2.11,13.8,-10.63,15.38,-52.47,112.59,16.88,1.76,9.23,6.33,11.93,-8.46,16.03,14.98,-11.6,11.05,-39.55,98.1,-2.19,14.0,-10.11,15.3,-51.87,113.41,17.0,0.96,9.68,0.1808,0.6715,-0.8642,0.4581,0.7269,-0.9011,0.3157,-0.2646,0.3894,-0.0627,0.7091,-0.8836,0.4373,-0.4886,0.5695,0.4856,0.472,-0.6508,0.006,0.006,0.006,0.013,0.006,0.006,0.0,0.0,0.006,0.006,0.006,0.013,0.006,0.013,0.0,0.006,0.013,0.0,0.1058,0.1764,-0.1197,0.27,0.2485,-0.2148,0.1933,-0.7087,1.695,-0.0353,0.2316,-0.1979,0.2715,-0.9219,1.9574,0.2991,0.0199,0.1549,-0.0177,0.0939,-0.116,0.0414,0.0146,0.042,-0.0,0.0774,0.0158,-0.0098,0.0005,0.0455,-0.004,0.0457,0.1184,0.0056,-0.0198,0.0468,-0.0318,-0.043,0.0031,0.0071,0.004,0.1819,0.6643,-0.859,0.4541,0.7268,-0.9025,0.315,-0.2694,0.3904,-0.0617,0.7085,-0.8873,0.4381,-0.4924,0.5636,0.4842,0.473,-0.652,0.0,0.0,0.37,0.0,0.0,0.0,0.0,0.0,0.0,
6.04,run,0.65,2.99,0.08,0.07,1.25,19.2,0.0,0.0,0.111,5.89,11.51,-7.73,15.56,14.77,-11.69,10.9,-39.81,97.73,-2.2,13.8,-10.28,15.38,-52.29,113.03,16.88,1.67,9.32,6.26,12.33,-8.88,16.22,14.95,-11.56,11.07,-39.3,98.31,-2.25,14.02,-9.97,15.3,-51.58,113.95,17.1,0.84,10.05,0.179,0.6787,-0.8691,0.4635,0.7263,-0.9007,0.3162,-0.2601,0.3919,-0.0643,0.7095,-0.882,0.4371,-0.4833,0.5759,0.4885,0.4699,-0.6464,0.006,0.006,0.006,0.013,0.006,0.006,0.0,0.0,0.006,0.006,0.006,0.013,0.006,0.013,0.0,0.006,0.013,0.0,0.1166,0.1825,-0.1304,0.2746,0.2485,-0.2117,0.1933,-0.7072,1.695,-0.0368,0.2316,-0.1902,0.27,-0.9189,1.965,0.3007,0.0199,0.1565,0.028,0.0888,-0.1215,0.0463,0.0102,0.0409,-0.0,0.0599,0.0111,-0.0126,0.0004,0.0607,-0.0086,0.0435,0.1117,0.0097,-0.0138,0.0385,-0.033,-0.0439,-0.0063,-0.0058,-0.0215,0.1808,0.6715,-0.8642,0.4581,0.7269,-0.9011,0.3157,-0.2646,0.3894,-0.0627,0.7091,-0.8836,0.4373,-0.4886,0.5695,0.4856,0.472,-0.6508,0.0,0.0,0.3848,0.0,0.0,0.0,0.0,0.0,0.0,
6.08,run,0.66,2.99,0.36,0.26,-1.15,20.0,0.0,0.0,0.111,6.42,11.87,-8.26,15.73,14.77,-11.69,10.9,-39.55,97.73,-2.2,13.89,-10.11,15.38,-52.03,113.55,16.96,1.58,9.67,6.31,12.7,-9.49,16.43,15.04,-11.09,11.14,-38.79,98.04,-2.37,14.12,-9.47,15.22,-51.31,114.25,17.04,0.89,10.2,0.1803,0.6855,-0.8763,0.4694,0.728,-0.8952,0.3182,-0.2508,0.3887,-0.0677,0.7112,-0.8761,0.4348,-0.4783,0.5794,0.487,0.4708,-0.6448,0.006,0.006,0.006,0.013,0.006,0.013,0.006,0.013,0.006,0.006,0.0,0.0,0.006,0.019,0.0,0.0,0.019,0.006,0.1012,0.1902,-0.1381,0.2761,0.2485,-0.2071,0.1933,-0.698,1.695,-0.0383,0.2316,-0.1841,0.27,-0.9158,1.9727,0.3007,0.0184,0.158,-0.0379,0.0909,-0.1138,0.0381,0.0072,0.0459,-0.0,0.0764,0.0077,-0.0146,0.0003,0.0655,-0.006,0.0419,0.1069,0.0068,-0.0154,0.0327,-0.0338,-0.0445,0.0015,0.0011,0.0219,0.179,0.6787,-0.8691,0.4635,0.7263,-0.9007,0.3162,-0.2601,0.3919,-0.0643,0.7095,-0.882,0.4371,-0.4833,0.5759,0.4885,0.4699,-0.6464,0.0,0.0,0.3996,0.0,0.0,0.0,0.0,0.0,0.0,
6.12,run,0.65,3.0,0.32,0.25,0.26,20.7,0.0,0.0,0.111,6.42,12.3,-8.79,16.0,14.77,-11.43,10.9,-39.2,97.73,-2.29,13.97,-9.67,15.29,-51.77,114.08,16.96,1.58,9.93,6.24,13.11,-9.9,16.57,15.02,-11.03,11.13,-38.62,98.17,-2.36,14.09,-9.29,15.21,-51.05,114.84,17.15,0.79,10.37,0.1782,0.693,-0.8812,0.4735,0.7276,-0.8945,0.3181,-0.2477,0.3902,-0.0676,0.7107,-0.874,0.4346,-0.4737,0.5864,0.4899,0.4688,-0.6428,0.006,0.006,0.006,0.013,0.006,0.013,0.006,0.013,0.006,0.006,0.0,0.0,0.006,0.019,0.0,0.0,0.019,0.006,0.1104,0.1963,-0.1473,0.2792,0.2485,-0.2071,0.1933,-0.6934,1.695,-0.0383,0.2332,-0.181,0.27,-0.9112,1.9819,0.3022,0.0169,0.1641,0.0079,0.0865,-0.1141,0.0382,0.005,0.0321,-0.0,0.0707,0.0054,-0.0102,0.0059,0.0573,-0.0042,0.0466,0.1092,0.0105,-0.0165,0.0458,-0.0335,-0.0449,0.0063,0.0046,-0.0201,0.1803,0.6855,-0.8763,0.4694,0.728,-0.8952,0.3182,-0.2508,0.3887,-0.0677,0.7112,-0.8761,0.4348,-0.4783,0.5794,0.487,0.4708,-0.6448,0.0,0.0,0.4144,0.0,0.0,0.0,0.0,0.0,0.0,
6.16,run,0.64,3.0,-0.02,-0.08,1.09,21.5,0.0,0.0,0.111,5.98,12.66,-9.32,16.17,14.77,-11.16,10.9,-38.94,97.73,-2.37,13.97,-9.4,15.21,-51.5,114.08,16.96,1.58,10.11,6.21,13.42,-10.35,16.76,15.01,-10.66,11.15,-38.21,98.11,-2.42,14.11,-8.85,15.17,-50.72,115.28,17.14,0.72,10.61,0.1774,0.6985,-0.8864,0.4788,0.7275,-0.8901,0.3187,-0.2401,0.3895,-0.0691,0.7112,-0.8688,0.4333,-0.4676,0.5916,0.4896,0.4676,-0.6399,0.006,0.006,0.006,0.013,0.006,0.013,0.006,0.013,0.006,0.006,0.0,0.0,0.006,0.019,0.0,0.0,0.019,0.006,0.1104,0.204,-0.1565,0.2838,0.2485,-0.2025,0.1933,-0.6872,1.695,-0.0399,0.2347,-0.1733,0.2684,-0.9066,1.9911,0.3022,0.0169,0.1687,0.0055,0.0894,-0.1144,0.044,0.0035,0.0398,-0.0,0.0725,0.0038,-0.0129,0.0099,0.0689,-0.0087,0.0499,0.1111,0.0073,-0.0116,0.0494,-0.0343,-0.0436,0.0056,0.0043,0.0046,0.1782,0.693,-0.8812,0.4735,0.7276,-0.8945,0.3181,-0.2477,0.3902,-0.0676,0.7107,-0.874,0.4346,-0.4737,0.5864,0.4899,0.4688,-0.6428,0.0,0.0,0.4292,0.0,0.0,0.0,0.0,0.0,0.0,
6.2,run,0.65,3.02,0.47,0.41,-0.93,22.2,0.0,0.0,0.111,6.59,13.1,-9.84,16.35,14.77,-10.9,10.9,-38.58,97.73,-2.37,14.06,-9.14,15.21,-51.33,114.96,17.05,1.49,10.37,6.21,13.83,-10.84,16.96,15.12,-10.4,11.24,-37.83,98.02,-2.55,14.26,-8.49,15.11,-50.39,115.66,17.18,0.79,10.94,0.1774,0.706,-0.8923,0.4846,0.7294,-0.8871,0.3211,-0.2333,0.3885,-0.0729,0.7138,-0.8646,0.4316,-0.4617,0.596,0.4909,0.4689,-0.636,0.006,0.006,0.006,0.006,0.006,0.006,0.013,0.013,0.0,0.0,0.0,0.0,0.0,0.019,0.0,0.006,0.019,0.006,0.1028,0.2102,-0.1657,0.2869,0.2485,-0.1979,0.1933,-0.6826,1.695,-0.0414,0.2347,-0.1687,0.2669,-0.902,1.9911,0.3022,0.0169,0.1718,-0.0249,0.0856,-0.1146,0.0423,0.0025,0.0451,-0.0,0.068,0.0027,-0.0148,0.0069,0.0655,-0.0118,0.0522,0.0777,0.0051,-0.0081,0.0461,-0.0352,-0.0434,-0.0004,-0.0014,0.0191,0.1774,0.6985,-0.8864,0.4788,0.7275,-0.8901,0.3187,-0.2401,0.3895,-0.0691,0.7112,-0.8688,0.4333,-0.4676,0.5916,0.4896,0.4676,-0.6399,0.0,0.0,0.444,0.0,0.0,0.0,0.0,0.0,0.0,
6.24,run,0.64,3.03,-0.5,-0.29,1.03,22.9,0.0,0.0,0.111,5.8,13.45,-10.2,16.61,14.85,-10.55,10.9,-38.32,97.73,-2.55,14.15,-8.7,15.21,-50.98,115.31,17.05,1.49,10.55,6.12,14.23,-11.22,17.09,15.01,-10.37,11.23,-37.61,98.07,-2.52,14.19,-8.24,15.09,-50.1,116.31,17.26,0.63,11.1,0.1749,0.7133,-0.8967,0.4882,0.7275,-0.8867,0.3207,-0.2293,0.3891,-0.0721,0.7126,-0.8616,0.4313,-0.4564,0.6036,0.4932,0.466,-0.6341,0.006,0.006,0.006,0.006,0.006,0.006,0.013,0.013,0.0,0.0,0.0,0.0,0.0,0.019,0.0,0.006,0.019,0.006,0.1135,0.2178,-0.1749,0.2899,0.2485,-0.1933,0.1933,-0.6765,1.695,-0.0414,0.2362,-0.1641,0.2669,-0.8989,2.0064,0.3037,0.0153,0.1764,0.0204,0.087,-0.1127,0.0404,0.0017,0.0478,-0.0,0.0693,0.0019,-0.0103,0.0103,0.0621,-0.0083,0.0473,0.1085,0.009,-0.0111,0.0485,-0.0339,-0.0416,0.0081,0.0071,-0.0162,0.1774,0.706,-0.8923,0.4846,0.7294,-0.8871,0.3211,-0.2333,0.3885,-0.0729,0.7138,-0.8646,0.4316,-0.4617,0.596,0.4909,0.4689,-0.636,0.0,0.0,0.4588,0.0,0.0,0.0,0.0,0.0,0.0,
6.28,run,0.65,3.05,0.52,0.4,-0.71,23.7,0.0,0.0,0.111,6.15,13.71,-10.72,16.7,14.94,-10.46,10.9,-38.06,97.73,-2.55,14.24,-8.53,15.21,-50.8,115.84,17.14,1.49,10.81,6.15,14.62,-11.77,17.32,15.15,-10.02,11.32,-37.22,97.95,-2.71,14.37,-7.87,15.04,-49.82,116.57,17.25,0.71,11.4,0.1757,0.7204,-0.9032,0.4949,0.73,-0.8825,0.3235,-0.2221,0.3877,-0.0774,0.7158,-0.8573,0.4296,-0.4513,0.6067,0.4929,0.4675,-0.6306,0.006,0.006,0.006,0.006,0.006,0.006,0.013,0.013,0.0,0.0,0.0,0.0,0.0,0.019,0.0,0.006,0.019,0.006,0.0997,0.224,-0.181,0.2945,0.25,-0.1871,0.1933,-0.6719,1.695,-0.0445,0.2378,-0.1565,0.2669,-0.8928,2.0126,0.3037,0.0153,0.1795,-0.0407,0.0853,-0.1033,0.0466,0.0073,0.0579,-0.0,0.0668,0.0013,-0.0195,0.0133,0.074,-0.0058,0.0576,0.1004,0.0063,-0.0078,0.0462,-0.0351,-0.0409,-0.0086,-0.0051,0.018,0.1749,0.7133,-0.8967,0.4882,0.7275,-0.8867,0.3207,-0.2293,0.3891,-0.0721,0.7126,-0.8616,0.4313,-0.4564,0.6036,0.4932,0.466,-0.6341,0.0,0.0,0.4736,0.0,0.0,0.0,0.0,0.0,0.0,
6.32,run,0.65,3.03,0.22,0.26,-1.26,24.4,0.0,0.0,0.111,6.42,14.15,-11.16,16.88,14.94,-10.2,10.9,-37.79,97.73,-2.64,14.24,-8.09,15.21,-50.36,116.28,17.14,1.32,10.99,6.08,15.03,-12.18,17.46,15.12,-9.88,11.34,-36.97,97.95,-2.71,14.35,-7.6,15.01,-49.48,117.19,17.33,0.65,11.59,0.1738,0.7277,-0.908,0.4987,0.7294,-0.881,0.324,-0.2177,0.3876,-0.0775,0.7154,-0.8542,0.4287,-0.4451,0.614,0.4952,0.4663,-0.6283,0.0,0.0,0.006,0.006,0.006,0.006,0.006,0.019,0.0,0.006,0.0,0.0,0.0,0.019,0.0,0.006,0.019,0.0,0.1058,0.2286,-0.1902,0.2961,0.2516,-0.1856,0.1933,-0.6673,1.695,-0.0445,0.2393,-0.1534,0.2669,-0.8897,2.0218,0.3053,0.0153,0.1841,-0.0054,0.077,-0.1069,0.0384,0.0109,0.0463,-0.0,0.0641,0.0009,-0.0136,0.0151,0.0633,-0.0041,0.0518,0.1049,0.0102,-0.0054,0.0496,-0.034,-0.0394,0.0091,0.007,-0.0125,0.1757,0.7204,-0.9032,0.4949,0.73,-0.8825,0.3235,-0.2221,0.3877,-0.0774,0.7158,-0.8573,0.4296,-0.4513,0.6067,0.4929,0.4675,-0.6306,0.0,0.0,0.4884,0.0,0.0,0.0,0.0,0.0,0.0,
6.36,run,0.64,3.01,0.11,0.19,1.43,25.2,0.0,0.0,0.111,5.54,14.59,-11.6,17.05,14.94,-9.93,10.99,-37.44,97.73,-2.72,14.24,-7.73,15.03,-50.1,116.72,17.23,1.32,11.34,6.03,15.36,-12.51,17.6,15.08,-9.77,11.41,-36.68,97.97,-2.75,14.42,-7.34,14.99,-49.13,117.74,17.42,0.6,11.91,0.1723,0.7339,-0.9119,0.5029,0.7287,-0.8796,0.326,-0.2124,0.3878,-0.0787,0.7167,-0.8511,0.4282,-0.4387,0.6204,0.4977,0.4655,-0.6246,0.0,0.0,0.006,0.006,0.006,0.006,0.006,0.019,0.0,0.006,0.0,0.0,0.0,0.019,0.0,0.006,0.019,0.0,0.1104,0.2362,-0.1979,0.2991,0.2516,-0.181,0.1933,-0.6627,1.695,-0.046,0.2393,-0.1457,0.2669,-0.882,2.0295,0.3053,0.0123,0.1871,0.0135,0.0827,-0.1036,0.0384,0.0076,0.0497,-0.0,0.0621,0.0006,-0.0153,0.0106,0.0731,-0.0028,0.0651,0.1022,0.0071,-0.0153,0.0462,-0.0337,-0.0407,0.0039,0.0045,-0.0221,0.1738,0.7277,-0.908,0.4987,0.7294,-0.881,0.324,-0.2177,0.3876,-0.0775,0.7154,-0.8542,0.4287,-0.4451,0.614,0.4952,0.4663,-0.6283,0.0,0.0,0.5032,0.0,0.0,0.0,0.0,0.0,0.0,
6.4,run,0.63,3.0,-0.17,-0.24,-1.42,25.9,0.0,0.0,0.111,6.33,14.94,-12.04,17.23,14.94,-9.84,11.07,-37.35,97.73,-2.72,14.33,-7.56,15.03,-49.83,117.25,17.31,1.23,11.51,6.06,15.76,-13.09,17.83,15.22,-9.24,11.5,-36.14,97.72,-2.89,14.55,-6.75,14.9,-48.76,117.97,17.35,0.66,12.18,0.1732,0.741,-0.9187,0.5095,0.7312,-0.8734,0.3286,-0.2025,0.385,-0.0827,0.7191,-0.8441,0.4257,-0.432,0.6232,0.4958,0.4665,-0.6214,0.0,0.0,0.006,0.006,0.006,0.006,0.006,0.019,0.0,0.006,0.0,0.0,0.0,0.019,0.0,0.006,0.019,0.0,0.0951,0.2439,-0.2056,0.3022,0.2516,-0.1764,0.1948,-0.6565,1.695,-0.0476,0.2393,-0.1396,0.2638,-0.8774,2.0371,0.3068,0.0123,0.1933,-0.048,0.0866,-0.1012,0.0384,0.0053,0.052,0.0057,0.0664,0.0004,-0.0164,0.0074,0.0741,-0.0135,0.0628,0.1002,0.0107,-0.0107,0.0553,-0.0347,-0.0425,0.0019,0.0033,0.025,0.1723,0.7339,-0.9119,0.5029,0.7287,-0.8796,0.326,-0.2124,0.3878,-0.0787,0.7167,-0.8511,0.4282,-0.4387,0.6204,0.4977,0.4655,-0.6246,0.0,0.0,0.518,0.0,0.0,0.0,0.0,0.0,0.0,
6.44,run,0.69,3.02,0.86,0.55,0.01,26.6,0.0,0.0,0.111,5.98,15.38,-12.48,17.31,14.94,-9.49,11.16,-36.91,97.73,-2.81,14.5,-7.38,15.03,-49.39,117.77,17.31,1.23,11.78,5.98,16.24,-13.48,17.99,15.2,-9.43,11.53,-35.98,98.01,-2.92,14.58,-6.68,14.9,-48.44,118.71,17.51,0.53,12.61,0.1708,0.7498,-0.9234,0.5139,0.7309,-0.8757,0.3295,-0.1997,0.3884,-0.0834,0.7197,-0.8433,0.4256,-0.4262,0.6319,0.5002,0.4641,-0.6163,0.026,0.0,0.0,0.013,0.006,0.0,0.006,0.019,0.0,0.006,0.006,0.0,0.013,0.026,0.013,0.0,0.019,0.006,0.1089,0.25,-0.2132,0.3053,0.2516,-0.1749,0.1963,-0.655,1.695,-0.0476,0.2408,-0.1365,0.2638,-0.8728,2.0463,0.3083,0.0107,0.1963,0.0182,0.0836,-0.0997,0.0384,0.0037,0.0422,0.0098,0.0523,0.0003,-0.0115,0.0109,0.0634,-0.0094,0.0612,0.1047,0.0133,-0.0133,0.0502,-0.0359,-0.0433,-0.0029,-0.0042,-0.0247,0.1732,0.741,-0.9187,0.5095,0.7312,-0.8734,0.3286,-0.2025,0.385,-0.0827,0.7191,-0.8441,0.4257,-0.432,0.6232,0.4958,0.4665,-0.6214,0.0,0.0,0.5328,0.0,0.0,0.0,0.0,0.0,0.0,
6.48,run,0.64,3.07,-0.08,0.39,2.44,27.4,0.0,0.0,0.111,5.71,15.73,-12.92,17.58,14.94,-9.32,11.25,-36.56,97.73,-2.81,14.5,-6.59,15.03,-49.04,117.95,17.31,1.23,12.13,5.95,16.53,-13.89,18.15,15.19,-8.94,11.59,-35.56,97.69,-2.97,14.65,-6.16,14.83,-48.03,119.15,17.5,0.59,12.75,0.17,0.755,-0.9281,0.5184,0.7307,-0.8699,0.3313,-0.192,0.3845,-0.0849,0.7209,-0.8372,0.4238,-0.4187,0.637,0.5001,0.4652,-0.6147,0.026,0.0,0.0,0.013,0.006,0.0,0.006,0.019,0.0,0.006,0.006,0.0,0.013,0.026,0.013,0.0,0.019,0.006,0.1028,0.2577,-0.2209,0.3068,0.2516,-0.1687,0.1979,-0.6473,1.695,-0.0491,0.2439,-0.1335,0.2638,-0.8652,2.0555,0.3083,0.0107,0.201,-0.0102,0.0873,-0.0985,0.0326,0.0026,0.0525,0.0126,0.0653,0.0002,-0.0138,0.0191,0.0559,-0.0066,0.0716,0.1078,0.0093,-0.0093,0.0524,-0.0309,-0.0418,0.0151,0.0095,0.0002,0.1708,0.7498,-0.9234,0.5139,0.7309,-0.8757,0.3295,-0.1997,0.3884,-0.0834,0.7197,-0.8433,0.4256,-0.4262,0.6319,0.5002,0.4641,-0.6163,0.0,0.0,0.5476,0.0,0.0,0.0,0.0,0.0,0.0,
6.52,run,0.62,3.07,0.26,-0.33,-2.07,28.1,0.0,0.0,0.111,6.42,16.17,-13.36,17.75,14.94,-9.4,11.25,-36.47,97.73,-2.99,14.59,-6.5,15.03,-48.78,118.74,17.49,1.23,12.48,5.93,16.86,-14.19,18.32,15.26,-8.55,11.66,-35.11,97.61,-3.07,14.77,-5.61,14.77,-47.61,119.5,17.49,0.62,13.08,0.1695,0.7612,-0.9316,0.5235,0.7319,-0.8653,0.3331,-0.1837,0.3836,-0.0876,0.7231,-0.8308,0.4219,-0.4112,0.6412,0.4998,0.4658,-0.6108,0.026,0.0,0.0,0.013,0.006,0.0,0.006,0.019,0.0,0.006,0.006,0.0,0.013,0.026,0.013,0.0,0.019,0.006,0.0982,0.2638,-0.2286,0.3114,0.2516,-0.1657,0.1994,-0.6412,1.695,-0.0491,0.2439,-0.1197,0.2638,-0.859,2.0586,0.3083,0.0107,0.2071,-0.0245,0.0841,-0.0977,0.0401,0.0018,0.0483,0.0146,0.0688,0.0002,-0.0097,0.0134,0.091,-0.0046,0.0731,0.087,0.0065,-0.0065,0.0597,-0.0348,-0.0378,-0.0013,0.0067,0.0425,0.17,0.755,-0.9281,0.5184,0.7307,-0.8699,0.3313,-0.192,0.3845,-0.0849,0.7209,-0.8372,0.4238,-0.4187,0.637,0.5001,0.4652,-0.6147,0.0,0.0,0.5624,0.0,0.0,0.0,0.0,0.0,0.0,
6.56,run,0.58,3.04,-0.86,-0.38,1.19,28.9,0.0,0.0,0.111,5.45,16.52,-13.71,17.93,15.12,-8.79,11.25,-35.95,97.73,-3.08,14.68,-6.24,15.03,-48.34,119.18,17.49,1.23,12.66,5.85,17.41,-14.61,18.48,15.27,-8.67,11.68,-35.06,97.93,-3.1,14.75,-5.55,14.76,-47.38,120.08,17.64,0.54,13.48,0.1671,0.7711,-0.9366,0.5279,0.7322,-0.8667,0.3337,-0.1829,0.3874,-0.0887,0.7226,-0.83,0.4218,-0.4068,0.648,0.5039,0.4644,-0.6061,0.026,0.0,0.006,0.006,0.0,0.006,0.006,0.033,0.0,0.0,0.0,0.0,0.013,0.019,0.006,0.0,0.019,0.0,0.1104,0.2715,-0.2362,0.3145,0.2516,-0.1672,0.1994,-0.6397,1.695,-0.0522,0.2454,-0.1181,0.2638,-0.8544,2.0724,0.3114,0.0107,0.2132,0.0288,0.0876,-0.0971,0.0396,0.0013,0.028,0.0102,0.0539,0.0001,-0.0182,0.0151,0.0694,-0.0032,0.0684,0.1125,0.016,-0.0045,0.0648,-0.0363,-0.0376,0.0045,-0.0058,-0.0361,0.1695,0.7612,-0.9316,0.5235,0.7319,-0.8653,0.3331,-0.1837,0.3836,-0.0876,0.7231,-0.8308,0.4219,-0.4112,0.6412,0.4998,0.4658,-0.6108,0.0,0.0,0.5772,0.0,0.0,0.0,0.0,0.0,0.0,
6.6,run,0.62,3.08,1.01,0.6,-0.44,29.6,0.0,0.0,0.111,5.89,16.88,-14.15,17.93,15.12,-8.7,11.43,-35.77,97.73,-3.08,14.68,-5.62,14.85,-47.99,119.71,17.49,1.23,13.01,5.86,17.73,-14.97,18.66,15.36,-8.2,11.82,-34.55,97.57,-3.26,14.96,-4.93,14.68,-46.94,120.38,17.59,0.61,13.84,0.1674,0.7769,-0.9409,0.5331,0.7338,-0.8612,0.3379,-0.1737,0.3831,-0.0932,0.7266,-0.8227,0.4196,-0.399,0.6515,0.5027,0.4656,-0.6019,0.026,0.0,0.006,0.006,0.0,0.006,0.006,0.033,0.0,0.0,0.0,0.0,0.013,0.019,0.006,0.0,0.019,0.0,0.0936,0.2777,-0.2424,0.3175,0.2546,-0.1565,0.1994,-0.6305,1.695,-0.0537,0.247,-0.1135,0.2638,-0.8468,2.0801,0.3114,0.0107,0.2163,-0.0431,0.0843,-0.091,0.0392,0.0124,0.0599,0.0071,0.0722,0.0001,-0.0185,0.0163,0.0659,-0.0023,0.0767,0.1076,0.0112,-0.0032,0.0569,-0.0406,-0.0403,-0.015,-0.0066,0.0208,0.1671,0.7711,-0.9366,0.5279,0.7322,-0.8667,0.3337,-0.1829,0.3874,-0.0887,0.7226,-0.83,0.4218,-0.4068,0.648,0.5039,0.4644,-0.6061,0.0,0.0,0.592,0.0,0.0,0.0,0.0,0.0,0.0,
6.64,run,0.59,3.04,-0.72,-0.56,-1.19,30.3,0.0,0.0,0.111,5.98,17.31,-14.41,18.19,15.12,-8.79,11.6,-35.68,97.73,-3.08,14.68,-5.36,14.77,-47.72,120.06,17.49,1.23,13.36,5.77,18.08,-15.33,18.78,15.26,-7.95,11.86,-34.2,97.5,-3.22,14.9,-4.55,14.64,-46.43,121.09,17.66,0.55,14.03,0.1647,0.7833,-0.9451,0.5366,0.732,-0.8582,0.3388,-0.1673,0.3824,-0.092,0.7255,-0.8182,0.4184,-0.3896,0.6599,0.5047,0.4646,-0.5996,0.026,0.0,0.006,0.006,0.0,0.006,0.006,0.033,0.0,0.0,0.0,0.0,0.013,0.019,0.006,0.0,0.019,0.0,0.1012,0.2838,-0.25,0.3175,0.2546,-0.1549,0.2025,-0.6274,1.695,-0.0537,0.247,-0.1028,0.2608,-0.8406,2.0893,0.3114,0.0107,0.2224,-0.0015,0.082,-0.0924,0.0274,0.0087,0.0477,0.0165,0.0621,0.0001,-0.013,0.0114,0.0863,-0.0131,0.0766,0.1097,0.0079,-0.0022,0.0628,-0.0363,-0.0367,0.0176,0.0105,-0.0077,0.1674,0.7769,-0.9409,0.5331,0.7338,-0.8612,0.3379,-0.1737,0.3831,-0.0932,0.7266,-0.8227,0.4196,-0.399,0.6515,0.5027,0.4656,-0.6019,0.0,0.0,0.6068,0.0,0.0,0.0,0.0,0.0,0.0,
6.68,run,0.58,3.09,0.19,0.74,2.91,31.1,0.0,0.0,0.111,5.45,17.67,-14.85,18.37,15.12,-8.09,11.6,-35.24,97.65,-3.25,14.85,-5.19,14.77,-47.29,120.59,17.49,1.23,13.62,5.75,18.54,-15.7,18.96,15.37,-7.92,11.95,-33.93,97.78,-3.33,15.03,-4.27,14.61,-46.14,121.5,17.73,0.53,14.57,0.1644,0.7917,-0.9495,0.5418,0.7339,-0.8579,0.3415,-0.1624,0.3857,-0.0951,0.7278,-0.8149,0.4175,-0.3843,0.6647,0.5067,0.4641,-0.5933,0.0,0.006,0.006,0.006,0.006,0.013,0.006,0.039,0.006,0.0,0.0,0.006,0.006,0.026,0.0,0.0,0.019,0.006,0.1028,0.2915,-0.2546,0.3221,0.2546,-0.1565,0.2056,-0.6259,1.695,-0.0537,0.247,-0.0982,0.2592,-0.836,2.0954,0.3114,0.0107,0.2286,0.0047,0.0862,-0.082,0.0365,0.0061,0.0276,0.0231,0.0492,0.0,-0.0091,0.008,0.0777,-0.0149,0.0709,0.0998,0.0055,-0.0016,0.067,-0.0395,-0.0406,-0.0125,-0.0098,-0.0207,0.1647,0.7833,-0.9451,0.5366,0.732,-0.8582,0.3388,-0.1673,0.3824,-0.092,0.7255,-0.8182,0.4184,-0.3896,0.6599,0.5047,0.4646,-0.5996,0.0,0.0,0.6216,0.0,0.0,0.0,0.0,0.0,0.0,
6.72,run,0.47,3.06,-0.58,-0.25,1.86,31.8,0.0,0.0,0.111,5.27,18.46,-15.64,18.63,15.21,-7.73,11.69,-34.63,97.56,-3.34,15.03,-4.13,14.5,-46.41,121.73,17.67,1.23,14.5,5.7,18.83,-15.92,19.12,15.44,-7.52,12.07,-33.42,97.36,-3.39,15.22,-3.57,14.53,-45.61,122.05,17.73,0.63,14.8,0.1628,0.7968,-0.952,0.5462,0.7352,-0.8532,0.3447,-0.1531,0.3807,-0.0968,0.7313,-0.8067,0.4151,-0.3747,0.6711,0.5066,0.466,-0.5906,0.0,0.006,0.006,0.006,0.006,0.013,0.006,0.039,0.006,0.0,0.0,0.006,0.006,0.026,0.0,0.0,0.019,0.006,0.0936,0.2976,-0.2623,0.3252,0.2546,-0.1442,0.2056,-0.6182,1.6935,-0.0568,0.25,-0.0951,0.2592,-0.8283,2.1046,0.3114,0.0107,0.2332,-0.0314,0.0835,-0.0863,0.0371,0.0043,0.0656,0.0161,0.0633,-0.0058,-0.0179,0.0172,0.0659,-0.0104,0.0785,0.1046,0.0038,-0.0011,0.0642,-0.0404,-0.0362,0.0033,0.013,0.0508,0.1644,0.7917,-0.9495,0.5418,0.7339,-0.8579,0.3415,-0.1624,0.3857,-0.0951,0.7278,-0.8149,0.4175,-0.3843,0.6647,0.5067,0.4641,-0.5933,0.0,0.0,0.6364,0.0,0.0,0.0,0.0,0.0,0.0,
6.76,run,0.51,3.11,0.32,0.49,1.91,32.6,0.0,0.0,0.111,5.45,18.63,-15.64,18.81,15.29,-7.65,11.78,-34.37,97.56,-3.34,15.12,-3.96,14.5,-46.23,121.9,17.67,1.23,14.59,5.58,19.31,-16.45,19.33,15.27,-6.99,12.08,-32.84,97.35,-3.43,15.06,-2.8,14.48,-45.09,122.36,17.64,0.37,15.24,0.1595,0.8057,-0.9582,0.5523,0.7323,-0.847,0.345,-0.1426,0.3806,-0.0981,0.7283,-0.7977,0.4138,-0.3653,0.6749,0.5041,0.4613,-0.5855,0.013,0.0,0.0,0.006,0.0,0.0,0.006,0.033,0.0,0.0,0.0,0.0,0.0,0.026,0.006,0.0,0.019,0.0,0.0905,0.3114,-0.2761,0.3298,0.2562,-0.1381,0.2071,-0.6075,1.692,-0.0583,0.2531,-0.0767,0.2546,-0.813,2.1246,0.3145,0.0107,0.2485,-0.0269,0.0805,-0.0825,0.0333,0.0054,0.0557,0.0137,0.0615,-0.0065,-0.015,0.0169,0.0756,-0.0147,0.0795,0.1051,0.0076,-0.0008,0.0695,-0.0496,-0.0385,-0.0101,-0.0043,0.0324,0.1628,0.7968,-0.952,0.5462,0.7352,-0.8532,0.3447,-0.1531,0.3807,-0.0968,0.7313,-0.8067,0.4151,-0.3747,0.6711,0.5066,0.466,-0.5906,0.0,0.0,0.6512,0.0,0.0,0.0,0.0,0.0,0.0,
6.8,run,0.49,3.07,-0.71,-0.28,-1.78,33.3,0.0,0.0,0.111,5.98,18.72,-15.82,18.9,15.38,-7.56,11.78,-34.1,97.47,-3.34,15.12,-3.43,14.5,-45.88,122.17,17.67,1.23,14.59,5.53,19.64,-16.69,19.46,15.34,-7.04,12.13,-32.6,97.38,-3.45,15.2,-2.58,14.44,-44.7,123.07,17.74,0.42,15.51,0.1579,0.8117,-0.961,0.556,0.7334,-0.8475,0.3465,-0.1382,0.3809,-0.0986,0.7309,-0.7951,0.4125,-0.3582,0.6832,0.5069,0.4621,-0.5823,0.013,0.0,0.0,0.006,0.0,0.0,0.006,0.033,0.0,0.0,0.0,0.0,0.0,0.026,0.006,0.0,0.019,0.0,0.0936,0.3145,-0.2761,0.3329,0.2577,-0.1365,0.2086,-0.6029,1.692,-0.0583,0.2546,-0.0736,0.2546,-0.8099,2.1276,0.3145,0.0107,0.25,-0.0,0.0751,-0.0577,0.0421,0.0132,0.0484,0.019,0.0713,-0.0045,-0.0105,0.0212,0.0717,-0.0103,0.0745,0.0924,0.0053,-0.0005,0.058,-0.0465,-0.0342,0.0056,0.0085,0.0334,0.1595,0.8057,-0.9582,0.5523,0.7323,-0.847,0.345,-0.1426,0.3806,-0.0981,0.7283,-0.7977,0.4138,-0.3653,0.6749,0.5041,0.4613,-0.5855,0.0,0.0,0.666,0.0,0.0,0.0,0.0,0.0,0.0,
6.84,run,0.44,3.08,-0.76,0.64,0.3,34.0,0.0,0.0,0.111,5.1,19.07,-16.26,18.9,15.38,-7.12,11.78,-33.75,97.47,-3.43,15.21,-3.08,14.5,-45.62,122.26,17.67,1.14,15.03,5.45,20.03,-16.88,19.53,15.26,-6.96,12.26,-32.49,97.58,-3.51,15.23,-2.39,14.43,-44.26,123.58,17.91,0.43,16.07,0.1558,0.8187,-0.9633,0.5581,0.7321,-0.8466,0.3503,-0.1362,0.3833,-0.1004,0.7315,-0.7929,0.4122,-0.3502,0.6892,0.5117,0.4624,-0.5757,0.013,0.0,0.0,0.006,0.0,0.0,0.006,0.033,0.0,0.0,0.0,0.0,0.0,0.026,0.006,0.0,0.019,0.0,0.1028,0.316,-0.2792,0.3344,0.2592,-0.135,0.2086,-0.5983,1.6904,-0.0583,0.2546,-0.0644,0.2546,-0.8038,2.1322,0.3145,0.0107,0.25,0.0322,0.058,-0.0511,0.0348,0.0146,0.0392,0.0133,0.066,-0.0085,-0.0073,0.0149,0.0824,-0.0072,0.0736,0.0807,0.0037,-0.0004,0.0406,-0.0485,-0.0372,-0.0124,-0.0049,-0.0311,0.1579,0.8117,-0.961,0.556,0.7334,-0.8475,0.3465,-0.1382,0.3809,-0.0986,0.7309,-0.7951,0.4125,-0.3582,0.6832,0.5069,0.4621,-0.5823,0.0,0.0,0.6808,0.0,0.0,0.0,0.0,0.0,0.0,
6.88,run,0.53,3.1,2.06,-0.32,0.23,34.8,0.0,0.0,0.111,5.62,19.51,-16.61,18.98,15.38,-7.12,11.87,-33.4,97.47,-3.43,15.21,-2.64,14.5,-45.09,122.78,17.67,1.14,15.38,5.42,20.25,-16.91,19.61,15.36,-6.46,12.42,-32.09,97.16,-3.58,15.4,-1.62,14.34,-43.81,123.77,17.92,0.63,16.29,0.1548,0.8228,-0.9637,0.5602,0.7338,-0.8407,0.3548,-0.129,0.3784,-0.1023,0.7345,-0.7838,0.4097,-0.3419,0.6914,0.5119,0.466,-0.573,0.019,0.0,0.0,0.006,0.0,0.006,0.006,0.065,0.0,0.006,0.0,0.0,0.006,0.026,0.0,0.0,0.006,0.006,0.0874,0.3221,-0.2869,0.3344,0.2592,-0.1273,0.2086,-0.5921,1.6904,-0.0598,0.2562,-0.0583,0.2546,-0.7992,2.1338,0.3145,0.0092,0.2577,-0.0346,0.0634,-0.0643,0.0244,0.0102,0.056,0.0093,0.069,-0.006,-0.0109,0.0161,0.0805,-0.005,0.0686,0.0622,0.0026,-0.006,0.057,-0.0527,-0.0369,-0.0132,0.0111,0.0052,0.1558,0.8187,-0.9633,0.5581,0.7321,-0.8466,0.3503,-0.1362,0.3833,-0.1004,0.7315,-0.7929,0.4122,-0.3502,0.6892,0.5117,0.4624,-0.5757,0.0,0.0,0.6956,0.0,0.0,0.0,0.0,0.0,0.0,
6.92,run,0.57,3.11,0.92,0.28,-2.37,35.5,0.0,0.0,0.111,5.54,19.95,-16.7,19.16,15.38,-6.77,11.95,-33.22,97.38,-3.52,15.21,-2.02,14.5,-44.56,123.4,17.93,1.14,15.82,5.35,20.49,-17.38,19.74,15.3,-6.11,12.44,-31.76,97.05,-3.58,15.4,-1.47,14.26,-43.25,124.4,17.99,0.6,16.5,0.1528,0.827,-0.9692,0.5641,0.7327,-0.8366,0.3554,-0.1229,0.3771,-0.1022,0.7345,-0.782,0.4074,-0.3318,0.6988,0.514,0.4655,-0.5706,0.019,0.0,0.0,0.006,0.0,0.006,0.006,0.065,0.0,0.006,0.0,0.0,0.006,0.026,0.0,0.0,0.006,0.006,0.0966,0.3298,-0.293,0.3359,0.2592,-0.1273,0.2102,-0.586,1.6904,-0.0598,0.2562,-0.0506,0.2546,-0.79,2.143,0.3145,0.0092,0.2638,0.0101,0.073,-0.0679,0.0228,0.0072,0.0392,0.0122,0.0712,-0.0042,-0.0076,0.0113,0.0849,-0.0035,0.0823,0.0778,0.0018,-0.0042,0.0627,-0.045,-0.0346,0.036,-0.0055,0.004,0.1548,0.8228,-0.9637,0.5602,0.7338,-0.8407,0.3548,-0.129,0.3784,-0.1023,0.7345,-0.7838,0.4097,-0.3419,0.6914,0.5119,0.466,-0.573,0.0,0.0,0.7104,0.0,0.0,0.0,0.0,0.0,0.0,
6.96,run,0.4,3.15,-3.11,1.67,1.29,36.3,0.0,0.0,0.111,4.92,20.21,-16.7,19.25,15.38,-6.5,12.13,-32.78,97.12,-3.6,15.29,-1.67,14.5,-44.12,123.75,17.84,1.14,16.08,5.27,20.89,-17.54,19.86,15.27,-5.93,12.53,-31.59,97.07,-3.64,15.45,-1.1,14.24,-42.85,124.76,18.07,0.66,16.78,0.1504,0.8343,-0.9711,0.5674,0.7322,-0.8345,0.3581,-0.1198,0.3774,-0.104,0.7355,-0.7776,0.4068,-0.3245,0.703,0.5162,0.4665,-0.5673,0.019,0.0,0.0,0.006,0.0,0.006,0.006,0.065,0.0,0.006,0.0,0.0,0.006,0.026,0.0,0.0,0.006,0.006,0.0951,0.3375,-0.2945,0.339,0.2592,-0.1212,0.2117,-0.5829,1.6889,-0.0614,0.2562,-0.0399,0.2546,-0.7808,2.1537,0.3191,0.0092,0.2715,0.0013,0.08,-0.0533,0.0275,0.005,0.0506,0.0144,0.0614,-0.0087,-0.0111,0.0079,0.1,-0.0025,0.0924,0.095,0.0187,-0.0029,0.0729,-0.041,-0.0342,0.016,0.0049,-0.0414,0.1528,0.827,-0.9692,0.5641,0.7327,-0.8366,0.3554,-0.1229,0.3771,-0.1022,0.7345,-0.782,0.4074,-0.3318,0.6988,0.514,0.4655,-0.5706,0.0,0.0,0.7252,0.0,0.0,0.0,0.0,0.0,0.0,
7.0,run,0.34,3.24,-2.09,1.27,0.73,37.0,0.0,0.0,0.111,5.45,20.48,-17.14,19.42,15.38,-6.06,12.22,-32.52,97.12,-3.6,15.29,-1.41,14.33,-43.51,124.37,18.02,1.14,16.44,5.24,21.36,-17.37,19.94,15.48,-5.76,12.76,-31.09,97.16,-3.73,15.74,-0.03,14.21,-42.4,125.24,18.07,0.77,17.33,0.1497,0.8428,-0.9691,0.5698,0.736,-0.8325,0.3645,-0.1108,0.3784,-0.1066,0.7407,-0.7651,0.4059,-0.3163,0.7087,0.5164,0.4686,-0.5608,0.013,0.0,0.006,0.013,0.0,0.0,0.006,0.065,0.0,0.0,0.006,0.006,0.006,0.019,0.013,0.006,0.006,0.006,0.0844,0.3421,-0.2945,0.3405,0.2592,-0.1166,0.2148,-0.5752,1.6843,-0.0629,0.2577,-0.0337,0.2546,-0.7731,2.1598,0.3175,0.0092,0.2761,-0.0391,0.0732,-0.0373,0.025,0.0035,0.0526,0.0215,0.0716,-0.0233,-0.0135,0.0112,0.0929,-0.0017,0.0933,0.0894,0.0073,-0.002,0.0682,-0.0562,-0.0303,-0.0542,0.0291,0.0226,0.1504,0.8343,-0.9711,0.5674,0.7322,-0.8345,0.3581,-0.1198,0.3774,-0.104,0.7355,-0.7776,0.4068,-0.3245,0.703,0.5162,0.4665,-0.5673,0.0,0.0,0.74,0.0,0.0,0.0,0.0,0.0,0.0,
7.04,run,0.39,3.24,1.34,0.18,-3.42,37.7,0.0,0.0,0.111,5.27,20.92,-17.31,19.51,15.38,-5.89,12.22,-32.26,97.12,-3.6,15.38,-0.97,14.33,-43.07,124.8,18.11,1.14,16.79,5.14,21.74,-17.61,20.05,15.51,-5.61,12.84,-30.76,97.19,-3.76,15.8,0.39,14.16,-41.83,125.89,18.16,0.73,17.85,0.1467,0.8499,-0.9719,0.5729,0.7365,-0.8307,0.3668,-0.1048,0.3787,-0.1073,0.7419,-0.7602,0.4046,-0.3059,0.7163,0.5188,0.4678,-0.5547,0.013,0.0,0.006,0.013,0.0,0.0,0.006,0.065,0.0,0.0,0.006,0.006,0.006,0.019,0.013,0.006,0.006,0.006,0.0936,0.3467,-0.3022,0.3436,0.2592,-0.1089,0.2163,-0.5706,1.6843,-0.0629,0.2577,-0.0291,0.2516,-0.7624,2.1706,0.3206,0.0092,0.2823,0.0071,0.0685,-0.0549,0.029,0.0025,0.0655,0.0208,0.0673,-0.0163,-0.0094,0.0079,0.0822,-0.0127,0.1055,0.1028,0.0166,-0.0014,0.0707,-0.0614,-0.0223,-0.0365,0.0222,0.0127,0.1497,0.8428,-0.9691,0.5698,0.736,-0.8325,0.3645,-0.1108,0.3784,-0.1066,0.7407,-0.7651,0.4059,-0.3163,0.7087,0.5164,0.4686,-0.5608,0.0,0.0,0.7548,0.0,0.0,0.0,0.0,0.0,0.0,
7.08,run,0.32,3.29,-2.17,1.11,0.51,38.5,0.0,0.0,0.111,4.83,21.27,-17.4,19.6,15.38,-5.71,12.3,-31.9,97.12,-3.69,15.64,-0.26,14.33,-42.71,125.33,18.11,1.14,17.14,5.03,21.83,-17.93,20.09,15.36,-5.11,12.87,-30.65,96.89,-3.75,15.65,0.54,14.07,-41.35,126.04,18.25,0.81,17.94,0.1436,0.8515,-0.9757,0.5739,0.7338,-0.8248,0.3678,-0.1028,0.3752,-0.107,0.7391,-0.7584,0.402,-0.2973,0.7181,0.5216,0.4693,-0.5537,0.013,0.0,0.006,0.013,0.0,0.0,0.006,0.065,0.0,0.0,0.006,0.006,0.006,0.019,0.013,0.006,0.006,0.006,0.0905,0.3543,-0.3053,0.3451,0.2592,-0.1058,0.2163,-0.566,1.6843,-0.0629,0.2592,-0.0215,0.2516,-0.7547,2.1783,0.3221,0.0092,0.2884,-0.0066,0.0769,-0.05,0.0261,0.0017,0.0575,0.0146,0.0645,-0.0114,-0.0066,0.0113,0.0865,-0.0089,0.1028,0.1009,0.0174,-0.001,0.0727,-0.0564,-0.0225,0.0233,0.0031,-0.0596,0.1467,0.8499,-0.9719,0.5729,0.7365,-0.8307,0.3668,-0.1048,0.3787,-0.1073,0.7419,-0.7602,0.4046,-0.3059,0.7163,0.5188,0.4678,-0.5547,0.0,0.0,0.7696,0.0,0.0,0.0,0.0,0.0,0.0,
7.12,run,0.23,3.36,-2.62,1.16,0.67,39.2,0.0,0.0,0.111,5.36,21.62,-17.58,19.6,15.38,-5.45,12.48,-31.64,97.12,-3.69,15.73,0.53,14.06,-42.1,125.86,18.11,1.14,17.58,5.0,22.19,-17.91,20.19,15.51,-4.94,13.02,-30.21,97.03,-3.82,15.89,1.33,14.03,-40.95,126.5,18.24,0.86,18.28,0.143,0.8581,-0.9754,0.577,0.7365,-0.8229,0.372,-0.0947,0.3768,-0.1093,0.7434,-0.7491,0.4008,-0.29,0.7235,0.5211,0.4703,-0.5497,0.006,0.006,0.006,0.013,0.0,0.0,0.013,0.065,0.0,0.0,0.0,0.0,0.0,0.013,0.006,0.006,0.0,0.0,0.0828,0.3605,-0.3068,0.3467,0.2592,-0.1028,0.2178,-0.5599,1.6843,-0.0644,0.2638,-0.0092,0.2516,-0.7486,2.1875,0.3221,0.0092,0.2945,-0.0333,0.0767,-0.0407,0.024,0.0012,0.0517,0.0159,0.0681,-0.008,-0.0104,0.0251,0.1064,-0.0062,0.0949,0.105,0.0122,-0.0007,0.0738,-0.0631,-0.0185,-0.038,0.0194,0.009,0.1436,0.8515,-0.9757,0.5739,0.7338,-0.8248,0.3678,-0.1028,0.3752,-0.107,0.7391,-0.7584,0.402,-0.2973,0.7181,0.5216,0.4693,-0.5537,0.0,0.0,0.7844,0.0,0.0,0.0,0.0,0.0,0.0,
7.16,run,0.15,3.37,-1.78,1.06,-0.55,40.0,0.0,0.0,0.111,4.66,21.88,-17.75,19.78,15.38,-5.1,12.48,-31.38,97.12,-3.87,15.73,0.7,14.06,-41.48,126.21,18.19,1.14,17.84,4.91,22.51,-17.98,20.27,15.48,-4.67,13.12,-29.77,97.11,-3.82,15.92,1.98,13.99,-40.33,127.08,18.27,0.83,18.8,0.1404,0.8639,-0.9762,0.5792,0.7359,-0.8197,0.3748,-0.0867,0.3778,-0.1091,0.744,-0.7415,0.3997,-0.2788,0.7304,0.5221,0.4696,-0.5436,0.006,0.006,0.006,0.013,0.0,0.0,0.013,0.065,0.0,0.0,0.0,0.0,0.0,0.013,0.006,0.006,0.0,0.0,0.092,0.3666,-0.3099,0.3467,0.2592,-0.0982,0.2209,-0.5553,1.6843,-0.0644,0.2654,0.0046,0.247,-0.7378,2.1967,0.3221,0.0092,0.3022,0.0112,0.0767,-0.04,0.0168,0.0008,0.0534,0.0226,0.0649,-0.0056,-0.0072,0.0233,0.1262,-0.0216,0.1067,0.108,0.0085,-0.0005,0.0804,-0.0706,-0.0125,-0.0457,0.0203,0.0116,0.143,0.8581,-0.9754,0.577,0.7365,-0.8229,0.372,-0.0947,0.3768,-0.1093,0.7434,-0.7491,0.4008,-0.29,0.7235,0.5211,0.4703,-0.5497,0.0,0.0,0.7992,0.0,0.0,0.0,0.0,0.0,0.0,
7.2,run,0.05,3.5,-2.78,2.77,-0.44,40.7,0.0,0.0,0.111,5.01,22.15,-17.75,19.95,15.38,-4.83,12.57,-31.03,97.12,-3.87,15.73,1.05,14.06,-41.04,126.47,18.19,1.14,18.19,4.82,22.81,-18.1,20.32,15.56,-4.33,13.28,-29.54,96.89,-3.89,16.01,2.55,13.9,-39.83,127.33,18.36,0.96,19.1,0.1376,0.8694,-0.9777,0.5805,0.7375,-0.8157,0.3795,-0.0825,0.3752,-0.1111,0.7457,-0.7347,0.3973,-0.2696,0.7333,0.5247,0.4721,-0.54,0.006,0.006,0.006,0.013,0.0,0.0,0.013,0.065,0.0,0.0,0.0,0.0,0.0,0.013,0.006,0.006,0.0,0.0,0.0798,0.3712,-0.3129,0.3497,0.2592,-0.092,0.2209,-0.5507,1.6843,-0.0675,0.2654,0.0077,0.247,-0.7271,2.2028,0.3237,0.0092,0.3068,-0.038,0.0709,-0.0395,0.0232,0.0006,0.0604,0.0158,0.0626,-0.0039,-0.0165,0.0163,0.0998,-0.0151,0.1148,0.0986,0.0117,-0.0003,0.0735,-0.0778,-0.0111,-0.031,0.0185,-0.0095,0.1404,0.8639,-0.9762,0.5792,0.7359,-0.8197,0.3748,-0.0867,0.3778,-0.1091,0.744,-0.7415,0.3997,-0.2788,0.7304,0.5221,0.4696,-0.5436,0.0,0.0,0.814,0.0,0.0,0.0,0.0,0.0,0.0,
7.24,run,0.11,3.49,1.66,-0.29,-2.78,41.4,0.0,0.0,0.111,5.01,22.5,-17.75,19.95,15.38,-4.57,12.74,-30.59,97.12,-3.87,15.73,2.11,13.97,-40.52,127.0,18.28,1.14,18.54,4.72,23.23,-17.98,20.34,15.62,-4.3,13.37,-29.21,97.04,-3.87,16.08,3.33,13.88,-39.34,127.92,18.45,1.0,19.5,0.1347,0.8768,-0.9763,0.5813,0.7385,-0.8152,0.3821,-0.0765,0.3769,-0.1105,0.7469,-0.7255,0.3965,-0.2607,0.7402,0.527,0.4728,-0.5353,0.0,0.0,0.0,0.006,0.006,0.006,0.006,0.058,0.0,0.0,0.0,0.006,0.006,0.019,0.013,0.0,0.0,0.006,0.0859,0.3758,-0.3129,0.3528,0.2592,-0.0874,0.2224,-0.5446,1.6843,-0.0675,0.2654,0.0138,0.247,-0.7194,2.2074,0.3237,0.0092,0.3129,-0.0036,0.0669,-0.0276,0.0278,0.0004,0.0596,0.0169,0.0669,-0.0027,-0.0116,0.0114,0.093,-0.0106,0.1092,0.0863,0.0082,-0.0002,0.0745,-0.0867,-0.0003,-0.0485,0.0483,-0.0077,0.1376,0.8694,-0.9777,0.5805,0.7375,-0.8157,0.3795,-0.0825,0.3752,-0.1111,0.7457,-0.7347,0.3973,-0.2696,0.7333,0.5247,0.4721,-0.54,0.0,0.0,0.8288,0.0,0.0,0.0,0.0,0.0,0.0,
7.28,run,0.12,3.45,0.95,-0.77,1.54,42.2,0.0,0.0,0.111,4.22,22.94,-17.75,19.95,15.47,-4.39,12.92,-30.32,97.12,-3.87,16.0,2.64,13.97,-40.08,127.44,18.37,1.14,18.98,4.6,23.06,-18.27,20.35,15.37,-3.44,13.37,-28.91,96.56,-3.84,15.91,3.44,13.73,-38.64,127.87,18.47,1.07,19.71,0.1315,0.8739,-0.9797,0.5815,0.7339,-0.8052,0.3819,-0.0711,0.3712,-0.1096,0.7438,-0.7242,0.3922,-0.2479,0.7396,0.5277,0.474,-0.5328,0.0,0.0,0.0,0.006,0.006,0.006,0.006,0.058,0.0,0.0,0.0,0.006,0.006,0.019,0.013,0.0,0.0,0.006,0.0859,0.382,-0.3129,0.3528,0.2592,-0.0828,0.2255,-0.5369,1.6843,-0.0675,0.2654,0.0322,0.2454,-0.7102,2.2166,0.3252,0.0092,0.3191,-0.0025,0.0699,-0.0193,0.0195,0.0003,0.0589,0.0233,0.0756,-0.0019,-0.0081,0.008,0.1341,-0.0132,0.111,0.0949,0.0115,-0.0002,0.0752,-0.0809,-0.0005,0.0289,-0.0051,-0.0485,0.1347,0.8768,-0.9763,0.5813,0.7385,-0.8152,0.3821,-0.0765,0.3769,-0.1105,0.7469,-0.7255,0.3965,-0.2607,0.7402,0.527,0.4728,-0.5353,0.0,0.0,0.8436,0.0,0.0,0.0,0.0,0.0,0.0,
7.32,run,0.19,3.47,0.88,0.07,-0.71,42.9,0.0,0.0,0.111,5.01,22.94,-17.75,19.95,15.47,-4.39,12.92,-30.15,97.03,-3.87,16.0,3.16,13.97,-39.73,127.62,18.28,1.14,19.25,4.59,23.3,-18.58,20.49,15.52,-3.16,13.5,-28.42,96.44,-3.93,16.16,3.89,13.62,-38.11,128.29,18.45,1.11,19.91,0.1311,0.8782,-0.9833,0.5856,0.7367,-0.8019,0.3858,-0.0622,0.3699,-0.1122,0.7484,-0.719,0.3892,-0.2384,0.7446,0.5272,0.4747,-0.5305,0.0,0.0,0.0,0.006,0.006,0.006,0.006,0.058,0.0,0.0,0.0,0.006,0.006,0.019,0.013,0.0,0.0,0.006,0.0721,0.3896,-0.3129,0.3528,0.2608,-0.0798,0.2286,-0.5323,1.6843,-0.0675,0.27,0.0414,0.2454,-0.7026,2.2243,0.3267,0.0092,0.3267,-0.0503,0.0759,-0.0135,0.0136,0.0056,0.0521,0.0271,0.0691,-0.0013,-0.0057,0.0218,0.1263,-0.0092,0.1047,0.0934,0.0134,-0.0001,0.0796,-0.08,-0.0042,0.0165,-0.0135,0.0268,0.1315,0.8739,-0.9797,0.5815,0.7339,-0.8052,0.3819,-0.0711,0.3712,-0.1096,0.7438,-0.7242,0.3922,-0.2479,0.7396,0.5277,0.474,-0.5328,0.0,0.0,0.8584,0.0,0.0,0.0,0.0,0.0,0.0,
7.36,run,0.14,3.46,-0.64,0.34,-3.1,43.7,0.0,0.0,0.123,4.31,23.03,-18.19,19.95,15.47,-3.78,13.01,-29.79,96.68,-3.87,16.0,3.52,13.62,-39.29,127.71,18.37,1.23,19.6,4.47,23.61,-18.72,20.53,15.41,-3.07,13.63,-28.22,96.62,-3.89,16.15,4.21,13.6,-37.5,129.05,18.66,1.12,20.29,0.1278,0.8838,-0.985,0.5865,0.7347,-0.8009,0.3893,-0.0586,0.372,-0.111,0.7482,-0.7152,0.3886,-0.2273,0.7536,0.533,0.4749,-0.526,0.026,0.006,0.006,0.006,0.0,0.0,0.006,0.123,0.0,0.0,0.006,0.0,0.0,0.045,0.019,0.006,0.0,0.0,0.0859,0.3896,-0.3129,0.3528,0.2608,-0.0798,0.2286,-0.5292,1.6828,-0.0675,0.27,0.0506,0.2454,-0.6964,2.2273,0.3252,0.0092,0.3313,0.016,0.0531,-0.0095,0.0095,0.0039,0.0364,0.019,0.0598,-0.0066,-0.004,0.0153,0.1226,-0.0065,0.0961,0.0768,0.0037,-0.0001,0.0728,-0.0742,-0.0029,0.0153,0.0013,-0.0125,0.1311,0.8782,-0.9833,0.5856,0.7367,-0.8019,0.3858,-0.0622,0.3699,-0.1122,0.7484,-0.719,0.3892,-0.2384,0.7446,0.5272,0.4747,-0.5305,0.0,0.0,0.8732,0.0,0.0,0.0,0.0,0.0,0.0,
7.4,run,0.08,3.55,-1.41,1.0,-0.29,44.4,0.0,0.0,0.123,4.57,23.38,-18.46,20.13,15.47,-3.34,13.18,-29.44,96.59,-3.87,16.0,4.13,13.62,-38.67,128.32,18.54,1.23,19.95,4.36,23.81,-18.52,20.45,15.32,-2.55,13.84,-27.96,96.35,-3.89,16.17,5.04,13.54,-36.92,129.1,18.73,1.21,20.67,0.1247,0.8875,-0.9826,0.5842,0.733,-0.7948,0.3954,-0.0538,0.3689,-0.1112,0.7485,-0.7054,0.3868,-0.2167,0.7542,0.5352,0.4766,-0.5215,0.026,0.006,0.006,0.006,0.0,0.0,0.006,0.123,0.0,0.0,0.006,0.0,0.0,0.045,0.019,0.006,0.0,0.0,0.0736,0.3912,-0.3206,0.3528,0.2608,-0.069,0.2301,-0.5231,1.6766,-0.0675,0.27,0.0568,0.2393,-0.6888,2.2289,0.3267,0.0107,0.3375,-0.0348,0.0429,-0.0354,0.0067,0.0027,0.0658,0.019,0.0649,-0.0277,-0.0028,0.0107,0.1088,-0.0275,0.096,0.0595,0.0084,0.0057,0.074,-0.0786,-0.0035,-0.0112,0.0059,-0.0542,0.1278,0.8838,-0.985,0.5865,0.7347,-0.8009,0.3893,-0.0586,0.372,-0.111,0.7482,-0.7152,0.3886,-0.2273,0.7536,0.533,0.4749,-0.526,0.0,0.0,0.888,0.0,0.0,0.0,0.0,0.0,0.0,
7.44,run,0.16,3.51,1.54,-0.44,-4.44,45.1,0.0,0.0,0.123,4.48,23.55,-18.54,20.21,15.47,-3.08,13.18,-29.36,96.59,-3.87,16.0,4.31,13.62,-38.32,128.58,18.54,1.23,20.21,4.28,24.16,-18.62,20.54,15.4,-2.48,13.93,-27.48,96.4,-3.92,16.32,5.64,13.48,-36.36,129.68,18.76,1.17,20.96,0.1222,0.8937,-0.9838,0.5868,0.7346,-0.7939,0.3979,-0.0451,0.3694,-0.1121,0.7513,-0.6983,0.3851,-0.2065,0.761,0.536,0.4758,-0.5181,0.026,0.006,0.006,0.006,0.0,0.0,0.006,0.123,0.0,0.0,0.006,0.0,0.0,0.045,0.019,0.006,0.0,0.0,0.0782,0.3973,-0.3252,0.3559,0.2608,-0.0614,0.2332,-0.517,1.6751,-0.0675,0.27,0.0675,0.2393,-0.678,2.2396,0.3298,0.0107,0.3436,-0.0097,0.0496,-0.0394,0.0144,0.0019,0.0705,0.0231,0.065,-0.0243,-0.0019,0.0075,0.1104,-0.0193,0.1014,0.0759,0.0156,0.004,0.0713,-0.084,0.0043,-0.0246,0.0174,-0.005,0.1247,0.8875,-0.9826,0.5842,0.733,-0.7948,0.3954,-0.0538,0.3689,-0.1112,0.7485,-0.7054,0.3868,-0.2167,0.7542,0.5352,0.4766,-0.5215,0.0,0.0,0.9028,0.0,0.0,0.0,0.0,0.0,0.0,
7.48,run,0.14,3.51,-0.01,0.42,-1.78,45.9,0.0,0.0,0.123,3.87,23.91,-18.54,20.21,15.47,-2.64,13.27,-28.92,96.59,-3.87,16.0,4.48,13.45,-37.79,128.94,18.63,1.23,20.48,4.15,24.13,-18.84,20.51,15.24,-2.1,14.02,-27.44,96.19,-3.88,16.21,5.63,13.38,-35.77,129.93,18.94,1.24,21.17,0.1185,0.8933,-0.9863,0.5859,0.7317,-0.7894,0.4005,-0.0443,0.367,-0.111,0.7493,-0.6985,0.3824,-0.1959,0.7639,0.5411,0.477,-0.5156,0.006,0.0,0.006,0.006,0.0,0.006,0.013,0.097,0.006,0.0,0.0,0.013,0.006,0.084,0.026,0.006,0.0,0.006,0.0767,0.4004,-0.3267,0.3574,0.2608,-0.0568,0.2332,-0.5154,1.6751,-0.0675,0.27,0.0706,0.2393,-0.6719,2.2442,0.3298,0.0107,0.3482,-0.0125,0.0461,-0.0333,0.0158,0.0013,0.0665,0.0162,0.0512,-0.017,-0.0014,0.0052,0.0887,-0.0135,0.0938,0.0702,0.0109,0.0028,0.0671,-0.0773,0.0008,0.0269,-0.0077,-0.0775,0.1222,0.8937,-0.9838,0.5868,0.7346,-0.7939,0.3979,-0.0451,0.3694,-0.1121,0.7513,-0.6983,0.3851,-0.2065,0.761,0.536,0.4758,-0.5181,0.0,0.0,0.9176,0.0,0.0,0.0,0.0,0.0,0.0,
7.52,run,0.17,3.53,0.64,-0.5,-4.98,46.6,0.0,0.0,0.123,4.57,24.08,-18.54,20.21,15.47,-2.29,13.45,-28.65,96.42,-3.87,16.08,5.36,13.45,-37.18,129.29,18.72,1.23,20.83,4.1,24.36,-18.75,20.52,15.33,-1.83,14.2,-27.01,96.09,-3.92,16.4,6.37,13.31,-35.23,130.29,18.97,1.33,21.4,0.1172,0.8975,-0.9853,0.5863,0.7333,-0.7862,0.4058,-0.0365,0.3658,-0.112,0.7527,-0.6897,0.3803,-0.186,0.7681,0.542,0.4786,-0.5129,0.006,0.0,0.006,0.006,0.0,0.006,0.013,0.097,0.006,0.0,0.0,0.013,0.006,0.084,0.026,0.006,0.0,0.006,0.066,0.4065,-0.3267,0.3574,0.2608,-0.0491,0.2347,-0.5077,1.6751,-0.0675,0.27,0.0736,0.2362,-0.6627,2.2503,0.3313,0.0107,0.3528,-0.049,0.0553,-0.0233,0.0111,0.0009,0.0753,0.0171,0.0646,-0.0119,-0.001,0.0037,0.0736,-0.021,0.1002,0.0722,0.0134,0.002,0.0642,-0.0785,0.0012,-0.0003,0.0074,-0.031,0.1185,0.8933,-0.9863,0.5859,0.7317,-0.7894,0.4005,-0.0443,0.367,-0.111,0.7493,-0.6985,0.3824,-0.1959,0.7639,0.5411,0.477,-0.5156,0.0,0.0,0.9324,0.0,0.0,0.0,0.0,0.0,0.0,
7.56,run,0.26,3.45,2.96,-1.22,-4.55,47.4,0.0,0.0,0.123,3.87,24.08,-18.54,20.21,15.47,-2.11,13.54,-28.65,96.24,-3.87,16.26,5.62,13.36,-36.83,129.46,18.81,1.23,21.01,3.95,24.4,-18.84,20.5,15.1,-1.49,14.23,-26.81,96.1,-3.86,16.27,6.55,13.25,-34.59,130.61,19.08,1.29,21.7,0.1129,0.8982,-0.9864,0.5856,0.7291,-0.7822,0.4066,-0.033,0.3658,-0.1103,0.7504,-0.6877,0.3785,-0.1743,0.7718,0.5452,0.4779,-0.5095,0.006,0.0,0.006,0.006,0.0,0.006,0.013,0.097,0.006,0.0,0.0,0.013,0.006,0.084,0.026,0.006,0.0,0.006,0.0782,0.4096,-0.3267,0.3574,0.2608,-0.043,0.2378,-0.5031,1.672,-0.0675,0.2715,0.089,0.2362,-0.6519,2.2565,0.3329,0.0107,0.359,0.0117,0.0502,-0.0163,0.0078,0.0007,0.0757,0.0234,0.0625,-0.0198,-0.0007,0.0083,0.109,-0.0147,0.1104,0.0735,0.0151,0.0014,0.0679,-0.0756,0.0023,0.0112,-0.0087,-0.087,0.1172,0.8975,-0.9853,0.5863,0.7333,-0.7862,0.4058,-0.0365,0.3658,-0.112,0.7527,-0.6897,0.3803,-0.186,0.7681,0.542,0.4786,-0.5129,0.0,0.0,0.9472,0.0,0.0,0.0,0.0,0.0,0.0,
7.6,run,0.23,3.49,-0.92,0.81,-0.86,48.1,0.0,0.0,0.136,3.87,24.26,-18.54,20.21,15.47,-1.67,13.54,-28.21,96.24,-3.87,16.26,5.98,13.27,-36.3,129.81,18.98,1.23,21.36,3.88,24.37,-19.05,20.51,15.13,-1.1,14.4,-26.6,95.82,-3.88,16.37,6.68,13.13,-34.02,130.91,19.2,1.42,21.75,0.1109,0.8977,-0.9888,0.5859,0.7296,-0.7776,0.4114,-0.0291,0.3625,-0.111,0.7523,-0.6862,0.3752,-0.1639,0.7754,0.5487,0.4803,-0.5088,0.013,0.0,0.013,0.006,0.006,0.0,0.019,0.123,0.006,0.0,0.0,0.0,0.006,0.136,0.033,0.006,0.0,0.0,0.066,0.4096,-0.3267,0.3574,0.2608,-0.0399,0.2393,-0.5031,1.669,-0.0675,0.2746,0.0936,0.2347,-0.6458,2.2596,0.3344,0.0107,0.362,-0.0379,0.0352,-0.0114,0.0054,0.0005,0.0645,0.0222,0.0437,-0.0254,-0.0005,0.0173,0.0936,-0.016,0.1003,0.063,0.0164,0.001,0.0591,-0.0678,-0.0047,0.0517,-0.0214,-0.0795,0.1129,0.8982,-0.9864,0.5856,0.7291,-0.7822,0.4066,-0.033,0.3658,-0.1103,0.7504,-0.6877,0.3785,-0.1743,0.7718,0.5452,0.4779,-0.5095,0.0,0.0,0.962,0.0,0.0,0.0,0.0,0.0,0.0,
7.64,run,0.26,3.47,0.79,-0.91,-4.85,48.8,0.0,0.0,0.136,4.22,24.26,-18.72,20.21,15.47,-1.41,13.62,-28.04,96.15,-3.87,16.26,6.59,13.27,-35.77,130.08,19.07,1.32,21.53,3.85,24.77,-18.91,20.54,15.26,-1.03,14.59,-26.15,95.95,-3.93,16.62,7.53,13.1,-33.48,131.47,19.26,1.47,22.07,0.1099,0.905,-0.9872,0.5867,0.732,-0.7768,0.4168,-0.0208,0.3642,-0.1123,0.7567,-0.6761,0.3743,-0.1541,0.782,0.5502,0.4812,-0.5051,0.013,0.0,0.013,0.006,0.006,0.0,0.019,0.123,0.006,0.0,0.0,0.0,0.006,0.136,0.033,0.006,0.0,0.0,0.066,0.4126,-0.3267,0.3574,0.2608,-0.0322,0.2393,-0.4955,1.669,-0.0675,0.2746,0.0997,0.2332,-0.6366,2.2657,0.3375,0.0107,0.3682,-0.0266,0.0361,-0.008,0.0038,0.0003,0.0739,0.0155,0.0593,-0.0178,-0.0003,0.0121,0.0885,-0.017,0.1047,0.0671,0.0229,0.0007,0.0644,-0.0712,-0.0008,-0.016,0.0141,-0.015,0.1109,0.8977,-0.9888,0.5859,0.7296,-0.7776,0.4114,-0.0291,0.3625,-0.111,0.7523,-0.6862,0.3752,-0.1639,0.7754,0.5487,0.4803,-0.5088,0.0,0.0,0.9768,0.0,0.0,0.0,0.0,0.0,0.0,
7.68,run,0.32,3.43,2.68,-0.99,-3.94,49.6,0.0,0.0,0.136,3.6,24.26,-18.81,20.21,15.47,-1.14,13.8,-27.95,96.15,-3.96,16.35,6.77,13.27,-35.24,130.17,19.07,1.32,21.62,3.69,24.7,-18.97,20.46,15.02,-0.53,14.66,-26.01,95.78,-3.88,16.46,7.67,13.01,-32.81,131.59,19.39,1.48,22.41,0.1055,0.9037,-0.9879,0.5845,0.7277,-0.771,0.4187,-0.0184,0.3621,-0.1107,0.7539,-0.6745,0.3716,-0.142,0.7834,0.5541,0.4815,-0.5011,0.013,0.0,0.013,0.006,0.006,0.0,0.019,0.123,0.006,0.0,0.0,0.0,0.006,0.136,0.033,0.006,0.0,0.0,0.0721,0.4126,-0.3298,0.3574,0.2608,-0.0276,0.2408,-0.4924,1.6674,-0.0675,0.2746,0.1104,0.2332,-0.6274,2.2703,0.339,0.0123,0.3712,0.0044,0.0253,-0.0171,0.0027,0.0002,0.069,0.0166,0.053,-0.0182,-0.0002,0.0085,0.1022,-0.0119,0.1078,0.0642,0.0218,0.0062,0.0565,-0.0684,-0.0024,0.0139,-0.0159,-0.0847,0.1099,0.905,-0.9872,0.5867,0.732,-0.7768,0.4168,-0.0208,0.3642,-0.1123,0.7567,-0.6761,0.3743,-0.1541,0.782,0.5502,0.4812,-0.5051,0.0,0.0,0.9916,0.0,0.0,0.0,0.0,0.0,0.0,
7.72,run,0.41,3.55,2.18,3.51,-2.44,50.3,0.0,0.0,0.175,3.6,24.61,-18.9,20.21,15.47,-0.97,13.89,-27.69,95.98,-3.96,16.35,6.94,13.18,-34.72,130.61,19.34,1.32,21.97,3.6,24.68,-19.05,20.43,15.05,-0.21,14.81,-25.78,95.51,-3.87,16.57,7.93,12.89,-32.23,131.94,19.51,1.59,22.41,0.1028,0.9033,-0.9888,0.5837,0.7281,-0.7672,0.423,-0.0141,0.359,-0.1106,0.7559,-0.6714,0.3683,-0.1315,0.7876,0.5574,0.4834,-0.501,0.006,0.0,0.0,0.0,0.006,0.006,0.019,0.175,0.0,0.0,0.0,0.006,0.006,0.143,0.039,0.006,0.006,0.0,0.0614,0.4126,-0.3313,0.3574,0.2608,-0.023,0.2439,-0.4909,1.6674,-0.069,0.2761,0.1135,0.2332,-0.6182,2.2718,0.339,0.0123,0.3728,-0.0372,0.0177,-0.0177,0.0019,0.0002,0.0655,0.0231,0.0429,-0.0127,-0.0059,0.0117,0.083,-0.0083,0.11,0.0507,0.0153,0.0044,0.0453,-0.0631,-0.0064,0.0468,-0.0172,-0.0687,0.1055,0.9037,-0.9879,0.5845,0.7277,-0.771,0.4187,-0.0184,0.3621,-0.1107,0.7539,-0.6745,0.3716,-0.142,0.7834,0.5541,0.4815,-0.5011,0.0,0.0,1.0064,0.0,0.0,0.0,0.0,0.0,0.0,
7.76,run,0.62,3.7,6.23,3.84,-2.21,51.1,0.0,0.0,0.175,3.87,24.61,-18.9,20.21,15.47,-0.35,13.97,-27.33,95.8,-3.96,16.35,7.91,13.01,-34.19,130.96,19.42,1.41,22.24,3.52,25.08,-18.97,20.45,15.13,-0.11,14.92,-25.41,95.53,-3.84,16.68,8.69,12.86,-31.76,132.56,19.59,1.69,22.29,0.1007,0.9106,-0.9879,0.5842,0.7296,-0.7661,0.4264,-0.0074,0.3592,-0.1097,0.7578,-0.6625,0.3674,-0.123,0.7949,0.5598,0.4853,-0.5024,0.006,0.0,0.0,0.0,0.006,0.006,0.019,0.175,0.0,0.0,0.0,0.006,0.006,0.143,0.039,0.006,0.006,0.0,0.0614,0.4188,-0.3329,0.3574,0.2608,-0.0199,0.2454,-0.4863,1.6644,-0.069,0.2761,0.1166,0.2316,-0.609,2.2795,0.3436,0.0123,0.3789,-0.026,0.0353,-0.0181,0.0013,0.0001,0.0573,0.0219,0.0472,-0.0204,-0.0041,0.0082,0.0696,-0.0115,0.1113,0.0641,0.0279,0.003,0.0546,-0.0554,0.0045,0.0381,0.0612,-0.0426,0.1028,0.9033,-0.9888,0.5837,0.7281,-0.7672,0.423,-0.0141,0.359,-0.1106,0.7559,-0.6714,0.3683,-0.1315,0.7876,0.5574,0.4834,-0.501,0.0,0.0,1.0212,0.0,0.0,0.0,0.0,0.0,0.0,
7.8,run,0.77,3.8,3.92,1.84,-0.94,51.8,0.0,0.0,0.175,3.43,24.7,-18.9,20.21,15.47,-0.35,14.06,-27.07,95.71,-4.04,16.44,8.0,12.92,-33.57,131.04,19.42,1.58,22.24,3.35,24.78,-18.79,20.27,14.84,0.65,14.91,-25.09,95.04,-3.69,16.56,9.02,12.7,-30.96,132.68,19.64,1.82,22.23,0.0958,0.9052,-0.9857,0.5791,0.7243,-0.757,0.426,-0.0017,0.3534,-0.1054,0.7556,-0.6585,0.3627,-0.1083,0.7963,0.561,0.4877,-0.5031,0.006,0.0,0.0,0.0,0.006,0.006,0.019,0.175,0.0,0.0,0.0,0.006,0.006,0.143,0.039,0.006,0.006,0.0,0.066,0.4188,-0.3329,0.3574,0.2608,-0.0092,0.247,-0.4801,1.6613,-0.069,0.2761,0.1335,0.2286,-0.5998,2.2856,0.3451,0.0138,0.3835,-0.0009,0.0247,-0.0127,0.0009,0.0001,0.0805,0.0211,0.0561,-0.0258,-0.0029,0.0057,0.1122,-0.0196,0.1125,0.0679,0.0253,0.0079,0.0555,-0.0366,0.0177,0.1087,0.067,-0.0386,0.1007,0.9106,-0.9879,0.5842,0.7296,-0.7661,0.4264,-0.0074,0.3592,-0.1097,0.7578,-0.6625,0.3674,-0.123,0.7949,0.5598,0.4853,-0.5024,0.0,0.0,1.036,0.0,0.0,0.0,0.0,0.0,0.0,
7.84,run,0.93,3.97,5.32,3.94,-0.19,52.5,0.0,0.0,0.214,3.25,24.79,-18.9,20.21,15.47,0.18,14.15,-26.63,95.54,-3.96,16.44,8.35,12.74,-32.96,131.48,19.51,1.67,22.24,3.3,24.83,-18.73,20.2,14.84,0.87,15.05,-24.95,95.24,-3.73,16.77,9.16,12.61,-30.42,133.0,19.73,1.94,22.5,0.0943,0.906,-0.9851,0.5773,0.7243,-0.7544,0.4301,0.0009,0.3558,-0.1067,0.7594,-0.6569,0.3602,-0.0985,0.7999,0.5637,0.4898,-0.5,0.0,0.0,0.0,0.0,0.013,0.006,0.026,0.182,0.006,0.006,0.0,0.0,0.006,0.214,0.058,0.006,0.0,0.006,0.0583,0.4203,-0.3329,0.3574,0.2608,-0.0092,0.2485,-0.4755,1.6598,-0.0706,0.2777,0.135,0.227,-0.589,2.2872,0.3451,0.0169,0.3835,-0.0296,0.0231,-0.0089,0.0006,0.0001,0.0564,0.0206,0.0567,-0.0239,-0.0078,0.0098,0.0843,-0.0195,0.1194,0.0534,0.0177,0.0171,0.0389,-0.024,0.0257,0.0684,0.0322,-0.0165,0.0958,0.9052,-0.9857,0.5791,0.7243,-0.757,0.426,-0.0017,0.3534,-0.1054,0.7556,-0.6585,0.3627,-0.1083,0.7963,0.561,0.4877,-0.5031,0.0,0.0,1.0508,0.0,0.0,0.0,0.0,0.0,0.0,
7.88,run,1.39,4.16,11.81,3.47,0.62,53.3,0.0,0.0,0.214,3.6,24.79,-18.9,20.21,15.47,0.62,14.15,-26.46,95.27,-3.69,16.61,9.14,12.74,-32.34,131.92,19.6,1.85,22.24,3.16,24.81,-18.48,20.04,14.71,1.35,15.12,-24.65,94.95,-3.63,16.75,9.74,12.49,-29.75,133.25,19.79,2.07,22.42,0.0904,0.9056,-0.9821,0.5727,0.7219,-0.7489,0.4321,0.0064,0.3524,-0.1037,0.7591,-0.6501,0.3567,-0.0863,0.803,0.5655,0.4922,-0.501,0.0,0.0,0.0,0.0,0.013,0.006,0.026,0.182,0.006,0.006,0.0,0.0,0.006,0.214,0.058,0.006,0.0,0.006,0.0552,0.4218,-0.3329,0.3574,0.2608,0.0,0.25,-0.4679,1.6567,-0.069,0.2777,0.1411,0.224,-0.5783,2.2948,0.3467,0.0184,0.3835,-0.0322,0.0219,-0.0062,0.0004,0.0,0.0738,0.0201,0.0683,-0.0281,0.0002,0.0069,0.0819,-0.0251,0.1236,0.066,0.0181,0.0177,0.0272,-0.0096,0.041,0.0929,0.0687,-0.0033,0.0943,0.906,-0.9851,0.5773,0.7243,-0.7544,0.4301,0.0009,0.3558,-0.1067,0.7594,-0.6569,0.3602,-0.0985,0.7999,0.5637,0.4898,-0.5,0.0,0.0,1.0656,0.0,0.0,0.0,0.0,0.0,0.0,
7.92,run,1.88,4.31,12.08,3.45,1.45,54.0,0.0,0.0,0.214,3.25,24.79,-18.9,20.21,15.38,0.88,14.15,-26.46,95.27,-3.69,16.7,9.23,12.74,-31.73,132.1,19.6,1.85,22.32,2.97,24.26,-18.46,19.81,14.37,2.07,15.01,-24.47,94.47,-3.44,16.6,9.42,12.26,-28.93,133.4,19.84,2.19,22.01,0.0849,0.8956,-0.9818,0.5659,0.7158,-0.7404,0.4288,0.0096,0.3467,-0.0982,0.7564,-0.6538,0.3503,-0.0715,0.8047,0.5669,0.4943,-0.5058,0.0,0.0,0.0,0.0,0.013,0.006,0.026,0.182,0.006,0.006,0.0,0.0,0.006,0.214,0.058,0.006,0.0,0.006,0.0614,0.4218,-0.3329,0.3574,0.2608,0.0077,0.25,-0.4648,1.6521,-0.0644,0.2807,0.1549,0.224,-0.5676,2.3025,0.3482,0.0215,0.3835,-0.001,0.0153,-0.0044,0.0003,0.0,0.0786,0.0141,0.0586,-0.0359,0.0164,0.0156,0.1059,-0.0176,0.1243,0.0731,0.0181,0.0232,0.0191,0.0309,0.0572,0.2061,0.0606,0.0108,0.0904,0.9056,-0.9821,0.5727,0.7219,-0.7489,0.4321,0.0064,0.3524,-0.1037,0.7591,-0.6501,0.3567,-0.0863,0.803,0.5655,0.4922,-0.501,0.0,0.0,1.0804,0.0,0.0,0.0,0.0,0.0,0.0,
7.96,run,2.29,4.53,10.52,6.39,3.72,54.8,0.0,0.0,0.214,2.64,24.79,-18.81,20.21,15.03,1.41,14.15,-26.19,95.1,-3.52,16.7,9.32,12.3,-30.94,132.54,19.78,2.02,22.32,2.86,23.92,-18.23,19.58,14.22,2.36,15.04,-24.54,94.47,-3.33,16.71,9.18,12.11,-28.41,133.64,19.95,2.37,21.7,0.0816,0.8895,-0.9792,0.5594,0.7131,-0.737,0.4297,0.0083,0.3467,-0.0952,0.7584,-0.6567,0.3459,-0.0619,0.8076,0.5699,0.4976,-0.5094,0.006,0.019,0.0,0.006,0.013,0.006,0.019,0.111,0.006,0.006,0.0,0.0,0.006,0.143,0.045,0.006,0.0,0.013,0.0552,0.4218,-0.3329,0.3574,0.2592,0.0123,0.25,-0.4648,1.6521,-0.0644,0.2823,0.1565,0.224,-0.5568,2.3056,0.3482,0.0215,0.385,-0.0235,0.0107,-0.003,0.0002,-0.0057,0.0721,0.0099,0.041,-0.0251,0.0114,0.0166,0.0798,-0.0123,0.1269,0.0626,0.0126,0.0162,0.019,0.0729,0.0709,0.2108,0.0602,0.0252,0.0849,0.8956,-0.9818,0.5659,0.7158,-0.7404,0.4288,0.0096,0.3467,-0.0982,0.7564,-0.6538,0.3503,-0.0715,0.8047,0.5669,0.4943,-0.5058,0.0,0.0,1.0952,0.0,0.0,0.0,0.0,0.0,0.0,
8.0,run,2.64,4.81,8.92,7.39,3.51,55.5,0.0,0.0,0.214,3.08,24.7,-18.46,20.13,14.77,2.02,14.15,-25.93,94.75,-3.43,16.7,9.23,12.3,-30.23,132.71,19.78,2.29,22.15,2.78,23.84,-17.75,19.33,14.17,2.77,15.15,-24.31,94.41,-3.26,16.84,9.67,11.99,-27.78,133.78,19.99,2.59,21.5,0.0794,0.8881,-0.9735,0.5524,0.7121,-0.7321,0.4328,0.0125,0.346,-0.0931,0.7607,-0.6509,0.3424,-0.0506,0.8092,0.5711,0.5016,-0.5118,0.006,0.019,0.0,0.006,0.013,0.006,0.019,0.111,0.006,0.006,0.0,0.0,0.006,0.143,0.045,0.006,0.0,0.013,0.0445,0.4218,-0.3313,0.3574,0.2531,0.0215,0.25,-0.4602,1.649,-0.0614,0.2823,0.158,0.2163,-0.543,2.3132,0.3513,0.0245,0.385,-0.0567,0.0075,0.0036,0.0002,-0.027,0.085,0.0069,0.046,-0.0291,0.0195,0.0116,0.0616,-0.0374,0.1407,0.0726,0.0204,0.0229,0.0133,0.109,0.0902,0.1836,0.1116,0.0649,0.0816,0.8895,-0.9792,0.5594,0.7131,-0.737,0.4297,0.0083,0.3467,-0.0952,0.7584,-0.6567,0.3459,-0.0619,0.8076,0.5699,0.4976,-0.5094,0.0,0.0,1.11,0.0,0.0,0.0,0.0,0.0,0.0,
8.04,run,3.07,4.89,10.66,2.16,-0.44,56.2,0.0,0.0,0.214,2.9,24.35,-18.37,19.95,14.77,2.37,14.15,-25.93,94.66,-3.43,16.7,9.23,12.13,-29.53,132.98,19.86,2.29,21.8,2.64,23.75,-17.4,19.09,14.02,3.0,15.15,-24.15,94.58,-3.14,16.84,9.84,11.87,-27.12,134.04,20.08,2.69,21.57,0.0755,0.8864,-0.9694,0.5453,0.7095,-0.7294,0.4328,0.0154,0.348,-0.0897,0.7607,-0.6489,0.3392,-0.0386,0.8122,0.5736,0.5035,-0.5109,0.006,0.019,0.0,0.006,0.013,0.006,0.019,0.111,0.006,0.006,0.0,0.0,0.006,0.143,0.045,0.006,0.0,0.013,0.0522,0.4203,-0.3252,0.3559,0.2485,0.0322,0.25,-0.4556,1.6429,-0.0598,0.2823,0.1565,0.2163,-0.5308,2.3163,0.3513,0.0291,0.382,-0.0106,-0.0006,0.0258,-0.0057,-0.0363,0.1002,0.0048,0.0496,-0.0436,0.0195,0.0081,0.0373,-0.0262,0.145,0.0625,0.0143,0.0335,-0.0023,0.1396,0.1145,0.1558,0.1289,0.0612,0.0794,0.8881,-0.9735,0.5524,0.7121,-0.7321,0.4328,0.0125,0.346,-0.0931,0.7607,-0.6509,0.3424,-0.0506,0.8092,0.5711,0.5016,-0.5118,0.0,0.0,1.1248,0.0,0.0,0.0,0.0,0.0,0.0,
8.08,run,3.34,4.91,6.76,0.43,1.77,57.0,0.0,0.0,0.214,2.46,24.26,-18.02,19.51,14.68,2.81,14.15,-25.93,94.57,-3.16,16.7,9.49,11.87,-28.83,133.15,19.86,2.37,21.8,2.47,22.95,-16.97,18.67,13.67,3.66,15.11,-24.4,94.3,-2.95,16.7,9.26,11.64,-26.5,133.56,20.13,2.8,21.67,0.0707,0.8718,-0.9643,0.5334,0.7031,-0.7216,0.4316,0.0108,0.3447,-0.0844,0.7581,-0.6557,0.3325,-0.0272,0.8066,0.5753,0.5054,-0.5098,0.0,0.019,0.0,0.0,0.019,0.0,0.026,0.091,0.006,0.0,0.0,0.006,0.006,0.091,0.026,0.006,0.0,0.006,0.0491,0.4142,-0.3237,0.3528,0.2485,0.0383,0.25,-0.4556,1.6414,-0.0598,0.2823,0.1565,0.2132,-0.5185,2.3209,0.3528,0.0291,0.3758,-0.0189,-0.0232,0.0238,-0.0154,-0.0254,0.093,0.0034,0.0347,-0.0362,0.0136,0.0057,0.0261,-0.0297,0.1472,0.0609,0.0157,0.0234,-0.0245,0.1771,0.1215,0.1861,0.0378,-0.0077,0.0755,0.8864,-0.9694,0.5453,0.7095,-0.7294,0.4328,0.0154,0.348,-0.0897,0.7607,-0.6489,0.3392,-0.0386,0.8122,0.5736,0.5035,-0.5109,0.0,0.0,1.1396,0.0,0.0,0.0,0.0,0.0,0.0,
8.12,run,3.49,5.1,4.18,5.03,-0.29,57.7,0.0,0.0,0.214,2.37,23.99,-17.49,18.98,14.41,3.16,14.24,-25.75,94.57,-3.16,16.7,9.93,11.69,-28.3,133.15,20.04,2.64,21.8,2.45,22.75,-16.62,18.48,13.54,3.89,15.18,-24.25,94.47,-2.94,16.83,9.21,11.49,-25.96,133.51,20.11,2.85,21.8,0.07,0.8682,-0.9602,0.528,0.7008,-0.7189,0.4336,0.0137,0.3467,-0.0839,0.7605,-0.6563,0.3283,-0.0174,0.806,0.5746,0.5063,-0.5082,0.0,0.019,0.0,0.0,0.019,0.0,0.026,0.091,0.006,0.0,0.0,0.006,0.006,0.091,0.026,0.006,0.0,0.006,0.0414,0.4126,-0.3175,0.3451,0.247,0.046,0.25,-0.4556,1.6398,-0.0552,0.2823,0.1611,0.2086,-0.5062,2.324,0.3528,0.0307,0.3758,-0.0418,-0.022,0.0395,-0.0394,-0.0235,0.0937,0.0024,0.0243,-0.0311,0.0267,0.004,0.0354,-0.038,0.1488,0.054,0.011,0.0221,-0.0171,0.2006,0.1227,0.1179,0.0075,0.031,0.0707,0.8718,-0.9643,0.5334,0.7031,-0.7216,0.4316,0.0108,0.3447,-0.0844,0.7581,-0.6557,0.3325,-0.0272,0.8066,0.5753,0.5054,-0.5098,0.0,0.0,1.1544,0.0,0.0,0.0,0.0,0.0,0.0,
8.16,run,3.62,5.05,3.23,-1.39,0.49,58.5,0.0,0.0,0.214,2.46,23.55,-17.23,18.81,14.15,3.6,14.24,-25.75,94.57,-2.99,16.7,9.32,11.51,-27.77,133.15,20.04,2.64,21.8,2.33,22.9,-16.08,18.28,13.49,4.36,15.22,-23.91,94.49,-2.83,16.74,10.2,11.4,-25.32,133.5,20.12,3.04,21.97,0.0665,0.8709,-0.9539,0.5223,0.6998,-0.7135,0.4349,0.0199,0.3469,-0.0809,0.7589,-0.6448,0.3258,-0.0058,0.8058,0.575,0.5099,-0.5063,0.0,0.019,0.0,0.0,0.019,0.0,0.026,0.091,0.006,0.0,0.0,0.006,0.006,0.091,0.026,0.006,0.0,0.006,0.0399,0.408,-0.3083,0.3359,0.2424,0.0522,0.2516,-0.4525,1.6398,-0.0552,0.2823,0.1687,0.2056,-0.497,2.324,0.3559,0.0353,0.3758,-0.035,-0.0327,0.0622,-0.0621,-0.0337,0.0886,0.0074,0.0285,-0.0218,0.0187,0.0028,0.0536,-0.0381,0.1387,0.0378,0.0192,0.0328,-0.012,0.2139,0.1396,0.0729,0.0879,-0.005,0.07,0.8682,-0.9602,0.528,0.7008,-0.7189,0.4336,0.0137,0.3467,-0.0839,0.7605,-0.6563,0.3283,-0.0174,0.806,0.5746,0.5063,-0.5082,0.0,0.0,1.1692,0.0,0.0,0.0,0.0,0.0,0.0,
8.2,run,3.86,5.18,6.5,2.99,-3.17,59.2,0.0,0.0,0.214,2.55,23.29,-16.7,18.63,13.97,4.04,14.33,-25.66,94.57,-2.9,16.7,9.49,11.51,-27.07,133.15,20.04,2.81,21.8,2.29,22.6,-15.93,18.08,13.41,4.46,15.24,-23.94,94.61,-2.81,16.84,9.66,11.24,-24.88,133.36,20.14,2.96,22.34,0.0655,0.8654,-0.9521,0.5167,0.6983,-0.7122,0.4356,0.0193,0.3483,-0.0802,0.7608,-0.6511,0.3213,0.0022,0.8042,0.5756,0.5084,-0.5018,0.006,0.013,0.0,0.006,0.006,0.0,0.019,0.189,0.0,0.0,0.0,0.0,0.006,0.104,0.006,0.0,0.0,0.006,0.0414,0.4004,-0.3037,0.3329,0.2378,0.0598,0.2516,-0.4525,1.6398,-0.0522,0.2823,0.158,0.2025,-0.4878,2.324,0.3559,0.0353,0.3758,-0.0188,-0.0516,0.0608,-0.055,-0.0409,0.0908,0.0052,0.02,-0.0152,0.0246,0.002,-0.0027,-0.0382,0.1316,0.0265,0.0134,0.0229,-0.0084,0.2248,0.1353,0.0564,-0.0242,0.0086,0.0665,0.8709,-0.9539,0.5223,0.6998,-0.7135,0.4349,0.0199,0.3469,-0.0809,0.7589,-0.6448,0.3258,-0.0058,0.8058,0.575,0.5099,-0.5063,0.0,0.0,1.184,0.0,0.0,0.0,0.0,0.0,0.0,
8.24,run,4.03,5.26,4.72,2.42,-1.26,59.9,0.0,0.0,0.214,2.29,23.2,-16.26,18.28,13.97,4.31,14.33,-25.4,94.57,-2.99,16.7,9.84,11.34,-26.54,133.15,20.04,2.81,21.88,2.1,22.39,-15.53,17.81,13.33,4.98,15.18,-23.76,94.29,-2.58,16.6,10.19,11.08,-24.35,133.27,20.16,3.09,22.02,0.0601,0.8616,-0.9475,0.5089,0.6969,-0.7062,0.4337,0.0226,0.3446,-0.0738,0.7563,-0.6449,0.3167,0.0118,0.8031,0.5761,0.5107,-0.5056,0.006,0.013,0.0,0.006,0.006,0.0,0.019,0.189,0.0,0.0,0.0,0.0,0.006,0.104,0.006,0.0,0.0,0.006,0.043,0.3958,-0.2945,0.3298,0.2347,0.0675,0.2531,-0.451,1.6398,-0.0506,0.2823,0.1611,0.2025,-0.4755,2.324,0.3559,0.0383,0.3758,-0.0074,-0.0534,0.077,-0.05,-0.0401,0.0923,0.0094,0.0197,-0.0107,0.023,0.0014,0.0096,-0.0267,0.1381,0.0185,0.0094,0.0275,-0.0059,0.2464,0.1465,0.1135,0.0522,-0.0552,0.0655,0.8654,-0.9521,0.5167,0.6983,-0.7122,0.4356,0.0193,0.3483,-0.0802,0.7608,-0.6511,0.3213,0.0022,0.8042,0.5756,0.5084,-0.5018,0.0,0.0,1.1988,0.0,0.0,0.0,0.0,0.0,0.0,
8.28,run,4.17,5.29,3.78,0.55,1.7,60.7,0.0,0.0,0.214,2.2,23.03,-16.08,18.28,13.97,4.48,14.33,-25.4,94.57,-2.72,16.7,9.84,11.16,-26.1,132.89,20.04,2.9,21.97,2.05,22.13,-15.03,17.56,13.24,5.37,15.14,-23.52,94.24,-2.51,16.63,10.4,10.9,-23.85,132.96,20.05,3.17,22.03,0.0585,0.8569,-0.9415,0.5017,0.6953,-0.7015,0.4325,0.027,0.344,-0.0718,0.7568,-0.6424,0.3116,0.021,0.7995,0.5728,0.5121,-0.5055,0.006,0.013,0.0,0.006,0.006,0.0,0.019,0.189,0.0,0.0,0.0,0.0,0.006,0.104,0.006,0.0,0.0,0.006,0.0383,0.3942,-0.2869,0.3237,0.2347,0.0721,0.2531,-0.4464,1.6398,-0.0522,0.2823,0.1672,0.1994,-0.4663,2.324,0.3559,0.0383,0.3774,-0.0224,-0.0431,0.0827,-0.058,-0.0281,0.0819,0.0066,0.0311,-0.0075,0.0103,0.001,0.0297,-0.0302,0.1312,0.013,0.0066,0.0193,0.0016,0.2609,0.1532,0.0823,0.0422,-0.0221,0.0601,0.8616,-0.9475,0.5089,0.6969,-0.7062,0.4337,0.0226,0.3446,-0.0738,0.7563,-0.6449,0.3167,0.0118,0.8031,0.5761,0.5107,-0.5056,0.0,0.0,1.2136,0.0,0.0,0.0,0.0,0.0,0.0,
8.32,run,4.43,5.33,6.33,1.2,0.05,61.4,0.0,0.0,0.214,2.02,22.68,-15.73,17.84,13.97,5.1,14.33,-25.31,94.48,-2.64,16.7,10.2,10.9,-25.49,132.71,20.04,2.99,21.97,2.02,21.97,-14.75,17.38,13.25,5.53,15.08,-23.32,94.28,-2.5,16.73,10.31,10.73,-23.46,132.8,19.95,3.16,22.07,0.0578,0.854,-0.9383,0.4966,0.6954,-0.6996,0.4309,0.0306,0.3444,-0.0713,0.7587,-0.6434,0.3066,0.0281,0.7976,0.5701,0.512,-0.5051,0.0,0.013,0.0,0.0,0.013,0.0,0.026,0.175,0.0,0.006,0.0,0.006,0.006,0.091,0.006,0.0,0.006,0.0,0.0368,0.3912,-0.2838,0.3237,0.2347,0.0752,0.2531,-0.4464,1.6398,-0.0476,0.2823,0.1672,0.1963,-0.4587,2.3194,0.3559,0.0399,0.3789,-0.0215,-0.0417,0.0694,-0.0406,-0.0197,0.0688,0.0046,0.0218,-0.0052,0.0245,0.0007,0.0208,-0.0327,0.1206,-0.0082,0.0046,0.0192,0.0069,0.2732,0.1562,0.066,0.0097,0.0298,0.0585,0.8569,-0.9415,0.5017,0.6953,-0.7015,0.4325,0.027,0.344,-0.0718,0.7568,-0.6424,0.3116,0.021,0.7995,0.5728,0.5121,-0.5055,0.0,0.0,1.2284,0.0,0.0,0.0,0.0,0.0,0.0,
8.36,run,4.63,5.57,5.15,6.52,0.67,62.2,0.0,0.0,0.214,2.02,22.5,-15.21,17.67,13.97,5.27,14.33,-24.87,94.39,-2.55,16.79,10.37,10.81,-24.87,132.45,20.04,2.99,21.97,1.86,21.46,-14.11,16.98,13.03,6.27,14.99,-23.04,93.78,-2.28,16.47,10.65,10.48,-22.79,132.23,19.85,3.21,21.93,0.053,0.8447,-0.9307,0.4851,0.6915,-0.691,0.4282,0.0357,0.3386,-0.0651,0.754,-0.6394,0.2995,0.0402,0.791,0.5671,0.513,-0.5067,0.0,0.013,0.0,0.0,0.013,0.0,0.026,0.175,0.0,0.006,0.0,0.006,0.006,0.091,0.006,0.0,0.006,0.0,0.0337,0.385,-0.2777,0.316,0.2347,0.0859,0.2531,-0.4449,1.6383,-0.046,0.2823,0.1733,0.1917,-0.4479,2.3163,0.3559,0.0414,0.3789,-0.0265,-0.0522,0.0716,-0.0572,-0.0138,0.0884,0.0032,0.021,-0.0094,0.0229,0.0005,0.0375,-0.0401,0.1246,-0.0172,0.0032,0.0192,0.0048,0.2962,0.1593,0.1105,0.021,0.0008,0.0578,0.854,-0.9383,0.4966,0.6954,-0.6996,0.4309,0.0306,0.3444,-0.0713,0.7587,-0.6434,0.3066,0.0281,0.7976,0.5701,0.512,-0.5051,0.0,0.0,1.2432,0.0,0.0,0.0,0.0,0.0,0.0,
8.4,run,4.93,5.77,7.63,5.08,0.48,62.9,0.0,0.0,0.214,2.02,22.5,-14.94,17.49,13.71,5.62,14.33,-24.7,94.39,-2.46,16.79,10.37,10.55,-24.52,132.36,19.95,2.99,21.97,1.77,21.57,-13.72,16.77,13.19,6.41,14.9,-22.64,93.86,-2.18,16.51,11.25,10.36,-22.32,132.33,19.75,3.28,21.74,0.0506,0.8467,-0.9261,0.4792,0.6944,-0.6894,0.4257,0.0429,0.3395,-0.0622,0.7547,-0.6324,0.296,0.0488,0.7921,0.5642,0.5143,-0.509,0.0,0.013,0.0,0.0,0.013,0.0,0.026,0.175,0.0,0.006,0.0,0.006,0.006,0.091,0.006,0.0,0.006,0.0,0.0337,0.382,-0.2684,0.3129,0.2347,0.089,0.2531,-0.4372,1.6368,-0.0445,0.2838,0.1764,0.1902,-0.4372,2.3117,0.3559,0.0414,0.3789,-0.0186,-0.048,0.0847,-0.0515,-0.0096,0.0734,0.0023,0.0435,-0.0123,0.0218,0.0061,0.0378,-0.0338,0.1276,-0.0293,0.0023,0.0135,0.0034,0.3135,0.1804,0.0898,0.1137,0.0116,0.053,0.8447,-0.9307,0.4851,0.6915,-0.691,0.4282,0.0357,0.3386,-0.0651,0.754,-0.6394,0.2995,0.0402,0.791,0.5671,0.513,-0.5067,0.0,0.0,1.258,0.0,0.0,0.0,0.0,0.0,0.0,
8.44,run,5.15,5.89,5.61,3.29,1.46,63.6,0.0,0.0,0.214,1.76,22.06,-14.5,17.14,13.62,6.06,14.33,-24.35,94.04,-2.2,16.79,10.72,10.46,-23.91,131.92,19.78,2.99,21.97,1.63,21.02,-12.97,16.36,13.07,6.98,14.69,-22.4,93.53,-1.99,16.34,11.3,10.11,-21.77,131.66,19.57,3.37,21.69,0.0464,0.8367,-0.9173,0.4674,0.6921,-0.6826,0.4198,0.0472,0.3356,-0.0568,0.7516,-0.6318,0.289,0.0587,0.7842,0.559,0.5159,-0.5096,0.0,0.013,0.0,0.013,0.013,0.006,0.006,0.195,0.006,0.006,0.006,0.0,0.013,0.071,0.006,0.006,0.013,0.006,0.0337,0.382,-0.2638,0.3099,0.2301,0.0951,0.2531,-0.4341,1.6368,-0.043,0.2838,0.1764,0.1856,-0.431,2.3102,0.3543,0.0414,0.3789,-0.013,-0.0336,0.0765,-0.0476,-0.024,0.0744,0.0016,0.042,-0.0086,0.021,0.0043,0.0265,-0.0409,0.1123,-0.0263,-0.0042,0.0094,0.0024,0.3393,0.1982,0.1331,0.0887,0.0083,0.0506,0.8467,-0.9261,0.4792,0.6944,-0.6894,0.4257,0.0429,0.3395,-0.0622,0.7547,-0.6324,0.296,0.0488,0.7921,0.5642,0.5143,-0.509,0.0,0.0,1.2728,0.0,0.0,0.0,0.0,0.0,0.0,
8.48,run,5.34,6.08,4.13,3.9,-0.55,64.4,0.0,0.0,0.214,1.67,21.71,-13.8,16.7,13.62,6.68,14.33,-23.99,93.78,-2.2,16.79,11.43,10.11,-23.2,131.75,19.6,3.08,21.97,1.51,20.58,-12.17,15.95,12.87,7.5,14.53,-22.11,93.35,-1.86,16.25,11.5,9.88,-21.16,131.01,19.35,3.36,21.68,0.0431,0.8287,-0.9079,0.4558,0.6885,-0.6764,0.415,0.0525,0.3335,-0.053,0.75,-0.6295,0.2823,0.0698,0.7765,0.553,0.5157,-0.5096,0.0,0.013,0.0,0.013,0.013,0.006,0.006,0.195,0.006,0.006,0.006,0.0,0.013,0.071,0.006,0.006,0.013,0.006,0.0291,0.3743,-0.2562,0.3037,0.2286,0.1028,0.2531,-0.428,1.6306,-0.0383,0.2838,0.1825,0.1841,-0.4203,2.3025,0.3513,0.0414,0.3789,-0.0264,-0.0523,0.0823,-0.0563,-0.0226,0.0809,0.0011,0.0524,-0.0291,0.032,0.003,0.0415,-0.0344,0.1189,-0.0472,-0.0144,0.0066,0.0017,0.359,0.2082,0.0979,0.0575,0.0255,0.0464,0.8367,-0.9173,0.4674,0.6921,-0.6826,0.4198,0.0472,0.3356,-0.0568,0.7516,-0.6318,0.289,0.0587,0.7842,0.559,0.5159,-0.5096,0.0,0.0,1.2876,0.0,0.0,0.0,0.0,0.0,0.0,
8.52,run,5.58,6.17,6.48,1.82,0.29,65.1,0.0,0.0,0.214,1.67,21.45,-13.36,16.52,13.62,6.94,14.33,-23.91,93.52,-2.11,16.79,11.43,10.11,-22.76,131.22,19.6,3.16,21.97,1.35,20.29,-11.33,15.55,12.72,8.13,14.31,-21.59,93.13,-1.68,16.03,12.11,9.64,-20.41,130.26,19.09,3.34,21.91,0.0386,0.8235,-0.898,0.4444,0.6859,-0.6691,0.4087,0.062,0.3309,-0.048,0.7461,-0.6222,0.2753,0.0835,0.7678,0.5454,0.5152,-0.5069,0.0,0.013,0.0,0.013,0.013,0.006,0.006,0.195,0.006,0.006,0.006,0.0,0.013,0.071,0.006,0.006,0.013,0.006,0.0276,0.3682,-0.2439,0.2961,0.2286,0.1135,0.2531,-0.4218,1.626,-0.0383,0.2838,0.1948,0.1779,-0.408,2.2994,0.3482,0.043,0.3789,-0.0232,-0.0558,0.096,-0.0634,-0.0158,0.0901,0.0008,0.0558,-0.0347,0.0224,0.0021,0.0674,-0.0433,0.1216,-0.0426,-0.0197,0.0094,0.0012,0.375,0.225,0.0721,0.0682,-0.0095,0.0431,0.8287,-0.9079,0.4558,0.6885,-0.6764,0.415,0.0525,0.3335,-0.053,0.75,-0.6295,0.2823,0.0698,0.7765,0.553,0.5157,-0.5096,0.0,0.0,1.3024,0.0,0.0,0.0,0.0,0.0,0.0,
8.56,run,5.86,6.32,6.28,4.04,-1.46,65.9,0.0,0.0,0.214,1.23,21.09,-12.74,16.08,13.27,7.47,14.24,-23.47,93.34,-1.76,16.61,11.6,9.67,-22.24,130.87,19.07,3.16,21.97,1.2,19.85,-10.59,15.18,12.7,8.66,14.02,-21.21,92.84,-1.54,15.91,12.13,9.34,-19.82,129.65,18.81,3.32,21.93,0.0343,0.8155,-0.8893,0.4336,0.6854,-0.6628,0.4006,0.069,0.3275,-0.0441,0.7438,-0.622,0.2668,0.0942,0.7606,0.5375,0.515,-0.5067,0.0,0.013,0.006,0.006,0.006,0.006,0.0,0.182,0.0,0.006,0.013,0.0,0.006,0.111,0.006,0.006,0.0,0.0,0.0276,0.3636,-0.2362,0.293,0.2286,0.1181,0.2531,-0.4203,1.6214,-0.0368,0.2838,0.1948,0.1779,-0.4004,2.2902,0.3482,0.0445,0.3789,-0.0163,-0.0561,0.0957,-0.0558,-0.0111,0.0802,0.0005,0.0448,-0.0414,0.0214,0.0015,0.0472,-0.0303,0.1136,-0.064,-0.0138,0.0123,0.0008,0.3958,0.2332,0.1131,0.0318,0.0051,0.0386,0.8235,-0.898,0.4444,0.6859,-0.6691,0.4087,0.062,0.3309,-0.048,0.7461,-0.6222,0.2753,0.0835,0.7678,0.5454,0.5152,-0.5069,0.0,0.0,1.3172,0.0,0.0,0.0,0.0,0.0,0.0,
8.6,run,6.04,6.61,5.62,7.39,-0.37,66.6,0.0,0.0,0.214,1.23,20.65,-12.04,15.64,13.27,8.09,14.24,-23.03,93.08,-1.67,16.52,12.13,9.49,-21.53,129.99,18.98,3.25,21.97,1.04,19.52,-9.66,14.73,12.6,9.2,13.84,-20.66,92.53,-1.33,15.65,12.73,9.12,-19.1,128.97,18.58,3.3,21.94,0.0297,0.8095,-0.8784,0.4208,0.6837,-0.6564,0.3954,0.079,0.3239,-0.0381,0.7391,-0.6149,0.2607,0.1073,0.7526,0.5309,0.5146,-0.5066,0.0,0.013,0.006,0.006,0.006,0.006,0.0,0.182,0.0,0.006,0.013,0.0,0.006,0.111,0.006,0.006,0.0,0.0,0.0199,0.3574,-0.2255,0.2853,0.2224,0.1273,0.2516,-0.4126,1.6183,-0.0307,0.2807,0.1979,0.1703,-0.3912,2.2841,0.339,0.0445,0.3789,-0.0401,-0.0623,0.1072,-0.0678,-0.0307,0.0906,-0.0054,0.0601,-0.0405,0.0379,-0.0105,0.0445,-0.0499,0.114,-0.0678,-0.0441,0.0086,0.0006,0.4205,0.2465,0.1097,0.0706,-0.0254,0.0343,0.8155,-0.8893,0.4336,0.6854,-0.6628,0.4006,0.069,0.3275,-0.0441,0.7438,-0.622,0.2668,0.0942,0.7606,0.5375,0.515,-0.5067,0.0,0.0,1.332,0.0,0.0,0.0,0.0,0.0,0.0,
8.64,run,6.35,6.74,7.78,3.35,-1.52,67.3,0.0,0.0,0.214,1.14,20.21,-11.34,15.38,13.27,8.61,14.06,-22.5,92.81,-1.58,16.44,12.13,9.23,-20.92,129.55,18.72,3.25,21.97,0.89,19.44,-8.69,14.33,12.77,9.88,13.52,-19.75,92.17,-1.22,15.55,13.72,8.85,-18.17,128.22,18.19,3.34,22.3,0.0254,0.808,-0.867,0.4094,0.6867,-0.6484,0.3862,0.0954,0.3196,-0.0349,0.7373,-0.6032,0.2529,0.1242,0.7438,0.5196,0.5153,-0.5023,0.0,0.013,0.006,0.006,0.006,0.006,0.0,0.182,0.0,0.006,0.013,0.0,0.006,0.111,0.006,0.006,0.0,0.0,0.0199,0.3497,-0.2132,0.2777,0.2224,0.1381,0.2516,-0.405,1.6137,-0.0291,0.2792,0.2071,0.1672,-0.3789,2.2688,0.3375,0.046,0.3789,-0.0281,-0.0724,0.1211,-0.0763,-0.0215,0.1038,-0.0038,0.0709,-0.0456,0.0323,-0.0131,0.0658,-0.0465,0.1259,-0.1051,-0.0366,0.0118,0.0004,0.4362,0.2716,0.0981,0.129,-0.0065,0.0297,0.8095,-0.8784,0.4208,0.6837,-0.6564,0.3954,0.079,0.3239,-0.0381,0.7391,-0.6149,0.2607,0.1073,0.7526,0.5309,0.5146,-0.5066,0.0,0.0,1.3468,0.0,0.0,0.0,0.0,0.0,0.0,
8.68,run,6.73,7.02,9.66,7.16,0.0,68.1,0.0,0.0,0.234,0.79,19.95,-10.46,14.85,13.27,9.32,13.97,-22.06,92.55,-1.32,16.08,12.83,8.96,-20.13,128.67,18.28,3.25,21.97,0.64,18.73,-7.33,13.69,12.66,10.88,13.02,-19.12,91.56,-0.99,15.23,13.98,8.43,-17.22,126.93,17.66,3.21,22.57,0.0183,0.7951,-0.851,0.3911,0.6847,-0.6367,0.3721,0.107,0.3124,-0.0284,0.7315,-0.6002,0.2408,0.1414,0.7286,0.5046,0.5129,-0.4992,0.0,0.013,0.013,0.006,0.013,0.006,0.006,0.234,0.0,0.006,0.013,0.006,0.006,0.071,0.0,0.013,0.0,0.013,0.0184,0.3421,-0.201,0.273,0.2224,0.1473,0.2485,-0.3958,1.6091,-0.0276,0.2777,0.2071,0.1626,-0.3682,2.2611,0.3329,0.046,0.3789,-0.0254,-0.0795,0.1309,-0.0707,-0.0151,0.1072,-0.0141,0.0842,-0.0492,0.0284,-0.0149,0.046,-0.0498,0.1284,-0.1024,-0.0429,0.0082,0.0003,0.4633,0.283,0.1358,0.0584,-0.0266,0.0254,0.808,-0.867,0.4094,0.6867,-0.6484,0.3862,0.0954,0.3196,-0.0349,0.7373,-0.6032,0.2529,0.1242,0.7438,0.5196,0.5153,-0.5023,0.0,0.0,1.3616,0.0,0.0,0.0,0.0,0.0,0.0,
8.72,run,6.97,7.36,6.58,8.77,-1.1,68.8,0.0,0.0,0.234,0.79,19.6,-9.58,14.41,13.27,9.93,13.8,-21.18,92.11,-1.23,15.91,13.54,8.61,-19.25,128.06,18.11,3.25,22.15,0.41,18.39,-6.06,13.14,12.8,11.71,12.53,-17.96,90.96,-0.81,14.99,14.85,8.04,-16.13,126.06,17.09,3.16,22.75,0.0117,0.7889,-0.836,0.3755,0.6873,-0.627,0.3581,0.1281,0.3055,-0.0232,0.7271,-0.59,0.2297,0.1613,0.7183,0.4884,0.5119,-0.497,0.0,0.013,0.013,0.006,0.013,0.006,0.006,0.234,0.0,0.006,0.013,0.006,0.006,0.071,0.0,0.013,0.0,0.013,0.0123,0.3375,-0.1856,0.2638,0.2224,0.1595,0.247,-0.3881,1.6045,-0.023,0.2715,0.2194,0.158,-0.3543,2.2457,0.3252,0.046,0.3789,-0.0409,-0.0729,0.1493,-0.0841,-0.0105,0.1212,-0.0157,0.0877,-0.0517,0.0372,-0.0335,0.0784,-0.0522,0.1418,-0.1293,-0.0589,0.0058,0.0002,0.4963,0.3074,0.1685,0.1249,0.0,0.0183,0.7951,-0.851,0.3911,0.6847,-0.6367,0.3721,0.107,0.3124,-0.0284,0.7315,-0.6002,0.2408,0.1414,0.7286,0.5046,0.5129,-0.4992,0.0,0.0,1.3764,0.0,0.0,0.0,0.0,0.0,0.0,
8.76,run,7.29,7.62,8.11,6.72,0.4,69.6,0.0,0.0,0.234,0.44,19.16,-8.7,13.97,13.27,10.63,13.36,-20.57,91.67,-0.97,15.73,14.06,8.35,-18.46,127.09,17.49,3.25,22.41,0.22,18.42,-4.68,12.65,13.08,12.65,11.97,-16.62,90.52,-0.71,14.88,16.04,7.69,-14.81,124.73,16.4,3.07,23.73,0.0062,0.7894,-0.8198,0.3614,0.6923,-0.6159,0.3419,0.1523,0.3003,-0.0204,0.7252,-0.576,0.2198,0.1853,0.7027,0.4685,0.5104,-0.4856,0.0,0.013,0.013,0.006,0.013,0.006,0.006,0.234,0.0,0.006,0.013,0.006,0.006,0.071,0.0,0.013,0.0,0.013,0.0123,0.3313,-0.1703,0.2562,0.2224,0.1703,0.2439,-0.3728,1.5969,-0.0215,0.2684,0.2316,0.1519,-0.339,2.235,0.3221,0.046,0.382,-0.0286,-0.074,0.1618,-0.0875,-0.0074,0.1249,-0.0224,0.1187,-0.0649,0.0317,-0.0349,0.1007,-0.0594,0.1566,-0.1307,-0.0527,0.004,0.0116,0.5175,0.3372,0.1149,0.153,-0.0193,0.0117,0.7889,-0.836,0.3755,0.6873,-0.627,0.3581,0.1281,0.3055,-0.0232,0.7271,-0.59,0.2297,0.1613,0.7183,0.4884,0.5119,-0.497,0.0,0.0,1.3912,0.0,0.0,0.0,0.0,0.0,0.0,
8.8,run,7.76,8.0,12.53,9.38,-0.21,70.3,0.0,0.0,0.234,0.35,18.81,-7.73,13.36,13.27,11.51,12.92,-19.78,91.14,-0.79,15.47,14.77,7.91,-17.49,126.12,16.88,3.25,22.68,-0.11,17.89,-3.18,11.91,13.1,14.0,11.23,-15.16,89.68,-0.53,14.52,17.0,7.19,-13.31,123.28,15.54,2.86,24.42,-0.0031,0.7799,-0.7982,0.3403,0.6928,-0.6001,0.3208,0.1789,0.2904,-0.0151,0.7186,-0.5648,0.2054,0.2133,0.6856,0.444,0.5065,-0.4774,0.006,0.013,0.006,0.006,0.0,0.013,0.019,0.221,0.006,0.0,0.013,0.0,0.006,0.084,0.0,0.006,0.006,0.006,0.0061,0.3237,-0.1549,0.2485,0.2224,0.1825,0.2362,-0.362,1.5892,-0.0169,0.2654,0.2408,0.1473,-0.3252,2.2181,0.3114,0.046,0.3866,-0.043,-0.0806,0.1708,-0.09,-0.0052,0.1335,-0.0445,0.1234,-0.0742,0.0395,-0.036,0.105,-0.0589,0.1614,-0.1548,-0.0772,0.0028,0.0254,0.5455,0.3597,0.1415,0.1173,0.007,0.0062,0.7894,-0.8198,0.3614,0.6923,-0.6159,0.3419,0.1523,0.3003,-0.0204,0.7252,-0.576,0.2198,0.1853,0.7027,0.4685,0.5104,-0.4856,0.0,0.0,1.406,0.0,0.0,0.0,0.0,0.0,0.0,
8.84,run,8.21,8.51,11.66,13.33,-0.07,71.0,0.0,0.0,0.234,-0.09,18.54,-6.33,12.83,13.27,12.39,12.48,-18.72,90.53,-0.7,15.21,15.73,7.56,-16.26,125.07,16.35,3.25,23.2,-0.48,17.44,-1.68,11.11,13.34,15.39,10.37,-13.66,88.73,-0.25,14.06,18.25,6.65,-11.81,121.83,14.58,2.63,25.17,-0.0138,0.7717,-0.7752,0.3174,0.6971,-0.5836,0.2963,0.2114,0.2792,-0.0072,0.7102,-0.55,0.1901,0.2428,0.6685,0.4166,0.5024,-0.4685,0.006,0.013,0.006,0.006,0.0,0.013,0.019,0.221,0.006,0.0,0.013,0.0,0.006,0.084,0.0,0.006,0.006,0.006,0.0046,0.3175,-0.1381,0.2378,0.2224,0.1979,0.2286,-0.3482,1.58,-0.0138,0.2608,0.2531,0.1396,-0.3083,2.2013,0.3007,0.046,0.3912,-0.0359,-0.0793,0.1826,-0.1031,-0.0036,0.1507,-0.0598,0.1379,-0.0863,0.0391,-0.0423,0.1193,-0.0698,0.176,-0.1713,-0.0941,0.002,0.0349,0.5865,0.3925,0.2188,0.1637,-0.0037,-0.0031,0.7799,-0.7982,0.3403,0.6928,-0.6001,0.3208,0.1789,0.2904,-0.0151,0.7186,-0.5648,0.2054,0.2133,0.6856,0.444,0.5065,-0.4774,0.0,0.0,1.4208,0.0,0.0,0.0,0.0,0.0,0.0,
8.88,run,8.65,8.99,11.28,11.65,0.03,71.8,0.0,0.0,0.234,-0.18,18.19,-5.1,12.22,13.27,13.36,11.95,-17.58,89.91,-0.53,14.94,16.61,7.21,-15.12,124.01,15.64,3.16,23.91,-0.76,17.44,-0.18,10.43,13.92,16.75,9.44,-12.16,87.99,-0.11,13.93,19.75,6.17,-10.31,120.33,13.46,2.53,26.58,-0.0216,0.7716,-0.7516,0.2979,0.7077,-0.5676,0.2697,0.2501,0.2705,-0.0032,0.7078,-0.5311,0.1764,0.275,0.649,0.3845,0.5005,-0.452,0.006,0.013,0.006,0.006,0.0,0.013,0.019,0.221,0.006,0.0,0.013,0.0,0.006,0.084,0.0,0.006,0.006,0.006,-0.0031,0.3129,-0.1135,0.2286,0.2224,0.2132,0.2209,-0.3298,1.5693,-0.0123,0.2562,0.27,0.1335,-0.2869,2.1829,0.2915,0.046,0.4004,-0.0539,-0.0728,0.2201,-0.1068,-0.0025,0.1632,-0.0707,0.1658,-0.1008,0.0331,-0.0469,0.147,-0.072,0.2039,-0.1891,-0.1005,0.0014,0.0591,0.6257,0.437,0.2036,0.2327,-0.0012,-0.0138,0.7717,-0.7752,0.3174,0.6971,-0.5836,0.2963,0.2114,0.2792,-0.0072,0.7102,-0.55,0.1901,0.2428,0.6685,0.4166,0.5024,-0.4685,0.0,0.0,1.4356,0.0,0.0,0.0,0.0,0.0,0.0,
8.92,run,9.25,9.52,15.03,13.55,-2.97,72.5,0.0,0.0,0.234,-0.7,17.93,-3.78,11.34,13.36,14.5,11.25,-16.44,89.12,-0.26,14.59,17.67,6.68,-13.8,122.78,14.77,2.9,24.61,-1.1,16.98,1.32,9.49,14.15,18.25,8.36,-10.66,87.08,0.14,13.54,21.25,5.62,-8.81,118.83,12.2,2.3,28.01,-0.0314,0.7634,-0.7216,0.2713,0.7118,-0.5462,0.2389,0.2877,0.2598,0.0041,0.7007,-0.5134,0.1605,0.3096,0.624,0.3486,0.4964,-0.4351,0.0,0.006,0.013,0.0,0.0,0.013,0.026,0.169,0.006,0.013,0.019,0.006,0.013,0.058,0.0,0.006,0.013,0.013,-0.0046,0.3068,-0.092,0.2178,0.2224,0.2301,0.2117,-0.3099,1.5585,-0.0092,0.2516,0.2853,0.1273,-0.2669,2.1644,0.2792,0.0445,0.4126,-0.0435,-0.0739,0.2344,-0.1149,-0.0018,0.1773,-0.0839,0.1906,-0.1107,0.0347,-0.0501,0.1603,-0.0733,0.2174,-0.2013,-0.1162,-0.0048,0.0873,0.6641,0.4788,0.1968,0.2033,0.0006,-0.0216,0.7716,-0.7516,0.2979,0.7077,-0.5676,0.2697,0.2501,0.2705,-0.0032,0.7078,-0.5311,0.1764,0.275,0.649,0.3845,0.5005,-0.452,0.0,0.0,1.4504,0.0,0.0,0.0,0.0,0.0,0.0,
8.96,run,9.83,10.15,14.91,16.0,-4.01,73.3,0.0,0.0,0.234,-0.88,17.58,-2.46,10.46,13.71,15.73,10.46,-15.03,88.42,0.0,14.33,18.9,6.15,-12.39,121.46,13.8,2.81,25.58,-1.5,16.08,2.82,8.39,14.28,19.75,7.32,-9.16,86.08,0.62,12.93,22.73,5.1,-7.31,117.33,11.04,2.13,29.04,-0.0429,0.7469,-0.6891,0.2398,0.7142,-0.5252,0.209,0.3227,0.248,0.0177,0.6896,-0.4973,0.1457,0.3391,0.6006,0.3155,0.4932,-0.4231,0.0,0.006,0.013,0.0,0.0,0.013,0.026,0.169,0.006,0.013,0.019,0.006,0.013,0.058,0.0,0.006,0.013,0.013,-0.0138,0.3022,-0.069,0.2025,0.224,0.25,0.1994,-0.2899,1.5447,-0.0046,0.2454,0.3037,0.1181,-0.2439,2.143,0.2638,0.0399,0.4249,-0.0651,-0.0691,0.2507,-0.1382,0.0045,0.1992,-0.105,0.2085,-0.1295,0.0416,-0.0582,0.1815,-0.086,0.2388,-0.2218,-0.1391,-0.0207,0.1073,0.7165,0.5256,0.2623,0.2366,-0.0519,-0.0314,0.7634,-0.7216,0.2713,0.7118,-0.5462,0.2389,0.2877,0.2598,0.0041,0.7007,-0.5134,0.1605,0.3096,0.624,0.3486,0.4964,-0.4351,0.0,0.0,1.4652,0.0,0.0,0.0,0.0,0.0,0.0,
9.0,run,10.12,10.77,6.43,16.32,-4.78,74.0,0.0,0.0,0.234,-1.32,17.05,-1.23,10.2,13.97,16.88,9.67,-13.71,87.63,0.26,14.06,20.04,5.62,-11.07,120.23,12.83,2.64,26.63,-1.68,15.46,4.32,7.42,14.44,21.25,6.3,-7.66,85.52,1.1,12.49,24.02,4.71,-5.81,115.83,9.89,2.01,30.22,-0.0479,0.7357,-0.6606,0.2121,0.717,-0.507,0.18,0.3543,0.2415,0.0313,0.6817,-0.4822,0.1344,0.3588,0.5763,0.2826,0.4911,-0.4092,0.0,0.006,0.013,0.0,0.0,0.013,0.026,0.169,0.006,0.013,0.019,0.006,0.013,0.058,0.0,0.006,0.013,0.013,-0.0169,0.2961,-0.046,0.1871,0.2301,0.2715,0.1856,-0.2654,1.5324,0.0,0.2408,0.3252,0.1089,-0.2194,2.12,0.247,0.0383,0.4418,-0.057,-0.0713,0.2615,-0.1541,0.0261,0.2198,-0.1251,0.2377,-0.1365,0.0463,-0.0579,0.2073,-0.0946,0.2589,-0.2412,-0.1605,-0.0202,0.1382,0.7671,0.5802,0.2602,0.2792,-0.07,-0.0429,0.7469,-0.6891,0.2398,0.7142,-0.5252,0.209,0.3227,0.248,0.0177,0.6896,-0.4973,0.1457,0.3391,0.6006,0.3155,0.4932,-0.4231,0.0,0.0,1.48,0.0,0.0,0.0,0.0,0.0,0.0,
9.04,run,10.56,11.36,10.97,13.25,-9.57,74.7,0.0,0.0,0.234,-1.67,16.17,0.18,9.58,13.89,18.19,8.79,-12.3,86.75,0.62,13.54,21.45,5.19,-9.76,119.0,11.78,2.55,27.69,-1.64,15.19,5.82,6.69,14.48,22.75,5.56,-6.16,85.71,1.47,12.36,25.07,4.53,-4.65,114.33,8.95,1.98,31.53,-0.0469,0.7308,-0.6388,0.191,0.7179,-0.4949,0.159,0.3776,0.2436,0.042,0.6792,-0.4697,0.1293,0.37,0.5543,0.2557,0.4905,-0.3938,0.0,0.006,0.026,0.013,0.013,0.013,0.033,0.195,0.0,0.0,0.013,0.006,0.006,0.071,0.013,0.013,0.006,0.013,-0.0245,0.2869,-0.0245,0.1825,0.2347,0.2915,0.1718,-0.2424,1.5186,0.0046,0.2362,0.3451,0.0997,-0.1963,2.0985,0.2301,0.0353,0.4602,-0.0687,-0.0844,0.2635,-0.1251,0.0355,0.2285,-0.1392,0.2526,-0.1473,0.0497,-0.0578,0.2198,-0.1007,0.2674,-0.2493,-0.1755,-0.0256,0.1657,0.7927,0.6344,0.1122,0.2849,-0.0835,-0.0479,0.7357,-0.6606,0.2121,0.717,-0.507,0.18,0.3543,0.2415,0.0313,0.6817,-0.4822,0.1344,0.3588,0.5763,0.2826,0.4911,-0.4092,0.0,0.0,1.4948,0.0,0.0,0.0,0.0,0.0,0.0,
9.08,run,11.1,11.98,13.62,15.42,-10.21,75.5,0.0,0.0,0.234,-1.85,15.91,1.49,8.53,13.89,19.51,7.82,-10.9,86.04,1.14,13.1,22.68,4.66,-8.44,117.6,10.63,2.55,28.83,-1.84,13.95,7.32,5.53,14.36,24.25,4.8,-4.66,84.95,2.1,11.75,26.4,4.16,-3.72,112.83,8.18,2.28,32.7,-0.0525,0.7082,-0.6039,0.1579,0.7157,-0.4703,0.1372,0.3963,0.2347,0.0599,0.6682,-0.4541,0.119,0.3869,0.5254,0.2336,0.4959,-0.38,0.0,0.006,0.026,0.013,0.013,0.013,0.033,0.195,0.0,0.0,0.013,0.006,0.006,0.071,0.013,0.013,0.006,0.013,-0.0307,0.2715,0.0,0.1718,0.2332,0.3145,0.1565,-0.2178,1.5033,0.0107,0.227,0.3697,0.092,-0.1733,2.077,0.2117,0.0337,0.4786,-0.0712,-0.1168,0.2769,-0.128,0.0191,0.2466,-0.1553,0.2693,-0.1609,0.0579,-0.0751,0.2463,-0.0994,0.2739,-0.2554,-0.1922,-0.0237,0.1853,0.8305,0.6857,0.1915,0.2312,-0.167,-0.0469,0.7308,-0.6388,0.191,0.7179,-0.4949,0.159,0.3776,0.2436,0.042,0.6792,-0.4697,0.1293,0.37,0.5543,0.2557,0.4905,-0.3938,0.0,0.0,1.5096,0.0,0.0,0.0,0.0,0.0,0.0,
9.22,tail,10.77,9.82,-2.6,-19.05,16.47,,0.0,0.0,0.234,-1.93,15.21,2.64,7.91,13.97,20.21,7.21,-14.24,85.52,1.49,12.92,25.22,4.57,-8.26,116.19,9.4,2.55,30.23,,,,,,,,,,,,,,,,,,,,,,,,,,,,,,,,,,,,,0.0,0.0,0.0,0.0,0.0,0.0,0.0,0.0,0.0,0.0,0.0,0.0,0.0,0.0,0.0,0.0,0.0,0.0,,,,,,,,,,,,,,,,,,,,,,,,,,,,,,,,,,,,,,,,,,,,,,,,,,,,,,,,,,,,,,,,,,,,,
9.32,tail,7.45,7.62,-26.02,-16.62,0.77,,0.0,0.0,0.234,-1.93,16.17,2.72,8.0,13.97,18.37,7.12,-28.83,85.61,1.49,12.92,26.19,4.57,-12.48,118.04,9.4,2.55,29.88,,,,,,,,,,,,,,,,,,,,,,,,,,,,,,,,,,,,,0.0,0.0,0.0,0.0,0.0,0.0,0.0,0.0,0.0,0.0,0.0,0.0,0.0,0.0,0.0,0.0,0.0,0.0,,,,,,,,,,,,,,,,,,,,,,,,,,,,,,,,,,,,,,,,,,,,,,,,,,,,,,,,,,,,,,,,,,,,,
9.42,tail,4.15,5.97,-27.44,-13.93,1.03,,0.0,0.0,0.234,-1.93,16.17,3.25,7.91,14.85,17.31,6.68,-41.92,85.61,1.49,12.92,26.19,4.57,-19.69,122.34,9.4,2.55,30.23,,,,,,,,,,,,,,,,,,,,,,,,,,,,,,,,,,,,,0.0,0.0,0.0,0.0,0.0,0.0,0.0,0.0,0.0,0.0,0.0,0.0,0.0,0.0,0.0,0.0,0.0,0.0,,,,,,,,,,,,,,,,,,,,,,,,,,,,,,,,,,,,,,,,,,,,,,,,,,,,,,,,,,,,,,,,,,,,,
9.52,tail,0.43,4.04,-31.11,-15.74,-2.12,,0.0,0.0,0.234,-1.93,16.17,3.52,7.82,14.94,17.31,6.59,-45.18,85.61,1.49,12.92,26.19,4.57,-29.88,128.5,9.4,2.55,30.23,,,,,,,,,,,,,,,,,,,,,,,,,,,,,,,,,,,,,0.0,0.0,0.0,0.0,0.0,0.0,0.0,0.0,0.0,0.0,0.0,0.0,0.0,0.0,0.0,0.0,0.0,0.0,,,,,,,,,,,,,,,,,,,,,,,,,,,,,,,,,,,,,,,,,,,,,,,,,,,,,,,,,,,,,,,,,,,,,
9.62,tail,-1.85,2.94,-18.88,-8.83,3.04,,0.0,0.0,0.234,-1.93,16.17,3.52,7.82,14.94,17.31,6.59,-45.18,85.61,1.58,12.04,25.93,4.57,-40.43,135.62,9.4,2.55,30.23,,,,,,,,,,,,,,,,,,,,,,,,,,,,,,,,,,,,,0.0,0.0,0.0,0.0,0.0,0.0,0.0,0.0,0.0,0.0,0.0,0.0,0.0,0.0,0.0,0.0,0.0,0.0,,,,,,,,,,,,,,,,,,,,,,,,,,,,,,,,,,,,,,,,,,,,,,,,,,,,,,,,,,,,,,,,,,,,,
9.72,tail,-1.79,2.94,0.13,-0.11,-0.1,,0.0,0.0,0.234,-1.93,16.17,3.52,7.82,14.94,17.31,6.86,-45.18,85.61,1.58,12.13,25.93,4.57,-44.38,135.35,9.23,2.55,30.23,,,,,,,,,,,,,,,,,,,,,,,,,,,,,,,,,,,,,0.0,0.0,0.0,0.0,0.0,0.0,0.0,0.0,0.0,0.0,0.0,0.0,0.0,0.0,0.0,0.0,0.0,0.0,,,,,,,,,,,,,,,,,,,,,,,,,,,,,,,,,,,,,,,,,,,,,,,,,,,,,,,,,,,,,,,,,,,,,
9.82,tail,-1.72,2.96,0.12,0.12,-0.17,,0.0,0.0,0.234,-1.93,16.17,3.52,7.82,14.94,17.31,6.86,-45.18,85.61,1.67,12.13,25.93,4.57,-43.95,135.09,9.23,2.55,30.23,,,,,,,,,,,,,,,,,,,,,,,,,,,,,,,,,,,,,0.0,0.0,0.0,0.0,0.0,0.0,0.0,0.0,0.0,0.0,0.0,0.0,0.0,0.0,0.0,0.0,0.0,0.0,,,,,,,,,,,,,,,,,,,,,,,,,,,,,,,,,,,,,,,,,,,,,,,,,,,,,,,,,,,,,,,,,,,,,
9.92,tail,-1.66,2.98,0.18,0.17,0.03,,0.0,0.0,0.234,-1.93,16.17,3.52,7.82,14.94,17.31,6.86,-45.18,85.61,1.67,12.13,25.93,4.57,-43.95,135.0,9.23,2.55,30.23,,,,,,,,,,,,,,,,,,,,,,,,,,,,,,,,,,,,,0.0,0.0,0.0,0.0,0.0,0.0,0.0,0.0,0.0,0.0,0.0,0.0,0.0,0.0,0.0,0.0,0.0,0.0,,,,,,,,,,,,,,,,,,,,,,,,,,,,,,,,,,,,,,,,,,,,,,,,,,,,,,,,,,,,,,,,,,,,,
10.02,tail,-1.64,2.96,-0.12,-0.13,-0.01,,0.0,0.0,0.234,-1.93,16.17,3.52,7.82,14.94,17.31,6.86,-45.18,85.61,1.67,12.13,25.93,4.57,-43.95,135.0,9.23,2.55,30.23,,,,,,,,,,,,,,,,,,,,,,,,,,,,,,,,,,,,,0.0,0.0,0.0,0.0,0.0,0.0,0.0,0.0,0.0,0.0,0.0,0.0,0.0,0.0,0.0,0.0,0.0,0.0,,,,,,,,,,,,,,,,,,,,,,,,,,,,,,,,,,,,,,,,,,,,,,,,,,,,,,,,,,,,,,,,,,,,,
10.12,tail,-1.58,2.97,0.2,0.13,-0.06,,0.0,0.0,0.234,-1.93,16.17,3.52,7.82,14.94,17.31,6.86,-45.18,85.61,1.67,12.13,25.93,4.57,-43.95,135.0,9.23,2.55,30.23,,,,,,,,,,,,,,,,,,,,,,,,,,,,,,,,,,,,,0.0,0.0,0.0,0.0,0.0,0.0,0.0,0.0,0.0,0.0,0.0,0.0,0.0,0.0,0.0,0.0,0.0,0.0,,,,,,,,,,,,,,,,,,,,,,,,,,,,,,,,,,,,,,,,,,,,,,,,,,,,,,,,,,,,,,,,,,,,,
10.22,tail,-1.55,2.97,-0.01,-0.03,-0.01,,0.0,0.0,0.234,-1.93,16.17,3.52,7.82,14.94,17.31,6.86,-45.18,85.61,1.67,12.13,25.93,4.57,-43.95,135.0,9.23,2.55,30.23,,,,,,,,,,,,,,,,,,,,,,,,,,,,,,,,,,,,,0.0,0.0,0.0,0.0,0.0,0.0,0.0,0.0,0.0,0.0,0.0,0.0,0.006,0.0,0.0,0.0,0.0,0.0,,,,,,,,,,,,,,,,,,,,,,,,,,,,,,,,,,,,,,,,,,,,,,,,,,,,,,,,,,,,,,,,,,,,,
10.32,tail,-1.51,2.97,-0.01,0.04,-0.05,,0.0,0.0,0.234,-1.93,16.17,3.52,7.82,14.94,17.31,6.86,-45.18,85.61,1.67,12.13,25.93,4.57,-43.95,135.0,9.23,2.55,30.23,,,,,,,,,,,,,,,,,,,,,,,,,,,,,,,,,,,,,0.0,0.0,0.0,0.0,0.0,0.0,0.0,0.0,0.0,0.0,0.0,0.0,0.0,0.0,0.0,0.0,0.0,0.0,,,,,,,,,,,,,,,,,,,,,,,,,,,,,,,,,,,,,,,,,,,,,,,,,,,,,,,,,,,,,,,,,,,,,
10.42,tail,-1.48,2.96,-0.01,-0.06,-0.08,,0.0,0.0,0.234,-1.93,16.17,3.52,7.82,14.94,17.31,6.86,-45.18,85.61,1.67,12.13,25.93,4.57,-43.95,135.0,9.23,2.55,30.23,,,,,,,,,,,,,,,,,,,,,,,,,,,,,,,,,,,,,0.0,0.0,0.0,0.0,0.0,0.0,0.0,0.0,0.0,0.0,0.0,0.0,0.0,0.0,0.0,0.0,0.0,0.0,,,,,,,,,,,,,,,,,,,,,,,,,,,,,,,,,,,,,,,,,,,,,,,,,,,,,,,,,,,,,,,,,,,,,
10.52,tail,-1.45,2.96,-0.01,0.03,-0.04,,0.0,0.0,0.234,-1.93,16.17,3.52,7.82,14.94,17.31,6.86,-45.18,85.61,1.67,12.13,25.93,4.57,-43.95,135.0,9.23,2.55,30.23,,,,,,,,,,,,,,,,,,,,,,,,,,,,,,,,,,,,,0.0,0.0,0.0,0.0,0.0,0.0,0.0,0.0,0.0,0.0,0.0,0.0,0.0,0.0,0.0,0.0,0.0,0.0,,,,,,,,,,,,,,,,,,,,,,,,,,,,,,,,,,,,,,,,,,,,,,,,,,,,,,,,,,,,,,,,,,,,,
10.62,tail,-1.41,2.96,0.07,0.02,-0.04,,0.0,0.0,0.234,-1.93,16.17,3.52,7.82,14.94,17.31,6.86,-45.18,85.61,1.67,12.13,25.93,4.57,-43.95,135.0,9.23,2.55,30.23,,,,,,,,,,,,,,,,,,,,,,,,,,,,,,,,,,,,,0.0,0.0,0.0,0.0,0.0,0.0,0.0,0.0,0.0,0.0,0.0,0.0,0.0,0.0,0.0,0.0,0.0,0.0,,,,,,,,,,,,,,,,,,,,,,,,,,,,,,,,,,,,,,,,,,,,,,,,,,,,,,,,,,,,,,,,,,,,,
10.72,tail,-1.38,2.96,-0.03,0.03,0.03,,0.0,0.0,0.234,-1.93,16.17,3.52,7.82,14.94,17.31,6.86,-45.18,85.61,1.67,12.13,25.93,4.57,-43.95,135.0,9.23,2.55,30.23,,,,,,,,,,,,,,,,,,,,,,,,,,,,,,,,,,,,,0.0,0.0,0.0,0.0,0.0,0.0,0.0,0.0,0.0,0.0,0.0,0.0,0.0,0.0,0.0,0.0,0.0,0.0,,,,,,,,,,,,,,,,,,,,,,,,,,,,,,,,,,,,,,,,,,,,,,,,,,,,,,,,,,,,,,,,,,,,,
10.82,tail,-1.35,2.96,0.02,-0.03,-0.1,,0.0,0.0,0.234,-1.93,16.17,3.52,7.82,14.94,17.31,6.86,-45.18,85.61,1.67,12.13,25.93,4.57,-43.95,135.0,9.23,2.55,30.23,,,,,,,,,,,,,,,,,,,,,,,,,,,,,,,,,,,,,0.0,0.0,0.0,0.0,0.0,0.0,0.0,0.0,0.0,0.0,0.0,0.0,0.0,0.0,0.0,0.0,0.0,0.0,,,,,,,,,,,,,,,,,,,,,,,,,,,,,,,,,,,,,,,,,,,,,,,,,,,,,,,,,,,,,,,,,,,,,
10.92,tail,-1.31,2.95,0.04,-0.06,-0.07,,0.0,0.0,0.234,-1.93,16.17,3.52,7.82,14.94,17.31,6.86,-45.18,85.61,1.67,12.13,25.93,4.57,-43.95,135.0,9.23,2.55,30.23,,,,,,,,,,,,,,,,,,,,,,,,,,,,,,,,,,,,,0.0,0.0,0.0,0.0,0.0,0.0,0.0,0.0,0.0,0.0,0.0,0.0,0.0,0.0,0.0,0.0,0.0,0.0,,,,,,,,,,,,,,,,,,,,,,,,,,,,,,,,,,,,,,,,,,,,,,,,,,,,,,,,,,,,,,,,,,,,,
11.02,tail,-1.28,2.95,0.03,0.03,-0.05,,0.0,0.0,0.234,-1.93,16.17,3.52,7.82,14.94,17.31,6.86,-45.18,85.61,1.67,12.13,25.93,4.57,-43.95,135.0,9.23,2.55,30.23,,,,,,,,,,,,,,,,,,,,,,,,,,,,,,,,,,,,,0.0,0.0,0.0,0.0,0.0,0.0,0.0,0.0,0.0,0.0,0.0,0.0,0.0,0.0,0.0,0.0,0.0,0.0,,,,,,,,,,,,,,,,,,,,,,,,,,,,,,,,,,,,,,,,,,,,,,,,,,,,,,,,,,,,,,,,,,,,,
11.12,tail,-1.25,2.95,0.03,0.03,-0.07,,0.0,0.0,0.234,-1.93,16.17,3.52,7.82,14.94,17.31,6.86,-45.18,85.61,1.67,12.13,25.93,4.57,-43.95,135.0,9.23,2.55,30.23,,,,,,,,,,,,,,,,,,,,,,,,,,,,,,,,,,,,,0.006,0.0,0.0,0.0,0.0,0.0,0.0,0.0,0.0,0.0,0.0,0.0,0.0,0.0,0.0,0.0,0.0,0.0,,,,,,,,,,,,,,,,,,,,,,,,,,,,,,,,,,,,,,,,,,,,,,,,,,,,,,,,,,,,,,,,,,,,,
11.22,tail,-1.22,2.95,0.03,0.02,-0.02,,0.0,0.0,0.234,-1.93,16.17,3.52,7.82,14.94,17.31,6.86,-45.18,85.61,1.67,12.13,25.93,4.57,-43.95,135.0,9.23,2.55,30.23,,,,,,,,,,,,,,,,,,,,,,,,,,,,,,,,,,,,,0.0,0.0,0.0,0.0,0.0,0.0,0.0,0.0,0.0,0.0,0.0,0.0,0.0,0.0,0.0,0.0,0.0,0.0,,,,,,,,,,,,,,,,,,,,,,,,,,,,,,,,,,,,,,,,,,,,,,,,,,,,,,,,,,,,,,,,,,,,,
11.32,tail,-1.18,2.95,0.07,0.03,-0.04,,0.0,0.0,0.234,-1.93,16.17,3.52,7.82,14.94,17.31,6.86,-45.18,85.61,1.67,12.13,25.93,4.57,-43.95,135.0,9.23,2.55,30.23,,,,,,,,,,,,,,,,,,,,,,,,,,,,,,,,,,,,,0.0,0.0,0.0,0.0,0.0,0.0,0.0,0.0,0.0,0.0,0.0,0.0,0.0,0.0,0.0,0.0,0.0,0.0,,,,,,,,,,,,,,,,,,,,,,,,,,,,,,,,,,,,,,,,,,,,,,,,,,,,,,,,,,,,,,,,,,,,,
11.42,tail,-1.15,2.94,0.02,0.0,-0.03,,0.0,0.0,0.234,-1.93,16.17,3.52,7.82,14.94,17.31,6.86,-45.18,85.61,1.67,12.13,25.93,4.57,-43.95,135.0,9.23,2.55,30.23,,,,,,,,,,,,,,,,,,,,,,,,,,,,,,,,,,,,,0.0,0.0,0.0,0.0,0.0,0.0,0.0,0.0,0.0,0.0,0.0,0.0,0.0,0.0,0.0,0.0,0.0,0.0,,,,,,,,,,,,,,,,,,,,,,,,,,,,,,,,,,,,,,,,,,,,,,,,,,,,,,,,,,,,,,,,,,,,,
11.52,tail,-1.12,2.94,0.0,-0.02,-0.07,,0.0,0.0,0.234,-1.93,16.17,3.52,7.82,14.94,17.31,6.86,-45.18,85.61,1.67,12.13,25.93,4.57,-43.95,135.0,9.23,2.55,30.23,,,,,,,,,,,,,,,,,,,,,,,,,,,,,,,,,,,,,0.0,0.0,0.0,0.0,0.0,0.0,0.0,0.0,0.0,0.0,0.0,0.0,0.0,0.0,0.0,0.0,0.0,0.0,,,,,,,,,,,,,,,,,,,,,,,,,,,,,,,,,,,,,,,,,,,,,,,,,,,,,,,,,,,,,,,,,,,,,
11.62,tail,-1.09,2.94,0.06,0.0,-0.02,,0.0,0.0,0.234,-1.93,16.17,3.52,7.82,14.94,17.31,6.86,-45.18,85.61,1.67,12.13,25.93,4.57,-43.95,135.0,9.23,2.55,30.23,,,,,,,,,,,,,,,,,,,,,,,,,,,,,,,,,,,,,0.0,0.0,0.0,0.0,0.0,0.0,0.0,0.0,0.0,0.0,0.0,0.0,0.0,0.0,0.0,0.0,0.0,0.0,,,,,,,,,,,,,,,,,,,,,,,,,,,,,,,,,,,,,,,,,,,,,,,,,,,,,,,,,,,,,,,,,,,,,
11.72,tail,-1.05,2.94,0.09,0.05,-0.12,,0.0,0.0,0.234,-1.93,16.17,3.52,7.82,14.94,17.31,6.86,-45.18,85.61,1.67,12.13,25.93,4.57,-43.95,135.0,9.23,2.55,30.23,,,,,,,,,,,,,,,,,,,,,,,,,,,,,,,,,,,,,0.0,0.0,0.0,0.0,0.0,0.0,0.0,0.0,0.0,0.0,0.0,0.0,0.0,0.0,0.0,0.0,0.0,0.0,,,,,,,,,,,,,,,,,,,,,,,,,,,,,,,,,,,,,,,,,,,,,,,,,,,,,,,,,,,,,,,,,,,,,
11.82,tail,-1.02,2.94,0.06,-0.0,-0.01,,0.0,0.0,0.234,-1.93,16.17,3.52,7.82,14.94,17.31,6.86,-45.18,85.61,1.67,12.22,25.93,4.57,-43.95,135.0,9.23,2.55,30.23,,,,,,,,,,,,,,,,,,,,,,,,,,,,,,,,,,,,,0.0,0.0,0.0,0.0,0.0,0.0,0.0,0.0,0.0,0.0,0.0,0.0,0.0,0.0,0.0,0.0,0.0,0.0,,,,,,,,,,,,,,,,,,,,,,,,,,,,,,,,,,,,,,,,,,,,,,,,,,,,,,,,,,,,,,,,,,,,,
11.92,tail,-1.0,2.94,-0.04,0.02,-0.04,,0.0,0.0,0.234,-1.93,16.17,3.52,7.82,14.94,17.31,6.86,-45.18,85.61,1.67,12.22,25.93,4.57,-43.95,135.0,9.23,2.55,30.23,,,,,,,,,,,,,,,,,,,,,,,,,,,,,,,,,,,,,0.0,0.0,0.0,0.0,0.0,0.0,0.0,0.0,0.0,0.0,0.0,0.0,0.0,0.0,0.0,0.0,0.0,0.0,,,,,,,,,,,,,,,,,,,,,,,,,,,,,,,,,,,,,,,,,,,,,,,,,,,,,,,,,,,,,,,,,,,,,
12.02,tail,-0.98,2.94,-0.01,0.04,-0.05,,0.0,0.0,0.234,-1.93,16.17,3.52,7.82,14.94,17.31,6.86,-45.18,85.61,1.67,12.22,25.93,4.57,-43.95,135.0,9.23,2.55,30.23,,,,,,,,,,,,,,,,,,,,,,,,,,,,,,,,,,,,,0.0,0.0,0.0,0.0,0.0,0.0,0.0,0.0,0.0,0.0,0.0,0.0,0.006,0.0,0.0,0.0,0.0,0.0,,,,,,,,,,,,,,,,,,,,,,,,,,,,,,,,,,,,,,,,,,,,,,,,,,,,,,,,,,,,,,,,,,,,,
12.12,tail,-0.96,2.94,-0.03,0.02,-0.06,,0.0,0.0,0.234,-1.93,16.17,3.52,7.82,14.94,17.31,6.86,-45.18,85.61,1.67,12.22,25.93,4.57,-43.95,135.0,9.23,2.55,30.23,,,,,,,,,,,,,,,,,,,,,,,,,,,,,,,,,,,,,0.0,0.0,0.0,0.0,0.0,0.0,0.0,0.0,0.0,0.0,0.0,0.0,0.0,0.0,0.0,0.0,0.0,0.0,,,,,,,,,,,,,,,,,,,,,,,,,,,,,,,,,,,,,,,,,,,,,,,,,,,,,,,,,,,,,,,,,,,,,
